context,gene,act_policy_pfi_mean,act_policy_pfi_sd,act_policy_pfi_se,act_selection_score,act_positive_fraction,act_cindex_pfi_mean,act_split_use_fraction
repeat_1_fold_1,A1CF,0.0,0.0,0.0,0.0,0.0,0.0,0.0
repeat_1_fold_1,A2M,0.0,0.0,0.0,0.0,0.0,0.0,0.0
repeat_1_fold_1,A4GALT,0.0,0.0,0.0,0.0,0.0,0.0,0.0
repeat_1_fold_1,A4GNT,0.0,0.0,0.0,0.0,0.0,0.0,0.0
repeat_1_fold_1,AAAS,0.0,0.0,0.0,0.0,0.0,0.0,0.0
repeat_1_fold_1,AACS,0.0,0.0,0.0,0.0,0.0,0.0,0.0
repeat_1_fold_1,AADAC,0.0,0.0,0.0,0.0,0.0,0.0,0.0
repeat_1_fold_1,AAK1,0.0,0.0,0.0,0.0,0.0,0.0,0.0
repeat_1_fold_1,AAMP,0.0,0.0,0.0,0.0,0.0,0.0,0.0
repeat_1_fold_1,AANAT,0.0,0.0,0.0,0.0,0.0,0.0,0.0
repeat_1_fold_1,AARS1,0.0,0.0,0.0,0.0,0.0,-0.000444839857651258,0.5
repeat_1_fold_1,AASDHPPT,0.0,0.0,0.0,0.0,0.0,0.0,0.0
repeat_1_fold_1,AASS,0.0,0.0,0.0,0.0,0.0,0.0,0.0
repeat_1_fold_1,AATF,0.0,0.0,0.0,0.0,0.0,0.0,0.0
repeat_1_fold_1,ABAT,0.0,0.0,0.0,0.0,0.0,0.0,0.0
repeat_1_fold_1,ABCA1,0.0,0.0,0.0,0.0,0.0,0.0,0.0
repeat_1_fold_1,ABCA12,0.0,0.0,0.0,0.0,0.0,0.0,0.0
repeat_1_fold_1,ABCA2,0.0,0.0,0.0,0.0,0.0,0.0,0.0
repeat_1_fold_1,ABCA3,0.0,0.0,0.0,0.0,0.0,0.0,0.0
repeat_1_fold_1,ABCA4,0.0,0.0,0.0,0.0,0.0,0.0,0.0
repeat_1_fold_1,ABCA5,0.0,0.0,0.0,0.0,0.0,0.0,0.0
repeat_1_fold_1,ABCA6,0.0,0.0,0.0,0.0,0.0,0.0,0.5
repeat_1_fold_1,ABCA7,0.0,0.0,0.0,0.0,0.0,0.0,0.0
repeat_1_fold_1,ABCA8,0.0,0.0,0.0,0.0,0.0,0.0,0.0
repeat_1_fold_1,ABCB1,0.0,0.0,0.0,0.0,0.0,0.0,0.0
repeat_1_fold_1,ABCB11,0.0,0.0,0.0,0.0,0.0,0.0,0.0
repeat_1_fold_1,ABCB4,0.0,0.0,0.0,0.0,0.0,0.0,0.0
repeat_1_fold_1,ABCB6,0.0,0.0,0.0,0.0,0.0,0.0,0.0
repeat_1_fold_1,ABCB7,-0.027704088933360183,0.21566882905568915,0.10783441452784458,-0.13553850346120477,0.25,0.0017793594306050042,0.5
repeat_1_fold_1,ABCB8,0.0,0.0,0.0,0.0,0.0,0.0,0.0
repeat_1_fold_1,ABCB9,0.0,0.0,0.0,0.0,0.0,0.0,0.0
repeat_1_fold_1,ABCC1,0.0,0.0,0.0,0.0,0.0,0.0,0.0
repeat_1_fold_1,ABCC10,0.0,0.0,0.0,0.0,0.0,0.0,0.0
repeat_1_fold_1,ABCC2,0.0,0.0,0.0,0.0,0.0,0.0,0.0
repeat_1_fold_1,ABCC3,0.0,0.0,0.0,0.0,0.0,0.0,0.0
repeat_1_fold_1,ABCC4,0.0,0.0,0.0,0.0,0.0,0.0,0.0
repeat_1_fold_1,ABCC5,0.0,0.0,0.0,0.0,0.0,0.0,0.0
repeat_1_fold_1,ABCC6,-0.24329444185863736,0.27787751947538236,0.13893875973769118,-0.38223320159632856,0.25,0.0021566241027316524,1.0
repeat_1_fold_1,ABCC8,0.0,0.0,0.0,0.0,0.0,0.0,0.0
repeat_1_fold_1,ABCC9,0.0,0.0,0.0,0.0,0.0,0.0,0.0
repeat_1_fold_1,ABCD1,0.0,0.0,0.0,0.0,0.0,0.0,0.0
repeat_1_fold_1,ABCD2,0.0,0.0,0.0,0.0,0.0,0.0,0.0
repeat_1_fold_1,ABCD3,0.0,0.0,0.0,0.0,0.0,0.0,0.0
repeat_1_fold_1,ABCD4,0.0,0.0,0.0,0.0,0.0,0.0,0.0
repeat_1_fold_1,ABCE1,0.0,0.0,0.0,0.0,0.0,0.0,0.0
repeat_1_fold_1,ABCF1,0.0,0.0,0.0,0.0,0.0,0.0,0.0
repeat_1_fold_1,ABCF2,0.0,0.0,0.0,0.0,0.0,0.0,0.0
repeat_1_fold_1,ABCG2,0.0,0.0,0.0,0.0,0.0,0.0,0.0
repeat_1_fold_1,ABCG4,0.0,0.0,0.0,0.0,0.0,0.0,0.0
repeat_1_fold_1,ABCG5,0.0,0.0,0.0,0.0,0.0,0.0,0.0
repeat_1_fold_1,ABHD10,0.0,0.0,0.0,0.0,0.0,0.0,0.0
repeat_1_fold_1,ABHD17A,0.0,0.0,0.0,0.0,0.0,0.0,0.0
repeat_1_fold_1,ABHD17B,0.0,0.0,0.0,0.0,0.0,0.0,0.0
repeat_1_fold_1,ABHD3,0.0,0.0,0.0,0.0,0.0,0.0,0.0
repeat_1_fold_1,ABHD4,0.0,0.0,0.0,0.0,0.0,0.0,0.0
repeat_1_fold_1,ABHD5,0.0,0.0,0.0,0.0,0.0,0.0,0.0
repeat_1_fold_1,ABI1,0.0,0.0,0.0,0.0,0.0,0.0,0.0
repeat_1_fold_1,ABI2,0.0,0.0,0.0,0.0,0.0,0.0,0.0
repeat_1_fold_1,ABL1,0.0,0.0,0.0,0.0,0.0,0.0,0.0
repeat_1_fold_1,ABL2,0.0,0.0,0.0,0.0,0.0,0.0,0.0
repeat_1_fold_1,ABLIM1,0.0,0.0,0.0,0.0,0.0,0.0,0.0
repeat_1_fold_1,ABLIM3,-0.3935919181209844,0.5256455307627742,0.2628227653813871,-0.6564146835023714,0.0,-0.0008896797153024882,0.5
repeat_1_fold_1,ABR,0.0,0.0,0.0,0.0,0.0,0.0,0.0
repeat_1_fold_1,ABRAXAS2,0.0,0.0,0.0,0.0,0.0,0.0,0.0
repeat_1_fold_1,ACAA1,0.0,0.0,0.0,0.0,0.0,0.0,0.0
repeat_1_fold_1,ACAA2,0.0,0.0,0.0,0.0,0.0,0.0,0.0
repeat_1_fold_1,ACACA,0.0,0.0,0.0,0.0,0.0,0.0,0.0
repeat_1_fold_1,ACAD10,0.0,0.0,0.0,0.0,0.0,0.0,0.0
repeat_1_fold_1,ACAD8,0.0,0.0,0.0,0.0,0.0,0.0,0.0
repeat_1_fold_1,ACADL,0.0,0.0,0.0,0.0,0.0,0.0,0.0
repeat_1_fold_1,ACADM,0.0,0.0,0.0,0.0,0.0,0.0,0.0
repeat_1_fold_1,ACADS,0.0,0.0,0.0,0.0,0.0,0.0,0.0
repeat_1_fold_1,ACADSB,0.0,0.0,0.0,0.0,0.0,0.0,0.0
repeat_1_fold_1,ACADVL,0.0,0.0,0.0,0.0,0.0,0.0,0.0
repeat_1_fold_1,ACAN,0.0,0.0,0.0,0.0,0.0,0.0,0.0
repeat_1_fold_1,ACAT1,0.0,0.0,0.0,0.0,0.0,0.0,0.0
repeat_1_fold_1,ACAT2,0.0,0.0,0.0,0.0,0.0,0.0,0.0
repeat_1_fold_1,ACBD3,0.0,0.0,0.0,0.0,0.0,0.0,0.0
repeat_1_fold_1,ACBD4,0.0,0.0,0.0,0.0,0.0,0.0,0.0
repeat_1_fold_1,ACD,0.0,0.0,0.0,0.0,0.0,0.0,0.0
repeat_1_fold_1,ACE,0.0,0.0,0.0,0.0,0.0,0.0,0.0
repeat_1_fold_1,ACE2,0.0,0.0,0.0,0.0,0.0,0.0,0.0
repeat_1_fold_1,ACHE,0.0,0.0,0.0,0.0,0.0,0.0,0.0
repeat_1_fold_1,ACIN1,0.0,0.0,0.0,0.0,0.0,0.0,0.0
repeat_1_fold_1,ACKR1,0.0,0.0,0.0,0.0,0.0,0.0,0.0
repeat_1_fold_1,ACKR2,0.0,0.0,0.0,0.0,0.0,0.0,0.0
repeat_1_fold_1,ACKR3,0.0,0.0,0.0,0.0,0.0,0.0,0.0
repeat_1_fold_1,ACKR4,0.0,0.0,0.0,0.0,0.0,0.0,0.0
repeat_1_fold_1,ACO1,0.0,0.0,0.0,0.0,0.0,0.0,0.0
repeat_1_fold_1,ACO2,0.0,0.0,0.0,0.0,0.0,0.0,0.0
repeat_1_fold_1,ACOT11,0.0,0.0,0.0,0.0,0.0,0.0,0.0
repeat_1_fold_1,ACOT2,0.0,0.0,0.0,0.0,0.0,0.0,0.0
repeat_1_fold_1,ACOT7,0.0,0.0,0.0,0.0,0.0,0.0,0.0
repeat_1_fold_1,ACOT8,0.0,0.0,0.0,0.0,0.0,0.0,0.0
repeat_1_fold_1,ACOT9,0.0,0.0,0.0,0.0,0.0,0.0,0.0
repeat_1_fold_1,ACOX1,0.0,0.0,0.0,0.0,0.0,0.0,0.0
repeat_1_fold_1,ACOX2,0.0,0.0,0.0,0.0,0.0,0.0,0.0
repeat_1_fold_1,ACOX3,0.0,0.0,0.0,0.0,0.0,0.0,0.0
repeat_1_fold_1,ACOXL,0.0,0.0,0.0,0.0,0.0,0.0,0.0
repeat_1_fold_1,ACP3,0.0,0.0,0.0,0.0,0.0,0.0,0.0
repeat_1_fold_1,ACP5,0.0,0.0,0.0,0.0,0.0,0.0,0.0
repeat_1_fold_1,ACP6,0.0,0.0,0.0,0.0,0.0,0.0,0.0
repeat_1_fold_1,ACR,0.0,0.0,0.0,0.0,0.0,0.0,0.0
repeat_1_fold_1,ACSBG1,0.0,0.0,0.0,0.0,0.0,0.0,0.0
repeat_1_fold_1,ACSBG2,0.0,0.0,0.0,0.0,0.0,0.0,0.0
repeat_1_fold_1,ACSF2,0.0,0.0,0.0,0.0,0.0,0.0,0.0
repeat_1_fold_1,ACSL1,0.0,0.0,0.0,0.0,0.0,0.0,0.0
repeat_1_fold_1,ACSL3,0.05215911836842402,0.06577082963291624,0.03288541481645812,0.0192737035519659,0.5,0.001320064987814784,0.5
repeat_1_fold_1,ACSL4,0.0,0.0,0.0,0.0,0.0,0.0,0.0
repeat_1_fold_1,ACSL5,0.0,0.0,0.0,0.0,0.0,0.0,0.0
repeat_1_fold_1,ACSL6,0.0,0.0,0.0,0.0,0.0,0.0,0.0
repeat_1_fold_1,ACSM1,0.0,0.0,0.0,0.0,0.0,0.0,0.0
repeat_1_fold_1,ACSM2A,0.0,0.0,0.0,0.0,0.0,0.0,0.0
repeat_1_fold_1,ACSM3,0.0,0.0,0.0,0.0,0.0,0.0,0.0
repeat_1_fold_1,ACSM5,0.0,0.0,0.0,0.0,0.0,0.0,0.0
repeat_1_fold_1,ACSS3,0.0,0.0,0.0,0.0,0.0,0.0,0.0
repeat_1_fold_1,ACTA1,0.0,0.0,0.0,0.0,0.0,0.0,0.0
repeat_1_fold_1,ACTA2,0.0,0.0,0.0,0.0,0.0,0.0,0.0
repeat_1_fold_1,ACTB,0.0,0.0,0.0,0.0,0.0,0.0,0.0
repeat_1_fold_1,ACTC1,0.0,0.0,0.0,0.0,0.0,0.0,0.0
repeat_1_fold_1,ACTG1,0.0,0.0,0.0,0.0,0.0,0.0,0.0
repeat_1_fold_1,ACTG2,0.0,0.0,0.0,0.0,0.0,0.0,0.0
repeat_1_fold_1,ACTL6A,0.0,0.0,0.0,0.0,0.0,0.0,0.0
repeat_1_fold_1,ACTL6B,0.0,0.0,0.0,0.0,0.0,0.0,0.0
repeat_1_fold_1,ACTN2,0.0,0.0,0.0,0.0,0.0,0.0,0.0
repeat_1_fold_1,ACTN3,0.0,0.0,0.0,0.0,0.0,0.0,0.0
repeat_1_fold_1,ACTN4,0.0,0.0,0.0,0.0,0.0,0.0,0.0
repeat_1_fold_1,ACTR10,0.0,0.0,0.0,0.0,0.0,0.0,0.0
repeat_1_fold_1,ACTR2,0.0,0.0,0.0,0.0,0.0,0.0,0.0
repeat_1_fold_1,ACTR3,0.0,0.0,0.0,0.0,0.0,0.0,0.0
repeat_1_fold_1,ACVR1B,0.0,0.0,0.0,0.0,0.0,0.0,0.0
repeat_1_fold_1,ACVR2B,0.0,0.0,0.0,0.0,0.0,0.0,0.0
repeat_1_fold_1,ADA,0.0,0.0,0.0,0.0,0.0,0.0,0.0
repeat_1_fold_1,ADAM15,-0.15184752968264448,0.17750639222267492,0.08875319611133746,-0.24060072579398195,0.0,0.000444839857651258,0.5
repeat_1_fold_1,ADAMTS5,0.0,0.0,0.0,0.0,0.0,0.0,0.0
repeat_1_fold_1,ADCY9,-0.05991731145893908,0.0825286813153755,0.04126434065768775,-0.10118165211662683,0.0,0.0024370430544273236,0.5
repeat_1_fold_1,ADCYAP1,0.0,0.0,0.0,0.0,0.0,0.0,0.0
repeat_1_fold_1,ADGRF5,-0.8474480263434518,0.8810153337659079,0.44050766688295395,-1.2879556932264058,0.0,0.004830541671123512,1.0
repeat_1_fold_1,ADH1C,0.0,0.0,0.0,0.0,0.0,0.0,0.0
repeat_1_fold_1,ADH5,0.0,0.0,0.0,0.0,0.0,0.0,0.0
repeat_1_fold_1,ADI1,0.0,0.0,0.0,0.0,0.0,0.0,0.0
repeat_1_fold_1,ADRA1B,0.006619705859568725,0.10108167511480284,0.05054083755740142,-0.0439211316978327,0.25,0.0005077173030056947,0.5
repeat_1_fold_1,AGER,0.0,0.0,0.0,0.0,0.0,0.0,0.0
repeat_1_fold_1,AGK,0.0,0.0,0.0,0.0,0.0,0.0,0.0
repeat_1_fold_1,AGTR1,0.0,0.0,0.0,0.0,0.0,0.0,0.0
repeat_1_fold_1,AK4,-0.03768810487695973,0.07537620975391945,0.03768810487695973,-0.07537620975391945,0.0,-0.000222419928825629,0.5
repeat_1_fold_1,AKR1C4,0.0,0.0,0.0,0.0,0.0,0.0,0.0
repeat_1_fold_1,AKR7A3,0.0,0.0,0.0,0.0,0.0,0.0,0.0
repeat_1_fold_1,ALDH1A2,0.0,0.0,0.0,0.0,0.0,0.0,0.0
repeat_1_fold_1,ALG9,0.0,0.0,0.0,0.0,0.0,0.0,0.0
repeat_1_fold_1,ALOX12,0.0,0.0,0.0,0.0,0.0,0.0,0.0
repeat_1_fold_1,ALPP,0.0,0.0,0.0,0.0,0.0,0.0,0.0
repeat_1_fold_1,AMPD3,0.0,0.0,0.0,0.0,0.0,0.0,0.0
repeat_1_fold_1,ANKFY1,-0.07537620975391945,0.0870369499838382,0.0435184749919191,-0.11889468474583856,0.0,0.000222419928825629,0.5
repeat_1_fold_1,ANKRD26,0.1563929321439037,0.20909364678302753,0.10454682339151376,0.051846108752389944,0.5,0.003147847278635263,0.5
repeat_1_fold_1,ANKRD28,0.0,0.0,0.0,0.0,0.0,0.0,0.0
repeat_1_fold_1,ANOS1,-0.020342385679963826,0.04068477135992765,0.020342385679963826,-0.04068477135992765,0.0,0.0027416734362306905,0.5
repeat_1_fold_1,ANPEP,-0.3274483385407425,0.3816285722424258,0.1908142861212129,-0.5182626246619554,0.0,-0.003558718861209953,0.5
repeat_1_fold_1,AP2A2,0.0,0.0,0.0,0.0,0.0,0.0,0.0
repeat_1_fold_1,AP4M1,-0.0004934735369737098,0.09163856286132367,0.045819281430661836,-0.046312754967635546,0.25,0.0033362989323843517,0.5
repeat_1_fold_1,APCS,0.0,0.0,0.0,0.0,0.0,0.0,0.0
repeat_1_fold_1,APLP2,0.0,0.0,0.0,0.0,0.0,0.0,0.0
repeat_1_fold_1,APOA2,0.0,0.0,0.0,0.0,0.0,0.0,0.0
repeat_1_fold_1,AQP8,0.0,0.0,0.0,0.0,0.0,0.0,0.0
repeat_1_fold_1,AREG,0.0,0.0,0.0,0.0,0.0,0.002640129975629568,0.5
repeat_1_fold_1,ARHGAP45,0.03389030150552763,0.09964288683406727,0.04982144341703364,-0.015931141911506005,0.25,0.0037811387900356097,0.5
repeat_1_fold_1,ARHGAP5,0.0,0.0,0.0,0.0,0.0,0.0,0.0
repeat_1_fold_1,ARHGDIB,-0.15887466583475707,0.20595018827293396,0.10297509413646698,-0.26184975997122406,0.0,0.000444839857651258,0.5
repeat_1_fold_1,ARL1,0.0,0.0,0.0,0.0,0.0,0.0,0.0
repeat_1_fold_1,ARL2BP,0.0,0.0,0.0,0.0,0.0,0.0,0.0
repeat_1_fold_1,ARPC1A,-0.16613813263257526,0.19183979119615815,0.09591989559807908,-0.2620580282306543,0.0,-0.00044483985765123024,0.5
repeat_1_fold_1,ART4,0.0,0.0,0.0,0.0,0.0,0.0,0.0
repeat_1_fold_1,ASF1A,0.0,0.0,0.0,0.0,0.0,0.0,0.0
repeat_1_fold_1,ASH2L,0.0,0.0,0.0,0.0,0.0,0.0,0.0
repeat_1_fold_1,ASPA,-0.0551026899030056,0.06362710569714551,0.031813552848572756,-0.08691624275157836,0.0,0.0,0.5
repeat_1_fold_1,ATG5,0.0,0.0,0.0,0.0,0.0,0.0,0.0
repeat_1_fold_1,ATP13A1,0.0,0.0,0.0,0.0,0.0,-0.0003626294046734646,1.0
repeat_1_fold_1,ATP1A1,-0.055186940624675884,0.06898672635120168,0.03449336317560084,-0.08968030380027672,0.0,0.00020308692120227234,0.5
repeat_1_fold_1,ATP1B4,0.0,0.0,0.0,0.0,0.0,0.0,0.0
repeat_1_fold_1,ATP2A3,0.0,0.0,0.0,0.0,0.0,-0.0010154346060113617,0.5
repeat_1_fold_1,ATP5F1A,0.0,0.0,0.0,0.0,0.0,0.0,0.0
repeat_1_fold_1,ATP5MC3,0.0,0.0,0.0,0.0,0.0,-0.0008123476848090894,0.5
repeat_1_fold_1,ATP5ME,0.0,0.0,0.0,0.0,0.0,0.0,0.0
repeat_1_fold_1,ATP6V1A,0.0,0.0,0.0,0.0,0.0,-0.0006672597864768592,0.5
repeat_1_fold_1,ATP6V1D,0.0,0.0,0.0,0.0,0.0,0.0,0.0
repeat_1_fold_1,ATP6V1H,0.0,0.0,0.0,0.0,0.0,0.0,0.0
repeat_1_fold_1,ATP7B,-0.08612278100092396,0.058654767554478966,0.029327383777239483,-0.11545016477816344,0.0,0.0030994244184197883,1.0
repeat_1_fold_1,ATP9A,-0.05235568308997074,0.07542691642094991,0.037713458210474955,-0.09006914130044569,0.0,0.000667259786476887,0.5
repeat_1_fold_1,AURKB,0.0,0.0,0.0,0.0,0.0,0.0,0.0
repeat_1_fold_1,AVEN,0.0,0.0,0.0,0.0,0.0,0.0,0.0
repeat_1_fold_1,B4GALT3,0.0,0.0,0.0,0.0,0.0,0.0,0.0
repeat_1_fold_1,B4GALT7,0.0,0.0,0.0,0.0,0.0,0.0,0.0
repeat_1_fold_1,BBIP1,0.0,0.0,0.0,0.0,0.0,0.0,0.0
repeat_1_fold_1,BBOX1,0.0,0.0,0.0,0.0,0.0,0.0,0.0
repeat_1_fold_1,BBS9,0.0,0.0,0.0,0.0,0.0,0.0,0.0
repeat_1_fold_1,BCKDK,-0.03281925464996149,0.06563850929992299,0.03281925464996149,-0.06563850929992299,0.0,-0.0011120996441280895,0.5
repeat_1_fold_1,BCL6,0.0,0.0,0.0,0.0,0.0,0.0,0.0
repeat_1_fold_1,BLVRA,0.0,0.0,0.0,0.0,0.0,0.0,0.0
repeat_1_fold_1,BMI1,-0.17802011510804583,0.861492587811507,0.4307462939057535,-0.6087664090137993,0.25,0.004975629569455714,0.5
repeat_1_fold_1,BMP2,0.06547146597612041,0.19647760320948895,0.09823880160474448,-0.032767335628624064,0.5,-0.005149626638065868,1.0
repeat_1_fold_1,BRF1,0.0,0.0,0.0,0.0,0.0,0.0,0.0
repeat_1_fold_1,BSG,0.0,0.0,0.0,0.0,0.0,0.0,0.0
repeat_1_fold_1,BST2,0.0,0.0,0.0,0.0,0.0,0.0,0.0
repeat_1_fold_1,BTN3A2,-0.1637360529433316,0.18906610848575864,0.09453305424287932,-0.25826910718621093,0.0,0.0022339561332250235,1.0
repeat_1_fold_1,C1QB,0.0,0.0,0.0,0.0,0.0,0.0,0.0
repeat_1_fold_1,C2,0.0,0.0,0.0,0.0,0.0,0.0,0.0
repeat_1_fold_1,C2CD5,0.0,0.0,0.0,0.0,0.0,0.0,0.0
repeat_1_fold_1,C5AR1,0.0,0.0,0.0,0.0,0.0,0.0,0.0
repeat_1_fold_1,C6,0.0,0.0,0.0,0.0,0.0,0.0,0.0
repeat_1_fold_1,C8A,-0.3768013193605455,0.5017644835212031,0.25088224176060153,-0.6276835611211471,0.0,0.0024466192170818635,0.5
repeat_1_fold_1,C9,0.0,0.0,0.0,0.0,0.0,0.0,0.0
repeat_1_fold_1,CABIN1,0.19652179422400984,0.22705947509445704,0.11352973754722852,0.08299205667678132,0.5,-0.0020695352272694367,1.0
repeat_1_fold_1,CACNA1C,0.0,0.0,0.0,0.0,0.0,0.0,0.0
repeat_1_fold_1,CACNA1D,0.0,0.0,0.0,0.0,0.0,0.0,0.0
repeat_1_fold_1,CACNA1H,0.0,0.0,0.0,0.0,0.0,0.0,0.0
repeat_1_fold_1,CACNA2D3,0.0,0.0,0.0,0.0,0.0,0.0,0.0
repeat_1_fold_1,CALCB,0.0,0.0,0.0,0.0,0.0,0.0,0.0
repeat_1_fold_1,CALD1,0.0,0.0,0.0,0.0,0.0,0.0,0.0
repeat_1_fold_1,CALML5,0.0,0.0,0.0,0.0,0.0,0.0,0.0
repeat_1_fold_1,CALU,0.0,0.0,0.0,0.0,0.0,0.0,0.0
repeat_1_fold_1,CAMK1,0.13707029718129604,0.19402885042866924,0.09701442521433462,0.04005587196696142,0.5,0.00385865150284323,0.5
repeat_1_fold_1,CAPN3,0.0,0.0,0.0,0.0,0.0,0.0,0.0
repeat_1_fold_1,CAPZA2,0.0,0.0,0.0,0.0,0.0,0.0,0.0
repeat_1_fold_1,CARD8,-0.07482061700066645,0.10135456668294694,0.05067728334147347,-0.12549790034213992,0.0,0.0006672597864768592,0.5
repeat_1_fold_1,CASP8,0.032942324192555716,0.06588464838511143,0.032942324192555716,0.0,0.25,0.004061738424045475,0.5
repeat_1_fold_1,CASP9,0.0,0.0,0.0,0.0,0.0,0.0,0.0
repeat_1_fold_1,CBFA2T2,0.0,0.0,0.0,0.0,0.0,0.0033362989323843517,0.5
repeat_1_fold_1,CBX8,0.044336102744807704,0.05119492170906727,0.025597460854533634,0.01873864189027407,0.5,0.0016246953696181787,0.5
repeat_1_fold_1,CCDC59,0.0,0.0,0.0,0.0,0.0,0.0,0.0
repeat_1_fold_1,CCKBR,0.03994026720369348,0.07988053440738696,0.03994026720369348,0.0,0.25,0.0016682398073493143,1.0
repeat_1_fold_1,CCL27,0.0,0.0,0.0,0.0,0.0,0.0,0.0
repeat_1_fold_1,CCN2,0.0,0.0,0.0,0.0,0.0,0.0,0.0
repeat_1_fold_1,CCR5,0.0,0.0,0.0,0.0,0.0,0.0,0.0
repeat_1_fold_1,CCRL2,0.0,0.0,0.0,0.0,0.0,0.0,0.0
repeat_1_fold_1,CCS,0.0,0.0,0.0,0.0,0.0,0.0,0.0
repeat_1_fold_1,CCT7,0.0,0.0,0.0,0.0,0.0,0.0,0.0
repeat_1_fold_1,CCZ1B,0.0,0.0,0.0,0.0,0.0,0.0,0.0
repeat_1_fold_1,CD2,0.0,0.0,0.0,0.0,0.0,0.0,0.0
repeat_1_fold_1,CD247,0.0,0.0,0.0,0.0,0.0,0.0,0.0
repeat_1_fold_1,CD300A,0.0,0.0,0.0,0.0,0.0,0.0,0.0
repeat_1_fold_1,CD300C,-0.0275513449515028,0.0551026899030056,0.0275513449515028,-0.0551026899030056,0.0,-0.000609260763606817,0.5
repeat_1_fold_1,CD33,-0.16672115072844917,0.20970426412116752,0.10485213206058376,-0.2715732827890329,0.0,-0.0022241992882562067,0.5
repeat_1_fold_1,CD46,0.0,0.0,0.0,0.0,0.0,-0.0004061738424045447,0.5
repeat_1_fold_1,CD81,0.0,0.0,0.0,0.0,0.0,0.0,0.0
repeat_1_fold_1,CDC34,0.0,0.0,0.0,0.0,0.0,0.0,0.0
repeat_1_fold_1,CDC42EP1,-0.5913721954210498,0.687158840085043,0.3435794200425215,-0.9349516154635713,0.0,0.0022241992882562345,0.5
repeat_1_fold_1,CDC42EP4,0.061801616206572874,0.07608064659006396,0.03804032329503198,0.023761292911540895,0.5,-0.0035733541286631643,1.0
repeat_1_fold_1,CDC5L,0.0,0.0,0.0,0.0,0.0,0.0,0.0
repeat_1_fold_1,CEACAM7,0.0,0.0,0.0,0.0,0.0,0.0,0.0
repeat_1_fold_1,CENPX,0.0,0.0,0.0,0.0,0.0,0.0,0.0
repeat_1_fold_1,CEP164,0.0,0.0,0.0,0.0,0.0,0.0,0.0
repeat_1_fold_1,CERS2,0.0,0.0,0.0,0.0,0.0,0.0,0.0
repeat_1_fold_1,CERS4,0.0,0.0,0.0,0.0,0.0,0.0,0.0
repeat_1_fold_1,CETN1,0.0,0.0,0.0,0.0,0.0,0.0019293257514216011,1.0
repeat_1_fold_1,CFD,-0.0024746582964816355,0.05202964037005265,0.026014820185026325,-0.02848947848150796,0.25,-0.000222419928825629,0.5
repeat_1_fold_1,CFHR5,0.0,0.0,0.0,0.0,0.0,0.0,0.0
repeat_1_fold_1,CHML,-0.1547575820570639,0.42278442197747274,0.21139221098873637,-0.3661497930458003,0.25,-0.0006672597864768592,0.5
repeat_1_fold_1,CHPT1,-0.11680712779638824,0.1744787965949626,0.0872393982974813,-0.20404652609386953,0.0,0.001112099644128145,0.5
repeat_1_fold_1,CHRM5,-0.3445541434554169,0.7274353098932328,0.3637176549466164,-0.7082717984020332,0.25,-0.003113879003558695,0.5
repeat_1_fold_1,CHRNA5,0.0,0.0,0.0,0.0,0.0,0.0,0.0
repeat_1_fold_1,CHST15,0.0,0.0,0.0,0.0,0.0,0.0,0.0
repeat_1_fold_1,CHST4,0.0,0.0,0.0,0.0,0.0,0.0,0.0
repeat_1_fold_1,CIAO2B,-0.619725146097343,0.7267411819094437,0.36337059095472185,-0.9830957370520648,0.0,0.001112099644128145,0.5
repeat_1_fold_1,CKS1B,0.0,0.0,0.0,0.0,0.0,-0.0018664483060671366,1.0
repeat_1_fold_1,CLDN10,0.0,0.0,0.0,0.0,0.0,0.0,0.0
repeat_1_fold_1,CLDN17,0.0,0.0,0.0,0.0,0.0,0.0,0.0
repeat_1_fold_1,CLDN6,0.0,0.0,0.0,0.0,0.0,0.0,0.0
repeat_1_fold_1,CLEC7A,0.0,0.0,0.0,0.0,0.0,0.0,0.0
repeat_1_fold_1,COL4A4,0.0,0.0,0.0,0.0,0.0,0.0,0.0
repeat_1_fold_1,COLGALT2,0.0,0.0,0.0,0.0,0.0,0.0,0.0
repeat_1_fold_1,COPE,0.0,0.0,0.0,0.0,0.0,0.0,0.0
repeat_1_fold_1,COPS8,-0.0321477216132422,0.0642954432264844,0.0321477216132422,-0.0642954432264844,0.0,0.002093746657377188,1.0
repeat_1_fold_1,CORT,0.0,0.0,0.0,0.0,0.0,0.0,0.0
repeat_1_fold_1,COX11,0.0,0.0,0.0,0.0,0.0,0.0,0.0
repeat_1_fold_1,COX6B1,0.08201491868235955,0.10478203515554581,0.052391017577772904,0.029623901104586646,0.5,-0.0011120996441280895,0.5
repeat_1_fold_1,COX7C,0.0,0.0,0.0,0.0,0.0,0.0,0.0
repeat_1_fold_1,CPB1,0.0,0.0,0.0,0.0,0.0,0.0,0.0
repeat_1_fold_1,CPNE6,0.0,0.0,0.0,0.0,0.0,0.0,0.0
repeat_1_fold_1,CPNE7,0.0,0.0,0.0,0.0,0.0,0.0005077173030056947,0.5
repeat_1_fold_1,CPS1,0.0,0.0,0.0,0.0,0.0,0.0,0.0
repeat_1_fold_1,CPSF7,0.0,0.0,0.0,0.0,0.0,0.0,0.0
repeat_1_fold_1,CRIPTO,0.0,0.0,0.0,0.0,0.0,0.0,0.0
repeat_1_fold_1,CRTC1,0.0,0.0,0.0,0.0,0.0,0.0,0.0
repeat_1_fold_1,CRYAB,0.0,0.0,0.0,0.0,0.0,0.0,0.0
repeat_1_fold_1,CSH1,0.0,0.0,0.0,0.0,0.0,0.0,0.0
repeat_1_fold_1,CSNK1D,0.0,0.0,0.0,0.0,0.0,0.0,0.0
repeat_1_fold_1,CSNK2A1,-0.1827390496713317,0.21115861867277969,0.10557930933638984,-0.2883183590077215,0.0,0.0035684757061787975,1.0
repeat_1_fold_1,CSPG4,0.019762499744615525,0.03952499948923105,0.019762499744615525,0.0,0.25,0.001218521527213634,0.5
repeat_1_fold_1,CTC1,0.07653696710334046,0.6365591752248563,0.31827958761242814,-0.24174262050908768,0.25,0.000667259786476887,0.5
repeat_1_fold_1,CTNNB1,0.0,0.0,0.0,0.0,0.0,0.0,0.0
repeat_1_fold_1,CTSC,0.0,0.0,0.0,0.0,0.0,0.0,0.0
repeat_1_fold_1,CTSD,0.0,0.0,0.0,0.0,0.0,0.0,0.0
repeat_1_fold_1,CTSO,-0.279373410961151,0.3353554907624696,0.1676777453812348,-0.4470511563423858,0.0,0.0011798555119669485,1.0
repeat_1_fold_1,CUL7,0.0,0.0,0.0,0.0,0.0,0.0,0.0
repeat_1_fold_1,CXCL1,0.0,0.0,0.0,0.0,0.0,0.0,0.0
repeat_1_fold_1,CXCL10,0.0,0.0,0.0,0.0,0.0,0.0,0.0
repeat_1_fold_1,CYB5R2,0.0,0.0,0.0,0.0,0.0,0.0,0.0
repeat_1_fold_1,CYBB,0.0,0.0,0.0,0.0,0.0,0.0,0.0
repeat_1_fold_1,CYP11B1,0.0,0.0,0.0,0.0,0.0,0.0,0.0
repeat_1_fold_1,CYP1A1,0.0,0.0,0.0,0.0,0.0,0.0,0.0
repeat_1_fold_1,CYP27A1,-0.06323630689069937,0.07421717644660354,0.03710858822330177,-0.10034489511400113,0.0,0.0018277822908204788,0.5
repeat_1_fold_1,CYP3A5,0.13498269959438502,0.1619536429868309,0.08097682149341545,0.05400587810096957,0.5,-0.0010154346060113895,0.5
repeat_1_fold_1,CYP51A1,0.0,0.0,0.0,0.0,0.0,-0.0014216084484159064,0.5
repeat_1_fold_1,CYTH4,0.26064651471711464,0.30508819890477457,0.15254409945238728,0.10810241526472736,0.5,0.002944760357432963,0.5
repeat_1_fold_1,DAAM1,0.0,0.0,0.0,0.0,0.0,0.0,0.0
repeat_1_fold_1,DAO,0.0,0.0,0.0,0.0,0.0,0.0,0.0
repeat_1_fold_1,DARS1,0.0,0.0,0.0,0.0,0.0,0.0,0.0
repeat_1_fold_1,DBI,0.0,0.0,0.0,0.0,0.0,-0.0008896797153024882,0.5
repeat_1_fold_1,DDB1,0.0,0.0,0.0,0.0,0.0,0.0,0.0
repeat_1_fold_1,DDB2,0.0,0.0,0.0,0.0,0.0,0.0,0.0
repeat_1_fold_1,DDC,0.0,0.0,0.0,0.0,0.0,0.0,0.0
repeat_1_fold_1,DDX42,0.060461222807063564,0.12092244561412711,0.06046122280706356,6.938893903907228e-18,0.25,-0.0020308692120227234,0.5
repeat_1_fold_1,DEFB1,0.0,0.0,0.0,0.0,0.0,0.0,0.0
repeat_1_fold_1,DELE1,0.0,0.0,0.0,0.0,0.0,0.0,0.0
repeat_1_fold_1,DERL2,0.0,0.0,0.0,0.0,0.0,0.0,0.0
repeat_1_fold_1,DET1,0.0,0.0,0.0,0.0,0.0,0.000222419928825629,0.5
repeat_1_fold_1,DFFA,-0.23906075827644457,0.3037774448890752,0.1518887224445376,-0.3909494807209822,0.0,-0.0008896797153024882,0.5
repeat_1_fold_1,DHRS3,0.0,0.0,0.0,0.0,0.0,0.0,0.0
repeat_1_fold_1,DHRS4,-0.0275513449515028,0.0551026899030056,0.0275513449515028,-0.0551026899030056,0.0,-0.0007108042242079671,0.5
repeat_1_fold_1,DHRS7B,0.0,0.0,0.0,0.0,0.0,0.0,0.0
repeat_1_fold_1,DIO1,0.0,0.0,0.0,0.0,0.0,0.0,0.0
repeat_1_fold_1,DLL3,0.0,0.0,0.0,0.0,0.0,0.0,0.0
repeat_1_fold_1,DMAC2,0.29235185934626173,0.8127709705257603,0.40638548526288015,-0.11403362591661842,0.25,-0.001440941456039263,1.0
repeat_1_fold_1,DMD,0.0,0.0,0.0,0.0,0.0,0.0,0.0
repeat_1_fold_1,DNAJC13,0.0,0.0,0.0,0.0,0.0,0.0,0.0
repeat_1_fold_1,DNAJC7,0.0,0.0,0.0,0.0,0.0,0.0,0.0
repeat_1_fold_1,DNMBP,0.0,0.0,0.0,0.0,0.0,0.0,0.0
repeat_1_fold_1,DNMT3A,0.0,0.0,0.0,0.0,0.0,0.0,0.0
repeat_1_fold_1,DOK1,0.0,0.0,0.0,0.0,0.0,0.0,0.0
repeat_1_fold_1,DPAGT1,-0.05991731145893908,0.0825286813153755,0.04126434065768775,-0.10118165211662683,0.0,-0.0016246953696182065,0.5
repeat_1_fold_1,DPPA4,0.0,0.0,0.0,0.0,0.0,0.001827782290820451,0.5
repeat_1_fold_1,DPYSL2,0.0,0.0,0.0,0.0,0.0,0.0,0.0
repeat_1_fold_1,DPYSL4,0.0,0.0,0.0,0.0,0.0,0.000444839857651258,0.5
repeat_1_fold_1,DR1,0.0,0.0,0.0,0.0,0.0,0.0,0.0
repeat_1_fold_1,DSN1,0.0,0.0,0.0,0.0,0.0,0.0,0.0
repeat_1_fold_1,DSP,0.0,0.0,0.0,0.0,0.0,0.0,0.0
repeat_1_fold_1,DSPP,0.0,0.0,0.0,0.0,0.0,0.0,0.0
repeat_1_fold_1,DUSP3,0.0,0.0,0.0,0.0,0.0,0.0,0.0
repeat_1_fold_1,DUSP4,0.023990215569067885,0.1647541837617867,0.08237709188089334,-0.05838687631182546,0.25,0.0020308692120227234,0.5
repeat_1_fold_1,DUSP6,-0.08306906631628763,0.16613813263257526,0.08306906631628763,-0.16613813263257526,0.0,-0.000222419928825629,0.5
repeat_1_fold_1,DYNC1LI1,0.0,0.0,0.0,0.0,0.0,0.0,0.0
repeat_1_fold_1,DYNLRB1,0.0,0.0,0.0,0.0,0.0,0.0,0.5
repeat_1_fold_1,DYSF,0.0,0.0,0.0,0.0,0.0,0.0,0.0
repeat_1_fold_1,E2F2,0.0,0.0,0.0,0.0,0.0,0.0,0.0
repeat_1_fold_1,E2F6,0.11603477330964118,0.1404299033239534,0.0702149516619767,0.04581982164766449,0.5,0.0022241992882562622,0.5
repeat_1_fold_1,EED,0.0,0.0,0.0,0.0,0.0,0.0,0.0
repeat_1_fold_1,EEF1G,-0.4494356819061043,0.6238625458694105,0.31193127293470524,-0.7613669548408095,0.0,-0.0011363110742358684,1.0
repeat_1_fold_1,EIF2AK2,-0.09711985455214034,0.1979170936376428,0.0989585468188214,-0.19607840137096172,0.25,0.0026690391459074925,0.5
repeat_1_fold_1,EIF3K,0.0,0.0,0.0,0.0,0.0,0.0009138911454102394,0.5
repeat_1_fold_1,EIF3L,-0.0275513449515028,0.0551026899030056,0.0275513449515028,-0.0551026899030056,0.0,0.0008123476848090894,0.5
repeat_1_fold_1,EIF4G3,0.0341710508110733,0.15102874903232663,0.07551437451616332,-0.041343323705090015,0.25,0.0022339561332250235,0.5
repeat_1_fold_1,ELAC2,0.0,0.0,0.0,0.0,0.0,-0.0006672597864768592,0.5
repeat_1_fold_1,ELMO2,0.06520317798446307,0.09178530331971003,0.04589265165985502,0.01931052632460805,0.5,-0.0013345195729537462,0.5
repeat_1_fold_1,ELN,0.0,0.0,0.0,0.0,0.0,0.0,0.0
repeat_1_fold_1,ENPP2,0.03994026720369348,0.07988053440738696,0.03994026720369348,0.0,0.25,-0.000222419928825629,0.5
repeat_1_fold_1,EPHX1,0.0,0.0,0.0,0.0,0.0,0.0,0.0
repeat_1_fold_1,ERCC8,0.0,0.0,0.0,0.0,0.0,0.0,0.0
repeat_1_fold_1,ESRRA,0.0,0.0,0.0,0.0,0.0,0.0,0.0
repeat_1_fold_1,ETFA,0.0,0.0,0.0,0.0,0.0,0.0,0.0
repeat_1_fold_1,ETS2,0.0,0.0,0.0,0.0,0.0,0.0008510137000558027,1.0
repeat_1_fold_1,EXOSC7,0.0,0.0,0.0,0.0,0.0,0.0,0.0
repeat_1_fold_1,EXTL3,-0.25784069423553646,0.3969690631777249,0.19848453158886245,-0.45632522582439894,0.25,0.004859450841401408,1.0
repeat_1_fold_1,EYA1,0.0,0.0,0.0,0.0,0.0,0.0,0.0
repeat_1_fold_1,F2R,0.0,0.0,0.0,0.0,0.0,0.0,0.0
repeat_1_fold_1,F2RL1,0.0,0.0,0.0,0.0,0.0,0.0,0.0
repeat_1_fold_1,F3,0.0,0.0,0.0,0.0,0.0,0.0,0.0
repeat_1_fold_1,F7,0.0,0.0,0.0,0.0,0.0,0.0,0.0
repeat_1_fold_1,F9,0.0,0.0,0.0,0.0,0.0,0.0,0.0
repeat_1_fold_1,FABP5,0.0,0.0,0.0,0.0,0.0,0.0,0.0
repeat_1_fold_1,FAM32A,-0.03768810487695973,0.07537620975391945,0.03768810487695973,-0.07537620975391945,0.0,-0.0011120996441280895,0.5
repeat_1_fold_1,FAM3C,0.0,0.0,0.0,0.0,0.0,0.0,0.0
repeat_1_fold_1,FANCA,0.0,0.0,0.0,0.0,0.0,0.0,0.0
repeat_1_fold_1,FANCF,0.0,0.0,0.0,0.0,0.0,0.0,0.0
repeat_1_fold_1,FANCL,0.0,0.0,0.0,0.0,0.0,0.0,0.0
repeat_1_fold_1,FASLG,0.0,0.0,0.0,0.0,0.0,0.00020308692120227234,0.5
repeat_1_fold_1,FBP2,0.0,0.0,0.0,0.0,0.0,0.0,0.0
repeat_1_fold_1,FBXW12,0.0,0.0,0.0,0.0,0.0,0.0,0.0
repeat_1_fold_1,FBXW4,0.0,0.0,0.0,0.0,0.0,0.0,0.0
repeat_1_fold_1,FEM1B,0.0,0.0,0.0,0.0,0.0,0.0,0.0
repeat_1_fold_1,FGF13,0.0,0.0,0.0,0.0,0.0,0.0,0.0
repeat_1_fold_1,FGF23,0.0,0.0,0.0,0.0,0.0,0.0,0.0
repeat_1_fold_1,FGF5,0.0,0.0,0.0,0.0,0.0,0.0,0.0
repeat_1_fold_1,FIP1L1,0.0,0.0,0.0,0.0,0.0,0.0,0.0
repeat_1_fold_1,FKBP9,0.0,0.0,0.0,0.0,0.0,0.0,0.0
repeat_1_fold_1,FKRP,0.0,0.0,0.0,0.0,0.0,0.0,0.0
repeat_1_fold_1,FLT3,-0.013071608948035163,0.04917017910686499,0.024585089553432495,-0.03765669850146766,0.25,-0.0013925185958237607,1.0
repeat_1_fold_1,FMO2,0.0,0.0,0.0,0.0,0.0,0.0,0.0
repeat_1_fold_1,FMO3,0.0,0.0,0.0,0.0,0.0,0.0,0.0
repeat_1_fold_1,FMOD,0.0,0.0,0.0,0.0,0.0,0.0,0.0
repeat_1_fold_1,FOXF1,0.0,0.0,0.0,0.0,0.0,0.000889679715302516,0.5
repeat_1_fold_1,FOXL2,0.0,0.0,0.0,0.0,0.0,0.0,0.0
repeat_1_fold_1,FOXO4,0.0,0.0,0.0,0.0,0.0,0.0,0.0
repeat_1_fold_1,FSCN1,0.0,0.0,0.0,0.0,0.0,0.0,0.0
repeat_1_fold_1,FSHR,0.0,0.0,0.0,0.0,0.0,0.0,0.0
repeat_1_fold_1,FXR1,0.0,0.0,0.0,0.0,0.0,0.0,0.0
repeat_1_fold_1,FYN,0.0,0.0,0.0,0.0,0.0,0.0,0.0
repeat_1_fold_1,G3BP2,0.0,0.0,0.0,0.0,0.0,0.0,0.0
repeat_1_fold_1,G6PC3,0.0,0.0,0.0,0.0,0.0,0.0,0.0
repeat_1_fold_1,GABARAP,0.0,0.0,0.0,0.0,0.0,0.0,0.0
repeat_1_fold_1,GABPA,0.035758780256273326,0.1912943004965987,0.09564715024829935,-0.05988836999202603,0.25,0.0067018683996750705,0.5
repeat_1_fold_1,GABRA1,0.0,0.0,0.0,0.0,0.0,-0.000222419928825629,0.5
repeat_1_fold_1,GABRB3,-0.5056290110122159,0.8354721400281714,0.4177360700140857,-0.9233650810263017,0.0,-0.00030463038180339463,1.0
repeat_1_fold_1,GADD45GIP1,0.0,0.0,0.0,0.0,0.0,0.001827782290820451,0.5
repeat_1_fold_1,GAL,0.0,0.0,0.0,0.0,0.0,0.0,0.0
repeat_1_fold_1,GALNS,0.0,0.0,0.0,0.0,0.0,0.0,0.0
repeat_1_fold_1,GALNT4,-0.6603625126362278,0.7651535704074154,0.3825767852037077,-1.0429392978399354,0.0,-0.0020308692120227234,0.5
repeat_1_fold_1,GALR1,0.0,0.0,0.0,0.0,0.0,0.0,0.0
repeat_1_fold_1,GANAB,0.0,0.0,0.0,0.0,0.0,0.0,0.0
repeat_1_fold_1,GAPVD1,0.0,0.0,0.0,0.0,0.0,0.0,0.0
repeat_1_fold_1,GAS6,0.0,0.0,0.0,0.0,0.0,0.0,0.0
repeat_1_fold_1,GCA,0.0,0.0,0.0,0.0,0.0,0.0,0.0
repeat_1_fold_1,GCC1,0.0,0.0,0.0,0.0,0.0,0.0,0.0
repeat_1_fold_1,GCK,0.0,0.0,0.0,0.0,0.0,0.0,0.0
repeat_1_fold_1,GCLC,0.0,0.0,0.0,0.0,0.0,0.0,0.0
repeat_1_fold_1,GEMIN8,0.0,0.0,0.0,0.0,0.0,0.0,0.0
repeat_1_fold_1,GFAP,0.0,0.0,0.0,0.0,0.0,0.0,0.0
repeat_1_fold_1,GFI1,0.0,0.0,0.0,0.0,0.0,0.0008123476848090894,0.5
repeat_1_fold_1,GFPT1,0.0,0.0,0.0,0.0,0.0,0.0,0.0
repeat_1_fold_1,GFRA3,0.0,0.0,0.0,0.0,0.0,0.0,0.0
repeat_1_fold_1,GGT1,-0.11521678792952983,0.15689008854834646,0.07844504427417323,-0.19366183220370306,0.0,0.0015569395017793752,0.5
repeat_1_fold_1,GH2,0.0,0.0,0.0,0.0,0.0,0.0,0.0
repeat_1_fold_1,GINS2,0.1234447915251522,0.14254176723420772,0.07127088361710386,0.052173907908048336,0.5,0.0004061738424045447,0.5
repeat_1_fold_1,GJA3,0.056889489202687216,0.07962049316615628,0.03981024658307814,0.017079242619609074,0.5,-0.000831680692432446,1.0
repeat_1_fold_1,GJA9,0.0,0.0,0.0,0.0,0.0,0.0,0.0
repeat_1_fold_1,GLI1,0.07411131801476678,0.15984715744968764,0.07992357872484382,-0.0058122607100770385,0.5,0.0009138911454102394,1.0
repeat_1_fold_1,GNA12,0.0,0.0,0.0,0.0,0.0,0.0,0.0
repeat_1_fold_1,GNAT2,0.0,0.0,0.0,0.0,0.0,0.0,0.0
repeat_1_fold_1,GNG3,-0.05033936384675464,0.08257756494531361,0.041288782472656806,-0.09162814631941144,0.0,-0.0013345195729537185,0.5
repeat_1_fold_1,GNG4,0.0,0.0,0.0,0.0,0.0,0.0,0.0
repeat_1_fold_1,GOLGA3,0.0,0.0,0.0,0.0,0.0,0.0,0.0
repeat_1_fold_1,GORASP2,0.0,0.0,0.0,0.0,0.0,0.0,0.0
repeat_1_fold_1,GOSR2,0.0,0.0,0.0,0.0,0.0,0.0,0.0
repeat_1_fold_1,GP5,0.0,0.0,0.0,0.0,0.0,0.0,0.0
repeat_1_fold_1,GPATCH1,0.0,0.0,0.0,0.0,0.0,0.0,0.0
repeat_1_fold_1,GPI,-0.1443794117576509,0.17478507392158285,0.08739253696079143,-0.2317719487184423,0.0,0.0017358149928738964,1.0
repeat_1_fold_1,GPR18,0.0,0.0,0.0,0.0,0.0,0.0,0.0
repeat_1_fold_1,GPR27,-0.137761961024097,0.15907381056270625,0.07953690528135313,-0.21729886630545012,0.0,-0.0006672597864768592,0.5
repeat_1_fold_1,GPR35,0.0,0.0,0.0,0.0,0.0,0.0,0.0
repeat_1_fold_1,GPR37,0.0,0.0,0.0,0.0,0.0,0.0,0.0
repeat_1_fold_1,GREM2,0.0,0.0,0.0,0.0,0.0,0.0,0.0
repeat_1_fold_1,GRIN2A,0.0,0.0,0.0,0.0,0.0,0.0,0.0
repeat_1_fold_1,GSDMD,-0.7246108576524666,0.8816622893801034,0.4408311446900517,-1.1654420023425183,0.0,0.0035587188612099807,0.5
repeat_1_fold_1,GSTK1,0.0,0.0,0.0,0.0,0.0,0.0,0.0
repeat_1_fold_1,GTF2H1,0.0,0.0,0.0,0.0,0.0,0.0,0.0
repeat_1_fold_1,GTF3C1,-0.1401154330770229,0.16179508232988418,0.08089754116494209,-0.22101297424196498,0.0,0.001112099644128145,0.5
repeat_1_fold_1,GYPC,-0.1713326330017324,0.22012334125683497,0.11006167062841749,-0.2813943036301499,0.0,0.0011507656593748306,1.0
repeat_1_fold_1,GZMH,0.0,0.0,0.0,0.0,0.0,0.0,0.5
repeat_1_fold_1,H2AC16,0.0,0.0,0.0,0.0,0.0,0.0,0.0
repeat_1_fold_1,H2AJ,-0.0551026899030056,0.06362710569714551,0.031813552848572756,-0.08691624275157836,0.0,0.0010154346060113617,0.5
repeat_1_fold_1,H2AX,0.0,0.0,0.0,0.0,0.0,0.0,0.0
repeat_1_fold_1,H2BC12,0.0,0.0,0.0,0.0,0.0,0.0,0.0
repeat_1_fold_1,H2BC15,0.0,0.0,0.0,0.0,0.0,0.0,0.0
repeat_1_fold_1,H2BC21,0.0,0.0,0.0,0.0,0.0,0.0,0.0
repeat_1_fold_1,H2BC7,0.09589344657364762,0.1195196291440398,0.0597598145720199,0.036133632001627725,0.5,-0.0004061738424045447,0.5
repeat_1_fold_1,H3C3,0.0,0.0,0.0,0.0,0.0,0.0,0.0
repeat_1_fold_1,H4C12,0.0,0.0,0.0,0.0,0.0,0.000222419928825629,0.5
repeat_1_fold_1,H4C3,0.0,0.0,0.0,0.0,0.0,0.0,0.0
repeat_1_fold_1,H4C5,-0.07400120727233173,0.22919600816753283,0.11459800408376641,-0.18859921135609814,0.25,0.006445480195772901,1.0
repeat_1_fold_1,HARS1,0.0,0.0,0.0,0.0,0.0,0.0,0.0
repeat_1_fold_1,HCAR3,0.0,0.0,0.0,0.0,0.0,0.0,0.0
repeat_1_fold_1,HDAC5,0.0,0.0,0.0,0.0,0.0,0.0,0.0
repeat_1_fold_1,HERC5,0.0,0.0,0.0,0.0,0.0,0.0018277822908204788,0.5
repeat_1_fold_1,HERPUD1,0.0,0.0,0.0,0.0,0.0,0.0,0.5
repeat_1_fold_1,HEYL,0.017988067557352494,0.12115053020495158,0.06057526510247579,-0.042587197545123294,0.25,-0.0006092607636068448,0.5
repeat_1_fold_1,HHAT,0.0,0.0,0.0,0.0,0.0,0.0,0.0
repeat_1_fold_1,HJURP,0.0,0.0,0.0,0.0,0.0,0.0,0.0
repeat_1_fold_1,HLA-DOB,0.0,0.0,0.0,0.0,0.0,0.0,0.0
repeat_1_fold_1,HLA-DRB4,0.0,0.0,0.0,0.0,0.0,0.0,0.0
repeat_1_fold_1,HMBS,0.0,0.0,0.0,0.0,0.0,0.0,0.0
repeat_1_fold_1,HMGCS1,0.12364248266815636,0.1614487473122523,0.08072437365612616,0.042918109012030206,0.5,0.005110960622819183,1.0
repeat_1_fold_1,HNRNPA0,0.0,0.0,0.0,0.0,0.0,0.0,0.0
repeat_1_fold_1,HNRNPDL,0.0,0.0,0.0,0.0,0.0,0.0,0.0
repeat_1_fold_1,HOMER1,0.0,0.0,0.0,0.0,0.0,0.0,0.0
repeat_1_fold_1,HOXA1,0.0,0.0,0.0,0.0,0.0,0.0,0.0
repeat_1_fold_1,HOXA3,0.0,0.0,0.0,0.0,0.0,0.0,0.0
repeat_1_fold_1,HOXA4,0.0,0.0,0.0,0.0,0.0,0.0,0.0
repeat_1_fold_1,HPN,-0.14736450954276847,0.2176150675852482,0.1088075337926241,-0.25617204333539256,0.0,0.0,0.5
repeat_1_fold_1,HS3ST1,0.0,0.0,0.0,0.0,0.0,0.0,0.0
repeat_1_fold_1,HSD11B2,0.0,0.0,0.0,0.0,0.0,0.0,0.0
repeat_1_fold_1,HSD17B11,0.0,0.0,0.0,0.0,0.0,0.0,0.0
repeat_1_fold_1,HSD17B6,0.0,0.0,0.0,0.0,0.0,0.0,0.0
repeat_1_fold_1,HTN1,0.0,0.0,0.0,0.0,0.0,0.0,0.0
repeat_1_fold_1,HTR2B,0.0,0.0,0.0,0.0,0.0,0.0,0.0
repeat_1_fold_1,ID1,0.0,0.0,0.0,0.0,0.0,0.000444839857651258,0.5
repeat_1_fold_1,IDH2,0.0,0.0,0.0,0.0,0.0,0.0,0.0
repeat_1_fold_1,IDH3A,-0.0275513449515028,0.0551026899030056,0.0275513449515028,-0.0551026899030056,0.0,-0.000609260763606817,0.5
repeat_1_fold_1,IDUA,0.0,0.0,0.0,0.0,0.0,0.0017262388302193288,0.5
repeat_1_fold_1,IFI30,0.034171050811071524,0.06834210162214305,0.034171050811071524,0.0,0.25,0.004772542648253442,0.5
repeat_1_fold_1,IFITM1,0.0,0.0,0.0,0.0,0.0,0.0011169780666125118,0.5
repeat_1_fold_1,IFNA10,0.0,0.0,0.0,0.0,0.0,0.0,0.0
repeat_1_fold_1,IFT20,-0.0275513449515028,0.0551026899030056,0.0275513449515028,-0.0551026899030056,0.0,0.0003046303818034224,0.5
repeat_1_fold_1,IFT27,0.00023760074211409687,0.05324210926080133,0.026621054630400664,-0.026383453888286567,0.25,0.0034524776604386576,0.5
repeat_1_fold_1,IFT52,0.0,0.0,0.0,0.0,0.0,0.0,0.0
repeat_1_fold_1,IK,0.0,0.0,0.0,0.0,0.0,0.001334519572953774,0.5
repeat_1_fold_1,IKBKE,-0.13545421581779138,0.3998859621443627,0.19994298107218136,-0.3353971968899727,0.25,-0.003558718861209953,0.5
repeat_1_fold_1,IL10,0.0,0.0,0.0,0.0,0.0,0.0,0.0
repeat_1_fold_1,IL18,0.0439394826103392,0.08787896522067841,0.043939482610339205,-6.938893903907228e-18,0.25,-0.0011169780666125118,0.5
repeat_1_fold_1,IL18RAP,0.0341710508110733,0.15102874903232663,0.07551437451616332,-0.041343323705090015,0.25,0.0029447603574329906,0.5
repeat_1_fold_1,IL5RA,0.0,0.0,0.0,0.0,0.0,0.001218521527213634,0.5
repeat_1_fold_1,IL6ST,0.0,0.0,0.0,0.0,0.0,0.0,0.0
repeat_1_fold_1,IL7R,0.0,0.0,0.0,0.0,0.0,0.0,0.0
repeat_1_fold_1,IL9,0.0,0.0,0.0,0.0,0.0,0.0,0.0
repeat_1_fold_1,INHA,-0.30200897843564967,0.45517047717631276,0.22758523858815638,-0.529594217023806,0.0,2.7755575615628914e-17,0.5
repeat_1_fold_1,INHBB,0.0,0.0,0.0,0.0,0.0,0.0,0.0
repeat_1_fold_1,INPP4B,0.0,0.0,0.0,0.0,0.0,0.0,0.0
repeat_1_fold_1,INPP5F,0.0,0.0,0.0,0.0,0.0,0.0,0.0
repeat_1_fold_1,INTS1,0.0,0.0,0.0,0.0,0.0,0.0,0.0
repeat_1_fold_1,ISCU,-0.03768810487695973,0.07537620975391945,0.03768810487695973,-0.07537620975391945,0.0,-0.000222419928825629,0.5
repeat_1_fold_1,ITFG2,0.0,0.0,0.0,0.0,0.0,0.0,0.0
repeat_1_fold_1,ITGAL,0.0,0.0,0.0,0.0,0.0,0.0,0.0
repeat_1_fold_1,ITGAM,0.0162142462574959,0.24968862306080428,0.12484431153040214,-0.10863006527290624,0.25,0.000444839857651258,0.5
repeat_1_fold_1,ITGAV,0.0,0.0,0.0,0.0,0.0,0.0014216084484159064,0.5
repeat_1_fold_1,ITPK1,0.0,0.0,0.0,0.0,0.0,0.0,0.0
repeat_1_fold_1,ITPR3,0.0,0.0,0.0,0.0,0.0,0.0,0.0
repeat_1_fold_1,KANK1,0.0,0.0,0.0,0.0,0.0,0.0,0.0
repeat_1_fold_1,KANSL3,0.0,0.0,0.0,0.0,0.0,0.00385865150284323,0.5
repeat_1_fold_1,KAT6A,0.0,0.0,0.0,0.0,0.0,0.0,0.0
repeat_1_fold_1,KCNA3,0.17023298175838697,0.2055477357009552,0.1027738678504776,0.06745911390790937,0.5,-0.0015569395017793475,0.5
repeat_1_fold_1,KCNA5,0.0,0.0,0.0,0.0,0.0,0.0,0.0
repeat_1_fold_1,KCNC2,0.28265151245194353,0.40503799958119663,0.20251899979059831,0.08013251266134522,0.75,-0.002703007420984005,1.0
repeat_1_fold_1,KCNF1,-0.057899903012703646,0.11579980602540729,0.057899903012703646,-0.11579980602540729,0.0,2.7755575615628914e-17,0.5
repeat_1_fold_1,KCNJ14,0.0,0.0,0.0,0.0,0.0,0.0,0.0
repeat_1_fold_1,KCNJ5,0.0,0.0,0.0,0.0,0.0,0.0,0.0
repeat_1_fold_1,KCNN1,0.0,0.0,0.0,0.0,0.0,0.0,0.0
repeat_1_fold_1,KDM1A,0.0,0.0,0.0,0.0,0.0,0.0,0.0
repeat_1_fold_1,KDR,0.0,0.0,0.0,0.0,0.0,0.0,0.0
repeat_1_fold_1,KHDRBS1,0.0,0.0,0.0,0.0,0.0,0.0,0.0
repeat_1_fold_1,KIF13B,-0.06983582649020192,0.08114541971043797,0.040572709855218984,-0.11040853634542092,0.0,0.0,0.5
repeat_1_fold_1,KIF2C,0.0,0.0,0.0,0.0,0.0,0.00020308692120227234,0.5
repeat_1_fold_1,KIF3B,-0.051504362798919345,0.05947211545279246,0.02973605772639623,-0.08124042052531558,0.0,0.000222419928825629,0.5
repeat_1_fold_1,KIFAP3,0.0,0.0,0.0,0.0,0.0,0.0,0.0
repeat_1_fold_1,KIN,0.0,0.0,0.0,0.0,0.0,0.0,0.0
repeat_1_fold_1,KIR2DL4,0.0,0.0,0.0,0.0,0.0,0.0,0.0
repeat_1_fold_1,KLF9,0.0,0.0,0.0,0.0,0.0,0.0,0.0
repeat_1_fold_1,KLRF1,0.0,0.0,0.0,0.0,0.0,0.0,0.0
repeat_1_fold_1,KMT2D,0.0,0.0,0.0,0.0,0.0,0.0,0.0
repeat_1_fold_1,KPNA2,0.0,0.0,0.0,0.0,0.0,0.0,0.0
repeat_1_fold_1,KPNA3,-0.05324958704773053,0.0792635863943486,0.0396317931971743,-0.09288138024490483,0.25,-0.0006576836238223194,1.0
repeat_1_fold_1,KRBOX4,0.0,0.0,0.0,0.0,0.0,0.0,0.0
repeat_1_fold_1,KRT32,0.0,0.0,0.0,0.0,0.0,0.0,0.0
repeat_1_fold_1,KRT36,0.0,0.0,0.0,0.0,0.0,0.0,0.0
repeat_1_fold_1,KRTAP4-7,0.0,0.0,0.0,0.0,0.0,0.0,0.0
repeat_1_fold_1,KYNU,0.0,0.0,0.0,0.0,0.0,0.0,0.0
repeat_1_fold_1,LAMC2,0.0,0.0,0.0,0.0,0.0,0.0,0.0
repeat_1_fold_1,LARP1,-0.18165132028864406,0.4260877118517847,0.21304385592589234,-0.3946951762145364,0.5,-0.0036215963065644174,1.0
repeat_1_fold_1,LATS1,-0.03195943516889699,0.3054566051739138,0.1527283025869569,-0.1846877377558539,0.25,0.0009718901682802816,1.0
repeat_1_fold_1,LDLRAP1,-0.07546436038701643,0.08713873756733373,0.043569368783666865,-0.11903372917068329,0.0,0.004366368805848897,0.5
repeat_1_fold_1,LGMN,-0.019758799361051516,0.13246735486781294,0.06623367743390647,-0.08599247679495799,0.25,0.002349954178965108,1.0
repeat_1_fold_1,LILRA1,0.0,0.0,0.0,0.0,0.0,0.0,0.0
repeat_1_fold_1,LIMS2,0.0,0.0,0.0,0.0,0.0,0.0,0.0
repeat_1_fold_1,LMAN1,0.0,0.0,0.0,0.0,0.0,0.0,0.0
repeat_1_fold_1,LMF2,0.02935642925513804,0.10633975873557479,0.053169879367787394,-0.023813450112649355,0.25,-0.0009138911454102394,0.5
repeat_1_fold_1,LMNB1,0.0,0.0,0.0,0.0,0.0,0.0,0.0
repeat_1_fold_1,LPAR1,0.0,0.0,0.0,0.0,0.0,0.0,0.0
repeat_1_fold_1,LPCAT4,0.0,0.0,0.0,0.0,0.0,0.0,0.0
repeat_1_fold_1,LPGAT1,0.0,0.0,0.0,0.0,0.0,-0.00010154346060112229,0.5
repeat_1_fold_1,LRIG1,0.0,0.0,0.0,0.0,0.0,0.0,0.0
repeat_1_fold_1,LRP8,-0.19225894087824003,0.22200150254032847,0.11100075127016423,-0.30325969214840426,0.0,0.0035587188612099807,0.5
repeat_1_fold_1,LRPPRC,0.0,0.0,0.0,0.0,0.0,0.0,0.0
repeat_1_fold_1,LRRC1,0.0,0.0,0.0,0.0,0.0,0.0,0.0
repeat_1_fold_1,LRRC14,0.0,0.0,0.0,0.0,0.0,0.0,0.0
repeat_1_fold_1,LRRC8E,0.0,0.0,0.0,0.0,0.0,0.0,0.0
repeat_1_fold_1,LSM2,-0.20630079967319226,0.6068712837620063,0.30343564188100314,-0.5097364415541954,0.25,-0.0008896797153024882,0.5
repeat_1_fold_1,LTB4R,0.0,0.0,0.0,0.0,0.0,0.0,0.0
repeat_1_fold_1,LYPD1,0.0,0.0,0.0,0.0,0.0,0.0,0.0
repeat_1_fold_1,LYRM2,0.0,0.0,0.0,0.0,0.0,0.0,0.0
repeat_1_fold_1,MAD1L1,0.0,0.0,0.0,0.0,0.0,-0.000609260763606817,0.5
repeat_1_fold_1,MAGED1,0.1399341799500622,0.247305150881568,0.123652575440784,0.016281604509278194,0.5,0.0026932505760152436,1.0
repeat_1_fold_1,MAN1C1,0.0,0.0,0.0,0.0,0.0,0.0,0.0
repeat_1_fold_1,MAPK9,0.0,0.0,0.0,0.0,0.0,0.0,0.0
repeat_1_fold_1,MAPKAP1,0.0,0.0,0.0,0.0,0.0,0.0,0.0
repeat_1_fold_1,MARCKS,0.0,0.0,0.0,0.0,0.0,0.0,0.0
repeat_1_fold_1,MAT2A,0.0,0.0,0.0,0.0,0.0,0.0,0.0
repeat_1_fold_1,MAVS,-0.025752181399459673,0.051504362798919345,0.025752181399459673,-0.051504362798919345,0.0,0.0,0.5
repeat_1_fold_1,MC2R,0.0,0.0,0.0,0.0,0.0,0.0,0.0
repeat_1_fold_1,MCFD2,0.0,0.0,0.0,0.0,0.0,-0.00020308692120227234,0.5
repeat_1_fold_1,MCPH1,0.0,0.0,0.0,0.0,0.0,0.0,0.0
repeat_1_fold_1,MDM2,0.28652269117334583,0.4095069898994677,0.20475349494973386,0.08176919622361198,0.5,-0.000295054219148827,1.0
repeat_1_fold_1,MED21,0.13103313047265353,0.1709123756303388,0.0854561878151694,0.04557694265748413,0.5,-0.0008896797153024605,0.5
repeat_1_fold_1,MIA3,0.0,0.0,0.0,0.0,0.0,0.0,0.0
repeat_1_fold_1,MICA,0.0,0.0,0.0,0.0,0.0,0.0,0.0
repeat_1_fold_1,MICB,0.0,0.0,0.0,0.0,0.0,0.0,0.5
repeat_1_fold_1,MKNK1,-0.09925204957000489,0.1583180998654411,0.07915904993272055,-0.17841109950272543,0.0,0.002316166586202789,1.0
repeat_1_fold_1,MLANA,0.0,0.0,0.0,0.0,0.0,0.0,0.0
repeat_1_fold_1,MLH3,0.1705733338872104,0.21554035476391206,0.10777017738195603,0.06280315650525438,0.5,0.0,0.5
repeat_1_fold_1,MMP1,0.15382850627977973,0.17762585901933772,0.08881292950966886,0.06501557677011087,0.5,0.0053818034118602864,0.5
repeat_1_fold_1,MMP15,0.0,0.0,0.0,0.0,0.0,0.0,0.0
repeat_1_fold_1,MPHOSPH8,0.0,0.0,0.0,0.0,0.0,0.0,0.0
repeat_1_fold_1,MRPL22,0.0,0.0,0.0,0.0,0.0,0.0,0.0
repeat_1_fold_1,MRPL57,0.0,0.0,0.0,0.0,0.0,0.0,0.0
repeat_1_fold_1,MRPS15,0.0,0.0,0.0,0.0,0.0,0.0,0.0
repeat_1_fold_1,MRPS17,0.0,0.0,0.0,0.0,0.0,0.0,0.0
repeat_1_fold_1,MRPS18C,0.0,0.0,0.0,0.0,0.0,0.0,0.0
repeat_1_fold_1,MRPS33,0.0,0.0,0.0,0.0,0.0,0.0,0.0
repeat_1_fold_1,MS4A3,0.0,0.0,0.0,0.0,0.0,0.0,0.0
repeat_1_fold_1,MSH3,0.0,0.0,0.0,0.0,0.0,0.0,0.0
repeat_1_fold_1,MSH6,0.0,0.0,0.0,0.0,0.0,0.0,0.0
repeat_1_fold_1,MSRB2,0.0,0.0,0.0,0.0,0.0,0.0,0.0
repeat_1_fold_1,MSTN,0.0,0.0,0.0,0.0,0.0,0.0,0.0
repeat_1_fold_1,MSX2,0.0,0.0,0.0,0.0,0.0,0.0,0.0
repeat_1_fold_1,MT1M,0.0,0.0,0.0,0.0,0.0,0.0,0.0
repeat_1_fold_1,MT3,0.007792545590454836,0.015585091180909671,0.007792545590454836,0.0,0.25,0.0029205489273252394,1.0
repeat_1_fold_1,MTARC2,0.0,0.0,0.0,0.0,0.0,-0.0008123476848090894,0.5
repeat_1_fold_1,MTHFD1,0.0,0.0,0.0,0.0,0.0,0.0,0.0
repeat_1_fold_1,MTMR10,0.0,0.0,0.0,0.0,0.0,0.0,0.0
repeat_1_fold_1,MTRF1,0.0,0.0,0.0,0.0,0.0,0.0,0.0
repeat_1_fold_1,MX2,0.0,0.0,0.0,0.0,0.0,0.0,0.0
repeat_1_fold_1,MXD4,0.0,0.0,0.0,0.0,0.0,0.0,0.0
repeat_1_fold_1,MYBPC1,0.0,0.0,0.0,0.0,0.0,0.0,0.0
repeat_1_fold_1,MYO6,0.0,0.0,0.0,0.0,0.0,0.0,0.0
repeat_1_fold_1,NADK,0.0,0.0,0.0,0.0,0.0,0.0,0.0
repeat_1_fold_1,NANS,0.0,0.0,0.0,0.0,0.0,0.0,0.0
repeat_1_fold_1,NAT2,0.0,0.0,0.0,0.0,0.0,0.0,0.0
repeat_1_fold_1,NCAM1,-0.025752181399459673,0.051504362798919345,0.025752181399459673,-0.051504362798919345,0.0,0.000222419928825629,0.5
repeat_1_fold_1,NCAN,0.0,0.0,0.0,0.0,0.0,0.0,0.0
repeat_1_fold_1,NCAPG,0.0,0.0,0.0,0.0,0.0,0.0,0.0
repeat_1_fold_1,NCBP2,0.0,0.0,0.0,0.0,0.0,0.0,0.0
repeat_1_fold_1,NCKAP1,0.0,0.0,0.0,0.0,0.0,0.002030869212022751,0.5
repeat_1_fold_1,NCOA1,0.0,0.0,0.0,0.0,0.0,0.0,0.0
repeat_1_fold_1,NCOA2,0.0,0.0,0.0,0.0,0.0,0.0,0.0
repeat_1_fold_1,NCOR2,0.0295746741493339,0.15704716583811837,0.07852358291905918,-0.04894890876972528,0.25,0.0020115362043993945,1.0
repeat_1_fold_1,NCR1,0.0,0.0,0.0,0.0,0.0,0.0,0.0
repeat_1_fold_1,NDST2,-0.16273967034880954,0.20413923904086734,0.10206961952043367,-0.26480928986924324,0.0,-0.00044483985765123024,0.5
repeat_1_fold_1,NDUFA6,0.04071578901195849,0.29117865151671685,0.14558932575835842,-0.10487353674639993,0.75,-0.009709325520148249,1.0
repeat_1_fold_1,NDUFA7,0.0,0.0,0.0,0.0,0.0,0.0,0.0
repeat_1_fold_1,NDUFAF7,0.0,0.0,0.0,0.0,0.0,0.0,0.0
repeat_1_fold_1,NDUFB1,0.0617223957625761,0.12344479152515218,0.06172239576257609,6.938893903907228e-18,0.25,0.0010154346060113617,0.5
repeat_1_fold_1,NDUFB4,0.0,0.0,0.0,0.0,0.0,0.0,0.0
repeat_1_fold_1,NDUFB8,0.0,0.0,0.0,0.0,0.0,-0.00022241992882560124,0.5
repeat_1_fold_1,NDUFS3,0.0,0.0,0.0,0.0,0.0,0.0,0.0
repeat_1_fold_1,NEB,0.0,0.0,0.0,0.0,0.0,0.0,0.0
repeat_1_fold_1,NECTIN2,0.0,0.0,0.0,0.0,0.0,0.0,0.0
repeat_1_fold_1,NFRKB,0.0,0.0,0.0,0.0,0.0,0.0,0.0
repeat_1_fold_1,NFYB,-0.025752181399459673,0.051504362798919345,0.025752181399459673,-0.051504362798919345,0.0,-0.0011120996441281172,0.5
repeat_1_fold_1,NME1,0.0,0.0,0.0,0.0,0.0,0.0008123476848090894,0.5
repeat_1_fold_1,NME3,0.0,0.0,0.0,0.0,0.0,-0.0007108042242079671,0.5
repeat_1_fold_1,NMRK1,0.0,0.0,0.0,0.0,0.0,0.0013393979954381685,1.0
repeat_1_fold_1,NMRK2,0.0,0.0,0.0,0.0,0.0,0.0,0.0
repeat_1_fold_1,NOL11,0.0,0.0,0.0,0.0,0.0,0.0,0.0
repeat_1_fold_1,NOS2,0.0,0.0,0.0,0.0,0.0,-0.000444839857651258,0.5
repeat_1_fold_1,NOTCH2,0.0,0.0,0.0,0.0,0.0,0.0,0.0
repeat_1_fold_1,NPC1,0.0,0.0,0.0,0.0,0.0,0.0,0.0
repeat_1_fold_1,NPC1L1,0.0,0.0,0.0,0.0,0.0,0.000222419928825629,0.5
repeat_1_fold_1,NPEPPS,0.0,0.0,0.0,0.0,0.0,0.0,0.0
repeat_1_fold_1,NPFF,0.0,0.0,0.0,0.0,0.0,-0.001320064987814784,0.5
repeat_1_fold_1,NPHS2,0.0,0.0,0.0,0.0,0.0,0.0022339561332250235,0.5
repeat_1_fold_1,NPTN,0.0,0.0,0.0,0.0,0.0,0.0,0.0
repeat_1_fold_1,NR0B1,0.0,0.0,0.0,0.0,0.0,0.0,0.0
repeat_1_fold_1,NR2C2,-0.07888093388708839,0.0911231417144512,0.0455615708572256,-0.12444250474431398,0.0,0.0028914590747330937,0.5
repeat_1_fold_1,NR2E3,0.0,0.0,0.0,0.0,0.0,0.0,0.0
repeat_1_fold_1,NR2F1,0.0,0.0,0.0,0.0,0.0,0.0,0.0
repeat_1_fold_1,NR4A2,-0.03768810487695973,0.07537620975391945,0.03768810487695973,-0.07537620975391945,0.0,0.000444839857651258,0.5
repeat_1_fold_1,NRP2,-0.3873019458878417,0.7746038917756836,0.3873019458878418,-0.7746038917756835,0.0,-0.0008896797153024882,0.5
repeat_1_fold_1,NRXN2,0.0,0.0,0.0,0.0,0.0,0.0,0.0
repeat_1_fold_1,NRXN3,-0.9619794881204555,1.163805407570287,0.5819027037851435,-1.543882191905599,0.0,0.010154346060113728,1.0
repeat_1_fold_1,NSD3,0.0,0.0,0.0,0.0,0.0,0.0,0.0
repeat_1_fold_1,NTS,0.0,0.0,0.0,0.0,0.0,0.0,0.0
repeat_1_fold_1,NUBP2,0.0,0.0,0.0,0.0,0.0,0.0,0.0
repeat_1_fold_1,NUDT15,0.0,0.0,0.0,0.0,0.0,0.0,0.0
repeat_1_fold_1,NUP205,-0.27273555391225734,0.2878652947738341,0.14393264738691705,-0.41666820129917437,0.0,0.00042550685002790134,1.0
repeat_1_fold_1,NUP214,0.0,0.0,0.0,0.0,0.0,0.0,0.0
repeat_1_fold_1,NXT1,0.0,0.0,0.0,0.0,0.0,0.0,0.0
repeat_1_fold_1,OASL,0.0,0.0,0.0,0.0,0.0,0.0,0.0
repeat_1_fold_1,OAT,0.02459834812588646,0.036823639133394086,0.018411819566697043,0.006186528559189417,0.5,0.0029447603574329906,0.5
repeat_1_fold_1,OAZ3,0.0,0.0,0.0,0.0,0.0,0.0,0.0
repeat_1_fold_1,OCA2,0.0,0.0,0.0,0.0,0.0,0.0,0.0
repeat_1_fold_1,OLR1,0.0,0.0,0.0,0.0,0.0,0.0,0.0
repeat_1_fold_1,ONECUT1,0.0,0.0,0.0,0.0,0.0,0.0,0.0
repeat_1_fold_1,OPN3,0.0,0.0,0.0,0.0,0.0,0.0,0.0
repeat_1_fold_1,OR10H3,0.0,0.0,0.0,0.0,0.0,0.0,0.0
repeat_1_fold_1,OR2B6,0.0,0.0,0.0,0.0,0.0,0.0,0.0
repeat_1_fold_1,OR2S2,0.0,0.0,0.0,0.0,0.0,0.0,0.0
repeat_1_fold_1,ORC1,0.0,0.0,0.0,0.0,0.0,0.0,0.0
repeat_1_fold_1,ORC5,0.0,0.0,0.0,0.0,0.0,0.0,0.0
repeat_1_fold_1,OSBPL7,0.0,0.0,0.0,0.0,0.0,0.0,0.0
repeat_1_fold_1,OSGEP,0.0,0.0,0.0,0.0,0.0,0.0,0.0
repeat_1_fold_1,OSMR,0.0,0.0,0.0,0.0,0.0,0.0,0.0
repeat_1_fold_1,OSTF1,0.0,0.0,0.0,0.0,0.0,0.0,0.0
repeat_1_fold_1,P2RX4,0.0,0.0,0.0,0.0,0.0,0.0,0.0
repeat_1_fold_1,P2RY13,0.0,0.0,0.0,0.0,0.0,0.0,0.0
repeat_1_fold_1,P2RY6,-0.9874892350183782,1.140292155107661,0.5701460775538305,-1.5576353125722087,0.0,0.0033362989323843517,0.5
repeat_1_fold_1,P4HA2,0.0,0.0,0.0,0.0,0.0,0.0,0.0
repeat_1_fold_1,PAFAH1B2,0.0,0.0,0.0,0.0,0.0,0.0,0.0
repeat_1_fold_1,PAFAH1B3,0.0,0.0,0.0,0.0,0.0,0.0,0.0
repeat_1_fold_1,PAM16,0.0,0.0,0.0,0.0,0.0,0.0,0.0
repeat_1_fold_1,PANX1,0.0,0.0,0.0,0.0,0.0,0.0,0.0
repeat_1_fold_1,PAPPA,0.0,0.0,0.0,0.0,0.0,0.0,0.0
repeat_1_fold_1,PARG,0.0,0.0,0.0,0.0,0.0,0.0,0.0
repeat_1_fold_1,PARP1,0.0,0.0,0.0,0.0,0.0,0.0,0.0
repeat_1_fold_1,PARP6,0.7040811061616452,0.8589208485588015,0.42946042427940073,0.2746206818822445,0.5,0.005115658362989356,0.5
repeat_1_fold_1,PAX5,-0.0551026899030056,0.06362710569714551,0.031813552848572756,-0.08691624275157836,0.0,0.0009138911454102394,0.5
repeat_1_fold_1,PAX6,0.0,0.0,0.0,0.0,0.0,0.0,0.0
repeat_1_fold_1,PBRM1,0.0,0.0,0.0,0.0,0.0,0.0,0.0
repeat_1_fold_1,PCK1,0.0,0.0,0.0,0.0,0.0,0.0,0.0
repeat_1_fold_1,PCLAF,0.0,0.0,0.0,0.0,0.0,0.0,0.0
repeat_1_fold_1,PCTP,0.0,0.0,0.0,0.0,0.0,0.0,0.0
repeat_1_fold_1,PCYOX1L,0.0,0.0,0.0,0.0,0.0,-0.0008123476848090894,0.5
repeat_1_fold_1,PDE12,0.0,0.0,0.0,0.0,0.0,-0.001218521527213634,0.5
repeat_1_fold_1,PDE1B,0.0,0.0,0.0,0.0,0.0,0.0,0.0
repeat_1_fold_1,PDE3A,-0.06323630689070114,0.08873020034488387,0.04436510017244193,-0.10760140706314308,0.0,0.0005077173030056947,0.5
repeat_1_fold_1,PDE3B,0.0,0.0,0.0,0.0,0.0,0.0,0.0
repeat_1_fold_1,PER2,0.0,0.0,0.0,0.0,0.0,0.0,0.0
repeat_1_fold_1,PFDN1,0.0,0.0,0.0,0.0,0.0,0.0,0.0
repeat_1_fold_1,PFDN5,0.0,0.0,0.0,0.0,0.0,0.0,0.0
repeat_1_fold_1,PFN2,0.0,0.0,0.0,0.0,0.0,0.0,0.0
repeat_1_fold_1,PGD,0.0,0.0,0.0,0.0,0.0,0.0,0.0
repeat_1_fold_1,PGLYRP1,0.0,0.0,0.0,0.0,0.0,0.0,0.0
repeat_1_fold_1,PGM1,0.0,0.0,0.0,0.0,0.0,0.0,0.0
repeat_1_fold_1,PHB2,0.0,0.0,0.0,0.0,0.0,0.0,0.0
repeat_1_fold_1,PHC1,0.0,0.0,0.0,0.0,0.0,0.0,0.0
repeat_1_fold_1,PHF1,0.0,0.0,0.0,0.0,0.0,0.0,0.0
repeat_1_fold_1,PIAS4,0.0,0.0,0.0,0.0,0.0,0.0,0.0
repeat_1_fold_1,PIGA,0.0,0.0,0.0,0.0,0.0,0.002640129975629568,0.5
repeat_1_fold_1,PIGV,0.0,0.0,0.0,0.0,0.0,0.0,0.0
repeat_1_fold_1,PIK3C2G,-0.016182983253717254,0.03236596650743451,0.016182983253717254,-0.03236596650743451,0.0,0.0021324126726238735,0.5
repeat_1_fold_1,PILRA,0.0,0.0,0.0,0.0,0.0,0.0,0.0
repeat_1_fold_1,PIM1,0.0,0.0,0.0,0.0,0.0,0.0,0.0
repeat_1_fold_1,PITPNA,0.0,0.0,0.0,0.0,0.0,0.0,0.0
repeat_1_fold_1,PITRM1,0.0,0.0,0.0,0.0,0.0,0.0,0.0
repeat_1_fold_1,PLA2G2E,0.0,0.0,0.0,0.0,0.0,0.0,0.0
repeat_1_fold_1,PLA2G3,0.0,0.0,0.0,0.0,0.0,0.0,0.0
repeat_1_fold_1,PLA2G5,0.0,0.0,0.0,0.0,0.0,0.0,0.0
repeat_1_fold_1,PLAU,0.0,0.0,0.0,0.0,0.0,0.0,0.0
repeat_1_fold_1,PLBD1,0.03994026720369348,0.07988053440738696,0.03994026720369348,0.0,0.25,0.000667259786476887,0.5
repeat_1_fold_1,PLCG2,0.0,0.0,0.0,0.0,0.0,0.0,0.0
repeat_1_fold_1,PLIN2,-0.0275513449515028,0.0551026899030056,0.0275513449515028,-0.0551026899030056,0.0,0.0011169780666125118,0.5
repeat_1_fold_1,PLK2,-0.34735308457333147,0.8024511690912238,0.4012255845456119,-0.7485786691189433,0.25,0.0032493907392363852,0.5
repeat_1_fold_1,PLK3,0.0,0.0,0.0,0.0,0.0,0.0,0.0
repeat_1_fold_1,PLOD2,0.0,0.0,0.0,0.0,0.0,0.0,0.0
repeat_1_fold_1,PLPPR3,0.0,0.0,0.0,0.0,0.0,0.0,0.0
repeat_1_fold_1,PLXNB1,0.0,0.0,0.0,0.0,0.0,0.0,0.0
repeat_1_fold_1,PMEL,-0.027361780936221436,0.037124901944080885,0.018562450972040442,-0.04592423190826188,0.0,0.004003558718861211,0.5
repeat_1_fold_1,PMP22,0.0,0.0,0.0,0.0,0.0,0.0,0.0
repeat_1_fold_1,PNOC,0.0,0.0,0.0,0.0,0.0,0.0,0.0
repeat_1_fold_1,POLQ,0.0,0.0,0.0,0.0,0.0,0.0,0.0
repeat_1_fold_1,POLR1C,-0.08306906631628763,0.16613813263257526,0.08306906631628763,-0.16613813263257526,0.0,0.000444839857651258,0.5
repeat_1_fold_1,POLR1G,0.0,0.0,0.0,0.0,0.0,0.0,0.0
repeat_1_fold_1,POLR2B,0.0,0.0,0.0,0.0,0.0,0.0,0.0
repeat_1_fold_1,POLR2I,0.0,0.0,0.0,0.0,0.0,0.0,0.0
repeat_1_fold_1,PON3,0.0,0.0,0.0,0.0,0.0,0.0,0.0
repeat_1_fold_1,POP1,0.0,0.0,0.0,0.0,0.0,0.0,0.0
repeat_1_fold_1,PPARD,0.0,0.0,0.0,0.0,0.0,0.0,0.0
repeat_1_fold_1,PPFIBP2,-0.8746928199195114,1.0809772241645992,0.5404886120822996,-1.415181432001811,0.0,0.002557919522651775,1.0
repeat_1_fold_1,PPL,0.017362383130054226,0.29845046851499585,0.14922523425749792,-0.1318628511274437,0.5,-0.0025868286929296713,1.0
repeat_1_fold_1,PPP2R5A,0.0,0.0,0.0,0.0,0.0,0.0,0.0
repeat_1_fold_1,PPP2R5D,0.0,0.0,0.0,0.0,0.0,0.0,0.0
repeat_1_fold_1,PPP6R3,0.0,0.0,0.0,0.0,0.0,0.0,0.0
repeat_1_fold_1,PRCC,0.0,0.0,0.0,0.0,0.0,0.0,0.0
repeat_1_fold_1,PRDM16,0.0,0.0,0.0,0.0,0.0,0.0,0.0
repeat_1_fold_1,PRDM4,0.0,0.0,0.0,0.0,0.0,0.0,0.0
repeat_1_fold_1,PRDM9,0.0,0.0,0.0,0.0,0.0,0.0,0.0
repeat_1_fold_1,PRKAR1B,0.0,0.0,0.0,0.0,0.0,0.0,0.0
repeat_1_fold_1,PRLR,0.0,0.0,0.0,0.0,0.0,0.0,0.0
repeat_1_fold_1,PRPF40A,-0.2003342974895581,0.2343353244643408,0.1171676622321704,-0.3175019597217285,0.0,0.0,0.5
repeat_1_fold_1,PRPF8,-0.047053323636982114,0.05589990888311922,0.02794995444155961,-0.07500327807854172,0.0,0.00010154346060115005,0.5
repeat_1_fold_1,PSG1,0.0,0.0,0.0,0.0,0.0,0.0,0.0
repeat_1_fold_1,PSMA4,0.0,0.0,0.0,0.0,0.0,0.0,0.0
repeat_1_fold_1,PSMD12,0.0,0.0,0.0,0.0,0.0,0.0,0.0
repeat_1_fold_1,PSMD4,0.0,0.0,0.0,0.0,0.0,0.0,0.0
repeat_1_fold_1,PSMD6,0.0,0.0,0.0,0.0,0.0,0.0,0.0
repeat_1_fold_1,PSMD9,0.022168051372403852,0.044336102744807704,0.022168051372403852,0.0,0.25,0.0010154346060113895,0.5
repeat_1_fold_1,PSMG1,-0.12576441421554563,0.19116140379737837,0.09558070189868918,-0.2213451161142348,0.0,-0.00022241992882560124,0.5
repeat_1_fold_1,PTCH1,0.0,0.0,0.0,0.0,0.0,0.0,0.0
repeat_1_fold_1,PTGER3,0.0,0.0,0.0,0.0,0.0,0.0,0.0
repeat_1_fold_1,PTGS1,0.0,0.0,0.0,0.0,0.0,0.0,0.0
repeat_1_fold_1,PTGS2,0.0,0.0,0.0,0.0,0.0,0.0,0.0
repeat_1_fold_1,PTPN18,-0.9540756206132386,0.7784677120382238,0.3892338560191119,-1.3433094766323506,0.0,0.0072337971327885164,1.0
repeat_1_fold_1,PTPRU,0.0,0.0,0.0,0.0,0.0,0.0,0.0
repeat_1_fold_1,PTRH2,0.0,0.0,0.0,0.0,0.0,0.0,0.0
repeat_1_fold_1,PUS7,0.0,0.0,0.0,0.0,0.0,0.0,0.0
repeat_1_fold_1,PYCR3,0.0,0.0,0.0,0.0,0.0,0.0,0.0
repeat_1_fold_1,QPRT,0.0,0.0,0.0,0.0,0.0,-0.0004061738424045447,0.5
repeat_1_fold_1,RAB15,0.0,0.0,0.0,0.0,0.0,0.0,0.0
repeat_1_fold_1,RAB3B,0.0,0.0,0.0,0.0,0.0,0.0,0.0
repeat_1_fold_1,RAB6B,0.0,0.0,0.0,0.0,0.0,0.0,0.0
repeat_1_fold_1,RAB8B,0.10296681571064425,0.11963542724012168,0.05981771362006084,0.04314910209058342,0.5,-0.00020308692120227234,0.5
repeat_1_fold_1,RABGAP1,-0.051504362798919345,0.05947211545279246,0.02973605772639623,-0.08124042052531558,0.0,0.001334519572953774,0.5
repeat_1_fold_1,RAD51D,-0.07905570775042214,0.05281288076813652,0.02640644038406826,-0.1054621481344904,0.0,-0.0004061738424045447,1.0
repeat_1_fold_1,RALBP1,0.0,0.0,0.0,0.0,0.0,0.0,0.0
repeat_1_fold_1,RAMP1,0.0,0.0,0.0,0.0,0.0,0.0,0.0
repeat_1_fold_1,RAP1A,0.0,0.0,0.0,0.0,0.0,0.0,0.0
repeat_1_fold_1,RAP1GAP2,0.0,0.0,0.0,0.0,0.0,0.0,0.0
repeat_1_fold_1,RAP2B,0.0,0.0,0.0,0.0,0.0,0.0,0.0
repeat_1_fold_1,RASGRF1,-0.09558800788966337,0.11520475001824343,0.057602375009121715,-0.1531903828987851,0.0,0.000444839857651258,0.5
repeat_1_fold_1,RBM28,0.0,0.0,0.0,0.0,0.0,0.0,0.0
repeat_1_fold_1,RBM42,0.0,0.0,0.0,0.0,0.0,-0.000222419928825629,0.5
repeat_1_fold_1,RBM7,-0.6421564860159332,0.9535415889546132,0.4767707944773066,-1.1189272804932398,0.0,0.0008510137000558304,1.0
repeat_1_fold_1,RBM8A,0.0,0.0,0.0,0.0,0.0,0.0011169780666125118,0.5
repeat_1_fold_1,RBPJ,0.0,0.0,0.0,0.0,0.0,0.0,0.0
repeat_1_fold_1,REG3A,0.0,0.0,0.0,0.0,0.0,0.0,0.0
repeat_1_fold_1,REPS1,-0.27252444215294425,0.8305072466221239,0.41525362331106197,-0.6877780654640062,0.25,-0.00044483985765123024,0.5
repeat_1_fold_1,REPS2,0.0,0.0,0.0,0.0,0.0,0.0,0.0
repeat_1_fold_1,RET,0.0,0.0,0.0,0.0,0.0,0.0,0.0
repeat_1_fold_1,RFK,0.0,0.0,0.0,0.0,0.0,0.0008123476848090894,0.5
repeat_1_fold_1,RGS10,0.0,0.0,0.0,0.0,0.0,0.0,0.0
repeat_1_fold_1,RGS20,0.0,0.0,0.0,0.0,0.0,0.0,0.0
repeat_1_fold_1,RGS3,0.0,0.0,0.0,0.0,0.0,0.0,0.0
repeat_1_fold_1,RHEB,0.0,0.0,0.0,0.0,0.0,0.0,0.0
repeat_1_fold_1,RIPK1,0.0,0.0,0.0,0.0,0.0,0.002335499593826146,0.5
repeat_1_fold_1,RIPK2,0.0,0.0,0.0,0.0,0.0,0.0,0.0
repeat_1_fold_1,RIPOR2,0.0,0.0,0.0,0.0,0.0,0.0,0.0
repeat_1_fold_1,RMND5A,0.0,0.0,0.0,0.0,0.0,0.0,0.0
repeat_1_fold_1,RNASE1,0.0,0.0,0.0,0.0,0.0,0.0,0.0
repeat_1_fold_1,RNASE2,0.0,0.0,0.0,0.0,0.0,0.0,0.0
repeat_1_fold_1,RND2,0.0,0.0,0.0,0.0,0.0,0.0,0.0
repeat_1_fold_1,RNF128,0.0617223957625761,0.12344479152515218,0.06172239576257609,6.938893903907228e-18,0.25,-0.0019293257514216011,0.5
repeat_1_fold_1,RNF138,-0.0275513449515028,0.0551026899030056,0.0275513449515028,-0.0551026899030056,0.0,0.003147847278635263,0.5
repeat_1_fold_1,RNF139,0.0,0.0,0.0,0.0,0.0,0.0,0.0
repeat_1_fold_1,RNF4,0.0,0.0,0.0,0.0,0.0,0.0,0.0
repeat_1_fold_1,ROBO1,0.0,0.0,0.0,0.0,0.0,0.0,0.0
repeat_1_fold_1,RPL10A,0.0,0.0,0.0,0.0,0.0,0.0,0.0
repeat_1_fold_1,RPL22,0.0,0.0,0.0,0.0,0.0,0.0,0.0
repeat_1_fold_1,RPL34,0.0,0.0,0.0,0.0,0.0,0.0,0.0
repeat_1_fold_1,RPP21,0.0,0.0,0.0,0.0,0.0,0.0,0.0
repeat_1_fold_1,RPP40,0.0,0.0,0.0,0.0,0.0,0.0,0.0
repeat_1_fold_1,RPS10,0.0,0.0,0.0,0.0,0.0,0.0,0.0
repeat_1_fold_1,RPS11,0.0,0.0,0.0,0.0,0.0,0.0,0.0
repeat_1_fold_1,RPS12,0.0,0.0,0.0,0.0,0.0,0.0007108042242079671,0.5
repeat_1_fold_1,RPS20,0.0,0.0,0.0,0.0,0.0,-0.000222419928825629,0.5
repeat_1_fold_1,RPS27L,0.0,0.0,0.0,0.0,0.0,0.0,0.0
repeat_1_fold_1,RPS6KA2,0.0,0.0,0.0,0.0,0.0,0.000222419928825629,0.5
repeat_1_fold_1,RPS6KA4,0.0,0.0,0.0,0.0,0.0,0.0,0.0
repeat_1_fold_1,RPSA,0.0,0.0,0.0,0.0,0.0,0.0,0.0
repeat_1_fold_1,RRM1,0.0,0.0,0.0,0.0,0.0,0.0,0.0
repeat_1_fold_1,RTF1,0.0,0.0,0.0,0.0,0.0,0.0,0.0
repeat_1_fold_1,S100A9,0.0,0.0,0.0,0.0,0.0,0.0,0.0
repeat_1_fold_1,S100B,0.0,0.0,0.0,0.0,0.0,0.0,0.0
repeat_1_fold_1,S1PR2,0.0,0.0,0.0,0.0,0.0,0.0,0.0
repeat_1_fold_1,SAE1,0.0,0.0,0.0,0.0,0.0,0.0,0.0
repeat_1_fold_1,SCD5,0.0,0.0,0.0,0.0,0.0,0.0,0.0
repeat_1_fold_1,SCMH1,-0.07879586693431051,0.058120353364824504,0.029060176682412252,-0.10785604361672277,0.25,0.0001595424834711645,1.0
repeat_1_fold_1,SCN3A,0.0,0.0,0.0,0.0,0.0,0.0,0.0
repeat_1_fold_1,SCTR,-0.8253321086266894,1.1378693955400079,0.5689346977700039,-1.3942668063966934,0.5,-0.0016633613848648643,1.0
repeat_1_fold_1,SDC1,-1.2918827555331749,1.554260920388687,0.7771304601943435,-2.0690132157275185,0.0,0.005178716490657986,0.5
repeat_1_fold_1,SDHAF1,0.0,0.0,0.0,0.0,0.0,0.0,0.0
repeat_1_fold_1,SDS,0.0,0.0,0.0,0.0,0.0,0.0,0.0
repeat_1_fold_1,SEC61B,0.0,0.0,0.0,0.0,0.0,0.0,0.0
repeat_1_fold_1,SEL1L,0.0,0.0,0.0,0.0,0.0,0.0,0.0
repeat_1_fold_1,SEMA4D,0.0,0.0,0.0,0.0,0.0,0.0,0.0
repeat_1_fold_1,SEPHS2,0.0,0.0,0.0,0.0,0.0,0.0,0.0
repeat_1_fold_1,SERINC3,0.0,0.0,0.0,0.0,0.0,0.0,0.0
repeat_1_fold_1,SERINC5,0.0,0.0,0.0,0.0,0.0,0.0012233999496980286,1.0
repeat_1_fold_1,SERP1,0.0,0.0,0.0,0.0,0.0,0.0,0.0
repeat_1_fold_1,SERPINA3,0.0,0.0,0.0,0.0,0.0,0.0,0.0
repeat_1_fold_1,SERPIND1,0.033719753917967665,0.10033822886349682,0.05016911443174841,-0.016449360513780743,0.25,0.000222419928825629,0.5
repeat_1_fold_1,SERPING1,0.0,0.0,0.0,0.0,0.0,0.0,0.0
repeat_1_fold_1,SF3A3,0.0,0.0,0.0,0.0,0.0,0.0,0.0
repeat_1_fold_1,SGK1,0.0,0.0,0.0,0.0,0.0,0.0,0.0
repeat_1_fold_1,SH3BP1,0.0,0.0,0.0,0.0,0.0,0.0,0.0
repeat_1_fold_1,SH3GL3,0.0,0.0,0.0,0.0,0.0,0.0,0.0
repeat_1_fold_1,SHC1,0.0,0.0,0.0,0.0,0.0,0.0,0.0
repeat_1_fold_1,SHMT1,-0.19429861000867987,0.46572229763103334,0.23286114881551667,-0.42715975882419654,0.25,-0.0011120996441280895,0.5
repeat_1_fold_1,SHMT2,0.0,0.0,0.0,0.0,0.0,0.001382942433169193,1.0
repeat_1_fold_1,SIGLEC9,0.0,0.0,0.0,0.0,0.0,0.0,0.0
repeat_1_fold_1,SIKE1,0.0,0.0,0.0,0.0,0.0,-0.0017793594306049765,0.5
repeat_1_fold_1,SLA,0.0,0.0,0.0,0.0,0.0,-0.000222419928825629,0.5
repeat_1_fold_1,SLC11A2,0.0,0.0,0.0,0.0,0.0,0.0,0.0
repeat_1_fold_1,SLC12A3,0.0,0.0,0.0,0.0,0.0,0.0,0.0
repeat_1_fold_1,SLC15A1,0.0,0.0,0.0,0.0,0.0,0.0,0.0
repeat_1_fold_1,SLC1A7,0.0,0.0,0.0,0.0,0.0,0.0,0.0
repeat_1_fold_1,SLC20A2,0.0,0.0,0.0,0.0,0.0,0.000609260763606817,0.5
repeat_1_fold_1,SLC22A4,0.0,0.0,0.0,0.0,0.0,0.0,0.0
repeat_1_fold_1,SLC25A15,0.0,0.0,0.0,0.0,0.0,0.0,0.0
repeat_1_fold_1,SLC25A17,-0.057899903012703646,0.11579980602540729,0.057899903012703646,-0.11579980602540729,0.0,-0.0008896797153024882,0.5
repeat_1_fold_1,SLC25A42,0.0,0.0,0.0,0.0,0.0,0.0,0.0
repeat_1_fold_1,SLC25A6,0.0,0.0,0.0,0.0,0.0,0.0,0.0
repeat_1_fold_1,SLC27A6,0.0617223957625761,0.12344479152515218,0.06172239576257609,6.938893903907228e-18,0.25,0.000507717303005667,0.5
repeat_1_fold_1,SLC2A11,0.006619705859568725,0.10108167511480284,0.05054083755740142,-0.0439211316978327,0.25,0.0004061738424045447,0.5
repeat_1_fold_1,SLC34A2,-0.11076022525066875,0.13246082249492866,0.06623041124746433,-0.17699063649813307,0.0,0.0024466192170818635,0.5
repeat_1_fold_1,SLC38A2,0.0,0.0,0.0,0.0,0.0,0.0,0.0
repeat_1_fold_1,SLCO3A1,0.0,0.0,0.0,0.0,0.0,0.0,0.0
repeat_1_fold_1,SMARCA2,0.0,0.0,0.0,0.0,0.0,0.0,0.0
repeat_1_fold_1,SMC6,0.0,0.0,0.0,0.0,0.0,0.0,0.0
repeat_1_fold_1,SMS,0.0,0.0,0.0,0.0,0.0,0.0,0.0
repeat_1_fold_1,SNAPC2,0.0,0.0,0.0,0.0,0.0,0.0,0.0
repeat_1_fold_1,SNCAIP,0.01678475779330313,0.04898817968249679,0.024494089841248394,-0.007709332047945265,0.25,0.0029447603574329906,0.5
repeat_1_fold_1,SNRPD1,-0.3031117546803124,0.7699837201243037,0.38499186006215186,-0.6881036147424642,0.25,0.000889679715302516,0.5
repeat_1_fold_1,SNX3,0.0,0.0,0.0,0.0,0.0,0.0,0.0
repeat_1_fold_1,SNX5,-0.25513669918215953,0.3285041348604901,0.16425206743024506,-0.4193887666124046,0.0,-0.0011120996441281172,0.5
repeat_1_fold_1,SOCS5,-0.09410664727396778,0.10866499627231692,0.05433249813615846,-0.14843914541012623,0.0,-0.000609260763606817,0.5
repeat_1_fold_1,SOD2,-0.0321477216132422,0.0642954432264844,0.0321477216132422,-0.0642954432264844,0.0,0.000222419928825629,0.5
repeat_1_fold_1,SOS2,0.0,0.0,0.0,0.0,0.0,0.0,0.0
repeat_1_fold_1,SOX1,0.0,0.0,0.0,0.0,0.0,0.0,0.0
repeat_1_fold_1,SOX13,-0.8934274691020807,1.2488181142181607,0.6244090571090803,-1.517836526211161,0.0,-0.002335499593826146,0.5
repeat_1_fold_1,SPAST,0.0,0.0,0.0,0.0,0.0,0.0,0.0
repeat_1_fold_1,SPCS1,0.0,0.0,0.0,0.0,0.0,0.0,0.0
repeat_1_fold_1,SPDL1,0.0,0.0,0.0,0.0,0.0,-0.00020308692120227234,0.5
repeat_1_fold_1,SPHK2,0.0,0.0,0.0,0.0,0.0,0.0,0.0
repeat_1_fold_1,SPO11,0.0,0.0,0.0,0.0,0.0,0.0,0.0
repeat_1_fold_1,SPP1,0.0617223957625761,0.12344479152515218,0.06172239576257609,6.938893903907228e-18,0.25,-0.0009718901682802816,1.0
repeat_1_fold_1,SPTBN5,0.12322361259084147,0.24214408801290122,0.12107204400645061,0.0021515685843908616,0.5,0.0014796074712859764,1.0
repeat_1_fold_1,SQLE,0.0,0.0,0.0,0.0,0.0,0.0,0.0
repeat_1_fold_1,SRD5A3,0.0,0.0,0.0,0.0,0.0,0.0,0.0
repeat_1_fold_1,SRI,0.190555518438293,0.25856778705545497,0.12928389352772748,0.06127162491056551,0.5,0.0022339561332250235,0.5
repeat_1_fold_1,SRPK2,0.0,0.0,0.0,0.0,0.0,0.0,0.0
repeat_1_fold_1,SRPRA,0.0,0.0,0.0,0.0,0.0,0.0,0.0
repeat_1_fold_1,SRRM1,0.0,0.0,0.0,0.0,0.0,-0.00010154346060115005,0.5
repeat_1_fold_1,ST6GALNAC4,0.0,0.0,0.0,0.0,0.0,0.0,0.0
repeat_1_fold_1,STEAP3,0.0,0.0,0.0,0.0,0.0,0.0,0.0
repeat_1_fold_1,STN1,0.0,0.0,0.0,0.0,0.0,0.0,0.0
repeat_1_fold_1,STX16,0.0,0.0,0.0,0.0,0.0,0.0,0.0
repeat_1_fold_1,STX1A,0.0,0.0,0.0,0.0,0.0,0.0,0.0
repeat_1_fold_1,SULT1A2,0.0,0.0,0.0,0.0,0.0,0.00040617384240457244,0.5
repeat_1_fold_1,SUMO1,0.0,0.0,0.0,0.0,0.0,0.0,0.0
repeat_1_fold_1,SWAP70,0.0,0.0,0.0,0.0,0.0,0.0,0.0
repeat_1_fold_1,SYCP1,0.0,0.0,0.0,0.0,0.0,0.0,0.0
repeat_1_fold_1,SYF2,0.0,0.0,0.0,0.0,0.0,0.0,0.0
repeat_1_fold_1,SYK,0.0,0.0,0.0,0.0,0.0,0.0,0.0
repeat_1_fold_1,SYTL2,-0.4250804810255673,0.6837320268776875,0.34186601343884376,-0.7669464944644111,0.0,2.7755575615628914e-17,0.5
repeat_1_fold_1,TAB2,-0.11223169014441225,0.12959399303296618,0.06479699651648309,-0.17702868666089533,0.0,-0.00022241992882560124,0.5
repeat_1_fold_1,TAF1,0.0,0.0,0.0,0.0,0.0,0.0,0.0
repeat_1_fold_1,TAF2,0.0,0.0,0.0,0.0,0.0,0.0,0.0
repeat_1_fold_1,TAF5L,0.0341710508110733,0.15102874903232663,0.07551437451616332,-0.041343323705090015,0.25,0.0011169780666125118,0.5
repeat_1_fold_1,TAL1,0.0,0.0,0.0,0.0,0.0,0.0,0.0
repeat_1_fold_1,TARBP2,0.0,0.0,0.0,0.0,0.0,0.0,0.0
repeat_1_fold_1,TAS2R13,0.0,0.0,0.0,0.0,0.0,0.0,0.0
repeat_1_fold_1,TBCE,0.0,0.0,0.0,0.0,0.0,0.0,0.0
repeat_1_fold_1,TBL1X,-0.058571436049421166,0.11714287209884233,0.058571436049421166,-0.11714287209884233,0.0,0.001112099644128145,0.5
repeat_1_fold_1,TBX21,0.0,0.0,0.0,0.0,0.0,0.000222419928825629,0.5
repeat_1_fold_1,TBXAS1,0.0,0.0,0.0,0.0,0.0,0.0,0.0
repeat_1_fold_1,TCF3,0.0,0.0,0.0,0.0,0.0,0.0,0.0
repeat_1_fold_1,TDRD1,0.0,0.0,0.0,0.0,0.0,0.0,0.0
repeat_1_fold_1,TFAP2B,-0.39738638263466974,0.5745074124484478,0.2872537062242239,-0.6846400888588937,0.25,0.007755969020933118,1.0
repeat_1_fold_1,TFAP2C,0.0,0.0,0.0,0.0,0.0,0.0,0.0
repeat_1_fold_1,TFB2M,0.0,0.0,0.0,0.0,0.0,0.0,0.0
repeat_1_fold_1,TFR2,-0.10882124771574553,0.21764249543149106,0.10882124771574553,-0.21764249543149106,0.0,0.0015569395017793752,0.5
repeat_1_fold_1,THBS4,0.0,0.0,0.0,0.0,0.0,0.0,0.0
repeat_1_fold_1,THSD7A,0.0,0.0,0.0,0.0,0.0,0.0,0.0
repeat_1_fold_1,TIAM1,-0.07905570775042214,0.05281288076813652,0.02640644038406826,-0.1054621481344904,0.0,0.006498600796158549,1.0
repeat_1_fold_1,TLR2,0.03994026720369348,0.07988053440738696,0.03994026720369348,0.0,0.25,0.000667259786476887,0.5
repeat_1_fold_1,TM7SF2,0.0,0.0,0.0,0.0,0.0,0.0,0.0
repeat_1_fold_1,TMC6,0.0,0.0,0.0,0.0,0.0,0.0,0.0
repeat_1_fold_1,TMED7,0.0,0.0,0.0,0.0,0.0,0.0,0.0
repeat_1_fold_1,TNFRSF10C,0.0,0.0,0.0,0.0,0.0,0.0,0.0
repeat_1_fold_1,TNFRSF10D,0.0,0.0,0.0,0.0,0.0,0.0,0.0
repeat_1_fold_1,TNFRSF21,-0.10876730841251536,0.2369048181453584,0.1184524090726792,-0.22721971748519457,0.25,-0.0020017793594305777,0.5
repeat_1_fold_1,TNFRSF4,0.0,0.0,0.0,0.0,0.0,0.0,0.0
repeat_1_fold_1,TNFSF15,0.07988053440738696,0.09223809608623205,0.04611904804311603,0.03376148636427093,0.5,-0.0006672597864768592,0.5
repeat_1_fold_1,TNFSF8,0.0,0.0,0.0,0.0,0.0,0.0,0.0
repeat_1_fold_1,TNKS2,0.0,0.0,0.0,0.0,0.0,0.0,0.0
repeat_1_fold_1,TNS3,0.0,0.0,0.0,0.0,0.0,0.0,0.0
repeat_1_fold_1,TOMM40,0.0,0.0,0.0,0.0,0.0,0.0,0.0
repeat_1_fold_1,TOMM70,0.0,0.0,0.0,0.0,0.0,0.00024175293644898566,1.0
repeat_1_fold_1,TOP1,0.0,0.0,0.0,0.0,0.0,0.0,0.0
repeat_1_fold_1,TOP2A,0.0,0.0,0.0,0.0,0.0,0.0,0.0
repeat_1_fold_1,TOP3A,0.0,0.0,0.0,0.0,0.0,0.0,0.0
repeat_1_fold_1,TP53BP1,-0.08306906631628763,0.16613813263257526,0.08306906631628763,-0.16613813263257526,0.0,-0.00044483985765123024,0.5
repeat_1_fold_1,TPM1,0.0,0.0,0.0,0.0,0.0,0.0,0.0
repeat_1_fold_1,TPP1,0.0,0.0,0.0,0.0,0.0,0.0,0.0
repeat_1_fold_1,TRAPPC2,-0.43621510281492704,0.5036978140695568,0.2518489070347784,-0.6880640098497055,0.0,-0.0011120996441281172,0.5
repeat_1_fold_1,TRDMT1,-0.028053698401881988,0.07859745800723666,0.03929872900361833,-0.06735242740550032,0.25,-0.00044483985765123024,0.5
repeat_1_fold_1,TREM2,0.0,0.0,0.0,0.0,0.0,0.0,0.0
repeat_1_fold_1,TRHR,0.0,0.0,0.0,0.0,0.0,0.0,0.0
repeat_1_fold_1,TRIM34,0.026655009049555645,0.257764085184142,0.128882042592071,-0.10222703354251536,0.25,0.000913710463096018,1.0
repeat_1_fold_1,TRIM37,0.0,0.0,0.0,0.0,0.0,0.0,0.0
repeat_1_fold_1,TRIM46,0.0,0.0,0.0,0.0,0.0,0.0,0.0
repeat_1_fold_1,TRIP11,-0.07546436038701643,0.08713873756733373,0.043569368783666865,-0.11903372917068329,0.0,0.0008123476848090894,0.5
repeat_1_fold_1,TRPC3,0.0,0.0,0.0,0.0,0.0,0.0,0.0
repeat_1_fold_1,TRPM8,-0.06888098051205205,0.1776231844983114,0.0888115922491557,-0.15769257276120774,0.25,0.0031138790035587227,0.5
repeat_1_fold_1,TTBK2,0.0,0.0,0.0,0.0,0.0,0.0,0.0
repeat_1_fold_1,TTN,0.0,0.0,0.0,0.0,0.0,0.0,0.0
repeat_1_fold_1,TTPA,0.0,0.0,0.0,0.0,0.0,0.0,0.0
repeat_1_fold_1,TUBG1,0.0,0.0,0.0,0.0,0.0,0.0,0.0
repeat_1_fold_1,TWF1,0.0,0.0,0.0,0.0,0.0,0.0,0.0
repeat_1_fold_1,TXLNA,0.0,0.0,0.0,0.0,0.0,0.0,0.0
repeat_1_fold_1,TXN2,-0.6530725060364659,0.755062169971324,0.377531084985662,-1.0306035910221278,0.0,-0.0015569395017793475,0.5
repeat_1_fold_1,TXNIP,0.0,0.0,0.0,0.0,0.0,0.0,0.0
repeat_1_fold_1,TXNL1,0.0,0.0,0.0,0.0,0.0,0.0,0.0
repeat_1_fold_1,TYMS,0.0,0.0,0.0,0.0,0.0,0.0,0.0
repeat_1_fold_1,UBB,-0.017433851759260932,0.06805798333157863,0.034028991665789314,-0.051462843425050246,0.25,0.0005077173030056947,0.5
repeat_1_fold_1,UBC,-0.0275513449515028,0.0551026899030056,0.0275513449515028,-0.0551026899030056,0.0,0.0016246953696181787,0.5
repeat_1_fold_1,UBD,0.0,0.0,0.0,0.0,0.0,0.0,0.0
repeat_1_fold_1,UBE2E3,0.0,0.0,0.0,0.0,0.0,0.0,0.0
repeat_1_fold_1,UBE2G2,0.0,0.0,0.0,0.0,0.0,0.0,0.0
repeat_1_fold_1,UBE2I,0.0,0.0,0.0,0.0,0.0,0.0,0.0
repeat_1_fold_1,UBL4A,0.0,0.0,0.0,0.0,0.0,0.0,0.0
repeat_1_fold_1,UCHL3,0.0,0.0,0.0,0.0,0.0,0.0,0.0
repeat_1_fold_1,UCN,0.0,0.0,0.0,0.0,0.0,0.0,0.0
repeat_1_fold_1,UFL1,0.0,0.0,0.0,0.0,0.0,0.0,0.0
repeat_1_fold_1,UGCG,-0.04373432820522005,0.05380422237390248,0.02690211118695124,-0.07063643939217129,0.0,0.0009138911454102117,0.5
repeat_1_fold_1,UGT1A6,-0.013207931422460462,0.10324628672693349,0.051623143363466746,-0.0648310747859272,0.25,0.004342157375741201,1.0
repeat_1_fold_1,UGT2B15,0.0,0.0,0.0,0.0,0.0,0.0,0.0
repeat_1_fold_1,UIMC1,0.0,0.0,0.0,0.0,0.0,0.0,0.0
repeat_1_fold_1,UNC5C,0.0,0.0,0.0,0.0,0.0,0.0,0.0
repeat_1_fold_1,UNG,-0.02502670905951021,0.17373311190825635,0.08686655595412818,-0.11189326501363839,0.25,-0.00044483985765123024,0.5
repeat_1_fold_1,UQCC1,0.0,0.0,0.0,0.0,0.0,0.0,0.0
repeat_1_fold_1,UQCR10,-0.0275513449515028,0.0551026899030056,0.0275513449515028,-0.0551026899030056,0.0,0.00010154346060112229,0.5
repeat_1_fold_1,UROD,0.0,0.0,0.0,0.0,0.0,0.0,0.0
repeat_1_fold_1,USP14,0.0,0.0,0.0,0.0,0.0,0.0,0.0
repeat_1_fold_1,USP33,0.0,0.0,0.0,0.0,0.0,0.0,0.0
repeat_1_fold_1,USP7,0.0,0.0,0.0,0.0,0.0,0.0,0.0
repeat_1_fold_1,UTP18,0.0,0.0,0.0,0.0,0.0,0.0,0.0
repeat_1_fold_1,UTRN,0.0,0.0,0.0,0.0,0.0,0.0,0.0
repeat_1_fold_1,VCAN,0.0,0.0,0.0,0.0,0.0,0.0,0.0
repeat_1_fold_1,VDAC1,0.0,0.0,0.0,0.0,0.0,0.0,0.0
repeat_1_fold_1,VDAC3,0.0,0.0,0.0,0.0,0.0,0.0,0.0
repeat_1_fold_1,VNN2,0.0,0.0,0.0,0.0,0.0,0.0,0.0
repeat_1_fold_1,VPS33A,0.0,0.0,0.0,0.0,0.0,0.0,0.0
repeat_1_fold_1,VPS72,0.0,0.0,0.0,0.0,0.0,0.0,0.0
repeat_1_fold_1,WAPL,0.0,0.0,0.0,0.0,0.0,0.0,0.0
repeat_1_fold_1,WDR70,0.0,0.0,0.0,0.0,0.0,0.0,0.0
repeat_1_fold_1,WDTC1,0.0,0.0,0.0,0.0,0.0,0.0,0.0
repeat_1_fold_1,WIPF2,-0.010167090218550001,0.043661110341255846,0.021830555170627923,-0.031997645389177924,0.25,-0.0011120996441280895,0.5
repeat_1_fold_1,WNT2B,0.0,0.0,0.0,0.0,0.0,0.0,0.0
repeat_1_fold_1,WNT5A,-0.7586983401724208,0.8853676518224748,0.4426838259112374,-1.201382166083658,0.0,-0.0008896797153024882,0.5
repeat_1_fold_1,WNT7B,0.0,0.0,0.0,0.0,0.0,0.0,0.0
repeat_1_fold_1,WTAP,-0.19886887234168782,0.26670775002805786,0.13335387501402893,-0.3322227473557168,0.0,-0.0008896797153024882,0.5
repeat_1_fold_1,WWOX,0.0,0.0,0.0,0.0,0.0,-0.0006672597864768592,0.5
repeat_1_fold_1,WWTR1,0.0,0.0,0.0,0.0,0.0,0.0,0.0
repeat_1_fold_1,XDH,0.0,0.0,0.0,0.0,0.0,0.0,0.0
repeat_1_fold_1,XRCC6,0.2569072725562904,0.15405820621778815,0.07702910310889408,0.17987816944739635,1.0,-0.0032880567544830985,1.0
repeat_1_fold_1,YWHAQ,0.0,0.0,0.0,0.0,0.0,0.0,0.0
repeat_1_fold_1,ZC3H15,-0.06855303349394326,0.08737105268971322,0.04368552634485661,-0.11223855983879988,0.0,0.0035540211210398076,0.5
repeat_1_fold_1,ZKSCAN4,0.0,0.0,0.0,0.0,0.0,0.0,0.0
repeat_1_fold_1,ZNF175,0.0,0.0,0.0,0.0,0.0,0.0,0.0
repeat_1_fold_1,ZNF211,0.0,0.0,0.0,0.0,0.0,0.0,0.0
repeat_1_fold_1,ZNF230,0.0,0.0,0.0,0.0,0.0,0.0,0.0
repeat_1_fold_1,ZNF250,0.0,0.0,0.0,0.0,0.0,0.0,0.0
repeat_1_fold_1,ZNF263,0.0,0.0,0.0,0.0,0.0,0.0,0.0
repeat_1_fold_1,ZNF268,0.0,0.0,0.0,0.0,0.0,0.0,0.0
repeat_1_fold_1,ZNF394,0.0,0.0,0.0,0.0,0.0,0.0,0.0
repeat_1_fold_1,ZNF443,0.0,0.0,0.0,0.0,0.0,0.0,0.0
repeat_1_fold_1,ZNF446,0.0,0.0,0.0,0.0,0.0,0.0,0.0
repeat_1_fold_1,ZNF467,0.048675449798851744,0.09735089959770349,0.048675449798851744,0.0,0.25,0.0020017793594306332,0.5
repeat_1_fold_1,ZNF473,0.0,0.0,0.0,0.0,0.0,0.0,0.0
repeat_1_fold_1,ZNF480,0.0,0.0,0.0,0.0,0.0,0.0,0.0
repeat_1_fold_1,ZNF552,0.0,0.0,0.0,0.0,0.0,0.0,0.0
repeat_1_fold_1,ZNF614,-0.03900395737095863,0.04503789057516731,0.022518945287583653,-0.06152290265854228,0.0,0.0033509341998375353,0.5
repeat_1_fold_1,ZNF667,0.0,0.0,0.0,0.0,0.0,0.0,0.0
repeat_1_fold_1,ZNF668,0.0,0.0,0.0,0.0,0.0,0.0,0.0
repeat_1_fold_1,ZNF671,-0.15812307916169566,0.45416160138708445,0.22708080069354222,-0.38520387985523785,0.25,-0.0011120996441280895,0.5
repeat_1_fold_1,ZNF747,0.0,0.0,0.0,0.0,0.0,0.0018375391357892956,1.0
repeat_1_fold_2,A1CF,0.0,0.0,0.0,0.0,0.0,0.0,0.0
repeat_1_fold_2,A2M,0.021135637310401023,0.02440533178130866,0.01220266589065433,0.008932971419746694,0.5,-0.00038880248833589315,0.5
repeat_1_fold_2,A4GALT,0.0,0.0,0.0,0.0,0.0,0.0,0.0
repeat_1_fold_2,A4GNT,0.0,0.0,0.0,0.0,0.0,0.0,0.0
repeat_1_fold_2,AAAS,0.27343509687617207,0.3182278884412328,0.1591139442206164,0.11432115265555567,0.5,0.0005336788497878331,1.0
repeat_1_fold_2,AACS,0.0,0.0,0.0,0.0,0.0,0.0,0.0
repeat_1_fold_2,AADAC,0.12331069486371682,0.15834357048313094,0.07917178524156547,0.04413890962215135,0.5,-0.0011664074650077627,1.0
repeat_1_fold_2,AAK1,0.0,0.0,0.0,0.0,0.0,0.0,0.0
repeat_1_fold_2,AAMP,0.0,0.0,0.0,0.0,0.0,0.0,0.0
repeat_1_fold_2,AARS1,-0.440104998573819,0.5103625278251308,0.2551812639125654,-0.6952862624863845,0.0,0.00038880248833594866,0.5
repeat_1_fold_2,AASDHPPT,0.0,0.0,0.0,0.0,0.0,0.0,0.0
repeat_1_fold_2,AASS,-0.020446167673839,0.03157373912619034,0.01578686956309517,-0.03623303723693417,0.0,0.00020678246484696905,0.5
repeat_1_fold_2,AATF,0.0,0.0,0.0,0.0,0.0,0.0,0.0
repeat_1_fold_2,ABAT,0.0,0.0,0.0,0.0,0.0,0.0,0.0
repeat_1_fold_2,ABCA1,-0.06561410288042602,0.07601887821271393,0.038009439106356964,-0.10362354198678297,0.0,-0.0017576509511993549,0.5
repeat_1_fold_2,ABCA12,0.0,0.0,0.0,0.0,0.0,0.0,0.5
repeat_1_fold_2,ABCA2,0.0,0.0,0.0,0.0,0.0,0.0,0.0
repeat_1_fold_2,ABCA3,0.0,0.0,0.0,0.0,0.0,0.0,0.0
repeat_1_fold_2,ABCA4,-0.27617849683933393,0.48960321659363554,0.24480160829681777,-0.5209801051361517,0.0,0.0013484274884967284,1.0
repeat_1_fold_2,ABCA5,-0.015776893927874625,0.018217587912469174,0.009108793956234587,-0.024885687884109213,0.0,-0.0006079661738619124,1.0
repeat_1_fold_2,ABCA6,-0.030905016781733963,0.061810033563467925,0.030905016781733963,-0.061810033563467925,0.0,-0.0008271298593879317,0.5
repeat_1_fold_2,ABCA7,-0.03708826603071991,0.043274031688021186,0.021637015844010593,-0.0587252818747305,0.0,0.0005169561621174434,0.5
repeat_1_fold_2,ABCA8,0.007160931284893479,0.10775051480281822,0.05387525740140911,-0.04671432611651563,0.25,9.101001174451062e-05,1.0
repeat_1_fold_2,ABCB1,0.0,0.0,0.0,0.0,0.0,0.0,0.0
repeat_1_fold_2,ABCB11,0.0,0.0,0.0,0.0,0.0,0.0,0.0
repeat_1_fold_2,ABCB4,0.0,0.0,0.0,0.0,0.0,0.0,0.0
repeat_1_fold_2,ABCB6,0.0,0.0,0.0,0.0,0.0,0.0,0.0
repeat_1_fold_2,ABCB7,0.0,0.0,0.0,0.0,0.0,-1.2381220679008598e-05,1.0
repeat_1_fold_2,ABCB8,0.1968300518196351,0.22727976680534862,0.11363988340267431,0.08319016841696078,0.5,-0.0005832037325038675,0.5
repeat_1_fold_2,ABCB9,0.0,0.0,0.0,0.0,0.0,0.0,0.0
repeat_1_fold_2,ABCC1,0.0,0.0,0.0,0.0,0.0,0.0,0.0
repeat_1_fold_2,ABCC10,0.07407381052682105,0.21794531105652032,0.10897265552826016,-0.03489884500143911,0.25,-0.0023328149300155254,0.5
repeat_1_fold_2,ABCC2,0.0,0.0,0.0,0.0,0.0,0.0,0.0
repeat_1_fold_2,ABCC3,0.04798471915918867,0.055407981047092346,0.027703990523546173,0.0202807286356425,0.5,2.7755575615628914e-17,0.5
repeat_1_fold_2,ABCC4,0.0,0.0,0.0,0.0,0.0,0.0,0.0
repeat_1_fold_2,ABCC5,0.0,0.0,0.0,0.0,0.0,0.0,0.0
repeat_1_fold_2,ABCC6,-0.2932106373041208,0.341616875297893,0.1708084376489465,-0.46401907495306727,0.0,0.0017496111975116857,0.5
repeat_1_fold_2,ABCC8,0.04037658052527249,0.06419310282373934,0.03209655141186967,0.008280029113402816,0.5,-0.00013249514077286195,1.0
repeat_1_fold_2,ABCC9,0.0,0.0,0.0,0.0,0.0,0.0,0.0
repeat_1_fold_2,ABCD1,0.0,0.0,0.0,0.0,0.0,0.0,0.0
repeat_1_fold_2,ABCD2,0.0,0.0,0.0,0.0,0.0,0.0,0.0
repeat_1_fold_2,ABCD3,0.0,0.0,0.0,0.0,0.0,0.0,0.0
repeat_1_fold_2,ABCD4,0.0,0.0,0.0,0.0,0.0,0.0,0.0
repeat_1_fold_2,ABCE1,0.0,0.0,0.0,0.0,0.0,0.0,0.0
repeat_1_fold_2,ABCF1,-0.034719768559176245,0.048179792093178006,0.024089896046589003,-0.05880966460576525,0.25,-0.0007652237559928055,1.0
repeat_1_fold_2,ABCF2,0.0,0.0,0.0,0.0,0.0,0.0,0.0
repeat_1_fold_2,ABCG1,0.0,0.0,0.0,0.0,0.0,0.0,0.0
repeat_1_fold_2,ABCG2,0.0,0.0,0.0,0.0,0.0,0.0,0.0
repeat_1_fold_2,ABCG4,0.0,0.0,0.0,0.0,0.0,0.0,0.0
repeat_1_fold_2,ABCG5,-0.10474826042039354,0.12167967010856695,0.060839835054283475,-0.165588095474677,0.0,0.0008271298593879178,0.5
repeat_1_fold_2,ABHD10,0.0,0.0,0.0,0.0,0.0,0.0,0.0
repeat_1_fold_2,ABHD17A,0.0,0.0,0.0,0.0,0.0,0.0,0.0
repeat_1_fold_2,ABHD17B,0.0,0.0,0.0,0.0,0.0,0.0,0.0
repeat_1_fold_2,ABHD3,0.0,0.0,0.0,0.0,0.0,0.0,0.0
repeat_1_fold_2,ABHD5,0.0,0.0,0.0,0.0,0.0,0.0,0.0
repeat_1_fold_2,ABHD6,0.0,0.0,0.0,0.0,0.0,0.0,0.0
repeat_1_fold_2,ABI1,0.0,0.0,0.0,0.0,0.0,0.0,0.0
repeat_1_fold_2,ABI2,0.0,0.0,0.0,0.0,0.0,0.0,0.0
repeat_1_fold_2,ABL1,0.0,0.0,0.0,0.0,0.0,0.0,0.0
repeat_1_fold_2,ABL2,0.0,0.0,0.0,0.0,0.0,0.0,0.0
repeat_1_fold_2,ABLIM1,0.0,0.0,0.0,0.0,0.0,0.0,0.0
repeat_1_fold_2,ABLIM3,0.0,0.0,0.0,0.0,0.0,0.0,0.0
repeat_1_fold_2,ABRAXAS2,0.0,0.0,0.0,0.0,0.0,0.0,0.0
repeat_1_fold_2,ACAA1,0.0,0.0,0.0,0.0,0.0,0.0,0.0
repeat_1_fold_2,ACAA2,0.0,0.0,0.0,0.0,0.0,0.0,0.0
repeat_1_fold_2,ACACA,0.0,0.0,0.0,0.0,0.0,0.0,0.0
repeat_1_fold_2,ACAD10,0.0,0.0,0.0,0.0,0.0,0.0,0.0
repeat_1_fold_2,ACADL,0.0,0.0,0.0,0.0,0.0,0.0,0.0
repeat_1_fold_2,ACADS,0.0,0.0,0.0,0.0,0.0,0.0,0.0
repeat_1_fold_2,ACADSB,0.0,0.0,0.0,0.0,0.0,0.0,0.0
repeat_1_fold_2,ACADVL,0.0,0.0,0.0,0.0,0.0,0.0,0.0
repeat_1_fold_2,ACAN,0.0,0.0,0.0,0.0,0.0,0.0,0.0
repeat_1_fold_2,ACAT1,0.0,0.0,0.0,0.0,0.0,0.0,0.0
repeat_1_fold_2,ACAT2,0.0,0.0,0.0,0.0,0.0,0.0,0.0
repeat_1_fold_2,ACBD3,0.0,0.0,0.0,0.0,0.0,0.0,0.0
repeat_1_fold_2,ACBD4,0.0,0.0,0.0,0.0,0.0,0.0,0.0
repeat_1_fold_2,ACD,0.0,0.0,0.0,0.0,0.0,0.0,0.0
repeat_1_fold_2,ACE,0.0,0.0,0.0,0.0,0.0,0.0,0.0
repeat_1_fold_2,ACE2,0.0,0.0,0.0,0.0,0.0,0.0,0.0
repeat_1_fold_2,ACHE,0.0,0.0,0.0,0.0,0.0,0.0,0.0
repeat_1_fold_2,ACIN1,0.0,0.0,0.0,0.0,0.0,0.0,0.0
repeat_1_fold_2,ACKR1,0.0,0.0,0.0,0.0,0.0,0.0,0.0
repeat_1_fold_2,ACKR2,0.0,0.0,0.0,0.0,0.0,0.0,0.0
repeat_1_fold_2,ACKR3,0.0,0.0,0.0,0.0,0.0,0.0,0.0
repeat_1_fold_2,ACKR4,0.0,0.0,0.0,0.0,0.0,0.0,0.0
repeat_1_fold_2,ACO2,0.0,0.0,0.0,0.0,0.0,0.0,0.0
repeat_1_fold_2,ACOT11,-0.36258680622683315,0.43534416245921403,0.21767208122960702,-0.5802588874564402,0.0,0.00194401244167966,0.5
repeat_1_fold_2,ACOT13,0.0,0.0,0.0,0.0,0.0,0.0,0.0
repeat_1_fold_2,ACOT2,0.0,0.0,0.0,0.0,0.0,0.0,0.0
repeat_1_fold_2,ACOT7,0.0,0.0,0.0,0.0,0.0,0.0,0.0
repeat_1_fold_2,ACOT9,0.0,0.0,0.0,0.0,0.0,0.0,0.0
repeat_1_fold_2,ACOX1,-0.033284196713761816,0.03843327986490168,0.01921663993245084,-0.052500836646212655,0.0,-0.001137303556658406,0.5
repeat_1_fold_2,ACOX2,0.0,0.0,0.0,0.0,0.0,0.0,0.0
repeat_1_fold_2,ACOX3,0.0,0.0,0.0,0.0,0.0,0.0,0.0
repeat_1_fold_2,ACOXL,0.17651540891364093,0.26294964298424023,0.13147482149212011,0.04504058742152081,0.5,0.0015552099533437391,0.5
repeat_1_fold_2,ACP3,0.0,0.0,0.0,0.0,0.0,0.0,0.0
repeat_1_fold_2,ACP5,0.0,0.0,0.0,0.0,0.0,0.0,0.0
repeat_1_fold_2,ACP6,0.0,0.0,0.0,0.0,0.0,0.0,0.0
repeat_1_fold_2,ACR,0.0,0.0,0.0,0.0,0.0,0.0,0.0
repeat_1_fold_2,ACSBG1,0.0,0.0,0.0,0.0,0.0,0.0,0.0
repeat_1_fold_2,ACSBG2,0.0,0.0,0.0,0.0,0.0,0.0,0.0
repeat_1_fold_2,ACSF2,0.0,0.0,0.0,0.0,0.0,0.0,0.0
repeat_1_fold_2,ACSL1,0.0,0.0,0.0,0.0,0.0,0.0,0.0
repeat_1_fold_2,ACSL3,0.0,0.0,0.0,0.0,0.0,0.0,0.0
repeat_1_fold_2,ACSL4,0.0,0.0,0.0,0.0,0.0,0.0,0.0
repeat_1_fold_2,ACSL5,0.0,0.0,0.0,0.0,0.0,0.0,0.0
repeat_1_fold_2,ACSL6,0.0,0.0,0.0,0.0,0.0,0.0,0.0
repeat_1_fold_2,ACSM1,0.0,0.0,0.0,0.0,0.0,0.0,0.0
repeat_1_fold_2,ACSM2A,0.0,0.0,0.0,0.0,0.0,0.0,0.0
repeat_1_fold_2,ACSM5,0.0,0.0,0.0,0.0,0.0,0.0,0.0
repeat_1_fold_2,ACTA1,0.0,0.0,0.0,0.0,0.0,0.0,0.0
repeat_1_fold_2,ACTA2,0.0,0.0,0.0,0.0,0.0,0.0,0.0
repeat_1_fold_2,ACTB,0.0,0.0,0.0,0.0,0.0,0.0,0.0
repeat_1_fold_2,ACTC1,0.0,0.0,0.0,0.0,0.0,0.0,0.0
repeat_1_fold_2,ACTG1,0.0,0.0,0.0,0.0,0.0,0.0,0.0
repeat_1_fold_2,ACTG2,0.0,0.0,0.0,0.0,0.0,0.0,0.0
repeat_1_fold_2,ACTL6A,0.0,0.0,0.0,0.0,0.0,0.0,0.0
repeat_1_fold_2,ACTL6B,0.0,0.0,0.0,0.0,0.0,0.0,0.0
repeat_1_fold_2,ACTN1,0.0,0.0,0.0,0.0,0.0,0.0,0.0
repeat_1_fold_2,ACTN2,0.0,0.0,0.0,0.0,0.0,0.0,0.0
repeat_1_fold_2,ACTN3,0.0,0.0,0.0,0.0,0.0,0.0,0.0
repeat_1_fold_2,ACTN4,0.0,0.0,0.0,0.0,0.0,0.0,0.0
repeat_1_fold_2,ACTR10,0.0,0.0,0.0,0.0,0.0,0.0,0.0
repeat_1_fold_2,ACTR1A,0.0,0.0,0.0,0.0,0.0,0.0,0.0
repeat_1_fold_2,ACTR1B,0.0,0.0,0.0,0.0,0.0,0.0,0.0
repeat_1_fold_2,ACTR2,0.0,0.0,0.0,0.0,0.0,0.0,0.0
repeat_1_fold_2,ACTR3,0.0,0.0,0.0,0.0,0.0,0.0,0.0
repeat_1_fold_2,ACVR1B,0.0,0.0,0.0,0.0,0.0,0.0,0.0
repeat_1_fold_2,ACVR2A,0.0,0.0,0.0,0.0,0.0,0.0,0.0
repeat_1_fold_2,ACVR2B,0.0,0.0,0.0,0.0,0.0,0.0,0.0
repeat_1_fold_2,ACVRL1,0.0,0.0,0.0,0.0,0.0,0.0,0.0
repeat_1_fold_2,ADA,0.0,0.0,0.0,0.0,0.0,0.0,0.0
repeat_1_fold_2,ADAM11,0.0,0.0,0.0,0.0,0.0,0.0,0.0
repeat_1_fold_2,ADAM12,0.0,0.0,0.0,0.0,0.0,0.0,0.0
repeat_1_fold_2,ADAM15,0.0,0.0,0.0,0.0,0.0,0.0,0.0
repeat_1_fold_2,ADAM17,0.0,0.0,0.0,0.0,0.0,0.0,0.0
repeat_1_fold_2,ADAM19,0.0,0.0,0.0,0.0,0.0,0.0,0.0
repeat_1_fold_2,ADAM2,0.0,0.0,0.0,0.0,0.0,0.0,0.0
repeat_1_fold_2,ADAM20,0.0,0.0,0.0,0.0,0.0,0.0,0.0
repeat_1_fold_2,ADAM21,0.0,0.0,0.0,0.0,0.0,0.0,0.0
repeat_1_fold_2,ADAM22,0.0,0.0,0.0,0.0,0.0,0.0,0.0
repeat_1_fold_2,ADAM23,0.0,0.0,0.0,0.0,0.0,0.0,0.0
repeat_1_fold_2,ADAM30,0.0,0.0,0.0,0.0,0.0,0.0,0.0
repeat_1_fold_2,ADAM8,0.0,0.0,0.0,0.0,0.0,0.0,0.0
repeat_1_fold_2,ADAM9,0.0,0.0,0.0,0.0,0.0,0.0,0.0
repeat_1_fold_2,ADAMTS1,0.0,0.0,0.0,0.0,0.0,0.0,0.0
repeat_1_fold_2,ADAMTS12,0.0,0.0,0.0,0.0,0.0,0.0,0.0
repeat_1_fold_2,ADAMTS13,0.0,0.0,0.0,0.0,0.0,0.0,0.0
repeat_1_fold_2,ADAMTS2,0.0,0.0,0.0,0.0,0.0,0.0,0.0
repeat_1_fold_2,ADAMTS3,0.0,0.0,0.0,0.0,0.0,0.0,0.0
repeat_1_fold_2,ADAMTS5,0.0,0.0,0.0,0.0,0.0,0.0,0.0
repeat_1_fold_2,ADAMTS6,0.0,0.0,0.0,0.0,0.0,0.0,0.0
repeat_1_fold_2,ADAMTS7,0.0,0.0,0.0,0.0,0.0,0.0,0.0
repeat_1_fold_2,ADAMTS8,0.0,0.0,0.0,0.0,0.0,0.0,0.0
repeat_1_fold_2,ADAMTS9,0.0,0.0,0.0,0.0,0.0,0.0,0.0
repeat_1_fold_2,ADAMTSL2,0.0,0.0,0.0,0.0,0.0,0.0,0.0
repeat_1_fold_2,ADAMTSL3,0.0,0.0,0.0,0.0,0.0,0.0,0.0
repeat_1_fold_2,ADAMTSL4,0.0,0.0,0.0,0.0,0.0,0.0,0.0
repeat_1_fold_2,ADAP1,0.0,0.0,0.0,0.0,0.0,0.0,0.0
repeat_1_fold_2,ADAR,0.0,0.0,0.0,0.0,0.0,0.0,0.0
repeat_1_fold_2,ADARB1,0.0,0.0,0.0,0.0,0.0,0.0,0.0
repeat_1_fold_2,ADAT1,0.0,0.0,0.0,0.0,0.0,0.0,0.0
repeat_1_fold_2,ADCY1,0.0,0.0,0.0,0.0,0.0,0.0,0.0
repeat_1_fold_2,ADCY10,0.0,0.0,0.0,0.0,0.0,0.0,0.0
repeat_1_fold_2,ADCY2,0.0,0.0,0.0,0.0,0.0,0.0,0.0
repeat_1_fold_2,ADCY3,0.0,0.0,0.0,0.0,0.0,0.0,0.0
repeat_1_fold_2,ADCY6,0.0,0.0,0.0,0.0,0.0,0.0,0.0
repeat_1_fold_2,ADCY8,0.0,0.0,0.0,0.0,0.0,0.0,0.0
repeat_1_fold_2,ADCY9,0.0,0.0,0.0,0.0,0.0,0.0,0.0
repeat_1_fold_2,ADCYAP1,0.0,0.0,0.0,0.0,0.0,0.0,0.0
repeat_1_fold_2,ADCYAP1R1,0.0,0.0,0.0,0.0,0.0,0.0,0.0
repeat_1_fold_2,ADD1,0.0,0.0,0.0,0.0,0.0,0.0,0.0
repeat_1_fold_2,ADD2,0.0,0.0,0.0,0.0,0.0,0.0,0.0
repeat_1_fold_2,ADD3,0.0,0.0,0.0,0.0,0.0,0.0,0.0
repeat_1_fold_2,ADGRE1,0.0,0.0,0.0,0.0,0.0,0.0,0.0
repeat_1_fold_2,ADGRE2,0.0,0.0,0.0,0.0,0.0,0.0,0.0
repeat_1_fold_2,ADGRE3,0.0,0.0,0.0,0.0,0.0,0.0,0.0
repeat_1_fold_2,ADGRE5,0.0,0.0,0.0,0.0,0.0,0.0,0.0
repeat_1_fold_2,ADGRF5,0.0,0.0,0.0,0.0,0.0,0.0,0.0
repeat_1_fold_2,ADGRG3,0.0,0.0,0.0,0.0,0.0,0.0,0.0
repeat_1_fold_2,ADGRG6,0.0,0.0,0.0,0.0,0.0,0.0,0.0
repeat_1_fold_2,ADGRV1,0.0,0.0,0.0,0.0,0.0,0.0,0.0
repeat_1_fold_2,ADH1A,0.0,0.0,0.0,0.0,0.0,0.0,0.0
repeat_1_fold_2,ADH1B,0.0,0.0,0.0,0.0,0.0,0.0,0.0
repeat_1_fold_2,ADH5,0.0,0.0,0.0,0.0,0.0,0.0,0.0
repeat_1_fold_2,ADH6,-0.06418921349549755,0.0896697292195406,0.0448348646097703,-0.10902407810526785,0.0,0.000413564929693952,0.5
repeat_1_fold_2,ADH7,0.0,0.0,0.0,0.0,0.0,0.0,0.0
repeat_1_fold_2,ADI1,0.0,0.0,0.0,0.0,0.0,0.0,0.0
repeat_1_fold_2,ADIPOQ,0.0,0.0,0.0,0.0,0.0,0.0,0.0
repeat_1_fold_2,ADIPOR1,0.0,0.0,0.0,0.0,0.0,0.0,0.0
repeat_1_fold_2,ADIPOR2,0.0,0.0,0.0,0.0,0.0,0.0,0.0
repeat_1_fold_2,ADIRF,0.0,0.0,0.0,0.0,0.0,0.0,0.0
repeat_1_fold_2,ADK,0.0,0.0,0.0,0.0,0.0,0.0,0.0
repeat_1_fold_2,ADM,0.0,0.0,0.0,0.0,0.0,0.0,0.0
repeat_1_fold_2,ADM2,0.0,0.0,0.0,0.0,0.0,0.0,0.0
repeat_1_fold_2,ADO,0.0,0.0,0.0,0.0,0.0,0.0,0.0
repeat_1_fold_2,ADORA1,0.0,0.0,0.0,0.0,0.0,0.0,0.0
repeat_1_fold_2,ADORA2A,0.0,0.0,0.0,0.0,0.0,0.0,0.0
repeat_1_fold_2,ADORA2B,0.0,0.0,0.0,0.0,0.0,0.0,0.0
repeat_1_fold_2,ADORA3,0.0,0.0,0.0,0.0,0.0,0.0,0.0
repeat_1_fold_2,ADPGK,0.0,0.0,0.0,0.0,0.0,0.0,0.0
repeat_1_fold_2,ADPRM,0.0,0.0,0.0,0.0,0.0,0.0,0.0
repeat_1_fold_2,ADRA1A,0.0,0.0,0.0,0.0,0.0,0.0,0.0
repeat_1_fold_2,ADRA1B,0.0,0.0,0.0,0.0,0.0,0.0,0.0
repeat_1_fold_2,ADRA1D,0.0,0.0,0.0,0.0,0.0,0.0,0.0
repeat_1_fold_2,ADRA2B,0.0,0.0,0.0,0.0,0.0,0.0,0.0
repeat_1_fold_2,ADRA2C,0.0,0.0,0.0,0.0,0.0,0.0,0.0
repeat_1_fold_2,ADRB1,0.0,0.0,0.0,0.0,0.0,0.0,0.0
repeat_1_fold_2,ADRB2,0.0,0.0,0.0,0.0,0.0,0.0,0.0
repeat_1_fold_2,ADRB3,0.0,0.0,0.0,0.0,0.0,0.0,0.0
repeat_1_fold_2,ADRM1,0.0,0.0,0.0,0.0,0.0,0.0,0.0
repeat_1_fold_2,ADSL,0.0,0.0,0.0,0.0,0.0,0.0,0.0
repeat_1_fold_2,ADSS2,0.0,0.0,0.0,0.0,0.0,0.0,0.0
repeat_1_fold_2,AFDN,0.0,0.0,0.0,0.0,0.0,0.0,0.0
repeat_1_fold_2,AFF4,0.0,0.0,0.0,0.0,0.0,0.0,0.0
repeat_1_fold_2,AFG3L2,0.0,0.0,0.0,0.0,0.0,0.0,0.0
repeat_1_fold_2,AFP,0.0,0.0,0.0,0.0,0.0,0.0,0.0
repeat_1_fold_2,AGA,0.0,0.0,0.0,0.0,0.0,0.0,0.0
repeat_1_fold_2,AGBL2,0.0,0.0,0.0,0.0,0.0,0.0,0.0
repeat_1_fold_2,AGBL3,0.0,0.0,0.0,0.0,0.0,0.0,0.0
repeat_1_fold_2,AGBL5,0.0,0.0,0.0,0.0,0.0,0.0,0.0
repeat_1_fold_2,AGER,0.0,0.0,0.0,0.0,0.0,0.0,0.0
repeat_1_fold_2,AGFG1,0.0,0.0,0.0,0.0,0.0,0.0,0.0
repeat_1_fold_2,AGGF1,0.0,0.0,0.0,0.0,0.0,0.0,0.0
repeat_1_fold_2,AGK,0.0,0.0,0.0,0.0,0.0,0.0,0.0
repeat_1_fold_2,AGL,0.0,0.0,0.0,0.0,0.0,0.0,0.0
repeat_1_fold_2,AGMAT,0.0,0.0,0.0,0.0,0.0,0.0,0.0
repeat_1_fold_2,AGO1,0.0,0.0,0.0,0.0,0.0,0.0,0.0
repeat_1_fold_2,AGO2,0.0,0.0,0.0,0.0,0.0,0.0,0.0
repeat_1_fold_2,AGO3,0.0,0.0,0.0,0.0,0.0,0.0,0.0
repeat_1_fold_2,AGO4,0.0,0.0,0.0,0.0,0.0,0.0,0.0
repeat_1_fold_2,AGPAT1,0.0,0.0,0.0,0.0,0.0,0.0,0.0
repeat_1_fold_2,AGPAT2,0.0,0.0,0.0,0.0,0.0,0.0,0.0
repeat_1_fold_2,AGPAT3,0.0,0.0,0.0,0.0,0.0,0.0,0.0
repeat_1_fold_2,AGPAT4,0.0,0.0,0.0,0.0,0.0,0.0,0.0
repeat_1_fold_2,AGPAT5,0.0,0.0,0.0,0.0,0.0,0.0,0.0
repeat_1_fold_2,AGPS,0.0,0.0,0.0,0.0,0.0,0.0,0.0
repeat_1_fold_2,AGRN,0.0,0.0,0.0,0.0,0.0,0.0,0.0
repeat_1_fold_2,AGRP,0.0,0.0,0.0,0.0,0.0,0.0,0.0
repeat_1_fold_2,AGT,0.0,0.0,0.0,0.0,0.0,-0.00020678246484698293,0.5
repeat_1_fold_2,AGTPBP1,0.0,0.0,0.0,0.0,0.0,0.0,0.0
repeat_1_fold_2,AGTR1,0.0,0.0,0.0,0.0,0.0,0.0,0.0
repeat_1_fold_2,AGTR2,0.0,0.0,0.0,0.0,0.0,0.0,0.0
repeat_1_fold_2,AGXT,0.0,0.0,0.0,0.0,0.0,0.0,0.0
repeat_1_fold_2,AHCTF1,0.0,0.0,0.0,0.0,0.0,0.0,0.0
repeat_1_fold_2,AHCY,0.0,0.0,0.0,0.0,0.0,0.0,0.0
repeat_1_fold_2,AHCYL1,0.0,0.0,0.0,0.0,0.0,0.0,0.0
repeat_1_fold_2,AHI1,0.0,0.0,0.0,0.0,0.0,0.0,0.0
repeat_1_fold_2,AHR,0.0,0.0,0.0,0.0,0.0,0.0,0.0
repeat_1_fold_2,AHSG,0.0,0.0,0.0,0.0,0.0,0.0,0.0
repeat_1_fold_2,AICDA,0.0,0.0,0.0,0.0,0.0,0.0,0.0
repeat_1_fold_2,AIM2,0.0,0.0,0.0,0.0,0.0,0.0,0.0
repeat_1_fold_2,AIMP1,0.0,0.0,0.0,0.0,0.0,0.0,0.0
repeat_1_fold_2,AIMP2,0.0,0.0,0.0,0.0,0.0,0.0,0.0
repeat_1_fold_2,AIP,0.0,0.0,0.0,0.0,0.0,0.0,0.0
repeat_1_fold_2,AK1,0.0,0.0,0.0,0.0,0.0,0.0,0.0
repeat_1_fold_2,AK2,0.0,0.0,0.0,0.0,0.0,0.0,0.0
repeat_1_fold_2,AK5,0.0,0.0,0.0,0.0,0.0,0.0,0.0
repeat_1_fold_2,AK6,0.0,0.0,0.0,0.0,0.0,-0.0005832037325038675,0.5
repeat_1_fold_2,AKAP1,0.0,0.0,0.0,0.0,0.0,0.0,0.0
repeat_1_fold_2,AKAP10,0.0,0.0,0.0,0.0,0.0,0.0,0.0
repeat_1_fold_2,AKAP12,0.0,0.0,0.0,0.0,0.0,0.0,0.0
repeat_1_fold_2,AKAP8L,0.0,0.0,0.0,0.0,0.0,0.0,0.0
repeat_1_fold_2,AKAP9,0.0,0.0,0.0,0.0,0.0,0.0,0.0
repeat_1_fold_2,AKR1A1,0.0,0.0,0.0,0.0,0.0,0.0,0.0
repeat_1_fold_2,AKR1B1,0.0,0.0,0.0,0.0,0.0,0.0,0.0
repeat_1_fold_2,AKR1B10,0.0,0.0,0.0,0.0,0.0,0.0,0.0
repeat_1_fold_2,AKR1C1,0.0,0.0,0.0,0.0,0.0,0.00038880248833594866,0.5
repeat_1_fold_2,AKR1C2,0.0,0.0,0.0,0.0,0.0,0.0,0.0
repeat_1_fold_2,AKR1C3,0.0,0.0,0.0,0.0,0.0,0.0,0.0
repeat_1_fold_2,AKR1C4,0.0,0.0,0.0,0.0,0.0,0.0,0.0
repeat_1_fold_2,AKR1D1,0.0,0.0,0.0,0.0,0.0,0.0,0.0
repeat_1_fold_2,AKR7A2,0.0,0.0,0.0,0.0,0.0,0.0,0.0
repeat_1_fold_2,AKR7A3,0.0,0.0,0.0,0.0,0.0,0.0,0.0
repeat_1_fold_2,AKT1,0.0,0.0,0.0,0.0,0.0,0.0,0.0
repeat_1_fold_2,AKT2,0.0,0.0,0.0,0.0,0.0,0.0,0.0
repeat_1_fold_2,AKT3,0.0,0.0,0.0,0.0,0.0,0.0,0.0
repeat_1_fold_2,ALAD,0.0,0.0,0.0,0.0,0.0,0.0,0.0
repeat_1_fold_2,ALAS1,0.0,0.0,0.0,0.0,0.0,0.0,0.0
repeat_1_fold_2,ALAS2,0.0,0.0,0.0,0.0,0.0,0.0,0.0
repeat_1_fold_2,ALB,0.0,0.0,0.0,0.0,0.0,0.0,0.0
repeat_1_fold_2,ALCAM,0.0,0.0,0.0,0.0,0.0,0.0,0.0
repeat_1_fold_2,ALDH18A1,0.0,0.0,0.0,0.0,0.0,0.0,0.0
repeat_1_fold_2,ALDH1A2,0.0,0.0,0.0,0.0,0.0,0.0,0.0
repeat_1_fold_2,ALDH1B1,0.0,0.0,0.0,0.0,0.0,0.0,0.0
repeat_1_fold_2,ALDH1L1,0.0,0.0,0.0,0.0,0.0,0.0,0.0
repeat_1_fold_2,ALDH2,0.0,0.0,0.0,0.0,0.0,0.0,0.0
repeat_1_fold_2,ALDH3A1,0.0,0.0,0.0,0.0,0.0,0.0,0.0
repeat_1_fold_2,ALDH3A2,0.0,0.0,0.0,0.0,0.0,0.0,0.0
repeat_1_fold_2,ALDH3B1,0.0,0.0,0.0,0.0,0.0,0.0,0.0
repeat_1_fold_2,ALDH3B2,0.0,0.0,0.0,0.0,0.0,0.0,0.0
repeat_1_fold_2,ALDH5A1,0.0,0.0,0.0,0.0,0.0,0.0,0.0
repeat_1_fold_2,ALDH6A1,0.0,0.0,0.0,0.0,0.0,0.0,0.0
repeat_1_fold_2,ALDH7A1,0.006263545180701158,0.0072325189923183935,0.0036162594961591968,0.002647285684541961,0.5,0.00019440124416797433,0.5
repeat_1_fold_2,ALDH8A1,0.0,0.0,0.0,0.0,0.0,0.0,0.0
repeat_1_fold_2,ALDH9A1,0.0,0.0,0.0,0.0,0.0,0.0,0.0
repeat_1_fold_2,ALDOA,0.0,0.0,0.0,0.0,0.0,0.0,0.0
repeat_1_fold_2,ALDOB,0.0,0.0,0.0,0.0,0.0,0.0,0.0
repeat_1_fold_2,ALDOC,0.0,0.0,0.0,0.0,0.0,0.0,0.0
repeat_1_fold_2,ALG12,0.0,0.0,0.0,0.0,0.0,0.0,0.0
repeat_1_fold_2,ALG13,0.0,0.0,0.0,0.0,0.0,0.0,0.0
repeat_1_fold_2,ALG3,0.0,0.0,0.0,0.0,0.0,0.0,0.0
repeat_1_fold_2,ALG5,0.0,0.0,0.0,0.0,0.0,0.0,0.0
repeat_1_fold_2,ALG6,0.0,0.0,0.0,0.0,0.0,0.0,0.0
repeat_1_fold_2,ALG8,0.0,0.0,0.0,0.0,0.0,0.0,0.0
repeat_1_fold_2,ALMS1,0.0,0.0,0.0,0.0,0.0,0.0,0.0
repeat_1_fold_2,ALOX12,0.0,0.0,0.0,0.0,0.0,0.0,0.0
repeat_1_fold_2,ALOX12B,0.0,0.0,0.0,0.0,0.0,0.0,0.0
repeat_1_fold_2,ALOX15,0.0,0.0,0.0,0.0,0.0,0.0,0.0
repeat_1_fold_2,ALOX15B,0.0,0.0,0.0,0.0,0.0,0.0,0.0
repeat_1_fold_2,ALOX5,0.0,0.0,0.0,0.0,0.0,0.0,0.0
repeat_1_fold_2,ALOXE3,0.0,0.0,0.0,0.0,0.0,0.0,0.0
repeat_1_fold_2,ALPG,0.0,0.0,0.0,0.0,0.0,0.0,0.0
repeat_1_fold_2,ALPK1,0.0,0.0,0.0,0.0,0.0,0.0,0.0
repeat_1_fold_2,ALPL,0.07709498887713906,0.0905527651694264,0.0452763825847132,0.03181860629242586,0.5,-0.001749611197511658,0.5
repeat_1_fold_2,ALPP,0.0,0.0,0.0,0.0,0.0,0.0,0.0
repeat_1_fold_2,ALS2CL,0.0,0.0,0.0,0.0,0.0,0.0,0.0
repeat_1_fold_2,ALX3,0.0,0.0,0.0,0.0,0.0,0.0,0.0
repeat_1_fold_2,AMACR,0.0,0.0,0.0,0.0,0.0,0.0,0.0
repeat_1_fold_2,AMBN,0.0,0.0,0.0,0.0,0.0,0.0,0.0
repeat_1_fold_2,AMBP,0.0,0.0,0.0,0.0,0.0,0.0,0.0
repeat_1_fold_2,AMD1,0.0,0.0,0.0,0.0,0.0,0.0,0.0
repeat_1_fold_2,AMDHD2,0.0,0.0,0.0,0.0,0.0,0.0,0.0
repeat_1_fold_2,AMELX,0.0,0.0,0.0,0.0,0.0,0.0,0.0
repeat_1_fold_2,AMFR,0.0,0.0,0.0,0.0,0.0,0.0,0.0
repeat_1_fold_2,AMH,0.0,0.0,0.0,0.0,0.0,0.0,0.0
repeat_1_fold_2,AMHR2,0.0,0.0,0.0,0.0,0.0,0.0,0.0
repeat_1_fold_2,AMIGO2,0.0,0.0,0.0,0.0,0.0,0.0,0.0
repeat_1_fold_2,AMOTL2,0.0,0.0,0.0,0.0,0.0,0.0,0.0
repeat_1_fold_2,AMPD1,0.0,0.0,0.0,0.0,0.0,0.0,0.0
repeat_1_fold_2,AMPD2,0.0,0.0,0.0,0.0,0.0,0.0,0.0
repeat_1_fold_2,AMPD3,0.0,0.0,0.0,0.0,0.0,0.0,0.0
repeat_1_fold_2,AMPH,0.0,0.0,0.0,0.0,0.0,0.0,0.0
repeat_1_fold_2,AMT,0.0,0.0,0.0,0.0,0.0,0.0,0.0
repeat_1_fold_2,ANAPC1,0.0,0.0,0.0,0.0,0.0,0.0,0.0
repeat_1_fold_2,ANAPC10,0.0,0.0,0.0,0.0,0.0,0.0,0.0
repeat_1_fold_2,ANAPC13,0.0,0.0,0.0,0.0,0.0,0.0,0.0
repeat_1_fold_2,ANAPC15,0.0,0.0,0.0,0.0,0.0,0.0,0.0
repeat_1_fold_2,ANAPC2,0.0,0.0,0.0,0.0,0.0,0.0,0.0
repeat_1_fold_2,ANG,0.0,0.0,0.0,0.0,0.0,0.0,0.0
repeat_1_fold_2,ANGPT1,0.0,0.0,0.0,0.0,0.0,0.0,0.0
repeat_1_fold_2,ANGPT2,0.0,0.0,0.0,0.0,0.0,0.0,0.0
repeat_1_fold_2,ANGPT4,0.0,0.0,0.0,0.0,0.0,0.0,0.0
repeat_1_fold_2,ANGPTL3,0.0,0.0,0.0,0.0,0.0,0.0,0.0
repeat_1_fold_2,ANGPTL4,0.0,0.0,0.0,0.0,0.0,0.0,0.0
repeat_1_fold_2,ANGPTL8,0.0,0.0,0.0,0.0,0.0,0.0,0.0
repeat_1_fold_2,ANK1,0.0,0.0,0.0,0.0,0.0,0.0,0.0
repeat_1_fold_2,ANK2,0.0,0.0,0.0,0.0,0.0,0.0,0.0
repeat_1_fold_2,ANK3,0.0,0.0,0.0,0.0,0.0,0.0,0.0
repeat_1_fold_2,APEH,0.0,0.0,0.0,0.0,0.0,0.0,0.5
repeat_1_fold_2,APOF,-0.04754711513861487,0.059638799920775566,0.029819399960387783,-0.07736651509900265,0.0,-0.00020678246484698293,0.5
repeat_1_fold_2,AQP5,0.0,0.0,0.0,0.0,0.0,0.0,0.0
repeat_1_fold_2,ARAP1,0.0,0.0,0.0,0.0,0.0,0.0,0.0
repeat_1_fold_2,ARCN1,0.0,0.0,0.0,0.0,0.0,0.0,0.0
repeat_1_fold_2,ARF6,0.0,0.0,0.0,0.0,0.0,0.0,0.0
repeat_1_fold_2,ARFGEF2,0.0,0.0,0.0,0.0,0.0,0.0,0.0
repeat_1_fold_2,ARHGAP35,0.0,0.0,0.0,0.0,0.0,0.0,0.0
repeat_1_fold_2,ARHGAP8,-0.041830933913178825,0.08366186782635765,0.041830933913178825,-0.08366186782635765,0.0,0.0017496111975116857,0.5
repeat_1_fold_2,ARHGEF18,0.0,0.0,0.0,0.0,0.0,0.0,0.0
repeat_1_fold_2,ARHGEF2,0.0,0.0,0.0,0.0,0.0,0.0,0.0
repeat_1_fold_2,ARHGEF6,0.0,0.0,0.0,0.0,0.0,0.0,0.0
repeat_1_fold_2,ARSJ,0.0,0.0,0.0,0.0,0.0,0.0,0.0
repeat_1_fold_2,ASAH1,0.0,0.0,0.0,0.0,0.0,0.0,0.0
repeat_1_fold_2,ASF1A,0.0,0.0,0.0,0.0,0.0,0.0,0.0
repeat_1_fold_2,ASNS,0.0,0.0,0.0,0.0,0.0,0.0,0.0
repeat_1_fold_2,ASS1,0.0,0.0,0.0,0.0,0.0,0.0,0.0
repeat_1_fold_2,ATG4A,-0.007608138633916184,0.008785121776647,0.0043925608883235,-0.012000699522239684,0.0,0.0,0.5
repeat_1_fold_2,ATP1B4,0.0,0.0,0.0,0.0,0.0,-0.00020678246484698293,0.5
repeat_1_fold_2,ATP2B4,0.0,0.0,0.0,0.0,0.0,0.0,0.0
repeat_1_fold_2,ATP5F1C,0.0,0.0,0.0,0.0,0.0,0.0,0.0
repeat_1_fold_2,ATP6V1D,0.0,0.0,0.0,0.0,0.0,0.0,0.0
repeat_1_fold_2,AURKB,0.0,0.0,0.0,0.0,0.0,0.00041356492969396585,0.5
repeat_1_fold_2,B3GALNT1,-0.051070216994606454,0.05897080705881727,0.029485403529408635,-0.08055562052401509,0.0,0.00010339123242347759,0.5
repeat_1_fold_2,B3GALT4,0.0,0.0,0.0,0.0,0.0,0.0,0.0
repeat_1_fold_2,B4GALT1,0.0,0.0,0.0,0.0,0.0,0.0,0.0
repeat_1_fold_2,B4GAT1,-0.061810033563467925,0.07137207903297602,0.03568603951648801,-0.09749607307995593,0.0,-0.0006203473945409488,0.5
repeat_1_fold_2,BAG1,0.0,0.0,0.0,0.0,0.0,0.0,0.0
repeat_1_fold_2,BCAP31,0.0,0.0,0.0,0.0,0.0,0.0,0.0
repeat_1_fold_2,BCAT2,0.0,0.0,0.0,0.0,0.0,0.0,0.0
repeat_1_fold_2,BDH2,-0.18207953552454548,0.21563713955460181,0.10781856977730091,-0.2898981053018464,0.0,-0.00010339123242350534,0.5
repeat_1_fold_2,BGN,0.0,0.0,0.0,0.0,0.0,0.0,0.0
repeat_1_fold_2,BHMT2,0.0,0.0,0.0,0.0,0.0,0.0,0.0
repeat_1_fold_2,BID,0.0,0.0,0.0,0.0,0.0,0.0,0.0
repeat_1_fold_2,BLNK,0.0,0.0,0.0,0.0,0.0,0.0,0.0
repeat_1_fold_2,BMAL2,-0.10148930279792978,0.271485994219634,0.135742997109817,-0.23723229990774677,0.25,0.0070727321141207805,1.0
repeat_1_fold_2,BMPR2,0.08357827396163309,0.2485241406698159,0.12426207033490795,-0.040683796373274864,0.25,-0.0005832037325038675,0.5
repeat_1_fold_2,BOLA2,-0.05020558056974522,0.0579724109135277,0.02898620545676385,-0.07919178602650907,0.0,-0.000777604976671814,1.0
repeat_1_fold_2,BRCA1,0.0,0.0,0.0,0.0,0.0,0.0,0.0
repeat_1_fold_2,BSG,0.0,0.0,0.0,0.0,0.0,0.0,0.0
repeat_1_fold_2,BTBD1,0.0,0.0,0.0,0.0,0.0,0.0,0.0
repeat_1_fold_2,BTRC,-0.061810033563467925,0.07137207903297602,0.03568603951648801,-0.09749607307995593,0.0,0.0013440860215053613,0.5
repeat_1_fold_2,BUB1,-0.0288940297925393,0.033363951757391264,0.016681975878695632,-0.04557600567123493,0.0,0.0015552099533437391,0.5
repeat_1_fold_2,BYSL,-0.0953068282385452,0.15450873159253778,0.07725436579626889,-0.17256119403481407,0.0,2.7755575615628914e-17,0.5
repeat_1_fold_2,C4A,-0.29900476932233566,0.4474187828964818,0.2237093914482409,-0.5227141607705765,0.0,0.005248833592535029,0.5
repeat_1_fold_2,C8B,0.049732595143824554,0.17066288668756574,0.08533144334378287,-0.035598848199958316,0.25,0.000583203732503923,0.5
repeat_1_fold_2,C9orf78,0.0,0.0,0.0,0.0,0.0,0.0021384136858476066,0.5
repeat_1_fold_2,CA6,0.0,0.0,0.0,0.0,0.0,0.0,0.0
repeat_1_fold_2,CACNB4,0.0,0.0,0.0,0.0,0.0,0.0,0.0
repeat_1_fold_2,CALCA,-0.016642098356880908,0.033284196713761816,0.016642098356880908,-0.033284196713761816,0.0,-0.0018610421836228463,0.5
repeat_1_fold_2,CBFB,0.0,0.0,0.0,0.0,0.0,0.0,0.0
repeat_1_fold_2,CCK,-0.08397831748905737,0.1579753830824091,0.07898769154120455,-0.16296600903026193,0.0,-0.0003101736972704744,0.5
repeat_1_fold_2,CCL21,-0.20926674182316596,0.13387667995432692,0.06693833997716346,-0.27620508180032943,0.0,-0.00179913608022772,1.0
repeat_1_fold_2,CCL3,0.0,0.0,0.0,0.0,0.0,0.0,0.0
repeat_1_fold_2,CCND3,0.0,0.0,0.0,0.0,0.0,0.0,0.0
repeat_1_fold_2,CCNG2,0.0,0.0,0.0,0.0,0.0,0.0,0.0
repeat_1_fold_2,CCT4,0.05689789641771448,0.07649520467022092,0.03824760233511046,0.01865029408260402,0.5,0.00038880248833594866,0.5
repeat_1_fold_2,CCZ1,0.0,0.0,0.0,0.0,0.0,0.0,0.0
repeat_1_fold_2,CD1A,0.0,0.0,0.0,0.0,0.0,0.0,0.0
repeat_1_fold_2,CD209,0.0,0.0,0.0,0.0,0.0,0.0,0.0
repeat_1_fold_2,CD320,0.0,0.0,0.0,0.0,0.0,0.0,0.0
repeat_1_fold_2,CD38,0.0,0.0,0.0,0.0,0.0,0.0,0.0
repeat_1_fold_2,CD58,0.0,0.0,0.0,0.0,0.0,0.0,0.0
repeat_1_fold_2,CD8A,0.0,0.0,0.0,0.0,0.0,0.0,0.0
repeat_1_fold_2,CDC14A,0.11992198477653382,0.18694378472455483,0.09347189236227742,0.0264500924142564,0.5,0.00038880248833594866,0.5
repeat_1_fold_2,CDC6,0.0,0.0,0.0,0.0,0.0,0.0,0.0
repeat_1_fold_2,CDH13,0.0,0.0,0.0,0.0,0.0,0.0,0.0
repeat_1_fold_2,CDK8,0.0,0.0,0.0,0.0,0.0,0.0,0.0
repeat_1_fold_2,CDKN1B,0.0,0.0,0.0,0.0,0.0,0.0,0.0
repeat_1_fold_2,CDON,0.0,0.0,0.0,0.0,0.0,0.0,0.0
repeat_1_fold_2,CDT1,0.0,0.0,0.0,0.0,0.0,0.0,0.0
repeat_1_fold_2,CEACAM1,0.09099466297883296,0.1253245533523731,0.06266227667618655,0.02833238630264641,0.5,0.0015552099533437391,0.5
repeat_1_fold_2,CEBPD,0.0,0.0,0.0,0.0,0.0,0.0,0.0
repeat_1_fold_2,CEBPG,0.0,0.0,0.0,0.0,0.0,0.0,0.0
repeat_1_fold_2,CEP290,0.0,0.0,0.0,0.0,0.0,0.00010339123242349146,0.5
repeat_1_fold_2,CERS4,0.0,0.0,0.0,0.0,0.0,0.0,0.0
repeat_1_fold_2,CES2,-0.18485948835527743,0.2650109314986161,0.13250546574930805,-0.3173649541045855,0.0,0.004082426127527239,0.5
repeat_1_fold_2,CES3,0.0,0.0,0.0,0.0,0.0,0.0,0.0
repeat_1_fold_2,CHD4,-0.4512082861879403,0.5272912169462781,0.26364560847313906,-0.7148538946610794,0.25,0.0008977188967657229,1.0
repeat_1_fold_2,CHKB,0.0,0.0,0.0,0.0,0.0,0.0,0.0
repeat_1_fold_2,CHRNB2,0.0,0.0,0.0,0.0,0.0,0.0,0.0
repeat_1_fold_2,CHRNB4,-0.013193636282952781,0.05948883253380879,0.029744416266904394,-0.04293805254985718,0.25,0.005141100893120143,1.0
repeat_1_fold_2,CHST2,0.0,0.0,0.0,0.0,0.0,0.0,0.0
repeat_1_fold_2,CHST5,0.0,0.0,0.0,0.0,0.0,0.0,0.0
repeat_1_fold_2,CHST8,0.0,0.0,0.0,0.0,0.0,0.0,0.0
repeat_1_fold_2,CKAP5,0.0,0.0,0.0,0.0,0.0,0.0,0.0
repeat_1_fold_2,CKM,0.0,0.0,0.0,0.0,0.0,0.0,0.0
repeat_1_fold_2,CLCN6,0.0,0.0,0.0,0.0,0.0,0.0,0.0
repeat_1_fold_2,CLPS,0.0,0.0,0.0,0.0,0.0,0.0,0.0
repeat_1_fold_2,CLPX,-0.15274035771028238,0.17636937328030253,0.08818468664015126,-0.24092504435043366,0.0,0.001550868486352358,0.5
repeat_1_fold_2,CLUAP1,0.0,0.0,0.0,0.0,0.0,0.0,0.0
repeat_1_fold_2,CMA1,0.0,0.0,0.0,0.0,0.0,0.0,0.0
repeat_1_fold_2,CNOT2,0.0,0.0,0.0,0.0,0.0,0.0,0.0
repeat_1_fold_2,CNOT4,0.0,0.0,0.0,0.0,0.0,0.0,0.0
repeat_1_fold_2,CNOT9,0.0,0.0,0.0,0.0,0.0,0.0,0.0
repeat_1_fold_2,CNTN5,0.0,0.0,0.0,0.0,0.0,0.0,0.0
repeat_1_fold_2,CNTN6,-0.033284196713761816,0.03843327986490168,0.01921663993245084,-0.052500836646212655,0.0,-0.001964433416046324,0.5
repeat_1_fold_2,CNTNAP1,0.0,0.0,0.0,0.0,0.0,0.0,0.0
repeat_1_fold_2,CNTRL,-0.027619611046175052,0.07879811473305616,0.03939905736652808,-0.06701866841270313,0.25,0.00026064881455441224,1.0
repeat_1_fold_2,COG7,0.0,0.0,0.0,0.0,0.0,0.0,0.0
repeat_1_fold_2,COL4A4,0.0,0.0,0.0,0.0,0.0,0.0,0.0
repeat_1_fold_2,COL4A5,0.0,0.0,0.0,0.0,0.0,0.0,0.0
repeat_1_fold_2,COL6A1,0.0,0.0,0.0,0.0,0.0,0.0,0.0
repeat_1_fold_2,COL7A1,0.0,0.0,0.0,0.0,0.0,0.0,0.0
repeat_1_fold_2,COL8A2,0.0,0.0,0.0,0.0,0.0,0.0,0.0
repeat_1_fold_2,COMMD3,0.0,0.0,0.0,0.0,0.0,0.0,0.0
repeat_1_fold_2,COMT,-0.08417763004704604,0.15837359809794932,0.07918679904897466,-0.1633644290960207,0.0,-0.0014474772539288666,0.5
repeat_1_fold_2,COPZ1,0.0,0.0,0.0,0.0,0.0,0.0,0.0
repeat_1_fold_2,COQ6,0.0,0.0,0.0,0.0,0.0,0.0,0.0
repeat_1_fold_2,CORT,0.0,0.0,0.0,0.0,0.0,0.0,0.0
repeat_1_fold_2,COX17,0.0,0.0,0.0,0.0,0.0,0.0,0.0
repeat_1_fold_2,COX5B,0.0,0.0,0.0,0.0,0.0,0.0,0.0
repeat_1_fold_2,COX6A1,0.0,0.0,0.0,0.0,0.0,0.0,0.0
repeat_1_fold_2,CPSF6,0.0,0.0,0.0,0.0,0.0,0.0,0.0
repeat_1_fold_2,CRAT,0.0,0.0,0.0,0.0,0.0,0.0,0.0
repeat_1_fold_2,CREB3L2,0.0,0.0,0.0,0.0,0.0,0.0,0.0
repeat_1_fold_2,CRK,0.0,0.0,0.0,0.0,0.0,0.0,0.0
repeat_1_fold_2,CRMP1,0.0,0.0,0.0,0.0,0.0,0.0,0.0
repeat_1_fold_2,CROT,-0.04598127617114223,0.056999525282478335,0.028499762641239167,-0.0744810388123814,0.0,0.00010339123242349146,0.5
repeat_1_fold_2,CRYM,0.0,0.0,0.0,0.0,0.0,0.0,0.0
repeat_1_fold_2,CSTF3,0.0,0.0,0.0,0.0,0.0,0.0,0.0
repeat_1_fold_2,CTDSP2,0.0,0.0,0.0,0.0,0.0,0.0,0.0
repeat_1_fold_2,CTNNA2,0.0,0.0,0.0,0.0,0.0,0.0,0.0
repeat_1_fold_2,CTNNBL1,0.0,0.0,0.0,0.0,0.0,0.0,0.0
repeat_1_fold_2,CTSF,0.0,0.0,0.0,0.0,0.0,0.0,0.0
repeat_1_fold_2,CXADR,0.0,0.0,0.0,0.0,0.0,0.0,0.0
repeat_1_fold_2,CXCL3,0.0,0.0,0.0,0.0,0.0,0.0,0.0
repeat_1_fold_2,CXCR3,0.0,0.0,0.0,0.0,0.0,0.0,0.0
repeat_1_fold_2,CYB5A,-0.02425023699079709,0.0390212398496002,0.0195106199248001,-0.043760856915597196,0.0,-0.0007237386269644402,0.5
repeat_1_fold_2,CYB5R1,-0.0013858059145253065,0.05602038716504684,0.02801019358252342,-0.029395999497048728,0.25,0.000583203732503923,0.5
repeat_1_fold_2,CYP17A1,-0.06418921349549755,0.0896697292195406,0.0448348646097703,-0.10902407810526785,0.0,-0.004305288099749532,1.0
repeat_1_fold_2,CYP1B1,0.0,0.0,0.0,0.0,0.0,0.0,0.0
repeat_1_fold_2,CYP24A1,0.0,0.0,0.0,0.0,0.0,0.0,0.0
repeat_1_fold_2,CYP27B1,0.0,0.0,0.0,0.0,0.0,0.0,0.0
repeat_1_fold_2,CYP2R1,-0.030905016781733963,0.061810033563467925,0.030905016781733963,-0.061810033563467925,0.0,0.0008147486387089092,1.0
repeat_1_fold_2,CYP2W1,0.0,0.0,0.0,0.0,0.0,0.0,0.0
repeat_1_fold_2,CYP4F3,0.0,0.0,0.0,0.0,0.0,0.0,0.0
repeat_1_fold_2,CYP51A1,0.0,0.0,0.0,0.0,0.0,0.0,0.0
repeat_1_fold_2,DARS1,0.1968300518196351,0.22727976680534862,0.11363988340267431,0.08319016841696078,0.5,-0.00019440124416794657,0.5
repeat_1_fold_2,DBF4,-0.11460236680982483,0.16815219534180076,0.08407609767090038,-0.1986784644807252,0.0,-0.0007237386269644402,0.5
repeat_1_fold_2,DBP,0.0,0.0,0.0,0.0,0.0,0.0,0.0
repeat_1_fold_2,DBT,0.0,0.0,0.0,0.0,0.0,0.0,0.0
repeat_1_fold_2,DCAF1,0.0,0.0,0.0,0.0,0.0,0.0,0.0
repeat_1_fold_2,DCAF10,0.0,0.0,0.0,0.0,0.0,0.0,0.0
repeat_1_fold_2,DCAF17,0.0,0.0,0.0,0.0,0.0,0.0,0.0
repeat_1_fold_2,DCAF6,0.0,0.0,0.0,0.0,0.0,0.0,0.0
repeat_1_fold_2,DCT,0.0,0.0,0.0,0.0,0.0,0.0,0.0
repeat_1_fold_2,DCTN5,0.0,0.0,0.0,0.0,0.0,0.0,0.0
repeat_1_fold_2,DDX17,0.0,0.0,0.0,0.0,0.0,0.0,0.5
repeat_1_fold_2,DENND1A,0.0,0.0,0.0,0.0,0.0,0.0,0.0
repeat_1_fold_2,DENND2B,0.0,0.0,0.0,0.0,0.0,0.00020678246484698293,0.5
repeat_1_fold_2,DGKH,0.0,0.0,0.0,0.0,0.0,0.0,0.0
repeat_1_fold_2,DHODH,0.0,0.0,0.0,0.0,0.0,0.0,0.0
repeat_1_fold_2,DIAPH2,-0.12744039584974765,0.19289327940970497,0.09644663970485248,-0.22388703555460013,0.0,-0.0006203473945409488,0.5
repeat_1_fold_2,DKC1,0.0,0.0,0.0,0.0,0.0,0.0,0.0
repeat_1_fold_2,DLC1,0.0,0.0,0.0,0.0,0.0,0.0,0.0
repeat_1_fold_2,DLGAP5,0.0,0.0,0.0,0.0,0.0,0.0,0.0
repeat_1_fold_2,DLX5,0.15561089321358423,0.18807032595388032,0.09403516297694016,0.061575730236644075,0.5,0.00019440124416797433,0.5
repeat_1_fold_2,DMP1,-0.007608138633916184,0.008785121776647,0.0043925608883235,-0.012000699522239684,0.0,-0.002688172043010764,0.5
repeat_1_fold_2,DMRT1,0.09898970999290846,0.237306193696772,0.118653096848386,-0.01966338685547754,0.5,-4.1485129028379086e-05,1.0
repeat_1_fold_2,DNAJC10,0.0,0.0,0.0,0.0,0.0,0.0,0.0
repeat_1_fold_2,DNAJC7,0.0,0.0,0.0,0.0,0.0,-0.0013608087091757093,0.5
repeat_1_fold_2,DNMBP,0.0,0.0,0.0,0.0,0.0,0.0,0.0
repeat_1_fold_2,DNMT1,-0.2363266940319111,0.4294225855672302,0.2147112927836151,-0.4510379868155262,0.0,-1.3877787807814457e-17,0.5
repeat_1_fold_2,DOCK10,0.0,0.0,0.0,0.0,0.0,0.0,0.0
repeat_1_fold_2,DOCK6,0.0,0.0,0.0,0.0,0.0,0.0,0.0
repeat_1_fold_2,DPP4,-0.33827509187246996,0.39062865805493946,0.19531432902746973,-0.5335894208999397,0.0,0.0035444058107480525,1.0
repeat_1_fold_2,DRG2,0.0,0.0,0.0,0.0,0.0,0.0,0.0
repeat_1_fold_2,DSC2,0.0,0.0,0.0,0.0,0.0,0.0,0.0
repeat_1_fold_2,DSCC1,0.0,0.0,0.0,0.0,0.0,0.0,0.0
repeat_1_fold_2,DSG2,0.0,0.0,0.0,0.0,0.0,0.0,0.0
repeat_1_fold_2,DTL,0.0,0.0,0.0,0.0,0.0,0.0,0.0
repeat_1_fold_2,DTYMK,0.20254200109879505,0.2654630263312666,0.1327315131656333,0.06981048793316175,0.5,-0.00038880248833589315,0.5
repeat_1_fold_2,DUSP1,0.0,0.0,0.0,0.0,0.0,0.0,0.0
repeat_1_fold_2,DUSP7,0.0,0.0,0.0,0.0,0.0,0.0,0.0
repeat_1_fold_2,DYNC1I1,-0.23635577632129845,0.2732650516284612,0.1366325258142306,-0.372988302135529,0.0,0.0025272161741835275,0.5
repeat_1_fold_2,DYNC1LI1,0.0,0.0,0.0,0.0,0.0,0.0,0.0
repeat_1_fold_2,DYNLRB1,0.0,0.0,0.0,0.0,0.0,0.0,0.0
repeat_1_fold_2,ECH1,0.0,0.0,0.0,0.0,0.0,0.0,0.0
repeat_1_fold_2,EFEMP2,-0.03340257533653812,0.03856997172435408,0.01928498586217704,-0.05268756119871516,0.0,-0.0011664074650077627,0.5
repeat_1_fold_2,EGLN1,0.0,0.0,0.0,0.0,0.0,0.0,0.0
repeat_1_fold_2,EGR1,-0.03503828123100128,0.06187571836339657,0.030937859181698286,-0.06597614041269956,0.0,0.00019440124416800209,0.5
repeat_1_fold_2,EGR4,0.0,0.0,0.0,0.0,0.0,0.0,0.0
repeat_1_fold_2,EIF2S2,-0.10190528735244442,0.1211101642952945,0.06055508214764725,-0.16246036950009168,0.0,0.0,0.5
repeat_1_fold_2,EIF3F,0.0,0.0,0.0,0.0,0.0,0.0,0.0
repeat_1_fold_2,EIF3G,0.0,0.0,0.0,0.0,0.0,0.0,0.0
repeat_1_fold_2,EIF4EBP1,0.0,0.0,0.0,0.0,0.0,0.0,0.0
repeat_1_fold_2,EIF5A2,0.0,0.0,0.0,0.0,0.0,0.0,0.5
repeat_1_fold_2,ELAVL1,0.0,0.0,0.0,0.0,0.0,0.0,0.0
repeat_1_fold_2,ELL,-0.35159414311752357,0.4193884060486613,0.20969420302433064,-0.5612883461418542,0.0,-0.0009720062208397884,0.5
repeat_1_fold_2,ELOVL2,0.0,0.0,0.0,0.0,0.0,0.0,0.0
repeat_1_fold_2,EMC3,0.0,0.0,0.0,0.0,0.0,0.0,0.0
repeat_1_fold_2,ENPP1,0.0,0.0,0.0,0.0,0.0,0.0,0.0
repeat_1_fold_2,EPO,0.0,0.0,0.0,0.0,0.0,0.0,0.0
repeat_1_fold_2,EPX,0.20728514055390335,0.4231450252973502,0.2115725126486751,-0.0042873720947717575,0.25,-0.008374689826302725,0.5
repeat_1_fold_2,ERBIN,0.0,0.0,0.0,0.0,0.0,0.0,0.0
repeat_1_fold_2,ERCC1,-0.1499674203734056,0.27508557313056836,0.13754278656528418,-0.2875102069386898,0.0,0.0015552099533437391,0.5
repeat_1_fold_2,ERCC5,-0.06885825913765942,0.12583771057189694,0.06291885528594847,-0.1317771144236079,0.0,0.001757650951199341,0.5
repeat_1_fold_2,ERCC8,-0.2131550849159538,0.2521435343292851,0.12607176716464255,-0.33922685208059633,0.0,0.004665629860031106,0.5
repeat_1_fold_2,ESR1,0.0,0.0,0.0,0.0,0.0,0.0,0.0
repeat_1_fold_2,ESRP1,-0.034953992003696754,0.14377303727740703,0.07188651863870352,-0.10684051064240027,0.25,-0.0008271298593879317,0.5
repeat_1_fold_2,ETNK1,0.004327920820724529,0.07401327839878782,0.03700663919939391,-0.03267871837866938,0.25,0.0017576509511993271,0.5
repeat_1_fold_2,ETV4,0.0,0.0,0.0,0.0,0.0,0.0,0.0
repeat_1_fold_2,EXOSC4,0.0,0.0,0.0,0.0,0.0,0.0,0.0
repeat_1_fold_2,EYA1,-0.10596260362714816,0.21192520725429628,0.10596260362714814,-0.2119252072542963,0.0,-0.0011664074650077627,0.5
repeat_1_fold_2,F11R,0.0,0.0,0.0,0.0,0.0,0.0,0.0
repeat_1_fold_2,F2RL2,-0.3717259742277079,0.549406385028269,0.2747031925141345,-0.6464291667418425,0.0,0.00038880248833594866,0.5
repeat_1_fold_2,F2RL3,0.0,0.0,0.0,0.0,0.0,0.0,0.0
repeat_1_fold_2,F3,0.0,0.0,0.0,0.0,0.0,0.0,0.0
repeat_1_fold_2,FADS1,0.0,0.0,0.0,0.0,0.0,-0.00041356492969396585,0.5
repeat_1_fold_2,FAM169A,0.0,0.0,0.0,0.0,0.0,0.0,0.0
repeat_1_fold_2,FAM32A,0.0,0.0,0.0,0.0,0.0,0.0,0.0
repeat_1_fold_2,FAN1,0.0,0.0,0.0,0.0,0.0,0.0,0.0
repeat_1_fold_2,FBN1,0.0,0.0,0.0,0.0,0.0,0.0008271298593879178,0.5
repeat_1_fold_2,FCN3,0.0,0.0,0.0,0.0,0.0,0.0,0.0
repeat_1_fold_2,FGG,-0.5102723113002217,0.6106013753011724,0.3053006876505862,-0.8155729989508078,0.0,0.00020678246484696905,0.5
repeat_1_fold_2,FIP1L1,0.0,0.0,0.0,0.0,0.0,0.0,0.0
repeat_1_fold_2,FKBP1A,0.0,0.0,0.0,0.0,0.0,0.0,0.0
repeat_1_fold_2,FKBP4,0.049770700089124986,0.14730175085285752,0.07365087542642876,-0.02388017533730377,0.25,-0.0010215311035558783,1.0
repeat_1_fold_2,FKBPL,0.0,0.0,0.0,0.0,0.0,0.0,0.0
repeat_1_fold_2,FKRP,0.0,0.0,0.0,0.0,0.0,0.0,0.0
repeat_1_fold_2,FLG,0.0,0.0,0.0,0.0,0.0,0.0,0.0
repeat_1_fold_2,FLRT3,0.0,0.0,0.0,0.0,0.0,0.0,0.0
repeat_1_fold_2,FN3K,0.11599619698602837,0.4567442215899125,0.22837211079495626,-0.11237591380892789,0.5,0.00041356492969397973,1.0
repeat_1_fold_2,FOSB,0.0,0.0,0.0,0.0,0.0,0.0,0.0
repeat_1_fold_2,FOXO1,0.0,0.0,0.0,0.0,0.0,0.0,0.0
repeat_1_fold_2,FOXO4,0.0,0.0,0.0,0.0,0.0,0.0,0.0
repeat_1_fold_2,FTSJ3,0.0,0.0,0.0,0.0,0.0,0.0,0.0
repeat_1_fold_2,FUT6,0.0,0.0,0.0,0.0,0.0,0.0,0.0
repeat_1_fold_2,FUT7,0.0,0.0,0.0,0.0,0.0,-0.00020678246484698293,0.5
repeat_1_fold_2,FXR1,-0.30381175231104685,0.09001668698045819,0.04500834349022909,-0.34882009580127593,0.0,0.0024937707988428037,1.0
repeat_1_fold_2,FXYD2,0.0,0.0,0.0,0.0,0.0,0.0,0.0
repeat_1_fold_2,FZD10,0.0,0.0,0.0,0.0,0.0,0.0,0.0
repeat_1_fold_2,GABBR2,0.0,0.0,0.0,0.0,0.0,0.0,0.0
repeat_1_fold_2,GADD45GIP1,0.0,0.0,0.0,0.0,0.0,0.0,0.0
repeat_1_fold_2,GALNT12,0.0,0.0,0.0,0.0,0.0,0.0,0.0
repeat_1_fold_2,GALNT7,0.0,0.0,0.0,0.0,0.0,0.0,0.0
repeat_1_fold_2,GCFC2,-0.17356309857838959,0.30803080690471024,0.15401540345235512,-0.3275785020307447,0.0,0.0025272161741835275,0.5
repeat_1_fold_2,GCK,0.0,0.0,0.0,0.0,0.0,0.0,0.0
repeat_1_fold_2,GCLC,0.0,0.0,0.0,0.0,0.0,0.0,0.0
repeat_1_fold_2,GDI1,0.0,0.0,0.0,0.0,0.0,0.0,0.0
repeat_1_fold_2,GEMIN7,0.0,0.0,0.0,0.0,0.0,0.0,0.0
repeat_1_fold_2,GFRA2,0.0,0.0,0.0,0.0,0.0,0.0,0.0
repeat_1_fold_2,GINS3,0.19544542263258258,0.2325248861595024,0.1162624430797512,0.07918297955283138,0.5,0.0015552099533437114,0.5
repeat_1_fold_2,GJA8,-0.03314324713121941,0.05659868505350254,0.02829934252675127,-0.061442589657970684,0.0,0.0013440860215053752,0.5
repeat_1_fold_2,GLRA1,0.0,0.0,0.0,0.0,0.0,0.0,0.0
repeat_1_fold_2,GLUL,0.0,0.0,0.0,0.0,0.0,0.0,0.0
repeat_1_fold_2,GOLGA3,0.0,0.0,0.0,0.0,0.0,0.0,0.0
repeat_1_fold_2,GP1BB,0.0,0.0,0.0,0.0,0.0,0.0,0.0
repeat_1_fold_2,GPC3,0.0,0.0,0.0,0.0,0.0,0.0,0.0
repeat_1_fold_2,GPC4,0.0,0.0,0.0,0.0,0.0,0.0,0.0
repeat_1_fold_2,GPKOW,-0.01013284729129893,0.079258106432482,0.039629053216241,-0.04976190050753993,0.25,0.0005832037325038952,0.5
repeat_1_fold_2,GPR32,0.07416478891902045,0.21593739910007012,0.10796869955003506,-0.03380391063101461,0.25,0.0007237386269644264,1.0
repeat_1_fold_2,GPR39,0.0,0.0,0.0,0.0,0.0,0.0,0.0
repeat_1_fold_2,GPX4,-0.2644811933847073,0.1107674922002646,0.0553837461001323,-0.3198649394848396,0.0,0.004892833299244795,1.0
repeat_1_fold_2,GRB10,0.0,0.0,0.0,0.0,0.0,0.0,0.0
repeat_1_fold_2,GRB2,0.0,0.0,0.0,0.0,0.0,0.0,0.0
repeat_1_fold_2,GRHPR,0.0,0.0,0.0,0.0,0.0,0.0,0.0
repeat_1_fold_2,GSDME,0.0,0.0,0.0,0.0,0.0,0.0,0.0
repeat_1_fold_2,GSPT1,-0.016642098356880908,0.033284196713761816,0.016642098356880908,-0.033284196713761816,0.0,-0.0003101736972704744,0.5
repeat_1_fold_2,GSPT2,-0.13609825935340147,0.15948523473753898,0.07974261736876949,-0.21584087672217095,0.0,-0.0008271298593879317,0.5
repeat_1_fold_2,GSR,0.0,0.0,0.0,0.0,0.0,0.0,0.0
repeat_1_fold_2,GSTA4,-0.027020651533060658,0.04566579885722007,0.022832899428610037,-0.0498535509616707,0.5,0.0004798125000804315,1.0
repeat_1_fold_2,GTF2E2,0.0,0.0,0.0,0.0,0.0,0.0,0.0
repeat_1_fold_2,GTF2H1,0.0,0.0,0.0,0.0,0.0,0.0,0.0
repeat_1_fold_2,GUCA1B,0.0,0.0,0.0,0.0,0.0,0.0,0.0
repeat_1_fold_2,GUK1,0.0,0.0,0.0,0.0,0.0,0.0,0.0
repeat_1_fold_2,GYG2,0.0,0.0,0.0,0.0,0.0,0.0,0.0
repeat_1_fold_2,GZMM,0.0,0.0,0.0,0.0,0.0,0.0,0.0
repeat_1_fold_2,H2AC11,-0.015556539408365211,0.022161831094821373,0.011080915547410686,-0.026637454955775897,0.0,-0.0020925870898278187,1.0
repeat_1_fold_2,H2AC14,0.0,0.0,0.0,0.0,0.0,0.0,0.0
repeat_1_fold_2,H3C11,0.0,0.0,0.0,0.0,0.0,0.0,0.0
repeat_1_fold_2,H3C6,-0.16371532091591234,0.1912024150263827,0.09560120751319134,-0.2593165284291037,0.0,0.0005169561621174573,0.5
repeat_1_fold_2,HACD2,0.0,0.0,0.0,0.0,0.0,0.0,0.0
repeat_1_fold_2,HAPLN1,-0.09585525027997299,0.11069108551354623,0.055345542756773114,-0.1512007930367461,0.0,-0.004032258064516139,0.5
repeat_1_fold_2,HAS2,0.0,0.0,0.0,0.0,0.0,0.0,0.0
repeat_1_fold_2,HAUS6,0.0,0.0,0.0,0.0,0.0,0.0,0.0
repeat_1_fold_2,HCFC1,-0.035415808539093874,0.08007763442964674,0.04003881721482337,-0.07545462575391725,0.25,0.0009720062208398439,0.5
repeat_1_fold_2,HDC,-0.11079829749286674,0.1608773857210562,0.0804386928605281,-0.19123699035339484,0.0,-0.00020678246484698293,0.5
repeat_1_fold_2,HERPUD1,0.0,0.0,0.0,0.0,0.0,0.0,0.0
repeat_1_fold_2,HJURP,-0.03559805888196976,0.07119611776393953,0.03559805888196976,-0.07119611776393953,0.0,0.00019440124416797433,0.5
repeat_1_fold_2,HLA-DOB,0.0,0.0,0.0,0.0,0.0,0.00019440124416800209,0.5
repeat_1_fold_2,HMG20B,0.0,0.0,0.0,0.0,0.0,0.0,0.0
repeat_1_fold_2,HMOX1,0.0,0.0,0.0,0.0,0.0,0.0,0.0
repeat_1_fold_2,HNF4G,0.0,0.0,0.0,0.0,0.0,0.0,0.0
repeat_1_fold_2,HNRNPA3,0.0,0.0,0.0,0.0,0.0,0.0,0.0
repeat_1_fold_2,HNRNPR,0.0664127984460059,0.1328255968920118,0.0664127984460059,0.0,0.25,0.00038880248833594866,0.5
repeat_1_fold_2,HS3ST1,0.0,0.0,0.0,0.0,0.0,0.0,0.0
repeat_1_fold_2,HSPA1L,-0.07443097777511198,0.18718523279447746,0.09359261639723873,-0.16802359417235072,0.25,0.000583203732503923,0.5
repeat_1_fold_2,HSPA6,0.0,0.0,0.0,0.0,0.0,0.0,0.0
repeat_1_fold_2,HSPE1,-0.02933917781426132,0.049061369494844374,0.024530684747422187,-0.05386986256168351,0.0,-0.002688172043010764,0.5
repeat_1_fold_2,HTR4,0.0,0.0,0.0,0.0,0.0,0.0,0.0
repeat_1_fold_2,ICAM3,0.0,0.0,0.0,0.0,0.0,0.0,0.0
repeat_1_fold_2,ICAM4,0.0,0.0,0.0,0.0,0.0,0.0,0.0
repeat_1_fold_2,ICAM5,0.004889628265475565,0.00977925653095113,0.004889628265475565,0.0,0.25,-0.00020678246484698293,0.5
repeat_1_fold_2,IFIT5,0.0,0.0,0.0,0.0,0.0,0.0,0.0
repeat_1_fold_2,IFT74,0.0,0.0,0.0,0.0,0.0,0.0,0.0
repeat_1_fold_2,IGF2R,0.0,0.0,0.0,0.0,0.0,0.0,0.0
repeat_1_fold_2,IGLV2-14,-0.28691441458625633,0.5738288291725127,0.28691441458625633,-0.5738288291725127,0.0,0.0007776049766718696,0.5
repeat_1_fold_2,IKZF1,0.0,0.0,0.0,0.0,0.0,0.0,0.0
repeat_1_fold_2,IL18R1,0.0,0.0,0.0,0.0,0.0,0.0,0.0
repeat_1_fold_2,IL4,0.004889628265475565,0.00977925653095113,0.004889628265475565,0.0,0.25,-0.0010339123242349146,0.5
repeat_1_fold_2,IL5,0.0,0.0,0.0,0.0,0.0,0.0,0.0
repeat_1_fold_2,IL7,0.0,0.0,0.0,0.0,0.0,0.0,0.0
repeat_1_fold_2,IL9,-0.06771231535148736,0.08277581390478314,0.04138790695239157,-0.10910022230387893,0.0,-0.0020678246484698154,0.5
repeat_1_fold_2,INTS3,0.028029167586081982,0.10942572339844031,0.054712861699220156,-0.026683694113138173,0.5,-0.0023328149300155254,1.0
repeat_1_fold_2,IP6K2,0.0,0.0,0.0,0.0,0.0,0.0,0.0
repeat_1_fold_2,IRAG2,-0.05972808049826028,0.11945616099652057,0.05972808049826028,-0.11945616099652057,0.0,0.00041356492969397973,1.0
repeat_1_fold_2,IRAK3,-0.2331148694133791,0.2867099441367806,0.1433549720683903,-0.37646984148176943,0.0,-0.0011664074650077627,0.5
repeat_1_fold_2,IRF3,0.0,0.0,0.0,0.0,0.0,0.0,0.0
repeat_1_fold_2,IRF6,0.0,0.0,0.0,0.0,0.0,0.0,0.0
repeat_1_fold_2,IST1,-0.6154839571940762,0.7112073923360187,0.35560369616800935,-0.9710876533620856,0.0,-0.0009720062208397884,0.5
repeat_1_fold_2,JAK2,-0.12706429963043675,0.14672121519204784,0.07336060759602392,-0.20042490722646067,0.0,-0.001344086021505389,0.5
repeat_1_fold_2,KCNA10,0.0,0.0,0.0,0.0,0.0,0.0,0.0
repeat_1_fold_2,KCNE4,0.0,0.0,0.0,0.0,0.0,0.0,0.0
repeat_1_fold_2,KCNJ15,0.0,0.0,0.0,0.0,0.0,0.0,0.0
repeat_1_fold_2,KCNK10,-0.05053685178727818,0.06424368202751775,0.032121841013758874,-0.08265869280103705,0.0,-0.0015552099533436836,0.5
repeat_1_fold_2,KCNK5,-0.07375093830144408,0.21820838942522283,0.10910419471261142,-0.18285513301405548,0.25,0.005443234836702948,0.5
repeat_1_fold_2,KCNS3,0.0,0.0,0.0,0.0,0.0,0.0,0.0
repeat_1_fold_2,KDM2A,0.0,0.0,0.0,0.0,0.0,0.0,0.0
repeat_1_fold_2,KDM5D,0.0,0.0,0.0,0.0,0.0,0.0,0.0
repeat_1_fold_2,KDM6A,0.0,0.0,0.0,0.0,0.0,0.0,0.0
repeat_1_fold_2,KDM8,0.0,0.0,0.0,0.0,0.0,0.0,0.0
repeat_1_fold_2,KIDINS220,-0.07732807573661127,0.09967206753670046,0.04983603376835023,-0.1271641095049615,0.0,0.00019440124416800209,0.5
repeat_1_fold_2,KIF17,0.0,0.0,0.0,0.0,0.0,0.0,0.0
repeat_1_fold_2,KIF18A,0.0,0.0,0.0,0.0,0.0,0.0,0.0
repeat_1_fold_2,KIF23,0.0,0.0,0.0,0.0,0.0,0.0,0.0
repeat_1_fold_2,KIF5B,0.0,0.0,0.0,0.0,0.0,0.0,0.0
repeat_1_fold_2,KLHDC3,0.0,0.0,0.0,0.0,0.0,0.0,0.0
repeat_1_fold_2,KLHL20,0.0,0.0,0.0,0.0,0.0,0.0,0.0
repeat_1_fold_2,KLHL21,0.11544931272531045,0.15848555398060848,0.07924277699030424,0.03620653573500621,0.5,-0.00038880248833589315,0.5
repeat_1_fold_2,KLHL5,0.0,0.0,0.0,0.0,0.0,0.0,0.0
repeat_1_fold_2,KLK1,0.0,0.0,0.0,0.0,0.0,0.0,0.0
repeat_1_fold_2,KLK12,0.0,0.0,0.0,0.0,0.0,0.0,0.0
repeat_1_fold_2,KLRB1,0.04618974045807889,0.09237948091615776,0.04618974045807888,6.938893903907228e-18,0.25,0.0007776049766718696,0.5
repeat_1_fold_2,KPNA6,0.0,0.0,0.0,0.0,0.0,0.0,0.0
repeat_1_fold_2,KRT14,0.0,0.0,0.0,0.0,0.0,0.0,0.0
repeat_1_fold_2,KRT32,0.0,0.0,0.0,0.0,0.0,0.0,0.0
repeat_1_fold_2,KRT35,-0.09681634652898019,0.14435324731797064,0.07217662365898532,-0.1689929701879655,0.0,-0.0020678246484698154,0.5
repeat_1_fold_2,KRT38,0.0,0.0,0.0,0.0,0.0,0.0,0.0
repeat_1_fold_2,KRT4,0.0,0.0,0.0,0.0,0.0,0.0,0.0
repeat_1_fold_2,KRTAP2-1,0.0,0.0,0.0,0.0,0.0,0.0,0.0
repeat_1_fold_2,KRTAP5-8,-0.07690806704309949,0.15381613408619899,0.07690806704309949,-0.15381613408619899,0.0,-0.00019440124416794657,0.5
repeat_1_fold_2,KYNU,-0.12276715058686705,0.24706920032470836,0.12353460016235418,-0.24630175074922123,0.25,-0.0004259461503729467,1.0
repeat_1_fold_2,L1CAM,-0.12706429963043675,0.14672121519204784,0.07336060759602392,-0.20042490722646067,0.0,0.00041356492969396585,0.5
repeat_1_fold_2,LAMA1,0.0,0.0,0.0,0.0,0.0,0.0,0.0
repeat_1_fold_2,LAMB1,0.0,0.0,0.0,0.0,0.0,0.0,0.0
repeat_1_fold_2,LAMP1,0.0,0.0,0.0,0.0,0.0,0.0,0.0
repeat_1_fold_2,LAMTOR2,-0.07690806704309949,0.15381613408619899,0.07690806704309949,-0.15381613408619899,0.0,0.00029779247659149355,1.0
repeat_1_fold_2,LAMTOR3,-0.033284196713761816,0.03843327986490168,0.01921663993245084,-0.052500836646212655,0.0,-0.0012406947890818976,0.5
repeat_1_fold_2,LAMTOR5,0.0,0.0,0.0,0.0,0.0,0.0,0.0
repeat_1_fold_2,LARGE1,-0.10884810211948803,0.0997849651909901,0.04989248259549505,-0.1587405847149831,0.25,-0.002485731045155107,1.0
repeat_1_fold_2,LCP2,0.0,0.0,0.0,0.0,0.0,0.0,0.0
repeat_1_fold_2,LDHA,0.0,0.0,0.0,0.0,0.0,0.0,0.0
repeat_1_fold_2,LEMD3,0.0,0.0,0.0,0.0,0.0,0.0003101736972704744,0.5
repeat_1_fold_2,LHX2,0.0,0.0,0.0,0.0,0.0,0.0,0.0
repeat_1_fold_2,LIF,0.0,0.0,0.0,0.0,0.0,0.0,0.0
repeat_1_fold_2,LILRA1,0.0,0.0,0.0,0.0,0.0,0.0,0.0
repeat_1_fold_2,LILRB4,0.0,0.0,0.0,0.0,0.0,0.0,0.0
repeat_1_fold_2,LIMS2,0.0,0.0,0.0,0.0,0.0,-0.00010339123242349146,0.5
repeat_1_fold_2,LMF2,-0.13929521383825438,0.21593508900476127,0.10796754450238064,-0.24726275834063502,0.25,0.002672092535635412,1.0
repeat_1_fold_2,LMO7,0.0,0.0,0.0,0.0,0.0,0.0,0.0
repeat_1_fold_2,LPCAT4,0.0,0.0,0.0,0.0,0.0,0.0,0.0
repeat_1_fold_2,LPIN1,0.0,0.0,0.0,0.0,0.0,0.0,0.0
repeat_1_fold_2,LRRC1,0.0,0.0,0.0,0.0,0.0,0.0,0.0
repeat_1_fold_2,LRRTM2,0.0,0.0,0.0,0.0,0.0,0.0,0.0
repeat_1_fold_2,LRRTM4,0.0,0.0,0.0,0.0,0.0,0.0,0.0
repeat_1_fold_2,LSM6,0.0,0.0,0.0,0.0,0.0,0.0,0.0
repeat_1_fold_2,LTBP3,-0.026461851464548047,0.136027964643051,0.0680139823215255,-0.09447583378607355,0.25,0.000558441291145878,1.0
repeat_1_fold_2,LZTFL1,0.0,0.0,0.0,0.0,0.0,0.0,0.0
repeat_1_fold_2,MAML1,0.0,0.0,0.0,0.0,0.0,0.0,0.0
repeat_1_fold_2,MAN2A1,0.0,0.0,0.0,0.0,0.0,0.0,0.0
repeat_1_fold_2,MAN2A2,0.0,0.0,0.0,0.0,0.0,0.0,0.0
repeat_1_fold_2,MAP3K7,0.0,0.0,0.0,0.0,0.0,0.0,0.0
repeat_1_fold_2,MARK3,-0.11945616099652057,0.13793609341540083,0.06896804670770042,-0.18842420770422097,0.0,0.002663409601652733,1.0
repeat_1_fold_2,MAT2A,0.0,0.0,0.0,0.0,0.0,0.0,0.0
repeat_1_fold_2,MCHR1,0.0,0.0,0.0,0.0,0.0,0.0,0.0
repeat_1_fold_2,MCM5,0.0,0.0,0.0,0.0,0.0,-0.00020678246484698293,0.5
repeat_1_fold_2,MCM7,0.0,0.0,0.0,0.0,0.0,0.0,0.0
repeat_1_fold_2,MDH2,0.0,0.0,0.0,0.0,0.0,0.0,0.0
repeat_1_fold_2,MED20,0.0,0.0,0.0,0.0,0.0,0.0,0.0
repeat_1_fold_2,MED22,0.0,0.0,0.0,0.0,0.0,0.0,0.0
repeat_1_fold_2,METTL1,-0.024341215382996495,0.048682430765993,0.0243412153829965,-0.04868243076599299,0.0,0.00024392612688405035,1.0
repeat_1_fold_2,MEX3C,0.0,0.0,0.0,0.0,0.0,0.0007237386269644264,0.5
repeat_1_fold_2,MFAP3,-0.05972808049826028,0.11945616099652057,0.05972808049826028,-0.11945616099652057,0.0,0.0003101736972704744,0.5
repeat_1_fold_2,MICA,0.0,0.0,0.0,0.0,0.0,0.0,0.5
repeat_1_fold_2,MIOS,-0.1030512311386147,0.12608801037964165,0.06304400518982083,-0.16609523632843554,0.0,0.003101736972704716,0.5
repeat_1_fold_2,MLANA,0.04816166717177239,0.07375109824089868,0.03687554912044934,0.011286118051323055,0.5,-0.0022746071133167983,0.5
repeat_1_fold_2,MLEC,0.0,0.0,0.0,0.0,0.0,0.0,0.0
repeat_1_fold_2,MLLT1,-0.05965308289378157,0.06897144502004963,0.03448572251002482,-0.0941388054038064,0.0,0.003722084367245651,0.5
repeat_1_fold_2,MLLT3,0.0,0.0,0.0,0.0,0.0,0.0,0.0
repeat_1_fold_2,MMP11,0.0,0.0,0.0,0.0,0.0,0.0,0.0
repeat_1_fold_2,MRPS18A,0.0,0.0,0.0,0.0,0.0,0.0,0.0
repeat_1_fold_2,MRS2,0.0,0.0,0.0,0.0,0.0,0.0,0.0
repeat_1_fold_2,MTA2,0.09353693061594903,0.12562566608543296,0.06281283304271648,0.03072409757323255,0.5,-0.0007652237559928332,1.0
repeat_1_fold_2,MTAP,0.0,0.0,0.0,0.0,0.0,0.0,0.0
repeat_1_fold_2,MTARC1,0.0,0.0,0.0,0.0,0.0,0.0,0.0
repeat_1_fold_2,MTF2,0.0,0.0,0.0,0.0,0.0,0.0,0.0
repeat_1_fold_2,MTNR1A,0.0,0.0,0.0,0.0,0.0,0.0,0.0
repeat_1_fold_2,MTRF1,0.0,0.0,0.0,0.0,0.0,0.0,0.0
repeat_1_fold_2,MUC3A,0.0,0.0,0.0,0.0,0.0,0.0,0.0
repeat_1_fold_2,MVD,0.0,0.0,0.0,0.0,0.0,0.0,0.0
repeat_1_fold_2,MYH14,0.0,0.0,0.0,0.0,0.0,0.0,0.0
repeat_1_fold_2,MYL1,0.0,0.0,0.0,0.0,0.0,0.0,0.0
repeat_1_fold_2,MYO10,0.0,0.0,0.0,0.0,0.0,0.0,0.0
repeat_1_fold_2,MYO15A,-0.10936880706466745,0.2387621618903984,0.1193810809451992,-0.22874988800986665,0.25,0.0039121441444223,1.0
repeat_1_fold_2,MYO3A,0.0,0.0,0.0,0.0,0.0,-0.001749611197511658,0.5
repeat_1_fold_2,MYRIP,0.0,0.0,0.0,0.0,0.0,0.0,0.0
repeat_1_fold_2,NABP1,0.0,0.0,0.0,0.0,0.0,0.0,0.0
repeat_1_fold_2,NARS1,0.0,0.0,0.0,0.0,0.0,0.0,0.0
repeat_1_fold_2,NAT10,0.0,0.0,0.0,0.0,0.0,0.0,0.0
repeat_1_fold_2,NCALD,-0.028522233421936605,0.0855241621742368,0.0427620810871184,-0.07128431450905501,0.25,-0.0005832037325038675,0.5
repeat_1_fold_2,NCAM1,-0.08085981334227554,0.1617196266845511,0.08085981334227554,-0.1617196266845511,0.0,0.00019440124416800209,0.5
repeat_1_fold_2,NCAN,0.0,0.0,0.0,0.0,0.0,0.0,0.0
repeat_1_fold_2,NCF1,0.0,0.0,0.0,0.0,0.0,0.0,0.0
repeat_1_fold_2,NCR3,0.0,0.0,0.0,0.0,0.0,0.0,0.0
repeat_1_fold_2,NDUFA10,-0.4481473248698169,0.38390987459350523,0.19195493729675261,-0.6401022621665695,0.0,-0.006332270799485937,1.0
repeat_1_fold_2,NDUFA4,0.0,0.0,0.0,0.0,0.0,0.0,0.0
repeat_1_fold_2,NDUFA6,0.0,0.0,0.0,0.0,0.0,0.0,0.5
repeat_1_fold_2,NDUFA7,0.039334697293373466,0.047565592153985765,0.023782796076992883,0.015551901216380584,0.5,-0.0013608087091757093,0.5
repeat_1_fold_2,NDUFAF7,0.0,0.0,0.0,0.0,0.0,0.0,0.0
repeat_1_fold_2,NDUFC1,0.0,0.0,0.0,0.0,0.0,0.00020678246484698293,0.5
repeat_1_fold_2,NDUFS1,0.0,0.0,0.0,0.0,0.0,0.0,0.0
repeat_1_fold_2,NDUFV2,-0.17916737938569582,0.31120719479088715,0.15560359739544358,-0.33477097678113943,0.0,0.004860031104199081,0.5
repeat_1_fold_2,NEDD4,0.0,0.0,0.0,0.0,0.0,0.0,0.0
repeat_1_fold_2,NEK9,0.07331223562494493,0.21874790887332074,0.10937395443666037,-0.03606171881171544,0.25,-0.001749611197511658,0.5
repeat_1_fold_2,NFYB,-0.07751612264130969,0.08950790854699239,0.044753954273496196,-0.12227007691480589,0.0,0.002377998345740276,0.5
repeat_1_fold_2,NHP2,0.0,0.0,0.0,0.0,0.0,0.0,0.0
repeat_1_fold_2,NIPAL3,0.0,0.0,0.0,0.0,0.0,0.0,0.0
repeat_1_fold_2,NKX3-2,0.0,0.0,0.0,0.0,0.0,0.0,0.0
repeat_1_fold_2,NLGN3,0.0,0.0,0.0,0.0,0.0,0.0,0.0
repeat_1_fold_2,NLK,0.0,0.0,0.0,0.0,0.0,0.0,0.0
repeat_1_fold_2,NMBR,0.0,0.0,0.0,0.0,0.0,0.0010339123242348869,0.5
repeat_1_fold_2,NMI,0.0,0.0,0.0,0.0,0.0,0.0,0.0
repeat_1_fold_2,NMRK1,-0.10585472154579101,0.30634838964871597,0.15317419482435798,-0.259028916370149,0.25,-0.0015013436036362543,1.0
repeat_1_fold_2,NMUR1,0.0,0.0,0.0,0.0,0.0,0.0,0.0
repeat_1_fold_2,NNT,-0.033284196713761816,0.03843327986490168,0.01921663993245084,-0.052500836646212655,0.0,0.0,0.5
repeat_1_fold_2,NOL9,-0.033284196713761816,0.03843327986490168,0.01921663993245084,-0.052500836646212655,0.0,7.862879106547427e-05,1.0
repeat_1_fold_2,NOP56,0.06904460537618462,0.34027555696789835,0.17013777848394918,-0.10109317310776456,0.25,-0.0009720062208397884,0.5
repeat_1_fold_2,NPC1L1,0.0,0.0,0.0,0.0,0.0,0.0,0.0
repeat_1_fold_2,NPHP1,0.0,0.0,0.0,0.0,0.0,0.0,0.0
repeat_1_fold_2,NPHS2,0.0,0.0,0.0,0.0,0.0,0.0,0.0
repeat_1_fold_2,NR0B2,-0.12326023031347866,0.14246415344999713,0.07123207672499857,-0.19449230703847722,0.0,0.0009305210918113954,0.5
repeat_1_fold_2,NRAS,0.0,0.0,0.0,0.0,0.0,0.0,0.0
repeat_1_fold_2,NRN1,0.0,0.0,0.0,0.0,0.0,0.0,0.0
repeat_1_fold_2,NSD3,0.0,0.0,0.0,0.0,0.0,0.0,0.0
repeat_1_fold_2,NSL1,-0.033284196713761816,0.03843327986490168,0.01921663993245084,-0.052500836646212655,0.0,-0.0005832037325038675,1.0
repeat_1_fold_2,NSMCE4A,-0.14408249420662855,0.19285453010604123,0.09642726505302061,-0.24050975925964918,0.0,0.0007237386269644264,0.5
repeat_1_fold_2,NT5E,-0.02510279028487261,0.05020558056974522,0.02510279028487261,-0.05020558056974522,0.0,-0.00038880248833589315,0.5
repeat_1_fold_2,NUDT18,0.0,0.0,0.0,0.0,0.0,0.0,0.0
repeat_1_fold_2,NUDT9,-0.45306836231248226,0.3072077640240329,0.15360388201201644,-0.6066722443244987,0.0,-0.0015508684863523303,1.0
repeat_1_fold_2,NUP88,0.0,0.0,0.0,0.0,0.0,0.0,0.0
repeat_1_fold_2,NXF1,0.0,0.0,0.0,0.0,0.0,0.0005169561621174573,0.5
repeat_1_fold_2,OAT,0.0,0.0,0.0,0.0,0.0,0.0,0.0
repeat_1_fold_2,OAZ1,0.0,0.0,0.0,0.0,0.0,0.0,0.0
repeat_1_fold_2,OGFOD1,0.0,0.0,0.0,0.0,0.0,0.0,0.0
repeat_1_fold_2,OR10H2,0.12076042253866781,0.2043959739108845,0.10219798695544224,0.018562435583225567,0.5,0.000583203732503923,0.5
repeat_1_fold_2,OR11A1,0.0,0.0,0.0,0.0,0.0,0.0,0.0
repeat_1_fold_2,OR1D2,0.0,0.0,0.0,0.0,0.0,0.0,0.0
repeat_1_fold_2,OR1E1,0.0,0.0,0.0,0.0,0.0,0.0,0.0
repeat_1_fold_2,OR1F1,-0.003595831418158113,0.007191662836316226,0.003595831418158113,-0.007191662836316226,0.0,-0.0005832037325038675,0.5
repeat_1_fold_2,OR2F1,0.0,0.0,0.0,0.0,0.0,0.0,0.0
repeat_1_fold_2,ORC5,0.0,0.0,0.0,0.0,0.0,0.0,0.0
repeat_1_fold_2,OSTF1,0.0,0.0,0.0,0.0,0.0,0.0,0.0
repeat_1_fold_2,OSTM1,0.0,0.0,0.0,0.0,0.0,0.0,0.0
repeat_1_fold_2,P2RX7,-0.1617196266845511,0.1867377399991427,0.09336886999957135,-0.2550884966841224,0.0,0.00019440124416797433,0.5
repeat_1_fold_2,P2RY10,0.0,0.0,0.0,0.0,0.0,0.0,0.0
repeat_1_fold_2,P2RY2,0.0,0.0,0.0,0.0,0.0,0.0,0.0
repeat_1_fold_2,P4HA2,0.0,0.0,0.0,0.0,0.0,0.0,0.0
repeat_1_fold_2,PAFAH1B1,0.0,0.0,0.0,0.0,0.0,0.0,0.0
repeat_1_fold_2,PAFAH1B2,0.0,0.0,0.0,0.0,0.0,0.0,0.0
repeat_1_fold_2,PAFAH2,0.11486897105634952,0.22973794211269905,0.11486897105634952,0.0,0.25,0.0016462199650881804,1.0
repeat_1_fold_2,PAGR1,0.0,0.0,0.0,0.0,0.0,0.0,0.0
repeat_1_fold_2,PAK4,-0.06867287538940481,0.08382428200061458,0.04191214100030729,-0.1105850163897121,0.0,0.000413564929693952,0.5
repeat_1_fold_2,PAK6,0.0,0.0,0.0,0.0,0.0,0.0,0.0
repeat_1_fold_2,PANK2,0.0,0.0,0.0,0.0,0.0,0.0,0.0
repeat_1_fold_2,PAPSS1,0.0,0.0,0.0,0.0,0.0,0.0,0.0
repeat_1_fold_2,PAQR3,0.0,0.0,0.0,0.0,0.0,0.0,0.0
repeat_1_fold_2,PAX3,-0.042177206854184135,0.08435441370836827,0.042177206854184135,-0.08435441370836827,0.0,0.0003101736972704605,0.5
repeat_1_fold_2,PAX6,0.0,0.0,0.0,0.0,0.0,0.0,0.0
repeat_1_fold_2,PDE6B,-0.08085981334227554,0.1617196266845511,0.08085981334227554,-0.1617196266845511,0.0,-0.002138413685847579,0.5
repeat_1_fold_2,PDE9A,0.08258849246954014,0.252552905944159,0.1262764529720795,-0.04368796050253937,0.25,0.001501343603636296,1.0
repeat_1_fold_2,PDHX,0.0,0.0,0.0,0.0,0.0,0.0,0.0
repeat_1_fold_2,PDPK1,0.0,0.0,0.0,0.0,0.0,0.0,0.0
repeat_1_fold_2,PELI2,0.0,0.0,0.0,0.0,0.0,0.0,0.0
repeat_1_fold_2,PEMT,0.0,0.0,0.0,0.0,0.0,0.0,0.0
repeat_1_fold_2,PEX16,0.0,0.0,0.0,0.0,0.0,0.0,0.0
repeat_1_fold_2,PGGT1B,-0.13990232867035957,0.1628999347110535,0.08144996735552675,-0.2213522960258863,0.0,0.0017576509511993271,0.5
repeat_1_fold_2,PGK1,0.0,0.0,0.0,0.0,0.0,0.0,0.0
repeat_1_fold_2,PHC1,0.0,0.0,0.0,0.0,0.0,0.0,0.0
repeat_1_fold_2,PHF21A,0.0,0.0,0.0,0.0,0.0,0.0,0.0
repeat_1_fold_2,PHGDH,0.0,0.0,0.0,0.0,0.0,0.0,0.0
repeat_1_fold_2,PHLPP2,0.0,0.0,0.0,0.0,0.0,0.0,0.0
repeat_1_fold_2,PIK3CD,0.0,0.0,0.0,0.0,0.0,-0.0003101736972704744,0.5
repeat_1_fold_2,PIK3R1,0.0,0.0,0.0,0.0,0.0,0.0,0.0
repeat_1_fold_2,PINK1,0.0,0.0,0.0,0.0,0.0,0.0,0.0
repeat_1_fold_2,PKM,0.0,0.0,0.0,0.0,0.0,0.0,0.0
repeat_1_fold_2,PLA2G12A,0.0,0.0,0.0,0.0,0.0,0.0,0.5
repeat_1_fold_2,PLA2G5,0.0,0.0,0.0,0.0,0.0,0.0,0.0
repeat_1_fold_2,PLAAT3,0.0,0.0,0.0,0.0,0.0,0.0,0.0
repeat_1_fold_2,PLD3,0.0,0.0,0.0,0.0,0.0,0.0,0.0
repeat_1_fold_2,PLN,0.17132845321581058,0.4720945687368302,0.2360472843684151,-0.06471883115260452,0.75,-0.0015632497070313806,1.0
repeat_1_fold_2,PLXNB1,0.0,0.0,0.0,0.0,0.0,0.0,0.0
repeat_1_fold_2,PMM2,0.0,0.0,0.0,0.0,0.0,0.0,0.0
repeat_1_fold_2,PNO1,0.0,0.0,0.0,0.0,0.0,0.0,0.0
repeat_1_fold_2,POLD1,0.0,0.0,0.0,0.0,0.0,0.0,0.0
repeat_1_fold_2,POLM,0.0,0.0,0.0,0.0,0.0,0.0,0.0
repeat_1_fold_2,POLR1B,-0.5959767570064383,0.6885324794567982,0.3442662397283991,-0.9402429967348374,0.0,-0.004665629860031079,0.5
repeat_1_fold_2,POLR1F,-0.24286116744074526,0.5824665603257689,0.29123328016288447,-0.5340944476036298,0.25,0.00017767855649759856,1.0
repeat_1_fold_2,POMT1,0.0664127984460059,0.1328255968920118,0.0664127984460059,0.0,0.25,-0.00019440124416794657,0.5
repeat_1_fold_2,POP4,0.0,0.0,0.0,0.0,0.0,0.0,0.0
repeat_1_fold_2,POU5F1,0.0,0.0,0.0,0.0,0.0,0.0,0.0
repeat_1_fold_2,PPIH,0.0,0.0,0.0,0.0,0.0,0.000413564929693952,0.5
repeat_1_fold_2,PPL,0.0,0.0,0.0,0.0,0.0,0.0,0.0
repeat_1_fold_2,PPP1R12A,0.0,0.0,0.0,0.0,0.0,0.0,0.0
repeat_1_fold_2,PPY,0.0,0.0,0.0,0.0,0.0,0.0,0.0
repeat_1_fold_2,PRIM2,0.0,0.0,0.0,0.0,0.0,0.0,0.0
repeat_1_fold_2,PRKACB,-0.05867835562852264,0.06775592883546427,0.03387796441773214,-0.09255632004625478,0.0,0.00020678246484696905,0.5
repeat_1_fold_2,PRKAG1,-0.08734514206077115,0.10913757295911364,0.05456878647955682,-0.14191392854032797,0.0,0.0007237386269644264,0.5
repeat_1_fold_2,PRLH,0.0,0.0,0.0,0.0,0.0,0.0,0.0
repeat_1_fold_2,PRODH,-0.15315530522943455,0.18126053827778377,0.09063026913889188,-0.24378557436832643,0.0,-0.001360808709175737,0.5
repeat_1_fold_2,PRPF8,0.0,0.0,0.0,0.0,0.0,0.0,0.0
repeat_1_fold_2,PRPS1,0.0,0.0,0.0,0.0,0.0,0.0,0.0
repeat_1_fold_2,PRSS2,0.0,0.0,0.0,0.0,0.0,0.0,0.0
repeat_1_fold_2,PSEN2,0.0,0.0,0.0,0.0,0.0,-0.00020678246484698293,0.5
repeat_1_fold_2,PSMA1,0.0,0.0,0.0,0.0,0.0,0.0,0.0
repeat_1_fold_2,PSMB6,0.0,0.0,0.0,0.0,0.0,0.0,0.0
repeat_1_fold_2,PSMD12,0.0,0.0,0.0,0.0,0.0,0.0,0.0
repeat_1_fold_2,PSME3,0.0,0.0,0.0,0.0,0.0,0.0,0.0
repeat_1_fold_2,PTDSS2,0.0,0.0,0.0,0.0,0.0,0.0,0.0
repeat_1_fold_2,PTGDR2,0.0,0.0,0.0,0.0,0.0,0.0,0.0
repeat_1_fold_2,PTPRJ,0.0,0.0,0.0,0.0,0.0,0.0,0.0
repeat_1_fold_2,PTPRO,0.0,0.0,0.0,0.0,0.0,0.0,0.0
repeat_1_fold_2,PTS,0.0,0.0,0.0,0.0,0.0,0.0,0.0
repeat_1_fold_2,PYCR3,0.0,0.0,0.0,0.0,0.0,0.0,0.0
repeat_1_fold_2,QARS1,0.0,0.0,0.0,0.0,0.0,0.0,0.0
repeat_1_fold_2,RAB11FIP2,0.0,0.0,0.0,0.0,0.0,0.00020678246484698293,0.5
repeat_1_fold_2,RAB3A,0.0,0.0,0.0,0.0,0.0,0.0,0.0
repeat_1_fold_2,RAB40B,0.0,0.0,0.0,0.0,0.0,0.0,0.0
repeat_1_fold_2,RAB6A,0.0,0.0,0.0,0.0,0.0,0.0,0.0
repeat_1_fold_2,RABGGTB,-0.0001415813669876087,0.35615511412676926,0.17807755706338463,-0.17821913843037224,0.5,0.001811517300906798,1.0
repeat_1_fold_2,RAC3,0.0,0.0,0.0,0.0,0.0,0.00020678246484698293,0.5
repeat_1_fold_2,RACK1,0.20162459415561607,0.19151665648440797,0.09575832824220398,0.10586626591341208,0.75,0.004536833005954574,1.0
repeat_1_fold_2,RAD1,0.0,0.0,0.0,0.0,0.0,0.0,0.0
repeat_1_fold_2,RAD9A,0.0,0.0,0.0,0.0,0.0,0.0,0.0
repeat_1_fold_2,RANBP1,0.0,0.0,0.0,0.0,0.0,0.0,0.0
repeat_1_fold_2,RANGRF,0.0,0.0,0.0,0.0,0.0,0.0,0.0
repeat_1_fold_2,RAP1GAP,0.0,0.0,0.0,0.0,0.0,0.0,0.0
repeat_1_fold_2,RAPGEF4,-0.16455119077713576,0.19010886801307578,0.09505443400653789,-0.25960562478367366,0.0,0.0022746071133167844,0.5
repeat_1_fold_2,RARS2,0.0,0.0,0.0,0.0,0.0,0.0,0.0
repeat_1_fold_2,RBM4,-0.01444701489626965,0.028894029792539296,0.014447014896269648,-0.0288940297925393,0.0,2.7755575615628914e-17,0.5
repeat_1_fold_2,RBP4,0.0,0.0,0.0,0.0,0.0,0.0,0.0
repeat_1_fold_2,RCC1,0.0,0.0,0.0,0.0,0.0,0.0,0.0
repeat_1_fold_2,RDH16,0.0,0.0,0.0,0.0,0.0,0.0,0.0
repeat_1_fold_2,REST,0.0,0.0,0.0,0.0,0.0,0.0,0.0
repeat_1_fold_2,REXO2,0.0,0.0,0.0,0.0,0.0,0.0,0.0
repeat_1_fold_2,RFC2,0.0,0.0,0.0,0.0,0.0,0.0,0.0
repeat_1_fold_2,RGCC,0.029467589795235227,0.034026241801297055,0.017013120900648528,0.0124544688945867,0.5,-0.0025272161741834998,0.5
repeat_1_fold_2,RGL2,0.0,0.0,0.0,0.0,0.0,0.0,0.0
repeat_1_fold_2,RGS2,0.0,0.0,0.0,0.0,0.0,0.0,0.0
repeat_1_fold_2,RGS20,0.0,0.0,0.0,0.0,0.0,0.0,0.0
repeat_1_fold_2,RGS3,0.007350261222713428,0.06689638439282526,0.03344819219641263,-0.026097930973699203,0.25,7.862879106547427e-05,1.0
repeat_1_fold_2,RGS6,0.0,0.0,0.0,0.0,0.0,0.0,0.0
repeat_1_fold_2,RGSL1,0.0,0.0,0.0,0.0,0.0,0.0,0.0
repeat_1_fold_2,RHBDF2,0.0,0.0,0.0,0.0,0.0,0.0,0.0
repeat_1_fold_2,RHCE,0.0,0.0,0.0,0.0,0.0,0.0,0.0
repeat_1_fold_2,RHOBTB2,0.0,0.0,0.0,0.0,0.0,0.0,0.0
repeat_1_fold_2,RHOQ,0.0,0.0,0.0,0.0,0.0,0.0,0.0
repeat_1_fold_2,RHOT1,0.0,0.0,0.0,0.0,0.0,0.0,0.0
repeat_1_fold_2,RIN1,0.0,0.0,0.0,0.0,0.0,0.0,0.0
repeat_1_fold_2,RIOK2,0.0,0.0,0.0,0.0,0.0,0.0,0.0
repeat_1_fold_2,RNF123,0.0,0.0,0.0,0.0,0.0,0.0,0.0
repeat_1_fold_2,RNF128,0.0,0.0,0.0,0.0,0.0,0.0,0.0
repeat_1_fold_2,RNF144A,0.0,0.0,0.0,0.0,0.0,0.0,0.0
repeat_1_fold_2,RNF2,0.10576528713253097,0.20319496175105692,0.10159748087552846,0.004167806257002513,0.5,0.0017496111975116857,1.0
repeat_1_fold_2,RNPS1,0.0,0.0,0.0,0.0,0.0,0.0,0.0
repeat_1_fold_2,RPL10A,-0.12744039584974765,0.19289327940970497,0.09644663970485248,-0.22388703555460013,0.0,-0.00041356492969396585,0.5
repeat_1_fold_2,RPL32,0.0,0.0,0.0,0.0,0.0,0.0,0.0
repeat_1_fold_2,RPL35,0.0,0.0,0.0,0.0,0.0,0.0,0.0
repeat_1_fold_2,RPL35A,0.0,0.0,0.0,0.0,0.0,0.0,0.0
repeat_1_fold_2,RPL36A,0.0,0.0,0.0,0.0,0.0,0.0,0.0
repeat_1_fold_2,RPL37A,0.0,0.0,0.0,0.0,0.0,0.0,0.0
repeat_1_fold_2,RPRD2,0.13121594893920907,0.30310806922716754,0.15155403461358377,-0.0203380856743747,0.5,0.002754419613397188,1.0
repeat_1_fold_2,RPS15,0.0023321861371119468,0.03217220314529125,0.016086101572645624,-0.013753915435533677,0.25,-0.0005832037325038675,0.5
repeat_1_fold_2,RPS4Y1,0.0,0.0,0.0,0.0,0.0,0.0,0.0
repeat_1_fold_2,RPS6KA5,0.0,0.0,0.0,0.0,0.0,0.0,0.0
repeat_1_fold_2,RPS7,-0.15537781806685125,0.19015908236430187,0.09507954118215094,-0.2504573592490022,0.0,0.0023903795664193123,1.0
repeat_1_fold_2,RRM1,0.0,0.0,0.0,0.0,0.0,0.0,0.0
repeat_1_fold_2,RTF1,0.0,0.0,0.0,0.0,0.0,0.0,0.0
repeat_1_fold_2,RXFP3,0.0,0.0,0.0,0.0,0.0,0.0,0.0
repeat_1_fold_2,S1PR1,0.0,0.0,0.0,0.0,0.0,0.0,0.0
repeat_1_fold_2,SALL1,0.0,0.0,0.0,0.0,0.0,0.0,0.0
repeat_1_fold_2,SAP30,0.0,0.0,0.0,0.0,0.0,0.0,0.0
repeat_1_fold_2,SCD5,-0.4903046897733887,0.5855102761399504,0.2927551380699752,-0.7830598278433639,0.0,0.0011664074650078182,0.5
repeat_1_fold_2,SDCBP,0.0,0.0,0.0,0.0,0.0,0.0,0.0
repeat_1_fold_2,SDHAF1,0.0,0.0,0.0,0.0,0.0,0.0,0.0
repeat_1_fold_2,SDHAF3,-0.032475212889734095,0.11475166838056683,0.057375834190283415,-0.08985104708001751,0.25,-0.001166407465007735,0.5
repeat_1_fold_2,SEC23IP,0.0,0.0,0.0,0.0,0.0,0.0,0.0
repeat_1_fold_2,SERP1,0.0,0.0,0.0,0.0,0.0,0.0,0.0
repeat_1_fold_2,SERPINB13,0.0,0.0,0.0,0.0,0.0,0.0,0.0
repeat_1_fold_2,SERPINB2,0.0,0.0,0.0,0.0,0.0,0.0,0.0
repeat_1_fold_2,SGCD,0.0,0.0,0.0,0.0,0.0,0.0,0.0
repeat_1_fold_2,SGPP1,0.0,0.0,0.0,0.0,0.0,0.0,0.0
repeat_1_fold_2,SGSH,0.0,0.0,0.0,0.0,0.0,-0.00020678246484698293,0.5
repeat_1_fold_2,SH2B1,0.0,0.0,0.0,0.0,0.0,0.0,0.0
repeat_1_fold_2,SHMT1,0.0,0.0,0.0,0.0,0.0,0.0,0.0
repeat_1_fold_2,SHPK,0.0,0.0,0.0,0.0,0.0,0.0,0.0
repeat_1_fold_2,SI,0.0,0.0,0.0,0.0,0.0,0.0,0.0
repeat_1_fold_2,SIGLEC5,0.0,0.0,0.0,0.0,0.0,0.0,0.0
repeat_1_fold_2,SIPA1L1,0.0,0.0,0.0,0.0,0.0,0.0,0.0
repeat_1_fold_2,SKA1,-0.27361295001730745,0.3544668880950327,0.17723344404751634,-0.4508463940648238,0.0,0.0007776049766718696,0.5
repeat_1_fold_2,SKIC3,0.07069668709824128,0.17254918893507945,0.08627459446753973,-0.015577907369298441,0.25,-0.001550868486352372,0.5
repeat_1_fold_2,SKIC8,0.0,0.0,0.0,0.0,0.0,0.0,0.0
repeat_1_fold_2,SLAMF7,-0.2269272076682185,0.2631756767204077,0.13158783836020385,-0.3585150460284223,0.0,-0.002204661256234003,1.0
repeat_1_fold_2,SLC10A2,0.0,0.0,0.0,0.0,0.0,0.0,0.0
repeat_1_fold_2,SLC15A1,0.0,0.0,0.0,0.0,0.0,0.0005832037325038952,0.5
repeat_1_fold_2,SLC16A10,0.0,0.0,0.0,0.0,0.0,0.0,0.0
repeat_1_fold_2,SLC17A7,0.0,0.0,0.0,0.0,0.0,0.0,0.0
repeat_1_fold_2,SLC19A2,0.0,0.0,0.0,0.0,0.0,0.0,0.5
repeat_1_fold_2,SLC1A4,0.0,0.0,0.0,0.0,0.0,0.0,0.0
repeat_1_fold_2,SLC20A1,0.0,0.0,0.0,0.0,0.0,0.0,0.0
repeat_1_fold_2,SLC20A2,-0.05020558056974522,0.0579724109135277,0.02898620545676385,-0.07919178602650907,0.0,2.7755575615628914e-17,0.5
repeat_1_fold_2,SLC22A5,0.0,0.0,0.0,0.0,0.0,0.0,0.0
repeat_1_fold_2,SLC25A12,0.01028252661877005,0.19509627874842642,0.09754813937421321,-0.08726561275544316,0.25,0.00015725758213092078,1.0
repeat_1_fold_2,SLC25A17,-0.12913335249483993,0.19284521012425834,0.09642260506212917,-0.2255559575569691,0.0,0.0023575773713735843,1.0
repeat_1_fold_2,SLC27A5,0.0,0.0,0.0,0.0,0.0,0.0,0.0
repeat_1_fold_2,SLC28A1,-0.35522479842354926,0.4459764504022136,0.2229882252011068,-0.5782130236246561,0.0,0.0009720062208398439,0.5
repeat_1_fold_2,SLC30A10,0.0,0.0,0.0,0.0,0.0,0.0,0.0
repeat_1_fold_2,SLC44A1,0.0,0.0,0.0,0.0,0.0,0.0,0.0
repeat_1_fold_2,SLC5A7,0.0,0.0,0.0,0.0,0.0,0.0,0.0
repeat_1_fold_2,SLITRK3,-0.033284196713761816,0.03843327986490168,0.01921663993245084,-0.052500836646212655,0.0,-0.001550868486352358,0.5
repeat_1_fold_2,SMARCD1,0.0,0.0,0.0,0.0,0.0,0.0,0.0
repeat_1_fold_2,SMO,0.0,0.0,0.0,0.0,0.0,0.0,0.0
repeat_1_fold_2,SMYD2,0.0,0.0,0.0,0.0,0.0,0.0,0.0
repeat_1_fold_2,SNAP91,-0.07900985627039248,0.1960972740799166,0.0980486370399583,-0.17705849331035078,0.25,-0.00288691475417005,1.0
repeat_1_fold_2,SNAPC1,0.0,0.0,0.0,0.0,0.0,0.0,0.0
repeat_1_fold_2,SND1,-0.20296277670314034,0.6039175724375577,0.30195878621877886,-0.5049215629219193,0.25,-0.0027216174183514463,0.5
repeat_1_fold_2,SNRPA1,-0.14134891384327553,0.16510931011957608,0.08255465505978804,-0.22390356890306357,0.0,6.624757038643792e-05,1.0
repeat_1_fold_2,SOAT1,0.0,0.0,0.0,0.0,0.0,0.0,0.0
repeat_1_fold_2,SOCS2,0.0,0.0,0.0,0.0,0.0,0.0,0.0
repeat_1_fold_2,SOX9,0.0,0.0,0.0,0.0,0.0,0.0,0.0
repeat_1_fold_2,SP1,-0.030905016781733963,0.061810033563467925,0.030905016781733963,-0.061810033563467925,0.0,-0.001550868486352372,0.5
repeat_1_fold_2,SPARC,-0.07845213192035061,0.09457734667659347,0.047288673338296734,-0.12574080525864734,0.0,0.0011373035566583783,0.5
repeat_1_fold_2,SPCS1,-0.030905016781733963,0.061810033563467925,0.030905016781733963,-0.061810033563467925,0.0,-0.0022746071133167983,0.5
repeat_1_fold_2,SPEN,0.0,0.0,0.0,0.0,0.0,-0.00019440124416794657,0.5
repeat_1_fold_2,SPIDR,0.0,0.0,0.0,0.0,0.0,0.0,0.0
repeat_1_fold_2,SPOCK3,0.0,0.0,0.0,0.0,0.0,0.0,0.0
repeat_1_fold_2,SPPL2B,0.0,0.0,0.0,0.0,0.0,0.0,0.0
repeat_1_fold_2,SPRY2,0.0,0.0,0.0,0.0,0.0,0.0,0.0
repeat_1_fold_2,SRD5A1,0.0,0.0,0.0,0.0,0.0,0.0,0.0
repeat_1_fold_2,SRPK1,-0.18541759353261789,0.10664693825982029,0.053323469129910143,-0.23874106266252804,0.0,0.0012159323477238665,1.0
repeat_1_fold_2,SRRM2,-0.4250091223046599,0.49189273300489816,0.24594636650244908,-0.670955488807109,0.0,-0.00020678246484698293,0.5
repeat_1_fold_2,SRSF11,0.0,0.0,0.0,0.0,0.0,0.0,0.0
repeat_1_fold_2,SRSF4,0.0,0.0,0.0,0.0,0.0,0.0,0.0
repeat_1_fold_2,SRSF5,0.0,0.0,0.0,0.0,0.0,0.0,0.0
repeat_1_fold_2,SS18L1,0.0,0.0,0.0,0.0,0.0,0.0,0.0
repeat_1_fold_2,SSTR5,-0.07637017885514119,0.15274035771028238,0.07637017885514119,-0.15274035771028238,0.0,0.00020678246484696905,0.5
repeat_1_fold_2,ST3GAL2,0.0,0.0,0.0,0.0,0.0,0.0,0.0
repeat_1_fold_2,ST3GAL4,0.0,0.0,0.0,0.0,0.0,0.0,0.0
repeat_1_fold_2,STAM2,0.0,0.0,0.0,0.0,0.0,0.0,0.0
repeat_1_fold_2,STARD3,0.0,0.0,0.0,0.0,0.0,0.0,0.0
repeat_1_fold_2,STK4,-0.502524162702251,0.4011459212406221,0.20057296062031105,-0.703097123322562,0.0,-0.009141199942885564,1.0
repeat_1_fold_2,STN1,0.0,0.0,0.0,0.0,0.0,0.0,0.0
repeat_1_fold_2,STUB1,0.0,0.0,0.0,0.0,0.0,0.0,0.0
repeat_1_fold_2,STX1A,0.07720558311717163,0.21472689348458682,0.10736344674229341,-0.03015786362512178,0.25,-0.002953162324556502,1.0
repeat_1_fold_2,SUCLA2,0.0,0.0,0.0,0.0,0.0,0.0,0.0
repeat_1_fold_2,SULT1A1,0.14639974506900444,0.23324928011587062,0.11662464005793531,0.029775105011069128,0.5,2.7755575615628914e-17,0.5
repeat_1_fold_2,SULT1C4,0.0,0.0,0.0,0.0,0.0,0.0,0.0
repeat_1_fold_2,SURF1,0.016799610355535677,0.04149804531308487,0.020749022656542434,-0.003949412301006757,0.25,-0.0017496111975116302,0.5
repeat_1_fold_2,SYNJ1,0.0,0.0,0.0,0.0,0.0,0.0,0.0
repeat_1_fold_2,SYT12,-0.0863051764592715,0.2319260046632444,0.1159630023316222,-0.2022681787908937,0.25,-0.002171215880893307,0.5
repeat_1_fold_2,TACC3,0.0,0.0,0.0,0.0,0.0,0.0,0.0
repeat_1_fold_2,TAF10,0.0,0.0,0.0,0.0,0.0,0.0,0.0
repeat_1_fold_2,TAF5L,0.0,0.0,0.0,0.0,0.0,0.0,0.0
repeat_1_fold_2,TAF7L,0.0,0.0,0.0,0.0,0.0,0.0,0.0
repeat_1_fold_2,TAP1,0.0,0.0,0.0,0.0,0.0,0.0,0.0
repeat_1_fold_2,TAPBP,-0.22235710917329854,0.27502181124942393,0.13751090562471197,-0.3598680147980105,0.0,0.00038880248833594866,0.5
repeat_1_fold_2,TBC1D4,0.0,0.0,0.0,0.0,0.0,0.0,0.0
repeat_1_fold_2,TBCD,0.0,0.0,0.0,0.0,0.0,0.00020678246484698293,0.5
repeat_1_fold_2,TBX1,0.09481919449166121,0.1383630636841148,0.0691815318420574,0.025637662649603807,0.5,0.0031104199066874227,0.5
repeat_1_fold_2,TCF12,-0.11945616099652057,0.13793609341540083,0.06896804670770042,-0.18842420770422097,0.0,0.002171215880893293,0.5
repeat_1_fold_2,TCF7,0.0,0.0,0.0,0.0,0.0,0.0,0.0
repeat_1_fold_2,TCF7L1,0.0,0.0,0.0,0.0,0.0,0.0,0.0
repeat_1_fold_2,TCTN1,0.0,0.0,0.0,0.0,0.0,0.0,0.0
repeat_1_fold_2,TEX12,0.0,0.0,0.0,0.0,0.0,0.0,0.0
repeat_1_fold_2,TFAM,0.0,0.0,0.0,0.0,0.0,0.0,0.0
repeat_1_fold_2,TFR2,0.0,0.0,0.0,0.0,0.0,0.0,0.0
repeat_1_fold_2,THSD4,0.0,0.0,0.0,0.0,0.0,-0.00020678246484698293,0.5
repeat_1_fold_2,THSD7A,0.0,0.0,0.0,0.0,0.0,2.7755575615628914e-17,0.5
repeat_1_fold_2,THUMPD1,0.0,0.0,0.0,0.0,0.0,0.0,0.0
repeat_1_fold_2,TIMM13,0.0,0.0,0.0,0.0,0.0,0.0,0.0
repeat_1_fold_2,TJP1,0.0,0.0,0.0,0.0,0.0,0.0,0.0
repeat_1_fold_2,TK2,0.0,0.0,0.0,0.0,0.0,0.0,0.0
repeat_1_fold_2,TLE3,0.0,0.0,0.0,0.0,0.0,-0.00019440124416794657,0.5
repeat_1_fold_2,TMEM115,0.0,0.0,0.0,0.0,0.0,0.0,0.0
repeat_1_fold_2,TMEM63A,0.0,0.0,0.0,0.0,0.0,0.0,0.0
repeat_1_fold_2,TMLHE,0.0,0.0,0.0,0.0,0.0,0.0,0.0
repeat_1_fold_2,TMPO,0.06443866430572243,0.07911010116098423,0.039555050580492114,0.024883613725230312,0.5,-0.0019440124416796045,0.5
repeat_1_fold_2,TNFRSF10C,0.0,0.0,0.0,0.0,0.0,0.0,0.0
repeat_1_fold_2,TNFRSF11A,0.0,0.0,0.0,0.0,0.0,0.0,0.0
repeat_1_fold_2,TNNI1,0.0,0.0,0.0,0.0,0.0,0.0,0.0
repeat_1_fold_2,TNPO1,0.0,0.0,0.0,0.0,0.0,0.0,0.0
repeat_1_fold_2,TOLLIP,0.06135495712834782,0.19315238969421922,0.09657619484710961,-0.03522123771876179,0.25,2.7755575615628914e-17,0.5
repeat_1_fold_2,TOMM70,-0.05972808049826028,0.11945616099652057,0.05972808049826028,-0.11945616099652057,0.0,0.0008271298593879178,0.5
repeat_1_fold_2,TPX2,0.0,0.0,0.0,0.0,0.0,0.0,0.0
repeat_1_fold_2,TRAP1,0.0019177967893853065,0.03146063642305548,0.01573031821152774,-0.013812521422142433,0.25,-0.00019440124416794657,0.5
repeat_1_fold_2,TRAPPC11,0.0,0.0,0.0,0.0,0.0,0.0,0.0
repeat_1_fold_2,TRIM37,0.0,0.0,0.0,0.0,0.0,0.0,0.0
repeat_1_fold_2,TRIM56,0.0,0.0,0.0,0.0,0.0,0.0,0.0
repeat_1_fold_2,TRIP4,0.0,0.0,0.0,0.0,0.0,0.0,0.0
repeat_1_fold_2,TRPC4,0.0,0.0,0.0,0.0,0.0,0.0,0.0
repeat_1_fold_2,TRPV4,0.0,0.0,0.0,0.0,0.0,0.0,0.0
repeat_1_fold_2,TSPOAP1,0.0,0.0,0.0,0.0,0.0,0.0,0.0
repeat_1_fold_2,TTLL5,0.0,0.0,0.0,0.0,0.0,0.0,0.0
repeat_1_fold_2,TUBAL3,0.0,0.0,0.0,0.0,0.0,0.0,0.0
repeat_1_fold_2,TUBB,0.0,0.0,0.0,0.0,0.0,0.0,0.0
repeat_1_fold_2,TUBG2,-0.46429103512907943,0.5449171833116728,0.2724585916558364,-0.7367496267849158,0.0,-0.0009305210918114232,0.5
repeat_1_fold_2,TUT7,-0.11338916974305668,0.13170556014915696,0.06585278007457848,-0.17924194981763517,0.0,0.0034744599536652987,1.0
repeat_1_fold_2,TXNDC5,0.0,0.0,0.0,0.0,0.0,0.0,0.0
repeat_1_fold_2,UBC,0.0,0.0,0.0,0.0,0.0,0.0,0.0
repeat_1_fold_2,UBE2H,0.0,0.0,0.0,0.0,0.0,0.0,0.0
repeat_1_fold_2,UBE2V1,-0.12954224410826853,0.19952547652234462,0.09976273826117231,-0.22930498236944086,0.0,0.00019440124416797433,0.5
repeat_1_fold_2,UGT1A10,-0.05972808049826028,0.11945616099652057,0.05972808049826028,-0.11945616099652057,0.0,-0.0008271298593879317,0.5
repeat_1_fold_2,UGT1A3,0.0,0.0,0.0,0.0,0.0,0.0,0.0
repeat_1_fold_2,UPF3A,-0.016065925891307842,0.019563771329729748,0.009781885664864874,-0.025847811556172717,0.0,0.0,0.5
repeat_1_fold_2,UPP1,0.0,0.0,0.0,0.0,0.0,0.0,0.0
repeat_1_fold_2,USP10,0.0,0.0,0.0,0.0,0.0,0.0,0.0
repeat_1_fold_2,USP18,0.0,0.0,0.0,0.0,0.0,0.0,0.0
repeat_1_fold_2,USP20,0.0,0.0,0.0,0.0,0.0,0.0,0.0
repeat_1_fold_2,USP3,0.0,0.0,0.0,0.0,0.0,0.0,0.0
repeat_1_fold_2,USP33,0.0,0.0,0.0,0.0,0.0,0.0,0.0
repeat_1_fold_2,USP5,0.0,0.0,0.0,0.0,0.0,0.0,0.0
repeat_1_fold_2,UTP18,0.0,0.0,0.0,0.0,0.0,0.0,0.0
repeat_1_fold_2,VHL,0.0,0.0,0.0,0.0,0.0,0.0,0.0
repeat_1_fold_2,VPS11,0.0,0.0,0.0,0.0,0.0,0.0,0.0
repeat_1_fold_2,VPS37C,-0.05020558056974522,0.0579724109135277,0.02898620545676385,-0.07919178602650907,0.0,-0.0005832037325038675,0.5
repeat_1_fold_2,VRK2,0.0,0.0,0.0,0.0,0.0,0.0,0.0
repeat_1_fold_2,VTN,0.0,0.0,0.0,0.0,0.0,0.0,0.0
repeat_1_fold_2,WDR6,0.0,0.0,0.0,0.0,0.0,0.0,0.0
repeat_1_fold_2,WNT11,-0.030905016781733963,0.061810033563467925,0.030905016781733963,-0.061810033563467925,0.0,0.00010339123242349146,0.5
repeat_1_fold_2,WNT3,0.0,0.0,0.0,0.0,0.0,0.0,0.0
repeat_1_fold_2,WTAP,0.09841502590981754,0.1968300518196351,0.09841502590981754,0.0,0.25,0.00019440124416797433,0.5
repeat_1_fold_2,XBP1,0.0,0.0,0.0,0.0,0.0,0.0,0.0
repeat_1_fold_2,XPA,0.0,0.0,0.0,0.0,0.0,0.000827129859387904,0.5
repeat_1_fold_2,XPC,0.0,0.0,0.0,0.0,0.0,0.0,0.0
repeat_1_fold_2,XYLT2,0.0,0.0,0.0,0.0,0.0,0.0,0.0
repeat_1_fold_2,YRDC,-0.051070216994606454,0.05897080705881727,0.029485403529408635,-0.08055562052401509,0.0,0.00196443341604631,0.5
repeat_1_fold_2,YWHAH,0.0,0.0,0.0,0.0,0.0,-0.001526106044994327,1.0
repeat_1_fold_2,ZC3H12A,0.0,0.0,0.0,0.0,0.0,0.0,0.0
repeat_1_fold_2,ZDHHC11,0.0,0.0,0.0,0.0,0.0,0.0,0.0
repeat_1_fold_2,ZFPM2,0.0,0.0,0.0,0.0,0.0,0.0,0.0
repeat_1_fold_2,ZKSCAN7,0.0,0.0,0.0,0.0,0.0,0.0,0.0
repeat_1_fold_2,ZNF211,0.0,0.0,0.0,0.0,0.0,0.0,0.0
repeat_1_fold_2,ZNF212,0.0,0.0,0.0,0.0,0.0,0.0,0.0
repeat_1_fold_2,ZNF248,0.029026340597043898,0.25992237665278467,0.12996118832639234,-0.10093484772934844,0.25,0.0034992223950233436,1.0
repeat_1_fold_2,ZNF264,0.0,0.0,0.0,0.0,0.0,0.0,0.0
repeat_1_fold_2,ZNF266,0.0,0.0,0.0,0.0,0.0,0.0,0.0
repeat_1_fold_2,ZNF286A,0.0,0.0,0.0,0.0,0.0,0.0,0.0
repeat_1_fold_2,ZNF324,0.0,0.0,0.0,0.0,0.0,0.00020678246484696905,0.5
repeat_1_fold_2,ZNF33B,0.0,0.0,0.0,0.0,0.0,0.0,0.0
repeat_1_fold_2,ZNF343,0.0,0.0,0.0,0.0,0.0,0.0,0.0
repeat_1_fold_2,ZNF41,0.0,0.0,0.0,0.0,0.0,0.0,0.0
repeat_1_fold_2,ZNF426,0.0,0.0,0.0,0.0,0.0,0.0,0.0
repeat_1_fold_2,ZNF460,0.0,0.0,0.0,0.0,0.0,0.0,0.0
repeat_1_fold_2,ZNF500,0.0,0.0,0.0,0.0,0.0,0.0,0.0
repeat_1_fold_2,ZNF510,0.0,0.0,0.0,0.0,0.0,0.0,0.0
repeat_1_fold_2,ZNF682,0.0,0.0,0.0,0.0,0.0,0.0,0.0
repeat_1_fold_2,ZNF717,0.0,0.0,0.0,0.0,0.0,0.0,0.0
repeat_1_fold_2,ZW10,0.0,0.0,0.0,0.0,0.0,0.0,0.0
repeat_1_fold_2,ZWILCH,-0.27530576587714606,0.7077672840684346,0.3538836420342173,-0.6291894079113634,0.25,0.005463655811069654,1.0
repeat_1_fold_2,ZZZ3,0.0,0.0,0.0,0.0,0.0,0.0,0.0
repeat_1_fold_3,A1CF,0.0,0.0,0.0,0.0,0.0,0.0,0.0
repeat_1_fold_3,A2M,0.0,0.0,0.0,0.0,0.0,0.0,0.0
repeat_1_fold_3,A4GALT,0.0,0.0,0.0,0.0,0.0,0.0,0.0
repeat_1_fold_3,AAAS,0.0,0.0,0.0,0.0,0.0,0.0,0.0
repeat_1_fold_3,AACS,0.0,0.0,0.0,0.0,0.0,0.0,0.0
repeat_1_fold_3,AADAC,0.0,0.0,0.0,0.0,0.0,0.0,0.0
repeat_1_fold_3,AAK1,0.0,0.0,0.0,0.0,0.0,0.0,0.0
repeat_1_fold_3,AAMP,0.0,0.0,0.0,0.0,0.0,0.0,0.0
repeat_1_fold_3,AANAT,0.0,0.0,0.0,0.0,0.0,0.0,0.0
repeat_1_fold_3,AASDHPPT,-0.04087524732559267,0.08175049465118533,0.04087524732559267,-0.08175049465118533,0.0,0.00010064412238325326,0.5
repeat_1_fold_3,ABCA7,0.0,0.0,0.0,0.0,0.0,-0.0008019246190858059,0.5
repeat_1_fold_3,ABCC6,-0.04486031292012882,0.05208706849876273,0.026043534249381366,-0.07090384716951019,0.0,-0.0032206119162641045,0.5
repeat_1_fold_3,ABCD1,-0.03815772503763348,0.1841529899201498,0.0920764949600749,-0.1302342199977084,0.25,0.0013031275060144398,0.5
repeat_1_fold_3,ABCD2,0.0,0.0,0.0,0.0,0.0,0.0,0.0
repeat_1_fold_3,ABCG2,0.0,0.0,0.0,0.0,0.0,0.0,0.0
repeat_1_fold_3,ABHD10,0.0,0.0,0.0,0.0,0.0,0.0,0.0
repeat_1_fold_3,ABHD4,0.0,0.0,0.0,0.0,0.0,0.0,0.0
repeat_1_fold_3,ABL1,0.0,0.0,0.0,0.0,0.0,0.0,0.0
repeat_1_fold_3,ACKR4,0.0,0.0,0.0,0.0,0.0,0.0,0.0
repeat_1_fold_3,ACLY,0.0,0.0,0.0,0.0,0.0,0.0,0.0
repeat_1_fold_3,ACO1,0.0,0.0,0.0,0.0,0.0,0.0,0.0
repeat_1_fold_3,ACP5,0.0,0.0,0.0,0.0,0.0,0.0,0.0
repeat_1_fold_3,ACSBG1,0.0,0.0,0.0,0.0,0.0,0.0,0.0
repeat_1_fold_3,ACSL3,0.0,0.0,0.0,0.0,0.0,0.0,0.0
repeat_1_fold_3,ACSM3,0.0,0.0,0.0,0.0,0.0,0.0,0.0
repeat_1_fold_3,ACSM5,0.0,0.0,0.0,0.0,0.0,0.0,0.0
repeat_1_fold_3,ACTB,0.0,0.0,0.0,0.0,0.0,0.0,0.0
repeat_1_fold_3,ACTG1,0.0,0.0,0.0,0.0,0.0,0.0,0.0
repeat_1_fold_3,ACTN3,0.0,0.0,0.0,0.0,0.0,0.0,0.0
repeat_1_fold_3,ACTR5,0.2734962734168285,0.4525542313963162,0.2262771156981581,0.047219157718670385,0.75,-0.00020169178976406354,1.0
repeat_1_fold_3,ACVR2B,0.0,0.0,0.0,0.0,0.0,0.0,0.0
repeat_1_fold_3,ADAM12,0.0,0.0,0.0,0.0,0.0,0.0,0.0
repeat_1_fold_3,ADAM8,0.0,0.0,0.0,0.0,0.0,0.0,0.0
repeat_1_fold_3,ADAM9,0.0,0.0,0.0,0.0,0.0,0.0,0.0
repeat_1_fold_3,ADAMTS2,0.0,0.0,0.0,0.0,0.0,0.0,0.0
repeat_1_fold_3,ADAMTSL3,0.0,0.0,0.0,0.0,0.0,0.0,0.0
repeat_1_fold_3,ADAT1,0.0,0.0,0.0,0.0,0.0,0.0,0.0
repeat_1_fold_3,ADD1,-0.024107382217525952,0.02783680722549161,0.013918403612745805,-0.03802578583027176,0.0,0.00020128824476650653,0.5
repeat_1_fold_3,ADH1C,0.0,0.0,0.0,0.0,0.0,0.0,0.0
repeat_1_fold_3,AFF4,0.026754172760711015,0.05350834552142203,0.026754172760711015,0.0,0.25,0.00040257648953301306,0.5
repeat_1_fold_3,AGO1,0.0,0.0,0.0,0.0,0.0,0.0,0.0
repeat_1_fold_3,AGO3,0.0,0.0,0.0,0.0,0.0,0.0,0.0
repeat_1_fold_3,AGTR1,0.0,0.0,0.0,0.0,0.0,0.0,0.0
repeat_1_fold_3,AK4,0.0,0.0,0.0,0.0,0.0,0.0,0.0
repeat_1_fold_3,AKR1A1,0.0,0.0,0.0,0.0,0.0,0.0,0.0
repeat_1_fold_3,AKR1B1,0.0,0.0,0.0,0.0,0.0,0.0,0.0
repeat_1_fold_3,AKR7A2,0.0,0.0,0.0,0.0,0.0,-0.0005012028869286339,0.5
repeat_1_fold_3,AKR7A3,0.1388351467072404,0.16031301864881287,0.08015650932440643,0.058678637382833965,0.5,0.0004009623095429099,0.5
repeat_1_fold_3,ALAD,-0.05315730011202646,0.14296420162932905,0.07148210081466452,-0.12463940092669099,0.25,0.0016038492381716118,0.5
repeat_1_fold_3,ALAS1,0.0,0.0,0.0,0.0,0.0,0.0,0.0
repeat_1_fold_3,ALDH1A1,0.0,0.0,0.0,0.0,0.0,0.0,0.0
repeat_1_fold_3,ALDH1B1,0.0,0.0,0.0,0.0,0.0,0.0,0.0
repeat_1_fold_3,ALDH2,0.0,0.0,0.0,0.0,0.0,0.0,0.0
repeat_1_fold_3,ALDH3B2,-0.2828502978570615,0.3375618963745558,0.1687809481872779,-0.4516312460443394,0.0,-0.000601443464314344,0.5
repeat_1_fold_3,ALDH7A1,0.0,0.0,0.0,0.0,0.0,0.0,0.0
repeat_1_fold_3,ALDH9A1,0.0,0.0,0.0,0.0,0.0,0.0,0.0
repeat_1_fold_3,ALG12,0.0,0.0,0.0,0.0,0.0,0.0,0.0
repeat_1_fold_3,ALG6,0.0,0.0,0.0,0.0,0.0,0.0,0.0
repeat_1_fold_3,ALOX15B,0.0,0.0,0.0,0.0,0.0,0.0,0.0
repeat_1_fold_3,ALOX5AP,0.0,0.0,0.0,0.0,0.0,0.0,0.0
repeat_1_fold_3,ALPG,0.0,0.0,0.0,0.0,0.0,0.0,0.0
repeat_1_fold_3,ALPK1,0.0,0.0,0.0,0.0,0.0,0.0,0.0
repeat_1_fold_3,AMACR,0.0,0.0,0.0,0.0,0.0,0.0,0.0
repeat_1_fold_3,AMPD2,0.0,0.0,0.0,0.0,0.0,0.0,0.0
repeat_1_fold_3,ANAPC15,0.0,0.0,0.0,0.0,0.0,0.0,0.0
repeat_1_fold_3,ANAPC5,0.0,0.0,0.0,0.0,0.0,0.0,0.0
repeat_1_fold_3,ANKFY1,0.019635904857505437,0.12640672802836037,0.06320336401418018,-0.043567459156674745,0.5,-0.0032129445613110763,1.0
repeat_1_fold_3,ANKLE2,0.0,0.0,0.0,0.0,0.0,0.0,0.0
repeat_1_fold_3,ANKRD28,0.0,0.0,0.0,0.0,0.0,0.0,0.0
repeat_1_fold_3,ANO1,0.0,0.0,0.0,0.0,0.0,0.0,0.0
repeat_1_fold_3,ANO3,0.14683045708613918,0.20073807757530895,0.10036903878765448,0.0464614182984847,0.5,0.004428341384863088,0.5
repeat_1_fold_3,ANOS1,0.0,0.0,0.0,0.0,0.0,0.0,0.0
repeat_1_fold_3,ANTXR1,0.0,0.0,0.0,0.0,0.0,0.0,0.0
repeat_1_fold_3,ANXA1,0.0,0.0,0.0,0.0,0.0,0.0,0.0
repeat_1_fold_3,ANXA5,0.0,0.0,0.0,0.0,0.0,0.0,0.0
repeat_1_fold_3,AOC3,0.0,0.0,0.0,0.0,0.0,0.0,0.0
repeat_1_fold_3,AP2S1,0.0,0.0,0.0,0.0,0.0,0.0,0.0
repeat_1_fold_3,AP3S1,0.04248928447205991,0.08497856894411981,0.04248928447205991,0.0,0.25,0.0027064955894146037,0.5
repeat_1_fold_3,APEH,0.0,0.0,0.0,0.0,0.0,0.0,0.0
repeat_1_fold_3,APLP2,0.0,0.0,0.0,0.0,0.0,0.0,0.0
repeat_1_fold_3,APOBEC3B,0.0,0.0,0.0,0.0,0.0,0.0,0.0
repeat_1_fold_3,APOBEC3G,0.0,0.0,0.0,0.0,0.0,0.0,0.0
repeat_1_fold_3,APOC1,0.0,0.0,0.0,0.0,0.0,0.0,0.0
repeat_1_fold_3,APOM,0.0,0.0,0.0,0.0,0.0,0.0,0.0
repeat_1_fold_3,AQP4,0.0,0.0,0.0,0.0,0.0,0.0,0.0
repeat_1_fold_3,AQR,0.0,0.0,0.0,0.0,0.0,0.0,0.0
repeat_1_fold_3,AREG,0.0,0.0,0.0,0.0,0.0,0.0,0.0
repeat_1_fold_3,ARF4,0.0,0.0,0.0,0.0,0.0,0.0,0.0
repeat_1_fold_3,ARFRP1,0.0,0.0,0.0,0.0,0.0,0.0,0.0
repeat_1_fold_3,ARG1,0.0,0.0,0.0,0.0,0.0,0.0,0.0
repeat_1_fold_3,ARHGAP24,0.0,0.0,0.0,0.0,0.0,0.0,0.0
repeat_1_fold_3,ARHGAP25,0.0,0.0,0.0,0.0,0.0,0.0,0.0
repeat_1_fold_3,ARHGEF16,0.0,0.0,0.0,0.0,0.0,0.0,0.0
repeat_1_fold_3,ARHGEF18,0.0,0.0,0.0,0.0,0.0,0.0,0.0
repeat_1_fold_3,ARHGEF38,-0.06453575282147028,0.2163362185886171,0.10816810929430855,-0.17270386211577882,0.25,-0.0018115942028985588,0.5
repeat_1_fold_3,ARHGEF4,0.0,0.0,0.0,0.0,0.0,0.0,0.0
repeat_1_fold_3,ARID5B,0.0,0.0,0.0,0.0,0.0,0.0,0.0
repeat_1_fold_3,ARL1,0.0,0.0,0.0,0.0,0.0,0.0,0.0
repeat_1_fold_3,ARL2BP,0.0,0.0,0.0,0.0,0.0,0.0,0.0
repeat_1_fold_3,ARMCX3,0.0,0.0,0.0,0.0,0.0,0.0,0.0
repeat_1_fold_3,ARPC2,0.0,0.0,0.0,0.0,0.0,0.0,0.0
repeat_1_fold_3,ASB1,0.0,0.0,0.0,0.0,0.0,0.0,0.0
repeat_1_fold_3,ASB6,0.0,0.0,0.0,0.0,0.0,0.0,0.0
repeat_1_fold_3,ASB8,0.25326437660959655,0.34533859345882306,0.17266929672941153,0.08059507988018502,0.75,-0.002419494387173343,1.0
repeat_1_fold_3,ASCC2,-0.14877891074823602,0.19467652109653588,0.09733826054826794,-0.24611717129650396,0.0,0.005813953488372103,0.5
repeat_1_fold_3,ASPH,0.0,0.0,0.0,0.0,0.0,0.0,0.0
repeat_1_fold_3,ASRGL1,0.0,0.0,0.0,0.0,0.0,0.0,0.0
repeat_1_fold_3,ATAD2,0.0,0.0,0.0,0.0,0.0,0.0,0.0
repeat_1_fold_3,ATF6,0.0,0.0,0.0,0.0,0.0,0.0,0.0
repeat_1_fold_3,ATG10,0.0,0.0,0.0,0.0,0.0,0.0,0.0
repeat_1_fold_3,ATP10B,0.0,0.0,0.0,0.0,0.0,0.0,0.0
repeat_1_fold_3,ATP13A1,0.0,0.0,0.0,0.0,0.0,0.0,0.0
repeat_1_fold_3,ATP2A3,0.0,0.0,0.0,0.0,0.0,0.0,0.0
repeat_1_fold_3,ATP5MC2,0.02175826325902719,0.11970237380124418,0.05985118690062209,-0.0380929236415949,0.25,0.00301932367149757,0.5
repeat_1_fold_3,ATP6V0D1,0.0,0.0,0.0,0.0,0.0,0.0,0.0
repeat_1_fold_3,ATP6V1G1,-0.06299066701594036,0.07892347683607862,0.03946173841803931,-0.10245240543397967,0.0,0.001409017713365518,0.5
repeat_1_fold_3,ATP8A1,0.0,0.0,0.0,0.0,0.0,0.0,0.0
repeat_1_fold_3,B3GNT2,-0.04320521775263941,0.07775208345094992,0.03887604172547496,-0.08208125947811437,0.0,-0.0014090177133655457,0.5
repeat_1_fold_3,B4GALNT1,0.0,0.0,0.0,0.0,0.0,0.0,0.0
repeat_1_fold_3,B4GALT4,0.0,0.0,0.0,0.0,0.0,0.0,0.0
repeat_1_fold_3,B4GAT1,0.0,0.0,0.0,0.0,0.0,0.0,0.0
repeat_1_fold_3,BAG4,0.0,0.0,0.0,0.0,0.0,0.0,0.0
repeat_1_fold_3,BAMBI,0.03518820318152471,0.1944929721762477,0.09724648608812385,-0.062058282906599135,0.25,0.0013031275060144398,0.5
repeat_1_fold_3,BASP1,0.0,0.0,0.0,0.0,0.0,0.0,0.0
repeat_1_fold_3,BCKDHA,0.0,0.0,0.0,0.0,0.0,0.0,0.0
repeat_1_fold_3,BEST1,0.0,0.0,0.0,0.0,0.0,0.0011026463512429918,0.5
repeat_1_fold_3,BGLAP,0.0,0.0,0.0,0.0,0.0,0.0,0.0
repeat_1_fold_3,BHMT2,0.0,0.0,0.0,0.0,0.0,0.0,0.0
repeat_1_fold_3,BMAL2,-0.06625872237676234,0.23787926032381426,0.11893963016190713,-0.18519835253866945,0.5,0.006235900137786368,1.0
repeat_1_fold_3,BMP10,0.0,0.0,0.0,0.0,0.0,0.0,0.0
repeat_1_fold_3,BMPR1B,0.0,0.0,0.0,0.0,0.0,0.0,0.0
repeat_1_fold_3,BNIP2,0.0,0.0,0.0,0.0,0.0,0.0,0.0
repeat_1_fold_3,BOP1,0.0,0.0,0.0,0.0,0.0,0.0,0.0
repeat_1_fold_3,BRCC3,0.0,0.0,0.0,0.0,0.0,0.0,0.0
repeat_1_fold_3,BTG2,0.0,0.0,0.0,0.0,0.0,0.0,0.0
repeat_1_fold_3,BTN3A3,0.0,0.0,0.0,0.0,0.0,0.0,0.0
repeat_1_fold_3,BTNL2,0.0,0.0,0.0,0.0,0.0,0.0,0.0
repeat_1_fold_3,BUB1,0.0,0.0,0.0,0.0,0.0,0.0,0.0
repeat_1_fold_3,BUB1B,0.0,0.0,0.0,0.0,0.0,0.0,0.0
repeat_1_fold_3,BUB3,0.02814639922623563,0.08521024172797921,0.042605120863989605,-0.014458721637753975,0.25,0.00010064412238325326,0.5
repeat_1_fold_3,BUD23,0.0,0.0,0.0,0.0,0.0,0.0,0.0
repeat_1_fold_3,C2orf49,0.0,0.0,0.0,0.0,0.0,0.0,0.0
repeat_1_fold_3,C4A,-0.019469093808698545,0.1134378123482703,0.05671890617413515,-0.0761879999828337,0.25,0.0003019323671497598,0.5
repeat_1_fold_3,C8A,0.0,0.0,0.0,0.0,0.0,0.0,0.0
repeat_1_fold_3,C9orf78,-0.006880376383536557,0.013760752767073114,0.006880376383536557,-0.013760752767073114,0.0,-0.0004001552195478375,1.0
repeat_1_fold_3,CA5B,0.0,0.0,0.0,0.0,0.0,0.0,0.0
repeat_1_fold_3,CA6,0.0,0.0,0.0,0.0,0.0,-0.00010064412238325326,0.5
repeat_1_fold_3,CACNA1B,0.024929511076152266,0.07489336252850695,0.037446681264253476,-0.01251717018810121,0.25,0.001101435716250404,1.0
repeat_1_fold_3,CACNA1D,0.0,0.0,0.0,0.0,0.0,0.0,0.0
repeat_1_fold_3,CACNG2,0.0,0.0,0.0,0.0,0.0,0.0,0.0
repeat_1_fold_3,CALM1,0.014498944415944237,0.03709219205470942,0.01854609602735471,-0.004047151611410473,0.25,0.0009057971014492794,0.5
repeat_1_fold_3,CALML5,0.0,0.0,0.0,0.0,0.0,0.0,0.0
repeat_1_fold_3,CALU,0.0,0.0,0.0,0.0,0.0,0.0,0.0
repeat_1_fold_3,CAMK4,0.0,0.0,0.0,0.0,0.0,0.0,0.0
repeat_1_fold_3,CAMKK2,0.04297879949669614,0.08692111258172627,0.04346055629086314,-0.0004817567941669959,0.25,0.0003019323671497598,0.5
repeat_1_fold_3,CAPN11,0.0,0.0,0.0,0.0,0.0,0.0,0.0
repeat_1_fold_3,CAPN2,0.0,0.0,0.0,0.0,0.0,0.0,0.0
repeat_1_fold_3,CAPZA1,0.0,0.0,0.0,0.0,0.0,0.0020128824476650375,0.5
repeat_1_fold_3,CARD8,0.0,0.0,0.0,0.0,0.0,0.0,0.0
repeat_1_fold_3,CARS2,0.0,0.0,0.0,0.0,0.0,0.0,0.0
repeat_1_fold_3,CAST,0.0,0.0,0.0,0.0,0.0,0.0,0.0
repeat_1_fold_3,CBLL1,-0.024991740847058352,0.049983481694116705,0.024991740847058352,-0.049983481694116705,0.0,-0.0017081252655326146,1.0
repeat_1_fold_3,CBS,0.0,0.0,0.0,0.0,0.0,0.0,0.0
repeat_1_fold_3,CBX2,0.0,0.0,0.0,0.0,0.0,0.0,0.0
repeat_1_fold_3,CBX4,0.0,0.0,0.0,0.0,0.0,0.0,0.0
repeat_1_fold_3,CCKAR,0.0,0.0,0.0,0.0,0.0,0.0,0.0
repeat_1_fold_3,CCL19,-0.05597949944812086,0.04289219988758854,0.02144609994379427,-0.07742559939191514,0.0,0.0021090875750755106,1.0
repeat_1_fold_3,CCL4,0.0,0.0,0.0,0.0,0.0,0.0031074578989574997,0.5
repeat_1_fold_3,CCND1,0.0,0.0,0.0,0.0,0.0,0.0,0.0
repeat_1_fold_3,CCNE1,0.0,0.0,0.0,0.0,0.0,0.0,0.0
repeat_1_fold_3,CCNG1,0.0,0.0,0.0,0.0,0.0,0.0,0.0
repeat_1_fold_3,CCR10,0.0,0.0,0.0,0.0,0.0,0.0,0.0
repeat_1_fold_3,CCT6A,-0.013760752767073114,0.0158895486286431,0.00794477431432155,-0.021705527081394664,0.0,0.0003019323671497598,0.5
repeat_1_fold_3,CD14,-0.09197308473198262,0.10653684611819483,0.05326842305909742,-0.14524150779108003,0.0,-0.00040257648953301306,0.5
repeat_1_fold_3,CD163,0.0,0.0,0.0,0.0,0.0,0.0,0.0
repeat_1_fold_3,CD177,0.0,0.0,0.0,0.0,0.0,0.0,0.0
repeat_1_fold_3,CD1D,0.0,0.0,0.0,0.0,0.0,0.0,0.0
repeat_1_fold_3,CD200,0.0,0.0,0.0,0.0,0.0,0.0,0.0
repeat_1_fold_3,CD2BP2,-0.043399885003376326,0.06967071443821453,0.034835357219107264,-0.0782352422224836,0.0,-0.0017109500805153055,0.5
repeat_1_fold_3,CD36,0.0,0.0,0.0,0.0,0.0,-0.000400962309542896,0.5
repeat_1_fold_3,CD48,0.0,0.0,0.0,0.0,0.0,0.0,0.0
repeat_1_fold_3,CD55,0.0,0.0,0.0,0.0,0.0,0.0,0.0
repeat_1_fold_3,CD68,0.0,0.0,0.0,0.0,0.0,0.0,0.0
repeat_1_fold_3,CD72,0.0,0.0,0.0,0.0,0.0,0.0,0.0
repeat_1_fold_3,CDC20,0.0,0.0,0.0,0.0,0.0,0.0,0.0
repeat_1_fold_3,CDH11,0.0,0.0,0.0,0.0,0.0,0.0,0.0
repeat_1_fold_3,CDK1,-0.06259818784787363,0.07704779781419664,0.03852389890709832,-0.10112208675497195,0.0,-0.0003019323671497598,0.5
repeat_1_fold_3,CDK12,0.03329465474011428,0.03879477693160023,0.019397388465800115,0.013897266274314167,0.5,0.0016046563281666704,1.0
repeat_1_fold_3,CDK5R1,0.0,0.0,0.0,0.0,0.0,0.0,0.0
repeat_1_fold_3,CDK6,0.0,0.0,0.0,0.0,0.0,0.0,0.0
repeat_1_fold_3,CDK8,0.0,0.0,0.0,0.0,0.0,0.0,0.0
repeat_1_fold_3,CDKN1A,0.014902400982160557,0.0878566472362294,0.0439283236181147,-0.02902592263595414,0.25,-0.0016103059581320522,0.5
repeat_1_fold_3,CDKN1C,0.0,0.0,0.0,0.0,0.0,0.0,0.0
repeat_1_fold_3,CDKN2B,0.0,0.0,0.0,0.0,0.0,0.0,0.0
repeat_1_fold_3,CEBPB,0.0,0.0,0.0,0.0,0.0,-0.000601443464314344,0.5
repeat_1_fold_3,CEBPE,0.0,0.0,0.0,0.0,0.0,0.0,0.0
repeat_1_fold_3,CEP131,0.0713370940004161,0.08237298084869174,0.04118649042434587,0.03015060357607023,0.5,0.002806736166800314,0.5
repeat_1_fold_3,CEP162,0.0,0.0,0.0,0.0,0.0,0.0,0.0
repeat_1_fold_3,CEP164,0.0,0.0,0.0,0.0,0.0,0.0,0.0
repeat_1_fold_3,CEP97,0.0,0.0,0.0,0.0,0.0,0.0,0.0
repeat_1_fold_3,CERT1,0.0,0.0,0.0,0.0,0.0,0.0,0.0
repeat_1_fold_3,CES3,0.0,0.0,0.0,0.0,0.0,0.0,0.0
repeat_1_fold_3,CHCHD3,0.0,0.0,0.0,0.0,0.0,0.0,0.0
repeat_1_fold_3,CHI3L1,0.0,0.0,0.0,0.0,0.0,0.0,0.0
repeat_1_fold_3,CHIA,-0.08322478519092158,0.09926783943249005,0.04963391971624503,-0.1328587049071666,0.0,-0.0005032206119162663,0.5
repeat_1_fold_3,CHL1,0.16372972669689112,0.3217818117778461,0.16089090588892305,0.0028388208079680732,0.5,0.002214170692431544,0.5
repeat_1_fold_3,CHMP5,0.0,0.0,0.0,0.0,0.0,0.0,0.0
repeat_1_fold_3,CHMP6,0.10068334652823907,0.12116223547800058,0.06058111773900029,0.04010222878923878,0.5,0.0023148148148147973,0.5
repeat_1_fold_3,CHST10,0.1214563094148371,0.20193103617704156,0.10096551808852078,0.020490791326316316,0.5,-0.002214170692431572,0.5
repeat_1_fold_3,CHST11,-0.22756604391156365,0.34765139528683187,0.17382569764341593,-0.4013917415549796,0.25,-0.003309956778716594,1.0
repeat_1_fold_3,CHTOP,0.0,0.0,0.0,0.0,0.0,0.0,0.0
repeat_1_fold_3,CIB2,0.0,0.0,0.0,0.0,0.0,0.0,0.0
repeat_1_fold_3,CKM,0.0,0.0,0.0,0.0,0.0,0.0,0.0
repeat_1_fold_3,CLCN3,0.031528935741159,0.07774577274666891,0.038872886373334456,-0.007343950632175453,0.25,0.004227053140096582,0.5
repeat_1_fold_3,CLCNKA,0.02604982626210095,0.10135664162665098,0.05067832081332549,-0.02462849455122454,0.25,0.002113526570048291,0.5
repeat_1_fold_3,CLPS,0.0,0.0,0.0,0.0,0.0,0.0,0.0
repeat_1_fold_3,COL21A1,0.0,0.0,0.0,0.0,0.0,0.0,0.0
repeat_1_fold_3,COL3A1,0.0,0.0,0.0,0.0,0.0,0.0,0.0
repeat_1_fold_3,COMMD3,-0.056889238555188015,0.24130541797356175,0.12065270898678088,-0.1775419475419689,0.25,0.0026018160170560717,1.0
repeat_1_fold_3,COMT,0.0,0.0,0.0,0.0,0.0,0.0,0.0
repeat_1_fold_3,COPG1,0.0,0.0,0.0,0.0,0.0,0.0,0.0
repeat_1_fold_3,COQ10B,0.0,0.0,0.0,0.0,0.0,0.0,0.0
repeat_1_fold_3,COQ8B,0.0,0.0,0.0,0.0,0.0,0.0,0.0
repeat_1_fold_3,COX16,0.0,0.0,0.0,0.0,0.0,0.0,0.0
repeat_1_fold_3,CPNE3,0.0,0.0,0.0,0.0,0.0,0.0,0.0
repeat_1_fold_3,CPNE6,0.0,0.0,0.0,0.0,0.0,0.0,0.0
repeat_1_fold_3,CPS1,0.0,0.0,0.0,0.0,0.0,0.0,0.0
repeat_1_fold_3,CRADD,0.0,0.0,0.0,0.0,0.0,0.0,0.0
repeat_1_fold_3,CREB1,0.0,0.0,0.0,0.0,0.0,0.0,0.0
repeat_1_fold_3,CREB3,0.0,0.0,0.0,0.0,0.0,0.0,0.0
repeat_1_fold_3,CRYM,0.0,0.0,0.0,0.0,0.0,-0.0014090177133655457,0.5
repeat_1_fold_3,CSAD,0.0027635985991256717,0.0055271971982513435,0.0027635985991256717,0.0,0.25,-0.0005032206119162663,0.5
repeat_1_fold_3,CSF2RB,0.0,0.0,0.0,0.0,0.0,0.0,0.0
repeat_1_fold_3,CSNK1D,0.0,0.0,0.0,0.0,0.0,0.0,0.0
repeat_1_fold_3,CSRP1,0.0,0.0,0.0,0.0,0.0,0.0,0.0
repeat_1_fold_3,CSTA,0.0,0.0,0.0,0.0,0.0,0.0,0.0
repeat_1_fold_3,CTBP2,0.0,0.0,0.0,0.0,0.0,0.0,0.0
repeat_1_fold_3,CTCF,0.0,0.0,0.0,0.0,0.0,0.0,0.0
repeat_1_fold_3,CTDP1,0.0,0.0,0.0,0.0,0.0,0.0,0.0
repeat_1_fold_3,CTPS2,0.0,0.0,0.0,0.0,0.0,0.0,0.0
repeat_1_fold_3,CTSB,0.0,0.0,0.0,0.0,0.0,0.0,0.0
repeat_1_fold_3,CTSE,0.0,0.0,0.0,0.0,0.0,0.0,0.0
repeat_1_fold_3,CTSK,0.0,0.0,0.0,0.0,0.0,0.0,0.0
repeat_1_fold_3,CTSL,0.0,0.0,0.0,0.0,0.0,0.0,0.0
repeat_1_fold_3,CTSW,-0.024107382217525952,0.02783680722549161,0.013918403612745805,-0.03802578583027176,0.0,0.0019041674253312685,1.0
repeat_1_fold_3,CXCL9,-0.0636792397282182,0.10058258890282627,0.050291294451413136,-0.11397053417963135,0.0,0.000300721732157172,0.5
repeat_1_fold_3,CYP2R1,0.0,0.0,0.0,0.0,0.0,0.0,0.0
repeat_1_fold_3,CYP3A5,0.0,0.0,0.0,0.0,0.0,0.0,0.0
repeat_1_fold_3,CYP4B1,0.0,0.0,0.0,0.0,0.0,0.0,0.0
repeat_1_fold_3,CYP4F3,0.0,0.0,0.0,0.0,0.0,0.0,0.0
repeat_1_fold_3,DAG1,-0.26750173917901954,0.3989684104391035,0.19948420521955176,-0.46698594439857133,0.0,-0.0037089013632718437,0.5
repeat_1_fold_3,DAPK2,0.051917341134020134,0.1401499655062406,0.0700749827531203,-0.018157641619100162,0.75,0.0020056186377095386,1.0
repeat_1_fold_3,DAPK3,0.0,0.0,0.0,0.0,0.0,-0.00010387248236347346,1.0
repeat_1_fold_3,DARS2,0.0,0.0,0.0,0.0,0.0,0.0023055332798716938,0.5
repeat_1_fold_3,DCAF4,0.0,0.0,0.0,0.0,0.0,0.0,0.0
repeat_1_fold_3,DCAKD,0.0,0.0,0.0,0.0,0.0,0.0,0.0
repeat_1_fold_3,DCLRE1C,0.0,0.0,0.0,0.0,0.0,0.0,0.0
repeat_1_fold_3,DCTN4,0.0,0.0,0.0,0.0,0.0,0.0,0.0
repeat_1_fold_3,DDX3X,0.0,0.0,0.0,0.0,0.0,0.0,0.0
repeat_1_fold_3,DDX5,0.0,0.0,0.0,0.0,0.0,0.0,0.0
repeat_1_fold_3,DEFA5,0.0,0.0,0.0,0.0,0.0,0.0,0.0
repeat_1_fold_3,DEK,0.0,0.0,0.0,0.0,0.0,0.0,0.0
repeat_1_fold_3,DENND5A,0.0,0.0,0.0,0.0,0.0,0.0,0.0
repeat_1_fold_3,DES,-0.027639105560396615,0.036021960748061195,0.018010980374030598,-0.04565008593442721,0.0,-0.0005032206119162663,0.5
repeat_1_fold_3,DFFB,0.0,0.0,0.0,0.0,0.0,0.0,0.0
repeat_1_fold_3,DHCR24,0.0,0.0,0.0,0.0,0.0,0.0,0.0
repeat_1_fold_3,DHDDS,0.0,0.0,0.0,0.0,0.0,0.0,0.0
repeat_1_fold_3,DHPS,-0.34816697466340507,0.4040947355384233,0.20204736776921164,-0.5502143424326167,0.0,0.0015036086607858878,0.5
repeat_1_fold_3,DHRS3,0.0,0.0,0.0,0.0,0.0,0.0,0.0
repeat_1_fold_3,DIO1,-0.006880376383536557,0.013760752767073114,0.006880376383536557,-0.013760752767073114,0.0,0.00280552553180774,1.0
repeat_1_fold_3,DKK1,0.0,0.0,0.0,0.0,0.0,0.0,0.0
repeat_1_fold_3,DLAT,-0.08027971542102641,0.09345008028095504,0.04672504014047752,-0.12700475556150392,0.0,0.0006038647342995196,0.5
repeat_1_fold_3,DLG5,0.0,0.0,0.0,0.0,0.0,0.0,0.0
repeat_1_fold_3,DMRT1,0.01622447300804808,0.05803216713354498,0.02901608356677249,-0.012791610558724412,0.25,-0.0007037017666877143,1.0
repeat_1_fold_3,DNM1,0.0,0.0,0.0,0.0,0.0,0.0,0.0
repeat_1_fold_3,DNM1L,0.0,0.0,0.0,0.0,0.0,0.0,0.0
repeat_1_fold_3,DNMT1,-0.09151041687265149,0.1625914911385522,0.0812957455692761,-0.1728061624419276,0.0,0.007417802726543715,0.5
repeat_1_fold_3,DOCK3,0.0,0.0,0.0,0.0,0.0,0.0,0.0
repeat_1_fold_3,DOHH,0.0,0.0,0.0,0.0,0.0,0.0,0.0
repeat_1_fold_3,DPH1,0.0,0.0,0.0,0.0,0.0,0.0,0.0
repeat_1_fold_3,DPM1,0.0,0.0,0.0,0.0,0.0,0.0,0.0
repeat_1_fold_3,DPM3,0.08497856894411981,0.09812479931047349,0.049062399655236746,0.03591616928888307,0.5,-0.001503608660785874,0.5
repeat_1_fold_3,DRD1,0.0,0.0,0.0,0.0,0.0,0.0,0.0
repeat_1_fold_3,DRD4,0.0,0.0,0.0,0.0,0.0,0.0,0.0
repeat_1_fold_3,DSC2,-0.024107382217525952,0.02783680722549161,0.013918403612745805,-0.03802578583027176,0.0,-0.00010064412238325326,0.5
repeat_1_fold_3,DVL3,0.0,0.0,0.0,0.0,0.0,0.0,0.0
repeat_1_fold_3,DYNC1H1,0.0,0.0,0.0,0.0,0.0,0.0,0.5
repeat_1_fold_3,DYNC1I2,0.0,0.0,0.0,0.0,0.0,0.0,0.0
repeat_1_fold_3,DYNC1LI1,0.0,0.0,0.0,0.0,0.0,0.0,0.0
repeat_1_fold_3,EBAG9,0.1267448563586271,0.15889638768314607,0.07944819384157303,0.047296662517054056,0.5,0.0024057738572574178,0.5
repeat_1_fold_3,EBF2,0.0,0.0,0.0,0.0,0.0,0.0,0.0
repeat_1_fold_3,ECSIT,0.0,0.0,0.0,0.0,0.0,0.0,0.0
repeat_1_fold_3,EDA2R,0.0,0.0,0.0,0.0,0.0,0.0,0.0
repeat_1_fold_3,EDC3,-0.024991740847058352,0.049983481694116705,0.024991740847058352,-0.049983481694116705,0.0,0.0019045709703287977,0.5
repeat_1_fold_3,EDIL3,0.0,0.0,0.0,0.0,0.0,0.0,0.0
repeat_1_fold_3,EEA1,0.07187760676662869,0.23487485103663674,0.11743742551831837,-0.045559818751689685,0.25,0.0029069767441860517,0.5
repeat_1_fold_3,EEF1D,0.0,0.0,0.0,0.0,0.0,0.0,0.0
repeat_1_fold_3,EEF1E1,0.0,0.0,0.0,0.0,0.0,0.0,0.0
repeat_1_fold_3,EGF,0.0,0.0,0.0,0.0,0.0,0.0,0.0
repeat_1_fold_3,EGLN1,0.0,0.0,0.0,0.0,0.0,-0.0006038647342995196,0.5
repeat_1_fold_3,EIF1AX,0.0,0.0,0.0,0.0,0.0,0.0,0.0
repeat_1_fold_3,EIF2AK2,0.0,0.0,0.0,0.0,0.0,0.0,0.0
repeat_1_fold_3,EIF3B,0.0,0.0,0.0,0.0,0.0,0.0,0.0
repeat_1_fold_3,EIF3F,0.0,0.0,0.0,0.0,0.0,0.0,0.0
repeat_1_fold_3,EIF4A2,-0.06540282140788989,0.07552067309121249,0.037760336545606246,-0.10316315795349613,0.0,0.00010064412238325326,0.5
repeat_1_fold_3,EIF4EBP1,0.0,0.0,0.0,0.0,0.0,0.0,0.0
repeat_1_fold_3,ELF3,-0.05898529945501352,0.08186619241946083,0.040933096209730416,-0.09991839566474393,0.0,0.0015096618357487712,0.5
repeat_1_fold_3,ELMO2,0.0,0.0,0.0,0.0,0.0,0.0,0.0
repeat_1_fold_3,ENO1,0.0,0.0,0.0,0.0,0.0,0.0,0.0
repeat_1_fold_3,ENPP3,0.0,0.0,0.0,0.0,0.0,0.0,0.0
repeat_1_fold_3,ENSA,0.0,0.0,0.0,0.0,0.0,0.0,0.0
repeat_1_fold_3,ENTPD2,0.0,0.0,0.0,0.0,0.0,0.0016038492381716118,0.5
repeat_1_fold_3,ENTPD7,0.0,0.0,0.0,0.0,0.0,0.0,0.0
repeat_1_fold_3,EPHA1,0.0,0.0,0.0,0.0,0.0,0.0,0.0
repeat_1_fold_3,EPOR,-0.1957347908769247,0.2992508437495237,0.14962542187476185,-0.34536021275168655,0.0,0.0024057738572574178,0.5
repeat_1_fold_3,EPRS1,0.0,0.0,0.0,0.0,0.0,0.0,0.0
repeat_1_fold_3,EPS15L1,0.0,0.0,0.0,0.0,0.0,0.0,0.0
repeat_1_fold_3,EPS8L2,0.0,0.0,0.0,0.0,0.0,0.0,0.0
repeat_1_fold_3,ERCC1,0.0,0.0,0.0,0.0,0.0,0.0,0.0
repeat_1_fold_3,ERCC2,0.0,0.0,0.0,0.0,0.0,0.0,0.0
repeat_1_fold_3,ERN1,0.0,0.0,0.0,0.0,0.0,0.0,0.0
repeat_1_fold_3,ESRP1,0.0,0.0,0.0,0.0,0.0,-0.0003019323671497598,0.5
repeat_1_fold_3,ETNK1,0.0,0.0,0.0,0.0,0.0,0.0,0.0
repeat_1_fold_3,ETV4,-0.053813095029470404,0.0758903453137433,0.03794517265687165,-0.09175826768634204,0.0,0.001811594202898531,0.5
repeat_1_fold_3,EYA3,0.0,0.0,0.0,0.0,0.0,0.0,0.0
repeat_1_fold_3,EYA4,0.0,0.0,0.0,0.0,0.0,0.0,0.0
repeat_1_fold_3,EZH1,0.0,0.0,0.0,0.0,0.0,0.0,0.0
repeat_1_fold_3,F2RL3,0.11382637847247601,0.14862535910157734,0.07431267955078867,0.03951369892168734,0.5,-0.000100240577385724,0.5
repeat_1_fold_3,FAM114A2,-0.1594783007321645,0.2566750453959724,0.1283375226979862,-0.2878158234301507,0.0,0.0,0.5
repeat_1_fold_3,FAM131B,0.0,0.0,0.0,0.0,0.0,0.0,0.0
repeat_1_fold_3,FANCA,0.0,0.0,0.0,0.0,0.0,0.0,0.0
repeat_1_fold_3,FANCI,0.0,0.0,0.0,0.0,0.0,0.0,0.0
repeat_1_fold_3,FARP2,0.0,0.0,0.0,0.0,0.0,0.0,0.0
repeat_1_fold_3,FBXL12,0.0,0.0,0.0,0.0,0.0,0.0,0.0
repeat_1_fold_3,FBXO2,0.0,0.0,0.0,0.0,0.0,0.0,0.0
repeat_1_fold_3,FBXW4,-0.0019792721498355093,0.08509787853304185,0.042548939266520924,-0.044528211416356434,0.25,-0.0008019246190858059,0.5
repeat_1_fold_3,FBXW7,0.0,0.0,0.0,0.0,0.0,0.0,0.0
repeat_1_fold_3,FCGR2A,0.0,0.0,0.0,0.0,0.0,0.0,0.0
repeat_1_fold_3,FDXR,0.11382637847247601,0.14862535910157734,0.07431267955078867,0.03951369892168734,0.5,0.002806736166800314,0.5
repeat_1_fold_3,FGF1,0.0,0.0,0.0,0.0,0.0,0.0,0.0
repeat_1_fold_3,FGF3,0.09857050658048472,0.19714101316096944,0.09857050658048472,0.0,0.25,0.0008019246190858059,0.5
repeat_1_fold_3,FGF9,0.0,0.0,0.0,0.0,0.0,0.0,0.0
repeat_1_fold_3,FGG,0.0,0.0,0.0,0.0,0.0,0.0,0.0
repeat_1_fold_3,FOLH1,0.0,0.0,0.0,0.0,0.0,0.0,0.0
repeat_1_fold_3,FOXG1,0.0,0.0,0.0,0.0,0.0,0.0,0.0
repeat_1_fold_3,FOXO1,0.0,0.0,0.0,0.0,0.0,0.0,0.0
repeat_1_fold_3,FPGS,-0.006880376383536557,0.013760752767073114,0.006880376383536557,-0.013760752767073114,0.0,-0.0010064412238325326,0.5
repeat_1_fold_3,FRAT2,0.0,0.0,0.0,0.0,0.0,0.0,0.0
repeat_1_fold_3,FSCN1,0.0,0.0,0.0,0.0,0.0,0.0,0.0
repeat_1_fold_3,FUCA1,-0.168499629597628,0.21624612087134026,0.10812306043567013,-0.2766226900332981,0.0,0.0027173913043478104,0.5
repeat_1_fold_3,FURIN,0.0,0.0,0.0,0.0,0.0,0.0,0.0
repeat_1_fold_3,FUS,0.0,0.0,0.0,0.0,0.0,0.00010064412238325326,0.5
repeat_1_fold_3,FZD2,0.0,0.0,0.0,0.0,0.0,0.0,0.0
repeat_1_fold_3,FZR1,0.0,0.0,0.0,0.0,0.0,0.00040257648953301306,0.5
repeat_1_fold_3,G3BP1,0.0,0.0,0.0,0.0,0.0,0.0,0.0
repeat_1_fold_3,G6PC2,0.0,0.0,0.0,0.0,0.0,0.0,0.0
repeat_1_fold_3,GAB1,0.0,0.0,0.0,0.0,0.0,0.0,0.0
repeat_1_fold_3,GABARAPL2,0.0,0.0,0.0,0.0,0.0,0.0,0.0
repeat_1_fold_3,GABPA,0.0,0.0,0.0,0.0,0.0,0.0,0.0
repeat_1_fold_3,GABRR1,-0.15971289579469428,0.3038011807208485,0.15190059036042425,-0.3116134861551185,0.0,0.0023055332798716938,0.5
repeat_1_fold_3,GAD2,0.0,0.0,0.0,0.0,0.0,0.0,0.0
repeat_1_fold_3,GAL,0.0,0.0,0.0,0.0,0.0,0.0,0.0
repeat_1_fold_3,GALNS,0.0,0.0,0.0,0.0,0.0,0.0,0.0
repeat_1_fold_3,GALNT8,0.0,0.0,0.0,0.0,0.0,0.0,0.0
repeat_1_fold_3,GAMT,-0.23312571182361808,0.2701783477020545,0.13508917385102726,-0.36821488567464533,0.0,0.004210104250200478,0.5
repeat_1_fold_3,GARS1,0.0,0.0,0.0,0.0,0.0,0.0,0.0
repeat_1_fold_3,GAS1,0.0,0.0,0.0,0.0,0.0,0.0,0.0
repeat_1_fold_3,GCGR,0.0,0.0,0.0,0.0,0.0,0.0,0.0
repeat_1_fold_3,GCN1,0.28094649183478815,0.35324775641603295,0.17662387820801648,0.10432261362677167,0.5,0.0014049822633902809,1.0
repeat_1_fold_3,GDI2,0.0,0.0,0.0,0.0,0.0,0.0,0.0
repeat_1_fold_3,GDPD3,0.0,0.0,0.0,0.0,0.0,0.0,0.0
repeat_1_fold_3,GFPT2,0.0,0.0,0.0,0.0,0.0,0.0,0.0
repeat_1_fold_3,GID4,0.0,0.0,0.0,0.0,0.0,0.0,0.0
repeat_1_fold_3,GIT2,0.02694884001144615,0.06312744538086335,0.03156372269043167,-0.004614882678985521,0.25,0.0012077294685990392,0.5
repeat_1_fold_3,GJA8,0.0,0.0,0.0,0.0,0.0,0.0,0.0
repeat_1_fold_3,GJA9,0.0,0.0,0.0,0.0,0.0,0.0,0.0
repeat_1_fold_3,GLA,0.0,0.0,0.0,0.0,0.0,0.0,0.0
repeat_1_fold_3,GLYAT,0.0,0.0,0.0,0.0,0.0,0.0,0.0
repeat_1_fold_3,GNA14,0.0,0.0,0.0,0.0,0.0,-0.00020128824476650653,0.5
repeat_1_fold_3,GNAI3,0.0,0.0,0.0,0.0,0.0,0.0,0.0
repeat_1_fold_3,GNB5,0.0,0.0,0.0,0.0,0.0,0.0,0.0
repeat_1_fold_3,GNPDA1,0.0,0.0,0.0,0.0,0.0,0.0,0.0
repeat_1_fold_3,GORASP2,0.12066345862463024,0.1393660440893581,0.06968302204467905,0.05098043657995119,0.5,0.0037089013632718576,0.5
repeat_1_fold_3,GPKOW,0.0,0.0,0.0,0.0,0.0,0.0,0.0
repeat_1_fold_3,GPR143,0.0,0.0,0.0,0.0,0.0,0.0,0.0
repeat_1_fold_3,GPR37,0.0,0.0,0.0,0.0,0.0,0.0,0.0
repeat_1_fold_3,GRAP,0.08571794945796007,0.11500314311243273,0.057501571556216366,0.02821637790174371,0.5,-0.0024154589371980784,0.5
repeat_1_fold_3,GRIA1,0.0,0.0,0.0,0.0,0.0,0.0,0.0
repeat_1_fold_3,GRIK3,0.0,0.0,0.0,0.0,0.0,0.0,0.0
repeat_1_fold_3,GRIK4,0.0,0.0,0.0,0.0,0.0,0.0,0.0
repeat_1_fold_3,GRIP2,0.0,0.0,0.0,0.0,0.0,0.0,0.0
repeat_1_fold_3,GRK3,0.0,0.0,0.0,0.0,0.0,0.0,0.0
repeat_1_fold_3,GRM6,0.0,0.0,0.0,0.0,0.0,0.0,0.0
repeat_1_fold_3,GRM7,-0.006880376383536557,0.013760752767073114,0.006880376383536557,-0.013760752767073114,0.0,0.0,0.5
repeat_1_fold_3,GSTM2,0.0,0.0,0.0,0.0,0.0,0.0,0.0
repeat_1_fold_3,GTF3C4,0.0,0.0,0.0,0.0,0.0,0.0,0.0
repeat_1_fold_3,GUCY1B1,0.0,0.0,0.0,0.0,0.0,0.0,0.0
repeat_1_fold_3,GUSB,0.0,0.0,0.0,0.0,0.0,0.0,0.0
repeat_1_fold_3,H1-2,0.0,0.0,0.0,0.0,0.0,0.0,0.0
repeat_1_fold_3,H1-4,0.0,0.0,0.0,0.0,0.0,0.0,0.0
repeat_1_fold_3,H2AC4,0.0,0.0,0.0,0.0,0.0,0.0,0.0
repeat_1_fold_3,H2AC6,-0.13104506499690238,0.22890244809158847,0.11445122404579423,-0.2454962890426966,0.0,-0.000100240577385724,0.5
repeat_1_fold_3,H2AC8,0.0,0.0,0.0,0.0,0.0,0.0,0.0
repeat_1_fold_3,H2AX,0.0,0.0,0.0,0.0,0.0,0.0,0.0
repeat_1_fold_3,H2BC21,0.0,0.0,0.0,0.0,0.0,0.0,0.0
repeat_1_fold_3,H2BC3,0.20534275256857093,0.3720849843177341,0.18604249215886706,0.019300260409703868,0.5,0.0020048115477145217,1.0
repeat_1_fold_3,H2BC4,0.02041712639149118,0.1597674537839618,0.0798837268919809,-0.059466600500489714,0.25,-0.0021050521251002458,0.5
repeat_1_fold_3,H2BC8,0.15208659196601104,0.2506220587476613,0.12531102937383065,0.02677556259218039,0.5,0.0004009623095429099,0.5
repeat_1_fold_3,H2BC9,0.017497543625001555,0.03499508725000311,0.017497543625001555,0.0,0.25,-0.000200481154771448,0.5
repeat_1_fold_3,H3C1,-0.024107382217525952,0.02783680722549161,0.013918403612745805,-0.03802578583027176,0.0,0.0003019323671497598,0.5
repeat_1_fold_3,H3C2,0.0,0.0,0.0,0.0,0.0,0.0,0.0
repeat_1_fold_3,H3C7,0.0,0.0,0.0,0.0,0.0,0.0,0.0
repeat_1_fold_3,HARS2,0.0,0.0,0.0,0.0,0.0,0.0,0.0
repeat_1_fold_3,HBA2,0.0,0.0,0.0,0.0,0.0,0.0,0.0
repeat_1_fold_3,HEBP2,0.0,0.0,0.0,0.0,0.0,0.0,0.0
repeat_1_fold_3,HERC1,0.0,0.0,0.0,0.0,0.0,0.0,0.0
repeat_1_fold_3,HES1,-0.04214592622899538,0.1779530786849578,0.0889765393424789,-0.13112246557147428,0.25,0.0025060144346431418,0.5
repeat_1_fold_3,HEY2,0.0,0.0,0.0,0.0,0.0,0.0,0.0
repeat_1_fold_3,HIKESHI,0.0,0.0,0.0,0.0,0.0,0.0,0.0
repeat_1_fold_3,HLA-DMA,0.0,0.0,0.0,0.0,0.0,0.0,0.0
repeat_1_fold_3,HMGA1,0.0,0.0,0.0,0.0,0.0,0.0,0.0
repeat_1_fold_3,HNF4A,0.0,0.0,0.0,0.0,0.0,0.0,0.0
repeat_1_fold_3,HNRNPC,0.0,0.0,0.0,0.0,0.0,0.0,0.0
repeat_1_fold_3,HNRNPH1,0.0,0.0,0.0,0.0,0.0,0.0,0.0
repeat_1_fold_3,HNRNPR,-0.028505708963304954,0.06061223993433616,0.03030611996716808,-0.058811828930473035,0.25,0.0014090177133655457,0.5
repeat_1_fold_3,HOMER3,0.0,0.0,0.0,0.0,0.0,0.0,0.0
repeat_1_fold_3,HOXA3,0.0,0.0,0.0,0.0,0.0,0.0,0.0
repeat_1_fold_3,HPS1,0.0,0.0,0.0,0.0,0.0,0.0,0.0
repeat_1_fold_3,HSD17B3,0.0,0.0,0.0,0.0,0.0,0.0,0.0
repeat_1_fold_3,HSP90AB1,-0.04576693060037762,0.084263087610906,0.042131543805453,-0.08789847440583062,0.0,-0.004126409017713384,0.5
repeat_1_fold_3,HSPA4L,-0.013760752767073114,0.0158895486286431,0.00794477431432155,-0.021705527081394664,0.0,-0.0003019323671497598,0.5
repeat_1_fold_3,HTATSF1,0.0,0.0,0.0,0.0,0.0,-0.0010064412238325326,0.5
repeat_1_fold_3,IARS1,0.0,0.0,0.0,0.0,0.0,0.0,0.0
repeat_1_fold_3,ID3,0.0,0.0,0.0,0.0,0.0,0.0,0.0
repeat_1_fold_3,IDS,0.0,0.0,0.0,0.0,0.0,0.0,0.0
repeat_1_fold_3,IDUA,0.0,0.0,0.0,0.0,0.0,0.0,0.0
repeat_1_fold_3,IFITM3,0.0,0.0,0.0,0.0,0.0,0.0,0.0
repeat_1_fold_3,IFNA17,0.0,0.0,0.0,0.0,0.0,0.0,0.0
repeat_1_fold_3,IFT122,0.0,0.0,0.0,0.0,0.0,0.0,0.0
repeat_1_fold_3,IFT74,-0.17364130801693634,0.3159580009638406,0.1579790004819203,-0.3316203084988566,0.0,0.001403771628397693,1.0
repeat_1_fold_3,IGFBP2,0.08497856894411981,0.09812479931047349,0.049062399655236746,0.03591616928888307,0.5,0.0018043303929430599,0.5
repeat_1_fold_3,IGLL1,0.0,0.0,0.0,0.0,0.0,0.0,0.0
repeat_1_fold_3,IGLV3-19,-0.005267224908317658,0.015144798412203536,0.007572399206101768,-0.012839624114419426,0.25,0.0018067516629282354,1.0
repeat_1_fold_3,IGLV3-25,0.0,0.0,0.0,0.0,0.0,0.0,0.0
repeat_1_fold_3,IL17RB,0.09857050658048472,0.19714101316096944,0.09857050658048472,0.0,0.25,0.000400962309542896,0.5
repeat_1_fold_3,IL1R2,0.0,0.0,0.0,0.0,0.0,0.0,0.0
repeat_1_fold_3,IL2RB,0.0,0.0,0.0,0.0,0.0,0.0,0.0
repeat_1_fold_3,ING2,0.0,0.0,0.0,0.0,0.0,0.0,0.0
repeat_1_fold_3,INHA,0.0,0.0,0.0,0.0,0.0,0.0,0.0
repeat_1_fold_3,INSIG2,0.0,0.0,0.0,0.0,0.0,0.0,0.0
repeat_1_fold_3,INTS3,-0.04361290201212675,0.13563232853709328,0.06781616426854664,-0.1114290662806734,0.25,-0.00019886697478133097,1.0
repeat_1_fold_3,INTS7,-0.18332109107589112,0.219548363459982,0.109774181729991,-0.2930952728058821,0.0,0.0,0.5
repeat_1_fold_3,IPPK,0.0,0.0,0.0,0.0,0.0,0.0,0.0
repeat_1_fold_3,IQCB1,0.0,0.0,0.0,0.0,0.0,0.0,0.0
repeat_1_fold_3,IQCE,0.04579585437996947,0.11505921512162659,0.057529607560813295,-0.011733753180843826,0.25,0.0054129911788291935,0.5
repeat_1_fold_3,IQGAP2,0.10086898897773366,0.09824549300764096,0.04912274650382048,0.051746242473913184,0.75,0.0002914401972140407,1.0
repeat_1_fold_3,IRAK3,0.0021564470435695426,0.19655937252742772,0.09827968626371386,-0.09612323922014432,0.25,-0.002815614156745916,1.0
repeat_1_fold_3,IRF7,0.0,0.0,0.0,0.0,0.0,0.0,0.0
repeat_1_fold_3,ISCA1,0.0,0.0,0.0,0.0,0.0,0.0,0.0
repeat_1_fold_3,ITGA10,0.0,0.0,0.0,0.0,0.0,0.0,0.0
repeat_1_fold_3,ITGA8,0.043332557414364814,0.2263490197767568,0.1131745098883784,-0.06984195247401359,0.5,-0.0013059523209971169,1.0
repeat_1_fold_3,ITGA9,0.0,0.0,0.0,0.0,0.0,0.0,0.0
repeat_1_fold_3,ITPA,0.0,0.0,0.0,0.0,0.0,0.0,0.0
repeat_1_fold_3,KAT8,-0.01625064525270936,0.03250129050541872,0.01625064525270936,-0.03250129050541872,0.0,-0.0008051529790660261,0.5
repeat_1_fold_3,KCNA5,0.0,0.0,0.0,0.0,0.0,0.0,0.0
repeat_1_fold_3,KCNB1,0.0,0.0,0.0,0.0,0.0,0.0,0.0
repeat_1_fold_3,KCNG2,0.0,0.0,0.0,0.0,0.0,0.0,0.0
repeat_1_fold_3,KCNJ15,0.0,0.0,0.0,0.0,0.0,0.0,0.0
repeat_1_fold_3,KCNK7,0.0,0.0,0.0,0.0,0.0,0.0,0.0
repeat_1_fold_3,KCNQ1,0.0,0.0,0.0,0.0,0.0,0.0,0.0
repeat_1_fold_3,KDM3A,0.0,0.0,0.0,0.0,0.0,0.0,0.0
repeat_1_fold_3,KDM5D,0.0,0.0,0.0,0.0,0.0,0.0,0.0
repeat_1_fold_3,KIF14,0.0,0.0,0.0,0.0,0.0,0.0,0.0
repeat_1_fold_3,KIF1A,0.0,0.0,0.0,0.0,0.0,0.0,0.0
repeat_1_fold_3,KIF2C,0.0,0.0,0.0,0.0,0.0,0.0,0.0
repeat_1_fold_3,KIF3A,0.0,0.0,0.0,0.0,0.0,0.0,0.0
repeat_1_fold_3,KIF4A,0.0,0.0,0.0,0.0,0.0,0.0,0.0
repeat_1_fold_3,KIR2DS4,0.0,0.0,0.0,0.0,0.0,0.0,0.0
repeat_1_fold_3,KIR3DS1,0.0,0.0,0.0,0.0,0.0,0.0,0.0
repeat_1_fold_3,KLC1,0.0,0.0,0.0,0.0,0.0,0.0,0.0
repeat_1_fold_3,KLHDC10,0.0,0.0,0.0,0.0,0.0,0.0,0.0
repeat_1_fold_3,KLHDC3,0.0,0.0,0.0,0.0,0.0,0.0,0.0
repeat_1_fold_3,KLHL21,0.15795041651842112,0.18900519196705753,0.09450259598352877,0.06344782053489235,0.75,0.0024037561322697854,1.0
repeat_1_fold_3,KLHL5,-0.06700553456598968,0.25996942666915634,0.12998471333457817,-0.19699024790056785,0.25,0.000100240577385724,0.5
repeat_1_fold_3,KLHL9,0.0,0.0,0.0,0.0,0.0,0.0,0.0
repeat_1_fold_3,KLK13,0.0,0.0,0.0,0.0,0.0,0.0,0.0
repeat_1_fold_3,KLK2,0.0,0.0,0.0,0.0,0.0,0.0,0.0
repeat_1_fold_3,KLRB1,0.0,0.0,0.0,0.0,0.0,0.0,0.0
repeat_1_fold_3,KNL1,0.0,0.0,0.0,0.0,0.0,0.0,0.0
repeat_1_fold_3,KPNA2,0.0,0.0,0.0,0.0,0.0,0.0,0.0
repeat_1_fold_3,KPNA6,0.0,0.0,0.0,0.0,0.0,0.0,0.0
repeat_1_fold_3,KRT36,0.0,0.0,0.0,0.0,0.0,0.0,0.0
repeat_1_fold_3,KRT5,0.0,0.0,0.0,0.0,0.0,0.0,0.0
repeat_1_fold_3,KRT85,0.0,0.0,0.0,0.0,0.0,0.0,0.0
repeat_1_fold_3,KYAT1,0.0,0.0,0.0,0.0,0.0,0.0,0.0
repeat_1_fold_3,KYAT3,0.0,0.0,0.0,0.0,0.0,0.0,0.0
repeat_1_fold_3,L2HGDH,0.0,0.0,0.0,0.0,0.0,0.0,0.0
repeat_1_fold_3,LAMTOR5,0.0,0.0,0.0,0.0,0.0,0.0,0.0
repeat_1_fold_3,LARS1,0.0,0.0,0.0,0.0,0.0,0.0,0.0
repeat_1_fold_3,LETM1,0.0,0.0,0.0,0.0,0.0,0.0,0.0
repeat_1_fold_3,LHX3,0.0,0.0,0.0,0.0,0.0,0.0,0.0
repeat_1_fold_3,LIMK2,0.0,0.0,0.0,0.0,0.0,0.0,0.0
repeat_1_fold_3,LMAN2L,0.06117695490081765,0.0706683634608864,0.0353341817304432,0.02584277317037445,0.5,0.0016103059581320245,0.5
repeat_1_fold_3,LOX,0.0,0.0,0.0,0.0,0.0,0.0,0.0
repeat_1_fold_3,LOXL2,-0.006880376383536557,0.013760752767073114,0.006880376383536557,-0.013760752767073114,0.0,-0.0005032206119162663,0.5
repeat_1_fold_3,LPCAT3,-0.17415559714719286,0.17954364395234798,0.08977182197617399,-0.26392741912336687,0.0,0.0033172205886720513,1.0
repeat_1_fold_3,LRP5,-0.01633861666401515,0.10950677076415236,0.05475338538207618,-0.07109200204609133,0.25,-0.0018043303929430599,0.5
repeat_1_fold_3,LSM3,0.0,0.0,0.0,0.0,0.0,0.0,0.0
repeat_1_fold_3,LSM4,-0.2459503678360182,0.2970448375232475,0.14852241876162375,-0.39447278659764196,0.0,0.0036086607858861336,0.5
repeat_1_fold_3,LTBP2,0.0,0.0,0.0,0.0,0.0,0.0,0.0
repeat_1_fold_3,LY6D,0.0,0.0,0.0,0.0,0.0,0.0,0.0
repeat_1_fold_3,LYPD1,0.0,0.0,0.0,0.0,0.0,0.0,0.0
repeat_1_fold_3,LYZ,-0.024107382217525952,0.02783680722549161,0.013918403612745805,-0.03802578583027176,0.0,0.0,0.5
repeat_1_fold_3,MAD2L1,0.0,0.0,0.0,0.0,0.0,0.0,0.0
repeat_1_fold_3,MAF,0.0,0.0,0.0,0.0,0.0,0.0,0.0
repeat_1_fold_3,MAFF,0.0,0.0,0.0,0.0,0.0,0.0,0.0
repeat_1_fold_3,MAGI2,0.019873796377174457,0.059526280747414444,0.029763140373707222,-0.009889343996532764,0.25,-0.0021046485801027026,1.0
repeat_1_fold_3,MAML3,0.0,0.0,0.0,0.0,0.0,0.0,0.0
repeat_1_fold_3,MAN2A2,0.0,0.0,0.0,0.0,0.0,0.0,0.0
repeat_1_fold_3,MAN2B1,0.0,0.0,0.0,0.0,0.0,0.0,0.0
repeat_1_fold_3,MAP3K8,0.0,0.0,0.0,0.0,0.0,0.0,0.0
repeat_1_fold_3,MAPK10,0.0,0.0,0.0,0.0,0.0,0.0,0.0
repeat_1_fold_3,MAPK11,0.0,0.0,0.0,0.0,0.0,0.0,0.0
repeat_1_fold_3,MAPK14,0.0,0.0,0.0,0.0,0.0,0.0,0.0
repeat_1_fold_3,MAPK6,-0.012053691108762976,0.024107382217525952,0.012053691108762976,-0.024107382217525952,0.0,0.0013083735909822647,0.5
repeat_1_fold_3,MAPKAP1,0.0,0.0,0.0,0.0,0.0,0.0,0.0
repeat_1_fold_3,MAPT,0.0,0.0,0.0,0.0,0.0,0.0,0.0
repeat_1_fold_3,MAS1,0.0,0.0,0.0,0.0,0.0,0.0,0.0
repeat_1_fold_3,MAT1A,0.0,0.0,0.0,0.0,0.0,0.0,0.0
repeat_1_fold_3,MATN1,0.0,0.0,0.0,0.0,0.0,0.0,0.0
repeat_1_fold_3,MAVS,0.0,0.0,0.0,0.0,0.0,0.0,0.0
repeat_1_fold_3,MBD2,-0.013760752767073114,0.0158895486286431,0.00794477431432155,-0.021705527081394664,0.0,-0.0005032206119162663,0.5
repeat_1_fold_3,MBTPS2,0.0,0.0,0.0,0.0,0.0,0.0,0.0
repeat_1_fold_3,MCAM,-0.13448655988510794,0.2077439938553741,0.10387199692768705,-0.238358556812795,0.0,0.0020060221827070956,1.0
repeat_1_fold_3,MCAT,-0.11961350262648196,0.14625124266673617,0.07312562133336808,-0.19273912395985004,0.0,0.0024041596772673146,1.0
repeat_1_fold_3,MCCC1,0.11841063855749923,0.1407380564022511,0.07036902820112555,0.04804161035637368,0.5,0.0015036086607858878,0.5
repeat_1_fold_3,MCM3,0.0,0.0,0.0,0.0,0.0,0.000200481154771448,0.5
repeat_1_fold_3,MCM4,0.0,0.0,0.0,0.0,0.0,0.0,0.0
repeat_1_fold_3,ME1,0.0,0.0,0.0,0.0,0.0,0.0,0.0
repeat_1_fold_3,MECR,0.0,0.0,0.0,0.0,0.0,0.0,0.0
repeat_1_fold_3,MED25,0.0,0.0,0.0,0.0,0.0,0.0,0.0
repeat_1_fold_3,MED31,0.0,0.0,0.0,0.0,0.0,0.0,0.0
repeat_1_fold_3,MEX3C,0.0,0.0,0.0,0.0,0.0,0.0,0.0
repeat_1_fold_3,MFAP4,0.0,0.0,0.0,0.0,0.0,0.0,0.0
repeat_1_fold_3,MFN1,0.0,0.0,0.0,0.0,0.0,0.0,0.0
repeat_1_fold_3,MGAT4C,0.0,0.0,0.0,0.0,0.0,0.0,0.0
repeat_1_fold_3,MGAT5,0.0,0.0,0.0,0.0,0.0,0.0016022350581815087,1.0
repeat_1_fold_3,MGLL,-0.03786813498459907,0.043726355854134716,0.021863177927067358,-0.059731312911666425,0.0,-0.0016103059581320522,0.5
repeat_1_fold_3,MGST2,0.0,0.0,0.0,0.0,0.0,0.0,0.0
repeat_1_fold_3,MICAL1,0.0,0.0,0.0,0.0,0.0,0.0,0.0
repeat_1_fold_3,MITF,0.0,0.0,0.0,0.0,0.0,0.0,0.0
repeat_1_fold_3,MMP3,0.06863764774915992,0.14545344373167587,0.07272672186583794,-0.004089074116678013,0.5,0.004815583164490114,1.0
repeat_1_fold_3,MMP7,-0.03696024122078967,0.19153887402763572,0.09576943701381786,-0.13272967823460752,0.25,-0.0005092737868791775,1.0
repeat_1_fold_3,MPIG6B,0.0,0.0,0.0,0.0,0.0,0.0,0.0
repeat_1_fold_3,MRM2,0.0,0.0,0.0,0.0,0.0,0.0,0.0
repeat_1_fold_3,MRPL20,0.0,0.0,0.0,0.0,0.0,0.0,0.0
repeat_1_fold_3,MRPL39,0.0,0.0,0.0,0.0,0.0,0.0015036086607858878,0.5
repeat_1_fold_3,MRPL46,0.0,0.0,0.0,0.0,0.0,0.0,0.0
repeat_1_fold_3,MRPS31,0.0,0.0,0.0,0.0,0.0,0.0,0.0
repeat_1_fold_3,MSMO1,0.0,0.0,0.0,0.0,0.0,0.0,0.0
repeat_1_fold_3,MSRA,0.0,0.0,0.0,0.0,0.0,0.0,0.0
repeat_1_fold_3,MST1R,0.0,0.0,0.0,0.0,0.0,0.0,0.0
repeat_1_fold_3,MT1E,0.0,0.0,0.0,0.0,0.0,0.0,0.0
repeat_1_fold_3,MT1G,0.0,0.0,0.0,0.0,0.0,0.0,0.0
repeat_1_fold_3,MT2A,0.0,0.0,0.0,0.0,0.0,0.0,0.0
repeat_1_fold_3,MTERF1,0.0,0.0,0.0,0.0,0.0,0.0,0.0
repeat_1_fold_3,MTERF3,0.0,0.0,0.0,0.0,0.0,0.0,0.0
repeat_1_fold_3,MTF2,0.0,0.0,0.0,0.0,0.0,0.0,0.0
repeat_1_fold_3,MTHFD2,-0.18172630016052516,0.23354599050341118,0.11677299525170559,-0.29849929541223075,0.0,0.0022141706924315163,0.5
repeat_1_fold_3,MTMR2,0.0,0.0,0.0,0.0,0.0,0.0,0.0
repeat_1_fold_3,MTMR4,0.0,0.0,0.0,0.0,0.0,0.0,0.0
repeat_1_fold_3,MTMR7,0.0,0.0,0.0,0.0,0.0,0.0,0.0
repeat_1_fold_3,MTNR1A,0.0,0.0,0.0,0.0,0.0,0.0,0.0
repeat_1_fold_3,MTTP,0.0,0.0,0.0,0.0,0.0,0.0,0.0
repeat_1_fold_3,MUC5AC,0.0,0.0,0.0,0.0,0.0,0.0,0.0
repeat_1_fold_3,MUL1,0.0,0.0,0.0,0.0,0.0,0.0,0.0
repeat_1_fold_3,MUSK,0.0,0.0,0.0,0.0,0.0,0.0,0.0
repeat_1_fold_3,MYBPC1,0.0,0.0,0.0,0.0,0.0,0.0,0.0
repeat_1_fold_3,MYL10,0.0,0.0,0.0,0.0,0.0,0.0,0.0
repeat_1_fold_3,MYO9B,0.0,0.0,0.0,0.0,0.0,-0.0012077294685990392,0.5
repeat_1_fold_3,NAGK,0.0,0.0,0.0,0.0,0.0,0.0,0.0
repeat_1_fold_3,NARS2,-0.08174405530778017,0.09545432383219098,0.04772716191609549,-0.12947121722387567,0.0,-0.00040257648953301306,0.5
repeat_1_fold_3,NAT8,0.0,0.0,0.0,0.0,0.0,0.0,0.0
repeat_1_fold_3,NBR1,0.0,0.0,0.0,0.0,0.0,0.0,0.0
repeat_1_fold_3,NCAN,0.0,0.0,0.0,0.0,0.0,0.0,0.0
repeat_1_fold_3,NCOA1,0.0,0.0,0.0,0.0,0.0,0.0,0.0
repeat_1_fold_3,NDN,-0.024991740847058352,0.049983481694116705,0.024991740847058352,-0.049983481694116705,0.0,0.0009021651964715299,0.5
repeat_1_fold_3,NDRG1,0.0,0.0,0.0,0.0,0.0,0.0,0.0
repeat_1_fold_3,NDUFB11,0.0,0.0,0.0,0.0,0.0,0.0,0.0
repeat_1_fold_3,NDUFB3,0.0,0.0,0.0,0.0,0.0,0.0,0.0
repeat_1_fold_3,NDUFC2,0.0,0.0,0.0,0.0,0.0,0.0,0.0
repeat_1_fold_3,NEB,0.0,0.0,0.0,0.0,0.0,0.0,0.0
repeat_1_fold_3,NECAP1,0.0,0.0,0.0,0.0,0.0,0.0,0.0
repeat_1_fold_3,NEDD4L,0.0,0.0,0.0,0.0,0.0,0.0,0.0
repeat_1_fold_3,NEIL3,0.0,0.0,0.0,0.0,0.0,0.0,0.0
repeat_1_fold_3,NEK9,-0.03651950861983977,0.07303901723967954,0.03651950861983977,-0.07303901723967954,0.0,0.0008051529790660261,0.5
repeat_1_fold_3,NF1,-0.10949481903804958,0.21898963807609917,0.10949481903804958,-0.21898963807609917,0.0,-0.000300721732157172,0.5
repeat_1_fold_3,NFIB,-0.13977947523467193,0.14715662671902008,0.07357831335951004,-0.21335778859418197,0.0,0.007115063269398883,1.0
repeat_1_fold_3,NGRN,0.0,0.0,0.0,0.0,0.0,0.0,0.0
repeat_1_fold_3,NHP2,0.0,0.0,0.0,0.0,0.0,0.0,0.0
repeat_1_fold_3,NIPAL3,0.0,0.0,0.0,0.0,0.0,-0.0019118347802842828,1.0
repeat_1_fold_3,NIPBL,-0.049983481694116705,0.05771595322226602,0.02885797661113301,-0.07884145830524972,0.0,0.0010024057738572678,0.5
repeat_1_fold_3,NISCH,0.0,0.0,0.0,0.0,0.0,0.0,0.5
repeat_1_fold_3,NLRP3,-0.07646161750513336,0.08871169328736303,0.044355846643681515,-0.12081746414881488,0.0,-0.0006038647342995196,0.5
repeat_1_fold_3,NMU,0.002646790543183286,0.04379614930408436,0.02189807465204218,-0.019251284108858895,0.25,0.0005032206119162663,0.5
repeat_1_fold_3,NOTCH2,0.0,0.0,0.0,0.0,0.0,0.0,0.0
repeat_1_fold_3,NPC1,0.0,0.0,0.0,0.0,0.0,0.0,0.0
repeat_1_fold_3,NPEPPS,0.0,0.0,0.0,0.0,0.0,0.0,0.0
repeat_1_fold_3,NPHS2,0.0,0.0,0.0,0.0,0.0,0.0,0.0
repeat_1_fold_3,NPLOC4,0.0,0.0,0.0,0.0,0.0,-0.00010064412238325326,0.5
repeat_1_fold_3,NPM1,0.05521540717973217,0.06672654772741989,0.03336327386370994,0.021852133316022225,0.5,0.003014481131527247,1.0
repeat_1_fold_3,NPRL3,0.04316171607096564,0.04983885678451642,0.02491942839225821,0.01824228767870743,0.5,-0.00020128824476650653,0.5
repeat_1_fold_3,NR1H3,0.0,0.0,0.0,0.0,0.0,0.0,0.0
repeat_1_fold_3,NR1I2,0.0,0.0,0.0,0.0,0.0,0.0,0.0
repeat_1_fold_3,NR2F6,0.0,0.0,0.0,0.0,0.0,0.0,0.0
repeat_1_fold_3,NR3C2,-0.036344143628499026,0.04280845939112957,0.021404229695564787,-0.05774837332406381,0.0,0.0016103059581320522,0.5
repeat_1_fold_3,NRP2,0.0,0.0,0.0,0.0,0.0,0.0,0.0
repeat_1_fold_3,NRXN3,0.0,0.0,0.0,0.0,0.0,0.0,0.0
repeat_1_fold_3,NSL1,0.0,0.0,0.0,0.0,0.0,0.0,0.0
repeat_1_fold_3,NSMAF,0.0,0.0,0.0,0.0,0.0,0.0,0.0
repeat_1_fold_3,NUBP2,0.0,0.0,0.0,0.0,0.0,0.0,0.0
repeat_1_fold_3,NUDT4,0.0,0.0,0.0,0.0,0.0,0.0,0.0
repeat_1_fold_3,NUP58,0.0,0.0,0.0,0.0,0.0,0.0,0.0
repeat_1_fold_3,ODC1,0.0,0.0,0.0,0.0,0.0,0.0,0.0
repeat_1_fold_3,OIP5,0.0,0.0,0.0,0.0,0.0,0.0,0.0
repeat_1_fold_3,OPN1SW,0.0,0.0,0.0,0.0,0.0,0.0,0.0
repeat_1_fold_3,OR10H3,0.0,0.0,0.0,0.0,0.0,0.0,0.0
repeat_1_fold_3,OR2B2,0.0,0.0,0.0,0.0,0.0,0.0,0.0
repeat_1_fold_3,OR3A3,0.0,0.0,0.0,0.0,0.0,0.0,0.0
repeat_1_fold_3,ORC3,0.0,0.0,0.0,0.0,0.0,0.0,0.0
repeat_1_fold_3,ORMDL2,0.0,0.0,0.0,0.0,0.0,0.0,0.0
repeat_1_fold_3,OSBPL10,0.0,0.0,0.0,0.0,0.0,0.0,0.0
repeat_1_fold_3,OSBPL7,-0.07818974840687432,0.1083411308255217,0.05417056541276085,-0.13236031381963517,0.0,-0.0008051529790660261,0.5
repeat_1_fold_3,OSMR,-0.2196970106979439,0.2962149544762906,0.1481074772381453,-0.3678044879360892,0.0,0.0012028869286287158,0.5
repeat_1_fold_3,OSTF1,0.0,0.0,0.0,0.0,0.0,0.0,0.0
repeat_1_fold_3,OTUB1,-0.049983481694116705,0.05771595322226602,0.02885797661113301,-0.07884145830524972,0.0,-0.000601443464314344,0.5
repeat_1_fold_3,OTUD3,0.0,0.0,0.0,0.0,0.0,0.0,0.0
repeat_1_fold_3,OXSM,0.026970819330628615,0.12007649734025577,0.060038248670127886,-0.03306742933949927,0.25,0.0036086607858861336,0.5
repeat_1_fold_3,P2RX6,0.0,0.0,0.0,0.0,0.0,0.0,0.5
repeat_1_fold_3,P2RY14,0.0,0.0,0.0,0.0,0.0,0.0,0.0
repeat_1_fold_3,P3H2,0.0,0.0,0.0,0.0,0.0,0.0,0.0
repeat_1_fold_3,P4HB,0.0,0.0,0.0,0.0,0.0,0.0,0.0
repeat_1_fold_3,PACSIN2,0.0,0.0,0.0,0.0,0.0,0.0,0.0
repeat_1_fold_3,PACSIN3,0.0,0.0,0.0,0.0,0.0,0.0,0.0
repeat_1_fold_3,PAF1,0.0,0.0,0.0,0.0,0.0,0.0,0.0
repeat_1_fold_3,PALS1,0.0,0.0,0.0,0.0,0.0,0.0,0.0
repeat_1_fold_3,PAPOLG,0.0,0.0,0.0,0.0,0.0,0.0,0.0
repeat_1_fold_3,PAPPA2,0.0,0.0,0.0,0.0,0.0,0.0,0.0
repeat_1_fold_3,PAPSS1,-0.017410076136194164,0.02010342428768716,0.01005171214384358,-0.027461788280037744,0.0,-0.0006038647342995196,0.5
repeat_1_fold_3,PARP1,-0.11075755822526823,0.12834130582595057,0.06417065291297529,-0.17492821113824353,0.0,-0.0008019246190858059,0.5
repeat_1_fold_3,PARP2,0.0,0.0,0.0,0.0,0.0,0.0,0.0
repeat_1_fold_3,PARVA,0.0,0.0,0.0,0.0,0.0,0.0,0.0
repeat_1_fold_3,PCBP2,-0.01082594181732155,0.0216518836346431,0.01082594181732155,-0.0216518836346431,0.0,0.001002405773857254,0.5
repeat_1_fold_3,PCDH7,0.0,0.0,0.0,0.0,0.0,0.0,0.0
repeat_1_fold_3,PCK2,0.0,0.0,0.0,0.0,0.0,0.0,0.5
repeat_1_fold_3,PCMT1,0.0,0.0,0.0,0.0,0.0,0.0,0.0
repeat_1_fold_3,PCYOX1L,0.0,0.0,0.0,0.0,0.0,0.0,0.0
repeat_1_fold_3,PDAP1,0.0,0.0,0.0,0.0,0.0,0.0009021651964715299,0.5
repeat_1_fold_3,PDCD11,0.0,0.0,0.0,0.0,0.0,0.0,0.0
repeat_1_fold_3,PDCD4,0.0,0.0,0.0,0.0,0.0,0.0,0.0
repeat_1_fold_3,PDE10A,0.0,0.0,0.0,0.0,0.0,0.0,0.0
repeat_1_fold_3,PDE4B,0.0,0.0,0.0,0.0,0.0,0.0,0.0
repeat_1_fold_3,PDIA2,0.0,0.0,0.0,0.0,0.0,0.0,0.0
repeat_1_fold_3,PDS5B,0.0,0.0,0.0,0.0,0.0,0.0,0.0
repeat_1_fold_3,PDSS1,-0.34925441677971314,0.41616692684202494,0.20808346342101247,-0.5573378802007256,0.0,-0.001002405773857254,0.5
repeat_1_fold_3,PEA15,0.0,0.0,0.0,0.0,0.0,0.0,0.0
repeat_1_fold_3,PES1,0.0,0.0,0.0,0.0,0.0,0.0,0.0
repeat_1_fold_3,PEX11A,0.0,0.0,0.0,0.0,0.0,0.0,0.0
repeat_1_fold_3,PEX2,0.0,0.0,0.0,0.0,0.0,0.0,0.0
repeat_1_fold_3,PEX6,-0.10826797649405329,0.21653595298810657,0.10826797649405329,-0.21653595298810657,0.0,0.0008019246190858059,0.5
repeat_1_fold_3,PGK2,0.11382637847247601,0.14862535910157734,0.07431267955078867,0.03951369892168734,0.5,0.0014033680834001638,0.5
repeat_1_fold_3,PGM3,0.0,0.0,0.0,0.0,0.0,0.0,0.0
repeat_1_fold_3,PHB2,0.0,0.0,0.0,0.0,0.0,0.0016038492381716118,0.5
repeat_1_fold_3,PHLPP1,0.0,0.0,0.0,0.0,0.0,0.0,0.0
repeat_1_fold_3,PHLPP2,0.0,0.0,0.0,0.0,0.0,0.0,0.0
repeat_1_fold_3,PI4KA,-0.10949481903804958,0.21898963807609917,0.10949481903804958,-0.21898963807609917,0.0,0.0007016840417000819,0.5
repeat_1_fold_3,PI4KB,0.0,0.0,0.0,0.0,0.0,0.0,0.0
repeat_1_fold_3,PIAS4,0.0,0.0,0.0,0.0,0.0,0.0,0.0
repeat_1_fold_3,PIGR,0.0,0.0,0.0,0.0,0.0,0.0,0.0
repeat_1_fold_3,PIGT,0.0,0.0,0.0,0.0,0.0,0.0,0.0
repeat_1_fold_3,PIK3C2A,-0.041475630628660554,0.06589341743361526,0.03294670871680763,-0.07442233934546819,0.0,0.0027056884994195313,1.0
repeat_1_fold_3,PIK3C2G,0.0,0.0,0.0,0.0,0.0,0.0,0.0
repeat_1_fold_3,PIK3R3,0.0,0.0,0.0,0.0,0.0,0.0,0.0
repeat_1_fold_3,PIKFYVE,0.0,0.0,0.0,0.0,0.0,0.0,0.0
repeat_1_fold_3,PIM1,0.0,0.0,0.0,0.0,0.0,0.0,0.0
repeat_1_fold_3,PIP5K1A,0.0,0.0,0.0,0.0,0.0,0.0,0.0
repeat_1_fold_3,PITX2,0.0,0.0,0.0,0.0,0.0,0.0,0.0
repeat_1_fold_3,PJA1,-0.09950752830472709,0.12450932413636376,0.06225466206818188,-0.16176219037290895,0.0,-0.00270649558941459,0.5
repeat_1_fold_3,PKLR,0.0,0.0,0.0,0.0,0.0,0.0,0.0
repeat_1_fold_3,PKM,0.0,0.0,0.0,0.0,0.0,0.0,0.0
repeat_1_fold_3,PKN1,0.011495928094504393,0.12072863993392317,0.06036431996696159,-0.048868391872457194,0.25,0.000300721732157172,0.5
repeat_1_fold_3,PKN2,0.04248928447205991,0.08497856894411981,0.04248928447205991,0.0,0.25,0.0004009623095429099,0.5
repeat_1_fold_3,PLA2G4C,0.0,0.0,0.0,0.0,0.0,0.0,0.0
repeat_1_fold_3,PLA2G5,0.0,0.0,0.0,0.0,0.0,0.0,0.0
repeat_1_fold_3,PLA2R1,-0.09197308473198262,0.10653684611819483,0.05326842305909742,-0.14524150779108003,0.0,0.0,0.5
repeat_1_fold_3,PLAC8,0.0,0.0,0.0,0.0,0.0,0.0,0.0
repeat_1_fold_3,PLCB3,0.0,0.0,0.0,0.0,0.0,0.0,0.0
repeat_1_fold_3,PLCB4,0.0,0.0,0.0,0.0,0.0,0.0,0.0
repeat_1_fold_3,PLCG2,0.0617107456792354,0.08216973378194224,0.04108486689097112,0.02062587878826428,0.5,0.0009021651964715299,0.5
repeat_1_fold_3,PLEKHG6,0.0,0.0,0.0,0.0,0.0,0.0,0.0
repeat_1_fold_3,PLIN3,0.009527166926719843,0.05601586325227233,0.028007931626136164,-0.01848076469941632,0.25,-0.0008051529790660261,0.5
repeat_1_fold_3,PLPP1,-0.2689731197702123,0.31058340620821107,0.15529170310410553,-0.4242648228743179,0.0,0.0025060144346431418,0.5
repeat_1_fold_3,PLXNA2,0.0,0.0,0.0,0.0,0.0,0.0,0.0
repeat_1_fold_3,PMEL,0.0,0.0,0.0,0.0,0.0,0.0,0.0
repeat_1_fold_3,PMF1,0.0,0.0,0.0,0.0,0.0,0.0,0.0
repeat_1_fold_3,PMM1,0.0,0.0,0.0,0.0,0.0,0.0,0.0
repeat_1_fold_3,PMPCB,0.0,0.0,0.0,0.0,0.0,0.0,0.0
repeat_1_fold_3,PMVK,-0.02703603500998142,0.12979500057556445,0.06489750028778223,-0.09193353529776364,0.25,0.0009021651964715438,0.5
repeat_1_fold_3,PODXL2,0.0,0.0,0.0,0.0,0.0,0.0,0.0
repeat_1_fold_3,POFUT1,0.04899306520387903,0.09798613040775805,0.04899306520387903,0.0,0.25,-0.000100240577385724,0.5
repeat_1_fold_3,POFUT2,0.0,0.0,0.0,0.0,0.0,0.0,0.0
repeat_1_fold_3,POLH,0.0,0.0,0.0,0.0,0.0,0.0,0.0
repeat_1_fold_3,POLR2G,0.0,0.0,0.0,0.0,0.0,0.0,0.0
repeat_1_fold_3,POLR3E,0.0,0.0,0.0,0.0,0.0,0.0,0.0
repeat_1_fold_3,POLR3F,0.11689749799002591,0.16545284769786012,0.08272642384893006,0.03417107414109585,0.5,0.0012028869286287158,0.5
repeat_1_fold_3,POLR3G,0.11033373038073258,0.15319204174109352,0.07659602087054676,0.033737709510185815,0.5,0.0025060144346431418,0.5
repeat_1_fold_3,POLR3K,0.03363454914424935,0.0672690982884987,0.03363454914424935,0.0,0.25,-0.00010064412238325326,0.5
repeat_1_fold_3,POMGNT1,0.0,0.0,0.0,0.0,0.0,0.0,0.0
repeat_1_fold_3,PON3,0.0,0.0,0.0,0.0,0.0,0.0,0.0
repeat_1_fold_3,PPFIBP2,0.0,0.0,0.0,0.0,0.0,0.0,0.0
repeat_1_fold_3,PPIL6,0.011519129453901655,0.0920058577373769,0.04600292886868845,-0.0344837994147868,0.25,0.0005032206119162663,0.5
repeat_1_fold_3,PPIP5K1,0.0,0.0,0.0,0.0,0.0,0.0,0.0
repeat_1_fold_3,PPM1A,-0.006880376383536557,0.013760752767073114,0.006880376383536557,-0.013760752767073114,0.0,0.00040257648953301306,0.5
repeat_1_fold_3,PPM1D,-0.07864496978037394,0.16641276369757885,0.08320638184878942,-0.16185135162916336,0.25,-0.0005032206119162663,0.5
repeat_1_fold_3,PPP1CA,0.05998682809706146,0.08039563641790062,0.04019781820895031,0.01978900988811115,0.5,0.0,0.5
repeat_1_fold_3,PPP1R13B,0.0,0.0,0.0,0.0,0.0,0.0,0.0
repeat_1_fold_3,PPP2CB,0.0,0.0,0.0,0.0,0.0,0.0,0.0
repeat_1_fold_3,PPP6C,-0.007201303502295531,0.09961477302710449,0.049807386513552245,-0.057008690015847775,0.25,-0.0020128824476650653,1.0
repeat_1_fold_3,PRF1,0.0,0.0,0.0,0.0,0.0,0.0,0.0
repeat_1_fold_3,PRKAG2,-0.006685709132796092,0.007719991935086726,0.003859995967543363,-0.010545705100339454,0.0,-0.0016103059581320522,0.5
repeat_1_fold_3,PRKCZ,-0.07544877275083195,0.1308972019156525,0.06544860095782624,-0.14089737370865818,0.0,0.0008051529790660261,0.5
repeat_1_fold_3,PRKD1,0.0,0.0,0.0,0.0,0.0,0.0,0.0
repeat_1_fold_3,PRKD3,0.0,0.0,0.0,0.0,0.0,0.0,0.0
repeat_1_fold_3,PRKRIP1,0.0,0.0,0.0,0.0,0.0,-0.000200481154771448,0.5
repeat_1_fold_3,PRND,-0.0433998850033781,0.0867997700067562,0.0433998850033781,-0.0867997700067562,0.0,-0.0005032206119162663,0.5
repeat_1_fold_3,PRNP,0.0,0.0,0.0,0.0,0.0,0.0,0.0
repeat_1_fold_3,PROZ,0.0,0.0,0.0,0.0,0.0,0.0,0.0
repeat_1_fold_3,PRPF18,0.0,0.0,0.0,0.0,0.0,0.0,0.0
repeat_1_fold_3,PRPF31,0.0,0.0,0.0,0.0,0.0,0.0,0.0
repeat_1_fold_3,PRPF4,0.0,0.0,0.0,0.0,0.0,0.0,0.0
repeat_1_fold_3,PRPF40A,0.0,0.0,0.0,0.0,0.0,0.0,0.0
repeat_1_fold_3,PSMD2,0.0,0.0,0.0,0.0,0.0,0.0,0.0
repeat_1_fold_3,PTEN,0.0,0.0,0.0,0.0,0.0,0.0026062550120288658,0.5
repeat_1_fold_3,PTH,0.0,0.0,0.0,0.0,0.0,0.0,0.0
repeat_1_fold_3,PTK2B,0.0,0.0,0.0,0.0,0.0,0.0015036086607858878,0.5
repeat_1_fold_3,PTP4A2,0.0,0.0,0.0,0.0,0.0,0.0,0.0
repeat_1_fold_3,PTPN2,0.0,0.0,0.0,0.0,0.0,0.0,0.0
repeat_1_fold_3,PTPN7,0.0,0.0,0.0,0.0,0.0,0.0,0.0
repeat_1_fold_3,PTRH2,0.17485610247959826,0.20433316358962944,0.10216658179481472,0.07268952068478354,0.5,0.0014033680834001638,0.5
repeat_1_fold_3,PXMP2,-0.08034188581118507,0.24467997338543662,0.12233998669271831,-0.20268187250390338,0.25,-0.00050120288692862,0.5
repeat_1_fold_3,QPRT,0.0,0.0,0.0,0.0,0.0,0.0,0.0
repeat_1_fold_3,QTRT1,0.0,0.0,0.0,0.0,0.0,0.0,0.0
repeat_1_fold_3,RAB11A,0.0,0.0,0.0,0.0,0.0,0.0,0.0
repeat_1_fold_3,RAB38,-0.03581768266438168,0.07163536532876336,0.03581768266438168,-0.07163536532876336,0.0,0.0020048115477145217,0.5
repeat_1_fold_3,RAB3GAP1,0.0,0.0,0.0,0.0,0.0,0.0,0.0
repeat_1_fold_3,RAB5A,-0.008705038068097082,0.017410076136194164,0.008705038068097082,-0.017410076136194164,0.0,0.0007045088566827729,0.5
repeat_1_fold_3,RAC1,0.0,0.0,0.0,0.0,0.0,0.0,0.0
repeat_1_fold_3,RAG1,0.06957365355125944,0.14440632618154378,0.07220316309077189,-0.0026295095395124507,0.25,-0.002806736166800314,0.5
repeat_1_fold_3,RALB,0.0,0.0,0.0,0.0,0.0,0.0,0.0
repeat_1_fold_3,RAMP2,-0.11377645106723833,0.14426006826478108,0.07213003413239054,-0.18590648519962888,0.0,-0.0016103059581320522,0.5
repeat_1_fold_3,RAP1A,0.0,0.0,0.0,0.0,0.0,0.0,0.0
repeat_1_fold_3,RAP2B,0.0,0.0,0.0,0.0,0.0,0.0,0.0
repeat_1_fold_3,RASA3,0.0,0.0,0.0,0.0,0.0,0.0,0.0
repeat_1_fold_3,RASA4,-0.06022950668266347,0.07611036984838015,0.03805518492419008,-0.09828469160685355,0.0,0.0041223735677380635,1.0
repeat_1_fold_3,RASGRP1,0.0,0.0,0.0,0.0,0.0,0.0,0.0
repeat_1_fold_3,RB1,-0.010602186244014433,0.22864665692208733,0.11432332846104366,-0.1249255147050581,0.25,-0.0018115942028985588,0.5
repeat_1_fold_3,RBM25,0.0,0.0,0.0,0.0,0.0,0.0,0.0
repeat_1_fold_3,RBP1,0.0,0.0,0.0,0.0,0.0,0.0,0.0
repeat_1_fold_3,RBP4,-0.013760752767073114,0.0158895486286431,0.00794477431432155,-0.021705527081394664,0.0,-0.0003019323671497598,0.5
repeat_1_fold_3,RCAN3,0.0,0.0,0.0,0.0,0.0,0.0,0.0
repeat_1_fold_3,REN,0.20610739745050388,0.2547445378437554,0.1273722689218777,0.07873512852862619,0.5,9.741576240303307e-05,1.0
repeat_1_fold_3,REST,0.0,0.0,0.0,0.0,0.0,0.0,0.0
repeat_1_fold_3,RFC4,0.0,0.0,0.0,0.0,0.0,0.0,0.0
repeat_1_fold_3,RFC5,-0.00704603093060463,0.008157304740414291,0.004078652370207146,-0.011124683300811775,0.0,-0.0020128824476650653,0.5
repeat_1_fold_3,RGCC,0.0,0.0,0.0,0.0,0.0,0.0,0.0
repeat_1_fold_3,RGS11,0.0,0.0,0.0,0.0,0.0,0.0,0.0
repeat_1_fold_3,RGS20,0.0,0.0,0.0,0.0,0.0,0.0,0.0
repeat_1_fold_3,RHO,0.0,0.0,0.0,0.0,0.0,0.0,0.0
repeat_1_fold_3,RHOA,0.0,0.0,0.0,0.0,0.0,0.0,0.0
repeat_1_fold_3,RHOBTB2,0.0,0.0,0.0,0.0,0.0,0.0,0.0
repeat_1_fold_3,RHOBTB3,-0.007660890046114588,0.05563278444193983,0.027816392220969915,-0.035477282267084506,0.25,-0.0013083735909822924,0.5
repeat_1_fold_3,RHOD,0.0,0.0,0.0,0.0,0.0,0.0,0.0
repeat_1_fold_3,RHOQ,0.0,0.0,0.0,0.0,0.0,0.0,0.0
repeat_1_fold_3,RHOT2,0.0,0.0,0.0,0.0,0.0,0.0,0.0
repeat_1_fold_3,RIOX1,-0.24934581844963866,0.33168287017822173,0.16584143508911087,-0.4151872535387495,0.0,-0.002004811547714508,0.5
repeat_1_fold_3,RIT2,0.0,0.0,0.0,0.0,0.0,0.0,0.0
repeat_1_fold_3,RLN1,0.0,0.0,0.0,0.0,0.0,0.0,0.0
repeat_1_fold_3,RMND5A,-0.16547991626266167,0.19786924762164357,0.09893462381082178,-0.2644145400734835,0.0,0.0005012028869286339,0.5
repeat_1_fold_3,RND3,-0.3740511580749466,0.4743942357406305,0.23719711787031525,-0.6112482759452619,0.0,0.0029170653691242,1.0
repeat_1_fold_3,RNF115,0.0,0.0,0.0,0.0,0.0,0.0,0.0
repeat_1_fold_3,RNF139,0.0,0.0,0.0,0.0,0.0,0.0,0.0
repeat_1_fold_3,RNF2,0.0,0.0,0.0,0.0,0.0,0.0,0.0
repeat_1_fold_3,RNF7,0.0,0.0,0.0,0.0,0.0,0.0,0.0
repeat_1_fold_3,RNLS,0.0,0.0,0.0,0.0,0.0,0.0,0.0
repeat_1_fold_3,ROPN1,0.0,0.0,0.0,0.0,0.0,0.0,0.0
repeat_1_fold_3,RPA2,0.0,0.0,0.0,0.0,0.0,0.0,0.0
repeat_1_fold_3,RPA3,0.0,0.0,0.0,0.0,0.0,0.0,0.0
repeat_1_fold_3,RPAP2,0.0,0.0,0.0,0.0,0.0,0.0,0.0
repeat_1_fold_3,RPL18,0.0,0.0,0.0,0.0,0.0,0.0,0.0
repeat_1_fold_3,RPL21,0.0,0.0,0.0,0.0,0.0,0.0,0.0
repeat_1_fold_3,RPL22,0.0,0.0,0.0,0.0,0.0,0.0,0.0
repeat_1_fold_3,RPL35,-0.1594783007321645,0.2566750453959724,0.1283375226979862,-0.2878158234301507,0.0,0.0013031275060144398,0.5
repeat_1_fold_3,RPL37A,0.0,0.0,0.0,0.0,0.0,0.0,0.0
repeat_1_fold_3,RPL4,0.0,0.0,0.0,0.0,0.0,0.0,0.0
repeat_1_fold_3,RPLP2,0.0,0.0,0.0,0.0,0.0,0.0,0.0
repeat_1_fold_3,RPP25,0.04899306520387903,0.09798613040775805,0.04899306520387903,0.0,0.25,0.0004009623095429099,0.5
repeat_1_fold_3,RPRD2,0.06038872190496036,0.07063027577154095,0.035315137885770474,0.02507358401918989,0.5,0.0035177017434434993,1.0
repeat_1_fold_3,RPS10,0.0,0.0,0.0,0.0,0.0,0.0,0.0
repeat_1_fold_3,RPS3A,0.0,0.0,0.0,0.0,0.0,0.0,0.0
repeat_1_fold_3,RPS4X,0.0,0.0,0.0,0.0,0.0,0.0,0.0
repeat_1_fold_3,RPS6KA1,-0.006685709132796092,0.007719991935086726,0.003859995967543363,-0.010545705100339454,0.0,0.0012077294685990392,0.5
repeat_1_fold_3,RPS6KA5,0.0,0.0,0.0,0.0,0.0,0.0,0.0
repeat_1_fold_3,RPS8,0.0,0.0,0.0,0.0,0.0,0.0,0.0
repeat_1_fold_3,RTCB,0.0,0.0,0.0,0.0,0.0,0.0,0.0
repeat_1_fold_3,RUFY1,0.0,0.0,0.0,0.0,0.0,0.0004009623095429099,0.5
repeat_1_fold_3,RXFP3,0.0,0.0,0.0,0.0,0.0,-0.00040257648953301306,0.5
repeat_1_fold_3,S100A10,0.0,0.0,0.0,0.0,0.0,0.0,0.0
repeat_1_fold_3,S100A12,0.0,0.0,0.0,0.0,0.0,0.0,0.0
repeat_1_fold_3,S100A7,-0.08443805617790545,0.24038314337383915,0.12019157168691957,-0.20462962786482503,0.25,-0.0025084357046283173,1.0
repeat_1_fold_3,SAP30,0.0,0.0,0.0,0.0,0.0,0.0,0.0
repeat_1_fold_3,SARS2,0.10305381989470597,0.3992536826349166,0.1996268413174583,-0.09657302142275234,0.5,0.0035124556584756744,1.0
repeat_1_fold_3,SBF1,0.0,0.0,0.0,0.0,0.0,0.0,0.0
repeat_1_fold_3,SCLY,0.0,0.0,0.0,0.0,0.0,0.0,0.0
repeat_1_fold_3,SCN11A,0.0,0.0,0.0,0.0,0.0,0.0,0.0
repeat_1_fold_3,SCN4A,0.042978645768753765,0.05088343739010132,0.02544171869505066,0.017536927073703103,0.5,0.0,0.5
repeat_1_fold_3,SCNN1B,0.0,0.0,0.0,0.0,0.0,0.0,0.0
repeat_1_fold_3,SDC1,0.0,0.0,0.0,0.0,0.0,0.0,0.0
repeat_1_fold_3,SDHAF3,0.0,0.0,0.0,0.0,0.0,0.0,0.0
repeat_1_fold_3,SEC11A,0.0,0.0,0.0,0.0,0.0,0.0,0.0
repeat_1_fold_3,SEC22B,0.0,0.0,0.0,0.0,0.0,0.0,0.0
repeat_1_fold_3,SEC23A,-0.10272821857900816,0.11862172520068255,0.059310862600341276,-0.16203908117934943,0.0,0.004126409017713356,0.5
repeat_1_fold_3,SEC24B,0.0,0.0,0.0,0.0,0.0,0.0,0.0
repeat_1_fold_3,SELL,-0.07281015835594573,0.11573095216634115,0.057865476083170574,-0.1306756344391163,0.0,-0.0009057971014492794,0.5
repeat_1_fold_3,SEMA4A,0.03566854700020805,0.0713370940004161,0.03566854700020805,0.0,0.25,0.0024057738572574178,0.5
repeat_1_fold_3,SENP2,0.0,0.0,0.0,0.0,0.0,0.0,0.0
repeat_1_fold_3,SEPTIN4,0.12064711594432787,0.1509976471158682,0.0754988235579341,0.04514829238639377,0.5,0.0030072173215717757,0.5
repeat_1_fold_3,SERPINB1,0.0,0.0,0.0,0.0,0.0,0.0,0.0
repeat_1_fold_3,SERPINB10,0.0,0.0,0.0,0.0,0.0,0.0,0.0
repeat_1_fold_3,SERPINB8,0.0,0.0,0.0,0.0,0.0,0.0,0.0
repeat_1_fold_3,SERPIND1,-0.11692821629781314,0.24616938113010753,0.12308469056505376,-0.24001290686286691,0.25,-0.0012069223786039807,1.0
repeat_1_fold_3,SESN1,0.0,0.0,0.0,0.0,0.0,0.0,0.0
repeat_1_fold_3,SFRP1,0.0,0.0,0.0,0.0,0.0,0.0,0.0
repeat_1_fold_3,SGPP1,0.0,0.0,0.0,0.0,0.0,0.0,0.0
repeat_1_fold_3,SH2D2A,0.0,0.0,0.0,0.0,0.0,0.0,0.0
repeat_1_fold_3,SH3BP4,0.0,0.0,0.0,0.0,0.0,0.0,0.0
repeat_1_fold_3,SHB,0.0,0.0,0.0,0.0,0.0,0.0,0.0
repeat_1_fold_3,SI,-0.10062142019149789,0.11957572016403892,0.05978786008201946,-0.16040928027351736,0.0,0.0014033680834001638,0.5
repeat_1_fold_3,SIN3B,0.0,0.0,0.0,0.0,0.0,0.0,0.0
repeat_1_fold_3,SKA1,-0.008705038068097082,0.017410076136194164,0.008705038068097082,-0.017410076136194164,0.0,0.001006441223832505,0.5
repeat_1_fold_3,SKIC2,0.0,0.0,0.0,0.0,0.0,0.0,0.0
repeat_1_fold_3,SLBP,0.0,0.0,0.0,0.0,0.0,0.0,0.0
repeat_1_fold_3,SLC12A5,0.0,0.0,0.0,0.0,0.0,0.0,0.0
repeat_1_fold_3,SLC13A2,0.0,0.0,0.0,0.0,0.0,0.0,0.0
repeat_1_fold_3,SLC15A3,0.0957203971103553,0.11187859103054369,0.055939295515271846,0.03978110159508345,0.5,0.0035084202085004096,0.5
repeat_1_fold_3,SLC16A3,0.0,0.0,0.0,0.0,0.0,0.0,0.0
repeat_1_fold_3,SLC1A3,0.0,0.0,0.0,0.0,0.0,0.0,0.0
repeat_1_fold_3,SLC22A11,0.0,0.0,0.0,0.0,0.0,0.0,0.0
repeat_1_fold_3,SLC25A6,0.0,0.0,0.0,0.0,0.0,0.0,0.0
repeat_1_fold_3,SLC28A3,0.06795173966025914,0.0787998178129319,0.03939990890646595,0.028551830753793188,0.5,-0.0013083735909822924,0.5
repeat_1_fold_3,SLC29A2,0.0,0.0,0.0,0.0,0.0,0.0,0.0
repeat_1_fold_3,SLC2A10,0.0,0.0,0.0,0.0,0.0,0.0,0.0
repeat_1_fold_3,SLC30A1,0.0,0.0,0.0,0.0,0.0,0.0,0.0
repeat_1_fold_3,SLC35D2,0.0,0.0,0.0,0.0,0.0,0.0,0.0
repeat_1_fold_3,SLC38A2,0.0,0.0,0.0,0.0,0.0,0.0,0.0
repeat_1_fold_3,SLC39A6,-0.03250129050541872,0.03752925764462746,0.01876462882231373,-0.05126591932773245,0.0,-0.0014090177133655457,0.5
repeat_1_fold_3,SLC52A1,0.0,0.0,0.0,0.0,0.0,0.0,0.0
repeat_1_fold_3,SLC6A1,0.8589307934070121,1.3859404220604752,0.6929702110302376,0.16596058237677447,0.5,0.0002004811547714619,0.5
repeat_1_fold_3,SLC6A11,0.0,0.0,0.0,0.0,0.0,0.0,0.0
repeat_1_fold_3,SLC6A13,0.0,0.0,0.0,0.0,0.0,0.0,0.0
repeat_1_fold_3,SLC6A15,0.0,0.0,0.0,0.0,0.0,0.0,0.0
repeat_1_fold_3,SLC7A5,0.0,0.0,0.0,0.0,0.0,0.0,0.0
repeat_1_fold_3,SLC7A7,0.0,0.0,0.0,0.0,0.0,0.0,0.0
repeat_1_fold_3,SLC9A5,0.024885682986353075,0.11630027967494419,0.058150139837472095,-0.03326445685111902,0.25,0.004721395762067246,1.0
repeat_1_fold_3,SLCO1A2,-0.17651816485211036,0.4683508737023913,0.23417543685119566,-0.41069360170330604,0.25,-0.003909382518043292,0.5
repeat_1_fold_3,SLIT3,0.09857050658048472,0.19714101316096944,0.09857050658048472,0.0,0.25,0.0,0.5
repeat_1_fold_3,SMAD5,0.0,0.0,0.0,0.0,0.0,0.0,0.0
repeat_1_fold_3,SMARCB1,0.0,0.0,0.0,0.0,0.0,0.0,0.0
repeat_1_fold_3,SMG9,0.0,0.0,0.0,0.0,0.0,0.0,0.0
repeat_1_fold_3,SMURF1,0.0,0.0,0.0,0.0,0.0,0.0,0.0
repeat_1_fold_3,SNCA,0.0,0.0,0.0,0.0,0.0,0.0,0.0
repeat_1_fold_3,SND1,0.0,0.0,0.0,0.0,0.0,0.0,0.0
repeat_1_fold_3,SNIP1,0.0,0.0,0.0,0.0,0.0,0.0,0.0
repeat_1_fold_3,SNRNP200,0.0,0.0,0.0,0.0,0.0,0.0,0.0
repeat_1_fold_3,SNX5,-0.006880376383536557,0.013760752767073114,0.006880376383536557,-0.013760752767073114,0.0,0.0016046563281666704,1.0
repeat_1_fold_3,SOAT2,0.0,0.0,0.0,0.0,0.0,0.0,0.0
repeat_1_fold_3,SPINK5,0.0,0.0,0.0,0.0,0.0,0.0,0.0
repeat_1_fold_3,SPOCK3,0.04622607532998835,0.09443078526585927,0.047215392632929634,-0.0009893173029412866,0.5,-0.0007000698617099649,1.0
repeat_1_fold_3,SRD5A3,0.0,0.0,0.0,0.0,0.0,0.0,0.0
repeat_1_fold_3,SRP9,0.0,0.0,0.0,0.0,0.0,0.0,0.0
repeat_1_fold_3,SRPRB,-0.04664362448170323,0.06757516235938933,0.033787581179694666,-0.08043120566139789,0.0,0.0017040898155573497,0.5
repeat_1_fold_3,SRRM2,0.0,0.0,0.0,0.0,0.0,0.0,0.0
repeat_1_fold_3,SRY,0.0,0.0,0.0,0.0,0.0,0.0,0.0
repeat_1_fold_3,SSB,-0.06233395249567941,0.10710887356631585,0.053554436783157924,-0.11588838927883734,0.0,-0.0007045088566827729,0.5
repeat_1_fold_3,ST8SIA3,0.0,0.0,0.0,0.0,0.0,0.0,0.0
repeat_1_fold_3,STARD5,-0.03651950861983977,0.07303901723967954,0.03651950861983977,-0.07303901723967954,0.0,0.0010064412238325326,0.5
repeat_1_fold_3,STC2,-0.10517315151650308,0.16979905993278072,0.08489952996639036,-0.19007268148289344,0.0,0.00040257648953301306,0.5
repeat_1_fold_3,STXBP1,0.0,0.0,0.0,0.0,0.0,0.0,0.0
repeat_1_fold_3,SUCLG1,0.0,0.0,0.0,0.0,0.0,0.0,0.0
repeat_1_fold_3,SUZ12,0.0,0.0,0.0,0.0,0.0,0.0,0.0
repeat_1_fold_3,SYN3,-0.13457884284505717,0.15645806350238348,0.07822903175119174,-0.2128078745962489,0.0,-0.0017121607155078794,1.0
repeat_1_fold_3,TAB2,0.0,0.0,0.0,0.0,0.0,0.0,0.0
repeat_1_fold_3,TAC3,0.0,0.0,0.0,0.0,0.0,0.0,0.0
repeat_1_fold_3,TACO1,0.0,0.0,0.0,0.0,0.0,0.0,0.0
repeat_1_fold_3,TACR1,0.0,0.0,0.0,0.0,0.0,0.0,0.0
repeat_1_fold_3,TAF1,0.031233012482772438,0.14097361590146865,0.07048680795073432,-0.039253795467961886,0.25,-0.002717391304347838,0.5
repeat_1_fold_3,TAF1C,-0.036344143628499026,0.052126699488781215,0.026063349744390608,-0.06240749337288963,0.0,-0.0006038647342995196,0.5
repeat_1_fold_3,TAF5L,0.0,0.0,0.0,0.0,0.0,0.0,0.0
repeat_1_fold_3,TANK,0.0,0.0,0.0,0.0,0.0,0.0,0.0
repeat_1_fold_3,TAOK3,0.0,0.0,0.0,0.0,0.0,0.0,0.0
repeat_1_fold_3,TARS1,0.0,0.0,0.0,0.0,0.0,0.0,0.0
repeat_1_fold_3,TAS2R14,0.0,0.0,0.0,0.0,0.0,0.0,0.0
repeat_1_fold_3,TAS2R3,0.0,0.0,0.0,0.0,0.0,0.0,0.0
repeat_1_fold_3,TATDN2,0.0,0.0,0.0,0.0,0.0,0.0,0.0
repeat_1_fold_3,TBCE,0.0,0.0,0.0,0.0,0.0,0.0,0.0
repeat_1_fold_3,TBK1,0.0,0.0,0.0,0.0,0.0,0.0,0.0
repeat_1_fold_3,TBX2,0.0,0.0,0.0,0.0,0.0,0.0,0.0
repeat_1_fold_3,TCF12,0.0,0.0,0.0,0.0,0.0,0.0,0.5
repeat_1_fold_3,TERF1,0.0,0.0,0.0,0.0,0.0,0.0,0.0
repeat_1_fold_3,TEX2,0.0,0.0,0.0,0.0,0.0,0.0,0.0
repeat_1_fold_3,TFAP2A,0.0,0.0,0.0,0.0,0.0,0.0,0.0
repeat_1_fold_3,TFDP1,0.0,0.0,0.0,0.0,0.0,0.0,0.0
repeat_1_fold_3,TFEB,0.0,0.0,0.0,0.0,0.0,0.0,0.0
repeat_1_fold_3,TFG,0.031840173310103026,0.06469771676157814,0.03234885838078907,-0.0005086850706860421,0.25,-0.0016038492381716118,0.5
repeat_1_fold_3,TFRC,0.0,0.0,0.0,0.0,0.0,0.0,0.0
repeat_1_fold_3,TGFA,0.0,0.0,0.0,0.0,0.0,0.0,0.0
repeat_1_fold_3,THBS4,0.0,0.0,0.0,0.0,0.0,0.0,0.0
repeat_1_fold_3,THRA,0.0,0.0,0.0,0.0,0.0,0.0,0.0
repeat_1_fold_3,THSD4,0.0,0.0,0.0,0.0,0.0,0.0,0.0
repeat_1_fold_3,TIMELESS,0.0,0.0,0.0,0.0,0.0,0.0,0.0
repeat_1_fold_3,TIMM13,0.0,0.0,0.0,0.0,0.0,0.0,0.0
repeat_1_fold_3,TLL2,0.0,0.0,0.0,0.0,0.0,0.0,0.0
repeat_1_fold_3,TLR6,0.0,0.0,0.0,0.0,0.0,0.000200481154771448,0.5
repeat_1_fold_3,TLR8,-0.3142079493568968,0.3642061978886542,0.1821030989443271,-0.49631104830122386,0.0,-0.0014033680834001638,0.5
repeat_1_fold_3,TMBIM1,0.0,0.0,0.0,0.0,0.0,-0.00040257648953301306,0.5
repeat_1_fold_3,TMOD2,0.0,0.0,0.0,0.0,0.0,0.0,0.0
repeat_1_fold_3,TMPO,0.0,0.0,0.0,0.0,0.0,0.0,0.0
repeat_1_fold_3,TMT1A,0.0,0.0,0.0,0.0,0.0,0.0,0.0
repeat_1_fold_3,TNFRSF10B,0.0,0.0,0.0,0.0,0.0,0.0,0.0
repeat_1_fold_3,TNFRSF12A,0.0,0.0,0.0,0.0,0.0,0.0,0.0
repeat_1_fold_3,TNFRSF1A,0.0,0.0,0.0,0.0,0.0,0.0,0.0
repeat_1_fold_3,TNFSF13,0.0,0.0,0.0,0.0,0.0,0.0,0.0
repeat_1_fold_3,TNFSF15,0.0837954806775727,0.20973629765765883,0.10486814882882942,-0.021072668151256718,0.25,-0.0025060144346431418,0.5
repeat_1_fold_3,TNFSF8,0.0,0.0,0.0,0.0,0.0,0.0,0.0
repeat_1_fold_3,TNIK,0.0,0.0,0.0,0.0,0.0,0.0,0.0
repeat_1_fold_3,TNKS2,0.0672690982884987,0.07767566401001623,0.038837832005008115,0.028431266283490582,0.5,-0.001107085346215786,0.5
repeat_1_fold_3,TNN,0.0,0.0,0.0,0.0,0.0,0.0,0.0
repeat_1_fold_3,TNNI2,0.0,0.0,0.0,0.0,0.0,0.0,0.0
repeat_1_fold_3,TNPO1,0.0,0.0,0.0,0.0,0.0,0.0,0.0
repeat_1_fold_3,TOMM22,0.0,0.0,0.0,0.0,0.0,0.0,0.0
repeat_1_fold_3,TOMM70,0.0,0.0,0.0,0.0,0.0,0.0,0.0
repeat_1_fold_3,TPK1,0.0,0.0,0.0,0.0,0.0,0.0,0.0
repeat_1_fold_3,TPST1,0.0,0.0,0.0,0.0,0.0,0.0,0.0
repeat_1_fold_3,TPTE,0.0,0.0,0.0,0.0,0.0,0.0,0.0
repeat_1_fold_3,TRA2B,0.0,0.0,0.0,0.0,0.0,0.0,0.0
repeat_1_fold_3,TRAF3,0.0,0.0,0.0,0.0,0.0,0.0014033680834001638,0.5
repeat_1_fold_3,TRIB3,0.04985902215229032,0.057572239722312665,0.028786119861156333,0.02107290229113399,0.5,0.00020128824476650653,0.5
repeat_1_fold_3,TRIM14,0.0,0.0,0.0,0.0,0.0,0.0,0.0
repeat_1_fold_3,TRIM21,-0.0009106005313181953,0.14026036769612274,0.07013018384806137,-0.07104078437937957,0.25,0.0004975709819508845,1.0
repeat_1_fold_3,TRIM25,0.0,0.0,0.0,0.0,0.0,0.0,0.0
repeat_1_fold_3,TRIM26,0.0,0.0,0.0,0.0,0.0,0.0,0.0
repeat_1_fold_3,TRIM33,-0.08175049465118533,0.09439734018649383,0.047198670093246915,-0.12894916474443224,0.0,-0.0014090177133655457,0.5
repeat_1_fold_3,TRIM36,0.0,0.0,0.0,0.0,0.0,0.0,0.0
repeat_1_fold_3,TRIM37,0.0,0.0,0.0,0.0,0.0,0.0,0.0
repeat_1_fold_3,TRIM68,0.0,0.0,0.0,0.0,0.0,0.0,0.0
repeat_1_fold_3,TRPC4AP,0.0,0.0,0.0,0.0,0.0,0.0,0.0
repeat_1_fold_3,TRPV2,0.0,0.0,0.0,0.0,0.0,0.0,0.0
repeat_1_fold_3,TSC22D1,0.0,0.0,0.0,0.0,0.0,0.0,0.0
repeat_1_fold_3,TSFM,0.0,0.0,0.0,0.0,0.0,0.0,0.0
repeat_1_fold_3,TTPA,0.0,0.0,0.0,0.0,0.0,0.0,0.0
repeat_1_fold_3,TUBA1C,-0.09217004355455316,0.3919559716509379,0.19597798582546894,-0.2881480293800221,0.25,0.0015036086607858878,0.5
repeat_1_fold_3,TWIST1,0.0,0.0,0.0,0.0,0.0,0.0,0.0
repeat_1_fold_3,TYMP,-0.07348264084961542,0.14696528169923084,0.07348264084961542,-0.14696528169923084,0.0,0.0006014434643143579,0.5
repeat_1_fold_3,U2AF2,0.0,0.0,0.0,0.0,0.0,0.0,0.0
repeat_1_fold_3,UBAC1,0.0,0.0,0.0,0.0,0.0,0.0,0.0
repeat_1_fold_3,UBE2D2,0.0,0.0,0.0,0.0,0.0,0.0,0.0
repeat_1_fold_3,UBE2I,0.0,0.0,0.0,0.0,0.0,0.0,0.0
repeat_1_fold_3,UBR2,-0.03098775860106251,0.0375041391755804,0.0187520695877902,-0.04973982818885271,0.0,-0.00040257648953301306,0.5
repeat_1_fold_3,UCP2,0.0,0.0,0.0,0.0,0.0,0.0,0.0
repeat_1_fold_3,UGGT2,0.0,0.0,0.0,0.0,0.0,0.0006014434643143579,0.5
repeat_1_fold_3,UNC5C,0.1388351467072404,0.16031301864881287,0.08015650932440643,0.058678637382833965,0.5,0.0012028869286287158,0.5
repeat_1_fold_3,UNC93B1,0.0,0.0,0.0,0.0,0.0,0.0,0.0
repeat_1_fold_3,UPF3B,-0.013760752767073114,0.0158895486286431,0.00794477431432155,-0.021705527081394664,0.0,0.0016103059581320245,0.5
repeat_1_fold_3,UQCC1,-0.04622280190787542,0.055089603798568844,0.027544801899284422,-0.07376760380715984,0.0,0.0027044778644269574,1.0
repeat_1_fold_3,USO1,0.19008634606578667,0.2635855405622804,0.1317927702811402,0.05829357578464647,0.5,-0.005334138486312423,0.5
repeat_1_fold_3,USP20,0.0,0.0,0.0,0.0,0.0,0.0,0.0
repeat_1_fold_3,USP7,0.0,0.0,0.0,0.0,0.0,0.0,0.0
repeat_1_fold_3,UTP6,0.0,0.0,0.0,0.0,0.0,0.0,0.0
repeat_1_fold_3,UTRN,0.0,0.0,0.0,0.0,0.0,0.0,0.0
repeat_1_fold_3,VCAN,0.0,0.0,0.0,0.0,0.0,0.0,0.0
repeat_1_fold_3,VCPIP1,0.0,0.0,0.0,0.0,0.0,0.0,0.0
repeat_1_fold_3,VEGFA,0.0,0.0,0.0,0.0,0.0,0.0,0.0
repeat_1_fold_3,VPS16,-0.3180347621806163,0.4734210734537685,0.23671053672688425,-0.5547452989075006,0.0,0.0027064955894146037,0.5
repeat_1_fold_3,WAC,0.0,0.0,0.0,0.0,0.0,0.0007045088566827729,0.5
repeat_1_fold_3,WNT5A,0.0,0.0,0.0,0.0,0.0,0.0,0.0
repeat_1_fold_3,XCL1,0.0,0.0,0.0,0.0,0.0,0.0,0.0
repeat_1_fold_3,XPC,0.0,0.0,0.0,0.0,0.0,0.0,0.0
repeat_1_fold_3,YKT6,0.0,0.0,0.0,0.0,0.0,0.0,0.0
repeat_1_fold_3,YWHAB,0.0,0.0,0.0,0.0,0.0,0.0,0.0
repeat_1_fold_3,YWHAZ,0.0,0.0,0.0,0.0,0.0,0.0,0.0
repeat_1_fold_3,YY1,0.0,0.0,0.0,0.0,0.0,0.0,0.0
repeat_1_fold_3,ZBED1,0.02522816690080809,0.10182783832757332,0.05091391916378666,-0.02568575226297857,0.25,0.0052125100240577454,0.5
repeat_1_fold_3,ZC3H12A,-0.00607201025756865,0.0774691464578194,0.0387345732289097,-0.04480658348647835,0.75,-0.0033107638687116386,1.0
repeat_1_fold_3,ZC3H15,-0.05712589257830203,0.06830728654490924,0.03415364327245462,-0.09127953585075665,0.0,0.00010064412238325326,0.5
repeat_1_fold_3,ZFP2,0.0,0.0,0.0,0.0,0.0,0.0,0.0
repeat_1_fold_3,ZFYVE9,0.0,0.0,0.0,0.0,0.0,0.0,0.0
repeat_1_fold_3,ZIC1,0.0,0.0,0.0,0.0,0.0,0.0,0.0
repeat_1_fold_3,ZKSCAN1,0.0,0.0,0.0,0.0,0.0,0.0,0.0
repeat_1_fold_3,ZKSCAN5,0.0,0.0,0.0,0.0,0.0,0.0,0.0
repeat_1_fold_3,ZKSCAN7,0.0,0.0,0.0,0.0,0.0,0.0,0.0
repeat_1_fold_3,ZNF140,0.0,0.0,0.0,0.0,0.0,0.0,0.0
repeat_1_fold_3,ZNF154,0.0,0.0,0.0,0.0,0.0,0.0,0.0
repeat_1_fold_3,ZNF175,0.14130091392267552,0.19996271703445642,0.09998135851722821,0.04131955540544731,0.5,-0.002405773857257404,0.5
repeat_1_fold_3,ZNF221,0.0,0.0,0.0,0.0,0.0,0.0,0.0
repeat_1_fold_3,ZNF266,0.0,0.0,0.0,0.0,0.0,0.0,0.0
repeat_1_fold_3,ZNF268,0.0,0.0,0.0,0.0,0.0,0.0,0.0
repeat_1_fold_3,ZNF282,0.0,0.0,0.0,0.0,0.0,0.0,0.0
repeat_1_fold_3,ZNF304,0.0,0.0,0.0,0.0,0.0,0.0,0.0
repeat_1_fold_3,ZNF34,0.2500899038337785,0.6666931414206176,0.3333465707103088,-0.08325666687653033,0.5,-0.0048305143293986275,1.0
repeat_1_fold_3,ZNF419,0.03363454914424935,0.0672690982884987,0.03363454914424935,0.0,0.25,0.001409017713365518,0.5
repeat_1_fold_3,ZNF45,0.0,0.0,0.0,0.0,0.0,0.0,0.0
repeat_1_fold_3,ZNF460,0.0,0.0,0.0,0.0,0.0,0.000100240577385724,0.5
repeat_1_fold_3,ZNF473,0.0,0.0,0.0,0.0,0.0,0.0,0.0
repeat_1_fold_3,ZNF528,-0.03622818571563258,0.14707034012160763,0.07353517006080382,-0.1097633557764364,0.25,0.0017040898155573359,0.5
repeat_1_fold_3,ZNF589,-0.13448655988510616,0.2689731197702123,0.13448655988510616,-0.2689731197702123,0.0,-0.0017040898155573359,0.5
repeat_1_fold_3,ZNF675,0.0,0.0,0.0,0.0,0.0,0.0,0.0
repeat_1_fold_3,ZNF682,0.0,0.0,0.0,0.0,0.0,0.0,0.0
repeat_1_fold_3,ZNF696,0.0,0.0,0.0,0.0,0.0,0.0,0.0
repeat_1_fold_3,ZNF747,-0.006880376383536557,0.013760752767073114,0.006880376383536557,-0.013760752767073114,0.0,0.0010064412238325326,0.5
repeat_1_fold_3,ZWILCH,-0.02545827425674929,0.05091654851349858,0.02545827425674929,-0.05091654851349858,0.0,0.0003019323671497598,0.5
repeat_1_fold_4,A1CF,0.0,0.0,0.0,0.0,0.0,0.0,0.0
repeat_1_fold_4,A2M,0.0,0.0,0.0,0.0,0.0,0.0,0.0
repeat_1_fold_4,A4GNT,0.0,0.0,0.0,0.0,0.0,0.0,0.0
repeat_1_fold_4,AAAS,0.004265024762556635,0.24516065135976667,0.12258032567988333,-0.1183153009173267,0.25,-0.0006192416237831844,1.0
repeat_1_fold_4,AACS,0.017286937063087038,0.22511602669040232,0.11255801334520116,-0.09527107628211412,0.25,-0.00041876046901173636,0.5
repeat_1_fold_4,AADAC,0.0,0.0,0.0,0.0,0.0,0.0,0.0
repeat_1_fold_4,AAK1,0.0,0.0,0.0,0.0,0.0,0.0,0.0
repeat_1_fold_4,AAMP,0.0,0.0,0.0,0.0,0.0,0.0,0.0
repeat_1_fold_4,AANAT,0.0,0.0,0.0,0.0,0.0,0.0,0.0
repeat_1_fold_4,AARS1,0.0,0.0,0.0,0.0,0.0,0.0,0.0
repeat_1_fold_4,AASDHPPT,0.0,0.0,0.0,0.0,0.0,0.0,0.0
repeat_1_fold_4,AASS,0.0,0.0,0.0,0.0,0.0,-0.0006281407035176045,0.5
repeat_1_fold_4,ABCA1,0.0,0.0,0.0,0.0,0.0,-0.0008553190974922853,1.0
repeat_1_fold_4,ABCA12,0.0,0.0,0.0,0.0,0.0,0.0,0.0
repeat_1_fold_4,ABCA2,-0.04211963920723427,0.07524756991444286,0.03762378495722143,-0.0797434241644557,0.0,-0.00041876046901173636,0.5
repeat_1_fold_4,ABCA3,0.0,0.0,0.0,0.0,0.0,0.0,0.0
repeat_1_fold_4,ABCA4,0.2539416185945278,0.5572206603005,0.27861033015025,-0.0246687115557222,0.5,0.0002182793142402606,1.0
repeat_1_fold_4,ABCA5,0.0,0.0,0.0,0.0,0.0,-0.00020938023450589593,0.5
repeat_1_fold_4,ABCA6,0.0,0.0,0.0,0.0,0.0,0.0,0.0
repeat_1_fold_4,ABCA7,-0.0628475444176324,0.1789725893636832,0.0894862946818416,-0.152333839099474,0.25,-0.0012028869286287158,0.5
repeat_1_fold_4,ABCA8,0.0,0.0,0.0,0.0,0.0,0.0,0.0
repeat_1_fold_4,ABCB1,0.0,0.0,0.0,0.0,0.0,0.0,0.0
repeat_1_fold_4,ABCB4,0.0,0.0,0.0,0.0,0.0,0.0,0.0
repeat_1_fold_4,ABCB6,-0.40892884192607504,0.8178576838521501,0.40892884192607504,-0.8178576838521501,0.0,0.000601443464314344,0.5
repeat_1_fold_4,ABCB7,0.0,0.0,0.0,0.0,0.0,0.0,0.0
repeat_1_fold_4,ABCB8,0.0,0.0,0.0,0.0,0.0,0.0,0.0
repeat_1_fold_4,ABCB9,0.19690262146871973,0.2411443139107486,0.1205721569553743,0.07633046451334544,0.5,-0.0008375209380234727,0.5
repeat_1_fold_4,ABCC1,0.0,0.0,0.0,0.0,0.0,0.0,0.5
repeat_1_fold_4,ABCC10,0.0,0.0,0.0,0.0,0.0,0.0,0.0
repeat_1_fold_4,ABCC2,-0.12065431647796565,0.3177947617554128,0.1588973808777064,-0.2795516973556721,0.25,0.0014656616415410217,0.5
repeat_1_fold_4,ABCC3,0.0,0.0,0.0,0.0,0.0,0.0,0.0
repeat_1_fold_4,ABCC4,0.0,0.0,0.0,0.0,0.0,0.0,0.0
repeat_1_fold_4,ABCC5,0.0,0.0,0.0,0.0,0.0,0.0,0.0
repeat_1_fold_4,ABCC6,0.0,0.0,0.0,0.0,0.0,0.0,0.0
repeat_1_fold_4,ABCC8,0.0,0.0,0.0,0.0,0.0,0.0,0.0
repeat_1_fold_4,ABCC9,0.0,0.0,0.0,0.0,0.0,0.0,0.0
repeat_1_fold_4,ABCD1,0.0,0.0,0.0,0.0,0.0,0.0,0.0
repeat_1_fold_4,ABCD2,0.0,0.0,0.0,0.0,0.0,0.000400962309542896,0.5
repeat_1_fold_4,ABCD3,0.0,0.0,0.0,0.0,0.0,0.0,0.0
repeat_1_fold_4,ABCD4,0.0,0.0,0.0,0.0,0.0,0.0,0.0
repeat_1_fold_4,ABCF2,0.0,0.0,0.0,0.0,0.0,0.0,0.0
repeat_1_fold_4,ABCG2,0.0,0.0,0.0,0.0,0.0,0.0,0.0
repeat_1_fold_4,ABCG4,0.0,0.0,0.0,0.0,0.0,0.0,0.0
repeat_1_fold_4,ABCG5,0.0,0.0,0.0,0.0,0.0,0.00020938023450586818,0.5
repeat_1_fold_4,ABHD10,0.44403596907751997,0.5308234736892619,0.26541173684463093,0.17862423223288904,0.5,0.001202886928628688,0.5
repeat_1_fold_4,ABHD17A,-0.15589011851070111,0.18006318308646488,0.09003159154323244,-0.24592171005393354,0.0,0.0,0.5
repeat_1_fold_4,ABHD17B,0.0,0.0,0.0,0.0,0.0,0.0,0.5
repeat_1_fold_4,ABHD3,0.0,0.0,0.0,0.0,0.0,0.0,0.0
repeat_1_fold_4,ABHD4,0.41245112315555055,0.48138827715529353,0.24069413857764677,0.17175698457790378,0.5,-0.0018043303929430599,0.5
repeat_1_fold_4,ABHD5,0.0,0.0,0.0,0.0,0.0,0.0,0.0
repeat_1_fold_4,ABHD6,-0.061097615736082744,0.14560760616474908,0.07280380308237454,-0.1339014188184573,0.25,-0.000801924619085792,0.5
repeat_1_fold_4,ABI1,0.13708793081898563,0.41932047567090114,0.20966023783545057,-0.07257230701646494,0.25,0.000837520938023445,0.5
repeat_1_fold_4,ABI2,0.0,0.0,0.0,0.0,0.0,0.0,0.0
repeat_1_fold_4,ABL1,0.1778202734235954,0.3918228462665352,0.1959114231332676,-0.018091149709672183,0.25,-0.0008375209380234727,0.5
repeat_1_fold_4,ABL2,0.0,0.0,0.0,0.0,0.0,0.0,0.0
repeat_1_fold_4,ABLIM1,0.0,0.0,0.0,0.0,0.0,0.0,0.0
repeat_1_fold_4,ABLIM3,0.3465708420563516,0.40193740350369306,0.20096870175184653,0.14560214030450505,0.5,0.0,0.5
repeat_1_fold_4,ABR,0.0,0.0,0.0,0.0,0.0,0.0,0.0
repeat_1_fold_4,ABRAXAS2,0.0,0.0,0.0,0.0,0.0,0.0,0.0
repeat_1_fold_4,ACAA2,0.0,0.0,0.0,0.0,0.0,-0.000801924619085792,0.5
repeat_1_fold_4,ACACA,0.0,0.0,0.0,0.0,0.0,0.0,0.0
repeat_1_fold_4,ACACB,0.0,0.0,0.0,0.0,0.0,-0.000200481154771448,0.5
repeat_1_fold_4,ACAD10,0.0,0.0,0.0,0.0,0.0,0.0,0.0
repeat_1_fold_4,ACADM,0.11061490063089607,0.22122980126179215,0.11061490063089607,0.0,0.25,-0.0012562814070351813,0.5
repeat_1_fold_4,ACADS,0.0,0.0,0.0,0.0,0.0,0.0,0.0
repeat_1_fold_4,ACADSB,0.09669913806840214,0.39829745318392584,0.19914872659196292,-0.10244958852356079,0.25,0.0014656616415410217,0.5
repeat_1_fold_4,ACADVL,0.0,0.0,0.0,0.0,0.0,0.0,0.0
repeat_1_fold_4,ACAN,0.0,0.0,0.0,0.0,0.0,0.0,0.0
repeat_1_fold_4,ACAT2,0.0,0.0,0.0,0.0,0.0,0.0,0.0
repeat_1_fold_4,ACBD3,0.0,0.0,0.0,0.0,0.0,0.0,0.0
repeat_1_fold_4,ACBD4,0.0,0.0,0.0,0.0,0.0,0.0,0.0
repeat_1_fold_4,ACD,0.0,0.0,0.0,0.0,0.0,0.0,0.0
repeat_1_fold_4,ACE,0.0,0.0,0.0,0.0,0.0,0.0,0.0
repeat_1_fold_4,ACE2,0.0,0.0,0.0,0.0,0.0,0.0,0.0
repeat_1_fold_4,ACHE,0.0,0.0,0.0,0.0,0.0,0.0,0.0
repeat_1_fold_4,ACIN1,-0.15007660048415694,0.21677827722084672,0.10838913861042336,-0.2584657390945803,0.0,-0.0006281407035176045,0.5
repeat_1_fold_4,ACKR1,0.0,0.0,0.0,0.0,0.0,-0.000601443464314344,0.5
repeat_1_fold_4,ACKR2,0.0,0.0,0.0,0.0,0.0,0.0,0.0
repeat_1_fold_4,ACKR3,-0.32997378427095114,0.3855336242373965,0.19276681211869826,-0.5227405963896494,0.0,0.0,0.5
repeat_1_fold_4,ACKR4,0.0,0.0,0.0,0.0,0.0,0.0,0.0
repeat_1_fold_4,ACLY,0.3822508501300277,0.45005201409002404,0.22502600704501202,0.15722484308501566,0.5,0.00020938023450586818,0.5
repeat_1_fold_4,ACO1,0.0,0.0,0.0,0.0,0.0,0.0,0.0
repeat_1_fold_4,ACO2,0.0,0.0,0.0,0.0,0.0,0.0,0.0
repeat_1_fold_4,ACOT11,-0.00011914425547310259,0.1696285289874759,0.08481426449373795,-0.08493340874921106,0.5,0.0012206850880975006,1.0
repeat_1_fold_4,ACOT2,0.0,0.0,0.0,0.0,0.0,0.0,0.0
repeat_1_fold_4,ACOT7,0.0,0.0,0.0,0.0,0.0,0.0,0.0
repeat_1_fold_4,ACOT9,0.5421676585803894,0.6260412872545938,0.3130206436272969,0.22914701495309248,0.5,-0.00020048115477147577,0.5
repeat_1_fold_4,ACOX1,0.0,0.0,0.0,0.0,0.0,0.0,0.0
repeat_1_fold_4,ACOX2,0.09150899371467958,0.10566548430888405,0.052832742154442024,0.03867625156023755,0.5,-0.0008375209380234727,0.5
repeat_1_fold_4,ACOX3,0.0,0.0,0.0,0.0,0.0,0.0,0.0
repeat_1_fold_4,ACOXL,0.045909739856798026,0.16000130748051483,0.08000065374025742,-0.03409091388345939,0.25,-0.0031407035175879394,0.5
repeat_1_fold_4,ACP3,-0.3011274797039434,0.5628298820951024,0.2814149410475512,-0.5825424207514946,0.0,0.002405773857257404,0.5
repeat_1_fold_4,ACP5,0.0,0.0,0.0,0.0,0.0,0.0,0.0
repeat_1_fold_4,ACP6,0.09240873340193367,0.24981074428048672,0.12490537214024336,-0.032496638738309686,0.25,-0.000200481154771448,0.5
repeat_1_fold_4,ACR,-0.03640470362920034,0.07280940725840068,0.03640470362920034,-0.07280940725840068,0.0,-0.0008019246190858198,0.5
repeat_1_fold_4,ACSBG1,0.0,0.0,0.0,0.0,0.0,0.0,0.0
repeat_1_fold_4,ACSBG2,0.0,0.0,0.0,0.0,0.0,0.0,0.0
repeat_1_fold_4,ACSF2,0.0,0.0,0.0,0.0,0.0,0.0,0.0
repeat_1_fold_4,ACSL1,0.0,0.0,0.0,0.0,0.0,0.0,0.0
repeat_1_fold_4,ACSL3,0.24924229517211316,0.5885647511257549,0.29428237556287745,-0.04504008039076429,0.5,0.0026952458093729426,1.0
repeat_1_fold_4,ACSL4,0.0,0.0,0.0,0.0,0.0,0.0,0.0
repeat_1_fold_4,ACSL6,-0.042862754515242685,0.06957796342398975,0.034788981711994876,-0.07765173622723756,0.0,0.000400962309542896,0.5
repeat_1_fold_4,ACSM1,0.0,0.0,0.0,0.0,0.0,0.0,0.0
repeat_1_fold_4,ACSM2A,0.0,0.0,0.0,0.0,0.0,0.0,0.0
repeat_1_fold_4,ACSM3,0.13469633087770383,0.42849549350976146,0.21424774675488073,-0.0795514158771769,0.25,0.0,0.5
repeat_1_fold_4,ACSM5,0.0,0.0,0.0,0.0,0.0,0.0,0.0
repeat_1_fold_4,ACSS3,0.0,0.0,0.0,0.0,0.0,0.0,0.0
repeat_1_fold_4,ACTA1,0.0,0.0,0.0,0.0,0.0,0.0,0.0
repeat_1_fold_4,ACTA2,0.0,0.0,0.0,0.0,0.0,0.0,0.0
repeat_1_fold_4,ACTB,0.0,0.0,0.0,0.0,0.0,0.0,0.0
repeat_1_fold_4,ACTC1,0.0,0.0,0.0,0.0,0.0,0.0,0.0
repeat_1_fold_4,ACTG1,0.0,0.0,0.0,0.0,0.0,0.0,0.0
repeat_1_fold_4,ACTG2,0.0,0.0,0.0,0.0,0.0,0.0,0.0
repeat_1_fold_4,ACTL6A,0.0,0.0,0.0,0.0,0.0,0.0,0.0
repeat_1_fold_4,ACTL6B,0.0,0.0,0.0,0.0,0.0,0.0,0.0
repeat_1_fold_4,ACTN1,0.0,0.0,0.0,0.0,0.0,0.0,0.0
repeat_1_fold_4,ACTN2,0.0,0.0,0.0,0.0,0.0,0.0,0.0
repeat_1_fold_4,ACTN3,0.0,0.0,0.0,0.0,0.0,0.0,0.0
repeat_1_fold_4,ACTN4,0.0,0.0,0.0,0.0,0.0,0.0,0.0
repeat_1_fold_4,ACTR10,0.0,0.0,0.0,0.0,0.0,0.0,0.0
repeat_1_fold_4,ACTR1A,0.0,0.0,0.0,0.0,0.0,0.0,0.0
repeat_1_fold_4,ACTR1B,0.0,0.0,0.0,0.0,0.0,0.0,0.0
repeat_1_fold_4,ACTR2,0.0,0.0,0.0,0.0,0.0,0.0,0.0
repeat_1_fold_4,ACTR3,0.0,0.0,0.0,0.0,0.0,0.0,0.0
repeat_1_fold_4,ACTR5,0.0,0.0,0.0,0.0,0.0,0.0,0.0
repeat_1_fold_4,ACTR8,0.0,0.0,0.0,0.0,0.0,0.0,0.0
repeat_1_fold_4,ACVR1B,0.0,0.0,0.0,0.0,0.0,0.0,0.0
repeat_1_fold_4,ACVR2A,0.0,0.0,0.0,0.0,0.0,0.0,0.0
repeat_1_fold_4,ACVR2B,0.0,0.0,0.0,0.0,0.0,0.0,0.0
repeat_1_fold_4,ACVRL1,0.0,0.0,0.0,0.0,0.0,0.0,0.0
repeat_1_fold_4,ACY1,0.0,0.0,0.0,0.0,0.0,0.0,0.0
repeat_1_fold_4,ADA,0.0,0.0,0.0,0.0,0.0,0.0,0.0
repeat_1_fold_4,ADA2,0.0,0.0,0.0,0.0,0.0,0.0,0.0
repeat_1_fold_4,ADAM10,0.0,0.0,0.0,0.0,0.0,0.0,0.0
repeat_1_fold_4,ADAM11,0.0,0.0,0.0,0.0,0.0,0.0,0.0
repeat_1_fold_4,ADAM12,0.0,0.0,0.0,0.0,0.0,0.0,0.0
repeat_1_fold_4,ADAM15,0.0,0.0,0.0,0.0,0.0,0.0,0.0
repeat_1_fold_4,ADAM17,0.17999000880520732,0.31337377819122714,0.15668688909561357,0.023303119709593756,0.5,8.899079734392412e-06,1.0
repeat_1_fold_4,ADAM2,0.0,0.0,0.0,0.0,0.0,0.0,0.0
repeat_1_fold_4,ADAM20,0.0,0.0,0.0,0.0,0.0,0.0,0.0
repeat_1_fold_4,ADAM22,0.0,0.0,0.0,0.0,0.0,0.0,0.0
repeat_1_fold_4,ADAM23,0.0,0.0,0.0,0.0,0.0,0.0,0.0
repeat_1_fold_4,ADAM30,0.0,0.0,0.0,0.0,0.0,0.0,0.0
repeat_1_fold_4,ADAM8,0.0,0.0,0.0,0.0,0.0,0.0,0.0
repeat_1_fold_4,ADAM9,0.0,0.0,0.0,0.0,0.0,0.0,0.0
repeat_1_fold_4,ADAMTS12,0.0,0.0,0.0,0.0,0.0,0.0,0.0
repeat_1_fold_4,ADAMTS13,0.0,0.0,0.0,0.0,0.0,0.0,0.0
repeat_1_fold_4,ADAMTS20,0.0,0.0,0.0,0.0,0.0,0.0,0.0
repeat_1_fold_4,ADAMTS3,0.0,0.0,0.0,0.0,0.0,0.0,0.0
repeat_1_fold_4,ADAMTS5,0.0,0.0,0.0,0.0,0.0,0.0,0.0
repeat_1_fold_4,ADAMTS6,0.0,0.0,0.0,0.0,0.0,0.0,0.0
repeat_1_fold_4,ADAMTS7,0.0,0.0,0.0,0.0,0.0,0.0,0.0
repeat_1_fold_4,ADAMTS8,0.0,0.0,0.0,0.0,0.0,0.0,0.0
repeat_1_fold_4,ADAMTS9,0.0,0.0,0.0,0.0,0.0,0.0,0.0
repeat_1_fold_4,ADAMTSL2,0.0,0.0,0.0,0.0,0.0,0.0,0.0
repeat_1_fold_4,ADAMTSL3,0.0,0.0,0.0,0.0,0.0,0.0,0.0
repeat_1_fold_4,ADAMTSL4,0.0,0.0,0.0,0.0,0.0,0.0,0.0
repeat_1_fold_4,ADAP1,0.0,0.0,0.0,0.0,0.0,0.0,0.0
repeat_1_fold_4,ADAR,0.0,0.0,0.0,0.0,0.0,0.0,0.0
repeat_1_fold_4,ADARB1,0.0,0.0,0.0,0.0,0.0,0.0,0.0
repeat_1_fold_4,ADAT1,0.0,0.0,0.0,0.0,0.0,0.0,0.0
repeat_1_fold_4,ADCY1,0.0,0.0,0.0,0.0,0.0,0.0,0.0
repeat_1_fold_4,ADCY10,0.0,0.0,0.0,0.0,0.0,0.0,0.0
repeat_1_fold_4,ADCY2,0.0,0.0,0.0,0.0,0.0,0.0,0.0
repeat_1_fold_4,ADCY3,0.0,0.0,0.0,0.0,0.0,0.0,0.0
repeat_1_fold_4,ADCY6,0.0,0.0,0.0,0.0,0.0,0.0,0.0
repeat_1_fold_4,ADCY7,0.0,0.0,0.0,0.0,0.0,0.0,0.0
repeat_1_fold_4,ADCY8,0.0,0.0,0.0,0.0,0.0,0.0,0.0
repeat_1_fold_4,ADCY9,0.0,0.0,0.0,0.0,0.0,0.0,0.0
repeat_1_fold_4,ADCYAP1,0.0,0.0,0.0,0.0,0.0,0.0,0.0
repeat_1_fold_4,ADCYAP1R1,0.0,0.0,0.0,0.0,0.0,0.0,0.0
repeat_1_fold_4,ADD1,0.0,0.0,0.0,0.0,0.0,0.0,0.0
repeat_1_fold_4,ADD2,0.0,0.0,0.0,0.0,0.0,0.0,0.0
repeat_1_fold_4,ADD3,0.0,0.0,0.0,0.0,0.0,0.0,0.0
repeat_1_fold_4,ADGRE1,0.0,0.0,0.0,0.0,0.0,0.0,0.0
repeat_1_fold_4,ADGRE2,0.0,0.0,0.0,0.0,0.0,0.0,0.0
repeat_1_fold_4,ADGRE3,0.0,0.0,0.0,0.0,0.0,0.0,0.0
repeat_1_fold_4,ADGRE5,0.0,0.0,0.0,0.0,0.0,0.0,0.0
repeat_1_fold_4,ADGRF5,0.07467117996286632,0.13136238608356374,0.06568119304178187,0.00898998692108445,0.5,0.0,0.5
repeat_1_fold_4,ADGRG3,0.0,0.0,0.0,0.0,0.0,0.0,0.0
repeat_1_fold_4,ADGRG6,0.0,0.0,0.0,0.0,0.0,0.0,0.0
repeat_1_fold_4,ADGRV1,0.0,0.0,0.0,0.0,0.0,0.0,0.0
repeat_1_fold_4,ADH1A,0.0,0.0,0.0,0.0,0.0,0.0,0.0
repeat_1_fold_4,ADH1B,0.0,0.0,0.0,0.0,0.0,0.0,0.0
repeat_1_fold_4,ADH1C,0.0,0.0,0.0,0.0,0.0,0.0,0.0
repeat_1_fold_4,ADH5,0.0,0.0,0.0,0.0,0.0,0.0,0.0
repeat_1_fold_4,ADH6,0.0,0.0,0.0,0.0,0.0,0.0,0.0
repeat_1_fold_4,ADH7,0.0,0.0,0.0,0.0,0.0,0.0,0.0
repeat_1_fold_4,ADI1,0.0,0.0,0.0,0.0,0.0,0.0,0.0
repeat_1_fold_4,ADIPOQ,0.0,0.0,0.0,0.0,0.0,0.0,0.0
repeat_1_fold_4,ADIPOR2,0.0,0.0,0.0,0.0,0.0,0.0,0.0
repeat_1_fold_4,ADIRF,0.0,0.0,0.0,0.0,0.0,0.0,0.0
repeat_1_fold_4,ADK,0.0,0.0,0.0,0.0,0.0,0.0,0.0
repeat_1_fold_4,ADM,0.0,0.0,0.0,0.0,0.0,0.0,0.0
repeat_1_fold_4,ADM2,0.0,0.0,0.0,0.0,0.0,0.0,0.0
repeat_1_fold_4,ADO,0.0,0.0,0.0,0.0,0.0,0.0,0.0
repeat_1_fold_4,ADORA2A,0.0,0.0,0.0,0.0,0.0,0.0,0.0
repeat_1_fold_4,ADORA2B,0.09443512532744336,0.3738636683946479,0.18693183419732395,-0.0924967088698806,0.5,0.0031140062783847067,1.0
repeat_1_fold_4,ADPGK,0.0,0.0,0.0,0.0,0.0,0.0,0.0
repeat_1_fold_4,ADPRM,0.0,0.0,0.0,0.0,0.0,0.0,0.0
repeat_1_fold_4,ADRA1B,0.0,0.0,0.0,0.0,0.0,0.0,0.0
repeat_1_fold_4,ADRA1D,0.0,0.0,0.0,0.0,0.0,0.0,0.0
repeat_1_fold_4,ADRA2A,0.0,0.0,0.0,0.0,0.0,0.0,0.0
repeat_1_fold_4,ADRA2B,0.0,0.0,0.0,0.0,0.0,0.0,0.0
repeat_1_fold_4,ADRA2C,0.0,0.0,0.0,0.0,0.0,0.0,0.0
repeat_1_fold_4,ADRB1,0.0,0.0,0.0,0.0,0.0,0.0,0.0
repeat_1_fold_4,ADRB2,0.0,0.0,0.0,0.0,0.0,0.0,0.0
repeat_1_fold_4,ADRB3,0.0,0.0,0.0,0.0,0.0,0.0,0.0
repeat_1_fold_4,ADRM1,0.0,0.0,0.0,0.0,0.0,0.0,0.0
repeat_1_fold_4,ADSL,0.0,0.0,0.0,0.0,0.0,0.0,0.0
repeat_1_fold_4,ADSS2,0.0,0.0,0.0,0.0,0.0,0.0,0.0
repeat_1_fold_4,AFDN,0.0,0.0,0.0,0.0,0.0,0.0,0.0
repeat_1_fold_4,AFF4,0.0,0.0,0.0,0.0,0.0,0.0,0.0
repeat_1_fold_4,AFG3L2,0.0,0.0,0.0,0.0,0.0,0.0,0.0
repeat_1_fold_4,AFP,0.0,0.0,0.0,0.0,0.0,0.0,0.0
repeat_1_fold_4,AGA,0.0,0.0,0.0,0.0,0.0,0.0,0.0
repeat_1_fold_4,AGAP2,0.0,0.0,0.0,0.0,0.0,0.0,0.0
repeat_1_fold_4,AGBL3,0.0,0.0,0.0,0.0,0.0,0.0,0.0
repeat_1_fold_4,AGBL5,0.0,0.0,0.0,0.0,0.0,0.0,0.0
repeat_1_fold_4,AGER,0.0,0.0,0.0,0.0,0.0,0.0,0.0
repeat_1_fold_4,AGFG1,0.0,0.0,0.0,0.0,0.0,0.0,0.0
repeat_1_fold_4,AGGF1,0.0,0.0,0.0,0.0,0.0,0.0,0.0
repeat_1_fold_4,AGK,0.0,0.0,0.0,0.0,0.0,0.0,0.0
repeat_1_fold_4,AGL,0.0,0.0,0.0,0.0,0.0,0.0,0.0
repeat_1_fold_4,AGMAT,0.0,0.0,0.0,0.0,0.0,0.0,0.0
repeat_1_fold_4,AGO1,-0.07932949858870408,0.15865899717740817,0.07932949858870408,-0.15865899717740817,0.0,-0.000400962309542896,0.5
repeat_1_fold_4,AGO2,0.0,0.0,0.0,0.0,0.0,0.0,0.0
repeat_1_fold_4,AGO3,0.0,0.0,0.0,0.0,0.0,0.0,0.0
repeat_1_fold_4,AGO4,0.0,0.0,0.0,0.0,0.0,0.0,0.0
repeat_1_fold_4,AGPAT1,0.0,0.0,0.0,0.0,0.0,0.0,0.0
repeat_1_fold_4,AGPAT2,0.0,0.0,0.0,0.0,0.0,0.0,0.0
repeat_1_fold_4,AGPAT3,0.0,0.0,0.0,0.0,0.0,0.0,0.0
repeat_1_fold_4,AGPAT4,0.0,0.0,0.0,0.0,0.0,0.0,0.0
repeat_1_fold_4,AGPAT5,0.0,0.0,0.0,0.0,0.0,0.0,0.0
repeat_1_fold_4,AGPS,0.0,0.0,0.0,0.0,0.0,0.0,0.0
repeat_1_fold_4,AGRN,0.0,0.0,0.0,0.0,0.0,0.0,0.0
repeat_1_fold_4,AGRP,0.0,0.0,0.0,0.0,0.0,0.0,0.0
repeat_1_fold_4,AGTPBP1,0.0,0.0,0.0,0.0,0.0,0.0,0.0
repeat_1_fold_4,AGTR1,0.0,0.0,0.0,0.0,0.0,0.0,0.0
repeat_1_fold_4,AGTR2,0.0,0.0,0.0,0.0,0.0,0.0,0.0
repeat_1_fold_4,AGXT,0.0,0.0,0.0,0.0,0.0,0.0,0.0
repeat_1_fold_4,AHCTF1,0.0,0.0,0.0,0.0,0.0,0.0,0.0
repeat_1_fold_4,AHCY,0.0,0.0,0.0,0.0,0.0,0.0,0.0
repeat_1_fold_4,AHCYL1,0.0,0.0,0.0,0.0,0.0,0.0,0.0
repeat_1_fold_4,AHCYL2,0.0,0.0,0.0,0.0,0.0,0.0,0.0
repeat_1_fold_4,AHI1,0.0,0.0,0.0,0.0,0.0,0.0,0.0
repeat_1_fold_4,AHR,0.0,0.0,0.0,0.0,0.0,0.0,0.0
repeat_1_fold_4,AHSG,0.0,0.0,0.0,0.0,0.0,0.0,0.0
repeat_1_fold_4,AICDA,0.0,0.0,0.0,0.0,0.0,0.0,0.0
repeat_1_fold_4,AIM2,0.0,0.0,0.0,0.0,0.0,0.0,0.0
repeat_1_fold_4,AIMP1,0.0,0.0,0.0,0.0,0.0,0.0,0.0
repeat_1_fold_4,AIMP2,0.0,0.0,0.0,0.0,0.0,0.0,0.0
repeat_1_fold_4,AIP,0.0,0.0,0.0,0.0,0.0,0.0,0.0
repeat_1_fold_4,AK1,0.0,0.0,0.0,0.0,0.0,0.0,0.0
repeat_1_fold_4,AK2,0.0,0.0,0.0,0.0,0.0,0.0,0.0
repeat_1_fold_4,AK4,0.0,0.0,0.0,0.0,0.0,0.0,0.0
repeat_1_fold_4,AK5,0.0,0.0,0.0,0.0,0.0,0.0,0.0
repeat_1_fold_4,AK6,0.0,0.0,0.0,0.0,0.0,0.0,0.0
repeat_1_fold_4,AKAP1,0.0,0.0,0.0,0.0,0.0,0.0,0.0
repeat_1_fold_4,AKAP10,0.0,0.0,0.0,0.0,0.0,0.0,0.0
repeat_1_fold_4,AKAP13,0.0,0.0,0.0,0.0,0.0,0.0,0.0
repeat_1_fold_4,AKAP5,0.0,0.0,0.0,0.0,0.0,0.0,0.0
repeat_1_fold_4,AKAP8L,0.0,0.0,0.0,0.0,0.0,0.0,0.0
repeat_1_fold_4,AKAP9,0.0,0.0,0.0,0.0,0.0,0.0,0.0
repeat_1_fold_4,AKR1A1,0.0,0.0,0.0,0.0,0.0,0.0,0.0
repeat_1_fold_4,AKR1B1,0.0,0.0,0.0,0.0,0.0,0.0,0.0
repeat_1_fold_4,AKR1B10,0.0,0.0,0.0,0.0,0.0,0.0,0.0
repeat_1_fold_4,AKR1C1,0.0,0.0,0.0,0.0,0.0,0.0,0.0
repeat_1_fold_4,AKR1C2,0.0,0.0,0.0,0.0,0.0,0.0,0.0
repeat_1_fold_4,AKR1C3,0.0,0.0,0.0,0.0,0.0,0.0,0.0
repeat_1_fold_4,AKR1C4,0.0,0.0,0.0,0.0,0.0,0.0,0.0
repeat_1_fold_4,AKR1D1,0.0,0.0,0.0,0.0,0.0,0.0,0.0
repeat_1_fold_4,AKR7A2,0.0,0.0,0.0,0.0,0.0,0.0,0.0
repeat_1_fold_4,AKR7A3,0.0,0.0,0.0,0.0,0.0,0.0,0.0
repeat_1_fold_4,AKT1,0.0,0.0,0.0,0.0,0.0,0.0,0.0
repeat_1_fold_4,AKT2,0.0,0.0,0.0,0.0,0.0,0.0,0.0
repeat_1_fold_4,AKT3,0.0,0.0,0.0,0.0,0.0,0.0,0.0
repeat_1_fold_4,ALAD,0.0,0.0,0.0,0.0,0.0,0.0,0.0
repeat_1_fold_4,ALAS1,0.0,0.0,0.0,0.0,0.0,0.0,0.0
repeat_1_fold_4,ALB,0.0,0.0,0.0,0.0,0.0,0.0,0.0
repeat_1_fold_4,ALCAM,0.0,0.0,0.0,0.0,0.0,0.0,0.0
repeat_1_fold_4,ALDH18A1,0.0,0.0,0.0,0.0,0.0,0.0,0.0
repeat_1_fold_4,ALDH1A1,0.0,0.0,0.0,0.0,0.0,0.0,0.0
repeat_1_fold_4,ALDH1A2,0.36688647386631423,0.4281016977508154,0.2140508488754077,0.15283562499090653,0.5,0.000601443464314344,0.5
repeat_1_fold_4,ALDH1A3,0.0,0.0,0.0,0.0,0.0,0.0,0.0
repeat_1_fold_4,ALDH1B1,0.0,0.0,0.0,0.0,0.0,0.0,0.0
repeat_1_fold_4,ALDH1L1,0.0,0.0,0.0,0.0,0.0,0.0,0.0
repeat_1_fold_4,ALDH2,0.0,0.0,0.0,0.0,0.0,0.0,0.0
repeat_1_fold_4,ALDH3A1,0.0,0.0,0.0,0.0,0.0,0.0,0.0
repeat_1_fold_4,ALDH3A2,0.0,0.0,0.0,0.0,0.0,0.0,0.0
repeat_1_fold_4,ALDH3B1,0.0,0.0,0.0,0.0,0.0,0.0,0.0
repeat_1_fold_4,ALDH3B2,0.0,0.0,0.0,0.0,0.0,0.0,0.0
repeat_1_fold_4,ALDH4A1,0.0,0.0,0.0,0.0,0.0,0.0,0.0
repeat_1_fold_4,ALDH5A1,0.0,0.0,0.0,0.0,0.0,0.0,0.0
repeat_1_fold_4,ALDH6A1,0.0,0.0,0.0,0.0,0.0,0.0,0.0
repeat_1_fold_4,ALDH7A1,0.0,0.0,0.0,0.0,0.0,0.0,0.0
repeat_1_fold_4,ALDH8A1,0.0,0.0,0.0,0.0,0.0,0.0,0.0
repeat_1_fold_4,ALDH9A1,-0.18435630902089883,0.21668068780846333,0.10834034390423167,-0.2926966529251305,0.0,0.000601443464314344,0.5
repeat_1_fold_4,ALDOA,0.0,0.0,0.0,0.0,0.0,0.0,0.0
repeat_1_fold_4,ALDOB,0.0,0.0,0.0,0.0,0.0,0.0,0.0
repeat_1_fold_4,ALDOC,0.0,0.0,0.0,0.0,0.0,0.0,0.0
repeat_1_fold_4,ALG12,0.0,0.0,0.0,0.0,0.0,0.0,0.0
repeat_1_fold_4,ALG13,0.0,0.0,0.0,0.0,0.0,0.0,0.0
repeat_1_fold_4,ALG3,0.0,0.0,0.0,0.0,0.0,0.0,0.0
repeat_1_fold_4,ALG5,0.0,0.0,0.0,0.0,0.0,0.0,0.0
repeat_1_fold_4,ALG6,0.0,0.0,0.0,0.0,0.0,0.0,0.0
repeat_1_fold_4,ALG8,0.0,0.0,0.0,0.0,0.0,0.0,0.0
repeat_1_fold_4,ALG9,0.0,0.0,0.0,0.0,0.0,0.0,0.0
repeat_1_fold_4,ALK,0.0,0.0,0.0,0.0,0.0,0.0,0.0
repeat_1_fold_4,ALMS1,0.0,0.0,0.0,0.0,0.0,0.0,0.0
repeat_1_fold_4,ALOX12,0.0,0.0,0.0,0.0,0.0,0.0,0.0
repeat_1_fold_4,ALOX12B,0.0,0.0,0.0,0.0,0.0,0.0,0.0
repeat_1_fold_4,ALOX15,0.0,0.0,0.0,0.0,0.0,0.0,0.0
repeat_1_fold_4,ALOX15B,0.0,0.0,0.0,0.0,0.0,0.0,0.0
repeat_1_fold_4,ALOX5,0.0,0.0,0.0,0.0,0.0,0.0,0.0
repeat_1_fold_4,ALOX5AP,0.0,0.0,0.0,0.0,0.0,0.0,0.0
repeat_1_fold_4,ALOXE3,0.0,0.0,0.0,0.0,0.0,0.0,0.0
repeat_1_fold_4,ALPG,0.0,0.0,0.0,0.0,0.0,0.0,0.0
repeat_1_fold_4,ALPK1,0.0,0.0,0.0,0.0,0.0,0.0,0.0
repeat_1_fold_4,ALPL,0.0,0.0,0.0,0.0,0.0,0.0,0.0
repeat_1_fold_4,ALPP,0.0,0.0,0.0,0.0,0.0,0.0,0.0
repeat_1_fold_4,ALS2CL,0.0,0.0,0.0,0.0,0.0,0.0,0.0
repeat_1_fold_4,AMACR,0.0,0.0,0.0,0.0,0.0,0.0,0.0
repeat_1_fold_4,AMBN,0.0,0.0,0.0,0.0,0.0,0.0,0.0
repeat_1_fold_4,AMBP,0.0,0.0,0.0,0.0,0.0,0.0,0.0
repeat_1_fold_4,AMBRA1,0.0,0.0,0.0,0.0,0.0,0.0,0.0
repeat_1_fold_4,AMD1,0.0,0.0,0.0,0.0,0.0,0.0,0.0
repeat_1_fold_4,AMDHD2,0.0,0.0,0.0,0.0,0.0,0.0,0.0
repeat_1_fold_4,AMELX,0.0,0.0,0.0,0.0,0.0,0.0,0.0
repeat_1_fold_4,AMFR,0.0,0.0,0.0,0.0,0.0,0.0,0.0
repeat_1_fold_4,AMH,0.0,0.0,0.0,0.0,0.0,0.0,0.0
repeat_1_fold_4,AMHR2,0.0,0.0,0.0,0.0,0.0,0.0,0.0
repeat_1_fold_4,AMIGO2,0.0,0.0,0.0,0.0,0.0,0.0,0.0
repeat_1_fold_4,AMN,0.0,0.0,0.0,0.0,0.0,0.0,0.0
repeat_1_fold_4,AMOT,0.0,0.0,0.0,0.0,0.0,0.0,0.0
repeat_1_fold_4,AMOTL2,0.0,0.0,0.0,0.0,0.0,0.0,0.0
repeat_1_fold_4,AMPD1,0.0,0.0,0.0,0.0,0.0,0.0,0.0
repeat_1_fold_4,AMPD2,0.0,0.0,0.0,0.0,0.0,0.0,0.0
repeat_1_fold_4,AMPH,0.0,0.0,0.0,0.0,0.0,0.0,0.0
repeat_1_fold_4,AMT,0.0,0.0,0.0,0.0,0.0,0.0,0.0
repeat_1_fold_4,AMY1A,0.0,0.0,0.0,0.0,0.0,0.0,0.0
repeat_1_fold_4,ANAPC1,0.0,0.0,0.0,0.0,0.0,0.0,0.0
repeat_1_fold_4,ANAPC10,0.0,0.0,0.0,0.0,0.0,0.0,0.0
repeat_1_fold_4,ANAPC15,0.0,0.0,0.0,0.0,0.0,0.0,0.0
repeat_1_fold_4,ANAPC2,0.0,0.0,0.0,0.0,0.0,0.0,0.0
repeat_1_fold_4,ANAPC5,0.0,0.0,0.0,0.0,0.0,0.0,0.0
repeat_1_fold_4,ANG,0.0,0.0,0.0,0.0,0.0,0.0,0.0
repeat_1_fold_4,ANGPT1,0.0,0.0,0.0,0.0,0.0,0.0,0.0
repeat_1_fold_4,ANGPT2,0.0,0.0,0.0,0.0,0.0,0.0,0.0
repeat_1_fold_4,ANGPT4,0.0,0.0,0.0,0.0,0.0,0.0,0.0
repeat_1_fold_4,ANGPTL4,0.0,0.0,0.0,0.0,0.0,0.0,0.0
repeat_1_fold_4,ANGPTL8,0.0,0.0,0.0,0.0,0.0,0.0,0.0
repeat_1_fold_4,ANK1,0.0,0.0,0.0,0.0,0.0,0.0,0.0
repeat_1_fold_4,ANK3,0.0,0.0,0.0,0.0,0.0,0.0,0.0
repeat_1_fold_4,ANKH,0.0,0.0,0.0,0.0,0.0,0.0,0.0
repeat_1_fold_4,ANKLE2,0.0,0.0,0.0,0.0,0.0,0.0,0.0
repeat_1_fold_4,ANKRD1,0.0,0.0,0.0,0.0,0.0,0.0,0.0
repeat_1_fold_4,ANKRD26,0.0,0.0,0.0,0.0,0.0,0.0,0.0
repeat_1_fold_4,ANKRD27,0.0,0.0,0.0,0.0,0.0,0.0,0.0
repeat_1_fold_4,ANKRD28,0.0,0.0,0.0,0.0,0.0,0.0,0.0
repeat_1_fold_4,ANKZF1,0.0,0.0,0.0,0.0,0.0,0.0,0.0
repeat_1_fold_4,ANO1,0.0,0.0,0.0,0.0,0.0,0.0,0.0
repeat_1_fold_4,ANO10,0.0,0.0,0.0,0.0,0.0,0.0,0.0
repeat_1_fold_4,ANO2,0.0,0.0,0.0,0.0,0.0,0.0,0.0
repeat_1_fold_4,ANO3,0.0,0.0,0.0,0.0,0.0,0.0,0.0
repeat_1_fold_4,ANOS1,0.0,0.0,0.0,0.0,0.0,0.0,0.0
repeat_1_fold_4,ANP32A,0.0,0.0,0.0,0.0,0.0,0.0,0.0
repeat_1_fold_4,ANPEP,0.0,0.0,0.0,0.0,0.0,0.0,0.0
repeat_1_fold_4,ANXA1,0.0,0.0,0.0,0.0,0.0,0.0,0.0
repeat_1_fold_4,ANXA2,0.0,0.0,0.0,0.0,0.0,0.0,0.0
repeat_1_fold_4,ANXA3,0.0,0.0,0.0,0.0,0.0,0.0,0.0
repeat_1_fold_4,ANXA5,0.0,0.0,0.0,0.0,0.0,0.0,0.0
repeat_1_fold_4,ANXA6,0.0,0.0,0.0,0.0,0.0,0.0,0.0
repeat_1_fold_4,AOC1,0.0,0.0,0.0,0.0,0.0,0.0,0.0
repeat_1_fold_4,AOC2,0.0,0.0,0.0,0.0,0.0,0.0,0.0
repeat_1_fold_4,AOC3,0.0,0.0,0.0,0.0,0.0,0.000200481154771448,0.5
repeat_1_fold_4,AOX1,0.0,0.0,0.0,0.0,0.0,0.0,0.0
repeat_1_fold_4,AP1B1,0.0,0.0,0.0,0.0,0.0,0.0,0.0
repeat_1_fold_4,AP1G1,0.0,0.0,0.0,0.0,0.0,0.0,0.0
repeat_1_fold_4,AP1G2,0.0,0.0,0.0,0.0,0.0,0.0,0.0
repeat_1_fold_4,AP1M2,0.0,0.0,0.0,0.0,0.0,0.0,0.0
repeat_1_fold_4,AP1S1,0.0,0.0,0.0,0.0,0.0,0.0,0.0
repeat_1_fold_4,AP1S2,0.0,0.0,0.0,0.0,0.0,0.0,0.0
repeat_1_fold_4,AP2A2,0.0,0.0,0.0,0.0,0.0,0.0,0.0
repeat_1_fold_4,AP2B1,0.0,0.0,0.0,0.0,0.0,0.0,0.0
repeat_1_fold_4,AP2S1,0.0,0.0,0.0,0.0,0.0,0.0,0.0
repeat_1_fold_4,AP3B1,0.0,0.0,0.0,0.0,0.0,0.0,0.0
repeat_1_fold_4,AP3S1,0.0,0.0,0.0,0.0,0.0,0.0,0.0
repeat_1_fold_4,AP4E1,0.0,0.0,0.0,0.0,0.0,0.0,0.0
repeat_1_fold_4,AP4M1,0.0,0.0,0.0,0.0,0.0,0.0,0.0
repeat_1_fold_4,AP4S1,0.0,0.0,0.0,0.0,0.0,0.0,0.0
repeat_1_fold_4,APAF1,0.0,0.0,0.0,0.0,0.0,0.0,0.0
repeat_1_fold_4,APBA1,0.0,0.0,0.0,0.0,0.0,0.0,0.0
repeat_1_fold_4,APBA2,0.0,0.0,0.0,0.0,0.0,0.0,0.0
repeat_1_fold_4,APBA3,0.0,0.0,0.0,0.0,0.0,0.0,0.0
repeat_1_fold_4,APBB1,0.0,0.0,0.0,0.0,0.0,0.0,0.0
repeat_1_fold_4,APC,0.0,0.0,0.0,0.0,0.0,0.0,0.0
repeat_1_fold_4,APEH,0.0,0.0,0.0,0.0,0.0,0.0,0.0
repeat_1_fold_4,APEX1,0.0,0.0,0.0,0.0,0.0,0.0,0.0
repeat_1_fold_4,APH1A,0.0,0.0,0.0,0.0,0.0,0.0,0.0
repeat_1_fold_4,APIP,0.0,0.0,0.0,0.0,0.0,0.0,0.0
repeat_1_fold_4,APLNR,0.0,0.0,0.0,0.0,0.0,0.0,0.0
repeat_1_fold_4,APLP2,0.0,0.0,0.0,0.0,0.0,0.0,0.0
repeat_1_fold_4,APOA1,0.0,0.0,0.0,0.0,0.0,0.0,0.0
repeat_1_fold_4,APOA2,-0.340308149164235,1.8081972105838344,0.9040986052919172,-1.2444067544561523,0.25,0.0006459388629863894,1.0
repeat_1_fold_4,APOB,0.0,0.0,0.0,0.0,0.0,0.0,0.0
repeat_1_fold_4,APOBEC1,0.0,0.0,0.0,0.0,0.0,0.0,0.0
repeat_1_fold_4,APOBEC2,0.0,0.0,0.0,0.0,0.0,0.0,0.0
repeat_1_fold_4,APOBEC3A,0.0,0.0,0.0,0.0,0.0,0.0,0.0
repeat_1_fold_4,APOBEC3B,0.0,0.0,0.0,0.0,0.0,0.0,0.0
repeat_1_fold_4,APOBEC3C,0.0,0.0,0.0,0.0,0.0,0.0,0.0
repeat_1_fold_4,APOBEC3G,0.0,0.0,0.0,0.0,0.0,0.0,0.0
repeat_1_fold_4,APOBR,0.0,0.0,0.0,0.0,0.0,0.0,0.0
repeat_1_fold_4,APOC1,0.0,0.0,0.0,0.0,0.0,0.0,0.0
repeat_1_fold_4,APOC2,0.0,0.0,0.0,0.0,0.0,0.0,0.0
repeat_1_fold_4,APOC3,0.0,0.0,0.0,0.0,0.0,0.0,0.0
repeat_1_fold_4,APOC4,0.0,0.0,0.0,0.0,0.0,0.0,0.0
repeat_1_fold_4,APOD,0.0,0.0,0.0,0.0,0.0,0.0,0.0
repeat_1_fold_4,APOE,0.0,0.0,0.0,0.0,0.0,0.0,0.0
repeat_1_fold_4,APOF,0.0,0.0,0.0,0.0,0.0,0.0,0.0
repeat_1_fold_4,APOH,0.0,0.0,0.0,0.0,0.0,0.0,0.0
repeat_1_fold_4,APOL1,0.0,0.0,0.0,0.0,0.0,0.0,0.0
repeat_1_fold_4,APOM,0.0,0.0,0.0,0.0,0.0,0.0,0.0
repeat_1_fold_4,APOO,0.0,0.0,0.0,0.0,0.0,0.0,0.0
repeat_1_fold_4,APOOL,0.0,0.0,0.0,0.0,0.0,0.0,0.0
repeat_1_fold_4,APP,0.0,0.0,0.0,0.0,0.0,0.0,0.0
repeat_1_fold_4,APPL1,0.0,0.0,0.0,0.0,0.0,0.0,0.0
repeat_1_fold_4,APRT,0.0,0.0,0.0,0.0,0.0,0.0,0.0
repeat_1_fold_4,AQP1,0.0,0.0,0.0,0.0,0.0,0.0,0.0
repeat_1_fold_4,AQP2,0.0,0.0,0.0,0.0,0.0,0.0,0.0
repeat_1_fold_4,AQP3,0.0,0.0,0.0,0.0,0.0,0.0,0.0
repeat_1_fold_4,AQP4,0.0,0.0,0.0,0.0,0.0,0.0,0.0
repeat_1_fold_4,AQP5,0.0,0.0,0.0,0.0,0.0,0.0,0.0
repeat_1_fold_4,AQP6,0.0,0.0,0.0,0.0,0.0,0.0,0.0
repeat_1_fold_4,AQP7,0.0,0.0,0.0,0.0,0.0,0.0,0.0
repeat_1_fold_4,AQP8,0.0,0.0,0.0,0.0,0.0,0.0,0.0
repeat_1_fold_4,AQP9,0.0,0.0,0.0,0.0,0.0,0.0,0.0
repeat_1_fold_4,AR,0.0,0.0,0.0,0.0,0.0,0.0,0.0
repeat_1_fold_4,ARAF,0.0,0.0,0.0,0.0,0.0,0.0,0.0
repeat_1_fold_4,ARAP2,0.0,0.0,0.0,0.0,0.0,0.0,0.0
repeat_1_fold_4,ARAP3,0.0,0.0,0.0,0.0,0.0,0.0,0.0
repeat_1_fold_4,ARC,0.0,0.0,0.0,0.0,0.0,0.0,0.0
repeat_1_fold_4,ARCN1,0.0,0.0,0.0,0.0,0.0,0.0,0.0
repeat_1_fold_4,AREL1,0.0,0.0,0.0,0.0,0.0,0.0,0.0
repeat_1_fold_4,ARF1,0.0,0.0,0.0,0.0,0.0,0.0,0.0
repeat_1_fold_4,ARF3,0.0,0.0,0.0,0.0,0.0,0.0,0.0
repeat_1_fold_4,ARF4,0.0,0.0,0.0,0.0,0.0,0.0,0.0
repeat_1_fold_4,ARF5,0.0,0.0,0.0,0.0,0.0,0.0,0.0
repeat_1_fold_4,ARF6,0.0,0.0,0.0,0.0,0.0,0.0,0.0
repeat_1_fold_4,ARFGAP1,0.0,0.0,0.0,0.0,0.0,0.0,0.0
repeat_1_fold_4,ARG1,0.0,0.0,0.0,0.0,0.0,0.0,0.0
repeat_1_fold_4,ARHGAP32,-0.07204837192029245,0.09510192053572704,0.04755096026786352,-0.11959933218815597,0.0,-0.00041876046901173636,0.5
repeat_1_fold_4,ARHGAP45,0.0,0.0,0.0,0.0,0.0,0.0,0.0
repeat_1_fold_4,ARHGDIG,-0.09899031022080251,0.1193537565866975,0.05967687829334875,-0.15866718851415126,0.0,-0.00041876046901173636,0.5
repeat_1_fold_4,ARHGEF1,-0.012433144843663868,0.03529112077804272,0.01764556038902136,-0.03007870523268523,0.25,0.0012562814070351536,0.5
repeat_1_fold_4,ARHGEF2,0.04575449685733979,0.09150899371467958,0.04575449685733979,0.0,0.25,0.0008286218582890248,1.0
repeat_1_fold_4,ARL4C,0.0,0.0,0.0,0.0,0.0,0.0,0.0
repeat_1_fold_4,ARPC1A,0.0,0.0,0.0,0.0,0.0,0.0,0.0
repeat_1_fold_4,ARSA,0.26857423885202003,0.6968913871500277,0.34844569357501387,-0.07987145472299384,0.5,-0.00018268299530263543,1.0
repeat_1_fold_4,ARSL,0.0,0.0,0.0,0.0,0.0,0.0,0.0
repeat_1_fold_4,ASGR2,0.0,0.0,0.0,0.0,0.0,0.0,0.0
repeat_1_fold_4,ATP1A3,0.0,0.0,0.0,0.0,0.0,0.0,0.0
repeat_1_fold_4,ATP5PF,0.13538031825247643,0.41308036105198587,0.20654018052599293,-0.0711598622735165,0.25,0.0,0.5
repeat_1_fold_4,ATP6V0E1,-0.06310566988421229,0.06854956090607067,0.034274780453035336,-0.09738045033724763,0.0,-0.001648344636843685,1.0
repeat_1_fold_4,AURKA,0.0,0.0,0.0,0.0,0.0,0.0,0.0
repeat_1_fold_4,BACH1,0.0,0.0,0.0,0.0,0.0,0.0,0.0
repeat_1_fold_4,BAG3,-0.0508267032380072,0.06206095340964946,0.03103047670482473,-0.08185717994283193,0.0,0.0,0.5
repeat_1_fold_4,BAG6,0.18476316409802074,0.6000166536774187,0.30000832683870937,-0.11524516274068863,0.25,-0.0012028869286287158,0.5
repeat_1_fold_4,BANF1,0.0,0.0,0.0,0.0,0.0,0.0,0.0
repeat_1_fold_4,BAX,0.2876567409111317,0.38930470203645984,0.19465235101822992,0.09300438989290177,0.5,0.0014033680834001638,0.5
repeat_1_fold_4,BAZ2A,0.0,0.0,0.0,0.0,0.0,0.0,0.0
repeat_1_fold_4,BCL11A,0.0,0.0,0.0,0.0,0.0,0.0,0.0
repeat_1_fold_4,BCL2,0.0,0.0,0.0,0.0,0.0,0.0,0.0
repeat_1_fold_4,BHLHE41,0.0,0.0,0.0,0.0,0.0,0.0,0.0
repeat_1_fold_4,BICRAL,0.0,0.0,0.0,0.0,0.0,0.0,0.0
repeat_1_fold_4,BIRC5,0.0,0.0,0.0,0.0,0.0,0.0,0.0
repeat_1_fold_4,BMAL2,0.0,0.0,0.0,0.0,0.0,0.0,0.0
repeat_1_fold_4,BMI1,0.0,0.0,0.0,0.0,0.0,0.0,0.0
repeat_1_fold_4,BRD9,0.0,0.0,0.0,0.0,0.0,0.0,0.0
repeat_1_fold_4,BTN3A1,-0.04938284584554786,0.18733648857465865,0.09366824428732932,-0.1430510901328772,0.25,-0.000200481154771448,0.5
repeat_1_fold_4,BTN3A3,0.08881109872727144,0.22226771140338963,0.11113385570169482,-0.022322756974423374,0.75,0.001474560721275442,1.0
repeat_1_fold_4,BUB1,-0.07280940725840068,0.08407306176034945,0.04203653088017473,-0.11484593813857541,0.0,-0.0012028869286287158,0.5
repeat_1_fold_4,BUD31,0.0,0.0,0.0,0.0,0.0,0.0,0.0
repeat_1_fold_4,C1GALT1C1,0.0,0.0,0.0,0.0,0.0,0.0,0.0
repeat_1_fold_4,C1QA,0.0,0.0,0.0,0.0,0.0,0.0,0.0
repeat_1_fold_4,C5AR2,0.11891097531593786,0.38106181960265795,0.19053090980132897,-0.07161993448539111,0.25,-0.000801924619085792,0.5
repeat_1_fold_4,C8G,-0.01923559219970805,0.0384711843994161,0.01923559219970805,-0.0384711843994161,0.0,-0.002093802345058654,0.5
repeat_1_fold_4,CA2,0.0,0.0,0.0,0.0,0.0,0.0,0.0
repeat_1_fold_4,CA4,0.06973873097019734,0.5112754424063953,0.25563772120319767,-0.18589899023300033,0.5,0.0029135251236132587,1.0
repeat_1_fold_4,CACNA1C,0.0,0.0,0.0,0.0,0.0,0.0,0.0
repeat_1_fold_4,CAMK2A,0.0,0.0,0.0,0.0,0.0,0.0,0.0
repeat_1_fold_4,CANX,0.0,0.0,0.0,0.0,0.0,0.0,0.0
repeat_1_fold_4,CAPN7,0.14872971354940567,0.48628193100483036,0.24314096550241518,-0.0944112519530095,0.25,-0.0010024057738572678,0.5
repeat_1_fold_4,CASP5,0.0,0.0,0.0,0.0,0.0,0.0,0.0
repeat_1_fold_4,CASP8,0.08042369171015196,0.09599591606820052,0.04799795803410026,0.0324257336760517,0.5,-0.0008375209380234727,0.5
repeat_1_fold_4,CATSPER2,0.0,0.0,0.0,0.0,0.0,0.0,0.0
repeat_1_fold_4,CCK,0.45914766351935477,0.5109004492490495,0.25545022462452477,0.20369743889483,0.75,0.0022675862606268415,1.0
repeat_1_fold_4,CCNA2,0.06233659603281794,0.26015797228025733,0.13007898614012867,-0.06774239010731073,0.25,0.0004187604690117086,0.5
repeat_1_fold_4,CCND1,0.0,0.0,0.0,0.0,0.0,0.0,0.0
repeat_1_fold_4,CCNT1,0.0,0.0,0.0,0.0,0.0,0.0,0.0
repeat_1_fold_4,CCR2,-0.11680786279944932,0.1518373055898323,0.07591865279491615,-0.1927265155943655,0.0,0.0012562814070351813,0.5
repeat_1_fold_4,CCR7,0.0,0.0,0.0,0.0,0.0,0.0,0.0
repeat_1_fold_4,CD1C,0.0,0.0,0.0,0.0,0.0,0.0,0.0
repeat_1_fold_4,CD209,0.0,0.0,0.0,0.0,0.0,0.0,0.0
repeat_1_fold_4,CD226,0.0,0.0,0.0,0.0,0.0,0.0,0.0
repeat_1_fold_4,CD244,0.0,0.0,0.0,0.0,0.0,0.0,0.0
repeat_1_fold_4,CD2BP2,-0.019742268279303588,0.039484536558607175,0.019742268279303588,-0.039484536558607175,0.0,-0.00041876046901173636,0.5
repeat_1_fold_4,CD34,0.0,0.0,0.0,0.0,0.0,0.0,0.0
repeat_1_fold_4,CD52,0.0,0.0,0.0,0.0,0.0,0.0,0.0
repeat_1_fold_4,CD70,0.0,0.0,0.0,0.0,0.0,0.0,0.0
repeat_1_fold_4,CD79A,0.0,0.0,0.0,0.0,0.0,0.0,0.0
repeat_1_fold_4,CD79B,0.0,0.0,0.0,0.0,0.0,0.0,0.0
repeat_1_fold_4,CDC25C,0.05989330548631244,0.06915883209035796,0.03457941604517898,0.025313889441133462,0.5,-0.000200481154771448,0.5
repeat_1_fold_4,CDC6,0.2850910242954132,0.3294839432731928,0.1647419716365964,0.12034905265881682,0.5,0.0,0.5
repeat_1_fold_4,CDKAL1,0.0,0.0,0.0,0.0,0.0,0.0,0.0
repeat_1_fold_4,CDO1,0.0,0.0,0.0,0.0,0.0,0.0,0.0
repeat_1_fold_4,CENPS,0.0,0.0,0.0,0.0,0.0,0.0,0.0
repeat_1_fold_4,CEP192,0.0,0.0,0.0,0.0,0.0,0.0,0.0
repeat_1_fold_4,CETP,0.0,0.0,0.0,0.0,0.0,0.0,0.0
repeat_1_fold_4,CGA,0.3923792871210754,0.5967027737749809,0.29835138688749047,0.09402790023358493,0.5,0.0,0.5
repeat_1_fold_4,CH25H,-0.020339291496098255,0.2270928407446072,0.1135464203723036,-0.13388571186840187,0.25,-0.000200481154771448,0.5
repeat_1_fold_4,CHKB,0.0,0.0,0.0,0.0,0.0,0.0,0.0
repeat_1_fold_4,CHM,0.0,0.0,0.0,0.0,0.0,0.0,0.0
repeat_1_fold_4,CHRNB4,0.0,0.0,0.0,0.0,0.0,0.0,0.0
repeat_1_fold_4,CHST10,0.5046981172060594,0.5836662331903575,0.29183311659517874,0.21286500061088065,0.5,0.003559463986599648,0.5
repeat_1_fold_4,CIDEA,0.0,0.0,0.0,0.0,0.0,0.0,0.0
repeat_1_fold_4,CKS1B,0.0,0.0,0.0,0.0,0.0,0.0,0.0
repeat_1_fold_4,CLEC4M,0.0,0.0,0.0,0.0,0.0,0.0,0.0
repeat_1_fold_4,CLINT1,0.5281853253734496,0.6098958795727425,0.30494793978637125,0.2232373855870784,0.5,-0.000801924619085792,0.5
repeat_1_fold_4,CLNS1A,0.0,0.0,0.0,0.0,0.0,0.0,0.0
repeat_1_fold_4,CMTM6,0.0,0.0,0.0,0.0,0.0,0.0004187604690117086,0.5
repeat_1_fold_4,CNOT1,0.0,0.0,0.0,0.0,0.0,0.0,0.0
repeat_1_fold_4,CNTN2,0.0,0.0,0.0,0.0,0.0,0.0,0.0
repeat_1_fold_4,COL17A1,0.0,0.0,0.0,0.0,0.0,0.0,0.0
repeat_1_fold_4,COPZ2,-0.012027571952883065,0.45105933432572004,0.22552966716286002,-0.23755723911574309,0.25,-0.000601443464314344,0.5
repeat_1_fold_4,COQ8A,0.0,0.0,0.0,0.0,0.0,0.0,0.0
repeat_1_fold_4,CORO1A,0.0,0.0,0.0,0.0,0.0,0.00020938023450586818,0.5
repeat_1_fold_4,CORT,0.06743732736500974,0.10514882774991943,0.052574413874959716,0.01486291349005002,0.5,0.0,0.5
repeat_1_fold_4,CPA2,0.0,0.0,0.0,0.0,0.0,0.0,0.0
repeat_1_fold_4,CPE,0.0,0.0,0.0,0.0,0.0,0.0,0.0
repeat_1_fold_4,CPOX,0.27363967682686763,0.6160995672684895,0.30804978363424473,-0.034410106807377105,0.5,-0.0006103425440487642,1.0
repeat_1_fold_4,CPT1A,0.5230402619237893,0.603959199819857,0.3019795999099285,0.22106066201386076,0.5,-0.00020938023450586818,0.5
repeat_1_fold_4,CPT1B,0.0,0.0,0.0,0.0,0.0,0.0,0.0
repeat_1_fold_4,CREG1,0.0,0.0,0.0,0.0,0.0,0.0,0.0
repeat_1_fold_4,CRISP3,0.0,0.0,0.0,0.0,0.0,0.0,0.0
repeat_1_fold_4,CRK,0.0,0.0,0.0,0.0,0.0,0.0,0.0
repeat_1_fold_4,CSAD,0.07729938680487258,0.15459877360974517,0.07729938680487258,0.0,0.25,0.002512562814070335,0.5
repeat_1_fold_4,CSPG4,0.0,0.0,0.0,0.0,0.0,0.0,0.0
repeat_1_fold_4,CTDNEP1,0.0,0.0,0.0,0.0,0.0,0.0,0.0
repeat_1_fold_4,CTDSP2,0.0,0.0,0.0,0.0,0.0,0.0,0.0
repeat_1_fold_4,CTSW,0.23778051351132845,0.4755610270226569,0.23778051351132845,0.0,0.25,0.0020938023450586263,0.5
repeat_1_fold_4,CUL5,0.0,0.0,0.0,0.0,0.0,0.0,0.0
repeat_1_fold_4,CUX1,-0.01923559219970805,0.0384711843994161,0.01923559219970805,-0.0384711843994161,0.0,0.00020938023450586818,0.5
repeat_1_fold_4,CYP27B1,0.0,0.0,0.0,0.0,0.0,0.0,0.0
repeat_1_fold_4,CYP2A13,0.0,0.0,0.0,0.0,0.0,0.0,0.0
repeat_1_fold_4,CYP2B6,0.0,0.0,0.0,0.0,0.0,0.0,0.0
repeat_1_fold_4,DCAF11,0.0,0.0,0.0,0.0,0.0,0.0,0.0
repeat_1_fold_4,DCAF16,-0.038827259305760364,0.19195063268019388,0.09597531634009694,-0.1348025756458573,0.25,-0.0014033680834001638,0.5
repeat_1_fold_4,DCLRE1C,0.0,0.0,0.0,0.0,0.0,-0.000400962309542896,0.5
repeat_1_fold_4,DDIT4,0.07729938680487258,0.15459877360974517,0.07729938680487258,0.0,0.25,0.0006281407035175768,0.5
repeat_1_fold_4,DDX6,0.0,0.0,0.0,0.0,0.0,0.0,0.0
repeat_1_fold_4,DEFA1,-0.05724723693902156,0.07160727567767985,0.03580363783883993,-0.09305087477786149,0.0,0.0006281407035175768,0.5
repeat_1_fold_4,DENND1A,0.0,0.0,0.0,0.0,0.0,0.0,0.0
repeat_1_fold_4,DFFB,0.0,0.0,0.0,0.0,0.0,0.0,0.0
repeat_1_fold_4,DGKH,-0.014503873206898277,0.029007746413796553,0.014503873206898277,-0.029007746413796553,0.0,0.000400962309542896,0.5
repeat_1_fold_4,DGKI,-0.08903214920806235,0.4716954544813159,0.23584772724065795,-0.3248798764487203,0.25,0.0042101042502004915,0.5
repeat_1_fold_4,DGKQ,0.0,0.0,0.0,0.0,0.0,0.0,0.0
repeat_1_fold_4,DGUOK,0.0,0.0,0.0,0.0,0.0,0.0,0.0
repeat_1_fold_4,DIAPH2,0.0,0.0,0.0,0.0,0.0,0.0,0.0
repeat_1_fold_4,DIMT1,0.0,0.0,0.0,0.0,0.0,0.0,0.0
repeat_1_fold_4,DNAJC8,0.0,0.0,0.0,0.0,0.0,0.0,0.0
repeat_1_fold_4,DOCK2,0.0,0.0,0.0,0.0,0.0,0.0,0.0
repeat_1_fold_4,DOCK9,-0.11482081245193321,0.15054956057181854,0.07527478028590927,-0.1900955927378425,0.0,0.0008375209380234172,0.5
repeat_1_fold_4,DPF3,0.0,0.0,0.0,0.0,0.0,0.0,0.0
repeat_1_fold_4,DPM3,0.0,0.0,0.0,0.0,0.0,0.0,0.0
repeat_1_fold_4,DSC3,0.0,0.0,0.0,0.0,0.0,0.0,0.0
repeat_1_fold_4,DTNA,-0.15589011851069934,0.3117802370213987,0.15589011851069934,-0.3117802370213987,0.0,0.000801924619085792,0.5
repeat_1_fold_4,DTNB,0.0,0.0,0.0,0.0,0.0,0.0,0.0
repeat_1_fold_4,DUOX2,0.08247817936963031,0.4783247565709194,0.2391623782854597,-0.15668419891582938,0.25,-0.000400962309542896,0.5
repeat_1_fold_4,DYNC1H1,-0.3262841102283023,0.3775041637977499,0.18875208189887496,-0.5150361921271772,0.0,-0.000200481154771448,0.5
repeat_1_fold_4,DYNC1LI1,0.0072833124579201325,0.07518860379690243,0.03759430189845121,-0.03031098944053108,0.25,-0.000837520938023445,0.5
repeat_1_fold_4,DYNC2LI1,0.0,0.0,0.0,0.0,0.0,0.0,0.0
repeat_1_fold_4,ECT2,0.0,0.0,0.0,0.0,0.0,0.0,0.0
repeat_1_fold_4,EDEM1,0.5407320740493446,0.7588421398206036,0.3794210699103018,0.16131100413904287,0.5,-0.000801924619085792,0.5
repeat_1_fold_4,EEF1AKMT2,0.0,0.0,0.0,0.0,0.0,0.0,0.0
repeat_1_fold_4,EFNA3,0.0,0.0,0.0,0.0,0.0,0.0,0.0
repeat_1_fold_4,EIF2AK2,0.21421313863949898,0.27922179346284737,0.13961089673142368,0.0746022419080753,0.5,0.000601443464314344,0.5
repeat_1_fold_4,EIF2S1,0.0,0.0,0.0,0.0,0.0,0.0004187604690117086,0.5
repeat_1_fold_4,ELF2,0.13763154191012106,0.18502195111704878,0.09251097555852439,0.04512056635159667,0.5,0.0025125628140703626,0.5
repeat_1_fold_4,ELOVL1,0.0,0.0,0.0,0.0,0.0,0.0,0.0
repeat_1_fold_4,ENO1,0.23778051351132845,0.4755610270226569,0.23778051351132845,0.0,0.25,0.00041876046901173636,0.5
repeat_1_fold_4,ENOPH1,0.0,0.0,0.0,0.0,0.0,0.0,0.0
repeat_1_fold_4,ERF,0.0,0.0,0.0,0.0,0.0,0.0,0.0
repeat_1_fold_4,ERN1,-0.059837237011819866,0.12014216224032599,0.060071081120162996,-0.11990831813198286,0.25,0.0006281407035175768,0.5
repeat_1_fold_4,ESYT1,0.0,0.0,0.0,0.0,0.0,0.0,0.0
repeat_1_fold_4,ETHE1,0.0,0.0,0.0,0.0,0.0,0.0,0.0
repeat_1_fold_4,EXOC5,0.0,0.0,0.0,0.0,0.0,0.0,0.0
repeat_1_fold_4,F8,0.0,0.0,0.0,0.0,0.0,0.0,0.0
repeat_1_fold_4,FAM114A2,0.0988181171503193,0.11410533307509764,0.05705266653754882,0.041765450612770476,0.5,-0.0006281407035176045,0.5
repeat_1_fold_4,FANCI,0.0,0.0,0.0,0.0,0.0,0.0,0.0
repeat_1_fold_4,FBXO21,0.0,0.0,0.0,0.0,0.0,0.0,0.0
repeat_1_fold_4,FCER1A,0.0,0.0,0.0,0.0,0.0,0.0,0.0
repeat_1_fold_4,FDX1,0.0,0.0,0.0,0.0,0.0,0.0,0.0
repeat_1_fold_4,FGF9,0.2815074706439713,0.3885336041534451,0.19426680207672256,0.08724066856724874,0.5,0.0032076984763432237,0.5
repeat_1_fold_4,FGFR3,0.0,0.0,0.0,0.0,0.0,0.0,0.0
repeat_1_fold_4,FKBP1A,-0.04272551267870206,0.13552790529124967,0.06776395264562483,-0.1104894653243269,0.25,0.000837520938023445,0.5
repeat_1_fold_4,FN1,0.0,0.0,0.0,0.0,0.0,0.0,0.0
repeat_1_fold_4,FSHB,0.0,0.0,0.0,0.0,0.0,0.0,0.0
repeat_1_fold_4,FUCA1,0.0,0.0,0.0,0.0,0.0,0.0,0.0
repeat_1_fold_4,G3BP1,0.0,0.0,0.0,0.0,0.0,-0.0008375209380234727,0.5
repeat_1_fold_4,GABRR1,0.0,0.0,0.0,0.0,0.0,0.0,0.0
repeat_1_fold_4,GALK1,0.0,0.0,0.0,0.0,0.0,0.0,0.0
repeat_1_fold_4,GALNT1,0.0,0.0,0.0,0.0,0.0,0.0,0.0
repeat_1_fold_4,GALNT2,-0.05632190551874672,0.07349094411393858,0.03674547205696929,-0.09306737757571601,0.0,0.002512562814070335,0.5
repeat_1_fold_4,GALR3,0.0,0.0,0.0,0.0,0.0,0.0,0.0
repeat_1_fold_4,GARRE1,0.0,0.0,0.0,0.0,0.0,0.0,0.0
repeat_1_fold_4,GARS1,0.0,0.0,0.0,0.0,0.0,0.0,0.0
repeat_1_fold_4,GAST,0.0,0.0,0.0,0.0,0.0,0.0,0.0
repeat_1_fold_4,GATAD2A,0.0,0.0,0.0,0.0,0.0,0.0,0.0
repeat_1_fold_4,GBX2,0.0,0.0,0.0,0.0,0.0,0.0,0.0
repeat_1_fold_4,GCH1,-1.222726690024885,1.4124642662847566,0.7062321331423783,-1.9289588231672634,0.0,-0.0008019246190858198,0.5
repeat_1_fold_4,GCHFR,0.0,0.0,0.0,0.0,0.0,0.0,0.0
repeat_1_fold_4,GCNT1,0.0,0.0,0.0,0.0,0.0,0.0,0.0
repeat_1_fold_4,GEM,-0.035160941231533016,0.07032188246306603,0.035160941231533016,-0.07032188246306603,0.0,0.0,0.5
repeat_1_fold_4,GEMIN8,-0.12026073150146033,0.1432327570269918,0.0716163785134959,-0.19187711001495622,0.0,0.0012206850880975284,1.0
repeat_1_fold_4,GFER,0.3770035437031485,0.7870039172089979,0.39350195860449894,-0.016498414901350456,0.5,0.0006548379427208373,1.0
repeat_1_fold_4,GFPT1,0.0,0.0,0.0,0.0,0.0,0.0,0.0
repeat_1_fold_4,GGA2,0.0,0.0,0.0,0.0,0.0,0.0,0.0
repeat_1_fold_4,GGH,0.0,0.0,0.0,0.0,0.0,0.0,0.0
repeat_1_fold_4,GGPS1,-0.11424667266027555,0.15327855382986602,0.07663927691493301,-0.19088594957520855,0.25,-0.0024413701761951123,1.0
repeat_1_fold_4,GHR,0.0,0.0,0.0,0.0,0.0,0.0,0.0
repeat_1_fold_4,GID8,0.0,0.0,0.0,0.0,0.0,0.0,0.0
repeat_1_fold_4,GINS3,0.0,0.0,0.0,0.0,0.0,0.0,0.0
repeat_1_fold_4,GINS4,0.0,0.0,0.0,0.0,0.0,0.0,0.0
repeat_1_fold_4,GJA5,-0.1874082911951227,0.21640045473974373,0.10820022736987187,-0.2956085185649946,0.0,0.0031407035175879394,0.5
repeat_1_fold_4,GLTP,-0.007034722721144249,0.011520073634649389,0.0057600368173246945,-0.012794759538468942,0.0,-0.001884422110552758,0.5
repeat_1_fold_4,GLUD2,0.0,0.0,0.0,0.0,0.0,0.0,0.0
repeat_1_fold_4,GMDS,0.0,0.0,0.0,0.0,0.0,0.0,0.0
repeat_1_fold_4,GMPPB,0.07546672123247333,0.08714146363685385,0.043570731818426925,0.03189598941404641,0.5,-0.00100240577385724,0.5
repeat_1_fold_4,GNB1,0.0,0.0,0.0,0.0,0.0,0.0,0.0
repeat_1_fold_4,GNG13,0.0,0.0,0.0,0.0,0.0,0.0,0.0
repeat_1_fold_4,GNRHR,0.15515957812083947,0.43585736913174405,0.21792868456587203,-0.06276910644503256,0.5,-0.002022609707183376,1.0
repeat_1_fold_4,GP2,0.0,0.0,0.0,0.0,0.0,0.0,0.0
repeat_1_fold_4,GPD2,0.0,0.0,0.0,0.0,0.0,0.0,0.0
repeat_1_fold_4,GPR25,0.0,0.0,0.0,0.0,0.0,0.0,0.0
repeat_1_fold_4,GPR65,0.0,0.0,0.0,0.0,0.0,0.0,0.0
repeat_1_fold_4,GRIA1,0.0,0.0,0.0,0.0,0.0,0.0,0.0
repeat_1_fold_4,GRK3,0.1383197056813099,0.2766394113626198,0.1383197056813099,0.0,0.25,0.0014033680834001638,0.5
repeat_1_fold_4,GRK4,0.0,0.0,0.0,0.0,0.0,0.0,0.0
repeat_1_fold_4,GRPR,-0.03557277051043606,0.07114554102087212,0.03557277051043606,-0.07114554102087212,0.0,-0.0010469011725293131,0.5
repeat_1_fold_4,GSTT2,0.032817663453760915,0.09065153525696851,0.045325767628484254,-0.012508104174723339,0.25,0.0028601306452067654,1.0
repeat_1_fold_4,GTF2H3,0.0,0.0,0.0,0.0,0.0,0.0,0.0
repeat_1_fold_4,GTF3A,0.0,0.0,0.0,0.0,0.0,0.0,0.0
repeat_1_fold_4,GUCY2C,0.39752405847907113,0.6837186770225537,0.34185933851127687,0.05566471996779426,0.5,0.0021027014247930464,1.0
repeat_1_fold_4,GYPA,0.0,0.0,0.0,0.0,0.0,0.0,0.0
repeat_1_fold_4,GYS1,0.0,0.0,0.0,0.0,0.0,0.0,0.0
repeat_1_fold_4,GZMH,0.0,0.0,0.0,0.0,0.0,-0.0008375209380234727,0.5
repeat_1_fold_4,H1-1,0.0,0.0,0.0,0.0,0.0,0.0,0.0
repeat_1_fold_4,H2AX,0.0,0.0,0.0,0.0,0.0,0.0,0.0
repeat_1_fold_4,H2BC10,0.36989533129143837,0.43793021655912434,0.21896510827956217,0.1509302230118762,0.5,0.00167504187604689,0.5
repeat_1_fold_4,H2BC17,0.0,0.0,0.0,0.0,0.0,0.0,0.0
repeat_1_fold_4,H2BC3,0.07423128558358805,0.7224237993448537,0.36121189967242684,-0.2869806140888388,0.75,0.0034259777905834843,1.0
repeat_1_fold_4,H3C11,0.0,0.0,0.0,0.0,0.0,0.0,0.0
repeat_1_fold_4,H3C8,0.3102776362357549,0.5982299456096962,0.2991149728048481,0.011162663430906772,0.5,0.001403368083400136,0.5
repeat_1_fold_4,H4C5,-1.3437438537152868,0.9339240024360633,0.46696200121803166,-1.8107058549333184,0.0,0.009489105511519075,1.0
repeat_1_fold_4,HAO1,0.0,0.0,0.0,0.0,0.0,0.0,0.0
repeat_1_fold_4,HARS2,0.0,0.0,0.0,0.0,0.0,0.0,0.0
repeat_1_fold_4,HAS1,0.6834082569203463,0.8208219681810281,0.4104109840905141,0.27299727282983227,0.5,0.00100240577385724,0.5
repeat_1_fold_4,HERPUD1,0.0,0.0,0.0,0.0,0.0,0.0,0.0
repeat_1_fold_4,HIPK1,-0.1521389058471012,0.2182737894328204,0.1091368947164102,-0.2612758005635114,0.0,-0.0018043303929430599,0.5
repeat_1_fold_4,HLA-DPA1,-0.5092123010099989,0.8923052496586176,0.4461526248293088,-0.9553649258393078,0.0,0.0018043303929430599,0.5
repeat_1_fold_4,HLA-DPB1,0.0,0.0,0.0,0.0,0.0,0.0,0.0
repeat_1_fold_4,HOXA11,0.0,0.0,0.0,0.0,0.0,0.0,0.0
repeat_1_fold_4,HOXB1,0.0,0.0,0.0,0.0,0.0,0.0,0.0
repeat_1_fold_4,HOXD1,-0.6081806768945501,1.1144783275997119,0.5572391637998559,-1.165419840694406,0.0,0.000400962309542896,0.5
repeat_1_fold_4,HOXD11,0.0,0.0,0.0,0.0,0.0,0.0,0.5
repeat_1_fold_4,HRG,0.0,0.0,0.0,0.0,0.0,0.0,0.0
repeat_1_fold_4,HS3ST3A1,-0.08248302715348288,0.11283806003492289,0.056419030017461444,-0.13890205717094434,0.0,0.00020938023450586818,0.5
repeat_1_fold_4,HS3ST3B1,0.1383197056813099,0.2766394113626198,0.1383197056813099,0.0,0.25,-0.00100240577385724,0.5
repeat_1_fold_4,HSD17B14,0.0,0.0,0.0,0.0,0.0,0.0,0.0
repeat_1_fold_4,HSD17B6,0.0,0.0,0.0,0.0,0.0,0.0,0.0
repeat_1_fold_4,HSPB1,0.34096312493169023,0.5287255226145589,0.2643627613072794,0.0766003636244108,0.5,-0.0029313232830820712,0.5
repeat_1_fold_4,HTR1B,0.0,0.0,0.0,0.0,0.0,0.000200481154771448,0.5
repeat_1_fold_4,HTR3B,0.0,0.0,0.0,0.0,0.0,0.0,0.0
repeat_1_fold_4,ICAM2,0.0,0.0,0.0,0.0,0.0,0.0,0.0
repeat_1_fold_4,ID3,0.0,0.0,0.0,0.0,0.0,0.0,0.0
repeat_1_fold_4,IDH3A,-0.12002489948357109,0.1385928160525951,0.06929640802629755,-0.18932130750986864,0.0,0.00020938023450586818,0.5
repeat_1_fold_4,IFIT3,0.0,0.0,0.0,0.0,0.0,0.0,0.0
repeat_1_fold_4,IFNAR1,0.15367557255265574,1.513943698470961,0.7569718492354806,-0.6032962766828248,0.25,0.0033992805513802515,1.0
repeat_1_fold_4,IFT25,0.0,0.0,0.0,0.0,0.0,0.0,0.0
repeat_1_fold_4,IGFBP3,0.0,0.0,0.0,0.0,0.0,0.0,0.0
repeat_1_fold_4,IGLC2,0.0,0.0,0.0,0.0,0.0,0.0,0.0
repeat_1_fold_4,IL17A,0.7684200331068727,0.8892843206178975,0.44464216030894876,0.3237778727979239,0.5,-0.000400962309542896,0.5
repeat_1_fold_4,IL18,0.0,0.0,0.0,0.0,0.0,0.0,0.0
repeat_1_fold_4,IL1R2,0.0,0.0,0.0,0.0,0.0,0.0,0.0
repeat_1_fold_4,IL1RAP,0.03149654397289048,0.10453082818165972,0.05226541409082986,-0.020768870117939382,0.25,0.0004187604690117086,0.5
repeat_1_fold_4,IL6,0.02994665274315622,0.05989330548631244,0.02994665274315622,0.0,0.25,0.0010024057738572678,0.5
repeat_1_fold_4,INHA,0.0,0.0,0.0,0.0,0.0,0.0,0.0
repeat_1_fold_4,INPP5F,-0.43705430443773885,0.8644951728908497,0.4322475864454248,-0.8693018908831637,0.25,0.0038625364190640055,1.0
repeat_1_fold_4,INTS14,0.0,0.0,0.0,0.0,0.0,0.0,0.0
repeat_1_fold_4,ITGA2B,0.0819967977569167,0.15172593115156935,0.07586296557578467,0.006133832181132032,0.5,-0.0012562814070351813,0.5
repeat_1_fold_4,ITGAM,-0.24773230994638595,0.6833046344658879,0.3416523172329439,-0.5893846271793299,0.25,0.007747068676716901,0.5
repeat_1_fold_4,JUN,-0.19373504381956685,0.23203700914741782,0.11601850457370891,-0.30975354839327573,0.0,0.000801924619085792,0.5
repeat_1_fold_4,KANK1,0.0,0.0,0.0,0.0,0.0,0.0,0.0
repeat_1_fold_4,KCNA3,0.0,0.0,0.0,0.0,0.0,0.0,0.0
repeat_1_fold_4,KCNC2,0.0,0.0,0.0,0.0,0.0,0.0,0.0
repeat_1_fold_4,KCND1,0.0,0.0,0.0,0.0,0.0,0.0,0.0
repeat_1_fold_4,KCNH2,0.4052391445595944,0.467929858395311,0.2339649291976555,0.17127421536193893,0.5,0.0,0.5
repeat_1_fold_4,KCNJ15,0.0,0.0,0.0,0.0,0.0,0.0,0.0
repeat_1_fold_4,KCNJ16,0.0,0.0,0.0,0.0,0.0,0.0,0.0
repeat_1_fold_4,KDSR,0.0,0.0,0.0,0.0,0.0,0.0,0.0
repeat_1_fold_4,KIF13A,-0.16854479614897677,0.2662228653977917,0.13311143269889586,-0.30165622884787263,0.25,-0.002049306946386581,1.0
repeat_1_fold_4,KIF13B,0.0,0.0,0.0,0.0,0.0,0.0,0.0
repeat_1_fold_4,KIF16B,0.017286937063083485,0.03457387412616697,0.017286937063083485,0.0,0.25,0.000837520938023445,0.5
repeat_1_fold_4,KIF3A,-0.1339886647570605,0.1677439264233389,0.08387196321166945,-0.21786062796872996,0.0,-0.00041876046901173636,0.5
repeat_1_fold_4,KIR2DL4,0.6665050310547596,0.8020753400862327,0.40103767004311636,0.2654673610116432,0.5,-0.000801924619085792,0.5
repeat_1_fold_4,KIR2DS4,0.5281853253734496,0.6098958795727425,0.30494793978637125,0.2232373855870784,0.5,-0.000200481154771448,0.5
repeat_1_fold_4,KL,0.0,0.0,0.0,0.0,0.0,0.0,0.0
repeat_1_fold_4,KLHL2,0.27660871591678315,0.4131517328683368,0.2065758664341684,0.07003284948261476,0.5,0.00020938023450586818,0.5
repeat_1_fold_4,KLHL21,-0.12002489948357109,0.1385928160525951,0.06929640802629755,-0.18932130750986864,0.0,-0.00020938023450586818,0.5
repeat_1_fold_4,KMT2D,0.0,0.0,0.0,0.0,0.0,0.0,0.0
repeat_1_fold_4,KRT1,-0.07730142865499623,0.13090671310470994,0.06545335655235497,-0.1427547852073512,0.0,-0.0020048115477145356,0.5
repeat_1_fold_4,KRT2,0.0,0.0,0.0,0.0,0.0,0.0,0.0
repeat_1_fold_4,KRT76,0.0,0.0,0.0,0.0,0.0,0.0,0.0
repeat_1_fold_4,KRTAP1-1,0.0,0.0,0.0,0.0,0.0,0.0,0.0
repeat_1_fold_4,KYNU,0.0,0.0,0.0,0.0,0.0,0.0,0.0
repeat_1_fold_4,LAMA3,0.0,0.0,0.0,0.0,0.0,0.0,0.0
repeat_1_fold_4,LARS1,0.0,0.0,0.0,0.0,0.0,0.0,0.0
repeat_1_fold_4,LDLRAP1,0.8066021867776456,0.6774455953648462,0.3387227976824231,0.46787938909522253,1.0,0.002721943048576203,1.0
repeat_1_fold_4,LHX3,0.2630042040284035,0.44039516287696473,0.22019758143848236,0.042806622589921156,0.5,-0.0018043303929430876,0.5
repeat_1_fold_4,LILRA3,0.0,0.0,0.0,0.0,0.0,0.0,0.0
repeat_1_fold_4,LIPA,0.0,0.0,0.0,0.0,0.0,0.0,0.0
repeat_1_fold_4,LIPF,0.0,0.0,0.0,0.0,0.0,0.0,0.0
repeat_1_fold_4,LMAN1,-0.3033801590896257,0.3622151474991244,0.1811075737495622,-0.4844877328391879,0.0,0.0022052927024859836,0.5
repeat_1_fold_4,LMAN2L,0.0,0.0,0.0,0.0,0.0,0.0,0.0
repeat_1_fold_4,LPCAT1,0.0,0.0,0.0,0.0,0.0,0.0,0.0
repeat_1_fold_4,LRPPRC,0.0,0.0,0.0,0.0,0.0,0.0,0.0
repeat_1_fold_4,LTF,-0.006958697975704808,0.00803521229896495,0.004017606149482475,-0.010976304125187283,0.0,0.0010469011725292854,0.5
repeat_1_fold_4,LYZ,0.0,0.0,0.0,0.0,0.0,0.0,0.0
repeat_1_fold_4,MAGI2,-0.12399155315096166,0.08936644571339611,0.044683222856698054,-0.16867477600765973,0.0,-0.0008464200177578929,1.0
repeat_1_fold_4,MAGT1,0.0,0.0,0.0,0.0,0.0,0.0,0.0
repeat_1_fold_4,MAML3,0.0,0.0,0.0,0.0,0.0,0.0,0.0
repeat_1_fold_4,MAN1C1,2.7462737019590122e-05,0.13589726789889234,0.06794863394944617,-0.06792117121242658,0.25,0.000601443464314344,0.5
repeat_1_fold_4,MAN2C1,0.05989330548631244,0.06915883209035796,0.03457941604517898,0.025313889441133462,0.5,0.0010024057738572678,0.5
repeat_1_fold_4,MAP2K7,0.0,0.0,0.0,0.0,0.0,0.00020938023450586818,0.5
repeat_1_fold_4,MAP3K3,0.0,0.0,0.0,0.0,0.0,0.0,0.0
repeat_1_fold_4,MAPK1,-0.07464547779014019,0.10356660292515761,0.051783301462578805,-0.126428779252719,0.0,0.0006281407035175768,0.5
repeat_1_fold_4,MARCKS,-0.02295548613968812,0.04591097227937624,0.02295548613968812,-0.04591097227937624,0.0,-0.0025973559322944872,1.0
repeat_1_fold_4,MAT2A,0.0,0.0,0.0,0.0,0.0,0.0,0.0
repeat_1_fold_4,MAU2,0.0,0.0,0.0,0.0,0.0,0.0,0.0
repeat_1_fold_4,MB,0.13536002671879288,0.15630029572722,0.07815014786361,0.057209878855182875,0.5,0.000400962309542896,0.5
repeat_1_fold_4,MBD1,0.0,0.0,0.0,0.0,0.0,0.0,0.0
repeat_1_fold_4,MBD4,0.0,0.0,0.0,0.0,0.0,0.0,0.0
repeat_1_fold_4,MCCC1,0.0,0.0,0.0,0.0,0.0,0.0,0.0
repeat_1_fold_4,MCCC2,0.1912832554283277,0.4845329748354816,0.2422664874177408,-0.0509832319894131,0.25,-0.0010024057738572678,0.5
repeat_1_fold_4,MCFD2,0.0,0.0,0.0,0.0,0.0,0.0,0.0
repeat_1_fold_4,MCM2,0.0,0.0,0.0,0.0,0.0,0.0,0.0
repeat_1_fold_4,MCM4,0.0,0.0,0.0,0.0,0.0,0.0,0.0
repeat_1_fold_4,MECOM,0.0,0.0,0.0,0.0,0.0,0.0,0.0
repeat_1_fold_4,MED15,0.48603155900404893,0.5976099147401902,0.2988049573700951,0.18722660163395383,0.75,-0.0012028869286287158,1.0
repeat_1_fold_4,MED24,-0.2981522115330666,1.0324932274419334,0.5162466137209667,-0.8143988252540333,0.5,0.0025528605336223864,1.0
repeat_1_fold_4,MED31,0.05989330548631244,0.06915883209035796,0.03457941604517898,0.025313889441133462,0.5,0.002004811547714508,0.5
repeat_1_fold_4,MED9,0.0,0.0,0.0,0.0,0.0,0.0,0.0
repeat_1_fold_4,MELTF,0.0,0.0,0.0,0.0,0.0,0.0,0.5
repeat_1_fold_4,MEN1,0.0,0.0,0.0,0.0,0.0,0.0,0.0
repeat_1_fold_4,MET,0.0,0.0,0.0,0.0,0.0,0.0016038492381716118,0.5
repeat_1_fold_4,MLEC,0.0,0.0,0.0,0.0,0.0,0.0,0.0
repeat_1_fold_4,MMP10,0.0,0.0,0.0,0.0,0.0,0.0,0.0
repeat_1_fold_4,MMRN2,0.0,0.0,0.0,0.0,0.0,0.0,0.0
repeat_1_fold_4,MNAT1,0.0,0.0,0.0,0.0,0.0,0.0,0.0
repeat_1_fold_4,MOCS3,0.0,0.0,0.0,0.0,0.0,0.0,0.0
repeat_1_fold_4,MPL,0.0,0.0,0.0,0.0,0.0,0.0,0.0
repeat_1_fold_4,MRPL40,-0.12871234443425017,0.1564628672914637,0.07823143364573185,-0.20694377807998202,0.0,-0.000200481154771448,0.5
repeat_1_fold_4,MRPS16,0.0,0.0,0.0,0.0,0.0,0.0,0.0
repeat_1_fold_4,MRPS35,0.0,0.0,0.0,0.0,0.0,0.0,0.0
repeat_1_fold_4,MSL1,-0.48260245690857495,1.650498952278656,0.825249476139328,-1.3078519330479028,0.5,0.002485865574867102,1.0
repeat_1_fold_4,MSRA,0.5281853253734496,0.6098958795727425,0.30494793978637125,0.2232373855870784,0.5,-0.001202886928628688,0.5
repeat_1_fold_4,MTAP,0.0,0.0,0.0,0.0,0.0,0.0,0.0
repeat_1_fold_4,MTF2,0.037814850246261855,0.1335682262614116,0.0667841131307058,-0.028969262884443944,0.25,0.0006281407035175768,0.5
repeat_1_fold_4,MTM1,0.0,0.0,0.0,0.0,0.0,0.0,0.0
repeat_1_fold_4,MUC5AC,0.0,0.0,0.0,0.0,0.0,0.0,0.0
repeat_1_fold_4,MYBPC3,0.0,0.0,0.0,0.0,0.0,0.0,0.0
repeat_1_fold_4,MYH2,0.0,0.0,0.0,0.0,0.0,0.0,0.0
repeat_1_fold_4,MYL7,0.0,0.0,0.0,0.0,0.0,0.0,0.0
repeat_1_fold_4,MYO3A,0.0,0.0,0.0,0.0,0.0,0.0,0.0
repeat_1_fold_4,MZT2B,0.0,0.0,0.0,0.0,0.0,0.0,0.0
repeat_1_fold_4,NAAA,0.18918305737762253,0.4382610634240009,0.21913053171200045,-0.029947474334377916,0.25,0.0037332479021678633,1.0
repeat_1_fold_4,NABP2,0.05728443071843081,0.6136159166158944,0.3068079583079472,-0.2495235275895164,0.25,0.0006281407035175768,0.5
repeat_1_fold_4,NBR1,0.0,0.0,0.0,0.0,0.0,0.0,0.0
repeat_1_fold_4,NCF4,0.0,0.0,0.0,0.0,0.0,-0.0012028869286287158,0.5
repeat_1_fold_4,NCK1,-0.0508419264874842,0.07287346416421427,0.03643673208210713,-0.08727865856959133,0.0,0.00020938023450584042,0.5
repeat_1_fold_4,NCOA1,0.47640975127448293,0.6192439199570666,0.3096219599785333,0.16678779129594962,0.5,-0.0006281407035176045,0.5
repeat_1_fold_4,NCOR2,0.0,0.0,0.0,0.0,0.0,0.0,0.0
repeat_1_fold_4,NDST1,0.0,0.0,0.0,0.0,0.0,0.0,0.0
repeat_1_fold_4,NDUFAF3,0.0,0.0,0.0,0.0,0.0,0.000200481154771448,0.5
repeat_1_fold_4,NDUFB4,0.0,0.0,0.0,0.0,0.0,0.0,0.0
repeat_1_fold_4,NEFL,0.0,0.0,0.0,0.0,0.0,0.0,0.0
repeat_1_fold_4,NFIB,0.0,0.0,0.0,0.0,0.0,0.0,0.0
repeat_1_fold_4,NHP2,0.23778051351132845,0.4755610270226569,0.23778051351132845,0.0,0.25,0.0,0.5
repeat_1_fold_4,NLRP3,0.0,0.0,0.0,0.0,0.0,0.0,0.0
repeat_1_fold_4,NMUR1,0.0,0.0,0.0,0.0,0.0,0.0,0.0
repeat_1_fold_4,NOTCH2NLA,0.0,0.0,0.0,0.0,0.0,0.0,0.0
repeat_1_fold_4,NOTCH3,-0.030948237402428802,0.13510019304465895,0.06755009652232948,-0.09849833392475828,0.25,-0.00041876046901173636,0.5
repeat_1_fold_4,NPC1,0.3018260233029615,0.603652046605923,0.3018260233029615,0.0,0.25,0.000400962309542896,0.5
repeat_1_fold_4,NPR1,0.0,0.0,0.0,0.0,0.0,0.0,0.0
repeat_1_fold_4,NR2C1,0.0,0.0,0.0,0.0,0.0,0.0,0.0
repeat_1_fold_4,NR4A2,0.20261957227979543,0.5033868843545638,0.2516934421772819,-0.049073869897486466,0.25,0.0,0.5
repeat_1_fold_4,NRF1,0.0,0.0,0.0,0.0,0.0,0.0,0.0
repeat_1_fold_4,NRP2,0.0,0.0,0.0,0.0,0.0,0.0,0.0
repeat_1_fold_4,NRXN3,-1.1194883645092712,1.186973512937099,0.5934867564685495,-1.7129751209778208,0.0,0.004793749555045995,1.0
repeat_1_fold_4,NTN3,0.0,0.0,0.0,0.0,0.0,0.0,0.0
repeat_1_fold_4,NUDC,0.0,0.0,0.0,0.0,0.0,0.0,0.0
repeat_1_fold_4,NUP188,0.0,0.0,0.0,0.0,0.0,0.0,0.0
repeat_1_fold_4,NUP98,0.0,0.0,0.0,0.0,0.0,0.0,0.0
repeat_1_fold_4,OAT,0.0,0.0,0.0,0.0,0.0,0.0,0.0
repeat_1_fold_4,OBSL1,0.0,0.0,0.0,0.0,0.0,0.0,0.0
repeat_1_fold_4,OLA1,0.0,0.0,0.0,0.0,0.0,0.0,0.0
repeat_1_fold_4,OPRL1,0.0,0.0,0.0,0.0,0.0,0.0,0.0
repeat_1_fold_4,OR1D2,0.0,0.0,0.0,0.0,0.0,0.0,0.0
repeat_1_fold_4,OR1G1,0.23778051351132845,0.4755610270226569,0.23778051351132845,0.0,0.25,0.0,0.5
repeat_1_fold_4,OR3A2,0.0,0.0,0.0,0.0,0.0,0.0,0.0
repeat_1_fold_4,OR5V1,0.0,0.0,0.0,0.0,0.0,0.0,0.0
repeat_1_fold_4,ORC4,0.0,0.0,0.0,0.0,0.0,0.0,0.0
repeat_1_fold_4,OSBP,0.0,0.0,0.0,0.0,0.0,0.0,0.0
repeat_1_fold_4,OSBPL1A,0.0,0.0,0.0,0.0,0.0,0.0,0.0
repeat_1_fold_4,OSBPL2,0.0,0.0,0.0,0.0,0.0,0.0,0.0
repeat_1_fold_4,OSGEPL1,0.0,0.0,0.0,0.0,0.0,0.0,0.0
repeat_1_fold_4,OSTM1,0.0,0.0,0.0,0.0,0.0,0.0,0.0
repeat_1_fold_4,P2RX2,0.29070135964515664,0.45885030839770263,0.22942515419885132,0.061276205446305326,0.5,-0.0012028869286287158,0.5
repeat_1_fold_4,PADI2,0.0,0.0,0.0,0.0,0.0,0.0,0.0
repeat_1_fold_4,PAFAH1B1,0.0,0.0,0.0,0.0,0.0,0.0,0.0
repeat_1_fold_4,PAPPA,0.0,0.0,0.0,0.0,0.0,0.0,0.0
repeat_1_fold_4,PARG,0.0748915870407334,0.09634674795183765,0.04817337397591882,0.026718213064814575,0.5,0.000837520938023445,0.5
repeat_1_fold_4,PCBP1,0.0,0.0,0.0,0.0,0.0,0.0,0.0
repeat_1_fold_4,PCGF2,0.0,0.0,0.0,0.0,0.0,0.0,0.0
repeat_1_fold_4,PCNA,0.0,0.0,0.0,0.0,0.0,0.0,0.0
repeat_1_fold_4,PCNT,0.0,0.0,0.0,0.0,0.0,0.0,0.0
repeat_1_fold_4,PCSK2,-0.02121665086015767,0.17444556079008827,0.08722278039504414,-0.1084394312552018,0.25,-0.0008375209380234727,0.5
repeat_1_fold_4,PCSK5,0.0,0.0,0.0,0.0,0.0,0.0,0.0
repeat_1_fold_4,PCYOX1L,-0.5404763075451466,1.1453406318382524,0.5726703159191262,-1.1131466234642728,0.5,0.004316893207013395,1.0
repeat_1_fold_4,PDCD11,0.0,0.0,0.0,0.0,0.0,0.0,0.0
repeat_1_fold_4,PDCD1LG2,0.0,0.0,0.0,0.0,0.0,0.0,0.0
repeat_1_fold_4,PDE8A,-0.597686596524504,1.25295468356904,0.62647734178452,-1.224163938309024,0.25,-0.0014033680834001638,1.0
repeat_1_fold_4,PDGFD,-0.454193231004103,1.0609925884692235,0.5304962942346118,-0.9846895252387148,0.25,-0.0016038492381716118,0.5
repeat_1_fold_4,PDSS2,0.0,0.0,0.0,0.0,0.0,0.0,0.0
repeat_1_fold_4,PEA15,0.0,0.0,0.0,0.0,0.0,0.0,0.0
repeat_1_fold_4,PEAK1,0.0,0.0,0.0,0.0,0.0,0.0,0.0
repeat_1_fold_4,PEX19,0.0,0.0,0.0,0.0,0.0,0.0,0.0
repeat_1_fold_4,PFAS,0.0,0.0,0.0,0.0,0.0,0.0,0.0
repeat_1_fold_4,PFKFB1,0.0,0.0,0.0,0.0,0.0,0.0,0.0
repeat_1_fold_4,PFKL,0.0,0.0,0.0,0.0,0.0,0.0,0.0
repeat_1_fold_4,PFKP,0.0,0.0,0.0,0.0,0.0,0.0,0.0
repeat_1_fold_4,PHF10,0.0,0.0,0.0,0.0,0.0,0.0,0.0
repeat_1_fold_4,PHF2,0.0,0.0,0.0,0.0,0.0,0.0,0.0
repeat_1_fold_4,PHLPP2,0.0,0.0,0.0,0.0,0.0,0.0,0.0
repeat_1_fold_4,PI4KA,0.0,0.0,0.0,0.0,0.0,0.0,0.0
repeat_1_fold_4,PIGR,0.0,0.0,0.0,0.0,0.0,0.0,0.0
repeat_1_fold_4,PIK3R1,0.0,0.0,0.0,0.0,0.0,0.0,0.0
repeat_1_fold_4,PJA1,0.0,0.0,0.0,0.0,0.0,0.00041876046901173636,0.5
repeat_1_fold_4,PKP3,0.0,0.0,0.0,0.0,0.0,0.0,0.0
repeat_1_fold_4,PLA2G4C,0.0,0.0,0.0,0.0,0.0,0.0,0.0
repeat_1_fold_4,PLAAT3,0.0,0.0,0.0,0.0,0.0,0.0,0.0
repeat_1_fold_4,PLD3,-0.039484536558607175,0.045592815621878946,0.022796407810939473,-0.06228094436954665,0.0,0.0,1.0
repeat_1_fold_4,PLEKHG3,0.0,0.0,0.0,0.0,0.0,0.0,0.0
repeat_1_fold_4,PLPP3,0.09808283795853079,0.23389610478996925,0.11694805239498463,-0.018865214436453837,0.25,0.0004187604690117086,0.5
repeat_1_fold_4,PNLIPRP1,-0.07975471802108913,0.11316177255985281,0.056580886279926405,-0.13633560430101554,0.0,0.0,0.5
repeat_1_fold_4,PNO1,0.0,0.0,0.0,0.0,0.0,0.0,0.0
repeat_1_fold_4,PNOC,0.0,0.0,0.0,0.0,0.0,0.0,0.0
repeat_1_fold_4,PNPLA3,0.0,0.0,0.0,0.0,0.0,0.0,0.0
repeat_1_fold_4,POLA2,0.0,0.0,0.0,0.0,0.0,0.0,0.0
repeat_1_fold_4,POLR1D,0.0,0.0,0.0,0.0,0.0,0.0,0.0
repeat_1_fold_4,POLR2C,0.0,0.0,0.0,0.0,0.0,0.0,0.0
repeat_1_fold_4,POP1,0.4005051895274718,0.4075846379042517,0.20379231895212585,0.19671287057534598,0.75,0.0020137106274489003,1.0
repeat_1_fold_4,PPCDC,0.0,0.0,0.0,0.0,0.0,0.0,0.0
repeat_1_fold_4,PPID,0.0,0.0,0.0,0.0,0.0,0.0,0.0
repeat_1_fold_4,PPL,0.0,0.0,0.0,0.0,0.0,0.0,0.0
repeat_1_fold_4,PPP1CA,0.23778051351132845,0.4755610270226569,0.23778051351132845,0.0,0.25,0.0006281407035175768,0.5
repeat_1_fold_4,PPP1CB,0.0,0.0,0.0,0.0,0.0,0.0,0.0
repeat_1_fold_4,PPP1R3C,0.0,0.0,0.0,0.0,0.0,0.0,0.0
repeat_1_fold_4,PPP2R1A,0.0,0.0,0.0,0.0,0.0,0.0,0.0
repeat_1_fold_4,PPP4C,0.0,0.0,0.0,0.0,0.0,0.0,0.0
repeat_1_fold_4,PPRC1,0.24803673279727434,0.5245733206217975,0.26228666031089876,-0.014249927513624416,0.25,0.0006281407035175768,0.5
repeat_1_fold_4,PPT1,0.0,0.0,0.0,0.0,0.0,0.0,0.0
repeat_1_fold_4,PRDM9,0.0,0.0,0.0,0.0,0.0,0.0,0.0
repeat_1_fold_4,PREX2,0.0,0.0,0.0,0.0,0.0,0.0,0.0
repeat_1_fold_4,PRG2,0.0,0.0,0.0,0.0,0.0,0.0,0.0
repeat_1_fold_4,PRKAR1B,0.0,0.0,0.0,0.0,0.0,0.0,0.0
repeat_1_fold_4,PRKCG,0.5777584970181326,0.5526859329246432,0.2763429664623216,0.30141553055581105,1.0,0.0014567625618066016,1.0
repeat_1_fold_4,PRKD2,-0.10694330335424063,0.13800716473723298,0.06900358236861649,-0.1759468857228571,0.0,-0.0018043303929430876,0.5
repeat_1_fold_4,PRPS1L1,0.31297202114942735,0.4977370594801369,0.24886852974006846,0.06410349140935889,0.75,0.001875523030818338,1.0
repeat_1_fold_4,PRSS1,0.0,0.0,0.0,0.0,0.0,0.0,0.0
repeat_1_fold_4,PRSS3,0.0,0.0,0.0,0.0,0.0,0.0,0.0
repeat_1_fold_4,PSEN1,0.0,0.0,0.0,0.0,0.0,0.0,0.0
repeat_1_fold_4,PSMC6,0.0,0.0,0.0,0.0,0.0,0.0,0.0
repeat_1_fold_4,PSMD9,0.0,0.0,0.0,0.0,0.0,0.0,0.0
repeat_1_fold_4,PTGS1,0.0,0.0,0.0,0.0,0.0,0.0,0.0
repeat_1_fold_4,PTGS2,0.0,0.0,0.0,0.0,0.0,0.0,0.0
repeat_1_fold_4,PTH1R,0.15051487849802214,0.6470236797367575,0.3235118398683787,-0.17299696137035658,0.25,-0.0008286218582890525,1.0
repeat_1_fold_4,PTPRU,0.3146868774033962,0.47621323328686777,0.23810661664343388,0.0765802607599623,0.5,-0.0010469011725293131,0.5
repeat_1_fold_4,PUDP,0.0,0.0,0.0,0.0,0.0,0.0,0.0
repeat_1_fold_4,PUF60,0.0,0.0,0.0,0.0,0.0,0.0,0.0
repeat_1_fold_4,PUS3,0.0,0.0,0.0,0.0,0.0,0.0,0.0
repeat_1_fold_4,PYCR3,0.0,0.0,0.0,0.0,0.0,0.0,0.0
repeat_1_fold_4,RAB22A,0.0,0.0,0.0,0.0,0.0,0.0,0.0
repeat_1_fold_4,RAB29,0.0,0.0,0.0,0.0,0.0,0.0,0.0
repeat_1_fold_4,RAB32,0.0,0.0,0.0,0.0,0.0,0.0,0.0
repeat_1_fold_4,RAB7A,-0.008177611663137796,0.06233764340859944,0.03116882170429972,-0.03934643336743751,0.25,-0.000601443464314344,0.5
repeat_1_fold_4,RAMP1,-0.5708872304753481,0.9627087334204166,0.4813543667102083,-1.0522415971855563,0.0,-0.0018043303929430599,0.5
repeat_1_fold_4,RANBP1,0.0,0.0,0.0,0.0,0.0,0.0,0.0
repeat_1_fold_4,RAP1B,0.0,0.0,0.0,0.0,0.0,-0.000200481154771448,0.5
repeat_1_fold_4,RAP1GAP,0.0,0.0,0.0,0.0,0.0,0.0,0.0
repeat_1_fold_4,RARG,0.0,0.0,0.0,0.0,0.0,0.0,0.0
repeat_1_fold_4,RASA1,0.0,0.0,0.0,0.0,0.0,0.0,0.0
repeat_1_fold_4,RASAL2,-0.01787400416844953,0.08809873173682325,0.04404936586841163,-0.06192337003686116,0.25,0.0010469011725292854,0.5
repeat_1_fold_4,RBM7,0.0,0.0,0.0,0.0,0.0,0.0,0.0
repeat_1_fold_4,REG1A,-0.12002489948357109,0.1385928160525951,0.06929640802629755,-0.18932130750986864,0.0,-0.0006281407035176045,0.5
repeat_1_fold_4,RET,0.0,0.0,0.0,0.0,0.0,0.0,0.0
repeat_1_fold_4,RGP1,0.0,0.0,0.0,0.0,0.0,0.0,0.0
repeat_1_fold_4,RGS20,0.0,0.0,0.0,0.0,0.0,0.0,0.0
repeat_1_fold_4,RHCE,-0.03640470362920034,0.07280940725840068,0.03640470362920034,-0.07280940725840068,0.0,-0.000601443464314344,0.5
repeat_1_fold_4,RHOA,0.0,0.0,0.0,0.0,0.0,0.0,0.0
repeat_1_fold_4,RHOBTB2,0.016781571344806068,0.022825403140673658,0.011412701570336829,0.005368869774469239,0.5,-0.00041876046901173636,0.5
repeat_1_fold_4,RNF14,0.0,0.0,0.0,0.0,0.0,0.0,0.0
repeat_1_fold_4,RNF31,0.0,0.0,0.0,0.0,0.0,0.0,0.0
repeat_1_fold_4,RNF34,0.0,0.0,0.0,0.0,0.0,0.0,0.0
repeat_1_fold_4,RNF8,0.0,0.0,0.0,0.0,0.0,0.0,0.0
repeat_1_fold_4,ROBO3,0.0,0.0,0.0,0.0,0.0,0.0,0.0
repeat_1_fold_4,RPA4,0.0,0.0,0.0,0.0,0.0,-0.00041876046901173636,0.5
repeat_1_fold_4,RPL37A,0.017286937063083485,0.03457387412616697,0.017286937063083485,0.0,0.25,0.00020938023450586818,0.5
repeat_1_fold_4,RPLP2,0.23546862747043562,0.5385878471246975,0.26929392356234877,-0.03382529609191315,0.5,-0.0010202039333260804,1.0
repeat_1_fold_4,RPP25,0.0,0.0,0.0,0.0,0.0,0.0,0.0
repeat_1_fold_4,RPRD2,0.0,0.0,0.0,0.0,0.0,0.0,0.0
repeat_1_fold_4,RPS21,-0.028190386665029266,0.033043600269591765,0.016521800134795882,-0.04471218679982515,0.0,0.00020938023450586818,0.5
repeat_1_fold_4,RPS28,0.0,0.0,0.0,0.0,0.0,0.00020938023450586818,0.5
repeat_1_fold_4,RPS6KB1,0.24679704099955302,0.3430314721020896,0.1715157360510448,0.07528130494850821,0.5,-0.000601443464314344,0.5
repeat_1_fold_4,RRM2,0.0,0.0,0.0,0.0,0.0,0.0,0.5
repeat_1_fold_4,RRP7A,-0.05265913780634257,1.076404510633505,0.5382022553167525,-0.590861393123095,0.25,-0.0018844221105527859,0.5
repeat_1_fold_4,RXRA,0.2411371765470367,0.5452099502667669,0.27260497513338344,-0.03146779858634674,0.25,-0.000400962309542896,0.5
repeat_1_fold_4,RXRG,0.0,0.0,0.0,0.0,0.0,0.0,0.0
repeat_1_fold_4,S100A1,0.0,0.0,0.0,0.0,0.0,0.0,0.0
repeat_1_fold_4,S100A10,0.0,0.0,0.0,0.0,0.0,0.0,0.0
repeat_1_fold_4,S1PR2,0.0,0.0,0.0,0.0,0.0,0.0,0.0
repeat_1_fold_4,S1PR5,-0.12002489948357109,0.1385928160525951,0.06929640802629755,-0.18932130750986864,0.0,0.0004187604690117086,0.5
repeat_1_fold_4,SAE1,0.0,0.0,0.0,0.0,0.0,0.0,0.0
repeat_1_fold_4,SAG,0.0,0.0,0.0,0.0,0.0,0.0,0.0
repeat_1_fold_4,SAP30BP,0.029643766262990923,0.046458137325296064,0.023229068662648032,0.0064146976003428904,0.5,0.0010469011725293131,0.5
repeat_1_fold_4,SARM1,0.0,0.0,0.0,0.0,0.0,0.0,0.0
repeat_1_fold_4,SCFD1,0.0,0.0,0.0,0.0,0.0,0.0,0.0
repeat_1_fold_4,SCG2,0.37895995942790606,0.5839238967104851,0.29196194835524253,0.08699801107266353,0.5,0.00167504187604689,0.5
repeat_1_fold_4,SDC3,0.007309123435643272,0.008439848766217692,0.004219924383108846,0.0030891990525344264,0.5,0.0004187604690117086,0.5
repeat_1_fold_4,SEC24D,-0.037705897879217076,0.07541179575843415,0.037705897879217076,-0.07541179575843415,0.0,-0.0010024057738572678,0.5
repeat_1_fold_4,SEMA6D,0.0,0.0,0.0,0.0,0.0,0.0,0.0
repeat_1_fold_4,SERINC3,0.21727922159373136,0.2518518692632324,0.1259259346316162,0.09135328696211517,0.5,0.0,0.5
repeat_1_fold_4,SERINC5,0.07669282086583351,0.765570966827568,0.382785483413784,-0.3060926625479505,0.5,0.0010113048535916602,1.0
repeat_1_fold_4,SERPINA5,0.0,0.0,0.0,0.0,0.0,0.0,0.0
repeat_1_fold_4,SERPINB10,0.0,0.0,0.0,0.0,0.0,0.0,0.0
repeat_1_fold_4,SERPINB8,0.0,0.0,0.0,0.0,0.0,0.0,0.0
repeat_1_fold_4,SERPIND1,0.0,0.0,0.0,0.0,0.0,0.0,0.0
repeat_1_fold_4,SETD3,-0.0856246934922904,0.19444120493132594,0.09722060246566297,-0.18284529595795337,0.25,0.00100240577385724,0.5
repeat_1_fold_4,SGCD,0.0,0.0,0.0,0.0,0.0,0.0,0.0
repeat_1_fold_4,SGMS1,0.0,0.0,0.0,0.0,0.0,0.0,0.0
repeat_1_fold_4,SH3GL3,0.0,0.0,0.0,0.0,0.0,0.0,0.0
repeat_1_fold_4,SLC13A1,0.0,0.0,0.0,0.0,0.0,0.0,0.0
repeat_1_fold_4,SLC16A10,0.13828352721093395,0.3313111385402759,0.16565556927013794,-0.027372042059203988,0.25,0.0010469011725292854,0.5
repeat_1_fold_4,SLC16A3,0.45179991818142007,0.5361983300832851,0.26809916504164255,0.18370075313977752,0.75,0.0012562814070351536,1.0
repeat_1_fold_4,SLC22A8,0.04108392761750501,0.5157988219119953,0.25789941095599767,-0.21681548333849265,0.25,0.00100240577385724,0.5
repeat_1_fold_4,SLC25A16,0.0,0.0,0.0,0.0,0.0,0.0,0.0
repeat_1_fold_4,SLC29A2,0.0,0.0,0.0,0.0,0.0,0.0,0.0
repeat_1_fold_4,SLC2A1,0.0,0.0,0.0,0.0,0.0,0.0,0.0
repeat_1_fold_4,SLC38A2,-0.3457804260922508,0.6636644401592608,0.3318322200796304,-0.6776126461718812,0.0,-0.000601443464314344,0.5
repeat_1_fold_4,SLC3A2,0.0,0.0,0.0,0.0,0.0,0.0,0.0
repeat_1_fold_4,SLC52A1,0.0,0.0,0.0,0.0,0.0,0.0,0.0
repeat_1_fold_4,SLC6A13,0.10774249354504484,0.5058130622878625,0.25290653114393125,-0.1451640375988864,0.25,-0.0012562814070351813,0.5
repeat_1_fold_4,SLC7A11,0.0,0.0,0.0,0.0,0.0,0.0,0.0
repeat_1_fold_4,SLITRK5,-0.9122443973192684,1.200666601870064,0.600333300935032,-1.5125776982543004,0.0,0.0014033680834001638,0.5
repeat_1_fold_4,SMARCA2,0.02994665274315622,0.05989330548631244,0.02994665274315622,0.0,0.25,-0.0014033680834001638,0.5
repeat_1_fold_4,SMARCA4,0.0,0.0,0.0,0.0,0.0,0.0,0.0
repeat_1_fold_4,SMARCD3,0.16682110915874482,0.529195612139621,0.2645978060698105,-0.09777669691106566,0.5,-0.001247382327300789,1.0
repeat_1_fold_4,SMYD2,-0.11918398071757785,0.1532263042859494,0.0766131521429747,-0.19579713286055256,0.0,0.001839926711880685,1.0
repeat_1_fold_4,SNU13,0.0,0.0,0.0,0.0,0.0,0.0,0.0
repeat_1_fold_4,SOX4,0.2930112371790212,0.6393449603921526,0.3196724801960763,-0.02666124301705508,0.25,0.0006014434643143718,0.5
repeat_1_fold_4,SPRR1B,0.0,0.0,0.0,0.0,0.0,0.0,0.0
repeat_1_fold_4,SPTLC2,0.04575449685733979,0.09150899371467958,0.04575449685733979,0.0,0.25,0.00020938023450586818,0.5
repeat_1_fold_4,SRSF8,0.1552229315468967,0.2883489562724096,0.1441744781362048,0.01104845341069191,0.5,0.000400962309542896,0.5
repeat_1_fold_4,ST8SIA3,0.0,0.0,0.0,0.0,0.0,0.0,0.0
repeat_1_fold_4,STAG1,0.0,0.0,0.0,0.0,0.0,0.0,0.0
repeat_1_fold_4,STARD7,0.0,0.0,0.0,0.0,0.0,0.0,0.0
repeat_1_fold_4,STX5,0.0,0.0,0.0,0.0,0.0,0.0,0.0
repeat_1_fold_4,STX6,0.0,0.0,0.0,0.0,0.0,0.0,0.0
repeat_1_fold_4,SULT1A1,0.0,0.0,0.0,0.0,0.0,0.0,0.0
repeat_1_fold_4,SULT1B1,0.0,0.0,0.0,0.0,0.0,0.0,0.0
repeat_1_fold_4,SUMO3,0.12079646465099181,0.39738600992827516,0.19869300496413758,-0.07789654031314577,0.5,-0.0010024057738572956,1.0
repeat_1_fold_4,SUV39H2,0.0,0.0,0.0,0.0,0.0,0.0,0.0
repeat_1_fold_4,SYT2,0.0,0.0,0.0,0.0,0.0,0.0,0.0
repeat_1_fold_4,TAB2,0.0,0.0,0.0,0.0,0.0,0.0,0.0
repeat_1_fold_4,TAF1,0.0,0.0,0.0,0.0,0.0,0.0,0.0
repeat_1_fold_4,TAF1C,0.21765674568563576,0.27868696100093837,0.13934348050046919,0.07831326518516657,0.5,0.0034081796311146717,0.5
repeat_1_fold_4,TAF7,0.0,0.0,0.0,0.0,0.0,0.0,0.0
repeat_1_fold_4,TAPBP,-0.019285578857999752,0.15895572817555073,0.07947786408777537,-0.09876344294577512,0.25,-0.00020048115477147577,1.0
repeat_1_fold_4,TBX5,0.3317726760461177,0.5864127020484169,0.29320635102420844,0.038566325021909265,0.5,-0.0014033680834001638,0.5
repeat_1_fold_4,TCN1,0.0,0.0,0.0,0.0,0.0,0.0,0.0
repeat_1_fold_4,TFB1M,0.0,0.0,0.0,0.0,0.0,0.0,0.0
repeat_1_fold_4,TFDP1,0.0,0.0,0.0,0.0,0.0,0.0,0.0
repeat_1_fold_4,TFF1,0.5471169840214465,0.6492763567254497,0.32463817836272485,0.22247880565872163,0.5,0.001403368083400136,0.5
repeat_1_fold_4,TGFBI,0.0,0.0,0.0,0.0,0.0,0.000200481154771448,0.5
repeat_1_fold_4,TGFBR3,-0.18084561305937363,0.2117092366501376,0.1058546183250688,-0.28670023138444245,0.0,-0.0006281407035176045,0.5
repeat_1_fold_4,THY1,0.0,0.0,0.0,0.0,0.0,0.0,0.0
repeat_1_fold_4,TJP2,0.0,0.0,0.0,0.0,0.0,0.0,0.0
repeat_1_fold_4,TLR8,0.0,0.0,0.0,0.0,0.0,0.0,0.0
repeat_1_fold_4,TMEM115,0.0,0.0,0.0,0.0,0.0,0.0,0.0
repeat_1_fold_4,TMPRSS6,0.0,0.0,0.0,0.0,0.0,0.0,0.0
repeat_1_fold_4,TNFAIP8,0.0,0.0,0.0,0.0,0.0,0.0,0.0
repeat_1_fold_4,TNFRSF14,0.0,0.0,0.0,0.0,0.0,0.0,0.0
repeat_1_fold_4,TNFRSF21,0.0,0.0,0.0,0.0,0.0,0.0,0.0
repeat_1_fold_4,TNNI1,0.0,0.0,0.0,0.0,0.0,0.0,0.0
repeat_1_fold_4,TNS3,0.0,0.0,0.0,0.0,0.0,0.0,0.0
repeat_1_fold_4,TOMM20,0.0,0.0,0.0,0.0,0.0,0.0,0.0
repeat_1_fold_4,TPD52L1,0.0,0.0,0.0,0.0,0.0,0.0,0.0
repeat_1_fold_4,TPM1,0.0,0.0,0.0,0.0,0.0,0.0,0.0
repeat_1_fold_4,TPST1,-0.0663230021953094,0.09571711234516812,0.04785855617258406,-0.11418155836789345,0.0,0.0008375209380234172,0.5
repeat_1_fold_4,TRA2B,0.0,0.0,0.0,0.0,0.0,0.0,0.0
repeat_1_fold_4,TRIM28,0.06551029842290923,0.2382051809091958,0.1191025904545979,-0.053592292031688665,0.25,0.000200481154771448,0.5
repeat_1_fold_4,TSHR,0.0,0.0,0.0,0.0,0.0,0.0,0.0
repeat_1_fold_4,TSNAX,0.0,0.0,0.0,0.0,0.0,0.0,0.0
repeat_1_fold_4,TSR1,0.18743422216515704,0.3748684443303141,0.18743422216515704,0.0,0.25,-0.0008375209380234727,0.5
repeat_1_fold_4,TSR3,0.0,0.0,0.0,0.0,0.0,0.0,0.0
repeat_1_fold_4,TST,0.0,0.0,0.0,0.0,0.0,0.0,0.0
repeat_1_fold_4,TTPA,0.0,0.0,0.0,0.0,0.0,0.0,0.0
repeat_1_fold_4,TUBB6,0.0,0.0,0.0,0.0,0.0,0.0,0.0
repeat_1_fold_4,UBA5,0.0,0.0,0.0,0.0,0.0,0.0,0.0
repeat_1_fold_4,UBA7,0.0,0.0,0.0,0.0,0.0,0.0,0.0
repeat_1_fold_4,UBE2D2,0.0,0.0,0.0,0.0,0.0,0.0,0.0
repeat_1_fold_4,UCHL5,0.0,0.0,0.0,0.0,0.0,0.0,0.0
repeat_1_fold_4,UCP3,0.0,0.0,0.0,0.0,0.0,0.0,0.0
repeat_1_fold_4,UGGT1,0.0,0.0,0.0,0.0,0.0,0.0,0.0
repeat_1_fold_4,UNC119B,0.0,0.0,0.0,0.0,0.0,0.0,0.0
repeat_1_fold_4,UQCC1,0.0,0.0,0.0,0.0,0.0,0.0,0.0
repeat_1_fold_4,UQCRH,0.0,0.0,0.0,0.0,0.0,0.0,0.0
repeat_1_fold_4,USP6NL,0.0,0.0,0.0,0.0,0.0,0.0,0.0
repeat_1_fold_4,UTY,0.0,0.0,0.0,0.0,0.0,0.0,0.0
repeat_1_fold_4,VAV1,0.054698178608415304,0.06331937675939564,0.03165968837969782,0.023038490228717484,0.5,-0.0012562814070351813,0.5
repeat_1_fold_4,VCAM1,0.16881082309762974,0.2065279518452024,0.1032639759226012,0.06554684717502854,0.5,0.000200481154771448,0.5
repeat_1_fold_4,VDAC2,0.0,0.0,0.0,0.0,0.0,0.0,0.0
repeat_1_fold_4,VIP,0.23778051351132845,0.4755610270226569,0.23778051351132845,0.0,0.25,-0.001046901172529341,0.5
repeat_1_fold_4,VIPR2,0.0,0.0,0.0,0.0,0.0,0.0,0.0
repeat_1_fold_4,VPS35L,0.0,0.0,0.0,0.0,0.0,0.0,0.0
repeat_1_fold_4,VPS45,0.0,0.0,0.0,0.0,0.0,0.000400962309542896,0.5
repeat_1_fold_4,WDR18,-0.0965088992960208,0.12073420311215885,0.060367101556079425,-0.15687600085210024,0.0,-0.002721943048576231,0.5
repeat_1_fold_4,WNT2,0.0,0.0,0.0,0.0,0.0,0.0,0.0
repeat_1_fold_4,WWC1,0.0,0.0,0.0,0.0,0.0,0.0,0.0
repeat_1_fold_4,XAB2,0.0,0.0,0.0,0.0,0.0,0.0,0.0
repeat_1_fold_4,XPC,-0.5524417458871067,1.070910037020042,0.535455018510021,-1.0878967643971276,0.0,0.0014033680834001638,0.5
repeat_1_fold_4,YES1,0.0,0.0,0.0,0.0,0.0,0.0,0.0
repeat_1_fold_4,YWHAB,0.0,0.0,0.0,0.0,0.0,0.0,0.0
repeat_1_fold_4,YWHAQ,0.0,0.0,0.0,0.0,0.0,0.0,0.0
repeat_1_fold_4,ZBTB16,0.0,0.0,0.0,0.0,0.0,0.0,0.0
repeat_1_fold_4,ZNF225,0.0,0.0,0.0,0.0,0.0,0.0,0.0
repeat_1_fold_4,ZNF274,0.0,0.0,0.0,0.0,0.0,0.0,0.0
repeat_1_fold_4,ZNF337,0.0,0.0,0.0,0.0,0.0,0.0,0.0
repeat_1_fold_4,ZNF34,0.3036124586558788,0.5449141090304903,0.27245705451524516,0.03115540414063367,0.5,-0.000801924619085792,0.5
repeat_1_fold_4,ZNF717,-0.41498650183274144,0.7838993847614965,0.3919496923807482,-0.8069361942134896,0.0,-0.0016038492381716396,0.5
repeat_2_fold_1,A1CF,0.0,0.0,0.0,0.0,0.0,0.0,0.0
repeat_2_fold_1,A2M,-0.00046099801715371314,0.07339746207961138,0.03669873103980569,-0.037159729056959405,0.25,0.0012019230769230727,0.5
repeat_2_fold_1,A4GALT,-0.007066804691859829,0.06279143116039118,0.03139571558019559,-0.03846252027205542,0.25,0.0019911504424778848,0.5
repeat_2_fold_1,A4GNT,0.0,0.0,0.0,0.0,0.0,0.0,0.5
repeat_2_fold_1,AAAS,0.0,0.0,0.0,0.0,0.0,-0.0004424778761061843,0.5
repeat_2_fold_1,AACS,0.0,0.0,0.0,0.0,0.0,0.0,0.0
repeat_2_fold_1,AAK1,-0.029448029744250093,0.058896059488500185,0.029448029744250093,-0.058896059488500185,0.0,-0.0010016025641025605,0.5
repeat_2_fold_1,AAMP,0.0,0.0,0.0,0.0,0.0,0.0,0.0
repeat_2_fold_1,AANAT,-0.06720735056249971,0.07818485193904891,0.039092425969524454,-0.10629977653202416,0.0,0.0010016025641025605,0.5
repeat_2_fold_1,AARS1,0.0,0.0,0.0,0.0,0.0,0.0,0.0
repeat_2_fold_1,AASDHPPT,0.0,0.0,0.0,0.0,0.0,0.0,0.0
repeat_2_fold_1,AASS,0.0,0.0,0.0,0.0,0.0,0.0,0.0
repeat_2_fold_1,AATF,-0.15982526709923484,0.21160187638592634,0.10580093819296317,-0.265626205292198,0.0,0.0032051282051281937,0.5
repeat_2_fold_1,ABAT,0.0,0.0,0.0,0.0,0.0,-0.00022123893805309214,0.5
repeat_2_fold_1,ABCA1,-0.21355793089307795,0.2465954577773961,0.12329772888869805,-0.336855659781776,0.0,0.0015905094168368605,1.0
repeat_2_fold_1,ABCA12,0.0,0.0,0.0,0.0,0.0,0.0,0.0
repeat_2_fold_1,ABCA2,0.0,0.0,0.0,0.0,0.0,0.0,0.0
repeat_2_fold_1,ABCA3,-0.0008230285571073637,0.07281054079678431,0.036405270398392156,-0.03722829895549952,0.25,0.0002003205128205121,0.5
repeat_2_fold_1,ABCA4,0.0,0.0,0.0,0.0,0.0,0.0,0.0
repeat_2_fold_1,ABCA5,0.0,0.0,0.0,0.0,0.0,0.0006637168141593042,0.5
repeat_2_fold_1,ABCA6,0.0,0.0,0.0,0.0,0.0,0.0,0.0
repeat_2_fold_1,ABCA7,-0.13170077855910023,0.23220161049515672,0.11610080524757836,-0.2478015838066786,0.0,0.007011217948717979,0.5
repeat_2_fold_1,ABCA8,0.0,0.0,0.0,0.0,0.0,0.0,0.0
repeat_2_fold_1,ABCB1,0.0,0.0,0.0,0.0,0.0,0.0,0.0
repeat_2_fold_1,ABCB11,0.0,0.0,0.0,0.0,0.0,0.00044247787610621203,0.5
repeat_2_fold_1,ABCB4,-0.25868787867409004,0.5576538493644765,0.27882692468223824,-0.5375148033563283,0.25,0.0004006410256410242,0.5
repeat_2_fold_1,ABCB6,-0.047327232361364935,0.09465446472272987,0.047327232361364935,-0.09465446472272987,0.0,0.0012019230769230727,0.5
repeat_2_fold_1,ABCB7,0.0,0.0,0.0,0.0,0.0,0.0,0.0
repeat_2_fold_1,ABCB8,0.07821597308317152,0.1163782139175023,0.05818910695875115,0.020026866124420367,0.5,-0.0004006410256410242,0.5
repeat_2_fold_1,ABCB9,0.0,0.0,0.0,0.0,0.0,0.0,0.0
repeat_2_fold_1,ABCC10,0.032132657070730986,0.03715009831551122,0.01857504915775561,0.013557607912975375,0.5,-0.0010016025641025605,0.5
repeat_2_fold_1,ABCC2,0.0,0.0,0.0,0.0,0.0,-0.00022123893805309214,0.5
repeat_2_fold_1,ABCC3,0.0,0.0,0.0,0.0,0.0,0.0,0.0
repeat_2_fold_1,ABCC4,0.0,0.0,0.0,0.0,0.0,0.0,0.0
repeat_2_fold_1,ABCC5,0.04494540054679241,0.08989080109358483,0.04494540054679241,0.0,0.25,0.0002003205128205121,1.0
repeat_2_fold_1,ABCC8,-0.146294456383794,0.19849070888888068,0.09924535444444034,-0.24553981082823434,0.0,0.006194690265486719,0.5
repeat_2_fold_1,ABCC9,0.0,0.0,0.0,0.0,0.0,0.0,0.0
repeat_2_fold_1,ABCD1,0.0,0.0,0.0,0.0,0.0,0.0,0.0
repeat_2_fold_1,ABCD2,0.0,0.0,0.0,0.0,0.0,0.0006009615384615363,0.5
repeat_2_fold_1,ABCD3,0.0,0.0,0.0,0.0,0.0,0.0,0.0
repeat_2_fold_1,ABCD4,0.057469174752529995,0.06635968702695767,0.033179843513478836,0.024289331239051158,0.5,0.0002212389380531199,0.5
repeat_2_fold_1,ABCF1,0.0,0.0,0.0,0.0,0.0,0.0,0.0
repeat_2_fold_1,ABCF2,0.0,0.0,0.0,0.0,0.0,0.0,0.5
repeat_2_fold_1,ABCG1,0.0,0.0,0.0,0.0,0.0,0.0,0.0
repeat_2_fold_1,ABCG2,0.0,0.0,0.0,0.0,0.0,0.0,0.0
repeat_2_fold_1,ABCG4,0.0,0.0,0.0,0.0,0.0,0.0,0.0
repeat_2_fold_1,ABCG5,0.0,0.0,0.0,0.0,0.0,-0.002203525641025633,0.5
repeat_2_fold_1,ABHD10,0.0,0.0,0.0,0.0,0.0,-0.00022123893805309214,0.5
repeat_2_fold_1,ABHD17A,-0.061723801149545565,0.11095709169778993,0.055478545848894965,-0.11720234699844054,0.0,-0.002203525641025633,0.5
repeat_2_fold_1,ABHD17B,0.0,0.0,0.0,0.0,0.0,0.0,0.0
repeat_2_fold_1,ABHD3,0.0,0.0,0.0,0.0,0.0,0.0,0.0
repeat_2_fold_1,ABHD4,0.0,0.0,0.0,0.0,0.0,0.0,0.0
repeat_2_fold_1,ABHD5,-0.1311698691920533,0.1627770831985754,0.0813885415992877,-0.21255841079134102,0.0,0.000705553664624492,1.0
repeat_2_fold_1,ABHD6,-0.029579823905342195,0.052100217141447414,0.026050108570723707,-0.0556299324760659,0.0,-0.0006009615384615363,0.5
repeat_2_fold_1,ABI1,0.0,0.0,0.0,0.0,0.0,-0.0008849557522123686,0.5
repeat_2_fold_1,ABI2,-0.10677896544653898,0.21355793089307795,0.10677896544653898,-0.21355793089307795,0.0,0.0013274336283186083,0.5
repeat_2_fold_1,ABL1,0.0,0.0,0.0,0.0,0.0,0.0,0.0
repeat_2_fold_1,ABL2,0.0,0.0,0.0,0.0,0.0,0.0,0.0
repeat_2_fold_1,ABLIM1,-0.4635863763678252,0.5383579453576545,0.26917897267882723,-0.7327653490466524,0.0,-0.0004006410256410242,0.5
repeat_2_fold_1,ABLIM3,0.0,0.0,0.0,0.0,0.0,0.0,0.0
repeat_2_fold_1,ABR,-0.047327232361364935,0.09465446472272987,0.047327232361364935,-0.09465446472272987,0.0,-0.0012019230769230727,1.0
repeat_2_fold_1,ABRAXAS2,-0.029448029744250093,0.058896059488500185,0.029448029744250093,-0.058896059488500185,0.0,-0.0004006410256410242,0.5
repeat_2_fold_1,ACAA1,0.0,0.0,0.0,0.0,0.0,0.0,0.0
repeat_2_fold_1,ACACA,0.07362008260105846,0.10755514856485658,0.05377757428242829,0.019842508318630166,0.5,-0.0002003205128205121,0.5
repeat_2_fold_1,ACACB,0.0,0.0,0.0,0.0,0.0,0.0,0.0
repeat_2_fold_1,ACAD10,0.0,0.0,0.0,0.0,0.0,0.0,0.0
repeat_2_fold_1,ACAD8,0.0,0.0,0.0,0.0,0.0,0.0,0.0
repeat_2_fold_1,ACADL,-0.3815979582193467,0.21704585038720595,0.10852292519360297,-0.4901208834129497,0.0,-0.0014231620149761648,1.0
repeat_2_fold_1,ACADM,0.0,0.0,0.0,0.0,0.0,0.0,0.0
repeat_2_fold_1,ACADS,0.0,0.0,0.0,0.0,0.0,0.0,0.0
repeat_2_fold_1,ACADSB,0.0,0.0,0.0,0.0,0.0,0.0002003205128205121,0.5
repeat_2_fold_1,ACADVL,0.0,0.0,0.0,0.0,0.0,-0.0024038461538461453,1.0
repeat_2_fold_1,ACAN,0.028734587376264997,0.057469174752529995,0.028734587376264997,0.0,0.25,0.00044247787610621203,0.5
repeat_2_fold_1,ACAT1,0.0,0.0,0.0,0.0,0.0,0.0004424778761061843,0.5
repeat_2_fold_1,ACAT2,0.028734587376264997,0.057469174752529995,0.028734587376264997,0.0,0.25,0.0006637168141593042,0.5
repeat_2_fold_1,ACBD3,-0.0767752621056168,0.1535505242112336,0.0767752621056168,-0.1535505242112336,0.0,0.0,0.5
repeat_2_fold_1,ACBD4,-0.20098995650072737,0.49632206300629134,0.24816103150314567,-0.44915098800387304,0.25,0.0012019230769230727,0.5
repeat_2_fold_1,ACD,0.0,0.0,0.0,0.0,0.0,0.0,0.0
repeat_2_fold_1,ACE,0.0,0.0,0.0,0.0,0.0,0.0,0.0
repeat_2_fold_1,ACE2,0.0,0.0,0.0,0.0,0.0,0.0,0.0
repeat_2_fold_1,ACHE,0.0,0.0,0.0,0.0,0.0,0.0,0.0
repeat_2_fold_1,ACIN1,0.0,0.0,0.0,0.0,0.0,0.0,0.0
repeat_2_fold_1,ACKR1,0.0,0.0,0.0,0.0,0.0,0.0,0.0
repeat_2_fold_1,ACKR2,-0.07416319391218451,0.09194174742823848,0.04597087371411924,-0.12013406762630374,0.0,-0.0008012820512820484,0.5
repeat_2_fold_1,ACKR3,0.0,0.0,0.0,0.0,0.0,0.0,0.0
repeat_2_fold_1,ACKR4,0.0,0.0,0.0,0.0,0.0,0.0,0.0
repeat_2_fold_1,ACO1,0.0,0.0,0.0,0.0,0.0,0.0,0.0
repeat_2_fold_1,ACO2,0.0,0.0,0.0,0.0,0.0,0.0,0.0
repeat_2_fold_1,ACOT11,0.0,0.0,0.0,0.0,0.0,0.0004424778761061843,0.5
repeat_2_fold_1,ACOT13,0.0,0.0,0.0,0.0,0.0,0.0,0.0
repeat_2_fold_1,ACOT2,0.0,0.0,0.0,0.0,0.0,0.0,0.0
repeat_2_fold_1,ACOT8,0.0,0.0,0.0,0.0,0.0,0.0,0.0
repeat_2_fold_1,ACOT9,0.0,0.0,0.0,0.0,0.0,0.0,0.0
repeat_2_fold_1,ACOX1,0.0,0.0,0.0,0.0,0.0,0.0,0.0
repeat_2_fold_1,ACOX2,0.0,0.0,0.0,0.0,0.0,0.0,0.0
repeat_2_fold_1,ACOX3,0.0,0.0,0.0,0.0,0.0,0.0,0.0
repeat_2_fold_1,ACOXL,0.0807169951853286,0.1688302531178709,0.08441512655893545,-0.003698131373606847,0.25,0.00024215736328569992,1.0
repeat_2_fold_1,ACP3,0.0,0.0,0.0,0.0,0.0,0.0,0.0
repeat_2_fold_1,ACP5,0.0,0.0,0.0,0.0,0.0,0.0,0.0
repeat_2_fold_1,ACP6,0.0,0.0,0.0,0.0,0.0,0.0,0.0
repeat_2_fold_1,ACR,0.0,0.0,0.0,0.0,0.0,0.0,0.0
repeat_2_fold_1,ACSBG1,0.0,0.0,0.0,0.0,0.0,0.0,0.0
repeat_2_fold_1,ACSBG2,0.0,0.0,0.0,0.0,0.0,0.0,0.0
repeat_2_fold_1,ACSF2,0.0,0.0,0.0,0.0,0.0,0.0,0.0
repeat_2_fold_1,ACSL1,0.0,0.0,0.0,0.0,0.0,0.0,0.0
repeat_2_fold_1,ACSL3,0.0,0.0,0.0,0.0,0.0,0.0,0.0
repeat_2_fold_1,ACSL4,0.0,0.0,0.0,0.0,0.0,0.0,0.0
repeat_2_fold_1,ACSL5,0.0,0.0,0.0,0.0,0.0,0.0,0.0
repeat_2_fold_1,ACSL6,0.0,0.0,0.0,0.0,0.0,0.0,0.0
repeat_2_fold_1,ACSM1,0.0,0.0,0.0,0.0,0.0,0.0,0.0
repeat_2_fold_1,ACSM2A,0.0,0.0,0.0,0.0,0.0,0.0,0.0
repeat_2_fold_1,ACSM3,0.09194012115266048,0.15476310535595708,0.07738155267797854,0.01455856847468194,0.75,-0.002508438280009073,1.0
repeat_2_fold_1,ACSM5,0.0,0.0,0.0,0.0,0.0,0.0,0.0
repeat_2_fold_1,ACTA1,0.0,0.0,0.0,0.0,0.0,0.0,0.0
repeat_2_fold_1,ACTB,0.0,0.0,0.0,0.0,0.0,0.0,0.0
repeat_2_fold_1,ACTC1,0.0,0.0,0.0,0.0,0.0,0.0,0.0
repeat_2_fold_1,ACTG1,0.0,0.0,0.0,0.0,0.0,0.0,0.0
repeat_2_fold_1,ACTG2,0.0,0.0,0.0,0.0,0.0,0.0,0.0
repeat_2_fold_1,ACTL6A,0.0,0.0,0.0,0.0,0.0,0.0,0.0
repeat_2_fold_1,ACTL6B,0.0,0.0,0.0,0.0,0.0,0.0,0.0
repeat_2_fold_1,ACTN1,0.0,0.0,0.0,0.0,0.0,0.0,0.0
repeat_2_fold_1,ACTN2,0.0,0.0,0.0,0.0,0.0,0.0,0.0
repeat_2_fold_1,ACTN3,0.0,0.0,0.0,0.0,0.0,0.0,0.0
repeat_2_fold_1,ACTN4,0.0,0.0,0.0,0.0,0.0,0.0,0.0
repeat_2_fold_1,ACTR10,0.0,0.0,0.0,0.0,0.0,0.0,0.0
repeat_2_fold_1,ACTR1A,0.0,0.0,0.0,0.0,0.0,0.0,0.0
repeat_2_fold_1,ACTR2,0.0,0.0,0.0,0.0,0.0,0.0,0.0
repeat_2_fold_1,ACTR3,0.0,0.0,0.0,0.0,0.0,0.0,0.0
repeat_2_fold_1,ACTR5,0.0,0.0,0.0,0.0,0.0,0.0,0.0
repeat_2_fold_1,ACTR8,0.0,0.0,0.0,0.0,0.0,0.0,0.0
repeat_2_fold_1,ACVR1B,0.0,0.0,0.0,0.0,0.0,0.0,0.0
repeat_2_fold_1,ACVR2A,0.0,0.0,0.0,0.0,0.0,0.0,0.0
repeat_2_fold_1,ACVR2B,0.0,0.0,0.0,0.0,0.0,0.0,0.0
repeat_2_fold_1,ACVRL1,0.0,0.0,0.0,0.0,0.0,0.0,0.0
repeat_2_fold_1,ACY1,0.0,0.0,0.0,0.0,0.0,0.0,0.0
repeat_2_fold_1,ADA,0.0,0.0,0.0,0.0,0.0,0.0,0.0
repeat_2_fold_1,ADA2,0.0,0.0,0.0,0.0,0.0,0.0,0.0
repeat_2_fold_1,ADAM10,0.0,0.0,0.0,0.0,0.0,0.0,0.0
repeat_2_fold_1,ADAM11,0.0,0.0,0.0,0.0,0.0,0.0,0.0
repeat_2_fold_1,ADAM12,0.0,0.0,0.0,0.0,0.0,0.0,0.0
repeat_2_fold_1,ADAM15,0.0,0.0,0.0,0.0,0.0,0.0,0.0
repeat_2_fold_1,ADAM19,0.0,0.0,0.0,0.0,0.0,0.0,0.0
repeat_2_fold_1,ADAM20,0.0,0.0,0.0,0.0,0.0,0.0,0.0
repeat_2_fold_1,ADAM21,0.0,0.0,0.0,0.0,0.0,0.0,0.0
repeat_2_fold_1,ADAM22,0.0,0.0,0.0,0.0,0.0,0.0,0.0
repeat_2_fold_1,ADAM23,0.0,0.0,0.0,0.0,0.0,0.0,0.0
repeat_2_fold_1,ADAM30,0.0,0.0,0.0,0.0,0.0,0.0,0.0
repeat_2_fold_1,ADAM8,0.0,0.0,0.0,0.0,0.0,0.0,0.0
repeat_2_fold_1,ADAM9,0.0,0.0,0.0,0.0,0.0,0.0,0.0
repeat_2_fold_1,ADAMTS1,0.0,0.0,0.0,0.0,0.0,0.0,0.0
repeat_2_fold_1,ADAMTS12,0.0,0.0,0.0,0.0,0.0,0.0,0.0
repeat_2_fold_1,ADAMTS13,0.0,0.0,0.0,0.0,0.0,0.0,0.0
repeat_2_fold_1,ADAMTS2,0.0,0.0,0.0,0.0,0.0,0.0,0.0
repeat_2_fold_1,ADAMTS20,0.0,0.0,0.0,0.0,0.0,0.0,0.0
repeat_2_fold_1,ADAMTS3,0.0,0.0,0.0,0.0,0.0,0.0,0.0
repeat_2_fold_1,ADAMTS5,0.0,0.0,0.0,0.0,0.0,0.0,0.0
repeat_2_fold_1,ADAMTS7,0.0,0.0,0.0,0.0,0.0,0.0,0.0
repeat_2_fold_1,ADAMTS8,0.0,0.0,0.0,0.0,0.0,0.0,0.0
repeat_2_fold_1,ADAMTS9,0.0,0.0,0.0,0.0,0.0,0.0,0.0
repeat_2_fold_1,ADAMTSL2,0.0,0.0,0.0,0.0,0.0,0.0,0.0
repeat_2_fold_1,ADAMTSL3,0.0,0.0,0.0,0.0,0.0,0.0,0.0
repeat_2_fold_1,ADAMTSL4,0.0,0.0,0.0,0.0,0.0,0.0,0.0
repeat_2_fold_1,ADAP1,0.0,0.0,0.0,0.0,0.0,0.0,0.0
repeat_2_fold_1,ADAR,0.06588335242697241,0.08078020900745382,0.04039010450372691,0.025493247923245498,0.5,0.0,0.5
repeat_2_fold_1,ADARB1,0.0,0.0,0.0,0.0,0.0,0.0,0.0
repeat_2_fold_1,ADCY1,0.0,0.0,0.0,0.0,0.0,0.0,0.0
repeat_2_fold_1,ADCY10,0.0,0.0,0.0,0.0,0.0,0.0,0.0
repeat_2_fold_1,ADCY2,0.0,0.0,0.0,0.0,0.0,0.0,0.0
repeat_2_fold_1,ADCY3,0.0,0.0,0.0,0.0,0.0,0.0,0.0
repeat_2_fold_1,ADCY6,0.0,0.0,0.0,0.0,0.0,0.0,0.0
repeat_2_fold_1,ADCY7,0.0,0.0,0.0,0.0,0.0,0.0,0.0
repeat_2_fold_1,ADCY8,0.0,0.0,0.0,0.0,0.0,0.0,0.0
repeat_2_fold_1,ADCY9,0.0,0.0,0.0,0.0,0.0,0.0,0.0
repeat_2_fold_1,ADCYAP1,0.0,0.0,0.0,0.0,0.0,0.0,0.0
repeat_2_fold_1,ADCYAP1R1,0.0,0.0,0.0,0.0,0.0,0.0,0.0
repeat_2_fold_1,ADD1,0.0,0.0,0.0,0.0,0.0,0.0,0.0
repeat_2_fold_1,ADD2,0.0,0.0,0.0,0.0,0.0,0.0,0.0
repeat_2_fold_1,ADD3,0.0,0.0,0.0,0.0,0.0,0.0,0.0
repeat_2_fold_1,ADGRE1,0.0,0.0,0.0,0.0,0.0,0.0,0.0
repeat_2_fold_1,ADGRE2,0.0,0.0,0.0,0.0,0.0,0.0008849557522123963,0.5
repeat_2_fold_1,ADGRE3,0.0,0.0,0.0,0.0,0.0,0.0,0.0
repeat_2_fold_1,ADGRE5,0.0,0.0,0.0,0.0,0.0,0.0,0.0
repeat_2_fold_1,ADGRF5,0.0,0.0,0.0,0.0,0.0,0.0,0.0
repeat_2_fold_1,ADGRG3,0.0,0.0,0.0,0.0,0.0,0.0,0.0
repeat_2_fold_1,ADGRG6,0.0,0.0,0.0,0.0,0.0,0.0,0.0
repeat_2_fold_1,ADGRV1,0.0,0.0,0.0,0.0,0.0,0.0,0.0
repeat_2_fold_1,ADH1A,0.0,0.0,0.0,0.0,0.0,0.0,0.0
repeat_2_fold_1,ADH1B,0.0,0.0,0.0,0.0,0.0,0.0,0.0
repeat_2_fold_1,ADH1C,0.0,0.0,0.0,0.0,0.0,0.0,0.0
repeat_2_fold_1,ADH5,0.0,0.0,0.0,0.0,0.0,0.0,0.0
repeat_2_fold_1,ADH6,0.0,0.0,0.0,0.0,0.0,0.0,0.0
repeat_2_fold_1,ADH7,0.0,0.0,0.0,0.0,0.0,0.0,0.0
repeat_2_fold_1,ADI1,0.0,0.0,0.0,0.0,0.0,0.0,0.0
repeat_2_fold_1,ADIPOQ,0.0,0.0,0.0,0.0,0.0,0.0,0.0
repeat_2_fold_1,ADIPOR1,0.0,0.0,0.0,0.0,0.0,0.0,0.0
repeat_2_fold_1,ADIPOR2,0.0,0.0,0.0,0.0,0.0,0.0,0.0
repeat_2_fold_1,ADIRF,0.0,0.0,0.0,0.0,0.0,0.0,0.0
repeat_2_fold_1,ADK,0.0,0.0,0.0,0.0,0.0,0.0,0.0
repeat_2_fold_1,ADM,0.0,0.0,0.0,0.0,0.0,0.0,0.0
repeat_2_fold_1,ADO,0.0,0.0,0.0,0.0,0.0,0.0,0.0
repeat_2_fold_1,ADORA1,0.0,0.0,0.0,0.0,0.0,0.0,0.0
repeat_2_fold_1,ADORA2A,0.0,0.0,0.0,0.0,0.0,0.0,0.0
repeat_2_fold_1,ADORA2B,0.0,0.0,0.0,0.0,0.0,0.0,0.0
repeat_2_fold_1,ADORA3,0.0,0.0,0.0,0.0,0.0,0.0,0.0
repeat_2_fold_1,ADPGK,0.0,0.0,0.0,0.0,0.0,0.0,0.0
repeat_2_fold_1,ADPRM,0.0,0.0,0.0,0.0,0.0,0.0,0.0
repeat_2_fold_1,ADRA1A,0.0,0.0,0.0,0.0,0.0,0.0,0.0
repeat_2_fold_1,ADRA1B,0.0,0.0,0.0,0.0,0.0,0.0,0.0
repeat_2_fold_1,ADRA1D,0.0,0.0,0.0,0.0,0.0,0.0,0.0
repeat_2_fold_1,ADRA2B,0.0,0.0,0.0,0.0,0.0,0.0,0.0
repeat_2_fold_1,ADRA2C,0.0,0.0,0.0,0.0,0.0,0.0,0.0
repeat_2_fold_1,ADRB1,0.0,0.0,0.0,0.0,0.0,0.0,0.0
repeat_2_fold_1,ADRB2,0.0,0.0,0.0,0.0,0.0,0.0,0.0
repeat_2_fold_1,ADRB3,0.0,0.0,0.0,0.0,0.0,0.0,0.0
repeat_2_fold_1,ADRM1,0.0,0.0,0.0,0.0,0.0,0.0,0.0
repeat_2_fold_1,ADSL,0.0,0.0,0.0,0.0,0.0,0.0,0.0
repeat_2_fold_1,ADSS2,0.0,0.0,0.0,0.0,0.0,0.0,0.0
repeat_2_fold_1,AFDN,0.0,0.0,0.0,0.0,0.0,0.0,0.0
repeat_2_fold_1,AFF4,0.0,0.0,0.0,0.0,0.0,0.0,0.0
repeat_2_fold_1,AFG3L2,-0.029448029744250093,0.058896059488500185,0.029448029744250093,-0.058896059488500185,0.0,-0.0008012820512820484,0.5
repeat_2_fold_1,AFP,0.0,0.0,0.0,0.0,0.0,0.0,0.0
repeat_2_fold_1,AGBL2,0.0,0.0,0.0,0.0,0.0,0.0,0.0
repeat_2_fold_1,AGBL3,0.0,0.0,0.0,0.0,0.0,0.0,0.0
repeat_2_fold_1,AGBL5,0.0,0.0,0.0,0.0,0.0,0.0,0.0
repeat_2_fold_1,AGER,0.0,0.0,0.0,0.0,0.0,0.0,0.0
repeat_2_fold_1,AGFG1,0.0,0.0,0.0,0.0,0.0,0.0,0.0
repeat_2_fold_1,AGGF1,0.0,0.0,0.0,0.0,0.0,0.0,0.0
repeat_2_fold_1,AGK,0.0,0.0,0.0,0.0,0.0,0.0,0.0
repeat_2_fold_1,AGL,0.0,0.0,0.0,0.0,0.0,0.0,0.0
repeat_2_fold_1,AGMAT,0.0,0.0,0.0,0.0,0.0,0.0,0.0
repeat_2_fold_1,AGO1,0.0,0.0,0.0,0.0,0.0,0.0,0.0
repeat_2_fold_1,AGO3,0.0,0.0,0.0,0.0,0.0,0.0,0.0
repeat_2_fold_1,AGO4,0.0,0.0,0.0,0.0,0.0,0.0,0.0
repeat_2_fold_1,AGPAT1,0.0,0.0,0.0,0.0,0.0,0.0,0.0
repeat_2_fold_1,AGPAT2,0.0,0.0,0.0,0.0,0.0,0.0,0.0
repeat_2_fold_1,AGPAT3,0.0,0.0,0.0,0.0,0.0,0.0,0.0
repeat_2_fold_1,AGPAT4,0.0,0.0,0.0,0.0,0.0,0.0,0.0
repeat_2_fold_1,AGPAT5,0.0,0.0,0.0,0.0,0.0,0.0,0.0
repeat_2_fold_1,AGPS,0.0,0.0,0.0,0.0,0.0,0.0,0.0
repeat_2_fold_1,AGRN,0.0,0.0,0.0,0.0,0.0,0.0,0.0
repeat_2_fold_1,AGRP,0.0,0.0,0.0,0.0,0.0,0.0,0.0
repeat_2_fold_1,AGT,0.0,0.0,0.0,0.0,0.0,0.0,0.0
repeat_2_fold_1,AGTPBP1,0.0,0.0,0.0,0.0,0.0,0.0,0.0
repeat_2_fold_1,AGTR1,0.0,0.0,0.0,0.0,0.0,0.0,0.0
repeat_2_fold_1,AGXT,0.0,0.0,0.0,0.0,0.0,0.0,0.0
repeat_2_fold_1,AHCTF1,0.0,0.0,0.0,0.0,0.0,0.0,0.0
repeat_2_fold_1,AHCY,0.0,0.0,0.0,0.0,0.0,0.0,0.0
repeat_2_fold_1,AHCYL1,0.0,0.0,0.0,0.0,0.0,0.0,0.0
repeat_2_fold_1,AHCYL2,0.0,0.0,0.0,0.0,0.0,0.0,0.0
repeat_2_fold_1,AHI1,0.0,0.0,0.0,0.0,0.0,0.0,0.0
repeat_2_fold_1,AHR,0.0,0.0,0.0,0.0,0.0,0.0,0.0
repeat_2_fold_1,AHSG,0.0,0.0,0.0,0.0,0.0,0.0,0.0
repeat_2_fold_1,AICDA,0.0,0.0,0.0,0.0,0.0,0.0,0.0
repeat_2_fold_1,AIM2,0.0,0.0,0.0,0.0,0.0,0.0,0.0
repeat_2_fold_1,AIMP1,0.0,0.0,0.0,0.0,0.0,0.0,0.0
repeat_2_fold_1,AIMP2,0.0,0.0,0.0,0.0,0.0,0.0,0.0
repeat_2_fold_1,AK1,0.0,0.0,0.0,0.0,0.0,0.0,0.0
repeat_2_fold_1,AK2,0.0,0.0,0.0,0.0,0.0,0.0,0.0
repeat_2_fold_1,AK4,0.0,0.0,0.0,0.0,0.0,0.0,0.0
repeat_2_fold_1,AK6,0.0,0.0,0.0,0.0,0.0,0.0,0.0
repeat_2_fold_1,AKAP1,0.0,0.0,0.0,0.0,0.0,0.0,0.0
repeat_2_fold_1,AKAP10,0.0,0.0,0.0,0.0,0.0,0.0,0.5
repeat_2_fold_1,AKAP12,0.0,0.0,0.0,0.0,0.0,0.0,0.0
repeat_2_fold_1,AKAP13,0.0,0.0,0.0,0.0,0.0,0.0,0.0
repeat_2_fold_1,AKAP9,0.0,0.0,0.0,0.0,0.0,0.0,0.0
repeat_2_fold_1,AKR1A1,-0.16768527366137675,0.19362627577506386,0.09681313788753193,-0.2644984115489087,0.0,-0.0014022435897435848,0.5
repeat_2_fold_1,AKR1B1,0.0,0.0,0.0,0.0,0.0,0.0,0.0
repeat_2_fold_1,AKR1B10,0.0,0.0,0.0,0.0,0.0,0.0,0.0
repeat_2_fold_1,AKR1C1,0.0,0.0,0.0,0.0,0.0,0.0,0.0
repeat_2_fold_1,AKR1C2,0.0,0.0,0.0,0.0,0.0,0.00022123893805309214,0.5
repeat_2_fold_1,AKR1C3,0.0,0.0,0.0,0.0,0.0,0.0,0.0
repeat_2_fold_1,AKR1C4,0.0,0.0,0.0,0.0,0.0,0.0,0.0
repeat_2_fold_1,AKR1D1,0.0,0.0,0.0,0.0,0.0,0.0,0.0
repeat_2_fold_1,AKR7A2,-0.047327232361364935,0.09465446472272987,0.047327232361364935,-0.09465446472272987,0.0,0.0006009615384615363,0.5
repeat_2_fold_1,AKR7A3,0.0,0.0,0.0,0.0,0.0,0.0,0.0
repeat_2_fold_1,AKT1,0.0,0.0,0.0,0.0,0.0,0.0,0.0
repeat_2_fold_1,AKT2,0.0,0.0,0.0,0.0,0.0,0.0,0.0
repeat_2_fold_1,AKT3,0.0,0.0,0.0,0.0,0.0,0.0,0.0
repeat_2_fold_1,ALAD,0.0,0.0,0.0,0.0,0.0,0.0,0.0
repeat_2_fold_1,ALAS1,0.0,0.0,0.0,0.0,0.0,0.0,0.0
repeat_2_fold_1,ALAS2,0.0,0.0,0.0,0.0,0.0,0.0,0.0
repeat_2_fold_1,ALB,0.0,0.0,0.0,0.0,0.0,0.0,0.0
repeat_2_fold_1,ALCAM,0.0,0.0,0.0,0.0,0.0,0.0,0.0
repeat_2_fold_1,ALDH18A1,0.0,0.0,0.0,0.0,0.0,0.0,0.0
repeat_2_fold_1,ALDH1A1,0.0,0.0,0.0,0.0,0.0,0.0,0.0
repeat_2_fold_1,ALDH1A2,0.0,0.0,0.0,0.0,0.0,0.0,0.0
repeat_2_fold_1,ALDH1B1,0.0,0.0,0.0,0.0,0.0,0.0,0.0
repeat_2_fold_1,ALDH1L1,0.0,0.0,0.0,0.0,0.0,0.0,0.0
repeat_2_fold_1,ALDH2,0.0,0.0,0.0,0.0,0.0,0.0,0.0
repeat_2_fold_1,ALDH3A1,0.0,0.0,0.0,0.0,0.0,0.0,0.0
repeat_2_fold_1,ALDH3A2,0.0,0.0,0.0,0.0,0.0,0.0,0.0
repeat_2_fold_1,ALDH3B1,0.0,0.0,0.0,0.0,0.0,0.0,0.0
repeat_2_fold_1,ALDH3B2,0.0,0.0,0.0,0.0,0.0,0.0,0.0
repeat_2_fold_1,ALDH4A1,0.0,0.0,0.0,0.0,0.0,0.0,0.0
repeat_2_fold_1,ALDH5A1,0.0,0.0,0.0,0.0,0.0,0.0,0.0
repeat_2_fold_1,ALDH6A1,0.0,0.0,0.0,0.0,0.0,0.0,0.0
repeat_2_fold_1,ALDH7A1,0.0,0.0,0.0,0.0,0.0,0.0,0.0
repeat_2_fold_1,ALDH8A1,0.0,0.0,0.0,0.0,0.0,0.0,0.0
repeat_2_fold_1,ALDOA,0.0,0.0,0.0,0.0,0.0,0.0,0.0
repeat_2_fold_1,ALDOB,0.0,0.0,0.0,0.0,0.0,0.0,0.0
repeat_2_fold_1,ALDOC,0.0,0.0,0.0,0.0,0.0,0.0,0.0
repeat_2_fold_1,ALG12,0.0,0.0,0.0,0.0,0.0,0.0,0.0
repeat_2_fold_1,ALG13,0.0,0.0,0.0,0.0,0.0,0.0,0.0
repeat_2_fold_1,ALG5,0.0,0.0,0.0,0.0,0.0,0.0,0.0
repeat_2_fold_1,ALG6,0.0,0.0,0.0,0.0,0.0,0.0,0.0
repeat_2_fold_1,ALG8,0.0,0.0,0.0,0.0,0.0,0.0,0.0
repeat_2_fold_1,ALG9,0.0,0.0,0.0,0.0,0.0,0.0,0.0
repeat_2_fold_1,ALK,0.0,0.0,0.0,0.0,0.0,0.0,0.0
repeat_2_fold_1,ALMS1,0.0,0.0,0.0,0.0,0.0,0.0,0.0
repeat_2_fold_1,ALOX12,0.0,0.0,0.0,0.0,0.0,0.0,0.0
repeat_2_fold_1,ALOX12B,0.0,0.0,0.0,0.0,0.0,0.0,0.0
repeat_2_fold_1,ALOX15,0.0,0.0,0.0,0.0,0.0,0.0,0.0
repeat_2_fold_1,ALOX15B,0.0,0.0,0.0,0.0,0.0,0.0,0.0
repeat_2_fold_1,ALOX5,0.0,0.0,0.0,0.0,0.0,0.0,0.0
repeat_2_fold_1,ALOX5AP,0.0,0.0,0.0,0.0,0.0,0.0,0.0
repeat_2_fold_1,ALOXE3,0.0,0.0,0.0,0.0,0.0,0.0,0.0
repeat_2_fold_1,ALPG,0.0,0.0,0.0,0.0,0.0,0.0,0.0
repeat_2_fold_1,ALPI,0.0,0.0,0.0,0.0,0.0,0.0,0.0
repeat_2_fold_1,ALPK1,0.0,0.0,0.0,0.0,0.0,0.0,0.0
repeat_2_fold_1,ALPP,0.0,0.0,0.0,0.0,0.0,0.0,0.0
repeat_2_fold_1,ALS2CL,0.0,0.0,0.0,0.0,0.0,0.0,0.0
repeat_2_fold_1,ALX3,0.0,0.0,0.0,0.0,0.0,0.0,0.0
repeat_2_fold_1,AMACR,0.0,0.0,0.0,0.0,0.0,0.0,0.0
repeat_2_fold_1,AMBN,0.0,0.0,0.0,0.0,0.0,0.0,0.0
repeat_2_fold_1,AMBP,-0.19154110584240058,0.38308221168480117,0.19154110584240058,-0.38308221168480117,0.0,-0.00022123893805309214,0.5
repeat_2_fold_1,AMBRA1,0.0,0.0,0.0,0.0,0.0,0.0,0.0
repeat_2_fold_1,AMD1,0.0,0.0,0.0,0.0,0.0,0.0,0.0
repeat_2_fold_1,AMDHD2,0.0,0.0,0.0,0.0,0.0,0.0,0.0
repeat_2_fold_1,AMELX,0.0,0.0,0.0,0.0,0.0,0.0,0.0
repeat_2_fold_1,AMFR,0.0,0.0,0.0,0.0,0.0,0.0,0.0
repeat_2_fold_1,AMH,0.0,0.0,0.0,0.0,0.0,0.0,0.0
repeat_2_fold_1,AMHR2,0.0,0.0,0.0,0.0,0.0,0.0,0.0
repeat_2_fold_1,AMIGO2,0.0,0.0,0.0,0.0,0.0,0.0,0.0
repeat_2_fold_1,AMN,0.0,0.0,0.0,0.0,0.0,0.0,0.0
repeat_2_fold_1,AMOT,0.0,0.0,0.0,0.0,0.0,0.0,0.0
repeat_2_fold_1,AMOTL2,0.0,0.0,0.0,0.0,0.0,0.0,0.0
repeat_2_fold_1,AMPD1,0.0,0.0,0.0,0.0,0.0,0.0,0.0
repeat_2_fold_1,AMPD2,0.0,0.0,0.0,0.0,0.0,0.0,0.0
repeat_2_fold_1,AMPD3,0.0,0.0,0.0,0.0,0.0,0.0,0.0
repeat_2_fold_1,AMPH,0.0,0.0,0.0,0.0,0.0,0.0,0.0
repeat_2_fold_1,AMT,0.0,0.0,0.0,0.0,0.0,0.0,0.0
repeat_2_fold_1,AMY1A,0.0,0.0,0.0,0.0,0.0,0.0,0.0
repeat_2_fold_1,ANAPC1,0.0,0.0,0.0,0.0,0.0,0.0,0.0
repeat_2_fold_1,ANAPC10,0.0,0.0,0.0,0.0,0.0,0.0,0.0
repeat_2_fold_1,ANAPC13,0.0,0.0,0.0,0.0,0.0,0.0,0.0
repeat_2_fold_1,ANAPC15,0.0,0.0,0.0,0.0,0.0,0.0,0.0
repeat_2_fold_1,ANAPC2,0.0,0.0,0.0,0.0,0.0,0.0,0.0
repeat_2_fold_1,ANAPC5,0.0,0.0,0.0,0.0,0.0,0.0,0.0
repeat_2_fold_1,ANG,0.0,0.0,0.0,0.0,0.0,0.0,0.0
repeat_2_fold_1,ANGPT1,0.0,0.0,0.0,0.0,0.0,0.0,0.0
repeat_2_fold_1,ANGPT2,0.0,0.0,0.0,0.0,0.0,0.0,0.0
repeat_2_fold_1,ANGPT4,0.0,0.0,0.0,0.0,0.0,0.0,0.0
repeat_2_fold_1,ANGPTL3,0.0,0.0,0.0,0.0,0.0,0.0,0.0
repeat_2_fold_1,ANGPTL4,0.0,0.0,0.0,0.0,0.0,0.0,0.0
repeat_2_fold_1,ANGPTL8,0.0,0.0,0.0,0.0,0.0,0.0,0.0
repeat_2_fold_1,ANK1,0.0,0.0,0.0,0.0,0.0,0.0,0.0
repeat_2_fold_1,ANK2,0.0,0.0,0.0,0.0,0.0,0.0,0.0
repeat_2_fold_1,ANK3,0.0,0.0,0.0,0.0,0.0,0.0,0.0
repeat_2_fold_1,ANKFY1,0.0,0.0,0.0,0.0,0.0,0.0,0.5
repeat_2_fold_1,ANKH,0.0,0.0,0.0,0.0,0.0,0.0,0.0
repeat_2_fold_1,ANKLE2,0.0,0.0,0.0,0.0,0.0,0.0,0.0
repeat_2_fold_1,ANKRD1,0.0,0.0,0.0,0.0,0.0,0.0,0.0
repeat_2_fold_1,ANKRD26,0.0,0.0,0.0,0.0,0.0,0.0,0.0
repeat_2_fold_1,ANKRD27,-0.16948173688559187,0.39995730573258653,0.19997865286629327,-0.3694603897518851,0.25,-0.0017699115044247649,0.5
repeat_2_fold_1,ANKRD28,0.0,0.0,0.0,0.0,0.0,0.0,0.0
repeat_2_fold_1,ANKZF1,0.0,0.0,0.0,0.0,0.0,0.0,0.0
repeat_2_fold_1,ANO1,0.0,0.0,0.0,0.0,0.0,0.0,0.0
repeat_2_fold_1,ANO10,0.0,0.0,0.0,0.0,0.0,0.0,0.0
repeat_2_fold_1,ANO2,0.0,0.0,0.0,0.0,0.0,0.0,0.0
repeat_2_fold_1,ANO3,0.0,0.0,0.0,0.0,0.0,0.0,0.0
repeat_2_fold_1,ANOS1,0.0,0.0,0.0,0.0,0.0,0.0,0.0
repeat_2_fold_1,ANPEP,0.0,0.0,0.0,0.0,0.0,0.0,0.0
repeat_2_fold_1,ANTXR1,0.0,0.0,0.0,0.0,0.0,0.0,0.0
repeat_2_fold_1,ANXA1,0.0,0.0,0.0,0.0,0.0,0.0,0.0
repeat_2_fold_1,ANXA2,0.0,0.0,0.0,0.0,0.0,0.0,0.0
repeat_2_fold_1,ANXA3,0.0,0.0,0.0,0.0,0.0,0.0,0.0
repeat_2_fold_1,ANXA5,0.0,0.0,0.0,0.0,0.0,0.0,0.0
repeat_2_fold_1,ANXA6,0.0,0.0,0.0,0.0,0.0,0.0,0.0
repeat_2_fold_1,AOC1,0.0,0.0,0.0,0.0,0.0,0.0,0.0
repeat_2_fold_1,AOC2,0.0,0.0,0.0,0.0,0.0,0.0,0.0
repeat_2_fold_1,AOC3,0.0,0.0,0.0,0.0,0.0,0.0,0.0
repeat_2_fold_1,AP1B1,0.0,0.0,0.0,0.0,0.0,0.0,0.0
repeat_2_fold_1,AP1G1,0.0,0.0,0.0,0.0,0.0,0.0,0.0
repeat_2_fold_1,AP1G2,0.0,0.0,0.0,0.0,0.0,0.0,0.0
repeat_2_fold_1,AP1M2,0.0,0.0,0.0,0.0,0.0,0.0,0.0
repeat_2_fold_1,AP1S1,0.0,0.0,0.0,0.0,0.0,0.0,0.0
repeat_2_fold_1,AP1S2,0.0,0.0,0.0,0.0,0.0,0.0,0.0
repeat_2_fold_1,AP2A2,0.0,0.0,0.0,0.0,0.0,0.0,0.0
repeat_2_fold_1,AP2B1,0.0,0.0,0.0,0.0,0.0,0.0,0.0
repeat_2_fold_1,AP2M1,0.0,0.0,0.0,0.0,0.0,0.0,0.0
repeat_2_fold_1,AP2S1,0.0,0.0,0.0,0.0,0.0,0.0,0.0
repeat_2_fold_1,AP3B1,0.0,0.0,0.0,0.0,0.0,0.0,0.0
repeat_2_fold_1,AP3S1,0.0,0.0,0.0,0.0,0.0,0.0,0.0
repeat_2_fold_1,AP4M1,0.0,0.0,0.0,0.0,0.0,0.0,0.0
repeat_2_fold_1,AP4S1,0.0,0.0,0.0,0.0,0.0,0.0,0.0
repeat_2_fold_1,APBA1,0.0,0.0,0.0,0.0,0.0,0.0,0.0
repeat_2_fold_1,APBA2,0.0,0.0,0.0,0.0,0.0,0.0,0.0
repeat_2_fold_1,APBA3,0.0,0.0,0.0,0.0,0.0,0.0,0.0
repeat_2_fold_1,APBB1,0.0,0.0,0.0,0.0,0.0,0.0,0.5
repeat_2_fold_1,APBB1IP,0.0,0.0,0.0,0.0,0.0,0.0,0.0
repeat_2_fold_1,APC,0.0,0.0,0.0,0.0,0.0,0.0,0.0
repeat_2_fold_1,APCS,0.0,0.0,0.0,0.0,0.0,0.0,0.0
repeat_2_fold_1,APEH,0.0,0.0,0.0,0.0,0.0,0.0,0.0
repeat_2_fold_1,APEX1,0.0,0.0,0.0,0.0,0.0,0.0,0.0
repeat_2_fold_1,APH1A,0.0,0.0,0.0,0.0,0.0,0.0,0.0
repeat_2_fold_1,APIP,0.0,0.0,0.0,0.0,0.0,0.0,0.0
repeat_2_fold_1,APLNR,0.0,0.0,0.0,0.0,0.0,0.0,0.0
repeat_2_fold_1,APLP2,0.0,0.0,0.0,0.0,0.0,0.0,0.0
repeat_2_fold_1,APOA1,0.0,0.0,0.0,0.0,0.0,0.0,0.0
repeat_2_fold_1,APOA2,0.0,0.0,0.0,0.0,0.0,0.0,0.0
repeat_2_fold_1,ARF3,0.0,0.0,0.0,0.0,0.0,-0.0004006410256410242,0.5
repeat_2_fold_1,ARHGAP1,0.0,0.0,0.0,0.0,0.0,0.0,0.0
repeat_2_fold_1,ARHGAP19,0.0,0.0,0.0,0.0,0.0,0.0,0.0
repeat_2_fold_1,ARHGAP28,-0.29607378817356356,0.5577389772961562,0.2788694886480781,-0.5749432768216416,0.25,0.0005382062627637962,1.0
repeat_2_fold_1,ARHGEF38,0.0,0.0,0.0,0.0,0.0,0.0,0.0
repeat_2_fold_1,ARHGEF6,0.0,0.0,0.0,0.0,0.0,0.0,0.0
repeat_2_fold_1,ARPC4,0.0,0.0,0.0,0.0,0.0,0.0,0.0
repeat_2_fold_1,ASB1,0.0,0.0,0.0,0.0,0.0,0.0,0.0
repeat_2_fold_1,ASPH,0.0,0.0,0.0,0.0,0.0,0.0,0.0
repeat_2_fold_1,ASRGL1,0.0,0.0,0.0,0.0,0.0,0.0,0.0
repeat_2_fold_1,ATF1,0.0,0.0,0.0,0.0,0.0,0.0,0.5
repeat_2_fold_1,ATF6,0.0,0.0,0.0,0.0,0.0,0.0,0.0
repeat_2_fold_1,ATP5F1E,0.0,0.0,0.0,0.0,0.0,0.0,0.0
repeat_2_fold_1,ATP5MC3,0.0,0.0,0.0,0.0,0.0,0.0,0.0
repeat_2_fold_1,ATP5PO,0.0,0.0,0.0,0.0,0.0,0.0,0.0
repeat_2_fold_1,ATP6V0D1,0.0,0.0,0.0,0.0,0.0,0.0,0.0
repeat_2_fold_1,ATP6V0E2,0.0,0.0,0.0,0.0,0.0,0.0,0.0
repeat_2_fold_1,ATP8B2,0.0,0.0,0.0,0.0,0.0,0.0006637168141593042,0.5
repeat_2_fold_1,B4GALT3,-0.11879760188683619,0.15744884485671945,0.07872442242835972,-0.19752202431519592,0.0,0.0,0.5
repeat_2_fold_1,BACE1,0.04098254162109427,0.04732256287402764,0.02366128143701382,0.01732126018408045,0.5,0.0,0.5
repeat_2_fold_1,BANF1,0.060207350017897454,0.12456400177607611,0.06228200088803806,-0.0020746508701406027,0.25,-0.0004006410256410242,0.5
repeat_2_fold_1,BATF,0.0,0.0,0.0,0.0,0.0,0.0,0.0
repeat_2_fold_1,BBS1,-0.19126151714672268,0.25619666990050277,0.12809833495025139,-0.31935985209697404,0.0,-0.0012019230769230727,0.5
repeat_2_fold_1,BIRC5,0.0,0.0,0.0,0.0,0.0,0.0,0.0
repeat_2_fold_1,BLTP3B,0.0,0.0,0.0,0.0,0.0,0.0,0.0
repeat_2_fold_1,BMP15,0.0,0.0,0.0,0.0,0.0,0.0,0.0
repeat_2_fold_1,BMP2,0.0,0.0,0.0,0.0,0.0,0.0,0.0
repeat_2_fold_1,BOLA2,0.0,0.0,0.0,0.0,0.0,0.0,0.0
repeat_2_fold_1,BRF1,0.0,0.0,0.0,0.0,0.0,0.0,0.0
repeat_2_fold_1,BTF3,0.0,0.0,0.0,0.0,0.0,0.0006637168141593042,0.5
repeat_2_fold_1,C2CD3,-0.033615337746470075,0.05666534173437545,0.028332670867187725,-0.061948008613657804,0.0,0.0010016025641025605,0.5
repeat_2_fold_1,C9orf78,-0.19296799057837255,0.3246072542333515,0.16230362711667576,-0.35527161769504834,0.25,-0.0009597657136373727,1.0
repeat_2_fold_1,CA14,0.01866946274880732,0.27307053105801266,0.13653526552900633,-0.11786580278019901,0.5,-0.002191470955298369,1.0
repeat_2_fold_1,CA9,0.0,0.0,0.0,0.0,0.0,0.0,0.0
repeat_2_fold_1,CAB39,0.0,0.0,0.0,0.0,0.0,0.0,0.0
repeat_2_fold_1,CABP1,0.0,0.0,0.0,0.0,0.0,-0.00022123893805309214,0.5
repeat_2_fold_1,CACNA1G,-0.17261608868055411,0.6268046894026308,0.3134023447013154,-0.4860184333818695,0.25,0.0011061946902655162,0.5
repeat_2_fold_1,CACNA1H,0.0,0.0,0.0,0.0,0.0,0.0,0.0
repeat_2_fold_1,CAMK2A,-0.1308942713780823,0.29899664112101954,0.14949832056050977,-0.28039259193859206,0.25,0.003097345132743373,0.5
repeat_2_fold_1,CAMKMT,0.0,0.0,0.0,0.0,0.0,0.0,0.0
repeat_2_fold_1,CASP7,0.0,0.0,0.0,0.0,0.0,0.0,0.0
repeat_2_fold_1,CASP9,0.0,0.0,0.0,0.0,0.0,0.0,0.0
repeat_2_fold_1,CBX6,0.0,0.0,0.0,0.0,0.0,0.0,0.0
repeat_2_fold_1,CBX8,0.0,0.0,0.0,0.0,0.0,0.0,0.0
repeat_2_fold_1,CCL2,0.0,0.0,0.0,0.0,0.0,0.0005800431132289563,1.0
repeat_2_fold_1,CCL22,-0.7244542988934537,0.9750697194065723,0.48753485970328614,-1.2119891585967397,0.0,-0.0013274336283185528,0.5
repeat_2_fold_1,CCL25,0.0,0.0,0.0,0.0,0.0,0.0,0.0
repeat_2_fold_1,CCT4,0.0,0.0,0.0,0.0,0.0,0.0,0.0
repeat_2_fold_1,CCT5,0.0,0.0,0.0,0.0,0.0,0.0004424778761061843,0.5
repeat_2_fold_1,CCT6A,0.0,0.0,0.0,0.0,0.0,0.0,0.0
repeat_2_fold_1,CD1C,0.0,0.0,0.0,0.0,0.0,0.0006637168141593042,0.5
repeat_2_fold_1,CD22,0.0,0.0,0.0,0.0,0.0,-0.00022123893805309214,0.5
repeat_2_fold_1,CD9,0.0,0.0,0.0,0.0,0.0,0.0,0.0
repeat_2_fold_1,CDC25C,0.0,0.0,0.0,0.0,0.0,-0.0002003205128205121,0.5
repeat_2_fold_1,CDC42BPB,-0.06009216873887979,0.07093835157679776,0.03546917578839888,-0.09556134452727867,0.0,0.00035880417517586416,1.0
repeat_2_fold_1,CDH15,0.0,0.0,0.0,0.0,0.0,0.0,0.0
repeat_2_fold_1,CDK5R2,0.04751496835270075,0.24306601982566492,0.12153300991283246,-0.07401804156013171,0.75,-0.004691045495802099,1.0
repeat_2_fold_1,CDKN1B,0.0,0.0,0.0,0.0,0.0,0.0,0.0
repeat_2_fold_1,CDX2,0.01824411906224377,0.047213552881420935,0.023606776440710468,-0.005362657378466699,0.25,0.0015486725663717005,0.5
repeat_2_fold_1,CENPE,-0.14487733987601814,0.1676046946279814,0.0838023473139907,-0.22867968719000883,0.0,0.0006009615384615363,0.5
repeat_2_fold_1,CENPO,0.0,0.0,0.0,0.0,0.0,0.0,0.0
repeat_2_fold_1,CEP250,0.0,0.0,0.0,0.0,0.0,0.0,0.0
repeat_2_fold_1,CEP290,0.0,0.0,0.0,0.0,0.0,0.00022123893805309214,0.5
repeat_2_fold_1,CEP57,0.0,0.0,0.0,0.0,0.0,0.0,0.0
repeat_2_fold_1,CETN2,0.0,0.0,0.0,0.0,0.0,0.0,0.0
repeat_2_fold_1,CFP,0.0416576964001667,0.0833153928003334,0.0416576964001667,0.0,0.25,0.0006637168141593042,0.5
repeat_2_fold_1,CHAC1,-0.19136096929371682,0.48523477412637445,0.24261738706318722,-0.43397835635690407,0.25,-0.0014022435897435848,0.5
repeat_2_fold_1,CHD1,-0.18482334351681295,0.2185132225811587,0.10925661129057936,-0.2940799548073923,0.0,2.7755575615628914e-17,0.5
repeat_2_fold_1,CHGA,0.0,0.0,0.0,0.0,0.0,0.0,0.0
repeat_2_fold_1,CHL1,0.0,0.0,0.0,0.0,0.0,0.0,0.0
repeat_2_fold_1,CHPT1,0.028061566455725995,0.08722940066165875,0.04361470033082938,-0.015553133875103382,0.25,-0.0006009615384615363,0.5
repeat_2_fold_1,CHST15,0.0,0.0,0.0,0.0,0.0,0.0,0.0
repeat_2_fold_1,CIAO3,0.0,0.0,0.0,0.0,0.0,0.0,0.0
repeat_2_fold_1,CLCN2,0.0,0.0,0.0,0.0,0.0,0.0,0.0
repeat_2_fold_1,CLU,0.0,0.0,0.0,0.0,0.0,-0.0010016025641025605,0.5
repeat_2_fold_1,CMTM6,0.0,0.0,0.0,0.0,0.0,0.0,0.0
repeat_2_fold_1,CNKSR2,0.0,0.0,0.0,0.0,0.0,0.0,0.0
repeat_2_fold_1,COG5,0.0,0.0,0.0,0.0,0.0,0.0,0.0
repeat_2_fold_1,COL4A4,0.0,0.0,0.0,0.0,0.0,0.0,0.0
repeat_2_fold_1,COL6A2,0.0,0.0,0.0,0.0,0.0,0.0,0.0
repeat_2_fold_1,COL9A2,0.0,0.0,0.0,0.0,0.0,0.0,0.0
repeat_2_fold_1,COMMD3,0.0,0.0,0.0,0.0,0.0,0.0,0.0
repeat_2_fold_1,COQ10B,0.0,0.0,0.0,0.0,0.0,0.0,0.0
repeat_2_fold_1,CORT,0.0,0.0,0.0,0.0,0.0,0.0,0.0
repeat_2_fold_1,COX16,0.0,0.0,0.0,0.0,0.0,0.0,0.0
repeat_2_fold_1,CPA3,0.0,0.0,0.0,0.0,0.0,0.0,0.0
repeat_2_fold_1,CPSF4,0.0,0.0,0.0,0.0,0.0,0.0,0.0
repeat_2_fold_1,CREB3,-0.13092464401304582,0.16782045652003708,0.08391022826001854,-0.21483487227306436,0.0,0.0008012820512820484,0.5
repeat_2_fold_1,CREG1,0.0,0.0,0.0,0.0,0.0,0.0,0.0
repeat_2_fold_1,CRLF1,0.0,0.0,0.0,0.0,0.0,0.0,0.0
repeat_2_fold_1,CRY2,0.0,0.0,0.0,0.0,0.0,0.0,0.0
repeat_2_fold_1,CRYBA4,0.0,0.0,0.0,0.0,0.0,0.0,0.0
repeat_2_fold_1,CSF1R,0.0,0.0,0.0,0.0,0.0,0.0,0.0
repeat_2_fold_1,CSNK2A1,0.0,0.0,0.0,0.0,0.0,0.0,0.0
repeat_2_fold_1,CSPG4,-0.043366627765800914,0.08960268032663818,0.04480134016331909,-0.08816796792912,0.25,0.0002003205128205121,1.0
repeat_2_fold_1,CSPG5,0.0,0.0,0.0,0.0,0.0,0.0,0.0
repeat_2_fold_1,CSTF2,0.0,0.0,0.0,0.0,0.0,0.0,0.0
repeat_2_fold_1,CTLA4,0.0,0.0,0.0,0.0,0.0,0.0,0.0
repeat_2_fold_1,CTSE,0.0,0.0,0.0,0.0,0.0,0.0,0.0
repeat_2_fold_1,CTSF,0.0,0.0,0.0,0.0,0.0,0.0,0.0
repeat_2_fold_1,CUL1,0.02778284782732854,0.03208086934392508,0.01604043467196254,0.011742413155365998,0.5,-0.0016025641025640969,1.0
repeat_2_fold_1,CXCL6,0.0,0.0,0.0,0.0,0.0,0.0,0.0
repeat_2_fold_1,CXCR2,-0.2175420728812103,0.369019653647658,0.184509826823829,-0.4020518997050393,0.0,-0.0011061946902654607,0.5
repeat_2_fold_1,CYB5A,0.0,0.0,0.0,0.0,0.0,0.0,0.0
repeat_2_fold_1,CYB5R1,0.0,0.0,0.0,0.0,0.0,0.0,0.0
repeat_2_fold_1,CYLD,0.026181177237333486,0.06685510270876105,0.033427551354380525,-0.007246374117047039,0.25,-0.0010016025641025605,0.5
repeat_2_fold_1,CYP11B1,0.0,0.0,0.0,0.0,0.0,0.0,0.0
repeat_2_fold_1,CYP21A2,-0.7839126341835527,0.8790671408577672,0.4395335704288836,-1.2234462046124364,0.0,0.004119866122078514,1.0
repeat_2_fold_1,CYP3A5,0.0,0.0,0.0,0.0,0.0,0.0,0.0
repeat_2_fold_1,CYP46A1,0.0,0.0,0.0,0.0,0.0,0.0,0.0
repeat_2_fold_1,DCAF6,0.0,0.0,0.0,0.0,0.0,0.0,0.0
repeat_2_fold_1,DCTN6,0.0,0.0,0.0,0.0,0.0,0.0,0.0
repeat_2_fold_1,DCTPP1,0.0,0.0,0.0,0.0,0.0,0.0,0.0
repeat_2_fold_1,DCXR,0.0,0.0,0.0,0.0,0.0,0.0,0.0
repeat_2_fold_1,DDR1,-0.09465446472272987,0.10929756137533604,0.05464878068766802,-0.14930324541039788,0.0,-0.0014022435897435848,0.5
repeat_2_fold_1,DDX49,0.0,0.0,0.0,0.0,0.0,0.0,0.0
repeat_2_fold_1,DET1,0.044101799301348166,0.08820359860269635,0.04410179930134817,-6.938893903907228e-18,0.25,0.001802884615384609,0.5
repeat_2_fold_1,DGKI,0.0,0.0,0.0,0.0,0.0,0.0,0.5
repeat_2_fold_1,DHRS9,0.0,0.0,0.0,0.0,0.0,0.0,0.0
repeat_2_fold_1,DHX58,0.0,0.0,0.0,0.0,0.0,-0.0006427983889266964,1.0
repeat_2_fold_1,DKC1,0.015909425736237992,0.11200297200791726,0.05600148600395863,-0.040092060267720636,0.25,0.00044247787610621203,0.5
repeat_2_fold_1,DLK1,0.0,0.0,0.0,0.0,0.0,0.0,0.0
repeat_2_fold_1,DMPK,0.0,0.0,0.0,0.0,0.0,0.0,0.0
repeat_2_fold_1,DMRT1,-0.0023818318145725215,0.004763663629145043,0.0023818318145725215,-0.004763663629145043,0.0,0.0005800431132289563,1.0
repeat_2_fold_1,DNAJA2,0.0,0.0,0.0,0.0,0.0,0.0,0.0
repeat_2_fold_1,DNAJB9,0.0,0.0,0.0,0.0,0.0,0.0,0.0
repeat_2_fold_1,DNAJC7,0.028734587376264997,0.057469174752529995,0.028734587376264997,0.0,0.25,0.00044247787610621203,0.5
repeat_2_fold_1,DNAJC8,-0.6266432601263485,0.7266822793659757,0.36334113968298787,-0.9899843998093364,0.0,-0.0012019230769230727,0.5
repeat_2_fold_1,DNASE1L1,0.0,0.0,0.0,0.0,0.0,0.0,0.0
repeat_2_fold_1,DNMT3B,0.0,0.0,0.0,0.0,0.0,0.0,0.0
repeat_2_fold_1,DOCK9,0.0,0.0,0.0,0.0,0.0,0.0,0.0
repeat_2_fold_1,DOLK,0.0,0.0,0.0,0.0,0.0,0.0,0.0
repeat_2_fold_1,DPF1,-0.07477520958188322,0.09876832210939253,0.049384161054696264,-0.12415937063657947,0.0,4.183685046516006e-05,1.0
repeat_2_fold_1,DPF3,0.0,0.0,0.0,0.0,0.0,0.0,0.0
repeat_2_fold_1,DPM3,0.0,0.0,0.0,0.0,0.0,0.0,0.0
repeat_2_fold_1,DPYS,0.0,0.0,0.0,0.0,0.0,0.0,0.0
repeat_2_fold_1,DRD1,0.0,0.0,0.0,0.0,0.0,0.0,0.0
repeat_2_fold_1,DSCAM,0.0,0.0,0.0,0.0,0.0,0.0,0.5
repeat_2_fold_1,DUOX1,0.0,0.0,0.0,0.0,0.0,0.0,0.0
repeat_2_fold_1,DUOX2,-0.0023818318145725215,0.004763663629145043,0.0023818318145725215,-0.004763663629145043,0.0,-0.0004424778761061843,1.0
repeat_2_fold_1,EBAG9,0.0,0.0,0.0,0.0,0.0,0.0,0.0
repeat_2_fold_1,EEF1D,-0.17925410078851378,0.22094272710507756,0.11047136355253878,-0.28972546434105256,0.0,0.0006009615384615363,0.5
repeat_2_fold_1,EFNA1,-0.10247883868290053,0.1277303685604037,0.06386518428020185,-0.16634402296310238,0.0,-0.0008012820512820484,0.5
repeat_2_fold_1,EFNB3,0.0,0.0,0.0,0.0,0.0,0.0,0.0
repeat_2_fold_1,EHMT2,0.02698341751789357,0.03280572018003073,0.016402860090015365,0.010580557427878206,0.5,-0.0008012820512820484,0.5
repeat_2_fold_1,EIF2AK2,0.0,0.0,0.0,0.0,0.0,0.0,0.0
repeat_2_fold_1,EIF2AK3,0.0,0.0,0.0,0.0,0.0,0.0,0.0
repeat_2_fold_1,EIF3A,0.0,0.0,0.0,0.0,0.0,0.0,0.0
repeat_2_fold_1,EIF3F,0.0,0.0,0.0,0.0,0.0,0.0,0.0
repeat_2_fold_1,EIF3I,0.012621714286925823,0.1847185377280916,0.0923592688640458,-0.07973755457711998,0.25,0.0014022435897435848,0.5
repeat_2_fold_1,EIF3L,0.01726034458893899,0.24660275545525956,0.12330137772762978,-0.10604103313869079,0.25,-0.001865639891082349,1.0
repeat_2_fold_1,EIF4A3,0.0,0.0,0.0,0.0,0.0,0.0,0.0
repeat_2_fold_1,EIF4E2,0.0,0.0,0.0,0.0,0.0,0.0,0.0
repeat_2_fold_1,ELAC2,0.0,0.0,0.0,0.0,0.0,0.0,0.0
repeat_2_fold_1,ELP5,0.0,0.0,0.0,0.0,0.0,0.0,0.0
repeat_2_fold_1,ENGASE,0.0,0.0,0.0,0.0,0.0,0.0,0.0
repeat_2_fold_1,EPB41L1,0.0,0.0,0.0,0.0,0.0,0.0,0.0
repeat_2_fold_1,ERCC6L,-0.12410249446698174,0.1511546759429511,0.07557733797147555,-0.19967983243845727,0.0,-0.0004006410256410242,0.5
repeat_2_fold_1,ETS2,-0.03890138279470712,0.07780276558941424,0.03890138279470712,-0.07780276558941424,0.0,0.0016025641025640969,0.5
repeat_2_fold_1,EXTL2,-0.07532359136501654,0.08746314490103677,0.04373157245051838,-0.11905516381553492,0.0,0.0002003205128205121,0.5
repeat_2_fold_1,F11R,0.0,0.0,0.0,0.0,0.0,0.0,0.0
repeat_2_fold_1,F12,0.0,0.0,0.0,0.0,0.0,0.0,0.0
repeat_2_fold_1,F3,-0.16705494758475048,0.23581372815434723,0.11790686407717361,-0.2849618116619241,0.0,-0.0014022435897435848,0.5
repeat_2_fold_1,F8,0.0,0.0,0.0,0.0,0.0,0.0,0.0
repeat_2_fold_1,FANCC,0.018125094206673964,0.02092905603862108,0.01046452801931054,0.007660566187363424,0.5,0.0004006410256410242,0.5
repeat_2_fold_1,FANCG,-0.09465446472272987,0.10929756137533604,0.05464878068766802,-0.14930324541039788,0.0,0.0006009615384615363,0.5
repeat_2_fold_1,FAR2,0.0,0.0,0.0,0.0,0.0,0.00044247787610621203,0.5
repeat_2_fold_1,FBXW4,0.0754721107286489,0.11110343018662056,0.05555171509331028,0.019920395635338622,0.5,-0.00035880417517586416,1.0
repeat_2_fold_1,FCER1A,0.0,0.0,0.0,0.0,0.0,-0.00022123893805309214,0.5
repeat_2_fold_1,FGR,0.0,0.0,0.0,0.0,0.0,0.0,0.0
repeat_2_fold_1,FHL2,0.0,0.0,0.0,0.0,0.0,0.0,0.0
repeat_2_fold_1,FOLH1,0.0,0.0,0.0,0.0,0.0,0.0,0.0
repeat_2_fold_1,FOXO4,0.0,0.0,0.0,0.0,0.0,0.0,0.0
repeat_2_fold_1,FUT9,0.0,0.0,0.0,0.0,0.0,0.0,0.0
repeat_2_fold_1,FXYD6,0.0,0.0,0.0,0.0,0.0,0.0,0.0
repeat_2_fold_1,G3BP1,-0.12664519631849736,0.17044260351130253,0.08522130175565126,-0.21186649807414862,0.0,0.0,0.5
repeat_2_fold_1,GABRA2,0.0,0.0,0.0,0.0,0.0,0.0,0.0
repeat_2_fold_1,GABRG3,0.0,0.0,0.0,0.0,0.0,0.0,0.0
repeat_2_fold_1,GAD2,0.0,0.0,0.0,0.0,0.0,0.0,0.0
repeat_2_fold_1,GALNS,0.0,0.0,0.0,0.0,0.0,0.0,0.0
repeat_2_fold_1,GALNT14,0.0,0.0,0.0,0.0,0.0,-0.00022123893805309214,0.5
repeat_2_fold_1,GALNT3,0.0,0.0,0.0,0.0,0.0,0.0,0.0
repeat_2_fold_1,GAMT,-0.20664573593600544,0.1799689270494758,0.0899844635247379,-0.2966301994607433,0.0,-0.0007385267755842806,1.0
repeat_2_fold_1,GAS2,-0.07823700483388052,0.13027537524839983,0.06513768762419991,-0.14337469245808043,0.0,0.012019230769230782,0.5
repeat_2_fold_1,GATA4,0.0,0.0,0.0,0.0,0.0,0.0,0.0
repeat_2_fold_1,GBA3,0.0,0.0,0.0,0.0,0.0,0.0,0.0
repeat_2_fold_1,GCG,0.0,0.0,0.0,0.0,0.0,0.0,0.0
repeat_2_fold_1,GDNF,0.0,0.0,0.0,0.0,0.0,0.0,0.0
repeat_2_fold_1,GFPT1,0.0,0.0,0.0,0.0,0.0,0.0,0.0
repeat_2_fold_1,GFRA4,0.0,0.0,0.0,0.0,0.0,0.0,0.0
repeat_2_fold_1,GGA2,0.0,0.0,0.0,0.0,0.0,0.0,0.0
repeat_2_fold_1,GGT1,0.04924806615878197,0.05686676850768253,0.028433384253841266,0.0208146819049407,0.5,0.0024038461538461453,0.5
repeat_2_fold_1,GHR,0.0,0.0,0.0,0.0,0.0,0.0,0.0
repeat_2_fold_1,GIT2,0.0,0.0,0.0,0.0,0.0,0.0,0.0
repeat_2_fold_1,GJB3,0.0,0.0,0.0,0.0,0.0,0.0,0.0
repeat_2_fold_1,GK2,0.0,0.0,0.0,0.0,0.0,0.0,0.0
repeat_2_fold_1,GLRA1,0.0,0.0,0.0,0.0,0.0,0.0,0.0
repeat_2_fold_1,GLRX5,0.0,0.0,0.0,0.0,0.0,0.0,0.0
repeat_2_fold_1,GNAS,0.0,0.0,0.0,0.0,0.0,0.0,0.0
repeat_2_fold_1,GNB1,0.0,0.0,0.0,0.0,0.0,0.0,0.0
repeat_2_fold_1,GNB2,0.0,0.0,0.0,0.0,0.0,0.0,0.0
repeat_2_fold_1,GNE,0.0,0.0,0.0,0.0,0.0,0.0,0.0
repeat_2_fold_1,GNG11,-0.3704921723224057,0.4296912122533579,0.21484560612667894,-0.5853377784490846,0.0,0.00046339630133879206,1.0
repeat_2_fold_1,GNLY,-0.14609941953988503,0.29219883907977007,0.14609941953988503,-0.29219883907977007,0.0,0.0013604067392784247,1.0
repeat_2_fold_1,GP2,0.0,0.0,0.0,0.0,0.0,0.0,0.0
repeat_2_fold_1,GPC3,0.0,0.0,0.0,0.0,0.0,0.0,0.0
repeat_2_fold_1,GPS1,0.0,0.0,0.0,0.0,0.0,0.0,0.0
repeat_2_fold_1,GRIA1,0.0,0.0,0.0,0.0,0.0,0.0,0.0
repeat_2_fold_1,GRIK3,0.0,0.0,0.0,0.0,0.0,0.0,0.0
repeat_2_fold_1,GRK4,0.0,0.0,0.0,0.0,0.0,0.0,0.0
repeat_2_fold_1,GRK6,0.0,0.0,0.0,0.0,0.0,0.0,0.0
repeat_2_fold_1,GTF2E1,0.0,0.0,0.0,0.0,0.0,0.0,0.0
repeat_2_fold_1,GTPBP2,0.0,0.0,0.0,0.0,0.0,0.0,0.0
repeat_2_fold_1,H2AC16,0.0,0.0,0.0,0.0,0.0,0.0,0.0
repeat_2_fold_1,H2AC6,0.04494540054679241,0.08989080109358483,0.04494540054679241,0.0,0.25,-0.0002003205128205121,0.5
repeat_2_fold_1,H2AC8,0.02008539116307695,0.040170782326153905,0.020085391163076952,-3.469446951953614e-18,0.25,0.0012228415021556527,1.0
repeat_2_fold_1,H2AZ1,0.0,0.0,0.0,0.0,0.0,0.0,0.0
repeat_2_fold_1,H2AZ2,0.0,0.0,0.0,0.0,0.0,0.0,0.0
repeat_2_fold_1,H2BC17,0.0,0.0,0.0,0.0,0.0,0.0,0.0
repeat_2_fold_1,H2BC3,-0.0814251287749741,0.09501565349667467,0.04750782674833733,-0.12893295552331144,0.0,0.002687840367597033,1.0
repeat_2_fold_1,H2BC9,-0.04519254993791222,0.056779561086677435,0.028389780543338718,-0.07358233048125093,0.0,0.002003205128205121,0.5
repeat_2_fold_1,H3C1,0.0,0.0,0.0,0.0,0.0,0.0,0.0
repeat_2_fold_1,H3C2,0.06682557127166078,0.08232937384085444,0.04116468692042722,0.025660884351233558,0.5,-0.0002003205128205121,0.5
repeat_2_fold_1,H4C5,-0.41205327418270166,0.6878897329475516,0.3439448664737758,-0.7559981406564775,0.5,-0.0025711935557068133,1.0
repeat_2_fold_1,HAND2,0.0,0.0,0.0,0.0,0.0,0.0,0.0
repeat_2_fold_1,HAUS3,0.0,0.0,0.0,0.0,0.0,0.0,0.0
repeat_2_fold_1,HCAR3,0.0,0.0,0.0,0.0,0.0,0.0,0.0
repeat_2_fold_1,HDAC1,0.0,0.0,0.0,0.0,0.0,0.0,0.0
repeat_2_fold_1,HDAC6,0.0,0.0,0.0,0.0,0.0,0.0,0.0
repeat_2_fold_1,HIF1A,0.0,0.0,0.0,0.0,0.0,0.00035880417517586416,1.0
repeat_2_fold_1,HIF1AN,-0.11097186730832753,0.13088045735544576,0.06544022867772288,-0.1764120959860504,0.0,-0.0014022435897435848,0.5
repeat_2_fold_1,HILPDA,0.0,0.0,0.0,0.0,0.0,0.0,0.0
repeat_2_fold_1,HIP1,0.0,0.0,0.0,0.0,0.0,0.0,0.0
repeat_2_fold_1,HK2,0.0,0.0,0.0,0.0,0.0,0.0,0.0
repeat_2_fold_1,HLA-DQB2,-0.14589926745410153,0.2014678989163975,0.10073394945819875,-0.24663321691230028,0.0,-0.0008849557522123686,0.5
repeat_2_fold_1,HLA-DRB4,0.0,0.0,0.0,0.0,0.0,0.0,0.0
repeat_2_fold_1,HMGCL,0.0,0.0,0.0,0.0,0.0,0.0,0.0
repeat_2_fold_1,HNRNPDL,0.06765866343897464,0.13531732687794928,0.06765866343897464,0.0,0.25,-0.00022123893805309214,0.5
repeat_2_fold_1,HNRNPK,0.0,0.0,0.0,0.0,0.0,0.0,0.0
repeat_2_fold_1,HOXB3,0.024624033079390983,0.04924806615878197,0.024624033079390983,0.0,0.25,-0.0009806841388699805,1.0
repeat_2_fold_1,HS6ST1,0.0,0.0,0.0,0.0,0.0,0.0,0.0
repeat_2_fold_1,HSP90AA1,0.0,0.0,0.0,0.0,0.0,0.0,0.0
repeat_2_fold_1,HSPA1L,0.0,0.0,0.0,0.0,0.0,0.0,0.0
repeat_2_fold_1,HSPA4,0.0,0.0,0.0,0.0,0.0,0.0,0.0
repeat_2_fold_1,HSPA9,0.0,0.0,0.0,0.0,0.0,0.0,0.0
repeat_2_fold_1,HSPD1,0.0,0.0,0.0,0.0,0.0,0.0,0.0
repeat_2_fold_1,HSPE1,0.0,0.0,0.0,0.0,0.0,0.0,0.0
repeat_2_fold_1,HTR3B,0.0,0.0,0.0,0.0,0.0,0.0,0.0
repeat_2_fold_1,HYAL1,0.0,0.0,0.0,0.0,0.0,0.0,0.0
repeat_2_fold_1,IAPP,0.0,0.0,0.0,0.0,0.0,0.0,0.0
repeat_2_fold_1,ICAM4,-0.2068236290993184,0.2814935602897486,0.1407467801448743,-0.3475704092441927,0.0,0.0,0.5
repeat_2_fold_1,ICAM5,-0.0640426004161565,0.11557970541716796,0.05778985270858398,-0.12183245312474048,0.0,-0.0002003205128205121,0.5
repeat_2_fold_1,ID1,0.0,0.0,0.0,0.0,0.0,0.0,0.0
repeat_2_fold_1,IDH3G,0.0,0.0,0.0,0.0,0.0,0.0011061946902655162,0.5
repeat_2_fold_1,IFIT3,0.0,0.0,0.0,0.0,0.0,0.0,0.0
repeat_2_fold_1,IFNGR2,-0.019880118201136554,0.08977906921208194,0.04488953460604097,-0.06476965280717753,0.25,-0.0012019230769230727,0.5
repeat_2_fold_1,IGLV2-14,0.0,0.0,0.0,0.0,0.0,0.0,0.0
repeat_2_fold_1,IGLV6-57,0.0,0.0,0.0,0.0,0.0,-0.0004424778761061843,0.5
repeat_2_fold_1,IL18R1,0.0,0.0,0.0,0.0,0.0,0.0,0.0
repeat_2_fold_1,IL1R1,0.0,0.0,0.0,0.0,0.0,0.0,0.0
repeat_2_fold_1,IL27RA,0.0,0.0,0.0,0.0,0.0,0.0,0.0
repeat_2_fold_1,IL36A,0.0,0.0,0.0,0.0,0.0,0.0,0.0
repeat_2_fold_1,ING3,0.0,0.0,0.0,0.0,0.0,0.0,0.0
repeat_2_fold_1,INPP5A,0.0,0.0,0.0,0.0,0.0,0.0,0.0
repeat_2_fold_1,INS,0.0,0.0,0.0,0.0,0.0,0.0,0.0
repeat_2_fold_1,INSL5,0.0,0.0,0.0,0.0,0.0,0.0,0.0
repeat_2_fold_1,INSR,0.0,0.0,0.0,0.0,0.0,0.0,0.0
repeat_2_fold_1,INTS8,0.0,0.0,0.0,0.0,0.0,-0.0004424778761061843,0.5
repeat_2_fold_1,IP6K2,0.0,0.0,0.0,0.0,0.0,-0.0004424778761061843,0.5
repeat_2_fold_1,IPO8,0.0,0.0,0.0,0.0,0.0,0.0,0.0
repeat_2_fold_1,IQCE,0.0,0.0,0.0,0.0,0.0,0.0,0.0
repeat_2_fold_1,ITIH4,0.016635286268188665,0.03327057253637734,0.01663528626818867,-3.469446951953614e-18,0.25,-0.0002003205128205121,0.5
repeat_2_fold_1,JMJD7,0.0,0.0,0.0,0.0,0.0,0.0,0.0
repeat_2_fold_1,KANSL3,0.0,0.0,0.0,0.0,0.0,0.0,0.0
repeat_2_fold_1,KAZN,0.0,0.0,0.0,0.0,0.0,0.0,0.0
repeat_2_fold_1,KCNA10,0.0,0.0,0.0,0.0,0.0,0.0,0.0
repeat_2_fold_1,KCNA2,0.0,0.0,0.0,0.0,0.0,0.0,0.0
repeat_2_fold_1,KCNC2,0.04494540054679241,0.08989080109358483,0.04494540054679241,0.0,0.25,-0.002203525641025633,0.5
repeat_2_fold_1,KCNE5,0.057469174752529995,0.06635968702695767,0.033179843513478836,0.024289331239051158,0.5,0.0,0.5
repeat_2_fold_1,KCNG1,0.0,0.0,0.0,0.0,0.0,0.00022123893805309214,0.5
repeat_2_fold_1,KCNH4,0.0,0.0,0.0,0.0,0.0,-0.00022123893805309214,0.5
repeat_2_fold_1,KCNJ5,0.0,0.0,0.0,0.0,0.0,0.0,0.0
repeat_2_fold_1,KDM5D,0.0,0.0,0.0,0.0,0.0,-0.0006637168141592764,0.5
repeat_2_fold_1,KIDINS220,0.0,0.0,0.0,0.0,0.0,0.0,0.0
repeat_2_fold_1,KIF3C,-0.09869417462813423,0.3328994453989306,0.1664497226994653,-0.2651438973275996,0.25,0.00044247787610621203,0.5
repeat_2_fold_1,KIF4A,-0.06569491327118548,0.07588816111976072,0.03794408055988036,-0.10363899383106584,0.0,0.003405448717948706,1.0
repeat_2_fold_1,KISS1,0.06479054831237185,0.33427614594182276,0.16713807297091138,-0.10234752465853952,0.75,0.0033636118674835735,1.0
repeat_2_fold_1,KLK1,0.0,0.0,0.0,0.0,0.0,0.0,0.0
repeat_2_fold_1,KLK13,0.0,0.0,0.0,0.0,0.0,0.0,0.0
repeat_2_fold_1,KMT2A,0.0,0.0,0.0,0.0,0.0,0.0,0.0
repeat_2_fold_1,KREMEN2,0.0,0.0,0.0,0.0,0.0,0.0,0.0
repeat_2_fold_1,KRT32,-0.2565103614553621,0.2115437065371093,0.10577185326855465,-0.36228221472391675,0.0,-0.004553480258679354,1.0
repeat_2_fold_1,KRT6A,0.0,0.0,0.0,0.0,0.0,0.0,0.0
repeat_2_fold_1,KRT83,0.0,0.0,0.0,0.0,0.0,0.0,0.0
repeat_2_fold_1,KRTAP4-7,0.0,0.0,0.0,0.0,0.0,0.0,0.0
repeat_2_fold_1,KYAT1,0.0,0.0,0.0,0.0,0.0,0.002003205128205121,0.5
repeat_2_fold_1,LAMP2,0.0,0.0,0.0,0.0,0.0,0.0,0.0
repeat_2_fold_1,LCN1,0.0,0.0,0.0,0.0,0.0,0.0,0.0
repeat_2_fold_1,LCN2,0.0,0.0,0.0,0.0,0.0,0.0,0.0
repeat_2_fold_1,LEFTY1,-0.4524029192829495,0.5223898944603669,0.26119494723018344,-0.713597866513133,0.0,-0.0004006410256410242,0.5
repeat_2_fold_1,LHX1,0.0,0.0,0.0,0.0,0.0,0.0,0.0
repeat_2_fold_1,LIAS,-0.1771633844121201,0.260101074847564,0.130050537423782,-0.3072139218359021,0.0,0.004203539823008834,0.5
repeat_2_fold_1,LIN7B,0.0,0.0,0.0,0.0,0.0,0.0,0.0
repeat_2_fold_1,LMAN1,0.0,0.0,0.0,0.0,0.0,0.0,0.0
repeat_2_fold_1,LONP1,0.0,0.0,0.0,0.0,0.0,0.0,0.0
repeat_2_fold_1,LONRF1,0.0,0.0,0.0,0.0,0.0,0.0,0.0
repeat_2_fold_1,LOXL2,-0.10677896544653898,0.21355793089307795,0.10677896544653898,-0.21355793089307795,0.0,-0.0004424778761061843,0.5
repeat_2_fold_1,LPAR6,0.0,0.0,0.0,0.0,0.0,0.0,0.0
repeat_2_fold_1,LPCAT1,0.0,0.0,0.0,0.0,0.0,0.0,0.0
repeat_2_fold_1,LTBP1,0.028734587376264997,0.057469174752529995,0.028734587376264997,0.0,0.25,0.0002212389380531199,0.5
repeat_2_fold_1,LTF,-0.07310081306465399,0.277107680614444,0.138553840307222,-0.211654653371876,0.25,0.0011061946902655162,0.5
repeat_2_fold_1,LUC7L3,-0.05056018178744992,0.08670956921795227,0.043354784608976134,-0.09391496639642605,0.0,0.002203525641025633,1.0
repeat_2_fold_1,LYPLA1,0.015529431722699272,0.031058863445398543,0.015529431722699272,0.0,0.25,0.0008849557522123963,0.5
repeat_2_fold_1,LYVE1,0.0,0.0,0.0,0.0,0.0,0.0,0.0
repeat_2_fold_1,MAD2L1,0.024624033079390983,0.04924806615878197,0.024624033079390983,0.0,0.25,0.0,0.5
repeat_2_fold_1,MAMLD1,0.0,0.0,0.0,0.0,0.0,0.0,0.0
repeat_2_fold_1,MAP3K3,0.0,0.0,0.0,0.0,0.0,0.0,0.0
repeat_2_fold_1,MAPKAP1,0.0,0.0,0.0,0.0,0.0,0.0,0.0
repeat_2_fold_1,MBD3,0.0,0.0,0.0,0.0,0.0,0.0,0.0
repeat_2_fold_1,MC1R,0.0,0.0,0.0,0.0,0.0,0.0,0.0
repeat_2_fold_1,MCAT,0.0,0.0,0.0,0.0,0.0,0.0,0.0
repeat_2_fold_1,MCF2L,-0.245185666254093,0.28365144629206485,0.14182572314603242,-0.3870113894001254,0.0,0.0006009615384615363,0.5
repeat_2_fold_1,MCM10,0.0,0.0,0.0,0.0,0.0,0.0,0.0
repeat_2_fold_1,MCM2,0.0,0.0,0.0,0.0,0.0,0.0,0.0
repeat_2_fold_1,MCM6,0.0,0.0,0.0,0.0,0.0,0.0,0.0
repeat_2_fold_1,MDC1,0.0,0.0,0.0,0.0,0.0,0.0,0.0
repeat_2_fold_1,MDH1,0.0,0.0,0.0,0.0,0.0,0.00022123893805309214,0.5
repeat_2_fold_1,MERTK,0.0,0.0,0.0,0.0,0.0,0.0,0.0
repeat_2_fold_1,MEX3C,0.0,0.0,0.0,0.0,0.0,0.0,0.0
repeat_2_fold_1,MGAT4B,0.0,0.0,0.0,0.0,0.0,0.0004424778761061843,0.5
repeat_2_fold_1,MID1,0.0,0.0,0.0,0.0,0.0,-0.0002003205128205121,0.5
repeat_2_fold_1,MLXIPL,0.0,0.0,0.0,0.0,0.0,0.0,0.0
repeat_2_fold_1,MMP19,-0.09465446472272987,0.10929756137533604,0.05464878068766802,-0.14930324541039788,0.0,-0.00384792659405489,1.0
repeat_2_fold_1,MPI,0.0,0.0,0.0,0.0,0.0,0.0,0.0
repeat_2_fold_1,MPL,-0.1344201884638938,0.16662057173083694,0.08331028586541847,-0.21773047432931228,0.0,0.0016025641025640969,0.5
repeat_2_fold_1,MRM1,0.028734587376264997,0.057469174752529995,0.028734587376264997,0.0,0.25,0.0006637168141593042,0.5
repeat_2_fold_1,MRM2,0.0,0.0,0.0,0.0,0.0,0.0,0.0
repeat_2_fold_1,MRPL20,0.0,0.0,0.0,0.0,0.0,0.0,0.0
repeat_2_fold_1,MRPL3,0.0,0.0,0.0,0.0,0.0,0.0,0.0
repeat_2_fold_1,MSI1,0.0,0.0,0.0,0.0,0.0,0.0,0.0
repeat_2_fold_1,MSL1,-0.2248786271982226,0.3937476601202426,0.1968738300601213,-0.42175245725834387,0.0,0.007654016337644648,1.0
repeat_2_fold_1,MSRB1,0.0,0.0,0.0,0.0,0.0,0.0002212389380531199,0.5
repeat_2_fold_1,MT4,0.0,0.0,0.0,0.0,0.0,0.0,0.0
repeat_2_fold_1,MTX2,0.0,0.0,0.0,0.0,0.0,0.0,0.0
repeat_2_fold_1,MUL1,0.0,0.0,0.0,0.0,0.0,0.0,0.0
repeat_2_fold_1,MYBL2,0.0,0.0,0.0,0.0,0.0,0.0,0.0
repeat_2_fold_1,MYCN,-0.05156417677344294,0.10312835354688588,0.05156417677344294,-0.10312835354688588,0.0,-0.003405448717948706,0.5
repeat_2_fold_1,MYL1,0.0,0.0,0.0,0.0,0.0,0.0,0.0
repeat_2_fold_1,MYL12A,0.0,0.0,0.0,0.0,0.0,0.0,0.0
repeat_2_fold_1,MYL12B,0.0,0.0,0.0,0.0,0.0,0.0,0.0
repeat_2_fold_1,NAT2,0.0,0.0,0.0,0.0,0.0,0.0,0.0
repeat_2_fold_1,NAT8,0.0,0.0,0.0,0.0,0.0,-0.00022123893805309214,0.5
repeat_2_fold_1,NCAPD3,0.0,0.0,0.0,0.0,0.0,0.0,0.0
repeat_2_fold_1,NCBP2,0.0,0.0,0.0,0.0,0.0,0.0,0.0
repeat_2_fold_1,NCF4,0.0,0.0,0.0,0.0,0.0,-0.00022123893805309214,0.5
repeat_2_fold_1,NCOR1,0.0,0.0,0.0,0.0,0.0,0.0,0.0
repeat_2_fold_1,NCOR2,-0.06720735056249971,0.08961782650849583,0.04480891325424791,-0.11201626381674762,0.0,-0.0004006410256410242,0.5
repeat_2_fold_1,NCSTN,0.0,0.0,0.0,0.0,0.0,0.0,0.0
repeat_2_fold_1,NDST1,0.0,0.0,0.0,0.0,0.0,0.0,0.0
repeat_2_fold_1,NDST3,0.0,0.0,0.0,0.0,0.0,0.0,0.0
repeat_2_fold_1,NDUFA1,0.0,0.0,0.0,0.0,0.0,0.0,0.0
repeat_2_fold_1,NDUFAF1,-0.017913517867405915,0.02068474872575995,0.010342374362879976,-0.028255892230285892,0.0,-0.0006009615384615363,0.5
repeat_2_fold_1,NDUFAF4,0.0,0.0,0.0,0.0,0.0,0.0,0.0
repeat_2_fold_1,NDUFAF5,0.02167645426800746,0.16527416755593025,0.08263708377796512,-0.06096062950995766,0.75,-0.00022123893805309214,1.0
repeat_2_fold_1,NDUFC1,0.0,0.0,0.0,0.0,0.0,0.0,0.0
repeat_2_fold_1,NECTIN1,0.0,0.0,0.0,0.0,0.0,-0.0002630757885182522,1.0
repeat_2_fold_1,NELFCD,0.0,0.0,0.0,0.0,0.0,0.0,0.0
repeat_2_fold_1,NELFE,0.0,0.0,0.0,0.0,0.0,0.0,0.0
repeat_2_fold_1,NFATC1,-0.1288575983298621,0.21271056449220865,0.10635528224610433,-0.23521288057596643,0.0,0.0016025641025640969,0.5
repeat_2_fold_1,NFE2,0.12306849248323459,0.16055049096230964,0.08027524548115482,0.04279324700207977,0.5,0.003405448717948706,0.5
repeat_2_fold_1,NLGN1,0.0,0.0,0.0,0.0,0.0,0.0,0.0
repeat_2_fold_1,NLRP3,0.0,0.0,0.0,0.0,0.0,0.0,0.0
repeat_2_fold_1,NOD1,0.0,0.0,0.0,0.0,0.0,0.0013274336283185806,0.5
repeat_2_fold_1,NOL12,0.0,0.0,0.0,0.0,0.0,0.0,0.0
repeat_2_fold_1,NOTCH2,0.0,0.0,0.0,0.0,0.0,0.0,0.0
repeat_2_fold_1,NOX5,0.0,0.0,0.0,0.0,0.0,0.0,0.5
repeat_2_fold_1,NPEPPS,0.0,0.0,0.0,0.0,0.0,0.0,0.0
repeat_2_fold_1,NPHP4,0.0,0.0,0.0,0.0,0.0,0.0,0.0
repeat_2_fold_1,NPIPB3,0.13531732687794928,0.1562509901980092,0.0781254950990046,0.057191831778944685,0.5,0.0019911504424778848,0.5
repeat_2_fold_1,NPR1,0.004748463794868485,0.1999441156477572,0.0999720578238786,-0.09522359402901011,0.25,0.002876106194690281,0.5
repeat_2_fold_1,NR3C2,0.04256356873221989,0.09158887289910031,0.045794436449550155,-0.003230867717330263,0.25,0.0006218799636941441,1.0
repeat_2_fold_1,NR4A3,-0.27884681999108274,0.5504009919636984,0.2752004959818492,-0.554047315972932,0.0,-0.00042155945087360425,1.0
repeat_2_fold_1,NSFL1C,0.0,0.0,0.0,0.0,0.0,0.0,0.0
repeat_2_fold_1,NT5M,0.0,0.0,0.0,0.0,0.0,0.0,0.0
repeat_2_fold_1,NTF3,-0.10856071533780742,0.18787157517983627,0.09393578758991813,-0.20249650292772556,0.0,0.0017699115044247926,0.5
repeat_2_fold_1,OAS3,0.0,0.0,0.0,0.0,0.0,0.0,0.0
repeat_2_fold_1,OCLN,0.0,0.0,0.0,0.0,0.0,0.0,0.0
repeat_2_fold_1,OGG1,0.0,0.0,0.0,0.0,0.0,0.0,0.0
repeat_2_fold_1,OR2H2,0.0,0.0,0.0,0.0,0.0,0.0,0.0
repeat_2_fold_1,OR3A1,0.0,0.0,0.0,0.0,0.0,0.0,0.0
repeat_2_fold_1,ORAI2,-0.1277220360787652,0.22837516918080938,0.11418758459040469,-0.24190962066916988,0.0,0.0002212389380531199,0.5
repeat_2_fold_1,OSBP,0.0,0.0,0.0,0.0,0.0,0.0,0.0
repeat_2_fold_1,OTUD3,0.024624033079390983,0.04924806615878197,0.024624033079390983,0.0,0.25,-0.0002630757885182522,1.0
repeat_2_fold_1,P2RX2,0.0,0.0,0.0,0.0,0.0,0.00044247787610621203,0.5
repeat_2_fold_1,P2RY10,-0.05727692319531741,0.17885331329453824,0.08942665664726912,-0.14670357984258653,0.25,0.0005591246879963763,1.0
repeat_2_fold_1,P2RY6,0.0,0.0,0.0,0.0,0.0,0.0,0.0
repeat_2_fold_1,PABPC1,0.0,0.0,0.0,0.0,0.0,0.0,0.0
repeat_2_fold_1,PAFAH1B1,0.0,0.0,0.0,0.0,0.0,0.0,0.0
repeat_2_fold_1,PAH,0.0,0.0,0.0,0.0,0.0,0.0,0.0
repeat_2_fold_1,PAK1,0.057469174752529995,0.06635968702695767,0.033179843513478836,0.024289331239051158,0.5,0.0015486725663717005,0.5
repeat_2_fold_1,PAPPA,0.0,0.0,0.0,0.0,0.0,0.0,0.0
repeat_2_fold_1,PAPSS1,-0.011891371389934235,0.10078006655471827,0.050390033277359136,-0.06228140466729337,0.25,-0.0002003205128205121,0.5
repeat_2_fold_1,PARK7,0.0,0.0,0.0,0.0,0.0,0.0,0.0
repeat_2_fold_1,PARVB,0.0,0.0,0.0,0.0,0.0,0.0,0.0
repeat_2_fold_1,PCBD1,0.0,0.0,0.0,0.0,0.0,0.0,0.0
repeat_2_fold_1,PCNT,0.0,0.0,0.0,0.0,0.0,0.0,0.0
repeat_2_fold_1,PCYOX1L,0.0,0.0,0.0,0.0,0.0,0.0,0.0
repeat_2_fold_1,PCYT1B,0.0,0.0,0.0,0.0,0.0,0.0,0.0
repeat_2_fold_1,PDCD6IP,0.0,0.0,0.0,0.0,0.0,0.0,0.0
repeat_2_fold_1,PDCL,0.0,0.0,0.0,0.0,0.0,0.0,0.0
repeat_2_fold_1,PDE3A,0.0,0.0,0.0,0.0,0.0,-0.0004424778761061843,0.5
repeat_2_fold_1,PDE3B,0.08909330400171811,0.12172593684427797,0.06086296842213899,0.028230335579579123,0.5,0.0002003205128205121,0.5
repeat_2_fold_1,PDE4A,0.0,0.0,0.0,0.0,0.0,0.0,0.0
repeat_2_fold_1,PDE9A,0.0,0.0,0.0,0.0,0.0,0.0,0.0
repeat_2_fold_1,PDS5B,0.0,0.0,0.0,0.0,0.0,0.0,0.0
repeat_2_fold_1,PDXK,0.0,0.0,0.0,0.0,0.0,-0.0004424778761061843,0.5
repeat_2_fold_1,PEBP1,0.0,0.0,0.0,0.0,0.0,0.0,0.0
repeat_2_fold_1,PF4V1,0.0,0.0,0.0,0.0,0.0,0.0,0.0
repeat_2_fold_1,PHB2,0.0,0.0,0.0,0.0,0.0,0.0,0.0
repeat_2_fold_1,PIAS4,0.0,0.0,0.0,0.0,0.0,0.0,0.0
repeat_2_fold_1,PIGQ,0.0,0.0,0.0,0.0,0.0,0.0011061946902654884,0.5
repeat_2_fold_1,PIGZ,0.08989080109358483,0.10379695641810462,0.05189847820905231,0.03799232288453252,0.5,-0.0006009615384615363,0.5
repeat_2_fold_1,PIK3C2G,-0.023002523073280656,0.026591566415386063,0.013295783207693031,-0.03629830628097369,0.0,-0.003405448717948706,1.0
repeat_2_fold_1,PKP1,0.0,0.0,0.0,0.0,0.0,0.0010016025641025605,0.5
repeat_2_fold_1,PKP3,0.0,0.0,0.0,0.0,0.0,0.0,0.0
repeat_2_fold_1,PLCB2,0.0,0.0,0.0,0.0,0.0,0.0,0.0
repeat_2_fold_1,PLIN3,0.0,0.0,0.0,0.0,0.0,0.0,0.0
repeat_2_fold_1,PLK4,0.0,0.0,0.0,0.0,0.0,0.0,0.0
repeat_2_fold_1,PLPP3,-0.2554798926649262,0.49645173997645897,0.24822586998822949,-0.5037057626531557,0.0,0.0006009615384615363,0.5
repeat_2_fold_1,PLS1,0.0,0.0,0.0,0.0,0.0,0.0,0.0
repeat_2_fold_1,POGLUT1,0.0,0.0,0.0,0.0,0.0,0.0,0.0
repeat_2_fold_1,POLA2,0.0,0.0,0.0,0.0,0.0,0.0,0.0
repeat_2_fold_1,POLD1,-0.3110376535219359,0.5239165915022421,0.26195829575112106,-0.572995949273057,0.0,-0.0026041666666666574,1.0
repeat_2_fold_1,POLR3G,0.0,0.0,0.0,0.0,0.0,0.0,0.0
repeat_2_fold_1,PORCN,0.0,0.0,0.0,0.0,0.0,0.0,0.0
repeat_2_fold_1,PPA2,-0.14238762037073371,0.17341767902365646,0.08670883951182823,-0.22909645988256194,0.0,-0.001982286702972541,1.0
repeat_2_fold_1,PPARD,0.0,0.0,0.0,0.0,0.0,0.0,0.0
repeat_2_fold_1,PPAT,0.0,0.0,0.0,0.0,0.0,0.0,0.0
repeat_2_fold_1,PPFIBP2,0.0,0.0,0.0,0.0,0.0,0.0,0.0
repeat_2_fold_1,PRCP,0.0,0.0,0.0,0.0,0.0,0.0,0.0
repeat_2_fold_1,PRDX6,0.0,0.0,0.0,0.0,0.0,0.0,0.0
repeat_2_fold_1,PRKAB1,-0.06191639614123012,0.07715052339201929,0.038575261696009645,-0.10049165783723976,0.0,-0.0008012820512820484,0.5
repeat_2_fold_1,PRKAR1A,0.0,0.0,0.0,0.0,0.0,-0.0008012820512820484,0.5
repeat_2_fold_1,PRKCG,0.017420141413857948,0.1879034032284751,0.09395170161423755,-0.0765315602003796,0.5,0.0039823008849557695,1.0
repeat_2_fold_1,PRM2,0.0,0.0,0.0,0.0,0.0,0.0,0.0
repeat_2_fold_1,PRORP,0.0,0.0,0.0,0.0,0.0,0.0,0.0
repeat_2_fold_1,PRPF6,0.0,0.0,0.0,0.0,0.0,0.0,0.5
repeat_2_fold_1,PSMB1,0.0,0.0,0.0,0.0,0.0,0.0,0.0
repeat_2_fold_1,PSMB3,0.0,0.0,0.0,0.0,0.0,0.0,0.0
repeat_2_fold_1,PSMD1,0.0,0.0,0.0,0.0,0.0,0.0,0.0
repeat_2_fold_1,PSME2,0.0,0.0,0.0,0.0,0.0,0.0,0.0
repeat_2_fold_1,PSME3,0.020491270810547135,0.040982541621094264,0.020491270810547132,3.469446951953614e-18,0.25,0.001802884615384609,0.5
repeat_2_fold_1,PTDSS2,0.06836253135800519,0.09754538664335963,0.048772693321679814,0.01958983803632537,0.5,-0.0004006410256410242,0.5
repeat_2_fold_1,PTGDR,0.0,0.0,0.0,0.0,0.0,0.0,0.0
repeat_2_fold_1,PTGES,0.0,0.0,0.0,0.0,0.0,0.0,0.0
repeat_2_fold_1,PTGIR,0.0,0.0,0.0,0.0,0.0,0.0,0.0
repeat_2_fold_1,PTGIS,0.0,0.0,0.0,0.0,0.0,0.0,0.0
repeat_2_fold_1,PTPN13,0.0,0.0,0.0,0.0,0.0,0.0,0.0
repeat_2_fold_1,PTPRF,0.0,0.0,0.0,0.0,0.0,0.0,0.0
repeat_2_fold_1,PTX3,0.0,0.0,0.0,0.0,0.0,0.0,0.0
repeat_2_fold_1,PUS7,0.0,0.0,0.0,0.0,0.0,0.0,0.0
repeat_2_fold_1,PXMP4,0.0,0.0,0.0,0.0,0.0,0.0,0.0
repeat_2_fold_1,PYCR3,0.0,0.0,0.0,0.0,0.0,0.0,0.0
repeat_2_fold_1,QPCT,0.0,0.0,0.0,0.0,0.0,0.0,0.0
repeat_2_fold_1,RAB11B,0.0,0.0,0.0,0.0,0.0,0.00022123893805309214,0.5
repeat_2_fold_1,RAB22A,0.0,0.0,0.0,0.0,0.0,-0.0004424778761061843,0.5
repeat_2_fold_1,RAB33B,-0.21355793089307795,0.2465954577773961,0.12329772888869805,-0.336855659781776,0.0,0.0004424778761061843,0.5
repeat_2_fold_1,RAB38,0.0,0.0,0.0,0.0,0.0,0.0,0.0
repeat_2_fold_1,RAB5A,-0.20703812076362205,0.4013153510911799,0.20065767554558994,-0.407695796309212,0.0,-0.0006009615384615363,0.5
repeat_2_fold_1,RAB6A,0.0,0.0,0.0,0.0,0.0,0.0004424778761061843,0.5
repeat_2_fold_1,RABEPK,0.0,0.0,0.0,0.0,0.0,0.0,0.0
repeat_2_fold_1,RABGAP1,-0.4354580752419661,0.5137503356580977,0.25687516782904884,-0.692333243071015,0.0,-0.0028044871794871695,0.5
repeat_2_fold_1,RABGGTA,0.0,0.0,0.0,0.0,0.0,0.0,0.0
repeat_2_fold_1,RAC2,0.0,0.0,0.0,0.0,0.0,2.7755575615628914e-17,0.5
repeat_2_fold_1,RAE1,0.0,0.0,0.0,0.0,0.0,0.0,0.0
repeat_2_fold_1,RAP1GAP2,0.0,0.0,0.0,0.0,0.0,0.0,0.0
repeat_2_fold_1,RBL2,0.0,0.0,0.0,0.0,0.0,0.0,0.0
repeat_2_fold_1,RBM26,0.0,0.0,0.0,0.0,0.0,0.0,0.0
repeat_2_fold_1,RDH11,0.0,0.0,0.0,0.0,0.0,0.0,0.0
repeat_2_fold_1,RDH14,-0.09465446472272987,0.10929756137533604,0.05464878068766802,-0.14930324541039788,0.0,0.0024038461538461453,0.5
repeat_2_fold_1,RDH5,0.0,0.0,0.0,0.0,0.0,0.0,0.0
repeat_2_fold_1,RELB,-0.16001801756143585,0.24780924586813707,0.12390462293406854,-0.2839226404955044,0.0,-0.0012019230769230727,1.0
repeat_2_fold_1,RELN,0.0,0.0,0.0,0.0,0.0,0.0,0.0
repeat_2_fold_1,RETSAT,0.0,0.0,0.0,0.0,0.0,0.0,0.0
repeat_2_fold_1,RFC2,0.0,0.0,0.0,0.0,0.0,0.0,0.0
repeat_2_fold_1,RGCC,0.0,0.0,0.0,0.0,0.0,0.0,0.0
repeat_2_fold_1,RGL1,0.0,0.0,0.0,0.0,0.0,0.0,0.0
repeat_2_fold_1,RGS11,-0.022703199281975728,0.045406398563951456,0.022703199281975728,-0.045406398563951456,0.0,-0.002003205128205121,0.5
repeat_2_fold_1,RGS12,0.0,0.0,0.0,0.0,0.0,0.0,0.0
repeat_2_fold_1,RGS16,0.0,0.0,0.0,0.0,0.0,0.0,0.0
repeat_2_fold_1,RIOX2,0.0,0.0,0.0,0.0,0.0,0.0,0.0
repeat_2_fold_1,RNASEH1,0.0,0.0,0.0,0.0,0.0,0.0,0.0
repeat_2_fold_1,ROCK1,0.0,0.0,0.0,0.0,0.0,0.00022123893805309214,0.5
repeat_2_fold_1,RPA4,0.0,0.0,0.0,0.0,0.0,0.0,0.0
repeat_2_fold_1,RPL10L,0.0,0.0,0.0,0.0,0.0,0.0,0.0
repeat_2_fold_1,RPL22,0.0,0.0,0.0,0.0,0.0,0.0,0.0
repeat_2_fold_1,RPL35,0.0,0.0,0.0,0.0,0.0,0.0,0.0
repeat_2_fold_1,RPL4,0.022856685281890776,0.0816673080903898,0.0408336540451949,-0.017976968763304124,0.25,0.0,0.5
repeat_2_fold_1,RPN2,0.0,0.0,0.0,0.0,0.0,0.0,0.0
repeat_2_fold_1,RPS2,0.0,0.0,0.0,0.0,0.0,0.0,0.0
repeat_2_fold_1,RPS6KA2,0.0,0.0,0.0,0.0,0.0,0.0,0.0
repeat_2_fold_1,RPSA,0.002507886050198138,0.07638130980465914,0.03819065490232957,-0.03568276885213143,0.25,-0.0006218799636941164,1.0
repeat_2_fold_1,RRAGC,0.0,0.0,0.0,0.0,0.0,0.0,0.0
repeat_2_fold_1,RRH,0.0,0.0,0.0,0.0,0.0,0.0,0.0
repeat_2_fold_1,RUNX1,-0.049709064175937456,0.0931748830380855,0.04658744151904275,-0.0962965056949802,0.0,-0.0008012820512820484,0.5
repeat_2_fold_1,RXFP3,0.0,0.0,0.0,0.0,0.0,0.0,0.0
repeat_2_fold_1,S100P,-0.559333402572662,0.6505836766112788,0.3252918383056394,-0.8846252408783013,0.0,0.005809294871794879,0.5
repeat_2_fold_1,SAP130,0.0,0.0,0.0,0.0,0.0,0.0,0.0
repeat_2_fold_1,SCNN1G,0.0,0.0,0.0,0.0,0.0,0.0,0.0
repeat_2_fold_1,SDC2,0.0,0.0,0.0,0.0,0.0,0.0,0.0
repeat_2_fold_1,SEC31A,0.0,0.0,0.0,0.0,0.0,0.0,0.0
repeat_2_fold_1,SEPTIN4,0.0,0.0,0.0,0.0,0.0,0.0,0.0
repeat_2_fold_1,SERPINB10,0.0,0.0,0.0,0.0,0.0,0.0,0.0
repeat_2_fold_1,SETD1B,0.0,0.0,0.0,0.0,0.0,0.0,0.0
repeat_2_fold_1,SF3A1,0.0,0.0,0.0,0.0,0.0,0.0,0.0
repeat_2_fold_1,SGF29,-0.04010150598380413,0.054741362236329374,0.027370681118164687,-0.06747218710196881,0.0,0.0012019230769230727,0.5
repeat_2_fold_1,SGK1,0.0,0.0,0.0,0.0,0.0,0.0,0.0
repeat_2_fold_1,SH3BP4,0.0,0.0,0.0,0.0,0.0,0.0,0.0
repeat_2_fold_1,SH3GL3,0.0,0.0,0.0,0.0,0.0,0.0,0.0
repeat_2_fold_1,SHMT2,0.0,0.0,0.0,0.0,0.0,0.0,0.0
repeat_2_fold_1,SHPK,0.0,0.0,0.0,0.0,0.0,0.0,0.0
repeat_2_fold_1,SIGLEC15,0.015667274145688026,0.04512484923496687,0.022562424617483434,-0.0068951504717954075,0.25,-0.0012019230769230727,0.5
repeat_2_fold_1,SIGMAR1,-0.6017199032556437,0.694902139436425,0.3474510697182125,-0.9491709729738562,0.0,0.0030048076923076816,0.5
repeat_2_fold_1,SIRPG,0.0,0.0,0.0,0.0,0.0,0.0,0.0
repeat_2_fold_1,SIRT6,0.0,0.0,0.0,0.0,0.0,0.0,0.0
repeat_2_fold_1,SLC12A7,0.0,0.0,0.0,0.0,0.0,0.0,0.0
repeat_2_fold_1,SLC13A3,0.0,0.0,0.0,0.0,0.0,0.0,0.0
repeat_2_fold_1,SLC19A2,0.0,0.0,0.0,0.0,0.0,0.0,0.0
repeat_2_fold_1,SLC1A3,0.0,0.0,0.0,0.0,0.0,0.0,0.0
repeat_2_fold_1,SLC25A21,0.0,0.0,0.0,0.0,0.0,-0.0006637168141592764,0.5
repeat_2_fold_1,SLC2A8,0.0,0.0,0.0,0.0,0.0,0.0,0.0
repeat_2_fold_1,SLC5A3,0.0,0.0,0.0,0.0,0.0,0.0,0.0
repeat_2_fold_1,SLC5A7,0.051182019734046236,0.07433192425262194,0.03716596212631097,0.014016057607735263,0.5,-0.0013065152030859728,1.0
repeat_2_fold_1,SLC6A11,0.0,0.0,0.0,0.0,0.0,0.0,0.0
repeat_2_fold_1,SLC6A15,0.0,0.0,0.0,0.0,0.0,0.0,0.0
repeat_2_fold_1,SLCO1B3,-0.06138389218634899,0.07088001335539111,0.035440006677695556,-0.09682389886404455,0.0,0.0008431189017472085,1.0
repeat_2_fold_1,SLPI,0.0,0.0,0.0,0.0,0.0,0.0,0.0
repeat_2_fold_1,SMAD5,0.0,0.0,0.0,0.0,0.0,0.0,0.0
repeat_2_fold_1,SMAD9,0.0,0.0,0.0,0.0,0.0,0.0,0.0
repeat_2_fold_1,SMG8,0.0,0.0,0.0,0.0,0.0,0.0,0.0
repeat_2_fold_1,SNCA,0.0,0.0,0.0,0.0,0.0,0.0,0.0
repeat_2_fold_1,SNIP1,0.0,0.0,0.0,0.0,0.0,0.0,0.0
repeat_2_fold_1,SNRPG,0.0,0.0,0.0,0.0,0.0,0.0,0.0
repeat_2_fold_1,SNU13,0.0,0.0,0.0,0.0,0.0,0.0,0.0
repeat_2_fold_1,SOX9,0.0,0.0,0.0,0.0,0.0,0.0,0.0
repeat_2_fold_1,SPC25,-0.07927107745255313,0.10555592233053042,0.05277796116526521,-0.13204903861781833,0.0,0.0002003205128205121,0.5
repeat_2_fold_1,SPCS2,0.0,0.0,0.0,0.0,0.0,0.0,0.0
repeat_2_fold_1,SPR,-0.09356390177826945,0.11191386859796,0.05595693429898,-0.14952083607724945,0.0,0.001623482527796677,1.0
repeat_2_fold_1,SPRY1,0.0,0.0,0.0,0.0,0.0,0.0,0.0
repeat_2_fold_1,SPTA1,0.0,0.0,0.0,0.0,0.0,0.0,0.0
repeat_2_fold_1,SPTSSA,0.0,0.0,0.0,0.0,0.0,0.0,0.0
repeat_2_fold_1,SRD5A3,0.0,0.0,0.0,0.0,0.0,0.0,0.0
repeat_2_fold_1,SRGAP2,0.0,0.0,0.0,0.0,0.0,0.0017699115044247926,0.5
repeat_2_fold_1,SRP72,0.0,0.0,0.0,0.0,0.0,0.0,0.5
repeat_2_fold_1,SRP9,0.0,0.0,0.0,0.0,0.0,0.0,0.0
repeat_2_fold_1,SRRM1,-0.07988203223512613,0.14355931810358089,0.07177965905179044,-0.1516616912869166,0.25,0.000421559450873632,1.0
repeat_2_fold_1,SS18,0.0,0.0,0.0,0.0,0.0,0.0,0.0
repeat_2_fold_1,ST3GAL1,0.0,0.0,0.0,0.0,0.0,0.0,0.0
repeat_2_fold_1,ST8SIA3,0.0,0.0,0.0,0.0,0.0,0.0,0.0
repeat_2_fold_1,STC2,0.0,0.0,0.0,0.0,0.0,0.0,0.0
repeat_2_fold_1,STEEP1,0.0,0.0,0.0,0.0,0.0,0.0,0.0
repeat_2_fold_1,STK10,0.0,0.0,0.0,0.0,0.0,0.0,0.0
repeat_2_fold_1,STK3,0.0,0.0,0.0,0.0,0.0,0.0,0.0
repeat_2_fold_1,STX6,0.0,0.0,0.0,0.0,0.0,0.0,0.0
repeat_2_fold_1,STXBP1,0.12966494151356756,0.15067476983418826,0.07533738491709413,0.054327556596473425,0.5,-0.0008012820512820484,0.5
repeat_2_fold_1,SUMO2,0.0,0.0,0.0,0.0,0.0,0.0,0.0
repeat_2_fold_1,SUN1,0.0,0.0,0.0,0.0,0.0,0.0,0.0
repeat_2_fold_1,SUN2,0.0,0.0,0.0,0.0,0.0,0.0,0.0
repeat_2_fold_1,SURF1,0.0,0.0,0.0,0.0,0.0,0.0,0.0
repeat_2_fold_1,SYK,-0.31550336617148744,0.4357129261718115,0.21785646308590575,-0.5333598292573932,0.0,-0.0046073717948717785,0.5
repeat_2_fold_1,SYT1,0.0,0.0,0.0,0.0,0.0,0.0,0.0
repeat_2_fold_1,TAL1,0.0,0.0,0.0,0.0,0.0,0.0,0.0
repeat_2_fold_1,TBX6,0.0,0.0,0.0,0.0,0.0,0.0,0.5
repeat_2_fold_1,TBXA2R,0.0,0.0,0.0,0.0,0.0,0.0,0.0
repeat_2_fold_1,TBXT,0.0,0.0,0.0,0.0,0.0,0.0,0.0
repeat_2_fold_1,TCF7L2,0.0,0.0,0.0,0.0,0.0,0.0,0.0
repeat_2_fold_1,TEAD1,0.0,0.0,0.0,0.0,0.0,0.004407051282051266,0.5
repeat_2_fold_1,TECR,0.0,0.0,0.0,0.0,0.0,0.0,0.5
repeat_2_fold_1,TEX2,0.0,0.0,0.0,0.0,0.0,0.0,0.0
repeat_2_fold_1,TF,0.0,0.0,0.0,0.0,0.0,0.0,0.0
repeat_2_fold_1,TFG,0.0,0.0,0.0,0.0,0.0,0.0,0.0
repeat_2_fold_1,TGIF2,0.0,0.0,0.0,0.0,0.0,0.0,0.0
repeat_2_fold_1,THG1L,0.0,0.0,0.0,0.0,0.0,0.0,0.0
repeat_2_fold_1,THOC6,0.0,0.0,0.0,0.0,0.0,0.0,0.0
repeat_2_fold_1,TIAL1,0.0,0.0,0.0,0.0,0.0,0.0,0.0
repeat_2_fold_1,TIMM13,-0.004823996664859109,0.009647993329718219,0.004823996664859109,-0.009647993329718219,0.0,0.0012019230769230727,0.5
repeat_2_fold_1,TIMM23,0.0,0.0,0.0,0.0,0.0,0.0,0.0
repeat_2_fold_1,TLR8,0.0,0.0,0.0,0.0,0.0,0.0,0.0
repeat_2_fold_1,TMEM11,0.0,0.0,0.0,0.0,0.0,0.0,0.0
repeat_2_fold_1,TMEM258,0.0,0.0,0.0,0.0,0.0,0.0,0.0
repeat_2_fold_1,TNC,0.016635286268188665,0.03327057253637734,0.01663528626818867,-3.469446951953614e-18,0.25,0.0,0.5
repeat_2_fold_1,TNFRSF11B,0.0,0.0,0.0,0.0,0.0,0.0,0.0
repeat_2_fold_1,TNNI1,0.028734587376264997,0.057469174752529995,0.028734587376264997,0.0,0.25,-0.0004424778761061843,0.5
repeat_2_fold_1,TPCN1,0.0,0.0,0.0,0.0,0.0,0.0,0.0
repeat_2_fold_1,TPD52L1,0.0,0.0,0.0,0.0,0.0,0.0,0.0
repeat_2_fold_1,TPM3,0.0,0.0,0.0,0.0,0.0,0.0,0.0
repeat_2_fold_1,TPP2,0.0,0.0,0.0,0.0,0.0,0.0,0.0
repeat_2_fold_1,TRAF1,0.0,0.0,0.0,0.0,0.0,0.0,0.0
repeat_2_fold_1,TRAK2,-0.003244831932946113,0.059747005072942234,0.029873502536471117,-0.03311833446941723,0.25,0.0004006410256410242,0.5
repeat_2_fold_1,TRAPPC8,0.0,0.0,0.0,0.0,0.0,0.0,0.0
repeat_2_fold_1,TRIM24,0.0,0.0,0.0,0.0,0.0,0.00022123893805309214,0.5
repeat_2_fold_1,TRIM34,0.0,0.0,0.0,0.0,0.0,0.0,0.0
repeat_2_fold_1,TRMT61A,-0.1760116741197013,0.39452338246111396,0.19726169123055698,-0.3732733653502583,0.25,0.0011061946902654884,0.5
repeat_2_fold_1,TRPV6,0.0,0.0,0.0,0.0,0.0,0.0,0.0
repeat_2_fold_1,TSPO,0.0,0.0,0.0,0.0,0.0,0.0,0.0
repeat_2_fold_1,TTC19,0.0,0.0,0.0,0.0,0.0,0.0,0.0
repeat_2_fold_1,TTLL4,0.0,0.0,0.0,0.0,0.0,0.0,0.0
repeat_2_fold_1,TXNL4A,0.0,0.0,0.0,0.0,0.0,0.0,0.0
repeat_2_fold_1,TYK2,0.0,0.0,0.0,0.0,0.0,0.0,0.0
repeat_2_fold_1,TYMP,0.0,0.0,0.0,0.0,0.0,0.0,0.0
repeat_2_fold_1,UBA3,-0.10677896544653898,0.21355793089307795,0.10677896544653898,-0.21355793089307795,0.0,2.7755575615628914e-17,0.5
repeat_2_fold_1,UBD,0.0,0.0,0.0,0.0,0.0,0.0,0.0
repeat_2_fold_1,UBE2L3,0.0,0.0,0.0,0.0,0.0,0.0,0.0
repeat_2_fold_1,UBE2Q1,0.0,0.0,0.0,0.0,0.0,0.0,0.0
repeat_2_fold_1,UBE3C,0.0,0.0,0.0,0.0,0.0,0.00022123893805309214,0.5
repeat_2_fold_1,UBN1,-0.2318519171232758,0.4487624473014814,0.2243812236507407,-0.4562331407740165,0.0,-0.0012019230769230727,0.5
repeat_2_fold_1,UCKL1,-0.14337356041344584,0.39378894768954287,0.19689447384477143,-0.3402680342582173,0.25,0.005008012820512803,0.5
repeat_2_fold_1,UCP2,0.0,0.0,0.0,0.0,0.0,0.0,0.0
repeat_2_fold_1,UGGT2,0.0,0.0,0.0,0.0,0.0,0.0,0.0
repeat_2_fold_1,UIMC1,-0.21355793089307795,0.2465954577773961,0.12329772888869805,-0.336855659781776,0.0,0.0002212389380531199,0.5
repeat_2_fold_1,UNKL,0.0,0.0,0.0,0.0,0.0,0.0,0.0
repeat_2_fold_1,UPF1,0.0,0.0,0.0,0.0,0.0,0.0,0.0
repeat_2_fold_1,UQCR11,0.0,0.0,0.0,0.0,0.0,0.0,0.0
repeat_2_fold_1,USP14,0.0,0.0,0.0,0.0,0.0,0.0,0.0
repeat_2_fold_1,USP21,0.3245960739444538,0.26722665765872367,0.13361332882936183,0.19098274511509195,1.0,-0.0004424778761061843,1.0
repeat_2_fold_1,UST,0.0,0.0,0.0,0.0,0.0,0.0,0.0
repeat_2_fold_1,UTP20,0.011811289603331332,0.11626730691690317,0.05813365345845158,-0.04632236385512025,0.25,-0.002182607215793053,1.0
repeat_2_fold_1,UTP3,0.0,0.0,0.0,0.0,0.0,0.0,0.0
repeat_2_fold_1,VANGL1,0.0,0.0,0.0,0.0,0.0,0.0,0.0
repeat_2_fold_1,VHL,0.0,0.0,0.0,0.0,0.0,0.0,0.0
repeat_2_fold_1,VNN1,0.0,0.0,0.0,0.0,0.0,0.0,0.0
repeat_2_fold_1,VPS16,0.0,0.0,0.0,0.0,0.0,-0.0015486725663716727,0.5
repeat_2_fold_1,VPS33A,0.0,0.0,0.0,0.0,0.0,0.0,0.0
repeat_2_fold_1,VPS35L,0.0,0.0,0.0,0.0,0.0,0.0,0.0
repeat_2_fold_1,WAC,0.0,0.0,0.0,0.0,0.0,0.0,0.0
repeat_2_fold_1,WASF3,-0.001338412208248485,0.06647695954376115,0.033238479771880575,-0.03457689198012906,0.25,-0.0024038461538461453,0.5
repeat_2_fold_1,WASL,0.0,0.0,0.0,0.0,0.0,0.0,0.0
repeat_2_fold_1,WDR3,0.0,0.0,0.0,0.0,0.0,0.0,0.0
repeat_2_fold_1,WDR46,-0.484815882959138,0.2901200875374202,0.1450600437687101,-0.6298759267278481,0.0,0.0015816456773315168,1.0
repeat_2_fold_1,WFS1,0.0,0.0,0.0,0.0,0.0,0.0,0.0
repeat_2_fold_1,WLS,0.0,0.0,0.0,0.0,0.0,0.0,0.0
repeat_2_fold_1,WNT1,0.0,0.0,0.0,0.0,0.0,0.0,0.0
repeat_2_fold_1,WNT5A,0.0,0.0,0.0,0.0,0.0,0.0,0.0
repeat_2_fold_1,WT1,0.0,0.0,0.0,0.0,0.0,0.0,0.0
repeat_2_fold_1,XBP1,0.0,0.0,0.0,0.0,0.0,0.0,0.0
repeat_2_fold_1,YAF2,0.04924806615878197,0.05686676850768253,0.028433384253841266,0.0208146819049407,0.5,0.0,0.5
repeat_2_fold_1,YBX1,0.0,0.0,0.0,0.0,0.0,0.0,0.0
repeat_2_fold_1,YTHDC1,0.0,0.0,0.0,0.0,0.0,0.0,0.0
repeat_2_fold_1,YWHAB,-0.039595034542827534,0.12163100323486614,0.06081550161743307,-0.1004105361602606,0.25,-0.0005800431132289563,1.0
repeat_2_fold_1,ZBED1,0.0,0.0,0.0,0.0,0.0,-0.0004424778761061843,0.5
repeat_2_fold_1,ZDHHC3,0.0,0.0,0.0,0.0,0.0,0.0,0.0
repeat_2_fold_1,ZEB1,0.0,0.0,0.0,0.0,0.0,0.0002003205128205121,1.0
repeat_2_fold_1,ZKSCAN5,0.0,0.0,0.0,0.0,0.0,0.0,0.0
repeat_2_fold_1,ZNF135,0.0,0.0,0.0,0.0,0.0,0.0,0.0
repeat_2_fold_1,ZNF14,0.0,0.0,0.0,0.0,0.0,0.0,0.0
repeat_2_fold_1,ZNF248,-0.015463694104925096,0.047321080574935274,0.023660540287467637,-0.03912423439239274,0.25,0.004311322895393738,1.0
repeat_2_fold_1,ZNF268,0.0,0.0,0.0,0.0,0.0,0.0,0.0
repeat_2_fold_1,ZNF3,0.0,0.0,0.0,0.0,0.0,0.0,0.0
repeat_2_fold_1,ZNF304,0.04494540054679241,0.08989080109358483,0.04494540054679241,0.0,0.25,-0.0024456830043113054,1.0
repeat_2_fold_1,ZNF335,0.046423465607132286,0.09284693121426457,0.046423465607132286,0.0,0.25,-0.0006637168141592764,0.5
repeat_2_fold_1,ZNF442,0.0,0.0,0.0,0.0,0.0,0.0,0.0
repeat_2_fold_1,ZNF544,0.0,0.0,0.0,0.0,0.0,0.0,0.0
repeat_2_fold_1,ZNF552,0.0,0.0,0.0,0.0,0.0,0.0,0.0
repeat_2_fold_1,ZNF665,0.0,0.0,0.0,0.0,0.0,0.0,0.0
repeat_2_fold_1,ZNF717,0.0,0.0,0.0,0.0,0.0,0.0,0.0
repeat_2_fold_1,ZNF749,0.0,0.0,0.0,0.0,0.0,0.0,0.0
repeat_2_fold_2,A1CF,0.0,0.0,0.0,0.0,0.0,0.0,0.0
repeat_2_fold_2,A2M,0.0,0.0,0.0,0.0,0.0,0.0,0.0
repeat_2_fold_2,A4GALT,0.0,0.0,0.0,0.0,0.0,0.0,0.0
repeat_2_fold_2,A4GNT,0.0,0.0,0.0,0.0,0.0,0.0,0.0
repeat_2_fold_2,AAAS,0.0,0.0,0.0,0.0,0.0,0.0,0.0
repeat_2_fold_2,AACS,0.0,0.0,0.0,0.0,0.0,0.0,0.0
repeat_2_fold_2,AADAC,0.0,0.0,0.0,0.0,0.0,0.0,0.0
repeat_2_fold_2,AAK1,-0.17837115242471668,0.2059652657361479,0.10298263286807395,-0.28135378529279065,0.0,-0.0024390243902439324,0.5
repeat_2_fold_2,AAMP,0.0,0.0,0.0,0.0,0.0,0.0,0.0
repeat_2_fold_2,AANAT,0.0,0.0,0.0,0.0,0.0,0.0,0.0
repeat_2_fold_2,AARS1,0.0,0.0,0.0,0.0,0.0,0.0,0.0
repeat_2_fold_2,AASDHPPT,0.0,0.0,0.0,0.0,0.0,0.0,0.0
repeat_2_fold_2,AASS,0.0,0.0,0.0,0.0,0.0,0.0,0.0
repeat_2_fold_2,AATF,0.0,0.0,0.0,0.0,0.0,0.0,0.0
repeat_2_fold_2,ABAT,-0.031586743562606046,0.224586317144225,0.1122931585721125,-0.14387990213471855,0.5,-0.0016297178700264148,1.0
repeat_2_fold_2,ABCA12,0.0,0.0,0.0,0.0,0.0,0.0,0.0
repeat_2_fold_2,ABCA2,0.0,0.0,0.0,0.0,0.0,0.0,0.0
repeat_2_fold_2,ABCA3,0.0,0.0,0.0,0.0,0.0,0.0,0.0
repeat_2_fold_2,ABCA4,0.0,0.0,0.0,0.0,0.0,0.0,0.0
repeat_2_fold_2,ABCA5,0.0,0.0,0.0,0.0,0.0,0.0,0.0
repeat_2_fold_2,ABCA6,0.0,0.0,0.0,0.0,0.0,0.0,0.0
repeat_2_fold_2,ABCA8,0.0,0.0,0.0,0.0,0.0,0.0,0.0
repeat_2_fold_2,ABCB1,0.0,0.0,0.0,0.0,0.0,0.0,0.0
repeat_2_fold_2,ABCB11,0.0,0.0,0.0,0.0,0.0,0.0,0.0
repeat_2_fold_2,ABCB4,0.0,0.0,0.0,0.0,0.0,0.0,0.0
repeat_2_fold_2,ABCB6,0.0,0.0,0.0,0.0,0.0,0.0,0.0
repeat_2_fold_2,ABCB7,0.0,0.0,0.0,0.0,0.0,0.0,0.0
repeat_2_fold_2,ABCB8,0.0,0.0,0.0,0.0,0.0,0.0,0.0
repeat_2_fold_2,ABCB9,0.0,0.0,0.0,0.0,0.0,0.0,0.0
repeat_2_fold_2,ABCC1,0.0,0.0,0.0,0.0,0.0,0.0,0.0
repeat_2_fold_2,ABCC10,0.0,0.0,0.0,0.0,0.0,0.0,0.0
repeat_2_fold_2,ABCC2,0.0,0.0,0.0,0.0,0.0,0.0,0.0
repeat_2_fold_2,ABCC3,0.0,0.0,0.0,0.0,0.0,0.0,0.0
repeat_2_fold_2,ABCC4,0.0,0.0,0.0,0.0,0.0,0.0,0.0
repeat_2_fold_2,ABCC5,0.0,0.0,0.0,0.0,0.0,0.0,0.0
repeat_2_fold_2,ABCC6,0.0,0.0,0.0,0.0,0.0,0.0,0.0
repeat_2_fold_2,ABCC8,0.0,0.0,0.0,0.0,0.0,0.0,0.0
repeat_2_fold_2,ABCC9,0.0,0.0,0.0,0.0,0.0,0.0,0.0
repeat_2_fold_2,ABCD1,0.0,0.0,0.0,0.0,0.0,0.0,0.0
repeat_2_fold_2,ABCD2,0.0,0.0,0.0,0.0,0.0,0.0,0.0
repeat_2_fold_2,ABCD3,0.0,0.0,0.0,0.0,0.0,0.0,0.0
repeat_2_fold_2,ABCD4,0.0,0.0,0.0,0.0,0.0,0.0,0.0
repeat_2_fold_2,ABCE1,0.0,0.0,0.0,0.0,0.0,0.0,0.0
repeat_2_fold_2,ABCF1,0.0,0.0,0.0,0.0,0.0,0.0,0.0
repeat_2_fold_2,ABCF2,0.0,0.0,0.0,0.0,0.0,0.0,0.0
repeat_2_fold_2,ABCG1,0.0,0.0,0.0,0.0,0.0,0.0,0.0
repeat_2_fold_2,ABCG2,0.0,0.0,0.0,0.0,0.0,0.0,0.0
repeat_2_fold_2,ABCG4,0.0,0.0,0.0,0.0,0.0,0.0,0.0
repeat_2_fold_2,ABCG5,0.0,0.0,0.0,0.0,0.0,0.0,0.0
repeat_2_fold_2,ABHD17B,0.0,0.0,0.0,0.0,0.0,0.0,0.0
repeat_2_fold_2,ABHD3,0.0,0.0,0.0,0.0,0.0,0.0,0.0
repeat_2_fold_2,ABHD5,0.0,0.0,0.0,0.0,0.0,0.0,0.0
repeat_2_fold_2,ABHD6,0.0,0.0,0.0,0.0,0.0,0.0,0.0
repeat_2_fold_2,ABI1,0.0,0.0,0.0,0.0,0.0,0.0,0.0
repeat_2_fold_2,ABI2,0.0,0.0,0.0,0.0,0.0,0.0,0.0
repeat_2_fold_2,ABL1,0.0,0.0,0.0,0.0,0.0,0.0,0.0
repeat_2_fold_2,ABL2,0.0,0.0,0.0,0.0,0.0,0.0,0.0
repeat_2_fold_2,ABLIM1,0.0,0.0,0.0,0.0,0.0,0.0,0.0
repeat_2_fold_2,ABLIM3,0.0,0.0,0.0,0.0,0.0,0.0,0.0
repeat_2_fold_2,ABR,0.0,0.0,0.0,0.0,0.0,0.0,0.0
repeat_2_fold_2,ABRAXAS2,0.0,0.0,0.0,0.0,0.0,0.0,0.0
repeat_2_fold_2,ACAA1,0.0,0.0,0.0,0.0,0.0,0.0,0.0
repeat_2_fold_2,ACAA2,0.0,0.0,0.0,0.0,0.0,0.0,0.0
repeat_2_fold_2,ACACA,0.0,0.0,0.0,0.0,0.0,0.0,0.0
repeat_2_fold_2,ACACB,0.0,0.0,0.0,0.0,0.0,0.0,0.0
repeat_2_fold_2,ACAD10,0.0,0.0,0.0,0.0,0.0,0.0,0.0
repeat_2_fold_2,ACAD8,0.0,0.0,0.0,0.0,0.0,0.0,0.0
repeat_2_fold_2,ACADL,0.0,0.0,0.0,0.0,0.0,0.0,0.0
repeat_2_fold_2,ACADM,0.0,0.0,0.0,0.0,0.0,0.0,0.0
repeat_2_fold_2,ACADS,0.0,0.0,0.0,0.0,0.0,0.0,0.0
repeat_2_fold_2,ACADSB,0.0,0.0,0.0,0.0,0.0,0.0,0.0
repeat_2_fold_2,ACADVL,-0.04259684735293767,0.08519369470587534,0.04259684735293767,-0.08519369470587534,0.0,0.00020325203252030688,0.5
repeat_2_fold_2,ACAN,0.0,0.0,0.0,0.0,0.0,0.0,0.0
repeat_2_fold_2,ACAT1,0.0,0.0,0.0,0.0,0.0,0.0,0.0
repeat_2_fold_2,ACAT2,0.0,0.0,0.0,0.0,0.0,0.0,0.0
repeat_2_fold_2,ACBD3,0.0,0.0,0.0,0.0,0.0,0.0,0.0
repeat_2_fold_2,ACD,0.0,0.0,0.0,0.0,0.0,0.0,0.0
repeat_2_fold_2,ACE,0.0,0.0,0.0,0.0,0.0,0.0,0.0
repeat_2_fold_2,ACE2,0.0,0.0,0.0,0.0,0.0,0.0,0.0
repeat_2_fold_2,ACHE,0.0,0.0,0.0,0.0,0.0,0.0,0.0
repeat_2_fold_2,ACIN1,0.0,0.0,0.0,0.0,0.0,0.0,0.0
repeat_2_fold_2,ACKR1,0.0,0.0,0.0,0.0,0.0,0.0,0.0
repeat_2_fold_2,ACKR2,0.0,0.0,0.0,0.0,0.0,0.0,0.0
repeat_2_fold_2,ACKR3,0.0,0.0,0.0,0.0,0.0,0.0,0.0
repeat_2_fold_2,ACKR4,0.0,0.0,0.0,0.0,0.0,0.0,0.0
repeat_2_fold_2,ACLY,0.0,0.0,0.0,0.0,0.0,0.0,0.0
repeat_2_fold_2,ACO1,0.0,0.0,0.0,0.0,0.0,0.0,0.0
repeat_2_fold_2,ACO2,0.0,0.0,0.0,0.0,0.0,0.0,0.0
repeat_2_fold_2,ACOT11,0.0,0.0,0.0,0.0,0.0,0.0,0.0
repeat_2_fold_2,ACOT13,0.0,0.0,0.0,0.0,0.0,0.0,0.0
repeat_2_fold_2,ACOT2,0.0,0.0,0.0,0.0,0.0,0.0,0.0
repeat_2_fold_2,ACOT7,0.0,0.0,0.0,0.0,0.0,0.0,0.0
repeat_2_fold_2,ACOT8,0.0,0.0,0.0,0.0,0.0,0.0,0.0
repeat_2_fold_2,ACOT9,0.0,0.0,0.0,0.0,0.0,0.0,0.0
repeat_2_fold_2,ACOX1,0.0,0.0,0.0,0.0,0.0,0.0,0.0
repeat_2_fold_2,ACOX2,0.0,0.0,0.0,0.0,0.0,0.0,0.0
repeat_2_fold_2,ACOX3,0.0,0.0,0.0,0.0,0.0,0.0,0.0
repeat_2_fold_2,ACOXL,0.0,0.0,0.0,0.0,0.0,0.0,0.0
repeat_2_fold_2,ACP3,0.0,0.0,0.0,0.0,0.0,0.0,0.0
repeat_2_fold_2,ACP5,-0.042263670316398105,0.07103601324469609,0.035518006622348046,-0.07778167693874616,0.0,0.0018403731222742248,1.0
repeat_2_fold_2,ACP6,0.0,0.0,0.0,0.0,0.0,0.0,0.0
repeat_2_fold_2,ACR,0.0,0.0,0.0,0.0,0.0,0.0,0.0
repeat_2_fold_2,ACSBG1,0.0,0.0,0.0,0.0,0.0,0.0,0.0
repeat_2_fold_2,ACSF2,0.0,0.0,0.0,0.0,0.0,0.0,0.0
repeat_2_fold_2,ACSL1,0.0,0.0,0.0,0.0,0.0,0.0,0.0
repeat_2_fold_2,ACSL4,0.0,0.0,0.0,0.0,0.0,0.0,0.0
repeat_2_fold_2,ACSL5,0.0,0.0,0.0,0.0,0.0,0.0,0.0
repeat_2_fold_2,ACSL6,0.0,0.0,0.0,0.0,0.0,0.0,0.0
repeat_2_fold_2,ACSM1,0.0,0.0,0.0,0.0,0.0,0.0,0.0
repeat_2_fold_2,ACSM3,0.0,0.0,0.0,0.0,0.0,0.0,0.0
repeat_2_fold_2,ACSM5,0.0,0.0,0.0,0.0,0.0,0.0,0.0
repeat_2_fold_2,ACSS3,0.0,0.0,0.0,0.0,0.0,0.0,0.0
repeat_2_fold_2,ACTA1,0.0,0.0,0.0,0.0,0.0,0.0,0.0
repeat_2_fold_2,ACTA2,0.0,0.0,0.0,0.0,0.0,0.0,0.0
repeat_2_fold_2,ACTB,0.0,0.0,0.0,0.0,0.0,0.0,0.0
repeat_2_fold_2,ACTC1,0.0,0.0,0.0,0.0,0.0,0.0,0.0
repeat_2_fold_2,ACTG1,0.0,0.0,0.0,0.0,0.0,0.0,0.0
repeat_2_fold_2,ACTG2,0.0,0.0,0.0,0.0,0.0,0.0,0.0
repeat_2_fold_2,ACTL6A,0.0,0.0,0.0,0.0,0.0,0.0,0.0
repeat_2_fold_2,ACTL6B,0.0,0.0,0.0,0.0,0.0,0.0,0.0
repeat_2_fold_2,ACTN1,0.0,0.0,0.0,0.0,0.0,0.0,0.0
repeat_2_fold_2,ACTN2,0.0,0.0,0.0,0.0,0.0,0.0,0.0
repeat_2_fold_2,ACTN3,0.0,0.0,0.0,0.0,0.0,0.0,0.0
repeat_2_fold_2,ACTN4,0.0,0.0,0.0,0.0,0.0,0.0,0.0
repeat_2_fold_2,ACTR10,0.0,0.0,0.0,0.0,0.0,0.0,0.0
repeat_2_fold_2,ACTR1A,0.0,0.0,0.0,0.0,0.0,0.0,0.0
repeat_2_fold_2,ACTR1B,0.0,0.0,0.0,0.0,0.0,0.0,0.0
repeat_2_fold_2,ACTR2,0.0,0.0,0.0,0.0,0.0,0.0,0.0
repeat_2_fold_2,ACTR3,0.0,0.0,0.0,0.0,0.0,0.0,0.0
repeat_2_fold_2,ACTR5,0.0,0.0,0.0,0.0,0.0,0.0,0.0
repeat_2_fold_2,ACTR8,0.0,0.0,0.0,0.0,0.0,0.0,0.0
repeat_2_fold_2,ACVR1B,0.0,0.0,0.0,0.0,0.0,0.0,0.0
repeat_2_fold_2,ACVR2A,0.0,0.0,0.0,0.0,0.0,0.0,0.0
repeat_2_fold_2,ACVR2B,0.0,0.0,0.0,0.0,0.0,0.0,0.0
repeat_2_fold_2,ACVRL1,0.0,0.0,0.0,0.0,0.0,0.0,0.0
repeat_2_fold_2,ACY1,0.0,0.0,0.0,0.0,0.0,0.0,0.0
repeat_2_fold_2,ADA,0.0,0.0,0.0,0.0,0.0,0.0,0.0
repeat_2_fold_2,ADA2,0.0,0.0,0.0,0.0,0.0,0.0,0.0
repeat_2_fold_2,ADAM10,-1.6061943202467823,1.855322759151792,0.927661379575896,-2.5338556998226784,0.0,-0.00020695364238410008,0.5
repeat_2_fold_2,ADAM11,0.0,0.0,0.0,0.0,0.0,0.0,0.0
repeat_2_fold_2,ADAM12,0.0,0.0,0.0,0.0,0.0,0.0,0.0
repeat_2_fold_2,ADAM15,0.0,0.0,0.0,0.0,0.0,0.0,0.0
repeat_2_fold_2,ADAM17,0.0,0.0,0.0,0.0,0.0,0.0,0.0
repeat_2_fold_2,ADAM19,0.0,0.0,0.0,0.0,0.0,0.0,0.0
repeat_2_fold_2,ADAM2,0.0,0.0,0.0,0.0,0.0,0.0,0.0
repeat_2_fold_2,ADAM20,0.0,0.0,0.0,0.0,0.0,0.0,0.0
repeat_2_fold_2,ADAM21,0.0,0.0,0.0,0.0,0.0,0.0,0.0
repeat_2_fold_2,ADAM22,0.0,0.0,0.0,0.0,0.0,0.0,0.0
repeat_2_fold_2,ADAM23,0.0,0.0,0.0,0.0,0.0,0.0,0.0
repeat_2_fold_2,ADAM30,0.0,0.0,0.0,0.0,0.0,0.0,0.0
repeat_2_fold_2,ADAM8,0.0,0.0,0.0,0.0,0.0,0.0,0.0
repeat_2_fold_2,ADAM9,0.0,0.0,0.0,0.0,0.0,0.0,0.0
repeat_2_fold_2,ADAMTS1,0.0,0.0,0.0,0.0,0.0,0.000813008130081283,0.5
repeat_2_fold_2,ADAMTS12,0.0,0.0,0.0,0.0,0.0,0.0,0.0
repeat_2_fold_2,ADAMTS13,0.0,0.0,0.0,0.0,0.0,0.0,0.0
repeat_2_fold_2,ADAMTS2,0.0,0.0,0.0,0.0,0.0,0.0,0.0
repeat_2_fold_2,ADAMTS20,0.0,0.0,0.0,0.0,0.0,0.0,0.0
repeat_2_fold_2,ADAMTS3,0.0,0.0,0.0,0.0,0.0,0.0,0.0
repeat_2_fold_2,ADAMTS5,0.0,0.0,0.0,0.0,0.0,0.0,0.0
repeat_2_fold_2,ADAMTS6,-0.01916071435924671,0.03832142871849342,0.01916071435924671,-0.03832142871849342,0.0,0.0008278145695364003,0.5
repeat_2_fold_2,ADAMTS7,0.0,0.0,0.0,0.0,0.0,0.0,0.0
repeat_2_fold_2,ADAMTS8,0.0,0.0,0.0,0.0,0.0,0.0,0.0
repeat_2_fold_2,ADAMTS9,0.0,0.0,0.0,0.0,0.0,0.0,0.0
repeat_2_fold_2,ADAMTSL2,0.0,0.0,0.0,0.0,0.0,0.0,0.0
repeat_2_fold_2,ADAMTSL3,0.0,0.0,0.0,0.0,0.0,0.0,0.0
repeat_2_fold_2,ADAMTSL4,0.0,0.0,0.0,0.0,0.0,0.0,0.0
repeat_2_fold_2,ADAR,0.0,0.0,0.0,0.0,0.0,0.0,0.0
repeat_2_fold_2,ADARB1,0.0,0.0,0.0,0.0,0.0,0.0,0.0
repeat_2_fold_2,ADAT1,0.0,0.0,0.0,0.0,0.0,0.0,0.0
repeat_2_fold_2,ADCY1,0.0,0.0,0.0,0.0,0.0,0.0,0.0
repeat_2_fold_2,ADCY2,0.0,0.0,0.0,0.0,0.0,0.0,0.0
repeat_2_fold_2,ADCY3,0.0,0.0,0.0,0.0,0.0,0.0,0.0
repeat_2_fold_2,ADCY6,0.0,0.0,0.0,0.0,0.0,0.0,0.0
repeat_2_fold_2,ADCY7,0.0,0.0,0.0,0.0,0.0,0.0,0.0
repeat_2_fold_2,ADCY8,0.0,0.0,0.0,0.0,0.0,0.0,0.0
repeat_2_fold_2,ADCY9,0.0,0.0,0.0,0.0,0.0,0.0,0.0
repeat_2_fold_2,ADCYAP1,0.0,0.0,0.0,0.0,0.0,0.0,0.0
repeat_2_fold_2,ADCYAP1R1,0.0,0.0,0.0,0.0,0.0,0.0,0.0
repeat_2_fold_2,ADD1,0.0,0.0,0.0,0.0,0.0,0.0,0.0
repeat_2_fold_2,ADD3,0.0,0.0,0.0,0.0,0.0,0.0,0.0
repeat_2_fold_2,ADGRE1,0.0,0.0,0.0,0.0,0.0,0.0,0.0
repeat_2_fold_2,ADGRE2,0.0,0.0,0.0,0.0,0.0,0.0,0.0
repeat_2_fold_2,ADGRE3,0.0,0.0,0.0,0.0,0.0,0.0,0.0
repeat_2_fold_2,ADGRE5,0.0,0.0,0.0,0.0,0.0,0.0,0.0
repeat_2_fold_2,ADGRF5,0.0,0.0,0.0,0.0,0.0,0.0,0.0
repeat_2_fold_2,ADGRG3,0.0,0.0,0.0,0.0,0.0,0.0,0.0
repeat_2_fold_2,ADGRG6,0.0,0.0,0.0,0.0,0.0,0.0,0.0
repeat_2_fold_2,ADGRV1,0.0,0.0,0.0,0.0,0.0,0.0,0.0
repeat_2_fold_2,ADH1A,0.0,0.0,0.0,0.0,0.0,0.0,0.0
repeat_2_fold_2,ADH1B,0.0,0.0,0.0,0.0,0.0,0.0,0.0
repeat_2_fold_2,ADH1C,0.0,0.0,0.0,0.0,0.0,0.0,0.0
repeat_2_fold_2,ADH5,0.0,0.0,0.0,0.0,0.0,0.0,0.0
repeat_2_fold_2,ADH6,0.0,0.0,0.0,0.0,0.0,0.0,0.0
repeat_2_fold_2,ADH7,0.0,0.0,0.0,0.0,0.0,0.0,0.0
repeat_2_fold_2,ADORA2A,0.0,0.0,0.0,0.0,0.0,0.0,0.0
repeat_2_fold_2,AGBL2,0.0335958050299201,0.16723800559722263,0.08361900279861131,-0.05002319776869121,0.5,-0.000816709739945104,1.0
repeat_2_fold_2,AGO3,0.0,0.0,0.0,0.0,0.0,0.0,0.0
repeat_2_fold_2,AGPAT1,0.0,0.0,0.0,0.0,0.0,0.0,0.0
repeat_2_fold_2,AKAP10,0.0,0.0,0.0,0.0,0.0,0.0,0.0
repeat_2_fold_2,AKR1D1,0.0,0.0,0.0,0.0,0.0,0.0,0.0
repeat_2_fold_2,ALAD,0.7735101331570409,1.0082503956216822,0.5041251978108411,0.2693849353461998,0.5,0.0014375706670973765,1.0
repeat_2_fold_2,ALDH7A1,0.0,0.0,0.0,0.0,0.0,0.0,0.0
repeat_2_fold_2,ALG13,-0.045564597449612165,0.09112919489922433,0.045564597449612165,-0.09112919489922433,0.0,-0.001422764227642287,0.5
repeat_2_fold_2,ALG9,-0.2703142449862028,0.2380085951854713,0.11900429759273565,-0.3893185425789385,0.0,-0.00021805847197547967,1.0
repeat_2_fold_2,ALOX12,-0.053742111175722584,0.12495754319262135,0.06247877159631068,-0.11622088277203327,0.25,-0.000406504065040697,1.0
repeat_2_fold_2,AMBN,0.0,0.0,0.0,0.0,0.0,0.0,0.0
repeat_2_fold_2,AMH,-0.07973967344618771,0.15947934689237542,0.07973967344618771,-0.15947934689237542,0.0,-0.00040650406504066927,0.5
repeat_2_fold_2,AMPD3,0.0,0.0,0.0,0.0,0.0,0.0,0.0
repeat_2_fold_2,ANKH,0.0,0.0,0.0,0.0,0.0,0.0,0.0
repeat_2_fold_2,ANKLE2,-0.35909403485893243,0.4200018052734658,0.2100009026367329,-0.5690949374956653,0.0,0.009712014752597808,1.0
repeat_2_fold_2,ANKRD27,0.06786676812017234,0.08438138945360024,0.04219069472680012,0.025676073393372217,0.5,0.0014486754966887283,0.5
repeat_2_fold_2,AP2M1,0.0,0.0,0.0,0.0,0.0,0.0,0.0
repeat_2_fold_2,AP3S1,0.0,0.0,0.0,0.0,0.0,0.0,0.0
repeat_2_fold_2,APBA2,-0.05051100818230836,0.05839968287280346,0.02919984143640173,-0.07971084961871008,0.0,-0.00020695364238410008,0.5
repeat_2_fold_2,APCS,0.0,0.0,0.0,0.0,0.0,0.0,0.0
repeat_2_fold_2,AQP5,0.0,0.0,0.0,0.0,0.0,0.0,0.0
repeat_2_fold_2,ARF1,0.0,0.0,0.0,0.0,0.0,0.0,0.0
repeat_2_fold_2,ARF3,0.0,0.0,0.0,0.0,0.0,0.0,0.0
repeat_2_fold_2,ARFGAP1,-0.12946968961530203,0.15971866986069,0.079859334930345,-0.20932902454564703,0.0,0.00020695364238410008,0.5
repeat_2_fold_2,ARHGAP24,0.0,0.0,0.0,0.0,0.0,0.0,0.0
repeat_2_fold_2,ARHGAP44,0.0,0.0,0.0,0.0,0.0,0.0,0.0
repeat_2_fold_2,ARHGDIB,0.1554838256954607,0.2019908274635468,0.1009954137317734,0.05448841196368731,0.75,0.0028492300651483116,1.0
repeat_2_fold_2,ARHGEF18,0.0,0.0,0.0,0.0,0.0,0.0,0.0
repeat_2_fold_2,ARL1,0.3307089144091311,0.38457535613793115,0.19228767806896557,0.1384212363401655,0.5,0.00041390728476820016,0.5
repeat_2_fold_2,ARMC8,0.0,0.0,0.0,0.0,0.0,0.0,0.0
repeat_2_fold_2,ARPC4,-0.07428565218649652,0.08577768257360135,0.04288884128680068,-0.1171744934732972,0.0,0.0018292682926829007,0.5
repeat_2_fold_2,ART3,0.0,0.0,0.0,0.0,0.0,0.0,0.0
repeat_2_fold_2,ART4,0.0,0.0,0.0,0.0,0.0,0.0,0.0
repeat_2_fold_2,ASB9,0.0,0.0,0.0,0.0,0.0,0.0,0.0
repeat_2_fold_2,ASCC1,-0.06172600253120564,0.0809243641968022,0.0404621820984011,-0.10218818462960674,0.0,0.0006097560975609484,0.5
repeat_2_fold_2,ASCC2,-0.01916071435924671,0.03832142871849342,0.01916071435924671,-0.03832142871849342,0.0,0.0008278145695364003,0.5
repeat_2_fold_2,ASCL1,0.0,0.0,0.0,0.0,0.0,0.0,0.0
repeat_2_fold_2,ATF2,0.0,0.0,0.0,0.0,0.0,0.0,0.0
repeat_2_fold_2,ATF7IP,0.019915174884243214,0.051082517429738156,0.025541258714869078,-0.005626083830625864,0.25,-0.00020695364238410008,0.5
repeat_2_fold_2,ATP10D,-0.21125453826393858,0.2598845139994288,0.1299422569997144,-0.341196795263653,0.0,-0.0008130081300813385,0.5
repeat_2_fold_2,ATP11B,0.2598260327417208,0.3697628808610128,0.1848814404305064,0.07494459231121439,0.5,0.0016556291390728284,0.5
repeat_2_fold_2,ATP1A1,0.0,0.0,0.0,0.0,0.0,0.0,0.0
repeat_2_fold_2,ATP2C1,0.0,0.0,0.0,0.0,0.0,0.0,0.0
repeat_2_fold_2,ATP5MC3,0.0,0.0,0.0,0.0,0.0,0.0,0.0
repeat_2_fold_2,ATP5PF,-0.13862804206728185,0.16007387480955187,0.08003693740477594,-0.2186649794720578,0.0,-0.0008278145695364281,0.5
repeat_2_fold_2,ATP6V0D1,0.0,0.0,0.0,0.0,0.0,0.00040650406504061376,0.5
repeat_2_fold_2,ATP6V1A,0.0,0.0,0.0,0.0,0.0,0.0,0.0
repeat_2_fold_2,ATP6V1H,0.0,0.0,0.0,0.0,0.0,0.0,0.0
repeat_2_fold_2,ATP8B2,0.0,0.0,0.0,0.0,0.0,0.0,0.0
repeat_2_fold_2,AURKA,-0.15184853664074716,0.21295371060122237,0.10647685530061118,-0.25832539194135834,0.0,0.0008278145695364003,0.5
repeat_2_fold_2,AURKB,0.0,0.0,0.0,0.0,0.0,-0.00020325203252033464,0.5
repeat_2_fold_2,AXL,0.0,0.0,0.0,0.0,0.0,0.0,0.0
repeat_2_fold_2,B9D2,0.0,0.0,0.0,0.0,0.0,0.0,0.0
repeat_2_fold_2,BCL2A1,-0.12827202099247614,0.1600537011126009,0.08002685055630045,-0.20829887154877658,0.0,-0.001422764227642287,0.5
repeat_2_fold_2,BEX3,0.0,0.0,0.0,0.0,0.0,0.0,0.0
repeat_2_fold_2,BIN1,0.0,0.0,0.0,0.0,0.0,0.0,0.0
repeat_2_fold_2,BLTP3B,0.0,0.0,0.0,0.0,0.0,0.0,0.0
repeat_2_fold_2,BMP4,0.0,0.0,0.0,0.0,0.0,0.0,0.0
repeat_2_fold_2,BMS1,-0.012384798825728183,0.15392747931907247,0.07696373965953623,-0.08934853848526442,0.5,-7.4032197275863965e-06,1.0
repeat_2_fold_2,BPHL,0.0,0.0,0.0,0.0,0.0,0.0,0.0
repeat_2_fold_2,BUB1,-0.08516337236764748,0.12534201378654736,0.06267100689327368,-0.14783437926092116,0.0,-0.001448675496688756,0.5
repeat_2_fold_2,BUD31,0.0,0.0,0.0,0.0,0.0,0.0,0.0
repeat_2_fold_2,C1QA,0.30849826639150635,0.704006876895553,0.3520034384477765,-0.043505172056270136,0.25,0.0016260162601625938,0.5
repeat_2_fold_2,C2CD5,0.009355966942573346,0.14280264752216176,0.07140132376108088,-0.062045356818507535,0.25,0.00020695364238410008,0.5
repeat_2_fold_2,C2orf49,0.02017739918623107,0.39409662542131724,0.19704831271065862,-0.17687091352442755,0.25,0.0010347682119205281,0.5
repeat_2_fold_2,C4BPB,0.0,0.0,0.0,0.0,0.0,0.0,0.0
repeat_2_fold_2,CA2,-0.05879091486523613,0.10259135583209118,0.05129567791604559,-0.11008659278128172,0.0,0.004268292682926805,0.5
repeat_2_fold_2,CA6,-0.09949579120577745,0.146589979874485,0.0732949899372425,-0.17279078114301993,0.0,-0.002845528455284574,0.5
repeat_2_fold_2,CACNA2D1,-0.16005616866836547,0.1849232028009434,0.0924616014004717,-0.2525177700688372,0.0,-0.000620860927152328,0.5
repeat_2_fold_2,CAPN15,0.0,0.0,0.0,0.0,0.0,0.0,0.0
repeat_2_fold_2,CATSPER2,-0.016065949637370736,0.10453995029627941,0.052269975148139705,-0.06833592478551044,0.25,0.0006208609271522725,1.0
repeat_2_fold_2,CATSPERG,0.0,0.0,0.0,0.0,0.0,0.0,0.0
repeat_2_fold_2,CAVIN1,0.0,0.0,0.0,0.0,0.0,0.0,0.0
repeat_2_fold_2,CBS,-0.03714282609324826,0.07428565218649652,0.03714282609324826,-0.07428565218649652,0.0,0.00040650406504061376,0.5
repeat_2_fold_2,CBX1,0.053528589878011346,0.09305405413448602,0.04652702706724301,0.007001562810768337,0.5,0.0014227642276422592,0.5
repeat_2_fold_2,CBX6,0.0,0.0,0.0,0.0,0.0,0.0,0.0
repeat_2_fold_2,CCKAR,0.0,0.0,0.0,0.0,0.0,0.0,0.0
repeat_2_fold_2,CCL27,0.0,0.0,0.0,0.0,0.0,0.0,0.0
repeat_2_fold_2,CCND3,0.0,0.0,0.0,0.0,0.0,0.0,0.0
repeat_2_fold_2,CCR1,0.0,0.0,0.0,0.0,0.0,0.0,0.0
repeat_2_fold_2,CCR3,0.0,0.0,0.0,0.0,0.0,0.0,0.0
repeat_2_fold_2,CCZ1,-0.004795553504138184,0.07780110359732459,0.038900551798662295,-0.04369610530280048,0.25,-0.0008278145695364281,0.5
repeat_2_fold_2,CD14,-0.06259845495796235,0.18279674520612585,0.09139837260306292,-0.15399682756102528,0.25,0.0004065040650406415,0.5
repeat_2_fold_2,CD36,-0.058833931761384406,0.06793557267983871,0.033967786339919356,-0.09280171810130376,0.0,0.00020325203252030688,0.5
repeat_2_fold_2,CD3D,0.0,0.0,0.0,0.0,0.0,0.0,0.0
repeat_2_fold_2,CD44,-0.1298634762266051,0.16274811440814663,0.08137405720407331,-0.21123753343067841,0.0,-0.001422764227642287,0.5
repeat_2_fold_2,CD59,0.0,0.0,0.0,0.0,0.0,0.0,0.0
repeat_2_fold_2,CDC16,0.0,0.0,0.0,0.0,0.0,0.0,0.0
repeat_2_fold_2,CDC25A,0.0,0.0,0.0,0.0,0.0,0.0,0.0
repeat_2_fold_2,CDC37,0.0,0.0,0.0,0.0,0.0,0.0,0.0
repeat_2_fold_2,CDC42BPA,-0.03714282609324826,0.07428565218649652,0.03714282609324826,-0.07428565218649652,0.0,0.0,0.5
repeat_2_fold_2,CDH12,0.0,0.0,0.0,0.0,0.0,0.0004065040650406415,0.5
repeat_2_fold_2,CDKN1C,0.0,0.0,0.0,0.0,0.0,0.0,0.0
repeat_2_fold_2,CDKN2C,0.0,0.0,0.0,0.0,0.0,0.0,0.0
repeat_2_fold_2,CEACAM8,-0.04105317648315676,0.08210635296631352,0.04105317648315676,-0.08210635296631352,0.0,0.0,0.5
repeat_2_fold_2,CENPE,0.0,0.0,0.0,0.0,0.0,0.0,0.0
repeat_2_fold_2,CENPS,0.0,0.0,0.0,0.0,0.0,0.0,0.0
repeat_2_fold_2,CERK,0.0,0.0,0.0,0.0,0.0,-0.0006097560975610039,0.5
repeat_2_fold_2,CERS6,0.0,0.0,0.0,0.0,0.0,0.0,0.0
repeat_2_fold_2,CFHR2,0.0,0.0,0.0,0.0,0.0,0.0,0.0
repeat_2_fold_2,CHD9,0.0,0.0,0.0,0.0,0.0,0.0,0.0
repeat_2_fold_2,CHEK1,0.0,0.0,0.0,0.0,0.0,0.0,0.0
repeat_2_fold_2,CHRNA5,-0.010480189589141986,0.031042340578037696,0.015521170289018848,-0.026001359878160834,0.25,0.002439024390243877,0.5
repeat_2_fold_2,CHRNB4,-0.06438844495662899,0.0817442244907033,0.04087211224535165,-0.10526055720198063,0.0,0.0014338690572335833,1.0
repeat_2_fold_2,CHRNE,0.0,0.0,0.0,0.0,0.0,0.0,0.0
repeat_2_fold_2,CHST10,0.0,0.0,0.0,0.0,0.0,0.0,0.0
repeat_2_fold_2,CHST11,0.0,0.0,0.0,0.0,0.0,0.0,0.0
repeat_2_fold_2,CHTOP,-0.03873428132738255,0.0774685626547651,0.03873428132738255,-0.0774685626547651,0.0,-0.00121951219512198,0.5
repeat_2_fold_2,CLCN6,0.0,0.0,0.0,0.0,0.0,0.0,0.0
repeat_2_fold_2,CLDN17,0.0,0.0,0.0,0.0,0.0,0.0,0.0
repeat_2_fold_2,CLDN8,-0.08210635296631352,0.09480824997455908,0.04740412498727954,-0.12951047795359305,0.0,0.00041390728476820016,0.5
repeat_2_fold_2,CLEC10A,0.0,0.0,0.0,0.0,0.0,0.0,0.0
repeat_2_fold_2,CLEC2B,0.0,0.0,0.0,0.0,0.0,0.0,0.0
repeat_2_fold_2,CLIC2,0.0,0.0,0.0,0.0,0.0,0.0,0.0
repeat_2_fold_2,CLIC5,0.0,0.0,0.0,0.0,0.0,0.0,0.0
repeat_2_fold_2,CLPP,-0.026222933571025564,0.08412444818236291,0.042062224091181454,-0.06828515766220702,0.25,0.00020325203252030688,0.5
repeat_2_fold_2,CMKLR1,-0.003443482147186927,0.10688186903421891,0.053440934517109455,-0.05688441666429638,0.25,0.0012417218543046282,0.5
repeat_2_fold_2,CMTM6,-0.08736811945521694,0.10088401457212176,0.05044200728606088,-0.13781012674127782,0.0,-0.0004139072847682279,0.5
repeat_2_fold_2,CNDP2,0.0,0.0,0.0,0.0,0.0,0.0,0.0
repeat_2_fold_2,CNGA1,0.0,0.0,0.0,0.0,0.0,0.0,0.0
repeat_2_fold_2,CNIH3,0.23116386116663357,0.27907444706651846,0.13953722353325923,0.09162663763337434,0.5,-0.0008130081300813108,0.5
repeat_2_fold_2,COL14A1,0.0,0.0,0.0,0.0,0.0,0.0,0.0
repeat_2_fold_2,COL2A1,-0.016599285082468995,0.17917182541861315,0.08958591270930658,-0.10618519779177557,0.25,0.000620860927152328,0.5
repeat_2_fold_2,COL4A1,-0.03832142871849342,0.04424977437270647,0.022124887186353234,-0.060446315904846656,0.0,0.00020695364238410008,0.5
repeat_2_fold_2,COL4A5,0.0,0.0,0.0,0.0,0.0,0.0,0.0
repeat_2_fold_2,COL4A6,0.0,0.0,0.0,0.0,0.0,0.0,0.0
repeat_2_fold_2,COMMD3,0.0,0.0,0.0,0.0,0.0,0.0,0.0
repeat_2_fold_2,COPG1,0.010919892522222696,0.021839785044445392,0.010919892522222696,0.0,0.25,0.0014227642276422592,0.5
repeat_2_fold_2,COX4I1,0.0,0.0,0.0,0.0,0.0,0.0,0.0
repeat_2_fold_2,COX5B,0.0,0.0,0.0,0.0,0.0,0.0,0.0
repeat_2_fold_2,CPD,0.0,0.0,0.0,0.0,0.0,0.0,0.5
repeat_2_fold_2,CRTC3,0.0,0.0,0.0,0.0,0.0,0.0,0.0
repeat_2_fold_2,CRYM,0.0,0.0,0.0,0.0,0.0,0.0,0.0
repeat_2_fold_2,CSAD,0.0,0.0,0.0,0.0,0.0,0.0,0.0
repeat_2_fold_2,CSF2,0.0,0.0,0.0,0.0,0.0,0.0,0.0
repeat_2_fold_2,CSGALNACT1,0.0,0.0,0.0,0.0,0.0,0.0,0.0
repeat_2_fold_2,CSN3,0.0,0.0,0.0,0.0,0.0,0.0,0.0
repeat_2_fold_2,CSNK1A1,0.0,0.0,0.0,0.0,0.0,0.0,0.0
repeat_2_fold_2,CSNK2A1,-0.06274390956663112,0.07891822043287601,0.039459110216438005,-0.10220301978306912,0.0,-0.0008278145695364558,0.5
repeat_2_fold_2,CTBP1,0.0,0.0,0.0,0.0,0.0,0.0,0.0
repeat_2_fold_2,CTBP2,0.0,0.0,0.0,0.0,0.0,0.0,0.0
repeat_2_fold_2,CTR9,0.0,0.0,0.0,0.0,0.0,0.0,0.0
repeat_2_fold_2,CTSB,0.0,0.0,0.0,0.0,0.0,0.0,0.0
repeat_2_fold_2,CTSC,0.43329210096653803,0.8596861284508196,0.4298430642254098,0.0034490367411282308,0.5,0.0032520325203251876,0.5
repeat_2_fold_2,CTSD,0.0,0.0,0.0,0.0,0.0,0.0,0.0
repeat_2_fold_2,CX3CR1,-0.06292227961997554,0.08152948483069865,0.040764742415349324,-0.10368702203532487,0.0,0.0018292682926829285,0.5
repeat_2_fold_2,CXCL11,-0.08816144480254984,0.10191535985607969,0.050957679928039845,-0.13911912473058968,0.0,0.0016260162601625938,0.5
repeat_2_fold_2,CXCR1,0.0,0.0,0.0,0.0,0.0,0.0,0.0
repeat_2_fold_2,CXCR6,0.025955252025045894,0.04665097217104165,0.023325486085520826,0.002629765939525068,0.5,-0.00020695364238410008,0.5
repeat_2_fold_2,CYB5R3,0.0,0.0,0.0,0.0,0.0,0.0,0.0
repeat_2_fold_2,CYP26B1,-0.001941360719523999,0.13596897248903658,0.06798448624451829,-0.06992584696404229,0.25,0.0014227642276422592,0.5
repeat_2_fold_2,CYP2F1,0.0,0.0,0.0,0.0,0.0,0.0,0.0
repeat_2_fold_2,CYP51A1,-0.13215879512049433,0.1692270915301091,0.08461354576505455,-0.21677234088554886,0.0,-0.0012417218543046282,0.5
repeat_2_fold_2,DACT1,0.4172062707203317,0.48307298568513246,0.24153649284256623,0.17566977787776544,0.5,1.1104829591324084e-05,1.0
repeat_2_fold_2,DAPK2,0.0,0.0,0.0,0.0,0.0,0.0,0.0
repeat_2_fold_2,DBI,0.0,0.0,0.0,0.0,0.0,0.0,0.0
repeat_2_fold_2,DBP,0.0,0.0,0.0,0.0,0.0,0.0,0.0
repeat_2_fold_2,DBT,-0.09368392220963351,0.1286113529949805,0.06430567649749025,-0.15798959870712376,0.0,0.00101626016260159,0.5
repeat_2_fold_2,DCAF11,0.0,0.0,0.0,0.0,0.0,0.0,0.0
repeat_2_fold_2,DCAF16,-0.02189246212391538,0.04378492424783076,0.02189246212391538,-0.04378492424783076,0.0,0.00041390728476820016,0.5
repeat_2_fold_2,DCAF8,0.0,0.0,0.0,0.0,0.0,0.0,0.0
repeat_2_fold_2,DCC,0.0,0.0,0.0,0.0,0.0,0.0,0.0
repeat_2_fold_2,DEFB126,0.0,0.0,0.0,0.0,0.0,0.0,0.0
repeat_2_fold_2,DELE1,0.0,0.0,0.0,0.0,0.0,0.0,0.0
repeat_2_fold_2,DENND3,0.0,0.0,0.0,0.0,0.0,0.0,0.0
repeat_2_fold_2,DGKA,-0.03873428132738255,0.0774685626547651,0.03873428132738255,-0.0774685626547651,0.0,0.000813008130081283,0.5
repeat_2_fold_2,DGKZ,0.12972068221035826,0.32019977774126673,0.16009988887063337,-0.030379206660275104,0.25,0.0020695364238410563,0.5
repeat_2_fold_2,DHRS9,0.0,0.0,0.0,0.0,0.0,0.0,0.0
repeat_2_fold_2,DHX38,0.0,0.0,0.0,0.0,0.0,0.0,0.0
repeat_2_fold_2,DHX8,0.0,0.0,0.0,0.0,0.0,0.0,0.0
repeat_2_fold_2,DIAPH2,0.0,0.0,0.0,0.0,0.0,0.0,0.0
repeat_2_fold_2,DNAJC13,-0.40550387106515906,0.7537590971675265,0.37687954858376327,-0.7823834196489223,0.0,0.00020695364238410008,0.5
repeat_2_fold_2,DNMT3B,0.0,0.0,0.0,0.0,0.0,0.0,0.0
repeat_2_fold_2,DRD4,0.0,0.0,0.0,0.0,0.0,0.0,0.0
repeat_2_fold_2,DRG1,0.0,0.0,0.0,0.0,0.0,0.0,0.0
repeat_2_fold_2,DSG2,0.0,0.0,0.0,0.0,0.0,0.0,0.0
repeat_2_fold_2,DSPP,0.0,0.0,0.0,0.0,0.0,0.0,0.0
repeat_2_fold_2,DTX2,0.0,0.0,0.0,0.0,0.0,0.0,0.0
repeat_2_fold_2,DTX4,-0.01663130266328139,0.049235245278154885,0.024617622639077442,-0.04124892530235883,0.25,-0.002276490066225184,0.5
repeat_2_fold_2,DTYMK,0.0,0.0,0.0,0.0,0.0,0.0,0.0
repeat_2_fold_2,DYNC1LI1,0.0,0.0,0.0,0.0,0.0,0.0,0.0
repeat_2_fold_2,DYNLL1,0.0,0.0,0.0,0.0,0.0,0.0,0.0
repeat_2_fold_2,E2F5,0.0,0.0,0.0,0.0,0.0,0.0,0.0
repeat_2_fold_2,ECHS1,-0.753099593674829,0.869719479521803,0.4348597397609015,-1.1879593334357306,0.0,0.0008278145695364003,0.5
repeat_2_fold_2,EDC3,0.0,0.0,0.0,0.0,0.0,0.0,0.0
repeat_2_fold_2,EDNRB,-0.0876165343590607,0.1624061247585821,0.08120306237929105,-0.16881959673835173,0.0,0.0026422764227642115,1.0
repeat_2_fold_2,EEA1,0.3670900985573269,0.4255343968267557,0.21276719841337785,0.15432290014394903,0.5,0.0010347682119205281,0.5
repeat_2_fold_2,EEF1A2,-0.03873428132738255,0.0774685626547651,0.03873428132738255,-0.0774685626547651,0.0,-0.0016260162601626216,0.5
repeat_2_fold_2,EFNA3,0.0,0.0,0.0,0.0,0.0,0.00020325203252030688,0.5
repeat_2_fold_2,EFNB3,-0.0025604221115749226,0.005120844223149845,0.0025604221115749226,-0.005120844223149845,0.0,0.0006208609271523002,0.5
repeat_2_fold_2,EGFR,0.0,0.0,0.0,0.0,0.0,0.0,0.0
repeat_2_fold_2,EGLN1,0.0,0.0,0.0,0.0,0.0,0.0,0.0
repeat_2_fold_2,EIF2AK2,0.0,0.0,0.0,0.0,0.0,0.0,0.0
repeat_2_fold_2,EIF2B2,0.0,0.0,0.0,0.0,0.0,-0.00020325203252033464,0.5
repeat_2_fold_2,EIF2S3,0.0,0.0,0.0,0.0,0.0,0.0,0.0
repeat_2_fold_2,EIF3L,0.0,0.0,0.0,0.0,0.0,0.0,0.0
repeat_2_fold_2,EIF4G2,0.0,0.0,0.0,0.0,0.0,0.0,0.0
repeat_2_fold_2,ELF1,0.0,0.0,0.0,0.0,0.0,0.0,0.0
repeat_2_fold_2,ELOB,0.0,0.0,0.0,0.0,0.0,0.0,0.0
repeat_2_fold_2,ELP5,0.0,0.0,0.0,0.0,0.0,0.0,0.0
repeat_2_fold_2,EMID1,-0.015180634464234899,0.12525610738020562,0.06262805369010281,-0.07780868815433771,0.25,-0.0014227642276423147,0.5
repeat_2_fold_2,EMILIN1,-0.010435344897024024,0.04710504240405521,0.023552521202027606,-0.033987866099051633,0.25,-0.000620860927152328,0.5
repeat_2_fold_2,EPB41L2,0.0,0.0,0.0,0.0,0.0,0.0,0.0
repeat_2_fold_2,EPHA3,0.0,0.0,0.0,0.0,0.0,0.0,0.0
repeat_2_fold_2,EPRS1,0.0,0.0,0.0,0.0,0.0,0.0,0.0
repeat_2_fold_2,ERBIN,0.0,0.0,0.0,0.0,0.0,0.0,0.0
repeat_2_fold_2,ESRRB,0.0,0.0,0.0,0.0,0.0,0.0,0.0
repeat_2_fold_2,EXOSC1,0.0,0.0,0.0,0.0,0.0,0.0,0.0
repeat_2_fold_2,EXOSC2,0.0,0.0,0.0,0.0,0.0,0.0,0.0
repeat_2_fold_2,EXOSC8,0.0,0.0,0.0,0.0,0.0,0.0,0.0
repeat_2_fold_2,F2R,0.0,0.0,0.0,0.0,0.0,0.0,0.0
repeat_2_fold_2,F5,0.0,0.0,0.0,0.0,0.0,0.0,0.0
repeat_2_fold_2,FABP1,0.0,0.0,0.0,0.0,0.0,0.0,0.0
repeat_2_fold_2,FABP3,0.0,0.0,0.0,0.0,0.0,0.0,0.0
repeat_2_fold_2,FADS2,0.0,0.0,0.0,0.0,0.0,0.0,0.0
repeat_2_fold_2,FAF2,0.4120139581991129,0.4875947014037905,0.24379735070189526,0.16821660749721765,0.5,0.00020695364238407232,0.5
repeat_2_fold_2,FANCI,0.0,0.0,0.0,0.0,0.0,0.0,0.0
repeat_2_fold_2,FBXO11,-0.45501599631630363,0.5868693571049596,0.2934346785524798,-0.7484506748687834,0.0,0.0026533812523555356,1.0
repeat_2_fold_2,FBXO31,-0.13225965964071484,0.16940333852959757,0.08470166926479879,-0.21696132890551362,0.0,-2.7755575615628914e-17,0.5
repeat_2_fold_2,FBXW11,0.0,0.0,0.0,0.0,0.0,0.0,0.0
repeat_2_fold_2,FBXW7,0.0,0.0,0.0,0.0,0.0,-0.00020325203252033464,0.5
repeat_2_fold_2,FCN1,0.0,0.0,0.0,0.0,0.0,0.0012417218543046005,0.5
repeat_2_fold_2,FDPS,0.0,0.0,0.0,0.0,0.0,0.0,0.0
repeat_2_fold_2,FECH,-0.04259684735293767,0.08519369470587534,0.04259684735293767,-0.08519369470587534,0.0,0.00040650406504061376,0.5
repeat_2_fold_2,FER,0.0,0.0,0.0,0.0,0.0,0.0,0.0
repeat_2_fold_2,FERMT2,-0.060113026322186514,0.07800276393269197,0.039001381966345984,-0.09911440828853249,0.0,-0.001448675496688756,0.5
repeat_2_fold_2,FGF7,-0.01916071435924671,0.03832142871849342,0.01916071435924671,-0.03832142871849342,0.0,0.0006208609271523002,0.5
repeat_2_fold_2,FLRT2,0.0,0.0,0.0,0.0,0.0,0.0,0.0
repeat_2_fold_2,FMO1,0.0,0.0,0.0,0.0,0.0,0.0,0.0
repeat_2_fold_2,FMOD,0.0,0.0,0.0,0.0,0.0,0.00101626016260159,0.5
repeat_2_fold_2,FNBP1,0.0,0.0,0.0,0.0,0.0,0.0,0.0
repeat_2_fold_2,FOLR1,0.0,0.0,0.0,0.0,0.0,0.00020695364238410008,0.5
repeat_2_fold_2,FOXA2,0.0014919478504875627,0.06503779225481691,0.03251889612740846,-0.031026948276920895,0.25,0.00041390728476820016,0.5
repeat_2_fold_2,FOXO1,0.0,0.0,0.0,0.0,0.0,0.0,0.0
repeat_2_fold_2,FSCN1,0.0,0.0,0.0,0.0,0.0,0.0,0.0
repeat_2_fold_2,FSHR,-0.17553262850294438,0.24511108468705323,0.12255554234352661,-0.298088170846471,0.0,-0.0006097560975610039,0.5
repeat_2_fold_2,FST,0.04065548663341367,0.08131097326682735,0.04065548663341367,0.0,0.25,-0.0010458730415119077,1.0
repeat_2_fold_2,FTCD,0.02392385707447886,0.04784771414895772,0.02392385707447886,0.0,0.25,0.0006208609271523002,0.5
repeat_2_fold_2,FUS,-0.08122832925477752,0.07124298274293737,0.03562149137146869,-0.11684982062624621,0.0,0.003872893447477488,1.0
repeat_2_fold_2,FUT9,0.0,0.0,0.0,0.0,0.0,0.0,0.0
repeat_2_fold_2,FYB1,0.0,0.0,0.0,0.0,0.0,0.0,0.0
repeat_2_fold_2,FZD4,0.0,0.0,0.0,0.0,0.0,0.0,0.0
repeat_2_fold_2,FZD5,0.0,0.0,0.0,0.0,0.0,0.0,0.0
repeat_2_fold_2,G3BP1,0.0,0.0,0.0,0.0,0.0,0.0,0.0
repeat_2_fold_2,GABPB1,0.0,0.0,0.0,0.0,0.0,0.0,0.0
repeat_2_fold_2,GAPVD1,0.0,0.0,0.0,0.0,0.0,-0.00020695364238410008,0.5
repeat_2_fold_2,GAS2,0.0,0.0,0.0,0.0,0.0,0.0,0.0
repeat_2_fold_2,GBP1,0.0,0.0,0.0,0.0,0.0,0.0,0.0
repeat_2_fold_2,GC,0.0,0.0,0.0,0.0,0.0,0.0,0.0
repeat_2_fold_2,GDF5,0.0,0.0,0.0,0.0,0.0,0.0,0.0
repeat_2_fold_2,GDNF,0.0,0.0,0.0,0.0,0.0,0.0,0.0
repeat_2_fold_2,GFER,0.0,0.0,0.0,0.0,0.0,0.0,0.0
repeat_2_fold_2,GFM1,0.0,0.0,0.0,0.0,0.0,0.0,0.0
repeat_2_fold_2,GFRA2,0.0,0.0,0.0,0.0,0.0,0.0002180584719753964,1.0
repeat_2_fold_2,GINS4,0.0,0.0,0.0,0.0,0.0,0.0,0.0
repeat_2_fold_2,GJA5,0.0,0.0,0.0,0.0,0.0,0.0,0.0
repeat_2_fold_2,GJA9,0.0,0.0,0.0,0.0,0.0,0.0,0.0
repeat_2_fold_2,GLB1,0.0,0.0,0.0,0.0,0.0,0.0,0.0
repeat_2_fold_2,GMPR,0.0,0.0,0.0,0.0,0.0,0.0,0.0
repeat_2_fold_2,GNAI3,0.0,0.0,0.0,0.0,0.0,0.0,0.0
repeat_2_fold_2,GNG12,0.0,0.0,0.0,0.0,0.0,0.0,0.0
repeat_2_fold_2,GNG5,-0.0025604221115749226,0.005120844223149845,0.0025604221115749226,-0.005120844223149845,0.0,0.0008278145695364003,0.5
repeat_2_fold_2,GNPDA1,0.0,0.0,0.0,0.0,0.0,0.0,0.0
repeat_2_fold_2,GOSR1,0.0,0.0,0.0,0.0,0.0,0.0,0.0
repeat_2_fold_2,GPC4,0.0,0.0,0.0,0.0,0.0,0.0,0.0
repeat_2_fold_2,GPR32,-0.22848363147430995,0.3114421006275806,0.1557210503137903,-0.38420468178810024,0.25,-0.0003953992354493452,1.0
repeat_2_fold_2,GRB2,0.0,0.0,0.0,0.0,0.0,0.0,0.0
repeat_2_fold_2,GRM1,0.0,0.0,0.0,0.0,0.0,0.0,0.0
repeat_2_fold_2,GRPR,-0.045564597449612165,0.09112919489922433,0.045564597449612165,-0.09112919489922433,0.0,0.00020325203252030688,0.5
repeat_2_fold_2,GSPT1,0.0,0.0,0.0,0.0,0.0,0.0,0.0
repeat_2_fold_2,GSS,0.0,0.0,0.0,0.0,0.0,0.0,0.0
repeat_2_fold_2,GSTA2,0.0,0.0,0.0,0.0,0.0,0.0,0.0
repeat_2_fold_2,GTF2H3,-0.0195584042089898,0.13875123204186654,0.06937561602093327,-0.08893402022992307,0.25,0.0014005545684595555,1.0
repeat_2_fold_2,GUCY1A1,-0.0025604221115749226,0.005120844223149845,0.0025604221115749226,-0.005120844223149845,0.0,0.0,0.5
repeat_2_fold_2,GYPA,0.0,0.0,0.0,0.0,0.0,0.0,0.0
repeat_2_fold_2,GZMB,0.0,0.0,0.0,0.0,0.0,0.0,0.0
repeat_2_fold_2,H2AC14,-0.02428155858239478,0.04201364915839327,0.021006824579196635,-0.045288383161591415,0.0,0.0008278145695364003,0.5
repeat_2_fold_2,H2AC25,0.10902080912355672,0.1308193883397906,0.0654096941698953,0.04361111495366142,0.5,0.00041390728476820016,0.5
repeat_2_fold_2,H2AC4,0.0,0.0,0.0,0.0,0.0,0.0,0.0
repeat_2_fold_2,H2AC6,-0.32177146212566576,0.3786715079553328,0.1893357539776664,-0.5111072161033321,0.0,-0.005081300813008144,0.5
repeat_2_fold_2,H2AZ1,0.0,0.0,0.0,0.0,0.0,0.0,0.0
repeat_2_fold_2,H2BC12L,-0.0030243562412213265,0.07856374543086544,0.03928187271543272,-0.04230622895665405,0.25,-0.00020325203252033464,0.5
repeat_2_fold_2,H2BC21,0.0736976415794608,0.08953594759213579,0.044767973796067895,0.0289296677833929,0.5,-0.007113821138211379,0.5
repeat_2_fold_2,H2BC3,-0.004512178393316191,0.40428972766385884,0.20214486383192942,-0.2066570422252456,0.25,0.00325203252032516,1.0
repeat_2_fold_2,H2BC5,0.0,0.0,0.0,0.0,0.0,0.0,0.0
repeat_2_fold_2,H2BC6,-0.19243849296410254,0.29659234963436837,0.14829617481718418,-0.3407346677812867,0.0,-0.005284552845528451,0.5
repeat_2_fold_2,H2BC7,0.16466676568388117,0.20017190815549693,0.10008595407774847,0.0645808116061327,0.5,-0.0006097560975610039,0.5
repeat_2_fold_2,H2BC9,0.014585696585211139,0.07938408461827656,0.03969204230913828,-0.025106345723927143,0.25,0.000813008130081283,0.5
repeat_2_fold_2,H3-3B,-0.03832142871849342,0.04424977437270647,0.022124887186353234,-0.060446315904846656,0.0,0.00020695364238410008,0.5
repeat_2_fold_2,H3C1,0.0,0.0,0.0,0.0,0.0,0.0,0.0
repeat_2_fold_2,H3C3,0.03574637581721696,0.08508872597123388,0.04254436298561694,-0.00679798716839998,0.25,0.0032520325203251876,0.5
repeat_2_fold_2,H4C6,0.0,0.0,0.0,0.0,0.0,0.0,0.0
repeat_2_fold_2,HACD1,0.0,0.0,0.0,0.0,0.0,0.0,0.0
repeat_2_fold_2,HACD2,0.0,0.0,0.0,0.0,0.0,0.0,0.0
repeat_2_fold_2,HCRTR2,0.0,0.0,0.0,0.0,0.0,0.0,0.0
repeat_2_fold_2,HDAC3,-0.14750515391482466,0.19457671327156506,0.09728835663578253,-0.2447935105506072,0.25,0.0007982016906261657,1.0
repeat_2_fold_2,HDAC7,0.0,0.0,0.0,0.0,0.0,0.0,0.0
repeat_2_fold_2,HDC,0.00761493390905521,0.0928945416894252,0.0464472708447126,-0.03883233693565739,0.25,0.002235772357723542,0.5
repeat_2_fold_2,HEPH,0.09249097800876527,0.10679938210194476,0.05339969105097238,0.03909128695779289,0.5,0.0010347682119205004,0.5
repeat_2_fold_2,HEXA,0.0,0.0,0.0,0.0,0.0,0.0,0.0
repeat_2_fold_2,HGFAC,0.0,0.0,0.0,0.0,0.0,0.0,0.0
repeat_2_fold_2,HGSNAT,0.0,0.0,0.0,0.0,0.0,0.0,0.0
repeat_2_fold_2,HK2,0.0,0.0,0.0,0.0,0.0,0.0,0.0
repeat_2_fold_2,HLA-A,-0.22069493995083356,0.2558904908364313,0.12794524541821564,-0.34864018536904917,0.0,0.0032520325203251876,0.5
repeat_2_fold_2,HLA-B,0.0,0.0,0.0,0.0,0.0,0.0,0.0
repeat_2_fold_2,HLA-DMA,0.0,0.0,0.0,0.0,0.0,0.00223577235772357,0.5
repeat_2_fold_2,HLA-DQB1,-0.07012661993638147,0.230399452881509,0.1151997264407545,-0.18532634637713596,0.25,0.0006208609271523002,0.5
repeat_2_fold_2,HLA-DRB5,0.0,0.0,0.0,0.0,0.0,0.0,0.0
repeat_2_fold_2,HMOX1,0.08267639627437084,0.13778037128124834,0.06889018564062417,0.013786210633746673,0.5,0.0006097560975609762,0.5
repeat_2_fold_2,HNRNPL,0.0,0.0,0.0,0.0,0.0,0.0,0.0
repeat_2_fold_2,HOMER1,-0.04378492424783076,0.05055847560186492,0.02527923780093246,-0.06906416204876321,0.0,0.00041390728476820016,0.5
repeat_2_fold_2,HPRT1,0.0,0.0,0.0,0.0,0.0,0.0,0.0
repeat_2_fold_2,HRC,0.06711030019361885,0.1353647750785511,0.06768238753927555,-0.0005720873456566966,0.25,0.0006208609271523002,0.5
repeat_2_fold_2,HS3ST3B1,0.048062718615476285,0.09612543723095257,0.048062718615476285,0.0,0.25,0.002845528455284546,0.5
repeat_2_fold_2,HS6ST1,0.0,0.0,0.0,0.0,0.0,0.0,0.0
repeat_2_fold_2,HSD17B7,0.09413737702393554,0.14113094017018754,0.07056547008509377,0.023571906938841772,0.5,-0.001618613040435063,1.0
repeat_2_fold_2,HSPA2,0.0,0.0,0.0,0.0,0.0,0.0,0.0
repeat_2_fold_2,HSPA4L,-0.02189246212391538,0.04378492424783076,0.02189246212391538,-0.04378492424783076,0.0,-0.00020695364238410008,0.5
repeat_2_fold_2,HSPB8,0.0,0.0,0.0,0.0,0.0,0.0,0.0
repeat_2_fold_2,HSPD1,-0.024352019715266238,0.048704039430532475,0.024352019715266238,-0.048704039430532475,0.0,0.0006208609271523002,0.5
repeat_2_fold_2,HTR1B,0.0,0.0,0.0,0.0,0.0,0.0,0.0
repeat_2_fold_2,HTR4,0.22601605714819684,0.4727672289386638,0.2363836144693319,-0.010367557321135062,0.5,-0.0026718893016745016,1.0
repeat_2_fold_2,HTR7,-0.036813076021349644,0.07883264766117579,0.03941632383058789,-0.07622939985193754,0.25,0.0048780487804877815,0.5
repeat_2_fold_2,HTRA1,-0.0421071266510058,0.08406714507004828,0.04203357253502414,-0.08414069918602994,0.0,-0.0022357723577235977,0.5
repeat_2_fold_2,ID1,0.0,0.0,0.0,0.0,0.0,0.0,0.0
repeat_2_fold_2,IFI27,0.0,0.0,0.0,0.0,0.0,0.0,0.0
repeat_2_fold_2,IFI44L,-0.09112919489922433,0.10522693041220207,0.05261346520610104,-0.14374266010532538,0.0,0.0018292682926829007,0.5
repeat_2_fold_2,IFIT3,-0.08168103416571171,0.09449140285776274,0.04724570142888137,-0.12892673559459308,0.0,0.0004065040650406415,0.5
repeat_2_fold_2,IFNAR1,-0.05109155538266741,0.05909275531969067,0.029546377659845333,-0.08063793304251274,0.0,0.0034552845528455223,0.5
repeat_2_fold_2,IFNAR2,0.0,0.0,0.0,0.0,0.0,0.0,0.0
repeat_2_fold_2,IFT20,0.0,0.0,0.0,0.0,0.0,0.0,0.0
repeat_2_fold_2,IFT70A,0.0,0.0,0.0,0.0,0.0,0.0,0.0
repeat_2_fold_2,IGF2,0.0,0.0,0.0,0.0,0.0,0.0,0.0
repeat_2_fold_2,IGLC2,0.0,0.0,0.0,0.0,0.0,0.0,0.0
repeat_2_fold_2,IL12RB2,-0.10499268244783622,0.24577366671947126,0.12288683335973563,-0.22787951580757185,0.25,-0.00040650406504066927,1.0
repeat_2_fold_2,IL16,0.0,0.0,0.0,0.0,0.0,0.0,0.0
repeat_2_fold_2,IL17RA,0.0,0.0,0.0,0.0,0.0,0.0,0.0
repeat_2_fold_2,IL32,0.0,0.0,0.0,0.0,0.0,0.0,0.0
repeat_2_fold_2,IL7R,0.0,0.0,0.0,0.0,0.0,0.0,0.0
repeat_2_fold_2,IMPA1,0.0,0.0,0.0,0.0,0.0,0.0,0.0
repeat_2_fold_2,INCENP,0.0,0.0,0.0,0.0,0.0,0.0,0.0
repeat_2_fold_2,INHBE,-0.22342622915667398,0.1434358932660952,0.0717179466330476,-0.2951441757897216,0.0,0.002431621170516318,1.0
repeat_2_fold_2,INPP1,0.0,0.0,0.0,0.0,0.0,0.0,0.0
repeat_2_fold_2,INPP5F,-0.17915895395853632,0.1490506493310274,0.0745253246655137,-0.25368427862405,0.0,0.00023656652129430689,1.0
repeat_2_fold_2,INSR,0.0,0.0,0.0,0.0,0.0,0.0,0.0
repeat_2_fold_2,INTS3,0.0,0.0,0.0,0.0,0.0,0.0,0.0
repeat_2_fold_2,INTS6,-0.8300424552428929,0.9586724677189643,0.47933623385948215,-1.309378689102375,0.0,-0.0022764900662251564,0.5
repeat_2_fold_2,IP6K2,0.0,0.0,0.0,0.0,0.0,0.0,0.0
repeat_2_fold_2,IQGAP2,0.0,0.0,0.0,0.0,0.0,0.0,0.0
repeat_2_fold_2,IRF2,0.0,0.0,0.0,0.0,0.0,0.0,0.0
repeat_2_fold_2,ISG15,0.0,0.0,0.0,0.0,0.0,0.0,0.0
repeat_2_fold_2,ITGA3,0.0,0.0,0.0,0.0,0.0,0.0,0.0
repeat_2_fold_2,ITGB2,0.0,0.0,0.0,0.0,0.0,0.0,0.0
repeat_2_fold_2,ITGBL1,0.0,0.0,0.0,0.0,0.0,0.0,0.0
repeat_2_fold_2,JAM2,-0.1554070136549548,0.20789297201890647,0.10394648600945323,-0.259353499664408,0.0,0.0016260162601625938,0.5
repeat_2_fold_2,JMJD4,0.0,0.0,0.0,0.0,0.0,0.0,0.0
repeat_2_fold_2,JUNB,-0.07684607429807144,0.08292663546436148,0.04146331773218074,-0.11830939203025218,0.0,-0.0003991008453131384,1.0
repeat_2_fold_2,KAT8,0.0,0.0,0.0,0.0,0.0,0.0,0.0
repeat_2_fold_2,KCNA3,0.0,0.0,0.0,0.0,0.0,0.0,0.0
repeat_2_fold_2,KCND2,0.0,0.0,0.0,0.0,0.0,0.00040650406504061376,0.5
repeat_2_fold_2,KCNE1,-0.01010083614461621,0.01166344093426894,0.00583172046713447,-0.01593255661175068,0.0,-0.0034552845528455223,0.5
repeat_2_fold_2,KCNE2,0.0,0.0,0.0,0.0,0.0,0.0,0.0
repeat_2_fold_2,KCNJ6,0.0,0.0,0.0,0.0,0.0,0.0,0.0
repeat_2_fold_2,KCNN3,0.0,0.0,0.0,0.0,0.0,0.0,0.0
repeat_2_fold_2,KCNQ3,0.35108727824357544,0.3046869217496694,0.1523434608748347,0.19874381736874075,0.75,0.002671889301674474,1.0
repeat_2_fold_2,KCTD7,-0.07428565218649652,0.08577768257360135,0.04288884128680068,-0.1171744934732972,0.0,-3.7016098637931982e-06,1.0
repeat_2_fold_2,KDM3A,0.0,0.0,0.0,0.0,0.0,0.0,0.0
repeat_2_fold_2,KDM6A,0.0,0.0,0.0,0.0,0.0,0.0,0.0
repeat_2_fold_2,KDM8,-0.0945378690775911,0.11109519315048837,0.05554759657524418,-0.1500854656528353,0.0,0.0012417218543046005,0.5
repeat_2_fold_2,KIF23,0.0,0.0,0.0,0.0,0.0,0.0,0.0
repeat_2_fold_2,KIF2C,0.0,0.0,0.0,0.0,0.0,0.0,0.0
repeat_2_fold_2,KIF3C,-0.09504484685989922,0.10974833583929915,0.05487416791964957,-0.1499190147795488,0.0,-0.00041390728476820016,0.5
repeat_2_fold_2,KIRREL1,0.0,0.0,0.0,0.0,0.0,0.0,0.0
repeat_2_fold_2,KMT5A,-0.17555339235287448,0.13396627955637402,0.06698313977818701,-0.2425365321310615,0.0,-0.0045677865719054855,1.0
repeat_2_fold_2,KNL1,-0.04105317648315676,0.08210635296631352,0.04105317648315676,-0.08210635296631352,0.0,-0.0012417218543046282,0.5
repeat_2_fold_2,KRT15,0.0,0.0,0.0,0.0,0.0,0.0,0.0
repeat_2_fold_2,KRT75,0.0,0.0,0.0,0.0,0.0,0.0,0.0
repeat_2_fold_2,KRT84,0.0,0.0,0.0,0.0,0.0,0.0,0.0
repeat_2_fold_2,KRT9,0.0,0.0,0.0,0.0,0.0,0.0,0.0
repeat_2_fold_2,KRTAP9-9,0.0,0.0,0.0,0.0,0.0,0.0,0.5
repeat_2_fold_2,KTN1,-0.006588566952137498,0.15725386464510405,0.07862693232255202,-0.08521549927468952,0.5,0.0063267242771765375,1.0
repeat_2_fold_2,LAMA2,0.0,0.0,0.0,0.0,0.0,0.0,0.0
repeat_2_fold_2,LAMA3,0.0,0.0,0.0,0.0,0.0,0.0,0.0
repeat_2_fold_2,LAMTOR2,0.0,0.0,0.0,0.0,0.0,0.0,0.0
repeat_2_fold_2,LDHC,0.0,0.0,0.0,0.0,0.0,0.0,0.0
repeat_2_fold_2,LDLRAP1,0.0,0.0,0.0,0.0,0.0,0.0,0.0
repeat_2_fold_2,LEF1,0.0,0.0,0.0,0.0,0.0,0.0,0.0
repeat_2_fold_2,LEP,-0.058081631371621256,0.07753318301449512,0.03876659150724756,-0.09684822287886882,0.0,0.0010347682119205004,0.5
repeat_2_fold_2,LETM1,0.0,0.0,0.0,0.0,0.0,0.0,0.0
repeat_2_fold_2,LHX1,-0.08801039987005765,0.10633341547416217,0.053166707737081084,-0.14117710760713875,0.0,-0.001448675496688756,0.5
repeat_2_fold_2,LIG1,0.0,0.0,0.0,0.0,0.0,0.0,0.0
repeat_2_fold_2,LIN7A,0.0,0.0,0.0,0.0,0.0,0.0,0.0
repeat_2_fold_2,LIPA,0.0,0.0,0.0,0.0,0.0,0.0,0.0
repeat_2_fold_2,LIPC,0.0,0.0,0.0,0.0,0.0,0.0,0.0
repeat_2_fold_2,LOX,0.0,0.0,0.0,0.0,0.0,0.0,0.0
repeat_2_fold_2,LSM4,-0.07141010762238409,0.08256322824291959,0.041281614121459795,-0.11269172174384388,0.0,0.0,0.5
repeat_2_fold_2,LSM6,-0.03832142871849342,0.04424977437270647,0.022124887186353234,-0.060446315904846656,0.0,0.0012417218543046282,0.5
repeat_2_fold_2,LSM7,0.0,0.0,0.0,0.0,0.0,0.0,0.0
repeat_2_fold_2,LTBP3,-0.03714282609324826,0.07428565218649652,0.03714282609324826,-0.07428565218649652,0.0,-2.7755575615628914e-17,0.5
repeat_2_fold_2,LTBP4,0.0,0.0,0.0,0.0,0.0,0.0,0.0
repeat_2_fold_2,LYN,0.0,0.0,0.0,0.0,0.0,0.0,0.0
repeat_2_fold_2,MAGI2,0.0,0.0,0.0,0.0,0.0,0.0,0.0
repeat_2_fold_2,MAN2A1,0.0,0.0,0.0,0.0,0.0,0.0,0.0
repeat_2_fold_2,MAP2K6,0.0,0.0,0.0,0.0,0.0,0.0,0.0
repeat_2_fold_2,MAP2K7,0.0,0.0,0.0,0.0,0.0,0.0,0.5
repeat_2_fold_2,MAP3K3,0.0,0.0,0.0,0.0,0.0,0.0,0.0
repeat_2_fold_2,MAP4K4,0.0,0.0,0.0,0.0,0.0,0.0,0.0
repeat_2_fold_2,MAPKAPK3,0.0,0.0,0.0,0.0,0.0,0.0,0.0
repeat_2_fold_2,MATN4,0.0,0.0,0.0,0.0,0.0,0.0,0.0
repeat_2_fold_2,MCAT,0.0,0.0,0.0,0.0,0.0,0.003048780487804853,0.5
repeat_2_fold_2,MCCC1,0.0,0.0,0.0,0.0,0.0,0.0,0.0
repeat_2_fold_2,MCFD2,0.0,0.0,0.0,0.0,0.0,0.0,0.0
repeat_2_fold_2,MCM10,0.0,0.0,0.0,0.0,0.0,0.0,0.0
repeat_2_fold_2,MCM6,0.0,0.0,0.0,0.0,0.0,0.0,0.0
repeat_2_fold_2,MCRS1,0.0,0.0,0.0,0.0,0.0,0.0,0.0
repeat_2_fold_2,MED23,-0.02963864349627343,0.11215698560611158,0.05607849280305579,-0.08571713629932923,0.25,0.00041390728476820016,0.5
repeat_2_fold_2,MELTF,0.0,0.0,0.0,0.0,0.0,0.0,0.0
repeat_2_fold_2,MERTK,-0.7768586786165166,0.9007596715194509,0.45037983575972546,-1.227238514376242,0.0,-0.001448675496688756,0.5
repeat_2_fold_2,MFAP4,-0.02189246212391538,0.04378492424783076,0.02189246212391538,-0.04378492424783076,0.0,0.0,0.5
repeat_2_fold_2,MGAT2,0.0,0.0,0.0,0.0,0.0,-0.00040650406504066927,0.5
repeat_2_fold_2,MICB,0.0,0.0,0.0,0.0,0.0,0.0,0.0
repeat_2_fold_2,MIEF1,0.0,0.0,0.0,0.0,0.0,0.0,0.0
repeat_2_fold_2,MIF,-0.1563018295838372,0.2146097096992576,0.1073048548496288,-0.263606684433466,0.0,-0.00020325203252033464,0.5
repeat_2_fold_2,MIS18A,0.0,0.0,0.0,0.0,0.0,0.0,0.0
repeat_2_fold_2,MKNK1,0.0,0.0,0.0,0.0,0.0,0.0,0.0
repeat_2_fold_2,MKS1,-0.13592041509963515,0.10918188553827746,0.05459094276913873,-0.19051135786877388,0.0,-0.0006504738060625903,1.0
repeat_2_fold_2,MMADHC,0.0,0.0,0.0,0.0,0.0,0.0,0.0
repeat_2_fold_2,MOCS2,0.0,0.0,0.0,0.0,0.0,0.0,0.0
repeat_2_fold_2,MORC2,0.0,0.0,0.0,0.0,0.0,0.0,0.0
repeat_2_fold_2,MPC2,-0.04368405972760847,0.08736811945521694,0.04368405972760847,-0.08736811945521694,0.0,0.00041390728476820016,0.5
repeat_2_fold_2,MRPS10,0.0,0.0,0.0,0.0,0.0,0.0,0.0
repeat_2_fold_2,MRPS15,-0.1382645710646706,0.16504900866023592,0.08252450433011796,-0.22078907539478856,0.0,-0.001034768211920556,0.5
repeat_2_fold_2,MRPS34,0.0,0.0,0.0,0.0,0.0,0.0,0.0
repeat_2_fold_2,MRTFA,0.0,0.0,0.0,0.0,0.0,0.0,0.0
repeat_2_fold_2,MSL1,-0.02760109103100028,0.49318453170430626,0.24659226585215313,-0.2741933568831534,0.25,0.0010347682119205281,0.5
repeat_2_fold_2,MT4,0.0,0.0,0.0,0.0,0.0,0.0,0.0
repeat_2_fold_2,MTAP,0.0,0.0,0.0,0.0,0.0,0.0,0.0
repeat_2_fold_2,MTHFD2,0.13156829511923362,0.17378729486260247,0.08689364743130124,0.04467464768793239,0.5,-0.0004139072847682279,0.5
repeat_2_fold_2,MTMR2,-0.055506338623533935,0.6138833270720114,0.3069416635360057,-0.36244800215953965,0.25,0.004139072847682113,0.5
repeat_2_fold_2,MYH10,0.0,0.0,0.0,0.0,0.0,0.0,0.0
repeat_2_fold_2,MYH14,0.0,0.0,0.0,0.0,0.0,0.0,0.0
repeat_2_fold_2,MYL7,0.0,0.0,0.0,0.0,0.0,0.0,0.0
repeat_2_fold_2,MYLIP,0.06412317880808516,0.12824635761617031,0.06412317880808516,0.0,0.25,0.0016260162601625938,0.5
repeat_2_fold_2,NAB1,0.012290679421955275,0.058327488770045025,0.029163744385022512,-0.016873064963067237,0.25,-0.00020325203252033464,0.5
repeat_2_fold_2,NANOG,0.0,0.0,0.0,0.0,0.0,0.0,0.0
repeat_2_fold_2,NCAPG2,0.0,0.0,0.0,0.0,0.0,0.0,0.0
repeat_2_fold_2,NCKAP1,0.0,0.0,0.0,0.0,0.0,0.0,0.0
repeat_2_fold_2,NCL,0.0,0.0,0.0,0.0,0.0,0.0,0.0
repeat_2_fold_2,NCOR1,0.0,0.0,0.0,0.0,0.0,0.0,0.0
repeat_2_fold_2,NCR3,-0.05903528821716364,0.07257467379444735,0.036287336897223674,-0.09532262511438731,0.0,-0.0006097560975610039,1.0
repeat_2_fold_2,NCSTN,0.0,0.0,0.0,0.0,0.0,0.0,0.0
repeat_2_fold_2,NDUFS6,0.0,0.0,0.0,0.0,0.0,0.0,0.0
repeat_2_fold_2,NDUFV1,0.0,0.0,0.0,0.0,0.0,0.0,0.0
repeat_2_fold_2,NDUFV2,0.0,0.0,0.0,0.0,0.0,0.0,0.0
repeat_2_fold_2,NELFB,0.0,0.0,0.0,0.0,0.0,0.00020325203252030688,0.5
repeat_2_fold_2,NEURL1,-0.08816144480255161,0.17632288960510323,0.08816144480255161,-0.17632288960510323,0.0,0.0014227642276422592,0.5
repeat_2_fold_2,NFS1,0.27190643309281626,0.61608009872173,0.308040049360865,-0.03613361626804873,0.25,0.006097560975609748,0.5
repeat_2_fold_2,NFU1,0.0,0.0,0.0,0.0,0.0,0.0,0.0
repeat_2_fold_2,NGLY1,0.0,0.0,0.0,0.0,0.0,0.0,0.0
repeat_2_fold_2,NHERF4,0.12211822382845128,0.3161884004768147,0.15809420023840734,-0.03597597640995606,0.25,-0.001034768211920556,0.5
repeat_2_fold_2,NIPA2,0.0,0.0,0.0,0.0,0.0,0.0,0.0
repeat_2_fold_2,NKX2-5,0.0,0.0,0.0,0.0,0.0,0.0,0.0
repeat_2_fold_2,NLGN4Y,0.0,0.0,0.0,0.0,0.0,0.0,0.0
repeat_2_fold_2,NMU,0.0,0.0,0.0,0.0,0.0,0.0,0.0
repeat_2_fold_2,NOX4,-0.13208150686216413,0.08848279148264923,0.044241395741324616,-0.17632290260348876,0.0,-0.0010495746513756732,1.0
repeat_2_fold_2,NOX5,0.0,0.0,0.0,0.0,0.0,0.0,0.0
repeat_2_fold_2,NPR2,0.0593728570983032,0.1187457141966064,0.0593728570983032,0.0,0.25,0.0,0.5
repeat_2_fold_2,NR2F6,0.0,0.0,0.0,0.0,0.0,0.0,0.0
repeat_2_fold_2,NRG2,0.04065548663341367,0.08131097326682735,0.04065548663341367,0.0,0.25,-0.0024390243902439324,0.5
repeat_2_fold_2,NRXN3,-0.02691244182684116,0.04724442792295574,0.02362221396147787,-0.05053465578831903,0.0,-0.0008278145695364281,0.5
repeat_2_fold_2,NSD2,-0.24376304228341894,0.10333130052490126,0.05166565026245063,-0.29542869254586956,0.0,0.00021065525224786552,1.0
repeat_2_fold_2,NT5E,0.0,0.0,0.0,0.0,0.0,-2.7755575615628914e-17,0.5
repeat_2_fold_2,NUCB1,0.0,0.0,0.0,0.0,0.0,0.0,0.0
repeat_2_fold_2,NUDT7,0.03395325323842613,0.0988190062292917,0.04940950311464585,-0.01545624987621972,0.25,0.000813008130081283,0.5
repeat_2_fold_2,NUMA1,0.0,0.0,0.0,0.0,0.0,0.0,0.0
repeat_2_fold_2,NUP107,0.0,0.0,0.0,0.0,0.0,-0.00040650406504066927,0.5
repeat_2_fold_2,NUP93,0.0,0.0,0.0,0.0,0.0,0.0,0.0
repeat_2_fold_2,ODF2,0.03320713775577744,0.03857158748284481,0.019285793741422405,0.013921344014355033,0.5,0.0006134577074247138,1.0
repeat_2_fold_2,OGN,0.0,0.0,0.0,0.0,0.0,0.0,0.0
repeat_2_fold_2,OR10H3,0.0,0.0,0.0,0.0,0.0,0.0,0.0
repeat_2_fold_2,OR12D2,0.0,0.0,0.0,0.0,0.0,0.0,0.0
repeat_2_fold_2,OR2B2,0.0,0.0,0.0,0.0,0.0,0.0,0.0
repeat_2_fold_2,OR2F2,0.0,0.0,0.0,0.0,0.0,0.0,0.0
repeat_2_fold_2,OR3A1,0.0,0.0,0.0,0.0,0.0,0.0,0.0
repeat_2_fold_2,OR52A1,0.0,0.0,0.0,0.0,0.0,0.0,0.0
repeat_2_fold_2,OR7E24,0.0,0.0,0.0,0.0,0.0,0.0,0.0
repeat_2_fold_2,OSMR,0.0,0.0,0.0,0.0,0.0,0.0,0.0
repeat_2_fold_2,OTOF,0.39275338648484137,0.45353182044643064,0.22676591022321532,0.16598747626162605,0.5,0.0016556291390728284,0.5
repeat_2_fold_2,OTUB2,0.0,0.0,0.0,0.0,0.0,0.0,0.0
repeat_2_fold_2,OVGP1,0.00722370747179113,0.14611366053128583,0.07305683026564291,-0.06583312279385178,0.25,0.0010347682119205281,0.5
repeat_2_fold_2,P2RY6,0.0,0.0,0.0,0.0,0.0,0.0,0.0
repeat_2_fold_2,PAIP1,0.0,0.0,0.0,0.0,0.0,0.0,0.0
repeat_2_fold_2,PARD6A,0.04065548663341367,0.08131097326682735,0.04065548663341367,0.0,0.25,0.000813008130081283,0.5
repeat_2_fold_2,PARK7,0.0,0.0,0.0,0.0,0.0,0.0,0.0
repeat_2_fold_2,PARP2,0.25806434572214165,0.3068843560521151,0.15344217802605756,0.1046221676960841,0.75,0.0016445243094815043,1.0
repeat_2_fold_2,PAX2,0.0,0.0,0.0,0.0,0.0,0.0,0.0
repeat_2_fold_2,PDE10A,0.0,0.0,0.0,0.0,0.0,0.0,0.0
repeat_2_fold_2,PDE1C,0.0,0.0,0.0,0.0,0.0,0.0,0.0
repeat_2_fold_2,PDE3B,0.0,0.0,0.0,0.0,0.0,0.0,0.0
repeat_2_fold_2,PDHA1,0.02401576288856866,0.1686285739528616,0.0843142869764308,-0.06029852408786214,0.25,0.00036578635653902736,1.0
repeat_2_fold_2,PDIA3,0.13081240672725158,0.15104915647464304,0.07552457823732152,0.055287828489930066,0.5,-0.00020695364238410008,0.5
repeat_2_fold_2,PDP1,0.0,0.0,0.0,0.0,0.0,0.0,0.0
repeat_2_fold_2,PDYN,-0.05047370826580888,0.08834275984596685,0.04417137992298342,-0.0946450881887923,0.0,-0.00040650406504066927,0.5
repeat_2_fold_2,PENK,0.0,0.0,0.0,0.0,0.0,0.0,0.0
repeat_2_fold_2,PEX11A,0.0,0.0,0.0,0.0,0.0,0.0,0.0
repeat_2_fold_2,PFAS,0.0,0.0,0.0,0.0,0.0,0.0,0.0
repeat_2_fold_2,PFKP,0.0,0.0,0.0,0.0,0.0,0.0,0.0
repeat_2_fold_2,PHF21A,0.0,0.0,0.0,0.0,0.0,0.0,0.0
repeat_2_fold_2,PHKG2,0.0,0.0,0.0,0.0,0.0,0.0,0.0
repeat_2_fold_2,PI4KA,0.0,0.0,0.0,0.0,0.0,0.0,0.0
repeat_2_fold_2,PIEZO1,0.0,0.0,0.0,0.0,0.0,0.0,0.0
repeat_2_fold_2,PIGH,-0.22663844193733773,0.26356339987005606,0.13178169993502803,-0.35842014187236576,0.0,0.00041390728476820016,0.5
repeat_2_fold_2,PIGO,0.0,0.0,0.0,0.0,0.0,0.0,0.0
repeat_2_fold_2,PIGQ,0.0,0.0,0.0,0.0,0.0,0.00040650406504061376,0.5
repeat_2_fold_2,PIK3C2A,0.0,0.0,0.0,0.0,0.0,0.0,0.0
repeat_2_fold_2,PIK3CD,-0.021791597603691315,0.04358319520738263,0.021791597603691315,-0.04358319520738263,0.0,0.00041390728476820016,0.5
repeat_2_fold_2,PIP5K1A,0.0,0.0,0.0,0.0,0.0,0.0,0.0
repeat_2_fold_2,PISD,0.0,0.0,0.0,0.0,0.0,0.0,0.0
repeat_2_fold_2,PIWIL1,-0.3617189468173301,0.7234378936346602,0.3617189468173301,-0.7234378936346602,0.0,-0.0008278145695364281,0.5
repeat_2_fold_2,PKN1,-0.4694552610896814,0.8885501336408775,0.44427506682043877,-0.9137303279101201,0.0,-0.001840373122274308,1.0
repeat_2_fold_2,PKP2,-0.02359856635547075,0.11981115323635223,0.059905576618176117,-0.08350414297364686,0.25,-0.00041390728476820016,0.5
repeat_2_fold_2,PLAAT3,0.0,0.0,0.0,0.0,0.0,0.00041390728476820016,0.5
repeat_2_fold_2,PLAAT4,0.053528589878011346,0.09305405413448602,0.04652702706724301,0.007001562810768337,0.5,-0.00020325203252033464,0.5
repeat_2_fold_2,PLCB3,0.0,0.0,0.0,0.0,0.0,0.0,0.0
repeat_2_fold_2,PLEKHA2,0.0,0.0,0.0,0.0,0.0,0.0,0.5
repeat_2_fold_2,PLEKHA5,0.0,0.0,0.0,0.0,0.0,0.0,0.0
repeat_2_fold_2,PLIN2,0.0,0.0,0.0,0.0,0.0,0.0,0.0
repeat_2_fold_2,PLK1,0.0,0.0,0.0,0.0,0.0,0.0,0.0
repeat_2_fold_2,PLOD3,0.0,0.0,0.0,0.0,0.0,0.0006097560975609484,0.5
repeat_2_fold_2,PMM1,0.11310843676014315,0.286814040190618,0.143407020095309,-0.030298583335165857,0.75,-0.0008130081300813108,1.0
repeat_2_fold_2,PMVK,-0.06294563860707214,0.07913212048353065,0.03956606024176532,-0.10251169884883746,0.0,-0.0008278145695364281,0.5
repeat_2_fold_2,PNPLA4,0.0,0.0,0.0,0.0,0.0,0.0,0.0
repeat_2_fold_2,POLQ,0.0,0.0,0.0,0.0,0.0,0.0,0.0
repeat_2_fold_2,POLR2F,0.0,0.0,0.0,0.0,0.0,0.0,0.0
repeat_2_fold_2,POMP,0.0,0.0,0.0,0.0,0.0,0.0,0.0
repeat_2_fold_2,POMT1,-0.01916071435924671,0.03832142871849342,0.01916071435924671,-0.03832142871849342,0.0,-0.000620860927152328,0.5
repeat_2_fold_2,PON1,0.0,0.0,0.0,0.0,0.0,0.0,0.0
repeat_2_fold_2,PON3,0.0,0.0,0.0,0.0,0.0,0.0,0.0
repeat_2_fold_2,POU3F3,0.0,0.0,0.0,0.0,0.0,0.0,0.0
repeat_2_fold_2,PPA2,0.013637875860069926,0.1356190115473242,0.0678095057736621,-0.05417162991359217,0.25,0.0006134577074247416,1.0
repeat_2_fold_2,PPARGC1A,0.0,0.0,0.0,0.0,0.0,0.0,0.0
repeat_2_fold_2,PPFIBP2,0.0,0.0,0.0,0.0,0.0,0.0,0.0
repeat_2_fold_2,PPM1E,0.0,0.0,0.0,0.0,0.0,0.0,0.0
repeat_2_fold_2,PPP1R13B,-0.04752242342994961,0.09504484685989922,0.04752242342994961,-0.09504484685989922,0.0,-0.0012417218543046282,0.5
repeat_2_fold_2,PPP2R2A,0.0,0.0,0.0,0.0,0.0,0.0,0.0
repeat_2_fold_2,PRC1,0.0,0.0,0.0,0.0,0.0,0.0,0.0
repeat_2_fold_2,PRDM9,0.0,0.0,0.0,0.0,0.0,0.0,0.0
repeat_2_fold_2,PRELID3A,-0.18830560488251535,0.2400619717910789,0.12003098589553945,-0.3083365907780548,0.0,0.0018292682926829285,0.5
repeat_2_fold_2,PRF1,0.0,0.0,0.0,0.0,0.0,0.0,0.0
repeat_2_fold_2,PRIM2,0.0,0.0,0.0,0.0,0.0,0.0,0.0
repeat_2_fold_2,PRKAG1,0.0,0.0,0.0,0.0,0.0,0.0,0.0
repeat_2_fold_2,PRKAR1A,0.0,0.0,0.0,0.0,0.0,0.0,0.0
repeat_2_fold_2,PRKCZ,-0.017028454888460942,0.10775158401825184,0.05387579200912592,-0.07090424689758687,0.25,-0.000620860927152328,0.5
repeat_2_fold_2,PRKD3,-0.1365036536543549,0.1344677409291397,0.06723387046456986,-0.20373752411892476,0.0,0.003462687772573053,1.0
repeat_2_fold_2,PRKRA,0.0,0.0,0.0,0.0,0.0,0.0,0.0
repeat_2_fold_2,PRPF3,-0.036813076021349644,0.07883264766117579,0.03941632383058789,-0.07622939985193754,0.25,0.00040650406504061376,0.5
repeat_2_fold_2,PRPF4,0.0,0.0,0.0,0.0,0.0,0.0,0.0
repeat_2_fold_2,PRPF40A,-0.10000136460692843,0.14751654938364853,0.07375827469182426,-0.1737596392987527,0.0,-0.0008278145695364281,0.5
repeat_2_fold_2,PRSS8,0.0,0.0,0.0,0.0,0.0,0.0,0.0
repeat_2_fold_2,PSAP,0.0,0.0,0.0,0.0,0.0,0.0,0.0
repeat_2_fold_2,PSENEN,0.0,0.0,0.0,0.0,0.0,0.0,0.0
repeat_2_fold_2,PSG1,0.0,0.0,0.0,0.0,0.0,0.0,0.0
repeat_2_fold_2,PSMA4,0.0,0.0,0.0,0.0,0.0,0.0,0.0
repeat_2_fold_2,PSMD7,0.1299451084091494,0.20121529261992757,0.10060764630996379,0.029337462099185627,0.5,0.00041390728476820016,0.5
repeat_2_fold_2,PSPH,-0.12664761620323262,0.1478179517252261,0.07390897586261305,-0.20055659206584567,0.0,-0.0016260162601626216,0.5
repeat_2_fold_2,PTEN,-0.05043366674310512,0.15008519219734115,0.07504259609867057,-0.1254762628417757,0.25,-0.002228369137996039,1.0
repeat_2_fold_2,PTP4A2,0.0,0.0,0.0,0.0,0.0,0.0,0.0
repeat_2_fold_2,PTPN18,0.0,0.0,0.0,0.0,0.0,0.0,0.0
repeat_2_fold_2,PTPN4,0.0,0.0,0.0,0.0,0.0,0.0032520325203251876,0.5
repeat_2_fold_2,PTPRB,0.0,0.0,0.0,0.0,0.0,0.0,0.0
repeat_2_fold_2,PTPRK,0.0,0.0,0.0,0.0,0.0,0.0,0.0
repeat_2_fold_2,PYCARD,0.0,0.0,0.0,0.0,0.0,0.0,0.0
repeat_2_fold_2,PYCR3,0.0,0.0,0.0,0.0,0.0,0.0,0.0
repeat_2_fold_2,PYGB,0.0,0.0,0.0,0.0,0.0,0.0,0.0
repeat_2_fold_2,QDPR,0.0,0.0,0.0,0.0,0.0,0.0,0.0
repeat_2_fold_2,RAB11FIP3,0.0,0.0,0.0,0.0,0.0,0.0,0.0
repeat_2_fold_2,RAB22A,-0.03618916924770588,0.08555280290521103,0.042776401452605514,-0.07896557070031139,0.25,-0.001034768211920556,0.5
repeat_2_fold_2,RAB40B,0.0,0.0,0.0,0.0,0.0,0.0,0.0
repeat_2_fold_2,RAB40C,0.0,0.0,0.0,0.0,0.0,0.0,0.0
repeat_2_fold_2,RAB5A,0.02392385707447886,0.04784771414895772,0.02392385707447886,0.0,0.25,-0.00020695364238410008,0.5
repeat_2_fold_2,RAB8B,0.06698694130944638,0.08080929062945964,0.04040464531472982,0.026582295994716558,0.5,0.00040650406504061376,0.5
repeat_2_fold_2,RABGEF1,0.0,0.0,0.0,0.0,0.0,0.0,0.0
repeat_2_fold_2,RAC2,0.0,0.0,0.0,0.0,0.0,0.0,0.0
repeat_2_fold_2,RAD21,0.11465572214799913,0.16362754700265683,0.08181377350132842,0.03284194864667071,0.5,0.00020695364238407232,0.5
repeat_2_fold_2,RAD52,0.0,0.0,0.0,0.0,0.0,0.0,0.0
repeat_2_fold_2,RANBP2,0.0,0.0,0.0,0.0,0.0,0.0,0.0
repeat_2_fold_2,RANGAP1,0.0,0.0,0.0,0.0,0.0,0.0,0.0
repeat_2_fold_2,RBKS,0.0,0.0,0.0,0.0,0.0,0.0,0.0
repeat_2_fold_2,RBM4,-0.019659338132910875,0.045183941844621864,0.022591970922310932,-0.04225130905522181,0.25,-0.00041390728476820016,0.5
repeat_2_fold_2,RBM8A,0.0,0.0,0.0,0.0,0.0,0.0,0.0
repeat_2_fold_2,RDH5,0.05830055013168689,0.3231370082181215,0.16156850410906076,-0.10326795397737387,0.25,0.0014486754966887283,0.5
repeat_2_fold_2,RECK,0.0,0.0,0.0,0.0,0.0,0.0,0.0
repeat_2_fold_2,REG1A,0.0,0.0,0.0,0.0,0.0,0.0,0.0
repeat_2_fold_2,RGL1,0.0,0.0,0.0,0.0,0.0,0.0,0.0
repeat_2_fold_2,RGS2,0.0,0.0,0.0,0.0,0.0,0.0,0.0
repeat_2_fold_2,RHCE,0.0,0.0,0.0,0.0,0.0,0.0,0.0
repeat_2_fold_2,RHOA,0.0,0.0,0.0,0.0,0.0,0.0,0.0
repeat_2_fold_2,RNASE2,-0.07428565218649652,0.08577768257360135,0.04288884128680068,-0.1171744934732972,0.0,0.0026422764227642115,0.5
repeat_2_fold_2,RND1,0.0,0.0,0.0,0.0,0.0,0.0008278145695364003,0.5
repeat_2_fold_2,RNF144A,0.0,0.0,0.0,0.0,0.0,0.0,0.0
repeat_2_fold_2,RNF19B,0.0,0.0,0.0,0.0,0.0,0.0,0.0
repeat_2_fold_2,RNF216,0.0,0.0,0.0,0.0,0.0,0.0,0.0
repeat_2_fold_2,RNF5,-0.48889510388119817,0.5678248836766492,0.2839124418383246,-0.7728075457195227,0.0,-2.7755575615628914e-17,0.5
repeat_2_fold_2,RPA2,-0.021791597603691315,0.04358319520738263,0.021791597603691315,-0.04358319520738263,0.0,-0.0004176088946320211,1.0
repeat_2_fold_2,RPA4,0.0,0.0,0.0,0.0,0.0,0.0,0.0
repeat_2_fold_2,RPIA,0.0,0.0,0.0,0.0,0.0,0.0,0.0
repeat_2_fold_2,RPL10,-0.15654563130697596,0.3649202455831131,0.18246012279155654,-0.3390057540985325,0.25,-0.003658536585365857,0.5
repeat_2_fold_2,RPL10L,0.0,0.0,0.0,0.0,0.0,0.0,0.0
repeat_2_fold_2,RPL15,0.0,0.0,0.0,0.0,0.0,0.0,0.0
repeat_2_fold_2,RPL29,-0.08477485338167767,0.16279352204940922,0.08139676102470461,-0.16617161440638228,0.0,-0.0008278145695364558,0.5
repeat_2_fold_2,RPL34,0.0,0.0,0.0,0.0,0.0,0.0,0.0
repeat_2_fold_2,RPL39,0.048062718615476285,0.09612543723095257,0.048062718615476285,0.0,0.25,0.0004065040650406415,0.5
repeat_2_fold_2,RPLP1,0.0,0.0,0.0,0.0,0.0,0.0,0.0
repeat_2_fold_2,RPLP2,0.0,0.0,0.0,0.0,0.0,0.0,0.0
repeat_2_fold_2,RPP25,0.0,0.0,0.0,0.0,0.0,0.0,0.0
repeat_2_fold_2,RPP38,0.0,0.0,0.0,0.0,0.0,0.0,0.0
repeat_2_fold_2,RPS17,0.0,0.0,0.0,0.0,0.0,0.0,0.0
repeat_2_fold_2,RPS2,0.0,0.0,0.0,0.0,0.0,0.0,0.0
repeat_2_fold_2,RPS21,-0.07428565218649652,0.08577768257360135,0.04288884128680068,-0.1171744934732972,0.0,0.0,0.5
repeat_2_fold_2,RPS27A,0.0,0.0,0.0,0.0,0.0,0.0,0.0
repeat_2_fold_2,RPS28,-0.0761675649857878,0.09623720576786224,0.04811860288393112,-0.12428616786971892,0.0,-0.002483443708609284,0.5
repeat_2_fold_2,RPS3,0.0,0.0,0.0,0.0,0.0,0.0,0.0
repeat_2_fold_2,RPS3A,0.0,0.0,0.0,0.0,0.0,0.0,0.0
repeat_2_fold_2,RPS4X,0.0,0.0,0.0,0.0,0.0,0.0,0.0
repeat_2_fold_2,RRAD,-0.03558730522061815,0.17116488037383962,0.08558244018691981,-0.12116974540753796,0.25,-0.001034768211920556,1.0
repeat_2_fold_2,RRAGA,-0.04378492424783076,0.05055847560186492,0.02527923780093246,-0.06906416204876321,0.0,-0.00020695364238410008,0.5
repeat_2_fold_2,RRM2,0.0,0.0,0.0,0.0,0.0,0.0,0.0
repeat_2_fold_2,RWDD3,0.0,0.0,0.0,0.0,0.0,0.0,0.0
repeat_2_fold_2,S100A7,0.0,0.0,0.0,0.0,0.0,0.0,0.0
repeat_2_fold_2,S100P,0.0059936216975557954,0.011987243395111591,0.0059936216975557954,0.0,0.25,-0.000620860927152328,0.5
repeat_2_fold_2,SAMM50,0.0,0.0,0.0,0.0,0.0,0.0,0.0
repeat_2_fold_2,SAP130,0.0,0.0,0.0,0.0,0.0,0.0,0.0
repeat_2_fold_2,SAP30BP,0.0,0.0,0.0,0.0,0.0,0.0,0.0
repeat_2_fold_2,SARM1,-0.10787146704340422,0.14305623133743292,0.07152811566871646,-0.1793995827121207,0.0,-0.004918766488989423,1.0
repeat_2_fold_2,SARS1,-0.16700630231985691,0.22921831187929664,0.11460915593964832,-0.28161545825950524,0.0,0.0014227642276422592,0.5
repeat_2_fold_2,SCAP,0.0,0.0,0.0,0.0,0.0,0.0,0.0
repeat_2_fold_2,SCARB1,0.048062718615476285,0.09612543723095257,0.048062718615476285,0.0,0.25,-0.00020325203252033464,0.5
repeat_2_fold_2,SCCPDH,0.02392385707447886,0.04784771414895772,0.02392385707447886,0.0,0.25,0.0008278145695364003,0.5
repeat_2_fold_2,SCD5,0.0,0.0,0.0,0.0,0.0,0.0,0.0
repeat_2_fold_2,SCNN1G,0.0,0.0,0.0,0.0,0.0,0.0,0.0
repeat_2_fold_2,SCUBE2,0.0,0.0,0.0,0.0,0.0,0.0,0.0
repeat_2_fold_2,SDK2,0.0,0.0,0.0,0.0,0.0,0.0,0.0
repeat_2_fold_2,SEC23A,0.07721019172023702,0.12204258362932291,0.061021291814661455,0.016188899905575566,0.5,0.00447154471544714,0.5
repeat_2_fold_2,SEC31A,0.0,0.0,0.0,0.0,0.0,0.0,0.0
repeat_2_fold_2,SEMA7A,0.0,0.0,0.0,0.0,0.0,0.0,0.0
repeat_2_fold_2,SEPTIN2,0.0,0.0,0.0,0.0,0.0,0.0014227642276422592,0.5
repeat_2_fold_2,SERINC1,-0.005120844223149845,0.005913041581427406,0.002956520790713703,-0.008077365013863549,0.0,0.0,0.5
repeat_2_fold_2,SERINC3,0.0,0.0,0.0,0.0,0.0,0.0,0.0
repeat_2_fold_2,SERP1,0.0,0.0,0.0,0.0,0.0,0.0,0.0
repeat_2_fold_2,SERPINB1,-0.001941360719523999,0.003882721439047998,0.001941360719523999,-0.003882721439047998,0.0,-0.0018292682926829562,0.5
repeat_2_fold_2,SERPIND1,-0.0524882118665726,0.24388337096243248,0.12194168548121624,-0.17442989734778885,0.25,0.0,0.5
repeat_2_fold_2,SF1,0.0,0.0,0.0,0.0,0.0,0.0,0.0
repeat_2_fold_2,SHOC2,0.0,0.0,0.0,0.0,0.0,0.0,0.0
repeat_2_fold_2,SIGLEC15,0.0,0.0,0.0,0.0,0.0,0.0,0.0
repeat_2_fold_2,SIGLEC9,-0.1524392635582803,0.24161197923776884,0.12080598961888442,-0.27324525317716475,0.0,-0.00121951219512198,0.5
repeat_2_fold_2,SIRT1,0.0,0.0,0.0,0.0,0.0,0.0,0.0
repeat_2_fold_2,SIX2,0.0,0.0,0.0,0.0,0.0,0.0,0.0
repeat_2_fold_2,SLC13A1,0.0,0.0,0.0,0.0,0.0,0.0,0.0
repeat_2_fold_2,SLC16A3,0.0,0.0,0.0,0.0,0.0,0.0,0.0
repeat_2_fold_2,SLC18A2,0.0,0.0,0.0,0.0,0.0,0.0,0.0
repeat_2_fold_2,SLC19A3,0.0,0.0,0.0,0.0,0.0,0.0,0.0
repeat_2_fold_2,SLC22A17,-0.021785439680023444,0.11599838020623587,0.05799919010311794,-0.07978462978314138,0.25,-0.007113821138211379,0.5
repeat_2_fold_2,SLC24A3,0.0,0.0,0.0,0.0,0.0,0.0,0.0
repeat_2_fold_2,SLC25A16,0.0,0.0,0.0,0.0,0.0,0.0,0.0
repeat_2_fold_2,SLC25A32,0.0,0.0,0.0,0.0,0.0,0.0,0.0
repeat_2_fold_2,SLC27A5,0.06166583506934309,0.07368185855295162,0.03684092927647581,0.02482490579286728,0.5,0.0012195121951219245,0.5
repeat_2_fold_2,SLC2A14,0.0,0.0,0.0,0.0,0.0,0.0,0.0
repeat_2_fold_2,SLC38A2,-0.10423557678763729,0.16898948961941615,0.08449474480970807,-0.18873032159734537,0.0,0.0008278145695364281,0.5
repeat_2_fold_2,SLC3A2,0.0,0.0,0.0,0.0,0.0,0.0,0.0
repeat_2_fold_2,SLC43A1,0.0,0.0,0.0,0.0,0.0,0.0,0.0
repeat_2_fold_2,SLC5A6,0.0,0.0,0.0,0.0,0.0,0.0,0.0
repeat_2_fold_2,SLC6A6,0.0,0.0,0.0,0.0,0.0,0.0,0.0
repeat_2_fold_2,SLC7A1,0.0,0.0,0.0,0.0,0.0,0.0,0.0
repeat_2_fold_2,SLC7A11,0.0,0.0,0.0,0.0,0.0,0.0,0.0
repeat_2_fold_2,SLC7A5,0.0,0.0,0.0,0.0,0.0,0.0,0.0
repeat_2_fold_2,SLC9A1,0.0,0.0,0.0,0.0,0.0,0.0,0.0
repeat_2_fold_2,SLC9A5,0.0,0.0,0.0,0.0,0.0,0.0,0.0
repeat_2_fold_2,SLCO3A1,0.0,0.0,0.0,0.0,0.0,0.0,0.0
repeat_2_fold_2,SMARCC2,0.0,0.0,0.0,0.0,0.0,0.0,0.0
repeat_2_fold_2,SMC1A,0.0,0.0,0.0,0.0,0.0,0.0,0.0
repeat_2_fold_2,SMC6,0.002561429276774163,0.005122858553548326,0.002561429276774163,0.0,0.25,0.0010347682119205281,0.5
repeat_2_fold_2,SMPD4,0.0,0.0,0.0,0.0,0.0,0.0,0.0
repeat_2_fold_2,SMU1,0.0,0.0,0.0,0.0,0.0,0.0,0.0
repeat_2_fold_2,SNAPC3,0.0,0.0,0.0,0.0,0.0,0.0,0.0
repeat_2_fold_2,SNCAIP,0.0,0.0,0.0,0.0,0.0,0.0,0.0
repeat_2_fold_2,SND1,0.0,0.0,0.0,0.0,0.0,0.0,0.0
repeat_2_fold_2,SNRNP40,0.0,0.0,0.0,0.0,0.0,0.0,0.0
repeat_2_fold_2,SNRPD3,0.0,0.0,0.0,0.0,0.0,0.0,0.0
repeat_2_fold_2,SNX5,0.0,0.0,0.0,0.0,0.0,0.0,0.0
repeat_2_fold_2,SOCS2,0.0,0.0,0.0,0.0,0.0,0.0,0.0
repeat_2_fold_2,SOX1,0.0,0.0,0.0,0.0,0.0,0.0020362219350670285,1.0
repeat_2_fold_2,SOX13,0.0,0.0,0.0,0.0,0.0,0.0,0.0
repeat_2_fold_2,SOX9,0.0,0.0,0.0,0.0,0.0,0.0,0.0
repeat_2_fold_2,SPATA2,-0.04267285683702937,0.051154287411041305,0.025577143705520652,-0.06825000054255002,0.0,0.00143016744736979,1.0
repeat_2_fold_2,SPINK1,0.0,0.0,0.0,0.0,0.0,0.0,0.0
repeat_2_fold_2,SPINT2,0.0,0.0,0.0,0.0,0.0,0.0,0.0
repeat_2_fold_2,SPOCK3,0.0,0.0,0.0,0.0,0.0,0.0,0.0
repeat_2_fold_2,SPTAN1,-0.07788447628421835,0.16123151270382588,0.08061575635191294,-0.15850023263613128,0.25,0.0008278145695364003,0.5
repeat_2_fold_2,SPTB,0.0,0.0,0.0,0.0,0.0,0.0,0.0
repeat_2_fold_2,SRD5A1,0.0,0.0,0.0,0.0,0.0,0.0,0.0
repeat_2_fold_2,SRY,0.0,0.0,0.0,0.0,0.0,0.0,0.0
repeat_2_fold_2,SSB,0.0,0.0,0.0,0.0,0.0,0.0,0.0
repeat_2_fold_2,SSR4,-0.012647937386400798,0.07969246266692426,0.03984623133346213,-0.05249416871986293,0.25,-0.00039910084531311063,1.0
repeat_2_fold_2,ST6GAL1,0.0,0.0,0.0,0.0,0.0,0.0,0.0
repeat_2_fold_2,STAT3,0.04752596331504222,0.1532334178272269,0.07661670891361345,-0.029090745598571235,0.5,0.00021805847197542416,1.0
repeat_2_fold_2,STAT5B,0.0,0.0,0.0,0.0,0.0,0.0,0.0
repeat_2_fold_2,STK26,-0.11688249953943597,0.15183544385246153,0.07591772192623077,-0.19280022146566672,0.0,0.005081300813008102,0.5
repeat_2_fold_2,STMN2,0.0,0.0,0.0,0.0,0.0,0.0,0.0
repeat_2_fold_2,STOML2,0.0,0.0,0.0,0.0,0.0,0.0,0.0
repeat_2_fold_2,STX1A,0.0,0.0,0.0,0.0,0.0,0.0,0.0
repeat_2_fold_2,STX3,0.0,0.0,0.0,0.0,0.0,0.0,0.0
repeat_2_fold_2,SUMO1,0.0,0.0,0.0,0.0,0.0,0.0,0.0
repeat_2_fold_2,SUPV3L1,0.0,0.0,0.0,0.0,0.0,0.0,0.0
repeat_2_fold_2,SWAP70,0.0,0.0,0.0,0.0,0.0,0.0,0.0
repeat_2_fold_2,SYNE1,0.0,0.0,0.0,0.0,0.0,0.0,0.0
repeat_2_fold_2,TAAR5,0.0,0.0,0.0,0.0,0.0,0.0,0.0
repeat_2_fold_2,TAF2,0.0,0.0,0.0,0.0,0.0,0.0,0.0
repeat_2_fold_2,TAF5,0.0,0.0,0.0,0.0,0.0,0.0,0.0
repeat_2_fold_2,TAP1,0.0,0.0,0.0,0.0,0.0,0.0,0.0
repeat_2_fold_2,TAP2,0.0,0.0,0.0,0.0,0.0,0.0,0.0
repeat_2_fold_2,TAS2R4,0.0,0.0,0.0,0.0,0.0,0.0,0.0
repeat_2_fold_2,TATDN2,0.0,0.0,0.0,0.0,0.0,0.00020695364238410008,0.5
repeat_2_fold_2,TBXAS1,0.0,0.0,0.0,0.0,0.0,0.0,0.0
repeat_2_fold_2,TCN1,0.0,0.0,0.0,0.0,0.0,0.0,0.0
repeat_2_fold_2,TCN2,-0.10000136460692843,0.14751654938364853,0.07375827469182426,-0.1737596392987527,0.0,-0.0004139072847682279,0.5
repeat_2_fold_2,TCTN2,0.0,0.0,0.0,0.0,0.0,0.0,0.0
repeat_2_fold_2,TDG,0.0,0.0,0.0,0.0,0.0,0.0006097560975609484,0.5
repeat_2_fold_2,TEX12,0.0,0.0,0.0,0.0,0.0,0.0,0.0
repeat_2_fold_2,TEX264,0.0,0.0,0.0,0.0,0.0,0.0,0.0
repeat_2_fold_2,TFDP2,0.0,0.0,0.0,0.0,0.0,0.0,0.0
repeat_2_fold_2,TFIP11,0.0,0.0,0.0,0.0,0.0,-0.00020325203252033464,0.5
repeat_2_fold_2,TGFBR3,0.0,0.0,0.0,0.0,0.0,0.0,0.0
repeat_2_fold_2,THBD,0.11951737056295997,0.5682734171750544,0.2841367085875272,-0.16461933802456724,0.25,-0.00247233887901796,1.0
repeat_2_fold_2,THOC7,0.0,0.0,0.0,0.0,0.0,0.0,0.0
repeat_2_fold_2,THOP1,0.0,0.0,0.0,0.0,0.0,0.0,0.0
repeat_2_fold_2,THSD4,-0.43809172290309206,0.7893030807983756,0.3946515403991878,-0.8327432633022799,0.0,0.0012417218543046282,0.5
repeat_2_fold_2,THSD7A,-0.01659928508247077,0.10867620500505712,0.05433810250252856,-0.07093738758499933,0.25,0.0012417218543046282,0.5
repeat_2_fold_2,THTPA,-0.031676954830714976,0.06335390966142995,0.031676954830714976,-0.06335390966142995,0.0,0.0014227642276422592,0.5
repeat_2_fold_2,TIMM10,-0.09576212733765388,0.11616156842648699,0.058080784213243496,-0.15384291155089738,0.0,0.0,0.5
repeat_2_fold_2,TIMM17B,0.0,0.0,0.0,0.0,0.0,0.0,0.0
repeat_2_fold_2,TIMM22,0.0,0.0,0.0,0.0,0.0,0.0,0.0
repeat_2_fold_2,TK1,0.0,0.0,0.0,0.0,0.0,0.0,0.0
repeat_2_fold_2,TK2,-0.04358319520738263,0.050325538970252735,0.025162769485126368,-0.068745964692509,0.0,0.002246877187314894,1.0
repeat_2_fold_2,TKT,0.0,0.0,0.0,0.0,0.0,0.0,0.0
repeat_2_fold_2,TLE4,0.0,0.0,0.0,0.0,0.0,0.0,0.0
repeat_2_fold_2,TLL2,0.0,0.0,0.0,0.0,0.0,0.0,0.0
repeat_2_fold_2,TLR1,0.4267452107906422,0.9595655500255399,0.47978277501276995,-0.05303756422212774,0.25,-0.0006097560975609762,0.5
repeat_2_fold_2,TLR8,0.0,0.0,0.0,0.0,0.0,0.0,0.0
repeat_2_fold_2,TMOD3,0.0,0.0,0.0,0.0,0.0,0.0,0.0
repeat_2_fold_2,TMPRSS2,0.0,0.0,0.0,0.0,0.0,0.0,0.0
repeat_2_fold_2,TNFRSF17,0.0,0.0,0.0,0.0,0.0,0.0,0.0
repeat_2_fold_2,TNIK,0.0,0.0,0.0,0.0,0.0,0.0,0.0
repeat_2_fold_2,TNIP3,0.03839289701656057,0.14929223481987913,0.07464611740993957,-0.036253220393379,0.25,0.0014486754966887283,0.5
repeat_2_fold_2,TNR,0.0,0.0,0.0,0.0,0.0,0.0,0.0
repeat_2_fold_2,TNXB,0.0,0.0,0.0,0.0,0.0,0.0,0.0
repeat_2_fold_2,TOMM7,0.0,0.0,0.0,0.0,0.0,0.0,0.0
repeat_2_fold_2,TOR1AIP1,0.0,0.0,0.0,0.0,0.0,0.0,0.0
repeat_2_fold_2,TPD52,0.0,0.0,0.0,0.0,0.0,-0.00121951219512198,0.5
repeat_2_fold_2,TPO,0.04351374123970686,0.08702748247941372,0.04351374123970686,0.0,0.25,0.0,0.5
repeat_2_fold_2,TRADD,0.0,0.0,0.0,0.0,0.0,0.0,0.0
repeat_2_fold_2,TRAP1,0.0,0.0,0.0,0.0,0.0,0.0,0.0
repeat_2_fold_2,TRAPPC2,0.0,0.0,0.0,0.0,0.0,0.0,0.0
repeat_2_fold_2,TREM1,-0.11144653286375039,0.075878800905677,0.0379394004528385,-0.1493859333165889,0.0,0.0016371210897538901,1.0
repeat_2_fold_2,TRIM25,0.00249812116586412,0.1529199757453258,0.0764599878726629,-0.07396186670679877,0.25,0.0004065040650406415,0.5
repeat_2_fold_2,TRIM26,0.13663948207874732,0.37816674486608365,0.18908337243304182,-0.0524438903542945,0.25,0.0,0.5
repeat_2_fold_2,TRIM36,0.04065548663341367,0.08131097326682735,0.04065548663341367,0.0,0.25,-2.7755575615628914e-17,0.5
repeat_2_fold_2,TRIM37,0.0,0.0,0.0,0.0,0.0,0.0,0.0
repeat_2_fold_2,TRIM68,0.0,0.0,0.0,0.0,0.0,0.0,0.0
repeat_2_fold_2,TRMT112,0.0,0.0,0.0,0.0,0.0,0.0,0.0
repeat_2_fold_2,TRRAP,0.0,0.0,0.0,0.0,0.0,0.0,0.0
repeat_2_fold_2,TTLL4,0.0,0.0,0.0,0.0,0.0,0.0,0.0
repeat_2_fold_2,TUBA8,-0.09074214763472455,0.11071101813915345,0.055355509069576724,-0.14609765670430128,0.0,0.00020695364238410008,0.5
repeat_2_fold_2,TUBGCP3,0.0,0.0,0.0,0.0,0.0,0.0,0.0
repeat_2_fold_2,TWF2,0.0,0.0,0.0,0.0,0.0,0.0,0.0
repeat_2_fold_2,TYW1,0.0,0.0,0.0,0.0,0.0,0.0,0.0
repeat_2_fold_2,UBE2J1,0.0,0.0,0.0,0.0,0.0,0.0,0.0
repeat_2_fold_2,UBE2V2,0.0,0.0,0.0,0.0,0.0,0.0,0.0
repeat_2_fold_2,UBN1,0.0,0.0,0.0,0.0,0.0,0.0,0.0
repeat_2_fold_2,UCK2,-0.13079960299821636,0.02416120309692764,0.01208060154846382,-0.14288020454668018,0.0,0.000835217789263959,1.0
repeat_2_fold_2,UCN,0.0,0.0,0.0,0.0,0.0,0.0,0.0
repeat_2_fold_2,UGT1A8,0.0,0.0,0.0,0.0,0.0,0.0,0.0
repeat_2_fold_2,UIMC1,0.0,0.0,0.0,0.0,0.0,0.0,0.0
repeat_2_fold_2,ULBP1,0.0,0.0,0.0,0.0,0.0,0.0,0.0
repeat_2_fold_2,UMPS,0.0,0.0,0.0,0.0,0.0,0.0,0.0
repeat_2_fold_2,UQCR11,0.0,0.0,0.0,0.0,0.0,0.0,0.0
repeat_2_fold_2,URM1,0.0,0.0,0.0,0.0,0.0,0.0,0.0
repeat_2_fold_2,USP11,-0.16314549406667922,0.1979078280232087,0.09895391401160435,-0.2620994080782836,0.0,-0.002845528455284574,0.5
repeat_2_fold_2,USP2,-0.045564597449612165,0.09112919489922433,0.045564597449612165,-0.09112919489922433,0.0,-0.0018292682926829562,0.5
repeat_2_fold_2,USP4,0.0,0.0,0.0,0.0,0.0,0.0,0.0
repeat_2_fold_2,USP48,0.048583794171603856,0.35284199719033266,0.17642099859516633,-0.12783720442356247,0.25,0.00447154471544714,0.5
repeat_2_fold_2,VARS1,0.0,0.0,0.0,0.0,0.0,0.0,0.0
repeat_2_fold_2,VASP,-0.07428565218649652,0.08577768257360135,0.04288884128680068,-0.1171744934732972,0.0,-0.0002032520325203624,0.5
repeat_2_fold_2,VCP,0.0,0.0,0.0,0.0,0.0,0.0,0.0
repeat_2_fold_2,VEGFA,0.0,0.0,0.0,0.0,0.0,0.0,0.0
repeat_2_fold_2,VPS39,0.0,0.0,0.0,0.0,0.0,0.0,0.0
repeat_2_fold_2,VRK2,-0.08992700605513448,0.07915507552608797,0.039577537763043985,-0.12950454381817847,0.25,0.004870645560760223,1.0
repeat_2_fold_2,WARS2,0.0,0.0,0.0,0.0,0.0,0.0,0.0
repeat_2_fold_2,WBP4,0.0,0.0,0.0,0.0,0.0,0.0,0.0
repeat_2_fold_2,WDR33,0.0,0.0,0.0,0.0,0.0,0.0,0.0
repeat_2_fold_2,WDR45B,0.0,0.0,0.0,0.0,0.0,0.0,0.0
repeat_2_fold_2,WDR46,0.0,0.0,0.0,0.0,0.0,0.0,0.0
repeat_2_fold_2,WDR82,-0.05885989617537035,0.1177197923507407,0.05885989617537035,-0.1177197923507407,0.0,-0.00040650406504066927,0.5
repeat_2_fold_2,WEE1,0.0,0.0,0.0,0.0,0.0,0.0,0.0
repeat_2_fold_2,WIPI1,0.0,0.0,0.0,0.0,0.0,0.0,0.0
repeat_2_fold_2,WNT5B,0.0,0.0,0.0,0.0,0.0,0.0,0.0
repeat_2_fold_2,WT1,0.0,0.0,0.0,0.0,0.0,0.0,0.0
repeat_2_fold_2,XBP1,0.0,0.0,0.0,0.0,0.0,0.0,0.0
repeat_2_fold_2,XPC,-0.01916071435924671,0.03832142871849342,0.01916071435924671,-0.03832142871849342,0.0,0.0010347682119204726,1.0
repeat_2_fold_2,XYLT2,0.2948440714553353,0.3719125340915065,0.18595626704575324,0.10888780440958207,0.5,0.00691427071555481,1.0
repeat_2_fold_2,YWHAH,0.0,0.0,0.0,0.0,0.0,0.0,0.0
repeat_2_fold_2,YWHAQ,0.0,0.0,0.0,0.0,0.0,0.0,0.0
repeat_2_fold_2,ZBTB17,0.0,0.0,0.0,0.0,0.0,0.0,0.0
repeat_2_fold_2,ZFP2,0.0,0.0,0.0,0.0,0.0,0.0,0.0
repeat_2_fold_2,ZKSCAN4,0.0,0.0,0.0,0.0,0.0,0.0,0.0
repeat_2_fold_2,ZMYM2,0.0,0.0,0.0,0.0,0.0,0.0,0.0
repeat_2_fold_2,ZNF133,0.0003252907190081089,0.07760470150158619,0.038802350750793094,-0.038477060031784985,0.25,-0.00020695364238410008,0.5
repeat_2_fold_2,ZNF135,-0.048905768470980604,0.05647151718329233,0.028235758591646166,-0.07714152706262677,0.0,-0.0004139072847682279,0.5
repeat_2_fold_2,ZNF157,0.0,0.0,0.0,0.0,0.0,0.0,0.0
repeat_2_fold_2,ZNF230,0.06389160139351446,0.08036961325252001,0.040184806626260006,0.023706794767254458,0.5,0.006504065040650403,0.5
repeat_2_fold_2,ZNF264,0.0,0.0,0.0,0.0,0.0,0.0,0.0
repeat_2_fold_2,ZNF331,0.04565172896514902,0.08477277506610859,0.04238638753305429,0.003265341432094726,0.5,-0.00040650406504066927,0.5
repeat_2_fold_2,ZNF350,0.0,0.0,0.0,0.0,0.0,0.0,0.0
repeat_2_fold_2,ZNF41,0.0,0.0,0.0,0.0,0.0,-0.0006097560975609762,0.5
repeat_2_fold_2,ZNF432,0.0,0.0,0.0,0.0,0.0,0.0,0.0
repeat_2_fold_2,ZNF45,0.0,0.0,0.0,0.0,0.0,0.0,0.0
repeat_2_fold_2,ZNF467,0.0,0.0,0.0,0.0,0.0,0.0,0.0
repeat_2_fold_2,ZNF480,0.0,0.0,0.0,0.0,0.0,0.0,0.0
repeat_2_fold_2,ZNF492,0.0,0.0,0.0,0.0,0.0,0.0,0.0
repeat_2_fold_2,ZNF551,0.0,0.0,0.0,0.0,0.0,0.0,0.0
repeat_2_fold_2,ZNF557,0.0,0.0,0.0,0.0,0.0,0.0,0.0
repeat_2_fold_2,ZNF562,0.0,0.0,0.0,0.0,0.0,0.00020325203252030688,0.5
repeat_2_fold_2,ZNF682,0.0,0.0,0.0,0.0,0.0,0.0,0.0
repeat_2_fold_2,ZSCAN32,-0.01916071435924671,0.03832142871849342,0.01916071435924671,-0.03832142871849342,0.0,0.0,0.5
repeat_2_fold_3,A1CF,0.0,0.0,0.0,0.0,0.0,0.0,0.0
repeat_2_fold_3,A2M,0.026209055517938395,0.15690362303047328,0.07845181151523664,-0.052242755997298246,0.25,-0.0006172839506172756,0.5
repeat_2_fold_3,A4GALT,0.0,0.0,0.0,0.0,0.0,0.0,0.0
repeat_2_fold_3,A4GNT,0.0,0.0,0.0,0.0,0.0,0.0,0.0
repeat_2_fold_3,AAAS,0.0,0.0,0.0,0.0,0.0,0.0,0.0
repeat_2_fold_3,AADAC,0.0,0.0,0.0,0.0,0.0,0.0,0.0
repeat_2_fold_3,AAK1,0.0,0.0,0.0,0.0,0.0,0.0,0.0
repeat_2_fold_3,AAMP,0.0,0.0,0.0,0.0,0.0,0.0,0.0
repeat_2_fold_3,AANAT,0.0,0.0,0.0,0.0,0.0,0.0,0.0
repeat_2_fold_3,AARS1,0.0,0.0,0.0,0.0,0.0,0.0,0.0
repeat_2_fold_3,AASS,0.0,0.0,0.0,0.0,0.0,0.0,0.0
repeat_2_fold_3,AATF,0.0,0.0,0.0,0.0,0.0,0.0,0.0
repeat_2_fold_3,ABCA2,0.0,0.0,0.0,0.0,0.0,0.0,0.0
repeat_2_fold_3,ABCA3,0.0,0.0,0.0,0.0,0.0,0.0,0.0
repeat_2_fold_3,ABCA4,0.0,0.0,0.0,0.0,0.0,0.0,0.0
repeat_2_fold_3,ABCA5,0.0,0.0,0.0,0.0,0.0,0.0,0.0
repeat_2_fold_3,ABCA6,0.0,0.0,0.0,0.0,0.0,0.0,0.0
repeat_2_fold_3,ABCA7,0.0,0.0,0.0,0.0,0.0,0.0,0.0
repeat_2_fold_3,ABCA8,0.0,0.0,0.0,0.0,0.0,0.0,0.0
repeat_2_fold_3,ABCB1,0.0,0.0,0.0,0.0,0.0,0.0,0.0
repeat_2_fold_3,ABCB11,0.0,0.0,0.0,0.0,0.0,0.0,0.0
repeat_2_fold_3,ABCB4,0.0,0.0,0.0,0.0,0.0,0.0,0.0
repeat_2_fold_3,ABCB6,0.0,0.0,0.0,0.0,0.0,0.0,0.0
repeat_2_fold_3,ABCB7,0.0,0.0,0.0,0.0,0.0,0.0,0.0
repeat_2_fold_3,ABCB8,0.0,0.0,0.0,0.0,0.0,0.0,0.0
repeat_2_fold_3,ABCB9,0.0,0.0,0.0,0.0,0.0,0.0,0.0
repeat_2_fold_3,ABCC2,0.0,0.0,0.0,0.0,0.0,0.0,0.0
repeat_2_fold_3,ABCC3,0.0,0.0,0.0,0.0,0.0,0.0,0.0
repeat_2_fold_3,ABCC4,0.0,0.0,0.0,0.0,0.0,0.0,0.0
repeat_2_fold_3,ABCC5,0.0,0.0,0.0,0.0,0.0,0.0,0.0
repeat_2_fold_3,ABCC6,-0.4903178201947913,0.566177680421197,0.2830888402105985,-0.7734066604053897,0.0,-0.0014011208967174005,0.5
repeat_2_fold_3,ABCC8,0.0,0.0,0.0,0.0,0.0,0.0,0.0
repeat_2_fold_3,ABCC9,0.0,0.0,0.0,0.0,0.0,0.0,0.0
repeat_2_fold_3,ABCD1,0.0,0.0,0.0,0.0,0.0,0.0,0.0
repeat_2_fold_3,ABCD2,0.0,0.0,0.0,0.0,0.0,0.0,0.0
repeat_2_fold_3,ABCD3,0.03831161412683137,0.07662322825366275,0.03831161412683137,0.0,0.25,0.0020576131687242705,0.5
repeat_2_fold_3,ABCD4,0.0,0.0,0.0,0.0,0.0,0.0,0.0
repeat_2_fold_3,ABCE1,0.0,0.0,0.0,0.0,0.0,0.0,0.0
repeat_2_fold_3,ABCF1,0.0,0.0,0.0,0.0,0.0,0.0,0.0
repeat_2_fold_3,ABCG1,0.0,0.0,0.0,0.0,0.0,0.0,0.0
repeat_2_fold_3,ABCG2,0.0,0.0,0.0,0.0,0.0,0.0,0.0
repeat_2_fold_3,ABCG4,0.0,0.0,0.0,0.0,0.0,0.0,0.0
repeat_2_fold_3,ABCG5,0.0,0.0,0.0,0.0,0.0,0.0,0.0
repeat_2_fold_3,ABHD17A,0.0,0.0,0.0,0.0,0.0,0.0,0.0
repeat_2_fold_3,ABHD17B,0.0,0.0,0.0,0.0,0.0,0.0,0.0
repeat_2_fold_3,ABHD3,0.0,0.0,0.0,0.0,0.0,0.0,0.0
repeat_2_fold_3,ABHD4,0.0,0.0,0.0,0.0,0.0,0.0,0.0
repeat_2_fold_3,ABHD5,0.0,0.0,0.0,0.0,0.0,0.0,0.0
repeat_2_fold_3,ABHD6,0.0,0.0,0.0,0.0,0.0,0.0,0.0
repeat_2_fold_3,ABI1,0.0,0.0,0.0,0.0,0.0,0.0,0.0
repeat_2_fold_3,ABI2,0.0,0.0,0.0,0.0,0.0,0.0,0.0
repeat_2_fold_3,ABL1,0.0,0.0,0.0,0.0,0.0,0.0,0.0
repeat_2_fold_3,ABLIM1,0.0,0.0,0.0,0.0,0.0,0.0,0.0
repeat_2_fold_3,ABLIM3,0.0,0.0,0.0,0.0,0.0,0.0,0.0
repeat_2_fold_3,ABR,0.0,0.0,0.0,0.0,0.0,0.0,0.0
repeat_2_fold_3,ABRAXAS2,0.0,0.0,0.0,0.0,0.0,0.0,0.0
repeat_2_fold_3,ACAA1,0.0,0.0,0.0,0.0,0.0,0.0,0.0
repeat_2_fold_3,ACAA2,0.0,0.0,0.0,0.0,0.0,0.0,0.0
repeat_2_fold_3,ACACA,0.0,0.0,0.0,0.0,0.0,0.0,0.0
repeat_2_fold_3,ACACB,0.0,0.0,0.0,0.0,0.0,0.0,0.0
repeat_2_fold_3,ACAD10,0.0,0.0,0.0,0.0,0.0,0.0,0.0
repeat_2_fold_3,ACAD8,0.0,0.0,0.0,0.0,0.0,0.0,0.0
repeat_2_fold_3,ACADL,0.0,0.0,0.0,0.0,0.0,0.0,0.0
repeat_2_fold_3,ACADM,0.0,0.0,0.0,0.0,0.0,0.0,0.0
repeat_2_fold_3,ACADSB,0.0,0.0,0.0,0.0,0.0,0.0,0.0
repeat_2_fold_3,ACADVL,0.0,0.0,0.0,0.0,0.0,0.0,0.0
repeat_2_fold_3,ACAN,0.0,0.0,0.0,0.0,0.0,0.0,0.0
repeat_2_fold_3,ACAT2,0.09760242132717245,0.1952048426543449,0.09760242132717245,0.0,0.25,-0.0002057613168724437,0.5
repeat_2_fold_3,ACBD3,0.0,0.0,0.0,0.0,0.0,-0.0006004803843074613,0.5
repeat_2_fold_3,ACBD4,0.0,0.0,0.0,0.0,0.0,0.0,0.0
repeat_2_fold_3,ACD,0.0,0.0,0.0,0.0,0.0,0.0,0.0
repeat_2_fold_3,ACE,0.0,0.0,0.0,0.0,0.0,0.0,0.0
repeat_2_fold_3,ACE2,-0.4140468235234511,0.6288396810171274,0.3144198405085637,-0.7284666640320148,0.0,0.0016012810248198228,0.5
repeat_2_fold_3,ACHE,0.0,0.0,0.0,0.0,0.0,0.0,0.0
repeat_2_fold_3,ACIN1,0.0,0.0,0.0,0.0,0.0,0.0,0.0
repeat_2_fold_3,ACKR2,0.0,0.0,0.0,0.0,0.0,0.0,0.0
repeat_2_fold_3,ACKR3,0.0,0.0,0.0,0.0,0.0,0.0,0.0
repeat_2_fold_3,ACKR4,0.0,0.0,0.0,0.0,0.0,0.0,0.0
repeat_2_fold_3,ACLY,0.0,0.0,0.0,0.0,0.0,0.0,0.0
repeat_2_fold_3,ACO1,0.0,0.0,0.0,0.0,0.0,0.0,0.0
repeat_2_fold_3,ACO2,0.0,0.0,0.0,0.0,0.0,0.0,0.0
repeat_2_fold_3,ACOT11,0.0,0.0,0.0,0.0,0.0,0.0,0.0
repeat_2_fold_3,ACOT13,0.0,0.0,0.0,0.0,0.0,0.0,0.0
repeat_2_fold_3,ACOT2,0.0,0.0,0.0,0.0,0.0,0.0,0.0
repeat_2_fold_3,ACOT7,0.0,0.0,0.0,0.0,0.0,0.0,0.0
repeat_2_fold_3,ACOT8,0.0,0.0,0.0,0.0,0.0,0.0,0.0
repeat_2_fold_3,ACOT9,0.0,0.0,0.0,0.0,0.0,0.0,0.0
repeat_2_fold_3,ACOX1,0.0,0.0,0.0,0.0,0.0,0.0,0.0
repeat_2_fold_3,ACOX2,-0.25955201101857206,0.5679238051464607,0.28396190257323034,-0.5435139135918023,0.25,-0.0010008006405124448,0.5
repeat_2_fold_3,ACOX3,0.0,0.0,0.0,0.0,0.0,0.0,0.0
repeat_2_fold_3,ACOXL,0.0,0.0,0.0,0.0,0.0,0.0,0.0
repeat_2_fold_3,ACP3,-0.48234379955597717,0.6090708600746476,0.3045354300373238,-0.7868792295933009,0.25,0.0034923411980612995,1.0
repeat_2_fold_3,ACP5,0.0,0.0,0.0,0.0,0.0,0.0,0.0
repeat_2_fold_3,ACP6,0.0,0.0,0.0,0.0,0.0,0.0,0.0
repeat_2_fold_3,ACR,0.0,0.0,0.0,0.0,0.0,0.0,0.0
repeat_2_fold_3,ACSBG1,0.0,0.0,0.0,0.0,0.0,0.0,0.0
repeat_2_fold_3,ACSBG2,0.0,0.0,0.0,0.0,0.0,0.0,0.0
repeat_2_fold_3,ACSF2,0.0,0.0,0.0,0.0,0.0,0.0,0.0
repeat_2_fold_3,ACSL1,0.0,0.0,0.0,0.0,0.0,0.0,0.0
repeat_2_fold_3,ACSL4,0.0,0.0,0.0,0.0,0.0,0.0,0.0
repeat_2_fold_3,ACSL5,0.0,0.0,0.0,0.0,0.0,0.0,0.0
repeat_2_fold_3,ACSL6,0.0,0.0,0.0,0.0,0.0,0.0,0.0
repeat_2_fold_3,ACSM2A,0.0,0.0,0.0,0.0,0.0,0.0,0.0
repeat_2_fold_3,ACSM3,0.0,0.0,0.0,0.0,0.0,0.0,0.0
repeat_2_fold_3,ACSM5,0.0,0.0,0.0,0.0,0.0,0.0,0.0
repeat_2_fold_3,ACSS3,0.12144848245008433,0.24076876786795892,0.12038438393397946,0.0010640985161048666,0.5,0.0008006405124098837,0.5
repeat_2_fold_3,ACTA1,0.0,0.0,0.0,0.0,0.0,0.0,0.0
repeat_2_fold_3,ACTA2,0.0,0.0,0.0,0.0,0.0,0.0,0.0
repeat_2_fold_3,ACTB,0.0,0.0,0.0,0.0,0.0,0.0,0.0
repeat_2_fold_3,ACTC1,0.0,0.0,0.0,0.0,0.0,0.0,0.0
repeat_2_fold_3,ACTG1,0.0,0.0,0.0,0.0,0.0,0.0,0.0
repeat_2_fold_3,ACTG2,0.0,0.0,0.0,0.0,0.0,0.0,0.0
repeat_2_fold_3,ACTL6A,0.03662181272815346,0.07324362545630692,0.03662181272815346,0.0,0.25,-0.0004003202562050112,0.5
repeat_2_fold_3,ACTL6B,0.0,0.0,0.0,0.0,0.0,0.0,0.0
repeat_2_fold_3,ACTN1,0.0,0.0,0.0,0.0,0.0,0.0,0.0
repeat_2_fold_3,ACTN2,0.0,0.0,0.0,0.0,0.0,0.0,0.0
repeat_2_fold_3,ACTN3,0.0,0.0,0.0,0.0,0.0,0.0,0.0
repeat_2_fold_3,ACTN4,0.0,0.0,0.0,0.0,0.0,0.0,0.0
repeat_2_fold_3,ACTR10,0.0,0.0,0.0,0.0,0.0,0.0,0.0
repeat_2_fold_3,ACTR1A,0.0,0.0,0.0,0.0,0.0,0.0,0.0
repeat_2_fold_3,ACTR1B,0.0,0.0,0.0,0.0,0.0,0.0,0.0
repeat_2_fold_3,ACTR2,0.0,0.0,0.0,0.0,0.0,0.0,0.0
repeat_2_fold_3,ACTR3,0.0,0.0,0.0,0.0,0.0,0.0,0.0
repeat_2_fold_3,ACTR5,0.0,0.0,0.0,0.0,0.0,0.0,0.0
repeat_2_fold_3,ACTR8,0.0,0.0,0.0,0.0,0.0,0.0,0.0
repeat_2_fold_3,ACVR1B,0.0,0.0,0.0,0.0,0.0,0.0,0.0
repeat_2_fold_3,ACVR2A,0.0,0.0,0.0,0.0,0.0,0.0,0.0
repeat_2_fold_3,ACVR2B,0.0,0.0,0.0,0.0,0.0,0.0,0.0
repeat_2_fold_3,ACVRL1,0.0,0.0,0.0,0.0,0.0,0.0,0.0
repeat_2_fold_3,ADA,0.0,0.0,0.0,0.0,0.0,0.0,0.0
repeat_2_fold_3,ADAM10,0.0,0.0,0.0,0.0,0.0,0.0,0.0
repeat_2_fold_3,ADAM11,0.0,0.0,0.0,0.0,0.0,0.0,0.0
repeat_2_fold_3,ADAM12,0.0,0.0,0.0,0.0,0.0,0.0,0.0
repeat_2_fold_3,ADAM15,0.0,0.0,0.0,0.0,0.0,0.0,0.0
repeat_2_fold_3,ADAM17,0.3379383598742969,0.4011576960409887,0.20057884802049436,0.13735951185380252,0.5,0.0002001601281024501,0.5
repeat_2_fold_3,ADAM19,0.0,0.0,0.0,0.0,0.0,0.0,0.0
repeat_2_fold_3,ADAM2,0.0,0.0,0.0,0.0,0.0,0.0,0.0
repeat_2_fold_3,ADAM20,0.0,0.0,0.0,0.0,0.0,0.0,0.0
repeat_2_fold_3,ADAM21,0.0,0.0,0.0,0.0,0.0,0.0,0.0
repeat_2_fold_3,ADAM22,0.0,0.0,0.0,0.0,0.0,0.0,0.0
repeat_2_fold_3,ADAM23,0.0,0.0,0.0,0.0,0.0,0.0,0.0
repeat_2_fold_3,ADAM30,0.0,0.0,0.0,0.0,0.0,0.0,0.0
repeat_2_fold_3,ADAM8,0.0,0.0,0.0,0.0,0.0,0.0,0.0
repeat_2_fold_3,ADAM9,0.0,0.0,0.0,0.0,0.0,0.0,0.0
repeat_2_fold_3,ADAMTS1,0.0,0.0,0.0,0.0,0.0,0.0,0.0
repeat_2_fold_3,ADAMTS12,0.0,0.0,0.0,0.0,0.0,0.0,0.0
repeat_2_fold_3,ADAMTS13,0.0,0.0,0.0,0.0,0.0,0.0,0.0
repeat_2_fold_3,ADAMTS2,0.0,0.0,0.0,0.0,0.0,0.0,0.0
repeat_2_fold_3,ADAMTS3,0.0,0.0,0.0,0.0,0.0,0.0,0.0
repeat_2_fold_3,ADAMTS5,0.4722522535998124,0.36251205811819004,0.18125602905909502,0.2909962245407174,1.0,-0.0015956798360499402,1.0
repeat_2_fold_3,ADAMTS7,0.0,0.0,0.0,0.0,0.0,0.0,0.0
repeat_2_fold_3,ADAMTS8,0.0,0.0,0.0,0.0,0.0,0.0,0.0
repeat_2_fold_3,ADAMTS9,0.0,0.0,0.0,0.0,0.0,0.0,0.0
repeat_2_fold_3,ADAMTSL2,0.0,0.0,0.0,0.0,0.0,0.0,0.0
repeat_2_fold_3,ADAMTSL3,0.0,0.0,0.0,0.0,0.0,0.0,0.0
repeat_2_fold_3,ADAMTSL4,0.0,0.0,0.0,0.0,0.0,0.0,0.0
repeat_2_fold_3,ADAP1,0.0,0.0,0.0,0.0,0.0,0.0,0.0
repeat_2_fold_3,ADAR,0.0,0.0,0.0,0.0,0.0,0.0,0.0
repeat_2_fold_3,ADARB1,0.0,0.0,0.0,0.0,0.0,0.0,0.0
repeat_2_fold_3,ADAT1,0.0,0.0,0.0,0.0,0.0,0.0,0.0
repeat_2_fold_3,ADCY1,0.0,0.0,0.0,0.0,0.0,0.0,0.0
repeat_2_fold_3,ADCY10,0.0,0.0,0.0,0.0,0.0,0.0,0.0
repeat_2_fold_3,ADCY2,0.0,0.0,0.0,0.0,0.0,0.0,0.0
repeat_2_fold_3,ADCY3,0.0,0.0,0.0,0.0,0.0,0.0,0.0
repeat_2_fold_3,ADCY6,0.0,0.0,0.0,0.0,0.0,0.0,0.0
repeat_2_fold_3,ADCY7,0.0,0.0,0.0,0.0,0.0,0.0,0.0
repeat_2_fold_3,ADCY8,0.0,0.0,0.0,0.0,0.0,0.0,0.0
repeat_2_fold_3,ADCY9,0.0,0.0,0.0,0.0,0.0,0.0,0.0
repeat_2_fold_3,ADCYAP1,0.0,0.0,0.0,0.0,0.0,0.0,0.0
repeat_2_fold_3,ADCYAP1R1,0.0,0.0,0.0,0.0,0.0,0.0,0.0
repeat_2_fold_3,ADD1,0.0,0.0,0.0,0.0,0.0,0.0,0.0
repeat_2_fold_3,ADD2,0.0,0.0,0.0,0.0,0.0,0.0,0.0
repeat_2_fold_3,ADD3,0.0,0.0,0.0,0.0,0.0,0.0,0.0
repeat_2_fold_3,ADGRE1,0.0,0.0,0.0,0.0,0.0,0.0,0.0
repeat_2_fold_3,ADGRE2,0.0,0.0,0.0,0.0,0.0,0.0,0.0
repeat_2_fold_3,ADGRE3,0.0,0.0,0.0,0.0,0.0,0.0,0.0
repeat_2_fold_3,ADGRF5,-0.31273589660304424,0.5104898407915989,0.25524492039579944,-0.5679808169988436,0.0,-0.0025852780990224533,1.0
repeat_2_fold_3,ADGRG3,0.0,0.0,0.0,0.0,0.0,0.0,0.0
repeat_2_fold_3,ADGRG6,0.0,0.0,0.0,0.0,0.0,0.0,0.0
repeat_2_fold_3,ADGRV1,0.0,0.0,0.0,0.0,0.0,0.0,0.0
repeat_2_fold_3,ADH1A,0.0,0.0,0.0,0.0,0.0,0.0,0.0
repeat_2_fold_3,ADH1B,0.0,0.0,0.0,0.0,0.0,0.0,0.0
repeat_2_fold_3,ADH1C,0.0,0.0,0.0,0.0,0.0,0.0,0.0
repeat_2_fold_3,ADH5,0.0,0.0,0.0,0.0,0.0,0.0,0.0
repeat_2_fold_3,ADH7,0.0,0.0,0.0,0.0,0.0,0.0,0.0
repeat_2_fold_3,ADI1,0.0,0.0,0.0,0.0,0.0,0.0,0.0
repeat_2_fold_3,ADIPOQ,0.0,0.0,0.0,0.0,0.0,0.0,0.0
repeat_2_fold_3,ADIPOR1,0.0,0.0,0.0,0.0,0.0,0.0,0.0
repeat_2_fold_3,ADIPOR2,0.0,0.0,0.0,0.0,0.0,0.0,0.0
repeat_2_fold_3,ADIRF,0.0,0.0,0.0,0.0,0.0,0.0,0.0
repeat_2_fold_3,ADK,0.0,0.0,0.0,0.0,0.0,0.0,0.0
repeat_2_fold_3,ADM,0.0,0.0,0.0,0.0,0.0,0.0,0.0
repeat_2_fold_3,ADM2,0.0,0.0,0.0,0.0,0.0,0.0,0.0
repeat_2_fold_3,ADO,0.0,0.0,0.0,0.0,0.0,0.0,0.0
repeat_2_fold_3,ADORA1,0.0,0.0,0.0,0.0,0.0,0.0,0.0
repeat_2_fold_3,ADORA2A,0.0,0.0,0.0,0.0,0.0,0.0,0.0
repeat_2_fold_3,ADORA2B,0.0,0.0,0.0,0.0,0.0,0.0,0.0
repeat_2_fold_3,ADORA3,0.0,0.0,0.0,0.0,0.0,0.0,0.0
repeat_2_fold_3,ADRA1A,0.0,0.0,0.0,0.0,0.0,0.0,0.0
repeat_2_fold_3,ADRA1B,0.0,0.0,0.0,0.0,0.0,0.0,0.0
repeat_2_fold_3,ADRA1D,0.0,0.0,0.0,0.0,0.0,0.0,0.0
repeat_2_fold_3,ADRA2A,0.0,0.0,0.0,0.0,0.0,0.0,0.0
repeat_2_fold_3,ADRA2B,0.0,0.0,0.0,0.0,0.0,0.0,0.0
repeat_2_fold_3,ADRA2C,0.0,0.0,0.0,0.0,0.0,0.0,0.0
repeat_2_fold_3,ADRB1,0.0,0.0,0.0,0.0,0.0,0.0,0.0
repeat_2_fold_3,ADRB2,0.0,0.0,0.0,0.0,0.0,0.0,0.0
repeat_2_fold_3,ADRB3,0.0,0.0,0.0,0.0,0.0,0.0,0.0
repeat_2_fold_3,ADRM1,0.0,0.0,0.0,0.0,0.0,0.0,0.0
repeat_2_fold_3,ADSL,0.0,0.0,0.0,0.0,0.0,0.0,0.0
repeat_2_fold_3,ADSS2,0.0,0.0,0.0,0.0,0.0,0.0,0.0
repeat_2_fold_3,AFDN,0.0,0.0,0.0,0.0,0.0,0.0,0.0
repeat_2_fold_3,AFF4,0.0,0.0,0.0,0.0,0.0,0.0,0.0
repeat_2_fold_3,AFG3L2,0.0,0.0,0.0,0.0,0.0,0.0,0.0
repeat_2_fold_3,AFP,0.0,0.0,0.0,0.0,0.0,0.0,0.0
repeat_2_fold_3,AGA,0.0,0.0,0.0,0.0,0.0,0.0,0.0
repeat_2_fold_3,AGAP2,0.0,0.0,0.0,0.0,0.0,0.0,0.0
repeat_2_fold_3,AGBL2,0.0,0.0,0.0,0.0,0.0,0.0,0.0
repeat_2_fold_3,AGBL3,0.0,0.0,0.0,0.0,0.0,0.0,0.0
repeat_2_fold_3,AGBL5,0.0,0.0,0.0,0.0,0.0,0.0,0.0
repeat_2_fold_3,AGER,0.0,0.0,0.0,0.0,0.0,0.0,0.0
repeat_2_fold_3,AGFG1,0.0,0.0,0.0,0.0,0.0,0.0,0.0
repeat_2_fold_3,AGGF1,0.0,0.0,0.0,0.0,0.0,0.0,0.0
repeat_2_fold_3,AGK,0.0,0.0,0.0,0.0,0.0,0.0,0.0
repeat_2_fold_3,AGL,0.0,0.0,0.0,0.0,0.0,0.0,0.0
repeat_2_fold_3,AGMAT,0.0,0.0,0.0,0.0,0.0,0.0,0.0
repeat_2_fold_3,AGO2,0.5273479467990967,0.8752894032375989,0.4376447016187994,0.08970324518029726,0.5,0.003202562049639701,0.5
repeat_2_fold_3,AGO4,0.0,0.0,0.0,0.0,0.0,0.0,0.0
repeat_2_fold_3,AGPAT1,0.0,0.0,0.0,0.0,0.0,0.0,0.0
repeat_2_fold_3,AGPAT2,0.0,0.0,0.0,0.0,0.0,0.0,0.0
repeat_2_fold_3,AGPAT3,0.0,0.0,0.0,0.0,0.0,0.0,0.0
repeat_2_fold_3,AGPAT4,0.0,0.0,0.0,0.0,0.0,0.0,0.0
repeat_2_fold_3,AGPAT5,0.0,0.0,0.0,0.0,0.0,0.0,0.0
repeat_2_fold_3,AGPS,0.0,0.0,0.0,0.0,0.0,0.0,0.0
repeat_2_fold_3,AGRN,0.0,0.0,0.0,0.0,0.0,0.0,0.0
repeat_2_fold_3,AGRP,0.0,0.0,0.0,0.0,0.0,0.0,0.0
repeat_2_fold_3,AGT,0.0,0.0,0.0,0.0,0.0,0.0,0.0
repeat_2_fold_3,AGTPBP1,0.0,0.0,0.0,0.0,0.0,0.0,0.0
repeat_2_fold_3,AGTR1,0.0,0.0,0.0,0.0,0.0,0.0,0.0
repeat_2_fold_3,AGTR2,0.0,0.0,0.0,0.0,0.0,0.0,0.0
repeat_2_fold_3,AGXT,0.0,0.0,0.0,0.0,0.0,0.0,0.0
repeat_2_fold_3,AHCTF1,0.0,0.0,0.0,0.0,0.0,0.0,0.0
repeat_2_fold_3,AHCY,0.0,0.0,0.0,0.0,0.0,0.0,0.0
repeat_2_fold_3,AHCYL1,0.0,0.0,0.0,0.0,0.0,0.0,0.0
repeat_2_fold_3,AHCYL2,0.0,0.0,0.0,0.0,0.0,0.0,0.0
repeat_2_fold_3,AHI1,0.0,0.0,0.0,0.0,0.0,0.0,0.0
repeat_2_fold_3,AHSG,0.0,0.0,0.0,0.0,0.0,0.0,0.0
repeat_2_fold_3,AICDA,0.0,0.0,0.0,0.0,0.0,0.0,0.0
repeat_2_fold_3,AIM2,0.0,0.0,0.0,0.0,0.0,0.0,0.0
repeat_2_fold_3,AIMP1,0.0,0.0,0.0,0.0,0.0,0.0,0.0
repeat_2_fold_3,AK1,0.0,0.0,0.0,0.0,0.0,0.0,0.0
repeat_2_fold_3,AK2,0.0,0.0,0.0,0.0,0.0,0.0,0.0
repeat_2_fold_3,AK4,0.0,0.0,0.0,0.0,0.0,0.0,0.0
repeat_2_fold_3,AK5,0.0,0.0,0.0,0.0,0.0,0.0,0.0
repeat_2_fold_3,AKAP1,0.0,0.0,0.0,0.0,0.0,0.0,0.0
repeat_2_fold_3,AKAP10,0.0,0.0,0.0,0.0,0.0,0.0,0.0
repeat_2_fold_3,AKAP12,-0.026632985391865205,0.03589216369028707,0.017946081845143534,-0.04457906723700874,0.0,-0.0018014411529223562,0.5
repeat_2_fold_3,AKAP13,0.0,0.0,0.0,0.0,0.0,0.0,0.0
repeat_2_fold_3,AKAP5,0.0,0.0,0.0,0.0,0.0,0.0,0.0
repeat_2_fold_3,AKAP8L,0.0,0.0,0.0,0.0,0.0,0.0,0.0
repeat_2_fold_3,AKAP9,0.43046408161752403,0.5276556432791906,0.2638278216395953,0.16663625997792875,0.5,0.0004003202562049557,0.5
repeat_2_fold_3,AKR1B1,0.0,0.0,0.0,0.0,0.0,0.0,0.0
repeat_2_fold_3,AKR1B10,0.0,0.0,0.0,0.0,0.0,0.0,0.0
repeat_2_fold_3,AKR1C1,0.0,0.0,0.0,0.0,0.0,0.0,0.0
repeat_2_fold_3,AKR1C3,0.0,0.0,0.0,0.0,0.0,0.0,0.0
repeat_2_fold_3,AKR1C4,0.0,0.0,0.0,0.0,0.0,0.0,0.0
repeat_2_fold_3,AKR1D1,0.0,0.0,0.0,0.0,0.0,0.0,0.0
repeat_2_fold_3,AKR7A2,0.0,0.0,0.0,0.0,0.0,0.0,0.0
repeat_2_fold_3,AKR7A3,0.0,0.0,0.0,0.0,0.0,0.0,0.0
repeat_2_fold_3,AKT1,0.0,0.0,0.0,0.0,0.0,0.0,0.0
repeat_2_fold_3,AKT2,0.0,0.0,0.0,0.0,0.0,0.0,0.0
repeat_2_fold_3,AKT3,0.0,0.0,0.0,0.0,0.0,0.0,0.0
repeat_2_fold_3,ALAD,0.0,0.0,0.0,0.0,0.0,0.0,0.0
repeat_2_fold_3,ALAS1,0.0,0.0,0.0,0.0,0.0,0.0,0.0
repeat_2_fold_3,ALB,0.0,0.0,0.0,0.0,0.0,0.0,0.0
repeat_2_fold_3,ALCAM,0.0,0.0,0.0,0.0,0.0,0.0,0.0
repeat_2_fold_3,ALDH18A1,0.0,0.0,0.0,0.0,0.0,0.0,0.0
repeat_2_fold_3,ALDH1A1,0.0,0.0,0.0,0.0,0.0,0.0,0.0
repeat_2_fold_3,ALDH1A2,0.0,0.0,0.0,0.0,0.0,0.0,0.0
repeat_2_fold_3,ALDH1A3,0.0,0.0,0.0,0.0,0.0,0.0,0.0
repeat_2_fold_3,ALDH1L1,0.0,0.0,0.0,0.0,0.0,0.0,0.0
repeat_2_fold_3,ALDH2,0.0,0.0,0.0,0.0,0.0,0.0,0.0
repeat_2_fold_3,ALDH3A1,0.0,0.0,0.0,0.0,0.0,0.0,0.0
repeat_2_fold_3,ALDH3A2,0.0,0.0,0.0,0.0,0.0,0.0,0.0
repeat_2_fold_3,ALDH3B1,0.0,0.0,0.0,0.0,0.0,0.0,0.0
repeat_2_fold_3,ALDH3B2,0.0,0.0,0.0,0.0,0.0,0.0,0.0
repeat_2_fold_3,ALDH4A1,0.0,0.0,0.0,0.0,0.0,0.0,0.0
repeat_2_fold_3,ALDH5A1,0.0,0.0,0.0,0.0,0.0,0.0,0.0
repeat_2_fold_3,ALDH6A1,0.0,0.0,0.0,0.0,0.0,0.0,0.0
repeat_2_fold_3,ALDH7A1,0.0,0.0,0.0,0.0,0.0,0.0,0.0
repeat_2_fold_3,ALDH8A1,0.0,0.0,0.0,0.0,0.0,0.0,0.0
repeat_2_fold_3,ALDH9A1,-0.7355730174829844,0.5881307574474799,0.29406537872373995,-1.0296383962067244,0.0,-0.00018895775056262942,1.0
repeat_2_fold_3,ALDOA,0.0,0.0,0.0,0.0,0.0,0.0,0.0
repeat_2_fold_3,ALDOB,0.0,0.0,0.0,0.0,0.0,0.0,0.0
repeat_2_fold_3,ALDOC,0.0,0.0,0.0,0.0,0.0,0.0,0.0
repeat_2_fold_3,ALG13,0.0,0.0,0.0,0.0,0.0,0.0,0.0
repeat_2_fold_3,ALG3,0.0,0.0,0.0,0.0,0.0,0.0,0.0
repeat_2_fold_3,ALG5,0.0,0.0,0.0,0.0,0.0,0.0,0.0
repeat_2_fold_3,ALG6,0.0,0.0,0.0,0.0,0.0,0.0,0.0
repeat_2_fold_3,ALG8,0.0,0.0,0.0,0.0,0.0,0.0,0.0
repeat_2_fold_3,ALG9,0.0,0.0,0.0,0.0,0.0,0.0,0.0
repeat_2_fold_3,ALK,0.0,0.0,0.0,0.0,0.0,0.0,0.0
repeat_2_fold_3,ALMS1,0.0,0.0,0.0,0.0,0.0,0.0,0.0
repeat_2_fold_3,ALOX12,0.0,0.0,0.0,0.0,0.0,0.0,0.0
repeat_2_fold_3,ALOX12B,0.0,0.0,0.0,0.0,0.0,0.0,0.0
repeat_2_fold_3,ALOX15,0.0,0.0,0.0,0.0,0.0,0.0,0.0
repeat_2_fold_3,ALOX15B,0.18805728668684907,0.22415897442356972,0.11207948721178486,0.07597779947506421,0.5,-0.0002001601281025056,0.5
repeat_2_fold_3,ALOX5,0.0,0.0,0.0,0.0,0.0,0.0,0.0
repeat_2_fold_3,ALOX5AP,0.0,0.0,0.0,0.0,0.0,0.0,0.0
repeat_2_fold_3,ALOXE3,0.0,0.0,0.0,0.0,0.0,0.0,0.0
repeat_2_fold_3,ALPG,0.0,0.0,0.0,0.0,0.0,0.0,0.0
repeat_2_fold_3,ALPI,0.0,0.0,0.0,0.0,0.0,0.0,0.0
repeat_2_fold_3,ALPK1,0.0,0.0,0.0,0.0,0.0,0.0,0.0
repeat_2_fold_3,ALPL,0.0,0.0,0.0,0.0,0.0,0.0,0.0
repeat_2_fold_3,ALPP,0.0,0.0,0.0,0.0,0.0,0.0,0.0
repeat_2_fold_3,ALS2CL,0.0,0.0,0.0,0.0,0.0,0.0,0.0
repeat_2_fold_3,ALX3,0.0,0.0,0.0,0.0,0.0,0.0,0.0
repeat_2_fold_3,AMACR,0.0,0.0,0.0,0.0,0.0,0.0,0.0
repeat_2_fold_3,AMBN,0.0,0.0,0.0,0.0,0.0,0.0,0.0
repeat_2_fold_3,AMBP,0.0,0.0,0.0,0.0,0.0,0.0,0.0
repeat_2_fold_3,AMBRA1,0.0,0.0,0.0,0.0,0.0,0.0,0.0
repeat_2_fold_3,AMD1,0.0,0.0,0.0,0.0,0.0,0.0,0.0
repeat_2_fold_3,AMDHD2,0.0,0.0,0.0,0.0,0.0,0.0,0.0
repeat_2_fold_3,AMELX,0.0,0.0,0.0,0.0,0.0,0.0,0.0
repeat_2_fold_3,AMFR,0.0,0.0,0.0,0.0,0.0,0.0,0.0
repeat_2_fold_3,AMH,0.0,0.0,0.0,0.0,0.0,0.0,0.0
repeat_2_fold_3,AMHR2,0.0,0.0,0.0,0.0,0.0,0.0,0.0
repeat_2_fold_3,AMIGO2,0.0,0.0,0.0,0.0,0.0,0.0,0.0
repeat_2_fold_3,AMN,0.0,0.0,0.0,0.0,0.0,0.0,0.0
repeat_2_fold_3,AMOT,0.0,0.0,0.0,0.0,0.0,0.0,0.0
repeat_2_fold_3,AMOTL2,0.0,0.0,0.0,0.0,0.0,0.0,0.0
repeat_2_fold_3,AMPD1,0.0,0.0,0.0,0.0,0.0,0.0,0.0
repeat_2_fold_3,AMPD2,0.0,0.0,0.0,0.0,0.0,0.0,0.0
repeat_2_fold_3,AMPD3,-0.11794457710121087,0.23588915420242174,0.11794457710121087,-0.23588915420242174,0.0,0.0010288065843621352,0.5
repeat_2_fold_3,AMPH,0.0,0.0,0.0,0.0,0.0,0.0,0.0
repeat_2_fold_3,AMY1A,0.0,0.0,0.0,0.0,0.0,0.0,0.0
repeat_2_fold_3,ANAPC1,0.0,0.0,0.0,0.0,0.0,0.0,0.0
repeat_2_fold_3,ANAPC10,0.0,0.0,0.0,0.0,0.0,0.0,0.0
repeat_2_fold_3,ANAPC13,0.0,0.0,0.0,0.0,0.0,0.0,0.0
repeat_2_fold_3,ANAPC2,0.0,0.0,0.0,0.0,0.0,0.0,0.0
repeat_2_fold_3,ANAPC5,0.0,0.0,0.0,0.0,0.0,0.0,0.0
repeat_2_fold_3,ANG,0.0,0.0,0.0,0.0,0.0,0.0,0.0
repeat_2_fold_3,ANGPT2,0.0,0.0,0.0,0.0,0.0,0.0,0.0
repeat_2_fold_3,ANGPT4,0.0,0.0,0.0,0.0,0.0,0.0,0.0
repeat_2_fold_3,ANGPTL3,0.0,0.0,0.0,0.0,0.0,0.0,0.0
repeat_2_fold_3,ANGPTL4,0.0,0.0,0.0,0.0,0.0,0.0,0.0
repeat_2_fold_3,ANGPTL8,0.0,0.0,0.0,0.0,0.0,0.0,0.0
repeat_2_fold_3,ANK1,-0.16781898189438138,0.19378066874370004,0.09689033437185002,-0.2647093162662314,0.0,-2.7755575615628914e-17,0.5
repeat_2_fold_3,ANK2,0.0,0.0,0.0,0.0,0.0,0.0,0.0
repeat_2_fold_3,ANK3,0.0,0.0,0.0,0.0,0.0,0.0,0.0
repeat_2_fold_3,ANKH,0.0,0.0,0.0,0.0,0.0,0.0,0.0
repeat_2_fold_3,ANKLE2,0.0,0.0,0.0,0.0,0.0,0.0,0.0
repeat_2_fold_3,ANKRD1,0.0,0.0,0.0,0.0,0.0,0.0,0.0
repeat_2_fold_3,ANKRD26,0.0,0.0,0.0,0.0,0.0,0.0,0.0
repeat_2_fold_3,ANKRD27,0.0,0.0,0.0,0.0,0.0,0.0,0.0
repeat_2_fold_3,ANO1,0.0,0.0,0.0,0.0,0.0,0.0,0.0
repeat_2_fold_3,ANO10,0.0,0.0,0.0,0.0,0.0,0.0,0.0
repeat_2_fold_3,ANTXR1,0.0,0.0,0.0,0.0,0.0,0.0,0.0
repeat_2_fold_3,ANXA1,0.0,0.0,0.0,0.0,0.0,0.0,0.0
repeat_2_fold_3,AP1B1,-0.02713222053122699,0.05426444106245398,0.02713222053122699,-0.05426444106245398,0.0,0.003202562049639701,0.5
repeat_2_fold_3,AP1S1,0.8816679654949215,1.0220418256204906,0.5110209128102453,0.37064705268467624,0.5,-0.0024019215372297897,0.5
repeat_2_fold_3,AP3B1,0.0,0.0,0.0,0.0,0.0,0.0,0.0
repeat_2_fold_3,AP3S1,-0.08360984701001328,0.1965714600425231,0.09828573002126155,-0.18189557703127485,0.25,0.0012009607686148671,0.5
repeat_2_fold_3,APAF1,-0.0512211213777114,0.5006038364042931,0.25030191820214653,-0.30152303957985793,0.5,0.0018350482855419847,1.0
repeat_2_fold_3,APLNR,0.0,0.0,0.0,0.0,0.0,0.0,0.0
repeat_2_fold_3,APOM,0.08506394610186518,0.23973934285593765,0.11986967142796882,-0.03480572532610364,0.25,0.0014403292181069949,0.5
repeat_2_fold_3,AQP8,0.3773050289341633,0.5524723120137955,0.27623615600689777,0.10106887292726552,0.75,-0.0010176042068223146,1.0
repeat_2_fold_3,AR,0.0,0.0,0.0,0.0,0.0,0.0,0.0
repeat_2_fold_3,ARHGAP10,0.0,0.0,0.0,0.0,0.0,0.0,0.0
repeat_2_fold_3,ARL4C,0.0,0.0,0.0,0.0,0.0,0.0,0.0
repeat_2_fold_3,ARPC1B,0.0,0.0,0.0,0.0,0.0,0.0,0.0
repeat_2_fold_3,ASH2L,-0.17256106510395952,0.24096231528136716,0.12048115764068358,-0.2930422227446431,0.0,-0.005144032921810704,0.5
repeat_2_fold_3,ASRGL1,0.0,0.0,0.0,0.0,0.0,0.0,0.0
repeat_2_fold_3,ASS1,0.0,0.0,0.0,0.0,0.0,-0.00040032025620498346,0.5
repeat_2_fold_3,ATAT1,0.0,0.0,0.0,0.0,0.0,0.0,0.0
repeat_2_fold_3,ATF1,-0.050516332904186,0.101032665808372,0.050516332904186,-0.101032665808372,0.0,-0.0012009607686149504,1.0
repeat_2_fold_3,ATF7IP,0.0,0.0,0.0,0.0,0.0,0.0,0.0
repeat_2_fold_3,ATG14,0.2770742405364164,0.5330623940321976,0.2665311970160988,0.010543043520317597,0.5,-0.0011897583910750464,1.0
repeat_2_fold_3,ATG4A,0.0,0.0,0.0,0.0,0.0,0.0,0.0
repeat_2_fold_3,ATN1,0.1321088474257337,0.1525461572471571,0.07627307862357854,0.055835768802155156,0.5,0.0006004803843074336,0.5
repeat_2_fold_3,ATP1B4,0.0,0.0,0.0,0.0,0.0,0.0,0.0
repeat_2_fold_3,ATP2B3,0.0,0.0,0.0,0.0,0.0,0.0,0.0
repeat_2_fold_3,ATP2C1,0.0,0.0,0.0,0.0,0.0,0.0,0.0
repeat_2_fold_3,ATP5F1C,0.0,0.0,0.0,0.0,0.0,0.0,0.0
repeat_2_fold_3,ATP7B,0.0,0.0,0.0,0.0,0.0,0.0,0.0
repeat_2_fold_3,ATP8B2,0.042588142099644344,0.07421162556295709,0.037105812781478544,0.0054823293181658,0.5,-0.0020576131687242705,0.5
repeat_2_fold_3,ATP9A,0.0,0.0,0.0,0.0,0.0,-0.0038926614542663385,1.0
repeat_2_fold_3,AURKAIP1,0.0,0.0,0.0,0.0,0.0,0.0,0.0
repeat_2_fold_3,AURKB,-0.04733069855047134,0.05465278309809531,0.027326391549047657,-0.074657090099519,0.0,-0.0006172839506173033,0.5
repeat_2_fold_3,AUTS2,-0.08058629744599344,0.16117259489198688,0.08058629744599344,-0.16117259489198688,0.0,-0.0016460905349794386,0.5
repeat_2_fold_3,AVEN,-0.4421096057325311,0.5973211548001962,0.2986605774000981,-0.7407701831326292,0.0,-0.0006004803843074613,0.5
repeat_2_fold_3,B3GALT1,0.0,0.0,0.0,0.0,0.0,0.0,0.0
repeat_2_fold_3,B3GALT5,0.7294790012565766,0.8794349554375018,0.4397174777187509,0.2897615235378257,0.5,-0.003497942386831293,0.5
repeat_2_fold_3,B3GNT2,0.0,0.0,0.0,0.0,0.0,0.0,0.0
repeat_2_fold_3,B4GALT1,0.0,0.0,0.0,0.0,0.0,0.0,0.0
repeat_2_fold_3,B4GALT2,0.0,0.0,0.0,0.0,0.0,0.0,0.0
repeat_2_fold_3,B4GALT5,0.0,0.0,0.0,0.0,0.0,0.0,0.0
repeat_2_fold_3,BAK1,0.0,0.0,0.0,0.0,0.0,0.0,0.0
repeat_2_fold_3,BAP1,0.0,0.0,0.0,0.0,0.0,0.0,0.0
repeat_2_fold_3,BBC3,0.0,0.0,0.0,0.0,0.0,0.0,0.0
repeat_2_fold_3,BCKDHB,0.0,0.0,0.0,0.0,0.0,0.0,0.0
repeat_2_fold_3,BCL6,0.0,0.0,0.0,0.0,0.0,0.0,0.0
repeat_2_fold_3,BHLHE41,0.0,0.0,0.0,0.0,0.0,0.0,0.0
repeat_2_fold_3,BIRC7,0.14019056342681857,0.2690979024460576,0.1345489512230288,0.005641612203789781,0.5,-0.0020576131687242982,0.5
repeat_2_fold_3,BNIP3L,0.0,0.0,0.0,0.0,0.0,0.0,0.0
repeat_2_fold_3,BRD1,0.0,0.0,0.0,0.0,0.0,0.0,0.0
repeat_2_fold_3,BRD9,0.0,0.0,0.0,0.0,0.0,0.0,0.0
repeat_2_fold_3,BTD,0.0,0.0,0.0,0.0,0.0,0.0008230452674896915,0.5
repeat_2_fold_3,BTN2A1,0.0,0.0,0.0,0.0,0.0,0.0,0.0
repeat_2_fold_3,C2orf49,0.0,0.0,0.0,0.0,0.0,0.0,0.0
repeat_2_fold_3,C4BPA,0.0,0.0,0.0,0.0,0.0,0.0,0.0
repeat_2_fold_3,CA3,0.0,0.0,0.0,0.0,0.0,0.0,0.0
repeat_2_fold_3,CA5A,0.0,0.0,0.0,0.0,0.0,0.0,0.0
repeat_2_fold_3,CACNA1S,0.0,0.0,0.0,0.0,0.0,0.0,0.0
repeat_2_fold_3,CADM3,0.0,0.0,0.0,0.0,0.0,0.0,0.0
repeat_2_fold_3,CALCA,0.0,0.0,0.0,0.0,0.0,0.0,0.0
repeat_2_fold_3,CALD1,0.0,0.0,0.0,0.0,0.0,0.0,0.0
repeat_2_fold_3,CALU,0.0,0.0,0.0,0.0,0.0,0.0,0.0
repeat_2_fold_3,CAPN7,0.0,0.0,0.0,0.0,0.0,0.0,0.0
repeat_2_fold_3,CAPZB,0.0,0.0,0.0,0.0,0.0,0.0,0.0
repeat_2_fold_3,CASP10,0.0,0.0,0.0,0.0,0.0,0.0,0.0
repeat_2_fold_3,CASP3,0.0,0.0,0.0,0.0,0.0,0.0,0.0
repeat_2_fold_3,CASP5,0.0,0.0,0.0,0.0,0.0,0.0,0.0
repeat_2_fold_3,CASP9,0.0,0.0,0.0,0.0,0.0,0.0,0.0
repeat_2_fold_3,CAST,-0.4903178201947913,0.566177680421197,0.2830888402105985,-0.7734066604053897,0.0,-0.0002001601281025056,0.5
repeat_2_fold_3,CCL11,0.0,0.0,0.0,0.0,0.0,0.0,0.0
repeat_2_fold_3,CCL19,0.0,0.0,0.0,0.0,0.0,0.0,0.0
repeat_2_fold_3,CCN2,0.0,0.0,0.0,0.0,0.0,0.0,0.0
repeat_2_fold_3,CCNA2,0.0,0.0,0.0,0.0,0.0,0.0,0.0
repeat_2_fold_3,CCNB2,0.0,0.0,0.0,0.0,0.0,0.0,0.0
repeat_2_fold_3,CCNG2,0.0,0.0,0.0,0.0,0.0,0.0,0.0
repeat_2_fold_3,CCZ1,0.012796474516115097,0.030513759537190006,0.015256879768595003,-0.0024604052524799056,0.25,0.00020016012810247785,0.5
repeat_2_fold_3,CD22,-0.0340350861540184,0.0680701723080368,0.0340350861540184,-0.0680701723080368,0.0,-0.0002057613168724437,0.5
repeat_2_fold_3,CD2AP,0.0,0.0,0.0,0.0,0.0,0.0,0.0
repeat_2_fold_3,CD300A,0.10422306705878803,0.172720864226648,0.086360432113324,0.01786263494546403,0.5,0.0006004803843074336,0.5
repeat_2_fold_3,CD40LG,-0.14190477674668145,0.18233893312517155,0.09116946656258577,-0.23307424330926724,0.25,-0.002240969730516962,1.0
repeat_2_fold_3,CDC16,0.0,0.0,0.0,0.0,0.0,0.0,0.0
repeat_2_fold_3,CDC27,0.0,0.0,0.0,0.0,0.0,0.0,0.0
repeat_2_fold_3,CDC42EP3,0.09131009469630591,0.18262018939261182,0.09131009469630591,0.0,0.25,0.00020576131687241594,0.5
repeat_2_fold_3,CDC42EP4,0.0,0.0,0.0,0.0,0.0,0.0,0.0
repeat_2_fold_3,CDC45,0.0,0.0,0.0,0.0,0.0,0.0,0.0
repeat_2_fold_3,CDH15,0.0,0.0,0.0,0.0,0.0,0.0,0.0
repeat_2_fold_3,CDK5RAP2,0.0,0.0,0.0,0.0,0.0,0.0,0.0
repeat_2_fold_3,CDKAL1,0.0,0.0,0.0,0.0,0.0,0.0,0.0
repeat_2_fold_3,CDKN1B,0.0,0.0,0.0,0.0,0.0,0.0,0.0
repeat_2_fold_3,CDS2,0.0,0.0,0.0,0.0,0.0,0.0,0.0
repeat_2_fold_3,CEBPB,0.0,0.0,0.0,0.0,0.0,0.0,0.0
repeat_2_fold_3,CENPE,0.0,0.0,0.0,0.0,0.0,0.0,0.0
repeat_2_fold_3,CEP162,0.0,0.0,0.0,0.0,0.0,0.0,0.0
repeat_2_fold_3,CEP97,-0.008136276699380218,0.02890769635705914,0.01445384817852957,-0.02259012487790979,0.25,0.0010008006405123893,0.5
repeat_2_fold_3,CFL1,0.0,0.0,0.0,0.0,0.0,0.0,0.0
repeat_2_fold_3,CHMP3,0.0,0.0,0.0,0.0,0.0,0.0,0.0
repeat_2_fold_3,CHPF,-0.0006790594469165967,0.1029762826844848,0.0514881413422424,-0.052167200789159,0.25,-0.0002001601281025056,0.5
repeat_2_fold_3,CHRNA4,0.0,0.0,0.0,0.0,0.0,0.0,0.0
repeat_2_fold_3,CHST2,0.07662322825366275,0.08847688291686065,0.044238441458430325,0.03238478679523242,0.5,0.0008230452674896915,0.5
repeat_2_fold_3,CHTOP,0.0,0.0,0.0,0.0,0.0,0.0,0.0
repeat_2_fold_3,CIT,0.0,0.0,0.0,0.0,0.0,0.0,0.0
repeat_2_fold_3,CKB,0.0,0.0,0.0,0.0,0.0,0.0,0.0
repeat_2_fold_3,CKM,0.0,0.0,0.0,0.0,0.0,-0.0016460905349794386,0.5
repeat_2_fold_3,CLCF1,0.057275008542289285,0.06660936380915196,0.03330468190457598,0.023970326637713306,0.5,-0.0018518518518518545,0.5
repeat_2_fold_3,CLCN4,0.03584211675841509,0.17395606892653917,0.08697803446326959,-0.0511359177048545,0.25,-0.0002001601281025056,0.5
repeat_2_fold_3,CLCN5,0.03611414672941393,0.04170102467156155,0.020850512335780776,0.015263634393633155,0.5,-0.0008006405124099392,0.5
repeat_2_fold_3,CLDN1,0.6602385207559962,1.0936165958338002,0.5468082979169001,0.1134302228390961,0.5,0.0006004803843074336,0.5
repeat_2_fold_3,CLDN5,0.0,0.0,0.0,0.0,0.0,0.0,0.0
repeat_2_fold_3,CLOCK,0.054800439915275945,0.0992184788740645,0.04960923943703225,0.005191200478243695,0.5,-0.0016012810248198783,0.5
repeat_2_fold_3,CNDP2,0.2076796955364255,0.24767332409699835,0.12383666204849918,0.08384303348792634,0.5,0.001401120896717345,0.5
repeat_2_fold_3,CNPY3,0.0,0.0,0.0,0.0,0.0,0.0,0.0
repeat_2_fold_3,CNTRL,0.0,0.0,0.0,0.0,0.0,0.0,0.0
repeat_2_fold_3,COA4,0.0,0.0,0.0,0.0,0.0,0.0,0.0
repeat_2_fold_3,COASY,0.02845839765078395,0.03286092708877106,0.01643046354438553,0.012027934106398422,0.5,-0.001234567901234579,0.5
repeat_2_fold_3,COL19A1,0.0,0.0,0.0,0.0,0.0,0.0,0.0
repeat_2_fold_3,COL4A5,-0.10458500441093932,0.12076436089970803,0.060382180449854016,-0.16496718486079334,0.0,-0.0006004803843074891,0.5
repeat_2_fold_3,COPB1,0.0,0.0,0.0,0.0,0.0,0.0,0.0
repeat_2_fold_3,COPB2,0.0,0.0,0.0,0.0,0.0,0.0,0.0
repeat_2_fold_3,COPG1,0.5574958073786647,0.6490300780029659,0.32451503900148293,0.23298076837718174,0.5,-0.004732510288065844,0.5
repeat_2_fold_3,COPS8,0.07447334049734877,0.11419882296637622,0.05709941148318811,0.017373929014160662,0.5,0.00246913580246913,0.5
repeat_2_fold_3,COQ4,0.0,0.0,0.0,0.0,0.0,0.00020576131687241594,0.5
repeat_2_fold_3,COQ9,0.5743783065876347,0.48270094462530294,0.24135047231265147,0.33302783427498317,0.75,5.601188769910337e-06,1.0
repeat_2_fold_3,CORT,0.0,0.0,0.0,0.0,0.0,0.0,0.0
repeat_2_fold_3,COX17,0.0,0.0,0.0,0.0,0.0,0.0,0.0
repeat_2_fold_3,CPB2,0.004302511139560039,0.008605022279120078,0.004302511139560039,0.0,0.25,-0.0004003202562050112,0.5
repeat_2_fold_3,CPOX,0.0,0.0,0.0,0.0,0.0,0.0,0.0
repeat_2_fold_3,CRADD,0.0,0.0,0.0,0.0,0.0,0.0,0.0
repeat_2_fold_3,CS,0.0,0.0,0.0,0.0,0.0,0.0,0.0
repeat_2_fold_3,CSAD,0.0,0.0,0.0,0.0,0.0,0.0,0.0
repeat_2_fold_3,CSF3,0.0,0.0,0.0,0.0,0.0,0.0,0.0
repeat_2_fold_3,CTDSP2,0.0,0.0,0.0,0.0,0.0,0.0,0.0
repeat_2_fold_3,CTSH,0.0,0.0,0.0,0.0,0.0,0.0,0.0
repeat_2_fold_3,CUL4A,0.0,0.0,0.0,0.0,0.0,0.0,0.0
repeat_2_fold_3,CUL5,0.10930296016178254,0.23536515649953685,0.11768257824976842,-0.008379618087985888,0.75,-0.0010176042068222868,1.0
repeat_2_fold_3,CWC25,-0.08390949094719069,0.16781898189438138,0.08390949094719069,-0.16781898189438138,0.0,-0.0002113625056423818,1.0
repeat_2_fold_3,CXCL12,0.0,0.0,0.0,0.0,0.0,0.0,0.0
repeat_2_fold_3,CXXC1,0.0,0.0,0.0,0.0,0.0,0.0,0.0
repeat_2_fold_3,CYBA,0.0,0.0,0.0,0.0,0.0,0.0,0.0
repeat_2_fold_3,CYP2D6,0.0,0.0,0.0,0.0,0.0,0.0,0.0
repeat_2_fold_3,CYP46A1,-0.03700421928368769,0.0663274615768097,0.03316373078840485,-0.07016795007209253,0.0,0.0020576131687242705,0.5
repeat_2_fold_3,CYP4B1,0.0,0.0,0.0,0.0,0.0,0.0,0.0
repeat_2_fold_3,CYTH1,0.07662322825366275,0.08847688291686065,0.044238441458430325,0.03238478679523242,0.5,-0.0006172839506172756,0.5
repeat_2_fold_3,CYTH2,0.0,0.0,0.0,0.0,0.0,0.0,0.0
repeat_2_fold_3,CYTH4,0.0,0.0,0.0,0.0,0.0,0.0,0.0
repeat_2_fold_3,DAP3,0.14309594980204032,0.2211872746108956,0.1105936373054478,0.03250231249659252,0.5,-0.0002001601281025056,0.5
repeat_2_fold_3,DBP,0.0,0.0,0.0,0.0,0.0,0.0,0.0
repeat_2_fold_3,DDX42,0.0,0.0,0.0,0.0,0.0,0.0,0.0
repeat_2_fold_3,DDX49,0.3447484812177777,0.5940662061868269,0.29703310309341346,0.047715378124364216,0.5,-0.0006172839506173033,0.5
repeat_2_fold_3,DEFA6,0.4984399501863841,0.3726421544851212,0.1863210772425606,0.31211887294382346,1.0,0.00576691806119789,1.0
repeat_2_fold_3,DEK,0.0,0.0,0.0,0.0,0.0,0.0,0.0
repeat_2_fold_3,DELE1,0.0,0.0,0.0,0.0,0.0,0.0,0.0
repeat_2_fold_3,DENND1A,0.0,0.0,0.0,0.0,0.0,0.0,0.0
repeat_2_fold_3,DENND5A,0.0,0.0,0.0,0.0,0.0,0.0,0.0
repeat_2_fold_3,DENND5B,0.0,0.0,0.0,0.0,0.0,0.0,0.0
repeat_2_fold_3,DFFA,-0.005938266259338576,0.006856919246697598,0.003428459623348799,-0.009366725882687374,0.0,0.00020576131687241594,0.5
repeat_2_fold_3,DKC1,0.13683944638182055,0.479012424003296,0.239506212001648,-0.10266676561982746,0.25,-0.006378600823045255,0.5
repeat_2_fold_3,DLGAP5,-0.2983394969535027,0.591952017086656,0.295976008543328,-0.5943155054968308,0.0,0.0008006405124099114,0.5
repeat_2_fold_3,DNAJC10,0.0,0.0,0.0,0.0,0.0,0.0,0.0
repeat_2_fold_3,DNAJC11,0.3082081126511298,0.6164162253022596,0.3082081126511298,0.0,0.25,0.0018518518518518268,0.5
repeat_2_fold_3,DNM1L,0.0,0.0,0.0,0.0,0.0,0.0,0.0
repeat_2_fold_3,DNMT3A,0.0,0.0,0.0,0.0,0.0,0.0,0.0
repeat_2_fold_3,DOCK3,0.10522169704032613,0.140927186739184,0.070463593369592,0.03475810367073413,0.5,-0.003703703703703709,0.5
repeat_2_fold_3,DOHH,0.0,0.0,0.0,0.0,0.0,0.0,0.0
repeat_2_fold_3,DPEP2,0.0,0.0,0.0,0.0,0.0,0.0,0.0
repeat_2_fold_3,DPYSL2,-0.23588915420242174,0.27238133335536263,0.13619066667768132,-0.37207982088010305,0.0,0.0008230452674896915,0.5
repeat_2_fold_3,DPYSL3,0.0,0.0,0.0,0.0,0.0,0.0004115226337448319,0.5
repeat_2_fold_3,DRG2,0.014229198825391975,0.02845839765078395,0.014229198825391975,0.0,0.25,-0.0006172839506173033,0.5
repeat_2_fold_3,DSCAM,0.0,0.0,0.0,0.0,0.0,0.0,0.0
repeat_2_fold_3,DSG3,0.0,0.0,0.0,0.0,0.0,0.0,0.0
repeat_2_fold_3,DSN1,0.0,0.0,0.0,0.0,0.0,0.0,0.0
repeat_2_fold_3,DSP,0.7079470070613407,1.100694005923246,0.550347002961623,0.15760000409971775,0.5,-0.006321106267730275,1.0
repeat_2_fold_3,DTL,0.0,0.0,0.0,0.0,0.0,0.0,0.0
repeat_2_fold_3,DUSP1,0.20653827383234358,0.24707132219907063,0.12353566109953532,0.08300261273280826,0.5,-0.0024467310473893777,1.0
repeat_2_fold_3,DUSP10,0.0,0.0,0.0,0.0,0.0,0.0,0.0
repeat_2_fold_3,DUSP5,0.031065953024352666,0.06213190604870534,0.03106595302435267,-3.469446951953614e-18,0.25,0.00020576131687241594,0.5
repeat_2_fold_3,DZIP1,0.0,0.0,0.0,0.0,0.0,0.0,0.0
repeat_2_fold_3,EBAG9,0.0,0.0,0.0,0.0,0.0,0.0,0.0
repeat_2_fold_3,ECI2,0.0,0.0,0.0,0.0,0.0,0.0,0.0
repeat_2_fold_3,ECM1,0.1423517490381947,0.20451436741898982,0.10225718370949491,0.04009456532869979,0.5,-0.0006340875169271454,1.0
repeat_2_fold_3,EDEM3,0.0,0.0,0.0,0.0,0.0,0.0,0.0
repeat_2_fold_3,EEF1A2,0.0,0.0,0.0,0.0,0.0,0.0,0.0
repeat_2_fold_3,EFNA1,0.0,0.0,0.0,0.0,0.0,0.0,0.0
repeat_2_fold_3,EFNA4,0.0,0.0,0.0,0.0,0.0,0.0,0.0
repeat_2_fold_3,EFNB1,0.0,0.0,0.0,0.0,0.0,0.0,0.0
repeat_2_fold_3,EIF2AK2,0.0,0.0,0.0,0.0,0.0,0.0,0.0
repeat_2_fold_3,EIF3C,0.0,0.0,0.0,0.0,0.0,0.0,0.0
repeat_2_fold_3,EIF4G3,0.0,0.0,0.0,0.0,0.0,0.0,0.0
repeat_2_fold_3,ENO1,0.0,0.0,0.0,0.0,0.0,0.0,0.0
repeat_2_fold_3,ENPEP,-0.11794457710120909,0.1586855833591675,0.07934279167958375,-0.19728736878079284,0.0,-0.0006172839506173033,0.5
repeat_2_fold_3,ENPP1,0.0,0.0,0.0,0.0,0.0,0.0,0.0
repeat_2_fold_3,ENTPD1,0.0,0.0,0.0,0.0,0.0,0.0,0.0
repeat_2_fold_3,ENTPD3,-0.5920148391268363,0.7461822144066449,0.37309110720332245,-0.9651059463301588,0.0,-0.0018014411529223562,0.5
repeat_2_fold_3,EPB41L3,0.0,0.0,0.0,0.0,0.0,0.0,0.0
repeat_2_fold_3,EPHA3,0.0,0.0,0.0,0.0,0.0,0.0,0.0
repeat_2_fold_3,EPHA4,0.0,0.0,0.0,0.0,0.0,0.0,0.0
repeat_2_fold_3,ERAL1,0.0,0.0,0.0,0.0,0.0,0.0,0.0
repeat_2_fold_3,EVL,0.0,0.0,0.0,0.0,0.0,0.0,0.0
repeat_2_fold_3,F10,0.5772040215031566,1.1780856905417922,0.5890428452708961,-0.011838823767739481,0.75,-0.0019847977147150198,1.0
repeat_2_fold_3,F11,0.0,0.0,0.0,0.0,0.0,0.0,0.0
repeat_2_fold_3,FAAP100,-0.041911310625069476,0.09564070080939997,0.047820350404699986,-0.08973166102976946,0.25,0.0018014411529223007,0.5
repeat_2_fold_3,FAAP24,-0.05063820874405067,0.10127641748810134,0.05063820874405067,-0.10127641748810134,0.0,-0.0006172839506172756,0.5
repeat_2_fold_3,FAF2,0.0,0.0,0.0,0.0,0.0,0.0,0.0
repeat_2_fold_3,FAH,0.4399120699299779,0.53395192002501,0.266975960012505,0.17293610991747288,0.5,0.0008006405124099114,0.5
repeat_2_fold_3,FAN1,-0.17777571748202092,0.20706048419315137,0.10353024209657569,-0.2813059595785966,0.0,-0.002674897119341574,0.5
repeat_2_fold_3,FASN,-0.04968681528835539,0.4651481327541753,0.23257406637708766,-0.28226088166544305,0.25,-0.00040032025620498346,0.5
repeat_2_fold_3,FBXO17,-0.0340350861540184,0.0680701723080368,0.0340350861540184,-0.0680701723080368,0.0,-0.00041152263374485964,0.5
repeat_2_fold_3,FCER1G,-0.0476331221179187,0.13240200885245237,0.06620100442622619,-0.11383412654414489,0.25,-0.0016012810248198783,0.5
repeat_2_fold_3,FCGR2B,-0.0340350861540184,0.0680701723080368,0.0340350861540184,-0.0680701723080368,0.0,-0.0016460905349794386,0.5
repeat_2_fold_3,FDX1,0.0,0.0,0.0,0.0,0.0,0.0,0.0
repeat_2_fold_3,FEN1,0.0,0.0,0.0,0.0,0.0,0.0,0.0
repeat_2_fold_3,FGF5,-0.0680701723080368,0.07860066461165852,0.03930033230582926,-0.10737050461386606,0.0,-0.0018126435304622879,1.0
repeat_2_fold_3,FGG,-0.013710251705870036,0.7430129366812778,0.3715064683406389,-0.3852167200465089,0.25,0.0004003202562049557,0.5
repeat_2_fold_3,FGR,0.0,0.0,0.0,0.0,0.0,0.0,0.0
repeat_2_fold_3,FIS1,0.0,0.0,0.0,0.0,0.0,0.0,0.0
repeat_2_fold_3,FKBP1A,0.0,0.0,0.0,0.0,0.0,0.0,0.0
repeat_2_fold_3,FKBP4,-0.031378061610766395,0.10607346922640955,0.053036734613204774,-0.08441479622397116,0.25,0.0006004803843074336,0.5
repeat_2_fold_3,FLOT1,0.0,0.0,0.0,0.0,0.0,0.0,0.0
repeat_2_fold_3,FOXJ2,0.0,0.0,0.0,0.0,0.0,0.0,0.0
repeat_2_fold_3,FOXO4,0.0,0.0,0.0,0.0,0.0,0.0,0.0
repeat_2_fold_3,FPR3,0.0,0.0,0.0,0.0,0.0,0.0,0.0
repeat_2_fold_3,FRAT1,0.0,0.0,0.0,0.0,0.0,0.0,0.0
repeat_2_fold_3,FSCN1,0.0,0.0,0.0,0.0,0.0,0.0,0.0
repeat_2_fold_3,FUS,0.0,0.0,0.0,0.0,0.0,0.0,0.0
repeat_2_fold_3,FUT1,0.0,0.0,0.0,0.0,0.0,0.0,0.0
repeat_2_fold_3,G3BP1,0.0,0.0,0.0,0.0,0.0,0.0,0.0
repeat_2_fold_3,GAB1,0.3133182667885386,0.36178877134477944,0.18089438567238972,0.13242388111614886,0.5,0.0032921810699588494,0.5
repeat_2_fold_3,GAP43,0.0,0.0,0.0,0.0,0.0,0.0,0.0
repeat_2_fold_3,GARS1,0.0,0.0,0.0,0.0,0.0,0.0,0.0
repeat_2_fold_3,GART,0.11657075661705818,0.1699349529317156,0.0849674764658578,0.03160328015120038,0.5,-0.0010008006405124448,0.5
repeat_2_fold_3,GAS2,0.0,0.0,0.0,0.0,0.0,0.0,0.0
repeat_2_fold_3,GATA6,0.0,0.0,0.0,0.0,0.0,0.0,0.0
repeat_2_fold_3,GATAD2A,0.0,0.0,0.0,0.0,0.0,0.0,0.0
repeat_2_fold_3,GCA,0.0,0.0,0.0,0.0,0.0,0.0,0.0
repeat_2_fold_3,GCSH,0.0,0.0,0.0,0.0,0.0,0.0,0.0
repeat_2_fold_3,GDI2,0.0,0.0,0.0,0.0,0.0,0.0,0.0
repeat_2_fold_3,GET3,0.0,0.0,0.0,0.0,0.0,0.0,0.0
repeat_2_fold_3,GINS2,0.0,0.0,0.0,0.0,0.0,-0.0010344077731320733,1.0
repeat_2_fold_3,GLB1L,-0.0680701723080368,0.07860066461165852,0.03930033230582926,-0.10737050461386606,0.0,-0.00041152263374485964,0.5
repeat_2_fold_3,GLP1R,0.0,0.0,0.0,0.0,0.0,0.0,0.0
repeat_2_fold_3,GLS2,0.0,0.0,0.0,0.0,0.0,0.0,0.0
repeat_2_fold_3,GLUD2,0.0,0.0,0.0,0.0,0.0,0.0,0.0
repeat_2_fold_3,GNAQ,0.0,0.0,0.0,0.0,0.0,0.0,0.0
repeat_2_fold_3,GNE,0.0,0.0,0.0,0.0,0.0,0.0,0.0
repeat_2_fold_3,GNG5,0.8168762985830451,1.081252023869401,0.5406260119347005,0.2762502866483446,0.5,-0.001234567901234579,0.5
repeat_2_fold_3,GNMT,0.0,0.0,0.0,0.0,0.0,0.0,0.0
repeat_2_fold_3,GNRH1,0.0,0.0,0.0,0.0,0.0,0.0,0.0
repeat_2_fold_3,GOLGA1,0.0,0.0,0.0,0.0,0.0,0.0,0.0
repeat_2_fold_3,GOLGA5,0.0,0.0,0.0,0.0,0.0,0.0,0.0
repeat_2_fold_3,GPR37L1,0.02620905551793662,0.05241811103587324,0.02620905551793662,0.0,0.25,-0.0018518518518518545,0.5
repeat_2_fold_3,GPX5,0.0,0.0,0.0,0.0,0.0,0.0,0.0
repeat_2_fold_3,GRPR,0.0,0.0,0.0,0.0,0.0,0.0,0.0
repeat_2_fold_3,GSTA2,0.0,0.0,0.0,0.0,0.0,0.0,0.0
repeat_2_fold_3,GTF2H1,0.0,0.0,0.0,0.0,0.0,0.0,0.0
repeat_2_fold_3,GTPBP3,-0.08390949094719069,0.16781898189438138,0.08390949094719069,-0.16781898189438138,0.0,-0.0006172839506173033,0.5
repeat_2_fold_3,GTSE1,0.0,0.0,0.0,0.0,0.0,0.0,0.0
repeat_2_fold_3,GUCY1B1,0.04529515184974464,0.059088671954432084,0.029544335977216042,0.0157508158725286,0.5,0.00020576131687241594,0.5
repeat_2_fold_3,GUCY2C,0.0,0.0,0.0,0.0,0.0,0.0,0.0
repeat_2_fold_3,GYG1,0.0,0.0,0.0,0.0,0.0,0.0,0.0
repeat_2_fold_3,H2AC7,0.026209055517938395,0.15690362303047328,0.07845181151523664,-0.052242755997298246,0.25,-0.0018294470967721022,1.0
repeat_2_fold_3,H2AC8,0.0,0.0,0.0,0.0,0.0,-0.0002057613168724437,0.5
repeat_2_fold_3,H2BC3,0.6442314559139515,1.3050025870639346,0.6525012935319673,-0.008269837618015807,0.75,-0.0009895982629725686,1.0
repeat_2_fold_3,H3C3,0.0,0.0,0.0,0.0,0.0,0.0004003202562049557,0.5
repeat_2_fold_3,H3C7,0.09004556343207426,0.18009112686414852,0.09004556343207426,0.0,0.25,0.0,0.5
repeat_2_fold_3,H4C14,0.0,0.0,0.0,0.0,0.0,0.0008230452674897193,0.5
repeat_2_fold_3,HAND1,0.0,0.0,0.0,0.0,0.0,0.0,0.0
repeat_2_fold_3,HAPLN1,0.13624802616697806,0.5208672452966254,0.2604336226483127,-0.12418559648133465,0.25,0.0008286464562596296,1.0
repeat_2_fold_3,HARS1,0.0,0.0,0.0,0.0,0.0,0.0,0.0
repeat_2_fold_3,HDAC3,0.0,0.0,0.0,0.0,0.0,0.0,0.0
repeat_2_fold_3,HDC,0.588176219132821,0.7349615493022061,0.36748077465110307,0.22069544448171796,0.5,0.00040032025620492795,0.5
repeat_2_fold_3,HES1,0.0,0.0,0.0,0.0,0.0,0.0,0.0
repeat_2_fold_3,HIGD1A,0.0,0.0,0.0,0.0,0.0,0.0,0.0
repeat_2_fold_3,HLTF,0.0,0.0,0.0,0.0,0.0,0.0,0.0
repeat_2_fold_3,HNRNPC,0.0,0.0,0.0,0.0,0.0,0.0,0.0
repeat_2_fold_3,HNRNPUL1,0.0,0.0,0.0,0.0,0.0,0.0,0.0
repeat_2_fold_3,HOXB2,0.0,0.0,0.0,0.0,0.0,0.0,0.0
repeat_2_fold_3,HPRT1,0.0,0.0,0.0,0.0,0.0,0.0,0.0
repeat_2_fold_3,HPS1,0.0,0.0,0.0,0.0,0.0,0.0,0.0
repeat_2_fold_3,HRH2,0.0,0.0,0.0,0.0,0.0,0.0,0.0
repeat_2_fold_3,HSPD1,0.14802841020131474,0.3493824119568742,0.1746912059784371,-0.026662795777122356,0.75,0.0071904437129950705,1.0
repeat_2_fold_3,HTATSF1,0.0,0.0,0.0,0.0,0.0,0.0,0.0
repeat_2_fold_3,HTN3,0.0,0.0,0.0,0.0,0.0,0.0018518518518518268,0.5
repeat_2_fold_3,HTR2C,0.0,0.0,0.0,0.0,0.0,0.0,0.0
repeat_2_fold_3,ICAM4,0.38484051345857395,0.47252973673192306,0.23626486836596153,0.14857564509261242,0.5,-0.002802241793434773,0.5
repeat_2_fold_3,ID1,-0.5025263365458343,0.5839836028679529,0.29199180143397646,-0.7945181379798107,0.0,-0.0008006405124099669,0.5
repeat_2_fold_3,ID3,0.0,0.0,0.0,0.0,0.0,0.0,0.0
repeat_2_fold_3,IFT22,0.02652519318498392,0.05305038636996784,0.02652519318498392,0.0,0.25,-0.00040032025620498346,0.5
repeat_2_fold_3,IFT52,0.0,0.0,0.0,0.0,0.0,0.0,0.0
repeat_2_fold_3,IGF1R,-0.4652858128604098,0.5763996873036111,0.28819984365180557,-0.7534856565122154,0.0,-0.0007950393236400011,1.0
repeat_2_fold_3,IGLV3-19,0.0,0.0,0.0,0.0,0.0,0.0,0.0
repeat_2_fold_3,IK,0.0,0.0,0.0,0.0,0.0,0.0,0.0
repeat_2_fold_3,IL11RA,0.0,0.0,0.0,0.0,0.0,0.0,0.0
repeat_2_fold_3,IL1B,-0.4700616361272356,0.5436186943684418,0.2718093471842209,-0.7418709833114565,0.0,-2.7755575615628914e-17,0.5
repeat_2_fold_3,IL1R1,0.0,0.0,0.0,0.0,0.0,0.0,0.0
repeat_2_fold_3,IL1RAPL2,-0.13675302887003227,0.16585768107929164,0.08292884053964582,-0.2196818694096781,0.0,-0.0006172839506173033,0.5
repeat_2_fold_3,IL24,-0.10829463121925009,0.1349464784055058,0.0674732392027529,-0.17576787042200298,0.0,-0.00041152263374485964,0.5
repeat_2_fold_3,IL26,0.0,0.0,0.0,0.0,0.0,0.0,0.0
repeat_2_fold_3,IMPA2,0.0,0.0,0.0,0.0,0.0,0.0,0.0
repeat_2_fold_3,INPP1,0.0,0.0,0.0,0.0,0.0,0.0,0.0
repeat_2_fold_3,ITGA1,-0.5827454637240486,0.6729027518106214,0.3364513759053107,-0.9191968396293593,0.0,0.0010008006405123893,1.0
repeat_2_fold_3,ITGA4,0.0,0.0,0.0,0.0,0.0,0.0,0.0
repeat_2_fold_3,ITGA8,0.0,0.0,0.0,0.0,0.0,0.0,0.0
repeat_2_fold_3,JADE2,0.0,0.0,0.0,0.0,0.0,0.0,0.0
repeat_2_fold_3,JAG2,0.1072892150949798,0.20326703454366754,0.10163351727183377,0.005655697823146025,0.5,0.0010008006405123893,0.5
repeat_2_fold_3,JUP,0.0,0.0,0.0,0.0,0.0,0.0,0.0
repeat_2_fold_3,KAT2B,0.0,0.0,0.0,0.0,0.0,0.0,0.0
repeat_2_fold_3,KCMF1,0.03523767016231538,0.3401594856299541,0.17007974281497704,-0.13484207265266165,0.25,-0.0018014411529223562,0.5
repeat_2_fold_3,KCNA2,0.2581302873957618,0.3208343186276757,0.16041715931383785,0.09771312808192398,0.5,-0.0006004803843074891,0.5
repeat_2_fold_3,KCNC3,0.0,0.0,0.0,0.0,0.0,0.0,0.0
repeat_2_fold_3,KCNIP2,0.0,0.0,0.0,0.0,0.0,0.0,0.0
repeat_2_fold_3,KDELR1,0.08254019121127953,0.18108307596180623,0.09054153798090311,-0.00800134676962358,0.25,0.002201761409127284,0.5
repeat_2_fold_3,KDELR3,0.0,0.0,0.0,0.0,0.0,0.0,0.0
repeat_2_fold_3,KDM6A,0.0,0.0,0.0,0.0,0.0,0.0,0.0
repeat_2_fold_3,KDM7A,0.0,0.0,0.0,0.0,0.0,0.0,0.0
repeat_2_fold_3,KIF13A,0.0,0.0,0.0,0.0,0.0,0.0,0.0
repeat_2_fold_3,KIT,0.39288181517772536,0.45396510603033846,0.22698255301516923,0.16589926216255613,0.5,-0.002001601281024834,0.5
repeat_2_fold_3,KLF9,0.0,0.0,0.0,0.0,0.0,0.0,0.0
repeat_2_fold_3,KLHDC10,0.0,0.0,0.0,0.0,0.0,0.0,0.0
repeat_2_fold_3,KLHL21,0.0,0.0,0.0,0.0,0.0,0.0018518518518518545,0.5
repeat_2_fold_3,KLHL5,0.0,0.0,0.0,0.0,0.0,0.0,0.0
repeat_2_fold_3,KLK12,-0.4619628129413602,0.5334365942896029,0.26671829714480144,-0.7286811100861617,0.0,-0.0018014411529223562,0.5
repeat_2_fold_3,KMT5B,0.0,0.0,0.0,0.0,0.0,0.0,0.0
repeat_2_fold_3,KRT36,0.0,0.0,0.0,0.0,0.0,0.0,0.0
repeat_2_fold_3,KRT38,0.22991792191454685,0.46458436752198484,0.23229218376099242,-0.002374261846445569,0.25,0.0006004803843074058,0.5
repeat_2_fold_3,KRT81,0.0,0.0,0.0,0.0,0.0,0.0,0.0
repeat_2_fold_3,KRT83,0.0,0.0,0.0,0.0,0.0,0.0,0.0
repeat_2_fold_3,KRTAP1-1,0.0024826297164821653,0.10675801661979915,0.05337900830989958,-0.05089637859341741,0.25,-0.0006004803843074613,0.5
repeat_2_fold_3,KRTAP1-3,0.0,0.0,0.0,0.0,0.0,0.001234567901234579,0.5
repeat_2_fold_3,KTN1,0.31792544541692,0.7661663345398795,0.38308316726993974,-0.06515772185301971,0.75,0.0032641751261091034,1.0
repeat_2_fold_3,KYNU,0.0,0.0,0.0,0.0,0.0,-0.0008006405124099669,0.5
repeat_2_fold_3,LAMB1,0.0,0.0,0.0,0.0,0.0,0.0,0.0
repeat_2_fold_3,LAMC1,0.0,0.0,0.0,0.0,0.0,0.0,0.0
repeat_2_fold_3,LAMC2,0.0,0.0,0.0,0.0,0.0,0.0,0.0
repeat_2_fold_3,LCP2,0.0,0.0,0.0,0.0,0.0,0.0,0.0
repeat_2_fold_3,LDHAL6B,0.0,0.0,0.0,0.0,0.0,0.0,0.0
repeat_2_fold_3,LDLRAP1,0.0,0.0,0.0,0.0,0.0,0.0,0.0
repeat_2_fold_3,LEMD3,0.0,0.0,0.0,0.0,0.0,0.0,0.0
repeat_2_fold_3,LEP,0.0,0.0,0.0,0.0,0.0,0.0,0.0
repeat_2_fold_3,LETM1,0.0,0.0,0.0,0.0,0.0,0.0,0.0
repeat_2_fold_3,LIAS,0.0033231935011972524,0.006646387002394504,0.003323193501197252,4.336808689942018e-19,0.25,0.00020576131687241594,0.5
repeat_2_fold_3,LIPA,0.0,0.0,0.0,0.0,0.0,0.0,0.0
repeat_2_fold_3,LMO1,0.0,0.0,0.0,0.0,0.0,0.0,0.0
repeat_2_fold_3,LOX,0.0,0.0,0.0,0.0,0.0,0.0,0.0
repeat_2_fold_3,LRP8,0.0,0.0,0.0,0.0,0.0,0.0,0.0
repeat_2_fold_3,LTBP2,0.0,0.0,0.0,0.0,0.0,0.0,0.0
repeat_2_fold_3,LTBP3,0.0,0.0,0.0,0.0,0.0,0.0,0.0
repeat_2_fold_3,LY6E,0.0,0.0,0.0,0.0,0.0,0.0,0.0
repeat_2_fold_3,LY6H,0.0,0.0,0.0,0.0,0.0,0.0,0.0
repeat_2_fold_3,LYN,0.0,0.0,0.0,0.0,0.0,0.0,0.0
repeat_2_fold_3,LYRM4,0.0,0.0,0.0,0.0,0.0,-0.0002001601281025056,0.5
repeat_2_fold_3,MAEA,0.0,0.0,0.0,0.0,0.0,0.0,0.0
repeat_2_fold_3,MAIP1,0.0,0.0,0.0,0.0,0.0,0.0,0.0
repeat_2_fold_3,MAMLD1,0.0,0.0,0.0,0.0,0.0,0.0,0.0
repeat_2_fold_3,MAN1C1,0.0,0.0,0.0,0.0,0.0,0.0,0.0
repeat_2_fold_3,MAP2K3,0.06342998936381505,0.12610648511482817,0.06305324255741408,0.000376746806400971,0.5,0.0020016012810248063,0.5
repeat_2_fold_3,MAP4K4,-0.07751103386348923,0.2232490787230814,0.1116245393615407,-0.18913557322502994,0.5,0.0006116827618473097,1.0
repeat_2_fold_3,MAPK1,-0.010987102376297742,0.1475900782854397,0.07379503914271986,-0.0847821415190176,0.25,0.00020016012810247785,0.5
repeat_2_fold_3,MAPK14,0.24653596373866904,0.7856382612934996,0.3928191306467498,-0.14628316690808074,0.25,-0.002201761409127312,0.5
repeat_2_fold_3,MAPK6,0.0,0.0,0.0,0.0,0.0,0.0,0.0
repeat_2_fold_3,MAT2A,0.0,0.0,0.0,0.0,0.0,0.0,0.0
repeat_2_fold_3,MBD4,0.0,0.0,0.0,0.0,0.0,0.0,0.0
repeat_2_fold_3,MCCC1,0.0,0.0,0.0,0.0,0.0,0.0,0.0
repeat_2_fold_3,MCL1,0.0,0.0,0.0,0.0,0.0,0.0,0.0
repeat_2_fold_3,MCOLN1,0.17324860404508158,0.20063476610471923,0.10031738305235961,0.07293122099272197,0.5,-2.7755575615628914e-17,0.5
repeat_2_fold_3,MDH2,0.0,0.0,0.0,0.0,0.0,0.0,0.0
repeat_2_fold_3,MED13,0.0,0.0,0.0,0.0,0.0,0.0,0.0
repeat_2_fold_3,MFAP4,0.0,0.0,0.0,0.0,0.0,0.0,0.0
repeat_2_fold_3,MIOS,0.0,0.0,0.0,0.0,0.0,0.0,0.0
repeat_2_fold_3,MLEC,0.0,0.0,0.0,0.0,0.0,0.0,0.0
repeat_2_fold_3,MLX,0.0,0.0,0.0,0.0,0.0,0.0,0.0
repeat_2_fold_3,MLYCD,0.0,0.0,0.0,0.0,0.0,0.0,0.0
repeat_2_fold_3,MMACHC,0.0,0.0,0.0,0.0,0.0,0.0,0.0
repeat_2_fold_3,MMP13,0.0,0.0,0.0,0.0,0.0,0.0,0.0
repeat_2_fold_3,MMP19,0.040606998742031664,0.04745945336459924,0.02372972668229962,0.016877272059732044,0.5,0.001412323274257249,1.0
repeat_2_fold_3,MMP20,0.0,0.0,0.0,0.0,0.0,0.0,0.0
repeat_2_fold_3,MOGAT2,0.4476185954723171,0.5251569869336541,0.26257849346682705,0.18504010200549004,0.5,-0.002263374485596714,0.5
repeat_2_fold_3,MOGS,0.0,0.0,0.0,0.0,0.0,0.0,0.0
repeat_2_fold_3,MORF4L1,0.0,0.0,0.0,0.0,0.0,0.0008230452674896915,0.5
repeat_2_fold_3,MRC1,0.0,0.0,0.0,0.0,0.0,0.0,0.0
repeat_2_fold_3,MRPL28,0.05310403113713136,0.07343992092775065,0.03671996046387532,0.016384070673256035,0.5,-0.0002001601281025056,0.5
repeat_2_fold_3,MRPL39,-0.0340350861540184,0.0680701723080368,0.0340350861540184,-0.0680701723080368,0.0,-2.7755575615628914e-17,0.5
repeat_2_fold_3,MRPS35,0.0,0.0,0.0,0.0,0.0,0.0,0.0
repeat_2_fold_3,MSH5,0.0,0.0,0.0,0.0,0.0,0.0,0.0
repeat_2_fold_3,MSL1,0.07554448607376862,0.2716265957641967,0.13581329788209834,-0.060268811808329714,0.5,-0.003286579881188939,1.0
repeat_2_fold_3,MSL3,-0.4920939894960732,0.5682211946043094,0.2841105973021547,-0.7762045867982279,0.0,0.0002001601281024501,0.5
repeat_2_fold_3,MSRB1,0.0,0.0,0.0,0.0,0.0,0.0,0.0
repeat_2_fold_3,MT1M,0.0,0.0,0.0,0.0,0.0,0.0,0.0
repeat_2_fold_3,MTERF3,0.016280904063428636,0.03744832646760575,0.018724163233802875,-0.0024432591703742387,0.25,-0.0008006405124099669,0.5
repeat_2_fold_3,MTHFD2,0.0,0.0,0.0,0.0,0.0,-0.0002001601281025056,0.5
repeat_2_fold_3,MTMR2,-0.16781898189438138,0.19378066874370004,0.09689033437185002,-0.2647093162662314,0.0,-0.003909465020576153,0.5
repeat_2_fold_3,MTO1,0.0,0.0,0.0,0.0,0.0,0.0,0.0
repeat_2_fold_3,MUC13,0.093707100311482,0.15197724734500387,0.07598862367250193,0.01771847663898006,0.5,-0.0006004803843074613,0.5
repeat_2_fold_3,MUC16,-0.31488786971855376,0.592416953715173,0.2962084768575865,-0.6110963465761403,0.5,0.0010008006405123893,1.0
repeat_2_fold_3,MX1,0.4836031130249143,0.8978665615687045,0.44893328078435224,0.03466983224056208,0.5,-0.0002001601281025056,0.5
repeat_2_fold_3,MYBBP1A,0.1753989553257167,0.21732824924063565,0.10866412462031783,0.06673483070539887,0.5,-2.7755575615628914e-17,0.5
repeat_2_fold_3,MYBL1,0.0,0.0,0.0,0.0,0.0,0.0,0.0
repeat_2_fold_3,MYH8,0.0,0.0,0.0,0.0,0.0,0.0,0.0
repeat_2_fold_3,MYL7,0.0,0.0,0.0,0.0,0.0,0.0,0.0
repeat_2_fold_3,NAB2,0.0,0.0,0.0,0.0,0.0,0.0,0.0
repeat_2_fold_3,NADK,0.0,0.0,0.0,0.0,0.0,0.0,0.0
repeat_2_fold_3,NAMPT,0.05241811103587324,0.06052722103394621,0.030263610516973107,0.022154500518900132,0.5,0.0006172839506172756,0.5
repeat_2_fold_3,NARS2,0.0,0.0,0.0,0.0,0.0,0.0,0.0
repeat_2_fold_3,NBEAL2,-0.1044551226332473,1.2589743833684353,0.6294871916842176,-0.7339423143174649,0.5,0.006672498492621248,1.0
repeat_2_fold_3,NCALD,0.0,0.0,0.0,0.0,0.0,0.0,0.0
repeat_2_fold_3,NCAM1,0.7242280403881214,0.8466599225587171,0.42332996127935857,0.3008980791087628,0.5,-0.001234567901234579,0.5
repeat_2_fold_3,NCAPH2,0.0,0.0,0.0,0.0,0.0,0.0,0.0
repeat_2_fold_3,NCOA6,0.0,0.0,0.0,0.0,0.0,0.0,0.0
repeat_2_fold_3,NDUFB2,0.0,0.0,0.0,0.0,0.0,0.0,0.0
repeat_2_fold_3,NDUFS3,0.0,0.0,0.0,0.0,0.0,0.0,0.0
repeat_2_fold_3,NDUFS7,0.0,0.0,0.0,0.0,0.0,0.0,0.0
repeat_2_fold_3,NEK2,0.0,0.0,0.0,0.0,0.0,0.0,0.0
repeat_2_fold_3,NFKBIA,0.0,0.0,0.0,0.0,0.0,0.0,0.0
repeat_2_fold_3,NMB,-0.17280336929173146,0.4434235311103798,0.2217117655551899,-0.39451513484692136,0.25,-0.00040032025620498346,0.5
repeat_2_fold_3,NMRK1,0.0,0.0,0.0,0.0,0.0,0.0,0.0
repeat_2_fold_3,NMRK2,0.0,0.0,0.0,0.0,0.0,0.0,0.0
repeat_2_fold_3,NOP10,-0.17102719999044957,0.4451018991428859,0.22255094957144295,-0.3935781495618925,0.25,-0.0018462506630819442,1.0
repeat_2_fold_3,NOTCH2,0.0,0.0,0.0,0.0,0.0,0.0,0.0
repeat_2_fold_3,NOTCH2NLA,0.0,0.0,0.0,0.0,0.0,0.0,0.0
repeat_2_fold_3,NOX1,0.013655396078918969,0.4613139699308804,0.2306569849654402,-0.21700158888652124,0.5,-0.000806241701179905,1.0
repeat_2_fold_3,NPHP4,0.6414704629799441,0.8341166684215721,0.41705833421078603,0.22441212876915811,0.5,0.0006172839506172756,0.5
repeat_2_fold_3,NPR1,0.0668905286743513,0.12507627559701756,0.06253813779850878,0.004352390875842521,0.5,-0.0020576131687242705,0.5
repeat_2_fold_3,NR1D1,-0.0035523386025566595,0.004101887296877573,0.0020509436484387866,-0.005603282250995446,0.0,-0.0008006405124099669,0.5
repeat_2_fold_3,NR4A3,0.0,0.0,0.0,0.0,0.0,0.0,0.0
repeat_2_fold_3,NUDT3,0.09059030369948573,0.10460467245373607,0.052302336226868036,0.038287967472617694,0.5,-0.0002057613168724437,0.5
repeat_2_fold_3,NUP153,-0.03143473167078348,0.06286946334156696,0.03143473167078348,-0.06286946334156696,0.0,0.00020016012810247785,0.5
repeat_2_fold_3,NUP160,0.0,0.0,0.0,0.0,0.0,0.0,0.0
repeat_2_fold_3,OAT,0.0,0.0,0.0,0.0,0.0,0.0,0.0
repeat_2_fold_3,OCRL,0.0,0.0,0.0,0.0,0.0,0.0,0.0
repeat_2_fold_3,OGG1,0.0,0.0,0.0,0.0,0.0,0.0,0.0
repeat_2_fold_3,OGN,0.0,0.0,0.0,0.0,0.0,0.0,0.0
repeat_2_fold_3,OPTN,0.0,0.0,0.0,0.0,0.0,0.0,0.0
repeat_2_fold_3,OR12D3,0.0,0.0,0.0,0.0,0.0,0.0,0.0
repeat_2_fold_3,ORC3,0.5701929573239237,0.78289572261266,0.39144786130633,0.1787450960175937,0.5,0.0008006405124099114,0.5
repeat_2_fold_3,OSBPL8,0.6819398496494458,0.7983924805725289,0.39919624028626444,0.2827436093631813,0.5,0.0030024019215372233,0.5
repeat_2_fold_3,OTUB1,0.0,0.0,0.0,0.0,0.0,0.0,0.0
repeat_2_fold_3,OXA1L,-0.1165706643503075,0.4389954264600108,0.2194977132300054,-0.3360683775803129,0.25,0.0002001601281024501,0.5
repeat_2_fold_3,OXCT1,-0.2442708254467547,0.4885416508935095,0.24427082544675474,-0.4885416508935094,0.0,0.0010008006405123893,0.5
repeat_2_fold_3,OXTR,0.0,0.0,0.0,0.0,0.0,0.0,0.0
repeat_2_fold_3,P2RX4,-0.0340350861540184,0.0680701723080368,0.0340350861540184,-0.0680701723080368,0.0,0.0006172839506172756,0.5
repeat_2_fold_3,P2RY13,0.0,0.0,0.0,0.0,0.0,0.0,0.0
repeat_2_fold_3,P2RY14,0.0,0.0,0.0,0.0,0.0,0.0,0.0
repeat_2_fold_3,PACSIN3,0.0,0.0,0.0,0.0,0.0,0.0,0.0
repeat_2_fold_3,PAK2,0.0,0.0,0.0,0.0,0.0,0.0,0.0
repeat_2_fold_3,PAK5,0.0,0.0,0.0,0.0,0.0,0.0,0.0
repeat_2_fold_3,PAOX,0.0,0.0,0.0,0.0,0.0,0.0,0.0
repeat_2_fold_3,PARD6B,0.0,0.0,0.0,0.0,0.0,0.0,0.0
repeat_2_fold_3,PAX3,0.05241811103587324,0.06052722103394621,0.030263610516973107,0.022154500518900132,0.5,-0.0006172839506173033,0.5
repeat_2_fold_3,PAX7,0.0,0.0,0.0,0.0,0.0,0.0,0.0
repeat_2_fold_3,PCF11,0.0,0.0,0.0,0.0,0.0,0.0,0.0
repeat_2_fold_3,PCNT,0.0,0.0,0.0,0.0,0.0,0.0,0.0
repeat_2_fold_3,PDCD11,0.0,0.0,0.0,0.0,0.0,-0.00041152263374485964,0.5
repeat_2_fold_3,PDE6D,0.0,0.0,0.0,0.0,0.0,0.0,0.0
repeat_2_fold_3,PDE8B,0.0,0.0,0.0,0.0,0.0,0.0,0.0
repeat_2_fold_3,PDK1,0.047233254341470854,0.6921288019061876,0.3460644009530938,-0.29883114661162297,0.75,-0.0012121631461548543,1.0
repeat_2_fold_3,PDPK1,0.07471655931043841,0.08627525126160851,0.043137625630804255,0.03157893367963416,0.5,0.0012345679012345512,0.5
repeat_2_fold_3,PELI2,0.0,0.0,0.0,0.0,0.0,0.0,0.0
repeat_2_fold_3,PER2,0.0,0.0,0.0,0.0,0.0,0.0,0.0
repeat_2_fold_3,PER3,0.0602441416719568,0.1204882833439136,0.0602441416719568,0.0,0.25,-0.00041152263374485964,0.5
repeat_2_fold_3,PEX5,0.0,0.0,0.0,0.0,0.0,0.0,0.0
repeat_2_fold_3,PFKFB4,0.0,0.0,0.0,0.0,0.0,0.0,0.0
repeat_2_fold_3,PFKP,0.0,0.0,0.0,0.0,0.0,0.0,0.0
repeat_2_fold_3,PGF,-0.050516332904186,0.101032665808372,0.050516332904186,-0.101032665808372,0.0,0.0,0.5
repeat_2_fold_3,PGLS,0.0,0.0,0.0,0.0,0.0,0.0,0.0
repeat_2_fold_3,PGRMC2,0.0,0.0,0.0,0.0,0.0,0.0,0.0
repeat_2_fold_3,PGS1,0.1566591333942693,0.3133182667885386,0.1566591333942693,0.0,0.25,0.0010288065843621352,0.5
repeat_2_fold_3,PHKG2,0.09192740416852452,0.10661788008475853,0.053308940042379266,0.03861846412614525,0.5,-2.7755575615628914e-17,0.5
repeat_2_fold_3,PIGV,0.0,0.0,0.0,0.0,0.0,0.0,0.0
repeat_2_fold_3,PIK3R5,0.06278342790157865,0.24853127350158016,0.12426563675079008,-0.061482208849211434,0.5,-0.0002001601281025056,1.0
repeat_2_fold_3,PIP5K1B,0.0,0.0,0.0,0.0,0.0,0.0,0.0
repeat_2_fold_3,PITRM1,-0.06286946334156696,0.07259540316812198,0.03629770158406099,-0.09916716492562794,0.0,0.0014011208967173727,0.5
repeat_2_fold_3,PIWIL1,0.0,0.0,0.0,0.0,0.0,0.0,0.0
repeat_2_fold_3,PKM,0.0,0.0,0.0,0.0,0.0,-0.0016460905349794386,0.5
repeat_2_fold_3,PKP3,0.1347174821693038,0.1572842022177759,0.07864210110888795,0.056075381060415846,0.5,0.0010288065843621352,0.5
repeat_2_fold_3,PLA2G10,0.5505062214865557,0.7949035757842954,0.3974517878921477,0.153054433594408,0.5,0.0010008006405123893,0.5
repeat_2_fold_3,PLA2G2A,0.0,0.0,0.0,0.0,0.0,-0.0014403292181069949,0.5
repeat_2_fold_3,PLA2G6,0.0,0.0,0.0,0.0,0.0,-0.0008230452674897193,0.5
repeat_2_fold_3,PLAUR,-0.31430793597719386,0.7017821275761806,0.3508910637880903,-0.6651989997652842,0.25,-0.0014179244630272425,1.0
repeat_2_fold_3,PLBD1,0.0,0.0,0.0,0.0,0.0,0.0,0.0
repeat_2_fold_3,PLEKHA2,-0.11906360433833818,0.45488112675591275,0.22744056337795637,-0.34650416771629455,0.25,0.0,0.5
repeat_2_fold_3,PLOD1,0.0,0.0,0.0,0.0,0.0,0.0,0.0
repeat_2_fold_3,PLOD3,0.0,0.0,0.0,0.0,0.0,0.0,0.0
repeat_2_fold_3,PMPCA,0.3825337079812847,0.6450399186033433,0.32251995930167165,0.060013748679613066,0.5,0.00020016012810247785,0.5
repeat_2_fold_3,PNLIP,0.0,0.0,0.0,0.0,0.0,0.0,0.0
repeat_2_fold_3,POLR2G,0.0,0.0,0.0,0.0,0.0,0.0,0.0
repeat_2_fold_3,POLR3G,0.22239304458542009,0.3119288361799515,0.15596441808997574,0.06642862649544434,0.5,-0.002001601281024834,0.5
repeat_2_fold_3,POLR3K,0.031065953024352666,0.06213190604870534,0.03106595302435267,-3.469446951953614e-18,0.25,-0.0002057613168724437,0.5
repeat_2_fold_3,POMT1,0.0,0.0,0.0,0.0,0.0,0.0,0.0
repeat_2_fold_3,PORCN,0.0,0.0,0.0,0.0,0.0,0.0,0.0
repeat_2_fold_3,POU3F1,0.0,0.0,0.0,0.0,0.0,0.0,0.0
repeat_2_fold_3,POU4F1,0.0,0.0,0.0,0.0,0.0,0.0,0.0
repeat_2_fold_3,PPA2,0.09878485075189936,0.18881186312416096,0.09440593156208048,0.004378919189818878,0.5,0.0014403292181069949,0.5
repeat_2_fold_3,PPARD,-0.03415281092077116,0.19710178727899272,0.09855089363949636,-0.13270370456026753,0.25,-0.0006340875169271454,1.0
repeat_2_fold_3,PPFIBP2,0.0,0.0,0.0,0.0,0.0,0.0,0.0
repeat_2_fold_3,PPIA,0.0,0.0,0.0,0.0,0.0,0.0,0.0
repeat_2_fold_3,PPP1R12B,0.0,0.0,0.0,0.0,0.0,0.0,0.0
repeat_2_fold_3,PPP1R13B,0.037358279655219206,0.07471655931043841,0.037358279655219206,0.0,0.25,0.00020576131687241594,0.5
repeat_2_fold_3,PPP1R3C,-0.21362731869281681,0.264260489273433,0.1321302446367165,-0.34575756332953334,0.0,-0.0006004803843074613,0.5
repeat_2_fold_3,PPP2CB,0.0602441416719568,0.1204882833439136,0.0602441416719568,0.0,0.25,-0.00041152263374485964,0.5
repeat_2_fold_3,PQBP1,0.0,0.0,0.0,0.0,0.0,0.0,0.0
repeat_2_fold_3,PRC1,0.0,0.0,0.0,0.0,0.0,0.0,0.0
repeat_2_fold_3,PRCC,0.0,0.0,0.0,0.0,0.0,0.0,0.0
repeat_2_fold_3,PRIM2,0.0,0.0,0.0,0.0,0.0,0.0,0.0
repeat_2_fold_3,PRKAR1A,0.0,0.0,0.0,0.0,0.0,0.0,0.0
repeat_2_fold_3,PRKAR2A,0.0,0.0,0.0,0.0,0.0,0.0,0.0
repeat_2_fold_3,PRKCE,0.0,0.0,0.0,0.0,0.0,-0.0002057613168724437,0.5
repeat_2_fold_3,PRKRIP1,0.0,0.0,0.0,0.0,0.0,0.0,0.0
repeat_2_fold_3,PRODH2,0.0,0.0,0.0,0.0,0.0,0.0,0.0
repeat_2_fold_3,PRX,0.0,0.0,0.0,0.0,0.0,0.0,0.0
repeat_2_fold_3,PSEN1,0.0,0.0,0.0,0.0,0.0,0.0,0.0
repeat_2_fold_3,PSMB1,-0.3830394301682727,0.44236833131122283,0.22118416565561141,-0.6042235958238841,0.0,0.0008006405124099114,0.5
repeat_2_fold_3,PSMD12,0.0,0.0,0.0,0.0,0.0,0.0,0.0
repeat_2_fold_3,PSME3,0.0,0.0,0.0,0.0,0.0,0.0,0.0
repeat_2_fold_3,PSPN,-0.19052777968747492,0.38105555937494984,0.19052777968747492,-0.38105555937494984,0.0,-0.0004003202562050112,0.5
repeat_2_fold_3,PTAFR,0.0,0.0,0.0,0.0,0.0,0.0,0.0
repeat_2_fold_3,PTDSS2,0.0,0.0,0.0,0.0,0.0,0.0,0.0
repeat_2_fold_3,PTGIS,0.0,0.0,0.0,0.0,0.0,0.0,0.0
repeat_2_fold_3,PTK2,-0.03770908231494907,0.11256753286252875,0.05628376643126438,-0.09399284874621344,0.25,0.002674897119341574,0.5
repeat_2_fold_3,PTPN18,0.0,0.0,0.0,0.0,0.0,0.0,0.0
repeat_2_fold_3,RAB11FIP3,0.12052780604979318,0.14016214160123908,0.07008107080061954,0.050446735249173646,0.5,-0.003486740009291417,1.0
repeat_2_fold_3,RAB30,0.9498292768573595,1.0998812733169503,0.5499406366584751,0.39988864019888437,0.5,-0.0018518518518518545,0.5
repeat_2_fold_3,RAB31,0.0,0.0,0.0,0.0,0.0,0.0,0.0
repeat_2_fold_3,RAB38,-0.16781898189438138,0.19378066874370004,0.09689033437185002,-0.2647093162662314,0.0,0.002674897119341574,0.5
repeat_2_fold_3,RAB40C,0.0,0.0,0.0,0.0,0.0,0.0,0.0
repeat_2_fold_3,RAB4A,0.0,0.0,0.0,0.0,0.0,0.0,0.0
repeat_2_fold_3,RAB5A,0.0,0.0,0.0,0.0,0.0,0.0,0.0
repeat_2_fold_3,RAB6A,0.0,0.0,0.0,0.0,0.0,0.0,0.0
repeat_2_fold_3,RAB7A,0.0,0.0,0.0,0.0,0.0,0.0,0.0
repeat_2_fold_3,RABGGTA,0.03414961907557412,0.14966758073895411,0.07483379036947706,-0.040684171293902935,0.25,-0.0010008006405124448,0.5
repeat_2_fold_3,RAD21,0.0416348076280304,0.0832696152560608,0.0416348076280304,0.0,0.25,0.0006172839506172756,0.5
repeat_2_fold_3,RALBP1,0.0,0.0,0.0,0.0,0.0,0.0,0.0
repeat_2_fold_3,RANBP1,-0.046551211291971484,0.20519506052049497,0.10259753026024748,-0.14914874155221897,0.25,-0.001028806584362163,0.5
repeat_2_fold_3,RANBP9,0.0,0.0,0.0,0.0,0.0,0.0,0.0
repeat_2_fold_3,RAP1B,0.0,0.0,0.0,0.0,0.0,0.0,0.0
repeat_2_fold_3,RAP1GAP2,0.35242077999758337,0.44758196580620035,0.22379098290310018,0.1286297970944832,0.5,-0.002001601281024834,0.5
repeat_2_fold_3,RARS2,0.0,0.0,0.0,0.0,0.0,0.0,0.0
repeat_2_fold_3,RASGRF1,0.0,0.0,0.0,0.0,0.0,0.0,0.0
repeat_2_fold_3,RBM14,0.0,0.0,0.0,0.0,0.0,0.0,0.0
repeat_2_fold_3,RBM4,0.0,0.0,0.0,0.0,0.0,0.0,0.0
repeat_2_fold_3,RBP1,0.0,0.0,0.0,0.0,0.0,0.0,0.0
repeat_2_fold_3,REL,0.0,0.0,0.0,0.0,0.0,0.0,0.0
repeat_2_fold_3,RGL2,0.0,0.0,0.0,0.0,0.0,0.0,0.0
repeat_2_fold_3,RGR,0.25358861660453513,0.29487479115844617,0.14743739557922309,0.10615122102531205,0.5,0.0016012810248198506,0.5
repeat_2_fold_3,RGS10,0.0,0.0,0.0,0.0,0.0,0.0,0.0
repeat_2_fold_3,RGS20,0.0,0.0,0.0,0.0,0.0,0.0,0.0
repeat_2_fold_3,RHD,0.0,0.0,0.0,0.0,0.0,0.0,0.0
repeat_2_fold_3,RHOH,0.0,0.0,0.0,0.0,0.0,0.0,0.0
repeat_2_fold_3,RIDA,0.0,0.0,0.0,0.0,0.0,0.0,0.0
repeat_2_fold_3,RIGI,0.0,0.0,0.0,0.0,0.0,0.0,0.0
repeat_2_fold_3,RIMS1,0.24812702831263067,0.29160006873801025,0.14580003436900513,0.10232699394362554,0.5,0.0012009607686148671,0.5
repeat_2_fold_3,RNASEH1,0.0,0.0,0.0,0.0,0.0,0.0,0.0
repeat_2_fold_3,RNF125,0.0,0.0,0.0,0.0,0.0,0.0,0.0
repeat_2_fold_3,RNF216,0.0,0.0,0.0,0.0,0.0,0.0,0.0
repeat_2_fold_3,RNF4,0.0,0.0,0.0,0.0,0.0,0.0,0.0
repeat_2_fold_3,RNF41,0.2523342427292654,0.2913704859310035,0.14568524296550175,0.10664899976376366,0.5,-0.0008006405124099669,0.5
repeat_2_fold_3,ROBO1,0.0,0.0,0.0,0.0,0.0,0.0,0.0
repeat_2_fold_3,RPL13A,0.0,0.0,0.0,0.0,0.0,0.0,0.0
repeat_2_fold_3,RPL29,-0.15089205234264824,0.3917603325863064,0.1958801662931532,-0.34677221863580143,0.5,0.0024803381800089785,1.0
repeat_2_fold_3,RPL36AL,-0.22148829954092086,0.4545223724979744,0.2272611862489872,-0.44874948578990803,0.25,-2.7755575615628914e-17,0.5
repeat_2_fold_3,RPL9,0.0,0.0,0.0,0.0,0.0,0.0,0.0
repeat_2_fold_3,RPLP2,0.0,0.0,0.0,0.0,0.0,0.0,0.0
repeat_2_fold_3,RPP25,0.0,0.0,0.0,0.0,0.0,0.0,0.0
repeat_2_fold_3,RPS14,0.0,0.0,0.0,0.0,0.0,-0.0018014411529223562,0.5
repeat_2_fold_3,RPS2,-0.10280883510965566,0.11874884494246958,0.05937442247123479,-0.16218325758089044,0.0,-2.7755575615628914e-17,0.5
repeat_2_fold_3,RPS27A,0.07471655931043841,0.08627525126160851,0.043137625630804255,0.03157893367963416,0.5,0.00041152263374485964,0.5
repeat_2_fold_3,RPS6KA5,0.0,0.0,0.0,0.0,0.0,0.0,0.0
repeat_2_fold_3,RPS7,-0.05063820874405067,0.10127641748810134,0.05063820874405067,-0.10127641748810134,0.0,0.0020576131687242705,0.5
repeat_2_fold_3,RRAGC,0.0,0.0,0.0,0.0,0.0,0.0,0.0
repeat_2_fold_3,RRAS,0.0,0.0,0.0,0.0,0.0,0.0,0.0
repeat_2_fold_3,RSU1,0.0,0.0,0.0,0.0,0.0,0.0,0.0
repeat_2_fold_3,RXRA,0.0,0.0,0.0,0.0,0.0,0.0,0.0
repeat_2_fold_3,RYR1,0.5004559724935742,0.6875242461537926,0.3437621230768963,0.1566938494166779,0.5,0.0006004803843074336,0.5
repeat_2_fold_3,S100A8,0.0,0.0,0.0,0.0,0.0,0.0,0.0
repeat_2_fold_3,S100A9,-0.16781898189438138,0.19378066874370004,0.09689033437185002,-0.2647093162662314,0.0,-0.001234567901234579,0.5
repeat_2_fold_3,SAMM50,0.0,0.0,0.0,0.0,0.0,0.0,0.0
repeat_2_fold_3,SAP30,0.0,0.0,0.0,0.0,0.0,0.0,0.0
repeat_2_fold_3,SCFD1,0.0,0.0,0.0,0.0,0.0,0.0,0.0
repeat_2_fold_3,SCN9A,0.0,0.0,0.0,0.0,0.0,0.0,0.0
repeat_2_fold_3,SCUBE2,0.10442859794298087,0.1630649863497195,0.08153249317485975,0.022896104768121123,0.5,0.006316987746575825,1.0
repeat_2_fold_3,SDHA,0.31210996523236645,0.3727585913075558,0.1863792956537779,0.12573066957858856,0.5,0.0004003202562049557,0.5
repeat_2_fold_3,SEC11A,0.0,0.0,0.0,0.0,0.0,0.0,0.0
repeat_2_fold_3,SEC23A,0.0,0.0,0.0,0.0,0.0,0.0,0.0
repeat_2_fold_3,SEC61A2,0.0,0.0,0.0,0.0,0.0,0.0,0.0
repeat_2_fold_3,SEL1L,0.0,0.0,0.0,0.0,0.0,0.0,0.0
repeat_2_fold_3,SELENOP,0.0,0.0,0.0,0.0,0.0,0.0,0.0
repeat_2_fold_3,SENP5,0.018178627187122487,0.026772620564454043,0.013386310282227021,0.0047923169048954654,0.5,-0.0012009607686149226,0.5
repeat_2_fold_3,SEPTIN2,-0.0340350861540184,0.0680701723080368,0.0340350861540184,-0.0680701723080368,0.0,0.003909465020576125,0.5
repeat_2_fold_3,SERINC1,0.0,0.0,0.0,0.0,0.0,0.0,0.0
repeat_2_fold_3,SERPINA3,0.06535209305804912,0.13070418611609824,0.06535209305804912,0.0,0.25,0.0004003202562049557,0.5
repeat_2_fold_3,SERPINA5,0.3024821230740926,0.3624476687125035,0.18122383435625175,0.12125828871784086,0.5,0.0012345679012345512,0.5
repeat_2_fold_3,SETD1B,0.0,0.0,0.0,0.0,0.0,0.0,0.0
repeat_2_fold_3,SF3A2,-0.4885416508935094,0.5641193073074238,0.2820596536537119,-0.7706013045472213,0.0,-0.0010008006405124448,0.5
repeat_2_fold_3,SF3B5,0.0,0.0,0.0,0.0,0.0,0.0,0.0
repeat_2_fold_3,SFPQ,0.0,0.0,0.0,0.0,0.0,0.0,0.5
repeat_2_fold_3,SGPP1,0.0,0.0,0.0,0.0,0.0,0.0,0.0
repeat_2_fold_3,SH3BP4,0.0,0.0,0.0,0.0,0.0,0.0,0.0
repeat_2_fold_3,SH3PXD2A,0.0,0.0,0.0,0.0,0.0,0.0,0.0
repeat_2_fold_3,SHC1,0.0,0.0,0.0,0.0,0.0,0.0,0.0
repeat_2_fold_3,SHC3,0.0,0.0,0.0,0.0,0.0,0.0,0.0
repeat_2_fold_3,SIGLEC8,-0.06286946334156696,0.07259540316812198,0.03629770158406099,-0.09916716492562794,0.0,0.00020016012810247785,0.5
repeat_2_fold_3,SIX1,0.0,0.0,0.0,0.0,0.0,0.0,0.0
repeat_2_fold_3,SLAMF7,0.3869963776706822,0.5479262403203812,0.2739631201601906,0.11303325751049159,0.5,0.0018518518518518545,0.5
repeat_2_fold_3,SLC11A2,0.0,0.0,0.0,0.0,0.0,0.0,0.0
repeat_2_fold_3,SLC1A4,1.4153087281666785,1.720268495901676,0.860134247950838,0.5551744802158405,0.5,-0.005144032921810732,0.5
repeat_2_fold_3,SLC22A1,0.0,0.0,0.0,0.0,0.0,0.0,0.0
repeat_2_fold_3,SLC22A4,0.0,0.0,0.0,0.0,0.0,0.0,0.0
repeat_2_fold_3,SLC22A6,0.0,0.0,0.0,0.0,0.0,0.0,0.0
repeat_2_fold_3,SLC25A10,0.0,0.0,0.0,0.0,0.0,0.0,0.0
repeat_2_fold_3,SLC2A9,0.0,0.0,0.0,0.0,0.0,0.0,0.0
repeat_2_fold_3,SLC35A2,0.0,0.0,0.0,0.0,0.0,0.0,0.0
repeat_2_fold_3,SLC39A1,0.0,0.0,0.0,0.0,0.0,0.0,0.0
repeat_2_fold_3,SLC47A1,0.0,0.0,0.0,0.0,0.0,0.0,0.0
repeat_2_fold_3,SLC7A11,0.0,0.0,0.0,0.0,0.0,0.0,0.0
repeat_2_fold_3,SLC9A6,0.0,0.0,0.0,0.0,0.0,0.0,0.0
repeat_2_fold_3,SLCO4C1,0.0,0.0,0.0,0.0,0.0,0.0,0.0
repeat_2_fold_3,SLK,0.6284316895974253,0.9475243466791029,0.47376217333955145,0.1546695162578739,0.5,-0.002263374485596714,0.5
repeat_2_fold_3,SMARCC1,0.0,0.0,0.0,0.0,0.0,0.0,0.0
repeat_2_fold_3,SMPD4,0.0,0.0,0.0,0.0,0.0,0.0,0.0
repeat_2_fold_3,SMYD2,0.17645089686292614,0.22625540793628704,0.11312770396814352,0.06332319289478262,0.5,-0.0014403292181069949,0.5
repeat_2_fold_3,SNRNP27,0.0,0.0,0.0,0.0,0.0,0.0,0.0
repeat_2_fold_3,SPAST,0.0,0.0,0.0,0.0,0.0,0.0,0.0
repeat_2_fold_3,SPDL1,0.4943897849936558,1.075773749684702,0.537886874842351,-0.04349708984869516,0.75,0.0020520119799543046,1.0
repeat_2_fold_3,SPINK5,-0.08569994316194496,0.5316720233535386,0.2658360116767693,-0.35153595483871425,0.5,0.003864655510416537,1.0
repeat_2_fold_3,SPINT2,0.0,0.0,0.0,0.0,0.0,-0.001234567901234579,0.5
repeat_2_fold_3,SPON1,0.0,0.0,0.0,0.0,0.0,0.0,0.0
repeat_2_fold_3,SPRY2,0.0,0.0,0.0,0.0,0.0,0.0,0.0
repeat_2_fold_3,SRD5A2,0.0,0.0,0.0,0.0,0.0,0.0,0.0
repeat_2_fold_3,SRPK1,0.0,0.0,0.0,0.0,0.0,0.0,0.0
repeat_2_fold_3,SSRP1,0.0,0.0,0.0,0.0,0.0,0.0,0.0
repeat_2_fold_3,STAT3,-0.002969133129669288,0.005938266259338576,0.002969133129669288,-0.005938266259338576,0.0,-0.0014403292181070226,0.5
repeat_2_fold_3,STAT6,0.27449855543408397,0.35747551299069485,0.17873775649534743,0.09576079893873654,0.5,-0.0006004803843074891,0.5
repeat_2_fold_3,STC2,-0.34577596910619945,0.4256644000622052,0.2128322000311026,-0.558608169137302,0.0,0.0006004803843074336,0.5
repeat_2_fold_3,STOML2,0.0,0.0,0.0,0.0,0.0,0.0,0.0
repeat_2_fold_3,STRADA,0.3845018069963171,0.3909828181942638,0.1954914090971319,0.1890103978991852,0.75,-0.006734111569090678,1.0
repeat_2_fold_3,STXBP3,0.0,0.0,0.0,0.0,0.0,0.0,0.0
repeat_2_fold_3,SUPT20H,0.0,0.0,0.0,0.0,0.0,0.0,0.0
repeat_2_fold_3,SUPT4H1,0.6608986855022305,0.6400143225948137,0.32000716129740686,0.34089152420482366,1.0,-0.0010288065843621907,1.0
repeat_2_fold_3,SUPT5H,0.0,0.0,0.0,0.0,0.0,0.0,0.0
repeat_2_fold_3,SYF2,0.0,0.0,0.0,0.0,0.0,0.0,0.0
repeat_2_fold_3,SYK,0.0,0.0,0.0,0.0,0.0,0.0,0.0
repeat_2_fold_3,SYNE1,0.0,0.0,0.0,0.0,0.0,0.0,0.0
repeat_2_fold_3,SYT1,0.8964597117959521,1.0075146664425556,0.5037573332212778,0.39270237857467427,0.75,0.005755715683658014,1.0
repeat_2_fold_3,SYTL2,0.061354991854809526,0.22035805133941852,0.11017902566970926,-0.048824033814899734,0.25,0.001401120896717345,0.5
repeat_2_fold_3,TADA2A,0.0,0.0,0.0,0.0,0.0,0.0,0.0
repeat_2_fold_3,TAF1C,0.3933136223719309,0.20253968434487138,0.10126984217243569,0.29204378019949523,1.0,0.0016292869686695688,1.0
repeat_2_fold_3,TAF9,0.0,0.0,0.0,0.0,0.0,0.0,0.0
repeat_2_fold_3,TAS2R16,0.0,0.0,0.0,0.0,0.0,0.0,0.0
repeat_2_fold_3,TAX1BP1,0.0,0.0,0.0,0.0,0.0,0.0,0.0
repeat_2_fold_3,TBX1,0.0,0.0,0.0,0.0,0.0,0.0,0.0
repeat_2_fold_3,TEK,-0.0017761693012783297,0.003552338602556659,0.0017761693012783295,-0.0035523386025566595,0.0,0.0004003202562049557,0.5
repeat_2_fold_3,TFB2M,0.0,0.0,0.0,0.0,0.0,0.0,0.0
repeat_2_fold_3,TFF1,0.04195455147136329,0.07354920787705552,0.03677460393852776,0.00517994753283553,0.5,-0.0018014411529223562,0.5
repeat_2_fold_3,TFG,0.0,0.0,0.0,0.0,0.0,0.0,0.0
repeat_2_fold_3,TGIF2,-0.03700421928368769,0.0663274615768097,0.03316373078840485,-0.07016795007209253,0.0,-0.0006172839506173033,0.5
repeat_2_fold_3,TGOLN2,0.0,0.0,0.0,0.0,0.0,0.0,0.0
repeat_2_fold_3,TGS1,0.0,0.0,0.0,0.0,0.0,0.0,0.0
repeat_2_fold_3,THOP1,-0.0810359978805586,0.20165851320469286,0.10082925660234643,-0.18186525448290503,0.25,0.0010008006405123893,0.5
repeat_2_fold_3,THRA,0.01948903849803507,0.0731815179533367,0.03659075897666835,-0.01710172047863328,0.25,0.0020576131687242705,0.5
repeat_2_fold_3,TIPIN,0.0,0.0,0.0,0.0,0.0,-0.0008230452674897193,0.5
repeat_2_fold_3,TKT,0.0,0.0,0.0,0.0,0.0,0.0,0.0
repeat_2_fold_3,TLE4,0.0,0.0,0.0,0.0,0.0,0.0,0.0
repeat_2_fold_3,TLR7,0.0,0.0,0.0,0.0,0.0,0.0,0.0
repeat_2_fold_3,TMEM258,-0.5389577629505613,0.6421544603467123,0.32107723017335615,-0.8600349931239175,0.0,-0.0014011208967174005,0.5
repeat_2_fold_3,TNFRSF1A,0.0,0.0,0.0,0.0,0.0,0.0,0.0
repeat_2_fold_3,TNFRSF8,0.0,0.0,0.0,0.0,0.0,0.0,0.0
repeat_2_fold_3,TNNC2,0.03322697149723908,0.23332525572693688,0.11666262786346844,-0.08343565636622936,0.5,-0.0008342476450296232,1.0
repeat_2_fold_3,TP53I3,0.0,0.0,0.0,0.0,0.0,0.0,0.0
repeat_2_fold_3,TPO,0.0,0.0,0.0,0.0,0.0,0.0,0.0
repeat_2_fold_3,TRAP1,0.0,0.0,0.0,0.0,0.0,0.0,0.0
repeat_2_fold_3,TRAPPC11,0.0,0.0,0.0,0.0,0.0,0.0,0.0
repeat_2_fold_3,TRAPPC2L,0.0,0.0,0.0,0.0,0.0,0.0,0.0
repeat_2_fold_3,TRIM29,0.0,0.0,0.0,0.0,0.0,0.0,0.0
repeat_2_fold_3,TRIM34,0.6249498272535412,0.7990197321179051,0.39950986605895256,0.22543996119458865,0.5,0.0006004803843074336,0.5
repeat_2_fold_3,TRIT1,0.0,0.0,0.0,0.0,0.0,0.0,0.0
repeat_2_fold_3,TRMT112,0.0,0.0,0.0,0.0,0.0,0.0,0.0
repeat_2_fold_3,TTC19,-0.0340350861540184,0.0680701723080368,0.0340350861540184,-0.0680701723080368,0.0,0.0010288065843621352,0.5
repeat_2_fold_3,TUBA4B,0.0,0.0,0.0,0.0,0.0,0.0,0.0
repeat_2_fold_3,TUBB2A,0.0,0.0,0.0,0.0,0.0,0.0,0.0
repeat_2_fold_3,TUFM,0.0,0.0,0.0,0.0,0.0,0.0,0.0
repeat_2_fold_3,TUSC3,0.0,0.0,0.0,0.0,0.0,0.0,0.0
repeat_2_fold_3,TWNK,0.0,0.0,0.0,0.0,0.0,0.0,0.0
repeat_2_fold_3,TXNRD1,0.0,0.0,0.0,0.0,0.0,0.00020016012810247785,0.5
repeat_2_fold_3,TYMS,0.07471655931043841,0.08627525126160851,0.043137625630804255,0.03157893367963416,0.5,-0.0014403292181069949,0.5
repeat_2_fold_3,TYRP1,0.0,0.0,0.0,0.0,0.0,0.0,0.0
repeat_2_fold_3,UBE2V1,0.0,0.0,0.0,0.0,0.0,0.0,0.0
repeat_2_fold_3,UBE3C,0.0,0.0,0.0,0.0,0.0,0.0,0.0
repeat_2_fold_3,UBN1,0.0,0.0,0.0,0.0,0.0,0.0,1.0
repeat_2_fold_3,UCHL5,0.0,0.0,0.0,0.0,0.0,0.0006172839506172756,0.5
repeat_2_fold_3,UCKL1,0.0,0.0,0.0,0.0,0.0,0.0,0.0
repeat_2_fold_3,UGDH,-0.0035523386025566595,0.004101887296877573,0.0020509436484387866,-0.005603282250995446,0.0,-2.7755575615628914e-17,0.5
repeat_2_fold_3,UGT1A10,-0.0340350861540184,0.0680701723080368,0.0340350861540184,-0.0680701723080368,0.0,-0.0014403292181069949,0.5
repeat_2_fold_3,UNC13B,0.0,0.0,0.0,0.0,0.0,0.0,0.0
repeat_2_fold_3,UNC5C,0.0,0.0,0.0,0.0,0.0,0.0,0.0
repeat_2_fold_3,UPF3B,0.0,0.0,0.0,0.0,0.0,0.0,0.0
repeat_2_fold_3,UQCR10,0.0,0.0,0.0,0.0,0.0,0.0,0.0
repeat_2_fold_3,UQCRQ,0.0,0.0,0.0,0.0,0.0,0.0,0.0
repeat_2_fold_3,USE1,0.0,0.0,0.0,0.0,0.0,0.0,0.0
repeat_2_fold_3,USP10,0.0,0.0,0.0,0.0,0.0,0.0,0.0
repeat_2_fold_3,USP4,0.010826394924491112,0.6021553439965127,0.30107767199825636,-0.29025127707376525,0.25,-2.7755575615628914e-17,0.5
repeat_2_fold_3,UTY,0.0,0.0,0.0,0.0,0.0,0.0,0.0
repeat_2_fold_3,VAMP1,0.0,0.0,0.0,0.0,0.0,0.0,0.0
repeat_2_fold_3,VDAC1,-0.16781898189438138,0.19378066874370004,0.09689033437185002,-0.2647093162662314,0.0,-0.0010288065843621352,0.5
repeat_2_fold_3,VENTX,0.10926417250811227,0.3370438140547076,0.1685219070273538,-0.059257734519241545,0.5,0.0008118428899497876,1.0
repeat_2_fold_3,VPS33A,0.0,0.0,0.0,0.0,0.0,0.0,0.0
repeat_2_fold_3,VPS37B,0.0,0.0,0.0,0.0,0.0,0.0,0.0
repeat_2_fold_3,WASF3,-0.4883622662389122,0.8649031324215738,0.4324515662107869,-0.920813832449699,0.0,0.0008006405124099114,0.5
repeat_2_fold_3,WDR33,0.0,0.0,0.0,0.0,0.0,0.0,0.0
repeat_2_fold_3,WDR43,0.0,0.0,0.0,0.0,0.0,0.0,0.0
repeat_2_fold_3,WDR82,0.0,0.0,0.0,0.0,0.0,0.0,0.0
repeat_2_fold_3,WHRN,0.060625019785955914,0.16045553936310725,0.08022776968155362,-0.01960274989559771,0.25,-0.0008006405124099669,0.5
repeat_2_fold_3,WNT6,0.0,0.0,0.0,0.0,0.0,0.0,0.0
repeat_2_fold_3,WWOX,0.0,0.0,0.0,0.0,0.0,0.0,0.0
repeat_2_fold_3,XRCC4,0.0,0.0,0.0,0.0,0.0,0.0,0.0
repeat_2_fold_3,YME1L1,0.07481678548935378,0.1280920100123059,0.06404600500615296,0.01077078048320082,0.5,0.0016628941012892529,1.0
repeat_2_fold_3,YTHDC2,0.0,0.0,0.0,0.0,0.0,0.0,0.0
repeat_2_fold_3,ZC3H15,0.0,0.0,0.0,0.0,0.0,0.0,0.0
repeat_2_fold_3,ZFHX3,-0.7248727607435335,0.8390010909806056,0.4195005454903028,-1.1443733062338364,0.0,-2.240475507980788e-05,1.0
repeat_2_fold_3,ZFPM2,-0.050516332904186,0.101032665808372,0.050516332904186,-0.101032665808372,0.0,-0.0012009607686149226,0.5
repeat_2_fold_3,ZKSCAN8,0.0,0.0,0.0,0.0,0.0,0.0,0.0
repeat_2_fold_3,ZNF10,0.014229198825391975,0.02845839765078395,0.014229198825391975,0.0,0.25,0.0008230452674897193,0.5
repeat_2_fold_3,ZNF180,0.05799064666991782,0.1728790729538993,0.08643953647694964,-0.02844888980703182,0.25,0.0014403292181069949,0.5
repeat_2_fold_3,ZNF197,0.0,0.0,0.0,0.0,0.0,0.0,0.0
repeat_2_fold_3,ZNF208,0.4238113189229562,0.7050709925597425,0.35253549627987124,0.07127582264308496,0.5,-0.0022017614091273396,0.5
repeat_2_fold_3,ZNF248,0.0602441416719568,0.1204882833439136,0.0602441416719568,0.0,0.25,0.0022633744855966864,0.5
repeat_2_fold_3,ZNF473,0.0,0.0,0.0,0.0,0.0,0.0,0.0
repeat_2_fold_3,ZNF551,0.0,0.0,0.0,0.0,0.0,0.0,0.0
repeat_2_fold_3,ZNF557,0.43876050668636424,0.8369432825362708,0.4184716412681354,0.02028886541822883,0.5,0.0014291268405670632,1.0
repeat_2_fold_3,ZNF764,0.6149431387412001,0.713970516229529,0.3569852581147645,0.2579578806264356,0.5,0.002880658436213962,0.5
repeat_2_fold_3,ZNF770,-0.0680701723080368,0.07860066461165852,0.03930033230582926,-0.10737050461386606,0.0,0.0010288065843621352,0.5
repeat_2_fold_4,A1CF,0.0,0.0,0.0,0.0,0.0,0.0,0.0
repeat_2_fold_4,A2M,-0.02361345937128334,0.04722691874256668,0.02361345937128334,-0.04722691874256668,0.0,0.0008448657452966857,1.0
repeat_2_fold_4,A4GALT,0.0,0.0,0.0,0.0,0.0,-0.000613747954173488,0.5
repeat_2_fold_4,A4GNT,0.04371625713366534,0.08743251426733066,0.04371625713366533,6.938893903907228e-18,0.25,0.0,0.5
repeat_2_fold_4,AAAS,0.0,0.0,0.0,0.0,0.0,0.0,0.0
repeat_2_fold_4,AACS,0.02107550798611868,0.05039741531449143,0.025198707657245713,-0.004123199671127033,0.25,-0.0017837510597676076,1.0
repeat_2_fold_4,AADAC,0.5296971469947493,1.0593942939894987,0.5296971469947493,0.0,0.25,-0.0028022417934347454,0.5
repeat_2_fold_4,AAK1,0.10520611670264834,0.1651749447766993,0.08258747238834965,0.02261864431429869,0.5,-0.0024019215372297897,0.5
repeat_2_fold_4,AAMP,0.13706746364355737,0.1582718740634942,0.0791359370317471,0.05793152661181028,0.5,-0.001000800640512417,0.5
repeat_2_fold_4,AANAT,-0.010452213551245038,0.3674820879075915,0.18374104395379576,-0.1941932575050408,0.5,-0.0016189711179745714,1.0
repeat_2_fold_4,AARS1,0.0,0.0,0.0,0.0,0.0,0.0,0.0
repeat_2_fold_4,AASDHPPT,0.0,0.0,0.0,0.0,0.0,0.0,0.5
repeat_2_fold_4,AASS,0.0,0.0,0.0,0.0,0.0,0.0,0.0
repeat_2_fold_4,AATF,0.0,0.0,0.0,0.0,0.0,0.0,0.0
repeat_2_fold_4,ABCA1,-0.08507005844614923,0.31246496583703653,0.15623248291851827,-0.2413025413646675,0.25,0.0011252045826513901,0.5
repeat_2_fold_4,ABCA12,0.0,0.0,0.0,0.0,0.0,0.0,0.0
repeat_2_fold_4,ABCA2,0.02010279776238022,0.08625560638885499,0.043127803194427494,-0.023025005432047274,0.25,-0.0014011208967174005,0.5
repeat_2_fold_4,ABCA3,1.044009744521805,1.2057803644009317,0.6028901822004659,0.4411195623213392,0.5,0.0,0.5
repeat_2_fold_4,ABCA4,0.0,0.0,0.0,0.0,0.0,0.0,0.0
repeat_2_fold_4,ABCA5,0.03621547920790924,0.07243095841581848,0.03621547920790924,0.0,0.25,-0.0012009607686148949,0.5
repeat_2_fold_4,ABCA6,0.0,0.0,0.0,0.0,0.0,-0.0014011208967174005,0.5
repeat_2_fold_4,ABCA8,0.0,0.0,0.0,0.0,0.0,0.0,0.0
repeat_2_fold_4,ABCB1,0.0,0.0,0.0,0.0,0.0,0.0,0.0
repeat_2_fold_4,ABCB11,0.08743251426733067,0.10095837129633832,0.05047918564816916,0.036953328619161514,0.5,-0.0004003202562049557,0.5
repeat_2_fold_4,ABCB4,0.0,0.0,0.0,0.0,0.0,0.0,0.0
repeat_2_fold_4,ABCB6,0.0,0.0,0.0,0.0,0.0,0.0,0.0
repeat_2_fold_4,ABCB7,-0.01645781980717942,0.019003853391898785,0.009501926695949393,-0.025959746503128812,0.0,-0.0016012810248198783,0.5
repeat_2_fold_4,ABCB8,0.0,0.0,0.0,0.0,0.0,0.0,0.0
repeat_2_fold_4,ABCB9,0.0,0.0,0.0,0.0,0.0,0.0,0.0
repeat_2_fold_4,ABCC1,0.0,0.0,0.0,0.0,0.0,-0.00020016012810247785,0.5
repeat_2_fold_4,ABCC10,0.0,0.0,0.0,0.0,0.0,0.0,0.0
repeat_2_fold_4,ABCC2,0.0,0.0,0.0,0.0,0.0,0.0,0.0
repeat_2_fold_4,ABCC3,0.0,0.0,0.0,0.0,0.0,0.0,0.0
repeat_2_fold_4,ABCC4,-0.09258821668895933,0.10691166365831616,0.05345583182915808,-0.14604404851811742,0.0,0.0018412438625204641,0.5
repeat_2_fold_4,ABCC5,0.0,0.0,0.0,0.0,0.0,0.0,0.0
repeat_2_fold_4,ABCC8,0.04828680963784038,0.09657361927568076,0.04828680963784038,0.0,0.25,0.001329787234042562,0.5
repeat_2_fold_4,ABCC9,-0.2667137361679792,0.3079744947463073,0.15398724737315364,-0.42070098354113283,0.0,-0.00030687397708673014,0.5
repeat_2_fold_4,ABCD1,0.0,0.0,0.0,0.0,0.0,0.0,0.0
repeat_2_fold_4,ABCD2,0.23985768481821168,0.279913136683847,0.1399565683419235,0.09990111647628819,0.5,-0.0018014411529223562,0.5
repeat_2_fold_4,ABCD3,0.0,0.0,0.0,0.0,0.0,-0.0004849214887458486,1.0
repeat_2_fold_4,ABCD4,0.005253949671184088,0.010507899342368178,0.005253949671184089,-8.673617379884035e-19,0.25,-0.0016012810248198506,0.5
repeat_2_fold_4,ABCE1,0.0,0.0,0.0,0.0,0.0,0.0,0.0
repeat_2_fold_4,ABCF1,0.5296971469947493,1.0593942939894987,0.5296971469947493,0.0,0.25,-0.0006004803843074613,0.5
repeat_2_fold_4,ABCF2,0.0,0.0,0.0,0.0,0.0,-0.000613747954173488,0.5
repeat_2_fold_4,ABCG4,0.0,0.0,0.0,0.0,0.0,0.0,0.0
repeat_2_fold_4,ABCG5,0.0,0.0,0.0,0.0,0.0,0.0,0.0
repeat_2_fold_4,ABHD10,0.0,0.0,0.0,0.0,0.0,0.0,0.0
repeat_2_fold_4,ABHD17A,0.3067704038933883,0.35796387422728904,0.17898193711364452,0.12778846677974376,0.5,-0.002001601281024834,0.5
repeat_2_fold_4,ABHD17B,0.0,0.0,0.0,0.0,0.0,0.0,0.0
repeat_2_fold_4,ABHD3,0.12780255808565677,0.2135699376730529,0.10678496883652645,0.021017589249130317,0.5,-0.0018816198621745273,1.0
repeat_2_fold_4,ABHD4,0.0,0.0,0.0,0.0,0.0,0.0004091653027823161,0.5
repeat_2_fold_4,ABHD5,1.012167375246932,1.1687502131275462,0.5843751065637731,0.4277922686831589,0.5,-0.002201761409127312,1.0
repeat_2_fold_4,ABHD6,0.0,0.0,0.0,0.0,0.0,0.0,0.0
repeat_2_fold_4,ABI2,-0.3034184980218022,0.3554476314495064,0.1777238157247532,-0.4811423137465554,0.0,0.0026595744680850963,0.5
repeat_2_fold_4,ABL1,0.0,0.0,0.0,0.0,0.0,0.0,0.0
repeat_2_fold_4,ABL2,0.0,0.0,0.0,0.0,0.0,0.0,0.0
repeat_2_fold_4,ABLIM1,0.0,0.0,0.0,0.0,0.0,0.0,0.0
repeat_2_fold_4,ABLIM3,0.06230035861930894,0.07944163457117781,0.039720817285588905,0.022579541333720032,0.5,-0.0012009607686148949,0.5
repeat_2_fold_4,ABR,0.0,0.0,0.0,0.0,0.0,0.0,0.0
repeat_2_fold_4,ABRAXAS2,0.0,0.0,0.0,0.0,0.0,0.0,0.0
repeat_2_fold_4,ACAA1,-0.11142956854092922,0.363221146647533,0.1816105733237665,-0.29304014186469574,0.25,0.0045008183306055605,0.5
repeat_2_fold_4,ACAA2,-0.03355946496082929,0.11657798041213836,0.05828899020606918,-0.09184845516689846,0.25,-0.0026020816653322953,0.5
repeat_2_fold_4,ACACA,0.0,0.0,0.0,0.0,0.0,0.0,0.0
repeat_2_fold_4,ACAD8,0.0,0.0,0.0,0.0,0.0,0.0,0.0
repeat_2_fold_4,ACADL,-0.06387768109488512,0.19717599485666817,0.09858799742833409,-0.1624656785232192,0.25,0.00081833060556466,0.5
repeat_2_fold_4,ACADM,0.7769048834162717,1.4890166836032939,0.7445083418016469,0.032396541614624796,0.5,0.0030024019215372233,0.5
repeat_2_fold_4,ACADS,0.0,0.0,0.0,0.0,0.0,0.0,0.0
repeat_2_fold_4,ACADSB,0.010507899342368177,0.012133477027867517,0.006066738513933759,0.004441160828434418,0.5,-0.0006004803843074613,0.5
repeat_2_fold_4,ACADVL,0.5296971469947493,1.0593942939894987,0.5296971469947493,0.0,0.25,-0.0024019215372297897,0.5
repeat_2_fold_4,ACAN,0.0,0.0,0.0,0.0,0.0,-0.0004091653027823161,0.5
repeat_2_fold_4,ACAT1,1.1488873334914942,1.6254407870046168,0.8127203935023084,0.3361669399891858,0.5,0.0006093254308848217,1.0
repeat_2_fold_4,ACAT2,0.010322378537390264,0.2649906482984235,0.13249532414921175,-0.12217294561182149,0.5,-0.004136451550765974,1.0
repeat_2_fold_4,ACBD3,0.0,0.0,0.0,0.0,0.0,0.0,0.0
repeat_2_fold_4,ACBD4,0.004998925441002555,0.08547956369361126,0.04273978184680563,-0.037740856405803075,0.25,-0.0012009607686148949,0.5
repeat_2_fold_4,ACD,0.0,0.0,0.0,0.0,0.0,0.0,0.0
repeat_2_fold_4,ACE,0.0,0.0,0.0,0.0,0.0,0.0,0.0
repeat_2_fold_4,ACE2,-0.042987093968612555,0.28766840312771186,0.14383420156385593,-0.18682129553246848,0.25,-0.003002401921537251,0.5
repeat_2_fold_4,ACHE,0.0,0.0,0.0,0.0,0.0,0.0,0.0
repeat_2_fold_4,ACIN1,0.0,0.0,0.0,0.0,0.0,0.0,0.0
repeat_2_fold_4,ACKR1,-0.04430140705111896,0.09399181976258006,0.04699590988129003,-0.09129731693240899,0.25,0.0018412438625204641,0.5
repeat_2_fold_4,ACKR2,0.09723679750822711,0.16261378044221378,0.08130689022110689,0.015929907287120224,0.5,-0.0016012810248198506,0.5
repeat_2_fold_4,ACKR3,0.07768490808700257,0.09011217393730778,0.04505608696865389,0.03262882111834868,0.5,-0.0018014411529223562,0.5
repeat_2_fold_4,ACKR4,0.0,0.0,0.0,0.0,0.0,0.0,0.0
repeat_2_fold_4,ACLY,0.0,0.0,0.0,0.0,0.0,0.0,0.0
repeat_2_fold_4,ACO1,-0.00822890990358971,0.01645781980717942,0.00822890990358971,-0.01645781980717942,0.0,-0.0020369814673342757,1.0
repeat_2_fold_4,ACO2,-0.07265361843925966,0.08998758941892221,0.044993794709461105,-0.11764741314872076,0.0,0.0022504091653027802,0.5
repeat_2_fold_4,ACOT11,0.0,0.0,0.0,0.0,0.0,0.0,0.0
repeat_2_fold_4,ACOT13,0.0,0.0,0.0,0.0,0.0,0.0,0.0
repeat_2_fold_4,ACOT2,0.0,0.0,0.0,0.0,0.0,0.0,0.0
repeat_2_fold_4,ACOT7,-0.09459855141461126,0.0890807562091145,0.04454037810455725,-0.1391389295191685,0.0,0.000716039279869074,1.0
repeat_2_fold_4,ACOT8,0.0,0.0,0.0,0.0,0.0,0.0,0.0
repeat_2_fold_4,ACOT9,0.0,0.0,0.0,0.0,0.0,0.0,0.0
repeat_2_fold_4,ACOX1,0.0,0.0,0.0,0.0,0.0,0.0,0.0
repeat_2_fold_4,ACOX2,-0.18635269723095504,0.21638022196922582,0.10819011098461291,-0.29454280821556794,0.0,0.0012009607686148671,0.5
repeat_2_fold_4,ACOX3,0.03132563717629999,0.23184535232723702,0.11592267616361851,-0.08459703898731852,0.25,-0.003202562049639729,0.5
repeat_2_fold_4,ACOXL,-0.03670476185382299,0.07340952370764597,0.03670476185382299,-0.07340952370764597,0.0,0.0017389525368248782,0.5
repeat_2_fold_4,ACP3,0.0,0.0,0.0,0.0,0.0,-2.7755575615628914e-17,0.5
repeat_2_fold_4,ACP6,-0.020261199593019086,0.02339561807826861,0.011697809039134305,-0.03195900863215339,0.0,0.0006004803843074336,0.5
repeat_2_fold_4,ACR,0.20139537735572866,0.2544766123590648,0.1272383061795324,0.07415707117619624,0.5,-0.0006004803843074613,0.5
repeat_2_fold_4,ACSBG1,0.0,0.0,0.0,0.0,0.0,0.0,0.0
repeat_2_fold_4,ACSBG2,-0.010130599796509543,0.03567490893514099,0.017837454467570495,-0.027968054264080038,0.25,-0.0005739452445753801,1.0
repeat_2_fold_4,ACSF2,0.0,0.0,0.0,0.0,0.0,-0.00020016012810247785,0.5
repeat_2_fold_4,ACSL1,0.0,0.0,0.0,0.0,0.0,-0.0005114566284779021,0.5
repeat_2_fold_4,ACSL3,0.14663983103418232,0.2357461605065252,0.1178730802532626,0.028766750780919725,0.5,0.00260208166533224,0.5
repeat_2_fold_4,ACSL4,0.0,0.0,0.0,0.0,0.0,0.0,0.0
repeat_2_fold_4,ACSL5,-0.06200293993810746,0.1201675233043749,0.06008376165218745,-0.12208670159029492,0.0,-0.002001601281024834,0.5
repeat_2_fold_4,ACSL6,0.0,0.0,0.0,0.0,0.0,0.0,0.0
repeat_2_fold_4,ACSM1,0.0,0.0,0.0,0.0,0.0,0.0,0.0
repeat_2_fold_4,ACSM2A,0.053149182354085056,0.10629836470817011,0.053149182354085056,0.0,0.25,-0.0018014411529223284,0.5
repeat_2_fold_4,ACSM3,0.0,0.0,0.0,0.0,0.0,0.0,0.0
repeat_2_fold_4,ACSM5,0.0,0.0,0.0,0.0,0.0,0.0,0.5
repeat_2_fold_4,ACSS3,0.0,0.0,0.0,0.0,0.0,0.00020016012810247785,0.5
repeat_2_fold_4,ACTA1,0.0,0.0,0.0,0.0,0.0,0.001534369885433734,0.5
repeat_2_fold_4,ACTA2,0.0,0.0,0.0,0.0,0.0,0.0,0.0
repeat_2_fold_4,ACTB,0.0,0.0,0.0,0.0,0.0,0.0,0.0
repeat_2_fold_4,ACTC1,1.4811278087923405,1.8898757216773563,0.9449378608386781,0.5361899479536624,0.5,-0.0018014411529223284,0.5
repeat_2_fold_4,ACTG1,0.0,0.0,0.0,0.0,0.0,0.0,0.0
repeat_2_fold_4,ACTG2,0.5296971469947493,1.0593942939894987,0.5296971469947493,0.0,0.25,-0.0008006405124099392,0.5
repeat_2_fold_4,ACTL6A,-0.1597163781787696,0.25405036427681266,0.12702518213840633,-0.2867415603171759,0.0,0.0005114566284779021,0.5
repeat_2_fold_4,ACTL6B,-0.02133446993250665,0.035185760982699536,0.017592880491349768,-0.03892735042385642,0.0,-0.0004003202562049557,0.5
repeat_2_fold_4,ACTN1,0.0,0.0,0.0,0.0,0.0,0.0,0.0
repeat_2_fold_4,ACTN2,0.0,0.0,0.0,0.0,0.0,0.0,0.0
repeat_2_fold_4,ACTN3,0.0,0.0,0.0,0.0,0.0,0.0,0.0
repeat_2_fold_4,ACTN4,0.0,0.0,0.0,0.0,0.0,0.0,0.0
repeat_2_fold_4,ACTR10,0.07050595126323245,0.08674499847221746,0.04337249923610873,0.027133452027123715,0.5,-0.0008006405124099392,0.5
repeat_2_fold_4,ACTR1A,-0.1333568680839896,0.2667137361679792,0.1333568680839896,-0.2667137361679792,0.0,0.0016366612111292922,0.5
repeat_2_fold_4,ACTR1B,-0.09258821668895933,0.10691166365831616,0.05345583182915808,-0.14604404851811742,0.0,-0.00020458265139117193,0.5
repeat_2_fold_4,ACTR2,0.043854599086124324,0.05063892917515399,0.025319464587576994,0.01853513449854733,0.5,-0.00020458265139117193,0.5
repeat_2_fold_4,ACTR3,0.0,0.0,0.0,0.0,0.0,0.00081833060556466,0.5
repeat_2_fold_4,ACTR5,0.18441349176775645,0.23706594853944232,0.11853297426972116,0.0658805174980353,0.5,-0.0006004803843074336,0.5
repeat_2_fold_4,ACTR8,0.0,0.0,0.0,0.0,0.0,0.0,0.0
repeat_2_fold_4,ACVR1B,-0.18458025554357604,0.2518245103651622,0.1259122551825811,-0.31049251072615713,0.0,-0.0004091653027823161,0.5
repeat_2_fold_4,ACVR2A,0.0,0.0,0.0,0.0,0.0,0.0,0.0
repeat_2_fold_4,ACVR2B,0.0,0.0,0.0,0.0,0.0,0.0,0.0
repeat_2_fold_4,ACVRL1,0.0,0.0,0.0,0.0,0.0,0.0,0.0
repeat_2_fold_4,ACY1,0.0,0.0,0.0,0.0,0.0,0.0,0.0
repeat_2_fold_4,ADA,-0.04629410834447967,0.09258821668895933,0.04629410834447967,-0.09258821668895933,0.0,-0.001022913256955832,0.5
repeat_2_fold_4,ADA2,0.49371682153991614,0.8563731285454504,0.4281865642727252,0.06553025726719092,0.5,0.0031533410034082776,1.0
repeat_2_fold_4,ADAM10,0.0919686904780459,0.6561253283441786,0.3280626641720893,-0.2360939736940434,0.25,0.00420336269015209,0.5
repeat_2_fold_4,ADAM11,0.0,0.0,0.0,0.0,0.0,0.0,0.0
repeat_2_fold_4,ADAM12,0.0,0.0,0.0,0.0,0.0,0.0,0.0
repeat_2_fold_4,ADAM15,0.0,0.0,0.0,0.0,0.0,0.0,0.0
repeat_2_fold_4,ADAM17,0.7560617203257749,0.8910689874659286,0.4455344937329643,0.3105272265928106,0.5,-0.003002401921537251,0.5
repeat_2_fold_4,ADAM19,0.005253949671184088,0.010507899342368178,0.005253949671184089,-8.673617379884035e-19,0.25,0.0,0.5
repeat_2_fold_4,ADAM2,0.17062627842035027,0.22247693077600147,0.11123846538800074,0.05938781303234954,0.5,-0.0002001601281025056,0.5
repeat_2_fold_4,ADAM20,0.0,0.0,0.0,0.0,0.0,0.0,0.0
repeat_2_fold_4,ADAM21,0.0,0.0,0.0,0.0,0.0,0.0,0.0
repeat_2_fold_4,ADAM23,0.0,0.0,0.0,0.0,0.0,0.0,0.0
repeat_2_fold_4,ADAM30,0.0,0.0,0.0,0.0,0.0,0.0,0.0
repeat_2_fold_4,ADAM8,0.0,0.0,0.0,0.0,0.0,0.0,0.0
repeat_2_fold_4,ADAMTS1,0.0,0.0,0.0,0.0,0.0,0.0,0.0
repeat_2_fold_4,ADAMTS12,0.0,0.0,0.0,0.0,0.0,0.0,0.0
repeat_2_fold_4,ADAMTS13,0.0,0.0,0.0,0.0,0.0,0.0,0.0
repeat_2_fold_4,ADAMTS2,0.0,0.0,0.0,0.0,0.0,0.0,0.0
repeat_2_fold_4,ADAMTS20,0.0,0.0,0.0,0.0,0.0,0.0,0.0
repeat_2_fold_4,ADAMTS3,0.0,0.0,0.0,0.0,0.0,0.0,0.0
repeat_2_fold_4,ADAMTS5,0.0,0.0,0.0,0.0,0.0,0.0,0.0
repeat_2_fold_4,ADAMTS8,0.0,0.0,0.0,0.0,0.0,-0.00020016012810247785,0.5
repeat_2_fold_4,ADAMTS9,0.0,0.0,0.0,0.0,0.0,0.0,0.0
repeat_2_fold_4,ADAMTSL2,0.03596377789181382,0.04152798294153696,0.02076399147076848,0.01519978642104534,0.5,0.004705400981996705,0.5
repeat_2_fold_4,ADAMTSL3,0.0,0.0,0.0,0.0,0.0,0.0,0.0
repeat_2_fold_4,ADAMTSL4,-0.1487408832636561,0.1876526553284874,0.0938263276642437,-0.2425672109278998,0.0,0.0010229132569558042,0.5
repeat_2_fold_4,ADAP1,0.012602019836624123,0.0723041611622688,0.0361520805811344,-0.023550060744510277,0.25,-0.0006004803843074336,0.5
repeat_2_fold_4,ADAR,0.0,0.0,0.0,0.0,0.0,0.0,0.0
repeat_2_fold_4,ADARB1,0.0,0.0,0.0,0.0,0.0,0.0,0.0
repeat_2_fold_4,ADAT1,0.0,0.0,0.0,0.0,0.0,0.0,0.0
repeat_2_fold_4,ADCY1,-0.015384549467693631,0.03076909893538726,0.01538454946769363,-0.030769098935387262,0.0,-0.0004003202562049557,0.5
repeat_2_fold_4,ADCY10,0.0,0.0,0.0,0.0,0.0,0.0,0.0
repeat_2_fold_4,ADCY2,0.0,0.0,0.0,0.0,0.0,0.0,0.0
repeat_2_fold_4,ADCY3,0.0,0.0,0.0,0.0,0.0,0.0,0.0
repeat_2_fold_4,ADCY6,-0.20676639179163558,0.32315207834676096,0.16157603917338048,-0.36834243096501607,0.0,-0.0009206219312602459,0.5
repeat_2_fold_4,ADCY7,-0.17503444542264113,0.4759181549888254,0.2379590774944127,-0.4129935229170538,0.25,0.002352700490998366,0.5
repeat_2_fold_4,ADCY8,0.0,0.0,0.0,0.0,0.0,0.0015343698854337062,0.5
repeat_2_fold_4,ADCY9,0.0,0.0,0.0,0.0,0.0,0.0,0.0
repeat_2_fold_4,ADCYAP1,-0.08299887019830265,0.09710972204285509,0.048554861021427545,-0.13155373121973019,0.0,0.00010229132569555821,0.5
repeat_2_fold_4,ADCYAP1R1,0.0,0.0,0.0,0.0,0.0,0.0,0.0
repeat_2_fold_4,ADD1,1.1225689840788924,1.2962310102837464,0.6481155051418732,0.47445347893701917,0.5,-0.001000800640512417,0.5
repeat_2_fold_4,ADD2,0.20949842205936875,0.24190794074155675,0.12095397037077837,0.08854445168859038,0.5,0.0018014411529223284,0.5
repeat_2_fold_4,ADD3,-0.0866252166042365,0.0910365753071377,0.04551828765356885,-0.13214350425780536,0.0,0.00032456407024145095,1.0
repeat_2_fold_4,ADGRE2,0.0,0.0,0.0,0.0,0.0,0.0,0.0
repeat_2_fold_4,ADGRE3,-0.03184236927487305,0.044531714626547585,0.022265857313273792,-0.054108226588146846,0.0,-0.0008006405124099114,0.5
repeat_2_fold_4,ADGRE5,-0.1333568680839896,0.2667137361679792,0.1333568680839896,-0.2667137361679792,0.0,0.001022913256955832,0.5
repeat_2_fold_4,ADGRG3,0.0,0.0,0.0,0.0,0.0,0.0,0.0
repeat_2_fold_4,ADGRG6,0.0,0.0,0.0,0.0,0.0,0.0,0.0
repeat_2_fold_4,ADGRV1,0.0,0.0,0.0,0.0,0.0,0.0,0.0
repeat_2_fold_4,ADH1A,0.0,0.0,0.0,0.0,0.0,0.0,0.0
repeat_2_fold_4,ADH1B,-0.01645781980717942,0.019003853391898785,0.009501926695949393,-0.025959746503128812,0.0,-0.0012009607686148949,0.5
repeat_2_fold_4,ADH1C,0.0,0.0,0.0,0.0,0.0,0.0,0.0
repeat_2_fold_4,ADH5,0.07993173634157102,0.2029726823544191,0.10148634117720955,-0.02155460483563852,0.25,-0.0016012810248198783,0.5
repeat_2_fold_4,ADH6,0.0,0.0,0.0,0.0,0.0,0.0,0.0
repeat_2_fold_4,ADH7,0.0,0.0,0.0,0.0,0.0,0.0,0.0
repeat_2_fold_4,ADI1,0.017509739586907713,0.18092249144370004,0.09046124572185002,-0.0729515061349423,0.25,-0.0014099659432947331,1.0
repeat_2_fold_4,ADIPOQ,-0.2667137361679792,0.3079744947463073,0.15398724737315364,-0.42070098354113283,0.0,0.001022913256955832,0.5
repeat_2_fold_4,ADIPOR1,-0.06660793692728006,0.09664686150397779,0.048323430751988895,-0.11493136767926895,0.0,0.0018412438625204641,1.0
repeat_2_fold_4,ADIPOR2,0.0,0.0,0.0,0.0,0.0,-0.0016366612111292922,0.5
repeat_2_fold_4,ADIRF,0.0,0.0,0.0,0.0,0.0,0.0,0.0
repeat_2_fold_4,ADK,0.0,0.0,0.0,0.0,0.0,0.0,0.0
repeat_2_fold_4,ADM,0.0,0.0,0.0,0.0,0.0,0.0,0.0
repeat_2_fold_4,ADM2,0.021927299543062162,0.043854599086124324,0.021927299543062162,0.0,0.25,-0.000716039279869074,0.5
repeat_2_fold_4,ADO,0.0,0.0,0.0,0.0,0.0,0.0,0.0
repeat_2_fold_4,ADORA1,0.0,0.0,0.0,0.0,0.0,-0.001000800640512417,0.5
repeat_2_fold_4,ADORA2A,-0.010130599796509543,0.03567490893514099,0.017837454467570495,-0.027968054264080038,0.25,-0.0008006405124099392,0.5
repeat_2_fold_4,ADORA2B,0.0,0.0,0.0,0.0,0.0,0.0,0.0
repeat_2_fold_4,ADORA3,1.094881641219569,1.2671029471655482,0.6335514735827741,0.4613301676367949,0.5,-0.0018014411529223562,0.5
repeat_2_fold_4,ADPGK,0.0,0.0,0.0,0.0,0.0,0.0,0.0
repeat_2_fold_4,ADPRM,0.0,0.0,0.0,0.0,0.0,0.0,0.0
repeat_2_fold_4,ADRA1A,0.0,0.0,0.0,0.0,0.0,0.0,0.0
repeat_2_fold_4,ADRA1B,0.12290465453274102,0.245809309065482,0.122904654532741,1.3877787807814457e-17,0.25,-0.0008006405124099392,0.5
repeat_2_fold_4,ADRA1D,-0.03670476185382299,0.07340952370764597,0.03670476185382299,-0.07340952370764597,0.0,0.0008183306055646322,0.5
repeat_2_fold_4,ADRA2B,0.0,0.0,0.0,0.0,0.0,0.0005114566284779021,0.5
repeat_2_fold_4,ADRA2C,-0.04835727724300121,0.24833667888687977,0.12416833944343988,-0.1725256166864411,0.25,-0.002001601281024834,0.5
repeat_2_fold_4,ADRB1,0.03282041822308912,0.04316545141901166,0.02158272570950583,0.011237692513583291,0.5,0.000716039279869074,0.5
repeat_2_fold_4,ADRB2,0.0,0.0,0.0,0.0,0.0,0.0,0.0
repeat_2_fold_4,ADRB3,0.4423857412178709,1.0350925392051364,0.5175462696025682,-0.07516052838469733,0.25,-0.00040032025620498346,0.5
repeat_2_fold_4,ADRM1,0.0,0.0,0.0,0.0,0.0,0.0009206219312602182,0.5
repeat_2_fold_4,ADSS2,0.0,0.0,0.0,0.0,0.0,-0.0004091653027823161,0.5
repeat_2_fold_4,AFDN,0.0,0.0,0.0,0.0,0.0,0.0,0.0
repeat_2_fold_4,AFF4,0.0,0.0,0.0,0.0,0.0,0.0,0.0
repeat_2_fold_4,AFG3L2,0.0,0.0,0.0,0.0,0.0,0.0,0.0
repeat_2_fold_4,AFP,0.0,0.0,0.0,0.0,0.0,0.0,0.0
repeat_2_fold_4,AGA,-0.1522576426537654,0.2645779954116304,0.1322889977058152,-0.2845466403595806,0.0,0.000716039279869074,0.5
repeat_2_fold_4,AGAP2,-0.2908769742703772,0.4374610430155085,0.21873052150775424,-0.5096074957781314,0.25,0.00034225416339617176,1.0
repeat_2_fold_4,AGBL2,0.0,0.0,0.0,0.0,0.0,0.0,0.0
repeat_2_fold_4,AGBL3,0.0,0.0,0.0,0.0,0.0,0.0,0.0
repeat_2_fold_4,AGBL5,0.0,0.0,0.0,0.0,0.0,0.0,0.0
repeat_2_fold_4,AGER,0.0,0.0,0.0,0.0,0.0,0.0,0.0
repeat_2_fold_4,AGFG1,0.0,0.0,0.0,0.0,0.0,0.0,0.0
repeat_2_fold_4,AGGF1,0.0,0.0,0.0,0.0,0.0,0.0,0.0
repeat_2_fold_4,AGK,0.0,0.0,0.0,0.0,0.0,0.0,0.0
repeat_2_fold_4,AGL,0.0,0.0,0.0,0.0,0.0,0.0,0.0
repeat_2_fold_4,AGMAT,0.0,0.0,0.0,0.0,0.0,0.0,0.0
repeat_2_fold_4,AGO1,0.0,0.0,0.0,0.0,0.0,0.0,0.0
repeat_2_fold_4,AGO2,0.0,0.0,0.0,0.0,0.0,0.0,0.0
repeat_2_fold_4,AGO3,0.0,0.0,0.0,0.0,0.0,0.0,0.0
repeat_2_fold_4,AGO4,0.0,0.0,0.0,0.0,0.0,0.0,0.0
repeat_2_fold_4,AGPAT1,0.0,0.0,0.0,0.0,0.0,0.0,0.0
repeat_2_fold_4,AGPAT2,0.0,0.0,0.0,0.0,0.0,0.0,0.0
repeat_2_fold_4,AGPAT3,0.0,0.0,0.0,0.0,0.0,0.0,0.0
repeat_2_fold_4,AGPAT4,0.0,0.0,0.0,0.0,0.0,0.0,0.0
repeat_2_fold_4,AGPAT5,0.0,0.0,0.0,0.0,0.0,0.0,0.0
repeat_2_fold_4,AGPS,0.0,0.0,0.0,0.0,0.0,0.0,0.0
repeat_2_fold_4,AGRP,0.0,0.0,0.0,0.0,0.0,0.0,0.0
repeat_2_fold_4,AGTPBP1,0.0,0.0,0.0,0.0,0.0,0.0,0.0
repeat_2_fold_4,AGTR2,0.0,0.0,0.0,0.0,0.0,0.0,0.0
repeat_2_fold_4,AGXT,0.0,0.0,0.0,0.0,0.0,0.0,0.0
repeat_2_fold_4,AHCTF1,0.0,0.0,0.0,0.0,0.0,0.0,0.0
repeat_2_fold_4,AHCY,0.0,0.0,0.0,0.0,0.0,0.0,0.0
repeat_2_fold_4,AHCYL1,0.0,0.0,0.0,0.0,0.0,0.0,0.0
repeat_2_fold_4,AHCYL2,0.0,0.0,0.0,0.0,0.0,0.0,0.0
repeat_2_fold_4,AHI1,0.0,0.0,0.0,0.0,0.0,0.0,0.0
repeat_2_fold_4,AHR,0.0,0.0,0.0,0.0,0.0,0.0,0.0
repeat_2_fold_4,AHSG,0.0,0.0,0.0,0.0,0.0,0.0,0.0
repeat_2_fold_4,AICDA,0.0,0.0,0.0,0.0,0.0,0.0,0.0
repeat_2_fold_4,AIM2,0.0,0.0,0.0,0.0,0.0,0.0,0.0
repeat_2_fold_4,AIMP1,0.0,0.0,0.0,0.0,0.0,0.0,0.0
repeat_2_fold_4,AIMP2,0.0,0.0,0.0,0.0,0.0,0.0,0.0
repeat_2_fold_4,AIP,0.0,0.0,0.0,0.0,0.0,0.0,0.0
repeat_2_fold_4,AK1,0.0,0.0,0.0,0.0,0.0,0.0,0.0
repeat_2_fold_4,AK2,0.0,0.0,0.0,0.0,0.0,0.0,0.0
repeat_2_fold_4,AK4,0.0,0.0,0.0,0.0,0.0,0.0,0.0
repeat_2_fold_4,AK5,0.0,0.0,0.0,0.0,0.0,0.0,0.0
repeat_2_fold_4,AK6,0.0,0.0,0.0,0.0,0.0,0.0,0.0
repeat_2_fold_4,AKAP1,0.0,0.0,0.0,0.0,0.0,0.0,0.0
repeat_2_fold_4,AKAP10,0.0,0.0,0.0,0.0,0.0,0.0,0.0
repeat_2_fold_4,AKAP12,0.0,0.0,0.0,0.0,0.0,0.0,0.0
repeat_2_fold_4,AKAP13,0.0,0.0,0.0,0.0,0.0,0.0,0.0
repeat_2_fold_4,AKAP5,0.0,0.0,0.0,0.0,0.0,0.0,0.0
repeat_2_fold_4,AKAP8L,0.0,0.0,0.0,0.0,0.0,0.0,0.0
repeat_2_fold_4,AKAP9,0.0,0.0,0.0,0.0,0.0,0.0,0.0
repeat_2_fold_4,AKR1B1,0.0,0.0,0.0,0.0,0.0,0.0,0.0
repeat_2_fold_4,AKR1B10,0.0,0.0,0.0,0.0,0.0,0.0,0.0
repeat_2_fold_4,AKR1C1,0.0,0.0,0.0,0.0,0.0,0.0,0.0
repeat_2_fold_4,AKR1C2,0.0,0.0,0.0,0.0,0.0,0.0,0.0
repeat_2_fold_4,AKR1C4,0.0,0.0,0.0,0.0,0.0,0.0,0.0
repeat_2_fold_4,AKT1,0.0,0.0,0.0,0.0,0.0,0.0,0.0
repeat_2_fold_4,AKT2,0.0,0.0,0.0,0.0,0.0,0.0,0.0
repeat_2_fold_4,AKT3,0.0,0.0,0.0,0.0,0.0,0.0,0.0
repeat_2_fold_4,ALAD,0.0,0.0,0.0,0.0,0.0,0.0,0.0
repeat_2_fold_4,ALAS1,0.0,0.0,0.0,0.0,0.0,0.0,0.0
repeat_2_fold_4,ALAS2,0.0,0.0,0.0,0.0,0.0,0.0,0.0
repeat_2_fold_4,ALCAM,0.0,0.0,0.0,0.0,0.0,0.0,0.0
repeat_2_fold_4,ALDH18A1,0.0,0.0,0.0,0.0,0.0,0.0,0.0
repeat_2_fold_4,ALDH1A1,0.0,0.0,0.0,0.0,0.0,0.0,0.0
repeat_2_fold_4,ALDH1A2,0.0,0.0,0.0,0.0,0.0,0.0,0.0
repeat_2_fold_4,ALDH1A3,0.0,0.0,0.0,0.0,0.0,0.0,0.0
repeat_2_fold_4,ALDH1L1,0.0,0.0,0.0,0.0,0.0,0.0,0.0
repeat_2_fold_4,ALDH2,0.0,0.0,0.0,0.0,0.0,0.0,0.0
repeat_2_fold_4,ALDH3B1,0.0,0.0,0.0,0.0,0.0,0.0,0.0
repeat_2_fold_4,ALDH3B2,0.0,0.0,0.0,0.0,0.0,0.0,0.0
repeat_2_fold_4,ALDH4A1,0.0,0.0,0.0,0.0,0.0,0.0,0.0
repeat_2_fold_4,ALDH5A1,0.0,0.0,0.0,0.0,0.0,0.0,0.0
repeat_2_fold_4,ALDH6A1,0.0,0.0,0.0,0.0,0.0,0.0,0.0
repeat_2_fold_4,ALDH7A1,0.0,0.0,0.0,0.0,0.0,0.0,0.0
repeat_2_fold_4,ALDH8A1,0.0,0.0,0.0,0.0,0.0,0.0,0.0
repeat_2_fold_4,ALDH9A1,-0.35180971250419724,0.41806900193088414,0.20903450096544207,-0.5608442134696393,0.0,0.004705400981996732,0.5
repeat_2_fold_4,ALDOA,0.0,0.0,0.0,0.0,0.0,0.0,0.0
repeat_2_fold_4,ALDOB,0.0,0.0,0.0,0.0,0.0,0.0,0.0
repeat_2_fold_4,ALDOC,0.0,0.0,0.0,0.0,0.0,0.0,0.0
repeat_2_fold_4,ALG12,0.0,0.0,0.0,0.0,0.0,0.0,0.0
repeat_2_fold_4,ALG13,0.0,0.0,0.0,0.0,0.0,0.0,0.0
repeat_2_fold_4,ALG3,0.0,0.0,0.0,0.0,0.0,0.0,0.0
repeat_2_fold_4,ALG5,0.0,0.0,0.0,0.0,0.0,0.0,0.0
repeat_2_fold_4,ALG6,0.0,0.0,0.0,0.0,0.0,0.0,0.0
repeat_2_fold_4,ALG8,0.0,0.0,0.0,0.0,0.0,0.0,0.0
repeat_2_fold_4,ALG9,0.0,0.0,0.0,0.0,0.0,0.0,0.0
repeat_2_fold_4,ALK,0.0,0.0,0.0,0.0,0.0,0.0,0.0
repeat_2_fold_4,ALMS1,0.0,0.0,0.0,0.0,0.0,0.0,0.0
repeat_2_fold_4,ALOX12,0.0,0.0,0.0,0.0,0.0,0.0,0.0
repeat_2_fold_4,ALOX12B,0.0,0.0,0.0,0.0,0.0,0.0,0.0
repeat_2_fold_4,ALOX15,0.0,0.0,0.0,0.0,0.0,0.0,0.0
repeat_2_fold_4,ALOX15B,0.0,0.0,0.0,0.0,0.0,0.0,0.0
repeat_2_fold_4,ALOX5,0.0,0.0,0.0,0.0,0.0,0.0,0.0
repeat_2_fold_4,ALOX5AP,0.0,0.0,0.0,0.0,0.0,0.0,0.0
repeat_2_fold_4,ALOXE3,0.0,0.0,0.0,0.0,0.0,0.0,0.0
repeat_2_fold_4,ALPG,0.0,0.0,0.0,0.0,0.0,0.0,0.0
repeat_2_fold_4,ALPI,0.0,0.0,0.0,0.0,0.0,0.0,0.0
repeat_2_fold_4,ALPK1,0.0,0.0,0.0,0.0,0.0,0.0,0.0
repeat_2_fold_4,ALPL,0.0,0.0,0.0,0.0,0.0,0.0,0.0
repeat_2_fold_4,ALPP,0.0,0.0,0.0,0.0,0.0,0.0,0.0
repeat_2_fold_4,ALS2CL,0.0,0.0,0.0,0.0,0.0,0.0,0.0
repeat_2_fold_4,ALX3,0.0,0.0,0.0,0.0,0.0,0.0,0.0
repeat_2_fold_4,AMACR,0.0,0.0,0.0,0.0,0.0,0.0,0.0
repeat_2_fold_4,AMBN,0.0,0.0,0.0,0.0,0.0,0.0,0.0
repeat_2_fold_4,AMBRA1,0.0,0.0,0.0,0.0,0.0,0.0,0.0
repeat_2_fold_4,AMD1,0.0,0.0,0.0,0.0,0.0,0.0,0.0
repeat_2_fold_4,AMDHD2,0.0,0.0,0.0,0.0,0.0,0.0,0.0
repeat_2_fold_4,AMFR,0.0,0.0,0.0,0.0,0.0,0.0,0.0
repeat_2_fold_4,AMHR2,0.0,0.0,0.0,0.0,0.0,0.0,0.0
repeat_2_fold_4,AMIGO2,0.0,0.0,0.0,0.0,0.0,0.0,0.0
repeat_2_fold_4,AMN,0.0,0.0,0.0,0.0,0.0,0.0,0.0
repeat_2_fold_4,AMOTL2,0.0,0.0,0.0,0.0,0.0,0.0,0.0
repeat_2_fold_4,AMPD1,0.0,0.0,0.0,0.0,0.0,0.0,0.0
repeat_2_fold_4,AMPD2,0.0,0.0,0.0,0.0,0.0,0.0,0.0
repeat_2_fold_4,AMPD3,0.0,0.0,0.0,0.0,0.0,0.0,0.0
repeat_2_fold_4,AMPH,0.0,0.0,0.0,0.0,0.0,0.0,0.0
repeat_2_fold_4,AMT,0.0,0.0,0.0,0.0,0.0,0.0,0.0
repeat_2_fold_4,AMY1A,0.0,0.0,0.0,0.0,0.0,0.0,0.0
repeat_2_fold_4,ANAPC1,0.0,0.0,0.0,0.0,0.0,0.0,0.0
repeat_2_fold_4,ANAPC10,1.1611380873850337,1.3407667746361527,0.6703833873180763,0.4907547000669573,0.5,-0.0028022417934347454,0.5
repeat_2_fold_4,ANAPC13,0.0,0.0,0.0,0.0,0.0,0.0,0.0
repeat_2_fold_4,ANAPC15,0.0,0.0,0.0,0.0,0.0,0.0,0.0
repeat_2_fold_4,ANAPC2,0.0,0.0,0.0,0.0,0.0,0.0,0.0
repeat_2_fold_4,ANAPC5,0.0,0.0,0.0,0.0,0.0,0.0,0.0
repeat_2_fold_4,ANG,0.0,0.0,0.0,0.0,0.0,0.0,0.0
repeat_2_fold_4,ANGPT1,0.0,0.0,0.0,0.0,0.0,0.0,0.0
repeat_2_fold_4,ANGPT2,0.0,0.0,0.0,0.0,0.0,0.0,0.0
repeat_2_fold_4,ANGPT4,0.0,0.0,0.0,0.0,0.0,0.0,0.0
repeat_2_fold_4,ANGPTL3,0.0,0.0,0.0,0.0,0.0,0.0,0.0
repeat_2_fold_4,ANGPTL4,0.0,0.0,0.0,0.0,0.0,0.0,0.0
repeat_2_fold_4,ANGPTL8,0.0,0.0,0.0,0.0,0.0,0.0,0.0
repeat_2_fold_4,ANK1,0.0,0.0,0.0,0.0,0.0,0.0,0.0
repeat_2_fold_4,ANK2,0.0,0.0,0.0,0.0,0.0,0.0,0.0
repeat_2_fold_4,ANKFY1,0.0,0.0,0.0,0.0,0.0,0.0,0.0
repeat_2_fold_4,ANKH,0.0,0.0,0.0,0.0,0.0,0.0,0.0
repeat_2_fold_4,ANKRD1,0.0,0.0,0.0,0.0,0.0,0.0,0.0
repeat_2_fold_4,ANKRD26,0.0,0.0,0.0,0.0,0.0,0.0,0.0
repeat_2_fold_4,ANKRD27,0.0,0.0,0.0,0.0,0.0,0.0,0.0
repeat_2_fold_4,ANKRD28,0.0,0.0,0.0,0.0,0.0,0.0,0.0
repeat_2_fold_4,ANKZF1,0.0,0.0,0.0,0.0,0.0,0.0,0.0
repeat_2_fold_4,ANO1,0.0,0.0,0.0,0.0,0.0,0.0,0.0
repeat_2_fold_4,ANO10,0.0,0.0,0.0,0.0,0.0,0.0,0.0
repeat_2_fold_4,ANO2,0.0,0.0,0.0,0.0,0.0,0.0,0.0
repeat_2_fold_4,ANO3,0.0,0.0,0.0,0.0,0.0,0.0,0.0
repeat_2_fold_4,ANOS1,0.0,0.0,0.0,0.0,0.0,0.0,0.0
repeat_2_fold_4,ANPEP,0.0,0.0,0.0,0.0,0.0,0.0,0.0
repeat_2_fold_4,ANTXR1,0.0,0.0,0.0,0.0,0.0,0.0,0.0
repeat_2_fold_4,ANXA1,0.0,0.0,0.0,0.0,0.0,0.0,0.0
repeat_2_fold_4,ANXA2,0.0,0.0,0.0,0.0,0.0,0.0,0.0
repeat_2_fold_4,ANXA3,0.0,0.0,0.0,0.0,0.0,0.0,0.0
repeat_2_fold_4,ANXA6,0.0,0.0,0.0,0.0,0.0,0.0,0.0
repeat_2_fold_4,AOC1,0.0,0.0,0.0,0.0,0.0,0.0,0.0
repeat_2_fold_4,AOC2,0.0,0.0,0.0,0.0,0.0,0.0,0.0
repeat_2_fold_4,AOX1,0.0,0.0,0.0,0.0,0.0,0.0,0.0
repeat_2_fold_4,AP1B1,0.0,0.0,0.0,0.0,0.0,0.0,0.0
repeat_2_fold_4,AP1G1,0.0,0.0,0.0,0.0,0.0,0.0,0.0
repeat_2_fold_4,AP1G2,0.0,0.0,0.0,0.0,0.0,0.0,0.0
repeat_2_fold_4,AP1M2,0.0695979285874806,0.2658657680754741,0.13293288403773704,-0.06333495545025644,0.5,0.0009338895011262449,1.0
repeat_2_fold_4,AP1S2,0.0,0.0,0.0,0.0,0.0,0.0,0.0
repeat_2_fold_4,AP2A2,0.0,0.0,0.0,0.0,0.0,0.0,0.0
repeat_2_fold_4,AP2B1,0.0,0.0,0.0,0.0,0.0,0.0,0.0
repeat_2_fold_4,AP2M1,0.0,0.0,0.0,0.0,0.0,0.0,0.0
repeat_2_fold_4,AP2S1,0.0,0.0,0.0,0.0,0.0,0.0,0.0
repeat_2_fold_4,AP3B1,0.0,0.0,0.0,0.0,0.0,0.0,0.0
repeat_2_fold_4,AP3S1,0.0,0.0,0.0,0.0,0.0,0.0,0.0
repeat_2_fold_4,AP4E1,0.0,0.0,0.0,0.0,0.0,0.0,0.0
repeat_2_fold_4,AP4M1,0.0,0.0,0.0,0.0,0.0,0.0,0.0
repeat_2_fold_4,AP4S1,0.0,0.0,0.0,0.0,0.0,0.0,0.0
repeat_2_fold_4,APAF1,0.0,0.0,0.0,0.0,0.0,0.0,0.0
repeat_2_fold_4,APBA1,0.0,0.0,0.0,0.0,0.0,0.0,0.0
repeat_2_fold_4,APBA2,0.0,0.0,0.0,0.0,0.0,0.0,0.0
repeat_2_fold_4,APBA3,0.0,0.0,0.0,0.0,0.0,0.0,0.0
repeat_2_fold_4,APBB1,0.0,0.0,0.0,0.0,0.0,0.0,0.0
repeat_2_fold_4,APBB1IP,0.0,0.0,0.0,0.0,0.0,0.0,0.0
repeat_2_fold_4,APC,-0.04629410834447967,0.09258821668895933,0.04629410834447967,-0.09258821668895933,0.0,0.001432078559738148,0.5
repeat_2_fold_4,APCS,0.0,0.0,0.0,0.0,0.0,0.0,0.0
repeat_2_fold_4,APEH,0.0,0.0,0.0,0.0,0.0,0.0,0.0
repeat_2_fold_4,APEX1,0.0,0.0,0.0,0.0,0.0,0.0,0.0
repeat_2_fold_4,APH1A,0.0,0.0,0.0,0.0,0.0,0.0,0.0
repeat_2_fold_4,APH1B,0.0,0.0,0.0,0.0,0.0,0.0,0.0
repeat_2_fold_4,APIP,0.0,0.0,0.0,0.0,0.0,0.0,0.0
repeat_2_fold_4,APLNR,0.0,0.0,0.0,0.0,0.0,0.0,0.0
repeat_2_fold_4,APLP2,0.0,0.0,0.0,0.0,0.0,0.0,0.0
repeat_2_fold_4,APOA1,0.0,0.0,0.0,0.0,0.0,0.0,0.0
repeat_2_fold_4,APOA2,0.0,0.0,0.0,0.0,0.0,0.0,0.0
repeat_2_fold_4,APOA4,0.0,0.0,0.0,0.0,0.0,0.0,0.0
repeat_2_fold_4,APOB,0.0,0.0,0.0,0.0,0.0,0.0,0.0
repeat_2_fold_4,APOBEC1,0.0,0.0,0.0,0.0,0.0,0.0,0.0
repeat_2_fold_4,APOBEC2,0.0,0.0,0.0,0.0,0.0,0.0,0.0
repeat_2_fold_4,APOBEC3A,0.0,0.0,0.0,0.0,0.0,0.0,0.0
repeat_2_fold_4,APOBEC3B,0.0,0.0,0.0,0.0,0.0,0.0,0.0
repeat_2_fold_4,APOBEC3C,0.0,0.0,0.0,0.0,0.0,0.0,0.0
repeat_2_fold_4,APOBEC3G,0.0,0.0,0.0,0.0,0.0,0.0,0.0
repeat_2_fold_4,APOBR,0.0,0.0,0.0,0.0,0.0,0.0,0.0
repeat_2_fold_4,APOC1,0.0,0.0,0.0,0.0,0.0,0.0,0.0
repeat_2_fold_4,APOC2,0.0,0.0,0.0,0.0,0.0,0.0,0.0
repeat_2_fold_4,APOC3,0.0,0.0,0.0,0.0,0.0,0.0,0.0
repeat_2_fold_4,APOC4,0.0,0.0,0.0,0.0,0.0,0.0,0.0
repeat_2_fold_4,APOD,0.0,0.0,0.0,0.0,0.0,0.0,0.0
repeat_2_fold_4,APOE,0.0,0.0,0.0,0.0,0.0,0.0,0.0
repeat_2_fold_4,APOF,0.0,0.0,0.0,0.0,0.0,0.0,0.0
repeat_2_fold_4,APOH,0.0,0.0,0.0,0.0,0.0,0.0,0.0
repeat_2_fold_4,APOL1,0.0,0.0,0.0,0.0,0.0,0.0,0.0
repeat_2_fold_4,APOM,0.0,0.0,0.0,0.0,0.0,0.0,0.0
repeat_2_fold_4,APOO,0.0,0.0,0.0,0.0,0.0,0.0,0.0
repeat_2_fold_4,APOOL,0.0,0.0,0.0,0.0,0.0,0.0,0.0
repeat_2_fold_4,APP,0.0,0.0,0.0,0.0,0.0,0.0,0.0
repeat_2_fold_4,APPL1,0.0,0.0,0.0,0.0,0.0,0.0,0.0
repeat_2_fold_4,APRT,0.0,0.0,0.0,0.0,0.0,0.0,0.0
repeat_2_fold_4,AQP1,0.0,0.0,0.0,0.0,0.0,0.0,0.0
repeat_2_fold_4,AQP2,0.0,0.0,0.0,0.0,0.0,0.0,0.0
repeat_2_fold_4,AQP3,0.0,0.0,0.0,0.0,0.0,0.0,0.0
repeat_2_fold_4,AQP4,0.0,0.0,0.0,0.0,0.0,0.0,0.0
repeat_2_fold_4,AQP5,0.0,0.0,0.0,0.0,0.0,0.0,0.0
repeat_2_fold_4,AQP6,0.0,0.0,0.0,0.0,0.0,0.0,0.0
repeat_2_fold_4,AQP7,0.0,0.0,0.0,0.0,0.0,0.0,0.0
repeat_2_fold_4,AQP8,0.0,0.0,0.0,0.0,0.0,0.0,0.0
repeat_2_fold_4,AQP9,0.0,0.0,0.0,0.0,0.0,0.0,0.0
repeat_2_fold_4,AQR,0.0,0.0,0.0,0.0,0.0,0.0,0.0
repeat_2_fold_4,AR,0.0,0.0,0.0,0.0,0.0,0.0010229132569558042,0.5
repeat_2_fold_4,ARAF,0.0,0.0,0.0,0.0,0.0,0.0,0.0
repeat_2_fold_4,ARAP1,0.0,0.0,0.0,0.0,0.0,0.0,0.0
repeat_2_fold_4,ARAP2,0.0,0.0,0.0,0.0,0.0,0.0,0.0
repeat_2_fold_4,ARAP3,0.0,0.0,0.0,0.0,0.0,0.0,0.0
repeat_2_fold_4,ARC,0.0,0.0,0.0,0.0,0.0,0.0,0.0
repeat_2_fold_4,ARCN1,0.0,0.0,0.0,0.0,0.0,0.0,0.0
repeat_2_fold_4,AREG,0.0,0.0,0.0,0.0,0.0,0.0,0.0
repeat_2_fold_4,AREL1,0.0,0.0,0.0,0.0,0.0,0.0,0.0
repeat_2_fold_4,ARF1,0.0,0.0,0.0,0.0,0.0,0.0,0.0
repeat_2_fold_4,ARF3,0.0,0.0,0.0,0.0,0.0,0.0,0.0
repeat_2_fold_4,ARF4,0.0,0.0,0.0,0.0,0.0,0.0,0.0
repeat_2_fold_4,ARF5,0.0,0.0,0.0,0.0,0.0,0.0,0.0
repeat_2_fold_4,ARF6,0.0,0.0,0.0,0.0,0.0,0.0,0.0
repeat_2_fold_4,ARFGAP1,0.0,0.0,0.0,0.0,0.0,0.0,0.0
repeat_2_fold_4,ARFGAP2,0.0,0.0,0.0,0.0,0.0,0.0,0.0
repeat_2_fold_4,ARFGEF2,0.0,0.0,0.0,0.0,0.0,0.0,0.0
repeat_2_fold_4,ARHGAP25,0.0,0.0,0.0,0.0,0.0,0.0,0.0
repeat_2_fold_4,ARHGAP4,0.0,0.0,0.0,0.0,0.0,0.00020016012810247785,0.5
repeat_2_fold_4,ARHGAP44,0.08975440394238632,0.10363945855418229,0.051819729277091144,0.037934674665295175,0.5,0.0022238740255706713,1.0
repeat_2_fold_4,ARHGDIB,0.0,0.0,0.0,0.0,0.0,0.0,0.0
repeat_2_fold_4,ARHGEF2,0.6324601145420878,1.1310082766516805,0.5655041383258402,0.0669559762162476,0.5,0.0006004803843074336,0.5
repeat_2_fold_4,ARRB1,0.0,0.0,0.0,0.0,0.0,0.0,0.0
repeat_2_fold_4,ARSF,0.19215488273665393,0.2250065936199732,0.1125032968099866,0.07965158592666734,0.5,0.0004003202562049557,0.5
repeat_2_fold_4,ART3,0.0,0.0,0.0,0.0,0.0,0.0,0.0
repeat_2_fold_4,ART4,0.0,0.0,0.0,0.0,0.0,0.0,0.0
repeat_2_fold_4,ASGR1,0.04704387603966431,0.07464070424369901,0.037320352121849504,0.009723523917814808,0.5,0.0011252045826513901,0.5
repeat_2_fold_4,ASPSCR1,0.0,0.0,0.0,0.0,0.0,0.0,0.0
repeat_2_fold_4,ATF4,0.0,0.0,0.0,0.0,0.0,0.0,0.0
repeat_2_fold_4,ATP10D,0.0,0.0,0.0,0.0,0.0,0.0,0.0
repeat_2_fold_4,ATP1A1,0.0,0.0,0.0,0.0,0.0,0.0,0.0
repeat_2_fold_4,ATP1B3,0.0,0.0,0.0,0.0,0.0,0.0,0.0
repeat_2_fold_4,ATP5F1E,0.0,0.0,0.0,0.0,0.0,0.0,0.0
repeat_2_fold_4,ATP6V1A,0.0,0.0,0.0,0.0,0.0,0.0,0.0
repeat_2_fold_4,ATP8A1,1.282318275661538,1.4888521523986311,0.7444260761993156,0.5378921994622226,0.5,0.0014011208967173727,0.5
repeat_2_fold_4,ATP8B1,0.0,0.0,0.0,0.0,0.0,0.0,0.0
repeat_2_fold_4,AXL,0.0,0.0,0.0,0.0,0.0,0.0,0.0
repeat_2_fold_4,B3GALT2,-0.13910554368518824,0.20925955036082075,0.10462977518041038,-0.24373531886559863,0.0,0.0017389525368248782,0.5
repeat_2_fold_4,B4GALT2,0.0,0.0,0.0,0.0,0.0,0.0,0.0
repeat_2_fold_4,BCAT2,0.0,0.0,0.0,0.0,0.0,0.0,0.0
repeat_2_fold_4,BHLHE41,0.0,0.0,0.0,0.0,0.0,0.0,0.0
repeat_2_fold_4,BLMH,0.0,0.0,0.0,0.0,0.0,0.0,0.0
repeat_2_fold_4,BLVRA,0.0,0.0,0.0,0.0,0.0,0.0,0.0
repeat_2_fold_4,BMI1,0.0,0.0,0.0,0.0,0.0,0.0018412438625204641,0.5
repeat_2_fold_4,BMP4,-0.2117531747846364,0.35476479734246336,0.17738239867123168,-0.3891355734558681,0.0,0.0012053832919035612,1.0
repeat_2_fold_4,BMPR1A,0.0,0.0,0.0,0.0,0.0,0.0,0.0
repeat_2_fold_4,BNIP1,0.0,0.0,0.0,0.0,0.0,0.0,0.0
repeat_2_fold_4,BST2,0.5184932768587505,1.044934838533423,0.5224674192667115,-0.003974142407961012,0.25,0.001329787234042562,1.0
repeat_2_fold_4,C1GALT1,0.0,0.0,0.0,0.0,0.0,0.0,0.0
repeat_2_fold_4,C1S,0.0,0.0,0.0,0.0,0.0,0.0,0.0
repeat_2_fold_4,C2CD3,0.0,0.0,0.0,0.0,0.0,0.0,0.0
repeat_2_fold_4,CAB39,0.0,0.0,0.0,0.0,0.0,0.0,0.0
repeat_2_fold_4,CABP2,0.0,0.0,0.0,0.0,0.0,0.0,0.0
repeat_2_fold_4,CALM3,0.0,0.0,0.0,0.0,0.0,0.0,0.0
repeat_2_fold_4,CALU,0.0,0.0,0.0,0.0,0.0,0.0,0.0
repeat_2_fold_4,CANX,0.0,0.0,0.0,0.0,0.0,0.0,0.0
repeat_2_fold_4,CAPN15,0.0,0.0,0.0,0.0,0.0,0.0,0.0
repeat_2_fold_4,CARS1,0.0,0.0,0.0,0.0,0.0,0.0,0.0
repeat_2_fold_4,CATSPER2,0.0,0.0,0.0,0.0,0.0,0.0,0.0
repeat_2_fold_4,CBX5,0.2561913432078935,0.3180377135147434,0.1590188567573717,0.09717248645052179,0.5,-0.0011921157220375622,1.0
repeat_2_fold_4,CCDC88C,0.0,0.0,0.0,0.0,0.0,0.0,0.0
repeat_2_fold_4,CCK,0.0,0.0,0.0,0.0,0.0,0.0,0.0
repeat_2_fold_4,CCKBR,0.0,0.0,0.0,0.0,0.0,0.0,0.0
repeat_2_fold_4,CCNC,0.0,0.0,0.0,0.0,0.0,0.0,0.0
repeat_2_fold_4,CCNK,0.0,0.0,0.0,0.0,0.0,0.0,0.0
repeat_2_fold_4,CCR2,0.0,0.0,0.0,0.0,0.0,0.0,0.0
repeat_2_fold_4,CCR3,0.0,0.0,0.0,0.0,0.0,0.0,0.0
repeat_2_fold_4,CCR5,0.0,0.0,0.0,0.0,0.0,0.0,0.0
repeat_2_fold_4,CCS,0.0,0.0,0.0,0.0,0.0,0.0,0.0
repeat_2_fold_4,CCT8,-0.05086179055877338,0.165446106727932,0.082723053363966,-0.1335848439227394,0.25,-0.00010229132569558597,0.5
repeat_2_fold_4,CD27,-0.0029749602324056212,0.022283787619718328,0.011141893809859164,-0.014116854042264785,0.25,-0.0020016012810248063,0.5
repeat_2_fold_4,CD28,0.0,0.0,0.0,0.0,0.0,0.0,0.0
repeat_2_fold_4,CD300A,0.0,0.0,0.0,0.0,0.0,0.0,0.0
repeat_2_fold_4,CD34,0.07507648189714544,0.18691712222148987,0.09345856111074494,-0.018382079213599495,0.5,0.0010273357802444982,1.0
repeat_2_fold_4,CD79B,0.0,0.0,0.0,0.0,0.0,0.0,0.0
repeat_2_fold_4,CDC25A,0.03805803411670894,0.26846673604556015,0.13423336802278008,-0.09617533390607114,0.25,-0.00020016012810247785,0.5
repeat_2_fold_4,CDC42,0.0,0.0,0.0,0.0,0.0,0.0,0.0
repeat_2_fold_4,CDC42EP1,0.0,0.0,0.0,0.0,0.0,0.0,0.0
repeat_2_fold_4,CDH19,0.0,0.0,0.0,0.0,0.0,0.0,0.0
repeat_2_fold_4,CDIPT,0.0,0.0,0.0,0.0,0.0,0.0,0.0
repeat_2_fold_4,CDK12,0.0,0.0,0.0,0.0,0.0,0.0,0.0
repeat_2_fold_4,CDK2,0.0,0.0,0.0,0.0,0.0,0.0,0.0
repeat_2_fold_4,CDK5R2,0.0,0.0,0.0,0.0,0.0,0.0,0.0
repeat_2_fold_4,CDK5RAP2,0.0,0.0,0.0,0.0,0.0,0.0,0.0
repeat_2_fold_4,CDKN1C,0.0,0.0,0.0,0.0,0.0,0.0,0.0
repeat_2_fold_4,CDKN2A,0.0,0.0,0.0,0.0,0.0,0.0,0.0
repeat_2_fold_4,CDS2,0.0,0.0,0.0,0.0,0.0,0.0,0.0
repeat_2_fold_4,CDT1,0.0,0.0,0.0,0.0,0.0,0.0,0.0
repeat_2_fold_4,CEACAM6,0.0,0.0,0.0,0.0,0.0,0.0,0.0
repeat_2_fold_4,CENPQ,0.0,0.0,0.0,0.0,0.0,0.0,0.0
repeat_2_fold_4,CENPS,0.0,0.0,0.0,0.0,0.0,0.0,0.0
repeat_2_fold_4,CEP43,0.0,0.0,0.0,0.0,0.0,0.0,0.0
repeat_2_fold_4,CFHR2,0.0,0.0,0.0,0.0,0.0,0.0,0.0
repeat_2_fold_4,CHD4,-0.18458025554357604,0.2518245103651622,0.1259122551825811,-0.31049251072615713,0.0,0.0011252045826513901,0.5
repeat_2_fold_4,CHGA,0.0,0.0,0.0,0.0,0.0,0.0,0.0
repeat_2_fold_4,CHGB,0.0,0.0,0.0,0.0,0.0,0.0,0.0
repeat_2_fold_4,CHMP6,0.08264422616870348,0.3633016884781617,0.18165084423908084,-0.09900661807037736,0.25,0.007671849427168587,0.5
repeat_2_fold_4,CHRNA1,0.0,0.0,0.0,0.0,0.0,0.0,0.0
repeat_2_fold_4,CHST4,0.0,0.0,0.0,0.0,0.0,0.0,0.0
repeat_2_fold_4,CKB,0.0,0.0,0.0,0.0,0.0,0.0,0.0
repeat_2_fold_4,CKMT1B,0.0,0.0,0.0,0.0,0.0,0.0,0.0
repeat_2_fold_4,CLDN15,0.0,0.0,0.0,0.0,0.0,0.0,0.0
repeat_2_fold_4,CLDN4,0.03621547920790924,0.07243095841581848,0.03621547920790924,0.0,0.25,-0.002201761409127312,0.5
repeat_2_fold_4,CLNS1A,0.0,0.0,0.0,0.0,0.0,0.0,0.0
repeat_2_fold_4,CLU,0.0,0.0,0.0,0.0,0.0,0.0,0.0
repeat_2_fold_4,CNOT1,0.0,0.0,0.0,0.0,0.0,0.0,0.0
repeat_2_fold_4,CNR1,0.0,0.0,0.0,0.0,0.0,0.0,0.0
repeat_2_fold_4,COL1A2,0.0,0.0,0.0,0.0,0.0,0.0,0.0
repeat_2_fold_4,COL21A1,0.0,0.0,0.0,0.0,0.0,0.0,0.0
repeat_2_fold_4,COL4A3,0.0,0.0,0.0,0.0,0.0,0.0,0.0
repeat_2_fold_4,COL6A2,0.0,0.0,0.0,0.0,0.0,0.0,0.0
repeat_2_fold_4,COL8A1,0.0,0.0,0.0,0.0,0.0,0.0,0.0
repeat_2_fold_4,COL9A3,0.0,0.0,0.0,0.0,0.0,0.0,0.0
repeat_2_fold_4,COLEC12,-0.2067267536878692,0.4994334268785845,0.24971671343929225,-0.45644346712716144,0.5,-0.0022907851649568434,1.0
repeat_2_fold_4,COQ2,0.0,0.0,0.0,0.0,0.0,0.0,0.0
repeat_2_fold_4,COQ3,0.8753603984365856,1.0335544209262644,0.5167772104631322,0.35858318797345345,0.5,-0.0016012810248198506,0.5
repeat_2_fold_4,COX5B,0.25916630344030267,0.3195015234888008,0.1597507617444004,0.09941554169590228,0.5,-0.0032069845729283952,1.0
repeat_2_fold_4,CPA2,-0.30845779573045284,0.32449761909196045,0.16224880954598023,-0.47070660527643304,0.0,0.0024594143399826185,1.0
repeat_2_fold_4,CPNE7,0.0,0.0,0.0,0.0,0.0,0.0,0.0
repeat_2_fold_4,CPSF4,0.0,0.0,0.0,0.0,0.0,0.0,0.0
repeat_2_fold_4,CRBN,0.0,0.0,0.0,0.0,0.0,0.0,0.0
repeat_2_fold_4,CREB3L1,0.0,0.0,0.0,0.0,0.0,0.0,0.0
repeat_2_fold_4,CRNKL1,0.0,0.0,0.0,0.0,0.0,0.0,0.0
repeat_2_fold_4,CROT,0.0,0.0,0.0,0.0,0.0,0.0,0.0
repeat_2_fold_4,CRTAP,0.0,0.0,0.0,0.0,0.0,0.0,0.0
repeat_2_fold_4,CSF2RB,0.0,0.0,0.0,0.0,0.0,0.000716039279869074,0.5
repeat_2_fold_4,CSNK2B,0.0,0.0,0.0,0.0,0.0,0.0,0.0
repeat_2_fold_4,CSTF2T,0.0,0.0,0.0,0.0,0.0,0.0,0.0
repeat_2_fold_4,CTCF,0.0,0.0,0.0,0.0,0.0,0.0,0.0
repeat_2_fold_4,CTDP1,0.0,0.0,0.0,0.0,0.0,0.0,0.0
repeat_2_fold_4,CTLA4,0.0,0.0,0.0,0.0,0.0,0.0,0.0
repeat_2_fold_4,CTNND1,0.0,0.0,0.0,0.0,0.0,0.0,0.0
repeat_2_fold_4,CTSE,0.0,0.0,0.0,0.0,0.0,0.0,0.0
repeat_2_fold_4,CTSH,0.0,0.0,0.0,0.0,0.0,0.0,0.0
repeat_2_fold_4,CTSL,0.0,0.0,0.0,0.0,0.0,0.0,0.0
repeat_2_fold_4,CTSZ,0.0,0.0,0.0,0.0,0.0,0.0,0.0
repeat_2_fold_4,CX3CL1,-0.3675544875503238,0.514037111896542,0.257018555948271,-0.6245730434985948,0.25,0.0035934639692113968,1.0
repeat_2_fold_4,CXCL13,0.0,0.0,0.0,0.0,0.0,0.0,0.0
repeat_2_fold_4,CYCS,0.0,0.0,0.0,0.0,0.0,0.0,0.0
repeat_2_fold_4,CYFIP2,0.0,0.0,0.0,0.0,0.0,0.0,0.0
repeat_2_fold_4,CYP11B2,0.0,0.0,0.0,0.0,0.0,0.0,0.0
repeat_2_fold_4,CYP1B1,0.0,0.0,0.0,0.0,0.0,0.0,0.0
repeat_2_fold_4,CYP21A2,0.19384485786695826,1.1711051092743416,0.5855525546371708,-0.39170769677021255,0.25,0.005004003202562057,0.5
repeat_2_fold_4,CYSLTR1,0.0035342072162087845,0.12571484175234166,0.06285742087617083,-0.05932321365996204,0.25,0.0024549918166939244,0.5
repeat_2_fold_4,DCAF8,0.0,0.0,0.0,0.0,0.0,0.0,0.0
repeat_2_fold_4,DCLRE1B,0.0,0.0,0.0,0.0,0.0,0.0,0.0
repeat_2_fold_4,DCTN2,0.0,0.0,0.0,0.0,0.0,0.0,0.0
repeat_2_fold_4,DCUN1D1,0.0,0.0,0.0,0.0,0.0,0.0,0.0
repeat_2_fold_4,DDC,0.0,0.0,0.0,0.0,0.0,0.0,0.0
repeat_2_fold_4,DELE1,0.0,0.0,0.0,0.0,0.0,0.0,0.0
repeat_2_fold_4,DENND5B,0.0022789894387766907,0.013693001096175996,0.006846500548087998,-0.004567511109311307,0.25,-0.00020016012810247785,0.5
repeat_2_fold_4,DGKE,0.0,0.0,0.0,0.0,0.0,0.0,0.0
repeat_2_fold_4,DHCR24,0.0,0.0,0.0,0.0,0.0,0.0,0.0
repeat_2_fold_4,DHRS3,0.0,0.0,0.0,0.0,0.0,0.0,0.0
repeat_2_fold_4,DHX15,0.0,0.0,0.0,0.0,0.0,0.0,0.0
repeat_2_fold_4,DHX16,0.0,0.0,0.0,0.0,0.0,0.0,0.0
repeat_2_fold_4,DIABLO,0.0,0.0,0.0,0.0,0.0,0.0,0.0
repeat_2_fold_4,DIAPH1,0.0,0.0,0.0,0.0,0.0,0.0,0.0
repeat_2_fold_4,DIO1,0.7921605142038377,1.9381147281276085,0.9690573640638043,-0.17689684985996657,0.25,-0.0020016012810248063,0.5
repeat_2_fold_4,DLC1,1.1674653073957,1.3484940436234523,0.6742470218117261,0.49321828558397385,0.5,0.00020016012810247785,0.5
repeat_2_fold_4,DLD,0.0,0.0,0.0,0.0,0.0,0.0,0.0
repeat_2_fold_4,DMBT1,-0.04629410834447967,0.09258821668895933,0.04629410834447967,-0.09258821668895933,0.0,-0.0009206219312602182,0.5
repeat_2_fold_4,DNAJB6,0.0,0.0,0.0,0.0,0.0,0.0,0.0
repeat_2_fold_4,DNAJC2,0.0,0.0,0.0,0.0,0.0,0.0,0.0
repeat_2_fold_4,DNM1L,0.0,0.0,0.0,0.0,0.0,0.0,0.0
repeat_2_fold_4,DOK1,0.0,0.0,0.0,0.0,0.0,0.0,0.0
repeat_2_fold_4,DOK3,0.0,0.0,0.0,0.0,0.0,0.0,0.0
repeat_2_fold_4,DPEP2,0.0,0.0,0.0,0.0,0.0,0.0,0.0
repeat_2_fold_4,DPF2,0.0,0.0,0.0,0.0,0.0,0.0,0.0
repeat_2_fold_4,DPPA4,0.0,0.0,0.0,0.0,0.0,0.0,0.0
repeat_2_fold_4,DZIP1,0.0,0.0,0.0,0.0,0.0,0.0,0.0
repeat_2_fold_4,E2F1,0.0,0.0,0.0,0.0,0.0,0.0,0.0
repeat_2_fold_4,ECT2,-0.12463291116723418,0.16645733544140728,0.08322866772070364,-0.20786157888793783,0.0,-0.00081833060556466,0.5
repeat_2_fold_4,EIF2AK2,0.0,0.0,0.0,0.0,0.0,0.0,0.0
repeat_2_fold_4,EIF2B1,0.0,0.0,0.0,0.0,0.0,0.0,0.0
repeat_2_fold_4,EIF2B5,0.0,0.0,0.0,0.0,0.0,0.0,0.0
repeat_2_fold_4,EIF3B,0.0,0.0,0.0,0.0,0.0,0.0,0.0
repeat_2_fold_4,EIF3D,0.0,0.0,0.0,0.0,0.0,0.0,0.0
repeat_2_fold_4,EIF4A3,0.0,0.0,0.0,0.0,0.0,0.0,0.0
repeat_2_fold_4,ELF1,0.0,0.0,0.0,0.0,0.0,0.0,0.0
repeat_2_fold_4,ELOB,0.0,0.0,0.0,0.0,0.0,0.0,0.0
repeat_2_fold_4,ELOVL1,0.0,0.0,0.0,0.0,0.0,0.0,0.0
repeat_2_fold_4,ELP5,0.0,0.0,0.0,0.0,0.0,0.0,0.0
repeat_2_fold_4,EPB41L2,0.0,0.0,0.0,0.0,0.0,0.0,0.0
repeat_2_fold_4,EPN1,0.0,0.0,0.0,0.0,0.0,0.0,0.0
repeat_2_fold_4,EPN2,0.0,0.0,0.0,0.0,0.0,0.0,0.0
repeat_2_fold_4,ERAL1,0.0,0.0,0.0,0.0,0.0,0.0,0.0
repeat_2_fold_4,ERBB2,0.0,0.0,0.0,0.0,0.0,0.0,0.0
repeat_2_fold_4,ERCC1,0.019757659400728045,0.06338755896348466,0.03169377948174233,-0.011936120081014287,0.25,0.0004003202562049557,0.5
repeat_2_fold_4,ERO1B,0.0,0.0,0.0,0.0,0.0,0.0,0.0
repeat_2_fold_4,F10,0.0,0.0,0.0,0.0,0.0,0.0,0.0
repeat_2_fold_4,F2R,0.0,0.0,0.0,0.0,0.0,0.0,0.0
repeat_2_fold_4,F3,0.0,0.0,0.0,0.0,0.0,0.0,0.0
repeat_2_fold_4,FABP3,0.10752010506505272,0.1253728424893251,0.06268642124466255,0.04483368382039017,0.5,-0.00020016012810247785,0.5
repeat_2_fold_4,FABP4,0.0,0.0,0.0,0.0,0.0,-0.0016012810248198783,0.5
repeat_2_fold_4,FAM32A,0.0,0.0,0.0,0.0,0.0,0.0,0.0
repeat_2_fold_4,FBP1,0.0,0.0,0.0,0.0,0.0,0.0,0.0
repeat_2_fold_4,FGF12,0.0,0.0,0.0,0.0,0.0,0.0,0.0
repeat_2_fold_4,FGF3,0.0,0.0,0.0,0.0,0.0,0.0,0.0
repeat_2_fold_4,FLNB,0.0,0.0,0.0,0.0,0.0,0.0,0.0
repeat_2_fold_4,FMNL1,0.0,0.0,0.0,0.0,0.0,0.0,0.0
repeat_2_fold_4,FRAT2,0.0,0.0,0.0,0.0,0.0,0.0,0.0
repeat_2_fold_4,FUT4,0.0,0.0,0.0,0.0,0.0,0.0,0.0
repeat_2_fold_4,FXR1,-0.03263129686126298,0.05024940663875697,0.025124703319378484,-0.05775600018064146,0.0,0.0010229132569558042,0.5
repeat_2_fold_4,GABRA1,0.0,0.0,0.0,0.0,0.0,0.0,0.0
repeat_2_fold_4,GAD1,0.03823135258167021,0.06941978094536004,0.03470989047268002,0.003521462108990188,0.5,0.001223073385058282,1.0
repeat_2_fold_4,GALNT14,0.0,0.0,0.0,0.0,0.0,0.0,0.0
repeat_2_fold_4,GATA3,0.0,0.0,0.0,0.0,0.0,0.0,0.0
repeat_2_fold_4,GDI1,0.0,0.0,0.0,0.0,0.0,0.0,0.0
repeat_2_fold_4,GDPD3,0.0,0.0,0.0,0.0,0.0,0.0,0.0
repeat_2_fold_4,GEMIN2,0.0,0.0,0.0,0.0,0.0,0.0,0.0
repeat_2_fold_4,GEMIN6,0.0,0.0,0.0,0.0,0.0,0.0,0.0
repeat_2_fold_4,GGA3,0.0,0.0,0.0,0.0,0.0,0.0,0.0
repeat_2_fold_4,GGCT,0.0,0.0,0.0,0.0,0.0,0.0,0.0
repeat_2_fold_4,GJB3,0.0,0.0,0.0,0.0,0.0,0.0,0.0
repeat_2_fold_4,GJB5,0.0,0.0,0.0,0.0,0.0,0.0,0.0
repeat_2_fold_4,GJC1,0.0,0.0,0.0,0.0,0.0,0.0,0.0
repeat_2_fold_4,GLP2R,0.0,0.0,0.0,0.0,0.0,0.0,0.0
repeat_2_fold_4,GMPR,0.11827325451483084,0.0883499954069668,0.0441749977034834,0.07409825681134743,0.75,0.0020502490372003024,1.0
repeat_2_fold_4,GNA11,0.0,0.0,0.0,0.0,0.0,0.0,0.0
repeat_2_fold_4,GNG7,0.0,0.0,0.0,0.0,0.0,0.0,0.0
repeat_2_fold_4,GNRHR,0.0,0.0,0.0,0.0,0.0,0.0,0.0
repeat_2_fold_4,GP1BB,0.0,0.0,0.0,0.0,0.0,0.0,0.0
repeat_2_fold_4,GPR17,0.0,0.0,0.0,0.0,0.0,0.0,0.0
repeat_2_fold_4,GPR183,0.0,0.0,0.0,0.0,0.0,0.0,0.0
repeat_2_fold_4,GPR35,0.1613991231794234,0.19020663259709794,0.09510331629854897,0.06629580688087443,0.5,-0.0014011208967173727,0.5
repeat_2_fold_4,GPR37L1,0.0,0.0,0.0,0.0,0.0,0.0,0.0
repeat_2_fold_4,GPR4,0.0,0.0,0.0,0.0,0.0,-0.0004091653027823161,0.5
repeat_2_fold_4,GPR65,0.0,0.0,0.0,0.0,0.0,0.0,0.0
repeat_2_fold_4,GREB1,-0.0975174958040661,0.11289084741811627,0.05644542370905813,-0.15396291951312424,0.0,0.001534369885433734,0.5
repeat_2_fold_4,GSDME,0.0,0.0,0.0,0.0,0.0,0.0,0.0
repeat_2_fold_4,GTF2H1,0.0,0.0,0.0,0.0,0.0,0.0,0.0
repeat_2_fold_4,H2BC5,0.0,0.0,0.0,0.0,0.0,0.0,0.0
repeat_2_fold_4,H3C12,0.0,0.0,0.0,0.0,0.0,0.0,0.0
repeat_2_fold_4,H3C8,0.0,0.0,0.0,0.0,0.0,0.0,0.0
repeat_2_fold_4,HADH,0.0,0.0,0.0,0.0,0.0,0.0,0.0
repeat_2_fold_4,HADHA,0.0,0.0,0.0,0.0,0.0,0.0,0.0
repeat_2_fold_4,HARS1,0.0,0.0,0.0,0.0,0.0,0.0,0.0
repeat_2_fold_4,HAUS3,0.0,0.0,0.0,0.0,0.0,0.0,0.0
repeat_2_fold_4,HCN4,0.38850371509315096,1.1631070846959737,0.5815535423479868,-0.19304982725483588,0.5,0.00018689255823642337,1.0
repeat_2_fold_4,HDAC2,0.0,0.0,0.0,0.0,0.0,0.0,0.0
repeat_2_fold_4,HHAT,0.0,0.0,0.0,0.0,0.0,0.0,0.0
repeat_2_fold_4,HINT1,0.0,0.0,0.0,0.0,0.0,0.0,0.0
repeat_2_fold_4,HIP1R,0.0,0.0,0.0,0.0,0.0,0.0,0.0
repeat_2_fold_4,HIPK1,0.0,0.0,0.0,0.0,0.0,0.0,0.0
repeat_2_fold_4,HMBS,0.0,0.0,0.0,0.0,0.0,0.0,0.0
repeat_2_fold_4,HMGCS1,0.5256835458871105,0.6989088051419701,0.34945440257098503,0.1762291433161255,0.5,0.0016012810248198228,0.5
repeat_2_fold_4,HOXA2,0.0,0.0,0.0,0.0,0.0,-0.0004091653027823161,0.5
repeat_2_fold_4,HSD17B7,0.0,0.0,0.0,0.0,0.0,0.0,0.0
repeat_2_fold_4,HSPA6,0.0,0.0,0.0,0.0,0.0,0.0,0.0
repeat_2_fold_4,HSPH1,0.0,0.0,0.0,0.0,0.0,0.0,0.0
repeat_2_fold_4,HTT,0.0,0.0,0.0,0.0,0.0,0.0,0.0
repeat_2_fold_4,HYAL4,0.0,0.0,0.0,0.0,0.0,0.0,0.0
repeat_2_fold_4,IARS1,0.08116346526015406,0.12491542042314364,0.06245771021157182,0.018705755048582233,0.5,0.0009338895011263004,1.0
repeat_2_fold_4,ID1,0.0,0.0,0.0,0.0,0.0,0.0,0.0
repeat_2_fold_4,IFI44L,-0.1333568680839896,0.2667137361679792,0.1333568680839896,-0.2667137361679792,0.0,0.0017389525368248782,0.5
repeat_2_fold_4,IFNA1,0.19327511226313554,0.35977201242706,0.17988600621353,0.013389106049605554,0.5,-0.002935490782151079,1.0
repeat_2_fold_4,IFT140,-0.13915153677299763,0.1714939426404672,0.0857469713202336,-0.22489850809323123,0.0,-0.00030687397708673014,0.5
repeat_2_fold_4,IGF2,0.03621547920790924,0.07243095841581848,0.03621547920790924,0.0,0.25,-0.0026020816653322676,0.5
repeat_2_fold_4,IGFBP4,0.0,0.0,0.0,0.0,0.0,0.0,0.0
repeat_2_fold_4,IGFBP6,0.0,0.0,0.0,0.0,0.0,0.0,0.0
repeat_2_fold_4,IGFBP7,0.0,0.0,0.0,0.0,0.0,0.0,0.0
repeat_2_fold_4,IGHG1,0.0,0.0,0.0,0.0,0.0,0.0,0.0
repeat_2_fold_4,IGLV2-14,0.0,0.0,0.0,0.0,0.0,0.0,0.0
repeat_2_fold_4,IGLV3-19,0.02632945765730277,0.048528716553130964,0.024264358276565482,0.0020650993807372862,0.5,0.00040916530278228835,1.0
repeat_2_fold_4,IL27RA,0.0,0.0,0.0,0.0,0.0,-0.000613747954173488,0.5
repeat_2_fold_4,IMPDH1,0.0,0.0,0.0,0.0,0.0,0.0,0.0
repeat_2_fold_4,IP6K1,-0.006596392580304311,0.03765817282520588,0.01882908641260294,-0.02542547899290725,0.5,0.0001913150815250897,1.0
repeat_2_fold_4,IPPK,0.0,0.0,0.0,0.0,0.0,0.0,0.0
repeat_2_fold_4,IQGAP1,0.0,0.0,0.0,0.0,0.0,0.0,0.0
repeat_2_fold_4,IRF1,0.0,0.0,0.0,0.0,0.0,-0.0012009607686148949,0.5
repeat_2_fold_4,IRF8,0.0,0.0,0.0,0.0,0.0,0.0,0.0
repeat_2_fold_4,IRF9,0.0,0.0,0.0,0.0,0.0,0.0,0.0
repeat_2_fold_4,ITGAE,0.36046213646008773,0.5742395250291102,0.2871197625145551,0.07334237394553261,0.5,-0.0018014411529223284,0.5
repeat_2_fold_4,ITGB3,0.0,0.0,0.0,0.0,0.0,0.0,0.0
repeat_2_fold_4,ITGB3BP,0.0,0.0,0.0,0.0,0.0,0.0,0.0
repeat_2_fold_4,ITPKA,0.0,0.0,0.0,0.0,0.0,0.0,0.0
repeat_2_fold_4,ITPKC,0.0,0.0,0.0,0.0,0.0,0.0,0.0
repeat_2_fold_4,JUN,0.0,0.0,0.0,0.0,0.0,0.0,0.0
repeat_2_fold_4,KARS1,0.0,0.0,0.0,0.0,0.0,0.0,0.0
repeat_2_fold_4,KCNAB1,1.191731873742663,1.3761151126740485,0.6880575563370243,0.5036743174056387,0.5,-0.002201761409127312,0.5
repeat_2_fold_4,KCNJ4,-0.09697645570309277,0.1366994653193563,0.06834973265967816,-0.1653261883627709,0.0,8.845046577360405e-06,1.0
repeat_2_fold_4,KCNK10,0.06380384793138738,0.12760769586277476,0.06380384793138738,0.0,0.25,-0.0017793285364789413,1.0
repeat_2_fold_4,KCNMB1,0.0,0.0,0.0,0.0,0.0,0.0,0.0
repeat_2_fold_4,KDM3B,0.0,0.0,0.0,0.0,0.0,0.0,0.0
repeat_2_fold_4,KDM5D,0.1867085024641284,0.23620859587592957,0.11810429793796479,0.06860420452616361,0.5,-0.0008006405124099392,0.5
repeat_2_fold_4,KDM6A,0.0,0.0,0.0,0.0,0.0,0.0,0.0
repeat_2_fold_4,KIF18A,0.0,0.0,0.0,0.0,0.0,0.0,0.0
repeat_2_fold_4,KIF1B,0.0,0.0,0.0,0.0,0.0,0.0,0.0
repeat_2_fold_4,KIF5A,0.0,0.0,0.0,0.0,0.0,0.0,0.0
repeat_2_fold_4,KIR2DS4,0.0,0.0,0.0,0.0,0.0,0.0,0.0
repeat_2_fold_4,KLRB1,0.0,0.0,0.0,0.0,0.0,0.0,0.0
repeat_2_fold_4,KLRC2,0.0,0.0,0.0,0.0,0.0,0.0,0.0
repeat_2_fold_4,KLRD1,0.0,0.0,0.0,0.0,0.0,0.0,0.0
repeat_2_fold_4,KNL1,0.0,0.0,0.0,0.0,0.0,0.0,0.0
repeat_2_fold_4,KPNA2,0.0,0.0,0.0,0.0,0.0,0.0,0.0
repeat_2_fold_4,KPNA3,0.30617675319144766,1.0629456750477255,0.5314728375238628,-0.2252960843324151,0.5,0.0057781085752398875,1.0
repeat_2_fold_4,KRT19,0.0,0.0,0.0,0.0,0.0,0.0,0.0
repeat_2_fold_4,KRT20,0.0,0.0,0.0,0.0,0.0,0.0,0.0
repeat_2_fold_4,KRTAP1-3,0.0,0.0,0.0,0.0,0.0,0.0,0.0
repeat_2_fold_4,KYAT1,0.0,0.0,0.0,0.0,0.0,0.0,0.0
repeat_2_fold_4,LAMA3,0.0,0.0,0.0,0.0,0.0,0.0,0.5
repeat_2_fold_4,LAMA4,0.0,0.0,0.0,0.0,0.0,0.0,0.0
repeat_2_fold_4,LAMB1,0.0,0.0,0.0,0.0,0.0,0.0,0.0
repeat_2_fold_4,LAMP2,-0.010130599796509543,0.03567490893514099,0.017837454467570495,-0.027968054264080038,0.25,-0.0012009607686149226,0.5
repeat_2_fold_4,LARS2,0.0,0.0,0.0,0.0,0.0,0.0,0.0
repeat_2_fold_4,LDLRAP1,0.8414765707290961,1.4388924600109456,0.7194462300054728,0.12203034072362329,0.5,0.0016366612111292922,1.0
repeat_2_fold_4,LILRB5,1.0424377253602977,1.2103465485589515,0.6051732742794758,0.4372644510808219,0.5,0.0010052231638010833,1.0
repeat_2_fold_4,LMAN2,0.0,0.0,0.0,0.0,0.0,0.0,0.0
repeat_2_fold_4,LPIN1,0.0,0.0,0.0,0.0,0.0,0.0,0.0
repeat_2_fold_4,LRFN3,0.0,0.0,0.0,0.0,0.0,0.0,0.0
repeat_2_fold_4,LRFN4,0.0,0.0,0.0,0.0,0.0,0.0,0.0
repeat_2_fold_4,LRP4,0.0,0.0,0.0,0.0,0.0,0.0,0.0
repeat_2_fold_4,LRRC14,0.0,0.0,0.0,0.0,0.0,0.0,0.0
repeat_2_fold_4,LRRC8D,0.0,0.0,0.0,0.0,0.0,0.0,0.0
repeat_2_fold_4,LTB,0.0,0.0,0.0,0.0,0.0,0.0,0.0
repeat_2_fold_4,LTBP1,0.0,0.0,0.0,0.0,0.0,-0.0018014411529223562,0.5
repeat_2_fold_4,LYPD1,0.0,0.0,0.0,0.0,0.0,0.0,0.0
repeat_2_fold_4,LYPLA2,0.0,0.0,0.0,0.0,0.0,0.0,0.0
repeat_2_fold_4,MAG,0.0,0.0,0.0,0.0,0.0,0.0,0.0
repeat_2_fold_4,MAGED1,0.0,0.0,0.0,0.0,0.0,0.0,0.0
repeat_2_fold_4,MAIP1,0.0,0.0,0.0,0.0,0.0,0.0,0.0
repeat_2_fold_4,MAN2B2,0.0,0.0,0.0,0.0,0.0,0.0006491281404829297,1.0
repeat_2_fold_4,MANBA,0.0,0.0,0.0,0.0,0.0,0.0,0.0
repeat_2_fold_4,MAP2K7,0.0,0.0,0.0,0.0,0.0,0.0,0.0
repeat_2_fold_4,MAP3K14,0.0,0.0,0.0,0.0,0.0,0.0,0.0
repeat_2_fold_4,MAP3K5,0.0,0.0,0.0,0.0,0.0,0.0,0.0
repeat_2_fold_4,MBOAT7,0.0,0.0,0.0,0.0,0.0,0.0,0.0
repeat_2_fold_4,MC2R,0.0,0.0,0.0,0.0,0.0,0.0,0.0
repeat_2_fold_4,MCCC2,0.0,0.0,0.0,0.0,0.0,0.0,0.0
repeat_2_fold_4,MCOLN3,0.0,0.0,0.0,0.0,0.0,0.0,0.0
repeat_2_fold_4,MCPH1,0.0,0.0,0.0,0.0,0.0,0.0,0.0
repeat_2_fold_4,MCRS1,0.0,0.0,0.0,0.0,0.0,0.0,0.0
repeat_2_fold_4,MED6,0.0,0.0,0.0,0.0,0.0,0.0,0.0
repeat_2_fold_4,MEFV,0.0,0.0,0.0,0.0,0.0,0.0,0.0
repeat_2_fold_4,METAP2,0.0,0.0,0.0,0.0,0.0,0.0,0.0
repeat_2_fold_4,METTL3,0.0,0.0,0.0,0.0,0.0,0.0,0.0
repeat_2_fold_4,MFN2,0.0,0.0,0.0,0.0,0.0,0.0,0.0
repeat_2_fold_4,MICU2,-0.12550811029139908,0.14848702109901232,0.07424351054950616,-0.19975162084090525,0.0,-0.0008183306055646322,0.5
repeat_2_fold_4,MIS18A,0.0,0.0,0.0,0.0,0.0,0.0,0.0
repeat_2_fold_4,MLNR,0.0,0.0,0.0,0.0,0.0,0.0,0.0
repeat_2_fold_4,MOB1A,0.0,0.0,0.0,0.0,0.0,0.0,0.0
repeat_2_fold_4,MPC1,0.0,0.0,0.0,0.0,0.0,0.0,0.0
repeat_2_fold_4,MPHOSPH8,0.0,0.0,0.0,0.0,0.0,0.0,0.0
repeat_2_fold_4,MPI,0.0,0.0,0.0,0.0,0.0,0.0,0.0
repeat_2_fold_4,MRPL15,0.0,0.0,0.0,0.0,0.0,0.0,0.0
repeat_2_fold_4,MSL3,0.0,0.0,0.0,0.0,0.0,0.0,0.0
repeat_2_fold_4,MSR1,0.0,0.0,0.0,0.0,0.0,0.0,0.0
repeat_2_fold_4,MSRA,0.0,0.0,0.0,0.0,0.0,0.0,0.0
repeat_2_fold_4,MT1F,0.0,0.0,0.0,0.0,0.0,0.0,0.0
repeat_2_fold_4,MT2A,0.0,0.0,0.0,0.0,0.0,0.0,0.0
repeat_2_fold_4,MTARC1,0.0,0.0,0.0,0.0,0.0,0.0,0.0
repeat_2_fold_4,MTMR12,-0.16840347747623596,0.19445558610674782,0.09722779305337391,-0.2656312705296099,0.0,-0.000613747954173488,0.5
repeat_2_fold_4,MUC5AC,0.11225282479458443,0.13156480877927904,0.06578240438963952,0.04647042040494491,0.5,-0.0026020816653322953,0.5
repeat_2_fold_4,MYBBP1A,0.0,0.0,0.0,0.0,0.0,0.0,0.0
repeat_2_fold_4,MYC,0.0,0.0,0.0,0.0,0.0,0.0,0.0
repeat_2_fold_4,MYF5,0.0,0.0,0.0,0.0,0.0,0.0,0.0
repeat_2_fold_4,MYH11,0.0,0.0,0.0,0.0,0.0,-0.0004091653027823161,0.5
repeat_2_fold_4,MYLIP,0.0,0.0,0.0,0.0,0.0,0.00081833060556466,0.5
repeat_2_fold_4,MYOG,0.0,0.0,0.0,0.0,0.0,0.0,0.0
repeat_2_fold_4,MZT2A,0.0,0.0,0.0,0.0,0.0,0.0,0.0
repeat_2_fold_4,NADSYN1,0.0,0.0,0.0,0.0,0.0,0.0,0.0
repeat_2_fold_4,NAT1,0.0,0.0,0.0,0.0,0.0,0.0,0.0
repeat_2_fold_4,NCAPD3,0.0,0.0,0.0,0.0,0.0,0.0,0.0
repeat_2_fold_4,NCOR1,-0.31124552452316223,0.417532756765686,0.208766378382843,-0.5200119029060053,0.0,0.0033756137479541704,0.5
repeat_2_fold_4,NDN,0.0,0.0,0.0,0.0,0.0,0.0,0.0
repeat_2_fold_4,NDRG1,0.0,0.0,0.0,0.0,0.0,0.0,0.0
repeat_2_fold_4,NDUFAF4,0.33915618065123887,0.8620577157932314,0.4310288578966157,-0.09187267724537684,0.25,0.0024417242468279254,1.0
repeat_2_fold_4,NDUFB1,0.0,0.0,0.0,0.0,0.0,0.0,0.0
repeat_2_fold_4,NEDD8,0.0,0.0,0.0,0.0,0.0,0.0,0.0
repeat_2_fold_4,NELL2,0.0,0.0,0.0,0.0,0.0,0.0,0.0
repeat_2_fold_4,NET1,0.0,0.0,0.0,0.0,0.0,0.0,0.0
repeat_2_fold_4,NFE2L2,0.0,0.0,0.0,0.0,0.0,0.0,0.0
repeat_2_fold_4,NFRKB,0.0,0.0,0.0,0.0,0.0,0.0,0.0
repeat_2_fold_4,NIT2,0.0,0.0,0.0,0.0,0.0,0.0,0.0
repeat_2_fold_4,NLGN4Y,0.0,0.0,0.0,0.0,0.0,0.0,0.0
repeat_2_fold_4,NLRP3,0.0,0.0,0.0,0.0,0.0,0.0,0.0
repeat_2_fold_4,NMUR1,0.5184932768587505,1.044934838533423,0.5224674192667115,-0.003974142407961012,0.25,-0.00020016012810247785,0.5
repeat_2_fold_4,NOP2,0.0,0.0,0.0,0.0,0.0,0.0,0.0
repeat_2_fold_4,NOTCH1,0.0,0.0,0.0,0.0,0.0,0.0,0.0
repeat_2_fold_4,NOTCH3,-0.11156504020350155,0.16045284837527454,0.08022642418763727,-0.1917914643911388,0.0,-0.0010229132569558042,0.5
repeat_2_fold_4,NPBWR2,0.0,0.0,0.0,0.0,0.0,0.0,0.0
repeat_2_fold_4,NPLOC4,-0.17650379454929954,0.22030663580858248,0.11015331790429124,-0.28665711245359077,0.0,0.0015343698854337062,0.5
repeat_2_fold_4,NR1H3,0.0,0.0,0.0,0.0,0.0,0.0,0.0
repeat_2_fold_4,NR2E3,0.0,0.0,0.0,0.0,0.0,0.0,0.0
repeat_2_fold_4,NR4A1,-0.044487280251914285,0.051369486457914074,0.025684743228957037,-0.07017202348087132,0.0,0.0010229132569558042,0.5
repeat_2_fold_4,NR4A3,0.0,0.0,0.0,0.0,0.0,0.0,0.0
repeat_2_fold_4,NRBP1,0.0,0.0,0.0,0.0,0.0,0.0,0.0
repeat_2_fold_4,NRCAM,0.0,0.0,0.0,0.0,0.0,0.0,0.0
repeat_2_fold_4,NRXN1,0.0,0.0,0.0,0.0,0.0,0.0,0.0
repeat_2_fold_4,NTF3,0.0,0.0,0.0,0.0,0.0,0.0,0.0
repeat_2_fold_4,NTHL1,0.0,0.0,0.0,0.0,0.0,0.0,0.0
repeat_2_fold_4,NUDC,0.010507899342368177,0.012133477027867517,0.006066738513933759,0.004441160828434418,0.5,0.00020016012810247785,0.5
repeat_2_fold_4,NUMB,0.0,0.0,0.0,0.0,0.0,0.0,0.0
repeat_2_fold_4,NUP188,0.0,0.0,0.0,0.0,0.0,0.0,0.0
repeat_2_fold_4,OAT,0.0,0.0,0.0,0.0,0.0,0.0,0.0
repeat_2_fold_4,OGFOD1,0.0,0.0,0.0,0.0,0.0,0.0,0.0
repeat_2_fold_4,OGT,0.0,0.0,0.0,0.0,0.0,0.0,0.0
repeat_2_fold_4,OPN1MW,0.0,0.0,0.0,0.0,0.0,0.0,0.0
repeat_2_fold_4,OPN3,0.0,0.0,0.0,0.0,0.0,-0.000613747954173488,0.5
repeat_2_fold_4,OPTN,0.0,0.0,0.0,0.0,0.0,0.0,0.0
repeat_2_fold_4,OR2H1,-0.016363114759521125,0.15271812417974426,0.07635906208987213,-0.09272217684939325,0.5,-0.00020016012810247785,1.0
repeat_2_fold_4,OR2S2,0.0,0.0,0.0,0.0,0.0,0.0,0.0
repeat_2_fold_4,OR5V1,0.4000559127950769,0.6771767023422175,0.33858835117110875,0.06146756162396816,0.5,0.0,0.5
repeat_2_fold_4,OR7C2,0.0,0.0,0.0,0.0,0.0,0.0,0.0
repeat_2_fold_4,OR7E24,0.0,0.0,0.0,0.0,0.0,0.0,0.0
repeat_2_fold_4,ORMDL2,0.0,0.0,0.0,0.0,0.0,0.0,0.0
repeat_2_fold_4,OSBPL10,0.0,0.0,0.0,0.0,0.0,0.0,0.0
repeat_2_fold_4,OSGEPL1,0.0,0.0,0.0,0.0,0.0,0.0,0.0
repeat_2_fold_4,OTUB2,0.0,0.0,0.0,0.0,0.0,0.0,0.0
repeat_2_fold_4,PA2G4,0.0,0.0,0.0,0.0,0.0,0.0,0.0
repeat_2_fold_4,PABPC1,0.0,0.0,0.0,0.0,0.0,0.0,0.0
repeat_2_fold_4,PADI2,0.005446380272521978,0.05947307431759832,0.02973653715879916,-0.024290156886277184,0.25,0.0011650072922495258,1.0
repeat_2_fold_4,PAF1,0.0,0.0,0.0,0.0,0.0,0.0,0.0
repeat_2_fold_4,PANK2,0.0,0.0,0.0,0.0,0.0,0.0,0.0
repeat_2_fold_4,PBRM1,0.0,0.0,0.0,0.0,0.0,0.0,0.0
repeat_2_fold_4,PDE4A,0.0,0.0,0.0,0.0,0.0,0.0,0.0
repeat_2_fold_4,PDGFB,0.0,0.0,0.0,0.0,0.0,0.0,0.0
repeat_2_fold_4,PDK3,0.0,0.0,0.0,0.0,0.0,0.0,0.0
repeat_2_fold_4,PELO,0.0,0.0,0.0,0.0,0.0,0.0,0.0
repeat_2_fold_4,PER2,0.0,0.0,0.0,0.0,0.0,0.0,0.0
repeat_2_fold_4,PEX26,0.0,0.0,0.0,0.0,0.0,0.0,0.0
repeat_2_fold_4,PFKL,0.0,0.0,0.0,0.0,0.0,0.0,0.0
repeat_2_fold_4,PGM3,0.0,0.0,0.0,0.0,0.0,0.0,0.0
repeat_2_fold_4,PHF20L1,0.0,0.0,0.0,0.0,0.0,0.0,0.0
repeat_2_fold_4,PIGZ,0.0,0.0,0.0,0.0,0.0,0.0,0.0
repeat_2_fold_4,PIK3CD,0.12227549669075088,0.17102478484255582,0.08551239242127791,0.036763104269472976,0.5,-0.0018014411529223562,0.5
repeat_2_fold_4,PIK3R1,-0.07340952370764597,0.08476601654738324,0.04238300827369162,-0.1157925319813376,0.0,-0.000613747954173488,0.5
repeat_2_fold_4,PIP,0.0,0.0,0.0,0.0,0.0,0.0,0.0
repeat_2_fold_4,PIP5K1B,0.0,0.0,0.0,0.0,0.0,0.0,0.0
repeat_2_fold_4,PIR,0.0,0.0,0.0,0.0,0.0,0.0,0.0
repeat_2_fold_4,PITRM1,0.0,0.0,0.0,0.0,0.0,0.0,0.0
repeat_2_fold_4,PLA2G10,0.0,0.0,0.0,0.0,0.0,0.0,0.0
repeat_2_fold_4,PLA2G15,0.0,0.0,0.0,0.0,0.0,0.0,0.0
repeat_2_fold_4,PLA2G4C,0.0,0.0,0.0,0.0,0.0,0.0,0.0
repeat_2_fold_4,PLA2G6,-0.1333568680839896,0.2667137361679792,0.1333568680839896,-0.2667137361679792,0.0,0.00021785022125722642,1.0
repeat_2_fold_4,PLAT,0.0,0.0,0.0,0.0,0.0,0.0,0.0
repeat_2_fold_4,PLCG1,-0.00443221055171783,0.07901794277569428,0.03950897138784714,-0.04394118193956497,0.25,-0.003784779050736514,0.5
repeat_2_fold_4,PLEC,1.1136184504655287,1.2916357534819745,0.6458178767409872,0.4678005737245414,0.5,-0.0006004803843074613,0.5
repeat_2_fold_4,PLEK,0.0,0.0,0.0,0.0,0.0,0.0,0.0
repeat_2_fold_4,PLOD2,0.0,0.0,0.0,0.0,0.0,0.0,0.0
repeat_2_fold_4,PLPP3,0.10752010506505272,0.1253728424893251,0.06268642124466255,0.04483368382039017,0.5,0.0016012810248198506,0.5
repeat_2_fold_4,PNMT,0.0,0.0,0.0,0.0,0.0,0.0,0.0
repeat_2_fold_4,PNPLA3,0.0,0.0,0.0,0.0,0.0,-0.001000800640512417,0.5
repeat_2_fold_4,PNPLA4,0.0,0.0,0.0,0.0,0.0,0.0,0.0
repeat_2_fold_4,POLDIP3,0.0,0.0,0.0,0.0,0.0,0.001329787234042562,0.5
repeat_2_fold_4,POLR1D,0.0,0.0,0.0,0.0,0.0,0.0,0.0
repeat_2_fold_4,POLR2L,1.0152005550000744,1.2526469014339665,0.6263234507169833,0.3888771042830912,0.5,0.001000800640512417,0.5
repeat_2_fold_4,POP7,0.0,0.0,0.0,0.0,0.0,0.0,0.0
repeat_2_fold_4,PPARGC1A,-0.03489793376125583,0.04323234765837276,0.02161617382918638,-0.05651410759044221,0.0,0.00020458265139117193,0.5
repeat_2_fold_4,PPEF1,0.0,0.0,0.0,0.0,0.0,0.0,0.0
repeat_2_fold_4,PPFIBP2,0.0,0.0,0.0,0.0,0.0,0.0,0.0
repeat_2_fold_4,PPP2R5A,0.0,0.0,0.0,0.0,0.0,0.0,0.0
repeat_2_fold_4,PRDM8,0.0,0.0,0.0,0.0,0.0,0.0,0.0
repeat_2_fold_4,PRDX1,0.0,0.0,0.0,0.0,0.0,0.0,0.0
repeat_2_fold_4,PREX2,0.0,0.0,0.0,0.0,0.0,0.0,0.0
repeat_2_fold_4,PRIM2,0.0,0.0,0.0,0.0,0.0,0.0,0.0
repeat_2_fold_4,PRKAR1B,0.0,0.0,0.0,0.0,0.0,0.0,0.0
repeat_2_fold_4,PRKCZ,0.12841356961657624,0.04325986944041451,0.021629934720207255,0.10678363489636898,1.0,0.0009250444545489123,1.0
repeat_2_fold_4,PRKX,0.0,0.0,0.0,0.0,0.0,0.0,0.0
repeat_2_fold_4,PRODH2,0.0,0.0,0.0,0.0,0.0,0.0,0.0
repeat_2_fold_4,PRPF19,0.0,0.0,0.0,0.0,0.0,0.0,0.0
repeat_2_fold_4,PRPF40A,0.0,0.0,0.0,0.0,0.0,0.0,0.0
repeat_2_fold_4,PRSS2,0.0,0.0,0.0,0.0,0.0,0.0,0.0
repeat_2_fold_4,PSAT1,0.0,0.0,0.0,0.0,0.0,0.0,0.0
repeat_2_fold_4,PSG3,0.0,0.0,0.0,0.0,0.0,0.0,0.0
repeat_2_fold_4,PSG6,0.0,0.0,0.0,0.0,0.0,0.0,0.0
repeat_2_fold_4,PSMB9,0.0,0.0,0.0,0.0,0.0,0.0,0.0
repeat_2_fold_4,PSMD10,0.024050468218526078,0.048100936437052155,0.024050468218526078,0.0,0.25,0.0010229132569558042,0.5
repeat_2_fold_4,PSMD5,0.0,0.0,0.0,0.0,0.0,0.0,0.0
repeat_2_fold_4,PTAFR,0.0,0.0,0.0,0.0,0.0,0.0,0.0
repeat_2_fold_4,PTGDR,0.0,0.0,0.0,0.0,0.0,0.0030687397708674125,0.5
repeat_2_fold_4,PTGER1,0.0,0.0,0.0,0.0,0.0,0.0020458265139116083,0.5
repeat_2_fold_4,PTGER4,0.0,0.0,0.0,0.0,0.0,0.0,0.0
repeat_2_fold_4,PTGES,0.0,0.0,0.0,0.0,0.0,0.0,0.0
repeat_2_fold_4,PTGES2,-0.07160269561507882,0.11203115610797323,0.05601557805398662,-0.12761827366906542,0.0,0.0034779050736497563,0.5
repeat_2_fold_4,PTGIS,0.0,0.0,0.0,0.0,0.0,0.0,0.0
repeat_2_fold_4,PTPRK,-0.04722691874256668,0.05453294849803492,0.02726647424901746,-0.07449339299158414,0.0,-0.001000800640512417,0.5
repeat_2_fold_4,PTPRO,0.0,0.0,0.0,0.0,0.0,0.0,0.0
repeat_2_fold_4,PYCR1,0.0,0.0,0.0,0.0,0.0,0.0,0.0
repeat_2_fold_4,PYGL,0.060304821918185425,0.12060964383637085,0.060304821918185425,0.0,0.25,-0.0008852417449508043,1.0
repeat_2_fold_4,RAB1A,0.0,0.0,0.0,0.0,0.0,0.0,0.0
repeat_2_fold_4,RAB25,0.0,0.0,0.0,0.0,0.0,0.0,0.0
repeat_2_fold_4,RAB27A,0.0,0.0,0.0,0.0,0.0,0.0,0.0
repeat_2_fold_4,RAB31,0.0,0.0,0.0,0.0,0.0,0.0,0.0
repeat_2_fold_4,RAB38,0.0,0.0,0.0,0.0,0.0,0.0,0.0
repeat_2_fold_4,RAB3B,0.0,0.0,0.0,0.0,0.0,0.0,0.0
repeat_2_fold_4,RAD51,0.0,0.0,0.0,0.0,0.0,0.0,0.0
repeat_2_fold_4,RAG1,0.0,0.0,0.0,0.0,0.0,0.0,0.0
repeat_2_fold_4,RASA2,0.0,0.0,0.0,0.0,0.0,0.0,0.0
repeat_2_fold_4,RBM7,0.0,0.0,0.0,0.0,0.0,0.0,0.0
repeat_2_fold_4,RCE1,0.0,0.0,0.0,0.0,0.0,0.0,0.0
repeat_2_fold_4,RECK,0.0,0.0,0.0,0.0,0.0,0.0,0.0
repeat_2_fold_4,REPS2,0.0,0.0,0.0,0.0,0.0,0.0,0.0
repeat_2_fold_4,RETN,-0.13915153677299763,0.1714939426404672,0.0857469713202336,-0.22489850809323123,0.0,-0.00020458265139114418,0.5
repeat_2_fold_4,REXO2,0.0,0.0,0.0,0.0,0.0,0.0,0.0
repeat_2_fold_4,RGS11,0.0,0.0,0.0,0.0,0.0,0.0,0.0
repeat_2_fold_4,RGS2,-0.051223387459586434,0.10244677491917287,0.051223387459586434,-0.10244677491917287,0.0,0.0007160392798690463,0.5
repeat_2_fold_4,RHOH,0.03820818050126995,0.17004085975420624,0.08502042987710312,-0.04681224937583317,0.5,0.00336676870137681,1.0
repeat_2_fold_4,RIDA,0.0,0.0,0.0,0.0,0.0,0.0,0.0
repeat_2_fold_4,RIGI,0.0,0.0,0.0,0.0,0.0,0.0,0.0
repeat_2_fold_4,RIPOR2,0.0,0.0,0.0,0.0,0.0,0.0,0.0
repeat_2_fold_4,RMND5A,0.0,0.0,0.0,0.0,0.0,0.0,0.0
repeat_2_fold_4,RNASE6,0.0,0.0,0.0,0.0,0.0,0.0,0.0
repeat_2_fold_4,RNF40,0.1706657853564888,0.2815808358557221,0.14079041792786104,0.029875367428627758,0.75,-0.003718441201406325,1.0
repeat_2_fold_4,RNMT,0.0,0.0,0.0,0.0,0.0,0.0,0.0
repeat_2_fold_4,RNPS1,-0.08612132122084049,0.11216799647778652,0.05608399823889326,-0.14220531945973375,0.0,-0.001534369885433734,0.5
repeat_2_fold_4,RORC,0.0,0.0,0.0,0.0,0.0,0.0,0.0
repeat_2_fold_4,RPE,0.0,0.0,0.0,0.0,0.0,0.0,0.0
repeat_2_fold_4,RPL10,0.0022789894387766907,0.013693001096175996,0.006846500548087998,-0.004567511109311307,0.25,-0.0006004803843074613,0.5
repeat_2_fold_4,RPL24,-0.030769098935387262,0.035529095106136124,0.017764547553068062,-0.048533646488455325,0.0,-0.001000800640512417,0.5
repeat_2_fold_4,RPL27,-0.010130599796509543,0.020261199593019086,0.010130599796509543,-0.020261199593019086,0.0,-0.0004003202562049557,0.5
repeat_2_fold_4,RPL36,0.0,0.0,0.0,0.0,0.0,0.00020458265139117193,0.5
repeat_2_fold_4,RPRD2,0.0,0.0,0.0,0.0,0.0,0.0,0.0
repeat_2_fold_4,RPS24,0.0,0.0,0.0,0.0,0.0,0.0,0.0
repeat_2_fold_4,RPS3,0.07920360436373919,0.09243838207592181,0.046219191037960905,0.03298441332577828,0.5,-0.0008006405124099392,0.5
repeat_2_fold_4,RPS3A,0.0,0.0,0.0,0.0,0.0,0.0,0.0
repeat_2_fold_4,RSAD2,0.06454718687388095,0.0833771811560171,0.04168859057800855,0.022858596295872398,0.5,-0.0014011208967173727,0.5
repeat_2_fold_4,RTCB,0.0,0.0,0.0,0.0,0.0,0.0,0.0
repeat_2_fold_4,RXYLT1,0.03642234875609063,0.18170917463859387,0.09085458731929694,-0.05443223856320631,0.25,0.00010229132569558597,0.5
repeat_2_fold_4,S100P,0.0,0.0,0.0,0.0,0.0,0.0,0.0
repeat_2_fold_4,SCN11A,0.0,0.0,0.0,0.0,0.0,0.0,0.0
repeat_2_fold_4,SCN3A,0.0,0.0,0.0,0.0,0.0,0.0,0.0
repeat_2_fold_4,SDK2,0.0,0.0,0.0,0.0,0.0,0.0,0.0
repeat_2_fold_4,SEC31B,0.0,0.0,0.0,0.0,0.0,0.0,0.0
repeat_2_fold_4,SELPLG,0.029377487589892226,0.2123512204885205,0.10617561024426025,-0.07679812265436803,0.5,-0.006040184029383916,1.0
repeat_2_fold_4,SEMA6D,0.0,0.0,0.0,0.0,0.0,0.0,0.0
repeat_2_fold_4,SEPTIN2,0.0,0.0,0.0,0.0,0.0,0.0,0.0
repeat_2_fold_4,SERPINA4,0.0,0.0,0.0,0.0,0.0,0.0,0.0
repeat_2_fold_4,SERPINA6,-0.12894175667652696,0.1550481419064145,0.07752407095320725,-0.2064658276297342,0.0,0.0008183306055646322,0.5
repeat_2_fold_4,SERPINC1,0.0,0.0,0.0,0.0,0.0,0.0,0.0
repeat_2_fold_4,SFTPB,0.0,0.0,0.0,0.0,0.0,0.0,0.0
repeat_2_fold_4,SH2B2,0.0,0.0,0.0,0.0,0.0,0.0,0.0
repeat_2_fold_4,SIRPA,0.0,0.0,0.0,0.0,0.0,0.0,0.0
repeat_2_fold_4,SKA1,0.0,0.0,0.0,0.0,0.0,0.0,0.0
repeat_2_fold_4,SLC10A2,0.0,0.0,0.0,0.0,0.0,0.0,0.0
repeat_2_fold_4,SLC12A2,0.0,0.0,0.0,0.0,0.0,0.0,0.0
repeat_2_fold_4,SLC15A3,0.0,0.0,0.0,0.0,0.0,0.0004091653027823161,0.5
repeat_2_fold_4,SLC16A3,0.0,0.0,0.0,0.0,0.0,0.0,0.0
repeat_2_fold_4,SLC24A2,0.0,0.0,0.0,0.0,0.0,0.0,0.0
repeat_2_fold_4,SLC25A1,0.0,0.0,0.0,0.0,0.0,0.0,0.0
repeat_2_fold_4,SLC25A16,0.0,0.0,0.0,0.0,0.0,0.0,0.0
repeat_2_fold_4,SLC25A21,0.0,0.0,0.0,0.0,0.0,0.0,0.0
repeat_2_fold_4,SLC25A22,0.027258437326482365,0.1256405398637866,0.0628202699318933,-0.03556183260541093,0.25,-0.0006004803843074613,0.5
repeat_2_fold_4,SLC2A1,0.0,0.0,0.0,0.0,0.0,0.0,0.0
repeat_2_fold_4,SLC33A1,0.0,0.0,0.0,0.0,0.0,0.0,0.0
repeat_2_fold_4,SLC38A1,0.0,0.0,0.0,0.0,0.0,0.0,0.0
repeat_2_fold_4,SLC39A6,0.0,0.0,0.0,0.0,0.0,0.0,0.0
repeat_2_fold_4,SLC47A1,0.0,0.0,0.0,0.0,0.0,0.0,0.0
repeat_2_fold_4,SLC52A2,0.0,0.0,0.0,0.0,0.0,0.0012186508617696157,1.0
repeat_2_fold_4,SLC5A7,0.0,0.0,0.0,0.0,0.0,0.0,0.0
repeat_2_fold_4,SLC6A12,0.0,0.0,0.0,0.0,0.0,0.0,0.0
repeat_2_fold_4,SLC7A5,0.0,0.0,0.0,0.0,0.0,0.0,0.0
repeat_2_fold_4,SLC9A1,0.0,0.0,0.0,0.0,0.0,0.0,0.0
repeat_2_fold_4,SLC9A5,-0.27982348688576764,0.3238207630581554,0.1619103815290777,-0.4417338684148453,0.0,-0.0009206219312602182,0.5
repeat_2_fold_4,SMG1,0.0,0.0,0.0,0.0,0.0,-0.0004003202562049557,0.5
repeat_2_fold_4,SMPD4,0.0,0.0,0.0,0.0,0.0,-0.00020016012810247785,0.5
repeat_2_fold_4,SNRPG,0.0,0.0,0.0,0.0,0.0,0.0,0.0
repeat_2_fold_4,SOCS5,0.0,0.0,0.0,0.0,0.0,0.0,0.0
repeat_2_fold_4,SOX1,0.07904163116414331,0.14441294610445635,0.07220647305222817,0.006835158111915138,0.5,0.0,0.5
repeat_2_fold_4,SPATA2,0.0,0.0,0.0,0.0,0.0,0.0,0.0
repeat_2_fold_4,SPDL1,0.0,0.0,0.0,0.0,0.0,0.0,0.0
repeat_2_fold_4,SPPL2B,0.0,0.0,0.0,0.0,0.0,0.0,0.0
repeat_2_fold_4,SPTB,0.0,0.0,0.0,0.0,0.0,0.0,0.0
repeat_2_fold_4,SPTSSA,0.0,0.0,0.0,0.0,0.0,0.0,0.0
repeat_2_fold_4,SRSF7,0.0,0.0,0.0,0.0,0.0,0.0,0.0
repeat_2_fold_4,SSR1,0.0,0.0,0.0,0.0,0.0,0.0,0.0
repeat_2_fold_4,ST8SIA2,0.0,0.0,0.0,0.0,0.0,0.0,0.0
repeat_2_fold_4,STARD13,0.0,0.0,0.0,0.0,0.0,0.0,0.0
repeat_2_fold_4,STK3,0.0,0.0,0.0,0.0,0.0,-0.000716039279869074,0.5
repeat_2_fold_4,STK4,1.171644282944941,1.372908952921892,0.686454476460946,0.4851898064839949,0.5,-0.0012009607686148949,0.5
repeat_2_fold_4,SUGP1,0.0,0.0,0.0,0.0,0.0,0.0,0.0
repeat_2_fold_4,SUMO1,0.0,0.0,0.0,0.0,0.0,0.0,0.0
repeat_2_fold_4,SUN2,0.0,0.0,0.0,0.0,0.0,0.0,0.0
repeat_2_fold_4,SWAP70,0.0,0.0,0.0,0.0,0.0,0.0,0.0
repeat_2_fold_4,SYNE1,0.0,0.0,0.0,0.0,0.0,0.0,0.0
repeat_2_fold_4,SYNJ1,0.0,0.0,0.0,0.0,0.0,0.0,0.0
repeat_2_fold_4,SYTL2,0.0,0.0,0.0,0.0,0.0,0.0,0.0
repeat_2_fold_4,TAC3,0.0,0.0,0.0,0.0,0.0,0.0,0.0
repeat_2_fold_4,TACO1,0.0,0.0,0.0,0.0,0.0,0.0,0.0
repeat_2_fold_4,TAF2,0.0,0.0,0.0,0.0,0.0,-0.0012009607686148949,0.5
repeat_2_fold_4,TAF4,0.0,0.0,0.0,0.0,0.0,-0.0008183306055646322,0.5
repeat_2_fold_4,TAL1,0.0,0.0,0.0,0.0,0.0,0.0,0.0
repeat_2_fold_4,TANK,0.0,0.0,0.0,0.0,0.0,0.0,0.0
repeat_2_fold_4,TARBP2,0.0,0.0,0.0,0.0,0.0,0.0,0.0
repeat_2_fold_4,TBCC,0.0,0.0,0.0,0.0,0.0,0.0,0.0
repeat_2_fold_4,TBL1X,0.7657727945949286,1.2676962454370466,0.6338481227185233,0.13192467187640533,0.5,-0.0012009607686148949,0.5
repeat_2_fold_4,TBL1XR1,0.0,0.0,0.0,0.0,0.0,0.0,0.0
repeat_2_fold_4,TCTN1,0.0,0.0,0.0,0.0,0.0,0.0,0.0
repeat_2_fold_4,TFG,0.0,0.0,0.0,0.0,0.0,0.0,0.0
repeat_2_fold_4,TGFB2,0.0,0.0,0.0,0.0,0.0,0.0,0.0
repeat_2_fold_4,TGFBR1,0.0,0.0,0.0,0.0,0.0,0.0,0.0
repeat_2_fold_4,TGFBR3,0.0,0.0,0.0,0.0,0.0,0.0,0.0
repeat_2_fold_4,THBS2,0.0,0.0,0.0,0.0,0.0,0.0,0.0
repeat_2_fold_4,TIMP1,0.0,0.0,0.0,0.0,0.0,0.0,0.0
repeat_2_fold_4,TIMP2,0.0,0.0,0.0,0.0,0.0,0.0,0.0
repeat_2_fold_4,TK2,0.0,0.0,0.0,0.0,0.0,0.0,0.0
repeat_2_fold_4,TLE4,0.0,0.0,0.0,0.0,0.0,0.0016410837344179863,1.0
repeat_2_fold_4,TLR2,0.0,0.0,0.0,0.0,0.0,0.0,0.0
repeat_2_fold_4,TLR3,-0.10504587724416758,0.44951434154862735,0.22475717077431367,-0.32980304801848126,0.25,-0.0006004803843074613,0.5
repeat_2_fold_4,TMED3,0.0,0.0,0.0,0.0,0.0,0.0,0.0
repeat_2_fold_4,TMOD1,0.0,0.0,0.0,0.0,0.0,0.0,0.0
repeat_2_fold_4,TMT1A,-0.20740555842215258,0.2583330810135527,0.12916654050677634,-0.3365720989289289,0.0,-0.0011252045826513901,0.5
repeat_2_fold_4,TNFAIP8,0.0,0.0,0.0,0.0,0.0,0.0,0.0
repeat_2_fold_4,TNFRSF6B,0.0,0.0,0.0,0.0,0.0,-0.0014320785597381203,0.5
repeat_2_fold_4,TNFRSF8,1.704641464939682,1.9689537722590653,0.9844768861295327,0.7201645788101493,0.5,0.006729688169520881,1.0
repeat_2_fold_4,TNFSF11,0.0,0.0,0.0,0.0,0.0,0.0,0.0
repeat_2_fold_4,TOLLIP,0.0,0.0,0.0,0.0,0.0,-0.0004091653027823161,0.5
repeat_2_fold_4,TOMM7,0.0,0.0,0.0,0.0,0.0,0.0,0.0
repeat_2_fold_4,TOR4A,0.0,0.0,0.0,0.0,0.0,0.0,0.0
repeat_2_fold_4,TP53I3,0.0,0.0,0.0,0.0,0.0,0.0,0.0
repeat_2_fold_4,TRAT1,-0.03670476185382299,0.07340952370764599,0.036704761853822994,-0.07340952370764597,0.0,0.0004091653027823161,0.5
repeat_2_fold_4,TREML2,0.0,0.0,0.0,0.0,0.0,0.0,0.0
repeat_2_fold_4,TRIB3,-0.5033755187470632,0.7883145573025679,0.39415727865128397,-0.8975327973983471,0.0,-0.007364975450081829,0.5
repeat_2_fold_4,TRIM2,0.0,0.0,0.0,0.0,0.0,0.0,0.0
repeat_2_fold_4,TRIM26,0.04353325422275667,0.09369865794766936,0.04684932897383468,-0.0033160747510780145,0.25,0.0038870703764320724,0.5
repeat_2_fold_4,TRIM9,0.0,0.0,0.0,0.0,0.0,0.0,0.0
repeat_2_fold_4,TRIP10,0.0,0.0,0.0,0.0,0.0,0.0,0.0
repeat_2_fold_4,TRMU,0.21822094034200568,0.2559755586806266,0.1279877793403133,0.09023316100169237,0.5,0.0018014411529223284,0.5
repeat_2_fold_4,TRRAP,0.0,0.0,0.0,0.0,0.0,0.0,0.0
repeat_2_fold_4,TSFM,0.5248204968694239,1.0768253746211707,0.5384126873105853,-0.013592190441161445,0.25,-0.00020016012810247785,0.5
repeat_2_fold_4,TSR1,0.0,0.0,0.0,0.0,0.0,0.0,0.0
repeat_2_fold_4,TST,0.0,0.0,0.0,0.0,0.0,0.0,0.0
repeat_2_fold_4,TTLL12,0.5214682370911579,1.0429364741823157,0.5214682370911579,0.0,0.25,-0.0020325589440455816,1.0
repeat_2_fold_4,TTN,0.0,0.0,0.0,0.0,0.0,0.0,0.0
repeat_2_fold_4,TUBA1B,0.0,0.0,0.0,0.0,0.0,0.0,0.0
repeat_2_fold_4,TUBG2,0.0,0.0,0.0,0.0,0.0,0.0,0.0
repeat_2_fold_4,TUBGCP2,-0.01832112728943791,0.029338659395696198,0.014669329697848099,-0.03299045698728601,0.0,0.0019258450950613015,1.0
repeat_2_fold_4,TXNRD1,0.0,0.0,0.0,0.0,0.0,0.0,0.0
repeat_2_fold_4,UBE2D4,-0.06929084940738939,0.21842437201467535,0.10921218600733767,-0.17850303541472706,0.25,0.00021785022125719866,1.0
repeat_2_fold_4,UBE3C,0.0,0.0,0.0,0.0,0.0,0.0,0.0
repeat_2_fold_4,UBN1,0.0,0.0,0.0,0.0,0.0,0.0,0.0
repeat_2_fold_4,UBOX5,0.0,0.0,0.0,0.0,0.0,0.0,0.0
repeat_2_fold_4,UCHL1,0.0,0.0,0.0,0.0,0.0,0.0,0.0
repeat_2_fold_4,UCHL3,0.0,0.0,0.0,0.0,0.0,0.0,0.0
repeat_2_fold_4,UCKL1,0.0,0.0,0.0,0.0,0.0,0.0,0.0
repeat_2_fold_4,UFD1,-0.1333568680839896,0.2667137361679792,0.1333568680839896,-0.2667137361679792,0.0,0.001329787234042562,0.5
repeat_2_fold_4,UGCG,0.6344463580244355,1.1743053549538338,0.5871526774769169,0.04729368054751859,0.5,0.0,0.5
repeat_2_fold_4,UNC13B,0.0,0.0,0.0,0.0,0.0,0.0,0.0
repeat_2_fold_4,UPP1,0.0,0.0,0.0,0.0,0.0,0.0,0.0
repeat_2_fold_4,USP16,-0.051223387459586434,0.10244677491917287,0.051223387459586434,-0.10244677491917287,0.0,0.0011252045826513901,0.5
repeat_2_fold_4,UTP11,0.0,0.0,0.0,0.0,0.0,0.0,0.0
repeat_2_fold_4,UTP6,0.0,0.0,0.0,0.0,0.0,0.0,0.0
repeat_2_fold_4,UTS2,0.0,0.0,0.0,0.0,0.0,0.0,0.0
repeat_2_fold_4,VCAM1,0.0,0.0,0.0,0.0,0.0,0.0,0.0
repeat_2_fold_4,VDAC2,0.03413353051242218,0.10476531638733114,0.05238265819366557,-0.018249127681243385,0.25,0.001022913256955832,0.5
repeat_2_fold_4,VPS11,0.0,0.0,0.0,0.0,0.0,0.0,0.0
repeat_2_fold_4,VWA1,0.06443201107983931,0.10354992200388702,0.05177496100194351,0.012657050077895804,0.5,0.00260208166533224,1.0
repeat_2_fold_4,WDR1,0.0,0.0,0.0,0.0,0.0,0.0,0.0
repeat_2_fold_4,WDR12,0.0,0.0,0.0,0.0,0.0,0.0,0.0
repeat_2_fold_4,WDR19,0.0,0.0,0.0,0.0,0.0,0.0,0.0
repeat_2_fold_4,WLS,0.0,0.0,0.0,0.0,0.0,0.0,0.0
repeat_2_fold_4,WNT16,0.0,0.0,0.0,0.0,0.0,0.0,0.0
repeat_2_fold_4,WT1,0.0,0.0,0.0,0.0,0.0,0.0,0.0
repeat_2_fold_4,XCL2,-0.026359510094779992,0.052719020189559984,0.026359510094779992,-0.052719020189559984,0.0,-0.00020458265139117193,0.5
repeat_2_fold_4,XPO1,0.0,0.0,0.0,0.0,0.0,0.0,0.0
repeat_2_fold_4,ZC3H3,0.0,0.0,0.0,0.0,0.0,0.0,0.0
repeat_2_fold_4,ZEB1,0.0,0.0,0.0,0.0,0.0,0.0,0.0
repeat_2_fold_4,ZMYM2,-0.028486031530391642,0.12517634024363528,0.06258817012181764,-0.09107420165220928,0.25,-0.00020458265139117193,0.5
repeat_2_fold_4,ZNF143,0.0,0.0,0.0,0.0,0.0,0.0,0.0
repeat_2_fold_4,ZNF189,-0.03899800883897697,0.046993256392915496,0.023496628196457748,-0.062494637035434716,0.0,-0.0008006405124099392,0.5
repeat_2_fold_4,ZNF254,1.2299795301002092,1.1935804310051417,0.5967902155025708,0.6331893145976384,1.0,-0.0028243544098781603,1.0
repeat_2_fold_4,ZNF266,0.0,0.0,0.0,0.0,0.0,0.0,0.0
repeat_2_fold_4,ZNF267,0.0,0.0,0.0,0.0,0.0,0.0,0.0
repeat_2_fold_4,ZNF3,0.0,0.0,0.0,0.0,0.0,0.0,0.0
repeat_2_fold_4,ZNF350,0.0,0.0,0.0,0.0,0.0,0.0,0.0
repeat_2_fold_4,ZNF415,-0.09258821668895933,0.10691166365831616,0.05345583182915808,-0.14604404851811742,0.0,-0.0005114566284779021,0.5
repeat_2_fold_4,ZNF443,0.0,0.0,0.0,0.0,0.0,0.0,0.0
repeat_2_fold_4,ZNF45,0.055574938027795895,0.11114987605559179,0.055574938027795895,0.0,0.25,-0.0024019215372297897,0.5
repeat_2_fold_4,ZNF468,0.0,0.0,0.0,0.0,0.0,0.0,0.0
repeat_2_fold_4,ZNF480,1.5646549966512495,1.869201509368206,0.934600754684103,0.6300542419671465,0.5,0.005337412319380869,1.0
repeat_2_fold_4,ZNF550,0.0,0.0,0.0,0.0,0.0,0.0,0.0
repeat_2_fold_4,ZNF669,0.0,0.0,0.0,0.0,0.0,0.0,0.0
repeat_2_fold_4,ZNF675,0.0,0.0,0.0,0.0,0.0,0.0,0.0
repeat_2_fold_4,ZNF74,-0.01265429363529691,0.10028311329894282,0.05014155664947141,-0.06279585028476832,0.25,0.0009206219312602182,0.5
repeat_2_fold_4,ZRSR2,0.0,0.0,0.0,0.0,0.0,0.0,0.5
full_development,A1CF,0.0,0.0,0.0,0.0,0.0,0.0003317116320211977,0.5
full_development,A2M,0.0,0.0,0.0,0.0,0.0,0.00044228217602829134,0.5
full_development,A4GALT,-0.03789065992397411,0.07578131984794821,0.037890659923974106,-0.07578131984794823,0.0,-0.001281208350524976,1.0
full_development,A4GNT,0.0,0.0,0.0,0.0,0.0,0.0,0.0
full_development,AAAS,-0.06787375455279765,0.08450066864107064,0.04225033432053532,-0.11012408887333297,0.0,0.000838926174496657,0.5
full_development,AACS,0.0,0.0,0.0,0.0,0.0,0.0,0.0
full_development,AADAC,0.07786824156122485,0.11896673792410482,0.05948336896205241,0.018384872599172437,0.5,0.0005528527200353572,0.5
full_development,AAK1,0.15019870118227274,0.17610050356759177,0.08805025178379589,0.06214844939847686,0.5,5.528527200351907e-05,0.5
full_development,AAMP,-0.25116691262401325,0.33393253284031904,0.16696626642015952,-0.4181331790441728,0.0,0.0013821318000884486,0.5
full_development,AANAT,0.013568561275068447,0.11743192044505293,0.05871596022252647,-0.04514739894745802,0.25,0.0002211410880141318,0.5
full_development,AARS1,0.02107536621537065,0.04215073243074129,0.021075366215370647,3.469446951953614e-18,0.25,0.0005528527200353572,0.5
full_development,AASDHPPT,-0.05660628689243197,0.06536330995034156,0.03268165497517078,-0.08928794186760275,0.0,-0.00011984659635666528,0.5
full_development,AATF,0.013228488489243517,0.026456976978487035,0.013228488489243517,0.0,0.25,-0.0006955184051720409,1.0
full_development,ABCA12,0.0,0.0,0.0,0.0,0.0,0.0,0.0
full_development,ABCA2,0.10216827450712351,0.2511752146660256,0.1255876073330128,-0.02341933282588929,0.5,0.0012943803448613456,1.0
full_development,ABCA3,0.0,0.0,0.0,0.0,0.0,0.0,0.0
full_development,ABCA4,-0.22491069069144665,0.26570722782923856,0.13285361391461928,-0.3577643046060659,0.0,0.0030959752321981227,0.5
full_development,ABCA5,0.07029743343874628,0.08517961643765655,0.042589808218828275,0.027707625219918007,0.5,0.0019902697921273804,0.5
full_development,ABCA6,0.07126915917661947,0.14253831835323894,0.07126915917661947,0.0,0.25,0.0004975674480318104,0.5
full_development,ABCA7,0.06273623613642343,0.12547247227284686,0.06273623613642343,0.0,0.25,-0.0014381591562799834,0.5
full_development,ABCA8,0.0,0.0,0.0,0.0,0.0,0.0004194630872483285,0.5
full_development,ABCB1,0.0,0.0,0.0,0.0,0.0,0.0,0.0
full_development,ABCB11,-0.11992045488083214,0.14014707186497904,0.07007353593248952,-0.18999399081332166,0.0,-0.0010786193672099598,0.5
full_development,ABCB6,-0.04980033201061396,0.06588392598895647,0.032941962994478234,-0.0827422950050922,0.0,0.00011984659635666528,0.5
full_development,ABCB7,0.014495236749569429,0.11757946525880675,0.058789732629403374,-0.044294495879833945,0.25,0.00017976989453497016,1.0
full_development,ABCB8,0.0,0.0,0.0,0.0,0.0,0.0,0.0
full_development,ABCB9,0.0,0.0,0.0,0.0,0.0,-0.00035953978906999584,0.5
full_development,ABCC1,-0.014428855749168079,0.1642992549420719,0.08214962747103595,-0.09657848322020403,0.5,-0.0021835827230927973,1.0
full_development,ABCC10,0.0,0.0,0.0,0.0,0.0,0.0,0.0
full_development,ABCC2,0.13095772161001307,0.1542673676014625,0.07713368380073125,0.05382403780928181,0.5,0.0006081379920389041,0.5
full_development,ABCC3,0.0,0.0,0.0,0.0,0.0,0.00035953978906999584,0.5
full_development,ABCC4,0.09828286465880431,0.14588193409959233,0.07294096704979616,0.02534189760900815,0.5,0.0002211410880141318,0.5
full_development,ABCC6,0.0,0.0,0.0,0.0,0.0,0.0,0.0
full_development,ABCC8,0.10161864063258896,0.18888836910884263,0.09444418455442131,0.007174456078167649,0.5,0.004124689437767309,1.0
full_development,ABCD1,0.0,0.0,0.0,0.0,0.0,-0.0003317116320212532,0.5
full_development,ABCD2,0.0,0.0,0.0,0.0,0.0,0.0,0.5
full_development,ABCD3,-0.01969067938672353,0.03938135877344706,0.01969067938672353,-0.03938135877344706,0.0,0.003235858101629907,0.5
full_development,ABCD4,0.0,0.0,0.0,0.0,0.0,0.0,0.0
full_development,ABCE1,0.1470029413356464,0.17043681950918027,0.08521840975459014,0.06178453158105626,0.5,-0.0036553211888782355,0.5
full_development,ABCF1,0.0,0.0,0.0,0.0,0.0,0.0,0.0
full_development,ABCF2,0.0,0.0,0.0,0.0,0.0,0.0,0.0
full_development,ABCG1,0.0,0.0,0.0,0.0,0.0,0.0,0.0
full_development,ABCG2,0.0,0.0,0.0,0.0,0.0,0.0,0.0
full_development,ABCG4,0.0,0.0,0.0,0.0,0.0,0.0,0.0
full_development,ABCG5,0.0,0.0,0.0,0.0,0.0,0.0,0.0
full_development,ABHD10,0.0,0.0,0.0,0.0,0.0,0.0,0.0
full_development,ABHD17A,0.0,0.0,0.0,0.0,0.0,0.0,0.0
full_development,ABHD17B,-0.03789065992397411,0.07578131984794821,0.037890659923974106,-0.07578131984794823,0.0,0.00035953978906999584,0.5
full_development,ABHD3,0.0,0.0,0.0,0.0,0.0,0.0,0.0
full_development,ABHD4,0.0,0.0,0.0,0.0,0.0,0.0,0.0
full_development,ABHD5,0.0,0.0,0.0,0.0,0.0,0.0,0.0
full_development,ABHD6,0.0,0.0,0.0,0.0,0.0,0.0,0.0
full_development,ABI1,0.0,0.0,0.0,0.0,0.0,0.0,0.0
full_development,ABI2,0.0,0.0,0.0,0.0,0.0,0.0,0.0
full_development,ABL1,0.0,0.0,0.0,0.0,0.0,0.0,0.0
full_development,ABL2,0.0,0.0,0.0,0.0,0.0,0.0,0.0
full_development,ABLIM1,0.0,0.0,0.0,0.0,0.0,0.0,0.0
full_development,ABLIM3,0.0,0.0,0.0,0.0,0.0,0.0,0.0
full_development,ABR,0.0,0.0,0.0,0.0,0.0,0.0,0.0
full_development,ACAA1,0.0,0.0,0.0,0.0,0.0,0.0,0.0
full_development,ACAA2,0.0,0.0,0.0,0.0,0.0,0.0,0.0
full_development,ACACA,0.0,0.0,0.0,0.0,0.0,0.0,0.0
full_development,ACACB,0.0,0.0,0.0,0.0,0.0,0.0,0.0
full_development,ACAD10,0.0,0.0,0.0,0.0,0.0,0.0,0.0
full_development,ACAD8,0.0,0.0,0.0,0.0,0.0,0.0,0.0
full_development,ACADL,-0.019206505290744857,0.08511899661553708,0.04255949830776854,-0.0617660035985134,0.25,0.0002678923918560394,1.0
full_development,ACADM,0.0,0.0,0.0,0.0,0.0,0.0,0.0
full_development,ACADS,0.0,0.0,0.0,0.0,0.0,0.0,0.0
full_development,ACAN,0.0,0.0,0.0,0.0,0.0,0.0,0.0
full_development,ACAT1,0.0,0.0,0.0,0.0,0.0,0.0,0.0
full_development,ACAT2,0.0,0.0,0.0,0.0,0.0,0.0,0.0
full_development,ACBD3,0.0,0.0,0.0,0.0,0.0,0.0,0.0
full_development,ACBD4,0.0,0.0,0.0,0.0,0.0,0.0,0.0
full_development,ACD,0.0,0.0,0.0,0.0,0.0,0.0,0.0
full_development,ACE,0.0,0.0,0.0,0.0,0.0,0.0,0.0
full_development,ACE2,0.0,0.0,0.0,0.0,0.0,0.0,0.0
full_development,ACHE,0.0,0.0,0.0,0.0,0.0,0.0,0.0
full_development,ACIN1,0.0,0.0,0.0,0.0,0.0,0.0,0.0
full_development,ACKR2,0.0,0.0,0.0,0.0,0.0,0.0,0.0
full_development,ACKR3,0.0,0.0,0.0,0.0,0.0,0.0,0.0
full_development,ACKR4,0.0,0.0,0.0,0.0,0.0,0.0,0.0
full_development,ACO1,0.0,0.0,0.0,0.0,0.0,0.0,0.0
full_development,ACO2,0.0,0.0,0.0,0.0,0.0,0.0,0.0
full_development,ACOT11,0.0,0.0,0.0,0.0,0.0,0.0,0.0
full_development,ACOT13,0.0,0.0,0.0,0.0,0.0,0.0,0.0
full_development,ACOT2,0.0,0.0,0.0,0.0,0.0,0.0,0.0
full_development,ACOT7,-0.052187270881383085,0.08953935748238162,0.04476967874119081,-0.0969569496225739,0.0,0.0016179290508149535,0.5
full_development,ACOT8,0.0,0.0,0.0,0.0,0.0,0.0,0.0
full_development,ACOT9,0.013228488489243517,0.026456976978487035,0.013228488489243517,0.0,0.25,0.0004793863854266611,0.5
full_development,ACOX1,0.0,0.0,0.0,0.0,0.0,0.0,0.0
full_development,ACOX2,0.0,0.0,0.0,0.0,0.0,0.0,0.0
full_development,ACOX3,0.0,0.0,0.0,0.0,0.0,0.0,0.0
full_development,ACOXL,-0.028303143446215984,0.05660628689243197,0.028303143446215984,-0.05660628689243197,0.0,0.0004793863854266611,0.5
full_development,ACP3,0.0,0.0,0.0,0.0,0.0,0.0,0.0
full_development,ACP5,0.0,0.0,0.0,0.0,0.0,0.0,0.0
full_development,ACP6,0.0,0.0,0.0,0.0,0.0,0.0,0.0
full_development,ACR,0.0,0.0,0.0,0.0,0.0,0.0,0.0
full_development,ACSBG1,0.0,0.0,0.0,0.0,0.0,0.0,0.0
full_development,ACSBG2,0.0,0.0,0.0,0.0,0.0,0.0,0.0
full_development,ACSF2,0.0,0.0,0.0,0.0,0.0,0.0,0.0
full_development,ACSL1,0.0,0.0,0.0,0.0,0.0,0.0,0.0
full_development,ACSL3,0.1760227498765694,0.15088579709971361,0.07544289854985681,0.1005798513267126,1.0,0.011132190424739286,1.0
full_development,ACSL4,0.0,0.0,0.0,0.0,0.0,0.0,0.0
full_development,ACSL5,0.0,0.0,0.0,0.0,0.0,0.0,0.0
full_development,ACSL6,0.0,0.0,0.0,0.0,0.0,0.0,0.0
full_development,ACSM1,0.0,0.0,0.0,0.0,0.0,0.0,0.0
full_development,ACSM2A,0.0,0.0,0.0,0.0,0.0,0.0,0.0
full_development,ACSM3,0.0,0.0,0.0,0.0,0.0,0.0,0.0
full_development,ACSM5,0.0,0.0,0.0,0.0,0.0,0.0,0.0
full_development,ACSS3,0.0,0.0,0.0,0.0,0.0,0.0,0.0
full_development,ACTA1,0.0,0.0,0.0,0.0,0.0,0.0,0.0
full_development,ACTA2,0.0,0.0,0.0,0.0,0.0,0.0,0.0
full_development,ACTB,0.0,0.0,0.0,0.0,0.0,0.0,0.0
full_development,ACTC1,0.0,0.0,0.0,0.0,0.0,0.0,0.0
full_development,ACTG1,0.0,0.0,0.0,0.0,0.0,0.0,0.0
full_development,ACTG2,0.0,0.0,0.0,0.0,0.0,0.0,0.0
full_development,ACTL6B,0.0,0.0,0.0,0.0,0.0,0.0,0.0
full_development,ACTN1,0.0,0.0,0.0,0.0,0.0,-0.0006634232640424509,0.5
full_development,ACTN2,0.0,0.0,0.0,0.0,0.0,0.0,0.0
full_development,ACTN3,0.0,0.0,0.0,0.0,0.0,0.0,0.0
full_development,ACTN4,0.0,0.0,0.0,0.0,0.0,0.0,0.0
full_development,ACTR10,0.0,0.0,0.0,0.0,0.0,0.0,0.0
full_development,ACTR1A,0.0,0.0,0.0,0.0,0.0,0.0,0.0
full_development,ACTR1B,0.0,0.0,0.0,0.0,0.0,0.0,0.0
full_development,ACTR2,0.0,0.0,0.0,0.0,0.0,0.0,0.0
full_development,ACTR3,0.0,0.0,0.0,0.0,0.0,0.0,0.0
full_development,ACTR5,0.0,0.0,0.0,0.0,0.0,0.0,0.0
full_development,ACTR8,0.0,0.0,0.0,0.0,0.0,0.0,0.0
full_development,ACVR1B,0.0,0.0,0.0,0.0,0.0,0.0,0.0
full_development,ACVR2A,0.0,0.0,0.0,0.0,0.0,0.0,0.0
full_development,ACVR2B,0.0,0.0,0.0,0.0,0.0,0.0,0.0
full_development,ACVRL1,0.0,0.0,0.0,0.0,0.0,0.0,0.0
full_development,ACY1,0.0,0.0,0.0,0.0,0.0,0.0,0.0
full_development,ADA,0.0,0.0,0.0,0.0,0.0,0.0,0.0
full_development,ADA2,0.0,0.0,0.0,0.0,0.0,0.0,0.0
full_development,ADAM11,0.0,0.0,0.0,0.0,0.0,0.0,0.0
full_development,ADAM12,0.0,0.0,0.0,0.0,0.0,0.0,0.0
full_development,ADAM17,0.024738902818199904,0.028566024403087413,0.014283012201543707,0.010455890616656197,0.5,0.000659156279961659,0.5
full_development,ADAM19,0.0,0.0,0.0,0.0,0.0,0.0,0.0
full_development,ADAM2,0.0,0.0,0.0,0.0,0.0,0.0,0.0
full_development,ADAM20,0.0,0.0,0.0,0.0,0.0,0.0,0.0
full_development,ADAM21,0.0,0.0,0.0,0.0,0.0,0.0,0.0
full_development,ADAM22,0.0,0.0,0.0,0.0,0.0,-0.0007832698603991162,1.0
full_development,ADAM23,0.0,0.0,0.0,0.0,0.0,0.0,0.0
full_development,ADAM8,0.0,0.0,0.0,0.0,0.0,0.0,0.0
full_development,ADAM9,0.0,0.0,0.0,0.0,0.0,0.0,0.0
full_development,ADAMTS1,0.0,0.0,0.0,0.0,0.0,0.0,0.0
full_development,ADAMTS12,0.0,0.0,0.0,0.0,0.0,0.0,0.0
full_development,ADAMTS13,0.0,0.0,0.0,0.0,0.0,0.0,0.0
full_development,ADAMTS2,0.0,0.0,0.0,0.0,0.0,0.0,0.0
full_development,ADAMTS3,0.0,0.0,0.0,0.0,0.0,0.0,0.0
full_development,ADAMTS5,0.0,0.0,0.0,0.0,0.0,0.0,0.0
full_development,ADAMTS6,0.215433923500143,0.18824313196127673,0.09412156598063837,0.12131235751950464,1.0,0.0003131595273220267,1.0
full_development,ADAMTS7,0.0,0.0,0.0,0.0,0.0,0.0,0.0
full_development,ADAMTS9,0.0,0.0,0.0,0.0,0.0,0.0,0.0
full_development,ADAMTSL2,0.0,0.0,0.0,0.0,0.0,0.0,0.0
full_development,ADAMTSL4,0.0,0.0,0.0,0.0,0.0,0.0,0.0
full_development,ADAP1,0.0,0.0,0.0,0.0,0.0,0.0,0.0
full_development,ADAR,0.0,0.0,0.0,0.0,0.0,0.0,0.0
full_development,ADAT1,0.0,0.0,0.0,0.0,0.0,0.0,0.0
full_development,ADCY1,0.0,0.0,0.0,0.0,0.0,0.0,0.0
full_development,ADCY10,0.0,0.0,0.0,0.0,0.0,0.0,0.0
full_development,ADCY2,0.0,0.0,0.0,0.0,0.0,0.0,0.0
full_development,ADCY3,0.0,0.0,0.0,0.0,0.0,0.0,0.0
full_development,ADCY6,0.0,0.0,0.0,0.0,0.0,0.0004793863854266611,0.5
full_development,ADCY7,0.0,0.0,0.0,0.0,0.0,0.0,0.0
full_development,ADCY8,0.0,0.0,0.0,0.0,0.0,0.0,0.0
full_development,ADCY9,0.0,0.0,0.0,0.0,0.0,0.0,0.0
full_development,ADCYAP1,0.0,0.0,0.0,0.0,0.0,0.0,0.0
full_development,ADCYAP1R1,0.0,0.0,0.0,0.0,0.0,0.0,0.0
full_development,ADD1,0.0,0.0,0.0,0.0,0.0,0.0,0.0
full_development,ADD2,0.0,0.0,0.0,0.0,0.0,0.0,0.0
full_development,ADD3,0.0,0.0,0.0,0.0,0.0,0.0,0.0
full_development,ADGRE1,0.0,0.0,0.0,0.0,0.0,0.0,0.0
full_development,ADGRE2,0.0,0.0,0.0,0.0,0.0,0.0,0.0
full_development,ADGRE5,0.0,0.0,0.0,0.0,0.0,0.0,0.0
full_development,ADGRF5,0.0,0.0,0.0,0.0,0.0,0.0,0.0
full_development,ADGRG3,0.0,0.0,0.0,0.0,0.0,0.0,0.0
full_development,ADGRG6,0.0,0.0,0.0,0.0,0.0,0.0,0.0
full_development,ADGRV1,0.0,0.0,0.0,0.0,0.0,0.0,0.0
full_development,ADH1A,0.0,0.0,0.0,0.0,0.0,0.0,0.0
full_development,ADH1B,0.0,0.0,0.0,0.0,0.0,0.0,0.0
full_development,ADH1C,0.0,0.0,0.0,0.0,0.0,0.0,0.0
full_development,ADH5,0.0,0.0,0.0,0.0,0.0,0.0,0.0
full_development,ADH6,0.0,0.0,0.0,0.0,0.0,0.0,0.0
full_development,ADH7,0.0,0.0,0.0,0.0,0.0,0.0,0.0
full_development,ADI1,0.0,0.0,0.0,0.0,0.0,0.0,0.0
full_development,ADIPOQ,0.0,0.0,0.0,0.0,0.0,0.0,0.0
full_development,ADIPOR1,0.0,0.0,0.0,0.0,0.0,0.0,0.0
full_development,ADIPOR2,0.0,0.0,0.0,0.0,0.0,0.0,0.0
full_development,ADIRF,0.0,0.0,0.0,0.0,0.0,0.0,0.0
full_development,ADK,0.0,0.0,0.0,0.0,0.0,0.0,0.0
full_development,ADM,0.0,0.0,0.0,0.0,0.0,0.0,0.0
full_development,ADM2,0.0,0.0,0.0,0.0,0.0,0.0,0.0
full_development,ADORA1,0.0,0.0,0.0,0.0,0.0,0.0,0.0
full_development,ADORA2A,0.0,0.0,0.0,0.0,0.0,0.0,0.0
full_development,ADORA2B,0.0,0.0,0.0,0.0,0.0,0.0,0.0
full_development,ADORA3,0.0,0.0,0.0,0.0,0.0,0.0,0.0
full_development,ADPGK,0.0,0.0,0.0,0.0,0.0,0.0,0.0
full_development,ADPRM,0.0,0.0,0.0,0.0,0.0,0.0,0.0
full_development,ADRA1A,0.0,0.0,0.0,0.0,0.0,0.0,0.0
full_development,ADRA1B,0.0,0.0,0.0,0.0,0.0,0.0,0.0
full_development,ADRA1D,0.0,0.0,0.0,0.0,0.0,0.0,0.0
full_development,ADRA2A,0.0,0.0,0.0,0.0,0.0,0.0,0.0
full_development,ADRA2B,0.0,0.0,0.0,0.0,0.0,0.0,0.0
full_development,ADRA2C,0.0,0.0,0.0,0.0,0.0,0.0,0.0
full_development,ADRB1,0.0,0.0,0.0,0.0,0.0,0.0,0.0
full_development,ADRB3,0.0,0.0,0.0,0.0,0.0,0.0,0.0
full_development,ADRM1,0.0,0.0,0.0,0.0,0.0,0.0,0.0
full_development,ADSL,0.0,0.0,0.0,0.0,0.0,0.0,0.0
full_development,ADSS2,0.0,0.0,0.0,0.0,0.0,0.0,0.0
full_development,AFDN,0.0,0.0,0.0,0.0,0.0,0.0,0.0
full_development,AFF4,0.0,0.0,0.0,0.0,0.0,0.0,0.0
full_development,AFG3L2,0.0,0.0,0.0,0.0,0.0,0.0,0.0
full_development,AFP,0.0,0.0,0.0,0.0,0.0,0.0,0.0
full_development,AGA,0.0,0.0,0.0,0.0,0.0,0.0,0.0
full_development,AGAP2,0.0,0.0,0.0,0.0,0.0,0.0,0.0
full_development,AGBL2,0.0,0.0,0.0,0.0,0.0,0.0,0.0
full_development,AGBL3,0.0,0.0,0.0,0.0,0.0,0.0,0.0
full_development,AGBL5,0.0,0.0,0.0,0.0,0.0,0.0,0.0
full_development,AGER,0.0,0.0,0.0,0.0,0.0,0.0,0.0
full_development,AGFG1,0.0,0.0,0.0,0.0,0.0,0.0,0.0
full_development,AGK,0.0,0.0,0.0,0.0,0.0,0.0,0.0
full_development,AGL,0.0,0.0,0.0,0.0,0.0,0.0,0.0
full_development,AGMAT,0.0,0.0,0.0,0.0,0.0,0.0,0.0
full_development,AGO1,0.0,0.0,0.0,0.0,0.0,0.0,0.0
full_development,AGO2,0.0,0.0,0.0,0.0,0.0,0.0,0.0
full_development,AGO3,-0.042345998218657144,0.05495102095476617,0.027475510477383086,-0.06982150869604023,0.0,0.0007739938080495168,0.5
full_development,AGO4,0.0,0.0,0.0,0.0,0.0,0.0,0.0
full_development,AGPAT1,0.0,0.0,0.0,0.0,0.0,0.0,0.0
full_development,AGPAT4,0.0,0.0,0.0,0.0,0.0,0.0,0.0
full_development,AGPAT5,0.0,0.0,0.0,0.0,0.0,0.0,0.0
full_development,AGPS,0.031142012422730403,0.4232033241919723,0.21160166209598616,-0.18045964967325576,0.75,0.001911794389249849,1.0
full_development,AGRN,0.0,0.0,0.0,0.0,0.0,0.0,0.0
full_development,AGRP,0.0,0.0,0.0,0.0,0.0,0.0,0.0
full_development,AGT,0.0,0.0,0.0,0.0,0.0,0.0,0.0
full_development,AGTPBP1,0.0,0.0,0.0,0.0,0.0,0.0,0.0
full_development,AGTR1,0.0,0.0,0.0,0.0,0.0,5.528527200351907e-05,0.5
full_development,AGTR2,0.0,0.0,0.0,0.0,0.0,0.0,0.0
full_development,AHCTF1,0.0,0.0,0.0,0.0,0.0,0.0,0.0
full_development,AHCY,0.0,0.0,0.0,0.0,0.0,0.0,0.0
full_development,AHCYL2,0.0,0.0,0.0,0.0,0.0,0.0,0.0
full_development,AHI1,0.0,0.0,0.0,0.0,0.0,0.0,0.0
full_development,AHR,0.0,0.0,0.0,0.0,0.0,0.0,0.0
full_development,AHSG,0.0,0.0,0.0,0.0,0.0,0.0,0.0
full_development,AICDA,0.0,0.0,0.0,0.0,0.0,0.0,0.0
full_development,AIM2,0.0,0.0,0.0,0.0,0.0,0.0,0.0
full_development,AIMP2,0.0,0.0,0.0,0.0,0.0,0.0,0.0
full_development,AIP,0.0,0.0,0.0,0.0,0.0,0.0,0.0
full_development,AK1,0.0,0.0,0.0,0.0,0.0,0.0,0.0
full_development,AK2,0.0,0.0,0.0,0.0,0.0,0.0,0.0
full_development,AK5,-0.08758389522586185,0.10583745695032448,0.05291872847516224,-0.1405026237010241,0.0,0.0010786193672099875,0.5
full_development,AK6,0.0,0.0,0.0,0.0,0.0,0.0,0.0
full_development,AKAP1,0.0,0.0,0.0,0.0,0.0,0.0,0.0
full_development,AKAP10,0.0,0.0,0.0,0.0,0.0,0.0,0.0
full_development,AKAP12,0.0,0.0,0.0,0.0,0.0,0.0,0.0
full_development,AKAP13,0.0,0.0,0.0,0.0,0.0,0.0,0.0
full_development,AKAP5,0.0,0.0,0.0,0.0,0.0,0.0,0.0
full_development,AKAP8L,0.0,0.0,0.0,0.0,0.0,0.0,0.0
full_development,AKAP9,0.0,0.0,0.0,0.0,0.0,0.0,0.0
full_development,AKR1B1,0.0,0.0,0.0,0.0,0.0,0.0,0.0
full_development,AKR1B10,0.0,0.0,0.0,0.0,0.0,0.0,0.0
full_development,AKR1C1,0.0,0.0,0.0,0.0,0.0,0.0,0.0
full_development,AKR1C2,0.0,0.0,0.0,0.0,0.0,0.0,0.0
full_development,AKR1C4,0.0,0.0,0.0,0.0,0.0,0.0,0.0
full_development,AKR7A2,0.0,0.0,0.0,0.0,0.0,0.0,0.0
full_development,AKR7A3,0.0,0.0,0.0,0.0,0.0,0.0,0.0
full_development,AKT1,0.0,0.0,0.0,0.0,0.0,0.0,0.0
full_development,AKT2,0.0,0.0,0.0,0.0,0.0,0.0,0.0
full_development,ALAD,0.0,0.0,0.0,0.0,0.0,0.0,0.0
full_development,ALAS1,0.0,0.0,0.0,0.0,0.0,0.0,0.0
full_development,ALAS2,0.0,0.0,0.0,0.0,0.0,0.0,0.0
full_development,ALB,0.0,0.0,0.0,0.0,0.0,0.0,0.0
full_development,ALCAM,0.0,0.0,0.0,0.0,0.0,0.0,0.0
full_development,ALDH1A1,0.0,0.0,0.0,0.0,0.0,0.0,0.0
full_development,ALDH1A2,0.0,0.0,0.0,0.0,0.0,0.0,0.0
full_development,ALDH1A3,0.0,0.0,0.0,0.0,0.0,0.0,0.0
full_development,ALDH1B1,0.0,0.0,0.0,0.0,0.0,0.0,0.0
full_development,ALDH1L1,0.0,0.0,0.0,0.0,0.0,0.0,0.0
full_development,ALDH3A2,0.0,0.0,0.0,0.0,0.0,0.0,0.0
full_development,ALDH3B1,0.0,0.0,0.0,0.0,0.0,0.0,0.0
full_development,ALDH3B2,0.0,0.0,0.0,0.0,0.0,0.0,0.0
full_development,ALDH5A1,-0.20334062152939048,0.32157915218970656,0.16078957609485328,-0.36413019762424376,0.0,0.0004975674480318382,0.5
full_development,ALDH6A1,0.0,0.0,0.0,0.0,0.0,0.0,0.0
full_development,ALDH8A1,0.0,0.0,0.0,0.0,0.0,0.0,0.0
full_development,ALDH9A1,0.0,0.0,0.0,0.0,0.0,0.0,0.0
full_development,ALDOA,0.0,0.0,0.0,0.0,0.0,0.0,0.0
full_development,ALDOB,0.0,0.0,0.0,0.0,0.0,0.0,0.0
full_development,ALDOC,0.0,0.0,0.0,0.0,0.0,0.0,0.0
full_development,ALG12,0.0,0.0,0.0,0.0,0.0,0.0,0.0
full_development,ALG13,0.0,0.0,0.0,0.0,0.0,0.0,0.0
full_development,ALG3,0.0,0.0,0.0,0.0,0.0,0.0,0.0
full_development,ALG5,0.0,0.0,0.0,0.0,0.0,0.0,0.0
full_development,ALG6,0.0,0.0,0.0,0.0,0.0,0.0,0.0
full_development,ALG8,0.0,0.0,0.0,0.0,0.0,0.0,0.0
full_development,ALG9,0.044055914161255316,0.05096643349547446,0.02548321674773723,0.018572697413518087,0.5,-0.0008292790800530914,0.5
full_development,ALOX12,0.0,0.0,0.0,0.0,0.0,0.0,0.0
full_development,ALOX12B,0.0,0.0,0.0,0.0,0.0,0.0,0.0
full_development,ALOX15B,0.0,0.0,0.0,0.0,0.0,0.0,0.0
full_development,ALOX5,0.0,0.0,0.0,0.0,0.0,0.0,0.0
full_development,ALOX5AP,0.0,0.0,0.0,0.0,0.0,0.0,0.0
full_development,ALOXE3,0.0,0.0,0.0,0.0,0.0,0.0,0.0
full_development,ALPG,0.0,0.0,0.0,0.0,0.0,0.0,0.0
full_development,ALPI,0.0,0.0,0.0,0.0,0.0,0.0,0.0
full_development,ALPK1,0.0,0.0,0.0,0.0,0.0,0.0,0.0
full_development,ALPL,0.0,0.0,0.0,0.0,0.0,0.0,0.0
full_development,ALPP,0.0,0.0,0.0,0.0,0.0,0.0,0.0
full_development,ALS2CL,0.0,0.0,0.0,0.0,0.0,0.0,0.0
full_development,AMACR,0.0,0.0,0.0,0.0,0.0,0.0,0.0
full_development,AMBN,0.0,0.0,0.0,0.0,0.0,0.0,0.0
full_development,AMBP,0.0,0.0,0.0,0.0,0.0,0.0,0.0
full_development,AMBRA1,0.0,0.0,0.0,0.0,0.0,0.0,0.0
full_development,AMD1,0.0,0.0,0.0,0.0,0.0,0.0,0.0
full_development,AMDHD2,0.0,0.0,0.0,0.0,0.0,0.0,0.0
full_development,AMELX,0.0,0.0,0.0,0.0,0.0,0.0,0.0
full_development,AMFR,0.0,0.0,0.0,0.0,0.0,0.0,0.0
full_development,AMH,0.0,0.0,0.0,0.0,0.0,0.0,0.0
full_development,AMIGO2,0.0,0.0,0.0,0.0,0.0,0.0,0.0
full_development,AMN,0.0,0.0,0.0,0.0,0.0,0.0,0.0
full_development,AMOT,0.0,0.0,0.0,0.0,0.0,0.0,0.0
full_development,AMOTL2,0.0,0.0,0.0,0.0,0.0,0.0,0.0
full_development,AMPD1,0.0,0.0,0.0,0.0,0.0,0.0,0.0
full_development,AMPD2,0.0,0.0,0.0,0.0,0.0,0.0,0.0
full_development,AMPD3,0.0,0.0,0.0,0.0,0.0,0.0,0.0
full_development,AMPH,0.0,0.0,0.0,0.0,0.0,0.0,0.0
full_development,AMT,0.0,0.0,0.0,0.0,0.0,0.0,0.0
full_development,AMY1A,0.0,0.0,0.0,0.0,0.0,0.0,0.0
full_development,ANAPC1,0.0,0.0,0.0,0.0,0.0,0.0,0.0
full_development,ANAPC10,0.0,0.0,0.0,0.0,0.0,0.0,0.0
full_development,ANAPC13,0.0,0.0,0.0,0.0,0.0,0.0,0.0
full_development,ANAPC15,0.0,0.0,0.0,0.0,0.0,0.0,0.0
full_development,ANAPC2,0.0,0.0,0.0,0.0,0.0,0.0,0.0
full_development,ANAPC5,-0.007813142457147038,0.20707685542935214,0.10353842771467607,-0.11135157017182311,0.5,0.006365041601239574,1.0
full_development,ANG,0.0,0.0,0.0,0.0,0.0,0.0,0.0
full_development,ANGPT1,0.0,0.0,0.0,0.0,0.0,0.0,0.0
full_development,ANGPT2,0.0,0.0,0.0,0.0,0.0,0.0,0.0
full_development,ANGPT4,0.0,0.0,0.0,0.0,0.0,0.0,0.0
full_development,ANGPTL3,0.0,0.0,0.0,0.0,0.0,0.0,0.0
full_development,ANGPTL4,0.0,0.0,0.0,0.0,0.0,0.0,0.0
full_development,ANGPTL8,0.0,0.0,0.0,0.0,0.0,0.0,0.0
full_development,ANK1,0.0,0.0,0.0,0.0,0.0,0.0,0.0
full_development,ANK2,0.0,0.0,0.0,0.0,0.0,0.0,0.0
full_development,ANK3,0.0,0.0,0.0,0.0,0.0,0.0,0.0
full_development,ANKLE2,0.0,0.0,0.0,0.0,0.0,0.0,0.0
full_development,ANKRD1,0.0,0.0,0.0,0.0,0.0,0.0,0.0
full_development,ANKRD26,0.0,0.0,0.0,0.0,0.0,0.0,0.0
full_development,ANKRD27,0.0,0.0,0.0,0.0,0.0,0.0,0.0
full_development,ANKRD28,0.0,0.0,0.0,0.0,0.0,0.0,0.0
full_development,ANKZF1,0.0,0.0,0.0,0.0,0.0,0.0,0.0
full_development,ANO1,0.0,0.0,0.0,0.0,0.0,0.0,0.0
full_development,ANO10,0.0,0.0,0.0,0.0,0.0,0.0,0.0
full_development,ANO2,0.0,0.0,0.0,0.0,0.0,0.0,0.0
full_development,ANO3,0.0,0.0,0.0,0.0,0.0,0.0,0.0
full_development,ANOS1,0.0,0.0,0.0,0.0,0.0,0.0,0.0
full_development,ANP32A,0.0,0.0,0.0,0.0,0.0,0.0,0.0
full_development,ANTXR1,0.0,0.0,0.0,0.0,0.0,0.0,0.0
full_development,ANXA1,0.0,0.0,0.0,0.0,0.0,0.0,0.0
full_development,ANXA2,0.0,0.0,0.0,0.0,0.0,0.0,0.0
full_development,ANXA3,0.0,0.0,0.0,0.0,0.0,0.0,0.0
full_development,ANXA5,0.0,0.0,0.0,0.0,0.0,0.0,0.0
full_development,ANXA6,0.0,0.0,0.0,0.0,0.0,0.0,0.0
full_development,AP2S1,-0.17739758411234696,0.335555989032665,0.1677779945163325,-0.3451755786286794,0.0,0.0001847789628037777,1.0
full_development,APBA1,0.0,0.0,0.0,0.0,0.0,0.0009587727708533222,0.5
full_development,AQP4,0.0,0.0,0.0,0.0,0.0,0.0,0.0
full_development,ARAF,0.0,0.0,0.0,0.0,0.0,0.0,0.0
full_development,ARC,0.0,0.0,0.0,0.0,0.0,0.0,0.0
full_development,ARHGAP8,0.0,0.0,0.0,0.0,0.0,-0.0002211410880141873,0.5
full_development,ARHGEF11,0.0,0.0,0.0,0.0,0.0,-0.00023969319271333056,0.5
full_development,ARHGEF6,0.0,0.0,0.0,0.0,0.0,0.0,0.0
full_development,ARPC4,0.0,0.0,0.0,0.0,0.0,0.0,0.0
full_development,ARSB,0.0,0.0,0.0,0.0,0.0,0.0,0.0
full_development,ASGR1,0.0,0.0,0.0,0.0,0.0,0.0,0.0
full_development,ASH1L,0.0,0.0,0.0,0.0,0.0,0.0,0.0
full_development,ASPA,0.0,0.0,0.0,0.0,0.0,0.0,0.0
full_development,ATG14,0.501492105214151,1.5135056485739364,0.7567528242869682,-0.2552607190728172,0.25,0.00044228217602829134,0.5
full_development,ATG16L1,0.0,0.0,0.0,0.0,0.0,0.0,0.0
full_development,ATG4B,0.0,0.0,0.0,0.0,0.0,0.0,0.0
full_development,ATP11B,0.0,0.0,0.0,0.0,0.0,0.0,0.0
full_development,ATP6V1G1,0.0,0.0,0.0,0.0,0.0,0.0,0.0
full_development,ATP7A,0.0,0.0,0.0,0.0,0.0,0.0,0.0
full_development,AURKA,-0.14907337068932414,0.1939502308190246,0.0969751154095123,-0.24604848609883645,0.0,0.002337008628954945,0.5
full_development,AUTS2,0.0,0.0,0.0,0.0,0.0,0.0,0.0
full_development,AXIN1,0.013300433479964013,0.04955241036657907,0.024776205183289535,-0.011475771703325522,0.25,0.0007739938080495168,0.5
full_development,B3GALT2,0.08241508759815552,0.31861651706812355,0.15930825853406178,-0.07689317093590625,0.5,0.0018618892276091037,1.0
full_development,B3GNT4,-0.005516537162421287,0.011033074324842573,0.005516537162421287,-0.011033074324842573,0.0,-0.000939849624060185,0.5
full_development,B3GNTL1,0.042585347415554864,0.1704687835080763,0.08523439175403814,-0.04264904433848328,0.25,0.0018429660808159387,1.0
full_development,B9D2,0.0,0.0,0.0,0.0,0.0,0.0,0.0
full_development,BAIAP2,0.0,0.0,0.0,0.0,0.0,0.0,0.0
full_development,BCAS2,-0.009834348602081988,0.049568350555043675,0.024784175277521837,-0.034618523879603826,0.25,0.0020373921380632543,0.5
full_development,BCAT1,0.0,0.0,0.0,0.0,0.0,0.0,0.0
full_development,BCAT2,0.0,0.0,0.0,0.0,0.0,0.0,0.0
full_development,BCS1L,0.0,0.0,0.0,0.0,0.0,0.0,0.0
full_development,BHMT2,-0.06627762113749824,0.07808852789839467,0.039044263949197335,-0.10532188508669557,0.0,-0.0008799263258818246,1.0
full_development,BICD2,0.0,0.0,0.0,0.0,0.0,0.0001105705440070659,0.5
full_development,BIN2,0.0,0.0,0.0,0.0,0.0,0.0,0.0
full_development,BLNK,-0.3788938542611966,0.241797563494267,0.1208987817471335,-0.4997926360083301,0.0,0.0017053094639480626,1.0
full_development,BLVRA,0.0,0.0,0.0,0.0,0.0,0.0,0.0
full_development,BMP2,0.0,0.0,0.0,0.0,0.0,0.0,0.0
full_development,BPHL,0.0,0.0,0.0,0.0,0.0,0.0,0.0
full_development,BRD8,0.0,0.0,0.0,0.0,0.0,0.0,0.0
full_development,BTNL8,-0.10475776344832077,0.20999352609031205,0.10499676304515602,-0.2097545264934768,0.25,0.0011335335971195126,1.0
full_development,BUB1,-0.02255891059086146,0.3563282962444676,0.1781641481222338,-0.20072305871309526,0.25,-0.0013133034916545383,1.0
full_development,BUB1B,0.0,0.0,0.0,0.0,0.0,0.0,0.0
full_development,C1QA,0.23720746767392598,0.2824537856633063,0.14122689283165316,0.09598057484227282,0.5,0.0009398496240601295,1.0
full_development,C2orf49,0.0,0.0,0.0,0.0,0.0,0.0,0.0
full_development,C3,0.0,0.0,0.0,0.0,0.0,0.0,0.0
full_development,C4BPA,0.0,0.0,0.0,0.0,0.0,0.0,0.0
full_development,C4BPB,0.0,0.0,0.0,0.0,0.0,0.0,0.0
full_development,C8G,-0.05770059790155102,0.06662691146172567,0.033313455730862834,-0.09101405363241385,0.0,0.0011057054400707422,0.5
full_development,CA12,0.0,0.0,0.0,0.0,0.0,0.0,0.0
full_development,CA2,-0.4350325703729805,0.5039366034748146,0.2519683017374073,-0.6870008721103877,0.0,-0.002100840336134474,0.5
full_development,CACNA2D2,-0.028303143446215984,0.05660628689243197,0.028303143446215984,-0.05660628689243197,0.0,5.992329817833264e-05,0.5
full_development,CAMK1,0.1500118263499317,0.5349417498931858,0.2674708749465929,-0.11745904859666118,0.5,0.007200999438984335,1.0
full_development,CAPN3,0.19098630622307589,0.27868443994284947,0.13934221997142474,0.05164408625165115,0.75,0.0012073709738222305,1.0
full_development,CARD8,0.0,0.0,0.0,0.0,0.0,0.0,0.0
full_development,CASP1,0.028121863928621593,0.056243727857243186,0.028121863928621593,0.0,0.25,0.0024878372401592186,0.5
full_development,CASP8AP2,0.0,0.0,0.0,0.0,0.0,0.0002211410880141318,0.5
full_development,CASQ1,0.0,0.0,0.0,0.0,0.0,0.0,0.0
full_development,CBY1,0.026456976978487035,0.030549885560946444,0.015274942780473222,0.011182034198013812,0.5,0.00011984659635666528,0.5
full_development,CCL7,0.0,0.0,0.0,0.0,0.0,0.0,0.0
full_development,CCND1,0.0,0.0,0.0,0.0,0.0,0.0,0.0
full_development,CCRL2,0.0,0.0,0.0,0.0,0.0,0.0,0.0
full_development,CCS,0.0,0.0,0.0,0.0,0.0,0.0,0.0
full_development,CD207,0.0,0.0,0.0,0.0,0.0,0.0,0.0
full_development,CD209,0.0,0.0,0.0,0.0,0.0,0.0,0.0
full_development,CD3D,-0.03700045286586828,0.06716177418984928,0.03358088709492464,-0.07058133996079292,0.0,0.0011103434662455558,1.0
full_development,CD48,0.0,0.0,0.0,0.0,0.0,0.0,0.0
full_development,CD55,0.0,0.0,0.0,0.0,0.0,0.0,0.0
full_development,CD63,0.0,0.0,0.0,0.0,0.0,0.0,0.0
full_development,CD96,0.0,0.0,0.0,0.0,0.0,0.0,0.0
full_development,CDC25A,0.0,0.0,0.0,0.0,0.0,0.0,0.0
full_development,CDIPT,-0.04337779840318845,0.05454807310654526,0.02727403655327263,-0.07065183495646107,0.0,-0.00023969319271333056,0.5
full_development,CDKN2C,0.0,0.0,0.0,0.0,0.0,0.0,0.0
full_development,CEMIP,-0.013791130941772423,0.031043702365809816,0.015521851182904908,-0.029312982124677332,0.25,0.0014980824544582882,0.5
full_development,CENPF,-0.01969067938672353,0.03938135877344706,0.01969067938672353,-0.03938135877344706,0.0,-0.00011984659635666528,0.5
full_development,CENPT,0.0,0.0,0.0,0.0,0.0,0.0,0.0
full_development,CEP164,-0.14808645786962416,0.17136065098111608,0.08568032549055804,-0.2337667833601822,0.0,0.0014374170720919954,0.5
full_development,CEP43,0.026456976978487035,0.030549885560946444,0.015274942780473222,0.011182034198013812,0.5,-0.000838926174496657,0.5
full_development,CEP57,0.12740129140468603,0.25480258280937207,0.12740129140468603,0.0,0.25,-0.00011057054400709365,0.5
full_development,CES1,0.08215989587494477,0.09966035099884445,0.04983017549942222,0.03232972037552254,0.5,0.0002764263600176786,0.5
full_development,CHCHD3,0.0,0.0,0.0,0.0,0.0,0.0,0.0
full_development,CHGB,-0.028303143446215984,0.05660628689243197,0.028303143446215984,-0.05660628689243197,0.0,0.00035953978906999584,0.5
full_development,CHMP1A,0.0,0.0,0.0,0.0,0.0,0.0,0.0
full_development,CHRNA10,0.0,0.0,0.0,0.0,0.0,0.0,0.0
full_development,CHRNA5,0.0,0.0,0.0,0.0,0.0,0.0,0.0
full_development,CHST1,0.0,0.0,0.0,0.0,0.0,0.0,0.0
full_development,CHST5,0.0,0.0,0.0,0.0,0.0,0.0,0.0
full_development,CIAO3,0.0,0.0,0.0,0.0,0.0,0.0,0.0
full_development,CLCN3,0.0,0.0,0.0,0.0,0.0,0.0,0.0
full_development,CLDN16,0.0,0.0,0.0,0.0,0.0,0.0,0.0
full_development,CLDN9,0.036748922900413206,0.0902867156702313,0.04514335783511565,-0.008394434934702447,0.25,0.0022999044195565754,1.0
full_development,CLU,0.07126915917661947,0.14253831835323894,0.07126915917661947,0.0,0.25,0.00044228217602829134,0.5
full_development,CNTRL,0.0,0.0,0.0,0.0,0.0,0.0,0.0
full_development,COL15A1,0.0,0.0,0.0,0.0,0.0,-0.00011984659635666528,0.5
full_development,COL19A1,-0.08131017094322068,0.16262034188644134,0.08131017094322067,-0.16262034188644137,0.0,0.0006634232640424509,0.5
full_development,COL21A1,0.0,0.0,0.0,0.0,0.0,0.0,0.0
full_development,COL4A5,0.0,0.0,0.0,0.0,0.0,0.0,0.0
full_development,COL5A1,0.0,0.0,0.0,0.0,0.0,0.0,0.0
full_development,COL5A3,0.0,0.0,0.0,0.0,0.0,0.0,0.0
full_development,COLEC10,0.7254541758663997,1.564291327098487,0.7821456635492435,-0.05669148768284382,0.25,0.0042569659442724395,0.5
full_development,COMMD3,0.0,0.0,0.0,0.0,0.0,0.0,0.0
full_development,COMMD9,0.0,0.0,0.0,0.0,0.0,0.0,0.0
full_development,COPA,0.0,0.0,0.0,0.0,0.0,0.00011984659635666528,0.5
full_development,COQ4,0.0,0.0,0.0,0.0,0.0,0.0,0.0
full_development,COQ8B,-0.03702746151367187,0.16268460879746305,0.08134230439873152,-0.11836976591240339,0.25,5.992329817833264e-05,0.5
full_development,CORT,0.1698106060768385,0.23034220604196798,0.11517110302098399,0.05463950305585452,1.0,0.0018290520022915535,1.0
full_development,COX11,-0.05770059790155102,0.06662691146172567,0.033313455730862834,-0.09101405363241385,0.0,0.0002211410880141318,0.5
full_development,COX7A1,0.0,0.0,0.0,0.0,0.0,0.0,0.0
full_development,CPA2,0.21101043035254463,0.29356034196154507,0.14678017098077253,0.0642302593717721,0.5,0.00037772085167514513,1.0
full_development,CPN2,0.0,0.0,0.0,0.0,0.0,0.0,0.0
full_development,CPS1,0.14253831835323894,0.16458907294215813,0.08229453647107907,0.06024378188215987,0.5,0.0028759472704659172,1.0
full_development,CPSF1,0.0,0.0,0.0,0.0,0.0,0.0,0.0
full_development,CREB3,0.0,0.0,0.0,0.0,0.0,0.0,0.0
full_development,CRH,0.0,0.0,0.0,0.0,0.0,0.0,0.0
full_development,CRIPTO,0.1408346263008049,0.16383233516014445,0.08191616758007222,0.058918458720732675,0.5,0.0005992329817833264,0.5
full_development,CRLF1,0.0,0.0,0.0,0.0,0.0,0.0,0.0
full_development,CSNK2B,0.18306510990180946,0.22902814588707565,0.11451407294353783,0.06855103695827164,0.75,0.002483570256078399,1.0
full_development,CTDP1,0.0,0.0,0.0,0.0,0.0,0.0,0.0
full_development,CTSC,-0.11268267433268342,0.13269086971168634,0.06634543485584317,-0.17902810918852657,0.0,0.002451846157042803,1.0
full_development,CTSD,0.0,0.0,0.0,0.0,0.0,0.0,0.0
full_development,CTSE,0.02301980278381066,0.04603960556762132,0.02301980278381066,0.0,0.25,-0.0014927023440955423,0.5
full_development,CTSF,0.0,0.0,0.0,0.0,0.0,0.0,0.0
full_development,CTSS,0.0,0.0,0.0,0.0,0.0,0.0,0.0
full_development,CTSW,0.0,0.0,0.0,0.0,0.0,0.0,0.0
full_development,CXCL1,0.0,0.0,0.0,0.0,0.0,0.0,0.0
full_development,CYC1,0.0,0.0,0.0,0.0,0.0,0.0,0.0
full_development,CYP27A1,-0.07578131984794823,0.08750473082751607,0.043752365413758036,-0.11953368526170627,0.0,-0.00017976989453499792,0.5
full_development,CYP2W1,0.0,0.0,0.0,0.0,0.0,0.0,0.0
full_development,CYP4F8,0.03168523407183166,0.05994930912074998,0.02997465456037499,0.001710579511456669,0.5,-2.7755575615628914e-17,0.5
full_development,CYTH1,0.12284672283830922,0.6007185544144954,0.3003592772072477,-0.17751255436893848,0.25,-0.0006309570808189224,1.0
full_development,CYTH2,0.0,0.0,0.0,0.0,0.0,0.0,0.0
full_development,DAPK1,0.0,0.0,0.0,0.0,0.0,-0.000552852720035385,0.5
full_development,DDC,0.0,0.0,0.0,0.0,0.0,0.0,0.0
full_development,DDRGK1,0.03558699957699041,0.07842065173427758,0.03921032586713879,-0.0036233262901483806,0.25,-0.0003869969040248,0.5
full_development,DDX46,0.0,0.0,0.0,0.0,0.0,0.0,0.0
full_development,DECR1,0.0,0.0,0.0,0.0,0.0,0.0,0.0
full_development,DHCR24,-0.006874384533359645,0.020746624946388723,0.010373312473194361,-0.017247697006554007,0.25,-0.001050420168067251,0.5
full_development,DHFR,0.0,0.0,0.0,0.0,0.0,0.0,0.0
full_development,DHX15,-0.06102101417696737,0.12204202835393475,0.06102101417696738,-0.12204202835393474,0.0,-0.0003869969040248,0.5
full_development,DIABLO,0.0,0.0,0.0,0.0,0.0,0.0,0.0
full_development,DKK2,-0.10932043924266388,0.20419523546902169,0.10209761773451084,-0.21141805697717472,0.0,0.0004422821760282636,0.5
full_development,DLD,0.0,0.0,0.0,0.0,0.0,0.0,0.0
full_development,DLX6,0.04218750095485824,0.08437500190971647,0.04218750095485824,0.0,0.25,0.0001105705440070659,0.5
full_development,DNAJC11,0.0,0.0,0.0,0.0,0.0,0.0,0.0
full_development,DNM1L,0.2390845278300162,0.36880330123777655,0.18440165061888827,0.05468287721112794,0.5,0.004971407496237645,1.0
full_development,DNM2,0.0,0.0,0.0,0.0,0.0,0.0,0.0
full_development,DNMT3A,0.0,0.0,0.0,0.0,0.0,0.0,0.0
full_development,DPAGT1,0.12279364895699452,0.14977463890484308,0.07488731945242154,0.04790632950457298,0.5,-0.00035953978906999584,0.5
full_development,DPF1,0.0,0.0,0.0,0.0,0.0,0.0,0.0
full_development,DPF2,0.0,0.0,0.0,0.0,0.0,0.0,0.0
full_development,DPYD,-0.044998172113029256,0.05574755181276841,0.027873775906384204,-0.07287194801941346,0.0,0.0,0.5
full_development,DRP2,0.0,0.0,0.0,0.0,0.0,0.0,0.0
full_development,DSC1,0.0,0.0,0.0,0.0,0.0,0.0,0.0
full_development,DSCC1,0.0,0.0,0.0,0.0,0.0,0.0,0.0
full_development,DSP,0.0031685732620392315,0.09173637877784661,0.04586818938892331,-0.042699616126884075,0.25,0.00044228217602829134,0.5
full_development,DUSP4,-0.05890926627393256,0.5473493181426751,0.27367465907133753,-0.3325839253452701,0.5,0.00036028187325792826,1.0
full_development,DUSP7,-0.2952495328468565,0.2239261747969735,0.11196308739848675,-0.40721262024534327,0.0,8.27423869582955e-05,1.0
full_development,DYNC2I1,-0.08445461772717522,0.09781375029203668,0.04890687514601834,-0.13336149287319354,0.0,-0.001547987616099089,0.5
full_development,E2F2,-0.05104241702974477,0.05893870642442456,0.02946935321221228,-0.08051177024195705,0.0,0.00017976989453499792,0.5
full_development,EGLN3,0.0,0.0,0.0,0.0,0.0,0.0004194630872483285,0.5
full_development,EIF2B5,0.0,0.0,0.0,0.0,0.0,0.0,0.0
full_development,EIF2S1,0.0,0.0,0.0,0.0,0.0,0.0,0.0
full_development,EIF3G,-0.05266945480087415,0.41242077942545713,0.20621038971272856,-0.2588798445136027,0.25,0.000806831033367067,1.0
full_development,EIF3L,0.0,0.0,0.0,0.0,0.0,0.0,0.0
full_development,EIF4B,0.02728183327728928,0.05456366655457856,0.02728183327728928,0.0,0.25,-0.00016585581601064048,0.5
full_development,ELF3,0.1804121728570447,0.30352105969887555,0.15176052984943778,0.02865164300760692,0.5,0.0006081379920389041,0.5
full_development,ELOC,0.004457348570413799,0.036125348969642694,0.018062674484821347,-0.013605325914407548,0.25,-0.0007739938080495445,0.5
full_development,ENO3,-0.2748846063425745,0.3174094029359394,0.1587047014679697,-0.43358930781054417,0.0,-0.00016585581601064048,0.5
full_development,ENTPD4,-0.13023733357836242,0.15238658515650294,0.07619329257825147,-0.2064306261566139,0.0,0.0004793863854266611,0.5
full_development,EPAS1,0.0,0.0,0.0,0.0,0.0,0.0,0.0
full_development,EPB41L1,0.0,0.0,0.0,0.0,0.0,0.0,0.0
full_development,EPHA4,0.0,0.0,0.0,0.0,0.0,0.0,0.0
full_development,EPRS1,-0.05660628689243197,0.06536330995034156,0.03268165497517078,-0.08928794186760275,0.0,0.0008988494726749896,0.5
full_development,ETNK1,0.0,0.0,0.0,0.0,0.0,0.0,0.0
full_development,EVC,-0.04461750379817886,0.0555680093954623,0.02778400469773115,-0.07240150849591001,0.0,0.0011984659635666528,0.5
full_development,EXOSC2,-0.05736762352212921,0.06624242576654081,0.033121212883270405,-0.09048883640539962,0.0,0.00011984659635666528,0.5
full_development,EYA4,-0.13235026492213642,0.3292012456001903,0.16460062280009516,-0.29695088772223155,0.25,0.0015479876160990613,0.5
full_development,F12,0.0,0.0,0.0,0.0,0.0,0.0,0.0
full_development,F2R,0.05613213222806657,0.11226426445613313,0.05613213222806657,0.0,0.25,-0.0011609907120743168,0.5
full_development,FAM13B,0.0,0.0,0.0,0.0,0.0,0.0,0.0
full_development,FARP2,0.0,0.0,0.0,0.0,0.0,-0.0008845643520566382,0.5
full_development,FAS,0.0,0.0,0.0,0.0,0.0,0.0,0.0
full_development,FBL,0.0,0.0,0.0,0.0,0.0,0.0,0.0
full_development,FBLN1,0.0,0.0,0.0,0.0,0.0,0.0,0.0
full_development,FBP2,-0.07579460753867728,0.15389968492790956,0.07694984246395478,-0.15274445000263207,0.25,0.0007790028763183243,0.5
full_development,FBXL8,0.0,0.0,0.0,0.0,0.0,0.0,0.0
full_development,FBXO2,0.0,0.0,0.0,0.0,0.0,0.0,0.0
full_development,FCGR1A,0.0,0.0,0.0,0.0,0.0,0.0,0.0
full_development,FCGR1BP,0.0,0.0,0.0,0.0,0.0,0.0,0.0
full_development,FFAR2,0.0,0.0,0.0,0.0,0.0,0.0,0.0
full_development,FGF12,0.0,0.0,0.0,0.0,0.0,0.0,0.0
full_development,FGF18,0.0,0.0,0.0,0.0,0.0,0.0,0.0
full_development,FIP1L1,0.0,0.0,0.0,0.0,0.0,0.0,0.0
full_development,FKBP8,0.0,0.0,0.0,0.0,0.0,0.0,0.0
full_development,FN3KRP,0.0,0.0,0.0,0.0,0.0,0.0,0.0
full_development,FOLH1,0.0,0.0,0.0,0.0,0.0,0.0,0.0
full_development,FOXA2,0.0,0.0,0.0,0.0,0.0,0.0,0.0
full_development,FOXL2,0.0,0.0,0.0,0.0,0.0,0.0,0.0
full_development,FRAT1,-0.03938135877344706,0.04547367617780578,0.02273683808890289,-0.062118196862349956,0.0,0.001917545541706589,0.5
full_development,FTCD,0.07625174394019929,0.19256506904817136,0.09628253452408568,-0.02003079058388639,0.5,0.0018526131752595043,1.0
full_development,FTL,0.0,0.0,0.0,0.0,0.0,0.0,0.0
full_development,FUZ,0.0,0.0,0.0,0.0,0.0,0.0,0.0
full_development,G3BP2,0.0,0.0,0.0,0.0,0.0,0.0,0.0
full_development,GABBR1,-0.5000323518491498,0.5926453282726595,0.29632266413632974,-0.7963550159854795,0.0,-0.004035824856258308,0.5
full_development,GALNT10,0.0,0.0,0.0,0.0,0.0,0.0,0.0
full_development,GALNT14,0.10611651475385209,0.12757273201332608,0.06378636600666304,0.042330148747189045,0.5,0.0006634232640424509,0.5
full_development,GAPDH,0.0,0.0,0.0,0.0,0.0,0.0,0.0
full_development,GAPDHS,0.0,0.0,0.0,0.0,0.0,0.0,0.0
full_development,GAS6,0.0,0.0,0.0,0.0,0.0,0.0007190795781399917,0.5
full_development,GATAD2A,0.1409095789151884,0.23270769390978618,0.11635384695489309,0.024555731960295313,0.5,0.0013225795440040822,1.0
full_development,GCG,-0.0006417901989852481,0.09166638374451136,0.04583319187225568,-0.04647498207124093,0.25,0.0009769538334584993,1.0
full_development,GCH1,-0.11213574697504392,0.13341599833639348,0.06670799916819674,-0.17884374614324067,0.0,0.003715244487056568,0.5
full_development,GCHFR,0.0,0.0,0.0,0.0,0.0,0.0,0.0
full_development,GCNT1,0.0,0.0,0.0,0.0,0.0,0.00035953978906999584,0.5
full_development,GDNF,-0.015054826311946101,0.0301096526238922,0.0150548263119461,-0.030109652623892202,0.0,0.0004793863854266611,0.5
full_development,GEMIN6,0.0,0.0,0.0,0.0,0.0,0.0,0.0
full_development,GFPT2,-0.25649851168699733,0.2106349703234777,0.10531748516173885,-0.36181599684873617,0.0,0.0008721344419081178,1.0
full_development,GHR,0.0,0.0,0.0,0.0,0.0,0.0,0.0
full_development,GHRHR,-0.06653755133938866,0.07685890728299903,0.038429453641499516,-0.10496700498088818,0.0,0.0008845643520566104,0.5
full_development,GJA1,0.05418352249527736,0.3027929970266166,0.1513964985133083,-0.09721297601803094,0.25,0.0003317116320211977,0.5
full_development,GK,0.0,0.0,0.0,0.0,0.0,0.0,0.0
full_development,GLB1L2,0.0,0.0,0.0,0.0,0.0,0.0,0.0
full_development,GLI2,0.0,0.0,0.0,0.0,0.0,0.0,0.0
full_development,GLTP,0.03416765032982738,0.04235140120999376,0.02117570060499688,0.0129919497248305,0.5,0.001290113360780526,1.0
full_development,GLUD2,-0.0245765977524961,0.05435253187558235,0.027176265937791176,-0.051752863690287275,0.25,0.0007739938080495168,0.5
full_development,GMPS,0.0,0.0,0.0,0.0,0.0,0.0,0.0
full_development,GNA14,0.0,0.0,0.0,0.0,0.0,0.0,0.0
full_development,GOT2,0.0,0.0,0.0,0.0,0.0,0.0,0.0
full_development,GP5,-0.01969067938672353,0.03938135877344706,0.01969067938672353,-0.03938135877344706,0.0,0.00023969319271333056,0.5
full_development,GP6,0.0,0.0,0.0,0.0,0.0,0.0,0.0
full_development,GPC3,-0.028283314801187842,0.056566629602375684,0.028283314801187842,-0.056566629602375684,0.0,0.0005393096836049938,0.5
full_development,GPKOW,0.0,0.0,0.0,0.0,0.0,0.0,0.0
full_development,GPR18,0.0,0.0,0.0,0.0,0.0,0.0,0.0
full_development,GPX2,0.09997154443050427,0.14522012860686997,0.07261006430343499,0.02736148012706928,0.5,0.0011153525345143356,1.0
full_development,GRIA3,0.0,0.0,0.0,0.0,0.0,0.0,0.0
full_development,GSTA3,-0.21935990338363354,0.25763914483006467,0.12881957241503234,-0.34817947579866587,0.0,-0.001050420168067251,0.5
full_development,GTF2E1,0.0,0.0,0.0,0.0,0.0,-0.0002764263600177064,1.0
full_development,GTF2E2,0.0,0.0,0.0,0.0,0.0,0.0,0.0
full_development,GTF2F1,0.0,0.0,0.0,0.0,0.0,0.0,0.0
full_development,GTF2H1,0.0,0.0,0.0,0.0,0.0,0.0,0.0
full_development,GTF2H2,0.0,0.0,0.0,0.0,0.0,0.0,0.0
full_development,GTPBP3,-0.004754854540843567,0.025993921461296848,0.012996960730648424,-0.017751815271491993,0.25,-0.0013407606066093147,1.0
full_development,H1-3,0.0,0.0,0.0,0.0,0.0,0.0,0.0
full_development,H2AC14,0.0019051817305157925,0.0038103634610315846,0.0019051817305157923,2.168404344971009e-19,0.25,0.0016585581601061272,0.5
full_development,H2AC4,-0.051558063460950265,0.0676626890515466,0.0338313445257733,-0.08538940798672356,0.0,0.001318312559923318,0.5
full_development,H2AC6,0.0,0.0,0.0,0.0,0.0,0.0,0.0
full_development,H2AC7,0.029547010171365073,0.05909402034273015,0.029547010171365073,0.0,0.25,0.001198465963566625,0.5
full_development,H2BC14,0.0,0.0,0.0,0.0,0.0,0.0,0.0
full_development,H2BC5,0.0,0.0,0.0,0.0,0.0,0.0,0.5
full_development,H3C11,0.05613213222806657,0.11226426445613313,0.05613213222806657,0.0,0.25,0.0008845643520566104,0.5
full_development,H3C8,0.0,0.0,0.0,0.0,0.0,0.0,0.0
full_development,H4C4,0.0,0.0,0.0,0.0,0.0,0.0,0.0
full_development,HCRTR1,0.0,0.0,0.0,0.0,0.0,0.0,0.0
full_development,HDAC2,0.0,0.0,0.0,0.0,0.0,0.0,0.0
full_development,HDC,-0.1297480405916751,0.28402461207042434,0.14201230603521217,-0.2717603466268873,0.5,0.006383222663844751,1.0
full_development,HDGF,-0.24692004819378255,0.10037952117950583,0.05018976058975291,-0.29710980878353543,0.0,-0.0012355701729649948,1.0
full_development,HEATR1,0.0,0.0,0.0,0.0,0.0,0.0,0.0
full_development,HELLS,0.05157847978989594,0.16003218026541013,0.08001609013270507,-0.02843761034280913,0.25,0.0004241011134231143,1.0
full_development,HERC6,0.0,0.0,0.0,0.0,0.0,0.0,0.0
full_development,HLA-DMA,0.0,0.0,0.0,0.0,0.0,0.0,0.0
full_development,HLTF,0.0,0.0,0.0,0.0,0.0,0.0,0.0
full_development,HMGA2,0.0,0.0,0.0,0.0,0.0,0.0,0.0
full_development,HMGCL,0.0,0.0,0.0,0.0,0.0,0.0,0.0
full_development,HOXA2,0.0,0.0,0.0,0.0,0.0,0.0,0.0
full_development,HSD17B8,0.0,0.0,0.0,0.0,0.0,-0.0008567361950078678,1.0
full_development,HSPA6,0.0,0.0,0.0,0.0,0.0,0.0,0.0
full_development,HTR1B,0.0827697677121062,0.0982496136026831,0.04912480680134155,0.03364496091076465,0.5,0.00044228217602829134,0.5
full_development,HTR2B,0.0,0.0,0.0,0.0,0.0,0.00011984659635666528,0.5
full_development,HTR2C,0.0,0.0,0.0,0.0,0.0,0.000659156279961659,0.5
full_development,ICAM4,0.0,0.0,0.0,0.0,0.0,0.0,0.0
full_development,IFI16,0.07126915917661947,0.14253831835323894,0.07126915917661947,0.0,0.25,-0.0005207575789058505,1.0
full_development,IFI35,-0.07636392806893966,0.15272785613787931,0.07636392806893966,-0.15272785613787931,0.0,0.0012077420159162244,1.0
full_development,IFITM2,0.0,0.0,0.0,0.0,0.0,-0.0004422821760283191,0.5
full_development,IFNA1,0.0,0.0,0.0,0.0,0.0,0.0004244721555170805,1.0
full_development,IFNA14,0.0,0.0,0.0,0.0,0.0,0.0,0.0
full_development,IFNA5,-0.04413913503288569,0.055356409527972016,0.027678204763986008,-0.0718173397968717,0.0,0.000659156279961659,0.5
full_development,IFNGR2,0.0,0.0,0.0,0.0,0.0,0.0,0.0
full_development,IFT81,-0.3669526871932316,0.5056472571626385,0.25282362858131924,-0.6197763157745508,0.0,0.005453020134228187,0.5
full_development,IGLV6-57,0.08524839302528164,0.14093503767917795,0.07046751883958897,0.014780874185692669,0.5,0.0005528527200353572,0.5
full_development,IL12RB2,0.0,0.0,0.0,0.0,0.0,0.0,0.0
full_development,IL18,0.0,0.0,0.0,0.0,0.0,0.0,0.0
full_development,IL18BP,-0.3701081391564678,0.44909833961281515,0.22454916980640757,-0.5946573089628754,0.0,0.0025755886953863216,1.0
full_development,IL24,0.0,0.0,0.0,0.0,0.0,0.0,0.0
full_development,IL25,0.0,0.0,0.0,0.0,0.0,0.0,0.0
full_development,IL2RB,-0.10312429161032632,0.13165636545366724,0.06582818272683362,-0.16895247433715993,0.0,0.00033171163202122544,0.5
full_development,IL2RG,0.0,0.0,0.0,0.0,0.0,0.0009587727708533222,0.5
full_development,INO80D,-0.01969067938672353,0.03938135877344706,0.01969067938672353,-0.03938135877344706,0.0,0.00035953978906999584,0.5
full_development,INPP5F,0.07126915917661947,0.14253831835323894,0.07126915917661947,0.0,0.25,-0.00011057054400709365,0.5
full_development,INSR,0.01331844730936993,0.10170840354535772,0.05085420177267886,-0.03753575446330893,0.5,0.0010225920110184528,1.0
full_development,INTS8,0.0,0.0,0.0,0.0,0.0,0.0,0.0
full_development,ITFG2,0.0,0.0,0.0,0.0,0.0,0.0,0.0
full_development,ITGAE,-0.027820613350767687,0.05796594571925825,0.028982972859629124,-0.056803586210396814,0.25,0.00011984659635666528,0.5
full_development,ITGB1,0.026456976978487035,0.030549885560946444,0.015274942780473222,0.011182034198013812,0.5,0.0005992329817833264,0.5
full_development,ITGB4,-0.055795416171037004,0.06450207129027498,0.03225103564513749,-0.08804645181617449,0.0,-0.0008845643520566104,0.5
full_development,ITGB7,-0.030910646543642173,0.03569254020559437,0.017846270102797185,-0.04875691664643936,0.0,0.00011984659635666528,0.5
full_development,ITIH4,0.0,0.0,0.0,0.0,0.0,0.0,0.0
full_development,ITM2B,0.0,0.0,0.0,0.0,0.0,0.0,0.0
full_development,ITPR2,0.0,0.0,0.0,0.0,0.0,0.0,0.0
full_development,IVL,-0.14185672825587226,0.170367655246915,0.0851838276234575,-0.22704055587932975,0.0,0.0021572387344199195,0.5
full_development,KAT2A,0.0,0.0,0.0,0.0,0.0,0.0,0.0
full_development,KCND2,-0.14295884033370854,0.2714063263905514,0.1357031631952757,-0.27866200352898424,0.0,-5.528527200357458e-05,0.5
full_development,KCND3,-0.2748846063425745,0.3174094029359394,0.1587047014679697,-0.43358930781054417,0.0,0.0012077420159161967,1.0
full_development,KCNK12,0.15812671744975582,0.11895961087846657,0.059479805439233285,0.09864691201052253,1.0,0.002013830965095331,1.0
full_development,KCNMB1,0.0,0.0,0.0,0.0,0.0,0.0,0.0
full_development,KCNMB4,0.0,0.0,0.0,0.0,0.0,0.0,0.0
full_development,KDM5A,0.03184613161577943,0.16648752118113982,0.08324376059056991,-0.051397628974790485,0.25,-0.002100840336134474,0.5
full_development,KHDRBS1,0.08521922644657565,0.20735092040682776,0.10367546020341388,-0.018456233756838233,0.5,0.002925852432106718,1.0
full_development,KIF13B,0.0,0.0,0.0,0.0,0.0,0.0,0.0
full_development,KIF24,0.10261977420008961,0.11968542176070915,0.059842710880354574,0.042777063319735034,0.5,-0.0003317116320212532,0.5
full_development,KIF3A,0.0,0.0,0.0,0.0,0.0,0.0,0.0
full_development,KIF5B,0.0,0.0,0.0,0.0,0.0,-0.0002211410880141873,0.5
full_development,KIFC1,0.0,0.0,0.0,0.0,0.0,0.00023969319271333056,0.5
full_development,KIR2DS4,0.0,0.0,0.0,0.0,0.0,0.0,0.0
full_development,KLHDC10,0.0,0.0,0.0,0.0,0.0,0.0,0.0
full_development,KLHDC3,0.0,0.0,0.0,0.0,0.0,0.0010186960690316549,0.5
full_development,KLHL25,0.013568561275068447,0.11743192044505293,0.05871596022252647,-0.04514739894745802,0.25,0.0006634232640424231,0.5
full_development,KLHL41,0.0,0.0,0.0,0.0,0.0,0.0,0.0
full_development,KLK7,0.0,0.0,0.0,0.0,0.0,0.0,0.0
full_development,KNL1,0.0,0.0,0.0,0.0,0.0,0.0,0.0
full_development,KRAS,-0.02838696121352413,0.05677392242704827,0.028386961213524135,-0.05677392242704826,0.0,-0.00022114108801415955,0.5
full_development,KRT14,0.0,0.0,0.0,0.0,0.0,0.0,0.0
full_development,KRT36,0.0,0.0,0.0,0.0,0.0,0.0,0.0
full_development,KRT38,0.0,0.0,0.0,0.0,0.0,0.0,0.0
full_development,KRTAP5-8,-0.03789065992397411,0.07578131984794821,0.037890659923974106,-0.07578131984794823,0.0,0.0008988494726749896,0.5
full_development,LAG3,0.12740129140468603,0.14917259900872842,0.07458629950436421,0.05281499190032182,0.5,-0.0004975674480318659,0.5
full_development,LAIR1,0.06354758868701005,0.04875118256765441,0.024375591283827203,0.03917199740318285,0.75,0.00023041714036373118,1.0
full_development,LALBA,0.0,0.0,0.0,0.0,0.0,0.0,0.0
full_development,LAMA2,0.0,0.0,0.0,0.0,0.0,0.0,0.0
full_development,LAMA3,0.0,0.0,0.0,0.0,0.0,0.0,0.0
full_development,LAMA5,-0.1842074284443047,0.21339184251799653,0.10669592125899827,-0.290903349703303,0.0,0.0010697143569543266,1.0
full_development,LAMC2,0.0,0.0,0.0,0.0,0.0,0.0,0.0
full_development,LAS1L,0.49527761075082566,0.5090094061030817,0.2545047030515408,0.24077290769928483,1.0,0.0031891067977879717,1.0
full_development,LGALS3,0.0,0.0,0.0,0.0,0.0,0.0,0.0
full_development,LGALS3BP,0.02772067234866249,0.09971378138334719,0.049856890691673594,-0.022136218343011105,0.25,-0.0007190795781399917,0.5
full_development,LGALS7,0.0,0.0,0.0,0.0,0.0,0.0,0.0
full_development,LGMN,0.0,0.0,0.0,0.0,0.0,0.0,0.0
full_development,LIAS,0.0,0.0,0.0,0.0,0.0,0.0,0.0
full_development,LILRA3,0.0,0.0,0.0,0.0,0.0,0.0,0.0
full_development,LIN7B,-0.028303143446215984,0.05660628689243197,0.028303143446215984,-0.05660628689243197,0.0,0.00017976989453499792,0.5
full_development,LIN7C,0.0,0.0,0.0,0.0,0.0,0.0,0.0
full_development,LMF2,0.0,0.0,0.0,0.0,0.0,0.0,0.0
full_development,LSM5,0.0,0.0,0.0,0.0,0.0,0.0,0.0
full_development,LTBP2,-0.0661938033701901,0.07802102749929199,0.039010513749645995,-0.10520431711983609,0.0,0.000838926174496657,0.5
full_development,LZTFL1,0.040973540877560666,0.04731648945380013,0.023658244726900066,0.0173152961506606,0.5,0.002211410880141512,0.5
full_development,MAGOH,0.04149461856164827,0.16007768822406374,0.08003884411203187,-0.0385442255503836,0.25,0.0004793863854266611,0.5
full_development,MAN2A1,0.05613213222806657,0.11226426445613313,0.05613213222806657,0.0,0.25,0.0002764263600176786,0.5
full_development,MANEA,0.0,0.0,0.0,0.0,0.0,0.0,0.0
full_development,MAP3K7,0.0,0.0,0.0,0.0,0.0,0.0,0.0
full_development,MAPK14,0.0,0.0,0.0,0.0,0.0,0.0,0.0
full_development,MAPK6,0.03554358282156045,0.06610436901103199,0.033052184505515995,0.0024913983160444533,0.5,-0.00024896924506292994,1.0
full_development,MAPKAPK2,0.0,0.0,0.0,0.0,0.0,0.0,0.0
full_development,MARK4,0.0,0.0,0.0,0.0,0.0,0.0,0.0
full_development,MBIP,0.0,0.0,0.0,0.0,0.0,0.0,0.0
full_development,MBTPS1,0.0,0.0,0.0,0.0,0.0,0.0,0.0
full_development,MCM4,-0.11998765213275853,0.30433005197944135,0.15216502598972068,-0.27215267812247923,0.25,-0.0004975674480318659,0.5
full_development,MDC1,0.0,0.0,0.0,0.0,0.0,0.0,0.0
full_development,MDH2,0.15915876152057074,0.43116376393581385,0.21558188196790692,-0.05642312044733619,0.25,-0.000659156279961659,0.5
full_development,ME1,0.0,0.0,0.0,0.0,0.0,0.0,0.0
full_development,ME2,-0.02838696121352413,0.05677392242704827,0.028386961213524135,-0.05677392242704826,0.0,-0.00016585581601061272,0.5
full_development,MED16,0.0,0.0,0.0,0.0,0.0,0.0,0.0
full_development,MED25,0.0,0.0,0.0,0.0,0.0,0.0,0.0
full_development,MED7,0.0,0.0,0.0,0.0,0.0,0.0,0.0
full_development,MEF2A,0.0,0.0,0.0,0.0,0.0,-0.0003317116320212532,0.5
full_development,MEFV,0.0,0.0,0.0,0.0,0.0,0.0,0.0
full_development,MEN1,0.0,0.0,0.0,0.0,0.0,0.0,0.5
full_development,METAP2,0.0,0.0,0.0,0.0,0.0,0.0,0.0
full_development,METTL3,0.0,0.0,0.0,0.0,0.0,0.00011984659635666528,0.5
full_development,MEX3C,0.10236135591493678,0.13831180650637231,0.06915590325318616,0.03320545266175062,0.5,-0.0005528527200354127,0.5
full_development,MFN2,0.02748096052760296,0.13437143645958896,0.06718571822979448,-0.03970475770219152,0.5,0.0007055365417095449,1.0
full_development,MGLL,0.0,0.0,0.0,0.0,0.0,0.0,0.0
full_development,MIEF1,0.0,0.0,0.0,0.0,0.0,0.0,0.0
full_development,MME,0.013228488489243517,0.026456976978487035,0.013228488489243517,0.0,0.25,-0.00035953978906999584,0.5
full_development,MMP11,0.0,0.0,0.0,0.0,0.0,0.0,0.0
full_development,MMP16,0.0,0.0,0.0,0.0,0.0,0.0,0.0
full_development,MOB1A,0.0,0.0,0.0,0.0,0.0,0.0,0.0
full_development,MOGS,0.1286612215237497,0.14856518176200592,0.07428259088100296,0.05437863064274674,0.5,0.0020973154362416147,0.5
full_development,MPC1,0.0,0.0,0.0,0.0,0.0,0.0,0.0
full_development,MPL,0.0,0.0,0.0,0.0,0.0,0.0,0.5
full_development,MRM1,0.0,0.0,0.0,0.0,0.0,0.0,0.0
full_development,MRPL16,-0.22319709143818933,0.3773788604493611,0.18868943022468054,-0.4118865216628699,0.5,9.276052349571628e-06,1.0
full_development,MRPL28,-0.04026116983350114,0.13628180444618548,0.06814090222309274,-0.10840207205659388,0.5,0.0009405917082481174,1.0
full_development,MRPL40,0.0,0.0,0.0,0.0,0.0,0.0,0.0
full_development,MRPL41,-0.06322620894041187,0.44703184146066244,0.22351592073033122,-0.2867421296707431,0.25,-0.00022114108801415955,0.5
full_development,MTHFS,0.0,0.0,0.0,0.0,0.0,0.0,0.0
full_development,MTM1,-0.028283314801187842,0.056566629602375684,0.028283314801187842,-0.056566629602375684,0.0,0.0,0.5
full_development,MTMR7,0.029547010171365073,0.05909402034273015,0.029547010171365073,0.0,0.25,0.0011385426653883202,0.5
full_development,MTRR,0.0,0.0,0.0,0.0,0.0,0.0,0.0
full_development,MUC13,0.0,0.0,0.0,0.0,0.0,0.0,0.0
full_development,MUC3A,-0.10553991512839822,0.5047406344400284,0.2523703172200142,-0.3579102323484124,0.25,0.001530919679775783,1.0
full_development,MXRA8,0.0,0.0,0.0,0.0,0.0,0.0,0.0
full_development,MYBPC1,0.0,0.0,0.0,0.0,0.0,0.0,0.0
full_development,MYL11,-0.0526072869587324,0.6107407044569697,0.30537035222848485,-0.35797763918721726,0.5,-0.00021038086728866756,1.0
full_development,MYO3A,-0.03938135877344706,0.04547367617780578,0.02273683808890289,-0.062118196862349956,0.0,0.0007190795781399917,0.5
full_development,MYRIP,0.0,0.0,0.0,0.0,0.0,0.0,0.0
full_development,NAT10,0.022980547945886443,0.041038153471453453,0.020519076735726727,0.002461471210159716,0.5,-0.00011057054400709365,1.0
full_development,NBEA,-0.01227101689454635,0.042983650115945904,0.021491825057972952,-0.0337628419525193,0.25,0.0007739938080495168,0.5
full_development,NCAPD3,-0.028303143446215984,0.05660628689243197,0.028303143446215984,-0.05660628689243197,0.0,0.0011934568952978453,1.0
full_development,NCF1,0.0,0.0,0.0,0.0,0.0,0.0,0.0
full_development,NCK1,0.0,0.0,0.0,0.0,0.0,0.0,0.0
full_development,NDOR1,0.0,0.0,0.0,0.0,0.0,0.0,0.0
full_development,NDST2,0.0,0.0,0.0,0.0,0.0,0.0,0.0
full_development,NDUFA8,0.0,0.0,0.0,0.0,0.0,0.0,0.0
full_development,NDUFAB1,0.0,0.0,0.0,0.0,0.0,5.528527200351907e-05,0.5
full_development,NEDD8,0.0,0.0,0.0,0.0,0.0,0.0,0.0
full_development,NEIL1,0.0,0.0,0.0,0.0,0.0,0.0,0.0
full_development,NEK2,0.0,0.0,0.0,0.0,0.0,0.0,0.0
full_development,NELFB,0.0,0.0,0.0,0.0,0.0,0.0,0.0
full_development,NF1,0.0,0.0,0.0,0.0,0.0,0.0,0.0
full_development,NFATC3,0.0,0.0,0.0,0.0,0.0,0.0,0.0
full_development,NGB,0.04409268268537225,0.0881853653707445,0.04409268268537225,0.0,0.25,0.00033171163202122544,0.5
full_development,NKX6-1,0.0,0.0,0.0,0.0,0.0,0.0,0.0
full_development,NLGN4Y,0.013228488489243517,0.026456976978487035,0.013228488489243517,0.0,0.25,0.00023969319271333056,0.5
full_development,NLK,-0.054705953632577575,0.1170160089183942,0.0585080044591971,-0.11321395809177467,0.25,-0.0014880643179207564,1.0
full_development,NLRP3,0.0,0.0,0.0,0.0,0.0,0.0,0.0
full_development,NMRK1,0.0,0.0,0.0,0.0,0.0,0.00023969319271333056,0.5
full_development,NOD2,0.0,0.0,0.0,0.0,0.0,0.0,0.0
full_development,NPHS2,0.0,0.0,0.0,0.0,0.0,0.0,0.0
full_development,NPR1,0.0,0.0,0.0,0.0,0.0,0.0,0.0
full_development,NPY1R,0.0,0.0,0.0,0.0,0.0,0.0,0.0
full_development,NR2C1,-0.03736677798336352,0.11117050365676814,0.05558525182838407,-0.09295202981174759,0.25,0.0029598027837061947,1.0
full_development,NR3C1,0.0,0.0,0.0,0.0,0.0,0.0,0.0
full_development,NR4A1,0.0,0.0,0.0,0.0,0.0,0.0,0.0
full_development,NRG2,0.0,0.0,0.0,0.0,0.0,0.0,0.0
full_development,NRP1,-0.10570908381075483,0.30202676536567113,0.15101338268283557,-0.25672246649359043,0.25,0.00044228217602829134,0.5
full_development,NRP2,0.0,0.0,0.0,0.0,0.0,0.0,0.0
full_development,NRXN2,0.0,0.0,0.0,0.0,0.0,0.0,0.0
full_development,NUDT9,0.13764844656415498,0.5084928424749826,0.2542464212374913,-0.11659797467333632,0.75,0.003308953394144637,1.0
full_development,NUP43,0.0,0.0,0.0,0.0,0.0,0.0,0.0
full_development,OMG,0.0,0.0,0.0,0.0,0.0,0.0,0.0
full_development,OPN1MW,0.21656630604332072,0.42020733943951866,0.21010366971975933,0.006462636323561394,0.5,0.0007790028763183243,0.5
full_development,OPN3,0.0,0.0,0.0,0.0,0.0,0.0,0.0
full_development,OR10H2,0.0,0.0,0.0,0.0,0.0,0.0,0.0
full_development,OR12D2,0.0,0.0,0.0,0.0,0.0,0.0,0.0
full_development,OR2F1,-0.05677392242704826,0.0655568787924145,0.03277843939620725,-0.08955236182325552,0.0,0.0005435766676857856,1.0
full_development,OR2W1,0.0,0.0,0.0,0.0,0.0,0.0,0.0
full_development,OR7A17,0.05061559506564528,0.11640764773893923,0.058203823869469616,-0.007588228803824336,0.25,0.0,0.5
full_development,OR7C1,0.0,0.0,0.0,0.0,0.0,0.0,0.0
full_development,OR7C2,0.01869345715388171,0.03738691430776342,0.01869345715388171,0.0,0.25,0.0008845643520565827,0.5
full_development,ORMDL2,0.0,0.0,0.0,0.0,0.0,0.00011984659635666528,0.5
full_development,OTUD3,0.0,0.0,0.0,0.0,0.0,0.0,0.0
full_development,OXSM,0.0,0.0,0.0,0.0,0.0,0.0,0.0
full_development,OXTR,0.12304686559551747,0.2074480341418088,0.1037240170709044,0.01932284852461308,0.5,-0.0013821318000884764,0.5
full_development,P2RY10,0.0,0.0,0.0,0.0,0.0,0.0,0.0
full_development,PACS1,0.0,0.0,0.0,0.0,0.0,0.0,0.0
full_development,PACSIN3,0.0,0.0,0.0,0.0,0.0,0.0,0.0
full_development,PANK2,-0.1065129970192622,0.0738721018477893,0.03693605092389465,-0.14344904794315685,0.0,0.0018155089658611623,1.0
full_development,PARP16,0.0,0.0,0.0,0.0,0.0,0.0,0.0
full_development,PCBP2,0.0,0.0,0.0,0.0,0.0,0.0,0.0
full_development,PCMT1,0.0,0.0,0.0,0.0,0.0,0.0,0.0
full_development,PCSK6,0.0,0.0,0.0,0.0,0.0,0.0,0.0
full_development,PDE10A,-0.07578131984794823,0.08750473082751607,0.043752365413758036,-0.11953368526170627,0.0,0.00011984659635666528,0.5
full_development,PDE8A,0.0,0.0,0.0,0.0,0.0,0.0004194630872483285,0.5
full_development,PDK3,0.13702178119081587,0.15847537299838363,0.07923768649919181,0.05778409469162406,0.5,0.0006634232640424509,0.5
full_development,PDK4,0.0,0.0,0.0,0.0,0.0,0.0,0.0
full_development,PEA15,0.0,0.0,0.0,0.0,0.0,0.0015580057526366486,0.5
full_development,PELI2,0.0,0.0,0.0,0.0,0.0,0.0,0.0
full_development,PEX11B,0.0,0.0,0.0,0.0,0.0,0.0,0.0
full_development,PFKFB3,0.0,0.0,0.0,0.0,0.0,0.0,0.0
full_development,PGGT1B,0.0,0.0,0.0,0.0,0.0,0.0,0.0
full_development,PHKG1,0.0,0.0,0.0,0.0,0.0,0.0,0.0
full_development,PIGB,0.003810363461031585,0.004399828739873799,0.0021999143699368996,0.0016104490910946855,0.5,-0.0004975674480318659,0.5
full_development,PIGG,0.023317627552371434,0.05876103798637448,0.02938051899318724,-0.006062891440815805,0.25,0.0032618310482087354,0.5
full_development,PIGR,0.0,0.0,0.0,0.0,0.0,0.0,0.0
full_development,PIK3C2A,0.0,0.0,0.0,0.0,0.0,0.0,0.0
full_development,PIK3CA,0.0,0.0,0.0,0.0,0.0,0.0,0.0
full_development,PIKFYVE,0.0,0.0,0.0,0.0,0.0,0.0,0.0
full_development,PIPOX,-0.03439061938392918,0.06878123876785835,0.03439061938392918,-0.06878123876785835,0.0,0.0006634232640424509,0.5
full_development,PITPNM3,0.0,0.0,0.0,0.0,0.0,0.0,0.0
full_development,PKM,0.0,0.0,0.0,0.0,0.0,-0.0004422821760283191,0.5
full_development,PLA2G4C,0.0,0.0,0.0,0.0,0.0,0.0,0.0
full_development,PLAAT1,0.029513996959067867,0.10237473196171942,0.05118736598085971,-0.021673369021791844,0.25,0.0026536930561698313,0.5
full_development,PLD3,0.0,0.0,0.0,0.0,0.0,0.0,0.0
full_development,PLIN2,0.0,0.0,0.0,0.0,0.0,0.0,0.0
full_development,PLK1,0.014954885309837351,0.02765584712257634,0.01382792356128817,0.001126961748549182,0.5,0.000608509034132898,1.0
full_development,PLPPR1,0.0,0.0,0.0,0.0,0.0,0.0,0.0
full_development,PLXNA3,0.0,0.0,0.0,0.0,0.0,0.0,0.0
full_development,PMP22,0.03934305046505315,0.25636410633046514,0.12818205316523257,-0.08883900270017941,0.25,0.0015580057526366209,0.5
full_development,PNLIPRP2,0.0,0.0,0.0,0.0,0.0,0.0,0.0
full_development,POLA2,0.0,0.0,0.0,0.0,0.0,0.0,0.0
full_development,POLD1,-0.0026336167526697096,0.005267233505339418,0.002633616752669709,-0.005267233505339419,0.0,0.00011057054400703814,0.5
full_development,POLD3,0.0,0.0,0.0,0.0,0.0,0.0,0.0
full_development,POLM,0.0,0.0,0.0,0.0,0.0,0.0,0.0
full_development,POLR2H,0.0,0.0,0.0,0.0,0.0,0.0,0.0
full_development,POU3F2,0.0,0.0,0.0,0.0,0.0,0.0,0.0
full_development,PPFIA1,-0.2269125755391066,0.42344082317507326,0.21172041158753663,-0.4386329871266432,0.0,0.00461409395973153,0.5
full_development,PPID,0.0,0.0,0.0,0.0,0.0,0.0,0.0
full_development,PPM1D,0.0,0.0,0.0,0.0,0.0,0.0,0.0
full_development,PPOX,0.0,0.0,0.0,0.0,0.0,0.0,0.0
full_development,PPP1R15A,0.0,0.0,0.0,0.0,0.0,0.0,0.0
full_development,PPP3CB,0.0,0.0,0.0,0.0,0.0,0.0,0.0
full_development,PPP5C,0.0,0.0,0.0,0.0,0.0,-0.0003317116320212532,0.5
full_development,PRDM1,0.07283713745110632,0.06388272614348471,0.031941363071742356,0.04089577437936396,0.75,0.0029265945162946783,1.0
full_development,PRDX1,0.002511703679491717,0.2286808964163928,0.1143404482081964,-0.11182874452870468,0.25,0.0014927023440955145,0.5
full_development,PRKAG1,0.01059585207715763,0.02119170415431526,0.01059585207715763,0.0,0.25,-0.00017976989453499792,0.5
full_development,PRKD3,0.0,0.0,0.0,0.0,0.0,0.0,0.0
full_development,PRKG1,-0.11454846587294831,0.1619079923814529,0.08095399619072645,-0.19550246206367478,0.0,0.002217162032598252,0.5
full_development,PROM1,0.0,0.0,0.0,0.0,0.0,0.0,0.0
full_development,PRSS8,0.0,0.0,0.0,0.0,0.0,0.0,0.0
full_development,PSG4,-0.01969067938672353,0.03938135877344706,0.01969067938672353,-0.03938135877344706,0.0,-0.0002996164908916632,0.5
full_development,PSMD9,0.2164590386686278,0.2505277081912059,0.12526385409560295,0.09119518457302486,0.5,-0.0004422821760283191,0.5
full_development,PTAFR,0.00019727819602799457,0.09625910819708706,0.04812955409854353,-0.04793227590251554,0.5,0.002843481087242361,1.0
full_development,PTBP1,0.0,0.0,0.0,0.0,0.0,0.0,0.0
full_development,PTGES2,0.0,0.0,0.0,0.0,0.0,0.0,0.0
full_development,PTP4A2,-0.006462190897478237,0.012924381794956476,0.006462190897478238,-0.012924381794956474,0.0,0.001857622243528284,0.5
full_development,PTPRN2,0.0,0.0,0.0,0.0,0.0,0.0,0.0
full_development,PYGO1,0.0,0.0,0.0,0.0,0.0,0.0,0.0
full_development,RAB1A,0.0,0.0,0.0,0.0,0.0,0.0,0.0
full_development,RAB26,0.0,0.0,0.0,0.0,0.0,0.0,0.0
full_development,RAB30,0.0,0.0,0.0,0.0,0.0,0.0,0.0
full_development,RAB38,0.0,0.0,0.0,0.0,0.0,0.0,0.0
full_development,RAB4A,0.0,0.0,0.0,0.0,0.0,0.0,0.0
full_development,RALB,0.0,0.0,0.0,0.0,0.0,0.0,0.0
full_development,RANGAP1,0.0,0.0,0.0,0.0,0.0,0.0,0.0
full_development,RARS2,-0.2748846063425745,0.3174094029359394,0.1587047014679697,-0.43358930781054417,0.0,-0.000552852720035385,0.5
full_development,RASGRP2,0.0,0.0,0.0,0.0,0.0,0.0,0.0
full_development,RB1,-0.016908854985437927,0.07117294618474844,0.03558647309237422,-0.052495328077812146,0.25,0.0008988494726749896,0.5
full_development,RBM10,0.0,0.0,0.0,0.0,0.0,0.0,0.0
full_development,RBM26,0.0,0.0,0.0,0.0,0.0,0.0,0.0
full_development,RBM4,0.0,0.0,0.0,0.0,0.0,0.0,0.0
full_development,RCC1,0.06551195480563976,0.08927934470932639,0.04463967235466319,0.020872282450976568,0.5,0.00033171163202122544,0.5
full_development,RELN,0.0,0.0,0.0,0.0,0.0,0.0,0.0
full_development,RETREG1,0.0,0.0,0.0,0.0,0.0,0.0,0.0
full_development,RFC1,0.0,0.0,0.0,0.0,0.0,0.0,0.0
full_development,RGS12,0.0,0.0,0.0,0.0,0.0,0.0,0.0
full_development,RGS13,0.09395435231670923,0.26044973043070424,0.13022486521535212,-0.03627051289864289,0.25,0.0017377756471716188,0.5
full_development,RGS20,0.0,0.0,0.0,0.0,0.0,0.0,0.0
full_development,RIOX2,0.0,0.0,0.0,0.0,0.0,0.0,0.0
full_development,RLN1,0.11226426445613313,0.1296316066082476,0.0648158033041238,0.04744846115200933,0.5,0.001879699248120259,0.5
full_development,RNF128,0.033301466565744064,0.23449674091092496,0.11724837045546248,-0.08394690388971841,0.25,-2.7755575615628914e-17,0.5
full_development,RNF146,0.0,0.0,0.0,0.0,0.0,0.0,0.0
full_development,RNF2,0.0,0.0,0.0,0.0,0.0,0.0,0.0
full_development,RNLS,0.0,0.0,0.0,0.0,0.0,0.0,0.0
full_development,ROCK2,0.0,0.0,0.0,0.0,0.0,0.0,0.0
full_development,ROR1,0.09387762093323815,0.1877552418664763,0.09387762093323815,0.0,0.25,0.00035953978906999584,0.5
full_development,RPA2,0.0,0.0,0.0,0.0,0.0,0.0,0.0
full_development,RPL10A,-0.13744230317128725,0.2748846063425745,0.13744230317128725,-0.2748846063425745,0.0,-0.0007047944575216403,1.0
full_development,RPL26L1,0.0,0.0,0.0,0.0,0.0,0.0,0.0
full_development,RPL27A,0.0,0.0,0.0,0.0,0.0,0.0,0.0
full_development,RPL37A,0.0,0.0,0.0,0.0,0.0,0.0,0.0
full_development,RPL38,0.0,0.0,0.0,0.0,0.0,0.0,0.0
full_development,RPL39,0.0,0.0,0.0,0.0,0.0,0.0023505516653853087,1.0
full_development,RPL7A,-0.09438258383452158,0.113298026837897,0.0566490134189485,-0.1510315972534701,0.0,-0.0012398371570458422,1.0
full_development,RPS11,0.0,0.0,0.0,0.0,0.0,0.0,0.0
full_development,RPS26,0.0,0.0,0.0,0.0,0.0,0.0,0.0
full_development,RPS28,0.0,0.0,0.0,0.0,0.0,0.0,0.0
full_development,RPS3A,0.0,0.0,0.0,0.0,0.0,0.0,0.0
full_development,RPS6KA5,0.0,0.0,0.0,0.0,0.0,0.0005393096836049938,0.5
full_development,RPS6KB1,0.0,0.0,0.0,0.0,0.0,0.0,0.0
full_development,RSAD2,0.0,0.0,0.0,0.0,0.0,0.0,0.0
full_development,RYBP,0.0,0.0,0.0,0.0,0.0,0.0,0.0
full_development,S100A12,0.0,0.0,0.0,0.0,0.0,0.0,0.0
full_development,S100A7,0.0,0.0,0.0,0.0,0.0,0.0,0.0
full_development,SAMHD1,-0.03789065992397411,0.07578131984794821,0.037890659923974106,-0.07578131984794823,0.0,0.000659156279961659,0.5
full_development,SAP18,0.0,0.0,0.0,0.0,0.0,0.0001105705440070659,0.5
full_development,SAP30,0.0,0.0,0.0,0.0,0.0,0.0,0.0
full_development,SATB1,0.0,0.0,0.0,0.0,0.0,0.0,0.0
full_development,SCN2A,0.0,0.0,0.0,0.0,0.0,0.0,0.0
full_development,SCT,0.0,0.0,0.0,0.0,0.0,0.0,0.0
full_development,SEC16A,0.0,0.0,0.0,0.0,0.0,0.0,0.0
full_development,SEC23A,0.0,0.0,0.0,0.0,0.0,0.0,0.0
full_development,SEC61G,0.0,0.0,0.0,0.0,0.0,0.0,0.0
full_development,SEMG1,-0.07578131984794823,0.08750473082751607,0.043752365413758036,-0.11953368526170627,0.0,0.00017976989453499792,0.5
full_development,SENP5,0.0,0.0,0.0,0.0,0.0,0.0,0.0
full_development,SEPTIN4,0.0,0.0,0.0,0.0,0.0,0.0,0.0
full_development,SERPINA1,-0.09699160926918893,0.12013415734181902,0.06006707867090951,-0.15705868794009845,0.0,-0.0011057054400707977,0.5
full_development,SERPINA5,0.0,0.0,0.0,0.0,0.0,0.0,0.0
full_development,SERPINB2,0.0,0.0,0.0,0.0,0.0,0.0,0.0
full_development,SETD1B,0.0,0.0,0.0,0.0,0.0,0.0,0.0
full_development,SF3B5,0.0,0.0,0.0,0.0,0.0,0.0,0.0
full_development,SFTPC,0.0,0.0,0.0,0.0,0.0,0.0,0.0
full_development,SGCA,0.2765786141315818,0.3586829317591867,0.17934146587959335,0.09723714825198845,0.5,0.0008292790800530636,0.5
full_development,SHARPIN,0.0,0.0,0.0,0.0,0.0,0.0,0.0
full_development,SHB,0.0,0.0,0.0,0.0,0.0,0.0,0.0
full_development,SIGIRR,0.0,0.0,0.0,0.0,0.0,0.0,0.0
full_development,SIGLEC15,0.0,0.0,0.0,0.0,0.0,0.0,0.0
full_development,SIKE1,0.0,0.0,0.0,0.0,0.0,0.0,0.0
full_development,SLC12A5,0.0,0.0,0.0,0.0,0.0,0.0,0.0
full_development,SLC13A4,-0.022395882934592493,0.06156058317177845,0.030780291585889224,-0.05317617452048172,0.25,0.0004793863854266611,0.5
full_development,SLC16A8,0.09041930366704776,0.1144329357596106,0.0572164678798053,0.03320283578724246,0.5,0.0023141895401749546,1.0
full_development,SLC18A2,-0.015054826311944325,0.0699819731086013,0.03499098655430065,-0.050045812866244974,0.25,-0.00023969319271333056,0.5
full_development,SLC20A2,0.0,0.0,0.0,0.0,0.0,-0.0009398496240601573,0.5
full_development,SLC22A5,0.12926153921256045,0.2106708159933729,0.10533540799668645,0.023926131215874002,0.5,0.0007005274734407929,1.0
full_development,SLC22A6,0.0,0.0,0.0,0.0,0.0,0.0,0.0
full_development,SLC24A1,0.0,0.0,0.0,0.0,0.0,0.0,0.0
full_development,SLC25A11,0.0,0.0,0.0,0.0,0.0,0.0,0.0
full_development,SLC25A21,0.0,0.0,0.0,0.0,0.0,0.0,0.0
full_development,SLC25A4,0.0,0.0,0.0,0.0,0.0,0.0,0.0
full_development,SLC28A3,0.10849977572455494,0.19793836048788846,0.09896918024394423,0.009530595480610707,0.5,0.0023319995606861377,1.0
full_development,SLC30A3,0.0,0.0,0.0,0.0,0.0,0.0006634232640424509,0.5
full_development,SLC44A4,0.0,0.0,0.0,0.0,0.0,0.0,0.0
full_development,SLC4A8,0.03368005002548635,0.1855456152727047,0.09277280763635234,-0.05909275761086599,0.5,0.0010600672625107888,1.0
full_development,SLC6A13,0.0,0.0,0.0,0.0,0.0,0.0008845643520566104,0.5
full_development,SLC6A14,0.0,0.0,0.0,0.0,0.0,0.0,0.0
full_development,SLC6A4,0.0,0.0,0.0,0.0,0.0,0.0,0.0
full_development,SLC6A5,0.0,0.0,0.0,0.0,0.0,0.0,0.0
full_development,SLC9A2,-0.04413913503288569,0.055356409527972016,0.027678204763986008,-0.0718173397968717,0.0,0.00035953978906999584,0.5
full_development,SLCO1A2,0.09234452539199012,0.18468905078398026,0.09234452539199013,-1.3877787807814457e-17,0.25,-2.7755575615628914e-17,0.5
full_development,SLCO3A1,0.0,0.0,0.0,0.0,0.0,0.00022114108801415955,1.0
full_development,SLIT2,0.0,0.0,0.0,0.0,0.0,0.0,0.0
full_development,SMPD4,0.0,0.0,0.0,0.0,0.0,0.0,0.0
full_development,SMURF1,0.0,0.0,0.0,0.0,0.0,0.0,0.0
full_development,SNAPC3,0.0,0.0,0.0,0.0,0.0,0.0,0.0
full_development,SNCB,0.0,0.0,0.0,0.0,0.0,0.0,0.0
full_development,SNRPN,0.0,0.0,0.0,0.0,0.0,0.0,0.0
full_development,SOX13,0.0,0.0,0.0,0.0,0.0,0.0,0.0
full_development,SPCS3,0.0,0.0,0.0,0.0,0.0,0.0,0.0
full_development,SPOCK3,0.029673896747798523,0.1650204144790738,0.0825102072395369,-0.052836310491738384,0.5,0.0001387697431498025,1.0
full_development,SPON1,0.0,0.0,0.0,0.0,0.0,0.0,0.0
full_development,SPTBN2,0.0,0.0,0.0,0.0,0.0,0.0,0.0
full_development,SPTBN4,0.0,0.0,0.0,0.0,0.0,0.0,0.0
full_development,SPTLC1,-0.011433682945487078,0.06326803642331504,0.03163401821165752,-0.043067701157144596,0.25,0.0,0.5
full_development,SPTSSA,0.0,0.0,0.0,0.0,0.0,0.0,0.0
full_development,SQOR,0.029547010171365073,0.05909402034273015,0.029547010171365073,0.0,0.25,0.00017976989453499792,0.5
full_development,SQSTM1,0.0,0.0,0.0,0.0,0.0,0.0007190795781399917,0.5
full_development,SRP14,-0.13537951761448141,0.05497768413100697,0.027488842065503484,-0.1628683596799849,0.0,0.002346655723398483,1.0
full_development,SRPK1,-0.2327338739118332,0.26873792950508263,0.13436896475254131,-0.36710283866437454,0.0,0.00018515000489774391,1.0
full_development,SRRM1,0.0,0.0,0.0,0.0,0.0,0.0,0.0
full_development,SRSF2,0.0,0.0,0.0,0.0,0.0,0.0,0.0
full_development,SSR1,0.11180944712031327,0.14088893939004182,0.07044446969502091,0.041364977425292354,0.5,5.528527200351907e-05,0.5
full_development,ST6GAL1,0.07481797349006847,0.2518541754574976,0.1259270877287488,-0.05110911423868034,0.5,-0.0006819753687416497,1.0
full_development,ST6GALNAC5,0.026216682198107577,0.052433364396215154,0.026216682198107577,0.0,0.25,0.00044228217602829134,0.5
full_development,STAP2,0.0,0.0,0.0,0.0,0.0,0.0,0.0
full_development,STAT2,0.0,0.0,0.0,0.0,0.0,0.0,0.0
full_development,STOM,0.0,0.0,0.0,0.0,0.0,0.0,0.0
full_development,STRA6,0.17421217418682744,0.22261092202510438,0.11130546101255219,0.06290671317427525,0.5,0.0014381591562799556,0.5
full_development,STS,0.0,0.0,0.0,0.0,0.0,-0.0004793863854266611,0.5
full_development,STX5,0.3047427219302552,0.5520519404069225,0.27602597020346126,0.028716751726793943,0.75,0.0006548892958808394,1.0
full_development,SUPT3H,0.0,0.0,0.0,0.0,0.0,0.0,0.0
full_development,SUPT4H1,0.11333598506406517,0.21409415289208494,0.10704707644604247,0.006288908618022698,0.5,0.0009398496240601295,0.5
full_development,SWAP70,0.0,0.0,0.0,0.0,0.0,0.0,0.0
full_development,SYP,0.0,0.0,0.0,0.0,0.0,0.0,0.0
full_development,TAAR2,0.0,0.0,0.0,0.0,0.0,0.0,0.0
full_development,TACO1,0.0,0.0,0.0,0.0,0.0,0.0,0.0
full_development,TACR1,0.0,0.0,0.0,0.0,0.0,0.0,0.0
full_development,TBCA,0.2175407971448564,0.35596881092535015,0.17798440546267508,0.039556391682181336,0.75,0.0016503952340385097,1.0
full_development,TBCE,0.06925168760266232,0.08545861993699791,0.042729309968498955,0.02652237763416336,0.5,0.0002764263600176786,0.5
full_development,TBL1XR1,0.3218343455716788,0.4069290761711759,0.20346453808558795,0.11836980748609083,0.5,0.0015580057526366209,0.5
full_development,TBL3,0.0,0.0,0.0,0.0,0.0,0.0,0.0
full_development,TBXAS1,0.491547565464316,0.8157877412390627,0.40789387061953136,0.08365369484478463,0.5,0.0024878372401592186,0.5
full_development,TBXT,0.0,0.0,0.0,0.0,0.0,0.0,0.0
full_development,TCF4,-0.09771591095860543,0.18426074963817293,0.09213037481908647,-0.18984628577769191,0.25,0.00047938638542663337,1.0
full_development,TDO2,0.0,0.0,0.0,0.0,0.0,0.0,0.0
full_development,TDRD12,-0.13879836446538008,0.16050276270178046,0.08025138135089023,-0.2190497458162703,0.0,0.0002860734544612442,1.0
full_development,TFAP2B,0.08649246142348233,0.14324345787745194,0.07162172893872597,0.014870732484756358,0.75,0.003907815333833997,1.0
full_development,TFEB,0.0,0.0,0.0,0.0,0.0,0.0,0.0
full_development,TFEC,0.0,0.0,0.0,0.0,0.0,0.0,0.0
full_development,TGFBR1,0.0,0.0,0.0,0.0,0.0,0.0,0.0
full_development,TGOLN2,0.13346882352877998,0.1570575676017714,0.0785287838008857,0.05494003972789428,0.5,-0.000995134896063704,0.5
full_development,THPO,0.0,0.0,0.0,0.0,0.0,0.0,0.0
full_development,TIMM13,0.14168334789549952,0.24900545661198886,0.12450272830599443,0.01718061958950509,0.5,0.0009587727708533222,0.5
full_development,TIMM22,0.030709199365791306,0.03545992904087499,0.017729964520437496,0.01297923484535381,0.5,0.0014374170720919954,0.5
full_development,TIMP2,0.003015610162481863,0.08834503957010899,0.044172519785054494,-0.04115690962257263,0.25,0.001792689877081144,1.0
full_development,TIMP3,0.21588024593810928,0.24927703621018002,0.12463851810509001,0.09124172783301927,0.5,0.0014374170720919677,0.5
full_development,TMEM223,0.044055914161255316,0.05096643349547446,0.02548321674773723,0.018572697413518087,0.5,0.00044228217602829134,0.5
full_development,TMEM258,0.0,0.0,0.0,0.0,0.0,-0.00011057054400709365,0.5
full_development,TMEM30A,0.0,0.0,0.0,0.0,0.0,0.0,0.0
full_development,TMPRSS6,0.0,0.0,0.0,0.0,0.0,0.0,0.0
full_development,TMSB4X,0.0,0.0,0.0,0.0,0.0,0.0,0.0
full_development,TNFRSF10C,0.0,0.0,0.0,0.0,0.0,0.0,0.0
full_development,TNFSF10,-0.2729794246120605,0.31522484186452093,0.15761242093226047,-0.43059184554432095,0.0,-0.0002211410880141873,0.5
full_development,TNFSF4,0.8295799374824409,0.9645980963709506,0.4822990481854753,0.34728088929696554,0.5,0.002874834144183991,0.5
full_development,TNIP1,-0.11448341540765483,0.559596369119887,0.2797981845599435,-0.3942815999675983,0.25,-0.0014459510402536346,1.0
full_development,TNN,0.0,0.0,0.0,0.0,0.0,0.0,0.0
full_development,TOMM70,0.0,0.0,0.0,0.0,0.0,0.0,0.0
full_development,TP53I3,0.0,0.0,0.0,0.0,0.0,0.0,0.0
full_development,TPD52,0.0,0.0,0.0,0.0,0.0,0.0,0.0
full_development,TPM1,0.8826276503681569,1.0205725055452517,0.5102862527726258,0.3723413975955311,0.5,0.0059708093763821135,0.5
full_development,TPO,-0.028683811761064604,0.05736762352212921,0.028683811761064604,-0.05736762352212921,0.0,0.0010186960690316549,0.5
full_development,TPP2,0.0,0.0,0.0,0.0,0.0,0.0,0.0
full_development,TRA2B,0.0,0.0,0.0,0.0,0.0,0.0,0.0
full_development,TRIM14,0.0,0.0,0.0,0.0,0.0,0.0,0.0
full_development,TRIM62,0.0,0.0,0.0,0.0,0.0,0.0,0.0
full_development,TRIP12,0.0,0.0,0.0,0.0,0.0,0.0,0.0
full_development,TRMT112,-0.02885029895077551,0.05770059790155102,0.02885029895077551,-0.05770059790155102,0.0,-0.0014374170720920232,0.5
full_development,TRMT12,0.08546849804086953,0.2537549752947449,0.12687748764737244,-0.04140898960650291,0.25,2.7457114954748674e-05,1.0
full_development,TSPAN5,0.07183274453668709,0.16136520294381668,0.08068260147190834,-0.00884985693522125,0.25,-0.004314477468839895,0.5
full_development,TSPAN7,0.0,0.0,0.0,0.0,0.0,0.0,0.0
full_development,TSR1,-0.07325814683057708,0.08832387925061919,0.04416193962530959,-0.11742008645588667,0.0,-0.0014374170720920232,0.5
full_development,TSR3,-0.01969067938672353,0.03938135877344706,0.01969067938672353,-0.03938135877344706,0.0,0.0009587727708533222,0.5
full_development,TST,0.0,0.0,0.0,0.0,0.0,0.0,0.0
full_development,TTC19,0.0,0.0,0.0,0.0,0.0,0.0,0.0
full_development,TUBB2B,0.0029129047262976826,0.03541862148597224,0.01770931074298612,-0.014796406016688437,0.25,0.0014381591562799556,0.5
full_development,TUT4,0.0,0.0,0.0,0.0,0.0,0.0,0.0
full_development,TYROBP,0.0,0.0,0.0,0.0,0.0,0.0,0.0
full_development,U2AF1,0.0,0.0,0.0,0.0,0.0,0.0,0.0
full_development,UBE2M,-0.03938135877344706,0.04547367617780578,0.02273683808890289,-0.062118196862349956,0.0,0.0,0.5
full_development,UBE2W,0.0,0.0,0.0,0.0,0.0,0.0,0.0
full_development,UCKL1,0.0,0.0,0.0,0.0,0.0,0.0,0.0
full_development,UCP2,0.0,0.0,0.0,0.0,0.0,0.0,0.5
full_development,UFD1,-0.10909865477721503,0.10175729226704176,0.05087864613352088,-0.15997730091073592,0.0,0.0007372606407451687,1.0
full_development,UGT1A1,0.0,0.0,0.0,0.0,0.0,0.0,0.0
full_development,UGT2B17,0.0,0.0,0.0,0.0,0.0,0.0,0.0
full_development,UNC119B,0.0,0.0,0.0,0.0,0.0,0.0,0.0
full_development,UNC5C,-0.2080159222679221,0.2629569434876077,0.13147847174380384,-0.33949439401172593,0.0,-0.005030959752321984,0.5
full_development,UPB1,0.0,0.0,0.0,0.0,0.0,0.0,0.0
full_development,UPF3B,0.000863198410296917,0.001726396820593834,0.000863198410296917,0.0,0.25,0.0008988494726749618,0.5
full_development,USP48,-0.1229772296500844,0.4164524014822058,0.2082262007411029,-0.33120343039118727,0.25,0.0033557046979865723,0.5
full_development,UTS2,0.0,0.0,0.0,0.0,0.0,0.0,0.0
full_development,VAV2,0.0,0.0,0.0,0.0,0.0,0.0,0.0
full_development,VEGFA,0.0,0.0,0.0,0.0,0.0,0.0,0.0
full_development,VPS33A,0.0,0.0,0.0,0.0,0.0,0.0,0.0
full_development,VPS4A,0.000863198410296917,0.001726396820593834,0.000863198410296917,0.0,0.25,0.0,0.5
full_development,WBP11,0.0,0.0,0.0,0.0,0.0,0.0,0.0
full_development,WDCP,-0.03875090526137903,0.06726496703288112,0.03363248351644056,-0.0723833887778196,0.0,0.0010504201680671954,0.5
full_development,WDR12,0.0,0.0,0.0,0.0,0.0,0.0,0.0
full_development,WDR26,0.0,0.0,0.0,0.0,0.0,0.0,0.0
full_development,WDR3,0.0,0.0,0.0,0.0,0.0,0.0,0.0
full_development,WDR45,0.0,0.0,0.0,0.0,0.0,0.0,0.0
full_development,WDR70,-0.05565815394192519,0.06428714762591059,0.032143573812955295,-0.08780172775488049,0.0,0.0004793863854266611,0.5
full_development,WDR82,-0.34366584511043285,0.3968311363715773,0.19841556818578865,-0.5420814132962215,0.0,-0.0008292790800530914,0.5
full_development,WHRN,0.0,0.0,0.0,0.0,0.0,0.0,0.0
full_development,WIPF1,0.0,0.0,0.0,0.0,0.0,0.0,0.0
full_development,WIPF2,-0.22094036683041018,0.27231622870989897,0.13615811435494948,-0.3570984811853597,0.0,0.0010504201680672232,1.0
full_development,WIPI2,0.0,0.0,0.0,0.0,0.0,0.0,0.0
full_development,WT1,0.0,0.0,0.0,0.0,0.0,0.0,0.0
full_development,XRCC5,0.0,0.0,0.0,0.0,0.0,0.0,0.0
full_development,XYLT2,0.026191855811342535,0.2102701096691214,0.1051350548345607,-0.07894319902321817,0.5,-0.00038235887784998646,1.0
full_development,YAP1,-0.13363193971025744,0.2723680566507581,0.13618402832537904,-0.26981596803563646,0.25,-0.00011057054400709365,0.5
full_development,YARS1,0.0,0.0,0.0,0.0,0.0,0.0,0.0
full_development,YBX1,0.0,0.0,0.0,0.0,0.0,0.0,0.0
full_development,YOD1,0.0,0.0,0.0,0.0,0.0,0.0,0.0
full_development,YWHAE,0.0,0.0,0.0,0.0,0.0,0.0,0.0
full_development,YWHAQ,0.0,0.0,0.0,0.0,0.0,0.0,0.0
full_development,ZAP70,0.0,0.0,0.0,0.0,0.0,0.0,0.0
full_development,ZBTB17,0.0,0.0,0.0,0.0,0.0,0.0,0.0
full_development,ZC3H11A,0.0,0.0,0.0,0.0,0.0,0.0,0.0
full_development,ZFAND6,0.0,0.0,0.0,0.0,0.0,0.00011984659635666528,0.5
full_development,ZFP69B,0.0,0.0,0.0,0.0,0.0,0.0,0.0
full_development,ZNF197,0.0,0.0,0.0,0.0,0.0,0.0,0.0
full_development,ZNF26,-0.1530551161260263,0.18500546331300344,0.09250273165650172,-0.245557847782528,0.0,0.003576474743906738,1.0
full_development,ZNF274,0.0013846868286471192,0.06658987215963574,0.03329493607981787,-0.03191024925117075,0.25,-0.0007279845883956249,1.0
full_development,ZNF324B,0.0,0.0,0.0,0.0,0.0,-0.00011057054400709365,0.5
full_development,ZNF41,0.0,0.0,0.0,0.0,0.0,0.0,0.0
full_development,ZNF423,0.048301224518343844,0.07613148899054713,0.038065744495273564,0.01023548002307028,0.5,-0.0004422821760283191,0.5
full_development,ZNF432,0.0,0.0,0.0,0.0,0.0,0.0,0.0
full_development,ZNF442,0.0,0.0,0.0,0.0,0.0,0.0,0.0
full_development,ZNF493,0.0,0.0,0.0,0.0,0.0,0.0,0.0
full_development,ZNF562,-0.048374491147788135,0.05775631859935068,0.02887815929967534,-0.07725265044746348,0.0,-0.00023969319271333056,0.5
full_development,ZNF571,-0.028683811761064604,0.05736762352212921,0.028683811761064604,-0.05736762352212921,0.0,0.0005992329817833264,0.5
full_development,ZNF587,0.0,0.0,0.0,0.0,0.0,0.0,0.0
full_development,ZNF671,0.0,0.0,0.0,0.0,0.0,0.0,0.0
full_development,ZNF750,0.0,0.0,0.0,0.0,0.0,0.00033171163202122544,0.5
full_development,ZNF75D,0.0,0.0,0.0,0.0,0.0,0.0,0.0
full_development,ZZZ3,0.17312192001983995,0.21058857314070198,0.10529428657035099,0.06782763344948896,0.5,0.0016778523489932862,0.5
