context,gene,act_policy_pfi_mean,act_policy_pfi_sd,act_policy_pfi_se,act_selection_score,act_positive_fraction,act_cindex_pfi_mean,act_split_use_fraction
repeat_1_fold_1,A1CF,0.0,0.0,0.0,0.0,0.0,0.0,0.0
repeat_1_fold_1,A2M,0.0,0.0,0.0,0.0,0.0,0.0,0.0
repeat_1_fold_1,A4GALT,0.0,0.0,0.0,0.0,0.0,0.0,0.0
repeat_1_fold_1,A4GNT,0.0,0.0,0.0,0.0,0.0,0.0,0.0
repeat_1_fold_1,AAAS,0.0,0.0,0.0,0.0,0.0,0.0,0.0
repeat_1_fold_1,AACS,0.0,0.0,0.0,0.0,0.0,0.0,0.0
repeat_1_fold_1,AADAC,0.0,0.0,0.0,0.0,0.0,0.0,0.0
repeat_1_fold_1,AAK1,0.0,0.0,0.0,0.0,0.0,0.0,0.0
repeat_1_fold_1,AAMP,0.0,0.0,0.0,0.0,0.0,0.0,0.0
repeat_1_fold_1,AANAT,0.0,0.0,0.0,0.0,0.0,0.0,0.0
repeat_1_fold_1,AARS1,0.0,0.0,0.0,0.0,0.0,-0.000444839857651258,0.5
repeat_1_fold_1,AASDHPPT,0.0,0.0,0.0,0.0,0.0,0.0,0.0
repeat_1_fold_1,AASS,0.0,0.0,0.0,0.0,0.0,0.0,0.0
repeat_1_fold_1,AATF,0.0,0.0,0.0,0.0,0.0,0.0,0.0
repeat_1_fold_1,ABAT,0.0,0.0,0.0,0.0,0.0,0.0,0.0
repeat_1_fold_1,ABCA1,0.0,0.0,0.0,0.0,0.0,0.0,0.0
repeat_1_fold_1,ABCA12,0.0,0.0,0.0,0.0,0.0,0.0,0.0
repeat_1_fold_1,ABCA2,0.0,0.0,0.0,0.0,0.0,0.0,0.0
repeat_1_fold_1,ABCA3,0.0,0.0,0.0,0.0,0.0,0.0,0.0
repeat_1_fold_1,ABCA4,0.0,0.0,0.0,0.0,0.0,0.0,0.0
repeat_1_fold_1,ABCA5,0.0,0.0,0.0,0.0,0.0,0.0,0.0
repeat_1_fold_1,ABCA6,0.0,0.0,0.0,0.0,0.0,0.0,0.5
repeat_1_fold_1,ABCA7,0.0,0.0,0.0,0.0,0.0,0.0,0.0
repeat_1_fold_1,ABCA8,0.0,0.0,0.0,0.0,0.0,0.0,0.0
repeat_1_fold_1,ABCB1,0.0,0.0,0.0,0.0,0.0,0.0,0.0
repeat_1_fold_1,ABCB11,0.0,0.0,0.0,0.0,0.0,0.0,0.0
repeat_1_fold_1,ABCB4,0.0,0.0,0.0,0.0,0.0,0.0,0.0
repeat_1_fold_1,ABCB6,0.0,0.0,0.0,0.0,0.0,0.0,0.0
repeat_1_fold_1,ABCB7,0.08393496854224836,0.2076965458529643,0.10384827292648215,-0.01991330438423379,0.25,0.0017793594306050042,0.5
repeat_1_fold_1,ABCB8,0.0,0.0,0.0,0.0,0.0,0.0,0.0
repeat_1_fold_1,ABCB9,0.0,0.0,0.0,0.0,0.0,0.0,0.0
repeat_1_fold_1,ABCC1,0.0,0.0,0.0,0.0,0.0,0.0,0.0
repeat_1_fold_1,ABCC10,0.0,0.0,0.0,0.0,0.0,0.0,0.0
repeat_1_fold_1,ABCC2,0.0,0.0,0.0,0.0,0.0,0.0,0.0
repeat_1_fold_1,ABCC3,0.0,0.0,0.0,0.0,0.0,0.0,0.0
repeat_1_fold_1,ABCC4,0.0,0.0,0.0,0.0,0.0,0.0,0.0
repeat_1_fold_1,ABCC5,0.0,0.0,0.0,0.0,0.0,0.0,0.0
repeat_1_fold_1,ABCC6,-0.01020789241651876,0.02041578483303752,0.01020789241651876,-0.02041578483303752,0.0,0.0021566241027316524,1.0
repeat_1_fold_1,ABCC8,0.0,0.0,0.0,0.0,0.0,0.0,0.0
repeat_1_fold_1,ABCC9,0.0,0.0,0.0,0.0,0.0,0.0,0.0
repeat_1_fold_1,ABCD1,0.0,0.0,0.0,0.0,0.0,0.0,0.0
repeat_1_fold_1,ABCD2,0.0,0.0,0.0,0.0,0.0,0.0,0.0
repeat_1_fold_1,ABCD3,0.0,0.0,0.0,0.0,0.0,0.0,0.0
repeat_1_fold_1,ABCD4,0.0,0.0,0.0,0.0,0.0,0.0,0.0
repeat_1_fold_1,ABCE1,0.0,0.0,0.0,0.0,0.0,0.0,0.0
repeat_1_fold_1,ABCF1,0.0,0.0,0.0,0.0,0.0,0.0,0.0
repeat_1_fold_1,ABCF2,0.0,0.0,0.0,0.0,0.0,0.0,0.0
repeat_1_fold_1,ABCG2,0.0,0.0,0.0,0.0,0.0,0.0,0.0
repeat_1_fold_1,ABCG4,0.0,0.0,0.0,0.0,0.0,0.0,0.0
repeat_1_fold_1,ABCG5,0.0,0.0,0.0,0.0,0.0,0.0,0.0
repeat_1_fold_1,ABHD10,0.0,0.0,0.0,0.0,0.0,0.0,0.0
repeat_1_fold_1,ABHD17A,0.0,0.0,0.0,0.0,0.0,0.0,0.0
repeat_1_fold_1,ABHD17B,0.0,0.0,0.0,0.0,0.0,0.0,0.0
repeat_1_fold_1,ABHD3,0.0,0.0,0.0,0.0,0.0,0.0,0.0
repeat_1_fold_1,ABHD4,0.0,0.0,0.0,0.0,0.0,0.0,0.0
repeat_1_fold_1,ABHD5,0.0,0.0,0.0,0.0,0.0,0.0,0.0
repeat_1_fold_1,ABI1,0.0,0.0,0.0,0.0,0.0,0.0,0.0
repeat_1_fold_1,ABI2,0.0,0.0,0.0,0.0,0.0,0.0,0.0
repeat_1_fold_1,ABL1,0.0,0.0,0.0,0.0,0.0,0.0,0.0
repeat_1_fold_1,ABL2,0.0,0.0,0.0,0.0,0.0,0.0,0.0
repeat_1_fold_1,ABLIM1,0.0,0.0,0.0,0.0,0.0,0.0,0.0
repeat_1_fold_1,ABLIM3,0.5084202915765665,0.5902406147026052,0.2951203073513026,0.21329998422526392,0.5,-0.0008896797153024882,0.5
repeat_1_fold_1,ABR,0.0,0.0,0.0,0.0,0.0,0.0,0.0
repeat_1_fold_1,ABRAXAS2,0.0,0.0,0.0,0.0,0.0,0.0,0.0
repeat_1_fold_1,ACAA1,0.0,0.0,0.0,0.0,0.0,0.0,0.0
repeat_1_fold_1,ACAA2,0.0,0.0,0.0,0.0,0.0,0.0,0.0
repeat_1_fold_1,ACACA,0.0,0.0,0.0,0.0,0.0,0.0,0.0
repeat_1_fold_1,ACAD10,0.0,0.0,0.0,0.0,0.0,0.0,0.0
repeat_1_fold_1,ACAD8,0.0,0.0,0.0,0.0,0.0,0.0,0.0
repeat_1_fold_1,ACADL,0.0,0.0,0.0,0.0,0.0,0.0,0.0
repeat_1_fold_1,ACADM,0.0,0.0,0.0,0.0,0.0,0.0,0.0
repeat_1_fold_1,ACADS,0.0,0.0,0.0,0.0,0.0,0.0,0.0
repeat_1_fold_1,ACADSB,0.0,0.0,0.0,0.0,0.0,0.0,0.0
repeat_1_fold_1,ACADVL,0.0,0.0,0.0,0.0,0.0,0.0,0.0
repeat_1_fold_1,ACAN,0.0,0.0,0.0,0.0,0.0,0.0,0.0
repeat_1_fold_1,ACAT1,0.0,0.0,0.0,0.0,0.0,0.0,0.0
repeat_1_fold_1,ACAT2,0.0,0.0,0.0,0.0,0.0,0.0,0.0
repeat_1_fold_1,ACBD3,0.0,0.0,0.0,0.0,0.0,0.0,0.0
repeat_1_fold_1,ACBD4,0.0,0.0,0.0,0.0,0.0,0.0,0.0
repeat_1_fold_1,ACD,0.0,0.0,0.0,0.0,0.0,0.0,0.0
repeat_1_fold_1,ACE,0.0,0.0,0.0,0.0,0.0,0.0,0.0
repeat_1_fold_1,ACE2,0.0,0.0,0.0,0.0,0.0,0.0,0.0
repeat_1_fold_1,ACHE,0.0,0.0,0.0,0.0,0.0,0.0,0.0
repeat_1_fold_1,ACIN1,0.0,0.0,0.0,0.0,0.0,0.0,0.0
repeat_1_fold_1,ACKR1,0.0,0.0,0.0,0.0,0.0,0.0,0.0
repeat_1_fold_1,ACKR2,0.0,0.0,0.0,0.0,0.0,0.0,0.0
repeat_1_fold_1,ACKR3,0.0,0.0,0.0,0.0,0.0,0.0,0.0
repeat_1_fold_1,ACKR4,0.0,0.0,0.0,0.0,0.0,0.0,0.0
repeat_1_fold_1,ACO1,0.0,0.0,0.0,0.0,0.0,0.0,0.0
repeat_1_fold_1,ACO2,0.0,0.0,0.0,0.0,0.0,0.0,0.0
repeat_1_fold_1,ACOT11,0.0,0.0,0.0,0.0,0.0,0.0,0.0
repeat_1_fold_1,ACOT2,0.0,0.0,0.0,0.0,0.0,0.0,0.0
repeat_1_fold_1,ACOT7,0.0,0.0,0.0,0.0,0.0,0.0,0.0
repeat_1_fold_1,ACOT8,0.0,0.0,0.0,0.0,0.0,0.0,0.0
repeat_1_fold_1,ACOT9,0.0,0.0,0.0,0.0,0.0,0.0,0.0
repeat_1_fold_1,ACOX1,0.0,0.0,0.0,0.0,0.0,0.0,0.0
repeat_1_fold_1,ACOX2,0.0,0.0,0.0,0.0,0.0,0.0,0.0
repeat_1_fold_1,ACOX3,0.0,0.0,0.0,0.0,0.0,0.0,0.0
repeat_1_fold_1,ACOXL,0.0,0.0,0.0,0.0,0.0,0.0,0.0
repeat_1_fold_1,ACP3,0.0,0.0,0.0,0.0,0.0,0.0,0.0
repeat_1_fold_1,ACP5,0.0,0.0,0.0,0.0,0.0,0.0,0.0
repeat_1_fold_1,ACP6,0.0,0.0,0.0,0.0,0.0,0.0,0.0
repeat_1_fold_1,ACR,0.0,0.0,0.0,0.0,0.0,0.0,0.0
repeat_1_fold_1,ACSBG1,0.0,0.0,0.0,0.0,0.0,0.0,0.0
repeat_1_fold_1,ACSBG2,0.0,0.0,0.0,0.0,0.0,0.0,0.0
repeat_1_fold_1,ACSF2,0.0,0.0,0.0,0.0,0.0,0.0,0.0
repeat_1_fold_1,ACSL1,0.0,0.0,0.0,0.0,0.0,0.0,0.0
repeat_1_fold_1,ACSL3,-0.2130543756287775,0.28508481904108396,0.14254240952054198,-0.35559678514931947,0.0,0.001320064987814784,0.5
repeat_1_fold_1,ACSL4,0.0,0.0,0.0,0.0,0.0,0.0,0.0
repeat_1_fold_1,ACSL5,0.0,0.0,0.0,0.0,0.0,0.0,0.0
repeat_1_fold_1,ACSL6,0.0,0.0,0.0,0.0,0.0,0.0,0.0
repeat_1_fold_1,ACSM1,0.0,0.0,0.0,0.0,0.0,0.0,0.0
repeat_1_fold_1,ACSM2A,0.0,0.0,0.0,0.0,0.0,0.0,0.0
repeat_1_fold_1,ACSM3,0.0,0.0,0.0,0.0,0.0,0.0,0.0
repeat_1_fold_1,ACSM5,0.0,0.0,0.0,0.0,0.0,0.0,0.0
repeat_1_fold_1,ACSS3,0.0,0.0,0.0,0.0,0.0,0.0,0.0
repeat_1_fold_1,ACTA1,0.0,0.0,0.0,0.0,0.0,0.0,0.0
repeat_1_fold_1,ACTA2,0.0,0.0,0.0,0.0,0.0,0.0,0.0
repeat_1_fold_1,ACTB,0.0,0.0,0.0,0.0,0.0,0.0,0.0
repeat_1_fold_1,ACTC1,0.0,0.0,0.0,0.0,0.0,0.0,0.0
repeat_1_fold_1,ACTG1,0.0,0.0,0.0,0.0,0.0,0.0,0.0
repeat_1_fold_1,ACTG2,0.0,0.0,0.0,0.0,0.0,0.0,0.0
repeat_1_fold_1,ACTL6A,0.0,0.0,0.0,0.0,0.0,0.0,0.0
repeat_1_fold_1,ACTL6B,0.0,0.0,0.0,0.0,0.0,0.0,0.0
repeat_1_fold_1,ACTN2,0.0,0.0,0.0,0.0,0.0,0.0,0.0
repeat_1_fold_1,ACTN3,0.0,0.0,0.0,0.0,0.0,0.0,0.0
repeat_1_fold_1,ACTN4,0.0,0.0,0.0,0.0,0.0,0.0,0.0
repeat_1_fold_1,ACTR10,0.0,0.0,0.0,0.0,0.0,0.0,0.0
repeat_1_fold_1,ACTR2,0.0,0.0,0.0,0.0,0.0,0.0,0.0
repeat_1_fold_1,ACTR3,0.0,0.0,0.0,0.0,0.0,0.0,0.0
repeat_1_fold_1,ACVR1B,0.0,0.0,0.0,0.0,0.0,0.0,0.0
repeat_1_fold_1,ACVR2B,0.0,0.0,0.0,0.0,0.0,0.0,0.0
repeat_1_fold_1,ADA,0.0,0.0,0.0,0.0,0.0,0.0,0.0
repeat_1_fold_1,ADAM15,0.14267335162977623,0.1893040624853969,0.09465203124269846,0.04802132038707778,0.5,0.000444839857651258,0.5
repeat_1_fold_1,ADAMTS5,0.0,0.0,0.0,0.0,0.0,0.0,0.0
repeat_1_fold_1,ADCY9,-0.149988449900059,0.20096200911523857,0.10048100455761928,-0.25046945445767826,0.0,0.0024370430544273236,0.5
repeat_1_fold_1,ADCYAP1,0.0,0.0,0.0,0.0,0.0,0.0,0.0
repeat_1_fold_1,ADGRF5,-0.17330556929162633,0.2759926943798278,0.1379963471899139,-0.31130191648154026,0.25,0.004830541671123512,1.0
repeat_1_fold_1,ADH1C,0.0,0.0,0.0,0.0,0.0,0.0,0.0
repeat_1_fold_1,ADH5,0.0,0.0,0.0,0.0,0.0,0.0,0.0
repeat_1_fold_1,ADI1,0.0,0.0,0.0,0.0,0.0,0.0,0.0
repeat_1_fold_1,ADRA1B,0.024558547062852654,0.04911709412570531,0.024558547062852654,0.0,0.25,0.0005077173030056947,0.5
repeat_1_fold_1,AGER,0.0,0.0,0.0,0.0,0.0,0.0,0.0
repeat_1_fold_1,AGK,0.0,0.0,0.0,0.0,0.0,0.0,0.0
repeat_1_fold_1,AGTR1,0.0,0.0,0.0,0.0,0.0,0.0,0.0
repeat_1_fold_1,AK4,0.08675796644424594,0.10017947056185982,0.05008973528092991,0.03666823116331603,0.5,-0.000222419928825629,0.5
repeat_1_fold_1,AKR1C4,0.0,0.0,0.0,0.0,0.0,0.0,0.0
repeat_1_fold_1,AKR7A3,0.0,0.0,0.0,0.0,0.0,0.0,0.0
repeat_1_fold_1,ALDH1A2,0.0,0.0,0.0,0.0,0.0,0.0,0.0
repeat_1_fold_1,ALG9,0.0,0.0,0.0,0.0,0.0,0.0,0.0
repeat_1_fold_1,ALOX12,0.0,0.0,0.0,0.0,0.0,0.0,0.0
repeat_1_fold_1,ALPP,0.0,0.0,0.0,0.0,0.0,0.0,0.0
repeat_1_fold_1,AMPD3,0.0,0.0,0.0,0.0,0.0,0.0,0.0
repeat_1_fold_1,ANKFY1,0.0003649096998792345,0.000729819399758469,0.0003649096998792345,0.0,0.25,0.000222419928825629,0.5
repeat_1_fold_1,ANKRD26,-0.009855022621000131,0.1338123945652194,0.0669061972826097,-0.07676121990360983,0.25,0.003147847278635263,0.5
repeat_1_fold_1,ANKRD28,0.0,0.0,0.0,0.0,0.0,0.0,0.0
repeat_1_fold_1,ANOS1,0.10045264958543498,0.11599272855792407,0.057996364278962036,0.04245628530647295,0.5,0.0027416734362306905,0.5
repeat_1_fold_1,ANPEP,0.10784796786593454,0.17299392936789784,0.08649696468394892,0.021351003181985614,0.5,-0.003558718861209953,0.5
repeat_1_fold_1,AP2A2,0.0,0.0,0.0,0.0,0.0,0.0,0.0
repeat_1_fold_1,AP4M1,0.0003649096998792345,0.0007298193997584689,0.00036490969987923444,5.421010862427522e-20,0.25,0.0033362989323843517,0.5
repeat_1_fold_1,APCS,0.0,0.0,0.0,0.0,0.0,0.0,0.0
repeat_1_fold_1,APLP2,0.0,0.0,0.0,0.0,0.0,0.0,0.0
repeat_1_fold_1,APOA2,0.0,0.0,0.0,0.0,0.0,0.0,0.0
repeat_1_fold_1,AQP8,0.0,0.0,0.0,0.0,0.0,0.0,0.0
repeat_1_fold_1,AREG,-0.044428655212662704,0.08885731042532541,0.044428655212662704,-0.08885731042532541,0.0,0.002640129975629568,0.5
repeat_1_fold_1,ARHGAP45,-0.006936055999933188,0.04979209010664393,0.024896045053321963,-0.03183210105325515,0.25,0.0037811387900356097,0.5
repeat_1_fold_1,ARHGAP5,0.0,0.0,0.0,0.0,0.0,0.0,0.0
repeat_1_fold_1,ARHGDIB,0.000729819399758469,0.0008427228538207263,0.00042136142691036316,0.00030845797284810583,0.5,0.000444839857651258,0.5
repeat_1_fold_1,ARL1,0.0,0.0,0.0,0.0,0.0,0.0,0.0
repeat_1_fold_1,ARL2BP,0.0,0.0,0.0,0.0,0.0,0.0,0.0
repeat_1_fold_1,ARPC1A,0.0,0.0,0.0,0.0,0.0,-0.00044483985765123024,0.5
repeat_1_fold_1,ART4,0.0,0.0,0.0,0.0,0.0,0.0,0.0
repeat_1_fold_1,ASF1A,0.0,0.0,0.0,0.0,0.0,0.0,0.0
repeat_1_fold_1,ASH2L,0.0,0.0,0.0,0.0,0.0,0.0,0.0
repeat_1_fold_1,ASPA,-0.04378372646133499,0.08756745292266999,0.04378372646133499,-0.08756745292266999,0.0,0.0,0.5
repeat_1_fold_1,ATG5,0.0,0.0,0.0,0.0,0.0,0.0,0.0
repeat_1_fold_1,ATP13A1,0.10971442459997505,0.00663258546236199,0.003316292731180995,0.10639813186879406,1.0,-0.0003626294046734646,1.0
repeat_1_fold_1,ATP1A1,0.0011335289201515053,0.0022670578403030106,0.0011335289201515053,0.0,0.25,0.00020308692120227234,0.5
repeat_1_fold_1,ATP1B4,0.0,0.0,0.0,0.0,0.0,0.0,0.0
repeat_1_fold_1,ATP2A3,0.0,0.0,0.0,0.0,0.0,-0.0010154346060113617,0.5
repeat_1_fold_1,ATP5F1A,0.0,0.0,0.0,0.0,0.0,0.0,0.0
repeat_1_fold_1,ATP5MC3,0.0,0.0,0.0,0.0,0.0,-0.0008123476848090894,0.5
repeat_1_fold_1,ATP5ME,0.0,0.0,0.0,0.0,0.0,0.0,0.0
repeat_1_fold_1,ATP6V1A,0.03317109080560421,0.09552261684478114,0.04776130842239057,-0.01459021761678636,0.25,-0.0006672597864768592,0.5
repeat_1_fold_1,ATP6V1D,0.0,0.0,0.0,0.0,0.0,0.0,0.0
repeat_1_fold_1,ATP6V1H,0.0,0.0,0.0,0.0,0.0,0.0,0.0
repeat_1_fold_1,ATP7B,0.04251158234733765,0.08429540063976883,0.042147700319884414,0.000363882027453237,0.5,0.0030994244184197883,1.0
repeat_1_fold_1,ATP9A,0.020765126080496188,0.033002734186963895,0.016501367093481947,0.004263758987014241,0.5,0.000667259786476887,0.5
repeat_1_fold_1,AURKB,0.0,0.0,0.0,0.0,0.0,0.0,0.0
repeat_1_fold_1,AVEN,0.0,0.0,0.0,0.0,0.0,0.0,0.0
repeat_1_fold_1,B4GALT3,0.0,0.0,0.0,0.0,0.0,0.0,0.0
repeat_1_fold_1,B4GALT7,0.0,0.0,0.0,0.0,0.0,0.0,0.0
repeat_1_fold_1,BBIP1,0.0,0.0,0.0,0.0,0.0,0.0,0.0
repeat_1_fold_1,BBOX1,0.0,0.0,0.0,0.0,0.0,0.0,0.0
repeat_1_fold_1,BBS9,0.0,0.0,0.0,0.0,0.0,0.0,0.0
repeat_1_fold_1,BCKDK,0.052350128248280114,0.060451658326186666,0.030225829163093333,0.02212429908518678,0.5,-0.0011120996441280895,0.5
repeat_1_fold_1,BCL6,0.0,0.0,0.0,0.0,0.0,0.0,0.0
repeat_1_fold_1,BLVRA,0.0,0.0,0.0,0.0,0.0,0.0,0.0
repeat_1_fold_1,BMI1,-0.11925976570157104,0.20518810206419108,0.10259405103209554,-0.22185381673366658,0.0,0.004975629569455714,0.5
repeat_1_fold_1,BMP2,0.12971403400717918,0.11894883181290407,0.059474415906452034,0.07023961810072715,0.75,-0.005149626638065868,1.0
repeat_1_fold_1,BRF1,0.0,0.0,0.0,0.0,0.0,0.0,0.0
repeat_1_fold_1,BSG,0.0,0.0,0.0,0.0,0.0,0.0,0.0
repeat_1_fold_1,BST2,0.0,0.0,0.0,0.0,0.0,0.0,0.0
repeat_1_fold_1,BTN3A2,-0.08885731042532541,0.10260358418705552,0.05130179209352776,-0.14015910251885316,0.0,0.0022339561332250235,1.0
repeat_1_fold_1,C1QB,0.0,0.0,0.0,0.0,0.0,0.0,0.0
repeat_1_fold_1,C2,0.0,0.0,0.0,0.0,0.0,0.0,0.0
repeat_1_fold_1,C2CD5,0.0,0.0,0.0,0.0,0.0,0.0,0.0
repeat_1_fold_1,C5AR1,0.0,0.0,0.0,0.0,0.0,0.0,0.0
repeat_1_fold_1,C6,0.0,0.0,0.0,0.0,0.0,0.0,0.0
repeat_1_fold_1,C8A,0.003741475635887781,0.04712288648147572,0.02356144324073786,-0.01981996760485008,0.25,0.0024466192170818635,0.5
repeat_1_fold_1,C9,0.0,0.0,0.0,0.0,0.0,0.0,0.0
repeat_1_fold_1,CABIN1,-0.018091650478329058,0.11536077939866277,0.05768038969933138,-0.07577204017766044,0.25,-0.0020695352272694367,1.0
repeat_1_fold_1,CACNA1C,0.0,0.0,0.0,0.0,0.0,0.0,0.0
repeat_1_fold_1,CACNA1D,0.0,0.0,0.0,0.0,0.0,0.0,0.0
repeat_1_fold_1,CACNA1H,0.0,0.0,0.0,0.0,0.0,0.0,0.0
repeat_1_fold_1,CACNA2D3,0.0,0.0,0.0,0.0,0.0,0.0,0.0
repeat_1_fold_1,CALCB,0.0,0.0,0.0,0.0,0.0,0.0,0.0
repeat_1_fold_1,CALD1,0.0,0.0,0.0,0.0,0.0,0.0,0.0
repeat_1_fold_1,CALML5,0.0,0.0,0.0,0.0,0.0,0.0,0.0
repeat_1_fold_1,CALU,0.0,0.0,0.0,0.0,0.0,0.0,0.0
repeat_1_fold_1,CAMK1,0.032746881449957854,0.1775058489405886,0.0887529244702943,-0.056006043020336446,0.25,0.00385865150284323,0.5
repeat_1_fold_1,CAPN3,0.0,0.0,0.0,0.0,0.0,0.0,0.0
repeat_1_fold_1,CAPZA2,0.0,0.0,0.0,0.0,0.0,0.0,0.0
repeat_1_fold_1,CARD8,0.05422400457130827,0.10844800914261656,0.05422400457130828,-6.938893903907228e-18,0.25,0.0006672597864768592,0.5
repeat_1_fold_1,CASP8,-0.02983824687109049,0.03445423972634121,0.017227119863170604,-0.047065366734261094,0.0,0.004061738424045475,0.5
repeat_1_fold_1,CASP9,0.0,0.0,0.0,0.0,0.0,0.0,0.0
repeat_1_fold_1,CBFA2T2,0.0,0.0,0.0,0.0,0.0,0.0033362989323843517,0.5
repeat_1_fold_1,CBX8,0.0,0.0,0.0,0.0,0.0,0.0016246953696181787,0.5
repeat_1_fold_1,CCDC59,0.0,0.0,0.0,0.0,0.0,0.0,0.0
repeat_1_fold_1,CCKBR,0.08675796644424594,0.10017947056185982,0.05008973528092991,0.03666823116331603,0.5,0.0016682398073493143,1.0
repeat_1_fold_1,CCL27,0.0,0.0,0.0,0.0,0.0,0.0,0.0
repeat_1_fold_1,CCN2,0.0,0.0,0.0,0.0,0.0,0.0,0.0
repeat_1_fold_1,CCR5,0.0,0.0,0.0,0.0,0.0,0.0,0.0
repeat_1_fold_1,CCRL2,0.0,0.0,0.0,0.0,0.0,0.0,0.0
repeat_1_fold_1,CCS,0.0,0.0,0.0,0.0,0.0,0.0,0.0
repeat_1_fold_1,CCT7,0.0,0.0,0.0,0.0,0.0,0.0,0.0
repeat_1_fold_1,CCZ1B,0.0,0.0,0.0,0.0,0.0,0.0,0.0
repeat_1_fold_1,CD2,0.0,0.0,0.0,0.0,0.0,0.0,0.0
repeat_1_fold_1,CD247,0.0,0.0,0.0,0.0,0.0,0.0,0.0
repeat_1_fold_1,CD300A,0.0,0.0,0.0,0.0,0.0,0.0,0.0
repeat_1_fold_1,CD300C,0.02886460302578797,0.057729206051575936,0.028864603025787968,3.469446951953614e-18,0.25,-0.000609260763606817,0.5
repeat_1_fold_1,CD33,-0.01388695227043435,0.0277739045408687,0.01388695227043435,-0.0277739045408687,0.0,-0.0022241992882562067,0.5
repeat_1_fold_1,CD46,-0.16976331330081607,0.19602578926549788,0.09801289463274894,-0.267776207933565,0.0,-0.0004061738424045447,0.5
repeat_1_fold_1,CD81,0.0,0.0,0.0,0.0,0.0,0.0,0.0
repeat_1_fold_1,CDC34,0.0,0.0,0.0,0.0,0.0,0.0,0.0
repeat_1_fold_1,CDC42EP1,0.05663406517149916,0.06540964668421992,0.03270482334210996,0.0239292418293892,0.5,0.0022241992882562345,0.5
repeat_1_fold_1,CDC42EP4,0.02799204653621068,0.30194719579975704,0.15097359789987852,-0.12298155136366784,0.75,-0.0035733541286631643,1.0
repeat_1_fold_1,CDC5L,0.0,0.0,0.0,0.0,0.0,0.0,0.0
repeat_1_fold_1,CEACAM7,0.0,0.0,0.0,0.0,0.0,0.0,0.0
repeat_1_fold_1,CENPX,0.0,0.0,0.0,0.0,0.0,0.0,0.0
repeat_1_fold_1,CEP164,0.0,0.0,0.0,0.0,0.0,0.0,0.0
repeat_1_fold_1,CERS2,0.0,0.0,0.0,0.0,0.0,0.0,0.0
repeat_1_fold_1,CERS4,0.0,0.0,0.0,0.0,0.0,0.0,0.0
repeat_1_fold_1,CETN1,0.0,0.0,0.0,0.0,0.0,0.0019293257514216011,1.0
repeat_1_fold_1,CFD,-0.01020789241651876,0.02041578483303752,0.01020789241651876,-0.02041578483303752,0.0,-0.000222419928825629,0.5
repeat_1_fold_1,CFHR5,0.0,0.0,0.0,0.0,0.0,0.0,0.0
repeat_1_fold_1,CHML,0.07591820370666547,0.1388102011778541,0.06940510058892704,0.006513103117738422,0.5,-0.0006672597864768592,0.5
repeat_1_fold_1,CHPT1,0.026722428673959797,0.05247627613817458,0.02623813806908729,0.00048429060487250805,0.5,0.001112099644128145,0.5
repeat_1_fold_1,CHRM5,-0.013522042570555115,0.028025625762187624,0.014012812881093812,-0.027534855451648927,0.25,-0.003113879003558695,0.5
repeat_1_fold_1,CHRNA5,0.0,0.0,0.0,0.0,0.0,0.0,0.0
repeat_1_fold_1,CHST15,0.0,0.0,0.0,0.0,0.0,0.0,0.0
repeat_1_fold_1,CHST4,0.0,0.0,0.0,0.0,0.0,0.0,0.0
repeat_1_fold_1,CIAO2B,0.14219073932809145,0.16418880460757113,0.08209440230378556,0.06009633702430589,0.5,0.001112099644128145,0.5
repeat_1_fold_1,CKS1B,-0.08849240072544617,0.10302666892443338,0.05151333446221669,-0.14000573518766285,0.25,-0.0018664483060671366,1.0
repeat_1_fold_1,CLDN10,0.0,0.0,0.0,0.0,0.0,0.0,0.0
repeat_1_fold_1,CLDN17,0.0,0.0,0.0,0.0,0.0,0.0,0.0
repeat_1_fold_1,CLDN6,0.0,0.0,0.0,0.0,0.0,0.0,0.0
repeat_1_fold_1,CLEC7A,0.0,0.0,0.0,0.0,0.0,0.0,0.0
repeat_1_fold_1,COL4A4,0.0,0.0,0.0,0.0,0.0,0.0,0.0
repeat_1_fold_1,COLGALT2,0.0,0.0,0.0,0.0,0.0,0.0,0.0
repeat_1_fold_1,COPE,0.0,0.0,0.0,0.0,0.0,0.0,0.0
repeat_1_fold_1,COPS8,-0.00584178876587238,0.12193495924212236,0.06096747962106118,-0.06680926838693356,0.75,0.002093746657377188,1.0
repeat_1_fold_1,CORT,0.0,0.0,0.0,0.0,0.0,0.0,0.0
repeat_1_fold_1,COX11,0.0,0.0,0.0,0.0,0.0,0.0,0.0
repeat_1_fold_1,COX6B1,0.014480082079501244,0.02896016415900249,0.014480082079501244,0.0,0.25,-0.0011120996441280895,0.5
repeat_1_fold_1,COX7C,0.0,0.0,0.0,0.0,0.0,0.0,0.0
repeat_1_fold_1,CPB1,0.0,0.0,0.0,0.0,0.0,0.0,0.0
repeat_1_fold_1,CPNE6,0.0,0.0,0.0,0.0,0.0,0.0,0.0
repeat_1_fold_1,CPNE7,-0.08261459881010325,0.16826551719624247,0.08413275859812124,-0.1667473574082245,0.25,0.0005077173030056947,0.5
repeat_1_fold_1,CPS1,0.0,0.0,0.0,0.0,0.0,0.0,0.0
repeat_1_fold_1,CPSF7,0.0,0.0,0.0,0.0,0.0,0.0,0.0
repeat_1_fold_1,CRIPTO,0.0,0.0,0.0,0.0,0.0,0.0,0.0
repeat_1_fold_1,CRTC1,0.0,0.0,0.0,0.0,0.0,0.0,0.0
repeat_1_fold_1,CRYAB,0.0,0.0,0.0,0.0,0.0,0.0,0.0
repeat_1_fold_1,CSH1,0.0,0.0,0.0,0.0,0.0,0.0,0.0
repeat_1_fold_1,CSNK1D,0.0,0.0,0.0,0.0,0.0,0.0,0.0
repeat_1_fold_1,CSNK2A1,-0.058337940197001004,0.08291037054258503,0.041455185271292515,-0.09979312546829353,0.25,0.0035684757061787975,1.0
repeat_1_fold_1,CSPG4,0.00646689658452182,0.07372869557548489,0.036864347787742446,-0.030397451203220627,0.25,0.001218521527213634,0.5
repeat_1_fold_1,CTC1,-0.046161994953461516,0.3426445120349783,0.17132225601748916,-0.21748425097095067,0.25,0.000667259786476887,0.5
repeat_1_fold_1,CTNNB1,0.0,0.0,0.0,0.0,0.0,0.0,0.0
repeat_1_fold_1,CTSC,0.0,0.0,0.0,0.0,0.0,0.0,0.0
repeat_1_fold_1,CTSD,0.0,0.0,0.0,0.0,0.0,0.0,0.0
repeat_1_fold_1,CTSO,0.0,0.0,0.0,0.0,0.0,0.0011798555119669485,1.0
repeat_1_fold_1,CUL7,0.0,0.0,0.0,0.0,0.0,0.0,0.0
repeat_1_fold_1,CXCL1,0.0,0.0,0.0,0.0,0.0,0.0,0.0
repeat_1_fold_1,CXCL10,0.0,0.0,0.0,0.0,0.0,0.0,0.0
repeat_1_fold_1,CYB5R2,0.0,0.0,0.0,0.0,0.0,0.0,0.0
repeat_1_fold_1,CYBB,0.0,0.0,0.0,0.0,0.0,0.0,0.0
repeat_1_fold_1,CYP11B1,0.0,0.0,0.0,0.0,0.0,0.0,0.0
repeat_1_fold_1,CYP1A1,0.0,0.0,0.0,0.0,0.0,0.0,0.0
repeat_1_fold_1,CYP27A1,-0.01922517939848234,0.11378892871636555,0.056894464358182774,-0.0761196437566651,0.25,0.0018277822908204788,0.5
repeat_1_fold_1,CYP3A5,-0.1686257204161148,0.20742440547995764,0.10371220273997882,-0.2723379231560936,0.0,-0.0010154346060113895,0.5
repeat_1_fold_1,CYP51A1,0.0011335289201532817,0.1448540104039215,0.07242700520196076,-0.07129347628180747,0.25,-0.0014216084484159064,0.5
repeat_1_fold_1,CYTH4,-0.10093724398448956,0.14649689971099839,0.07324844985549919,-0.17418569383998875,0.0,0.002944760357432963,0.5
repeat_1_fold_1,DAAM1,0.0,0.0,0.0,0.0,0.0,0.0,0.0
repeat_1_fold_1,DAO,0.0,0.0,0.0,0.0,0.0,0.0,0.0
repeat_1_fold_1,DARS1,0.0,0.0,0.0,0.0,0.0,0.0,0.0
repeat_1_fold_1,DBI,0.0,0.0,0.0,0.0,0.0,-0.0008896797153024882,0.5
repeat_1_fold_1,DDB1,0.0,0.0,0.0,0.0,0.0,0.0,0.0
repeat_1_fold_1,DDB2,0.0,0.0,0.0,0.0,0.0,0.0,0.0
repeat_1_fold_1,DDC,0.0,0.0,0.0,0.0,0.0,0.0,0.0
repeat_1_fold_1,DDX42,-0.19165809225559904,0.22417727216948444,0.11208863608474222,-0.3037467283403413,0.0,-0.0020308692120227234,0.5
repeat_1_fold_1,DEFB1,0.0,0.0,0.0,0.0,0.0,0.0,0.0
repeat_1_fold_1,DELE1,0.0,0.0,0.0,0.0,0.0,0.0,0.0
repeat_1_fold_1,DERL2,0.0,0.0,0.0,0.0,0.0,0.0,0.0
repeat_1_fold_1,DET1,-0.027044085141117336,0.031227819672422504,0.015613909836211252,-0.042657994977328584,0.0,0.000222419928825629,0.5
repeat_1_fold_1,DFFA,0.40557685640858665,0.5112441807312741,0.25562209036563704,0.1499547660429496,0.5,-0.0008896797153024882,0.5
repeat_1_fold_1,DHRS3,0.0,0.0,0.0,0.0,0.0,0.0,0.0
repeat_1_fold_1,DHRS4,-0.08488165665040803,0.16976331330081607,0.08488165665040803,-0.16976331330081607,0.0,-0.0007108042242079671,0.5
repeat_1_fold_1,DHRS7B,0.0,0.0,0.0,0.0,0.0,0.0,0.0
repeat_1_fold_1,DIO1,0.0,0.0,0.0,0.0,0.0,0.0,0.0
repeat_1_fold_1,DLL3,0.0,0.0,0.0,0.0,0.0,0.0,0.0
repeat_1_fold_1,DMAC2,-0.05667581803169064,0.07055725540046823,0.035278627700234114,-0.09195444573192475,0.0,-0.001440941456039263,1.0
repeat_1_fold_1,DMD,0.0,0.0,0.0,0.0,0.0,0.0,0.0
repeat_1_fold_1,DNAJC13,0.0,0.0,0.0,0.0,0.0,0.0,0.0
repeat_1_fold_1,DNAJC7,0.0,0.0,0.0,0.0,0.0,0.0,0.0
repeat_1_fold_1,DNMBP,0.0,0.0,0.0,0.0,0.0,0.0,0.0
repeat_1_fold_1,DNMT3A,0.0,0.0,0.0,0.0,0.0,0.0,0.0
repeat_1_fold_1,DOK1,0.0,0.0,0.0,0.0,0.0,0.0,0.0
repeat_1_fold_1,DPAGT1,-0.044428655212662704,0.08885731042532541,0.044428655212662704,-0.08885731042532541,0.0,-0.0016246953696182065,0.5
repeat_1_fold_1,DPPA4,-0.08885731042532541,0.10260358418705552,0.05130179209352776,-0.14015910251885316,0.0,0.001827782290820451,0.5
repeat_1_fold_1,DPYSL2,0.0,0.0,0.0,0.0,0.0,0.0,0.0
repeat_1_fold_1,DPYSL4,0.0,0.0,0.0,0.0,0.0,0.000444839857651258,0.5
repeat_1_fold_1,DR1,0.0,0.0,0.0,0.0,0.0,0.0,0.0
repeat_1_fold_1,DSN1,0.0,0.0,0.0,0.0,0.0,0.0,0.0
repeat_1_fold_1,DSP,0.0,0.0,0.0,0.0,0.0,0.0,0.0
repeat_1_fold_1,DSPP,0.0,0.0,0.0,0.0,0.0,0.0,0.0
repeat_1_fold_1,DUSP3,0.0,0.0,0.0,0.0,0.0,0.0,0.0
repeat_1_fold_1,DUSP4,0.05772920605157594,0.06665994530796149,0.033329972653980744,0.0243992333975952,0.5,0.0020308692120227234,0.5
repeat_1_fold_1,DUSP6,0.0003649096998792345,0.0007298193997584689,0.00036490969987923444,5.421010862427522e-20,0.25,-0.000222419928825629,0.5
repeat_1_fold_1,DYNC1LI1,0.0,0.0,0.0,0.0,0.0,0.0,0.0
repeat_1_fold_1,DYNLRB1,-0.16976331330081607,0.19602578926549788,0.09801289463274894,-0.267776207933565,0.0,0.0,0.5
repeat_1_fold_1,DYSF,0.0,0.0,0.0,0.0,0.0,0.0,0.0
repeat_1_fold_1,E2F2,0.0,0.0,0.0,0.0,0.0,0.0,0.0
repeat_1_fold_1,E2F6,-0.0277739045408687,0.03207054252623502,0.01603527126311751,-0.04380917580398621,0.0,0.0022241992882562622,0.5
repeat_1_fold_1,EED,0.0,0.0,0.0,0.0,0.0,0.0,0.0
repeat_1_fold_1,EEF1G,-0.07594303954794945,0.11860051006042265,0.05930025503021132,-0.13524329457816078,0.0,-0.0011363110742358684,1.0
repeat_1_fold_1,EIF2AK2,0.025992609274199552,0.051985218548399104,0.025992609274199552,0.0,0.25,0.0026690391459074925,0.5
repeat_1_fold_1,EIF3K,0.0,0.0,0.0,0.0,0.0,0.0009138911454102394,0.5
repeat_1_fold_1,EIF3L,0.0,0.0,0.0,0.0,0.0,0.0008123476848090894,0.5
repeat_1_fold_1,EIF4G3,-0.25733076622348605,0.29713997429980465,0.14856998714990233,-0.4059007533733884,0.0,0.0022339561332250235,0.5
repeat_1_fold_1,ELAC2,0.000729819399758469,0.0008427228538207263,0.00042136142691036316,0.00030845797284810583,0.5,-0.0006672597864768592,0.5
repeat_1_fold_1,ELMO2,-0.02372993498707565,0.0474598699741513,0.02372993498707565,-0.0474598699741513,0.0,-0.0013345195729537462,0.5
repeat_1_fold_1,ELN,0.0,0.0,0.0,0.0,0.0,0.0,0.0
repeat_1_fold_1,ENPP2,0.0003649096998792345,0.000729819399758469,0.0003649096998792345,0.0,0.25,-0.000222419928825629,0.5
repeat_1_fold_1,EPHX1,0.0,0.0,0.0,0.0,0.0,0.0,0.0
repeat_1_fold_1,ERCC8,0.0,0.0,0.0,0.0,0.0,0.0,0.0
repeat_1_fold_1,ESRRA,0.0,0.0,0.0,0.0,0.0,0.0,0.0
repeat_1_fold_1,ETFA,0.0,0.0,0.0,0.0,0.0,0.0,0.0
repeat_1_fold_1,ETS2,0.0,0.0,0.0,0.0,0.0,0.0008510137000558027,1.0
repeat_1_fold_1,EXOSC7,0.0,0.0,0.0,0.0,0.0,0.0,0.0
repeat_1_fold_1,EXTL3,-0.01750374159590251,0.17644406784690697,0.08822203392345349,-0.105725775519356,0.25,0.004859450841401408,1.0
repeat_1_fold_1,EYA1,0.0,0.0,0.0,0.0,0.0,0.0,0.0
repeat_1_fold_1,F2R,0.0,0.0,0.0,0.0,0.0,0.0,0.0
repeat_1_fold_1,F2RL1,0.0,0.0,0.0,0.0,0.0,0.0,0.0
repeat_1_fold_1,F3,0.0,0.0,0.0,0.0,0.0,0.0,0.0
repeat_1_fold_1,F7,0.0,0.0,0.0,0.0,0.0,0.0,0.0
repeat_1_fold_1,F9,0.0,0.0,0.0,0.0,0.0,0.0,0.0
repeat_1_fold_1,FABP5,0.0,0.0,0.0,0.0,0.0,0.0,0.0
repeat_1_fold_1,FAM32A,0.04337898322212297,0.08675796644424594,0.04337898322212297,0.0,0.25,-0.0011120996441280895,0.5
repeat_1_fold_1,FAM3C,0.0,0.0,0.0,0.0,0.0,0.0,0.0
repeat_1_fold_1,FANCA,0.0,0.0,0.0,0.0,0.0,0.0,0.0
repeat_1_fold_1,FANCF,0.0,0.0,0.0,0.0,0.0,0.0,0.0
repeat_1_fold_1,FANCL,0.0,0.0,0.0,0.0,0.0,0.0,0.0
repeat_1_fold_1,FASLG,0.0,0.0,0.0,0.0,0.0,0.00020308692120227234,0.5
repeat_1_fold_1,FBP2,0.0,0.0,0.0,0.0,0.0,0.0,0.0
repeat_1_fold_1,FBXW12,0.0,0.0,0.0,0.0,0.0,0.0,0.0
repeat_1_fold_1,FBXW4,0.0,0.0,0.0,0.0,0.0,0.0,0.0
repeat_1_fold_1,FEM1B,0.0,0.0,0.0,0.0,0.0,0.0,0.0
repeat_1_fold_1,FGF13,0.0,0.0,0.0,0.0,0.0,0.0,0.0
repeat_1_fold_1,FGF23,0.0,0.0,0.0,0.0,0.0,0.0,0.0
repeat_1_fold_1,FGF5,0.0,0.0,0.0,0.0,0.0,0.0,0.0
repeat_1_fold_1,FIP1L1,0.0,0.0,0.0,0.0,0.0,0.0,0.0
repeat_1_fold_1,FKBP9,0.0,0.0,0.0,0.0,0.0,0.0,0.0
repeat_1_fold_1,FKRP,0.0,0.0,0.0,0.0,0.0,0.0,0.0
repeat_1_fold_1,FLT3,0.01364697932154968,0.0694513670082954,0.0347256835041477,-0.021078704182598024,0.25,-0.0013925185958237607,1.0
repeat_1_fold_1,FMO2,0.0,0.0,0.0,0.0,0.0,0.0,0.0
repeat_1_fold_1,FMO3,0.0,0.0,0.0,0.0,0.0,0.0,0.0
repeat_1_fold_1,FMOD,0.0,0.0,0.0,0.0,0.0,0.0,0.0
repeat_1_fold_1,FOXF1,0.04337898322212297,0.08675796644424594,0.04337898322212297,0.0,0.25,0.000889679715302516,0.5
repeat_1_fold_1,FOXL2,0.0,0.0,0.0,0.0,0.0,0.0,0.0
repeat_1_fold_1,FOXO4,0.0,0.0,0.0,0.0,0.0,0.0,0.0
repeat_1_fold_1,FSCN1,0.0,0.0,0.0,0.0,0.0,0.0,0.0
repeat_1_fold_1,FSHR,0.0,0.0,0.0,0.0,0.0,0.0,0.0
repeat_1_fold_1,FXR1,0.0,0.0,0.0,0.0,0.0,0.0,0.0
repeat_1_fold_1,FYN,0.0,0.0,0.0,0.0,0.0,0.0,0.0
repeat_1_fold_1,G3BP2,0.0,0.0,0.0,0.0,0.0,0.0,0.0
repeat_1_fold_1,G6PC3,0.0,0.0,0.0,0.0,0.0,0.0,0.0
repeat_1_fold_1,GABARAP,0.0,0.0,0.0,0.0,0.0,0.0,0.0
repeat_1_fold_1,GABPA,-0.08953432595976984,0.22572250281009018,0.11286125140504509,-0.20239557736481495,0.25,0.0067018683996750705,0.5
repeat_1_fold_1,GABRA1,0.0,0.0,0.0,0.0,0.0,-0.000222419928825629,0.5
repeat_1_fold_1,GABRB3,0.023035469670602993,0.19440893531742628,0.09720446765871314,-0.07416899798811015,0.25,-0.00030463038180339463,1.0
repeat_1_fold_1,GADD45GIP1,0.0,0.0,0.0,0.0,0.0,0.001827782290820451,0.5
repeat_1_fold_1,GAL,0.0,0.0,0.0,0.0,0.0,0.0,0.0
repeat_1_fold_1,GALNS,0.0,0.0,0.0,0.0,0.0,0.0,0.0
repeat_1_fold_1,GALNT4,-0.05037575208331546,0.20718103462969645,0.10359051731484822,-0.15396626939816369,0.25,-0.0020308692120227234,0.5
repeat_1_fold_1,GALR1,0.0,0.0,0.0,0.0,0.0,0.0,0.0
repeat_1_fold_1,GANAB,0.0,0.0,0.0,0.0,0.0,0.0,0.0
repeat_1_fold_1,GAPVD1,0.0,0.0,0.0,0.0,0.0,0.0,0.0
repeat_1_fold_1,GAS6,0.0,0.0,0.0,0.0,0.0,0.0,0.0
repeat_1_fold_1,GCA,0.0,0.0,0.0,0.0,0.0,0.0,0.0
repeat_1_fold_1,GCC1,0.0,0.0,0.0,0.0,0.0,0.0,0.0
repeat_1_fold_1,GCK,0.0,0.0,0.0,0.0,0.0,0.0,0.0
repeat_1_fold_1,GCLC,0.0,0.0,0.0,0.0,0.0,0.0,0.0
repeat_1_fold_1,GEMIN8,0.0,0.0,0.0,0.0,0.0,0.0,0.0
repeat_1_fold_1,GFAP,0.0,0.0,0.0,0.0,0.0,0.0,0.0
repeat_1_fold_1,GFI1,0.0,0.0,0.0,0.0,0.0,0.0008123476848090894,0.5
repeat_1_fold_1,GFPT1,0.0,0.0,0.0,0.0,0.0,0.0,0.0
repeat_1_fold_1,GFRA3,0.0,0.0,0.0,0.0,0.0,0.0,0.0
repeat_1_fold_1,GGT1,0.0003649096998792345,0.0007298193997584689,0.00036490969987923444,5.421010862427522e-20,0.25,0.0015569395017793752,0.5
repeat_1_fold_1,GH2,0.0,0.0,0.0,0.0,0.0,0.0,0.0
repeat_1_fold_1,GINS2,0.0,0.0,0.0,0.0,0.0,0.0004061738424045447,0.5
repeat_1_fold_1,GJA3,-0.12565148043320207,0.34544877322808804,0.17272438661404402,-0.29837586704724606,0.5,-0.000831680692432446,1.0
repeat_1_fold_1,GJA9,0.0,0.0,0.0,0.0,0.0,0.0,0.0
repeat_1_fold_1,GLI1,0.07069422201292141,0.08627915861515577,0.043139579307577884,0.02755464270534353,1.0,0.0009138911454102394,1.0
repeat_1_fold_1,GNA12,0.0,0.0,0.0,0.0,0.0,0.0,0.0
repeat_1_fold_1,GNAT2,0.0,0.0,0.0,0.0,0.0,0.0,0.0
repeat_1_fold_1,GNG3,-0.02041578483303752,0.023574117738143382,0.011787058869071691,-0.03220284370210921,0.0,-0.0013345195729537185,0.5
repeat_1_fold_1,GNG4,0.0,0.0,0.0,0.0,0.0,0.0,0.0
repeat_1_fold_1,GOLGA3,0.0,0.0,0.0,0.0,0.0,0.0,0.0
repeat_1_fold_1,GORASP2,0.0,0.0,0.0,0.0,0.0,0.0,0.0
repeat_1_fold_1,GOSR2,0.0,0.0,0.0,0.0,0.0,0.0,0.0
repeat_1_fold_1,GP5,0.0,0.0,0.0,0.0,0.0,0.0,0.0
repeat_1_fold_1,GPATCH1,0.0,0.0,0.0,0.0,0.0,0.0,0.0
repeat_1_fold_1,GPI,-0.005567513223841303,0.025084910286427117,0.012542455143213558,-0.018109968367054863,0.25,0.0017358149928738964,1.0
repeat_1_fold_1,GPR18,0.0,0.0,0.0,0.0,0.0,0.0,0.0
repeat_1_fold_1,GPR27,0.0003649096998792345,0.0007298193997584689,0.00036490969987923444,5.421010862427522e-20,0.25,-0.0006672597864768592,0.5
repeat_1_fold_1,GPR35,0.0,0.0,0.0,0.0,0.0,0.0,0.0
repeat_1_fold_1,GPR37,0.0,0.0,0.0,0.0,0.0,0.0,0.0
repeat_1_fold_1,GREM2,0.0,0.0,0.0,0.0,0.0,0.0,0.0
repeat_1_fold_1,GRIN2A,0.0,0.0,0.0,0.0,0.0,0.0,0.0
repeat_1_fold_1,GSDMD,0.055033395048276645,0.10608656952987222,0.05304328476493611,0.001990110283340535,0.5,0.0035587188612099807,0.5
repeat_1_fold_1,GSTK1,0.0,0.0,0.0,0.0,0.0,0.0,0.0
repeat_1_fold_1,GTF2H1,0.0,0.0,0.0,0.0,0.0,0.0,0.0
repeat_1_fold_1,GTF3C1,0.0,0.0,0.0,0.0,0.0,0.001112099644128145,0.5
repeat_1_fold_1,GYPC,-0.02751040943482863,0.11565153593138153,0.057825767965690764,-0.0853361774005194,0.5,0.0011507656593748306,1.0
repeat_1_fold_1,GZMH,0.0,0.0,0.0,0.0,0.0,0.0,0.5
repeat_1_fold_1,H2AC16,0.0,0.0,0.0,0.0,0.0,0.0,0.0
repeat_1_fold_1,H2AJ,0.013300550838909686,0.07415942700812778,0.03707971350406389,-0.023779162665154202,0.25,0.0010154346060113617,0.5
repeat_1_fold_1,H2AX,0.0,0.0,0.0,0.0,0.0,0.0,0.0
repeat_1_fold_1,H2BC12,0.0,0.0,0.0,0.0,0.0,0.0,0.0
repeat_1_fold_1,H2BC15,0.0,0.0,0.0,0.0,0.0,0.0,0.0
repeat_1_fold_1,H2BC21,0.0,0.0,0.0,0.0,0.0,0.0,0.0
repeat_1_fold_1,H2BC7,-0.08756745292266999,0.10111418503430679,0.050557092517153394,-0.1381245454398234,0.0,-0.0004061738424045447,0.5
repeat_1_fold_1,H3C3,0.0,0.0,0.0,0.0,0.0,0.0,0.0
repeat_1_fold_1,H4C12,0.0,0.0,0.0,0.0,0.0,0.000222419928825629,0.5
repeat_1_fold_1,H4C3,0.0,0.0,0.0,0.0,0.0,0.0,0.0
repeat_1_fold_1,H4C5,-0.13339557856084383,0.14318129447283193,0.07159064723641596,-0.20498622579725978,0.0,0.006445480195772901,1.0
repeat_1_fold_1,HARS1,0.0,0.0,0.0,0.0,0.0,0.0,0.0
repeat_1_fold_1,HCAR3,0.0,0.0,0.0,0.0,0.0,0.0,0.0
repeat_1_fold_1,HDAC5,0.0,0.0,0.0,0.0,0.0,0.0,0.0
repeat_1_fold_1,HERC5,0.08983451076297655,0.10373195794304568,0.05186597897152284,0.03796853179145371,0.5,0.0018277822908204788,0.5
repeat_1_fold_1,HERPUD1,0.0,0.0,0.0,0.0,0.0,0.0,0.5
repeat_1_fold_1,HEYL,-0.1861335259765653,0.2170725998279408,0.1085362999139704,-0.2946698258905357,0.0,-0.0006092607636068448,0.5
repeat_1_fold_1,HHAT,0.0,0.0,0.0,0.0,0.0,0.0,0.0
repeat_1_fold_1,HJURP,0.0,0.0,0.0,0.0,0.0,0.0,0.0
repeat_1_fold_1,HLA-DOB,0.0,0.0,0.0,0.0,0.0,0.0,0.0
repeat_1_fold_1,HLA-DRB4,0.0,0.0,0.0,0.0,0.0,0.0,0.0
repeat_1_fold_1,HMBS,0.0,0.0,0.0,0.0,0.0,0.0,0.0
repeat_1_fold_1,HMGCS1,-0.010875613273833906,0.04877990815563915,0.024389954077819576,-0.03526556735165348,0.25,0.005110960622819183,1.0
repeat_1_fold_1,HNRNPA0,0.0,0.0,0.0,0.0,0.0,0.0,0.0
repeat_1_fold_1,HNRNPDL,0.0,0.0,0.0,0.0,0.0,0.0,0.0
repeat_1_fold_1,HOMER1,0.0,0.0,0.0,0.0,0.0,0.0,0.0
repeat_1_fold_1,HOXA1,0.0,0.0,0.0,0.0,0.0,0.0,0.0
repeat_1_fold_1,HOXA3,0.0,0.0,0.0,0.0,0.0,0.0,0.0
repeat_1_fold_1,HOXA4,0.0,0.0,0.0,0.0,0.0,0.0,0.0
repeat_1_fold_1,HPN,0.04337898322212297,0.08675796644424594,0.04337898322212297,0.0,0.25,0.0,0.5
repeat_1_fold_1,HS3ST1,0.0,0.0,0.0,0.0,0.0,0.0,0.0
repeat_1_fold_1,HSD11B2,0.0,0.0,0.0,0.0,0.0,0.0,0.0
repeat_1_fold_1,HSD17B11,0.0,0.0,0.0,0.0,0.0,0.0,0.0
repeat_1_fold_1,HSD17B6,0.0,0.0,0.0,0.0,0.0,0.0,0.0
repeat_1_fold_1,HTN1,0.0,0.0,0.0,0.0,0.0,0.0,0.0
repeat_1_fold_1,HTR2B,0.0,0.0,0.0,0.0,0.0,0.0,0.0
repeat_1_fold_1,ID1,0.0,0.0,0.0,0.0,0.0,0.000444839857651258,0.5
repeat_1_fold_1,IDH2,0.0,0.0,0.0,0.0,0.0,0.0,0.0
repeat_1_fold_1,IDH3A,-0.09598145489354337,0.16370691267645757,0.08185345633822878,-0.17783491123177214,0.0,-0.000609260763606817,0.5
repeat_1_fold_1,IDUA,0.0,0.0,0.0,0.0,0.0,0.0017262388302193288,0.5
repeat_1_fold_1,IFI30,-0.0882123816739977,0.10186432903156122,0.05093216451578061,-0.1391445461897783,0.0,0.004772542648253442,0.5
repeat_1_fold_1,IFITM1,0.0,0.0,0.0,0.0,0.0,0.0011169780666125118,0.5
repeat_1_fold_1,IFNA10,0.0,0.0,0.0,0.0,0.0,0.0,0.0
repeat_1_fold_1,IFT20,0.0,0.0,0.0,0.0,0.0,0.0003046303818034224,0.5
repeat_1_fold_1,IFT27,0.15931538455716776,0.18397087281133714,0.09198543640566857,0.06732994815149919,0.5,0.0034524776604386576,0.5
repeat_1_fold_1,IFT52,0.0,0.0,0.0,0.0,0.0,0.0,0.0
repeat_1_fold_1,IK,0.05543277288384907,0.06401102642275029,0.032005513211375146,0.023427259672473923,0.5,0.001334519572953774,0.5
repeat_1_fold_1,IKBKE,-0.04782477967403054,0.05522651378999881,0.027613256894999404,-0.07543803656902995,0.0,-0.003558718861209953,0.5
repeat_1_fold_1,IL10,0.0,0.0,0.0,0.0,0.0,0.0,0.0
repeat_1_fold_1,IL18,-0.20859012168503455,0.24093986346369592,0.12046993173184796,-0.3290600534168825,0.0,-0.0011169780666125118,0.5
repeat_1_fold_1,IL18RAP,-0.08885731042532541,0.10260358418705552,0.05130179209352776,-0.14015910251885316,0.0,0.0029447603574329906,0.5
repeat_1_fold_1,IL5RA,-0.04378372646133499,0.08756745292266999,0.04378372646133499,-0.08756745292266999,0.0,0.001218521527213634,0.5
repeat_1_fold_1,IL6ST,0.0,0.0,0.0,0.0,0.0,0.0,0.0
repeat_1_fold_1,IL7R,0.0,0.0,0.0,0.0,0.0,0.0,0.0
repeat_1_fold_1,IL9,0.0,0.0,0.0,0.0,0.0,0.0,0.0
repeat_1_fold_1,INHA,0.1443903785235321,0.32685309005903795,0.16342654502951898,-0.019036166505986885,0.25,2.7755575615628914e-17,0.5
repeat_1_fold_1,INHBB,0.0,0.0,0.0,0.0,0.0,0.0,0.0
repeat_1_fold_1,INPP4B,0.0,0.0,0.0,0.0,0.0,0.0,0.0
repeat_1_fold_1,INPP5F,0.0,0.0,0.0,0.0,0.0,0.0,0.0
repeat_1_fold_1,INTS1,0.0,0.0,0.0,0.0,0.0,0.0,0.0
repeat_1_fold_1,ISCU,0.026357518974078786,0.051746520364976026,0.025873260182488013,0.0004842587915907734,0.5,-0.000222419928825629,0.5
repeat_1_fold_1,ITFG2,0.0,0.0,0.0,0.0,0.0,0.0,0.0
repeat_1_fold_1,ITGAL,0.0,0.0,0.0,0.0,0.0,0.0,0.0
repeat_1_fold_1,ITGAM,0.012105657003765202,0.06660636395497851,0.03330318197748926,-0.021197524973724055,0.25,0.000444839857651258,0.5
repeat_1_fold_1,ITGAV,0.0,0.0,0.0,0.0,0.0,0.0014216084484159064,0.5
repeat_1_fold_1,ITPK1,0.0,0.0,0.0,0.0,0.0,0.0,0.0
repeat_1_fold_1,ITPR3,0.0,0.0,0.0,0.0,0.0,0.0,0.0
repeat_1_fold_1,KANK1,0.0,0.0,0.0,0.0,0.0,0.0,0.0
repeat_1_fold_1,KANSL3,0.0,0.0,0.0,0.0,0.0,0.00385865150284323,0.5
repeat_1_fold_1,KAT6A,0.0,0.0,0.0,0.0,0.0,0.0,0.0
repeat_1_fold_1,KCNA3,0.48152081300946215,0.5811882588255622,0.2905941294127811,0.19092668359668102,0.5,-0.0015569395017793475,0.5
repeat_1_fold_1,KCNA5,0.0,0.0,0.0,0.0,0.0,0.0,0.0
repeat_1_fold_1,KCNC2,0.22694395011916235,0.32472989745225384,0.16236494872612692,0.06457900139303543,0.75,-0.002703007420984005,1.0
repeat_1_fold_1,KCNF1,0.0,0.0,0.0,0.0,0.0,2.7755575615628914e-17,0.5
repeat_1_fold_1,KCNJ14,0.0,0.0,0.0,0.0,0.0,0.0,0.0
repeat_1_fold_1,KCNJ5,0.0,0.0,0.0,0.0,0.0,0.0,0.0
repeat_1_fold_1,KCNN1,0.0,0.0,0.0,0.0,0.0,0.0,0.0
repeat_1_fold_1,KDM1A,0.0,0.0,0.0,0.0,0.0,0.0,0.0
repeat_1_fold_1,KDR,0.0,0.0,0.0,0.0,0.0,0.0,0.0
repeat_1_fold_1,KHDRBS1,0.0,0.0,0.0,0.0,0.0,0.0,0.0
repeat_1_fold_1,KIF13B,0.0,0.0,0.0,0.0,0.0,0.0,0.5
repeat_1_fold_1,KIF2C,0.0,0.0,0.0,0.0,0.0,0.00020308692120227234,0.5
repeat_1_fold_1,KIF3B,0.0,0.0,0.0,0.0,0.0,0.000222419928825629,0.5
repeat_1_fold_1,KIFAP3,0.0,0.0,0.0,0.0,0.0,0.0,0.0
repeat_1_fold_1,KIN,0.0,0.0,0.0,0.0,0.0,0.0,0.0
repeat_1_fold_1,KIR2DL4,0.0,0.0,0.0,0.0,0.0,0.0,0.0
repeat_1_fold_1,KLF9,0.0,0.0,0.0,0.0,0.0,0.0,0.0
repeat_1_fold_1,KLRF1,0.0,0.0,0.0,0.0,0.0,0.0,0.0
repeat_1_fold_1,KMT2D,0.0,0.0,0.0,0.0,0.0,0.0,0.0
repeat_1_fold_1,KPNA2,0.0,0.0,0.0,0.0,0.0,0.0,0.0
repeat_1_fold_1,KPNA3,-0.11469545011684801,0.2596126805314207,0.12980634026571036,-0.24450179038255837,0.5,-0.0006576836238223194,1.0
repeat_1_fold_1,KRBOX4,0.0,0.0,0.0,0.0,0.0,0.0,0.0
repeat_1_fold_1,KRT32,0.0,0.0,0.0,0.0,0.0,0.0,0.0
repeat_1_fold_1,KRT36,0.0,0.0,0.0,0.0,0.0,0.0,0.0
repeat_1_fold_1,KRTAP4-7,0.0,0.0,0.0,0.0,0.0,0.0,0.0
repeat_1_fold_1,KYNU,0.0,0.0,0.0,0.0,0.0,0.0,0.0
repeat_1_fold_1,LAMC2,0.0,0.0,0.0,0.0,0.0,0.0,0.0
repeat_1_fold_1,LARP1,0.07128314154037696,0.1552931939280866,0.0776465969640433,-0.006363455423666342,0.5,-0.0036215963065644174,1.0
repeat_1_fold_1,LATS1,-0.1266205082717633,0.10363035392951775,0.051815176964758874,-0.17843568523652217,0.0,0.0009718901682802816,1.0
repeat_1_fold_1,LDLRAP1,-0.044428655212662704,0.08885731042532541,0.044428655212662704,-0.08885731042532541,0.0,0.004366368805848897,0.5
repeat_1_fold_1,LGMN,-0.034707480342683894,0.13259955174642774,0.06629977587321387,-0.10100725621589776,0.25,0.002349954178965108,1.0
repeat_1_fold_1,LILRA1,0.0,0.0,0.0,0.0,0.0,0.0,0.0
repeat_1_fold_1,LIMS2,0.0,0.0,0.0,0.0,0.0,0.0,0.0
repeat_1_fold_1,LMAN1,0.0,0.0,0.0,0.0,0.0,0.0,0.0
repeat_1_fold_1,LMF2,-0.04378372646133499,0.08756745292266999,0.04378372646133499,-0.08756745292266999,0.0,-0.0009138911454102394,0.5
repeat_1_fold_1,LMNB1,0.0,0.0,0.0,0.0,0.0,0.0,0.0
repeat_1_fold_1,LPAR1,0.0,0.0,0.0,0.0,0.0,0.0,0.0
repeat_1_fold_1,LPCAT4,0.0,0.0,0.0,0.0,0.0,0.0,0.0
repeat_1_fold_1,LPGAT1,0.0,0.0,0.0,0.0,0.0,-0.00010154346060112229,0.5
repeat_1_fold_1,LRIG1,0.0,0.0,0.0,0.0,0.0,0.0,0.0
repeat_1_fold_1,LRP8,0.0448599707674493,0.05441591816654202,0.02720795908327101,0.01765201168417829,0.5,0.0035587188612099807,0.5
repeat_1_fold_1,LRPPRC,0.0,0.0,0.0,0.0,0.0,0.0,0.0
repeat_1_fold_1,LRRC1,0.0,0.0,0.0,0.0,0.0,0.0,0.0
repeat_1_fold_1,LRRC14,0.0,0.0,0.0,0.0,0.0,0.0,0.0
repeat_1_fold_1,LRRC8E,0.0,0.0,0.0,0.0,0.0,0.0,0.0
repeat_1_fold_1,LSM2,-0.020050875133158286,0.02316042347867405,0.011580211739337026,-0.031631086872495315,0.0,-0.0008896797153024882,0.5
repeat_1_fold_1,LTB4R,0.0,0.0,0.0,0.0,0.0,0.0,0.0
repeat_1_fold_1,LYPD1,0.0,0.0,0.0,0.0,0.0,0.0,0.0
repeat_1_fold_1,LYRM2,0.0,0.0,0.0,0.0,0.0,0.0,0.0
repeat_1_fold_1,MAD1L1,0.0,0.0,0.0,0.0,0.0,-0.000609260763606817,0.5
repeat_1_fold_1,MAGED1,-0.0009778669868154566,0.13716768178772093,0.06858384089386046,-0.06956170788067592,0.5,0.0026932505760152436,1.0
repeat_1_fold_1,MAN1C1,0.0,0.0,0.0,0.0,0.0,0.0,0.0
repeat_1_fold_1,MAPK9,0.0,0.0,0.0,0.0,0.0,0.0,0.0
repeat_1_fold_1,MAPKAP1,0.0,0.0,0.0,0.0,0.0,0.0,0.0
repeat_1_fold_1,MARCKS,0.0,0.0,0.0,0.0,0.0,0.0,0.0
repeat_1_fold_1,MAT2A,0.0,0.0,0.0,0.0,0.0,0.0,0.0
repeat_1_fold_1,MAVS,0.0,0.0,0.0,0.0,0.0,0.0,0.5
repeat_1_fold_1,MC2R,0.0,0.0,0.0,0.0,0.0,0.0,0.0
repeat_1_fold_1,MCFD2,0.0,0.0,0.0,0.0,0.0,-0.00020308692120227234,0.5
repeat_1_fold_1,MCPH1,0.0,0.0,0.0,0.0,0.0,0.0,0.0
repeat_1_fold_1,MDM2,0.04948200382558454,0.05629732740214098,0.02814866370107049,0.02133334012451405,0.75,-0.000295054219148827,1.0
repeat_1_fold_1,MED21,0.13542011608230808,0.16308682806148325,0.08154341403074163,0.05387670205156646,0.5,-0.0008896797153024605,0.5
repeat_1_fold_1,MIA3,0.0,0.0,0.0,0.0,0.0,0.0,0.0
repeat_1_fold_1,MICA,0.0,0.0,0.0,0.0,0.0,0.0,0.0
repeat_1_fold_1,MICB,0.0,0.0,0.0,0.0,0.0,0.0,0.5
repeat_1_fold_1,MKNK1,0.003144587222644546,0.07494230104446903,0.037471150522234514,-0.03432656329958997,0.25,0.002316166586202789,1.0
repeat_1_fold_1,MLANA,0.0,0.0,0.0,0.0,0.0,0.0,0.0
repeat_1_fold_1,MLH3,0.02753393159198403,0.05506786318396806,0.02753393159198403,0.0,0.25,0.0,0.5
repeat_1_fold_1,MMP1,-0.07000685099801274,0.2237080231844163,0.11185401159220815,-0.18186086259022088,0.25,0.0053818034118602864,0.5
repeat_1_fold_1,MMP15,0.0,0.0,0.0,0.0,0.0,0.0,0.0
repeat_1_fold_1,MPHOSPH8,0.0,0.0,0.0,0.0,0.0,0.0,0.0
repeat_1_fold_1,MRPL22,0.0,0.0,0.0,0.0,0.0,0.0,0.0
repeat_1_fold_1,MRPL57,0.0,0.0,0.0,0.0,0.0,0.0,0.0
repeat_1_fold_1,MRPS15,0.0,0.0,0.0,0.0,0.0,0.0,0.0
repeat_1_fold_1,MRPS17,0.0,0.0,0.0,0.0,0.0,0.0,0.0
repeat_1_fold_1,MRPS18C,0.0,0.0,0.0,0.0,0.0,0.0,0.0
repeat_1_fold_1,MRPS33,0.0,0.0,0.0,0.0,0.0,0.0,0.0
repeat_1_fold_1,MS4A3,0.0,0.0,0.0,0.0,0.0,0.0,0.0
repeat_1_fold_1,MSH3,0.0,0.0,0.0,0.0,0.0,0.0,0.0
repeat_1_fold_1,MSH6,0.0,0.0,0.0,0.0,0.0,0.0,0.0
repeat_1_fold_1,MSRB2,0.0,0.0,0.0,0.0,0.0,0.0,0.0
repeat_1_fold_1,MSTN,0.0,0.0,0.0,0.0,0.0,0.0,0.0
repeat_1_fold_1,MSX2,0.0,0.0,0.0,0.0,0.0,0.0,0.0
repeat_1_fold_1,MT1M,0.0,0.0,0.0,0.0,0.0,0.0,0.0
repeat_1_fold_1,MT3,-0.04333795672774343,0.12051491692413167,0.06025745846206584,-0.10359541518980928,0.25,0.0029205489273252394,1.0
repeat_1_fold_1,MTARC2,0.0,0.0,0.0,0.0,0.0,-0.0008123476848090894,0.5
repeat_1_fold_1,MTHFD1,0.0,0.0,0.0,0.0,0.0,0.0,0.0
repeat_1_fold_1,MTMR10,0.0,0.0,0.0,0.0,0.0,0.0,0.0
repeat_1_fold_1,MTRF1,0.0,0.0,0.0,0.0,0.0,0.0,0.0
repeat_1_fold_1,MX2,0.0,0.0,0.0,0.0,0.0,0.0,0.0
repeat_1_fold_1,MXD4,0.0,0.0,0.0,0.0,0.0,0.0,0.0
repeat_1_fold_1,MYBPC1,0.0,0.0,0.0,0.0,0.0,0.0,0.0
repeat_1_fold_1,MYO6,0.0,0.0,0.0,0.0,0.0,0.0,0.0
repeat_1_fold_1,NADK,0.0,0.0,0.0,0.0,0.0,0.0,0.0
repeat_1_fold_1,NANS,0.0,0.0,0.0,0.0,0.0,0.0,0.0
repeat_1_fold_1,NAT2,0.0,0.0,0.0,0.0,0.0,0.0,0.0
repeat_1_fold_1,NCAM1,0.0,0.0,0.0,0.0,0.0,0.000222419928825629,0.5
repeat_1_fold_1,NCAN,0.0,0.0,0.0,0.0,0.0,0.0,0.0
repeat_1_fold_1,NCAPG,0.0,0.0,0.0,0.0,0.0,0.0,0.0
repeat_1_fold_1,NCBP2,0.0,0.0,0.0,0.0,0.0,0.0,0.0
repeat_1_fold_1,NCKAP1,-0.08885731042532541,0.10260358418705552,0.05130179209352776,-0.14015910251885316,0.0,0.002030869212022751,0.5
repeat_1_fold_1,NCOA1,0.0,0.0,0.0,0.0,0.0,0.0,0.0
repeat_1_fold_1,NCOA2,0.0,0.0,0.0,0.0,0.0,0.0,0.0
repeat_1_fold_1,NCOR2,0.07060933136449421,0.08736813089106428,0.04368406544553214,0.02692526591896207,0.5,0.0020115362043993945,1.0
repeat_1_fold_1,NCR1,0.0,0.0,0.0,0.0,0.0,0.0,0.0
repeat_1_fold_1,NDST2,-0.009478073016760291,0.01994111341877987,0.009970556709389934,-0.019448629726150225,0.25,-0.00044483985765123024,0.5
repeat_1_fold_1,NDUFA6,0.10950259289857378,0.1199329205452158,0.0599664602726079,0.04953613262596588,0.75,-0.009709325520148249,1.0
repeat_1_fold_1,NDUFA7,0.0,0.0,0.0,0.0,0.0,0.0,0.0
repeat_1_fold_1,NDUFAF7,0.0,0.0,0.0,0.0,0.0,0.0,0.0
repeat_1_fold_1,NDUFB1,0.0011335289201515053,0.0022670578403030106,0.0011335289201515053,0.0,0.25,0.0010154346060113617,0.5
repeat_1_fold_1,NDUFB4,0.0,0.0,0.0,0.0,0.0,0.0,0.0
repeat_1_fold_1,NDUFB8,0.0,0.0,0.0,0.0,0.0,-0.00022241992882560124,0.5
repeat_1_fold_1,NDUFS3,0.0,0.0,0.0,0.0,0.0,0.0,0.0
repeat_1_fold_1,NEB,0.0,0.0,0.0,0.0,0.0,0.0,0.0
repeat_1_fold_1,NECTIN2,0.0,0.0,0.0,0.0,0.0,0.0,0.0
repeat_1_fold_1,NFRKB,0.0,0.0,0.0,0.0,0.0,0.0,0.0
repeat_1_fold_1,NFYB,-0.01020789241651876,0.02041578483303752,0.01020789241651876,-0.02041578483303752,0.0,-0.0011120996441281172,0.5
repeat_1_fold_1,NME1,0.10264646143306244,0.1393863489573281,0.06969317447866405,0.03295328695439839,0.5,0.0008123476848090894,0.5
repeat_1_fold_1,NME3,-0.22975602070035706,0.2694541634829829,0.13472708174149145,-0.3644831024418485,0.0,-0.0007108042242079671,0.5
repeat_1_fold_1,NMRK1,0.0990162683726794,0.11644691307206834,0.05822345653603417,0.04079281183664524,0.5,0.0013393979954381685,1.0
repeat_1_fold_1,NMRK2,0.0,0.0,0.0,0.0,0.0,0.0,0.0
repeat_1_fold_1,NOL11,0.0,0.0,0.0,0.0,0.0,0.0,0.0
repeat_1_fold_1,NOS2,0.0,0.0,0.0,0.0,0.0,-0.000444839857651258,0.5
repeat_1_fold_1,NOTCH2,0.0,0.0,0.0,0.0,0.0,0.0,0.0
repeat_1_fold_1,NPC1,0.0,0.0,0.0,0.0,0.0,0.0,0.0
repeat_1_fold_1,NPC1L1,0.0,0.0,0.0,0.0,0.0,0.000222419928825629,0.5
repeat_1_fold_1,NPEPPS,0.0,0.0,0.0,0.0,0.0,0.0,0.0
repeat_1_fold_1,NPFF,0.044917255381488275,0.08983451076297654,0.04491725538148827,6.938893903907228e-18,0.25,-0.001320064987814784,0.5
repeat_1_fold_1,NPHS2,0.0,0.0,0.0,0.0,0.0,0.0022339561332250235,0.5
repeat_1_fold_1,NPTN,0.0,0.0,0.0,0.0,0.0,0.0,0.0
repeat_1_fold_1,NR0B1,0.0,0.0,0.0,0.0,0.0,0.0,0.0
repeat_1_fold_1,NR2C2,-0.05435995033709062,0.07632072556266377,0.038160362781331884,-0.09252031311842251,0.0,0.0028914590747330937,0.5
repeat_1_fold_1,NR2E3,0.0,0.0,0.0,0.0,0.0,0.0,0.0
repeat_1_fold_1,NR2F1,0.0,0.0,0.0,0.0,0.0,0.0,0.0
repeat_1_fold_1,NR4A2,0.0448599707674493,0.05441591816654201,0.027207959083271005,0.017652011684178293,0.5,0.000444839857651258,0.5
repeat_1_fold_1,NRP2,-0.0277739045408687,0.03207054252623502,0.01603527126311751,-0.04380917580398621,0.0,-0.0008896797153024882,0.5
repeat_1_fold_1,NRXN2,0.0,0.0,0.0,0.0,0.0,0.0,0.0
repeat_1_fold_1,NRXN3,0.3735243183922332,0.45821912633352324,0.22910956316676162,0.1444147552254716,0.5,0.010154346060113728,1.0
repeat_1_fold_1,NSD3,0.0,0.0,0.0,0.0,0.0,0.0,0.0
repeat_1_fold_1,NTS,0.0,0.0,0.0,0.0,0.0,0.0,0.0
repeat_1_fold_1,NUBP2,0.0,0.0,0.0,0.0,0.0,0.0,0.0
repeat_1_fold_1,NUDT15,0.0,0.0,0.0,0.0,0.0,0.0,0.0
repeat_1_fold_1,NUP205,0.028367034349939146,0.05673406869987829,0.028367034349939146,0.0,0.25,0.00042550685002790134,1.0
repeat_1_fold_1,NUP214,0.0,0.0,0.0,0.0,0.0,0.0,0.0
repeat_1_fold_1,NXT1,0.0,0.0,0.0,0.0,0.0,0.0,0.0
repeat_1_fold_1,OASL,0.0,0.0,0.0,0.0,0.0,0.0,0.0
repeat_1_fold_1,OAT,0.029353203194611766,0.19599000518177068,0.09799500259088534,-0.06864179939627357,0.25,0.0029447603574329906,0.5
repeat_1_fold_1,OAZ3,0.0,0.0,0.0,0.0,0.0,0.0,0.0
repeat_1_fold_1,OCA2,0.0,0.0,0.0,0.0,0.0,0.0,0.0
repeat_1_fold_1,OLR1,0.0,0.0,0.0,0.0,0.0,0.0,0.0
repeat_1_fold_1,ONECUT1,0.0,0.0,0.0,0.0,0.0,0.0,0.0
repeat_1_fold_1,OPN3,0.0,0.0,0.0,0.0,0.0,0.0,0.0
repeat_1_fold_1,OR10H3,0.0,0.0,0.0,0.0,0.0,0.0,0.0
repeat_1_fold_1,OR2B6,0.0,0.0,0.0,0.0,0.0,0.0,0.0
repeat_1_fold_1,OR2S2,0.0,0.0,0.0,0.0,0.0,0.0,0.0
repeat_1_fold_1,ORC1,0.0,0.0,0.0,0.0,0.0,0.0,0.0
repeat_1_fold_1,ORC5,0.0,0.0,0.0,0.0,0.0,0.0,0.0
repeat_1_fold_1,OSBPL7,0.0,0.0,0.0,0.0,0.0,0.0,0.0
repeat_1_fold_1,OSGEP,0.0,0.0,0.0,0.0,0.0,0.0,0.0
repeat_1_fold_1,OSMR,0.0,0.0,0.0,0.0,0.0,0.0,0.0
repeat_1_fold_1,OSTF1,0.0,0.0,0.0,0.0,0.0,0.0,0.0
repeat_1_fold_1,P2RX4,0.0,0.0,0.0,0.0,0.0,0.0,0.0
repeat_1_fold_1,P2RY13,0.0,0.0,0.0,0.0,0.0,0.0,0.0
repeat_1_fold_1,P2RY6,-0.16085145800137113,0.27566439635593465,0.13783219817796732,-0.29868365617933845,0.0,0.0033362989323843517,0.5
repeat_1_fold_1,P4HA2,0.0,0.0,0.0,0.0,0.0,0.0,0.0
repeat_1_fold_1,PAFAH1B2,0.0,0.0,0.0,0.0,0.0,0.0,0.0
repeat_1_fold_1,PAFAH1B3,0.0,0.0,0.0,0.0,0.0,0.0,0.0
repeat_1_fold_1,PAM16,0.0,0.0,0.0,0.0,0.0,0.0,0.0
repeat_1_fold_1,PANX1,0.0,0.0,0.0,0.0,0.0,0.0,0.0
repeat_1_fold_1,PAPPA,0.0,0.0,0.0,0.0,0.0,0.0,0.0
repeat_1_fold_1,PARG,0.0,0.0,0.0,0.0,0.0,0.0,0.0
repeat_1_fold_1,PARP1,0.0,0.0,0.0,0.0,0.0,0.0,0.0
repeat_1_fold_1,PARP6,-0.043395505232359355,0.056228565583701796,0.028114282791850898,-0.07150978802421025,0.0,0.005115658362989356,0.5
repeat_1_fold_1,PAX5,0.08983451076297655,0.10373195794304568,0.05186597897152284,0.03796853179145371,0.5,0.0009138911454102394,0.5
repeat_1_fold_1,PAX6,0.0,0.0,0.0,0.0,0.0,0.0,0.0
repeat_1_fold_1,PBRM1,0.0,0.0,0.0,0.0,0.0,0.0,0.0
repeat_1_fold_1,PCK1,0.0,0.0,0.0,0.0,0.0,0.0,0.0
repeat_1_fold_1,PCLAF,0.0,0.0,0.0,0.0,0.0,0.0,0.0
repeat_1_fold_1,PCTP,0.0,0.0,0.0,0.0,0.0,0.0,0.0
repeat_1_fold_1,PCYOX1L,0.0,0.0,0.0,0.0,0.0,-0.0008123476848090894,0.5
repeat_1_fold_1,PDE12,0.0,0.0,0.0,0.0,0.0,-0.001218521527213634,0.5
repeat_1_fold_1,PDE1B,0.0,0.0,0.0,0.0,0.0,0.0,0.0
repeat_1_fold_1,PDE3A,0.09075254281532708,0.18150508563065415,0.09075254281532708,0.0,0.25,0.0005077173030056947,0.5
repeat_1_fold_1,PDE3B,0.0,0.0,0.0,0.0,0.0,0.0,0.0
repeat_1_fold_1,PER2,0.0,0.0,0.0,0.0,0.0,0.0,0.0
repeat_1_fold_1,PFDN1,0.0,0.0,0.0,0.0,0.0,0.0,0.0
repeat_1_fold_1,PFDN5,0.0,0.0,0.0,0.0,0.0,0.0,0.0
repeat_1_fold_1,PFN2,0.0,0.0,0.0,0.0,0.0,0.0,0.0
repeat_1_fold_1,PGD,0.0,0.0,0.0,0.0,0.0,0.0,0.0
repeat_1_fold_1,PGLYRP1,0.0,0.0,0.0,0.0,0.0,0.0,0.0
repeat_1_fold_1,PGM1,0.0,0.0,0.0,0.0,0.0,0.0,0.0
repeat_1_fold_1,PHB2,0.0,0.0,0.0,0.0,0.0,0.0,0.0
repeat_1_fold_1,PHC1,0.0,0.0,0.0,0.0,0.0,0.0,0.0
repeat_1_fold_1,PHF1,0.0,0.0,0.0,0.0,0.0,0.0,0.0
repeat_1_fold_1,PIAS4,0.0,0.0,0.0,0.0,0.0,0.0,0.0
repeat_1_fold_1,PIGA,0.05602399437277228,0.09720424375846795,0.048602121879233975,0.0074218724935383035,0.5,0.002640129975629568,0.5
repeat_1_fold_1,PIGV,0.0,0.0,0.0,0.0,0.0,0.0,0.0
repeat_1_fold_1,PIK3C2G,0.025861278676519106,0.029919347372789392,0.014959673686394696,0.01090160499012441,0.5,0.0021324126726238735,0.5
repeat_1_fold_1,PILRA,0.0,0.0,0.0,0.0,0.0,0.0,0.0
repeat_1_fold_1,PIM1,0.0,0.0,0.0,0.0,0.0,0.0,0.0
repeat_1_fold_1,PITPNA,0.0,0.0,0.0,0.0,0.0,0.0,0.0
repeat_1_fold_1,PITRM1,0.0,0.0,0.0,0.0,0.0,0.0,0.0
repeat_1_fold_1,PLA2G2E,0.0,0.0,0.0,0.0,0.0,0.0,0.0
repeat_1_fold_1,PLA2G3,0.0,0.0,0.0,0.0,0.0,0.0,0.0
repeat_1_fold_1,PLA2G5,0.0,0.0,0.0,0.0,0.0,0.0,0.0
repeat_1_fold_1,PLAU,0.0,0.0,0.0,0.0,0.0,0.0,0.0
repeat_1_fold_1,PLBD1,0.0,0.0,0.0,0.0,0.0,0.000667259786476887,0.5
repeat_1_fold_1,PLCG2,0.0,0.0,0.0,0.0,0.0,0.0,0.0
repeat_1_fold_1,PLIN2,-0.044428655212662704,0.08885731042532541,0.044428655212662704,-0.08885731042532541,0.0,0.0011169780666125118,0.5
repeat_1_fold_1,PLK2,0.10055060255393222,0.1163238820854927,0.05816194104274635,0.04238866151118587,0.5,0.0032493907392363852,0.5
repeat_1_fold_1,PLK3,0.0,0.0,0.0,0.0,0.0,0.0,0.0
repeat_1_fold_1,PLOD2,0.0,0.0,0.0,0.0,0.0,0.0,0.0
repeat_1_fold_1,PLPPR3,0.0,0.0,0.0,0.0,0.0,0.0,0.0
repeat_1_fold_1,PLXNB1,0.0,0.0,0.0,0.0,0.0,0.0,0.0
repeat_1_fold_1,PMEL,0.05980536689286353,0.07584331563106468,0.03792165781553234,0.02188370907733119,0.5,0.004003558718861211,0.5
repeat_1_fold_1,PMP22,0.0,0.0,0.0,0.0,0.0,0.0,0.0
repeat_1_fold_1,PNOC,0.0,0.0,0.0,0.0,0.0,0.0,0.0
repeat_1_fold_1,POLQ,0.0,0.0,0.0,0.0,0.0,0.0,0.0
repeat_1_fold_1,POLR1C,0.029856940651567854,0.10022684630550452,0.05011342315275226,-0.020256482501184406,0.25,0.000444839857651258,0.5
repeat_1_fold_1,POLR1G,0.0,0.0,0.0,0.0,0.0,0.0,0.0
repeat_1_fold_1,POLR2B,0.0,0.0,0.0,0.0,0.0,0.0,0.0
repeat_1_fold_1,POLR2I,0.0,0.0,0.0,0.0,0.0,0.0,0.0
repeat_1_fold_1,PON3,0.0,0.0,0.0,0.0,0.0,0.0,0.0
repeat_1_fold_1,POP1,0.0,0.0,0.0,0.0,0.0,0.0,0.0
repeat_1_fold_1,PPARD,0.0,0.0,0.0,0.0,0.0,0.0,0.0
repeat_1_fold_1,PPFIBP2,0.06605627744823828,0.17499454829430303,0.08749727414715151,-0.021440996698913237,0.75,0.002557919522651775,1.0
repeat_1_fold_1,PPL,0.19153527562673744,0.16634242343776356,0.08317121171888178,0.10836406390785566,0.75,-0.0025868286929296713,1.0
repeat_1_fold_1,PPP2R5A,0.0,0.0,0.0,0.0,0.0,0.0,0.0
repeat_1_fold_1,PPP2R5D,0.0,0.0,0.0,0.0,0.0,0.0,0.0
repeat_1_fold_1,PPP6R3,0.0,0.0,0.0,0.0,0.0,0.0,0.0
repeat_1_fold_1,PRCC,0.0,0.0,0.0,0.0,0.0,0.0,0.0
repeat_1_fold_1,PRDM16,0.0,0.0,0.0,0.0,0.0,0.0,0.0
repeat_1_fold_1,PRDM4,0.0,0.0,0.0,0.0,0.0,0.0,0.0
repeat_1_fold_1,PRDM9,0.0,0.0,0.0,0.0,0.0,0.0,0.0
repeat_1_fold_1,PRKAR1B,0.0,0.0,0.0,0.0,0.0,0.0,0.0
repeat_1_fold_1,PRLR,0.0,0.0,0.0,0.0,0.0,0.0,0.0
repeat_1_fold_1,PRPF40A,0.0845329064633642,0.10830351461191073,0.05415175730595537,0.030381149157408832,0.5,0.0,0.5
repeat_1_fold_1,PRPF8,0.08983451076297655,0.10373195794304568,0.05186597897152284,0.03796853179145371,0.5,0.00010154346060115005,0.5
repeat_1_fold_1,PSG1,0.0,0.0,0.0,0.0,0.0,0.0,0.0
repeat_1_fold_1,PSMA4,0.0,0.0,0.0,0.0,0.0,0.0,0.0
repeat_1_fold_1,PSMD12,0.0,0.0,0.0,0.0,0.0,0.0,0.0
repeat_1_fold_1,PSMD4,0.0,0.0,0.0,0.0,0.0,0.0,0.0
repeat_1_fold_1,PSMD6,0.0,0.0,0.0,0.0,0.0,0.0,0.0
repeat_1_fold_1,PSMD9,0.19028716034841153,0.21972468650096977,0.10986234325048488,0.08042481709792665,0.5,0.0010154346060113895,0.5
repeat_1_fold_1,PSMG1,0.09826977528960157,0.13361516458164246,0.06680758229082123,0.031462192998780336,0.5,-0.00022241992882560124,0.5
repeat_1_fold_1,PTCH1,0.0,0.0,0.0,0.0,0.0,0.0,0.0
repeat_1_fold_1,PTGER3,0.0,0.0,0.0,0.0,0.0,0.0,0.0
repeat_1_fold_1,PTGS1,0.0,0.0,0.0,0.0,0.0,0.0,0.0
repeat_1_fold_1,PTGS2,0.0,0.0,0.0,0.0,0.0,0.0,0.0
repeat_1_fold_1,PTPN18,0.031920004066453345,0.2410476989566544,0.1205238494783272,-0.08860384541187385,0.75,0.0072337971327885164,1.0
repeat_1_fold_1,PTPRU,0.0,0.0,0.0,0.0,0.0,0.0,0.0
repeat_1_fold_1,PTRH2,0.0,0.0,0.0,0.0,0.0,0.0,0.0
repeat_1_fold_1,PUS7,0.0,0.0,0.0,0.0,0.0,0.0,0.0
repeat_1_fold_1,PYCR3,0.0,0.0,0.0,0.0,0.0,0.0,0.0
repeat_1_fold_1,QPRT,0.0,0.0,0.0,0.0,0.0,-0.0004061738424045447,0.5
repeat_1_fold_1,RAB15,0.0,0.0,0.0,0.0,0.0,0.0,0.0
repeat_1_fold_1,RAB3B,0.0,0.0,0.0,0.0,0.0,0.0,0.0
repeat_1_fold_1,RAB6B,0.0,0.0,0.0,0.0,0.0,0.0,0.0
repeat_1_fold_1,RAB8B,-0.10571612326989843,0.16802905416466554,0.08401452708233277,-0.1897306503522312,0.0,-0.00020308692120227234,0.5
repeat_1_fold_1,RABGAP1,0.0003649096998792345,0.000729819399758469,0.0003649096998792345,0.0,0.25,0.001334519572953774,0.5
repeat_1_fold_1,RAD51D,-0.013522042570555115,0.028025625762187624,0.014012812881093812,-0.027534855451648927,0.25,-0.0004061738424045447,1.0
repeat_1_fold_1,RALBP1,0.0,0.0,0.0,0.0,0.0,0.0,0.0
repeat_1_fold_1,RAMP1,0.0,0.0,0.0,0.0,0.0,0.0,0.0
repeat_1_fold_1,RAP1A,0.0,0.0,0.0,0.0,0.0,0.0,0.0
repeat_1_fold_1,RAP1GAP2,0.0,0.0,0.0,0.0,0.0,0.0,0.0
repeat_1_fold_1,RAP2B,0.0,0.0,0.0,0.0,0.0,0.0,0.0
repeat_1_fold_1,RASGRF1,0.0003649096998792345,0.0007298193997584689,0.00036490969987923444,5.421010862427522e-20,0.25,0.000444839857651258,0.5
repeat_1_fold_1,RBM28,0.0,0.0,0.0,0.0,0.0,0.0,0.0
repeat_1_fold_1,RBM42,0.0437438929220022,0.08651742953436664,0.04325871476718332,0.0004851781548188827,0.5,-0.000222419928825629,0.5
repeat_1_fold_1,RBM7,0.07099431798292244,0.24941847827831773,0.12470923913915886,-0.053714921156236425,0.25,0.0008510137000558304,1.0
repeat_1_fold_1,RBM8A,0.0,0.0,0.0,0.0,0.0,0.0011169780666125118,0.5
repeat_1_fold_1,RBPJ,0.0,0.0,0.0,0.0,0.0,0.0,0.0
repeat_1_fold_1,REG3A,0.0,0.0,0.0,0.0,0.0,0.0,0.0
repeat_1_fold_1,REPS1,0.022929594920453766,0.11202392672347937,0.056011963361739685,-0.03308236844128592,0.25,-0.00044483985765123024,0.5
repeat_1_fold_1,REPS2,0.0,0.0,0.0,0.0,0.0,0.0,0.0
repeat_1_fold_1,RET,0.0,0.0,0.0,0.0,0.0,0.0,0.0
repeat_1_fold_1,RFK,0.0,0.0,0.0,0.0,0.0,0.0008123476848090894,0.5
repeat_1_fold_1,RGS10,0.0,0.0,0.0,0.0,0.0,0.0,0.0
repeat_1_fold_1,RGS20,0.0,0.0,0.0,0.0,0.0,0.0,0.0
repeat_1_fold_1,RGS3,0.0,0.0,0.0,0.0,0.0,0.0,0.0
repeat_1_fold_1,RHEB,0.0,0.0,0.0,0.0,0.0,0.0,0.0
repeat_1_fold_1,RIPK1,0.0,0.0,0.0,0.0,0.0,0.002335499593826146,0.5
repeat_1_fold_1,RIPK2,0.0,0.0,0.0,0.0,0.0,0.0,0.0
repeat_1_fold_1,RIPOR2,0.0,0.0,0.0,0.0,0.0,0.0,0.0
repeat_1_fold_1,RMND5A,0.0,0.0,0.0,0.0,0.0,0.0,0.0
repeat_1_fold_1,RNASE1,0.0,0.0,0.0,0.0,0.0,0.0,0.0
repeat_1_fold_1,RNASE2,0.0,0.0,0.0,0.0,0.0,0.0,0.0
repeat_1_fold_1,RND2,0.0,0.0,0.0,0.0,0.0,0.0,0.0
repeat_1_fold_1,RNF128,-0.08885731042532541,0.10260358418705552,0.05130179209352776,-0.14015910251885316,0.0,-0.0019293257514216011,0.5
repeat_1_fold_1,RNF138,-0.03112810437375657,0.03594363887910225,0.017971819439551125,-0.049099923813307696,0.0,0.003147847278635263,0.5
repeat_1_fold_1,RNF139,0.0,0.0,0.0,0.0,0.0,0.0,0.0
repeat_1_fold_1,RNF4,0.0,0.0,0.0,0.0,0.0,0.0,0.0
repeat_1_fold_1,ROBO1,0.0,0.0,0.0,0.0,0.0,0.0,0.0
repeat_1_fold_1,RPL10A,0.0,0.0,0.0,0.0,0.0,0.0,0.0
repeat_1_fold_1,RPL22,0.0,0.0,0.0,0.0,0.0,0.0,0.0
repeat_1_fold_1,RPL34,0.0,0.0,0.0,0.0,0.0,0.0,0.0
repeat_1_fold_1,RPP21,0.0,0.0,0.0,0.0,0.0,0.0,0.0
repeat_1_fold_1,RPP40,0.0,0.0,0.0,0.0,0.0,0.0,0.0
repeat_1_fold_1,RPS10,0.0,0.0,0.0,0.0,0.0,0.0,0.0
repeat_1_fold_1,RPS11,0.0,0.0,0.0,0.0,0.0,0.0,0.0
repeat_1_fold_1,RPS12,0.0,0.0,0.0,0.0,0.0,0.0007108042242079671,0.5
repeat_1_fold_1,RPS20,0.03465207835093054,0.040012773527779495,0.020006386763889748,0.01464569158704079,0.5,-0.000222419928825629,0.5
repeat_1_fold_1,RPS27L,0.0,0.0,0.0,0.0,0.0,0.0,0.0
repeat_1_fold_1,RPS6KA2,0.0,0.0,0.0,0.0,0.0,0.000222419928825629,0.5
repeat_1_fold_1,RPS6KA4,0.0,0.0,0.0,0.0,0.0,0.0,0.0
repeat_1_fold_1,RPSA,0.0,0.0,0.0,0.0,0.0,0.0,0.0
repeat_1_fold_1,RRM1,0.0,0.0,0.0,0.0,0.0,0.0,0.0
repeat_1_fold_1,RTF1,0.0,0.0,0.0,0.0,0.0,0.0,0.0
repeat_1_fold_1,S100A9,0.0,0.0,0.0,0.0,0.0,0.0,0.0
repeat_1_fold_1,S100B,0.0,0.0,0.0,0.0,0.0,0.0,0.0
repeat_1_fold_1,S1PR2,0.0,0.0,0.0,0.0,0.0,0.0,0.0
repeat_1_fold_1,SAE1,0.0,0.0,0.0,0.0,0.0,0.0,0.0
repeat_1_fold_1,SCD5,0.0,0.0,0.0,0.0,0.0,0.0,0.0
repeat_1_fold_1,SCMH1,-0.05578152307089468,0.19696116478177236,0.09848058239088618,-0.15426210546178087,0.25,0.0001595424834711645,1.0
repeat_1_fold_1,SCN3A,0.0,0.0,0.0,0.0,0.0,0.0,0.0
repeat_1_fold_1,SCTR,-0.149988449900059,0.20096200911523857,0.10048100455761928,-0.25046945445767826,0.0,-0.0016633613848648643,1.0
repeat_1_fold_1,SDC1,0.23142491309559787,0.2750608521445623,0.13753042607228114,0.09389448702331674,0.5,0.005178716490657986,0.5
repeat_1_fold_1,SDHAF1,0.0,0.0,0.0,0.0,0.0,0.0,0.0
repeat_1_fold_1,SDS,0.0,0.0,0.0,0.0,0.0,0.0,0.0
repeat_1_fold_1,SEC61B,0.0,0.0,0.0,0.0,0.0,0.0,0.0
repeat_1_fold_1,SEL1L,0.0,0.0,0.0,0.0,0.0,0.0,0.0
repeat_1_fold_1,SEMA4D,0.0,0.0,0.0,0.0,0.0,0.0,0.0
repeat_1_fold_1,SEPHS2,0.0,0.0,0.0,0.0,0.0,0.0,0.0
repeat_1_fold_1,SERINC3,0.0,0.0,0.0,0.0,0.0,0.0,0.0
repeat_1_fold_1,SERINC5,-0.0277739045408687,0.03207054252623502,0.01603527126311751,-0.04380917580398621,0.0,0.0012233999496980286,1.0
repeat_1_fold_1,SERP1,0.0,0.0,0.0,0.0,0.0,0.0,0.0
repeat_1_fold_1,SERPINA3,0.0,0.0,0.0,0.0,0.0,0.0,0.0
repeat_1_fold_1,SERPIND1,0.20748545179689337,0.2872993859267155,0.14364969296335775,0.06383575883353562,0.5,0.000222419928825629,0.5
repeat_1_fold_1,SERPING1,0.0,0.0,0.0,0.0,0.0,0.0,0.0
repeat_1_fold_1,SF3A3,0.0,0.0,0.0,0.0,0.0,0.0,0.0
repeat_1_fold_1,SGK1,0.0,0.0,0.0,0.0,0.0,0.0,0.0
repeat_1_fold_1,SH3BP1,0.0,0.0,0.0,0.0,0.0,0.0,0.0
repeat_1_fold_1,SH3GL3,0.0,0.0,0.0,0.0,0.0,0.0,0.0
repeat_1_fold_1,SHC1,0.0,0.0,0.0,0.0,0.0,0.0,0.0
repeat_1_fold_1,SHMT1,-0.02041578483303752,0.023574117738143382,0.011787058869071691,-0.03220284370210921,0.0,-0.0011120996441280895,0.5
repeat_1_fold_1,SHMT2,0.07224358624791094,0.0867215484096609,0.04336077420483045,0.02888281204308049,0.5,0.001382942433169193,1.0
repeat_1_fold_1,SIGLEC9,0.0,0.0,0.0,0.0,0.0,0.0,0.0
repeat_1_fold_1,SIKE1,0.029492030951685066,0.05898406190337013,0.029492030951685066,0.0,0.25,-0.0017793594306049765,0.5
repeat_1_fold_1,SLA,0.0,0.0,0.0,0.0,0.0,-0.000222419928825629,0.5
repeat_1_fold_1,SLC11A2,0.0,0.0,0.0,0.0,0.0,0.0,0.0
repeat_1_fold_1,SLC12A3,0.0,0.0,0.0,0.0,0.0,0.0,0.0
repeat_1_fold_1,SLC15A1,0.0,0.0,0.0,0.0,0.0,0.0,0.0
repeat_1_fold_1,SLC1A7,0.0,0.0,0.0,0.0,0.0,0.0,0.0
repeat_1_fold_1,SLC20A2,0.0,0.0,0.0,0.0,0.0,0.000609260763606817,0.5
repeat_1_fold_1,SLC22A4,0.0,0.0,0.0,0.0,0.0,0.0,0.0
repeat_1_fold_1,SLC25A15,0.0,0.0,0.0,0.0,0.0,0.0,0.0
repeat_1_fold_1,SLC25A17,0.0,0.0,0.0,0.0,0.0,-0.0008896797153024882,0.5
repeat_1_fold_1,SLC25A42,0.0,0.0,0.0,0.0,0.0,0.0,0.0
repeat_1_fold_1,SLC25A6,0.0,0.0,0.0,0.0,0.0,0.0,0.0
repeat_1_fold_1,SLC27A6,0.0,0.0,0.0,0.0,0.0,0.000507717303005667,0.5
repeat_1_fold_1,SLC2A11,0.08983451076297655,0.10373195794304568,0.05186597897152284,0.03796853179145371,0.5,0.0004061738424045447,0.5
repeat_1_fold_1,SLC34A2,0.07655007402772895,0.08995047503172808,0.04497523751586404,0.031574836511864914,0.5,0.0024466192170818635,0.5
repeat_1_fold_1,SLC38A2,0.0,0.0,0.0,0.0,0.0,0.0,0.0
repeat_1_fold_1,SLCO3A1,0.0,0.0,0.0,0.0,0.0,0.0,0.0
repeat_1_fold_1,SMARCA2,0.0,0.0,0.0,0.0,0.0,0.0,0.0
repeat_1_fold_1,SMC6,0.0,0.0,0.0,0.0,0.0,0.0,0.0
repeat_1_fold_1,SMS,0.0,0.0,0.0,0.0,0.0,0.0,0.0
repeat_1_fold_1,SNAPC2,0.0,0.0,0.0,0.0,0.0,0.0,0.0
repeat_1_fold_1,SNCAIP,0.03272258319681498,0.260061427094947,0.1300307135474735,-0.09730813035065852,0.25,0.0029447603574329906,0.5
repeat_1_fold_1,SNRPD1,0.4573448147568353,0.533077017364248,0.266538508682124,0.19080630607471133,0.5,0.000889679715302516,0.5
repeat_1_fold_1,SNX3,0.0,0.0,0.0,0.0,0.0,0.0,0.0
repeat_1_fold_1,SNX5,0.028255283561321676,0.05065676234044885,0.025328381170224425,0.0029269023910972504,0.5,-0.0011120996441281172,0.5
repeat_1_fold_1,SOCS5,-0.08756745292266999,0.10111418503430679,0.050557092517153394,-0.1381245454398234,0.0,-0.000609260763606817,0.5
repeat_1_fold_1,SOD2,0.025992609274199552,0.051985218548399104,0.025992609274199552,0.0,0.25,0.000222419928825629,0.5
repeat_1_fold_1,SOS2,0.0,0.0,0.0,0.0,0.0,0.0,0.0
repeat_1_fold_1,SOX1,0.0,0.0,0.0,0.0,0.0,0.0,0.0
repeat_1_fold_1,SOX13,0.242507319581998,0.2992869977522709,0.14964349887613546,0.09286382070586255,0.5,-0.002335499593826146,0.5
repeat_1_fold_1,SPAST,0.0,0.0,0.0,0.0,0.0,0.0,0.0
repeat_1_fold_1,SPCS1,0.0,0.0,0.0,0.0,0.0,0.0,0.0
repeat_1_fold_1,SPDL1,0.0,0.0,0.0,0.0,0.0,-0.00020308692120227234,0.5
repeat_1_fold_1,SPHK2,0.0,0.0,0.0,0.0,0.0,0.0,0.0
repeat_1_fold_1,SPO11,0.0,0.0,0.0,0.0,0.0,0.0,0.0
repeat_1_fold_1,SPP1,0.0,0.0,0.0,0.0,0.0,-0.0009718901682802816,1.0
repeat_1_fold_1,SPTBN5,0.04451994073731669,0.08903988147463338,0.04451994073731669,0.0,0.25,0.0014796074712859764,1.0
repeat_1_fold_1,SQLE,0.0,0.0,0.0,0.0,0.0,0.0,0.0
repeat_1_fold_1,SRD5A3,0.0,0.0,0.0,0.0,0.0,0.0,0.0
repeat_1_fold_1,SRI,0.026684761169381233,0.030849408734449423,0.015424704367224712,0.011260056802156521,0.5,0.0022339561332250235,0.5
repeat_1_fold_1,SRPK2,0.0,0.0,0.0,0.0,0.0,0.0,0.0
repeat_1_fold_1,SRPRA,0.0,0.0,0.0,0.0,0.0,0.0,0.0
repeat_1_fold_1,SRRM1,-0.044428655212662704,0.08885731042532541,0.044428655212662704,-0.08885731042532541,0.0,-0.00010154346060115005,0.5
repeat_1_fold_1,ST6GALNAC4,0.0,0.0,0.0,0.0,0.0,0.0,0.0
repeat_1_fold_1,STEAP3,0.0,0.0,0.0,0.0,0.0,0.0,0.0
repeat_1_fold_1,STN1,0.0,0.0,0.0,0.0,0.0,0.0,0.0
repeat_1_fold_1,STX16,0.0,0.0,0.0,0.0,0.0,0.0,0.0
repeat_1_fold_1,STX1A,0.0,0.0,0.0,0.0,0.0,0.0,0.0
repeat_1_fold_1,SULT1A2,-0.17373896707573522,0.24384426711046409,0.12192213355523204,-0.2956611006309673,0.0,0.00040617384240457244,0.5
repeat_1_fold_1,SUMO1,0.0,0.0,0.0,0.0,0.0,0.0,0.0
repeat_1_fold_1,SWAP70,0.0,0.0,0.0,0.0,0.0,0.0,0.0
repeat_1_fold_1,SYCP1,0.0,0.0,0.0,0.0,0.0,0.0,0.0
repeat_1_fold_1,SYF2,0.0,0.0,0.0,0.0,0.0,0.0,0.0
repeat_1_fold_1,SYK,0.0,0.0,0.0,0.0,0.0,0.0,0.0
repeat_1_fold_1,SYTL2,0.14148579959807783,0.1634351058071892,0.0817175529035946,0.05976824669448323,0.5,2.7755575615628914e-17,0.5
repeat_1_fold_1,TAB2,0.0,0.0,0.0,0.0,0.0,-0.00022241992882560124,0.5
repeat_1_fold_1,TAF1,0.0,0.0,0.0,0.0,0.0,0.0,0.0
repeat_1_fold_1,TAF2,0.0,0.0,0.0,0.0,0.0,0.0,0.0
repeat_1_fold_1,TAF5L,-0.03048317562242353,0.03521469129432787,0.017607345647163933,-0.04809052126958746,0.0,0.0011169780666125118,0.5
repeat_1_fold_1,TAL1,0.0,0.0,0.0,0.0,0.0,0.0,0.0
repeat_1_fold_1,TARBP2,0.0,0.0,0.0,0.0,0.0,0.0,0.0
repeat_1_fold_1,TAS2R13,0.0,0.0,0.0,0.0,0.0,0.0,0.0
repeat_1_fold_1,TBCE,0.0,0.0,0.0,0.0,0.0,0.0,0.0
repeat_1_fold_1,TBL1X,0.019284138535168083,0.038568277070336165,0.019284138535168083,0.0,0.25,0.001112099644128145,0.5
repeat_1_fold_1,TBX21,0.0,0.0,0.0,0.0,0.0,0.000222419928825629,0.5
repeat_1_fold_1,TBXAS1,0.0,0.0,0.0,0.0,0.0,0.0,0.0
repeat_1_fold_1,TCF3,0.0,0.0,0.0,0.0,0.0,0.0,0.0
repeat_1_fold_1,TDRD1,0.0,0.0,0.0,0.0,0.0,0.0,0.0
repeat_1_fold_1,TFAP2B,-0.09611083403969545,0.1975643556375135,0.09878217781875676,-0.1948930118584522,0.25,0.007755969020933118,1.0
repeat_1_fold_1,TFAP2C,0.0,0.0,0.0,0.0,0.0,0.0,0.0
repeat_1_fold_1,TFB2M,0.0,0.0,0.0,0.0,0.0,0.0,0.0
repeat_1_fold_1,TFR2,0.11429189803623174,0.13942201038357707,0.06971100519178854,0.04458089284444321,0.5,0.0015569395017793752,0.5
repeat_1_fold_1,THBS4,0.0,0.0,0.0,0.0,0.0,0.0,0.0
repeat_1_fold_1,THSD7A,0.0,0.0,0.0,0.0,0.0,0.0,0.0
repeat_1_fold_1,TIAM1,-0.22533100560072228,0.21095414884369357,0.10547707442184678,-0.33080808002256906,0.0,0.006498600796158549,1.0
repeat_1_fold_1,TLR2,0.0,0.0,0.0,0.0,0.0,0.000667259786476887,0.5
repeat_1_fold_1,TM7SF2,0.0,0.0,0.0,0.0,0.0,0.0,0.0
repeat_1_fold_1,TMC6,0.0,0.0,0.0,0.0,0.0,0.0,0.0
repeat_1_fold_1,TMED7,0.0,0.0,0.0,0.0,0.0,0.0,0.0
repeat_1_fold_1,TNFRSF10C,0.0,0.0,0.0,0.0,0.0,0.0,0.0
repeat_1_fold_1,TNFRSF10D,0.0,0.0,0.0,0.0,0.0,0.0,0.0
repeat_1_fold_1,TNFRSF21,0.0957291114704013,0.13161113994823642,0.06580556997411821,0.029923541496283096,0.5,-0.0020017793594305777,0.5
repeat_1_fold_1,TNFRSF4,0.0,0.0,0.0,0.0,0.0,0.0,0.0
repeat_1_fold_1,TNFSF15,0.042142235831761354,0.05124759062199705,0.025623795310998523,0.01651844052076283,0.5,-0.0006672597864768592,0.5
repeat_1_fold_1,TNFSF8,0.0,0.0,0.0,0.0,0.0,0.0,0.0
repeat_1_fold_1,TNKS2,0.0,0.0,0.0,0.0,0.0,0.0,0.0
repeat_1_fold_1,TNS3,0.0,0.0,0.0,0.0,0.0,0.0,0.0
repeat_1_fold_1,TOMM40,0.0,0.0,0.0,0.0,0.0,0.0,0.0
repeat_1_fold_1,TOMM70,0.0,0.0,0.0,0.0,0.0,0.00024175293644898566,1.0
repeat_1_fold_1,TOP1,0.0,0.0,0.0,0.0,0.0,0.0,0.0
repeat_1_fold_1,TOP2A,0.0,0.0,0.0,0.0,0.0,0.0,0.0
repeat_1_fold_1,TOP3A,0.0,0.0,0.0,0.0,0.0,0.0,0.0
repeat_1_fold_1,TP53BP1,0.08675796644424594,0.10017947056185982,0.05008973528092991,0.03666823116331603,0.5,-0.00044483985765123024,0.5
repeat_1_fold_1,TPM1,0.0,0.0,0.0,0.0,0.0,0.0,0.0
repeat_1_fold_1,TPP1,0.0,0.0,0.0,0.0,0.0,0.0,0.0
repeat_1_fold_1,TRAPPC2,0.070912914814107,0.08587411569467122,0.04293705784733561,0.027975856966771386,0.5,-0.0011120996441281172,0.5
repeat_1_fold_1,TRDMT1,-0.013522042570555115,0.028025625762187624,0.014012812881093812,-0.027534855451648927,0.25,-0.00044483985765123024,0.5
repeat_1_fold_1,TREM2,0.0,0.0,0.0,0.0,0.0,0.0,0.0
repeat_1_fold_1,TRHR,0.0,0.0,0.0,0.0,0.0,0.0,0.0
repeat_1_fold_1,TRIM34,0.06170297881564757,0.299342965925221,0.1496714829626105,-0.08796850414696294,0.25,0.000913710463096018,1.0
repeat_1_fold_1,TRIM37,0.0,0.0,0.0,0.0,0.0,0.0,0.0
repeat_1_fold_1,TRIM46,0.0,0.0,0.0,0.0,0.0,0.0,0.0
repeat_1_fold_1,TRIP11,-0.24968805187410759,0.29749900371978477,0.14874950185989239,-0.39843755373399997,0.0,0.0008123476848090894,0.5
repeat_1_fold_1,TRPC3,0.0,0.0,0.0,0.0,0.0,0.0,0.0
repeat_1_fold_1,TRPM8,0.029100133579513354,0.057231311099915964,0.028615655549957982,0.00048447802955537203,0.5,0.0031138790035587227,0.5
repeat_1_fold_1,TTBK2,0.0,0.0,0.0,0.0,0.0,0.0,0.0
repeat_1_fold_1,TTN,0.0,0.0,0.0,0.0,0.0,0.0,0.0
repeat_1_fold_1,TTPA,0.0,0.0,0.0,0.0,0.0,0.0,0.0
repeat_1_fold_1,TUBG1,0.0,0.0,0.0,0.0,0.0,0.0,0.0
repeat_1_fold_1,TWF1,0.0,0.0,0.0,0.0,0.0,0.0,0.0
repeat_1_fold_1,TXLNA,0.0,0.0,0.0,0.0,0.0,0.0,0.0
repeat_1_fold_1,TXN2,0.000729819399758469,0.0008427228538207263,0.00042136142691036316,0.00030845797284810583,0.5,-0.0015569395017793475,0.5
repeat_1_fold_1,TXNIP,0.0,0.0,0.0,0.0,0.0,0.0,0.0
repeat_1_fold_1,TXNL1,0.0,0.0,0.0,0.0,0.0,0.0,0.0
repeat_1_fold_1,TYMS,0.0,0.0,0.0,0.0,0.0,0.0,0.0
repeat_1_fold_1,UBB,0.02886460302578797,0.057729206051575936,0.028864603025787968,3.469446951953614e-18,0.25,0.0005077173030056947,0.5
repeat_1_fold_1,UBC,-0.044428655212662704,0.08885731042532541,0.044428655212662704,-0.08885731042532541,0.0,0.0016246953696181787,0.5
repeat_1_fold_1,UBD,0.0,0.0,0.0,0.0,0.0,0.0,0.0
repeat_1_fold_1,UBE2E3,0.0,0.0,0.0,0.0,0.0,0.0,0.0
repeat_1_fold_1,UBE2G2,0.0,0.0,0.0,0.0,0.0,0.0,0.0
repeat_1_fold_1,UBE2I,0.0,0.0,0.0,0.0,0.0,0.0,0.0
repeat_1_fold_1,UBL4A,0.0,0.0,0.0,0.0,0.0,0.0,0.0
repeat_1_fold_1,UCHL3,0.0,0.0,0.0,0.0,0.0,0.0,0.0
repeat_1_fold_1,UCN,0.0,0.0,0.0,0.0,0.0,0.0,0.0
repeat_1_fold_1,UFL1,0.0,0.0,0.0,0.0,0.0,0.0,0.0
repeat_1_fold_1,UGCG,-0.06893601385484516,0.12933128383340856,0.06466564191670428,-0.13360165577154942,0.0,0.0009138911454102117,0.5
repeat_1_fold_1,UGT1A6,-0.291288657385973,0.34408699041518376,0.17204349520759188,-0.46333215259356486,0.0,0.004342157375741201,1.0
repeat_1_fold_1,UGT2B15,0.0,0.0,0.0,0.0,0.0,0.0,0.0
repeat_1_fold_1,UIMC1,0.0,0.0,0.0,0.0,0.0,0.0,0.0
repeat_1_fold_1,UNC5C,0.0,0.0,0.0,0.0,0.0,0.0,0.0
repeat_1_fold_1,UNG,-0.01388695227043435,0.0277739045408687,0.01388695227043435,-0.0277739045408687,0.0,-0.00044483985765123024,0.5
repeat_1_fold_1,UQCC1,0.0,0.0,0.0,0.0,0.0,0.0,0.0
repeat_1_fold_1,UQCR10,-0.04378372646133499,0.08756745292266999,0.04378372646133499,-0.08756745292266999,0.0,0.00010154346060112229,0.5
repeat_1_fold_1,UROD,0.0,0.0,0.0,0.0,0.0,0.0,0.0
repeat_1_fold_1,USP14,0.0,0.0,0.0,0.0,0.0,0.0,0.0
repeat_1_fold_1,USP33,0.0,0.0,0.0,0.0,0.0,0.0,0.0
repeat_1_fold_1,USP7,0.0,0.0,0.0,0.0,0.0,0.0,0.0
repeat_1_fold_1,UTP18,0.0,0.0,0.0,0.0,0.0,0.0,0.0
repeat_1_fold_1,UTRN,0.0,0.0,0.0,0.0,0.0,0.0,0.0
repeat_1_fold_1,VCAN,0.0,0.0,0.0,0.0,0.0,0.0,0.0
repeat_1_fold_1,VDAC1,0.0,0.0,0.0,0.0,0.0,0.0,0.0
repeat_1_fold_1,VDAC3,0.0,0.0,0.0,0.0,0.0,0.0,0.0
repeat_1_fold_1,VNN2,0.0,0.0,0.0,0.0,0.0,0.0,0.0
repeat_1_fold_1,VPS33A,0.0,0.0,0.0,0.0,0.0,0.0,0.0
repeat_1_fold_1,VPS72,0.0,0.0,0.0,0.0,0.0,0.0,0.0
repeat_1_fold_1,WAPL,0.0,0.0,0.0,0.0,0.0,0.0,0.0
repeat_1_fold_1,WDR70,0.0,0.0,0.0,0.0,0.0,0.0,0.0
repeat_1_fold_1,WDTC1,0.0,0.0,0.0,0.0,0.0,0.0,0.0
repeat_1_fold_1,WIPF2,0.051985218548399104,0.060027359845599496,0.030013679922799748,0.021971538625599356,0.5,-0.0011120996441280895,0.5
repeat_1_fold_1,WNT2B,0.0,0.0,0.0,0.0,0.0,0.0,0.0
repeat_1_fold_1,WNT5A,0.10797981608454421,0.12468669584806683,0.06234334792403341,0.0456364681605108,0.5,-0.0008896797153024882,0.5
repeat_1_fold_1,WNT7B,0.0,0.0,0.0,0.0,0.0,0.0,0.0
repeat_1_fold_1,WTAP,0.05548464022588817,0.08193157443066659,0.040965787215333296,0.014518853010554875,0.5,-0.0008896797153024882,0.5
repeat_1_fold_1,WWOX,0.0,0.0,0.0,0.0,0.0,-0.0006672597864768592,0.5
repeat_1_fold_1,WWTR1,0.0,0.0,0.0,0.0,0.0,0.0,0.0
repeat_1_fold_1,XDH,0.0,0.0,0.0,0.0,0.0,0.0,0.0
repeat_1_fold_1,XRCC6,0.48548065453859124,0.6028661125264894,0.3014330562632447,0.18404759827534656,0.5,-0.0032880567544830985,1.0
repeat_1_fold_1,YWHAQ,0.0,0.0,0.0,0.0,0.0,0.0,0.0
repeat_1_fold_1,ZC3H15,0.07365288663014091,0.08590113986084826,0.04295056993042413,0.030702316699716785,0.5,0.0035540211210398076,0.5
repeat_1_fold_1,ZKSCAN4,0.0,0.0,0.0,0.0,0.0,0.0,0.0
repeat_1_fold_1,ZNF175,0.0,0.0,0.0,0.0,0.0,0.0,0.0
repeat_1_fold_1,ZNF211,0.0,0.0,0.0,0.0,0.0,0.0,0.0
repeat_1_fold_1,ZNF230,0.0,0.0,0.0,0.0,0.0,0.0,0.0
repeat_1_fold_1,ZNF250,0.0,0.0,0.0,0.0,0.0,0.0,0.0
repeat_1_fold_1,ZNF263,0.0,0.0,0.0,0.0,0.0,0.0,0.0
repeat_1_fold_1,ZNF268,0.0,0.0,0.0,0.0,0.0,0.0,0.0
repeat_1_fold_1,ZNF394,0.0,0.0,0.0,0.0,0.0,0.0,0.0
repeat_1_fold_1,ZNF443,0.0,0.0,0.0,0.0,0.0,0.0,0.0
repeat_1_fold_1,ZNF446,0.0,0.0,0.0,0.0,0.0,0.0,0.0
repeat_1_fold_1,ZNF467,0.0003649096998792345,0.0007298193997584689,0.00036490969987923444,5.421010862427522e-20,0.25,0.0020017793594306332,0.5
repeat_1_fold_1,ZNF473,0.0,0.0,0.0,0.0,0.0,0.0,0.0
repeat_1_fold_1,ZNF480,0.0,0.0,0.0,0.0,0.0,0.0,0.0
repeat_1_fold_1,ZNF552,0.0,0.0,0.0,0.0,0.0,0.0,0.0
repeat_1_fold_1,ZNF614,0.05135985371287255,0.08639778580229089,0.043198892901145446,0.008160960811727104,0.5,0.0033509341998375353,0.5
repeat_1_fold_1,ZNF667,0.0,0.0,0.0,0.0,0.0,0.0,0.0
repeat_1_fold_1,ZNF668,0.0,0.0,0.0,0.0,0.0,0.0,0.0
repeat_1_fold_1,ZNF671,0.09947106757725344,0.1170482018479699,0.05852410092398495,0.04094696665326849,0.5,-0.0011120996441280895,0.5
repeat_1_fold_1,ZNF747,0.000729819399758469,0.0008427228538207263,0.00042136142691036316,0.00030845797284810583,0.5,0.0018375391357892956,1.0
repeat_1_fold_2,A1CF,0.0,0.0,0.0,0.0,0.0,0.0,0.0
repeat_1_fold_2,A2M,0.0562536371654172,0.1125072743308344,0.0562536371654172,0.0,0.25,-0.00038880248833589315,0.5
repeat_1_fold_2,A4GALT,0.0,0.0,0.0,0.0,0.0,0.0,0.0
repeat_1_fold_2,A4GNT,0.0,0.0,0.0,0.0,0.0,0.0,0.0
repeat_1_fold_2,AAAS,0.14809585023714256,0.24627979116799323,0.12313989558399661,0.024955954653145943,0.5,0.0005336788497878331,1.0
repeat_1_fold_2,AACS,0.0,0.0,0.0,0.0,0.0,0.0,0.0
repeat_1_fold_2,AADAC,-0.007714896155896156,0.015429792311792312,0.007714896155896156,-0.015429792311792312,0.0,-0.0011664074650077627,1.0
repeat_1_fold_2,AAK1,0.0,0.0,0.0,0.0,0.0,0.0,0.0
repeat_1_fold_2,AAMP,0.0,0.0,0.0,0.0,0.0,0.0,0.0
repeat_1_fold_2,AARS1,-0.11902246061470123,0.2797778144181662,0.1398889072090831,-0.2589113678237843,0.25,0.00038880248833594866,0.5
repeat_1_fold_2,AASDHPPT,0.0,0.0,0.0,0.0,0.0,0.0,0.0
repeat_1_fold_2,AASS,-0.02098192826123224,0.04196385652246448,0.02098192826123224,-0.04196385652246448,0.0,0.00020678246484696905,0.5
repeat_1_fold_2,AATF,0.0,0.0,0.0,0.0,0.0,0.0,0.0
repeat_1_fold_2,ABAT,0.0,0.0,0.0,0.0,0.0,0.0,0.0
repeat_1_fold_2,ABCA1,0.0,0.0,0.0,0.0,0.0,-0.0017576509511993549,0.5
repeat_1_fold_2,ABCA12,0.0,0.0,0.0,0.0,0.0,0.0,0.5
repeat_1_fold_2,ABCA2,0.0,0.0,0.0,0.0,0.0,0.0,0.0
repeat_1_fold_2,ABCA3,0.0,0.0,0.0,0.0,0.0,0.0,0.0
repeat_1_fold_2,ABCA4,0.012067569419043522,0.1395182029328064,0.0697591014664032,-0.057691532047359675,0.25,0.0013484274884967284,1.0
repeat_1_fold_2,ABCA5,0.10315187134492732,0.11910952137681487,0.059554760688407433,0.04359711065651988,0.5,-0.0006079661738619124,1.0
repeat_1_fold_2,ABCA6,0.0,0.0,0.0,0.0,0.0,-0.0008271298593879317,0.5
repeat_1_fold_2,ABCA7,-0.02098192826123224,0.04196385652246448,0.02098192826123224,-0.04196385652246448,0.0,0.0005169561621174434,0.5
repeat_1_fold_2,ABCA8,0.0,0.0,0.0,0.0,0.0,9.101001174451062e-05,1.0
repeat_1_fold_2,ABCB1,0.0,0.0,0.0,0.0,0.0,0.0,0.0
repeat_1_fold_2,ABCB11,0.0,0.0,0.0,0.0,0.0,0.0,0.0
repeat_1_fold_2,ABCB4,0.0,0.0,0.0,0.0,0.0,0.0,0.0
repeat_1_fold_2,ABCB6,0.0,0.0,0.0,0.0,0.0,0.0,0.0
repeat_1_fold_2,ABCB7,0.0,0.0,0.0,0.0,0.0,-1.2381220679008598e-05,1.0
repeat_1_fold_2,ABCB8,0.0,0.0,0.0,0.0,0.0,-0.0005832037325038675,0.5
repeat_1_fold_2,ABCB9,0.0,0.0,0.0,0.0,0.0,0.0,0.0
repeat_1_fold_2,ABCC1,0.0,0.0,0.0,0.0,0.0,0.0,0.0
repeat_1_fold_2,ABCC10,-0.19531210621241968,0.22552699419546657,0.11276349709773328,-0.30807560331015293,0.0,-0.0023328149300155254,0.5
repeat_1_fold_2,ABCC2,0.0,0.0,0.0,0.0,0.0,0.0,0.0
repeat_1_fold_2,ABCC3,0.09707748201903499,0.11209542075188181,0.056047710375940904,0.041029771643094085,0.5,2.7755575615628914e-17,0.5
repeat_1_fold_2,ABCC4,0.0,0.0,0.0,0.0,0.0,0.0,0.0
repeat_1_fold_2,ABCC5,0.0,0.0,0.0,0.0,0.0,0.0,0.0
repeat_1_fold_2,ABCC6,0.023859952793435113,0.047719905586870226,0.023859952793435113,0.0,0.25,0.0017496111975116857,0.5
repeat_1_fold_2,ABCC8,-0.16004039730823827,0.16793449318004727,0.08396724659002364,-0.2440076438982619,0.0,-0.00013249514077286195,1.0
repeat_1_fold_2,ABCC9,0.0,0.0,0.0,0.0,0.0,0.0,0.0
repeat_1_fold_2,ABCD1,0.0,0.0,0.0,0.0,0.0,0.0,0.0
repeat_1_fold_2,ABCD2,0.0,0.0,0.0,0.0,0.0,0.0,0.0
repeat_1_fold_2,ABCD3,0.0,0.0,0.0,0.0,0.0,0.0,0.0
repeat_1_fold_2,ABCD4,0.0,0.0,0.0,0.0,0.0,0.0,0.0
repeat_1_fold_2,ABCE1,0.0,0.0,0.0,0.0,0.0,0.0,0.0
repeat_1_fold_2,ABCF1,0.0562536371654172,0.1125072743308344,0.0562536371654172,0.0,0.25,-0.0007652237559928055,1.0
repeat_1_fold_2,ABCF2,0.0,0.0,0.0,0.0,0.0,0.0,0.0
repeat_1_fold_2,ABCG1,0.0,0.0,0.0,0.0,0.0,0.0,0.0
repeat_1_fold_2,ABCG2,0.0,0.0,0.0,0.0,0.0,0.0,0.0
repeat_1_fold_2,ABCG4,0.0,0.0,0.0,0.0,0.0,0.0,0.0
repeat_1_fold_2,ABCG5,0.09900337757802546,0.2570218951807848,0.1285109475903924,-0.029507570012366924,0.25,0.0008271298593879178,0.5
repeat_1_fold_2,ABHD10,0.0,0.0,0.0,0.0,0.0,0.0,0.0
repeat_1_fold_2,ABHD17A,0.0,0.0,0.0,0.0,0.0,0.0,0.0
repeat_1_fold_2,ABHD17B,0.0,0.0,0.0,0.0,0.0,0.0,0.0
repeat_1_fold_2,ABHD3,0.0,0.0,0.0,0.0,0.0,0.0,0.0
repeat_1_fold_2,ABHD5,0.0,0.0,0.0,0.0,0.0,0.0,0.0
repeat_1_fold_2,ABHD6,0.0,0.0,0.0,0.0,0.0,0.0,0.0
repeat_1_fold_2,ABI1,0.0,0.0,0.0,0.0,0.0,0.0,0.0
repeat_1_fold_2,ABI2,0.0,0.0,0.0,0.0,0.0,0.0,0.0
repeat_1_fold_2,ABL1,0.0,0.0,0.0,0.0,0.0,0.0,0.0
repeat_1_fold_2,ABL2,0.0,0.0,0.0,0.0,0.0,0.0,0.0
repeat_1_fold_2,ABLIM1,0.0,0.0,0.0,0.0,0.0,0.0,0.0
repeat_1_fold_2,ABLIM3,0.0,0.0,0.0,0.0,0.0,0.0,0.0
repeat_1_fold_2,ABRAXAS2,0.0,0.0,0.0,0.0,0.0,0.0,0.0
repeat_1_fold_2,ACAA1,0.0,0.0,0.0,0.0,0.0,0.0,0.0
repeat_1_fold_2,ACAA2,0.0,0.0,0.0,0.0,0.0,0.0,0.0
repeat_1_fold_2,ACACA,0.0,0.0,0.0,0.0,0.0,0.0,0.0
repeat_1_fold_2,ACAD10,0.0,0.0,0.0,0.0,0.0,0.0,0.0
repeat_1_fold_2,ACADL,0.0,0.0,0.0,0.0,0.0,0.0,0.0
repeat_1_fold_2,ACADS,0.0,0.0,0.0,0.0,0.0,0.0,0.0
repeat_1_fold_2,ACADSB,0.0,0.0,0.0,0.0,0.0,0.0,0.0
repeat_1_fold_2,ACADVL,0.0,0.0,0.0,0.0,0.0,0.0,0.0
repeat_1_fold_2,ACAN,0.0,0.0,0.0,0.0,0.0,0.0,0.0
repeat_1_fold_2,ACAT1,0.0,0.0,0.0,0.0,0.0,0.0,0.0
repeat_1_fold_2,ACAT2,0.0,0.0,0.0,0.0,0.0,0.0,0.0
repeat_1_fold_2,ACBD3,0.0,0.0,0.0,0.0,0.0,0.0,0.0
repeat_1_fold_2,ACBD4,0.0,0.0,0.0,0.0,0.0,0.0,0.0
repeat_1_fold_2,ACD,0.0,0.0,0.0,0.0,0.0,0.0,0.0
repeat_1_fold_2,ACE,0.0,0.0,0.0,0.0,0.0,0.0,0.0
repeat_1_fold_2,ACE2,0.0,0.0,0.0,0.0,0.0,0.0,0.0
repeat_1_fold_2,ACHE,0.0,0.0,0.0,0.0,0.0,0.0,0.0
repeat_1_fold_2,ACIN1,0.0,0.0,0.0,0.0,0.0,0.0,0.0
repeat_1_fold_2,ACKR1,0.0,0.0,0.0,0.0,0.0,0.0,0.0
repeat_1_fold_2,ACKR2,0.0,0.0,0.0,0.0,0.0,0.0,0.0
repeat_1_fold_2,ACKR3,0.0,0.0,0.0,0.0,0.0,0.0,0.0
repeat_1_fold_2,ACKR4,0.0,0.0,0.0,0.0,0.0,0.0,0.0
repeat_1_fold_2,ACO2,0.0,0.0,0.0,0.0,0.0,0.0,0.0
repeat_1_fold_2,ACOT11,-0.017204190704218192,0.12402273054568541,0.062011365272842706,-0.0792155559770609,0.25,0.00194401244167966,0.5
repeat_1_fold_2,ACOT13,0.0,0.0,0.0,0.0,0.0,0.0,0.0
repeat_1_fold_2,ACOT2,0.0,0.0,0.0,0.0,0.0,0.0,0.0
repeat_1_fold_2,ACOT7,0.0,0.0,0.0,0.0,0.0,0.0,0.0
repeat_1_fold_2,ACOT9,0.0,0.0,0.0,0.0,0.0,0.0,0.0
repeat_1_fold_2,ACOX1,0.0,0.0,0.0,0.0,0.0,-0.001137303556658406,0.5
repeat_1_fold_2,ACOX2,0.0,0.0,0.0,0.0,0.0,0.0,0.0
repeat_1_fold_2,ACOX3,0.0,0.0,0.0,0.0,0.0,0.0,0.0
repeat_1_fold_2,ACOXL,-0.2294574768073545,0.27655681133147625,0.13827840566573812,-0.36773588247309263,0.0,0.0015552099533437391,0.5
repeat_1_fold_2,ACP3,0.0,0.0,0.0,0.0,0.0,0.0,0.0
repeat_1_fold_2,ACP5,0.0,0.0,0.0,0.0,0.0,0.0,0.0
repeat_1_fold_2,ACP6,0.0,0.0,0.0,0.0,0.0,0.0,0.0
repeat_1_fold_2,ACR,0.0,0.0,0.0,0.0,0.0,0.0,0.0
repeat_1_fold_2,ACSBG1,0.0,0.0,0.0,0.0,0.0,0.0,0.0
repeat_1_fold_2,ACSBG2,0.0,0.0,0.0,0.0,0.0,0.0,0.0
repeat_1_fold_2,ACSF2,0.0,0.0,0.0,0.0,0.0,0.0,0.0
repeat_1_fold_2,ACSL1,0.0,0.0,0.0,0.0,0.0,0.0,0.0
repeat_1_fold_2,ACSL3,0.0,0.0,0.0,0.0,0.0,0.0,0.0
repeat_1_fold_2,ACSL4,0.0,0.0,0.0,0.0,0.0,0.0,0.0
repeat_1_fold_2,ACSL5,0.0,0.0,0.0,0.0,0.0,0.0,0.0
repeat_1_fold_2,ACSL6,0.0,0.0,0.0,0.0,0.0,0.0,0.0
repeat_1_fold_2,ACSM1,0.0,0.0,0.0,0.0,0.0,0.0,0.0
repeat_1_fold_2,ACSM2A,0.0,0.0,0.0,0.0,0.0,0.0,0.0
repeat_1_fold_2,ACSM5,0.0,0.0,0.0,0.0,0.0,0.0,0.0
repeat_1_fold_2,ACTA1,0.0,0.0,0.0,0.0,0.0,0.0,0.0
repeat_1_fold_2,ACTA2,0.0,0.0,0.0,0.0,0.0,0.0,0.0
repeat_1_fold_2,ACTB,0.0,0.0,0.0,0.0,0.0,0.0,0.0
repeat_1_fold_2,ACTC1,0.0,0.0,0.0,0.0,0.0,0.0,0.0
repeat_1_fold_2,ACTG1,0.0,0.0,0.0,0.0,0.0,0.0,0.0
repeat_1_fold_2,ACTG2,0.0,0.0,0.0,0.0,0.0,0.0,0.0
repeat_1_fold_2,ACTL6A,0.0,0.0,0.0,0.0,0.0,0.0,0.0
repeat_1_fold_2,ACTL6B,0.0,0.0,0.0,0.0,0.0,0.0,0.0
repeat_1_fold_2,ACTN1,0.0,0.0,0.0,0.0,0.0,0.0,0.0
repeat_1_fold_2,ACTN2,0.0,0.0,0.0,0.0,0.0,0.0,0.0
repeat_1_fold_2,ACTN3,0.0,0.0,0.0,0.0,0.0,0.0,0.0
repeat_1_fold_2,ACTN4,0.0,0.0,0.0,0.0,0.0,0.0,0.0
repeat_1_fold_2,ACTR10,0.0,0.0,0.0,0.0,0.0,0.0,0.0
repeat_1_fold_2,ACTR1A,0.0,0.0,0.0,0.0,0.0,0.0,0.0
repeat_1_fold_2,ACTR1B,0.0,0.0,0.0,0.0,0.0,0.0,0.0
repeat_1_fold_2,ACTR2,0.0,0.0,0.0,0.0,0.0,0.0,0.0
repeat_1_fold_2,ACTR3,0.0,0.0,0.0,0.0,0.0,0.0,0.0
repeat_1_fold_2,ACVR1B,0.0,0.0,0.0,0.0,0.0,0.0,0.0
repeat_1_fold_2,ACVR2A,0.0,0.0,0.0,0.0,0.0,0.0,0.0
repeat_1_fold_2,ACVR2B,0.0,0.0,0.0,0.0,0.0,0.0,0.0
repeat_1_fold_2,ACVRL1,0.0,0.0,0.0,0.0,0.0,0.0,0.0
repeat_1_fold_2,ADA,0.0,0.0,0.0,0.0,0.0,0.0,0.0
repeat_1_fold_2,ADAM11,0.0,0.0,0.0,0.0,0.0,0.0,0.0
repeat_1_fold_2,ADAM12,0.0,0.0,0.0,0.0,0.0,0.0,0.0
repeat_1_fold_2,ADAM15,0.0,0.0,0.0,0.0,0.0,0.0,0.0
repeat_1_fold_2,ADAM17,0.0,0.0,0.0,0.0,0.0,0.0,0.0
repeat_1_fold_2,ADAM19,0.0,0.0,0.0,0.0,0.0,0.0,0.0
repeat_1_fold_2,ADAM2,0.0,0.0,0.0,0.0,0.0,0.0,0.0
repeat_1_fold_2,ADAM20,0.0,0.0,0.0,0.0,0.0,0.0,0.0
repeat_1_fold_2,ADAM21,0.0,0.0,0.0,0.0,0.0,0.0,0.0
repeat_1_fold_2,ADAM22,0.0,0.0,0.0,0.0,0.0,0.0,0.0
repeat_1_fold_2,ADAM23,0.0,0.0,0.0,0.0,0.0,0.0,0.0
repeat_1_fold_2,ADAM30,0.0,0.0,0.0,0.0,0.0,0.0,0.0
repeat_1_fold_2,ADAM8,0.0,0.0,0.0,0.0,0.0,0.0,0.0
repeat_1_fold_2,ADAM9,0.0,0.0,0.0,0.0,0.0,0.0,0.0
repeat_1_fold_2,ADAMTS1,0.0,0.0,0.0,0.0,0.0,0.0,0.0
repeat_1_fold_2,ADAMTS12,0.0,0.0,0.0,0.0,0.0,0.0,0.0
repeat_1_fold_2,ADAMTS13,0.0,0.0,0.0,0.0,0.0,0.0,0.0
repeat_1_fold_2,ADAMTS2,0.0,0.0,0.0,0.0,0.0,0.0,0.0
repeat_1_fold_2,ADAMTS3,0.0,0.0,0.0,0.0,0.0,0.0,0.0
repeat_1_fold_2,ADAMTS5,0.0,0.0,0.0,0.0,0.0,0.0,0.0
repeat_1_fold_2,ADAMTS6,0.0,0.0,0.0,0.0,0.0,0.0,0.0
repeat_1_fold_2,ADAMTS7,0.0,0.0,0.0,0.0,0.0,0.0,0.0
repeat_1_fold_2,ADAMTS8,0.0,0.0,0.0,0.0,0.0,0.0,0.0
repeat_1_fold_2,ADAMTS9,0.0,0.0,0.0,0.0,0.0,0.0,0.0
repeat_1_fold_2,ADAMTSL2,0.0,0.0,0.0,0.0,0.0,0.0,0.0
repeat_1_fold_2,ADAMTSL3,0.0,0.0,0.0,0.0,0.0,0.0,0.0
repeat_1_fold_2,ADAMTSL4,0.0,0.0,0.0,0.0,0.0,0.0,0.0
repeat_1_fold_2,ADAP1,0.0,0.0,0.0,0.0,0.0,0.0,0.0
repeat_1_fold_2,ADAR,0.0,0.0,0.0,0.0,0.0,0.0,0.0
repeat_1_fold_2,ADARB1,0.0,0.0,0.0,0.0,0.0,0.0,0.0
repeat_1_fold_2,ADAT1,0.0,0.0,0.0,0.0,0.0,0.0,0.0
repeat_1_fold_2,ADCY1,0.0,0.0,0.0,0.0,0.0,0.0,0.0
repeat_1_fold_2,ADCY10,0.0,0.0,0.0,0.0,0.0,0.0,0.0
repeat_1_fold_2,ADCY2,0.0,0.0,0.0,0.0,0.0,0.0,0.0
repeat_1_fold_2,ADCY3,0.0,0.0,0.0,0.0,0.0,0.0,0.0
repeat_1_fold_2,ADCY6,0.0,0.0,0.0,0.0,0.0,0.0,0.0
repeat_1_fold_2,ADCY8,0.0,0.0,0.0,0.0,0.0,0.0,0.0
repeat_1_fold_2,ADCY9,0.0,0.0,0.0,0.0,0.0,0.0,0.0
repeat_1_fold_2,ADCYAP1,0.0,0.0,0.0,0.0,0.0,0.0,0.0
repeat_1_fold_2,ADCYAP1R1,0.0,0.0,0.0,0.0,0.0,0.0,0.0
repeat_1_fold_2,ADD1,0.0,0.0,0.0,0.0,0.0,0.0,0.0
repeat_1_fold_2,ADD2,0.0,0.0,0.0,0.0,0.0,0.0,0.0
repeat_1_fold_2,ADD3,0.0,0.0,0.0,0.0,0.0,0.0,0.0
repeat_1_fold_2,ADGRE1,0.0,0.0,0.0,0.0,0.0,0.0,0.0
repeat_1_fold_2,ADGRE2,0.0,0.0,0.0,0.0,0.0,0.0,0.0
repeat_1_fold_2,ADGRE3,0.0,0.0,0.0,0.0,0.0,0.0,0.0
repeat_1_fold_2,ADGRE5,0.0,0.0,0.0,0.0,0.0,0.0,0.0
repeat_1_fold_2,ADGRF5,0.0,0.0,0.0,0.0,0.0,0.0,0.0
repeat_1_fold_2,ADGRG3,0.0,0.0,0.0,0.0,0.0,0.0,0.0
repeat_1_fold_2,ADGRG6,0.0,0.0,0.0,0.0,0.0,0.0,0.0
repeat_1_fold_2,ADGRV1,0.0,0.0,0.0,0.0,0.0,0.0,0.0
repeat_1_fold_2,ADH1A,0.0,0.0,0.0,0.0,0.0,0.0,0.0
repeat_1_fold_2,ADH1B,0.0,0.0,0.0,0.0,0.0,0.0,0.0
repeat_1_fold_2,ADH5,0.0,0.0,0.0,0.0,0.0,0.0,0.0
repeat_1_fold_2,ADH6,-0.02098192826123224,0.04196385652246448,0.02098192826123224,-0.04196385652246448,0.0,0.000413564929693952,0.5
repeat_1_fold_2,ADH7,0.0,0.0,0.0,0.0,0.0,0.0,0.0
repeat_1_fold_2,ADI1,0.0,0.0,0.0,0.0,0.0,0.0,0.0
repeat_1_fold_2,ADIPOQ,0.0,0.0,0.0,0.0,0.0,0.0,0.0
repeat_1_fold_2,ADIPOR1,0.0,0.0,0.0,0.0,0.0,0.0,0.0
repeat_1_fold_2,ADIPOR2,0.0,0.0,0.0,0.0,0.0,0.0,0.0
repeat_1_fold_2,ADIRF,0.0,0.0,0.0,0.0,0.0,0.0,0.0
repeat_1_fold_2,ADK,0.0,0.0,0.0,0.0,0.0,0.0,0.0
repeat_1_fold_2,ADM,0.0,0.0,0.0,0.0,0.0,0.0,0.0
repeat_1_fold_2,ADM2,0.0,0.0,0.0,0.0,0.0,0.0,0.0
repeat_1_fold_2,ADO,0.0,0.0,0.0,0.0,0.0,0.0,0.0
repeat_1_fold_2,ADORA1,0.0,0.0,0.0,0.0,0.0,0.0,0.0
repeat_1_fold_2,ADORA2A,0.0,0.0,0.0,0.0,0.0,0.0,0.0
repeat_1_fold_2,ADORA2B,0.0,0.0,0.0,0.0,0.0,0.0,0.0
repeat_1_fold_2,ADORA3,0.0,0.0,0.0,0.0,0.0,0.0,0.0
repeat_1_fold_2,ADPGK,0.0,0.0,0.0,0.0,0.0,0.0,0.0
repeat_1_fold_2,ADPRM,0.0,0.0,0.0,0.0,0.0,0.0,0.0
repeat_1_fold_2,ADRA1A,0.0,0.0,0.0,0.0,0.0,0.0,0.0
repeat_1_fold_2,ADRA1B,0.0,0.0,0.0,0.0,0.0,0.0,0.0
repeat_1_fold_2,ADRA1D,0.0,0.0,0.0,0.0,0.0,0.0,0.0
repeat_1_fold_2,ADRA2B,0.0,0.0,0.0,0.0,0.0,0.0,0.0
repeat_1_fold_2,ADRA2C,0.0,0.0,0.0,0.0,0.0,0.0,0.0
repeat_1_fold_2,ADRB1,0.0,0.0,0.0,0.0,0.0,0.0,0.0
repeat_1_fold_2,ADRB2,0.0,0.0,0.0,0.0,0.0,0.0,0.0
repeat_1_fold_2,ADRB3,0.0,0.0,0.0,0.0,0.0,0.0,0.0
repeat_1_fold_2,ADRM1,0.0,0.0,0.0,0.0,0.0,0.0,0.0
repeat_1_fold_2,ADSL,0.0,0.0,0.0,0.0,0.0,0.0,0.0
repeat_1_fold_2,ADSS2,0.0,0.0,0.0,0.0,0.0,0.0,0.0
repeat_1_fold_2,AFDN,0.0,0.0,0.0,0.0,0.0,0.0,0.0
repeat_1_fold_2,AFF4,0.0,0.0,0.0,0.0,0.0,0.0,0.0
repeat_1_fold_2,AFG3L2,0.0,0.0,0.0,0.0,0.0,0.0,0.0
repeat_1_fold_2,AFP,0.0,0.0,0.0,0.0,0.0,0.0,0.0
repeat_1_fold_2,AGA,0.0,0.0,0.0,0.0,0.0,0.0,0.0
repeat_1_fold_2,AGBL2,0.0,0.0,0.0,0.0,0.0,0.0,0.0
repeat_1_fold_2,AGBL3,0.0,0.0,0.0,0.0,0.0,0.0,0.0
repeat_1_fold_2,AGBL5,0.0,0.0,0.0,0.0,0.0,0.0,0.0
repeat_1_fold_2,AGER,0.0,0.0,0.0,0.0,0.0,0.0,0.0
repeat_1_fold_2,AGFG1,0.0,0.0,0.0,0.0,0.0,0.0,0.0
repeat_1_fold_2,AGGF1,0.0,0.0,0.0,0.0,0.0,0.0,0.0
repeat_1_fold_2,AGK,0.0,0.0,0.0,0.0,0.0,0.0,0.0
repeat_1_fold_2,AGL,0.0,0.0,0.0,0.0,0.0,0.0,0.0
repeat_1_fold_2,AGMAT,0.0,0.0,0.0,0.0,0.0,0.0,0.0
repeat_1_fold_2,AGO1,0.0,0.0,0.0,0.0,0.0,0.0,0.0
repeat_1_fold_2,AGO2,0.0,0.0,0.0,0.0,0.0,0.0,0.0
repeat_1_fold_2,AGO3,0.0,0.0,0.0,0.0,0.0,0.0,0.0
repeat_1_fold_2,AGO4,0.0,0.0,0.0,0.0,0.0,0.0,0.0
repeat_1_fold_2,AGPAT1,0.0,0.0,0.0,0.0,0.0,0.0,0.0
repeat_1_fold_2,AGPAT2,0.0,0.0,0.0,0.0,0.0,0.0,0.0
repeat_1_fold_2,AGPAT3,0.0,0.0,0.0,0.0,0.0,0.0,0.0
repeat_1_fold_2,AGPAT4,0.0,0.0,0.0,0.0,0.0,0.0,0.0
repeat_1_fold_2,AGPAT5,0.0,0.0,0.0,0.0,0.0,0.0,0.0
repeat_1_fold_2,AGPS,0.0,0.0,0.0,0.0,0.0,0.0,0.0
repeat_1_fold_2,AGRN,0.0,0.0,0.0,0.0,0.0,0.0,0.0
repeat_1_fold_2,AGRP,0.0,0.0,0.0,0.0,0.0,0.0,0.0
repeat_1_fold_2,AGT,0.0,0.0,0.0,0.0,0.0,-0.00020678246484698293,0.5
repeat_1_fold_2,AGTPBP1,0.0,0.0,0.0,0.0,0.0,0.0,0.0
repeat_1_fold_2,AGTR1,0.0,0.0,0.0,0.0,0.0,0.0,0.0
repeat_1_fold_2,AGTR2,0.0,0.0,0.0,0.0,0.0,0.0,0.0
repeat_1_fold_2,AGXT,0.0,0.0,0.0,0.0,0.0,0.0,0.0
repeat_1_fold_2,AHCTF1,0.0,0.0,0.0,0.0,0.0,0.0,0.0
repeat_1_fold_2,AHCY,0.0,0.0,0.0,0.0,0.0,0.0,0.0
repeat_1_fold_2,AHCYL1,0.0,0.0,0.0,0.0,0.0,0.0,0.0
repeat_1_fold_2,AHI1,0.0,0.0,0.0,0.0,0.0,0.0,0.0
repeat_1_fold_2,AHR,0.0,0.0,0.0,0.0,0.0,0.0,0.0
repeat_1_fold_2,AHSG,0.0,0.0,0.0,0.0,0.0,0.0,0.0
repeat_1_fold_2,AICDA,0.0,0.0,0.0,0.0,0.0,0.0,0.0
repeat_1_fold_2,AIM2,0.0,0.0,0.0,0.0,0.0,0.0,0.0
repeat_1_fold_2,AIMP1,0.0,0.0,0.0,0.0,0.0,0.0,0.0
repeat_1_fold_2,AIMP2,0.0,0.0,0.0,0.0,0.0,0.0,0.0
repeat_1_fold_2,AIP,0.0,0.0,0.0,0.0,0.0,0.0,0.0
repeat_1_fold_2,AK1,0.0,0.0,0.0,0.0,0.0,0.0,0.0
repeat_1_fold_2,AK2,0.0,0.0,0.0,0.0,0.0,0.0,0.0
repeat_1_fold_2,AK5,0.0,0.0,0.0,0.0,0.0,0.0,0.0
repeat_1_fold_2,AK6,0.0,0.0,0.0,0.0,0.0,-0.0005832037325038675,0.5
repeat_1_fold_2,AKAP1,0.0,0.0,0.0,0.0,0.0,0.0,0.0
repeat_1_fold_2,AKAP10,0.0,0.0,0.0,0.0,0.0,0.0,0.0
repeat_1_fold_2,AKAP12,0.0,0.0,0.0,0.0,0.0,0.0,0.0
repeat_1_fold_2,AKAP8L,0.0,0.0,0.0,0.0,0.0,0.0,0.0
repeat_1_fold_2,AKAP9,0.0,0.0,0.0,0.0,0.0,0.0,0.0
repeat_1_fold_2,AKR1A1,0.0,0.0,0.0,0.0,0.0,0.0,0.0
repeat_1_fold_2,AKR1B1,0.0,0.0,0.0,0.0,0.0,0.0,0.0
repeat_1_fold_2,AKR1B10,0.0,0.0,0.0,0.0,0.0,0.0,0.0
repeat_1_fold_2,AKR1C1,0.03488722965692759,0.041002123126322794,0.020501061563161397,0.01438616809376619,0.5,0.00038880248833594866,0.5
repeat_1_fold_2,AKR1C2,0.0,0.0,0.0,0.0,0.0,0.0,0.0
repeat_1_fold_2,AKR1C3,0.0,0.0,0.0,0.0,0.0,0.0,0.0
repeat_1_fold_2,AKR1C4,0.0,0.0,0.0,0.0,0.0,0.0,0.0
repeat_1_fold_2,AKR1D1,0.0,0.0,0.0,0.0,0.0,0.0,0.0
repeat_1_fold_2,AKR7A2,0.0,0.0,0.0,0.0,0.0,0.0,0.0
repeat_1_fold_2,AKR7A3,0.0,0.0,0.0,0.0,0.0,0.0,0.0
repeat_1_fold_2,AKT1,0.0,0.0,0.0,0.0,0.0,0.0,0.0
repeat_1_fold_2,AKT2,0.0,0.0,0.0,0.0,0.0,0.0,0.0
repeat_1_fold_2,AKT3,0.0,0.0,0.0,0.0,0.0,0.0,0.0
repeat_1_fold_2,ALAD,0.0,0.0,0.0,0.0,0.0,0.0,0.0
repeat_1_fold_2,ALAS1,0.0,0.0,0.0,0.0,0.0,0.0,0.0
repeat_1_fold_2,ALAS2,0.0,0.0,0.0,0.0,0.0,0.0,0.0
repeat_1_fold_2,ALB,0.0,0.0,0.0,0.0,0.0,0.0,0.0
repeat_1_fold_2,ALCAM,0.0,0.0,0.0,0.0,0.0,0.0,0.0
repeat_1_fold_2,ALDH18A1,0.0,0.0,0.0,0.0,0.0,0.0,0.0
repeat_1_fold_2,ALDH1A2,0.0,0.0,0.0,0.0,0.0,0.0,0.0
repeat_1_fold_2,ALDH1B1,0.0,0.0,0.0,0.0,0.0,0.0,0.0
repeat_1_fold_2,ALDH1L1,0.0,0.0,0.0,0.0,0.0,0.0,0.0
repeat_1_fold_2,ALDH2,0.0,0.0,0.0,0.0,0.0,0.0,0.0
repeat_1_fold_2,ALDH3A1,0.0,0.0,0.0,0.0,0.0,0.0,0.0
repeat_1_fold_2,ALDH3A2,0.0,0.0,0.0,0.0,0.0,0.0,0.0
repeat_1_fold_2,ALDH3B1,0.0,0.0,0.0,0.0,0.0,0.0,0.0
repeat_1_fold_2,ALDH3B2,0.0,0.0,0.0,0.0,0.0,0.0,0.0
repeat_1_fold_2,ALDH5A1,0.0,0.0,0.0,0.0,0.0,0.0,0.0
repeat_1_fold_2,ALDH6A1,0.0,0.0,0.0,0.0,0.0,0.0,0.0
repeat_1_fold_2,ALDH7A1,0.0,0.0,0.0,0.0,0.0,0.00019440124416797433,0.5
repeat_1_fold_2,ALDH8A1,0.0,0.0,0.0,0.0,0.0,0.0,0.0
repeat_1_fold_2,ALDH9A1,0.0,0.0,0.0,0.0,0.0,0.0,0.0
repeat_1_fold_2,ALDOA,0.0,0.0,0.0,0.0,0.0,0.0,0.0
repeat_1_fold_2,ALDOB,0.0,0.0,0.0,0.0,0.0,0.0,0.0
repeat_1_fold_2,ALDOC,0.0,0.0,0.0,0.0,0.0,0.0,0.0
repeat_1_fold_2,ALG12,0.0,0.0,0.0,0.0,0.0,0.0,0.0
repeat_1_fold_2,ALG13,0.0,0.0,0.0,0.0,0.0,0.0,0.0
repeat_1_fold_2,ALG3,0.0,0.0,0.0,0.0,0.0,0.0,0.0
repeat_1_fold_2,ALG5,0.0,0.0,0.0,0.0,0.0,0.0,0.0
repeat_1_fold_2,ALG6,0.0,0.0,0.0,0.0,0.0,0.0,0.0
repeat_1_fold_2,ALG8,0.0,0.0,0.0,0.0,0.0,0.0,0.0
repeat_1_fold_2,ALMS1,0.0,0.0,0.0,0.0,0.0,0.0,0.0
repeat_1_fold_2,ALOX12,0.0,0.0,0.0,0.0,0.0,0.0,0.0
repeat_1_fold_2,ALOX12B,0.0,0.0,0.0,0.0,0.0,0.0,0.0
repeat_1_fold_2,ALOX15,0.0,0.0,0.0,0.0,0.0,0.0,0.0
repeat_1_fold_2,ALOX15B,0.0,0.0,0.0,0.0,0.0,0.0,0.0
repeat_1_fold_2,ALOX5,0.0,0.0,0.0,0.0,0.0,0.0,0.0
repeat_1_fold_2,ALOXE3,0.0,0.0,0.0,0.0,0.0,0.0,0.0
repeat_1_fold_2,ALPG,0.0,0.0,0.0,0.0,0.0,0.0,0.0
repeat_1_fold_2,ALPK1,0.0,0.0,0.0,0.0,0.0,0.0,0.0
repeat_1_fold_2,ALPL,-0.05505964183714518,0.16708953202874807,0.08354476601437404,-0.13860440785151923,0.25,-0.001749611197511658,0.5
repeat_1_fold_2,ALPP,0.0,0.0,0.0,0.0,0.0,0.0,0.0
repeat_1_fold_2,ALS2CL,0.0,0.0,0.0,0.0,0.0,0.0,0.0
repeat_1_fold_2,ALX3,0.0,0.0,0.0,0.0,0.0,0.0,0.0
repeat_1_fold_2,AMACR,0.0,0.0,0.0,0.0,0.0,0.0,0.0
repeat_1_fold_2,AMBN,0.0,0.0,0.0,0.0,0.0,0.0,0.0
repeat_1_fold_2,AMBP,0.0,0.0,0.0,0.0,0.0,0.0,0.0
repeat_1_fold_2,AMD1,0.0,0.0,0.0,0.0,0.0,0.0,0.0
repeat_1_fold_2,AMDHD2,0.0,0.0,0.0,0.0,0.0,0.0,0.0
repeat_1_fold_2,AMELX,0.0,0.0,0.0,0.0,0.0,0.0,0.0
repeat_1_fold_2,AMFR,0.0,0.0,0.0,0.0,0.0,0.0,0.0
repeat_1_fold_2,AMH,0.0,0.0,0.0,0.0,0.0,0.0,0.0
repeat_1_fold_2,AMHR2,0.0,0.0,0.0,0.0,0.0,0.0,0.0
repeat_1_fold_2,AMIGO2,0.0,0.0,0.0,0.0,0.0,0.0,0.0
repeat_1_fold_2,AMOTL2,0.0,0.0,0.0,0.0,0.0,0.0,0.0
repeat_1_fold_2,AMPD1,0.0,0.0,0.0,0.0,0.0,0.0,0.0
repeat_1_fold_2,AMPD2,0.0,0.0,0.0,0.0,0.0,0.0,0.0
repeat_1_fold_2,AMPD3,0.0,0.0,0.0,0.0,0.0,0.0,0.0
repeat_1_fold_2,AMPH,0.0,0.0,0.0,0.0,0.0,0.0,0.0
repeat_1_fold_2,AMT,0.0,0.0,0.0,0.0,0.0,0.0,0.0
repeat_1_fold_2,ANAPC1,0.0,0.0,0.0,0.0,0.0,0.0,0.0
repeat_1_fold_2,ANAPC10,0.0,0.0,0.0,0.0,0.0,0.0,0.0
repeat_1_fold_2,ANAPC13,0.0,0.0,0.0,0.0,0.0,0.0,0.0
repeat_1_fold_2,ANAPC15,0.0,0.0,0.0,0.0,0.0,0.0,0.0
repeat_1_fold_2,ANAPC2,0.0,0.0,0.0,0.0,0.0,0.0,0.0
repeat_1_fold_2,ANG,0.0,0.0,0.0,0.0,0.0,0.0,0.0
repeat_1_fold_2,ANGPT1,0.0,0.0,0.0,0.0,0.0,0.0,0.0
repeat_1_fold_2,ANGPT2,0.0,0.0,0.0,0.0,0.0,0.0,0.0
repeat_1_fold_2,ANGPT4,0.0,0.0,0.0,0.0,0.0,0.0,0.0
repeat_1_fold_2,ANGPTL3,0.0,0.0,0.0,0.0,0.0,0.0,0.0
repeat_1_fold_2,ANGPTL4,0.0,0.0,0.0,0.0,0.0,0.0,0.0
repeat_1_fold_2,ANGPTL8,0.0,0.0,0.0,0.0,0.0,0.0,0.0
repeat_1_fold_2,ANK1,0.0,0.0,0.0,0.0,0.0,0.0,0.0
repeat_1_fold_2,ANK2,0.0,0.0,0.0,0.0,0.0,0.0,0.0
repeat_1_fold_2,ANK3,0.0,0.0,0.0,0.0,0.0,0.0,0.0
repeat_1_fold_2,APEH,0.0,0.0,0.0,0.0,0.0,0.0,0.5
repeat_1_fold_2,APOF,0.0,0.0,0.0,0.0,0.0,-0.00020678246484698293,0.5
repeat_1_fold_2,AQP5,0.0,0.0,0.0,0.0,0.0,0.0,0.0
repeat_1_fold_2,ARAP1,0.0,0.0,0.0,0.0,0.0,0.0,0.0
repeat_1_fold_2,ARCN1,0.0,0.0,0.0,0.0,0.0,0.0,0.0
repeat_1_fold_2,ARF6,0.0,0.0,0.0,0.0,0.0,0.0,0.0
repeat_1_fold_2,ARFGEF2,0.0,0.0,0.0,0.0,0.0,0.0,0.0
repeat_1_fold_2,ARHGAP35,0.0,0.0,0.0,0.0,0.0,0.0,0.0
repeat_1_fold_2,ARHGAP8,0.0,0.0,0.0,0.0,0.0,0.0017496111975116857,0.5
repeat_1_fold_2,ARHGEF18,0.0,0.0,0.0,0.0,0.0,0.0,0.0
repeat_1_fold_2,ARHGEF2,0.0,0.0,0.0,0.0,0.0,0.0,0.0
repeat_1_fold_2,ARHGEF6,0.0,0.0,0.0,0.0,0.0,0.0,0.0
repeat_1_fold_2,ARSJ,0.0,0.0,0.0,0.0,0.0,0.0,0.0
repeat_1_fold_2,ASAH1,0.0,0.0,0.0,0.0,0.0,0.0,0.0
repeat_1_fold_2,ASF1A,0.0,0.0,0.0,0.0,0.0,0.0,0.0
repeat_1_fold_2,ASNS,0.0,0.0,0.0,0.0,0.0,0.0,0.0
repeat_1_fold_2,ASS1,0.0,0.0,0.0,0.0,0.0,0.0,0.0
repeat_1_fold_2,ATG4A,0.0,0.0,0.0,0.0,0.0,0.0,0.5
repeat_1_fold_2,ATP1B4,0.0,0.0,0.0,0.0,0.0,-0.00020678246484698293,0.5
repeat_1_fold_2,ATP2B4,0.0,0.0,0.0,0.0,0.0,0.0,0.0
repeat_1_fold_2,ATP5F1C,0.0,0.0,0.0,0.0,0.0,0.0,0.0
repeat_1_fold_2,ATP6V1D,0.0,0.0,0.0,0.0,0.0,0.0,0.0
repeat_1_fold_2,AURKB,0.0,0.0,0.0,0.0,0.0,0.00041356492969396585,0.5
repeat_1_fold_2,B3GALNT1,0.26095253993974943,0.3032638251382793,0.15163191256913966,0.10932062737060977,0.5,0.00010339123242347759,0.5
repeat_1_fold_2,B3GALT4,0.0,0.0,0.0,0.0,0.0,0.0,0.0
repeat_1_fold_2,B4GALT1,0.0,0.0,0.0,0.0,0.0,0.0,0.0
repeat_1_fold_2,B4GAT1,0.0,0.0,0.0,0.0,0.0,-0.0006203473945409488,0.5
repeat_1_fold_2,BAG1,0.0,0.0,0.0,0.0,0.0,0.0,0.0
repeat_1_fold_2,BCAP31,0.0,0.0,0.0,0.0,0.0,0.0,0.0
repeat_1_fold_2,BCAT2,0.0,0.0,0.0,0.0,0.0,0.0,0.0
repeat_1_fold_2,BDH2,-0.04196385652246448,0.0484556877189594,0.0242278438594797,-0.06619170038194419,0.0,-0.00010339123242350534,0.5
repeat_1_fold_2,BGN,0.0,0.0,0.0,0.0,0.0,0.0,0.0
repeat_1_fold_2,BHMT2,0.0,0.0,0.0,0.0,0.0,0.0,0.0
repeat_1_fold_2,BID,0.0,0.0,0.0,0.0,0.0,0.0,0.0
repeat_1_fold_2,BLNK,0.0,0.0,0.0,0.0,0.0,0.0,0.0
repeat_1_fold_2,BMAL2,0.0657126413294602,0.31363075649419575,0.15681537824709788,-0.09110273691763768,0.25,0.0070727321141207805,1.0
repeat_1_fold_2,BMPR2,0.05099736458528703,0.2507086068043191,0.12535430340215956,-0.07435693881687253,0.25,-0.0005832037325038675,0.5
repeat_1_fold_2,BOLA2,0.0,0.0,0.0,0.0,0.0,-0.000777604976671814,1.0
repeat_1_fold_2,BRCA1,0.0,0.0,0.0,0.0,0.0,0.0,0.0
repeat_1_fold_2,BSG,0.0,0.0,0.0,0.0,0.0,0.0,0.0
repeat_1_fold_2,BTBD1,0.0,0.0,0.0,0.0,0.0,0.0,0.0
repeat_1_fold_2,BTRC,0.0,0.0,0.0,0.0,0.0,0.0013440860215053613,0.5
repeat_1_fold_2,BUB1,0.0,0.0,0.0,0.0,0.0,0.0015552099533437391,0.5
repeat_1_fold_2,BYSL,0.10782957283787908,0.21565914567575817,0.10782957283787908,0.0,0.25,2.7755575615628914e-17,0.5
repeat_1_fold_2,C4A,0.530870926413133,0.630745419248249,0.3153727096241245,0.21549821678900855,0.5,0.005248833592535029,0.5
repeat_1_fold_2,C8B,-0.08280483188159238,0.09561478395407813,0.047807391977039065,-0.13061222385863144,0.0,0.000583203732503923,0.5
repeat_1_fold_2,C9orf78,0.1047923781749347,0.121657890654908,0.060828945327454,0.0439634328474807,0.5,0.0021384136858476066,0.5
repeat_1_fold_2,CA6,0.0,0.0,0.0,0.0,0.0,0.0,0.0
repeat_1_fold_2,CACNB4,0.0,0.0,0.0,0.0,0.0,0.0,0.0
repeat_1_fold_2,CALCA,0.0,0.0,0.0,0.0,0.0,-0.0018610421836228463,0.5
repeat_1_fold_2,CBFB,0.0,0.0,0.0,0.0,0.0,0.0,0.0
repeat_1_fold_2,CCK,0.0,0.0,0.0,0.0,0.0,-0.0003101736972704744,0.5
repeat_1_fold_2,CCL21,0.0,0.0,0.0,0.0,0.0,-0.00179913608022772,1.0
repeat_1_fold_2,CCL3,0.0,0.0,0.0,0.0,0.0,0.0,0.0
repeat_1_fold_2,CCND3,0.0,0.0,0.0,0.0,0.0,0.0,0.0
repeat_1_fold_2,CCNG2,0.0,0.0,0.0,0.0,0.0,0.0,0.0
repeat_1_fold_2,CCT4,-0.04418606774637013,0.06934219818288061,0.034671099091440304,-0.07885716683781044,0.0,0.00038880248833594866,0.5
repeat_1_fold_2,CCZ1,0.0,0.0,0.0,0.0,0.0,0.0,0.0
repeat_1_fold_2,CD1A,0.0,0.0,0.0,0.0,0.0,0.0,0.0
repeat_1_fold_2,CD209,0.0,0.0,0.0,0.0,0.0,0.0,0.0
repeat_1_fold_2,CD320,0.0,0.0,0.0,0.0,0.0,0.0,0.0
repeat_1_fold_2,CD38,0.0,0.0,0.0,0.0,0.0,0.0,0.0
repeat_1_fold_2,CD58,0.0,0.0,0.0,0.0,0.0,0.0,0.0
repeat_1_fold_2,CD8A,0.0,0.0,0.0,0.0,0.0,0.0,0.0
repeat_1_fold_2,CDC14A,-0.007714896155896156,0.015429792311792312,0.007714896155896156,-0.015429792311792312,0.0,0.00038880248833594866,0.5
repeat_1_fold_2,CDC6,0.0,0.0,0.0,0.0,0.0,0.0,0.0
repeat_1_fold_2,CDH13,0.0,0.0,0.0,0.0,0.0,0.0,0.0
repeat_1_fold_2,CDK8,0.0,0.0,0.0,0.0,0.0,0.0,0.0
repeat_1_fold_2,CDKN1B,0.0,0.0,0.0,0.0,0.0,0.0,0.0
repeat_1_fold_2,CDON,0.0,0.0,0.0,0.0,0.0,0.0,0.0
repeat_1_fold_2,CDT1,0.0,0.0,0.0,0.0,0.0,0.0,0.0
repeat_1_fold_2,CEACAM1,0.0,0.0,0.0,0.0,0.0,0.0015552099533437391,0.5
repeat_1_fold_2,CEBPD,0.0,0.0,0.0,0.0,0.0,0.0,0.0
repeat_1_fold_2,CEBPG,0.0,0.0,0.0,0.0,0.0,0.0,0.0
repeat_1_fold_2,CEP290,0.0,0.0,0.0,0.0,0.0,0.00010339123242349146,0.5
repeat_1_fold_2,CERS4,0.0,0.0,0.0,0.0,0.0,0.0,0.0
repeat_1_fold_2,CES2,-0.011228373185570462,0.7602515660579157,0.38012578302895783,-0.3913541562145283,0.25,0.004082426127527239,0.5
repeat_1_fold_2,CES3,0.0,0.0,0.0,0.0,0.0,0.0,0.0
repeat_1_fold_2,CHD4,0.0,0.0,0.0,0.0,0.0,0.0008977188967657229,1.0
repeat_1_fold_2,CHKB,0.0,0.0,0.0,0.0,0.0,0.0,0.0
repeat_1_fold_2,CHRNB2,0.0,0.0,0.0,0.0,0.0,0.0,0.0
repeat_1_fold_2,CHRNB4,-0.07294234318094794,0.08422656294168472,0.04211328147084236,-0.11505562465179031,0.0,0.005141100893120143,1.0
repeat_1_fold_2,CHST2,0.0,0.0,0.0,0.0,0.0,0.0,0.0
repeat_1_fold_2,CHST5,0.0,0.0,0.0,0.0,0.0,0.0,0.0
repeat_1_fold_2,CHST8,0.0,0.0,0.0,0.0,0.0,0.0,0.0
repeat_1_fold_2,CKAP5,0.0,0.0,0.0,0.0,0.0,0.0,0.0
repeat_1_fold_2,CKM,0.0,0.0,0.0,0.0,0.0,0.0,0.0
repeat_1_fold_2,CLCN6,0.0,0.0,0.0,0.0,0.0,0.0,0.0
repeat_1_fold_2,CLPS,0.0,0.0,0.0,0.0,0.0,0.0,0.0
repeat_1_fold_2,CLPX,0.0,0.0,0.0,0.0,0.0,0.001550868486352358,0.5
repeat_1_fold_2,CLUAP1,0.0,0.0,0.0,0.0,0.0,0.0,0.0
repeat_1_fold_2,CMA1,0.0,0.0,0.0,0.0,0.0,0.0,0.0
repeat_1_fold_2,CNOT2,0.0,0.0,0.0,0.0,0.0,0.0,0.0
repeat_1_fold_2,CNOT4,0.0,0.0,0.0,0.0,0.0,0.0,0.0
repeat_1_fold_2,CNOT9,0.0,0.0,0.0,0.0,0.0,0.0,0.0
repeat_1_fold_2,CNTN5,0.0,0.0,0.0,0.0,0.0,0.0,0.0
repeat_1_fold_2,CNTN6,-0.04196385652246448,0.0484556877189594,0.0242278438594797,-0.06619170038194419,0.0,-0.001964433416046324,0.5
repeat_1_fold_2,CNTNAP1,0.0,0.0,0.0,0.0,0.0,0.0,0.0
repeat_1_fold_2,CNTRL,-0.07711944282453231,0.2356758502576283,0.11783792512881415,-0.19495736795334645,0.25,0.00026064881455441224,1.0
repeat_1_fold_2,COG7,0.0,0.0,0.0,0.0,0.0,0.0,0.0
repeat_1_fold_2,COL4A4,0.0,0.0,0.0,0.0,0.0,0.0,0.0
repeat_1_fold_2,COL4A5,0.0,0.0,0.0,0.0,0.0,0.0,0.0
repeat_1_fold_2,COL6A1,0.0,0.0,0.0,0.0,0.0,0.0,0.0
repeat_1_fold_2,COL7A1,0.0,0.0,0.0,0.0,0.0,0.0,0.0
repeat_1_fold_2,COL8A2,0.0,0.0,0.0,0.0,0.0,0.0,0.0
repeat_1_fold_2,COMMD3,0.0,0.0,0.0,0.0,0.0,0.0,0.0
repeat_1_fold_2,COMT,-0.02098192826123224,0.04196385652246448,0.02098192826123224,-0.04196385652246448,0.0,-0.0014474772539288666,0.5
repeat_1_fold_2,COPZ1,0.0,0.0,0.0,0.0,0.0,0.0,0.0
repeat_1_fold_2,COQ6,0.0,0.0,0.0,0.0,0.0,0.0,0.0
repeat_1_fold_2,CORT,0.0,0.0,0.0,0.0,0.0,0.0,0.0
repeat_1_fold_2,COX17,0.0,0.0,0.0,0.0,0.0,0.0,0.0
repeat_1_fold_2,COX5B,0.0,0.0,0.0,0.0,0.0,0.0,0.0
repeat_1_fold_2,COX6A1,0.0,0.0,0.0,0.0,0.0,0.0,0.0
repeat_1_fold_2,CPSF6,0.0,0.0,0.0,0.0,0.0,0.0,0.0
repeat_1_fold_2,CRAT,0.0,0.0,0.0,0.0,0.0,0.0,0.0
repeat_1_fold_2,CREB3L2,0.0,0.0,0.0,0.0,0.0,0.0,0.0
repeat_1_fold_2,CRK,0.0,0.0,0.0,0.0,0.0,0.0,0.0
repeat_1_fold_2,CRMP1,0.0,0.0,0.0,0.0,0.0,0.0,0.0
repeat_1_fold_2,CROT,0.0,0.0,0.0,0.0,0.0,0.00010339123242349146,0.5
repeat_1_fold_2,CRYM,0.0,0.0,0.0,0.0,0.0,0.0,0.0
repeat_1_fold_2,CSTF3,0.0,0.0,0.0,0.0,0.0,0.0,0.0
repeat_1_fold_2,CTDSP2,0.0,0.0,0.0,0.0,0.0,0.0,0.0
repeat_1_fold_2,CTNNA2,0.0,0.0,0.0,0.0,0.0,0.0,0.0
repeat_1_fold_2,CTNNBL1,0.0,0.0,0.0,0.0,0.0,0.0,0.0
repeat_1_fold_2,CTSF,0.0,0.0,0.0,0.0,0.0,0.0,0.0
repeat_1_fold_2,CXADR,0.0,0.0,0.0,0.0,0.0,0.0,0.0
repeat_1_fold_2,CXCL3,0.0,0.0,0.0,0.0,0.0,0.0,0.0
repeat_1_fold_2,CXCR3,0.0,0.0,0.0,0.0,0.0,0.0,0.0
repeat_1_fold_2,CYB5A,0.0,0.0,0.0,0.0,0.0,-0.0007237386269644402,0.5
repeat_1_fold_2,CYB5R1,-0.02440360217143045,0.108194160714285,0.0540970803571425,-0.07850068252857295,0.25,0.000583203732503923,0.5
repeat_1_fold_2,CYP17A1,0.0,0.0,0.0,0.0,0.0,-0.004305288099749532,1.0
repeat_1_fold_2,CYP1B1,0.0,0.0,0.0,0.0,0.0,0.0,0.0
repeat_1_fold_2,CYP24A1,0.0,0.0,0.0,0.0,0.0,0.0,0.0
repeat_1_fold_2,CYP27B1,0.0,0.0,0.0,0.0,0.0,0.0,0.0
repeat_1_fold_2,CYP2R1,0.0,0.0,0.0,0.0,0.0,0.0008147486387089092,1.0
repeat_1_fold_2,CYP2W1,0.0,0.0,0.0,0.0,0.0,0.0,0.0
repeat_1_fold_2,CYP4F3,0.0,0.0,0.0,0.0,0.0,0.0,0.0
repeat_1_fold_2,CYP51A1,0.0,0.0,0.0,0.0,0.0,0.0,0.0
repeat_1_fold_2,DARS1,0.0562536371654172,0.1125072743308344,0.0562536371654172,0.0,0.25,-0.00019440124416794657,0.5
repeat_1_fold_2,DBF4,-0.2315428910523618,0.46308578210472356,0.23154289105236178,-0.4630857821047236,0.0,-0.0007237386269644402,0.5
repeat_1_fold_2,DBP,0.0,0.0,0.0,0.0,0.0,0.0,0.0
repeat_1_fold_2,DBT,0.0,0.0,0.0,0.0,0.0,0.0,0.0
repeat_1_fold_2,DCAF1,0.0,0.0,0.0,0.0,0.0,0.0,0.0
repeat_1_fold_2,DCAF10,0.0,0.0,0.0,0.0,0.0,0.0,0.0
repeat_1_fold_2,DCAF17,0.0,0.0,0.0,0.0,0.0,0.0,0.0
repeat_1_fold_2,DCAF6,0.0,0.0,0.0,0.0,0.0,0.0,0.0
repeat_1_fold_2,DCT,0.0,0.0,0.0,0.0,0.0,0.0,0.0
repeat_1_fold_2,DCTN5,0.0,0.0,0.0,0.0,0.0,0.0,0.0
repeat_1_fold_2,DDX17,0.0,0.0,0.0,0.0,0.0,0.0,0.5
repeat_1_fold_2,DENND1A,0.0,0.0,0.0,0.0,0.0,0.0,0.0
repeat_1_fold_2,DENND2B,0.0,0.0,0.0,0.0,0.0,0.00020678246484698293,0.5
repeat_1_fold_2,DGKH,0.0,0.0,0.0,0.0,0.0,0.0,0.0
repeat_1_fold_2,DHODH,0.0,0.0,0.0,0.0,0.0,0.0,0.0
repeat_1_fold_2,DIAPH2,0.0,0.0,0.0,0.0,0.0,-0.0006203473945409488,0.5
repeat_1_fold_2,DKC1,0.0,0.0,0.0,0.0,0.0,0.0,0.0
repeat_1_fold_2,DLC1,0.0,0.0,0.0,0.0,0.0,0.0,0.0
repeat_1_fold_2,DLGAP5,0.0,0.0,0.0,0.0,0.0,0.0,0.0
repeat_1_fold_2,DLX5,0.047249114576137785,0.1197204168461838,0.0598602084230919,-0.012611093846954115,0.25,0.00019440124416797433,0.5
repeat_1_fold_2,DMP1,-0.02098192826123224,0.04196385652246448,0.02098192826123224,-0.04196385652246448,0.0,-0.002688172043010764,0.5
repeat_1_fold_2,DMRT1,-0.015429792311792312,0.01781678948950662,0.00890839474475331,-0.02433818705654562,0.0,-4.1485129028379086e-05,1.0
repeat_1_fold_2,DNAJC10,0.0,0.0,0.0,0.0,0.0,0.0,0.0
repeat_1_fold_2,DNAJC7,-0.015429792311792312,0.01781678948950662,0.00890839474475331,-0.02433818705654562,0.0,-0.0013608087091757093,0.5
repeat_1_fold_2,DNMBP,0.0,0.0,0.0,0.0,0.0,0.0,0.0
repeat_1_fold_2,DNMT1,0.0,0.0,0.0,0.0,0.0,-1.3877787807814457e-17,0.5
repeat_1_fold_2,DOCK10,0.0,0.0,0.0,0.0,0.0,0.0,0.0
repeat_1_fold_2,DOCK6,0.0,0.0,0.0,0.0,0.0,0.0,0.0
repeat_1_fold_2,DPP4,0.5025583317825006,0.6775419627571904,0.3387709813785952,0.16378735040390546,0.5,0.0035444058107480525,1.0
repeat_1_fold_2,DRG2,0.0,0.0,0.0,0.0,0.0,0.0,0.0
repeat_1_fold_2,DSC2,0.0,0.0,0.0,0.0,0.0,0.0,0.0
repeat_1_fold_2,DSCC1,0.0,0.0,0.0,0.0,0.0,0.0,0.0
repeat_1_fold_2,DSG2,0.0,0.0,0.0,0.0,0.0,0.0,0.0
repeat_1_fold_2,DTL,0.0,0.0,0.0,0.0,0.0,0.0,0.0
repeat_1_fold_2,DTYMK,0.0562536371654172,0.1125072743308344,0.0562536371654172,0.0,0.25,-0.00038880248833589315,0.5
repeat_1_fold_2,DUSP1,0.0,0.0,0.0,0.0,0.0,0.0,0.0
repeat_1_fold_2,DUSP7,0.0,0.0,0.0,0.0,0.0,0.0,0.0
repeat_1_fold_2,DYNC1I1,-0.04564130077283757,0.25002887390087064,0.12501443695043532,-0.1706557377232729,0.25,0.0025272161741835275,0.5
repeat_1_fold_2,DYNC1LI1,0.0,0.0,0.0,0.0,0.0,0.0,0.0
repeat_1_fold_2,DYNLRB1,0.0,0.0,0.0,0.0,0.0,0.0,0.0
repeat_1_fold_2,ECH1,0.0,0.0,0.0,0.0,0.0,0.0,0.0
repeat_1_fold_2,EFEMP2,0.1125072743308344,0.12991221024139663,0.06495610512069831,0.04755116921013609,0.5,-0.0011664074650077627,0.5
repeat_1_fold_2,EGLN1,0.0,0.0,0.0,0.0,0.0,0.0,0.0
repeat_1_fold_2,EGR1,-0.14184212085258174,0.18560627114664335,0.09280313557332168,-0.23464525642590342,0.0,0.00019440124416800209,0.5
repeat_1_fold_2,EGR4,0.0,0.0,0.0,0.0,0.0,0.0,0.0
repeat_1_fold_2,EIF2S2,0.0,0.0,0.0,0.0,0.0,0.0,0.5
repeat_1_fold_2,EIF3F,0.0,0.0,0.0,0.0,0.0,0.0,0.0
repeat_1_fold_2,EIF3G,0.0,0.0,0.0,0.0,0.0,0.0,0.0
repeat_1_fold_2,EIF4EBP1,0.0,0.0,0.0,0.0,0.0,0.0,0.0
repeat_1_fold_2,EIF5A2,-0.02098192826123224,0.04196385652246448,0.02098192826123224,-0.04196385652246448,0.0,0.0,0.5
repeat_1_fold_2,ELAVL1,0.0,0.0,0.0,0.0,0.0,0.0,0.0
repeat_1_fold_2,ELL,-0.24721307011468951,0.2916038288497929,0.14580191442489646,-0.39301498453958594,0.0,-0.0009720062208397884,0.5
repeat_1_fold_2,ELOVL2,0.0,0.0,0.0,0.0,0.0,0.0,0.0
repeat_1_fold_2,EMC3,0.0,0.0,0.0,0.0,0.0,0.0,0.0
repeat_1_fold_2,ENPP1,0.0,0.0,0.0,0.0,0.0,0.0,0.0
repeat_1_fold_2,EPO,0.0,0.0,0.0,0.0,0.0,0.0,0.0
repeat_1_fold_2,EPX,0.3694623730752653,0.8749771837682206,0.4374885918841103,-0.06802621880884502,0.25,-0.008374689826302725,0.5
repeat_1_fold_2,ERBIN,0.0,0.0,0.0,0.0,0.0,0.0,0.0
repeat_1_fold_2,ERCC1,-0.10709835320259131,0.20011851191105512,0.10005925595552756,-0.20715760915811887,0.0,0.0015552099533437391,0.5
repeat_1_fold_2,ERCC5,-0.02098192826123224,0.04196385652246448,0.02098192826123224,-0.04196385652246448,0.0,0.001757650951199341,0.5
repeat_1_fold_2,ERCC8,0.015104764081989686,0.14483434257898484,0.07241717128949242,-0.05731240720750273,0.25,0.004665629860031106,0.5
repeat_1_fold_2,ESR1,0.0,0.0,0.0,0.0,0.0,0.0,0.0
repeat_1_fold_2,ESRP1,-0.03530472564472298,0.05397525744593821,0.026987628722969104,-0.06229235436769208,0.0,-0.0008271298593879317,0.5
repeat_1_fold_2,ETNK1,-0.02098192826123224,0.04196385652246448,0.02098192826123224,-0.04196385652246448,0.0,0.0017576509511993271,0.5
repeat_1_fold_2,ETV4,0.0,0.0,0.0,0.0,0.0,0.0,0.0
repeat_1_fold_2,EXOSC4,0.0,0.0,0.0,0.0,0.0,0.0,0.0
repeat_1_fold_2,EYA1,0.0,0.0,0.0,0.0,0.0,-0.0011664074650077627,0.5
repeat_1_fold_2,F11R,0.0,0.0,0.0,0.0,0.0,0.0,0.0
repeat_1_fold_2,F2RL2,0.0,0.0,0.0,0.0,0.0,0.00038880248833594866,0.5
repeat_1_fold_2,F2RL3,0.0,0.0,0.0,0.0,0.0,0.0,0.0
repeat_1_fold_2,F3,0.0,0.0,0.0,0.0,0.0,0.0,0.0
repeat_1_fold_2,FADS1,0.0,0.0,0.0,0.0,0.0,-0.00041356492969396585,0.5
repeat_1_fold_2,FAM169A,0.0,0.0,0.0,0.0,0.0,0.0,0.0
repeat_1_fold_2,FAM32A,0.0,0.0,0.0,0.0,0.0,0.0,0.0
repeat_1_fold_2,FAN1,0.0,0.0,0.0,0.0,0.0,0.0,0.0
repeat_1_fold_2,FBN1,-0.04196385652246448,0.0484556877189594,0.0242278438594797,-0.06619170038194419,0.0,0.0008271298593879178,0.5
repeat_1_fold_2,FCN3,0.0,0.0,0.0,0.0,0.0,0.0,0.0
repeat_1_fold_2,FGG,0.0,0.0,0.0,0.0,0.0,0.00020678246484696905,0.5
repeat_1_fold_2,FIP1L1,0.0,0.0,0.0,0.0,0.0,0.0,0.0
repeat_1_fold_2,FKBP1A,0.0,0.0,0.0,0.0,0.0,0.0,0.0
repeat_1_fold_2,FKBP4,0.0,0.0,0.0,0.0,0.0,-0.0010215311035558783,1.0
repeat_1_fold_2,FKBPL,0.0,0.0,0.0,0.0,0.0,0.0,0.0
repeat_1_fold_2,FKRP,0.0,0.0,0.0,0.0,0.0,0.0,0.0
repeat_1_fold_2,FLG,0.0,0.0,0.0,0.0,0.0,0.0,0.0
repeat_1_fold_2,FLRT3,0.0,0.0,0.0,0.0,0.0,0.0,0.0
repeat_1_fold_2,FN3K,-0.028696824417128397,0.03959016735496384,0.01979508367748192,-0.04849190809461032,0.0,0.00041356492969397973,1.0
repeat_1_fold_2,FOSB,0.0,0.0,0.0,0.0,0.0,0.0,0.0
repeat_1_fold_2,FOXO1,0.0,0.0,0.0,0.0,0.0,0.0,0.0
repeat_1_fold_2,FOXO4,0.0,0.0,0.0,0.0,0.0,0.0,0.0
repeat_1_fold_2,FTSJ3,0.0,0.0,0.0,0.0,0.0,0.0,0.0
repeat_1_fold_2,FUT6,0.0,0.0,0.0,0.0,0.0,0.0,0.0
repeat_1_fold_2,FUT7,0.0,0.0,0.0,0.0,0.0,-0.00020678246484698293,0.5
repeat_1_fold_2,FXR1,-0.13905846904700603,0.1849908149156714,0.0924954074578357,-0.23155387650484172,0.0,0.0024937707988428037,1.0
repeat_1_fold_2,FXYD2,0.0,0.0,0.0,0.0,0.0,0.0,0.0
repeat_1_fold_2,FZD10,0.0,0.0,0.0,0.0,0.0,0.0,0.0
repeat_1_fold_2,GABBR2,0.0,0.0,0.0,0.0,0.0,0.0,0.0
repeat_1_fold_2,GADD45GIP1,0.0,0.0,0.0,0.0,0.0,0.0,0.0
repeat_1_fold_2,GALNT12,0.0,0.0,0.0,0.0,0.0,0.0,0.0
repeat_1_fold_2,GALNT7,0.0,0.0,0.0,0.0,0.0,0.0,0.0
repeat_1_fold_2,GCFC2,-0.015429792311792312,0.01781678948950662,0.00890839474475331,-0.02433818705654562,0.0,0.0025272161741835275,0.5
repeat_1_fold_2,GCK,0.0,0.0,0.0,0.0,0.0,0.0,0.0
repeat_1_fold_2,GCLC,0.0,0.0,0.0,0.0,0.0,0.0,0.0
repeat_1_fold_2,GDI1,0.0,0.0,0.0,0.0,0.0,0.0,0.0
repeat_1_fold_2,GEMIN7,0.0,0.0,0.0,0.0,0.0,0.0,0.0
repeat_1_fold_2,GFRA2,0.0,0.0,0.0,0.0,0.0,0.0,0.0
repeat_1_fold_2,GINS3,0.048538741009517494,0.097077482019035,0.0485387410095175,-6.938893903907228e-18,0.25,0.0015552099533437114,0.5
repeat_1_fold_2,GJA8,-0.04196385652246448,0.0484556877189594,0.0242278438594797,-0.06619170038194419,0.0,0.0013440860215053752,0.5
repeat_1_fold_2,GLRA1,0.0,0.0,0.0,0.0,0.0,0.0,0.0
repeat_1_fold_2,GLUL,0.0,0.0,0.0,0.0,0.0,0.0,0.0
repeat_1_fold_2,GOLGA3,0.0,0.0,0.0,0.0,0.0,0.0,0.0
repeat_1_fold_2,GP1BB,0.0,0.0,0.0,0.0,0.0,0.0,0.0
repeat_1_fold_2,GPC3,0.0,0.0,0.0,0.0,0.0,0.0,0.0
repeat_1_fold_2,GPC4,0.0,0.0,0.0,0.0,0.0,0.0,0.0
repeat_1_fold_2,GPKOW,-0.03647117159047397,0.07294234318094794,0.03647117159047397,-0.07294234318094794,0.0,0.0005832037325038952,0.5
repeat_1_fold_2,GPR32,-0.015429792311792312,0.01781678948950662,0.00890839474475331,-0.02433818705654562,0.0,0.0007237386269644264,1.0
repeat_1_fold_2,GPR39,0.0,0.0,0.0,0.0,0.0,0.0,0.0
repeat_1_fold_2,GPX4,0.0,0.0,0.0,0.0,0.0,0.004892833299244795,1.0
repeat_1_fold_2,GRB10,0.0,0.0,0.0,0.0,0.0,0.0,0.0
repeat_1_fold_2,GRB2,0.0,0.0,0.0,0.0,0.0,0.0,0.0
repeat_1_fold_2,GRHPR,0.0,0.0,0.0,0.0,0.0,0.0,0.0
repeat_1_fold_2,GSDME,0.0,0.0,0.0,0.0,0.0,0.0,0.0
repeat_1_fold_2,GSPT1,0.0,0.0,0.0,0.0,0.0,-0.0003101736972704744,0.5
repeat_1_fold_2,GSPT2,0.0,0.0,0.0,0.0,0.0,-0.0008271298593879317,0.5
repeat_1_fold_2,GSR,0.0,0.0,0.0,0.0,0.0,0.0,0.0
repeat_1_fold_2,GSTA4,0.0,0.0,0.0,0.0,0.0,0.0004798125000804315,1.0
repeat_1_fold_2,GTF2E2,0.0,0.0,0.0,0.0,0.0,0.0,0.0
repeat_1_fold_2,GTF2H1,0.0,0.0,0.0,0.0,0.0,0.0,0.0
repeat_1_fold_2,GUCA1B,0.0,0.0,0.0,0.0,0.0,0.0,0.0
repeat_1_fold_2,GUK1,0.0,0.0,0.0,0.0,0.0,0.0,0.0
repeat_1_fold_2,GYG2,0.0,0.0,0.0,0.0,0.0,0.0,0.0
repeat_1_fold_2,GZMM,0.0,0.0,0.0,0.0,0.0,0.0,0.0
repeat_1_fold_2,H2AC11,-0.02098192826123224,0.04196385652246448,0.02098192826123224,-0.04196385652246448,0.0,-0.0020925870898278187,1.0
repeat_1_fold_2,H2AC14,0.0,0.0,0.0,0.0,0.0,0.0,0.0
repeat_1_fold_2,H3C11,0.0,0.0,0.0,0.0,0.0,0.0,0.0
repeat_1_fold_2,H3C6,-0.02098192826123224,0.04196385652246448,0.02098192826123224,-0.04196385652246448,0.0,0.0005169561621174573,0.5
repeat_1_fold_2,HACD2,0.0,0.0,0.0,0.0,0.0,0.0,0.0
repeat_1_fold_2,HAPLN1,0.16685244401826616,0.327199837926196,0.163599918963098,0.003252525055168154,0.5,-0.004032258064516139,0.5
repeat_1_fold_2,HAS2,0.0,0.0,0.0,0.0,0.0,0.0,0.0
repeat_1_fold_2,HAUS6,0.0,0.0,0.0,0.0,0.0,0.0,0.0
repeat_1_fold_2,HCFC1,-0.0855884836871681,0.0989335532878373,0.04946677664391865,-0.13505526033108675,0.0,0.0009720062208398439,0.5
repeat_1_fold_2,HDC,0.0,0.0,0.0,0.0,0.0,-0.00020678246484698293,0.5
repeat_1_fold_2,HERPUD1,0.0,0.0,0.0,0.0,0.0,0.0,0.0
repeat_1_fold_2,HJURP,0.048538741009517494,0.097077482019035,0.0485387410095175,-6.938893903907228e-18,0.25,0.00019440124416797433,0.5
repeat_1_fold_2,HLA-DOB,0.10782957283788086,0.12474495880750298,0.06237247940375149,0.04545709343412937,0.5,0.00019440124416800209,0.5
repeat_1_fold_2,HMG20B,0.0,0.0,0.0,0.0,0.0,0.0,0.0
repeat_1_fold_2,HMOX1,0.0,0.0,0.0,0.0,0.0,0.0,0.0
repeat_1_fold_2,HNF4G,0.0,0.0,0.0,0.0,0.0,0.0,0.0
repeat_1_fold_2,HNRNPA3,0.0,0.0,0.0,0.0,0.0,0.0,0.0
repeat_1_fold_2,HNRNPR,-0.015429792311792312,0.01781678948950662,0.00890839474475331,-0.02433818705654562,0.0,0.00038880248833594866,0.5
repeat_1_fold_2,HS3ST1,0.0,0.0,0.0,0.0,0.0,0.0,0.0
repeat_1_fold_2,HSPA1L,0.09707748201903499,0.11209542075188181,0.056047710375940904,0.041029771643094085,0.5,0.000583203732503923,0.5
repeat_1_fold_2,HSPA6,0.0,0.0,0.0,0.0,0.0,0.0,0.0
repeat_1_fold_2,HSPE1,-0.02098192826123224,0.04196385652246448,0.02098192826123224,-0.04196385652246448,0.0,-0.002688172043010764,0.5
repeat_1_fold_2,HTR4,0.0,0.0,0.0,0.0,0.0,0.0,0.0
repeat_1_fold_2,ICAM3,0.0,0.0,0.0,0.0,0.0,0.0,0.0
repeat_1_fold_2,ICAM4,0.0,0.0,0.0,0.0,0.0,0.0,0.0
repeat_1_fold_2,ICAM5,0.0,0.0,0.0,0.0,0.0,-0.00020678246484698293,0.5
repeat_1_fold_2,IFIT5,0.0,0.0,0.0,0.0,0.0,0.0,0.0
repeat_1_fold_2,IFT74,0.0,0.0,0.0,0.0,0.0,0.0,0.0
repeat_1_fold_2,IGF2R,0.0,0.0,0.0,0.0,0.0,0.0,0.0
repeat_1_fold_2,IGLV2-14,0.0,0.0,0.0,0.0,0.0,0.0007776049766718696,0.5
repeat_1_fold_2,IKZF1,0.0,0.0,0.0,0.0,0.0,0.0,0.0
repeat_1_fold_2,IL18R1,0.0,0.0,0.0,0.0,0.0,0.0,0.0
repeat_1_fold_2,IL4,-0.04196385652246448,0.0484556877189594,0.0242278438594797,-0.06619170038194419,0.0,-0.0010339123242349146,0.5
repeat_1_fold_2,IL5,0.0,0.0,0.0,0.0,0.0,0.0,0.0
repeat_1_fold_2,IL7,0.0,0.0,0.0,0.0,0.0,0.0,0.0
repeat_1_fold_2,IL9,-0.09893159972498111,0.11423637146515629,0.057118185732578146,-0.15604978545755926,0.0,-0.0020678246484698154,0.5
repeat_1_fold_2,INTS3,0.141634140917823,0.18358775491334936,0.09179387745667468,0.049840263461148324,0.5,-0.0023328149300155254,1.0
repeat_1_fold_2,IP6K2,0.0,0.0,0.0,0.0,0.0,0.0,0.0
repeat_1_fold_2,IRAG2,-0.09765605310620984,0.19531210621241968,0.09765605310620984,-0.19531210621241968,0.0,0.00041356492969397973,1.0
repeat_1_fold_2,IRAK3,0.05157593567246366,0.10315187134492732,0.05157593567246366,0.0,0.25,-0.0011664074650077627,0.5
repeat_1_fold_2,IRF3,0.0,0.0,0.0,0.0,0.0,0.0,0.0
repeat_1_fold_2,IRF6,0.0,0.0,0.0,0.0,0.0,0.0,0.0
repeat_1_fold_2,IST1,0.0,0.0,0.0,0.0,0.0,-0.0009720062208397884,0.5
repeat_1_fold_2,JAK2,0.0,0.0,0.0,0.0,0.0,-0.001344086021505389,0.5
repeat_1_fold_2,KCNA10,0.0,0.0,0.0,0.0,0.0,0.0,0.0
repeat_1_fold_2,KCNE4,0.0,0.0,0.0,0.0,0.0,0.0,0.0
repeat_1_fold_2,KCNJ15,0.0,0.0,0.0,0.0,0.0,0.0,0.0
repeat_1_fold_2,KCNK10,-0.1777308592957869,0.22082959984783085,0.11041479992391542,-0.28814565921970237,0.0,-0.0015552099533436836,0.5
repeat_1_fold_2,KCNK5,-0.03825143284675114,0.2602544456257733,0.13012722281288666,-0.1683786556596378,0.25,0.005443234836702948,0.5
repeat_1_fold_2,KCNS3,0.0,0.0,0.0,0.0,0.0,0.0,0.0
repeat_1_fold_2,KDM2A,0.0,0.0,0.0,0.0,0.0,0.0,0.0
repeat_1_fold_2,KDM5D,0.0,0.0,0.0,0.0,0.0,0.0,0.0
repeat_1_fold_2,KDM6A,0.0,0.0,0.0,0.0,0.0,0.0,0.0
repeat_1_fold_2,KDM8,0.0,0.0,0.0,0.0,0.0,0.0,0.0
repeat_1_fold_2,KIDINS220,0.0,0.0,0.0,0.0,0.0,0.00019440124416800209,0.5
repeat_1_fold_2,KIF17,0.0,0.0,0.0,0.0,0.0,0.0,0.0
repeat_1_fold_2,KIF18A,0.0,0.0,0.0,0.0,0.0,0.0,0.0
repeat_1_fold_2,KIF23,0.0,0.0,0.0,0.0,0.0,0.0,0.0
repeat_1_fold_2,KIF5B,0.0,0.0,0.0,0.0,0.0,0.0,0.0
repeat_1_fold_2,KLHDC3,0.0,0.0,0.0,0.0,0.0,0.0,0.0
repeat_1_fold_2,KLHL20,0.0,0.0,0.0,0.0,0.0,0.0,0.0
repeat_1_fold_2,KLHL21,0.0,0.0,0.0,0.0,0.0,-0.00038880248833589315,0.5
repeat_1_fold_2,KLHL5,0.0,0.0,0.0,0.0,0.0,0.0,0.0
repeat_1_fold_2,KLK1,0.0,0.0,0.0,0.0,0.0,0.0,0.0
repeat_1_fold_2,KLK12,0.0,0.0,0.0,0.0,0.0,0.0,0.0
repeat_1_fold_2,KLRB1,-0.016688706015532517,0.09386128983522644,0.04693064491761322,-0.06361935093314575,0.25,0.0007776049766718696,0.5
repeat_1_fold_2,KPNA6,0.0,0.0,0.0,0.0,0.0,0.0,0.0
repeat_1_fold_2,KRT14,0.0,0.0,0.0,0.0,0.0,0.0,0.0
repeat_1_fold_2,KRT32,0.0,0.0,0.0,0.0,0.0,0.0,0.0
repeat_1_fold_2,KRT35,0.0,0.0,0.0,0.0,0.0,-0.0020678246484698154,0.5
repeat_1_fold_2,KRT38,0.0,0.0,0.0,0.0,0.0,0.0,0.0
repeat_1_fold_2,KRT4,0.0,0.0,0.0,0.0,0.0,0.0,0.0
repeat_1_fold_2,KRTAP2-1,0.0,0.0,0.0,0.0,0.0,0.0,0.0
repeat_1_fold_2,KRTAP5-8,0.0562536371654172,0.1125072743308344,0.0562536371654172,0.0,0.25,-0.00019440124416794657,0.5
repeat_1_fold_2,KYNU,-0.07294234318094794,0.08422656294168472,0.04211328147084236,-0.11505562465179031,0.0,-0.0004259461503729467,1.0
repeat_1_fold_2,L1CAM,0.0,0.0,0.0,0.0,0.0,0.00041356492969396585,0.5
repeat_1_fold_2,LAMA1,0.0,0.0,0.0,0.0,0.0,0.0,0.0
repeat_1_fold_2,LAMB1,0.0,0.0,0.0,0.0,0.0,0.0,0.0
repeat_1_fold_2,LAMP1,0.0,0.0,0.0,0.0,0.0,0.0,0.0
repeat_1_fold_2,LAMTOR2,0.048538741009517494,0.097077482019035,0.0485387410095175,-6.938893903907228e-18,0.25,0.00029779247659149355,1.0
repeat_1_fold_2,LAMTOR3,0.0,0.0,0.0,0.0,0.0,-0.0012406947890818976,0.5
repeat_1_fold_2,LAMTOR5,0.0,0.0,0.0,0.0,0.0,0.0,0.0
repeat_1_fold_2,LARGE1,-0.04196385652246448,0.0484556877189594,0.0242278438594797,-0.06619170038194419,0.0,-0.002485731045155107,1.0
repeat_1_fold_2,LCP2,0.0,0.0,0.0,0.0,0.0,0.0,0.0
repeat_1_fold_2,LDHA,0.0,0.0,0.0,0.0,0.0,0.0,0.0
repeat_1_fold_2,LEMD3,0.0,0.0,0.0,0.0,0.0,0.0003101736972704744,0.5
repeat_1_fold_2,LHX2,0.0,0.0,0.0,0.0,0.0,0.0,0.0
repeat_1_fold_2,LIF,0.0,0.0,0.0,0.0,0.0,0.0,0.0
repeat_1_fold_2,LILRA1,0.0,0.0,0.0,0.0,0.0,0.0,0.0
repeat_1_fold_2,LILRB4,0.0,0.0,0.0,0.0,0.0,0.0,0.0
repeat_1_fold_2,LIMS2,-0.02098192826123224,0.04196385652246448,0.02098192826123224,-0.04196385652246448,0.0,-0.00010339123242349146,0.5
repeat_1_fold_2,LMF2,0.09707748201903499,0.11209542075188181,0.056047710375940904,0.041029771643094085,0.5,0.002672092535635412,1.0
repeat_1_fold_2,LMO7,0.0,0.0,0.0,0.0,0.0,0.0,0.0
repeat_1_fold_2,LPCAT4,0.0,0.0,0.0,0.0,0.0,0.0,0.0
repeat_1_fold_2,LPIN1,0.0,0.0,0.0,0.0,0.0,0.0,0.0
repeat_1_fold_2,LRRC1,0.0,0.0,0.0,0.0,0.0,0.0,0.0
repeat_1_fold_2,LRRTM2,0.0,0.0,0.0,0.0,0.0,0.0,0.0
repeat_1_fold_2,LRRTM4,0.0,0.0,0.0,0.0,0.0,0.0,0.0
repeat_1_fold_2,LSM6,0.0,0.0,0.0,0.0,0.0,0.0,0.0
repeat_1_fold_2,LTBP3,-0.05803076181775779,0.17288689130495047,0.08644344565247523,-0.14447420747023304,0.25,0.000558441291145878,1.0
repeat_1_fold_2,LZTFL1,0.0,0.0,0.0,0.0,0.0,0.0,0.0
repeat_1_fold_2,MAML1,0.0,0.0,0.0,0.0,0.0,0.0,0.0
repeat_1_fold_2,MAN2A1,0.0,0.0,0.0,0.0,0.0,0.0,0.0
repeat_1_fold_2,MAN2A2,0.0,0.0,0.0,0.0,0.0,0.0,0.0
repeat_1_fold_2,MAP3K7,0.0,0.0,0.0,0.0,0.0,0.0,0.0
repeat_1_fold_2,MARK3,0.10315187134492732,0.11910952137681487,0.059554760688407433,0.04359711065651988,0.5,0.002663409601652733,1.0
repeat_1_fold_2,MAT2A,0.0,0.0,0.0,0.0,0.0,0.0,0.0
repeat_1_fold_2,MCHR1,0.0,0.0,0.0,0.0,0.0,0.0,0.0
repeat_1_fold_2,MCM5,0.0,0.0,0.0,0.0,0.0,-0.00020678246484698293,0.5
repeat_1_fold_2,MCM7,0.0,0.0,0.0,0.0,0.0,0.0,0.0
repeat_1_fold_2,MDH2,0.0,0.0,0.0,0.0,0.0,0.0,0.0
repeat_1_fold_2,MED20,0.0,0.0,0.0,0.0,0.0,0.0,0.0
repeat_1_fold_2,MED22,0.0,0.0,0.0,0.0,0.0,0.0,0.0
repeat_1_fold_2,METTL1,0.0562536371654172,0.1125072743308344,0.0562536371654172,0.0,0.25,0.00024392612688405035,1.0
repeat_1_fold_2,MEX3C,0.0,0.0,0.0,0.0,0.0,0.0007237386269644264,0.5
repeat_1_fold_2,MFAP3,0.0,0.0,0.0,0.0,0.0,0.0003101736972704744,0.5
repeat_1_fold_2,MICA,-0.02098192826123224,0.04196385652246448,0.02098192826123224,-0.04196385652246448,0.0,0.0,0.5
repeat_1_fold_2,MIOS,0.0,0.0,0.0,0.0,0.0,0.003101736972704716,0.5
repeat_1_fold_2,MLANA,0.23344335613541567,0.2815824371956002,0.1407912185978001,0.09265213753761556,0.5,-0.0022746071133167983,0.5
repeat_1_fold_2,MLEC,0.0,0.0,0.0,0.0,0.0,0.0,0.0
repeat_1_fold_2,MLLT1,0.14096723410049172,0.28193446820098345,0.14096723410049172,0.0,0.25,0.003722084367245651,0.5
repeat_1_fold_2,MLLT3,0.0,0.0,0.0,0.0,0.0,0.0,0.0
repeat_1_fold_2,MMP11,0.0,0.0,0.0,0.0,0.0,0.0,0.0
repeat_1_fold_2,MRPS18A,0.0,0.0,0.0,0.0,0.0,0.0,0.0
repeat_1_fold_2,MRS2,0.0,0.0,0.0,0.0,0.0,0.0,0.0
repeat_1_fold_2,MTA2,0.0,0.0,0.0,0.0,0.0,-0.0007652237559928332,1.0
repeat_1_fold_2,MTAP,0.0,0.0,0.0,0.0,0.0,0.0,0.0
repeat_1_fold_2,MTARC1,0.0,0.0,0.0,0.0,0.0,0.0,0.0
repeat_1_fold_2,MTF2,0.0,0.0,0.0,0.0,0.0,0.0,0.0
repeat_1_fold_2,MTNR1A,0.0,0.0,0.0,0.0,0.0,0.0,0.0
repeat_1_fold_2,MTRF1,0.0,0.0,0.0,0.0,0.0,0.0,0.0
repeat_1_fold_2,MUC3A,0.0,0.0,0.0,0.0,0.0,0.0,0.0
repeat_1_fold_2,MVD,0.0,0.0,0.0,0.0,0.0,0.0,0.0
repeat_1_fold_2,MYH14,0.0,0.0,0.0,0.0,0.0,0.0,0.0
repeat_1_fold_2,MYL1,0.0,0.0,0.0,0.0,0.0,0.0,0.0
repeat_1_fold_2,MYO10,0.0,0.0,0.0,0.0,0.0,0.0,0.0
repeat_1_fold_2,MYO15A,1.1996071965279036,1.391305734805401,0.6956528674027005,0.5039543291252031,0.5,0.0039121441444223,1.0
repeat_1_fold_2,MYO3A,-0.04140241594079619,0.08280483188159238,0.04140241594079619,-0.08280483188159238,0.0,-0.001749611197511658,0.5
repeat_1_fold_2,MYRIP,0.0,0.0,0.0,0.0,0.0,0.0,0.0
repeat_1_fold_2,NABP1,0.0,0.0,0.0,0.0,0.0,0.0,0.0
repeat_1_fold_2,NARS1,0.0,0.0,0.0,0.0,0.0,0.0,0.0
repeat_1_fold_2,NAT10,0.0,0.0,0.0,0.0,0.0,0.0,0.0
repeat_1_fold_2,NCALD,-0.012395408828796306,0.17974868693135618,0.08987434346567809,-0.1022697522944744,0.25,-0.0005832037325038675,0.5
repeat_1_fold_2,NCAM1,-0.015429792311792312,0.01781678948950662,0.00890839474475331,-0.02433818705654562,0.0,0.00019440124416800209,0.5
repeat_1_fold_2,NCAN,0.0,0.0,0.0,0.0,0.0,0.0,0.0
repeat_1_fold_2,NCF1,0.0,0.0,0.0,0.0,0.0,0.0,0.0
repeat_1_fold_2,NCR3,0.0,0.0,0.0,0.0,0.0,0.0,0.0
repeat_1_fold_2,NDUFA10,-0.04196385652246448,0.0484556877189594,0.0242278438594797,-0.06619170038194419,0.0,-0.006332270799485937,1.0
repeat_1_fold_2,NDUFA4,0.0,0.0,0.0,0.0,0.0,0.0,0.0
repeat_1_fold_2,NDUFA6,-0.02098192826123224,0.04196385652246448,0.02098192826123224,-0.04196385652246448,0.0,0.0,0.5
repeat_1_fold_2,NDUFA7,-0.07294234318094794,0.08422656294168472,0.04211328147084236,-0.11505562465179031,0.0,-0.0013608087091757093,0.5
repeat_1_fold_2,NDUFAF7,0.0,0.0,0.0,0.0,0.0,0.0,0.0
repeat_1_fold_2,NDUFC1,0.0,0.0,0.0,0.0,0.0,0.00020678246484698293,0.5
repeat_1_fold_2,NDUFS1,0.0,0.0,0.0,0.0,0.0,0.0,0.0
repeat_1_fold_2,NDUFV2,0.1091881407986115,0.2648445077468107,0.13242225387340534,-0.02323411307479384,0.25,0.004860031104199081,0.5
repeat_1_fold_2,NEDD4,0.0,0.0,0.0,0.0,0.0,0.0,0.0
repeat_1_fold_2,NEK9,0.1125072743308344,0.12991221024139663,0.06495610512069831,0.04755116921013609,0.5,-0.001749611197511658,0.5
repeat_1_fold_2,NFYB,0.09900337757802546,0.2570218951807848,0.1285109475903924,-0.029507570012366924,0.25,0.002377998345740276,0.5
repeat_1_fold_2,NHP2,0.0,0.0,0.0,0.0,0.0,0.0,0.0
repeat_1_fold_2,NIPAL3,0.0,0.0,0.0,0.0,0.0,0.0,0.0
repeat_1_fold_2,NKX3-2,0.0,0.0,0.0,0.0,0.0,0.0,0.0
repeat_1_fold_2,NLGN3,0.0,0.0,0.0,0.0,0.0,0.0,0.0
repeat_1_fold_2,NLK,0.0,0.0,0.0,0.0,0.0,0.0,0.0
repeat_1_fold_2,NMBR,0.0,0.0,0.0,0.0,0.0,0.0010339123242348869,0.5
repeat_1_fold_2,NMI,0.0,0.0,0.0,0.0,0.0,0.0,0.0
repeat_1_fold_2,NMRK1,0.0,0.0,0.0,0.0,0.0,-0.0015013436036362543,1.0
repeat_1_fold_2,NMUR1,0.0,0.0,0.0,0.0,0.0,0.0,0.0
repeat_1_fold_2,NNT,0.0,0.0,0.0,0.0,0.0,0.0,0.5
repeat_1_fold_2,NOL9,0.0562536371654172,0.1125072743308344,0.0562536371654172,0.0,0.25,7.862879106547427e-05,1.0
repeat_1_fold_2,NOP56,0.33494132297299295,0.6619113449407923,0.33095567247039615,0.003985650502596805,0.5,-0.0009720062208397884,0.5
repeat_1_fold_2,NPC1L1,0.0,0.0,0.0,0.0,0.0,0.0,0.0
repeat_1_fold_2,NPHP1,0.0,0.0,0.0,0.0,0.0,0.0,0.0
repeat_1_fold_2,NPHS2,0.0,0.0,0.0,0.0,0.0,0.0,0.0
repeat_1_fold_2,NR0B2,-0.02098192826123224,0.04196385652246448,0.02098192826123224,-0.04196385652246448,0.0,0.0009305210918113954,0.5
repeat_1_fold_2,NRAS,0.0,0.0,0.0,0.0,0.0,0.0,0.0
repeat_1_fold_2,NRN1,0.0,0.0,0.0,0.0,0.0,0.0,0.0
repeat_1_fold_2,NSD3,0.0,0.0,0.0,0.0,0.0,0.0,0.0
repeat_1_fold_2,NSL1,0.0,0.0,0.0,0.0,0.0,-0.0005832037325038675,1.0
repeat_1_fold_2,NSMCE4A,0.0,0.0,0.0,0.0,0.0,0.0007237386269644264,0.5
repeat_1_fold_2,NT5E,0.0,0.0,0.0,0.0,0.0,-0.00038880248833589315,0.5
repeat_1_fold_2,NUDT18,0.0,0.0,0.0,0.0,0.0,0.0,0.0
repeat_1_fold_2,NUDT9,-0.03641172057302455,0.034857975476114605,0.017428987738057303,-0.053840708311081856,0.0,-0.0015508684863523303,1.0
repeat_1_fold_2,NUP88,0.0,0.0,0.0,0.0,0.0,0.0,0.0
repeat_1_fold_2,NXF1,0.0,0.0,0.0,0.0,0.0,0.0005169561621174573,0.5
repeat_1_fold_2,OAT,0.0,0.0,0.0,0.0,0.0,0.0,0.0
repeat_1_fold_2,OAZ1,0.0,0.0,0.0,0.0,0.0,0.0,0.0
repeat_1_fold_2,OGFOD1,0.0,0.0,0.0,0.0,0.0,0.0,0.0
repeat_1_fold_2,OR10H2,0.06314969789866609,0.07291899016207681,0.03645949508103841,0.026690202817627684,0.5,0.000583203732503923,0.5
repeat_1_fold_2,OR11A1,0.0,0.0,0.0,0.0,0.0,0.0,0.0
repeat_1_fold_2,OR1D2,0.0,0.0,0.0,0.0,0.0,0.0,0.0
repeat_1_fold_2,OR1E1,0.0,0.0,0.0,0.0,0.0,0.0,0.0
repeat_1_fold_2,OR1F1,0.0,0.0,0.0,0.0,0.0,-0.0005832037325038675,0.5
repeat_1_fold_2,OR2F1,0.0,0.0,0.0,0.0,0.0,0.0,0.0
repeat_1_fold_2,ORC5,0.0,0.0,0.0,0.0,0.0,0.0,0.0
repeat_1_fold_2,OSTF1,0.0,0.0,0.0,0.0,0.0,0.0,0.0
repeat_1_fold_2,OSTM1,0.0,0.0,0.0,0.0,0.0,0.0,0.0
repeat_1_fold_2,P2RX7,-0.007714896155896156,0.015429792311792312,0.007714896155896156,-0.015429792311792312,0.0,0.00019440124416797433,0.5
repeat_1_fold_2,P2RY10,0.0,0.0,0.0,0.0,0.0,0.0,0.0
repeat_1_fold_2,P2RY2,0.0,0.0,0.0,0.0,0.0,0.0,0.0
repeat_1_fold_2,P4HA2,0.0,0.0,0.0,0.0,0.0,0.0,0.0
repeat_1_fold_2,PAFAH1B1,0.0,0.0,0.0,0.0,0.0,0.0,0.0
repeat_1_fold_2,PAFAH1B2,0.0,0.0,0.0,0.0,0.0,0.0,0.0
repeat_1_fold_2,PAFAH2,-0.02098192826123224,0.04196385652246448,0.02098192826123224,-0.04196385652246448,0.0,0.0016462199650881804,1.0
repeat_1_fold_2,PAGR1,0.0,0.0,0.0,0.0,0.0,0.0,0.0
repeat_1_fold_2,PAK4,-0.05696774320250242,0.06578068374618048,0.03289034187309024,-0.08985808507559266,0.0,0.000413564929693952,0.5
repeat_1_fold_2,PAK6,0.0,0.0,0.0,0.0,0.0,0.0,0.0
repeat_1_fold_2,PANK2,0.0,0.0,0.0,0.0,0.0,0.0,0.0
repeat_1_fold_2,PAPSS1,0.0,0.0,0.0,0.0,0.0,0.0,0.0
repeat_1_fold_2,PAQR3,0.0,0.0,0.0,0.0,0.0,0.0,0.0
repeat_1_fold_2,PAX3,-0.04196385652246448,0.0484556877189594,0.0242278438594797,-0.06619170038194419,0.0,0.0003101736972704605,0.5
repeat_1_fold_2,PAX6,0.0,0.0,0.0,0.0,0.0,0.0,0.0
repeat_1_fold_2,PDE6B,-0.007714896155896156,0.015429792311792312,0.007714896155896156,-0.015429792311792312,0.0,-0.002138413685847579,0.5
repeat_1_fold_2,PDE9A,-0.04967875267836064,0.04150551018171428,0.02075275509085714,-0.07043150776921778,0.0,0.001501343603636296,1.0
repeat_1_fold_2,PDHX,0.0,0.0,0.0,0.0,0.0,0.0,0.0
repeat_1_fold_2,PDPK1,0.0,0.0,0.0,0.0,0.0,0.0,0.0
repeat_1_fold_2,PELI2,0.0,0.0,0.0,0.0,0.0,0.0,0.0
repeat_1_fold_2,PEMT,0.0,0.0,0.0,0.0,0.0,0.0,0.0
repeat_1_fold_2,PEX16,0.0,0.0,0.0,0.0,0.0,0.0,0.0
repeat_1_fold_2,PGGT1B,0.0,0.0,0.0,0.0,0.0,0.0017576509511993271,0.5
repeat_1_fold_2,PGK1,0.0,0.0,0.0,0.0,0.0,0.0,0.0
repeat_1_fold_2,PHC1,0.0,0.0,0.0,0.0,0.0,0.0,0.0
repeat_1_fold_2,PHF21A,0.0,0.0,0.0,0.0,0.0,0.0,0.0
repeat_1_fold_2,PHGDH,0.0,0.0,0.0,0.0,0.0,0.0,0.0
repeat_1_fold_2,PHLPP2,0.0,0.0,0.0,0.0,0.0,0.0,0.0
repeat_1_fold_2,PIK3CD,0.0,0.0,0.0,0.0,0.0,-0.0003101736972704744,0.5
repeat_1_fold_2,PIK3R1,0.0,0.0,0.0,0.0,0.0,0.0,0.0
repeat_1_fold_2,PINK1,0.0,0.0,0.0,0.0,0.0,0.0,0.0
repeat_1_fold_2,PKM,0.0,0.0,0.0,0.0,0.0,0.0,0.0
repeat_1_fold_2,PLA2G12A,0.0,0.0,0.0,0.0,0.0,0.0,0.5
repeat_1_fold_2,PLA2G5,0.0,0.0,0.0,0.0,0.0,0.0,0.0
repeat_1_fold_2,PLAAT3,0.0,0.0,0.0,0.0,0.0,0.0,0.0
repeat_1_fold_2,PLD3,0.0,0.0,0.0,0.0,0.0,0.0,0.0
repeat_1_fold_2,PLN,0.5575790095793511,0.9646665373397504,0.4823332686698752,0.07524574090947594,0.5,-0.0015632497070313806,1.0
repeat_1_fold_2,PLXNB1,0.0,0.0,0.0,0.0,0.0,0.0,0.0
repeat_1_fold_2,PMM2,0.0,0.0,0.0,0.0,0.0,0.0,0.0
repeat_1_fold_2,PNO1,0.0,0.0,0.0,0.0,0.0,0.0,0.0
repeat_1_fold_2,POLD1,0.0,0.0,0.0,0.0,0.0,0.0,0.0
repeat_1_fold_2,POLM,0.0,0.0,0.0,0.0,0.0,0.0,0.0
repeat_1_fold_2,POLR1B,0.40186427592943375,0.5522090003090109,0.27610450015450544,0.1257597757749283,0.5,-0.004665629860031079,0.5
repeat_1_fold_2,POLR1F,0.06315309758666743,0.29094260743491657,0.14547130371745828,-0.08231820613079086,0.25,0.00017767855649759856,1.0
repeat_1_fold_2,POMT1,0.15169061235444659,0.2039411300253956,0.1019705650126978,0.049720047341748785,0.5,-0.00019440124416794657,0.5
repeat_1_fold_2,POP4,0.0,0.0,0.0,0.0,0.0,0.0,0.0
repeat_1_fold_2,POU5F1,0.0,0.0,0.0,0.0,0.0,0.0,0.0
repeat_1_fold_2,PPIH,0.0,0.0,0.0,0.0,0.0,0.000413564929693952,0.5
repeat_1_fold_2,PPL,0.0,0.0,0.0,0.0,0.0,0.0,0.0
repeat_1_fold_2,PPP1R12A,0.0,0.0,0.0,0.0,0.0,0.0,0.0
repeat_1_fold_2,PPY,0.0,0.0,0.0,0.0,0.0,0.0,0.0
repeat_1_fold_2,PRIM2,0.0,0.0,0.0,0.0,0.0,0.0,0.0
repeat_1_fold_2,PRKACB,0.0,0.0,0.0,0.0,0.0,0.00020678246484696905,0.5
repeat_1_fold_2,PRKAG1,0.0,0.0,0.0,0.0,0.0,0.0007237386269644264,0.5
repeat_1_fold_2,PRLH,0.0,0.0,0.0,0.0,0.0,0.0,0.0
repeat_1_fold_2,PRODH,-0.2317832778028972,0.2741867504297491,0.13709337521487455,-0.3688766530177717,0.0,-0.001360808709175737,0.5
repeat_1_fold_2,PRPF8,0.0,0.0,0.0,0.0,0.0,0.0,0.0
repeat_1_fold_2,PRPS1,0.0,0.0,0.0,0.0,0.0,0.0,0.0
repeat_1_fold_2,PRSS2,0.0,0.0,0.0,0.0,0.0,0.0,0.0
repeat_1_fold_2,PSEN2,0.0,0.0,0.0,0.0,0.0,-0.00020678246484698293,0.5
repeat_1_fold_2,PSMA1,0.0,0.0,0.0,0.0,0.0,0.0,0.0
repeat_1_fold_2,PSMB6,0.0,0.0,0.0,0.0,0.0,0.0,0.0
repeat_1_fold_2,PSMD12,0.0,0.0,0.0,0.0,0.0,0.0,0.0
repeat_1_fold_2,PSME3,0.0,0.0,0.0,0.0,0.0,0.0,0.0
repeat_1_fold_2,PTDSS2,0.0,0.0,0.0,0.0,0.0,0.0,0.0
repeat_1_fold_2,PTGDR2,0.0,0.0,0.0,0.0,0.0,0.0,0.0
repeat_1_fold_2,PTPRJ,0.0,0.0,0.0,0.0,0.0,0.0,0.0
repeat_1_fold_2,PTPRO,0.0,0.0,0.0,0.0,0.0,0.0,0.0
repeat_1_fold_2,PTS,0.0,0.0,0.0,0.0,0.0,0.0,0.0
repeat_1_fold_2,PYCR3,0.0,0.0,0.0,0.0,0.0,0.0,0.0
repeat_1_fold_2,QARS1,0.0,0.0,0.0,0.0,0.0,0.0,0.0
repeat_1_fold_2,RAB11FIP2,0.0,0.0,0.0,0.0,0.0,0.00020678246484698293,0.5
repeat_1_fold_2,RAB3A,0.0,0.0,0.0,0.0,0.0,0.0,0.0
repeat_1_fold_2,RAB40B,0.0,0.0,0.0,0.0,0.0,0.0,0.0
repeat_1_fold_2,RAB6A,0.0,0.0,0.0,0.0,0.0,0.0,0.0
repeat_1_fold_2,RABGGTB,0.0,0.0,0.0,0.0,0.0,0.001811517300906798,1.0
repeat_1_fold_2,RAC3,0.0,0.0,0.0,0.0,0.0,0.00020678246484698293,0.5
repeat_1_fold_2,RACK1,0.28193446820098345,0.32554988221934356,0.16277494110967178,0.11915952709131167,0.5,0.004536833005954574,1.0
repeat_1_fold_2,RAD1,0.0,0.0,0.0,0.0,0.0,0.0,0.0
repeat_1_fold_2,RAD9A,0.0,0.0,0.0,0.0,0.0,0.0,0.0
repeat_1_fold_2,RANBP1,0.0,0.0,0.0,0.0,0.0,0.0,0.0
repeat_1_fold_2,RANGRF,0.0,0.0,0.0,0.0,0.0,0.0,0.0
repeat_1_fold_2,RAP1GAP,0.0,0.0,0.0,0.0,0.0,0.0,0.0
repeat_1_fold_2,RAPGEF4,-0.02098192826123224,0.04196385652246448,0.02098192826123224,-0.04196385652246448,0.0,0.0022746071133167844,0.5
repeat_1_fold_2,RARS2,0.0,0.0,0.0,0.0,0.0,0.0,0.0
repeat_1_fold_2,RBM4,0.0,0.0,0.0,0.0,0.0,2.7755575615628914e-17,0.5
repeat_1_fold_2,RBP4,0.0,0.0,0.0,0.0,0.0,0.0,0.0
repeat_1_fold_2,RCC1,0.0,0.0,0.0,0.0,0.0,0.0,0.0
repeat_1_fold_2,RDH16,0.0,0.0,0.0,0.0,0.0,0.0,0.0
repeat_1_fold_2,REST,0.0,0.0,0.0,0.0,0.0,0.0,0.0
repeat_1_fold_2,REXO2,0.0,0.0,0.0,0.0,0.0,0.0,0.0
repeat_1_fold_2,RFC2,0.0,0.0,0.0,0.0,0.0,0.0,0.0
repeat_1_fold_2,RGCC,-0.05379501358964234,0.23929919486120937,0.11964959743060469,-0.17344461102024702,0.25,-0.0025272161741834998,0.5
repeat_1_fold_2,RGL2,0.0,0.0,0.0,0.0,0.0,0.0,0.0
repeat_1_fold_2,RGS2,0.0,0.0,0.0,0.0,0.0,0.0,0.0
repeat_1_fold_2,RGS20,0.0,0.0,0.0,0.0,0.0,0.0,0.0
repeat_1_fold_2,RGS3,0.0,0.0,0.0,0.0,0.0,7.862879106547427e-05,1.0
repeat_1_fold_2,RGS6,0.0,0.0,0.0,0.0,0.0,0.0,0.0
repeat_1_fold_2,RGSL1,0.0,0.0,0.0,0.0,0.0,0.0,0.0
repeat_1_fold_2,RHBDF2,0.0,0.0,0.0,0.0,0.0,0.0,0.0
repeat_1_fold_2,RHCE,0.0,0.0,0.0,0.0,0.0,0.0,0.0
repeat_1_fold_2,RHOBTB2,0.0,0.0,0.0,0.0,0.0,0.0,0.0
repeat_1_fold_2,RHOQ,0.0,0.0,0.0,0.0,0.0,0.0,0.0
repeat_1_fold_2,RHOT1,0.0,0.0,0.0,0.0,0.0,0.0,0.0
repeat_1_fold_2,RIN1,0.0,0.0,0.0,0.0,0.0,0.0,0.0
repeat_1_fold_2,RIOK2,0.0,0.0,0.0,0.0,0.0,0.0,0.0
repeat_1_fold_2,RNF123,0.0,0.0,0.0,0.0,0.0,0.0,0.0
repeat_1_fold_2,RNF128,0.0,0.0,0.0,0.0,0.0,0.0,0.0
repeat_1_fold_2,RNF144A,0.0,0.0,0.0,0.0,0.0,0.0,0.0
repeat_1_fold_2,RNF2,0.0,0.0,0.0,0.0,0.0,0.0017496111975116857,1.0
repeat_1_fold_2,RNPS1,0.0,0.0,0.0,0.0,0.0,0.0,0.0
repeat_1_fold_2,RPL10A,-0.04946579986248345,0.05841716258987568,0.02920858129493784,-0.07867438115742129,0.0,-0.00041356492969396585,0.5
repeat_1_fold_2,RPL32,0.0,0.0,0.0,0.0,0.0,0.0,0.0
repeat_1_fold_2,RPL35,0.0,0.0,0.0,0.0,0.0,0.0,0.0
repeat_1_fold_2,RPL35A,0.0,0.0,0.0,0.0,0.0,0.0,0.0
repeat_1_fold_2,RPL36A,0.0,0.0,0.0,0.0,0.0,0.0,0.0
repeat_1_fold_2,RPL37A,0.0,0.0,0.0,0.0,0.0,0.0,0.0
repeat_1_fold_2,RPRD2,0.0,0.0,0.0,0.0,0.0,0.002754419613397188,1.0
repeat_1_fold_2,RPS15,0.0562536371654172,0.1125072743308344,0.0562536371654172,0.0,0.25,-0.0005832037325038675,0.5
repeat_1_fold_2,RPS4Y1,0.0,0.0,0.0,0.0,0.0,0.0,0.0
repeat_1_fold_2,RPS6KA5,0.0,0.0,0.0,0.0,0.0,0.0,0.0
repeat_1_fold_2,RPS7,0.0757992380928858,0.2820165581555965,0.14100827907779825,-0.06520904098491245,0.25,0.0023903795664193123,1.0
repeat_1_fold_2,RRM1,0.0,0.0,0.0,0.0,0.0,0.0,0.0
repeat_1_fold_2,RTF1,0.0,0.0,0.0,0.0,0.0,0.0,0.0
repeat_1_fold_2,RXFP3,0.0,0.0,0.0,0.0,0.0,0.0,0.0
repeat_1_fold_2,S1PR1,0.0,0.0,0.0,0.0,0.0,0.0,0.0
repeat_1_fold_2,SALL1,0.0,0.0,0.0,0.0,0.0,0.0,0.0
repeat_1_fold_2,SAP30,0.0,0.0,0.0,0.0,0.0,0.0,0.0
repeat_1_fold_2,SCD5,0.14872721978166936,0.2587474247389014,0.1293737123694507,0.019353507412218668,0.5,0.0011664074650078182,0.5
repeat_1_fold_2,SDCBP,0.0,0.0,0.0,0.0,0.0,0.0,0.0
repeat_1_fold_2,SDHAF1,0.0,0.0,0.0,0.0,0.0,0.0,0.0
repeat_1_fold_2,SDHAF3,-0.19531210621241968,0.22552699419546657,0.11276349709773328,-0.30807560331015293,0.0,-0.001166407465007735,0.5
repeat_1_fold_2,SEC23IP,0.0,0.0,0.0,0.0,0.0,0.0,0.0
repeat_1_fold_2,SERP1,0.0,0.0,0.0,0.0,0.0,0.0,0.0
repeat_1_fold_2,SERPINB13,0.0,0.0,0.0,0.0,0.0,0.0,0.0
repeat_1_fold_2,SERPINB2,0.0,0.0,0.0,0.0,0.0,0.0,0.0
repeat_1_fold_2,SGCD,0.0,0.0,0.0,0.0,0.0,0.0,0.0
repeat_1_fold_2,SGPP1,0.0,0.0,0.0,0.0,0.0,0.0,0.0
repeat_1_fold_2,SGSH,0.0,0.0,0.0,0.0,0.0,-0.00020678246484698293,0.5
repeat_1_fold_2,SH2B1,0.0,0.0,0.0,0.0,0.0,0.0,0.0
repeat_1_fold_2,SHMT1,0.0,0.0,0.0,0.0,0.0,0.0,0.0
repeat_1_fold_2,SHPK,0.0,0.0,0.0,0.0,0.0,0.0,0.0
repeat_1_fold_2,SI,0.0,0.0,0.0,0.0,0.0,0.0,0.0
repeat_1_fold_2,SIGLEC5,0.0,0.0,0.0,0.0,0.0,0.0,0.0
repeat_1_fold_2,SIPA1L1,0.0,0.0,0.0,0.0,0.0,0.0,0.0
repeat_1_fold_2,SKA1,0.04082384485362134,0.103250696186893,0.0516253480934465,-0.010801503239825164,0.25,0.0007776049766718696,0.5
repeat_1_fold_2,SKIC3,0.09179503273837675,0.18359006547675352,0.09179503273837676,-1.3877787807814457e-17,0.25,-0.001550868486352372,0.5
repeat_1_fold_2,SKIC8,0.0,0.0,0.0,0.0,0.0,0.0,0.0
repeat_1_fold_2,SLAMF7,0.18987609286510043,0.25304755496281095,0.12652377748140547,0.06335231538369496,0.5,-0.002204661256234003,1.0
repeat_1_fold_2,SLC10A2,0.0,0.0,0.0,0.0,0.0,0.0,0.0
repeat_1_fold_2,SLC15A1,0.0562536371654172,0.1125072743308344,0.0562536371654172,0.0,0.25,0.0005832037325038952,0.5
repeat_1_fold_2,SLC16A10,0.0,0.0,0.0,0.0,0.0,0.0,0.0
repeat_1_fold_2,SLC17A7,0.0,0.0,0.0,0.0,0.0,0.0,0.0
repeat_1_fold_2,SLC19A2,0.0,0.0,0.0,0.0,0.0,0.0,0.5
repeat_1_fold_2,SLC1A4,0.0,0.0,0.0,0.0,0.0,0.0,0.0
repeat_1_fold_2,SLC20A1,0.0,0.0,0.0,0.0,0.0,0.0,0.0
repeat_1_fold_2,SLC20A2,0.1125072743308344,0.12991221024139663,0.06495610512069831,0.04755116921013609,0.5,2.7755575615628914e-17,0.5
repeat_1_fold_2,SLC22A5,0.0,0.0,0.0,0.0,0.0,0.0,0.0
repeat_1_fold_2,SLC25A12,-0.09765605310620984,0.19531210621241968,0.09765605310620984,-0.19531210621241968,0.0,0.00015725758213092078,1.0
repeat_1_fold_2,SLC25A17,0.04575822251067052,0.14974841960626764,0.07487420980313382,-0.0291159872924633,0.5,0.0023575773713735843,1.0
repeat_1_fold_2,SLC27A5,0.0,0.0,0.0,0.0,0.0,0.0,0.0
repeat_1_fold_2,SLC28A1,-0.04911731209668879,0.269956846485605,0.1349784232428025,-0.18409573533949128,0.25,0.0009720062208398439,0.5
repeat_1_fold_2,SLC30A10,0.0,0.0,0.0,0.0,0.0,0.0,0.0
repeat_1_fold_2,SLC44A1,0.0,0.0,0.0,0.0,0.0,0.0,0.0
repeat_1_fold_2,SLC5A7,0.0,0.0,0.0,0.0,0.0,0.0,0.0
repeat_1_fold_2,SLITRK3,0.0,0.0,0.0,0.0,0.0,-0.001550868486352358,0.5
repeat_1_fold_2,SMARCD1,0.0,0.0,0.0,0.0,0.0,0.0,0.0
repeat_1_fold_2,SMO,0.0,0.0,0.0,0.0,0.0,0.0,0.0
repeat_1_fold_2,SMYD2,0.0,0.0,0.0,0.0,0.0,0.0,0.0
repeat_1_fold_2,SNAP91,-0.02098192826123224,0.04196385652246448,0.02098192826123224,-0.04196385652246448,0.0,-0.00288691475417005,1.0
repeat_1_fold_2,SNAPC1,0.0,0.0,0.0,0.0,0.0,0.0,0.0
repeat_1_fold_2,SND1,0.9615656632834977,1.1115553003478815,0.5557776501739408,0.4057880131095569,0.5,-0.0027216174183514463,0.5
repeat_1_fold_2,SNRPA1,-0.049465799862490556,0.09893159972498111,0.049465799862490556,-0.09893159972498111,0.0,6.624757038643792e-05,1.0
repeat_1_fold_2,SOAT1,0.0,0.0,0.0,0.0,0.0,0.0,0.0
repeat_1_fold_2,SOCS2,0.0,0.0,0.0,0.0,0.0,0.0,0.0
repeat_1_fold_2,SOX9,0.0,0.0,0.0,0.0,0.0,0.0,0.0
repeat_1_fold_2,SP1,0.0,0.0,0.0,0.0,0.0,-0.001550868486352372,0.5
repeat_1_fold_2,SPARC,-0.04196385652246448,0.0484556877189594,0.0242278438594797,-0.06619170038194419,0.0,0.0011373035566583783,0.5
repeat_1_fold_2,SPCS1,-0.02098192826123224,0.04196385652246448,0.02098192826123224,-0.04196385652246448,0.0,-0.0022746071133167983,0.5
repeat_1_fold_2,SPEN,0.0,0.0,0.0,0.0,0.0,-0.00019440124416794657,0.5
repeat_1_fold_2,SPIDR,0.0,0.0,0.0,0.0,0.0,0.0,0.0
repeat_1_fold_2,SPOCK3,0.0,0.0,0.0,0.0,0.0,0.0,0.0
repeat_1_fold_2,SPPL2B,0.0,0.0,0.0,0.0,0.0,0.0,0.0
repeat_1_fold_2,SPRY2,0.0,0.0,0.0,0.0,0.0,0.0,0.0
repeat_1_fold_2,SRD5A1,0.0,0.0,0.0,0.0,0.0,0.0,0.0
repeat_1_fold_2,SRPK1,0.0,0.0,0.0,0.0,0.0,0.0012159323477238665,1.0
repeat_1_fold_2,SRRM2,0.0,0.0,0.0,0.0,0.0,-0.00020678246484698293,0.5
repeat_1_fold_2,SRSF11,0.0,0.0,0.0,0.0,0.0,0.0,0.0
repeat_1_fold_2,SRSF4,0.0,0.0,0.0,0.0,0.0,0.0,0.0
repeat_1_fold_2,SRSF5,0.0,0.0,0.0,0.0,0.0,0.0,0.0
repeat_1_fold_2,SS18L1,0.0,0.0,0.0,0.0,0.0,0.0,0.0
repeat_1_fold_2,SSTR5,-0.02098192826123224,0.04196385652246448,0.02098192826123224,-0.04196385652246448,0.0,0.00020678246484696905,0.5
repeat_1_fold_2,ST3GAL2,0.0,0.0,0.0,0.0,0.0,0.0,0.0
repeat_1_fold_2,ST3GAL4,0.0,0.0,0.0,0.0,0.0,0.0,0.0
repeat_1_fold_2,STAM2,0.0,0.0,0.0,0.0,0.0,0.0,0.0
repeat_1_fold_2,STARD3,0.0,0.0,0.0,0.0,0.0,0.0,0.0
repeat_1_fold_2,STK4,-0.20924226116425793,0.2983206223417953,0.14916031117089765,-0.3584025723351556,0.25,-0.009141199942885564,1.0
repeat_1_fold_2,STN1,0.0,0.0,0.0,0.0,0.0,0.0,0.0
repeat_1_fold_2,STUB1,0.0,0.0,0.0,0.0,0.0,0.0,0.0
repeat_1_fold_2,STX1A,0.0,0.0,0.0,0.0,0.0,-0.002953162324556502,1.0
repeat_1_fold_2,SUCLA2,0.0,0.0,0.0,0.0,0.0,0.0,0.0
repeat_1_fold_2,SULT1A1,0.0562536371654172,0.1125072743308344,0.0562536371654172,0.0,0.25,2.7755575615628914e-17,0.5
repeat_1_fold_2,SULT1C4,0.0,0.0,0.0,0.0,0.0,0.0,0.0
repeat_1_fold_2,SURF1,0.0,0.0,0.0,0.0,0.0,-0.0017496111975116302,0.5
repeat_1_fold_2,SYNJ1,0.0,0.0,0.0,0.0,0.0,0.0,0.0
repeat_1_fold_2,SYT12,0.26095253993974943,0.3032638251382793,0.15163191256913966,0.10932062737060977,0.5,-0.002171215880893307,0.5
repeat_1_fold_2,TACC3,0.0,0.0,0.0,0.0,0.0,0.0,0.0
repeat_1_fold_2,TAF10,0.0,0.0,0.0,0.0,0.0,0.0,0.0
repeat_1_fold_2,TAF5L,0.0,0.0,0.0,0.0,0.0,0.0,0.0
repeat_1_fold_2,TAF7L,0.0,0.0,0.0,0.0,0.0,0.0,0.0
repeat_1_fold_2,TAP1,0.0,0.0,0.0,0.0,0.0,0.0,0.0
repeat_1_fold_2,TAPBP,0.14865341769149865,0.19119969620737157,0.09559984810368578,0.05305356958781286,0.5,0.00038880248833594866,0.5
repeat_1_fold_2,TBC1D4,0.0,0.0,0.0,0.0,0.0,0.0,0.0
repeat_1_fold_2,TBCD,0.0,0.0,0.0,0.0,0.0,0.00020678246484698293,0.5
repeat_1_fold_2,TBX1,0.0438610395165675,0.087722079033135,0.0438610395165675,0.0,0.25,0.0031104199066874227,0.5
repeat_1_fold_2,TCF12,-0.04196385652246448,0.0484556877189594,0.0242278438594797,-0.06619170038194419,0.0,0.002171215880893293,0.5
repeat_1_fold_2,TCF7,0.0,0.0,0.0,0.0,0.0,0.0,0.0
repeat_1_fold_2,TCF7L1,0.0,0.0,0.0,0.0,0.0,0.0,0.0
repeat_1_fold_2,TCTN1,0.0,0.0,0.0,0.0,0.0,0.0,0.0
repeat_1_fold_2,TEX12,0.0,0.0,0.0,0.0,0.0,0.0,0.0
repeat_1_fold_2,TFAM,0.0,0.0,0.0,0.0,0.0,0.0,0.0
repeat_1_fold_2,TFR2,0.0,0.0,0.0,0.0,0.0,0.0,0.0
repeat_1_fold_2,THSD4,0.0,0.0,0.0,0.0,0.0,-0.00020678246484698293,0.5
repeat_1_fold_2,THSD7A,0.0,0.0,0.0,0.0,0.0,2.7755575615628914e-17,0.5
repeat_1_fold_2,THUMPD1,0.0,0.0,0.0,0.0,0.0,0.0,0.0
repeat_1_fold_2,TIMM13,0.0,0.0,0.0,0.0,0.0,0.0,0.0
repeat_1_fold_2,TJP1,0.0,0.0,0.0,0.0,0.0,0.0,0.0
repeat_1_fold_2,TK2,0.0,0.0,0.0,0.0,0.0,0.0,0.0
repeat_1_fold_2,TLE3,0.10782957283788086,0.12474495880750298,0.06237247940375149,0.04545709343412937,0.5,-0.00019440124416794657,0.5
repeat_1_fold_2,TMEM115,0.0,0.0,0.0,0.0,0.0,0.0,0.0
repeat_1_fold_2,TMEM63A,0.0,0.0,0.0,0.0,0.0,0.0,0.0
repeat_1_fold_2,TMLHE,0.0,0.0,0.0,0.0,0.0,0.0,0.0
repeat_1_fold_2,TMPO,-0.015429792311792312,0.01781678948950662,0.00890839474475331,-0.02433818705654562,0.0,-0.0019440124416796045,0.5
repeat_1_fold_2,TNFRSF10C,0.0,0.0,0.0,0.0,0.0,0.0,0.0
repeat_1_fold_2,TNFRSF11A,0.0,0.0,0.0,0.0,0.0,0.0,0.0
repeat_1_fold_2,TNNI1,0.0,0.0,0.0,0.0,0.0,0.0,0.0
repeat_1_fold_2,TNPO1,0.0,0.0,0.0,0.0,0.0,0.0,0.0
repeat_1_fold_2,TOLLIP,-0.044186067746371904,0.08837213549274381,0.044186067746371904,-0.08837213549274381,0.0,2.7755575615628914e-17,0.5
repeat_1_fold_2,TOMM70,0.0,0.0,0.0,0.0,0.0,0.0008271298593879178,0.5
repeat_1_fold_2,TPX2,0.0,0.0,0.0,0.0,0.0,0.0,0.0
repeat_1_fold_2,TRAP1,-0.02136640750848784,0.08776238868519362,0.04388119434259681,-0.06524760185108465,0.25,-0.00019440124416794657,0.5
repeat_1_fold_2,TRAPPC11,0.0,0.0,0.0,0.0,0.0,0.0,0.0
repeat_1_fold_2,TRIM37,0.0,0.0,0.0,0.0,0.0,0.0,0.0
repeat_1_fold_2,TRIM56,0.0,0.0,0.0,0.0,0.0,0.0,0.0
repeat_1_fold_2,TRIP4,0.0,0.0,0.0,0.0,0.0,0.0,0.0
repeat_1_fold_2,TRPC4,0.0,0.0,0.0,0.0,0.0,0.0,0.0
repeat_1_fold_2,TRPV4,0.0,0.0,0.0,0.0,0.0,0.0,0.0
repeat_1_fold_2,TSPOAP1,0.0,0.0,0.0,0.0,0.0,0.0,0.0
repeat_1_fold_2,TTLL5,0.0,0.0,0.0,0.0,0.0,0.0,0.0
repeat_1_fold_2,TUBAL3,0.0,0.0,0.0,0.0,0.0,0.0,0.0
repeat_1_fold_2,TUBB,0.0,0.0,0.0,0.0,0.0,0.0,0.0
repeat_1_fold_2,TUBG2,0.0,0.0,0.0,0.0,0.0,-0.0009305210918114232,0.5
repeat_1_fold_2,TUT7,-0.0024045332281392717,0.1214241137244286,0.0607120568622143,-0.06311659009035357,0.25,0.0034744599536652987,1.0
repeat_1_fold_2,TXNDC5,0.0,0.0,0.0,0.0,0.0,0.0,0.0
repeat_1_fold_2,UBC,0.0,0.0,0.0,0.0,0.0,0.0,0.0
repeat_1_fold_2,UBE2H,0.0,0.0,0.0,0.0,0.0,0.0,0.0
repeat_1_fold_2,UBE2V1,0.0,0.0,0.0,0.0,0.0,0.00019440124416797433,0.5
repeat_1_fold_2,UGT1A10,0.0,0.0,0.0,0.0,0.0,-0.0008271298593879317,0.5
repeat_1_fold_2,UGT1A3,0.0,0.0,0.0,0.0,0.0,0.0,0.0
repeat_1_fold_2,UPF3A,0.0,0.0,0.0,0.0,0.0,0.0,0.5
repeat_1_fold_2,UPP1,0.0,0.0,0.0,0.0,0.0,0.0,0.0
repeat_1_fold_2,USP10,0.0,0.0,0.0,0.0,0.0,0.0,0.0
repeat_1_fold_2,USP18,0.0,0.0,0.0,0.0,0.0,0.0,0.0
repeat_1_fold_2,USP20,0.0,0.0,0.0,0.0,0.0,0.0,0.0
repeat_1_fold_2,USP3,0.0,0.0,0.0,0.0,0.0,0.0,0.0
repeat_1_fold_2,USP33,0.0,0.0,0.0,0.0,0.0,0.0,0.0
repeat_1_fold_2,USP5,0.0,0.0,0.0,0.0,0.0,0.0,0.0
repeat_1_fold_2,UTP18,0.0,0.0,0.0,0.0,0.0,0.0,0.0
repeat_1_fold_2,VHL,0.0,0.0,0.0,0.0,0.0,0.0,0.0
repeat_1_fold_2,VPS11,0.0,0.0,0.0,0.0,0.0,0.0,0.0
repeat_1_fold_2,VPS37C,0.0562536371654172,0.1125072743308344,0.0562536371654172,0.0,0.25,-0.0005832037325038675,0.5
repeat_1_fold_2,VRK2,0.0,0.0,0.0,0.0,0.0,0.0,0.0
repeat_1_fold_2,VTN,0.0,0.0,0.0,0.0,0.0,0.0,0.0
repeat_1_fold_2,WDR6,0.0,0.0,0.0,0.0,0.0,0.0,0.0
repeat_1_fold_2,WNT11,0.0,0.0,0.0,0.0,0.0,0.00010339123242349146,0.5
repeat_1_fold_2,WNT3,0.0,0.0,0.0,0.0,0.0,0.0,0.0
repeat_1_fold_2,WTAP,0.05157593567246366,0.10315187134492732,0.05157593567246366,0.0,0.25,0.00019440124416797433,0.5
repeat_1_fold_2,XBP1,0.0,0.0,0.0,0.0,0.0,0.0,0.0
repeat_1_fold_2,XPA,0.0,0.0,0.0,0.0,0.0,0.000827129859387904,0.5
repeat_1_fold_2,XPC,0.0,0.0,0.0,0.0,0.0,0.0,0.0
repeat_1_fold_2,XYLT2,0.0,0.0,0.0,0.0,0.0,0.0,0.0
repeat_1_fold_2,YRDC,0.0,0.0,0.0,0.0,0.0,0.00196443341604631,0.5
repeat_1_fold_2,YWHAH,0.0,0.0,0.0,0.0,0.0,-0.001526106044994327,1.0
repeat_1_fold_2,ZC3H12A,0.0,0.0,0.0,0.0,0.0,0.0,0.0
repeat_1_fold_2,ZDHHC11,0.0,0.0,0.0,0.0,0.0,0.0,0.0
repeat_1_fold_2,ZFPM2,0.0,0.0,0.0,0.0,0.0,0.0,0.0
repeat_1_fold_2,ZKSCAN7,0.0,0.0,0.0,0.0,0.0,0.0,0.0
repeat_1_fold_2,ZNF211,0.0,0.0,0.0,0.0,0.0,0.0,0.0
repeat_1_fold_2,ZNF212,0.0,0.0,0.0,0.0,0.0,0.0,0.0
repeat_1_fold_2,ZNF248,0.08771222445803062,0.23219033461815103,0.11609516730907551,-0.028382942851044896,0.25,0.0034992223950233436,1.0
repeat_1_fold_2,ZNF264,0.0,0.0,0.0,0.0,0.0,0.0,0.0
repeat_1_fold_2,ZNF266,0.0,0.0,0.0,0.0,0.0,0.0,0.0
repeat_1_fold_2,ZNF286A,0.0,0.0,0.0,0.0,0.0,0.0,0.0
repeat_1_fold_2,ZNF324,-0.04196385652246448,0.0484556877189594,0.0242278438594797,-0.06619170038194419,0.0,0.00020678246484696905,0.5
repeat_1_fold_2,ZNF33B,0.0,0.0,0.0,0.0,0.0,0.0,0.0
repeat_1_fold_2,ZNF343,0.0,0.0,0.0,0.0,0.0,0.0,0.0
repeat_1_fold_2,ZNF41,0.0,0.0,0.0,0.0,0.0,0.0,0.0
repeat_1_fold_2,ZNF426,0.0,0.0,0.0,0.0,0.0,0.0,0.0
repeat_1_fold_2,ZNF460,0.0,0.0,0.0,0.0,0.0,0.0,0.0
repeat_1_fold_2,ZNF500,0.0,0.0,0.0,0.0,0.0,0.0,0.0
repeat_1_fold_2,ZNF510,0.0,0.0,0.0,0.0,0.0,0.0,0.0
repeat_1_fold_2,ZNF682,0.0,0.0,0.0,0.0,0.0,0.0,0.0
repeat_1_fold_2,ZNF717,0.0,0.0,0.0,0.0,0.0,0.0,0.0
repeat_1_fold_2,ZW10,0.0,0.0,0.0,0.0,0.0,0.0,0.0
repeat_1_fold_2,ZWILCH,0.09715128410920926,0.29955980169467356,0.14977990084733678,-0.05262861673812752,0.25,0.005463655811069654,1.0
repeat_1_fold_2,ZZZ3,0.0,0.0,0.0,0.0,0.0,0.0,0.0
repeat_1_fold_3,A1CF,0.0,0.0,0.0,0.0,0.0,0.0,0.0
repeat_1_fold_3,A2M,0.0,0.0,0.0,0.0,0.0,0.0,0.0
repeat_1_fold_3,A4GALT,0.0,0.0,0.0,0.0,0.0,0.0,0.0
repeat_1_fold_3,AAAS,0.0,0.0,0.0,0.0,0.0,0.0,0.0
repeat_1_fold_3,AACS,0.0,0.0,0.0,0.0,0.0,0.0,0.0
repeat_1_fold_3,AADAC,0.0,0.0,0.0,0.0,0.0,0.0,0.0
repeat_1_fold_3,AAK1,0.0,0.0,0.0,0.0,0.0,0.0,0.0
repeat_1_fold_3,AAMP,0.0,0.0,0.0,0.0,0.0,0.0,0.0
repeat_1_fold_3,AANAT,0.0,0.0,0.0,0.0,0.0,0.0,0.0
repeat_1_fold_3,AASDHPPT,0.2546910658263144,0.2956198155576487,0.14780990777882436,0.10688115804749004,0.5,0.00010064412238325326,0.5
repeat_1_fold_3,ABCA7,-0.06319008628959821,0.07324746377496728,0.03662373188748364,-0.09981381817708185,0.0,-0.0008019246190858059,0.5
repeat_1_fold_3,ABCC6,0.21488484617404424,0.4297696923480885,0.21488484617404424,0.0,0.25,-0.0032206119162641045,0.5
repeat_1_fold_3,ABCD1,0.03316837750660895,0.03829954336404761,0.019149771682023805,0.014018605824585143,0.5,0.0013031275060144398,0.5
repeat_1_fold_3,ABCD2,0.0,0.0,0.0,0.0,0.0,0.0,0.0
repeat_1_fold_3,ABCG2,0.0,0.0,0.0,0.0,0.0,0.0,0.0
repeat_1_fold_3,ABHD10,0.0,0.0,0.0,0.0,0.0,0.0,0.0
repeat_1_fold_3,ABHD4,0.0,0.0,0.0,0.0,0.0,0.0,0.0
repeat_1_fold_3,ABL1,0.0,0.0,0.0,0.0,0.0,0.0,0.0
repeat_1_fold_3,ACKR4,0.0,0.0,0.0,0.0,0.0,0.0,0.0
repeat_1_fold_3,ACLY,0.0,0.0,0.0,0.0,0.0,0.0,0.0
repeat_1_fold_3,ACO1,0.0,0.0,0.0,0.0,0.0,0.0,0.0
repeat_1_fold_3,ACP5,0.0,0.0,0.0,0.0,0.0,0.0,0.0
repeat_1_fold_3,ACSBG1,0.0,0.0,0.0,0.0,0.0,0.0,0.0
repeat_1_fold_3,ACSL3,0.0,0.0,0.0,0.0,0.0,0.0,0.0
repeat_1_fold_3,ACSM3,0.0,0.0,0.0,0.0,0.0,0.0,0.0
repeat_1_fold_3,ACSM5,0.0,0.0,0.0,0.0,0.0,0.0,0.0
repeat_1_fold_3,ACTB,0.0,0.0,0.0,0.0,0.0,0.0,0.0
repeat_1_fold_3,ACTG1,0.0,0.0,0.0,0.0,0.0,0.0,0.0
repeat_1_fold_3,ACTN3,0.0,0.0,0.0,0.0,0.0,0.0,0.0
repeat_1_fold_3,ACTR5,-0.28697474486806307,0.9822665030276849,0.49113325151384246,-0.7781079963819055,0.5,-0.00020169178976406354,1.0
repeat_1_fold_3,ACVR2B,0.0,0.0,0.0,0.0,0.0,0.0,0.0
repeat_1_fold_3,ADAM12,0.0,0.0,0.0,0.0,0.0,0.0,0.0
repeat_1_fold_3,ADAM8,0.0,0.0,0.0,0.0,0.0,0.0,0.0
repeat_1_fold_3,ADAM9,0.0,0.0,0.0,0.0,0.0,0.0,0.0
repeat_1_fold_3,ADAMTS2,0.0,0.0,0.0,0.0,0.0,0.0,0.0
repeat_1_fold_3,ADAMTSL3,0.0,0.0,0.0,0.0,0.0,0.0,0.0
repeat_1_fold_3,ADAT1,0.0,0.0,0.0,0.0,0.0,0.0,0.0
repeat_1_fold_3,ADD1,0.0,0.0,0.0,0.0,0.0,0.00020128824476650653,0.5
repeat_1_fold_3,ADH1C,0.0,0.0,0.0,0.0,0.0,0.0,0.0
repeat_1_fold_3,AFF4,-0.011004378459874786,0.143298352682361,0.0716491763411805,-0.08265355480105528,0.25,0.00040257648953301306,0.5
repeat_1_fold_3,AGO1,0.0,0.0,0.0,0.0,0.0,0.0,0.0
repeat_1_fold_3,AGO3,0.0,0.0,0.0,0.0,0.0,0.0,0.0
repeat_1_fold_3,AGTR1,0.0,0.0,0.0,0.0,0.0,0.0,0.0
repeat_1_fold_3,AK4,0.0,0.0,0.0,0.0,0.0,0.0,0.0
repeat_1_fold_3,AKR1A1,0.0,0.0,0.0,0.0,0.0,0.0,0.0
repeat_1_fold_3,AKR1B1,0.0,0.0,0.0,0.0,0.0,0.0,0.0
repeat_1_fold_3,AKR7A2,0.016584188753304474,0.03316837750660895,0.016584188753304474,0.0,0.25,-0.0005012028869286339,0.5
repeat_1_fold_3,AKR7A3,0.057060711584423274,0.11412142316884655,0.057060711584423274,0.0,0.25,0.0004009623095429099,0.5
repeat_1_fold_3,ALAD,-0.04222681190023003,0.4833657429980218,0.2416828714990109,-0.28390968339924094,0.25,0.0016038492381716118,0.5
repeat_1_fold_3,ALAS1,0.0,0.0,0.0,0.0,0.0,0.0,0.0
repeat_1_fold_3,ALDH1A1,0.0,0.0,0.0,0.0,0.0,0.0,0.0
repeat_1_fold_3,ALDH1B1,0.0,0.0,0.0,0.0,0.0,0.0,0.0
repeat_1_fold_3,ALDH2,0.0,0.0,0.0,0.0,0.0,0.0,0.0
repeat_1_fold_3,ALDH3B2,-0.7078384840036058,1.3378731891335696,0.6689365945667848,-1.3767750785703905,0.0,-0.000601443464314344,0.5
repeat_1_fold_3,ALDH7A1,0.0,0.0,0.0,0.0,0.0,0.0,0.0
repeat_1_fold_3,ALDH9A1,0.0,0.0,0.0,0.0,0.0,0.0,0.0
repeat_1_fold_3,ALG12,0.0,0.0,0.0,0.0,0.0,0.0,0.0
repeat_1_fold_3,ALG6,0.0,0.0,0.0,0.0,0.0,0.0,0.0
repeat_1_fold_3,ALOX15B,0.0,0.0,0.0,0.0,0.0,0.0,0.0
repeat_1_fold_3,ALOX5AP,0.0,0.0,0.0,0.0,0.0,0.0,0.0
repeat_1_fold_3,ALPG,0.0,0.0,0.0,0.0,0.0,0.0,0.0
repeat_1_fold_3,ALPK1,0.0,0.0,0.0,0.0,0.0,0.0,0.0
repeat_1_fold_3,AMACR,0.0,0.0,0.0,0.0,0.0,0.0,0.0
repeat_1_fold_3,AMPD2,0.0,0.0,0.0,0.0,0.0,0.0,0.0
repeat_1_fold_3,ANAPC15,0.0,0.0,0.0,0.0,0.0,0.0,0.0
repeat_1_fold_3,ANAPC5,0.0,0.0,0.0,0.0,0.0,0.0,0.0
repeat_1_fold_3,ANKFY1,0.1546126335127358,0.1207863940736788,0.0603931970368394,0.0942194364758964,0.75,-0.0032129445613110763,1.0
repeat_1_fold_3,ANKLE2,0.0,0.0,0.0,0.0,0.0,0.0,0.0
repeat_1_fold_3,ANKRD28,0.0,0.0,0.0,0.0,0.0,0.0,0.0
repeat_1_fold_3,ANO1,0.0,0.0,0.0,0.0,0.0,0.0,0.0
repeat_1_fold_3,ANO3,-0.017565769994178027,0.31360397593058176,0.15680198796529088,-0.1743677579594689,0.25,0.004428341384863088,0.5
repeat_1_fold_3,ANOS1,0.0,0.0,0.0,0.0,0.0,0.0,0.0
repeat_1_fold_3,ANTXR1,0.0,0.0,0.0,0.0,0.0,0.0,0.0
repeat_1_fold_3,ANXA1,0.0,0.0,0.0,0.0,0.0,0.0,0.0
repeat_1_fold_3,ANXA5,0.0,0.0,0.0,0.0,0.0,0.0,0.0
repeat_1_fold_3,AOC3,0.0,0.0,0.0,0.0,0.0,0.0,0.0
repeat_1_fold_3,AP2S1,0.0,0.0,0.0,0.0,0.0,0.0,0.0
repeat_1_fold_3,AP3S1,0.1675477789197224,0.21820227992151547,0.10910113996075774,0.05844663895896465,0.5,0.0027064955894146037,0.5
repeat_1_fold_3,APEH,0.0,0.0,0.0,0.0,0.0,0.0,0.0
repeat_1_fold_3,APLP2,0.0,0.0,0.0,0.0,0.0,0.0,0.0
repeat_1_fold_3,APOBEC3B,0.0,0.0,0.0,0.0,0.0,0.0,0.0
repeat_1_fold_3,APOBEC3G,0.0,0.0,0.0,0.0,0.0,0.0,0.0
repeat_1_fold_3,APOC1,0.0,0.0,0.0,0.0,0.0,0.0,0.0
repeat_1_fold_3,APOM,0.0,0.0,0.0,0.0,0.0,0.0,0.0
repeat_1_fold_3,AQP4,0.0,0.0,0.0,0.0,0.0,0.0,0.0
repeat_1_fold_3,AQR,0.0,0.0,0.0,0.0,0.0,0.0,0.0
repeat_1_fold_3,AREG,0.0,0.0,0.0,0.0,0.0,0.0,0.0
repeat_1_fold_3,ARF4,0.0,0.0,0.0,0.0,0.0,0.0,0.0
repeat_1_fold_3,ARFRP1,0.0,0.0,0.0,0.0,0.0,0.0,0.0
repeat_1_fold_3,ARG1,0.0,0.0,0.0,0.0,0.0,0.0,0.0
repeat_1_fold_3,ARHGAP24,0.0,0.0,0.0,0.0,0.0,0.0,0.0
repeat_1_fold_3,ARHGAP25,0.0,0.0,0.0,0.0,0.0,0.0,0.0
repeat_1_fold_3,ARHGEF16,0.0,0.0,0.0,0.0,0.0,0.0,0.0
repeat_1_fold_3,ARHGEF18,0.0,0.0,0.0,0.0,0.0,0.0,0.0
repeat_1_fold_3,ARHGEF38,0.598175266900455,0.8550576270736494,0.4275288135368247,0.17064645336363027,0.5,-0.0018115942028985588,0.5
repeat_1_fold_3,ARHGEF4,0.0,0.0,0.0,0.0,0.0,0.0,0.0
repeat_1_fold_3,ARID5B,0.0,0.0,0.0,0.0,0.0,0.0,0.0
repeat_1_fold_3,ARL1,0.0,0.0,0.0,0.0,0.0,0.0,0.0
repeat_1_fold_3,ARL2BP,0.0,0.0,0.0,0.0,0.0,0.0,0.0
repeat_1_fold_3,ARMCX3,0.0,0.0,0.0,0.0,0.0,0.0,0.0
repeat_1_fold_3,ARPC2,0.0,0.0,0.0,0.0,0.0,0.0,0.0
repeat_1_fold_3,ASB1,0.0,0.0,0.0,0.0,0.0,0.0,0.0
repeat_1_fold_3,ASB6,0.0,0.0,0.0,0.0,0.0,0.0,0.0
repeat_1_fold_3,ASB8,-0.06577216452233259,0.32353497166720074,0.16176748583360037,-0.22753965035593296,0.5,-0.002419494387173343,1.0
repeat_1_fold_3,ASCC2,0.19212866618718039,0.286848295908661,0.1434241479543305,0.04870451823284988,0.5,0.005813953488372103,0.5
repeat_1_fold_3,ASPH,0.0,0.0,0.0,0.0,0.0,0.0,0.0
repeat_1_fold_3,ASRGL1,0.0,0.0,0.0,0.0,0.0,0.0,0.0
repeat_1_fold_3,ATAD2,0.0,0.0,0.0,0.0,0.0,0.0,0.0
repeat_1_fold_3,ATF6,0.0,0.0,0.0,0.0,0.0,0.0,0.0
repeat_1_fold_3,ATG10,0.0,0.0,0.0,0.0,0.0,0.0,0.0
repeat_1_fold_3,ATP10B,0.0,0.0,0.0,0.0,0.0,0.0,0.0
repeat_1_fold_3,ATP13A1,0.0,0.0,0.0,0.0,0.0,0.0,0.0
repeat_1_fold_3,ATP2A3,0.0,0.0,0.0,0.0,0.0,0.0,0.0
repeat_1_fold_3,ATP5MC2,-0.03262444338786352,0.048168064211014744,0.024084032105507372,-0.056708475493370894,0.0,0.00301932367149757,0.5
repeat_1_fold_3,ATP6V0D1,0.0,0.0,0.0,0.0,0.0,0.0,0.0
repeat_1_fold_3,ATP6V1G1,0.32018315903382977,0.3711295688958527,0.18556478444792635,0.13461837458590342,0.5,0.001409017713365518,0.5
repeat_1_fold_3,ATP8A1,0.0,0.0,0.0,0.0,0.0,0.0,0.0
repeat_1_fold_3,B3GNT2,0.4033416640521388,0.5690568356534992,0.2845284178267496,0.11881324622538919,0.5,-0.0014090177133655457,0.5
repeat_1_fold_3,B4GALNT1,0.0,0.0,0.0,0.0,0.0,0.0,0.0
repeat_1_fold_3,B4GALT4,0.0,0.0,0.0,0.0,0.0,0.0,0.0
repeat_1_fold_3,B4GAT1,0.0,0.0,0.0,0.0,0.0,0.0,0.0
repeat_1_fold_3,BAG4,0.0,0.0,0.0,0.0,0.0,0.0,0.0
repeat_1_fold_3,BAMBI,-1.6215598488888698,1.9016086903560958,0.9508043451780479,-2.5723641940669175,0.0,0.0013031275060144398,0.5
repeat_1_fold_3,BASP1,0.0,0.0,0.0,0.0,0.0,0.0,0.0
repeat_1_fold_3,BCKDHA,0.0,0.0,0.0,0.0,0.0,0.0,0.0
repeat_1_fold_3,BEST1,0.0,0.0,0.0,0.0,0.0,0.0011026463512429918,0.5
repeat_1_fold_3,BGLAP,0.0,0.0,0.0,0.0,0.0,0.0,0.0
repeat_1_fold_3,BHMT2,0.0,0.0,0.0,0.0,0.0,0.0,0.0
repeat_1_fold_3,BMAL2,0.2748477077764573,0.8125161057466808,0.4062580528733404,-0.1314103450968831,0.25,0.006235900137786368,1.0
repeat_1_fold_3,BMP10,0.0,0.0,0.0,0.0,0.0,0.0,0.0
repeat_1_fold_3,BMPR1B,0.0,0.0,0.0,0.0,0.0,0.0,0.0
repeat_1_fold_3,BNIP2,0.0,0.0,0.0,0.0,0.0,0.0,0.0
repeat_1_fold_3,BOP1,0.0,0.0,0.0,0.0,0.0,0.0,0.0
repeat_1_fold_3,BRCC3,0.0,0.0,0.0,0.0,0.0,0.0,0.0
repeat_1_fold_3,BTG2,0.0,0.0,0.0,0.0,0.0,0.0,0.0
repeat_1_fold_3,BTN3A3,0.0,0.0,0.0,0.0,0.0,0.0,0.0
repeat_1_fold_3,BTNL2,0.0,0.0,0.0,0.0,0.0,0.0,0.0
repeat_1_fold_3,BUB1,0.0,0.0,0.0,0.0,0.0,0.0,0.0
repeat_1_fold_3,BUB1B,0.0,0.0,0.0,0.0,0.0,0.0,0.0
repeat_1_fold_3,BUB3,0.6826612560807632,0.9005159691665746,0.4502579845832873,0.23240327149747592,0.5,0.00010064412238325326,0.5
repeat_1_fold_3,BUD23,0.0,0.0,0.0,0.0,0.0,0.0,0.0
repeat_1_fold_3,C2orf49,0.0,0.0,0.0,0.0,0.0,0.0,0.0
repeat_1_fold_3,C4A,0.17965461921520465,0.3613303602392247,0.18066518011961236,-0.001010560904407709,0.25,0.0003019323671497598,0.5
repeat_1_fold_3,C8A,0.0,0.0,0.0,0.0,0.0,0.0,0.0
repeat_1_fold_3,C9orf78,0.6640760765853777,0.9638502313132526,0.4819251156566263,0.18215096092875138,0.5,-0.0004001552195478375,1.0
repeat_1_fold_3,CA5B,0.0,0.0,0.0,0.0,0.0,0.0,0.0
repeat_1_fold_3,CA6,0.20023082141947057,0.40046164283894115,0.20023082141947057,0.0,0.25,-0.00010064412238325326,0.5
repeat_1_fold_3,CACNA1B,0.13448929268452225,0.36197998754887634,0.18098999377443817,-0.04650070108991591,0.25,0.001101435716250404,1.0
repeat_1_fold_3,CACNA1D,0.0,0.0,0.0,0.0,0.0,0.0,0.0
repeat_1_fold_3,CACNG2,0.0,0.0,0.0,0.0,0.0,0.0,0.0
repeat_1_fold_3,CALM1,0.06702676230900906,0.1115641288634601,0.05578206443173005,0.011244697877279011,0.5,0.0009057971014492794,0.5
repeat_1_fold_3,CALML5,0.0,0.0,0.0,0.0,0.0,0.0,0.0
repeat_1_fold_3,CALU,0.0,0.0,0.0,0.0,0.0,0.0,0.0
repeat_1_fold_3,CAMK4,0.0,0.0,0.0,0.0,0.0,0.0,0.0
repeat_1_fold_3,CAMKK2,-0.021735708103825857,0.1282214868714667,0.06411074343573335,-0.08584645153955921,0.25,0.0003019323671497598,0.5
repeat_1_fold_3,CAPN11,0.0,0.0,0.0,0.0,0.0,0.0,0.0
repeat_1_fold_3,CAPN2,0.0,0.0,0.0,0.0,0.0,0.0,0.0
repeat_1_fold_3,CAPZA1,0.20023082141947057,0.40046164283894115,0.20023082141947057,0.0,0.25,0.0020128824476650375,0.5
repeat_1_fold_3,CARD8,0.0,0.0,0.0,0.0,0.0,0.0,0.0
repeat_1_fold_3,CARS2,0.0,0.0,0.0,0.0,0.0,0.0,0.0
repeat_1_fold_3,CAST,0.0,0.0,0.0,0.0,0.0,0.0,0.0
repeat_1_fold_3,CBLL1,0.03156128525409052,0.06312257050818104,0.03156128525409052,0.0,0.25,-0.0017081252655326146,1.0
repeat_1_fold_3,CBS,0.0,0.0,0.0,0.0,0.0,0.0,0.0
repeat_1_fold_3,CBX2,0.0,0.0,0.0,0.0,0.0,0.0,0.0
repeat_1_fold_3,CBX4,0.0,0.0,0.0,0.0,0.0,0.0,0.0
repeat_1_fold_3,CCKAR,0.0,0.0,0.0,0.0,0.0,0.0,0.0
repeat_1_fold_3,CCL19,-0.03287076436747327,0.06574152873494654,0.03287076436747327,-0.06574152873494654,0.0,0.0021090875750755106,1.0
repeat_1_fold_3,CCL4,0.019377159692011148,0.031746279474379586,0.015873139737189793,0.0035040199548213545,0.5,0.0031074578989574997,0.5
repeat_1_fold_3,CCND1,0.0,0.0,0.0,0.0,0.0,0.0,0.0
repeat_1_fold_3,CCNE1,0.0,0.0,0.0,0.0,0.0,0.0,0.0
repeat_1_fold_3,CCNG1,0.0,0.0,0.0,0.0,0.0,0.0,0.0
repeat_1_fold_3,CCR10,0.0,0.0,0.0,0.0,0.0,0.0,0.0
repeat_1_fold_3,CCT6A,0.0,0.0,0.0,0.0,0.0,0.0003019323671497598,0.5
repeat_1_fold_3,CD14,0.0,0.0,0.0,0.0,0.0,-0.00040257648953301306,0.5
repeat_1_fold_3,CD163,0.0,0.0,0.0,0.0,0.0,0.0,0.0
repeat_1_fold_3,CD177,0.0,0.0,0.0,0.0,0.0,0.0,0.0
repeat_1_fold_3,CD1D,0.0,0.0,0.0,0.0,0.0,0.0,0.0
repeat_1_fold_3,CD200,0.0,0.0,0.0,0.0,0.0,0.0,0.0
repeat_1_fold_3,CD2BP2,-0.03287076436747327,0.06574152873494654,0.03287076436747327,-0.06574152873494654,0.0,-0.0017109500805153055,0.5
repeat_1_fold_3,CD36,0.0,0.0,0.0,0.0,0.0,-0.000400962309542896,0.5
repeat_1_fold_3,CD48,0.0,0.0,0.0,0.0,0.0,0.0,0.0
repeat_1_fold_3,CD55,0.0,0.0,0.0,0.0,0.0,0.0,0.0
repeat_1_fold_3,CD68,0.0,0.0,0.0,0.0,0.0,0.0,0.0
repeat_1_fold_3,CD72,0.0,0.0,0.0,0.0,0.0,0.0,0.0
repeat_1_fold_3,CDC20,0.0,0.0,0.0,0.0,0.0,0.0,0.0
repeat_1_fold_3,CDH11,0.0,0.0,0.0,0.0,0.0,0.0,0.0
repeat_1_fold_3,CDK1,0.1590776169489132,0.535887750665184,0.267943875332592,-0.1088662583836788,0.25,-0.0003019323671497598,0.5
repeat_1_fold_3,CDK12,0.041248055207127265,0.07523274741452188,0.03761637370726094,0.0036316814998663266,0.5,0.0016046563281666704,1.0
repeat_1_fold_3,CDK5R1,0.0,0.0,0.0,0.0,0.0,0.0,0.0
repeat_1_fold_3,CDK6,0.0,0.0,0.0,0.0,0.0,0.0,0.0
repeat_1_fold_3,CDK8,0.0,0.0,0.0,0.0,0.0,0.0,0.0
repeat_1_fold_3,CDKN1A,0.1862505477454679,0.4269912569704597,0.21349562848522985,-0.02724508073976195,0.25,-0.0016103059581320522,0.5
repeat_1_fold_3,CDKN1C,0.0,0.0,0.0,0.0,0.0,0.0,0.0
repeat_1_fold_3,CDKN2B,0.0,0.0,0.0,0.0,0.0,0.0,0.0
repeat_1_fold_3,CEBPB,-0.010060418256953696,0.0939010942680061,0.04695054713400305,-0.05701096539095674,0.25,-0.000601443464314344,0.5
repeat_1_fold_3,CEBPE,0.0,0.0,0.0,0.0,0.0,0.0,0.0
repeat_1_fold_3,CEP131,-0.09262055617171505,0.11476938565029916,0.05738469282514958,-0.15000524899686463,0.0,0.002806736166800314,0.5
repeat_1_fold_3,CEP162,0.0,0.0,0.0,0.0,0.0,0.0,0.0
repeat_1_fold_3,CEP164,0.0,0.0,0.0,0.0,0.0,0.0,0.0
repeat_1_fold_3,CEP97,0.0,0.0,0.0,0.0,0.0,0.0,0.0
repeat_1_fold_3,CERT1,0.0,0.0,0.0,0.0,0.0,0.0,0.0
repeat_1_fold_3,CES3,0.0,0.0,0.0,0.0,0.0,0.0,0.0
repeat_1_fold_3,CHCHD3,0.0,0.0,0.0,0.0,0.0,0.0,0.0
repeat_1_fold_3,CHI3L1,0.0,0.0,0.0,0.0,0.0,0.0,0.0
repeat_1_fold_3,CHIA,-0.05269010281169706,0.10538020562339412,0.05269010281169706,-0.10538020562339412,0.0,-0.0005032206119162663,0.5
repeat_1_fold_3,CHL1,-0.16182210542540076,0.3547703713646384,0.1773851856823192,-0.33920729110771997,0.25,0.002214170692431544,0.5
repeat_1_fold_3,CHMP5,0.0,0.0,0.0,0.0,0.0,0.0,0.0
repeat_1_fold_3,CHMP6,-0.0820760957410549,0.1641521914821098,0.0820760957410549,-0.1641521914821098,0.0,0.0023148148148147973,0.5
repeat_1_fold_3,CHST10,-1.3639029011919295,1.5768839981027334,0.7884419990513667,-2.152344900243296,0.0,-0.002214170692431572,0.5
repeat_1_fold_3,CHST11,-0.09409274044836202,0.16653569233529614,0.08326784616764807,-0.1773605866160101,0.5,-0.003309956778716594,1.0
repeat_1_fold_3,CHTOP,0.0,0.0,0.0,0.0,0.0,0.0,0.0
repeat_1_fold_3,CIB2,0.0,0.0,0.0,0.0,0.0,0.0,0.0
repeat_1_fold_3,CKM,0.0,0.0,0.0,0.0,0.0,0.0,0.0
repeat_1_fold_3,CLCN3,-1.4053413283954832,1.6266587433188593,0.8133293716594296,-2.218670700054913,0.0,0.004227053140096582,0.5
repeat_1_fold_3,CLCNKA,0.5685807189711802,0.7050962277518105,0.35254811387590523,0.216032605095275,0.5,0.002113526570048291,0.5
repeat_1_fold_3,CLPS,0.0,0.0,0.0,0.0,0.0,0.0,0.0
repeat_1_fold_3,COL21A1,0.0,0.0,0.0,0.0,0.0,0.0,0.0
repeat_1_fold_3,COL3A1,0.0,0.0,0.0,0.0,0.0,0.0,0.0
repeat_1_fold_3,COMMD3,0.18606780043366555,0.3927354800377354,0.1963677400188677,-0.010299939585202145,0.5,0.0026018160170560717,1.0
repeat_1_fold_3,COMT,0.0,0.0,0.0,0.0,0.0,0.0,0.0
repeat_1_fold_3,COPG1,0.0,0.0,0.0,0.0,0.0,0.0,0.0
repeat_1_fold_3,COQ10B,0.0,0.0,0.0,0.0,0.0,0.0,0.0
repeat_1_fold_3,COQ8B,0.0,0.0,0.0,0.0,0.0,0.0,0.0
repeat_1_fold_3,COX16,0.0,0.0,0.0,0.0,0.0,0.0,0.0
repeat_1_fold_3,CPNE3,0.0,0.0,0.0,0.0,0.0,0.0,0.0
repeat_1_fold_3,CPNE6,0.0,0.0,0.0,0.0,0.0,0.0,0.0
repeat_1_fold_3,CPS1,0.0,0.0,0.0,0.0,0.0,0.0,0.0
repeat_1_fold_3,CRADD,0.0,0.0,0.0,0.0,0.0,0.0,0.0
repeat_1_fold_3,CREB1,0.0,0.0,0.0,0.0,0.0,0.0,0.0
repeat_1_fold_3,CREB3,0.0,0.0,0.0,0.0,0.0,0.0,0.0
repeat_1_fold_3,CRYM,0.12670893680525097,0.14631087754648583,0.07315543877324292,0.053553498032008054,0.5,-0.0014090177133655457,0.5
repeat_1_fold_3,CSAD,-0.03995140101494421,0.26767785117169185,0.13383892558584592,-0.17379032660079013,0.25,-0.0005032206119162663,0.5
repeat_1_fold_3,CSF2RB,0.0,0.0,0.0,0.0,0.0,0.0,0.0
repeat_1_fold_3,CSNK1D,0.0,0.0,0.0,0.0,0.0,0.0,0.0
repeat_1_fold_3,CSRP1,0.0,0.0,0.0,0.0,0.0,0.0,0.0
repeat_1_fold_3,CSTA,0.0,0.0,0.0,0.0,0.0,0.0,0.0
repeat_1_fold_3,CTBP2,0.0,0.0,0.0,0.0,0.0,0.0,0.0
repeat_1_fold_3,CTCF,0.0,0.0,0.0,0.0,0.0,0.0,0.0
repeat_1_fold_3,CTDP1,0.0,0.0,0.0,0.0,0.0,0.0,0.0
repeat_1_fold_3,CTPS2,0.0,0.0,0.0,0.0,0.0,0.0,0.0
repeat_1_fold_3,CTSB,0.0,0.0,0.0,0.0,0.0,0.0,0.0
repeat_1_fold_3,CTSE,0.0,0.0,0.0,0.0,0.0,0.0,0.0
repeat_1_fold_3,CTSK,0.0,0.0,0.0,0.0,0.0,0.0,0.0
repeat_1_fold_3,CTSL,0.0,0.0,0.0,0.0,0.0,0.0,0.0
repeat_1_fold_3,CTSW,-0.09675065121028403,0.12174566704248582,0.06087283352124291,-0.15762348473152693,0.0,0.0019041674253312685,1.0
repeat_1_fold_3,CXCL9,-0.176030303111121,0.32871677524311355,0.16435838762155677,-0.34038869073267775,0.0,0.000300721732157172,0.5
repeat_1_fold_3,CYP2R1,0.0,0.0,0.0,0.0,0.0,0.0,0.0
repeat_1_fold_3,CYP3A5,0.0,0.0,0.0,0.0,0.0,0.0,0.0
repeat_1_fold_3,CYP4B1,0.0,0.0,0.0,0.0,0.0,0.0,0.0
repeat_1_fold_3,CYP4F3,0.0,0.0,0.0,0.0,0.0,0.0,0.0
repeat_1_fold_3,DAG1,-1.4603445377732136,1.6873263185747713,0.8436631592873857,-2.3040076970605994,0.0,-0.0037089013632718437,0.5
repeat_1_fold_3,DAPK2,0.6225628010256656,0.8416664642518856,0.4208332321259428,0.20172956889972282,0.75,0.0020056186377095386,1.0
repeat_1_fold_3,DAPK3,0.07010063267380673,0.16022444735212885,0.08011222367606442,-0.010011591002257694,0.5,-0.00010387248236347346,1.0
repeat_1_fold_3,DARS2,0.0,0.0,0.0,0.0,0.0,0.0023055332798716938,0.5
repeat_1_fold_3,DCAF4,0.0,0.0,0.0,0.0,0.0,0.0,0.0
repeat_1_fold_3,DCAKD,0.0,0.0,0.0,0.0,0.0,0.0,0.0
repeat_1_fold_3,DCLRE1C,0.0,0.0,0.0,0.0,0.0,0.0,0.0
repeat_1_fold_3,DCTN4,0.0,0.0,0.0,0.0,0.0,0.0,0.0
repeat_1_fold_3,DDX3X,0.0,0.0,0.0,0.0,0.0,0.0,0.0
repeat_1_fold_3,DDX5,0.0,0.0,0.0,0.0,0.0,0.0,0.0
repeat_1_fold_3,DEFA5,0.0,0.0,0.0,0.0,0.0,0.0,0.0
repeat_1_fold_3,DEK,0.0,0.0,0.0,0.0,0.0,0.0,0.0
repeat_1_fold_3,DENND5A,0.0,0.0,0.0,0.0,0.0,0.0,0.0
repeat_1_fold_3,DES,0.06335446840262549,0.12670893680525097,0.06335446840262549,0.0,0.25,-0.0005032206119162663,0.5
repeat_1_fold_3,DFFB,0.0,0.0,0.0,0.0,0.0,0.0,0.0
repeat_1_fold_3,DHCR24,0.0,0.0,0.0,0.0,0.0,0.0,0.0
repeat_1_fold_3,DHDDS,0.0,0.0,0.0,0.0,0.0,0.0,0.0
repeat_1_fold_3,DHPS,-0.03356056492068937,0.06712112984137875,0.03356056492068937,-0.06712112984137875,0.0,0.0015036086607858878,0.5
repeat_1_fold_3,DHRS3,0.0,0.0,0.0,0.0,0.0,0.0,0.0
repeat_1_fold_3,DIO1,-0.08091234765597655,0.09610552104030218,0.04805276052015109,-0.12896510817612764,0.0,0.00280552553180774,1.0
repeat_1_fold_3,DKK1,0.0,0.0,0.0,0.0,0.0,0.0,0.0
repeat_1_fold_3,DLAT,-0.01981933844422379,0.03963867688844758,0.01981933844422379,-0.03963867688844758,0.0,0.0006038647342995196,0.5
repeat_1_fold_3,DLG5,0.0,0.0,0.0,0.0,0.0,0.0,0.0
repeat_1_fold_3,DMRT1,0.06335446840262549,0.12670893680525097,0.06335446840262549,0.0,0.25,-0.0007037017666877143,1.0
repeat_1_fold_3,DNM1,0.0,0.0,0.0,0.0,0.0,0.0,0.0
repeat_1_fold_3,DNM1L,0.0,0.0,0.0,0.0,0.0,0.0,0.0
repeat_1_fold_3,DNMT1,0.07749760025745012,0.10764330048069243,0.053821650240346214,0.023675950017103903,0.5,0.007417802726543715,0.5
repeat_1_fold_3,DOCK3,0.0,0.0,0.0,0.0,0.0,0.0,0.0
repeat_1_fold_3,DOHH,0.0,0.0,0.0,0.0,0.0,0.0,0.0
repeat_1_fold_3,DPH1,0.0,0.0,0.0,0.0,0.0,0.0,0.0
repeat_1_fold_3,DPM1,0.0,0.0,0.0,0.0,0.0,0.0,0.0
repeat_1_fold_3,DPM3,-0.09998886534862628,0.19997773069725255,0.09998886534862628,-0.19997773069725255,0.0,-0.001503608660785874,0.5
repeat_1_fold_3,DRD1,0.0,0.0,0.0,0.0,0.0,0.0,0.0
repeat_1_fold_3,DRD4,0.0,0.0,0.0,0.0,0.0,0.0,0.0
repeat_1_fold_3,DSC2,-0.03022957268044202,0.06045914536088403,0.030229572680442015,-0.06045914536088404,0.0,-0.00010064412238325326,0.5
repeat_1_fold_3,DVL3,0.0,0.0,0.0,0.0,0.0,0.0,0.0
repeat_1_fold_3,DYNC1H1,-0.015989548967988654,0.11716459917755272,0.05858229958877636,-0.07457184855676502,0.25,0.0,0.5
repeat_1_fold_3,DYNC1I2,0.0,0.0,0.0,0.0,0.0,0.0,0.0
repeat_1_fold_3,DYNC1LI1,0.0,0.0,0.0,0.0,0.0,0.0,0.0
repeat_1_fold_3,EBAG9,-0.0928196076585035,0.12037775321306761,0.060188876606533805,-0.1530084842650373,0.0,0.0024057738572574178,0.5
repeat_1_fold_3,EBF2,0.0,0.0,0.0,0.0,0.0,0.0,0.0
repeat_1_fold_3,ECSIT,0.0,0.0,0.0,0.0,0.0,0.0,0.0
repeat_1_fold_3,EDA2R,0.0,0.0,0.0,0.0,0.0,0.0,0.0
repeat_1_fold_3,EDC3,0.0,0.0,0.0,0.0,0.0,0.0019045709703287977,0.5
repeat_1_fold_3,EDIL3,0.0,0.0,0.0,0.0,0.0,0.0,0.0
repeat_1_fold_3,EEA1,-0.03356056492068937,0.06712112984137875,0.03356056492068937,-0.06712112984137875,0.0,0.0029069767441860517,0.5
repeat_1_fold_3,EEF1D,0.0,0.0,0.0,0.0,0.0,0.0,0.0
repeat_1_fold_3,EEF1E1,0.0,0.0,0.0,0.0,0.0,0.0,0.0
repeat_1_fold_3,EGF,0.0,0.0,0.0,0.0,0.0,0.0,0.0
repeat_1_fold_3,EGLN1,0.22588922463391548,0.45177844926783095,0.22588922463391548,0.0,0.25,-0.0006038647342995196,0.5
repeat_1_fold_3,EIF1AX,0.0,0.0,0.0,0.0,0.0,0.0,0.0
repeat_1_fold_3,EIF2AK2,0.0,0.0,0.0,0.0,0.0,0.0,0.0
repeat_1_fold_3,EIF3B,0.0,0.0,0.0,0.0,0.0,0.0,0.0
repeat_1_fold_3,EIF3F,0.0,0.0,0.0,0.0,0.0,0.0,0.0
repeat_1_fold_3,EIF4A2,0.16347216574422418,0.1887613977948779,0.09438069889743896,0.06909146684678523,0.5,0.00010064412238325326,0.5
repeat_1_fold_3,EIF4EBP1,0.0,0.0,0.0,0.0,0.0,0.0,0.0
repeat_1_fold_3,ELF3,0.03048370403515399,0.06096740807030798,0.03048370403515399,0.0,0.25,0.0015096618357487712,0.5
repeat_1_fold_3,ELMO2,0.0,0.0,0.0,0.0,0.0,0.0,0.0
repeat_1_fold_3,ENO1,0.0,0.0,0.0,0.0,0.0,0.0,0.0
repeat_1_fold_3,ENPP3,0.0,0.0,0.0,0.0,0.0,0.0,0.0
repeat_1_fold_3,ENSA,0.0,0.0,0.0,0.0,0.0,0.0,0.0
repeat_1_fold_3,ENTPD2,-0.013791217814599577,0.027582435629199157,0.013791217814599578,-0.027582435629199153,0.0,0.0016038492381716118,0.5
repeat_1_fold_3,ENTPD7,0.0,0.0,0.0,0.0,0.0,0.0,0.0
repeat_1_fold_3,EPHA1,0.0,0.0,0.0,0.0,0.0,0.0,0.0
repeat_1_fold_3,EPOR,-0.03356056492068937,0.06712112984137875,0.03356056492068937,-0.06712112984137875,0.0,0.0024057738572574178,0.5
repeat_1_fold_3,EPRS1,0.0,0.0,0.0,0.0,0.0,0.0,0.0
repeat_1_fold_3,EPS15L1,0.0,0.0,0.0,0.0,0.0,0.0,0.0
repeat_1_fold_3,EPS8L2,0.0,0.0,0.0,0.0,0.0,0.0,0.0
repeat_1_fold_3,ERCC1,0.0,0.0,0.0,0.0,0.0,0.0,0.0
repeat_1_fold_3,ERCC2,0.0,0.0,0.0,0.0,0.0,0.0,0.0
repeat_1_fold_3,ERN1,0.0,0.0,0.0,0.0,0.0,0.0,0.0
repeat_1_fold_3,ESRP1,-0.06045914536088404,0.06981220769816222,0.03490610384908111,-0.09536524920996514,0.0,-0.0003019323671497598,0.5
repeat_1_fold_3,ETNK1,0.0,0.0,0.0,0.0,0.0,0.0,0.0
repeat_1_fold_3,ETV4,-0.11427350365959832,0.1568492661644703,0.07842463308223516,-0.19269813674183348,0.0,0.001811594202898531,0.5
repeat_1_fold_3,EYA3,0.0,0.0,0.0,0.0,0.0,0.0,0.0
repeat_1_fold_3,EYA4,0.0,0.0,0.0,0.0,0.0,0.0,0.0
repeat_1_fold_3,EZH1,0.0,0.0,0.0,0.0,0.0,0.0,0.0
repeat_1_fold_3,F2RL3,0.05129319072372773,0.27037874243155147,0.13518937121577573,-0.083896180492048,0.25,-0.000100240577385724,0.5
repeat_1_fold_3,FAM114A2,0.0,0.0,0.0,0.0,0.0,0.0,0.5
repeat_1_fold_3,FAM131B,0.0,0.0,0.0,0.0,0.0,0.0,0.0
repeat_1_fold_3,FANCA,0.0,0.0,0.0,0.0,0.0,0.0,0.0
repeat_1_fold_3,FANCI,0.0,0.0,0.0,0.0,0.0,0.0,0.0
repeat_1_fold_3,FARP2,0.0,0.0,0.0,0.0,0.0,0.0,0.0
repeat_1_fold_3,FBXL12,0.0,0.0,0.0,0.0,0.0,0.0,0.0
repeat_1_fold_3,FBXO2,0.0,0.0,0.0,0.0,0.0,0.0,0.0
repeat_1_fold_3,FBXW4,-0.06712112984137875,0.07750480476446368,0.03875240238223184,-0.1058735322236106,0.0,-0.0008019246190858059,0.5
repeat_1_fold_3,FBXW7,0.0,0.0,0.0,0.0,0.0,0.0,0.0
repeat_1_fold_3,FCGR2A,0.0,0.0,0.0,0.0,0.0,0.0,0.0
repeat_1_fold_3,FDXR,-0.06479007047526508,0.07812936801492831,0.03906468400746416,-0.10385475448272924,0.0,0.002806736166800314,0.5
repeat_1_fold_3,FGF1,0.0,0.0,0.0,0.0,0.0,0.0,0.0
repeat_1_fold_3,FGF3,0.14017155057705644,0.16410620229752337,0.08205310114876169,0.05811844942829475,0.5,0.0008019246190858059,0.5
repeat_1_fold_3,FGF9,0.0,0.0,0.0,0.0,0.0,0.0,0.0
repeat_1_fold_3,FGG,0.0,0.0,0.0,0.0,0.0,0.0,0.0
repeat_1_fold_3,FOLH1,0.0,0.0,0.0,0.0,0.0,0.0,0.0
repeat_1_fold_3,FOXG1,0.0,0.0,0.0,0.0,0.0,0.0,0.0
repeat_1_fold_3,FOXO1,0.0,0.0,0.0,0.0,0.0,0.0,0.0
repeat_1_fold_3,FPGS,-0.11494686010852817,0.15515630793913385,0.07757815396956692,-0.19252501407809508,0.0,-0.0010064412238325326,0.5
repeat_1_fold_3,FRAT2,0.0,0.0,0.0,0.0,0.0,0.0,0.0
repeat_1_fold_3,FSCN1,0.0,0.0,0.0,0.0,0.0,0.0,0.0
repeat_1_fold_3,FUCA1,-0.0746196107407826,0.6410971798905409,0.32054858994527047,-0.3951682006860531,0.25,0.0027173913043478104,0.5
repeat_1_fold_3,FURIN,0.0,0.0,0.0,0.0,0.0,0.0,0.0
repeat_1_fold_3,FUS,0.0,0.0,0.0,0.0,0.0,0.00010064412238325326,0.5
repeat_1_fold_3,FZD2,0.0,0.0,0.0,0.0,0.0,0.0,0.0
repeat_1_fold_3,FZR1,-0.03287076436747327,0.06574152873494654,0.03287076436747327,-0.06574152873494654,0.0,0.00040257648953301306,0.5
repeat_1_fold_3,G3BP1,0.0,0.0,0.0,0.0,0.0,0.0,0.0
repeat_1_fold_3,G6PC2,0.0,0.0,0.0,0.0,0.0,0.0,0.0
repeat_1_fold_3,GAB1,0.0,0.0,0.0,0.0,0.0,0.0,0.0
repeat_1_fold_3,GABARAPL2,0.0,0.0,0.0,0.0,0.0,0.0,0.0
repeat_1_fold_3,GABPA,0.0,0.0,0.0,0.0,0.0,0.0,0.0
repeat_1_fold_3,GABRR1,-0.05053694108807605,0.06433301949232616,0.03216650974616308,-0.08270345083423913,0.0,0.0023055332798716938,0.5
repeat_1_fold_3,GAD2,0.0,0.0,0.0,0.0,0.0,0.0,0.0
repeat_1_fold_3,GAL,0.0,0.0,0.0,0.0,0.0,0.0,0.0
repeat_1_fold_3,GALNS,0.0,0.0,0.0,0.0,0.0,0.0,0.0
repeat_1_fold_3,GALNT8,0.0,0.0,0.0,0.0,0.0,0.0,0.0
repeat_1_fold_3,GAMT,-0.03929064414493055,0.0785812882898611,0.03929064414493055,-0.0785812882898611,0.0,0.004210104250200478,0.5
repeat_1_fold_3,GARS1,0.0,0.0,0.0,0.0,0.0,0.0,0.0
repeat_1_fold_3,GAS1,0.0,0.0,0.0,0.0,0.0,0.0,0.0
repeat_1_fold_3,GCGR,0.0,0.0,0.0,0.0,0.0,0.0,0.0
repeat_1_fold_3,GCN1,0.135203342768218,0.15911749161047514,0.07955874580523757,0.05564459696298042,0.75,0.0014049822633902809,1.0
repeat_1_fold_3,GDI2,0.0,0.0,0.0,0.0,0.0,0.0,0.0
repeat_1_fold_3,GDPD3,0.0,0.0,0.0,0.0,0.0,0.0,0.0
repeat_1_fold_3,GFPT2,0.0,0.0,0.0,0.0,0.0,0.0,0.0
repeat_1_fold_3,GID4,0.0,0.0,0.0,0.0,0.0,0.0,0.0
repeat_1_fold_3,GIT2,0.1726977367995044,0.46372213721061345,0.23186106860530672,-0.05916333180580233,0.25,0.0012077294685990392,0.5
repeat_1_fold_3,GJA8,0.0,0.0,0.0,0.0,0.0,0.0,0.0
repeat_1_fold_3,GJA9,0.0,0.0,0.0,0.0,0.0,0.0,0.0
repeat_1_fold_3,GLA,0.0,0.0,0.0,0.0,0.0,0.0,0.0
repeat_1_fold_3,GLYAT,0.0,0.0,0.0,0.0,0.0,0.0,0.0
repeat_1_fold_3,GNA14,0.0,0.0,0.0,0.0,0.0,-0.00020128824476650653,0.5
repeat_1_fold_3,GNAI3,0.0,0.0,0.0,0.0,0.0,0.0,0.0
repeat_1_fold_3,GNB5,0.0,0.0,0.0,0.0,0.0,0.0,0.0
repeat_1_fold_3,GNPDA1,0.0,0.0,0.0,0.0,0.0,0.0,0.0
repeat_1_fold_3,GORASP2,0.3359707862926111,0.4049275522337292,0.2024637761168646,0.1335070101757465,0.5,0.0037089013632718576,0.5
repeat_1_fold_3,GPKOW,0.0,0.0,0.0,0.0,0.0,0.0,0.0
repeat_1_fold_3,GPR143,0.0,0.0,0.0,0.0,0.0,0.0,0.0
repeat_1_fold_3,GPR37,0.0,0.0,0.0,0.0,0.0,0.0,0.0
repeat_1_fold_3,GRAP,-0.0215729885674385,0.12792419725462373,0.06396209862731186,-0.08553508719475036,0.25,-0.0024154589371980784,0.5
repeat_1_fold_3,GRIA1,0.0,0.0,0.0,0.0,0.0,0.0,0.0
repeat_1_fold_3,GRIK3,0.0,0.0,0.0,0.0,0.0,0.0,0.0
repeat_1_fold_3,GRIK4,0.0,0.0,0.0,0.0,0.0,0.0,0.0
repeat_1_fold_3,GRIP2,0.0,0.0,0.0,0.0,0.0,0.0,0.0
repeat_1_fold_3,GRK3,0.0,0.0,0.0,0.0,0.0,0.0,0.0
repeat_1_fold_3,GRM6,0.0,0.0,0.0,0.0,0.0,0.0,0.0
repeat_1_fold_3,GRM7,0.0,0.0,0.0,0.0,0.0,0.0,0.5
repeat_1_fold_3,GSTM2,0.0,0.0,0.0,0.0,0.0,0.0,0.0
repeat_1_fold_3,GTF3C4,0.0,0.0,0.0,0.0,0.0,0.0,0.0
repeat_1_fold_3,GUCY1B1,0.0,0.0,0.0,0.0,0.0,0.0,0.0
repeat_1_fold_3,GUSB,0.0,0.0,0.0,0.0,0.0,0.0,0.0
repeat_1_fold_3,H1-2,0.0,0.0,0.0,0.0,0.0,0.0,0.0
repeat_1_fold_3,H1-4,0.0,0.0,0.0,0.0,0.0,0.0,0.0
repeat_1_fold_3,H2AC4,0.0,0.0,0.0,0.0,0.0,0.0,0.0
repeat_1_fold_3,H2AC6,0.07612457663893935,0.10033788411534546,0.05016894205767273,0.025955634581266616,0.5,-0.000100240577385724,0.5
repeat_1_fold_3,H2AC8,0.0,0.0,0.0,0.0,0.0,0.0,0.0
repeat_1_fold_3,H2AX,0.0,0.0,0.0,0.0,0.0,0.0,0.0
repeat_1_fold_3,H2BC21,0.0,0.0,0.0,0.0,0.0,0.0,0.0
repeat_1_fold_3,H2BC3,0.025299469463025304,0.146409091504885,0.0732045457524425,-0.04790507628941719,0.5,0.0020048115477145217,1.0
repeat_1_fold_3,H2BC4,0.038433518393510724,0.3243507121820624,0.1621753560910312,-0.12374183769752048,0.25,-0.0021050521251002458,0.5
repeat_1_fold_3,H2BC8,-0.02549942633033453,0.05099885266066906,0.02549942633033453,-0.05099885266066906,0.0,0.0004009623095429099,0.5
repeat_1_fold_3,H2BC9,-0.02549942633033453,0.05099885266066906,0.02549942633033453,-0.05099885266066906,0.0,-0.000200481154771448,0.5
repeat_1_fold_3,H3C1,-0.13128142711463653,0.16081371170999703,0.08040685585499852,-0.21168828296963504,0.0,0.0003019323671497598,0.5
repeat_1_fold_3,H3C2,0.0,0.0,0.0,0.0,0.0,0.0,0.0
repeat_1_fold_3,H3C7,0.0,0.0,0.0,0.0,0.0,0.0,0.0
repeat_1_fold_3,HARS2,0.0,0.0,0.0,0.0,0.0,0.0,0.0
repeat_1_fold_3,HBA2,0.0,0.0,0.0,0.0,0.0,0.0,0.0
repeat_1_fold_3,HEBP2,0.0,0.0,0.0,0.0,0.0,0.0,0.0
repeat_1_fold_3,HERC1,0.0,0.0,0.0,0.0,0.0,0.0,0.0
repeat_1_fold_3,HES1,-0.10508642361171106,0.3671166529987886,0.1835583264993943,-0.28864475011110535,0.25,0.0025060144346431418,0.5
repeat_1_fold_3,HEY2,0.0,0.0,0.0,0.0,0.0,0.0,0.0
repeat_1_fold_3,HIKESHI,0.0,0.0,0.0,0.0,0.0,0.0,0.0
repeat_1_fold_3,HLA-DMA,0.0,0.0,0.0,0.0,0.0,0.0,0.0
repeat_1_fold_3,HMGA1,0.0,0.0,0.0,0.0,0.0,0.0,0.0
repeat_1_fold_3,HNF4A,0.0,0.0,0.0,0.0,0.0,0.0,0.0
repeat_1_fold_3,HNRNPC,0.0,0.0,0.0,0.0,0.0,0.0,0.0
repeat_1_fold_3,HNRNPH1,0.0,0.0,0.0,0.0,0.0,0.0,0.0
repeat_1_fold_3,HNRNPR,-0.1194664821831335,0.18311469535103544,0.09155734767551772,-0.2110238298586512,0.0,0.0014090177133655457,0.5
repeat_1_fold_3,HOMER3,0.0,0.0,0.0,0.0,0.0,0.0,0.0
repeat_1_fold_3,HOXA3,0.0,0.0,0.0,0.0,0.0,0.0,0.0
repeat_1_fold_3,HPS1,0.0,0.0,0.0,0.0,0.0,0.0,0.0
repeat_1_fold_3,HSD17B3,0.0,0.0,0.0,0.0,0.0,0.0,0.0
repeat_1_fold_3,HSP90AB1,-1.2940548975501187,1.5059976793165408,0.7529988396582704,-2.047053737208389,0.0,-0.004126409017713384,0.5
repeat_1_fold_3,HSPA4L,0.0,0.0,0.0,0.0,0.0,-0.0003019323671497598,0.5
repeat_1_fold_3,HTATSF1,0.0,0.0,0.0,0.0,0.0,-0.0010064412238325326,0.5
repeat_1_fold_3,IARS1,0.0,0.0,0.0,0.0,0.0,0.0,0.0
repeat_1_fold_3,ID3,0.0,0.0,0.0,0.0,0.0,0.0,0.0
repeat_1_fold_3,IDS,0.0,0.0,0.0,0.0,0.0,0.0,0.0
repeat_1_fold_3,IDUA,0.0,0.0,0.0,0.0,0.0,0.0,0.0
repeat_1_fold_3,IFITM3,0.0,0.0,0.0,0.0,0.0,0.0,0.0
repeat_1_fold_3,IFNA17,0.0,0.0,0.0,0.0,0.0,0.0,0.0
repeat_1_fold_3,IFT122,0.0,0.0,0.0,0.0,0.0,0.0,0.0
repeat_1_fold_3,IFT74,-0.013791217814599577,0.027582435629199157,0.013791217814599578,-0.027582435629199153,0.0,0.001403771628397693,1.0
repeat_1_fold_3,IGFBP2,-0.08475846906814866,0.10636064162479318,0.05318032081239659,-0.13793878988054525,0.0,0.0018043303929430599,0.5
repeat_1_fold_3,IGLL1,0.0,0.0,0.0,0.0,0.0,0.0,0.0
repeat_1_fold_3,IGLV3-19,-0.1268342759607588,0.10423289497446724,0.05211644748723362,-0.17895072344799243,0.0,0.0018067516629282354,1.0
repeat_1_fold_3,IGLV3-25,0.0,0.0,0.0,0.0,0.0,0.0,0.0
repeat_1_fold_3,IL17RB,0.04874834829627517,0.09749669659255034,0.04874834829627517,0.0,0.25,0.000400962309542896,0.5
repeat_1_fold_3,IL1R2,0.0,0.0,0.0,0.0,0.0,0.0,0.0
repeat_1_fold_3,IL2RB,0.0,0.0,0.0,0.0,0.0,0.0,0.0
repeat_1_fold_3,ING2,0.0,0.0,0.0,0.0,0.0,0.0,0.0
repeat_1_fold_3,INHA,0.0,0.0,0.0,0.0,0.0,0.0,0.0
repeat_1_fold_3,INSIG2,0.0,0.0,0.0,0.0,0.0,0.0,0.0
repeat_1_fold_3,INTS3,-0.007672081040187351,0.015344162080374701,0.007672081040187351,-0.015344162080374701,0.0,-0.00019886697478133097,1.0
repeat_1_fold_3,INTS7,0.025888483880500246,0.05177696776100049,0.025888483880500246,0.0,0.25,0.0,0.5
repeat_1_fold_3,IPPK,0.0,0.0,0.0,0.0,0.0,0.0,0.0
repeat_1_fold_3,IQCB1,0.0,0.0,0.0,0.0,0.0,0.0,0.0
repeat_1_fold_3,IQCE,-0.11155302959592994,0.3095721402451682,0.1547860701225841,-0.26633909971851405,0.25,0.0054129911788291935,0.5
repeat_1_fold_3,IQGAP2,0.216220863814522,0.4646843445920354,0.2323421722960177,-0.016121308481495705,0.5,0.0002914401972140407,1.0
repeat_1_fold_3,IRAK3,0.2739985812660155,0.47638791411633674,0.23819395705816837,0.035804624207847136,0.5,-0.002815614156745916,1.0
repeat_1_fold_3,IRF7,0.0,0.0,0.0,0.0,0.0,0.0,0.0
repeat_1_fold_3,ISCA1,0.0,0.0,0.0,0.0,0.0,0.0,0.0
repeat_1_fold_3,ITGA10,0.0,0.0,0.0,0.0,0.0,0.0,0.0
repeat_1_fold_3,ITGA8,0.024189947216950003,0.14949021943539503,0.07474510971769752,-0.050555162500747514,0.25,-0.0013059523209971169,1.0
repeat_1_fold_3,ITGA9,0.0,0.0,0.0,0.0,0.0,0.0,0.0
repeat_1_fold_3,ITPA,0.0,0.0,0.0,0.0,0.0,0.0,0.0
repeat_1_fold_3,KAT8,0.353610604797467,0.40848418350781346,0.20424209175390673,0.14936851304356025,0.5,-0.0008051529790660261,0.5
repeat_1_fold_3,KCNA5,0.0,0.0,0.0,0.0,0.0,0.0,0.0
repeat_1_fold_3,KCNB1,0.0,0.0,0.0,0.0,0.0,0.0,0.0
repeat_1_fold_3,KCNG2,0.0,0.0,0.0,0.0,0.0,0.0,0.0
repeat_1_fold_3,KCNJ15,0.0,0.0,0.0,0.0,0.0,0.0,0.0
repeat_1_fold_3,KCNK7,0.0,0.0,0.0,0.0,0.0,0.0,0.0
repeat_1_fold_3,KCNQ1,0.0,0.0,0.0,0.0,0.0,0.0,0.0
repeat_1_fold_3,KDM3A,0.0,0.0,0.0,0.0,0.0,0.0,0.0
repeat_1_fold_3,KDM5D,0.0,0.0,0.0,0.0,0.0,0.0,0.0
repeat_1_fold_3,KIF14,0.0,0.0,0.0,0.0,0.0,0.0,0.0
repeat_1_fold_3,KIF1A,0.0,0.0,0.0,0.0,0.0,0.0,0.0
repeat_1_fold_3,KIF2C,0.0,0.0,0.0,0.0,0.0,0.0,0.0
repeat_1_fold_3,KIF3A,0.0,0.0,0.0,0.0,0.0,0.0,0.0
repeat_1_fold_3,KIF4A,0.0,0.0,0.0,0.0,0.0,0.0,0.0
repeat_1_fold_3,KIR2DS4,0.0,0.0,0.0,0.0,0.0,0.0,0.0
repeat_1_fold_3,KIR3DS1,0.0,0.0,0.0,0.0,0.0,0.0,0.0
repeat_1_fold_3,KLC1,0.0,0.0,0.0,0.0,0.0,0.0,0.0
repeat_1_fold_3,KLHDC10,0.0,0.0,0.0,0.0,0.0,0.0,0.0
repeat_1_fold_3,KLHDC3,0.0,0.0,0.0,0.0,0.0,0.0,0.0
repeat_1_fold_3,KLHL21,0.30913635693253383,0.32951251060933695,0.16475625530466848,0.14438010162786535,1.0,0.0024037561322697854,1.0
repeat_1_fold_3,KLHL5,0.016584188753304474,0.03316837750660895,0.016584188753304474,0.0,0.25,0.000100240577385724,0.5
repeat_1_fold_3,KLHL9,0.0,0.0,0.0,0.0,0.0,0.0,0.0
repeat_1_fold_3,KLK13,0.0,0.0,0.0,0.0,0.0,0.0,0.0
repeat_1_fold_3,KLK2,0.0,0.0,0.0,0.0,0.0,0.0,0.0
repeat_1_fold_3,KLRB1,0.0,0.0,0.0,0.0,0.0,0.0,0.0
repeat_1_fold_3,KNL1,0.0,0.0,0.0,0.0,0.0,0.0,0.0
repeat_1_fold_3,KPNA2,0.0,0.0,0.0,0.0,0.0,0.0,0.0
repeat_1_fold_3,KPNA6,0.0,0.0,0.0,0.0,0.0,0.0,0.0
repeat_1_fold_3,KRT36,0.0,0.0,0.0,0.0,0.0,0.0,0.0
repeat_1_fold_3,KRT5,0.0,0.0,0.0,0.0,0.0,0.0,0.0
repeat_1_fold_3,KRT85,0.0,0.0,0.0,0.0,0.0,0.0,0.0
repeat_1_fold_3,KYAT1,0.0,0.0,0.0,0.0,0.0,0.0,0.0
repeat_1_fold_3,KYAT3,0.0,0.0,0.0,0.0,0.0,0.0,0.0
repeat_1_fold_3,L2HGDH,0.0,0.0,0.0,0.0,0.0,0.0,0.0
repeat_1_fold_3,LAMTOR5,0.0,0.0,0.0,0.0,0.0,0.0,0.0
repeat_1_fold_3,LARS1,0.0,0.0,0.0,0.0,0.0,0.0,0.0
repeat_1_fold_3,LETM1,0.0,0.0,0.0,0.0,0.0,0.0,0.0
repeat_1_fold_3,LHX3,0.0,0.0,0.0,0.0,0.0,0.0,0.0
repeat_1_fold_3,LIMK2,0.0,0.0,0.0,0.0,0.0,0.0,0.0
repeat_1_fold_3,LMAN2L,0.18642253173618073,0.37284506347236146,0.18642253173618073,0.0,0.25,0.0016103059581320245,0.5
repeat_1_fold_3,LOX,0.0,0.0,0.0,0.0,0.0,0.0,0.0
repeat_1_fold_3,LOXL2,0.06335446840262549,0.12670893680525097,0.06335446840262549,0.0,0.25,-0.0005032206119162663,0.5
repeat_1_fold_3,LPCAT3,0.08092271209263302,0.2348193172813132,0.1174096586406566,-0.03648694654802358,0.25,0.0033172205886720513,1.0
repeat_1_fold_3,LRP5,-0.40144243121118706,0.4695698785493209,0.23478493927466046,-0.6362273704858475,0.0,-0.0018043303929430599,0.5
repeat_1_fold_3,LSM3,0.0,0.0,0.0,0.0,0.0,0.0,0.0
repeat_1_fold_3,LSM4,-1.7911123053529998,2.113833738776846,1.056916869388423,-2.8480291747414226,0.0,0.0036086607858861336,0.5
repeat_1_fold_3,LTBP2,0.0,0.0,0.0,0.0,0.0,0.0,0.0
repeat_1_fold_3,LY6D,0.0,0.0,0.0,0.0,0.0,0.0,0.0
repeat_1_fold_3,LYPD1,0.0,0.0,0.0,0.0,0.0,0.0,0.0
repeat_1_fold_3,LYZ,0.0,0.0,0.0,0.0,0.0,0.0,0.5
repeat_1_fold_3,MAD2L1,0.0,0.0,0.0,0.0,0.0,0.0,0.0
repeat_1_fold_3,MAF,0.0,0.0,0.0,0.0,0.0,0.0,0.0
repeat_1_fold_3,MAFF,0.0,0.0,0.0,0.0,0.0,0.0,0.0
repeat_1_fold_3,MAGI2,-0.0815172351849931,0.07561030378867056,0.03780515189433528,-0.11932238707932838,0.25,-0.0021046485801027026,1.0
repeat_1_fold_3,MAML3,0.0,0.0,0.0,0.0,0.0,0.0,0.0
repeat_1_fold_3,MAN2A2,0.0,0.0,0.0,0.0,0.0,0.0,0.0
repeat_1_fold_3,MAN2B1,0.0,0.0,0.0,0.0,0.0,0.0,0.0
repeat_1_fold_3,MAP3K8,0.0,0.0,0.0,0.0,0.0,0.0,0.0
repeat_1_fold_3,MAPK10,0.0,0.0,0.0,0.0,0.0,0.0,0.0
repeat_1_fold_3,MAPK11,0.0,0.0,0.0,0.0,0.0,0.0,0.0
repeat_1_fold_3,MAPK14,0.0,0.0,0.0,0.0,0.0,0.0,0.0
repeat_1_fold_3,MAPK6,-0.03287076436747327,0.06574152873494654,0.03287076436747327,-0.06574152873494654,0.0,0.0013083735909822647,0.5
repeat_1_fold_3,MAPKAP1,0.0,0.0,0.0,0.0,0.0,0.0,0.0
repeat_1_fold_3,MAPT,0.0,0.0,0.0,0.0,0.0,0.0,0.0
repeat_1_fold_3,MAS1,0.0,0.0,0.0,0.0,0.0,0.0,0.0
repeat_1_fold_3,MAT1A,0.0,0.0,0.0,0.0,0.0,0.0,0.0
repeat_1_fold_3,MATN1,0.0,0.0,0.0,0.0,0.0,0.0,0.0
repeat_1_fold_3,MAVS,0.0,0.0,0.0,0.0,0.0,0.0,0.0
repeat_1_fold_3,MBD2,-0.04920533137358163,0.09841066274716327,0.049205331373581636,-0.09841066274716326,0.0,-0.0005032206119162663,0.5
repeat_1_fold_3,MBTPS2,0.0,0.0,0.0,0.0,0.0,0.0,0.0
repeat_1_fold_3,MCAM,-0.0892723170126164,0.6706402910839095,0.3353201455419548,-0.42459246255457117,0.25,0.0020060221827070956,1.0
repeat_1_fold_3,MCAT,-0.17646771356504054,0.19165729191423256,0.09582864595711628,-0.2722963595221568,0.0,0.0024041596772673146,1.0
repeat_1_fold_3,MCCC1,0.0,0.0,0.0,0.0,0.0,0.0015036086607858878,0.5
repeat_1_fold_3,MCM3,-0.027582435629199153,0.03184945327084731,0.015924726635423655,-0.04350716226462281,0.0,0.000200481154771448,0.5
repeat_1_fold_3,MCM4,0.0,0.0,0.0,0.0,0.0,0.0,0.0
repeat_1_fold_3,ME1,0.0,0.0,0.0,0.0,0.0,0.0,0.0
repeat_1_fold_3,MECR,0.0,0.0,0.0,0.0,0.0,0.0,0.0
repeat_1_fold_3,MED25,0.0,0.0,0.0,0.0,0.0,0.0,0.0
repeat_1_fold_3,MED31,0.0,0.0,0.0,0.0,0.0,0.0,0.0
repeat_1_fold_3,MEX3C,0.0,0.0,0.0,0.0,0.0,0.0,0.0
repeat_1_fold_3,MFAP4,0.0,0.0,0.0,0.0,0.0,0.0,0.0
repeat_1_fold_3,MFN1,0.0,0.0,0.0,0.0,0.0,0.0,0.0
repeat_1_fold_3,MGAT4C,0.0,0.0,0.0,0.0,0.0,0.0,0.0
repeat_1_fold_3,MGAT5,0.11412142316884655,0.1317760687736735,0.06588803438683676,0.04823338878200979,0.5,0.0016022350581815087,1.0
repeat_1_fold_3,MGLL,0.35808734389226515,0.41695326701525487,0.20847663350762743,0.14961071038463772,0.5,-0.0016103059581320522,0.5
repeat_1_fold_3,MGST2,0.0,0.0,0.0,0.0,0.0,0.0,0.0
repeat_1_fold_3,MICAL1,0.0,0.0,0.0,0.0,0.0,0.0,0.0
repeat_1_fold_3,MITF,0.0,0.0,0.0,0.0,0.0,0.0,0.0
repeat_1_fold_3,MMP3,0.46592758629687303,0.5685395708582361,0.28426978542911807,0.18165780086775496,0.5,0.004815583164490114,1.0
repeat_1_fold_3,MMP7,-0.04761296065948706,0.17898874647024335,0.08949437323512167,-0.13710733389460872,0.5,-0.0005092737868791775,1.0
repeat_1_fold_3,MPIG6B,0.0,0.0,0.0,0.0,0.0,0.0,0.0
repeat_1_fold_3,MRM2,0.0,0.0,0.0,0.0,0.0,0.0,0.0
repeat_1_fold_3,MRPL20,0.0,0.0,0.0,0.0,0.0,0.0,0.0
repeat_1_fold_3,MRPL39,0.0,0.0,0.0,0.0,0.0,0.0015036086607858878,0.5
repeat_1_fold_3,MRPL46,0.0,0.0,0.0,0.0,0.0,0.0,0.0
repeat_1_fold_3,MRPS31,0.0,0.0,0.0,0.0,0.0,0.0,0.0
repeat_1_fold_3,MSMO1,0.0,0.0,0.0,0.0,0.0,0.0,0.0
repeat_1_fold_3,MSRA,0.0,0.0,0.0,0.0,0.0,0.0,0.0
repeat_1_fold_3,MST1R,0.0,0.0,0.0,0.0,0.0,0.0,0.0
repeat_1_fold_3,MT1E,0.0,0.0,0.0,0.0,0.0,0.0,0.0
repeat_1_fold_3,MT1G,0.0,0.0,0.0,0.0,0.0,0.0,0.0
repeat_1_fold_3,MT2A,0.0,0.0,0.0,0.0,0.0,0.0,0.0
repeat_1_fold_3,MTERF1,0.0,0.0,0.0,0.0,0.0,0.0,0.0
repeat_1_fold_3,MTERF3,0.0,0.0,0.0,0.0,0.0,0.0,0.0
repeat_1_fold_3,MTF2,0.0,0.0,0.0,0.0,0.0,0.0,0.0
repeat_1_fold_3,MTHFD2,-0.4703687845711979,1.622577760723174,0.811288880361587,-1.2816576649327849,0.25,0.0022141706924315163,0.5
repeat_1_fold_3,MTMR2,0.0,0.0,0.0,0.0,0.0,0.0,0.0
repeat_1_fold_3,MTMR4,0.0,0.0,0.0,0.0,0.0,0.0,0.0
repeat_1_fold_3,MTMR7,0.0,0.0,0.0,0.0,0.0,0.0,0.0
repeat_1_fold_3,MTNR1A,0.0,0.0,0.0,0.0,0.0,0.0,0.0
repeat_1_fold_3,MTTP,0.0,0.0,0.0,0.0,0.0,0.0,0.0
repeat_1_fold_3,MUC5AC,0.0,0.0,0.0,0.0,0.0,0.0,0.0
repeat_1_fold_3,MUL1,0.0,0.0,0.0,0.0,0.0,0.0,0.0
repeat_1_fold_3,MUSK,0.0,0.0,0.0,0.0,0.0,0.0,0.0
repeat_1_fold_3,MYBPC1,0.0,0.0,0.0,0.0,0.0,0.0,0.0
repeat_1_fold_3,MYL10,0.0,0.0,0.0,0.0,0.0,0.0,0.0
repeat_1_fold_3,MYO9B,0.0,0.0,0.0,0.0,0.0,-0.0012077294685990392,0.5
repeat_1_fold_3,NAGK,0.0,0.0,0.0,0.0,0.0,0.0,0.0
repeat_1_fold_3,NARS2,0.3017862427358047,0.6035724854716094,0.3017862427358047,0.0,0.25,-0.00040257648953301306,0.5
repeat_1_fold_3,NAT8,0.0,0.0,0.0,0.0,0.0,0.0,0.0
repeat_1_fold_3,NBR1,0.0,0.0,0.0,0.0,0.0,0.0,0.0
repeat_1_fold_3,NCAN,0.0,0.0,0.0,0.0,0.0,0.0,0.0
repeat_1_fold_3,NCOA1,0.0,0.0,0.0,0.0,0.0,0.0,0.0
repeat_1_fold_3,NDN,-0.013791217814599577,0.027582435629199157,0.013791217814599578,-0.027582435629199153,0.0,0.0009021651964715299,0.5
repeat_1_fold_3,NDRG1,0.0,0.0,0.0,0.0,0.0,0.0,0.0
repeat_1_fold_3,NDUFB11,0.0,0.0,0.0,0.0,0.0,0.0,0.0
repeat_1_fold_3,NDUFB3,0.0,0.0,0.0,0.0,0.0,0.0,0.0
repeat_1_fold_3,NDUFC2,0.0,0.0,0.0,0.0,0.0,0.0,0.0
repeat_1_fold_3,NEB,0.0,0.0,0.0,0.0,0.0,0.0,0.0
repeat_1_fold_3,NECAP1,0.0,0.0,0.0,0.0,0.0,0.0,0.0
repeat_1_fold_3,NEDD4L,0.0,0.0,0.0,0.0,0.0,0.0,0.0
repeat_1_fold_3,NEIL3,0.0,0.0,0.0,0.0,0.0,0.0,0.0
repeat_1_fold_3,NEK9,0.17000124873902855,0.42445951682927013,0.21222975841463507,-0.04222850967560651,0.25,0.0008051529790660261,0.5
repeat_1_fold_3,NF1,-0.09395768027157736,0.14619269674151777,0.07309634837075889,-0.16705402864233626,0.0,-0.000300721732157172,0.5
repeat_1_fold_3,NFIB,-0.18106970453347593,0.4154825412585593,0.20774127062927966,-0.3888109751627556,0.25,0.007115063269398883,1.0
repeat_1_fold_3,NGRN,0.0,0.0,0.0,0.0,0.0,0.0,0.0
repeat_1_fold_3,NHP2,0.0,0.0,0.0,0.0,0.0,0.0,0.0
repeat_1_fold_3,NIPAL3,-0.2086685581456429,0.013680005920779266,0.006840002960389633,-0.21550856110603253,0.0,-0.0019118347802842828,1.0
repeat_1_fold_3,NIPBL,0.0,0.0,0.0,0.0,0.0,0.0010024057738572678,0.5
repeat_1_fold_3,NISCH,0.0,0.0,0.0,0.0,0.0,0.0,0.5
repeat_1_fold_3,NLRP3,0.46432099896709467,0.9286419979341893,0.46432099896709467,0.0,0.25,-0.0006038647342995196,0.5
repeat_1_fold_3,NMU,0.3327748344964885,0.49947402392932333,0.24973701196466166,0.08303782253182682,0.5,0.0005032206119162663,0.5
repeat_1_fold_3,NOTCH2,0.0,0.0,0.0,0.0,0.0,0.0,0.0
repeat_1_fold_3,NPC1,0.0,0.0,0.0,0.0,0.0,0.0,0.0
repeat_1_fold_3,NPEPPS,0.0,0.0,0.0,0.0,0.0,0.0,0.0
repeat_1_fold_3,NPHS2,0.0,0.0,0.0,0.0,0.0,0.0,0.0
repeat_1_fold_3,NPLOC4,0.0,0.0,0.0,0.0,0.0,-0.00010064412238325326,0.5
repeat_1_fold_3,NPM1,-0.07319924180913695,0.05525174483741629,0.027625872418708144,-0.1008251142278451,0.0,0.003014481131527247,1.0
repeat_1_fold_3,NPRL3,-0.03022957268044202,0.06045914536088403,0.030229572680442015,-0.06045914536088404,0.0,-0.00020128824476650653,0.5
repeat_1_fold_3,NR1H3,0.0,0.0,0.0,0.0,0.0,0.0,0.0
repeat_1_fold_3,NR1I2,0.0,0.0,0.0,0.0,0.0,0.0,0.0
repeat_1_fold_3,NR2F6,0.0,0.0,0.0,0.0,0.0,0.0,0.0
repeat_1_fold_3,NR3C2,-0.20051843833079808,0.25308394793976774,0.12654197396988387,-0.32706041230068195,0.0,0.0016103059581320522,0.5
repeat_1_fold_3,NRP2,0.0,0.0,0.0,0.0,0.0,0.0,0.0
repeat_1_fold_3,NRXN3,0.0,0.0,0.0,0.0,0.0,0.0,0.0
repeat_1_fold_3,NSL1,0.0,0.0,0.0,0.0,0.0,0.0,0.0
repeat_1_fold_3,NSMAF,0.0,0.0,0.0,0.0,0.0,0.0,0.0
repeat_1_fold_3,NUBP2,0.0,0.0,0.0,0.0,0.0,0.0,0.0
repeat_1_fold_3,NUDT4,0.0,0.0,0.0,0.0,0.0,0.0,0.0
repeat_1_fold_3,NUP58,0.0,0.0,0.0,0.0,0.0,0.0,0.0
repeat_1_fold_3,ODC1,0.0,0.0,0.0,0.0,0.0,0.0,0.0
repeat_1_fold_3,OIP5,0.0,0.0,0.0,0.0,0.0,0.0,0.0
repeat_1_fold_3,OPN1SW,0.0,0.0,0.0,0.0,0.0,0.0,0.0
repeat_1_fold_3,OR10H3,0.0,0.0,0.0,0.0,0.0,0.0,0.0
repeat_1_fold_3,OR2B2,0.0,0.0,0.0,0.0,0.0,0.0,0.0
repeat_1_fold_3,OR3A3,0.0,0.0,0.0,0.0,0.0,0.0,0.0
repeat_1_fold_3,ORC3,0.0,0.0,0.0,0.0,0.0,0.0,0.0
repeat_1_fold_3,ORMDL2,0.0,0.0,0.0,0.0,0.0,0.0,0.0
repeat_1_fold_3,OSBPL10,0.0,0.0,0.0,0.0,0.0,0.0,0.0
repeat_1_fold_3,OSBPL7,-0.04920533137358163,0.09841066274716327,0.049205331373581636,-0.09841066274716326,0.0,-0.0008051529790660261,0.5
repeat_1_fold_3,OSMR,0.11060917291353789,0.13343360457055328,0.06671680228527664,0.04389237062826125,0.5,0.0012028869286287158,0.5
repeat_1_fold_3,OSTF1,0.0,0.0,0.0,0.0,0.0,0.0,0.0
repeat_1_fold_3,OTUB1,-0.02958171529579623,0.19267628511344445,0.09633814255672223,-0.12591985785251847,0.25,-0.000601443464314344,0.5
repeat_1_fold_3,OTUD3,0.0,0.0,0.0,0.0,0.0,0.0,0.0
repeat_1_fold_3,OXSM,0.02419453213180489,0.027937439278429208,0.013968719639214604,0.010225812492590287,0.5,0.0036086607858861336,0.5
repeat_1_fold_3,P2RX6,0.0,0.0,0.0,0.0,0.0,0.0,0.5
repeat_1_fold_3,P2RY14,0.0,0.0,0.0,0.0,0.0,0.0,0.0
repeat_1_fold_3,P3H2,0.0,0.0,0.0,0.0,0.0,0.0,0.0
repeat_1_fold_3,P4HB,0.0,0.0,0.0,0.0,0.0,0.0,0.0
repeat_1_fold_3,PACSIN2,0.0,0.0,0.0,0.0,0.0,0.0,0.0
repeat_1_fold_3,PACSIN3,0.0,0.0,0.0,0.0,0.0,0.0,0.0
repeat_1_fold_3,PAF1,0.0,0.0,0.0,0.0,0.0,0.0,0.0
repeat_1_fold_3,PALS1,0.0,0.0,0.0,0.0,0.0,0.0,0.0
repeat_1_fold_3,PAPOLG,0.0,0.0,0.0,0.0,0.0,0.0,0.0
repeat_1_fold_3,PAPPA2,0.0,0.0,0.0,0.0,0.0,0.0,0.0
repeat_1_fold_3,PAPSS1,0.19565965195347346,0.4753614429435918,0.2376807214717959,-0.042021069518322435,0.25,-0.0006038647342995196,0.5
repeat_1_fold_3,PARP1,-0.10575446402683042,0.366343646120329,0.1831718230601645,-0.2889262870869949,0.25,-0.0008019246190858059,0.5
repeat_1_fold_3,PARP2,0.0,0.0,0.0,0.0,0.0,0.0,0.0
repeat_1_fold_3,PARVA,0.0,0.0,0.0,0.0,0.0,0.0,0.0
repeat_1_fold_3,PCBP2,0.10993776058834648,0.21987552117669296,0.10993776058834648,0.0,0.25,0.001002405773857254,0.5
repeat_1_fold_3,PCDH7,0.0,0.0,0.0,0.0,0.0,0.0,0.0
repeat_1_fold_3,PCK2,0.0,0.0,0.0,0.0,0.0,0.0,0.5
repeat_1_fold_3,PCMT1,0.0,0.0,0.0,0.0,0.0,0.0,0.0
repeat_1_fold_3,PCYOX1L,0.0,0.0,0.0,0.0,0.0,0.0,0.0
repeat_1_fold_3,PDAP1,-0.02549942633033453,0.05099885266066906,0.02549942633033453,-0.05099885266066906,0.0,0.0009021651964715299,0.5
repeat_1_fold_3,PDCD11,0.0,0.0,0.0,0.0,0.0,0.0,0.0
repeat_1_fold_3,PDCD4,0.0,0.0,0.0,0.0,0.0,0.0,0.0
repeat_1_fold_3,PDE10A,0.0,0.0,0.0,0.0,0.0,0.0,0.0
repeat_1_fold_3,PDE4B,0.0,0.0,0.0,0.0,0.0,0.0,0.0
repeat_1_fold_3,PDIA2,0.0,0.0,0.0,0.0,0.0,0.0,0.0
repeat_1_fold_3,PDS5B,0.0,0.0,0.0,0.0,0.0,0.0,0.0
repeat_1_fold_3,PDSS1,0.0,0.0,0.0,0.0,0.0,-0.001002405773857254,0.5
repeat_1_fold_3,PEA15,0.0,0.0,0.0,0.0,0.0,0.0,0.0
repeat_1_fold_3,PES1,0.0,0.0,0.0,0.0,0.0,0.0,0.0
repeat_1_fold_3,PEX11A,0.0,0.0,0.0,0.0,0.0,0.0,0.0
repeat_1_fold_3,PEX2,0.0,0.0,0.0,0.0,0.0,0.0,0.0
repeat_1_fold_3,PEX6,0.006061858923755992,0.09344228697724528,0.04672114348862264,-0.04065928456486665,0.25,0.0008019246190858059,0.5
repeat_1_fold_3,PGK2,0.0,0.0,0.0,0.0,0.0,0.0014033680834001638,0.5
repeat_1_fold_3,PGM3,0.0,0.0,0.0,0.0,0.0,0.0,0.0
repeat_1_fold_3,PHB2,0.03316837750660895,0.03829954336404761,0.019149771682023805,0.014018605824585143,0.5,0.0016038492381716118,0.5
repeat_1_fold_3,PHLPP1,0.0,0.0,0.0,0.0,0.0,0.0,0.0
repeat_1_fold_3,PHLPP2,0.0,0.0,0.0,0.0,0.0,0.0,0.0
repeat_1_fold_3,PI4KA,0.0,0.0,0.0,0.0,0.0,0.0007016840417000819,0.5
repeat_1_fold_3,PI4KB,0.0,0.0,0.0,0.0,0.0,0.0,0.0
repeat_1_fold_3,PIAS4,0.0,0.0,0.0,0.0,0.0,0.0,0.0
repeat_1_fold_3,PIGR,0.0,0.0,0.0,0.0,0.0,0.0,0.0
repeat_1_fold_3,PIGT,0.0,0.0,0.0,0.0,0.0,0.0,0.0
repeat_1_fold_3,PIK3C2A,0.06296228098854328,0.13829358383074844,0.06914679191537422,-0.006184510926830936,0.5,0.0027056884994195313,1.0
repeat_1_fold_3,PIK3C2G,0.0,0.0,0.0,0.0,0.0,0.0,0.0
repeat_1_fold_3,PIK3R3,0.0,0.0,0.0,0.0,0.0,0.0,0.0
repeat_1_fold_3,PIKFYVE,0.0,0.0,0.0,0.0,0.0,0.0,0.0
repeat_1_fold_3,PIM1,0.0,0.0,0.0,0.0,0.0,0.0,0.0
repeat_1_fold_3,PIP5K1A,0.0,0.0,0.0,0.0,0.0,0.0,0.0
repeat_1_fold_3,PITX2,0.0,0.0,0.0,0.0,0.0,0.0,0.0
repeat_1_fold_3,PJA1,-0.029141018506948058,0.18738782751195945,0.09369391375597973,-0.12283493226292778,0.25,-0.00270649558941459,0.5
repeat_1_fold_3,PKLR,0.0,0.0,0.0,0.0,0.0,0.0,0.0
repeat_1_fold_3,PKM,0.0,0.0,0.0,0.0,0.0,0.0,0.0
repeat_1_fold_3,PKN1,-0.013791217814599577,0.027582435629199157,0.013791217814599578,-0.027582435629199153,0.0,0.000300721732157172,0.5
repeat_1_fold_3,PKN2,-0.03988188304579765,0.05126350193393788,0.02563175096696894,-0.0655136340127666,0.0,0.0004009623095429099,0.5
repeat_1_fold_3,PLA2G4C,0.0,0.0,0.0,0.0,0.0,0.0,0.0
repeat_1_fold_3,PLA2G5,0.0,0.0,0.0,0.0,0.0,0.0,0.0
repeat_1_fold_3,PLA2R1,0.11815472567841567,0.48077011852998414,0.24038505926499207,-0.1222303335865764,0.25,0.0,0.5
repeat_1_fold_3,PLAC8,0.0,0.0,0.0,0.0,0.0,0.0,0.0
repeat_1_fold_3,PLCB3,0.0,0.0,0.0,0.0,0.0,0.0,0.0
repeat_1_fold_3,PLCB4,0.0,0.0,0.0,0.0,0.0,0.0,0.0
repeat_1_fold_3,PLCG2,-0.09514633675401463,0.42910530929374413,0.21455265464687207,-0.3096989914008867,0.25,0.0009021651964715299,0.5
repeat_1_fold_3,PLEKHG6,0.0,0.0,0.0,0.0,0.0,0.0,0.0
repeat_1_fold_3,PLIN3,0.0,0.0,0.0,0.0,0.0,-0.0008051529790660261,0.5
repeat_1_fold_3,PLPP1,0.03316837750660895,0.03829954336404761,0.019149771682023805,0.014018605824585143,0.5,0.0025060144346431418,0.5
repeat_1_fold_3,PLXNA2,0.0,0.0,0.0,0.0,0.0,0.0,0.0
repeat_1_fold_3,PMEL,0.0,0.0,0.0,0.0,0.0,0.0,0.0
repeat_1_fold_3,PMF1,0.0,0.0,0.0,0.0,0.0,0.0,0.0
repeat_1_fold_3,PMM1,0.0,0.0,0.0,0.0,0.0,0.0,0.0
repeat_1_fold_3,PMPCB,0.0,0.0,0.0,0.0,0.0,0.0,0.0
repeat_1_fold_3,PMVK,0.03798574994640269,0.04930601824807991,0.024653009124039955,0.013332740822362736,0.5,0.0009021651964715438,0.5
repeat_1_fold_3,PODXL2,0.0,0.0,0.0,0.0,0.0,0.0,0.0
repeat_1_fold_3,POFUT1,0.016584188753304474,0.03316837750660895,0.016584188753304474,0.0,0.25,-0.000100240577385724,0.5
repeat_1_fold_3,POFUT2,0.0,0.0,0.0,0.0,0.0,0.0,0.0
repeat_1_fold_3,POLH,0.0,0.0,0.0,0.0,0.0,0.0,0.0
repeat_1_fold_3,POLR2G,0.0,0.0,0.0,0.0,0.0,0.0,0.0
repeat_1_fold_3,POLR3E,0.0,0.0,0.0,0.0,0.0,0.0,0.0
repeat_1_fold_3,POLR3F,0.11467072991579741,0.13320855302162177,0.06660427651081088,0.048066453404986526,0.5,0.0012028869286287158,0.5
repeat_1_fold_3,POLR3G,-0.026090665231198074,0.030126905189137236,0.015063452594568618,-0.041154117825766695,0.0,0.0025060144346431418,0.5
repeat_1_fold_3,POLR3K,-0.06045914536088404,0.06981220769816222,0.03490610384908111,-0.09536524920996514,0.0,-0.00010064412238325326,0.5
repeat_1_fold_3,POMGNT1,0.0,0.0,0.0,0.0,0.0,0.0,0.0
repeat_1_fold_3,PON3,0.0,0.0,0.0,0.0,0.0,0.0,0.0
repeat_1_fold_3,PPFIBP2,0.0,0.0,0.0,0.0,0.0,0.0,0.0
repeat_1_fold_3,PPIL6,-0.010683060500634056,0.08279791925749559,0.041398959628747796,-0.05208202012938185,0.25,0.0005032206119162663,0.5
repeat_1_fold_3,PPIP5K1,0.0,0.0,0.0,0.0,0.0,0.0,0.0
repeat_1_fold_3,PPM1A,0.0,0.0,0.0,0.0,0.0,0.00040257648953301306,0.5
repeat_1_fold_3,PPM1D,-0.07554630687510056,0.08724135731852319,0.04362067865926159,-0.11916698553436214,0.0,-0.0005032206119162663,0.5
repeat_1_fold_3,PPP1CA,-0.05905999125102568,0.11811998250205136,0.05905999125102568,-0.11811998250205136,0.0,0.0,0.5
repeat_1_fold_3,PPP1R13B,0.0,0.0,0.0,0.0,0.0,0.0,0.0
repeat_1_fold_3,PPP2CB,0.0,0.0,0.0,0.0,0.0,0.0,0.0
repeat_1_fold_3,PPP6C,0.1985984567796404,0.39924101553752067,0.19962050776876034,-0.0010220509891199492,0.75,-0.0020128824476650653,1.0
repeat_1_fold_3,PRF1,0.0,0.0,0.0,0.0,0.0,0.0,0.0
repeat_1_fold_3,PRKAG2,-0.07943490405402365,0.09681640920169453,0.048408204600847264,-0.12784310865487092,0.0,-0.0016103059581320522,0.5
repeat_1_fold_3,PRKCZ,-0.238740027767955,0.28466265786403355,0.14233132893201678,-0.3810713566999718,0.0,0.0008051529790660261,0.5
repeat_1_fold_3,PRKD1,0.0,0.0,0.0,0.0,0.0,0.0,0.0
repeat_1_fold_3,PRKD3,0.0,0.0,0.0,0.0,0.0,0.0,0.0
repeat_1_fold_3,PRKRIP1,0.0,0.0,0.0,0.0,0.0,-0.000200481154771448,0.5
repeat_1_fold_3,PRND,0.07230914568307156,0.1158789127815964,0.0579394563907982,0.014369689292273363,0.5,-0.0005032206119162663,0.5
repeat_1_fold_3,PRNP,0.0,0.0,0.0,0.0,0.0,0.0,0.0
repeat_1_fold_3,PROZ,0.0,0.0,0.0,0.0,0.0,0.0,0.0
repeat_1_fold_3,PRPF18,0.0,0.0,0.0,0.0,0.0,0.0,0.0
repeat_1_fold_3,PRPF31,0.0,0.0,0.0,0.0,0.0,0.0,0.0
repeat_1_fold_3,PRPF4,0.0,0.0,0.0,0.0,0.0,0.0,0.0
repeat_1_fold_3,PRPF40A,0.0,0.0,0.0,0.0,0.0,0.0,0.0
repeat_1_fold_3,PSMD2,0.0,0.0,0.0,0.0,0.0,0.0,0.0
repeat_1_fold_3,PTEN,0.0,0.0,0.0,0.0,0.0,0.0026062550120288658,0.5
repeat_1_fold_3,PTH,0.0,0.0,0.0,0.0,0.0,0.0,0.0
repeat_1_fold_3,PTK2B,0.0,0.0,0.0,0.0,0.0,0.0015036086607858878,0.5
repeat_1_fold_3,PTP4A2,0.0,0.0,0.0,0.0,0.0,0.0,0.0
repeat_1_fold_3,PTPN2,0.0,0.0,0.0,0.0,0.0,0.0,0.0
repeat_1_fold_3,PTPN7,0.0,0.0,0.0,0.0,0.0,0.0,0.0
repeat_1_fold_3,PTRH2,0.1675477789197224,0.21820227992151547,0.10910113996075774,0.05844663895896465,0.5,0.0014033680834001638,0.5
repeat_1_fold_3,PXMP2,-0.05308186195953013,0.07410016244195029,0.037050081220975147,-0.09013194318050527,0.0,-0.00050120288692862,0.5
repeat_1_fold_3,QPRT,0.0,0.0,0.0,0.0,0.0,0.0,0.0
repeat_1_fold_3,QTRT1,0.0,0.0,0.0,0.0,0.0,0.0,0.0
repeat_1_fold_3,RAB11A,0.0,0.0,0.0,0.0,0.0,0.0,0.0
repeat_1_fold_3,RAB38,0.0,0.0,0.0,0.0,0.0,0.0020048115477145217,0.5
repeat_1_fold_3,RAB3GAP1,0.0,0.0,0.0,0.0,0.0,0.0,0.0
repeat_1_fold_3,RAB5A,-0.18307688158373736,0.21682061507935274,0.10841030753967637,-0.29148718912341376,0.0,0.0007045088566827729,0.5
repeat_1_fold_3,RAC1,0.0,0.0,0.0,0.0,0.0,0.0,0.0
repeat_1_fold_3,RAG1,-0.049560561069711184,0.09220830075161485,0.04610415037580742,-0.09566471144551861,0.0,-0.002806736166800314,0.5
repeat_1_fold_3,RALB,0.0,0.0,0.0,0.0,0.0,0.0,0.0
repeat_1_fold_3,RAMP2,-0.0779565502094659,0.1339925396909929,0.06699626984549645,-0.14495282005496235,0.0,-0.0016103059581320522,0.5
repeat_1_fold_3,RAP1A,0.0,0.0,0.0,0.0,0.0,0.0,0.0
repeat_1_fold_3,RAP2B,0.0,0.0,0.0,0.0,0.0,0.0,0.0
repeat_1_fold_3,RASA3,0.0,0.0,0.0,0.0,0.0,0.0,0.0
repeat_1_fold_3,RASA4,-0.06390283774110372,0.09096259501644563,0.045481297508222815,-0.10938413524932654,0.25,0.0041223735677380635,1.0
repeat_1_fold_3,RASGRP1,0.0,0.0,0.0,0.0,0.0,0.0,0.0
repeat_1_fold_3,RB1,0.23046254942011224,0.4629456020042199,0.23147280100210996,-0.0010102515819977176,0.25,-0.0018115942028985588,0.5
repeat_1_fold_3,RBM25,0.0,0.0,0.0,0.0,0.0,0.0,0.0
repeat_1_fold_3,RBP1,0.0,0.0,0.0,0.0,0.0,0.0,0.0
repeat_1_fold_3,RBP4,0.04463284106419607,0.14359694279777876,0.07179847139888938,-0.02716563033469331,0.25,-0.0003019323671497598,0.5
repeat_1_fold_3,RCAN3,0.0,0.0,0.0,0.0,0.0,0.0,0.0
repeat_1_fold_3,REN,-0.016976376167386675,0.03395275233477335,0.016976376167386675,-0.03395275233477335,0.0,9.741576240303307e-05,1.0
repeat_1_fold_3,REST,0.0,0.0,0.0,0.0,0.0,0.0,0.0
repeat_1_fold_3,RFC4,0.0,0.0,0.0,0.0,0.0,0.0,0.0
repeat_1_fold_3,RFC5,-0.0066321837233367376,0.06285020782750957,0.03142510391375478,-0.03805728763709152,0.25,-0.0020128824476650653,0.5
repeat_1_fold_3,RGCC,0.0,0.0,0.0,0.0,0.0,0.0,0.0
repeat_1_fold_3,RGS11,0.0,0.0,0.0,0.0,0.0,0.0,0.0
repeat_1_fold_3,RGS20,0.0,0.0,0.0,0.0,0.0,0.0,0.0
repeat_1_fold_3,RHO,0.0,0.0,0.0,0.0,0.0,0.0,0.0
repeat_1_fold_3,RHOA,0.0,0.0,0.0,0.0,0.0,0.0,0.0
repeat_1_fold_3,RHOBTB2,0.0,0.0,0.0,0.0,0.0,0.0,0.0
repeat_1_fold_3,RHOBTB3,0.25549550703175683,0.44039787738823377,0.22019893869411689,0.035296568337639944,0.5,-0.0013083735909822924,0.5
repeat_1_fold_3,RHOD,0.0,0.0,0.0,0.0,0.0,0.0,0.0
repeat_1_fold_3,RHOQ,0.0,0.0,0.0,0.0,0.0,0.0,0.0
repeat_1_fold_3,RHOT2,0.0,0.0,0.0,0.0,0.0,0.0,0.0
repeat_1_fold_3,RIOX1,-0.23791776304792656,0.2924682954190578,0.1462341477095289,-0.3841519107574555,0.0,-0.002004811547714508,0.5
repeat_1_fold_3,RIT2,0.0,0.0,0.0,0.0,0.0,0.0,0.0
repeat_1_fold_3,RLN1,0.0,0.0,0.0,0.0,0.0,0.0,0.0
repeat_1_fold_3,RMND5A,-0.007267447318250575,0.04437757388851954,0.02218878694425977,-0.029456234262510345,0.25,0.0005012028869286339,0.5
repeat_1_fold_3,RND3,-0.24071786188453537,1.2932914205292527,0.6466457102646264,-0.8873635721491617,0.25,0.0029170653691242,1.0
repeat_1_fold_3,RNF115,0.0,0.0,0.0,0.0,0.0,0.0,0.0
repeat_1_fold_3,RNF139,0.0,0.0,0.0,0.0,0.0,0.0,0.0
repeat_1_fold_3,RNF2,0.0,0.0,0.0,0.0,0.0,0.0,0.0
repeat_1_fold_3,RNF7,0.0,0.0,0.0,0.0,0.0,0.0,0.0
repeat_1_fold_3,RNLS,0.0,0.0,0.0,0.0,0.0,0.0,0.0
repeat_1_fold_3,ROPN1,0.0,0.0,0.0,0.0,0.0,0.0,0.0
repeat_1_fold_3,RPA2,0.0,0.0,0.0,0.0,0.0,0.0,0.0
repeat_1_fold_3,RPA3,0.0,0.0,0.0,0.0,0.0,0.0,0.0
repeat_1_fold_3,RPAP2,0.0,0.0,0.0,0.0,0.0,0.0,0.0
repeat_1_fold_3,RPL18,0.0,0.0,0.0,0.0,0.0,0.0,0.0
repeat_1_fold_3,RPL21,0.0,0.0,0.0,0.0,0.0,0.0,0.0
repeat_1_fold_3,RPL22,0.0,0.0,0.0,0.0,0.0,0.0,0.0
repeat_1_fold_3,RPL35,0.027431190215514434,0.14506487365150675,0.07253243682575337,-0.04510124661023894,0.25,0.0013031275060144398,0.5
repeat_1_fold_3,RPL37A,0.0,0.0,0.0,0.0,0.0,0.0,0.0
repeat_1_fold_3,RPL4,0.0,0.0,0.0,0.0,0.0,0.0,0.0
repeat_1_fold_3,RPLP2,0.0,0.0,0.0,0.0,0.0,0.0,0.0
repeat_1_fold_3,RPP25,-0.14204732427744915,0.4117982106212053,0.20589910531060265,-0.3479464295880518,0.25,0.0004009623095429099,0.5
repeat_1_fold_3,RPRD2,0.277660472181557,0.32158016341489365,0.16079008170744682,0.11687039047411016,0.5,0.0035177017434434993,1.0
repeat_1_fold_3,RPS10,0.0,0.0,0.0,0.0,0.0,0.0,0.0
repeat_1_fold_3,RPS3A,0.0,0.0,0.0,0.0,0.0,0.0,0.0
repeat_1_fold_3,RPS4X,0.0,0.0,0.0,0.0,0.0,0.0,0.0
repeat_1_fold_3,RPS6KA1,0.3792690080119119,0.44121945369402943,0.22060972684701471,0.15865928116489716,0.5,0.0012077294685990392,0.5
repeat_1_fold_3,RPS6KA5,0.0,0.0,0.0,0.0,0.0,0.0,0.0
repeat_1_fold_3,RPS8,0.0,0.0,0.0,0.0,0.0,0.0,0.0
repeat_1_fold_3,RTCB,0.0,0.0,0.0,0.0,0.0,0.0,0.0
repeat_1_fold_3,RUFY1,-0.03929064414493055,0.0785812882898611,0.03929064414493055,-0.0785812882898611,0.0,0.0004009623095429099,0.5
repeat_1_fold_3,RXFP3,0.0,0.0,0.0,0.0,0.0,-0.00040257648953301306,0.5
repeat_1_fold_3,S100A10,0.0,0.0,0.0,0.0,0.0,0.0,0.0
repeat_1_fold_3,S100A12,0.0,0.0,0.0,0.0,0.0,0.0,0.0
repeat_1_fold_3,S100A7,-0.060010339463026696,0.10544954666354321,0.052724773331771606,-0.11273511279479831,0.25,-0.0025084357046283173,1.0
repeat_1_fold_3,SAP30,0.0,0.0,0.0,0.0,0.0,0.0,0.0
repeat_1_fold_3,SARS2,0.060357432045371695,0.4319273451744778,0.2159636725872389,-0.1556062405418672,0.25,0.0035124556584756744,1.0
repeat_1_fold_3,SBF1,0.0,0.0,0.0,0.0,0.0,0.0,0.0
repeat_1_fold_3,SCLY,0.0,0.0,0.0,0.0,0.0,0.0,0.0
repeat_1_fold_3,SCN11A,0.0,0.0,0.0,0.0,0.0,0.0,0.0
repeat_1_fold_3,SCN4A,0.8522400921067721,0.9840820931840726,0.4920410465920363,0.3601990455147358,0.5,0.0,0.5
repeat_1_fold_3,SCNN1B,0.0,0.0,0.0,0.0,0.0,0.0,0.0
repeat_1_fold_3,SDC1,0.0,0.0,0.0,0.0,0.0,0.0,0.0
repeat_1_fold_3,SDHAF3,0.0,0.0,0.0,0.0,0.0,0.0,0.0
repeat_1_fold_3,SEC11A,0.0,0.0,0.0,0.0,0.0,0.0,0.0
repeat_1_fold_3,SEC22B,0.0,0.0,0.0,0.0,0.0,0.0,0.0
repeat_1_fold_3,SEC23A,-0.5244484743301179,1.434644142587823,0.7173220712939115,-1.2417705456240293,0.25,0.004126409017713356,0.5
repeat_1_fold_3,SEC24B,0.0,0.0,0.0,0.0,0.0,0.0,0.0
repeat_1_fold_3,SELL,0.2640901775476223,0.432353862107992,0.216176931053996,0.04791324649362633,0.5,-0.0009057971014492794,0.5
repeat_1_fold_3,SEMA4A,0.0,0.0,0.0,0.0,0.0,0.0024057738572574178,0.5
repeat_1_fold_3,SENP2,0.0,0.0,0.0,0.0,0.0,0.0,0.0
repeat_1_fold_3,SEPTIN4,-0.10641177398631108,0.13861685841465393,0.06930842920732697,-0.17572020319363804,0.0,0.0030072173215717757,0.5
repeat_1_fold_3,SERPINB1,0.0,0.0,0.0,0.0,0.0,0.0,0.0
repeat_1_fold_3,SERPINB10,0.0,0.0,0.0,0.0,0.0,0.0,0.0
repeat_1_fold_3,SERPINB8,0.0,0.0,0.0,0.0,0.0,0.0,0.0
repeat_1_fold_3,SERPIND1,-0.08112885580272078,0.1633151996385924,0.0816575998192962,-0.162786455622017,0.25,-0.0012069223786039807,1.0
repeat_1_fold_3,SESN1,0.0,0.0,0.0,0.0,0.0,0.0,0.0
repeat_1_fold_3,SFRP1,0.0,0.0,0.0,0.0,0.0,0.0,0.0
repeat_1_fold_3,SGPP1,0.0,0.0,0.0,0.0,0.0,0.0,0.0
repeat_1_fold_3,SH2D2A,0.0,0.0,0.0,0.0,0.0,0.0,0.0
repeat_1_fold_3,SH3BP4,0.0,0.0,0.0,0.0,0.0,0.0,0.0
repeat_1_fold_3,SHB,0.0,0.0,0.0,0.0,0.0,0.0,0.0
repeat_1_fold_3,SI,-0.019505171133367583,0.06871382506238623,0.034356912531193114,-0.053862083664560696,0.25,0.0014033680834001638,0.5
repeat_1_fold_3,SIN3B,0.0,0.0,0.0,0.0,0.0,0.0,0.0
repeat_1_fold_3,SKA1,0.14509055127473403,0.19247156149320818,0.09623578074660409,0.048854770528129934,0.5,0.001006441223832505,0.5
repeat_1_fold_3,SKIC2,0.0,0.0,0.0,0.0,0.0,0.0,0.0
repeat_1_fold_3,SLBP,0.0,0.0,0.0,0.0,0.0,0.0,0.0
repeat_1_fold_3,SLC12A5,0.0,0.0,0.0,0.0,0.0,0.0,0.0
repeat_1_fold_3,SLC13A2,0.0,0.0,0.0,0.0,0.0,0.0,0.0
repeat_1_fold_3,SLC15A3,-0.06319008628959821,0.07324746377496728,0.03662373188748364,-0.09981381817708185,0.0,0.0035084202085004096,0.5
repeat_1_fold_3,SLC16A3,0.0,0.0,0.0,0.0,0.0,0.0,0.0
repeat_1_fold_3,SLC1A3,0.0,0.0,0.0,0.0,0.0,0.0,0.0
repeat_1_fold_3,SLC22A11,0.0,0.0,0.0,0.0,0.0,0.0,0.0
repeat_1_fold_3,SLC25A6,0.0,0.0,0.0,0.0,0.0,0.0,0.0
repeat_1_fold_3,SLC28A3,0.13365380384017023,0.1794297513948805,0.08971487569744024,0.04393892814272998,0.5,-0.0013083735909822924,0.5
repeat_1_fold_3,SLC29A2,0.0,0.0,0.0,0.0,0.0,0.0,0.0
repeat_1_fold_3,SLC2A10,0.0,0.0,0.0,0.0,0.0,0.0,0.0
repeat_1_fold_3,SLC30A1,0.0,0.0,0.0,0.0,0.0,0.0,0.0
repeat_1_fold_3,SLC35D2,0.0,0.0,0.0,0.0,0.0,0.0,0.0
repeat_1_fold_3,SLC38A2,0.0,0.0,0.0,0.0,0.0,0.0,0.0
repeat_1_fold_3,SLC39A6,0.0,0.0,0.0,0.0,0.0,-0.0014090177133655457,0.5
repeat_1_fold_3,SLC52A1,0.0,0.0,0.0,0.0,0.0,0.0,0.0
repeat_1_fold_3,SLC6A1,-1.1849763341045758,1.3695143984367049,0.6847571992183524,-1.8697335333229281,0.0,0.0002004811547714619,0.5
repeat_1_fold_3,SLC6A11,0.0,0.0,0.0,0.0,0.0,0.0,0.0
repeat_1_fold_3,SLC6A13,0.0,0.0,0.0,0.0,0.0,0.0,0.0
repeat_1_fold_3,SLC6A15,0.0,0.0,0.0,0.0,0.0,0.0,0.0
repeat_1_fold_3,SLC7A5,0.0,0.0,0.0,0.0,0.0,0.0,0.0
repeat_1_fold_3,SLC7A7,0.0,0.0,0.0,0.0,0.0,0.0,0.0
repeat_1_fold_3,SLC9A5,-0.04920533137358163,0.09841066274716327,0.049205331373581636,-0.09841066274716326,0.0,0.004721395762067246,1.0
repeat_1_fold_3,SLCO1A2,0.04249625436738569,0.057455347402242174,0.028727673701121087,0.013768580666264602,0.5,-0.003909382518043292,0.5
repeat_1_fold_3,SLIT3,0.0,0.0,0.0,0.0,0.0,0.0,0.5
repeat_1_fold_3,SMAD5,0.0,0.0,0.0,0.0,0.0,0.0,0.0
repeat_1_fold_3,SMARCB1,0.0,0.0,0.0,0.0,0.0,0.0,0.0
repeat_1_fold_3,SMG9,0.0,0.0,0.0,0.0,0.0,0.0,0.0
repeat_1_fold_3,SMURF1,0.0,0.0,0.0,0.0,0.0,0.0,0.0
repeat_1_fold_3,SNCA,0.0,0.0,0.0,0.0,0.0,0.0,0.0
repeat_1_fold_3,SND1,0.0,0.0,0.0,0.0,0.0,0.0,0.0
repeat_1_fold_3,SNIP1,0.0,0.0,0.0,0.0,0.0,0.0,0.0
repeat_1_fold_3,SNRNP200,0.0,0.0,0.0,0.0,0.0,0.0,0.0
repeat_1_fold_3,SNX5,0.22354779723606377,0.037437670595707864,0.018718835297853932,0.20482896193820985,1.0,0.0016046563281666704,1.0
repeat_1_fold_3,SOAT2,0.0,0.0,0.0,0.0,0.0,0.0,0.0
repeat_1_fold_3,SPINK5,0.0,0.0,0.0,0.0,0.0,0.0,0.0
repeat_1_fold_3,SPOCK3,-0.05877860068318341,0.09294898974781542,0.04647449487390771,-0.10525309555709111,0.0,-0.0007000698617099649,1.0
repeat_1_fold_3,SRD5A3,0.0,0.0,0.0,0.0,0.0,0.0,0.0
repeat_1_fold_3,SRP9,0.0,0.0,0.0,0.0,0.0,0.0,0.0
repeat_1_fold_3,SRPRB,-0.021520576705436056,0.09643640277251073,0.04821820138625536,-0.06973877809169142,0.25,0.0017040898155573497,0.5
repeat_1_fold_3,SRRM2,0.0,0.0,0.0,0.0,0.0,0.0,0.0
repeat_1_fold_3,SRY,0.0,0.0,0.0,0.0,0.0,0.0,0.0
repeat_1_fold_3,SSB,0.44533789502334464,0.5149896108324343,0.25749480541621717,0.18784308960712748,0.5,-0.0007045088566827729,0.5
repeat_1_fold_3,ST8SIA3,0.0,0.0,0.0,0.0,0.0,0.0,0.0
repeat_1_fold_3,STARD5,0.0,0.0,0.0,0.0,0.0,0.0010064412238325326,0.5
repeat_1_fold_3,STC2,0.35777623645027923,0.42302788522896456,0.21151394261448228,0.14626229383579695,0.5,0.00040257648953301306,0.5
repeat_1_fold_3,STXBP1,0.0,0.0,0.0,0.0,0.0,0.0,0.0
repeat_1_fold_3,SUCLG1,0.0,0.0,0.0,0.0,0.0,0.0,0.0
repeat_1_fold_3,SUZ12,0.0,0.0,0.0,0.0,0.0,0.0,0.0
repeat_1_fold_3,SYN3,0.6101748950875248,0.3525803885217653,0.17629019426088266,0.4338847008266421,1.0,-0.0017121607155078794,1.0
repeat_1_fold_3,TAB2,0.0,0.0,0.0,0.0,0.0,0.0,0.0
repeat_1_fold_3,TAC3,0.0,0.0,0.0,0.0,0.0,0.0,0.0
repeat_1_fold_3,TACO1,0.0,0.0,0.0,0.0,0.0,0.0,0.0
repeat_1_fold_3,TACR1,0.0,0.0,0.0,0.0,0.0,0.0,0.0
repeat_1_fold_3,TAF1,0.17484806768878336,0.3269216635650213,0.16346083178251064,0.011387235906272719,0.5,-0.002717391304347838,0.5
repeat_1_fold_3,TAF1C,0.017044460070785306,0.08272720544272844,0.04136360272136422,-0.024319142650578912,0.25,-0.0006038647342995196,0.5
repeat_1_fold_3,TAF5L,0.0,0.0,0.0,0.0,0.0,0.0,0.0
repeat_1_fold_3,TANK,0.0,0.0,0.0,0.0,0.0,0.0,0.0
repeat_1_fold_3,TAOK3,0.0,0.0,0.0,0.0,0.0,0.0,0.0
repeat_1_fold_3,TARS1,0.0,0.0,0.0,0.0,0.0,0.0,0.0
repeat_1_fold_3,TAS2R14,0.0,0.0,0.0,0.0,0.0,0.0,0.0
repeat_1_fold_3,TAS2R3,0.0,0.0,0.0,0.0,0.0,0.0,0.0
repeat_1_fold_3,TATDN2,0.0,0.0,0.0,0.0,0.0,0.0,0.0
repeat_1_fold_3,TBCE,0.0,0.0,0.0,0.0,0.0,0.0,0.0
repeat_1_fold_3,TBK1,0.0,0.0,0.0,0.0,0.0,0.0,0.0
repeat_1_fold_3,TBX2,0.0,0.0,0.0,0.0,0.0,0.0,0.0
repeat_1_fold_3,TCF12,-0.03287076436747327,0.06574152873494654,0.03287076436747327,-0.06574152873494654,0.0,0.0,0.5
repeat_1_fold_3,TERF1,0.0,0.0,0.0,0.0,0.0,0.0,0.0
repeat_1_fold_3,TEX2,0.0,0.0,0.0,0.0,0.0,0.0,0.0
repeat_1_fold_3,TFAP2A,0.0,0.0,0.0,0.0,0.0,0.0,0.0
repeat_1_fold_3,TFDP1,0.0,0.0,0.0,0.0,0.0,0.0,0.0
repeat_1_fold_3,TFEB,0.0,0.0,0.0,0.0,0.0,0.0,0.0
repeat_1_fold_3,TFG,0.05797027444475766,0.13716445567369534,0.06858222783684767,-0.010611953392090007,0.25,-0.0016038492381716118,0.5
repeat_1_fold_3,TFRC,0.0,0.0,0.0,0.0,0.0,0.0,0.0
repeat_1_fold_3,TGFA,0.0,0.0,0.0,0.0,0.0,0.0,0.0
repeat_1_fold_3,THBS4,0.0,0.0,0.0,0.0,0.0,0.0,0.0
repeat_1_fold_3,THRA,0.0,0.0,0.0,0.0,0.0,0.0,0.0
repeat_1_fold_3,THSD4,0.0,0.0,0.0,0.0,0.0,0.0,0.0
repeat_1_fold_3,TIMELESS,0.0,0.0,0.0,0.0,0.0,0.0,0.0
repeat_1_fold_3,TIMM13,0.0,0.0,0.0,0.0,0.0,0.0,0.0
repeat_1_fold_3,TLL2,0.0,0.0,0.0,0.0,0.0,0.0,0.0
repeat_1_fold_3,TLR6,-0.013791217814599577,0.027582435629199157,0.013791217814599578,-0.027582435629199153,0.0,0.000200481154771448,0.5
repeat_1_fold_3,TLR8,-0.10938034918072326,0.1579209912321233,0.07896049561606165,-0.18834084479678492,0.0,-0.0014033680834001638,0.5
repeat_1_fold_3,TMBIM1,-0.03287076436747327,0.06574152873494654,0.03287076436747327,-0.06574152873494654,0.0,-0.00040257648953301306,0.5
repeat_1_fold_3,TMOD2,0.0,0.0,0.0,0.0,0.0,0.0,0.0
repeat_1_fold_3,TMPO,0.0,0.0,0.0,0.0,0.0,0.0,0.0
repeat_1_fold_3,TMT1A,0.0,0.0,0.0,0.0,0.0,0.0,0.0
repeat_1_fold_3,TNFRSF10B,0.0,0.0,0.0,0.0,0.0,0.0,0.0
repeat_1_fold_3,TNFRSF12A,0.0,0.0,0.0,0.0,0.0,0.0,0.0
repeat_1_fold_3,TNFRSF1A,0.0,0.0,0.0,0.0,0.0,0.0,0.0
repeat_1_fold_3,TNFSF13,0.0,0.0,0.0,0.0,0.0,0.0,0.0
repeat_1_fold_3,TNFSF15,0.04401537896882424,0.12525743332577208,0.06262871666288604,-0.0186133376940618,0.25,-0.0025060144346431418,0.5
repeat_1_fold_3,TNFSF8,0.0,0.0,0.0,0.0,0.0,0.0,0.0
repeat_1_fold_3,TNIK,0.0,0.0,0.0,0.0,0.0,0.0,0.0
repeat_1_fold_3,TNKS2,0.13977167605858476,0.36463842386827783,0.18231921193413891,-0.042547535875554154,0.25,-0.001107085346215786,0.5
repeat_1_fold_3,TNN,0.0,0.0,0.0,0.0,0.0,0.0,0.0
repeat_1_fold_3,TNNI2,0.0,0.0,0.0,0.0,0.0,0.0,0.0
repeat_1_fold_3,TNPO1,0.0,0.0,0.0,0.0,0.0,0.0,0.0
repeat_1_fold_3,TOMM22,0.0,0.0,0.0,0.0,0.0,0.0,0.0
repeat_1_fold_3,TOMM70,0.0,0.0,0.0,0.0,0.0,0.0,0.0
repeat_1_fold_3,TPK1,0.0,0.0,0.0,0.0,0.0,0.0,0.0
repeat_1_fold_3,TPST1,0.0,0.0,0.0,0.0,0.0,0.0,0.0
repeat_1_fold_3,TPTE,0.0,0.0,0.0,0.0,0.0,0.0,0.0
repeat_1_fold_3,TRA2B,0.0,0.0,0.0,0.0,0.0,0.0,0.0
repeat_1_fold_3,TRAF3,0.05287704900392143,0.10575409800784286,0.05287704900392143,0.0,0.25,0.0014033680834001638,0.5
repeat_1_fold_3,TRIB3,0.28115391024620173,0.49139177154710584,0.24569588577355292,0.035458024472648814,0.5,0.00020128824476650653,0.5
repeat_1_fold_3,TRIM14,0.0,0.0,0.0,0.0,0.0,0.0,0.0
repeat_1_fold_3,TRIM21,-0.03287076436747327,0.06574152873494654,0.03287076436747327,-0.06574152873494654,0.0,0.0004975709819508845,1.0
repeat_1_fold_3,TRIM25,0.0,0.0,0.0,0.0,0.0,0.0,0.0
repeat_1_fold_3,TRIM26,0.0,0.0,0.0,0.0,0.0,0.0,0.0
repeat_1_fold_3,TRIM33,-0.011004378459874786,0.143298352682361,0.0716491763411805,-0.08265355480105528,0.25,-0.0014090177133655457,0.5
repeat_1_fold_3,TRIM36,0.0,0.0,0.0,0.0,0.0,0.0,0.0
repeat_1_fold_3,TRIM37,0.0,0.0,0.0,0.0,0.0,0.0,0.0
repeat_1_fold_3,TRIM68,0.0,0.0,0.0,0.0,0.0,0.0,0.0
repeat_1_fold_3,TRPC4AP,0.0,0.0,0.0,0.0,0.0,0.0,0.0
repeat_1_fold_3,TRPV2,0.0,0.0,0.0,0.0,0.0,0.0,0.0
repeat_1_fold_3,TSC22D1,0.0,0.0,0.0,0.0,0.0,0.0,0.0
repeat_1_fold_3,TSFM,0.0,0.0,0.0,0.0,0.0,0.0,0.0
repeat_1_fold_3,TTPA,0.0,0.0,0.0,0.0,0.0,0.0,0.0
repeat_1_fold_3,TUBA1C,0.03349304913927398,0.06194192348479191,0.030970961742395955,0.0025220873968780227,0.5,0.0015036086607858878,0.5
repeat_1_fold_3,TWIST1,0.0,0.0,0.0,0.0,0.0,0.0,0.0
repeat_1_fold_3,TYMP,-0.038544758945933566,0.04893406915038443,0.024467034575192215,-0.06301179352112578,0.0,0.0006014434643143579,0.5
repeat_1_fold_3,U2AF2,0.0,0.0,0.0,0.0,0.0,0.0,0.0
repeat_1_fold_3,UBAC1,0.0,0.0,0.0,0.0,0.0,0.0,0.0
repeat_1_fold_3,UBE2D2,0.0,0.0,0.0,0.0,0.0,0.0,0.0
repeat_1_fold_3,UBE2I,0.0,0.0,0.0,0.0,0.0,0.0,0.0
repeat_1_fold_3,UBR2,0.02763234280614313,0.05526468561228625,0.027632342806143125,3.469446951953614e-18,0.25,-0.00040257648953301306,0.5
repeat_1_fold_3,UCP2,0.0,0.0,0.0,0.0,0.0,0.0,0.0
repeat_1_fold_3,UGGT2,-0.06712112984137875,0.07750480476446368,0.03875240238223184,-0.1058735322236106,0.0,0.0006014434643143579,0.5
repeat_1_fold_3,UNC5C,0.0,0.0,0.0,0.0,0.0,0.0012028869286287158,0.5
repeat_1_fold_3,UNC93B1,0.0,0.0,0.0,0.0,0.0,0.0,0.0
repeat_1_fold_3,UPF3B,0.03820095291370684,0.07640190582741369,0.03820095291370684,0.0,0.25,0.0016103059581320245,0.5
repeat_1_fold_3,UQCC1,-0.11399540184884671,0.08536672842628058,0.04268336421314029,-0.156678766061987,0.0,0.0027044778644269574,1.0
repeat_1_fold_3,USO1,0.0829951333225889,0.38721896343777956,0.19360948171888978,-0.11061434839630088,0.25,-0.005334138486312423,0.5
repeat_1_fold_3,USP20,0.0,0.0,0.0,0.0,0.0,0.0,0.0
repeat_1_fold_3,USP7,0.0,0.0,0.0,0.0,0.0,0.0,0.0
repeat_1_fold_3,UTP6,0.0,0.0,0.0,0.0,0.0,0.0,0.0
repeat_1_fold_3,UTRN,0.0,0.0,0.0,0.0,0.0,0.0,0.0
repeat_1_fold_3,VCAN,0.0,0.0,0.0,0.0,0.0,0.0,0.0
repeat_1_fold_3,VCPIP1,0.0,0.0,0.0,0.0,0.0,0.0,0.0
repeat_1_fold_3,VEGFA,0.0,0.0,0.0,0.0,0.0,0.0,0.0
repeat_1_fold_3,VPS16,-1.5916588154295646,1.8727390788880232,0.9363695394440116,-2.5280283548735762,0.0,0.0027064955894146037,0.5
repeat_1_fold_3,WAC,0.13975637423004095,0.19169218892480117,0.09584609446240058,0.043910279767640364,0.5,0.0007045088566827729,0.5
repeat_1_fold_3,WNT5A,0.0,0.0,0.0,0.0,0.0,0.0,0.0
repeat_1_fold_3,XCL1,0.0,0.0,0.0,0.0,0.0,0.0,0.0
repeat_1_fold_3,XPC,0.0,0.0,0.0,0.0,0.0,0.0,0.0
repeat_1_fold_3,YKT6,0.0,0.0,0.0,0.0,0.0,0.0,0.0
repeat_1_fold_3,YWHAB,0.0,0.0,0.0,0.0,0.0,0.0,0.0
repeat_1_fold_3,YWHAZ,0.0,0.0,0.0,0.0,0.0,0.0,0.0
repeat_1_fold_3,YY1,0.0,0.0,0.0,0.0,0.0,0.0,0.0
repeat_1_fold_3,ZBED1,-0.23265640250278175,0.35898558156185656,0.17949279078092828,-0.41214919328371,0.0,0.0052125100240577454,0.5
repeat_1_fold_3,ZC3H12A,-0.3396601505090171,0.46762459093649417,0.23381229546824708,-0.5734724459772642,0.25,-0.0033107638687116386,1.0
repeat_1_fold_3,ZC3H15,0.2879819415509708,0.46558060196292567,0.23279030098146283,0.055191640569507955,0.5,0.00010064412238325326,0.5
repeat_1_fold_3,ZFP2,0.0,0.0,0.0,0.0,0.0,0.0,0.0
repeat_1_fold_3,ZFYVE9,0.0,0.0,0.0,0.0,0.0,0.0,0.0
repeat_1_fold_3,ZIC1,0.0,0.0,0.0,0.0,0.0,0.0,0.0
repeat_1_fold_3,ZKSCAN1,0.0,0.0,0.0,0.0,0.0,0.0,0.0
repeat_1_fold_3,ZKSCAN5,0.0,0.0,0.0,0.0,0.0,0.0,0.0
repeat_1_fold_3,ZKSCAN7,0.0,0.0,0.0,0.0,0.0,0.0,0.0
repeat_1_fold_3,ZNF140,0.0,0.0,0.0,0.0,0.0,0.0,0.0
repeat_1_fold_3,ZNF154,0.0,0.0,0.0,0.0,0.0,0.0,0.0
repeat_1_fold_3,ZNF175,0.10267242428722234,0.2123879224450201,0.10619396122251006,-0.003521536935287714,0.25,-0.002405773857257404,0.5
repeat_1_fold_3,ZNF221,0.0,0.0,0.0,0.0,0.0,0.0,0.0
repeat_1_fold_3,ZNF266,0.0,0.0,0.0,0.0,0.0,0.0,0.0
repeat_1_fold_3,ZNF268,0.0,0.0,0.0,0.0,0.0,0.0,0.0
repeat_1_fold_3,ZNF282,0.0,0.0,0.0,0.0,0.0,0.0,0.0
repeat_1_fold_3,ZNF304,0.0,0.0,0.0,0.0,0.0,0.0,0.0
repeat_1_fold_3,ZNF34,0.8002005539976569,0.4487134122083686,0.2243567061041843,0.5758438478934726,1.0,-0.0048305143293986275,1.0
repeat_1_fold_3,ZNF419,0.3144889755103666,0.5506961485636016,0.2753480742818008,0.03914090122856578,0.5,0.001409017713365518,0.5
repeat_1_fold_3,ZNF45,0.0,0.0,0.0,0.0,0.0,0.0,0.0
repeat_1_fold_3,ZNF460,0.0,0.0,0.0,0.0,0.0,0.000100240577385724,0.5
repeat_1_fold_3,ZNF473,0.0,0.0,0.0,0.0,0.0,0.0,0.0
repeat_1_fold_3,ZNF528,-0.039290644144934106,0.04923303783192341,0.024616518915961706,-0.0639071630608958,0.0,0.0017040898155573359,0.5
repeat_1_fold_3,ZNF589,-0.03356056492068937,0.06712112984137875,0.03356056492068937,-0.06712112984137875,0.0,-0.0017040898155573359,0.5
repeat_1_fold_3,ZNF675,0.0,0.0,0.0,0.0,0.0,0.0,0.0
repeat_1_fold_3,ZNF682,0.0,0.0,0.0,0.0,0.0,0.0,0.0
repeat_1_fold_3,ZNF696,0.0,0.0,0.0,0.0,0.0,0.0,0.0
repeat_1_fold_3,ZNF747,0.4309453468740916,0.5000965299030931,0.25004826495154653,0.18089708192254506,0.5,0.0010064412238325326,0.5
repeat_1_fold_3,ZWILCH,0.5297856218338151,0.7415981605587055,0.37079908027935277,0.1589865415544623,0.5,0.0003019323671497598,0.5
repeat_1_fold_4,A1CF,0.0,0.0,0.0,0.0,0.0,0.0,0.0
repeat_1_fold_4,A2M,0.0,0.0,0.0,0.0,0.0,0.0,0.0
repeat_1_fold_4,A4GNT,0.0,0.0,0.0,0.0,0.0,0.0,0.0
repeat_1_fold_4,AAAS,-0.3331328154582067,0.414907366934555,0.2074536834672775,-0.5405864989254843,0.5,-0.0006192416237831844,1.0
repeat_1_fold_4,AACS,0.04236120025535328,0.048914500741247716,0.024457250370623858,0.017903949884729424,0.5,-0.00041876046901173636,0.5
repeat_1_fold_4,AADAC,0.0,0.0,0.0,0.0,0.0,0.0,0.0
repeat_1_fold_4,AAK1,0.0,0.0,0.0,0.0,0.0,0.0,0.0
repeat_1_fold_4,AAMP,0.0,0.0,0.0,0.0,0.0,0.0,0.0
repeat_1_fold_4,AANAT,0.0,0.0,0.0,0.0,0.0,0.0,0.0
repeat_1_fold_4,AARS1,0.0,0.0,0.0,0.0,0.0,0.0,0.0
repeat_1_fold_4,AASDHPPT,0.0,0.0,0.0,0.0,0.0,0.0,0.0
repeat_1_fold_4,AASS,0.0,0.0,0.0,0.0,0.0,-0.0006281407035176045,0.5
repeat_1_fold_4,ABCA1,0.01616707987041366,0.10653372258316576,0.05326686129158288,-0.03709978142116922,0.25,-0.0008553190974922853,1.0
repeat_1_fold_4,ABCA12,0.0,0.0,0.0,0.0,0.0,0.0,0.0
repeat_1_fold_4,ABCA2,0.0,0.0,0.0,0.0,0.0,-0.00041876046901173636,0.5
repeat_1_fold_4,ABCA3,0.0,0.0,0.0,0.0,0.0,0.0,0.0
repeat_1_fold_4,ABCA4,-0.05944266248974017,0.07192651593862243,0.03596325796931121,-0.09540592045905139,0.0,0.0002182793142402606,1.0
repeat_1_fold_4,ABCA5,-0.10913928643861937,0.21827857287723873,0.10913928643861937,-0.21827857287723873,0.0,-0.00020938023450589593,0.5
repeat_1_fold_4,ABCA6,0.0,0.0,0.0,0.0,0.0,0.0,0.0
repeat_1_fold_4,ABCA7,0.0,0.0,0.0,0.0,0.0,-0.0012028869286287158,0.5
repeat_1_fold_4,ABCA8,0.0,0.0,0.0,0.0,0.0,0.0,0.0
repeat_1_fold_4,ABCB1,0.0,0.0,0.0,0.0,0.0,0.0,0.0
repeat_1_fold_4,ABCB4,0.0,0.0,0.0,0.0,0.0,0.0,0.0
repeat_1_fold_4,ABCB6,-0.019715605426668503,0.022765620200647013,0.011382810100323507,-0.03109841552699201,0.0,0.000601443464314344,0.5
repeat_1_fold_4,ABCB7,0.0,0.0,0.0,0.0,0.0,0.0,0.0
repeat_1_fold_4,ABCB8,0.0,0.0,0.0,0.0,0.0,0.0,0.0
repeat_1_fold_4,ABCB9,-0.013891764298922027,0.093250724091029,0.0466253620455145,-0.060517126344436525,0.25,-0.0008375209380234727,0.5
repeat_1_fold_4,ABCC1,-0.03451589548497935,0.06244694952432744,0.03122347476216372,-0.06573937024714308,0.0,0.0,0.5
repeat_1_fold_4,ABCC10,0.0,0.0,0.0,0.0,0.0,0.0,0.0
repeat_1_fold_4,ABCC2,0.021120113706199817,0.09504280611214237,0.047521403056071186,-0.02640128934987137,0.25,0.0014656616415410217,0.5
repeat_1_fold_4,ABCC3,0.0,0.0,0.0,0.0,0.0,0.0,0.0
repeat_1_fold_4,ABCC4,0.0,0.0,0.0,0.0,0.0,0.0,0.0
repeat_1_fold_4,ABCC5,0.0,0.0,0.0,0.0,0.0,0.0,0.0
repeat_1_fold_4,ABCC6,0.0,0.0,0.0,0.0,0.0,0.0,0.0
repeat_1_fold_4,ABCC8,0.0,0.0,0.0,0.0,0.0,0.0,0.0
repeat_1_fold_4,ABCC9,0.0,0.0,0.0,0.0,0.0,0.0,0.0
repeat_1_fold_4,ABCD1,0.0,0.0,0.0,0.0,0.0,0.0,0.0
repeat_1_fold_4,ABCD2,-0.013347024534350993,0.026694049068701986,0.013347024534350993,-0.026694049068701986,0.0,0.000400962309542896,0.5
repeat_1_fold_4,ABCD3,0.0,0.0,0.0,0.0,0.0,0.0,0.0
repeat_1_fold_4,ABCD4,0.0,0.0,0.0,0.0,0.0,0.0,0.0
repeat_1_fold_4,ABCF2,0.0,0.0,0.0,0.0,0.0,0.0,0.0
repeat_1_fold_4,ABCG2,0.0,0.0,0.0,0.0,0.0,0.0,0.0
repeat_1_fold_4,ABCG4,0.0,0.0,0.0,0.0,0.0,0.0,0.0
repeat_1_fold_4,ABCG5,0.0,0.0,0.0,0.0,0.0,0.00020938023450586818,0.5
repeat_1_fold_4,ABHD10,-0.04894181204938164,0.0885012638070906,0.0442506319035453,-0.09319244395292695,0.0,0.001202886928628688,0.5
repeat_1_fold_4,ABHD17A,0.026678995697174912,0.030806250694945605,0.015403125347472802,0.01127587034970211,0.5,0.0,0.5
repeat_1_fold_4,ABHD17B,0.0,0.0,0.0,0.0,0.0,0.0,0.5
repeat_1_fold_4,ABHD3,0.0,0.0,0.0,0.0,0.0,0.0,0.0
repeat_1_fold_4,ABHD4,0.013339497848589232,0.1271584066569525,0.06357920332847625,-0.050239705479887015,0.25,-0.0018043303929430599,0.5
repeat_1_fold_4,ABHD5,0.0,0.0,0.0,0.0,0.0,0.0,0.0
repeat_1_fold_4,ABHD6,0.026901312028062563,0.06075993538769628,0.03037996769384814,-0.0034786556657855766,0.25,-0.000801924619085792,0.5
repeat_1_fold_4,ABI1,0.0,0.0,0.0,0.0,0.0,0.000837520938023445,0.5
repeat_1_fold_4,ABI2,0.0,0.0,0.0,0.0,0.0,0.0,0.0
repeat_1_fold_4,ABL1,-0.16058516995341776,0.200451269364402,0.100225634682201,-0.2608108046356188,0.0,-0.0008375209380234727,0.5
repeat_1_fold_4,ABL2,0.0,0.0,0.0,0.0,0.0,0.0,0.0
repeat_1_fold_4,ABLIM1,0.0,0.0,0.0,0.0,0.0,0.0,0.0
repeat_1_fold_4,ABLIM3,0.0,0.0,0.0,0.0,0.0,0.0,0.5
repeat_1_fold_4,ABR,0.0,0.0,0.0,0.0,0.0,0.0,0.0
repeat_1_fold_4,ABRAXAS2,0.0,0.0,0.0,0.0,0.0,0.0,0.0
repeat_1_fold_4,ACAA2,-0.013347024534350993,0.026694049068701986,0.013347024534350993,-0.026694049068701986,0.0,-0.000801924619085792,0.5
repeat_1_fold_4,ACACA,0.0,0.0,0.0,0.0,0.0,0.0,0.0
repeat_1_fold_4,ACACB,0.0,0.0,0.0,0.0,0.0,-0.000200481154771448,0.5
repeat_1_fold_4,ACAD10,0.0,0.0,0.0,0.0,0.0,0.0,0.0
repeat_1_fold_4,ACADM,0.03434566084596291,0.13365467687891994,0.06682733843945997,-0.03248167759349706,0.25,-0.0012562814070351813,0.5
repeat_1_fold_4,ACADS,0.0,0.0,0.0,0.0,0.0,0.0,0.0
repeat_1_fold_4,ACADSB,0.042861128939115645,0.0857222578782313,0.04286112893911565,-6.938893903907228e-18,0.25,0.0014656616415410217,0.5
repeat_1_fold_4,ACADVL,0.0,0.0,0.0,0.0,0.0,0.0,0.0
repeat_1_fold_4,ACAN,0.0,0.0,0.0,0.0,0.0,0.0,0.0
repeat_1_fold_4,ACAT2,0.0,0.0,0.0,0.0,0.0,0.0,0.0
repeat_1_fold_4,ACBD3,0.0,0.0,0.0,0.0,0.0,0.0,0.0
repeat_1_fold_4,ACBD4,0.0,0.0,0.0,0.0,0.0,0.0,0.0
repeat_1_fold_4,ACD,0.0,0.0,0.0,0.0,0.0,0.0,0.0
repeat_1_fold_4,ACE,0.0,0.0,0.0,0.0,0.0,0.0,0.0
repeat_1_fold_4,ACE2,0.0,0.0,0.0,0.0,0.0,0.0,0.0
repeat_1_fold_4,ACHE,0.0,0.0,0.0,0.0,0.0,0.0,0.0
repeat_1_fold_4,ACIN1,0.0,0.0,0.0,0.0,0.0,-0.0006281407035176045,0.5
repeat_1_fold_4,ACKR1,-0.022892630382592927,0.04578526076518585,0.022892630382592927,-0.04578526076518585,0.0,-0.000601443464314344,0.5
repeat_1_fold_4,ACKR2,0.0,0.0,0.0,0.0,0.0,0.0,0.0
repeat_1_fold_4,ACKR3,-0.05867175006804359,0.08553767963849662,0.04276883981924831,-0.1014405898872919,0.0,0.0,0.5
repeat_1_fold_4,ACKR4,0.0,0.0,0.0,0.0,0.0,0.0,0.0
repeat_1_fold_4,ACLY,0.042861128939115645,0.0857222578782313,0.04286112893911565,-6.938893903907228e-18,0.25,0.00020938023450586818,0.5
repeat_1_fold_4,ACO1,0.0,0.0,0.0,0.0,0.0,0.0,0.0
repeat_1_fold_4,ACO2,0.0,0.0,0.0,0.0,0.0,0.0,0.0
repeat_1_fold_4,ACOT11,-0.05697966813491284,0.06921772632495268,0.03460886316247634,-0.09158853129738918,0.0,0.0012206850880975006,1.0
repeat_1_fold_4,ACOT2,0.0,0.0,0.0,0.0,0.0,0.0,0.0
repeat_1_fold_4,ACOT7,0.0,0.0,0.0,0.0,0.0,0.0,0.0
repeat_1_fold_4,ACOT9,0.0,0.0,0.0,0.0,0.0,-0.00020048115477147577,0.5
repeat_1_fold_4,ACOX1,0.0,0.0,0.0,0.0,0.0,0.0,0.0
repeat_1_fold_4,ACOX2,-0.13459303320536975,0.21477656534108752,0.10738828267054376,-0.2419813158759135,0.0,-0.0008375209380234727,0.5
repeat_1_fold_4,ACOX3,0.0,0.0,0.0,0.0,0.0,0.0,0.0
repeat_1_fold_4,ACOXL,-0.26539792423892017,0.310601535072796,0.155300767536398,-0.42069869177531816,0.0,-0.0031407035175879394,0.5
repeat_1_fold_4,ACP3,-0.21703684412465662,0.4904271597086306,0.2452135798543153,-0.4622504239789719,0.25,0.002405773857257404,0.5
repeat_1_fold_4,ACP5,0.0,0.0,0.0,0.0,0.0,0.0,0.0
repeat_1_fold_4,ACP6,-0.013347024534350993,0.026694049068701986,0.013347024534350993,-0.026694049068701986,0.0,-0.000200481154771448,0.5
repeat_1_fold_4,ACR,0.029439506513702085,0.05887901302740417,0.029439506513702085,0.0,0.25,-0.0008019246190858198,0.5
repeat_1_fold_4,ACSBG1,0.0,0.0,0.0,0.0,0.0,0.0,0.0
repeat_1_fold_4,ACSBG2,0.0,0.0,0.0,0.0,0.0,0.0,0.0
repeat_1_fold_4,ACSF2,0.0,0.0,0.0,0.0,0.0,0.0,0.0
repeat_1_fold_4,ACSL1,0.0,0.0,0.0,0.0,0.0,0.0,0.0
repeat_1_fold_4,ACSL3,0.25390774742743183,0.4468257579992229,0.22341287899961146,0.03049486842782037,0.5,0.0026952458093729426,1.0
repeat_1_fold_4,ACSL4,0.0,0.0,0.0,0.0,0.0,0.0,0.0
repeat_1_fold_4,ACSL6,0.026901312028062563,0.06075993538769628,0.03037996769384814,-0.0034786556657855766,0.25,0.000400962309542896,0.5
repeat_1_fold_4,ACSM1,0.0,0.0,0.0,0.0,0.0,0.0,0.0
repeat_1_fold_4,ACSM2A,0.0,0.0,0.0,0.0,0.0,0.0,0.0
repeat_1_fold_4,ACSM3,0.09747098676461263,0.13491819341586278,0.06745909670793139,0.030011890056681242,0.5,0.0,0.5
repeat_1_fold_4,ACSM5,0.0,0.0,0.0,0.0,0.0,0.0,0.0
repeat_1_fold_4,ACSS3,0.0,0.0,0.0,0.0,0.0,0.0,0.0
repeat_1_fold_4,ACTA1,0.0,0.0,0.0,0.0,0.0,0.0,0.0
repeat_1_fold_4,ACTA2,0.0,0.0,0.0,0.0,0.0,0.0,0.0
repeat_1_fold_4,ACTB,0.0,0.0,0.0,0.0,0.0,0.0,0.0
repeat_1_fold_4,ACTC1,0.0,0.0,0.0,0.0,0.0,0.0,0.0
repeat_1_fold_4,ACTG1,0.0,0.0,0.0,0.0,0.0,0.0,0.0
repeat_1_fold_4,ACTG2,0.0,0.0,0.0,0.0,0.0,0.0,0.0
repeat_1_fold_4,ACTL6A,0.0,0.0,0.0,0.0,0.0,0.0,0.0
repeat_1_fold_4,ACTL6B,0.0,0.0,0.0,0.0,0.0,0.0,0.0
repeat_1_fold_4,ACTN1,0.0,0.0,0.0,0.0,0.0,0.0,0.0
repeat_1_fold_4,ACTN2,0.0,0.0,0.0,0.0,0.0,0.0,0.0
repeat_1_fold_4,ACTN3,0.0,0.0,0.0,0.0,0.0,0.0,0.0
repeat_1_fold_4,ACTN4,0.0,0.0,0.0,0.0,0.0,0.0,0.0
repeat_1_fold_4,ACTR10,0.0,0.0,0.0,0.0,0.0,0.0,0.0
repeat_1_fold_4,ACTR1A,0.0,0.0,0.0,0.0,0.0,0.0,0.0
repeat_1_fold_4,ACTR1B,0.0,0.0,0.0,0.0,0.0,0.0,0.0
repeat_1_fold_4,ACTR2,0.0,0.0,0.0,0.0,0.0,0.0,0.0
repeat_1_fold_4,ACTR3,0.0,0.0,0.0,0.0,0.0,0.0,0.0
repeat_1_fold_4,ACTR5,0.0,0.0,0.0,0.0,0.0,0.0,0.0
repeat_1_fold_4,ACTR8,0.0,0.0,0.0,0.0,0.0,0.0,0.0
repeat_1_fold_4,ACVR1B,0.0,0.0,0.0,0.0,0.0,0.0,0.0
repeat_1_fold_4,ACVR2A,0.0,0.0,0.0,0.0,0.0,0.0,0.0
repeat_1_fold_4,ACVR2B,0.0,0.0,0.0,0.0,0.0,0.0,0.0
repeat_1_fold_4,ACVRL1,0.0,0.0,0.0,0.0,0.0,0.0,0.0
repeat_1_fold_4,ACY1,0.0,0.0,0.0,0.0,0.0,0.0,0.0
repeat_1_fold_4,ADA,0.0,0.0,0.0,0.0,0.0,0.0,0.0
repeat_1_fold_4,ADA2,0.0,0.0,0.0,0.0,0.0,0.0,0.0
repeat_1_fold_4,ADAM10,0.0,0.0,0.0,0.0,0.0,0.0,0.0
repeat_1_fold_4,ADAM11,0.0,0.0,0.0,0.0,0.0,0.0,0.0
repeat_1_fold_4,ADAM12,0.0,0.0,0.0,0.0,0.0,0.0,0.0
repeat_1_fold_4,ADAM15,0.0,0.0,0.0,0.0,0.0,0.0,0.0
repeat_1_fold_4,ADAM17,-0.18677574906273264,0.6090373450470915,0.30451867252354575,-0.4912944215862784,0.5,8.899079734392412e-06,1.0
repeat_1_fold_4,ADAM2,0.0,0.0,0.0,0.0,0.0,0.0,0.0
repeat_1_fold_4,ADAM20,0.0,0.0,0.0,0.0,0.0,0.0,0.0
repeat_1_fold_4,ADAM22,0.0,0.0,0.0,0.0,0.0,0.0,0.0
repeat_1_fold_4,ADAM23,0.0,0.0,0.0,0.0,0.0,0.0,0.0
repeat_1_fold_4,ADAM30,0.0,0.0,0.0,0.0,0.0,0.0,0.0
repeat_1_fold_4,ADAM8,0.0,0.0,0.0,0.0,0.0,0.0,0.0
repeat_1_fold_4,ADAM9,0.0,0.0,0.0,0.0,0.0,0.0,0.0
repeat_1_fold_4,ADAMTS12,0.0,0.0,0.0,0.0,0.0,0.0,0.0
repeat_1_fold_4,ADAMTS13,0.0,0.0,0.0,0.0,0.0,0.0,0.0
repeat_1_fold_4,ADAMTS20,0.0,0.0,0.0,0.0,0.0,0.0,0.0
repeat_1_fold_4,ADAMTS3,0.0,0.0,0.0,0.0,0.0,0.0,0.0
repeat_1_fold_4,ADAMTS5,0.0,0.0,0.0,0.0,0.0,0.0,0.0
repeat_1_fold_4,ADAMTS6,0.0,0.0,0.0,0.0,0.0,0.0,0.0
repeat_1_fold_4,ADAMTS7,0.0,0.0,0.0,0.0,0.0,0.0,0.0
repeat_1_fold_4,ADAMTS8,0.0,0.0,0.0,0.0,0.0,0.0,0.0
repeat_1_fold_4,ADAMTS9,0.0,0.0,0.0,0.0,0.0,0.0,0.0
repeat_1_fold_4,ADAMTSL2,0.0,0.0,0.0,0.0,0.0,0.0,0.0
repeat_1_fold_4,ADAMTSL3,0.0,0.0,0.0,0.0,0.0,0.0,0.0
repeat_1_fold_4,ADAMTSL4,0.0,0.0,0.0,0.0,0.0,0.0,0.0
repeat_1_fold_4,ADAP1,0.0,0.0,0.0,0.0,0.0,0.0,0.0
repeat_1_fold_4,ADAR,0.0,0.0,0.0,0.0,0.0,0.0,0.0
repeat_1_fold_4,ADARB1,0.0,0.0,0.0,0.0,0.0,0.0,0.0
repeat_1_fold_4,ADAT1,0.0,0.0,0.0,0.0,0.0,0.0,0.0
repeat_1_fold_4,ADCY1,0.0,0.0,0.0,0.0,0.0,0.0,0.0
repeat_1_fold_4,ADCY10,0.0,0.0,0.0,0.0,0.0,0.0,0.0
repeat_1_fold_4,ADCY2,0.0,0.0,0.0,0.0,0.0,0.0,0.0
repeat_1_fold_4,ADCY3,0.0,0.0,0.0,0.0,0.0,0.0,0.0
repeat_1_fold_4,ADCY6,0.0,0.0,0.0,0.0,0.0,0.0,0.0
repeat_1_fold_4,ADCY7,0.0,0.0,0.0,0.0,0.0,0.0,0.0
repeat_1_fold_4,ADCY8,0.0,0.0,0.0,0.0,0.0,0.0,0.0
repeat_1_fold_4,ADCY9,0.0,0.0,0.0,0.0,0.0,0.0,0.0
repeat_1_fold_4,ADCYAP1,0.0,0.0,0.0,0.0,0.0,0.0,0.0
repeat_1_fold_4,ADCYAP1R1,0.0,0.0,0.0,0.0,0.0,0.0,0.0
repeat_1_fold_4,ADD1,0.0,0.0,0.0,0.0,0.0,0.0,0.0
repeat_1_fold_4,ADD2,0.0,0.0,0.0,0.0,0.0,0.0,0.0
repeat_1_fold_4,ADD3,0.0,0.0,0.0,0.0,0.0,0.0,0.0
repeat_1_fold_4,ADGRE1,0.0,0.0,0.0,0.0,0.0,0.0,0.0
repeat_1_fold_4,ADGRE2,0.0,0.0,0.0,0.0,0.0,0.0,0.0
repeat_1_fold_4,ADGRE3,0.0,0.0,0.0,0.0,0.0,0.0,0.0
repeat_1_fold_4,ADGRE5,0.0,0.0,0.0,0.0,0.0,0.0,0.0
repeat_1_fold_4,ADGRF5,0.0,0.0,0.0,0.0,0.0,0.0,0.5
repeat_1_fold_4,ADGRG3,0.0,0.0,0.0,0.0,0.0,0.0,0.0
repeat_1_fold_4,ADGRG6,0.0,0.0,0.0,0.0,0.0,0.0,0.0
repeat_1_fold_4,ADGRV1,0.0,0.0,0.0,0.0,0.0,0.0,0.0
repeat_1_fold_4,ADH1A,0.0,0.0,0.0,0.0,0.0,0.0,0.0
repeat_1_fold_4,ADH1B,0.0,0.0,0.0,0.0,0.0,0.0,0.0
repeat_1_fold_4,ADH1C,0.0,0.0,0.0,0.0,0.0,0.0,0.0
repeat_1_fold_4,ADH5,0.0,0.0,0.0,0.0,0.0,0.0,0.0
repeat_1_fold_4,ADH6,0.0,0.0,0.0,0.0,0.0,0.0,0.0
repeat_1_fold_4,ADH7,0.0,0.0,0.0,0.0,0.0,0.0,0.0
repeat_1_fold_4,ADI1,0.0,0.0,0.0,0.0,0.0,0.0,0.0
repeat_1_fold_4,ADIPOQ,0.0,0.0,0.0,0.0,0.0,0.0,0.0
repeat_1_fold_4,ADIPOR2,0.0,0.0,0.0,0.0,0.0,0.0,0.0
repeat_1_fold_4,ADIRF,0.0,0.0,0.0,0.0,0.0,0.0,0.0
repeat_1_fold_4,ADK,0.0,0.0,0.0,0.0,0.0,0.0,0.0
repeat_1_fold_4,ADM,0.0,0.0,0.0,0.0,0.0,0.0,0.0
repeat_1_fold_4,ADM2,0.0,0.0,0.0,0.0,0.0,0.0,0.0
repeat_1_fold_4,ADO,0.0,0.0,0.0,0.0,0.0,0.0,0.0
repeat_1_fold_4,ADORA2A,0.0,0.0,0.0,0.0,0.0,0.0,0.0
repeat_1_fold_4,ADORA2B,-0.08971664933164192,0.13554275828117182,0.06777137914058591,-0.15748802847222781,0.0,0.0031140062783847067,1.0
repeat_1_fold_4,ADPGK,0.0,0.0,0.0,0.0,0.0,0.0,0.0
repeat_1_fold_4,ADPRM,0.0,0.0,0.0,0.0,0.0,0.0,0.0
repeat_1_fold_4,ADRA1B,0.0,0.0,0.0,0.0,0.0,0.0,0.0
repeat_1_fold_4,ADRA1D,0.0,0.0,0.0,0.0,0.0,0.0,0.0
repeat_1_fold_4,ADRA2A,0.0,0.0,0.0,0.0,0.0,0.0,0.0
repeat_1_fold_4,ADRA2B,0.0,0.0,0.0,0.0,0.0,0.0,0.0
repeat_1_fold_4,ADRA2C,0.0,0.0,0.0,0.0,0.0,0.0,0.0
repeat_1_fold_4,ADRB1,0.0,0.0,0.0,0.0,0.0,0.0,0.0
repeat_1_fold_4,ADRB2,0.0,0.0,0.0,0.0,0.0,0.0,0.0
repeat_1_fold_4,ADRB3,0.0,0.0,0.0,0.0,0.0,0.0,0.0
repeat_1_fold_4,ADRM1,0.0,0.0,0.0,0.0,0.0,0.0,0.0
repeat_1_fold_4,ADSL,0.0,0.0,0.0,0.0,0.0,0.0,0.0
repeat_1_fold_4,ADSS2,0.0,0.0,0.0,0.0,0.0,0.0,0.0
repeat_1_fold_4,AFDN,0.0,0.0,0.0,0.0,0.0,0.0,0.0
repeat_1_fold_4,AFF4,0.0,0.0,0.0,0.0,0.0,0.0,0.0
repeat_1_fold_4,AFG3L2,0.0,0.0,0.0,0.0,0.0,0.0,0.0
repeat_1_fold_4,AFP,0.0,0.0,0.0,0.0,0.0,0.0,0.0
repeat_1_fold_4,AGA,0.0,0.0,0.0,0.0,0.0,0.0,0.0
repeat_1_fold_4,AGAP2,0.0,0.0,0.0,0.0,0.0,0.0,0.0
repeat_1_fold_4,AGBL3,0.0,0.0,0.0,0.0,0.0,0.0,0.0
repeat_1_fold_4,AGBL5,0.0,0.0,0.0,0.0,0.0,0.0,0.0
repeat_1_fold_4,AGER,0.0,0.0,0.0,0.0,0.0,0.0,0.0
repeat_1_fold_4,AGFG1,0.0,0.0,0.0,0.0,0.0,0.0,0.0
repeat_1_fold_4,AGGF1,0.0,0.0,0.0,0.0,0.0,0.0,0.0
repeat_1_fold_4,AGK,0.0,0.0,0.0,0.0,0.0,0.0,0.0
repeat_1_fold_4,AGL,0.0,0.0,0.0,0.0,0.0,0.0,0.0
repeat_1_fold_4,AGMAT,0.0,0.0,0.0,0.0,0.0,0.0,0.0
repeat_1_fold_4,AGO1,-0.022892630382592927,0.04578526076518585,0.022892630382592927,-0.04578526076518585,0.0,-0.000400962309542896,0.5
repeat_1_fold_4,AGO2,0.0,0.0,0.0,0.0,0.0,0.0,0.0
repeat_1_fold_4,AGO3,0.0,0.0,0.0,0.0,0.0,0.0,0.0
repeat_1_fold_4,AGO4,0.0,0.0,0.0,0.0,0.0,0.0,0.0
repeat_1_fold_4,AGPAT1,0.0,0.0,0.0,0.0,0.0,0.0,0.0
repeat_1_fold_4,AGPAT2,0.0,0.0,0.0,0.0,0.0,0.0,0.0
repeat_1_fold_4,AGPAT3,0.0,0.0,0.0,0.0,0.0,0.0,0.0
repeat_1_fold_4,AGPAT4,0.0,0.0,0.0,0.0,0.0,0.0,0.0
repeat_1_fold_4,AGPAT5,0.0,0.0,0.0,0.0,0.0,0.0,0.0
repeat_1_fold_4,AGPS,0.0,0.0,0.0,0.0,0.0,0.0,0.0
repeat_1_fold_4,AGRN,0.0,0.0,0.0,0.0,0.0,0.0,0.0
repeat_1_fold_4,AGRP,0.0,0.0,0.0,0.0,0.0,0.0,0.0
repeat_1_fold_4,AGTPBP1,0.0,0.0,0.0,0.0,0.0,0.0,0.0
repeat_1_fold_4,AGTR1,0.0,0.0,0.0,0.0,0.0,0.0,0.0
repeat_1_fold_4,AGTR2,0.0,0.0,0.0,0.0,0.0,0.0,0.0
repeat_1_fold_4,AGXT,0.0,0.0,0.0,0.0,0.0,0.0,0.0
repeat_1_fold_4,AHCTF1,0.0,0.0,0.0,0.0,0.0,0.0,0.0
repeat_1_fold_4,AHCY,0.0,0.0,0.0,0.0,0.0,0.0,0.0
repeat_1_fold_4,AHCYL1,0.0,0.0,0.0,0.0,0.0,0.0,0.0
repeat_1_fold_4,AHCYL2,0.0,0.0,0.0,0.0,0.0,0.0,0.0
repeat_1_fold_4,AHI1,0.0,0.0,0.0,0.0,0.0,0.0,0.0
repeat_1_fold_4,AHR,0.0,0.0,0.0,0.0,0.0,0.0,0.0
repeat_1_fold_4,AHSG,0.0,0.0,0.0,0.0,0.0,0.0,0.0
repeat_1_fold_4,AICDA,0.0,0.0,0.0,0.0,0.0,0.0,0.0
repeat_1_fold_4,AIM2,0.0,0.0,0.0,0.0,0.0,0.0,0.0
repeat_1_fold_4,AIMP1,0.0,0.0,0.0,0.0,0.0,0.0,0.0
repeat_1_fold_4,AIMP2,0.0,0.0,0.0,0.0,0.0,0.0,0.0
repeat_1_fold_4,AIP,0.0,0.0,0.0,0.0,0.0,0.0,0.0
repeat_1_fold_4,AK1,0.0,0.0,0.0,0.0,0.0,0.0,0.0
repeat_1_fold_4,AK2,0.0,0.0,0.0,0.0,0.0,0.0,0.0
repeat_1_fold_4,AK4,0.0,0.0,0.0,0.0,0.0,0.0,0.0
repeat_1_fold_4,AK5,0.0,0.0,0.0,0.0,0.0,0.0,0.0
repeat_1_fold_4,AK6,0.0,0.0,0.0,0.0,0.0,0.0,0.0
repeat_1_fold_4,AKAP1,0.0,0.0,0.0,0.0,0.0,0.0,0.0
repeat_1_fold_4,AKAP10,0.0,0.0,0.0,0.0,0.0,0.0,0.0
repeat_1_fold_4,AKAP13,0.0,0.0,0.0,0.0,0.0,0.0,0.0
repeat_1_fold_4,AKAP5,0.0,0.0,0.0,0.0,0.0,0.0,0.0
repeat_1_fold_4,AKAP8L,0.0,0.0,0.0,0.0,0.0,0.0,0.0
repeat_1_fold_4,AKAP9,0.0,0.0,0.0,0.0,0.0,0.0,0.0
repeat_1_fold_4,AKR1A1,0.0,0.0,0.0,0.0,0.0,0.0,0.0
repeat_1_fold_4,AKR1B1,0.0,0.0,0.0,0.0,0.0,0.0,0.0
repeat_1_fold_4,AKR1B10,0.0,0.0,0.0,0.0,0.0,0.0,0.0
repeat_1_fold_4,AKR1C1,0.0,0.0,0.0,0.0,0.0,0.0,0.0
repeat_1_fold_4,AKR1C2,0.0,0.0,0.0,0.0,0.0,0.0,0.0
repeat_1_fold_4,AKR1C3,0.0,0.0,0.0,0.0,0.0,0.0,0.0
repeat_1_fold_4,AKR1C4,0.0,0.0,0.0,0.0,0.0,0.0,0.0
repeat_1_fold_4,AKR1D1,0.0,0.0,0.0,0.0,0.0,0.0,0.0
repeat_1_fold_4,AKR7A2,0.0,0.0,0.0,0.0,0.0,0.0,0.0
repeat_1_fold_4,AKR7A3,0.0,0.0,0.0,0.0,0.0,0.0,0.0
repeat_1_fold_4,AKT1,0.0,0.0,0.0,0.0,0.0,0.0,0.0
repeat_1_fold_4,AKT2,0.0,0.0,0.0,0.0,0.0,0.0,0.0
repeat_1_fold_4,AKT3,0.0,0.0,0.0,0.0,0.0,0.0,0.0
repeat_1_fold_4,ALAD,0.0,0.0,0.0,0.0,0.0,0.0,0.0
repeat_1_fold_4,ALAS1,0.0,0.0,0.0,0.0,0.0,0.0,0.0
repeat_1_fold_4,ALB,0.0,0.0,0.0,0.0,0.0,0.0,0.0
repeat_1_fold_4,ALCAM,0.0,0.0,0.0,0.0,0.0,0.0,0.0
repeat_1_fold_4,ALDH18A1,0.0,0.0,0.0,0.0,0.0,0.0,0.0
repeat_1_fold_4,ALDH1A1,0.0,0.0,0.0,0.0,0.0,0.0,0.0
repeat_1_fold_4,ALDH1A2,0.031970174313576294,0.06394034862715259,0.031970174313576294,0.0,0.25,0.000601443464314344,0.5
repeat_1_fold_4,ALDH1A3,0.0,0.0,0.0,0.0,0.0,0.0,0.0
repeat_1_fold_4,ALDH1B1,0.0,0.0,0.0,0.0,0.0,0.0,0.0
repeat_1_fold_4,ALDH1L1,0.0,0.0,0.0,0.0,0.0,0.0,0.0
repeat_1_fold_4,ALDH2,0.0,0.0,0.0,0.0,0.0,0.0,0.0
repeat_1_fold_4,ALDH3A1,0.0,0.0,0.0,0.0,0.0,0.0,0.0
repeat_1_fold_4,ALDH3A2,0.0,0.0,0.0,0.0,0.0,0.0,0.0
repeat_1_fold_4,ALDH3B1,0.0,0.0,0.0,0.0,0.0,0.0,0.0
repeat_1_fold_4,ALDH3B2,0.0,0.0,0.0,0.0,0.0,0.0,0.0
repeat_1_fold_4,ALDH4A1,0.0,0.0,0.0,0.0,0.0,0.0,0.0
repeat_1_fold_4,ALDH5A1,0.0,0.0,0.0,0.0,0.0,0.0,0.0
repeat_1_fold_4,ALDH6A1,0.0,0.0,0.0,0.0,0.0,0.0,0.0
repeat_1_fold_4,ALDH7A1,0.0,0.0,0.0,0.0,0.0,0.0,0.0
repeat_1_fold_4,ALDH8A1,0.0,0.0,0.0,0.0,0.0,0.0,0.0
repeat_1_fold_4,ALDH9A1,-0.5553045636949214,0.6471211030722099,0.32356055153610497,-0.8788651152310264,0.0,0.000601443464314344,0.5
repeat_1_fold_4,ALDOA,0.0,0.0,0.0,0.0,0.0,0.0,0.0
repeat_1_fold_4,ALDOB,0.0,0.0,0.0,0.0,0.0,0.0,0.0
repeat_1_fold_4,ALDOC,0.0,0.0,0.0,0.0,0.0,0.0,0.0
repeat_1_fold_4,ALG12,0.0,0.0,0.0,0.0,0.0,0.0,0.0
repeat_1_fold_4,ALG13,0.0,0.0,0.0,0.0,0.0,0.0,0.0
repeat_1_fold_4,ALG3,0.0,0.0,0.0,0.0,0.0,0.0,0.0
repeat_1_fold_4,ALG5,0.0,0.0,0.0,0.0,0.0,0.0,0.0
repeat_1_fold_4,ALG6,0.0,0.0,0.0,0.0,0.0,0.0,0.0
repeat_1_fold_4,ALG8,0.0,0.0,0.0,0.0,0.0,0.0,0.0
repeat_1_fold_4,ALG9,0.0,0.0,0.0,0.0,0.0,0.0,0.0
repeat_1_fold_4,ALK,0.0,0.0,0.0,0.0,0.0,0.0,0.0
repeat_1_fold_4,ALMS1,0.0,0.0,0.0,0.0,0.0,0.0,0.0
repeat_1_fold_4,ALOX12,0.0,0.0,0.0,0.0,0.0,0.0,0.0
repeat_1_fold_4,ALOX12B,0.0,0.0,0.0,0.0,0.0,0.0,0.0
repeat_1_fold_4,ALOX15,0.0,0.0,0.0,0.0,0.0,0.0,0.0
repeat_1_fold_4,ALOX15B,0.0,0.0,0.0,0.0,0.0,0.0,0.0
repeat_1_fold_4,ALOX5,0.0,0.0,0.0,0.0,0.0,0.0,0.0
repeat_1_fold_4,ALOX5AP,0.0,0.0,0.0,0.0,0.0,0.0,0.0
repeat_1_fold_4,ALOXE3,0.0,0.0,0.0,0.0,0.0,0.0,0.0
repeat_1_fold_4,ALPG,0.0,0.0,0.0,0.0,0.0,0.0,0.0
repeat_1_fold_4,ALPK1,0.0,0.0,0.0,0.0,0.0,0.0,0.0
repeat_1_fold_4,ALPL,0.0,0.0,0.0,0.0,0.0,0.0,0.0
repeat_1_fold_4,ALPP,0.0,0.0,0.0,0.0,0.0,0.0,0.0
repeat_1_fold_4,ALS2CL,0.0,0.0,0.0,0.0,0.0,0.0,0.0
repeat_1_fold_4,AMACR,0.0,0.0,0.0,0.0,0.0,0.0,0.0
repeat_1_fold_4,AMBN,0.0,0.0,0.0,0.0,0.0,0.0,0.0
repeat_1_fold_4,AMBP,0.0,0.0,0.0,0.0,0.0,0.0,0.0
repeat_1_fold_4,AMBRA1,0.0,0.0,0.0,0.0,0.0,0.0,0.0
repeat_1_fold_4,AMD1,0.0,0.0,0.0,0.0,0.0,0.0,0.0
repeat_1_fold_4,AMDHD2,0.0,0.0,0.0,0.0,0.0,0.0,0.0
repeat_1_fold_4,AMELX,0.0,0.0,0.0,0.0,0.0,0.0,0.0
repeat_1_fold_4,AMFR,0.0,0.0,0.0,0.0,0.0,0.0,0.0
repeat_1_fold_4,AMH,0.0,0.0,0.0,0.0,0.0,0.0,0.0
repeat_1_fold_4,AMHR2,0.0,0.0,0.0,0.0,0.0,0.0,0.0
repeat_1_fold_4,AMIGO2,0.0,0.0,0.0,0.0,0.0,0.0,0.0
repeat_1_fold_4,AMN,0.0,0.0,0.0,0.0,0.0,0.0,0.0
repeat_1_fold_4,AMOT,0.0,0.0,0.0,0.0,0.0,0.0,0.0
repeat_1_fold_4,AMOTL2,0.0,0.0,0.0,0.0,0.0,0.0,0.0
repeat_1_fold_4,AMPD1,0.0,0.0,0.0,0.0,0.0,0.0,0.0
repeat_1_fold_4,AMPD2,0.0,0.0,0.0,0.0,0.0,0.0,0.0
repeat_1_fold_4,AMPH,0.0,0.0,0.0,0.0,0.0,0.0,0.0
repeat_1_fold_4,AMT,0.0,0.0,0.0,0.0,0.0,0.0,0.0
repeat_1_fold_4,AMY1A,0.0,0.0,0.0,0.0,0.0,0.0,0.0
repeat_1_fold_4,ANAPC1,0.0,0.0,0.0,0.0,0.0,0.0,0.0
repeat_1_fold_4,ANAPC10,0.0,0.0,0.0,0.0,0.0,0.0,0.0
repeat_1_fold_4,ANAPC15,0.0,0.0,0.0,0.0,0.0,0.0,0.0
repeat_1_fold_4,ANAPC2,0.0,0.0,0.0,0.0,0.0,0.0,0.0
repeat_1_fold_4,ANAPC5,0.0,0.0,0.0,0.0,0.0,0.0,0.0
repeat_1_fold_4,ANG,0.0,0.0,0.0,0.0,0.0,0.0,0.0
repeat_1_fold_4,ANGPT1,0.0,0.0,0.0,0.0,0.0,0.0,0.0
repeat_1_fold_4,ANGPT2,0.0,0.0,0.0,0.0,0.0,0.0,0.0
repeat_1_fold_4,ANGPT4,0.0,0.0,0.0,0.0,0.0,0.0,0.0
repeat_1_fold_4,ANGPTL4,0.0,0.0,0.0,0.0,0.0,0.0,0.0
repeat_1_fold_4,ANGPTL8,0.0,0.0,0.0,0.0,0.0,0.0,0.0
repeat_1_fold_4,ANK1,0.0,0.0,0.0,0.0,0.0,0.0,0.0
repeat_1_fold_4,ANK3,0.0,0.0,0.0,0.0,0.0,0.0,0.0
repeat_1_fold_4,ANKH,0.0,0.0,0.0,0.0,0.0,0.0,0.0
repeat_1_fold_4,ANKLE2,0.0,0.0,0.0,0.0,0.0,0.0,0.0
repeat_1_fold_4,ANKRD1,0.0,0.0,0.0,0.0,0.0,0.0,0.0
repeat_1_fold_4,ANKRD26,0.0,0.0,0.0,0.0,0.0,0.0,0.0
repeat_1_fold_4,ANKRD27,0.0,0.0,0.0,0.0,0.0,0.0,0.0
repeat_1_fold_4,ANKRD28,0.0,0.0,0.0,0.0,0.0,0.0,0.0
repeat_1_fold_4,ANKZF1,0.0,0.0,0.0,0.0,0.0,0.0,0.0
repeat_1_fold_4,ANO1,0.0,0.0,0.0,0.0,0.0,0.0,0.0
repeat_1_fold_4,ANO10,0.0,0.0,0.0,0.0,0.0,0.0,0.0
repeat_1_fold_4,ANO2,0.0,0.0,0.0,0.0,0.0,0.0,0.0
repeat_1_fold_4,ANO3,0.0,0.0,0.0,0.0,0.0,0.0,0.0
repeat_1_fold_4,ANOS1,0.0,0.0,0.0,0.0,0.0,0.0,0.0
repeat_1_fold_4,ANP32A,0.0,0.0,0.0,0.0,0.0,0.0,0.0
repeat_1_fold_4,ANPEP,0.0,0.0,0.0,0.0,0.0,0.0,0.0
repeat_1_fold_4,ANXA1,0.0,0.0,0.0,0.0,0.0,0.0,0.0
repeat_1_fold_4,ANXA2,0.0,0.0,0.0,0.0,0.0,0.0,0.0
repeat_1_fold_4,ANXA3,0.0,0.0,0.0,0.0,0.0,0.0,0.0
repeat_1_fold_4,ANXA5,0.0,0.0,0.0,0.0,0.0,0.0,0.0
repeat_1_fold_4,ANXA6,0.0,0.0,0.0,0.0,0.0,0.0,0.0
repeat_1_fold_4,AOC1,0.0,0.0,0.0,0.0,0.0,0.0,0.0
repeat_1_fold_4,AOC2,0.0,0.0,0.0,0.0,0.0,0.0,0.0
repeat_1_fold_4,AOC3,0.0,0.0,0.0,0.0,0.0,0.000200481154771448,0.5
repeat_1_fold_4,AOX1,0.0,0.0,0.0,0.0,0.0,0.0,0.0
repeat_1_fold_4,AP1B1,0.0,0.0,0.0,0.0,0.0,0.0,0.0
repeat_1_fold_4,AP1G1,0.0,0.0,0.0,0.0,0.0,0.0,0.0
repeat_1_fold_4,AP1G2,0.0,0.0,0.0,0.0,0.0,0.0,0.0
repeat_1_fold_4,AP1M2,0.0,0.0,0.0,0.0,0.0,0.0,0.0
repeat_1_fold_4,AP1S1,0.0,0.0,0.0,0.0,0.0,0.0,0.0
repeat_1_fold_4,AP1S2,0.0,0.0,0.0,0.0,0.0,0.0,0.0
repeat_1_fold_4,AP2A2,0.0,0.0,0.0,0.0,0.0,0.0,0.0
repeat_1_fold_4,AP2B1,0.0,0.0,0.0,0.0,0.0,0.0,0.0
repeat_1_fold_4,AP2S1,0.0,0.0,0.0,0.0,0.0,0.0,0.0
repeat_1_fold_4,AP3B1,0.0,0.0,0.0,0.0,0.0,0.0,0.0
repeat_1_fold_4,AP3S1,0.0,0.0,0.0,0.0,0.0,0.0,0.0
repeat_1_fold_4,AP4E1,0.0,0.0,0.0,0.0,0.0,0.0,0.0
repeat_1_fold_4,AP4M1,0.0,0.0,0.0,0.0,0.0,0.0,0.0
repeat_1_fold_4,AP4S1,0.0,0.0,0.0,0.0,0.0,0.0,0.0
repeat_1_fold_4,APAF1,0.0,0.0,0.0,0.0,0.0,0.0,0.0
repeat_1_fold_4,APBA1,0.0,0.0,0.0,0.0,0.0,0.0,0.0
repeat_1_fold_4,APBA2,0.0,0.0,0.0,0.0,0.0,0.0,0.0
repeat_1_fold_4,APBA3,0.0,0.0,0.0,0.0,0.0,0.0,0.0
repeat_1_fold_4,APBB1,0.0,0.0,0.0,0.0,0.0,0.0,0.0
repeat_1_fold_4,APC,0.0,0.0,0.0,0.0,0.0,0.0,0.0
repeat_1_fold_4,APEH,0.0,0.0,0.0,0.0,0.0,0.0,0.0
repeat_1_fold_4,APEX1,0.0,0.0,0.0,0.0,0.0,0.0,0.0
repeat_1_fold_4,APH1A,0.0,0.0,0.0,0.0,0.0,0.0,0.0
repeat_1_fold_4,APIP,0.0,0.0,0.0,0.0,0.0,0.0,0.0
repeat_1_fold_4,APLNR,0.0,0.0,0.0,0.0,0.0,0.0,0.0
repeat_1_fold_4,APLP2,0.0,0.0,0.0,0.0,0.0,0.0,0.0
repeat_1_fold_4,APOA1,0.0,0.0,0.0,0.0,0.0,0.0,0.0
repeat_1_fold_4,APOA2,-0.10283239503181285,0.3710841087003998,0.1855420543501999,-0.28837444938201273,0.25,0.0006459388629863894,1.0
repeat_1_fold_4,APOB,0.0,0.0,0.0,0.0,0.0,0.0,0.0
repeat_1_fold_4,APOBEC1,0.0,0.0,0.0,0.0,0.0,0.0,0.0
repeat_1_fold_4,APOBEC2,0.0,0.0,0.0,0.0,0.0,0.0,0.0
repeat_1_fold_4,APOBEC3A,0.0,0.0,0.0,0.0,0.0,0.0,0.0
repeat_1_fold_4,APOBEC3B,0.0,0.0,0.0,0.0,0.0,0.0,0.0
repeat_1_fold_4,APOBEC3C,0.0,0.0,0.0,0.0,0.0,0.0,0.0
repeat_1_fold_4,APOBEC3G,0.0,0.0,0.0,0.0,0.0,0.0,0.0
repeat_1_fold_4,APOBR,0.0,0.0,0.0,0.0,0.0,0.0,0.0
repeat_1_fold_4,APOC1,0.0,0.0,0.0,0.0,0.0,0.0,0.0
repeat_1_fold_4,APOC2,0.0,0.0,0.0,0.0,0.0,0.0,0.0
repeat_1_fold_4,APOC3,0.0,0.0,0.0,0.0,0.0,0.0,0.0
repeat_1_fold_4,APOC4,0.0,0.0,0.0,0.0,0.0,0.0,0.0
repeat_1_fold_4,APOD,0.0,0.0,0.0,0.0,0.0,0.0,0.0
repeat_1_fold_4,APOE,0.0,0.0,0.0,0.0,0.0,0.0,0.0
repeat_1_fold_4,APOF,0.0,0.0,0.0,0.0,0.0,0.0,0.0
repeat_1_fold_4,APOH,0.0,0.0,0.0,0.0,0.0,0.0,0.0
repeat_1_fold_4,APOL1,0.0,0.0,0.0,0.0,0.0,0.0,0.0
repeat_1_fold_4,APOM,0.0,0.0,0.0,0.0,0.0,0.0,0.0
repeat_1_fold_4,APOO,0.0,0.0,0.0,0.0,0.0,0.0,0.0
repeat_1_fold_4,APOOL,0.0,0.0,0.0,0.0,0.0,0.0,0.0
repeat_1_fold_4,APP,0.0,0.0,0.0,0.0,0.0,0.0,0.0
repeat_1_fold_4,APPL1,0.0,0.0,0.0,0.0,0.0,0.0,0.0
repeat_1_fold_4,APRT,0.0,0.0,0.0,0.0,0.0,0.0,0.0
repeat_1_fold_4,AQP1,0.0,0.0,0.0,0.0,0.0,0.0,0.0
repeat_1_fold_4,AQP2,0.0,0.0,0.0,0.0,0.0,0.0,0.0
repeat_1_fold_4,AQP3,0.0,0.0,0.0,0.0,0.0,0.0,0.0
repeat_1_fold_4,AQP4,0.0,0.0,0.0,0.0,0.0,0.0,0.0
repeat_1_fold_4,AQP5,0.0,0.0,0.0,0.0,0.0,0.0,0.0
repeat_1_fold_4,AQP6,0.0,0.0,0.0,0.0,0.0,0.0,0.0
repeat_1_fold_4,AQP7,0.0,0.0,0.0,0.0,0.0,0.0,0.0
repeat_1_fold_4,AQP8,0.0,0.0,0.0,0.0,0.0,0.0,0.0
repeat_1_fold_4,AQP9,0.0,0.0,0.0,0.0,0.0,0.0,0.0
repeat_1_fold_4,AR,0.0,0.0,0.0,0.0,0.0,0.0,0.0
repeat_1_fold_4,ARAF,0.0,0.0,0.0,0.0,0.0,0.0,0.0
repeat_1_fold_4,ARAP2,0.0,0.0,0.0,0.0,0.0,0.0,0.0
repeat_1_fold_4,ARAP3,0.0,0.0,0.0,0.0,0.0,0.0,0.0
repeat_1_fold_4,ARC,0.0,0.0,0.0,0.0,0.0,0.0,0.0
repeat_1_fold_4,ARCN1,0.0,0.0,0.0,0.0,0.0,0.0,0.0
repeat_1_fold_4,AREL1,0.0,0.0,0.0,0.0,0.0,0.0,0.0
repeat_1_fold_4,ARF1,0.0,0.0,0.0,0.0,0.0,0.0,0.0
repeat_1_fold_4,ARF3,0.0,0.0,0.0,0.0,0.0,0.0,0.0
repeat_1_fold_4,ARF4,0.0,0.0,0.0,0.0,0.0,0.0,0.0
repeat_1_fold_4,ARF5,0.0,0.0,0.0,0.0,0.0,0.0,0.0
repeat_1_fold_4,ARF6,0.0,0.0,0.0,0.0,0.0,0.0,0.0
repeat_1_fold_4,ARFGAP1,0.0,0.0,0.0,0.0,0.0,0.0,0.0
repeat_1_fold_4,ARG1,0.0,0.0,0.0,0.0,0.0,0.0,0.0
repeat_1_fold_4,ARHGAP32,-0.19732474764643726,0.25120232421679395,0.12560116210839697,-0.32292590975483426,0.0,-0.00041876046901173636,0.5
repeat_1_fold_4,ARHGAP45,0.0,0.0,0.0,0.0,0.0,0.0,0.0
repeat_1_fold_4,ARHGDIG,-0.03507236442659867,0.07014472885319734,0.03507236442659867,-0.07014472885319734,0.0,-0.00041876046901173636,0.5
repeat_1_fold_4,ARHGEF1,-0.10913928643861937,0.21827857287723873,0.10913928643861937,-0.21827857287723873,0.0,0.0012562814070351536,0.5
repeat_1_fold_4,ARHGEF2,-0.03507236442659867,0.07014472885319734,0.03507236442659867,-0.07014472885319734,0.0,0.0008286218582890248,1.0
repeat_1_fold_4,ARL4C,0.0,0.0,0.0,0.0,0.0,0.0,0.0
repeat_1_fold_4,ARPC1A,0.0,0.0,0.0,0.0,0.0,0.0,0.0
repeat_1_fold_4,ARSA,-0.035132850848079045,0.04056792178907481,0.020283960894537406,-0.05541681174261645,0.0,-0.00018268299530263543,1.0
repeat_1_fold_4,ARSL,0.0,0.0,0.0,0.0,0.0,0.0,0.0
repeat_1_fold_4,ASGR2,0.0,0.0,0.0,0.0,0.0,0.0,0.0
repeat_1_fold_4,ATP1A3,0.0,0.0,0.0,0.0,0.0,0.0,0.0
repeat_1_fold_4,ATP5PF,0.026901312028062563,0.06075993538769628,0.03037996769384814,-0.0034786556657855766,0.25,0.0,0.5
repeat_1_fold_4,ATP6V0E1,-0.0296181808947793,0.1504551741182806,0.0752275870591403,-0.1048457679539196,0.25,-0.001648344636843685,1.0
repeat_1_fold_4,AURKA,0.0,0.0,0.0,0.0,0.0,0.0,0.0
repeat_1_fold_4,BACH1,0.0,0.0,0.0,0.0,0.0,0.0,0.0
repeat_1_fold_4,BAG3,0.0,0.0,0.0,0.0,0.0,0.0,0.5
repeat_1_fold_4,BAG6,-0.03197770099933983,0.06395540199867966,0.03197770099933983,-0.06395540199867966,0.0,-0.0012028869286287158,0.5
repeat_1_fold_4,BANF1,0.0,0.0,0.0,0.0,0.0,0.0,0.0
repeat_1_fold_4,BAX,-0.24049804581713374,0.5622485295865426,0.2811242647932713,-0.521622310610405,0.25,0.0014033680834001638,0.5
repeat_1_fold_4,BAZ2A,0.0,0.0,0.0,0.0,0.0,0.0,0.0
repeat_1_fold_4,BCL11A,0.0,0.0,0.0,0.0,0.0,0.0,0.0
repeat_1_fold_4,BCL2,0.0,0.0,0.0,0.0,0.0,0.0,0.0
repeat_1_fold_4,BHLHE41,0.0,0.0,0.0,0.0,0.0,0.0,0.0
repeat_1_fold_4,BICRAL,0.0,0.0,0.0,0.0,0.0,0.0,0.0
repeat_1_fold_4,BIRC5,0.0,0.0,0.0,0.0,0.0,0.0,0.0
repeat_1_fold_4,BMAL2,0.0,0.0,0.0,0.0,0.0,0.0,0.0
repeat_1_fold_4,BMI1,0.0,0.0,0.0,0.0,0.0,0.0,0.0
repeat_1_fold_4,BRD9,0.0,0.0,0.0,0.0,0.0,0.0,0.0
repeat_1_fold_4,BTN3A1,0.0,0.0,0.0,0.0,0.0,-0.000200481154771448,0.5
repeat_1_fold_4,BTN3A3,-0.4964743167919643,0.5626316138187457,0.28131580690937286,-0.7777901237013372,0.0,0.001474560721275442,1.0
repeat_1_fold_4,BUB1,-0.013347024534350993,0.026694049068701986,0.013347024534350993,-0.026694049068701986,0.0,-0.0012028869286287158,0.5
repeat_1_fold_4,BUD31,0.0,0.0,0.0,0.0,0.0,0.0,0.0
repeat_1_fold_4,C1GALT1C1,0.0,0.0,0.0,0.0,0.0,0.0,0.0
repeat_1_fold_4,C1QA,0.0,0.0,0.0,0.0,0.0,0.0,0.0
repeat_1_fold_4,C5AR2,-0.04578526076518585,0.05286826525539452,0.02643413262769726,-0.07221939339288311,0.0,-0.000801924619085792,0.5
repeat_1_fold_4,C8G,0.021180600127678417,0.15112577211801204,0.07556288605900602,-0.0543822859313276,0.25,-0.002093802345058654,0.5
repeat_1_fold_4,CA2,0.0,0.0,0.0,0.0,0.0,0.0,0.0
repeat_1_fold_4,CA4,0.061484278718340946,0.10563414476056143,0.052817072380280716,0.00866720633806023,0.5,0.0029135251236132587,1.0
repeat_1_fold_4,CACNA1C,0.0,0.0,0.0,0.0,0.0,0.0,0.0
repeat_1_fold_4,CAMK2A,0.0,0.0,0.0,0.0,0.0,0.0,0.0
repeat_1_fold_4,CANX,0.0,0.0,0.0,0.0,0.0,0.0,0.0
repeat_1_fold_4,CAPN7,0.0,0.0,0.0,0.0,0.0,-0.0010024057738572678,0.5
repeat_1_fold_4,CASP5,0.0,0.0,0.0,0.0,0.0,0.0,0.0
repeat_1_fold_4,CASP8,0.038335500238297016,0.07667100047659403,0.038335500238297016,0.0,0.25,-0.0008375209380234727,0.5
repeat_1_fold_4,CATSPER2,0.0,0.0,0.0,0.0,0.0,0.0,0.0
repeat_1_fold_4,CCK,-0.07479362559265468,0.14958725118530936,0.07479362559265468,-0.14958725118530936,0.0,0.0022675862606268415,1.0
repeat_1_fold_4,CCNA2,0.07059899640189471,0.12132019363409885,0.060660096817049425,0.009938899584845284,0.5,0.0004187604690117086,0.5
repeat_1_fold_4,CCND1,0.0,0.0,0.0,0.0,0.0,0.0,0.0
repeat_1_fold_4,CCNT1,0.0,0.0,0.0,0.0,0.0,0.0,0.0
repeat_1_fold_4,CCR2,-0.5354238367581985,0.6428756924272387,0.32143784621361937,-0.8568616829718179,0.0,0.0012562814070351813,0.5
repeat_1_fold_4,CCR7,0.0,0.0,0.0,0.0,0.0,0.0,0.0
repeat_1_fold_4,CD1C,0.0,0.0,0.0,0.0,0.0,0.0,0.0
repeat_1_fold_4,CD209,0.0,0.0,0.0,0.0,0.0,0.0,0.0
repeat_1_fold_4,CD226,0.0,0.0,0.0,0.0,0.0,0.0,0.0
repeat_1_fold_4,CD244,0.0,0.0,0.0,0.0,0.0,0.0,0.0
repeat_1_fold_4,CD2BP2,-0.021907303708314174,0.04381460741662834,0.02190730370831417,-0.04381460741662835,0.0,-0.00041876046901173636,0.5
repeat_1_fold_4,CD34,0.0,0.0,0.0,0.0,0.0,0.0,0.0
repeat_1_fold_4,CD52,0.0,0.0,0.0,0.0,0.0,0.0,0.0
repeat_1_fold_4,CD70,0.0,0.0,0.0,0.0,0.0,0.0,0.0
repeat_1_fold_4,CD79A,0.0,0.0,0.0,0.0,0.0,0.0,0.0
repeat_1_fold_4,CD79B,0.0,0.0,0.0,0.0,0.0,0.0,0.0
repeat_1_fold_4,CDC25C,0.0,0.0,0.0,0.0,0.0,-0.000200481154771448,0.5
repeat_1_fold_4,CDC6,-0.022892630382592927,0.04578526076518585,0.022892630382592927,-0.04578526076518585,0.0,0.0,0.5
repeat_1_fold_4,CDKAL1,0.0,0.0,0.0,0.0,0.0,0.0,0.0
repeat_1_fold_4,CDO1,0.0,0.0,0.0,0.0,0.0,0.0,0.0
repeat_1_fold_4,CENPS,0.0,0.0,0.0,0.0,0.0,0.0,0.0
repeat_1_fold_4,CEP192,0.0,0.0,0.0,0.0,0.0,0.0,0.0
repeat_1_fold_4,CETP,0.0,0.0,0.0,0.0,0.0,0.0,0.0
repeat_1_fold_4,CGA,0.0,0.0,0.0,0.0,0.0,0.0,0.5
repeat_1_fold_4,CH25H,0.0,0.0,0.0,0.0,0.0,-0.000200481154771448,0.5
repeat_1_fold_4,CHKB,0.0,0.0,0.0,0.0,0.0,0.0,0.0
repeat_1_fold_4,CHM,0.0,0.0,0.0,0.0,0.0,0.0,0.0
repeat_1_fold_4,CHRNB4,0.0,0.0,0.0,0.0,0.0,0.0,0.0
repeat_1_fold_4,CHST10,0.037733060652731965,0.044100465097584744,0.022050232548792372,0.015682828103939592,0.5,0.003559463986599648,0.5
repeat_1_fold_4,CIDEA,0.0,0.0,0.0,0.0,0.0,0.0,0.0
repeat_1_fold_4,CKS1B,0.0,0.0,0.0,0.0,0.0,0.0,0.0
repeat_1_fold_4,CLEC4M,0.0,0.0,0.0,0.0,0.0,0.0,0.0
repeat_1_fold_4,CLINT1,-0.03197770099933983,0.06395540199867966,0.03197770099933983,-0.06395540199867966,0.0,-0.000801924619085792,0.5
repeat_1_fold_4,CLNS1A,0.0,0.0,0.0,0.0,0.0,0.0,0.0
repeat_1_fold_4,CMTM6,0.0,0.0,0.0,0.0,0.0,0.0004187604690117086,0.5
repeat_1_fold_4,CNOT1,0.0,0.0,0.0,0.0,0.0,0.0,0.0
repeat_1_fold_4,CNTN2,0.0,0.0,0.0,0.0,0.0,0.0,0.0
repeat_1_fold_4,COL17A1,0.0,0.0,0.0,0.0,0.0,0.0,0.0
repeat_1_fold_4,COPZ2,-0.3019077266444121,0.6038154532888242,0.3019077266444121,-0.6038154532888242,0.0,-0.000601443464314344,0.5
repeat_1_fold_4,COQ8A,0.0,0.0,0.0,0.0,0.0,0.0,0.0
repeat_1_fold_4,CORO1A,-0.07014472885319734,0.08099615617125358,0.04049807808562679,-0.11064280693882413,0.0,0.00020938023450586818,0.5
repeat_1_fold_4,CORT,-0.07014472885319734,0.08099615617125358,0.04049807808562679,-0.11064280693882413,0.0,0.0,0.5
repeat_1_fold_4,CPA2,0.0,0.0,0.0,0.0,0.0,0.0,0.0
repeat_1_fold_4,CPE,0.0,0.0,0.0,0.0,0.0,0.0,0.0
repeat_1_fold_4,CPOX,-0.06395540199867966,0.07384933712013686,0.03692466856006843,-0.10088007055874809,0.0,-0.0006103425440487642,1.0
repeat_1_fold_4,CPT1A,-0.155546858436173,0.311093716872346,0.155546858436173,-0.311093716872346,0.0,-0.00020938023450586818,0.5
repeat_1_fold_4,CPT1B,0.0,0.0,0.0,0.0,0.0,0.0,0.0
repeat_1_fold_4,CREG1,0.0,0.0,0.0,0.0,0.0,0.0,0.0
repeat_1_fold_4,CRISP3,0.0,0.0,0.0,0.0,0.0,0.0,0.0
repeat_1_fold_4,CRK,0.0,0.0,0.0,0.0,0.0,0.0,0.0
repeat_1_fold_4,CSAD,-0.03507236442659867,0.07014472885319734,0.03507236442659867,-0.07014472885319734,0.0,0.002512562814070335,0.5
repeat_1_fold_4,CSPG4,0.0,0.0,0.0,0.0,0.0,0.0,0.0
repeat_1_fold_4,CTDNEP1,0.0,0.0,0.0,0.0,0.0,0.0,0.0
repeat_1_fold_4,CTDSP2,0.0,0.0,0.0,0.0,0.0,0.0,0.0
repeat_1_fold_4,CTSW,0.29575325120750584,0.34411492196912086,0.17205746098456043,0.12369579022294541,0.5,0.0020938023450586263,0.5
repeat_1_fold_4,CUL5,0.0,0.0,0.0,0.0,0.0,0.0,0.0
repeat_1_fold_4,CUX1,-0.10913928643861937,0.21827857287723873,0.10913928643861937,-0.21827857287723873,0.0,0.00020938023450586818,0.5
repeat_1_fold_4,CYP27B1,0.0,0.0,0.0,0.0,0.0,0.0,0.0
repeat_1_fold_4,CYP2A13,0.0,0.0,0.0,0.0,0.0,0.0,0.0
repeat_1_fold_4,CYP2B6,0.0,0.0,0.0,0.0,0.0,0.0,0.0
repeat_1_fold_4,DCAF11,0.0,0.0,0.0,0.0,0.0,0.0,0.0
repeat_1_fold_4,DCAF16,0.0,0.0,0.0,0.0,0.0,-0.0014033680834001638,0.5
repeat_1_fold_4,DCLRE1C,-0.013347024534350993,0.026694049068701986,0.013347024534350993,-0.026694049068701986,0.0,-0.000400962309542896,0.5
repeat_1_fold_4,DDIT4,0.04236120025535328,0.048914500741247716,0.024457250370623858,0.017903949884729424,0.5,0.0006281407035175768,0.5
repeat_1_fold_4,DDX6,0.0,0.0,0.0,0.0,0.0,0.0,0.0
repeat_1_fold_4,DEFA1,-0.18730158003720554,0.26293994151573974,0.13146997075786987,-0.3187715507950754,0.0,0.0006281407035175768,0.5
repeat_1_fold_4,DENND1A,0.0,0.0,0.0,0.0,0.0,0.0,0.0
repeat_1_fold_4,DFFB,0.0,0.0,0.0,0.0,0.0,0.0,0.0
repeat_1_fold_4,DGKH,0.05865669669651652,0.08552391314522287,0.042761956572611434,0.015894740123905085,0.5,0.000400962309542896,0.5
repeat_1_fold_4,DGKI,-1.746833640431955,2.0195913949153645,1.0097956974576823,-2.7566293378896374,0.0,0.0042101042502004915,0.5
repeat_1_fold_4,DGKQ,0.0,0.0,0.0,0.0,0.0,0.0,0.0
repeat_1_fold_4,DGUOK,0.0,0.0,0.0,0.0,0.0,0.0,0.0
repeat_1_fold_4,DIAPH2,0.0,0.0,0.0,0.0,0.0,0.0,0.0
repeat_1_fold_4,DIMT1,0.0,0.0,0.0,0.0,0.0,0.0,0.0
repeat_1_fold_4,DNAJC8,0.0,0.0,0.0,0.0,0.0,0.0,0.0
repeat_1_fold_4,DOCK2,0.0,0.0,0.0,0.0,0.0,0.0,0.0
repeat_1_fold_4,DOCK9,0.0,0.0,0.0,0.0,0.0,0.0008375209380234172,0.5
repeat_1_fold_4,DPF3,0.0,0.0,0.0,0.0,0.0,0.0,0.0
repeat_1_fold_4,DPM3,0.0,0.0,0.0,0.0,0.0,0.0,0.0
repeat_1_fold_4,DSC3,0.0,0.0,0.0,0.0,0.0,0.0,0.0
repeat_1_fold_4,DTNA,-1.5053371530626691e-05,1.738213621083754e-05,8.69106810541877e-06,-2.374443963604546e-05,0.0,0.000801924619085792,0.5
repeat_1_fold_4,DTNB,0.0,0.0,0.0,0.0,0.0,0.0,0.0
repeat_1_fold_4,DUOX2,0.0,0.0,0.0,0.0,0.0,-0.000400962309542896,0.5
repeat_1_fold_4,DYNC1H1,-0.02271582489793822,0.04590434174468893,0.022952170872344465,-0.04566799577028269,0.25,-0.000200481154771448,0.5
repeat_1_fold_4,DYNC1LI1,-0.03507236442659867,0.07014472885319734,0.03507236442659867,-0.07014472885319734,0.0,-0.000837520938023445,0.5
repeat_1_fold_4,DYNC2LI1,0.0,0.0,0.0,0.0,0.0,0.0,0.0
repeat_1_fold_4,ECT2,0.0,0.0,0.0,0.0,0.0,0.0,0.0
repeat_1_fold_4,EDEM1,0.0,0.0,0.0,0.0,0.0,-0.000801924619085792,0.5
repeat_1_fold_4,EEF1AKMT2,0.0,0.0,0.0,0.0,0.0,0.0,0.0
repeat_1_fold_4,EFNA3,0.0,0.0,0.0,0.0,0.0,0.0,0.0
repeat_1_fold_4,EIF2AK2,0.0,0.0,0.0,0.0,0.0,0.000601443464314344,0.5
repeat_1_fold_4,EIF2S1,0.11250592910855417,0.12991065691250542,0.06495532845625271,0.04755060065230146,0.5,0.0004187604690117086,0.5
repeat_1_fold_4,ELF2,-0.11802643130070223,0.14090232265469588,0.07045116132734794,-0.18847759262805017,0.0,0.0025125628140703626,0.5
repeat_1_fold_4,ELOVL1,0.0,0.0,0.0,0.0,0.0,0.0,0.0
repeat_1_fold_4,ENO1,0.0,0.0,0.0,0.0,0.0,0.00041876046901173636,0.5
repeat_1_fold_4,ENOPH1,0.0,0.0,0.0,0.0,0.0,0.0,0.0
repeat_1_fold_4,ERF,0.0,0.0,0.0,0.0,0.0,0.0,0.0
repeat_1_fold_4,ERN1,0.003989839392332328,0.007979678784664657,0.003989839392332328,0.0,0.25,0.0006281407035175768,0.5
repeat_1_fold_4,ESYT1,0.0,0.0,0.0,0.0,0.0,0.0,0.0
repeat_1_fold_4,ETHE1,0.0,0.0,0.0,0.0,0.0,0.0,0.0
repeat_1_fold_4,EXOC5,0.0,0.0,0.0,0.0,0.0,0.0,0.0
repeat_1_fold_4,F8,0.0,0.0,0.0,0.0,0.0,0.0,0.0
repeat_1_fold_4,FAM114A2,0.0,0.0,0.0,0.0,0.0,-0.0006281407035176045,0.5
repeat_1_fold_4,FANCI,0.0,0.0,0.0,0.0,0.0,0.0,0.0
repeat_1_fold_4,FBXO21,0.0,0.0,0.0,0.0,0.0,0.0,0.0
repeat_1_fold_4,FCER1A,0.0,0.0,0.0,0.0,0.0,0.0,0.0
repeat_1_fold_4,FDX1,0.0,0.0,0.0,0.0,0.0,0.0,0.0
repeat_1_fold_4,FGF9,-1.2581091103985393,1.574798970984784,0.787399485492392,-2.045508595890931,0.0,0.0032076984763432237,0.5
repeat_1_fold_4,FGFR3,0.0,0.0,0.0,0.0,0.0,0.0,0.0
repeat_1_fold_4,FKBP1A,0.056252964554277085,0.11250592910855417,0.056252964554277085,0.0,0.25,0.000837520938023445,0.5
repeat_1_fold_4,FN1,0.0,0.0,0.0,0.0,0.0,0.0,0.0
repeat_1_fold_4,FSHB,0.0,0.0,0.0,0.0,0.0,0.0,0.0
repeat_1_fold_4,FUCA1,0.0,0.0,0.0,0.0,0.0,0.0,0.0
repeat_1_fold_4,G3BP1,0.0,0.0,0.0,0.0,0.0,-0.0008375209380234727,0.5
repeat_1_fold_4,GABRR1,0.0,0.0,0.0,0.0,0.0,0.0,0.0
repeat_1_fold_4,GALK1,0.0,0.0,0.0,0.0,0.0,0.0,0.0
repeat_1_fold_4,GALNT1,0.0,0.0,0.0,0.0,0.0,0.0,0.0
repeat_1_fold_4,GALNT2,-0.0022364284327114348,0.029204469355382623,0.014602234677691311,-0.016838663110402746,0.25,0.002512562814070335,0.5
repeat_1_fold_4,GALR3,0.0,0.0,0.0,0.0,0.0,0.0,0.0
repeat_1_fold_4,GARRE1,0.0,0.0,0.0,0.0,0.0,0.0,0.0
repeat_1_fold_4,GARS1,0.0,0.0,0.0,0.0,0.0,0.0,0.0
repeat_1_fold_4,GAST,0.0,0.0,0.0,0.0,0.0,0.0,0.0
repeat_1_fold_4,GATAD2A,0.0,0.0,0.0,0.0,0.0,0.0,0.0
repeat_1_fold_4,GBX2,0.0,0.0,0.0,0.0,0.0,0.0,0.0
repeat_1_fold_4,GCH1,-1.7710130956461594,2.31459164945373,1.157295824726865,-2.9283089203730244,0.0,-0.0008019246190858198,0.5
repeat_1_fold_4,GCHFR,0.0,0.0,0.0,0.0,0.0,0.0,0.0
repeat_1_fold_4,GCNT1,0.0,0.0,0.0,0.0,0.0,0.0,0.0
repeat_1_fold_4,GEM,0.0,0.0,0.0,0.0,0.0,0.0,0.5
repeat_1_fold_4,GEMIN8,-0.026694049068701986,0.03082363283115234,0.01541181641557617,-0.04210586548427816,0.0,0.0012206850880975284,1.0
repeat_1_fold_4,GFER,-0.21055029478620213,0.2529969153499112,0.1264984576749556,-0.33704875246115773,0.0,0.0006548379427208373,1.0
repeat_1_fold_4,GFPT1,0.0,0.0,0.0,0.0,0.0,0.0,0.0
repeat_1_fold_4,GGA2,0.0,0.0,0.0,0.0,0.0,0.0,0.0
repeat_1_fold_4,GGH,0.0,0.0,0.0,0.0,0.0,0.0,0.0
repeat_1_fold_4,GGPS1,0.07720678978508033,0.15441357957016066,0.07720678978508033,0.0,0.25,-0.0024413701761951123,1.0
repeat_1_fold_4,GHR,0.0,0.0,0.0,0.0,0.0,0.0,0.0
repeat_1_fold_4,GID8,0.0,0.0,0.0,0.0,0.0,0.0,0.0
repeat_1_fold_4,GINS3,0.0,0.0,0.0,0.0,0.0,0.0,0.0
repeat_1_fold_4,GINS4,0.0,0.0,0.0,0.0,0.0,0.0,0.0
repeat_1_fold_4,GJA5,0.056252964554277085,0.11250592910855417,0.056252964554277085,0.0,0.25,0.0031407035175879394,0.5
repeat_1_fold_4,GLTP,-0.022795298353115,0.056731226705924474,0.028365613352962237,-0.05116091170607724,0.25,-0.001884422110552758,0.5
repeat_1_fold_4,GLUD2,0.0,0.0,0.0,0.0,0.0,0.0,0.0
repeat_1_fold_4,GMDS,0.0,0.0,0.0,0.0,0.0,0.0,0.0
repeat_1_fold_4,GMPPB,-0.026694049068701986,0.03082363283115234,0.01541181641557617,-0.04210586548427816,0.0,-0.00100240577385724,0.5
repeat_1_fold_4,GNB1,0.0,0.0,0.0,0.0,0.0,0.0,0.0
repeat_1_fold_4,GNG13,0.0,0.0,0.0,0.0,0.0,0.0,0.0
repeat_1_fold_4,GNRHR,-0.18575459017632667,0.2763097033533943,0.13815485167669714,-0.32390944185302384,0.25,-0.002022609707183376,1.0
repeat_1_fold_4,GP2,0.0,0.0,0.0,0.0,0.0,0.0,0.0
repeat_1_fold_4,GPD2,0.0,0.0,0.0,0.0,0.0,0.0,0.0
repeat_1_fold_4,GPR25,0.0,0.0,0.0,0.0,0.0,0.0,0.0
repeat_1_fold_4,GPR65,0.0,0.0,0.0,0.0,0.0,0.0,0.0
repeat_1_fold_4,GRIA1,0.0,0.0,0.0,0.0,0.0,0.0,0.0
repeat_1_fold_4,GRK3,0.0,0.0,0.0,0.0,0.0,0.0014033680834001638,0.5
repeat_1_fold_4,GRK4,0.0,0.0,0.0,0.0,0.0,0.0,0.0
repeat_1_fold_4,GRPR,-0.03982476802429247,0.0464449464052797,0.02322247320263985,-0.06304724122693231,0.0,-0.0010469011725293131,0.5
repeat_1_fold_4,GSTT2,-0.6581194100388146,0.4854943146150394,0.2427471573075197,-0.9008665673463343,0.0,0.0028601306452067654,1.0
repeat_1_fold_4,GTF2H3,0.0,0.0,0.0,0.0,0.0,0.0,0.0
repeat_1_fold_4,GTF3A,0.0,0.0,0.0,0.0,0.0,0.0,0.0
repeat_1_fold_4,GUCY2C,0.016706140518520485,0.17991890741769243,0.08995945370884621,-0.07325331319032573,0.5,0.0021027014247930464,1.0
repeat_1_fold_4,GYPA,0.0,0.0,0.0,0.0,0.0,0.0,0.0
repeat_1_fold_4,GYS1,0.0,0.0,0.0,0.0,0.0,0.0,0.0
repeat_1_fold_4,GZMH,-0.03507236442659867,0.07014472885319734,0.03507236442659867,-0.07014472885319734,0.0,-0.0008375209380234727,0.5
repeat_1_fold_4,H1-1,0.0,0.0,0.0,0.0,0.0,0.0,0.0
repeat_1_fold_4,H2AX,0.0,0.0,0.0,0.0,0.0,0.0,0.0
repeat_1_fold_4,H2BC10,-0.14421165086521626,0.2884233017304325,0.14421165086521626,-0.2884233017304325,0.0,0.00167504187604689,0.5
repeat_1_fold_4,H2BC17,0.0,0.0,0.0,0.0,0.0,0.0,0.0
repeat_1_fold_4,H2BC3,-0.5378452957465889,0.8845572135067068,0.4422786067533534,-0.9801239024999423,0.5,0.0034259777905834843,1.0
repeat_1_fold_4,H3C11,0.0,0.0,0.0,0.0,0.0,0.0,0.0
repeat_1_fold_4,H3C8,0.013339497848589232,0.1271584066569525,0.06357920332847625,-0.050239705479887015,0.25,0.001403368083400136,0.5
repeat_1_fold_4,H4C5,-0.16630909663471627,0.49640946207436887,0.24820473103718443,-0.4145138276719007,0.5,0.009489105511519075,1.0
repeat_1_fold_4,HAO1,0.0,0.0,0.0,0.0,0.0,0.0,0.0
repeat_1_fold_4,HARS2,0.0,0.0,0.0,0.0,0.0,0.0,0.0
repeat_1_fold_4,HAS1,-0.013347024534350993,0.026694049068701986,0.013347024534350993,-0.026694049068701986,0.0,0.00100240577385724,0.5
repeat_1_fold_4,HERPUD1,0.0,0.0,0.0,0.0,0.0,0.0,0.0
repeat_1_fold_4,HIPK1,0.0,0.0,0.0,0.0,0.0,-0.0018043303929430599,0.5
repeat_1_fold_4,HLA-DPA1,-0.05487033138193809,0.10974066276387616,0.05487033138193808,-0.10974066276387617,0.0,0.0018043303929430599,0.5
repeat_1_fold_4,HLA-DPB1,0.0,0.0,0.0,0.0,0.0,0.0,0.0
repeat_1_fold_4,HOXA11,0.0,0.0,0.0,0.0,0.0,0.0,0.0
repeat_1_fold_4,HOXB1,0.0,0.0,0.0,0.0,0.0,0.0,0.0
repeat_1_fold_4,HOXD1,-0.012985886879276265,0.1271095923096287,0.06355479615481435,-0.07654068303409062,0.25,0.000400962309542896,0.5
repeat_1_fold_4,HOXD11,-0.026694049068701986,0.03082363283115234,0.01541181641557617,-0.04210586548427816,0.0,0.0,0.5
repeat_1_fold_4,HRG,0.0,0.0,0.0,0.0,0.0,0.0,0.0
repeat_1_fold_4,HS3ST3A1,0.0,0.0,0.0,0.0,0.0,0.00020938023450586818,0.5
repeat_1_fold_4,HS3ST3B1,-0.04578526076518585,0.05286826525539452,0.02643413262769726,-0.07221939339288311,0.0,-0.00100240577385724,0.5
repeat_1_fold_4,HSD17B14,0.0,0.0,0.0,0.0,0.0,0.0,0.0
repeat_1_fold_4,HSD17B6,0.0,0.0,0.0,0.0,0.0,0.0,0.0
repeat_1_fold_4,HSPB1,-0.28116555652444397,0.42142383448505066,0.21071191724252533,-0.49187747376696933,0.0,-0.0029313232830820712,0.5
repeat_1_fold_4,HTR1B,0.0,0.0,0.0,0.0,0.0,0.000200481154771448,0.5
repeat_1_fold_4,HTR3B,0.0,0.0,0.0,0.0,0.0,0.0,0.0
repeat_1_fold_4,ICAM2,0.0,0.0,0.0,0.0,0.0,0.0,0.0
repeat_1_fold_4,ID3,0.0,0.0,0.0,0.0,0.0,0.0,0.0
repeat_1_fold_4,IDH3A,-0.021907303708314174,0.04381460741662834,0.02190730370831417,-0.04381460741662835,0.0,0.00020938023450586818,0.5
repeat_1_fold_4,IFIT3,0.0,0.0,0.0,0.0,0.0,0.0,0.0
repeat_1_fold_4,IFNAR1,-0.7917983386451883,0.7365747640018254,0.3682873820009127,-1.160085720646101,0.0,0.0033992805513802515,1.0
repeat_1_fold_4,IFT25,0.0,0.0,0.0,0.0,0.0,0.0,0.0
repeat_1_fold_4,IGFBP3,0.0,0.0,0.0,0.0,0.0,0.0,0.0
repeat_1_fold_4,IGLC2,0.0,0.0,0.0,0.0,0.0,0.0,0.0
repeat_1_fold_4,IL17A,-0.013347024534350993,0.026694049068701986,0.013347024534350993,-0.026694049068701986,0.0,-0.000400962309542896,0.5
repeat_1_fold_4,IL18,0.0,0.0,0.0,0.0,0.0,0.0,0.0
repeat_1_fold_4,IL1R2,0.0,0.0,0.0,0.0,0.0,0.0,0.0
repeat_1_fold_4,IL1RAP,-0.30330495235982724,0.3726323530458501,0.18631617652292504,-0.4896211288827523,0.0,0.0004187604690117086,0.5
repeat_1_fold_4,IL6,0.08809620321021683,0.14285231430843032,0.07142615715421516,0.01667004605600167,0.5,0.0010024057738572678,0.5
repeat_1_fold_4,INHA,0.0,0.0,0.0,0.0,0.0,0.0,0.0
repeat_1_fold_4,INPP5F,-0.47596037681052294,0.9562814563459181,0.47814072817295905,-0.954101104983482,0.5,0.0038625364190640055,1.0
repeat_1_fold_4,INTS14,0.0,0.0,0.0,0.0,0.0,0.0,0.0
repeat_1_fold_4,ITGA2B,0.09911409349339273,0.11651772998878186,0.05825886499439093,0.0408552284990018,0.5,-0.0012562814070351813,0.5
repeat_1_fold_4,ITGAM,-0.3942230828061799,0.506176197696888,0.253088098848444,-0.647311181654624,0.0,0.007747068676716901,0.5
repeat_1_fold_4,JUN,-0.013347024534350993,0.026694049068701986,0.013347024534350993,-0.026694049068701986,0.0,0.000801924619085792,0.5
repeat_1_fold_4,KANK1,0.0,0.0,0.0,0.0,0.0,0.0,0.0
repeat_1_fold_4,KCNA3,0.0,0.0,0.0,0.0,0.0,0.0,0.0
repeat_1_fold_4,KCNC2,0.0,0.0,0.0,0.0,0.0,0.0,0.0
repeat_1_fold_4,KCND1,0.0,0.0,0.0,0.0,0.0,0.0,0.0
repeat_1_fold_4,KCNH2,0.0,0.0,0.0,0.0,0.0,0.0,0.5
repeat_1_fold_4,KCNJ15,0.0,0.0,0.0,0.0,0.0,0.0,0.0
repeat_1_fold_4,KCNJ16,0.0,0.0,0.0,0.0,0.0,0.0,0.0
repeat_1_fold_4,KDSR,0.0,0.0,0.0,0.0,0.0,0.0,0.0
repeat_1_fold_4,KIF13A,-0.15492454720380522,0.19265340297259942,0.09632670148629971,-0.25125124869010496,0.0,-0.002049306946386581,1.0
repeat_1_fold_4,KIF13B,0.0,0.0,0.0,0.0,0.0,0.0,0.0
repeat_1_fold_4,KIF16B,0.11250592910855417,0.12991065691250542,0.06495532845625271,0.04755060065230146,0.5,0.000837520938023445,0.5
repeat_1_fold_4,KIF3A,-0.445080733464458,0.5148602477233633,0.2574301238616816,-0.7025108573261396,0.0,-0.00041876046901173636,0.5
repeat_1_fold_4,KIR2DL4,0.0,0.0,0.0,0.0,0.0,-0.000801924619085792,0.5
repeat_1_fold_4,KIR2DS4,0.0,0.0,0.0,0.0,0.0,-0.000200481154771448,0.5
repeat_1_fold_4,KL,0.0,0.0,0.0,0.0,0.0,0.0,0.0
repeat_1_fold_4,KLHL2,-0.021907303708314174,0.04381460741662834,0.02190730370831417,-0.04381460741662835,0.0,0.00020938023450586818,0.5
repeat_1_fold_4,KLHL21,0.0,0.0,0.0,0.0,0.0,-0.00020938023450586818,0.5
repeat_1_fold_4,KMT2D,0.0,0.0,0.0,0.0,0.0,0.0,0.0
repeat_1_fold_4,KRT1,0.0,0.0,0.0,0.0,0.0,-0.0020048115477145356,0.5
repeat_1_fold_4,KRT2,0.0,0.0,0.0,0.0,0.0,0.0,0.0
repeat_1_fold_4,KRT76,0.0,0.0,0.0,0.0,0.0,0.0,0.0
repeat_1_fold_4,KRTAP1-1,0.0,0.0,0.0,0.0,0.0,0.0,0.0
repeat_1_fold_4,KYNU,0.0,0.0,0.0,0.0,0.0,0.0,0.0
repeat_1_fold_4,LAMA3,0.0,0.0,0.0,0.0,0.0,0.0,0.0
repeat_1_fold_4,LARS1,0.0,0.0,0.0,0.0,0.0,0.0,0.0
repeat_1_fold_4,LDLRAP1,-0.45898403412902766,0.512212928174242,0.256106464087121,-0.7150904982161487,0.0,0.002721943048576203,1.0
repeat_1_fold_4,LHX3,-0.3311399701987554,0.5481180644683339,0.27405903223416694,-0.6051990024329224,0.0,-0.0018043303929430876,0.5
repeat_1_fold_4,LILRA3,0.0,0.0,0.0,0.0,0.0,0.0,0.0
repeat_1_fold_4,LIPA,0.0,0.0,0.0,0.0,0.0,0.0,0.0
repeat_1_fold_4,LIPF,0.0,0.0,0.0,0.0,0.0,0.0,0.0
repeat_1_fold_4,LMAN1,-0.2724682201307118,0.5449364402614236,0.2724682201307118,-0.5449364402614236,0.0,0.0022052927024859836,0.5
repeat_1_fold_4,LMAN2L,0.0,0.0,0.0,0.0,0.0,0.0,0.0
repeat_1_fold_4,LPCAT1,0.0,0.0,0.0,0.0,0.0,0.0,0.0
repeat_1_fold_4,LRPPRC,0.0,0.0,0.0,0.0,0.0,0.0,0.0
repeat_1_fold_4,LTF,-0.16297908680047257,0.24821869333943047,0.12410934666971524,-0.2870884334701878,0.0,0.0010469011725292854,0.5
repeat_1_fold_4,LYZ,0.0,0.0,0.0,0.0,0.0,0.0,0.0
repeat_1_fold_4,MAGI2,0.056252964554277085,0.11250592910855417,0.056252964554277085,0.0,0.25,-0.0008464200177578929,1.0
repeat_1_fold_4,MAGT1,0.0,0.0,0.0,0.0,0.0,0.0,0.0
repeat_1_fold_4,MAML3,0.0,0.0,0.0,0.0,0.0,0.0,0.0
repeat_1_fold_4,MAN1C1,-0.03541045534460885,0.09849133213733106,0.04924566606866553,-0.08465612141327439,0.25,0.000601443464314344,0.5
repeat_1_fold_4,MAN2C1,-0.07262361545676654,0.11184207046758858,0.05592103523379429,-0.12854465069056084,0.0,0.0010024057738572678,0.5
repeat_1_fold_4,MAP2K7,-0.021907303708314174,0.04381460741662834,0.02190730370831417,-0.04381460741662835,0.0,0.00020938023450586818,0.5
repeat_1_fold_4,MAP3K3,0.0,0.0,0.0,0.0,0.0,0.0,0.0
repeat_1_fold_4,MAPK1,0.0,0.0,0.0,0.0,0.0,0.0006281407035175768,0.5
repeat_1_fold_4,MARCKS,-0.03507236442659867,0.07014472885319734,0.03507236442659867,-0.07014472885319734,0.0,-0.0025973559322944872,1.0
repeat_1_fold_4,MAT2A,0.0,0.0,0.0,0.0,0.0,0.0,0.0
repeat_1_fold_4,MAU2,0.0,0.0,0.0,0.0,0.0,0.0,0.0
repeat_1_fold_4,MB,-0.002538194485639522,0.005076388971279044,0.002538194485639522,-0.005076388971279044,0.0,0.000400962309542896,0.5
repeat_1_fold_4,MBD1,0.0,0.0,0.0,0.0,0.0,0.0,0.0
repeat_1_fold_4,MBD4,0.0,0.0,0.0,0.0,0.0,0.0,0.0
repeat_1_fold_4,MCCC1,0.0,0.0,0.0,0.0,0.0,0.0,0.0
repeat_1_fold_4,MCCC2,0.026901312028062563,0.06075993538769628,0.03037996769384814,-0.0034786556657855766,0.25,-0.0010024057738572678,0.5
repeat_1_fold_4,MCFD2,0.0,0.0,0.0,0.0,0.0,0.0,0.0
repeat_1_fold_4,MCM2,0.0,0.0,0.0,0.0,0.0,0.0,0.0
repeat_1_fold_4,MCM4,0.0,0.0,0.0,0.0,0.0,0.0,0.0
repeat_1_fold_4,MECOM,0.0,0.0,0.0,0.0,0.0,0.0,0.0
repeat_1_fold_4,MED15,-0.1549320738895723,0.19265010333402688,0.09632505166701344,-0.25125712555658575,0.0,-0.0012028869286287158,1.0
repeat_1_fold_4,MED24,-0.0447999340909071,0.05175552571928542,0.02587776285964271,-0.07067769695054982,0.0,0.0025528605336223864,1.0
repeat_1_fold_4,MED31,0.0,0.0,0.0,0.0,0.0,0.002004811547714508,0.5
repeat_1_fold_4,MED9,0.0,0.0,0.0,0.0,0.0,0.0,0.0
repeat_1_fold_4,MELTF,0.0,0.0,0.0,0.0,0.0,0.0,0.5
repeat_1_fold_4,MEN1,0.0,0.0,0.0,0.0,0.0,0.0,0.0
repeat_1_fold_4,MET,0.022417041779569047,0.07258001364254581,0.036290006821272904,-0.013872965041703857,0.25,0.0016038492381716118,0.5
repeat_1_fold_4,MLEC,0.0,0.0,0.0,0.0,0.0,0.0,0.0
repeat_1_fold_4,MMP10,0.0,0.0,0.0,0.0,0.0,0.0,0.0
repeat_1_fold_4,MMRN2,0.0,0.0,0.0,0.0,0.0,0.0,0.0
repeat_1_fold_4,MNAT1,0.0,0.0,0.0,0.0,0.0,0.0,0.0
repeat_1_fold_4,MOCS3,0.0,0.0,0.0,0.0,0.0,0.0,0.0
repeat_1_fold_4,MPL,0.0,0.0,0.0,0.0,0.0,0.0,0.0
repeat_1_fold_4,MRPL40,0.0,0.0,0.0,0.0,0.0,-0.000200481154771448,0.5
repeat_1_fold_4,MRPS16,0.0,0.0,0.0,0.0,0.0,0.0,0.0
repeat_1_fold_4,MRPS35,0.0,0.0,0.0,0.0,0.0,0.0,0.0
repeat_1_fold_4,MSL1,0.00518433855222078,0.5897417449955199,0.29487087249775995,-0.28968653394553917,0.25,0.002485865574867102,1.0
repeat_1_fold_4,MSRA,-0.03197770099933983,0.06395540199867966,0.03197770099933983,-0.06395540199867966,0.0,-0.001202886928628688,0.5
repeat_1_fold_4,MTAP,0.0,0.0,0.0,0.0,0.0,0.0,0.0
repeat_1_fold_4,MTF2,0.020953825230803247,0.04190765046160649,0.020953825230803243,3.469446951953614e-18,0.25,0.0006281407035175768,0.5
repeat_1_fold_4,MTM1,0.0,0.0,0.0,0.0,0.0,0.0,0.0
repeat_1_fold_4,MUC5AC,0.0,0.0,0.0,0.0,0.0,0.0,0.0
repeat_1_fold_4,MYBPC3,0.0,0.0,0.0,0.0,0.0,0.0,0.0
repeat_1_fold_4,MYH2,0.0,0.0,0.0,0.0,0.0,0.0,0.0
repeat_1_fold_4,MYL7,0.0,0.0,0.0,0.0,0.0,0.0,0.0
repeat_1_fold_4,MYO3A,0.0,0.0,0.0,0.0,0.0,0.0,0.0
repeat_1_fold_4,MZT2B,0.0,0.0,0.0,0.0,0.0,0.0,0.0
repeat_1_fold_4,NAAA,-0.5039021238502137,0.865759237457778,0.432879618728889,-0.9367817425791027,0.0,0.0037332479021678633,1.0
repeat_1_fold_4,NABP2,0.21141152401245655,0.44746631817032667,0.22373315908516334,-0.012321635072706782,0.25,0.0006281407035175768,0.5
repeat_1_fold_4,NBR1,0.0,0.0,0.0,0.0,0.0,0.0,0.0
repeat_1_fold_4,NCF4,0.0,0.0,0.0,0.0,0.0,-0.0012028869286287158,0.5
repeat_1_fold_4,NCK1,-0.1442721372866984,0.24395960672738146,0.12197980336369073,-0.26625194065038915,0.0,0.00020938023450584042,0.5
repeat_1_fold_4,NCOA1,-0.3309643023742943,0.5010240557827236,0.2505120278913618,-0.581476330265656,0.0,-0.0006281407035176045,0.5
repeat_1_fold_4,NCOR2,0.0,0.0,0.0,0.0,0.0,0.0,0.0
repeat_1_fold_4,NDST1,0.0,0.0,0.0,0.0,0.0,0.0,0.0
repeat_1_fold_4,NDUFAF3,0.0,0.0,0.0,0.0,0.0,0.000200481154771448,0.5
repeat_1_fold_4,NDUFB4,0.0,0.0,0.0,0.0,0.0,0.0,0.0
repeat_1_fold_4,NEFL,0.0,0.0,0.0,0.0,0.0,0.0,0.0
repeat_1_fold_4,NFIB,0.0,0.0,0.0,0.0,0.0,0.0,0.0
repeat_1_fold_4,NHP2,0.0,0.0,0.0,0.0,0.0,0.0,0.5
repeat_1_fold_4,NLRP3,0.0,0.0,0.0,0.0,0.0,0.0,0.0
repeat_1_fold_4,NMUR1,0.0,0.0,0.0,0.0,0.0,0.0,0.0
repeat_1_fold_4,NOTCH2NLA,0.0,0.0,0.0,0.0,0.0,0.0,0.0
repeat_1_fold_4,NOTCH3,0.029160278912348403,0.1528875547286335,0.07644377736431675,-0.047283498451968345,0.25,-0.00041876046901173636,0.5
repeat_1_fold_4,NPC1,-0.04578526076518585,0.05286826525539452,0.02643413262769726,-0.07221939339288311,0.0,0.000400962309542896,0.5
repeat_1_fold_4,NPR1,0.0,0.0,0.0,0.0,0.0,0.0,0.0
repeat_1_fold_4,NR2C1,0.0,0.0,0.0,0.0,0.0,0.0,0.0
repeat_1_fold_4,NR4A2,-0.10489696498454038,0.23103125524970886,0.11551562762485443,-0.2204125926093948,0.25,0.0,0.5
repeat_1_fold_4,NRF1,0.0,0.0,0.0,0.0,0.0,0.0,0.0
repeat_1_fold_4,NRP2,0.0,0.0,0.0,0.0,0.0,0.0,0.0
repeat_1_fold_4,NRXN3,-0.5436305441991571,0.49491023384193933,0.24745511692096966,-0.7910856611201268,0.25,0.004793749555045995,1.0
repeat_1_fold_4,NTN3,0.0,0.0,0.0,0.0,0.0,0.0,0.0
repeat_1_fold_4,NUDC,0.0,0.0,0.0,0.0,0.0,0.0,0.0
repeat_1_fold_4,NUP188,0.0,0.0,0.0,0.0,0.0,0.0,0.0
repeat_1_fold_4,NUP98,0.0,0.0,0.0,0.0,0.0,0.0,0.0
repeat_1_fold_4,OAT,0.0,0.0,0.0,0.0,0.0,0.0,0.0
repeat_1_fold_4,OBSL1,0.0,0.0,0.0,0.0,0.0,0.0,0.0
repeat_1_fold_4,OLA1,0.0,0.0,0.0,0.0,0.0,0.0,0.0
repeat_1_fold_4,OPRL1,0.0,0.0,0.0,0.0,0.0,0.0,0.0
repeat_1_fold_4,OR1D2,0.0,0.0,0.0,0.0,0.0,0.0,0.0
repeat_1_fold_4,OR1G1,0.0,0.0,0.0,0.0,0.0,0.0,0.5
repeat_1_fold_4,OR3A2,0.0,0.0,0.0,0.0,0.0,0.0,0.0
repeat_1_fold_4,OR5V1,0.0,0.0,0.0,0.0,0.0,0.0,0.0
repeat_1_fold_4,ORC4,0.0,0.0,0.0,0.0,0.0,0.0,0.0
repeat_1_fold_4,OSBP,0.0,0.0,0.0,0.0,0.0,0.0,0.0
repeat_1_fold_4,OSBPL1A,0.0,0.0,0.0,0.0,0.0,0.0,0.0
repeat_1_fold_4,OSBPL2,0.0,0.0,0.0,0.0,0.0,0.0,0.0
repeat_1_fold_4,OSGEPL1,0.0,0.0,0.0,0.0,0.0,0.0,0.0
repeat_1_fold_4,OSTM1,0.0,0.0,0.0,0.0,0.0,0.0,0.0
repeat_1_fold_4,P2RX2,-0.03197770099933983,0.06395540199867966,0.03197770099933983,-0.06395540199867966,0.0,-0.0012028869286287158,0.5
repeat_1_fold_4,PADI2,0.0,0.0,0.0,0.0,0.0,0.0,0.0
repeat_1_fold_4,PAFAH1B1,0.0,0.0,0.0,0.0,0.0,0.0,0.0
repeat_1_fold_4,PAPPA,0.0,0.0,0.0,0.0,0.0,0.0,0.0
repeat_1_fold_4,PARG,-0.11268572949705558,0.22537145899411118,0.11268572949705559,-0.22537145899411115,0.0,0.000837520938023445,0.5
repeat_1_fold_4,PCBP1,0.0,0.0,0.0,0.0,0.0,0.0,0.0
repeat_1_fold_4,PCGF2,0.0,0.0,0.0,0.0,0.0,0.0,0.0
repeat_1_fold_4,PCNA,0.0,0.0,0.0,0.0,0.0,0.0,0.0
repeat_1_fold_4,PCNT,0.0,0.0,0.0,0.0,0.0,0.0,0.0
repeat_1_fold_4,PCSK2,-0.22660295617152748,0.2616662834382022,0.1308331417191011,-0.3574360978906286,0.0,-0.0008375209380234727,0.5
repeat_1_fold_4,PCSK5,0.0,0.0,0.0,0.0,0.0,0.0,0.0
repeat_1_fold_4,PCYOX1L,-0.5994233108355225,0.6453022160951999,0.32265110804759994,-0.9220744188831225,0.25,0.004316893207013395,1.0
repeat_1_fold_4,PDCD11,0.0,0.0,0.0,0.0,0.0,0.0,0.0
repeat_1_fold_4,PDCD1LG2,0.0,0.0,0.0,0.0,0.0,0.0,0.0
repeat_1_fold_4,PDE8A,-0.0031970138375569945,0.01466745212819024,0.00733372606409512,-0.010530739901652115,0.25,-0.0014033680834001638,1.0
repeat_1_fold_4,PDGFD,-0.3019077266444121,0.6038154532888242,0.3019077266444121,-0.6038154532888242,0.0,-0.0016038492381716118,0.5
repeat_1_fold_4,PDSS2,0.0,0.0,0.0,0.0,0.0,0.0,0.0
repeat_1_fold_4,PEA15,0.0,0.0,0.0,0.0,0.0,0.0,0.0
repeat_1_fold_4,PEAK1,0.0,0.0,0.0,0.0,0.0,0.0,0.0
repeat_1_fold_4,PEX19,0.0,0.0,0.0,0.0,0.0,0.0,0.0
repeat_1_fold_4,PFAS,0.0,0.0,0.0,0.0,0.0,0.0,0.0
repeat_1_fold_4,PFKFB1,0.0,0.0,0.0,0.0,0.0,0.0,0.0
repeat_1_fold_4,PFKL,0.0,0.0,0.0,0.0,0.0,0.0,0.0
repeat_1_fold_4,PFKP,0.0,0.0,0.0,0.0,0.0,0.0,0.0
repeat_1_fold_4,PHF10,0.0,0.0,0.0,0.0,0.0,0.0,0.0
repeat_1_fold_4,PHF2,0.0,0.0,0.0,0.0,0.0,0.0,0.0
repeat_1_fold_4,PHLPP2,0.0,0.0,0.0,0.0,0.0,0.0,0.0
repeat_1_fold_4,PI4KA,0.0,0.0,0.0,0.0,0.0,0.0,0.0
repeat_1_fold_4,PIGR,0.0,0.0,0.0,0.0,0.0,0.0,0.0
repeat_1_fold_4,PIK3R1,0.0,0.0,0.0,0.0,0.0,0.0,0.0
repeat_1_fold_4,PJA1,0.0,0.0,0.0,0.0,0.0,0.00041876046901173636,0.5
repeat_1_fold_4,PKP3,0.0,0.0,0.0,0.0,0.0,0.0,0.0
repeat_1_fold_4,PLA2G4C,0.0,0.0,0.0,0.0,0.0,0.0,0.0
repeat_1_fold_4,PLAAT3,0.0,0.0,0.0,0.0,0.0,0.0,0.0
repeat_1_fold_4,PLD3,-0.013347024534350993,0.026694049068701986,0.013347024534350993,-0.026694049068701986,0.0,0.0,1.0
repeat_1_fold_4,PLEKHG3,0.0,0.0,0.0,0.0,0.0,0.0,0.0
repeat_1_fold_4,PLPP3,0.15441357957016066,0.1783014434627319,0.08915072173136596,0.06526285783879471,0.5,0.0004187604690117086,0.5
repeat_1_fold_4,PNLIPRP1,0.006835286035011379,0.057814215415982376,0.028907107707991188,-0.02207182167297981,0.25,0.0,0.5
repeat_1_fold_4,PNO1,0.0,0.0,0.0,0.0,0.0,0.0,0.0
repeat_1_fold_4,PNOC,0.0,0.0,0.0,0.0,0.0,0.0,0.0
repeat_1_fold_4,PNPLA3,0.0,0.0,0.0,0.0,0.0,0.0,0.0
repeat_1_fold_4,POLA2,0.0,0.0,0.0,0.0,0.0,0.0,0.0
repeat_1_fold_4,POLR1D,0.0,0.0,0.0,0.0,0.0,0.0,0.0
repeat_1_fold_4,POLR2C,0.0,0.0,0.0,0.0,0.0,0.0,0.0
repeat_1_fold_4,POP1,0.020095397657232894,0.10640190208273481,0.053200951041367406,-0.03310555338413451,0.5,0.0020137106274489003,1.0
repeat_1_fold_4,PPCDC,0.0,0.0,0.0,0.0,0.0,0.0,0.0
repeat_1_fold_4,PPID,0.0,0.0,0.0,0.0,0.0,0.0,0.0
repeat_1_fold_4,PPL,0.0,0.0,0.0,0.0,0.0,0.0,0.0
repeat_1_fold_4,PPP1CA,-0.04381460741662835,0.0505927507728563,0.02529637538642815,-0.0691109828030565,0.0,0.0006281407035175768,0.5
repeat_1_fold_4,PPP1CB,0.0,0.0,0.0,0.0,0.0,0.0,0.0
repeat_1_fold_4,PPP1R3C,0.0,0.0,0.0,0.0,0.0,0.0,0.0
repeat_1_fold_4,PPP2R1A,0.0,0.0,0.0,0.0,0.0,0.0,0.0
repeat_1_fold_4,PPP4C,0.0,0.0,0.0,0.0,0.0,0.0,0.0
repeat_1_fold_4,PPRC1,-0.155546858436173,0.311093716872346,0.155546858436173,-0.311093716872346,0.0,0.0006281407035175768,0.5
repeat_1_fold_4,PPT1,0.0,0.0,0.0,0.0,0.0,0.0,0.0
repeat_1_fold_4,PRDM9,0.0,0.0,0.0,0.0,0.0,0.0,0.0
repeat_1_fold_4,PREX2,0.0,0.0,0.0,0.0,0.0,0.0,0.0
repeat_1_fold_4,PRG2,0.0,0.0,0.0,0.0,0.0,0.0,0.0
repeat_1_fold_4,PRKAR1B,0.0,0.0,0.0,0.0,0.0,0.0,0.0
repeat_1_fold_4,PRKCG,-0.0024629943548291067,0.0028440209075462266,0.0014220104537731133,-0.00388500480860222,0.0,0.0014567625618066016,1.0
repeat_1_fold_4,PRKD2,0.028971444596439966,0.04232488361433445,0.021162441807167226,0.00780900278927274,0.5,-0.0018043303929430876,0.5
repeat_1_fold_4,PRPS1L1,0.11250592910855417,0.12991065691250542,0.06495532845625271,0.04755060065230146,0.5,0.001875523030818338,1.0
repeat_1_fold_4,PRSS1,0.0,0.0,0.0,0.0,0.0,0.0,0.0
repeat_1_fold_4,PRSS3,0.0,0.0,0.0,0.0,0.0,0.0,0.0
repeat_1_fold_4,PSEN1,0.0,0.0,0.0,0.0,0.0,0.0,0.0
repeat_1_fold_4,PSMC6,0.0,0.0,0.0,0.0,0.0,0.0,0.0
repeat_1_fold_4,PSMD9,0.0,0.0,0.0,0.0,0.0,0.0,0.0
repeat_1_fold_4,PTGS1,0.0,0.0,0.0,0.0,0.0,0.0,0.0
repeat_1_fold_4,PTGS2,0.0,0.0,0.0,0.0,0.0,0.0,0.0
repeat_1_fold_4,PTH1R,-0.016345754251485545,0.051646913681140244,0.025823456840570122,-0.04216921109205567,0.25,-0.0008286218582890525,1.0
repeat_1_fold_4,PTPRU,-0.04381460741662835,0.0505927507728563,0.02529637538642815,-0.0691109828030565,0.0,-0.0010469011725293131,0.5
repeat_1_fold_4,PUDP,0.0,0.0,0.0,0.0,0.0,0.0,0.0
repeat_1_fold_4,PUF60,0.0,0.0,0.0,0.0,0.0,0.0,0.0
repeat_1_fold_4,PUS3,0.0,0.0,0.0,0.0,0.0,0.0,0.0
repeat_1_fold_4,PYCR3,0.0,0.0,0.0,0.0,0.0,0.0,0.0
repeat_1_fold_4,RAB22A,0.0,0.0,0.0,0.0,0.0,0.0,0.0
repeat_1_fold_4,RAB29,0.0,0.0,0.0,0.0,0.0,0.0,0.0
repeat_1_fold_4,RAB32,0.0,0.0,0.0,0.0,0.0,0.0,0.0
repeat_1_fold_4,RAB7A,0.0,0.0,0.0,0.0,0.0,-0.000601443464314344,0.5
repeat_1_fold_4,RAMP1,-0.03618318744119975,0.04477462975205453,0.022387314876027267,-0.05857050231722702,0.0,-0.0018043303929430599,0.5
repeat_1_fold_4,RANBP1,0.0,0.0,0.0,0.0,0.0,0.0,0.0
repeat_1_fold_4,RAP1B,0.0,0.0,0.0,0.0,0.0,-0.000200481154771448,0.5
repeat_1_fold_4,RAP1GAP,0.0,0.0,0.0,0.0,0.0,0.0,0.0
repeat_1_fold_4,RARG,0.0,0.0,0.0,0.0,0.0,0.0,0.0
repeat_1_fold_4,RASA1,0.0,0.0,0.0,0.0,0.0,0.0,0.0
repeat_1_fold_4,RASAL2,-0.19061922286277166,0.2952149398625414,0.1476074699312707,-0.3382266927940424,0.0,0.0010469011725292854,0.5
repeat_1_fold_4,RBM7,0.0,0.0,0.0,0.0,0.0,0.0,0.0
repeat_1_fold_4,REG1A,0.0,0.0,0.0,0.0,0.0,-0.0006281407035176045,0.5
repeat_1_fold_4,RET,0.0,0.0,0.0,0.0,0.0,0.0,0.0
repeat_1_fold_4,RGP1,0.0,0.0,0.0,0.0,0.0,0.0,0.0
repeat_1_fold_4,RGS20,0.0,0.0,0.0,0.0,0.0,0.0,0.0
repeat_1_fold_4,RHCE,-0.013347024534350993,0.026694049068701986,0.013347024534350993,-0.026694049068701986,0.0,-0.000601443464314344,0.5
repeat_1_fold_4,RHOA,0.0,0.0,0.0,0.0,0.0,0.0,0.0
repeat_1_fold_4,RHOBTB2,0.0,0.0,0.0,0.0,0.0,-0.00041876046901173636,0.5
repeat_1_fold_4,RNF14,0.0,0.0,0.0,0.0,0.0,0.0,0.0
repeat_1_fold_4,RNF31,0.0,0.0,0.0,0.0,0.0,0.0,0.0
repeat_1_fold_4,RNF34,0.0,0.0,0.0,0.0,0.0,0.0,0.0
repeat_1_fold_4,RNF8,0.0,0.0,0.0,0.0,0.0,0.0,0.0
repeat_1_fold_4,ROBO3,0.0,0.0,0.0,0.0,0.0,0.0,0.0
repeat_1_fold_4,RPA4,0.0,0.0,0.0,0.0,0.0,-0.00041876046901173636,0.5
repeat_1_fold_4,RPL37A,-0.10913928643861937,0.21827857287723873,0.10913928643861937,-0.21827857287723873,0.0,0.00020938023450586818,0.5
repeat_1_fold_4,RPLP2,-0.04578526076518585,0.05286826525539452,0.02643413262769726,-0.07221939339288311,0.0,-0.0010202039333260804,1.0
repeat_1_fold_4,RPP25,0.0,0.0,0.0,0.0,0.0,0.0,0.0
repeat_1_fold_4,RPRD2,0.0,0.0,0.0,0.0,0.0,0.0,0.0
repeat_1_fold_4,RPS21,0.042861128939115645,0.0857222578782313,0.04286112893911565,-6.938893903907228e-18,0.25,0.00020938023450586818,0.5
repeat_1_fold_4,RPS28,0.0,0.0,0.0,0.0,0.0,0.00020938023450586818,0.5
repeat_1_fold_4,RPS6KB1,-0.3472324521781065,0.694464904356213,0.3472324521781065,-0.694464904356213,0.0,-0.000601443464314344,0.5
repeat_1_fold_4,RRM2,-0.07014472885319734,0.08099615617125358,0.04049807808562679,-0.11064280693882413,0.0,0.0,0.5
repeat_1_fold_4,RRP7A,-0.11739173462297536,0.4210497087746857,0.21052485438734286,-0.3279165890103182,0.25,-0.0018844221105527859,0.5
repeat_1_fold_4,RXRA,0.0,0.0,0.0,0.0,0.0,-0.000400962309542896,0.5
repeat_1_fold_4,RXRG,0.0,0.0,0.0,0.0,0.0,0.0,0.0
repeat_1_fold_4,S100A1,0.0,0.0,0.0,0.0,0.0,0.0,0.0
repeat_1_fold_4,S100A10,0.0,0.0,0.0,0.0,0.0,0.0,0.0
repeat_1_fold_4,S1PR2,0.0,0.0,0.0,0.0,0.0,0.0,0.0
repeat_1_fold_4,S1PR5,0.03434566084596291,0.13365467687891994,0.06682733843945997,-0.03248167759349706,0.25,0.0004187604690117086,0.5
repeat_1_fold_4,SAE1,0.0,0.0,0.0,0.0,0.0,0.0,0.0
repeat_1_fold_4,SAG,0.0,0.0,0.0,0.0,0.0,0.0,0.0
repeat_1_fold_4,SAP30BP,-0.14421165086521626,0.2884233017304325,0.14421165086521626,-0.2884233017304325,0.0,0.0010469011725293131,0.5
repeat_1_fold_4,SARM1,0.0,0.0,0.0,0.0,0.0,0.0,0.0
repeat_1_fold_4,SCFD1,0.0,0.0,0.0,0.0,0.0,0.0,0.0
repeat_1_fold_4,SCG2,-0.1267057118626589,0.2092064854552849,0.10460324272764245,-0.23130895459030132,0.0,0.00167504187604689,0.5
repeat_1_fold_4,SDC3,0.056252964554277085,0.11250592910855417,0.056252964554277085,0.0,0.25,0.0004187604690117086,0.5
repeat_1_fold_4,SEC24D,0.0,0.0,0.0,0.0,0.0,-0.0010024057738572678,0.5
repeat_1_fold_4,SEMA6D,0.0,0.0,0.0,0.0,0.0,0.0,0.0
repeat_1_fold_4,SERINC3,0.013339497848589232,0.1271584066569525,0.06357920332847625,-0.050239705479887015,0.25,0.0,0.5
repeat_1_fold_4,SERINC5,-0.13557835987965028,0.34223267837125754,0.17111633918562877,-0.306694699065279,0.25,0.0010113048535916602,1.0
repeat_1_fold_4,SERPINA5,0.0,0.0,0.0,0.0,0.0,0.0,0.0
repeat_1_fold_4,SERPINB10,0.0,0.0,0.0,0.0,0.0,0.0,0.0
repeat_1_fold_4,SERPINB8,0.0,0.0,0.0,0.0,0.0,0.0,0.0
repeat_1_fold_4,SERPIND1,0.0,0.0,0.0,0.0,0.0,0.0,0.0
repeat_1_fold_4,SETD3,0.0,0.0,0.0,0.0,0.0,0.00100240577385724,0.5
repeat_1_fold_4,SGCD,0.0,0.0,0.0,0.0,0.0,0.0,0.0
repeat_1_fold_4,SGMS1,0.0,0.0,0.0,0.0,0.0,0.0,0.0
repeat_1_fold_4,SH3GL3,0.0,0.0,0.0,0.0,0.0,0.0,0.0
repeat_1_fold_4,SLC13A1,0.0,0.0,0.0,0.0,0.0,0.0,0.0
repeat_1_fold_4,SLC16A10,-0.14084500819528323,0.17242373319421814,0.08621186659710907,-0.22705687479239228,0.0,0.0010469011725292854,0.5
repeat_1_fold_4,SLC16A3,0.055047136866592794,0.11009427373318559,0.055047136866592794,0.0,0.25,0.0012562814070351536,1.0
repeat_1_fold_4,SLC22A8,-0.018638203150752375,0.07706862430789745,0.03853431215394872,-0.0571725153047011,0.25,0.00100240577385724,0.5
repeat_1_fold_4,SLC25A16,0.0,0.0,0.0,0.0,0.0,0.0,0.0
repeat_1_fold_4,SLC29A2,0.0,0.0,0.0,0.0,0.0,0.0,0.0
repeat_1_fold_4,SLC2A1,0.0,0.0,0.0,0.0,0.0,0.0,0.0
repeat_1_fold_4,SLC38A2,-0.42764369313191075,0.6766297880842579,0.33831489404212894,-0.7659585871740398,0.0,-0.000601443464314344,0.5
repeat_1_fold_4,SLC3A2,0.0,0.0,0.0,0.0,0.0,0.0,0.0
repeat_1_fold_4,SLC52A1,0.0,0.0,0.0,0.0,0.0,0.0,0.0
repeat_1_fold_4,SLC6A13,-0.2403110817999643,0.28855264893890514,0.14427632446945257,-0.3845874062694169,0.0,-0.0012562814070351813,0.5
repeat_1_fold_4,SLC7A11,0.0,0.0,0.0,0.0,0.0,0.0,0.0
repeat_1_fold_4,SLITRK5,-0.06926105854659603,0.08003776260948327,0.040018881304741634,-0.10927993985133766,0.0,0.0014033680834001638,0.5
repeat_1_fold_4,SMARCA2,-0.022892630382592927,0.04578526076518585,0.022892630382592927,-0.04578526076518585,0.0,-0.0014033680834001638,0.5
repeat_1_fold_4,SMARCA4,0.0,0.0,0.0,0.0,0.0,0.0,0.0
repeat_1_fold_4,SMARCD3,-0.1543541336627019,0.04406102924243312,0.02203051462121656,-0.17638464828391845,0.0,-0.001247382327300789,1.0
repeat_1_fold_4,SMYD2,-0.20171285561250585,0.2445268368018382,0.1222634184009191,-0.32397627401342494,0.0,0.001839926711880685,1.0
repeat_1_fold_4,SNU13,0.0,0.0,0.0,0.0,0.0,0.0,0.0
repeat_1_fold_4,SOX4,-0.0855303460105965,0.0991150884030428,0.0495575442015214,-0.1350878902121179,0.0,0.0006014434643143718,0.5
repeat_1_fold_4,SPRR1B,0.0,0.0,0.0,0.0,0.0,0.0,0.0
repeat_1_fold_4,SPTLC2,-0.2752582410121498,0.33118064437530553,0.16559032218765277,-0.4408485631998026,0.0,0.00020938023450586818,0.5
repeat_1_fold_4,SRSF8,-0.0453247255336926,0.0906494510673852,0.0453247255336926,-0.0906494510673852,0.0,0.000400962309542896,0.5
repeat_1_fold_4,ST8SIA3,0.0,0.0,0.0,0.0,0.0,0.0,0.0
repeat_1_fold_4,STAG1,0.0,0.0,0.0,0.0,0.0,0.0,0.0
repeat_1_fold_4,STARD7,0.0,0.0,0.0,0.0,0.0,0.0,0.0
repeat_1_fold_4,STX5,0.0,0.0,0.0,0.0,0.0,0.0,0.0
repeat_1_fold_4,STX6,0.0,0.0,0.0,0.0,0.0,0.0,0.0
repeat_1_fold_4,SULT1A1,0.0,0.0,0.0,0.0,0.0,0.0,0.0
repeat_1_fold_4,SULT1B1,0.0,0.0,0.0,0.0,0.0,0.0,0.0
repeat_1_fold_4,SUMO3,-0.0638220875906903,0.26277206994803504,0.13138603497401752,-0.19520812256470782,0.25,-0.0010024057738572956,1.0
repeat_1_fold_4,SUV39H2,0.0,0.0,0.0,0.0,0.0,0.0,0.0
repeat_1_fold_4,SYT2,0.0,0.0,0.0,0.0,0.0,0.0,0.0
repeat_1_fold_4,TAB2,0.0,0.0,0.0,0.0,0.0,0.0,0.0
repeat_1_fold_4,TAF1,0.0,0.0,0.0,0.0,0.0,0.0,0.0
repeat_1_fold_4,TAF1C,-0.04563090930376035,0.0912618186075207,0.04563090930376035,-0.0912618186075207,0.0,0.0034081796311146717,0.5
repeat_1_fold_4,TAF7,0.0,0.0,0.0,0.0,0.0,0.0,0.0
repeat_1_fold_4,TAPBP,-0.20159190880014322,0.5152054295376385,0.25760271476881924,-0.45919462356896246,0.5,-0.00020048115477147577,1.0
repeat_1_fold_4,TBX5,0.0,0.0,0.0,0.0,0.0,-0.0014033680834001638,0.5
repeat_1_fold_4,TCN1,0.0,0.0,0.0,0.0,0.0,0.0,0.0
repeat_1_fold_4,TFB1M,0.0,0.0,0.0,0.0,0.0,0.0,0.0
repeat_1_fold_4,TFDP1,0.0,0.0,0.0,0.0,0.0,0.0,0.0
repeat_1_fold_4,TFF1,0.0186231497792253,0.0770637721245171,0.03853188606225855,-0.019908736283033246,0.25,0.001403368083400136,0.5
repeat_1_fold_4,TGFBI,0.0,0.0,0.0,0.0,0.0,0.000200481154771448,0.5
repeat_1_fold_4,TGFBR3,-0.10929832969028652,0.22771932304440443,0.11385966152220221,-0.22315799121248875,0.25,-0.0006281407035176045,0.5
repeat_1_fold_4,THY1,0.0,0.0,0.0,0.0,0.0,0.0,0.0
repeat_1_fold_4,TJP2,0.0,0.0,0.0,0.0,0.0,0.0,0.0
repeat_1_fold_4,TLR8,0.0,0.0,0.0,0.0,0.0,0.0,0.0
repeat_1_fold_4,TMEM115,0.0,0.0,0.0,0.0,0.0,0.0,0.0
repeat_1_fold_4,TMPRSS6,0.0,0.0,0.0,0.0,0.0,0.0,0.0
repeat_1_fold_4,TNFAIP8,0.0,0.0,0.0,0.0,0.0,0.0,0.0
repeat_1_fold_4,TNFRSF14,0.0,0.0,0.0,0.0,0.0,0.0,0.0
repeat_1_fold_4,TNFRSF21,0.0,0.0,0.0,0.0,0.0,0.0,0.0
repeat_1_fold_4,TNNI1,0.0,0.0,0.0,0.0,0.0,0.0,0.0
repeat_1_fold_4,TNS3,0.0,0.0,0.0,0.0,0.0,0.0,0.0
repeat_1_fold_4,TOMM20,0.0,0.0,0.0,0.0,0.0,0.0,0.0
repeat_1_fold_4,TPD52L1,0.0,0.0,0.0,0.0,0.0,0.0,0.0
repeat_1_fold_4,TPM1,0.0,0.0,0.0,0.0,0.0,0.0,0.0
repeat_1_fold_4,TPST1,-0.3604148638974145,0.6000182049410935,0.30000910247054674,-0.6604239663679612,0.0,0.0008375209380234172,0.5
repeat_1_fold_4,TRA2B,0.0,0.0,0.0,0.0,0.0,0.0,0.0
repeat_1_fold_4,TRIM28,0.0,0.0,0.0,0.0,0.0,0.000200481154771448,0.5
repeat_1_fold_4,TSHR,0.0,0.0,0.0,0.0,0.0,0.0,0.0
repeat_1_fold_4,TSNAX,0.0,0.0,0.0,0.0,0.0,0.0,0.0
repeat_1_fold_4,TSR1,-0.06627815749950372,0.2597461496962935,0.12987307484814675,-0.19615123234765047,0.25,-0.0008375209380234727,0.5
repeat_1_fold_4,TSR3,0.0,0.0,0.0,0.0,0.0,0.0,0.0
repeat_1_fold_4,TST,0.0,0.0,0.0,0.0,0.0,0.0,0.0
repeat_1_fold_4,TTPA,0.0,0.0,0.0,0.0,0.0,0.0,0.0
repeat_1_fold_4,TUBB6,0.0,0.0,0.0,0.0,0.0,0.0,0.0
repeat_1_fold_4,UBA5,0.0,0.0,0.0,0.0,0.0,0.0,0.0
repeat_1_fold_4,UBA7,0.0,0.0,0.0,0.0,0.0,0.0,0.0
repeat_1_fold_4,UBE2D2,0.0,0.0,0.0,0.0,0.0,0.0,0.0
repeat_1_fold_4,UCHL5,0.0,0.0,0.0,0.0,0.0,0.0,0.0
repeat_1_fold_4,UCP3,0.0,0.0,0.0,0.0,0.0,0.0,0.0
repeat_1_fold_4,UGGT1,0.0,0.0,0.0,0.0,0.0,0.0,0.0
repeat_1_fold_4,UNC119B,0.0,0.0,0.0,0.0,0.0,0.0,0.0
repeat_1_fold_4,UQCC1,0.0,0.0,0.0,0.0,0.0,0.0,0.0
repeat_1_fold_4,UQCRH,0.0,0.0,0.0,0.0,0.0,0.0,0.0
repeat_1_fold_4,USP6NL,0.0,0.0,0.0,0.0,0.0,0.0,0.0
repeat_1_fold_4,UTY,0.0,0.0,0.0,0.0,0.0,0.0,0.0
repeat_1_fold_4,VAV1,-0.7105683795446431,0.9729486253240631,0.48647431266203156,-1.1970426922066748,0.0,-0.0012562814070351813,0.5
repeat_1_fold_4,VCAM1,-0.018638203150752375,0.07706862430789745,0.03853431215394872,-0.0571725153047011,0.25,0.000200481154771448,0.5
repeat_1_fold_4,VDAC2,0.0,0.0,0.0,0.0,0.0,0.0,0.0
repeat_1_fold_4,VIP,-0.030297934087272438,0.06059586817454487,0.030297934087272434,-0.060595868174544876,0.0,-0.001046901172529341,0.5
repeat_1_fold_4,VIPR2,0.0,0.0,0.0,0.0,0.0,0.0,0.0
repeat_1_fold_4,VPS35L,0.0,0.0,0.0,0.0,0.0,0.0,0.0
repeat_1_fold_4,VPS45,-0.022892630382592927,0.04578526076518585,0.022892630382592927,-0.04578526076518585,0.0,0.000400962309542896,0.5
repeat_1_fold_4,WDR18,0.09855961150345038,0.1743229654331164,0.0871614827165582,0.011398128786892184,0.5,-0.002721943048576231,0.5
repeat_1_fold_4,WNT2,0.0,0.0,0.0,0.0,0.0,0.0,0.0
repeat_1_fold_4,WWC1,0.0,0.0,0.0,0.0,0.0,0.0,0.0
repeat_1_fold_4,XAB2,0.0,0.0,0.0,0.0,0.0,0.0,0.0
repeat_1_fold_4,XPC,0.052508942380951495,0.16961494740229888,0.08480747370114944,-0.03229853132019794,0.25,0.0014033680834001638,0.5
repeat_1_fold_4,YES1,0.0,0.0,0.0,0.0,0.0,0.0,0.0
repeat_1_fold_4,YWHAB,0.0,0.0,0.0,0.0,0.0,0.0,0.0
repeat_1_fold_4,YWHAQ,0.0,0.0,0.0,0.0,0.0,0.0,0.0
repeat_1_fold_4,ZBTB16,0.0,0.0,0.0,0.0,0.0,0.0,0.0
repeat_1_fold_4,ZNF225,0.0,0.0,0.0,0.0,0.0,0.0,0.0
repeat_1_fold_4,ZNF274,0.0,0.0,0.0,0.0,0.0,0.0,0.0
repeat_1_fold_4,ZNF337,0.0,0.0,0.0,0.0,0.0,0.0,0.0
repeat_1_fold_4,ZNF34,-0.024785957466315622,0.07007457415705923,0.035037287078529614,-0.059823244544845236,0.25,-0.000801924619085792,0.5
repeat_1_fold_4,ZNF717,0.0027454574449983227,0.04817892518688647,0.024089462593443235,-0.021344005148444912,0.25,-0.0016038492381716396,0.5
repeat_2_fold_1,A1CF,0.0,0.0,0.0,0.0,0.0,0.0,0.0
repeat_2_fold_1,A2M,0.12390531749383449,0.14471909680055203,0.07235954840027602,0.05154576909355847,0.5,0.0012019230769230727,0.5
repeat_2_fold_1,A4GALT,-0.07942545851082272,0.146820747848541,0.0734103739242705,-0.15283583243509322,0.0,0.0019911504424778848,0.5
repeat_2_fold_1,A4GNT,-0.038721371753890566,0.044711588811000576,0.022355794405500288,-0.06107716615939085,0.0,0.0,0.5
repeat_2_fold_1,AAAS,0.0,0.0,0.0,0.0,0.0,-0.0004424778761061843,0.5
repeat_2_fold_1,AACS,0.0,0.0,0.0,0.0,0.0,0.0,0.0
repeat_2_fold_1,AAK1,0.06861585083881039,0.13723170167762078,0.06861585083881039,0.0,0.25,-0.0010016025641025605,0.5
repeat_2_fold_1,AAMP,0.0,0.0,0.0,0.0,0.0,0.0,0.0
repeat_2_fold_1,AANAT,-0.8078800809807838,0.9328595644543843,0.46642978222719217,-1.274309863207976,0.0,0.0010016025641025605,0.5
repeat_2_fold_1,AARS1,0.0,0.0,0.0,0.0,0.0,0.0,0.0
repeat_2_fold_1,AASDHPPT,0.0,0.0,0.0,0.0,0.0,0.0,0.0
repeat_2_fold_1,AASS,0.0,0.0,0.0,0.0,0.0,0.0,0.0
repeat_2_fold_1,AATF,-0.06143688480170262,0.11997643783288557,0.059988218916442786,-0.12142510371814541,0.0,0.0032051282051281937,0.5
repeat_2_fold_1,ABAT,0.022710204858540806,0.04542040971708161,0.022710204858540806,0.0,0.25,-0.00022123893805309214,0.5
repeat_2_fold_1,ABCA1,-0.04509207931966408,0.09018415863932816,0.04509207931966408,-0.09018415863932816,0.0,0.0015905094168368605,1.0
repeat_2_fold_1,ABCA12,0.0,0.0,0.0,0.0,0.0,0.0,0.0
repeat_2_fold_1,ABCA2,0.0,0.0,0.0,0.0,0.0,0.0,0.0
repeat_2_fold_1,ABCA3,-0.11499478626216941,0.13278454160773398,0.06639227080386699,-0.18138705706603642,0.0,0.0002003205128205121,0.5
repeat_2_fold_1,ABCA4,0.0,0.0,0.0,0.0,0.0,0.0,0.0
repeat_2_fold_1,ABCA5,0.04542040971708161,0.05244697155372032,0.02622348577686016,0.01919692394022145,0.5,0.0006637168141593042,0.5
repeat_2_fold_1,ABCA6,0.0,0.0,0.0,0.0,0.0,0.0,0.0
repeat_2_fold_1,ABCA7,-0.8448691109516187,1.5151291320012743,0.7575645660006372,-1.6024336769522558,0.0,0.007011217948717979,0.5
repeat_2_fold_1,ABCA8,0.0,0.0,0.0,0.0,0.0,0.0,0.0
repeat_2_fold_1,ABCB1,0.0,0.0,0.0,0.0,0.0,0.0,0.0
repeat_2_fold_1,ABCB11,0.0052114790428863245,0.11088407756680232,0.05544203878340116,-0.05023055974051484,0.25,0.00044247787610621203,0.5
repeat_2_fold_1,ABCB4,-0.9358985720433797,1.0808918360479274,0.5404459180239637,-1.4763444900673433,0.0,0.0004006410256410242,0.5
repeat_2_fold_1,ABCB6,0.05970805486310482,0.06894492309600501,0.03447246154800251,0.025235593315102313,0.5,0.0012019230769230727,0.5
repeat_2_fold_1,ABCB7,0.0,0.0,0.0,0.0,0.0,0.0,0.0
repeat_2_fold_1,ABCB8,0.0,0.0,0.0,0.0,0.0,-0.0004006410256410242,0.5
repeat_2_fold_1,ABCB9,0.0,0.0,0.0,0.0,0.0,0.0,0.0
repeat_2_fold_1,ABCC10,0.013326384183788065,0.02665276836757613,0.013326384183788065,0.0,0.25,-0.0010016025641025605,0.5
repeat_2_fold_1,ABCC2,-0.03129540256766283,0.10273054336601994,0.05136527168300997,-0.0826606742506728,0.25,-0.00022123893805309214,0.5
repeat_2_fold_1,ABCC3,0.0,0.0,0.0,0.0,0.0,0.0,0.0
repeat_2_fold_1,ABCC4,0.0,0.0,0.0,0.0,0.0,0.0,0.0
repeat_2_fold_1,ABCC5,0.02665276836757613,0.030775965983337643,0.015387982991668821,0.011264785375907308,0.5,0.0002003205128205121,1.0
repeat_2_fold_1,ABCC8,-0.19390831732906655,0.24956914647676784,0.12478457323838392,-0.3186928905674505,0.0,0.006194690265486719,0.5
repeat_2_fold_1,ABCC9,0.0,0.0,0.0,0.0,0.0,0.0,0.0
repeat_2_fold_1,ABCD1,0.0,0.0,0.0,0.0,0.0,0.0,0.0
repeat_2_fold_1,ABCD2,0.02665276836757613,0.030775965983337643,0.015387982991668821,0.011264785375907308,0.5,0.0006009615384615363,0.5
repeat_2_fold_1,ABCD3,0.0,0.0,0.0,0.0,0.0,0.0,0.0
repeat_2_fold_1,ABCD4,0.022710204858540806,0.04542040971708161,0.022710204858540806,0.0,0.25,0.0002212389380531199,0.5
repeat_2_fold_1,ABCF1,0.0,0.0,0.0,0.0,0.0,0.0,0.0
repeat_2_fold_1,ABCF2,0.0,0.0,0.0,0.0,0.0,0.0,0.5
repeat_2_fold_1,ABCG1,0.0,0.0,0.0,0.0,0.0,0.0,0.0
repeat_2_fold_1,ABCG2,0.0,0.0,0.0,0.0,0.0,0.0,0.0
repeat_2_fold_1,ABCG4,0.0,0.0,0.0,0.0,0.0,0.0,0.0
repeat_2_fold_1,ABCG5,-0.07164750542157705,0.1432950108431541,0.07164750542157705,-0.1432950108431541,0.0,-0.002203525641025633,0.5
repeat_2_fold_1,ABHD10,0.0,0.0,0.0,0.0,0.0,-0.00022123893805309214,0.5
repeat_2_fold_1,ABHD17A,-0.4182570220061397,0.9551385769756721,0.47756928848783603,-0.8958263104939757,0.25,-0.002203525641025633,0.5
repeat_2_fold_1,ABHD17B,0.0,0.0,0.0,0.0,0.0,0.0,0.0
repeat_2_fold_1,ABHD3,0.0,0.0,0.0,0.0,0.0,0.0,0.0
repeat_2_fold_1,ABHD4,0.0,0.0,0.0,0.0,0.0,0.0,0.0
repeat_2_fold_1,ABHD5,-0.5789015421298558,1.0477401037807104,0.5238700518903552,-1.102771594020211,0.0,0.000705553664624492,1.0
repeat_2_fold_1,ABHD6,0.03349188369658229,0.09460060470887947,0.04730030235443974,-0.013808418657857445,0.25,-0.0006009615384615363,0.5
repeat_2_fold_1,ABI1,0.014125007149425883,0.05364476079686438,0.02682238039843219,-0.012697373249006307,0.25,-0.0008849557522123686,0.5
repeat_2_fold_1,ABI2,0.0,0.0,0.0,0.0,0.0,0.0013274336283186083,0.5
repeat_2_fold_1,ABL1,0.0,0.0,0.0,0.0,0.0,0.0,0.0
repeat_2_fold_1,ABL2,0.0,0.0,0.0,0.0,0.0,0.0,0.0
repeat_2_fold_1,ABLIM1,-0.9430484849353871,1.1169149307675212,0.5584574653837606,-1.5015059503191477,0.0,-0.0004006410256410242,0.5
repeat_2_fold_1,ABLIM3,0.0,0.0,0.0,0.0,0.0,0.0,0.0
repeat_2_fold_1,ABR,-0.06817636447467734,0.07872328476365001,0.039361642381825004,-0.10753800685650235,0.0,-0.0012019230769230727,1.0
repeat_2_fold_1,ABRAXAS2,0.0,0.0,0.0,0.0,0.0,-0.0004006410256410242,0.5
repeat_2_fold_1,ACAA1,0.0,0.0,0.0,0.0,0.0,0.0,0.0
repeat_2_fold_1,ACACA,-0.8571642534150268,0.993877529395873,0.4969387646979365,-1.3541030181129634,0.0,-0.0002003205128205121,0.5
repeat_2_fold_1,ACACB,0.0,0.0,0.0,0.0,0.0,0.0,0.0
repeat_2_fold_1,ACAD10,0.0,0.0,0.0,0.0,0.0,0.0,0.0
repeat_2_fold_1,ACAD8,0.0,0.0,0.0,0.0,0.0,0.0,0.0
repeat_2_fold_1,ACADL,-0.09124725490547192,0.10758715263209831,0.053793576316049155,-0.14504083122152106,0.0,-0.0014231620149761648,1.0
repeat_2_fold_1,ACADM,0.0,0.0,0.0,0.0,0.0,0.0,0.0
repeat_2_fold_1,ACADS,0.0,0.0,0.0,0.0,0.0,0.0,0.0
repeat_2_fold_1,ACADSB,0.013326384183788065,0.02665276836757613,0.013326384183788065,0.0,0.25,0.0002003205128205121,0.5
repeat_2_fold_1,ACADVL,0.0,0.0,0.0,0.0,0.0,-0.0024038461538461453,1.0
repeat_2_fold_1,ACAN,0.013796676752001247,0.027593353504002494,0.013796676752001247,0.0,0.25,0.00044247787610621203,0.5
repeat_2_fold_1,ACAT1,0.0,0.0,0.0,0.0,0.0,0.0004424778761061843,0.5
repeat_2_fold_1,ACAT2,-0.04509207931966408,0.09018415863932816,0.04509207931966408,-0.09018415863932816,0.0,0.0006637168141593042,0.5
repeat_2_fold_1,ACBD3,0.0,0.0,0.0,0.0,0.0,0.0,0.5
repeat_2_fold_1,ACBD4,-0.09831898425684571,0.11686797374942781,0.058433986874713906,-0.15675297113155962,0.0,0.0012019230769230727,0.5
repeat_2_fold_1,ACD,0.0,0.0,0.0,0.0,0.0,0.0,0.0
repeat_2_fold_1,ACE,0.0,0.0,0.0,0.0,0.0,0.0,0.0
repeat_2_fold_1,ACE2,0.0,0.0,0.0,0.0,0.0,0.0,0.0
repeat_2_fold_1,ACHE,0.0,0.0,0.0,0.0,0.0,0.0,0.0
repeat_2_fold_1,ACIN1,0.0,0.0,0.0,0.0,0.0,0.0,0.0
repeat_2_fold_1,ACKR1,0.0,0.0,0.0,0.0,0.0,0.0,0.0
repeat_2_fold_1,ACKR2,-0.06593359675681398,0.19169104538229204,0.09584552269114602,-0.16177911944796,0.25,-0.0008012820512820484,0.5
repeat_2_fold_1,ACKR3,0.0,0.0,0.0,0.0,0.0,0.0,0.0
repeat_2_fold_1,ACKR4,0.0,0.0,0.0,0.0,0.0,0.0,0.0
repeat_2_fold_1,ACO1,0.0,0.0,0.0,0.0,0.0,0.0,0.0
repeat_2_fold_1,ACO2,0.0,0.0,0.0,0.0,0.0,0.0,0.0
repeat_2_fold_1,ACOT11,0.0,0.0,0.0,0.0,0.0,0.0004424778761061843,0.5
repeat_2_fold_1,ACOT13,0.0,0.0,0.0,0.0,0.0,0.0,0.0
repeat_2_fold_1,ACOT2,0.0,0.0,0.0,0.0,0.0,0.0,0.0
repeat_2_fold_1,ACOT8,0.0,0.0,0.0,0.0,0.0,0.0,0.0
repeat_2_fold_1,ACOT9,0.0,0.0,0.0,0.0,0.0,0.0,0.0
repeat_2_fold_1,ACOX1,0.0,0.0,0.0,0.0,0.0,0.0,0.0
repeat_2_fold_1,ACOX2,0.0,0.0,0.0,0.0,0.0,0.0,0.0
repeat_2_fold_1,ACOX3,0.0,0.0,0.0,0.0,0.0,0.0,0.0
repeat_2_fold_1,ACOXL,-0.09868725390833077,0.20522517628480727,0.10261258814240364,-0.20129984205073442,0.25,0.00024215736328569992,1.0
repeat_2_fold_1,ACP3,0.0,0.0,0.0,0.0,0.0,0.0,0.0
repeat_2_fold_1,ACP5,0.0,0.0,0.0,0.0,0.0,0.0,0.0
repeat_2_fold_1,ACP6,0.0,0.0,0.0,0.0,0.0,0.0,0.0
repeat_2_fold_1,ACR,0.0,0.0,0.0,0.0,0.0,0.0,0.0
repeat_2_fold_1,ACSBG1,0.0,0.0,0.0,0.0,0.0,0.0,0.0
repeat_2_fold_1,ACSBG2,0.0,0.0,0.0,0.0,0.0,0.0,0.0
repeat_2_fold_1,ACSF2,0.0,0.0,0.0,0.0,0.0,0.0,0.0
repeat_2_fold_1,ACSL1,0.0,0.0,0.0,0.0,0.0,0.0,0.0
repeat_2_fold_1,ACSL3,0.0,0.0,0.0,0.0,0.0,0.0,0.0
repeat_2_fold_1,ACSL4,0.0,0.0,0.0,0.0,0.0,0.0,0.0
repeat_2_fold_1,ACSL5,0.0,0.0,0.0,0.0,0.0,0.0,0.0
repeat_2_fold_1,ACSL6,0.0,0.0,0.0,0.0,0.0,0.0,0.0
repeat_2_fold_1,ACSM1,0.0,0.0,0.0,0.0,0.0,0.0,0.0
repeat_2_fold_1,ACSM2A,0.0,0.0,0.0,0.0,0.0,0.0,0.0
repeat_2_fold_1,ACSM3,-0.5085136795796519,0.8831166589168927,0.44155832945844636,-0.9500720090380983,0.0,-0.002508438280009073,1.0
repeat_2_fold_1,ACSM5,0.0,0.0,0.0,0.0,0.0,0.0,0.0
repeat_2_fold_1,ACTA1,0.0,0.0,0.0,0.0,0.0,0.0,0.0
repeat_2_fold_1,ACTB,0.0,0.0,0.0,0.0,0.0,0.0,0.0
repeat_2_fold_1,ACTC1,0.0,0.0,0.0,0.0,0.0,0.0,0.0
repeat_2_fold_1,ACTG1,0.0,0.0,0.0,0.0,0.0,0.0,0.0
repeat_2_fold_1,ACTG2,0.0,0.0,0.0,0.0,0.0,0.0,0.0
repeat_2_fold_1,ACTL6A,0.0,0.0,0.0,0.0,0.0,0.0,0.0
repeat_2_fold_1,ACTL6B,0.0,0.0,0.0,0.0,0.0,0.0,0.0
repeat_2_fold_1,ACTN1,0.0,0.0,0.0,0.0,0.0,0.0,0.0
repeat_2_fold_1,ACTN2,0.0,0.0,0.0,0.0,0.0,0.0,0.0
repeat_2_fold_1,ACTN3,0.0,0.0,0.0,0.0,0.0,0.0,0.0
repeat_2_fold_1,ACTN4,0.0,0.0,0.0,0.0,0.0,0.0,0.0
repeat_2_fold_1,ACTR10,0.0,0.0,0.0,0.0,0.0,0.0,0.0
repeat_2_fold_1,ACTR1A,0.0,0.0,0.0,0.0,0.0,0.0,0.0
repeat_2_fold_1,ACTR2,0.0,0.0,0.0,0.0,0.0,0.0,0.0
repeat_2_fold_1,ACTR3,0.0,0.0,0.0,0.0,0.0,0.0,0.0
repeat_2_fold_1,ACTR5,0.0,0.0,0.0,0.0,0.0,0.0,0.0
repeat_2_fold_1,ACTR8,0.0,0.0,0.0,0.0,0.0,0.0,0.0
repeat_2_fold_1,ACVR1B,0.0,0.0,0.0,0.0,0.0,0.0,0.0
repeat_2_fold_1,ACVR2A,0.0,0.0,0.0,0.0,0.0,0.0,0.0
repeat_2_fold_1,ACVR2B,0.0,0.0,0.0,0.0,0.0,0.0,0.0
repeat_2_fold_1,ACVRL1,0.0,0.0,0.0,0.0,0.0,0.0,0.0
repeat_2_fold_1,ACY1,0.0,0.0,0.0,0.0,0.0,0.0,0.0
repeat_2_fold_1,ADA,0.0,0.0,0.0,0.0,0.0,0.0,0.0
repeat_2_fold_1,ADA2,0.0,0.0,0.0,0.0,0.0,0.0,0.0
repeat_2_fold_1,ADAM10,0.0,0.0,0.0,0.0,0.0,0.0,0.0
repeat_2_fold_1,ADAM11,0.0,0.0,0.0,0.0,0.0,0.0,0.0
repeat_2_fold_1,ADAM12,0.0,0.0,0.0,0.0,0.0,0.0,0.0
repeat_2_fold_1,ADAM15,0.0,0.0,0.0,0.0,0.0,0.0,0.0
repeat_2_fold_1,ADAM19,0.0,0.0,0.0,0.0,0.0,0.0,0.0
repeat_2_fold_1,ADAM20,0.0,0.0,0.0,0.0,0.0,0.0,0.0
repeat_2_fold_1,ADAM21,0.0,0.0,0.0,0.0,0.0,0.0,0.0
repeat_2_fold_1,ADAM22,0.0,0.0,0.0,0.0,0.0,0.0,0.0
repeat_2_fold_1,ADAM23,0.0,0.0,0.0,0.0,0.0,0.0,0.0
repeat_2_fold_1,ADAM30,0.0,0.0,0.0,0.0,0.0,0.0,0.0
repeat_2_fold_1,ADAM8,0.0,0.0,0.0,0.0,0.0,0.0,0.0
repeat_2_fold_1,ADAM9,0.0,0.0,0.0,0.0,0.0,0.0,0.0
repeat_2_fold_1,ADAMTS1,0.0,0.0,0.0,0.0,0.0,0.0,0.0
repeat_2_fold_1,ADAMTS12,0.0,0.0,0.0,0.0,0.0,0.0,0.0
repeat_2_fold_1,ADAMTS13,0.0,0.0,0.0,0.0,0.0,0.0,0.0
repeat_2_fold_1,ADAMTS2,0.0,0.0,0.0,0.0,0.0,0.0,0.0
repeat_2_fold_1,ADAMTS20,0.0,0.0,0.0,0.0,0.0,0.0,0.0
repeat_2_fold_1,ADAMTS3,0.0,0.0,0.0,0.0,0.0,0.0,0.0
repeat_2_fold_1,ADAMTS5,0.0,0.0,0.0,0.0,0.0,0.0,0.0
repeat_2_fold_1,ADAMTS7,0.0,0.0,0.0,0.0,0.0,0.0,0.0
repeat_2_fold_1,ADAMTS8,0.0,0.0,0.0,0.0,0.0,0.0,0.0
repeat_2_fold_1,ADAMTS9,0.0,0.0,0.0,0.0,0.0,0.0,0.0
repeat_2_fold_1,ADAMTSL2,0.0,0.0,0.0,0.0,0.0,0.0,0.0
repeat_2_fold_1,ADAMTSL3,0.0,0.0,0.0,0.0,0.0,0.0,0.0
repeat_2_fold_1,ADAMTSL4,0.0,0.0,0.0,0.0,0.0,0.0,0.0
repeat_2_fold_1,ADAP1,0.0,0.0,0.0,0.0,0.0,0.0,0.0
repeat_2_fold_1,ADAR,0.08514349408657651,0.10672917578152491,0.053364587890762455,0.031778906195814055,0.5,0.0,0.5
repeat_2_fold_1,ADARB1,0.0,0.0,0.0,0.0,0.0,0.0,0.0
repeat_2_fold_1,ADCY1,0.0,0.0,0.0,0.0,0.0,0.0,0.0
repeat_2_fold_1,ADCY10,0.0,0.0,0.0,0.0,0.0,0.0,0.0
repeat_2_fold_1,ADCY2,0.0,0.0,0.0,0.0,0.0,0.0,0.0
repeat_2_fold_1,ADCY3,0.0,0.0,0.0,0.0,0.0,0.0,0.0
repeat_2_fold_1,ADCY6,0.0,0.0,0.0,0.0,0.0,0.0,0.0
repeat_2_fold_1,ADCY7,0.0,0.0,0.0,0.0,0.0,0.0,0.0
repeat_2_fold_1,ADCY8,0.0,0.0,0.0,0.0,0.0,0.0,0.0
repeat_2_fold_1,ADCY9,0.0,0.0,0.0,0.0,0.0,0.0,0.0
repeat_2_fold_1,ADCYAP1,0.0,0.0,0.0,0.0,0.0,0.0,0.0
repeat_2_fold_1,ADCYAP1R1,0.0,0.0,0.0,0.0,0.0,0.0,0.0
repeat_2_fold_1,ADD1,0.0,0.0,0.0,0.0,0.0,0.0,0.0
repeat_2_fold_1,ADD2,0.0,0.0,0.0,0.0,0.0,0.0,0.0
repeat_2_fold_1,ADD3,0.0,0.0,0.0,0.0,0.0,0.0,0.0
repeat_2_fold_1,ADGRE1,0.0,0.0,0.0,0.0,0.0,0.0,0.0
repeat_2_fold_1,ADGRE2,0.0,0.0,0.0,0.0,0.0,0.0008849557522123963,0.5
repeat_2_fold_1,ADGRE3,0.0,0.0,0.0,0.0,0.0,0.0,0.0
repeat_2_fold_1,ADGRE5,0.0,0.0,0.0,0.0,0.0,0.0,0.0
repeat_2_fold_1,ADGRF5,0.0,0.0,0.0,0.0,0.0,0.0,0.0
repeat_2_fold_1,ADGRG3,0.0,0.0,0.0,0.0,0.0,0.0,0.0
repeat_2_fold_1,ADGRG6,0.0,0.0,0.0,0.0,0.0,0.0,0.0
repeat_2_fold_1,ADGRV1,0.0,0.0,0.0,0.0,0.0,0.0,0.0
repeat_2_fold_1,ADH1A,0.0,0.0,0.0,0.0,0.0,0.0,0.0
repeat_2_fold_1,ADH1B,0.0,0.0,0.0,0.0,0.0,0.0,0.0
repeat_2_fold_1,ADH1C,0.0,0.0,0.0,0.0,0.0,0.0,0.0
repeat_2_fold_1,ADH5,0.0,0.0,0.0,0.0,0.0,0.0,0.0
repeat_2_fold_1,ADH6,0.0,0.0,0.0,0.0,0.0,0.0,0.0
repeat_2_fold_1,ADH7,0.0,0.0,0.0,0.0,0.0,0.0,0.0
repeat_2_fold_1,ADI1,0.0,0.0,0.0,0.0,0.0,0.0,0.0
repeat_2_fold_1,ADIPOQ,0.0,0.0,0.0,0.0,0.0,0.0,0.0
repeat_2_fold_1,ADIPOR1,0.0,0.0,0.0,0.0,0.0,0.0,0.0
repeat_2_fold_1,ADIPOR2,0.0,0.0,0.0,0.0,0.0,0.0,0.0
repeat_2_fold_1,ADIRF,0.0,0.0,0.0,0.0,0.0,0.0,0.0
repeat_2_fold_1,ADK,0.0,0.0,0.0,0.0,0.0,0.0,0.0
repeat_2_fold_1,ADM,0.0,0.0,0.0,0.0,0.0,0.0,0.0
repeat_2_fold_1,ADO,0.0,0.0,0.0,0.0,0.0,0.0,0.0
repeat_2_fold_1,ADORA1,0.0,0.0,0.0,0.0,0.0,0.0,0.0
repeat_2_fold_1,ADORA2A,0.0,0.0,0.0,0.0,0.0,0.0,0.0
repeat_2_fold_1,ADORA2B,0.0,0.0,0.0,0.0,0.0,0.0,0.0
repeat_2_fold_1,ADORA3,0.0,0.0,0.0,0.0,0.0,0.0,0.0
repeat_2_fold_1,ADPGK,0.0,0.0,0.0,0.0,0.0,0.0,0.0
repeat_2_fold_1,ADPRM,0.0,0.0,0.0,0.0,0.0,0.0,0.0
repeat_2_fold_1,ADRA1A,0.0,0.0,0.0,0.0,0.0,0.0,0.0
repeat_2_fold_1,ADRA1B,0.0,0.0,0.0,0.0,0.0,0.0,0.0
repeat_2_fold_1,ADRA1D,0.0,0.0,0.0,0.0,0.0,0.0,0.0
repeat_2_fold_1,ADRA2B,0.0,0.0,0.0,0.0,0.0,0.0,0.0
repeat_2_fold_1,ADRA2C,0.0,0.0,0.0,0.0,0.0,0.0,0.0
repeat_2_fold_1,ADRB1,0.0,0.0,0.0,0.0,0.0,0.0,0.0
repeat_2_fold_1,ADRB2,0.0,0.0,0.0,0.0,0.0,0.0,0.0
repeat_2_fold_1,ADRB3,0.0,0.0,0.0,0.0,0.0,0.0,0.0
repeat_2_fold_1,ADRM1,0.0,0.0,0.0,0.0,0.0,0.0,0.0
repeat_2_fold_1,ADSL,0.0,0.0,0.0,0.0,0.0,0.0,0.0
repeat_2_fold_1,ADSS2,0.0,0.0,0.0,0.0,0.0,0.0,0.0
repeat_2_fold_1,AFDN,0.0,0.0,0.0,0.0,0.0,0.0,0.0
repeat_2_fold_1,AFF4,0.0,0.0,0.0,0.0,0.0,0.0,0.0
repeat_2_fold_1,AFG3L2,0.0,0.0,0.0,0.0,0.0,-0.0008012820512820484,0.5
repeat_2_fold_1,AFP,0.0,0.0,0.0,0.0,0.0,0.0,0.0
repeat_2_fold_1,AGBL2,0.0,0.0,0.0,0.0,0.0,0.0,0.0
repeat_2_fold_1,AGBL3,0.0,0.0,0.0,0.0,0.0,0.0,0.0
repeat_2_fold_1,AGBL5,0.0,0.0,0.0,0.0,0.0,0.0,0.0
repeat_2_fold_1,AGER,0.0,0.0,0.0,0.0,0.0,0.0,0.0
repeat_2_fold_1,AGFG1,0.0,0.0,0.0,0.0,0.0,0.0,0.0
repeat_2_fold_1,AGGF1,0.0,0.0,0.0,0.0,0.0,0.0,0.0
repeat_2_fold_1,AGK,0.0,0.0,0.0,0.0,0.0,0.0,0.0
repeat_2_fold_1,AGL,0.0,0.0,0.0,0.0,0.0,0.0,0.0
repeat_2_fold_1,AGMAT,0.0,0.0,0.0,0.0,0.0,0.0,0.0
repeat_2_fold_1,AGO1,0.0,0.0,0.0,0.0,0.0,0.0,0.0
repeat_2_fold_1,AGO3,0.0,0.0,0.0,0.0,0.0,0.0,0.0
repeat_2_fold_1,AGO4,0.0,0.0,0.0,0.0,0.0,0.0,0.0
repeat_2_fold_1,AGPAT1,0.0,0.0,0.0,0.0,0.0,0.0,0.0
repeat_2_fold_1,AGPAT2,0.0,0.0,0.0,0.0,0.0,0.0,0.0
repeat_2_fold_1,AGPAT3,0.0,0.0,0.0,0.0,0.0,0.0,0.0
repeat_2_fold_1,AGPAT4,0.0,0.0,0.0,0.0,0.0,0.0,0.0
repeat_2_fold_1,AGPAT5,0.0,0.0,0.0,0.0,0.0,0.0,0.0
repeat_2_fold_1,AGPS,0.0,0.0,0.0,0.0,0.0,0.0,0.0
repeat_2_fold_1,AGRN,0.0,0.0,0.0,0.0,0.0,0.0,0.0
repeat_2_fold_1,AGRP,0.0,0.0,0.0,0.0,0.0,0.0,0.0
repeat_2_fold_1,AGT,0.0,0.0,0.0,0.0,0.0,0.0,0.0
repeat_2_fold_1,AGTPBP1,0.0,0.0,0.0,0.0,0.0,0.0,0.0
repeat_2_fold_1,AGTR1,0.0,0.0,0.0,0.0,0.0,0.0,0.0
repeat_2_fold_1,AGXT,0.0,0.0,0.0,0.0,0.0,0.0,0.0
repeat_2_fold_1,AHCTF1,0.0,0.0,0.0,0.0,0.0,0.0,0.0
repeat_2_fold_1,AHCY,0.0,0.0,0.0,0.0,0.0,0.0,0.0
repeat_2_fold_1,AHCYL1,0.0,0.0,0.0,0.0,0.0,0.0,0.0
repeat_2_fold_1,AHCYL2,0.0,0.0,0.0,0.0,0.0,0.0,0.0
repeat_2_fold_1,AHI1,0.0,0.0,0.0,0.0,0.0,0.0,0.0
repeat_2_fold_1,AHR,0.0,0.0,0.0,0.0,0.0,0.0,0.0
repeat_2_fold_1,AHSG,0.0,0.0,0.0,0.0,0.0,0.0,0.0
repeat_2_fold_1,AICDA,0.0,0.0,0.0,0.0,0.0,0.0,0.0
repeat_2_fold_1,AIM2,0.0,0.0,0.0,0.0,0.0,0.0,0.0
repeat_2_fold_1,AIMP1,0.0,0.0,0.0,0.0,0.0,0.0,0.0
repeat_2_fold_1,AIMP2,0.0,0.0,0.0,0.0,0.0,0.0,0.0
repeat_2_fold_1,AK1,0.0,0.0,0.0,0.0,0.0,0.0,0.0
repeat_2_fold_1,AK2,0.0,0.0,0.0,0.0,0.0,0.0,0.0
repeat_2_fold_1,AK4,0.0,0.0,0.0,0.0,0.0,0.0,0.0
repeat_2_fold_1,AK6,0.0,0.0,0.0,0.0,0.0,0.0,0.0
repeat_2_fold_1,AKAP1,0.0,0.0,0.0,0.0,0.0,0.0,0.0
repeat_2_fold_1,AKAP10,0.0,0.0,0.0,0.0,0.0,0.0,0.5
repeat_2_fold_1,AKAP12,0.0,0.0,0.0,0.0,0.0,0.0,0.0
repeat_2_fold_1,AKAP13,0.0,0.0,0.0,0.0,0.0,0.0,0.0
repeat_2_fold_1,AKAP9,0.0,0.0,0.0,0.0,0.0,0.0,0.0
repeat_2_fold_1,AKR1A1,0.04318041161533692,0.08636082323067384,0.04318041161533692,0.0,0.25,-0.0014022435897435848,0.5
repeat_2_fold_1,AKR1B1,0.0,0.0,0.0,0.0,0.0,0.0,0.0
repeat_2_fold_1,AKR1B10,0.0,0.0,0.0,0.0,0.0,0.0,0.0
repeat_2_fold_1,AKR1C1,0.0,0.0,0.0,0.0,0.0,0.0,0.0
repeat_2_fold_1,AKR1C2,0.0,0.0,0.0,0.0,0.0,0.00022123893805309214,0.5
repeat_2_fold_1,AKR1C3,0.0,0.0,0.0,0.0,0.0,0.0,0.0
repeat_2_fold_1,AKR1C4,0.0,0.0,0.0,0.0,0.0,0.0,0.0
repeat_2_fold_1,AKR1D1,0.0,0.0,0.0,0.0,0.0,0.0,0.0
repeat_2_fold_1,AKR7A2,0.05970805486310482,0.06894492309600501,0.03447246154800251,0.025235593315102313,0.5,0.0006009615384615363,0.5
repeat_2_fold_1,AKR7A3,0.0,0.0,0.0,0.0,0.0,0.0,0.0
repeat_2_fold_1,AKT1,0.0,0.0,0.0,0.0,0.0,0.0,0.0
repeat_2_fold_1,AKT2,0.0,0.0,0.0,0.0,0.0,0.0,0.0
repeat_2_fold_1,AKT3,0.0,0.0,0.0,0.0,0.0,0.0,0.0
repeat_2_fold_1,ALAD,0.0,0.0,0.0,0.0,0.0,0.0,0.0
repeat_2_fold_1,ALAS1,0.0,0.0,0.0,0.0,0.0,0.0,0.0
repeat_2_fold_1,ALAS2,0.0,0.0,0.0,0.0,0.0,0.0,0.0
repeat_2_fold_1,ALB,0.0,0.0,0.0,0.0,0.0,0.0,0.0
repeat_2_fold_1,ALCAM,0.0,0.0,0.0,0.0,0.0,0.0,0.0
repeat_2_fold_1,ALDH18A1,0.0,0.0,0.0,0.0,0.0,0.0,0.0
repeat_2_fold_1,ALDH1A1,0.0,0.0,0.0,0.0,0.0,0.0,0.0
repeat_2_fold_1,ALDH1A2,0.0,0.0,0.0,0.0,0.0,0.0,0.0
repeat_2_fold_1,ALDH1B1,0.0,0.0,0.0,0.0,0.0,0.0,0.0
repeat_2_fold_1,ALDH1L1,0.0,0.0,0.0,0.0,0.0,0.0,0.0
repeat_2_fold_1,ALDH2,0.0,0.0,0.0,0.0,0.0,0.0,0.0
repeat_2_fold_1,ALDH3A1,0.0,0.0,0.0,0.0,0.0,0.0,0.0
repeat_2_fold_1,ALDH3A2,0.0,0.0,0.0,0.0,0.0,0.0,0.0
repeat_2_fold_1,ALDH3B1,0.0,0.0,0.0,0.0,0.0,0.0,0.0
repeat_2_fold_1,ALDH3B2,0.0,0.0,0.0,0.0,0.0,0.0,0.0
repeat_2_fold_1,ALDH4A1,0.0,0.0,0.0,0.0,0.0,0.0,0.0
repeat_2_fold_1,ALDH5A1,0.0,0.0,0.0,0.0,0.0,0.0,0.0
repeat_2_fold_1,ALDH6A1,0.0,0.0,0.0,0.0,0.0,0.0,0.0
repeat_2_fold_1,ALDH7A1,0.0,0.0,0.0,0.0,0.0,0.0,0.0
repeat_2_fold_1,ALDH8A1,0.0,0.0,0.0,0.0,0.0,0.0,0.0
repeat_2_fold_1,ALDOA,0.0,0.0,0.0,0.0,0.0,0.0,0.0
repeat_2_fold_1,ALDOB,0.0,0.0,0.0,0.0,0.0,0.0,0.0
repeat_2_fold_1,ALDOC,0.0,0.0,0.0,0.0,0.0,0.0,0.0
repeat_2_fold_1,ALG12,0.0,0.0,0.0,0.0,0.0,0.0,0.0
repeat_2_fold_1,ALG13,0.0,0.0,0.0,0.0,0.0,0.0,0.0
repeat_2_fold_1,ALG5,0.0,0.0,0.0,0.0,0.0,0.0,0.0
repeat_2_fold_1,ALG6,0.0,0.0,0.0,0.0,0.0,0.0,0.0
repeat_2_fold_1,ALG8,0.0,0.0,0.0,0.0,0.0,0.0,0.0
repeat_2_fold_1,ALG9,0.0,0.0,0.0,0.0,0.0,0.0,0.0
repeat_2_fold_1,ALK,0.0,0.0,0.0,0.0,0.0,0.0,0.0
repeat_2_fold_1,ALMS1,0.0,0.0,0.0,0.0,0.0,0.0,0.0
repeat_2_fold_1,ALOX12,0.0,0.0,0.0,0.0,0.0,0.0,0.0
repeat_2_fold_1,ALOX12B,0.0,0.0,0.0,0.0,0.0,0.0,0.0
repeat_2_fold_1,ALOX15,0.0,0.0,0.0,0.0,0.0,0.0,0.0
repeat_2_fold_1,ALOX15B,0.0,0.0,0.0,0.0,0.0,0.0,0.0
repeat_2_fold_1,ALOX5,0.0,0.0,0.0,0.0,0.0,0.0,0.0
repeat_2_fold_1,ALOX5AP,0.0,0.0,0.0,0.0,0.0,0.0,0.0
repeat_2_fold_1,ALOXE3,0.0,0.0,0.0,0.0,0.0,0.0,0.0
repeat_2_fold_1,ALPG,0.0,0.0,0.0,0.0,0.0,0.0,0.0
repeat_2_fold_1,ALPI,0.0,0.0,0.0,0.0,0.0,0.0,0.0
repeat_2_fold_1,ALPK1,0.0,0.0,0.0,0.0,0.0,0.0,0.0
repeat_2_fold_1,ALPP,0.0,0.0,0.0,0.0,0.0,0.0,0.0
repeat_2_fold_1,ALS2CL,0.0,0.0,0.0,0.0,0.0,0.0,0.0
repeat_2_fold_1,ALX3,0.0,0.0,0.0,0.0,0.0,0.0,0.0
repeat_2_fold_1,AMACR,0.0,0.0,0.0,0.0,0.0,0.0,0.0
repeat_2_fold_1,AMBN,0.0,0.0,0.0,0.0,0.0,0.0,0.0
repeat_2_fold_1,AMBP,0.027593353504002494,0.031862060146760685,0.015931030073380342,0.011662323430622151,0.5,-0.00022123893805309214,0.5
repeat_2_fold_1,AMBRA1,0.0,0.0,0.0,0.0,0.0,0.0,0.0
repeat_2_fold_1,AMD1,0.0,0.0,0.0,0.0,0.0,0.0,0.0
repeat_2_fold_1,AMDHD2,0.0,0.0,0.0,0.0,0.0,0.0,0.0
repeat_2_fold_1,AMELX,0.0,0.0,0.0,0.0,0.0,0.0,0.0
repeat_2_fold_1,AMFR,0.0,0.0,0.0,0.0,0.0,0.0,0.0
repeat_2_fold_1,AMH,0.0,0.0,0.0,0.0,0.0,0.0,0.0
repeat_2_fold_1,AMHR2,0.0,0.0,0.0,0.0,0.0,0.0,0.0
repeat_2_fold_1,AMIGO2,0.0,0.0,0.0,0.0,0.0,0.0,0.0
repeat_2_fold_1,AMN,0.0,0.0,0.0,0.0,0.0,0.0,0.0
repeat_2_fold_1,AMOT,0.0,0.0,0.0,0.0,0.0,0.0,0.0
repeat_2_fold_1,AMOTL2,0.0,0.0,0.0,0.0,0.0,0.0,0.0
repeat_2_fold_1,AMPD1,0.0,0.0,0.0,0.0,0.0,0.0,0.0
repeat_2_fold_1,AMPD2,0.0,0.0,0.0,0.0,0.0,0.0,0.0
repeat_2_fold_1,AMPD3,0.0,0.0,0.0,0.0,0.0,0.0,0.0
repeat_2_fold_1,AMPH,0.0,0.0,0.0,0.0,0.0,0.0,0.0
repeat_2_fold_1,AMT,0.0,0.0,0.0,0.0,0.0,0.0,0.0
repeat_2_fold_1,AMY1A,0.0,0.0,0.0,0.0,0.0,0.0,0.0
repeat_2_fold_1,ANAPC1,0.0,0.0,0.0,0.0,0.0,0.0,0.0
repeat_2_fold_1,ANAPC10,0.0,0.0,0.0,0.0,0.0,0.0,0.0
repeat_2_fold_1,ANAPC13,0.0,0.0,0.0,0.0,0.0,0.0,0.0
repeat_2_fold_1,ANAPC15,0.0,0.0,0.0,0.0,0.0,0.0,0.0
repeat_2_fold_1,ANAPC2,0.0,0.0,0.0,0.0,0.0,0.0,0.0
repeat_2_fold_1,ANAPC5,0.0,0.0,0.0,0.0,0.0,0.0,0.0
repeat_2_fold_1,ANG,0.0,0.0,0.0,0.0,0.0,0.0,0.0
repeat_2_fold_1,ANGPT1,0.0,0.0,0.0,0.0,0.0,0.0,0.0
repeat_2_fold_1,ANGPT2,0.0,0.0,0.0,0.0,0.0,0.0,0.0
repeat_2_fold_1,ANGPT4,0.0,0.0,0.0,0.0,0.0,0.0,0.0
repeat_2_fold_1,ANGPTL3,0.0,0.0,0.0,0.0,0.0,0.0,0.0
repeat_2_fold_1,ANGPTL4,0.0,0.0,0.0,0.0,0.0,0.0,0.0
repeat_2_fold_1,ANGPTL8,0.0,0.0,0.0,0.0,0.0,0.0,0.0
repeat_2_fold_1,ANK1,0.0,0.0,0.0,0.0,0.0,0.0,0.0
repeat_2_fold_1,ANK2,0.0,0.0,0.0,0.0,0.0,0.0,0.0
repeat_2_fold_1,ANK3,0.0,0.0,0.0,0.0,0.0,0.0,0.0
repeat_2_fold_1,ANKFY1,0.0,0.0,0.0,0.0,0.0,0.0,0.5
repeat_2_fold_1,ANKH,0.0,0.0,0.0,0.0,0.0,0.0,0.0
repeat_2_fold_1,ANKLE2,0.0,0.0,0.0,0.0,0.0,0.0,0.0
repeat_2_fold_1,ANKRD1,0.0,0.0,0.0,0.0,0.0,0.0,0.0
repeat_2_fold_1,ANKRD26,0.0,0.0,0.0,0.0,0.0,0.0,0.0
repeat_2_fold_1,ANKRD27,-0.01834161691695435,0.0829567006585024,0.0414783503292512,-0.05981996724620555,0.25,-0.0017699115044247649,0.5
repeat_2_fold_1,ANKRD28,0.0,0.0,0.0,0.0,0.0,0.0,0.0
repeat_2_fold_1,ANKZF1,0.0,0.0,0.0,0.0,0.0,0.0,0.0
repeat_2_fold_1,ANO1,0.0,0.0,0.0,0.0,0.0,0.0,0.0
repeat_2_fold_1,ANO10,0.0,0.0,0.0,0.0,0.0,0.0,0.0
repeat_2_fold_1,ANO2,0.0,0.0,0.0,0.0,0.0,0.0,0.0
repeat_2_fold_1,ANO3,0.0,0.0,0.0,0.0,0.0,0.0,0.0
repeat_2_fold_1,ANOS1,0.0,0.0,0.0,0.0,0.0,0.0,0.0
repeat_2_fold_1,ANPEP,0.0,0.0,0.0,0.0,0.0,0.0,0.0
repeat_2_fold_1,ANTXR1,0.0,0.0,0.0,0.0,0.0,0.0,0.0
repeat_2_fold_1,ANXA1,0.0,0.0,0.0,0.0,0.0,0.0,0.0
repeat_2_fold_1,ANXA2,0.0,0.0,0.0,0.0,0.0,0.0,0.0
repeat_2_fold_1,ANXA3,0.0,0.0,0.0,0.0,0.0,0.0,0.0
repeat_2_fold_1,ANXA5,0.0,0.0,0.0,0.0,0.0,0.0,0.0
repeat_2_fold_1,ANXA6,0.0,0.0,0.0,0.0,0.0,0.0,0.0
repeat_2_fold_1,AOC1,0.0,0.0,0.0,0.0,0.0,0.0,0.0
repeat_2_fold_1,AOC2,0.0,0.0,0.0,0.0,0.0,0.0,0.0
repeat_2_fold_1,AOC3,0.0,0.0,0.0,0.0,0.0,0.0,0.0
repeat_2_fold_1,AP1B1,0.0,0.0,0.0,0.0,0.0,0.0,0.0
repeat_2_fold_1,AP1G1,0.0,0.0,0.0,0.0,0.0,0.0,0.0
repeat_2_fold_1,AP1G2,0.0,0.0,0.0,0.0,0.0,0.0,0.0
repeat_2_fold_1,AP1M2,0.0,0.0,0.0,0.0,0.0,0.0,0.0
repeat_2_fold_1,AP1S1,0.0,0.0,0.0,0.0,0.0,0.0,0.0
repeat_2_fold_1,AP1S2,0.0,0.0,0.0,0.0,0.0,0.0,0.0
repeat_2_fold_1,AP2A2,0.0,0.0,0.0,0.0,0.0,0.0,0.0
repeat_2_fold_1,AP2B1,0.0,0.0,0.0,0.0,0.0,0.0,0.0
repeat_2_fold_1,AP2M1,0.0,0.0,0.0,0.0,0.0,0.0,0.0
repeat_2_fold_1,AP2S1,0.0,0.0,0.0,0.0,0.0,0.0,0.0
repeat_2_fold_1,AP3B1,0.0,0.0,0.0,0.0,0.0,0.0,0.0
repeat_2_fold_1,AP3S1,0.0,0.0,0.0,0.0,0.0,0.0,0.0
repeat_2_fold_1,AP4M1,0.0,0.0,0.0,0.0,0.0,0.0,0.0
repeat_2_fold_1,AP4S1,0.0,0.0,0.0,0.0,0.0,0.0,0.0
repeat_2_fold_1,APBA1,0.0,0.0,0.0,0.0,0.0,0.0,0.0
repeat_2_fold_1,APBA2,0.0,0.0,0.0,0.0,0.0,0.0,0.0
repeat_2_fold_1,APBA3,0.0,0.0,0.0,0.0,0.0,0.0,0.0
repeat_2_fold_1,APBB1,0.0,0.0,0.0,0.0,0.0,0.0,0.5
repeat_2_fold_1,APBB1IP,0.0,0.0,0.0,0.0,0.0,0.0,0.0
repeat_2_fold_1,APC,0.0,0.0,0.0,0.0,0.0,0.0,0.0
repeat_2_fold_1,APCS,0.0,0.0,0.0,0.0,0.0,0.0,0.0
repeat_2_fold_1,APEH,0.0,0.0,0.0,0.0,0.0,0.0,0.0
repeat_2_fold_1,APEX1,0.0,0.0,0.0,0.0,0.0,0.0,0.0
repeat_2_fold_1,APH1A,0.0,0.0,0.0,0.0,0.0,0.0,0.0
repeat_2_fold_1,APIP,0.0,0.0,0.0,0.0,0.0,0.0,0.0
repeat_2_fold_1,APLNR,0.0,0.0,0.0,0.0,0.0,0.0,0.0
repeat_2_fold_1,APLP2,0.0,0.0,0.0,0.0,0.0,0.0,0.0
repeat_2_fold_1,APOA1,0.0,0.0,0.0,0.0,0.0,0.0,0.0
repeat_2_fold_1,APOA2,0.0,0.0,0.0,0.0,0.0,0.0,0.0
repeat_2_fold_1,ARF3,0.0,0.0,0.0,0.0,0.0,-0.0004006410256410242,0.5
repeat_2_fold_1,ARHGAP1,0.0,0.0,0.0,0.0,0.0,0.0,0.0
repeat_2_fold_1,ARHGAP19,0.0,0.0,0.0,0.0,0.0,0.0,0.0
repeat_2_fold_1,ARHGAP28,-0.2517324091819866,0.9535685058606697,0.47678425293033483,-0.7285166621123214,0.25,0.0005382062627637962,1.0
repeat_2_fold_1,ARHGEF38,0.0,0.0,0.0,0.0,0.0,0.0,0.0
repeat_2_fold_1,ARHGEF6,0.0,0.0,0.0,0.0,0.0,0.0,0.0
repeat_2_fold_1,ARPC4,0.0,0.0,0.0,0.0,0.0,0.0,0.0
repeat_2_fold_1,ASB1,0.0,0.0,0.0,0.0,0.0,0.0,0.0
repeat_2_fold_1,ASPH,0.0,0.0,0.0,0.0,0.0,0.0,0.0
repeat_2_fold_1,ASRGL1,0.0,0.0,0.0,0.0,0.0,0.0,0.0
repeat_2_fold_1,ATF1,-0.053677277028779,0.08599809981681836,0.04299904990840918,-0.09667632693718818,0.0,0.0,0.5
repeat_2_fold_1,ATF6,0.0,0.0,0.0,0.0,0.0,0.0,0.0
repeat_2_fold_1,ATP5F1E,0.0,0.0,0.0,0.0,0.0,0.0,0.0
repeat_2_fold_1,ATP5MC3,0.0,0.0,0.0,0.0,0.0,0.0,0.0
repeat_2_fold_1,ATP5PO,0.0,0.0,0.0,0.0,0.0,0.0,0.0
repeat_2_fold_1,ATP6V0D1,0.0,0.0,0.0,0.0,0.0,0.0,0.0
repeat_2_fold_1,ATP6V0E2,0.0,0.0,0.0,0.0,0.0,0.0,0.0
repeat_2_fold_1,ATP8B2,0.0,0.0,0.0,0.0,0.0,0.0006637168141593042,0.5
repeat_2_fold_1,B4GALT3,0.013326384183788065,0.02665276836757613,0.013326384183788065,0.0,0.25,0.0,0.5
repeat_2_fold_1,BACE1,-0.08484056496079972,0.0979654460366353,0.04898272301831765,-0.13382328797911738,0.0,0.0,0.5
repeat_2_fold_1,BANF1,-0.05766326553368195,0.06901490076405939,0.034507450382029695,-0.09217071591571165,0.0,-0.0004006410256410242,0.5
repeat_2_fold_1,BATF,0.0,0.0,0.0,0.0,0.0,0.0,0.0
repeat_2_fold_1,BBS1,-0.46031203795364384,0.8624224817642794,0.4312112408821397,-0.8915232788357835,0.0,-0.0012019230769230727,0.5
repeat_2_fold_1,BIRC5,0.0,0.0,0.0,0.0,0.0,0.0,0.0
repeat_2_fold_1,BLTP3B,0.0,0.0,0.0,0.0,0.0,0.0,0.0
repeat_2_fold_1,BMP15,0.0,0.0,0.0,0.0,0.0,0.0,0.0
repeat_2_fold_1,BMP2,0.0,0.0,0.0,0.0,0.0,0.0,0.0
repeat_2_fold_1,BOLA2,0.0,0.0,0.0,0.0,0.0,0.0,0.0
repeat_2_fold_1,BRF1,0.0,0.0,0.0,0.0,0.0,0.0,0.0
repeat_2_fold_1,BTF3,-0.09018415863932816,0.10413569653411206,0.05206784826705603,-0.14225200690638418,0.0,0.0006637168141593042,0.5
repeat_2_fold_1,C2CD3,-0.007711895592404261,0.008904929992473777,0.004452464996236889,-0.012164360588641149,0.0,0.0010016025641025605,0.5
repeat_2_fold_1,C9orf78,-0.03129540256766283,0.10273054336601994,0.05136527168300997,-0.0826606742506728,0.25,-0.0009597657136373727,1.0
repeat_2_fold_1,CA14,0.014702196460817163,0.15409206144361784,0.07704603072180892,-0.06234383426099176,0.25,-0.002191470955298369,1.0
repeat_2_fold_1,CA9,0.0,0.0,0.0,0.0,0.0,0.0,0.0
repeat_2_fold_1,CAB39,0.0,0.0,0.0,0.0,0.0,0.0,0.0
repeat_2_fold_1,CABP1,0.0,0.0,0.0,0.0,0.0,-0.00022123893805309214,0.5
repeat_2_fold_1,CACNA1G,-0.27276613164196206,0.3213256721672415,0.16066283608362075,-0.4334289677255828,0.0,0.0011061946902655162,0.5
repeat_2_fold_1,CACNA1H,0.0,0.0,0.0,0.0,0.0,0.0,0.0
repeat_2_fold_1,CAMK2A,-0.09118989940156297,0.11282576663930424,0.05641288331965212,-0.14760278272121508,0.0,0.003097345132743373,0.5
repeat_2_fold_1,CAMKMT,0.0,0.0,0.0,0.0,0.0,0.0,0.0
repeat_2_fold_1,CASP7,0.0,0.0,0.0,0.0,0.0,0.0,0.0
repeat_2_fold_1,CASP9,0.0,0.0,0.0,0.0,0.0,0.0,0.0
repeat_2_fold_1,CBX6,0.0,0.0,0.0,0.0,0.0,0.0,0.0
repeat_2_fold_1,CBX8,0.0,0.0,0.0,0.0,0.0,0.0,0.0
repeat_2_fold_1,CCL2,0.027593353504002494,0.031862060146760685,0.015931030073380342,0.011662323430622151,0.5,0.0005800431132289563,1.0
repeat_2_fold_1,CCL22,-0.14180103856027237,0.21261966362677923,0.10630983181338961,-0.24811087037366197,0.0,-0.0013274336283185528,0.5
repeat_2_fold_1,CCL25,0.0,0.0,0.0,0.0,0.0,0.0,0.0
repeat_2_fold_1,CCT4,0.0,0.0,0.0,0.0,0.0,0.0,0.0
repeat_2_fold_1,CCT5,-0.03129540256766283,0.06259080513532565,0.031295402567662826,-0.06259080513532567,0.0,0.0004424778761061843,0.5
repeat_2_fold_1,CCT6A,0.0,0.0,0.0,0.0,0.0,0.0,0.0
repeat_2_fold_1,CD1C,-0.017498725815661587,0.07635702665691356,0.03817851332845678,-0.055677239144118366,0.25,0.0006637168141593042,0.5
repeat_2_fold_1,CD22,-0.09018415863932816,0.10413569653411206,0.05206784826705603,-0.14225200690638418,0.0,-0.00022123893805309214,0.5
repeat_2_fold_1,CD9,0.0,0.0,0.0,0.0,0.0,0.0,0.0
repeat_2_fold_1,CDC25C,-0.04741456642112318,0.06492305076081022,0.03246152538040511,-0.0798760918015283,0.0,-0.0002003205128205121,0.5
repeat_2_fold_1,CDC42BPB,-0.0927119828584928,0.13521734211137032,0.06760867105568516,-0.16032065391417796,0.0,0.00035880417517586416,1.0
repeat_2_fold_1,CDH15,0.0,0.0,0.0,0.0,0.0,0.0,0.0
repeat_2_fold_1,CDK5R2,-0.5509865469298845,0.8237880294355477,0.41189401471777387,-0.9628805616476583,0.0,-0.004691045495802099,1.0
repeat_2_fold_1,CDKN1B,0.0,0.0,0.0,0.0,0.0,0.0,0.0
repeat_2_fold_1,CDX2,-0.024576601225909656,0.04915320245181931,0.024576601225909656,-0.04915320245181931,0.0,0.0015486725663717005,0.5
repeat_2_fold_1,CENPE,-0.8068172724624887,0.9316326383751342,0.4658163191875671,-1.2726335916500557,0.0,0.0006009615384615363,0.5
repeat_2_fold_1,CENPO,0.0,0.0,0.0,0.0,0.0,0.0,0.0
repeat_2_fold_1,CEP250,0.0,0.0,0.0,0.0,0.0,0.0,0.0
repeat_2_fold_1,CEP290,0.0,0.0,0.0,0.0,0.0,0.00022123893805309214,0.5
repeat_2_fold_1,CEP57,0.0,0.0,0.0,0.0,0.0,0.0,0.0
repeat_2_fold_1,CETN2,0.0,0.0,0.0,0.0,0.0,0.0,0.0
repeat_2_fold_1,CFP,-0.06548278301555044,0.16976190876351727,0.08488095438175863,-0.15036373739730907,0.25,0.0006637168141593042,0.5
repeat_2_fold_1,CHAC1,-0.05545533905761779,0.06763115318473766,0.03381557659236883,-0.08927091564998663,0.0,-0.0014022435897435848,0.5
repeat_2_fold_1,CHD1,-0.008585197709114922,0.13361879343608082,0.06680939671804041,-0.07539459442715533,0.25,2.7755575615628914e-17,0.5
repeat_2_fold_1,CHGA,0.0,0.0,0.0,0.0,0.0,0.0,0.0
repeat_2_fold_1,CHL1,0.0,0.0,0.0,0.0,0.0,0.0,0.0
repeat_2_fold_1,CHPT1,-1.9601553850872637,2.3723714078138887,1.1861857039069443,-3.146341088994208,0.0,-0.0006009615384615363,0.5
repeat_2_fold_1,CHST15,0.0,0.0,0.0,0.0,0.0,0.0,0.0
repeat_2_fold_1,CIAO3,0.0,0.0,0.0,0.0,0.0,0.0,0.0
repeat_2_fold_1,CLCN2,0.0,0.0,0.0,0.0,0.0,0.0,0.0
repeat_2_fold_1,CLU,0.0,0.0,0.0,0.0,0.0,-0.0010016025641025605,0.5
repeat_2_fold_1,CMTM6,0.0,0.0,0.0,0.0,0.0,0.0,0.0
repeat_2_fold_1,CNKSR2,0.0,0.0,0.0,0.0,0.0,0.0,0.0
repeat_2_fold_1,COG5,0.0,0.0,0.0,0.0,0.0,0.0,0.0
repeat_2_fold_1,COL4A4,0.0,0.0,0.0,0.0,0.0,0.0,0.0
repeat_2_fold_1,COL6A2,0.0,0.0,0.0,0.0,0.0,0.0,0.0
repeat_2_fold_1,COL9A2,0.0,0.0,0.0,0.0,0.0,0.0,0.0
repeat_2_fold_1,COMMD3,0.0,0.0,0.0,0.0,0.0,0.0,0.0
repeat_2_fold_1,COQ10B,0.0,0.0,0.0,0.0,0.0,0.0,0.0
repeat_2_fold_1,CORT,0.0,0.0,0.0,0.0,0.0,0.0,0.0
repeat_2_fold_1,COX16,0.0,0.0,0.0,0.0,0.0,0.0,0.0
repeat_2_fold_1,CPA3,0.0,0.0,0.0,0.0,0.0,0.0,0.0
repeat_2_fold_1,CPSF4,0.0,0.0,0.0,0.0,0.0,0.0,0.0
repeat_2_fold_1,CREB3,0.00450478414285449,0.00900956828570898,0.00450478414285449,0.0,0.25,0.0008012820512820484,0.5
repeat_2_fold_1,CREG1,0.0,0.0,0.0,0.0,0.0,0.0,0.0
repeat_2_fold_1,CRLF1,0.0,0.0,0.0,0.0,0.0,0.0,0.0
repeat_2_fold_1,CRY2,0.0,0.0,0.0,0.0,0.0,0.0,0.0
repeat_2_fold_1,CRYBA4,0.0,0.0,0.0,0.0,0.0,0.0,0.0
repeat_2_fold_1,CSF1R,0.0,0.0,0.0,0.0,0.0,0.0,0.0
repeat_2_fold_1,CSNK2A1,0.0,0.0,0.0,0.0,0.0,0.0,0.0
repeat_2_fold_1,CSPG4,-0.044763748922242996,0.051688724980387624,0.025844362490193812,-0.07060811141243681,0.0,0.0002003205128205121,1.0
repeat_2_fold_1,CSPG5,0.0,0.0,0.0,0.0,0.0,0.0,0.0
repeat_2_fold_1,CSTF2,0.0,0.0,0.0,0.0,0.0,0.0,0.0
repeat_2_fold_1,CTLA4,0.0,0.0,0.0,0.0,0.0,0.0,0.0
repeat_2_fold_1,CTSE,0.0,0.0,0.0,0.0,0.0,0.0,0.0
repeat_2_fold_1,CTSF,0.0,0.0,0.0,0.0,0.0,0.0,0.0
repeat_2_fold_1,CUL1,-0.022035560004811217,0.12904476436726475,0.06452238218363238,-0.08655794218844359,0.5,-0.0016025641025640969,1.0
repeat_2_fold_1,CXCL6,0.0,0.0,0.0,0.0,0.0,0.0,0.0
repeat_2_fold_1,CXCR2,0.16521876747718878,0.29085466177476427,0.14542733088738213,0.019791436589806644,0.5,-0.0011061946902654607,0.5
repeat_2_fold_1,CYB5A,0.0,0.0,0.0,0.0,0.0,0.0,0.0
repeat_2_fold_1,CYB5R1,0.0,0.0,0.0,0.0,0.0,0.0,0.0
repeat_2_fold_1,CYLD,-0.015767514112823733,0.07162471857054131,0.035812359285270656,-0.05157987339809439,0.25,-0.0010016025641025605,0.5
repeat_2_fold_1,CYP11B1,0.0,0.0,0.0,0.0,0.0,0.0,0.0
repeat_2_fold_1,CYP21A2,-0.7202886363438168,0.780452398134286,0.390226199067143,-1.1105148354109597,0.25,0.004119866122078514,1.0
repeat_2_fold_1,CYP3A5,0.0,0.0,0.0,0.0,0.0,0.0,0.0
repeat_2_fold_1,CYP46A1,0.0,0.0,0.0,0.0,0.0,0.0,0.0
repeat_2_fold_1,DCAF6,0.0,0.0,0.0,0.0,0.0,0.0,0.0
repeat_2_fold_1,DCTN6,0.0,0.0,0.0,0.0,0.0,0.0,0.0
repeat_2_fold_1,DCTPP1,0.0,0.0,0.0,0.0,0.0,0.0,0.0
repeat_2_fold_1,DCXR,0.0,0.0,0.0,0.0,0.0,0.0,0.0
repeat_2_fold_1,DDR1,-0.19983535122296914,0.23074998764436927,0.11537499382218463,-0.3152103450451538,0.0,-0.0014022435897435848,0.5
repeat_2_fold_1,DDX49,0.0,0.0,0.0,0.0,0.0,0.0,0.0
repeat_2_fold_1,DET1,-0.1558856606423209,0.6577507838773587,0.3288753919386794,-0.4847610525810003,0.25,0.001802884615384609,0.5
repeat_2_fold_1,DGKI,0.013796676752001247,0.027593353504002494,0.013796676752001247,0.0,0.25,0.0,0.5
repeat_2_fold_1,DHRS9,0.0,0.0,0.0,0.0,0.0,0.0,0.0
repeat_2_fold_1,DHX58,0.058746793900869676,0.04297614075677389,0.021488070378386945,0.03725872352248273,0.75,-0.0006427983889266964,1.0
repeat_2_fold_1,DKC1,0.0,0.0,0.0,0.0,0.0,0.00044247787610621203,0.5
repeat_2_fold_1,DLK1,0.0,0.0,0.0,0.0,0.0,0.0,0.0
repeat_2_fold_1,DMPK,0.0,0.0,0.0,0.0,0.0,0.0,0.0
repeat_2_fold_1,DMRT1,0.05805273970227809,0.048863620430369396,0.024431810215184698,0.03362092948709339,1.0,0.0005800431132289563,1.0
repeat_2_fold_1,DNAJA2,0.0,0.0,0.0,0.0,0.0,0.0,0.0
repeat_2_fold_1,DNAJB9,0.0,0.0,0.0,0.0,0.0,0.0,0.0
repeat_2_fold_1,DNAJC7,0.0,0.0,0.0,0.0,0.0,0.00044247787610621203,0.5
repeat_2_fold_1,DNAJC8,0.05970805486310482,0.06894492309600501,0.03447246154800251,0.025235593315102313,0.5,-0.0012019230769230727,0.5
repeat_2_fold_1,DNASE1L1,0.0,0.0,0.0,0.0,0.0,0.0,0.0
repeat_2_fold_1,DNMT3B,0.0,0.0,0.0,0.0,0.0,0.0,0.0
repeat_2_fold_1,DOCK9,0.0,0.0,0.0,0.0,0.0,0.0,0.0
repeat_2_fold_1,DOLK,0.0,0.0,0.0,0.0,0.0,0.0,0.0
repeat_2_fold_1,DPF1,-0.5043188512091277,0.8180539896179541,0.40902699480897703,-0.9133458460181048,0.0,4.183685046516006e-05,1.0
repeat_2_fold_1,DPF3,0.0,0.0,0.0,0.0,0.0,0.0,0.0
repeat_2_fold_1,DPM3,0.0,0.0,0.0,0.0,0.0,0.0,0.0
repeat_2_fold_1,DPYS,0.0,0.0,0.0,0.0,0.0,0.0,0.0
repeat_2_fold_1,DRD1,0.0,0.0,0.0,0.0,0.0,0.0,0.0
repeat_2_fold_1,DSCAM,0.0,0.0,0.0,0.0,0.0,0.0,0.5
repeat_2_fold_1,DUOX1,0.0,0.0,0.0,0.0,0.0,0.0,0.0
repeat_2_fold_1,DUOX2,-0.5072699285988183,0.9728600331962786,0.4864300165981393,-0.9936999451969575,0.5,-0.0004424778761061843,1.0
repeat_2_fold_1,EBAG9,0.0,0.0,0.0,0.0,0.0,0.0,0.0
repeat_2_fold_1,EEF1D,-0.8503003634611837,0.9842829327882335,0.49214146639411677,-1.3424418298553005,0.0,0.0006009615384615363,0.5
repeat_2_fold_1,EFNA1,-0.06878172324140408,0.07942229285750198,0.03971114642875099,-0.10849286967015506,0.0,-0.0008012820512820484,0.5
repeat_2_fold_1,EFNB3,0.0,0.0,0.0,0.0,0.0,0.0,0.0
repeat_2_fold_1,EHMT2,0.03376778920894452,0.1313527936731241,0.06567639683656205,-0.03190860762761753,0.25,-0.0008012820512820484,0.5
repeat_2_fold_1,EIF2AK2,0.0,0.0,0.0,0.0,0.0,0.0,0.0
repeat_2_fold_1,EIF2AK3,0.0,0.0,0.0,0.0,0.0,0.0,0.0
repeat_2_fold_1,EIF3A,0.0,0.0,0.0,0.0,0.0,0.0,0.0
repeat_2_fold_1,EIF3F,0.0,0.0,0.0,0.0,0.0,0.0,0.0
repeat_2_fold_1,EIF3I,-0.03439086162070204,0.06878172324140408,0.03439086162070204,-0.06878172324140408,0.0,0.0014022435897435848,0.5
repeat_2_fold_1,EIF3L,-0.6807617767481347,1.1595836648936444,0.5797918324468222,-1.260553609194957,0.25,-0.001865639891082349,1.0
repeat_2_fold_1,EIF4A3,0.0,0.0,0.0,0.0,0.0,0.0,0.0
repeat_2_fold_1,EIF4E2,0.0,0.0,0.0,0.0,0.0,0.0,0.0
repeat_2_fold_1,ELAC2,0.0,0.0,0.0,0.0,0.0,0.0,0.0
repeat_2_fold_1,ELP5,0.0,0.0,0.0,0.0,0.0,0.0,0.0
repeat_2_fold_1,ENGASE,0.0,0.0,0.0,0.0,0.0,0.0,0.0
repeat_2_fold_1,EPB41L1,0.0,0.0,0.0,0.0,0.0,0.0,0.0
repeat_2_fold_1,ERCC6L,0.0,0.0,0.0,0.0,0.0,-0.0004006410256410242,0.5
repeat_2_fold_1,ETS2,-0.29528712425095804,0.36591264188920725,0.18295632094460362,-0.47824344519556167,0.0,0.0016025641025640969,0.5
repeat_2_fold_1,EXTL2,-0.04242028248039986,0.08484056496079974,0.04242028248039987,-0.08484056496079972,0.0,0.0002003205128205121,0.5
repeat_2_fold_1,F11R,0.0,0.0,0.0,0.0,0.0,0.0,0.0
repeat_2_fold_1,F12,0.0,0.0,0.0,0.0,0.0,0.0,0.0
repeat_2_fold_1,F3,-0.8653774741118685,1.0036533751808796,0.5018266875904398,-1.3672041617023083,0.0,-0.0014022435897435848,0.5
repeat_2_fold_1,F8,0.0,0.0,0.0,0.0,0.0,0.0,0.0
repeat_2_fold_1,FANCC,-0.13601470670282545,0.2720294134056509,0.13601470670282545,-0.2720294134056509,0.0,0.0004006410256410242,0.5
repeat_2_fold_1,FANCG,-0.38710971785926596,0.7398972131775083,0.36994860658875417,-0.7570583244480201,0.0,0.0006009615384615363,0.5
repeat_2_fold_1,FAR2,0.027921683901434236,0.08038417478279636,0.04019208739139818,-0.012270403489963944,0.25,0.00044247787610621203,0.5
repeat_2_fold_1,FBXW4,-0.7211835669244699,0.846910395797601,0.4234551978988005,-1.1446387648232705,0.25,-0.00035880417517586416,1.0
repeat_2_fold_1,FCER1A,0.0,0.0,0.0,0.0,0.0,-0.00022123893805309214,0.5
repeat_2_fold_1,FGR,0.0,0.0,0.0,0.0,0.0,0.0,0.0
repeat_2_fold_1,FHL2,0.0,0.0,0.0,0.0,0.0,0.0,0.0
repeat_2_fold_1,FOLH1,0.0,0.0,0.0,0.0,0.0,0.0,0.0
repeat_2_fold_1,FOXO4,0.0,0.0,0.0,0.0,0.0,0.0,0.0
repeat_2_fold_1,FUT9,0.0,0.0,0.0,0.0,0.0,0.0,0.0
repeat_2_fold_1,FXYD6,0.0,0.0,0.0,0.0,0.0,0.0,0.0
repeat_2_fold_1,G3BP1,-0.07566823426806124,0.08737415084753763,0.04368707542376882,-0.11935530969183006,0.0,0.0,0.5
repeat_2_fold_1,GABRA2,0.0,0.0,0.0,0.0,0.0,0.0,0.0
repeat_2_fold_1,GABRG3,0.0,0.0,0.0,0.0,0.0,0.0,0.0
repeat_2_fold_1,GAD2,0.0,0.0,0.0,0.0,0.0,0.0,0.0
repeat_2_fold_1,GALNS,0.0,0.0,0.0,0.0,0.0,0.0,0.0
repeat_2_fold_1,GALNT14,-0.04509207931966408,0.09018415863932816,0.04509207931966408,-0.09018415863932816,0.0,-0.00022123893805309214,0.5
repeat_2_fold_1,GALNT3,0.0,0.0,0.0,0.0,0.0,0.0,0.0
repeat_2_fold_1,GAMT,-0.10650038512230076,0.15722124184597228,0.07861062092298614,-0.1851110060452869,0.25,-0.0007385267755842806,1.0
repeat_2_fold_1,GAS2,-1.7651752752367234,2.0811659552741197,1.0405829776370599,-2.805758252873783,0.0,0.012019230769230782,0.5
repeat_2_fold_1,GATA4,0.0,0.0,0.0,0.0,0.0,0.0,0.0
repeat_2_fold_1,GBA3,0.0,0.0,0.0,0.0,0.0,0.0,0.0
repeat_2_fold_1,GCG,0.0,0.0,0.0,0.0,0.0,0.0,0.0
repeat_2_fold_1,GDNF,0.0,0.0,0.0,0.0,0.0,0.0,0.0
repeat_2_fold_1,GFPT1,0.0,0.0,0.0,0.0,0.0,0.0,0.0
repeat_2_fold_1,GFRA4,0.0,0.0,0.0,0.0,0.0,0.0,0.0
repeat_2_fold_1,GGA2,0.0,0.0,0.0,0.0,0.0,0.0,0.0
repeat_2_fold_1,GGT1,-0.11700526008830003,0.19768393350779148,0.09884196675389574,-0.21584722684219576,0.0,0.0024038461538461453,0.5
repeat_2_fold_1,GHR,0.0,0.0,0.0,0.0,0.0,0.0,0.0
repeat_2_fold_1,GIT2,0.0,0.0,0.0,0.0,0.0,0.0,0.0
repeat_2_fold_1,GJB3,0.0,0.0,0.0,0.0,0.0,0.0,0.0
repeat_2_fold_1,GK2,0.0,0.0,0.0,0.0,0.0,0.0,0.0
repeat_2_fold_1,GLRA1,0.0,0.0,0.0,0.0,0.0,0.0,0.0
repeat_2_fold_1,GLRX5,0.0,0.0,0.0,0.0,0.0,0.0,0.0
repeat_2_fold_1,GNAS,0.0,0.0,0.0,0.0,0.0,0.0,0.0
repeat_2_fold_1,GNB1,0.0,0.0,0.0,0.0,0.0,0.0,0.0
repeat_2_fold_1,GNB2,0.0,0.0,0.0,0.0,0.0,0.0,0.0
repeat_2_fold_1,GNE,0.0,0.0,0.0,0.0,0.0,0.0,0.0
repeat_2_fold_1,GNG11,-0.821617379176999,0.9490491408592862,0.4745245704296431,-1.296141949606642,0.0,0.00046339630133879206,1.0
repeat_2_fold_1,GNLY,0.0052114790428863245,0.11088407756680232,0.05544203878340116,-0.05023055974051484,0.25,0.0013604067392784247,1.0
repeat_2_fold_1,GP2,0.0,0.0,0.0,0.0,0.0,0.0,0.0
repeat_2_fold_1,GPC3,0.0,0.0,0.0,0.0,0.0,0.0,0.0
repeat_2_fold_1,GPS1,0.0,0.0,0.0,0.0,0.0,0.0,0.0
repeat_2_fold_1,GRIA1,0.0,0.0,0.0,0.0,0.0,0.0,0.0
repeat_2_fold_1,GRIK3,0.0,0.0,0.0,0.0,0.0,0.0,0.0
repeat_2_fold_1,GRK4,0.0,0.0,0.0,0.0,0.0,0.0,0.0
repeat_2_fold_1,GRK6,0.0,0.0,0.0,0.0,0.0,0.0,0.0
repeat_2_fold_1,GTF2E1,0.0,0.0,0.0,0.0,0.0,0.0,0.0
repeat_2_fold_1,GTPBP2,0.0,0.0,0.0,0.0,0.0,0.0,0.0
repeat_2_fold_1,H2AC16,0.0,0.0,0.0,0.0,0.0,0.0,0.0
repeat_2_fold_1,H2AC6,0.0,0.0,0.0,0.0,0.0,-0.0002003205128205121,0.5
repeat_2_fold_1,H2AC8,-0.12267468209483035,0.15453982643401146,0.07726991321700573,-0.19994459531183606,0.0,0.0012228415021556527,1.0
repeat_2_fold_1,H2AZ1,0.0,0.0,0.0,0.0,0.0,0.0,0.0
repeat_2_fold_1,H2AZ2,0.0,0.0,0.0,0.0,0.0,0.0,0.0
repeat_2_fold_1,H2BC17,0.0,0.0,0.0,0.0,0.0,0.0,0.0
repeat_2_fold_1,H2BC3,-0.126279116372487,0.17342939260904505,0.08671469630452253,-0.21299381267700954,0.0,0.002687840367597033,1.0
repeat_2_fold_1,H2BC9,-0.18843388807194295,0.35869324692077575,0.17934662346038788,-0.3677805115323308,0.0,0.002003205128205121,0.5
repeat_2_fold_1,H3C1,0.0,0.0,0.0,0.0,0.0,0.0,0.0
repeat_2_fold_1,H3C2,0.0,0.0,0.0,0.0,0.0,-0.0002003205128205121,0.5
repeat_2_fold_1,H4C5,-1.011687097233235,0.9460399864092721,0.47301999320463606,-1.4847070904378712,0.0,-0.0025711935557068133,1.0
repeat_2_fold_1,HAND2,0.0,0.0,0.0,0.0,0.0,0.0,0.0
repeat_2_fold_1,HAUS3,0.0,0.0,0.0,0.0,0.0,0.0,0.0
repeat_2_fold_1,HCAR3,0.0,0.0,0.0,0.0,0.0,0.0,0.0
repeat_2_fold_1,HDAC1,0.0,0.0,0.0,0.0,0.0,0.0,0.0
repeat_2_fold_1,HDAC6,0.0,0.0,0.0,0.0,0.0,0.0,0.0
repeat_2_fold_1,HIF1A,-0.6459091024085364,0.9956797886850743,0.49783989434253717,-1.1437489967510737,0.0,0.00035880417517586416,1.0
repeat_2_fold_1,HIF1AN,-0.9124537200700473,1.0536108018110346,0.5268054009055173,-1.4392591209755645,0.0,-0.0014022435897435848,0.5
repeat_2_fold_1,HILPDA,0.0,0.0,0.0,0.0,0.0,0.0,0.0
repeat_2_fold_1,HIP1,0.0,0.0,0.0,0.0,0.0,0.0,0.0
repeat_2_fold_1,HK2,0.0,0.0,0.0,0.0,0.0,0.0,0.0
repeat_2_fold_1,HLA-DQB2,0.022710204858540806,0.04542040971708161,0.022710204858540806,0.0,0.25,-0.0008849557522123686,0.5
repeat_2_fold_1,HLA-DRB4,0.0,0.0,0.0,0.0,0.0,0.0,0.0
repeat_2_fold_1,HMGCL,0.0,0.0,0.0,0.0,0.0,0.0,0.0
repeat_2_fold_1,HNRNPDL,-0.1471723035954522,0.17079791412356607,0.08539895706178303,-0.2325712606572352,0.0,-0.00022123893805309214,0.5
repeat_2_fold_1,HNRNPK,0.0,0.0,0.0,0.0,0.0,0.0,0.0
repeat_2_fold_1,HOXB3,0.13497675988090485,0.1497567463788853,0.07487837318944265,0.0600983866914622,0.75,-0.0009806841388699805,1.0
repeat_2_fold_1,HS6ST1,0.0,0.0,0.0,0.0,0.0,0.0,0.0
repeat_2_fold_1,HSP90AA1,0.0,0.0,0.0,0.0,0.0,0.0,0.0
repeat_2_fold_1,HSPA1L,0.0,0.0,0.0,0.0,0.0,0.0,0.0
repeat_2_fold_1,HSPA4,0.0,0.0,0.0,0.0,0.0,0.0,0.0
repeat_2_fold_1,HSPA9,0.0,0.0,0.0,0.0,0.0,0.0,0.0
repeat_2_fold_1,HSPD1,0.0,0.0,0.0,0.0,0.0,0.0,0.0
repeat_2_fold_1,HSPE1,0.0,0.0,0.0,0.0,0.0,0.0,0.0
repeat_2_fold_1,HTR3B,0.0,0.0,0.0,0.0,0.0,0.0,0.0
repeat_2_fold_1,HYAL1,0.0,0.0,0.0,0.0,0.0,0.0,0.0
repeat_2_fold_1,IAPP,0.0,0.0,0.0,0.0,0.0,0.0,0.0
repeat_2_fold_1,ICAM4,-0.05009512621512435,0.20919247592253226,0.10459623796126613,-0.15469136417639048,0.25,0.0,0.5
repeat_2_fold_1,ICAM5,-0.4165062955392447,0.8330125910784894,0.4165062955392447,-0.8330125910784894,0.0,-0.0002003205128205121,0.5
repeat_2_fold_1,ID1,0.0,0.0,0.0,0.0,0.0,0.0,0.0
repeat_2_fold_1,IDH3G,-0.017498725815661587,0.07635702665691356,0.03817851332845678,-0.055677239144118366,0.25,0.0011061946902655162,0.5
repeat_2_fold_1,IFIT3,0.0,0.0,0.0,0.0,0.0,0.0,0.0
repeat_2_fold_1,IFNGR2,0.0,0.0,0.0,0.0,0.0,-0.0012019230769230727,0.5
repeat_2_fold_1,IGLV2-14,0.0,0.0,0.0,0.0,0.0,0.0,0.0
repeat_2_fold_1,IGLV6-57,-0.04509207931966408,0.09018415863932816,0.04509207931966408,-0.09018415863932816,0.0,-0.0004424778761061843,0.5
repeat_2_fold_1,IL18R1,0.0,0.0,0.0,0.0,0.0,0.0,0.0
repeat_2_fold_1,IL1R1,0.0,0.0,0.0,0.0,0.0,0.0,0.0
repeat_2_fold_1,IL27RA,0.0,0.0,0.0,0.0,0.0,0.0,0.0
repeat_2_fold_1,IL36A,0.0,0.0,0.0,0.0,0.0,0.0,0.0
repeat_2_fold_1,ING3,0.0,0.0,0.0,0.0,0.0,0.0,0.0
repeat_2_fold_1,INPP5A,0.0,0.0,0.0,0.0,0.0,0.0,0.0
repeat_2_fold_1,INS,0.0,0.0,0.0,0.0,0.0,0.0,0.0
repeat_2_fold_1,INSL5,0.0,0.0,0.0,0.0,0.0,0.0,0.0
repeat_2_fold_1,INSR,0.0,0.0,0.0,0.0,0.0,0.0,0.0
repeat_2_fold_1,INTS8,0.04542040971708161,0.05244697155372032,0.02622348577686016,0.01919692394022145,0.5,-0.0004424778761061843,0.5
repeat_2_fold_1,IP6K2,-0.06747395378078558,0.08628820891443226,0.04314410445721613,-0.1106180582380017,0.0,-0.0004424778761061843,0.5
repeat_2_fold_1,IPO8,0.0,0.0,0.0,0.0,0.0,0.0,0.0
repeat_2_fold_1,IQCE,0.0,0.0,0.0,0.0,0.0,0.0,0.0
repeat_2_fold_1,ITIH4,0.04692506662325435,0.0938501332465087,0.04692506662325435,0.0,0.25,-0.0002003205128205121,0.5
repeat_2_fold_1,JMJD7,0.0,0.0,0.0,0.0,0.0,0.0,0.0
repeat_2_fold_1,KANSL3,0.0,0.0,0.0,0.0,0.0,0.0,0.0
repeat_2_fold_1,KAZN,0.0,0.0,0.0,0.0,0.0,0.0,0.0
repeat_2_fold_1,KCNA10,0.0,0.0,0.0,0.0,0.0,0.0,0.0
repeat_2_fold_1,KCNA2,0.0,0.0,0.0,0.0,0.0,0.0,0.0
repeat_2_fold_1,KCNC2,0.0,0.0,0.0,0.0,0.0,-0.002203525641025633,0.5
repeat_2_fold_1,KCNE5,-0.017498725815661587,0.07635702665691356,0.03817851332845678,-0.055677239144118366,0.25,0.0,0.5
repeat_2_fold_1,KCNG1,0.0,0.0,0.0,0.0,0.0,0.00022123893805309214,0.5
repeat_2_fold_1,KCNH4,-0.0211192248101284,0.0422384496202568,0.0211192248101284,-0.0422384496202568,0.0,-0.00022123893805309214,0.5
repeat_2_fold_1,KCNJ5,0.0,0.0,0.0,0.0,0.0,0.0,0.0
repeat_2_fold_1,KDM5D,0.0,0.0,0.0,0.0,0.0,-0.0006637168141592764,0.5
repeat_2_fold_1,KIDINS220,0.0,0.0,0.0,0.0,0.0,0.0,0.0
repeat_2_fold_1,KIF3C,-0.07882135303703919,0.15764270607407835,0.07882135303703917,-0.15764270607407838,0.0,0.00044247787610621203,0.5
repeat_2_fold_1,KIF4A,-0.18639848727948127,0.2811091695979224,0.1405545847989612,-0.3269530720784425,0.0,0.003405448717948706,1.0
repeat_2_fold_1,KISS1,-1.178559250666824,1.3734068167369413,0.6867034083684707,-1.8652626590352948,0.0,0.0033636118674835735,1.0
repeat_2_fold_1,KLK1,0.0,0.0,0.0,0.0,0.0,0.0,0.0
repeat_2_fold_1,KLK13,0.0,0.0,0.0,0.0,0.0,0.0,0.0
repeat_2_fold_1,KMT2A,0.0,0.0,0.0,0.0,0.0,0.0,0.0
repeat_2_fold_1,KREMEN2,0.0,0.0,0.0,0.0,0.0,0.0,0.0
repeat_2_fold_1,KRT32,-0.14835089598511075,0.49400347606456074,0.24700173803228037,-0.3953526340173911,0.5,-0.004553480258679354,1.0
repeat_2_fold_1,KRT6A,0.0,0.0,0.0,0.0,0.0,0.0,0.0
repeat_2_fold_1,KRT83,0.0,0.0,0.0,0.0,0.0,0.0,0.0
repeat_2_fold_1,KRTAP4-7,0.0,0.0,0.0,0.0,0.0,0.0,0.0
repeat_2_fold_1,KYAT1,-0.4039400404903919,0.8078800809807838,0.4039400404903919,-0.8078800809807838,0.0,0.002003205128205121,0.5
repeat_2_fold_1,LAMP2,0.0,0.0,0.0,0.0,0.0,0.0,0.0
repeat_2_fold_1,LCN1,0.0,0.0,0.0,0.0,0.0,0.0,0.0
repeat_2_fold_1,LCN2,0.0,0.0,0.0,0.0,0.0,0.0,0.0
repeat_2_fold_1,LEFTY1,-0.7140299477342715,0.8244907650676722,0.4122453825338361,-1.1262753302681077,0.0,-0.0004006410256410242,0.5
repeat_2_fold_1,LHX1,0.0,0.0,0.0,0.0,0.0,0.0,0.0
repeat_2_fold_1,LIAS,-0.14252402390026297,0.1775960422348185,0.08879802111740925,-0.23132204501767223,0.0,0.004203539823008834,0.5
repeat_2_fold_1,LIN7B,0.0,0.0,0.0,0.0,0.0,0.0,0.0
repeat_2_fold_1,LMAN1,0.0,0.0,0.0,0.0,0.0,0.0,0.0
repeat_2_fold_1,LONP1,0.0,0.0,0.0,0.0,0.0,0.0,0.0
repeat_2_fold_1,LONRF1,0.0,0.0,0.0,0.0,0.0,0.0,0.0
repeat_2_fold_1,LOXL2,-0.04509207931966408,0.09018415863932816,0.04509207931966408,-0.09018415863932816,0.0,-0.0004424778761061843,0.5
repeat_2_fold_1,LPAR6,0.0,0.0,0.0,0.0,0.0,0.0,0.0
repeat_2_fold_1,LPCAT1,0.0,0.0,0.0,0.0,0.0,0.0,0.0
repeat_2_fold_1,LTBP1,-0.04509207931966408,0.09018415863932816,0.04509207931966408,-0.09018415863932816,0.0,0.0002212389380531199,0.5
repeat_2_fold_1,LTF,-0.20615080698940602,0.24346651971370198,0.12173325985685099,-0.32788406684625704,0.0,0.0011061946902655162,0.5
repeat_2_fold_1,LUC7L3,0.10907102808921465,0.08232381614566306,0.04116190807283153,0.06790912001638312,0.75,0.002203525641025633,1.0
repeat_2_fold_1,LYPLA1,-0.07608030295462243,0.09081886726165177,0.045409433630825884,-0.12148973658544832,0.0,0.0008849557522123963,0.5
repeat_2_fold_1,LYVE1,0.0,0.0,0.0,0.0,0.0,0.0,0.0
repeat_2_fold_1,MAD2L1,0.0,0.0,0.0,0.0,0.0,0.0,0.5
repeat_2_fold_1,MAMLD1,0.0,0.0,0.0,0.0,0.0,0.0,0.0
repeat_2_fold_1,MAP3K3,0.0,0.0,0.0,0.0,0.0,0.0,0.0
repeat_2_fold_1,MAPKAP1,0.0,0.0,0.0,0.0,0.0,0.0,0.0
repeat_2_fold_1,MBD3,0.0,0.0,0.0,0.0,0.0,0.0,0.0
repeat_2_fold_1,MC1R,0.0,0.0,0.0,0.0,0.0,0.0,0.0
repeat_2_fold_1,MCAT,0.0,0.0,0.0,0.0,0.0,0.0,0.0
repeat_2_fold_1,MCF2L,-0.20766221212440428,0.24624517384087238,0.12312258692043619,-0.3307847990448405,0.0,0.0006009615384615363,0.5
repeat_2_fold_1,MCM10,0.0,0.0,0.0,0.0,0.0,0.0,0.0
repeat_2_fold_1,MCM2,0.0,0.0,0.0,0.0,0.0,0.0,0.0
repeat_2_fold_1,MCM6,0.0,0.0,0.0,0.0,0.0,0.0,0.0
repeat_2_fold_1,MDC1,0.0,0.0,0.0,0.0,0.0,0.0,0.0
repeat_2_fold_1,MDH1,0.03650688161054205,0.044596776737611504,0.022298388368805752,0.0142084932417363,0.5,0.00022123893805309214,0.5
repeat_2_fold_1,MERTK,0.0,0.0,0.0,0.0,0.0,0.0,0.0
repeat_2_fold_1,MEX3C,0.0,0.0,0.0,0.0,0.0,0.0,0.0
repeat_2_fold_1,MGAT4B,0.013796676752001247,0.027593353504002494,0.013796676752001247,0.0,0.25,0.0004424778761061843,0.5
repeat_2_fold_1,MID1,-0.013023704800421143,0.026047409600842286,0.013023704800421143,-0.026047409600842286,0.0,-0.0002003205128205121,0.5
repeat_2_fold_1,MLXIPL,0.0,0.0,0.0,0.0,0.0,0.0,0.0
repeat_2_fold_1,MMP19,-0.048640524301569954,0.09018918702008419,0.045094593510042094,-0.09373511781161205,0.25,-0.00384792659405489,1.0
repeat_2_fold_1,MPI,0.0,0.0,0.0,0.0,0.0,0.0,0.0
repeat_2_fold_1,MPL,-0.22230365243807348,0.2631373985218677,0.13156869926093384,-0.3538723516990073,0.0,0.0016025641025640969,0.5
repeat_2_fold_1,MRM1,-0.03129540256766283,0.06259080513532567,0.03129540256766283,-0.06259080513532567,0.0,0.0006637168141593042,0.5
repeat_2_fold_1,MRM2,0.0,0.0,0.0,0.0,0.0,0.0,0.0
repeat_2_fold_1,MRPL20,0.0,0.0,0.0,0.0,0.0,0.0,0.0
repeat_2_fold_1,MRPL3,0.0,0.0,0.0,0.0,0.0,0.0,0.0
repeat_2_fold_1,MSI1,0.0,0.0,0.0,0.0,0.0,0.0,0.0
repeat_2_fold_1,MSL1,0.06744182171636659,0.1850516362260746,0.0925258181130373,-0.025083996396670707,0.75,0.007654016337644648,1.0
repeat_2_fold_1,MSRB1,0.027593353504002494,0.031862060146760685,0.015931030073380342,0.011662323430622151,0.5,0.0002212389380531199,0.5
repeat_2_fold_1,MT4,0.0,0.0,0.0,0.0,0.0,0.0,0.0
repeat_2_fold_1,MTX2,0.0,0.0,0.0,0.0,0.0,0.0,0.0
repeat_2_fold_1,MUL1,0.0,0.0,0.0,0.0,0.0,0.0,0.0
repeat_2_fold_1,MYBL2,0.0,0.0,0.0,0.0,0.0,0.0,0.0
repeat_2_fold_1,MYCN,-0.04741456642112496,0.09482913284224992,0.04741456642112496,-0.09482913284224992,0.0,-0.003405448717948706,0.5
repeat_2_fold_1,MYL1,0.0,0.0,0.0,0.0,0.0,0.0,0.0
repeat_2_fold_1,MYL12A,0.0,0.0,0.0,0.0,0.0,0.0,0.0
repeat_2_fold_1,MYL12B,0.0,0.0,0.0,0.0,0.0,0.0,0.0
repeat_2_fold_1,NAT2,0.0,0.0,0.0,0.0,0.0,0.0,0.0
repeat_2_fold_1,NAT8,-0.06259080513532567,0.07227363638735136,0.03613681819367568,-0.09872762332900134,0.0,-0.00022123893805309214,0.5
repeat_2_fold_1,NCAPD3,0.0,0.0,0.0,0.0,0.0,0.0,0.0
repeat_2_fold_1,NCBP2,0.0,0.0,0.0,0.0,0.0,0.0,0.0
repeat_2_fold_1,NCF4,0.0,0.0,0.0,0.0,0.0,-0.00022123893805309214,0.5
repeat_2_fold_1,NCOR1,0.0,0.0,0.0,0.0,0.0,0.0,0.0
repeat_2_fold_1,NCOR2,-0.08484056496079972,0.0979654460366353,0.04898272301831765,-0.13382328797911738,0.0,-0.0004006410256410242,0.5
repeat_2_fold_1,NCSTN,0.0,0.0,0.0,0.0,0.0,0.0,0.0
repeat_2_fold_1,NDST1,0.0,0.0,0.0,0.0,0.0,0.0,0.0
repeat_2_fold_1,NDST3,0.0,0.0,0.0,0.0,0.0,0.0,0.0
repeat_2_fold_1,NDUFA1,0.0,0.0,0.0,0.0,0.0,0.0,0.0
repeat_2_fold_1,NDUFAF1,-0.11120200572180394,0.14589880880476008,0.07294940440238004,-0.18415141012418398,0.0,-0.0006009615384615363,0.5
repeat_2_fold_1,NDUFAF4,0.0,0.0,0.0,0.0,0.0,0.0,0.0
repeat_2_fold_1,NDUFAF5,-0.2964810009131629,0.34262717901146456,0.17131358950573228,-0.46779459041889515,0.0,-0.00022123893805309214,1.0
repeat_2_fold_1,NDUFC1,0.0,0.0,0.0,0.0,0.0,0.0,0.0
repeat_2_fold_1,NECTIN1,-0.04509207931966408,0.09018415863932816,0.04509207931966408,-0.09018415863932816,0.0,-0.0002630757885182522,1.0
repeat_2_fold_1,NELFCD,0.0,0.0,0.0,0.0,0.0,0.0,0.0
repeat_2_fold_1,NELFE,0.0,0.0,0.0,0.0,0.0,0.0,0.0
repeat_2_fold_1,NFATC1,-2.0070720505756388,2.4722143228757623,1.2361071614378811,-3.24317921201352,0.0,0.0016025641025640969,0.5
repeat_2_fold_1,NFE2,-1.37644231824771,1.6812187467262734,0.8406093733631367,-2.2170516916108465,0.0,0.003405448717948706,0.5
repeat_2_fold_1,NLGN1,0.0,0.0,0.0,0.0,0.0,0.0,0.0
repeat_2_fold_1,NLRP3,0.0,0.0,0.0,0.0,0.0,0.0,0.0
repeat_2_fold_1,NOD1,0.0,0.0,0.0,0.0,0.0,0.0013274336283185806,0.5
repeat_2_fold_1,NOL12,0.0,0.0,0.0,0.0,0.0,0.0,0.0
repeat_2_fold_1,NOTCH2,0.0,0.0,0.0,0.0,0.0,0.0,0.0
repeat_2_fold_1,NOX5,0.0,0.0,0.0,0.0,0.0,0.0,0.5
repeat_2_fold_1,NPEPPS,0.0,0.0,0.0,0.0,0.0,0.0,0.0
repeat_2_fold_1,NPHP4,0.0,0.0,0.0,0.0,0.0,0.0,0.0
repeat_2_fold_1,NPIPB3,-0.052414627377791234,0.143990032862073,0.0719950164310365,-0.12440964380882773,0.25,0.0019911504424778848,0.5
repeat_2_fold_1,NPR1,-0.006684384041195202,0.030067052862139117,0.015033526431069559,-0.021717910472264762,0.25,0.002876106194690281,0.5
repeat_2_fold_1,NR3C2,-0.0969945111660575,0.12529111659050166,0.06264555829525083,-0.15964006946130832,0.0,0.0006218799636941441,1.0
repeat_2_fold_1,NR4A3,-0.20686477186571395,0.35462545826591246,0.17731272913295623,-0.3841775009986702,0.5,-0.00042155945087360425,1.0
repeat_2_fold_1,NSFL1C,0.0,0.0,0.0,0.0,0.0,0.0,0.0
repeat_2_fold_1,NT5M,0.0,0.0,0.0,0.0,0.0,0.0,0.0
repeat_2_fold_1,NTF3,-0.03556838110995564,0.04174339903439217,0.020871699517196085,-0.05644008062715172,0.0,0.0017699115044247926,0.5
repeat_2_fold_1,OAS3,0.0,0.0,0.0,0.0,0.0,0.0,0.0
repeat_2_fold_1,OCLN,0.0,0.0,0.0,0.0,0.0,0.0,0.0
repeat_2_fold_1,OGG1,0.0,0.0,0.0,0.0,0.0,0.0,0.0
repeat_2_fold_1,OR2H2,0.0,0.0,0.0,0.0,0.0,0.0,0.0
repeat_2_fold_1,OR3A1,0.0,0.0,0.0,0.0,0.0,0.0,0.0
repeat_2_fold_1,ORAI2,-0.08317328170394589,0.16634656340789178,0.08317328170394589,-0.16634656340789178,0.0,0.0002212389380531199,0.5
repeat_2_fold_1,OSBP,0.0,0.0,0.0,0.0,0.0,0.0,0.0
repeat_2_fold_1,OTUD3,0.02665276836757613,0.030775965983337643,0.015387982991668821,0.011264785375907308,0.5,-0.0002630757885182522,1.0
repeat_2_fold_1,P2RX2,-0.04509207931966408,0.09018415863932816,0.04509207931966408,-0.09018415863932816,0.0,0.00044247787610621203,0.5
repeat_2_fold_1,P2RY10,0.013326384183788065,0.02665276836757613,0.013326384183788065,0.0,0.25,0.0005591246879963763,1.0
repeat_2_fold_1,P2RY6,0.0,0.0,0.0,0.0,0.0,0.0,0.0
repeat_2_fold_1,PABPC1,0.0,0.0,0.0,0.0,0.0,0.0,0.0
repeat_2_fold_1,PAFAH1B1,0.0,0.0,0.0,0.0,0.0,0.0,0.0
repeat_2_fold_1,PAH,0.0,0.0,0.0,0.0,0.0,0.0,0.0
repeat_2_fold_1,PAK1,0.0,0.0,0.0,0.0,0.0,0.0015486725663717005,0.5
repeat_2_fold_1,PAPPA,0.0,0.0,0.0,0.0,0.0,0.0,0.0
repeat_2_fold_1,PAPSS1,0.0,0.0,0.0,0.0,0.0,-0.0002003205128205121,0.5
repeat_2_fold_1,PARK7,0.0,0.0,0.0,0.0,0.0,0.0,0.0
repeat_2_fold_1,PARVB,0.0,0.0,0.0,0.0,0.0,0.0,0.0
repeat_2_fold_1,PCBD1,0.0,0.0,0.0,0.0,0.0,0.0,0.0
repeat_2_fold_1,PCNT,0.0,0.0,0.0,0.0,0.0,0.0,0.0
repeat_2_fold_1,PCYOX1L,0.0,0.0,0.0,0.0,0.0,0.0,0.0
repeat_2_fold_1,PCYT1B,0.0,0.0,0.0,0.0,0.0,0.0,0.0
repeat_2_fold_1,PDCD6IP,0.0,0.0,0.0,0.0,0.0,0.0,0.0
repeat_2_fold_1,PDCL,0.0,0.0,0.0,0.0,0.0,0.0,0.0
repeat_2_fold_1,PDE3A,0.0,0.0,0.0,0.0,0.0,-0.0004424778761061843,0.5
repeat_2_fold_1,PDE3B,-0.10583934320209565,0.1253492545381368,0.0626746272690684,-0.16851397047116407,0.0,0.0002003205128205121,0.5
repeat_2_fold_1,PDE4A,0.0,0.0,0.0,0.0,0.0,0.0,0.0
repeat_2_fold_1,PDE9A,0.0,0.0,0.0,0.0,0.0,0.0,0.0
repeat_2_fold_1,PDS5B,0.0,0.0,0.0,0.0,0.0,0.0,0.0
repeat_2_fold_1,PDXK,0.05921708646908996,0.07199407298462371,0.035997036492311854,0.02322004997677811,0.5,-0.0004424778761061843,0.5
repeat_2_fold_1,PEBP1,0.0,0.0,0.0,0.0,0.0,0.0,0.0
repeat_2_fold_1,PF4V1,0.0,0.0,0.0,0.0,0.0,0.0,0.0
repeat_2_fold_1,PHB2,0.0,0.0,0.0,0.0,0.0,0.0,0.0
repeat_2_fold_1,PIAS4,0.0,0.0,0.0,0.0,0.0,0.0,0.0
repeat_2_fold_1,PIGQ,-0.014645096116250755,0.016910700370050633,0.008455350185025317,-0.02310044630127607,0.0,0.0011061946902654884,0.5
repeat_2_fold_1,PIGZ,0.02665276836757613,0.030775965983337643,0.015387982991668821,0.011264785375907308,0.5,-0.0006009615384615363,0.5
repeat_2_fold_1,PIK3C2G,-0.1371465232420448,0.18803520050233835,0.09401760025116918,-0.23116412349321397,0.0,-0.003405448717948706,1.0
repeat_2_fold_1,PKP1,0.0,0.0,0.0,0.0,0.0,0.0010016025641025605,0.5
repeat_2_fold_1,PKP3,0.0,0.0,0.0,0.0,0.0,0.0,0.0
repeat_2_fold_1,PLCB2,0.0,0.0,0.0,0.0,0.0,0.0,0.0
repeat_2_fold_1,PLIN3,0.0,0.0,0.0,0.0,0.0,0.0,0.0
repeat_2_fold_1,PLK4,0.0,0.0,0.0,0.0,0.0,0.0,0.0
repeat_2_fold_1,PLPP3,-0.5990324262161586,0.6975707351510768,0.3487853675755384,-0.947817793791697,0.0,0.0006009615384615363,0.5
repeat_2_fold_1,PLS1,0.0,0.0,0.0,0.0,0.0,0.0,0.0
repeat_2_fold_1,POGLUT1,0.0,0.0,0.0,0.0,0.0,0.0,0.0
repeat_2_fold_1,POLA2,0.0,0.0,0.0,0.0,0.0,0.0,0.0
repeat_2_fold_1,POLD1,-0.024708537714785095,0.1817873253326947,0.09089366266634735,-0.11560220038113245,0.25,-0.0026041666666666574,1.0
repeat_2_fold_1,POLR3G,0.0,0.0,0.0,0.0,0.0,0.0,0.0
repeat_2_fold_1,PORCN,0.0,0.0,0.0,0.0,0.0,0.0,0.0
repeat_2_fold_1,PPA2,-0.20936646935284386,0.24534060835078572,0.12267030417539286,-0.33203677352823674,0.0,-0.001982286702972541,1.0
repeat_2_fold_1,PPARD,0.0,0.0,0.0,0.0,0.0,0.0,0.0
repeat_2_fold_1,PPAT,0.0,0.0,0.0,0.0,0.0,0.0,0.0
repeat_2_fold_1,PPFIBP2,0.0,0.0,0.0,0.0,0.0,0.0,0.0
repeat_2_fold_1,PRCP,0.0,0.0,0.0,0.0,0.0,0.0,0.0
repeat_2_fold_1,PRDX6,0.0,0.0,0.0,0.0,0.0,0.0,0.0
repeat_2_fold_1,PRKAB1,-0.052286819544628216,0.10457363908925643,0.052286819544628216,-0.10457363908925643,0.0,-0.0008012820512820484,0.5
repeat_2_fold_1,PRKAR1A,0.0,0.0,0.0,0.0,0.0,-0.0008012820512820484,0.5
repeat_2_fold_1,PRKCG,-0.03044312834657603,0.06992440264621444,0.03496220132310722,-0.06540532966968325,0.25,0.0039823008849557695,1.0
repeat_2_fold_1,PRM2,0.0,0.0,0.0,0.0,0.0,0.0,0.0
repeat_2_fold_1,PRORP,0.0,0.0,0.0,0.0,0.0,0.0,0.0
repeat_2_fold_1,PRPF6,0.0,0.0,0.0,0.0,0.0,0.0,0.5
repeat_2_fold_1,PSMB1,0.0,0.0,0.0,0.0,0.0,0.0,0.0
repeat_2_fold_1,PSMB3,0.0,0.0,0.0,0.0,0.0,0.0,0.0
repeat_2_fold_1,PSMD1,0.0,0.0,0.0,0.0,0.0,0.0,0.0
repeat_2_fold_1,PSME2,0.0,0.0,0.0,0.0,0.0,0.0,0.0
repeat_2_fold_1,PSME3,-0.18703797650894494,0.21622846963112796,0.10811423481556398,-0.2951522113245089,0.0,0.001802884615384609,0.5
repeat_2_fold_1,PTDSS2,-0.05429025079864047,0.0670068342673396,0.0335034171336698,-0.08779366793231028,0.0,-0.0004006410256410242,0.5
repeat_2_fold_1,PTGDR,0.0,0.0,0.0,0.0,0.0,0.0,0.0
repeat_2_fold_1,PTGES,0.0,0.0,0.0,0.0,0.0,0.0,0.0
repeat_2_fold_1,PTGIR,0.0,0.0,0.0,0.0,0.0,0.0,0.0
repeat_2_fold_1,PTGIS,0.0,0.0,0.0,0.0,0.0,0.0,0.0
repeat_2_fold_1,PTPN13,0.0,0.0,0.0,0.0,0.0,0.0,0.0
repeat_2_fold_1,PTPRF,0.0,0.0,0.0,0.0,0.0,0.0,0.0
repeat_2_fold_1,PTX3,0.0,0.0,0.0,0.0,0.0,0.0,0.0
repeat_2_fold_1,PUS7,0.0,0.0,0.0,0.0,0.0,0.0,0.0
repeat_2_fold_1,PXMP4,0.0,0.0,0.0,0.0,0.0,0.0,0.0
repeat_2_fold_1,PYCR3,0.0,0.0,0.0,0.0,0.0,0.0,0.0
repeat_2_fold_1,QPCT,0.0,0.0,0.0,0.0,0.0,0.0,0.0
repeat_2_fold_1,RAB11B,0.0,0.0,0.0,0.0,0.0,0.00022123893805309214,0.5
repeat_2_fold_1,RAB22A,0.0,0.0,0.0,0.0,0.0,-0.0004424778761061843,0.5
repeat_2_fold_1,RAB33B,-0.04509207931966408,0.09018415863932816,0.04509207931966408,-0.09018415863932816,0.0,0.0004424778761061843,0.5
repeat_2_fold_1,RAB38,0.0,0.0,0.0,0.0,0.0,0.0,0.0
repeat_2_fold_1,RAB5A,-0.11151515922049171,0.12876661438934972,0.06438330719467486,-0.17589846641516657,0.0,-0.0006009615384615363,0.5
repeat_2_fold_1,RAB6A,0.0,0.0,0.0,0.0,0.0,0.0004424778761061843,0.5
repeat_2_fold_1,RABEPK,0.0,0.0,0.0,0.0,0.0,0.0,0.0
repeat_2_fold_1,RABGAP1,-0.023211720978963513,0.17797377163568504,0.08898688581784252,-0.11219860679680603,0.25,-0.0028044871794871695,0.5
repeat_2_fold_1,RABGGTA,0.0,0.0,0.0,0.0,0.0,0.0,0.0
repeat_2_fold_1,RAC2,0.0,0.0,0.0,0.0,0.0,2.7755575615628914e-17,0.5
repeat_2_fold_1,RAE1,0.0,0.0,0.0,0.0,0.0,0.0,0.0
repeat_2_fold_1,RAP1GAP2,0.0,0.0,0.0,0.0,0.0,0.0,0.0
repeat_2_fold_1,RBL2,0.0,0.0,0.0,0.0,0.0,0.0,0.0
repeat_2_fold_1,RBM26,0.0,0.0,0.0,0.0,0.0,0.0,0.0
repeat_2_fold_1,RDH11,0.0,0.0,0.0,0.0,0.0,0.0,0.0
repeat_2_fold_1,RDH14,-0.08025439961443048,0.16050879922886097,0.08025439961443048,-0.16050879922886097,0.0,0.0024038461538461453,0.5
repeat_2_fold_1,RDH5,0.0,0.0,0.0,0.0,0.0,0.0,0.0
repeat_2_fold_1,RELB,-0.8626171954600359,0.9822831926373984,0.4911415963186992,-1.353758791778735,0.0,-0.0012019230769230727,1.0
repeat_2_fold_1,RELN,0.0,0.0,0.0,0.0,0.0,0.0,0.0
repeat_2_fold_1,RETSAT,0.0,0.0,0.0,0.0,0.0,0.0,0.0
repeat_2_fold_1,RFC2,0.0,0.0,0.0,0.0,0.0,0.0,0.0
repeat_2_fold_1,RGCC,0.0,0.0,0.0,0.0,0.0,0.0,0.0
repeat_2_fold_1,RGL1,0.0,0.0,0.0,0.0,0.0,0.0,0.0
repeat_2_fold_1,RGS11,-1.917688815714234,2.3700798139899413,1.1850399069949706,-3.1027287227092044,0.0,-0.002003205128205121,0.5
repeat_2_fold_1,RGS12,0.0,0.0,0.0,0.0,0.0,0.0,0.0
repeat_2_fold_1,RGS16,0.0,0.0,0.0,0.0,0.0,0.0,0.0
repeat_2_fold_1,RIOX2,0.0,0.0,0.0,0.0,0.0,0.0,0.0
repeat_2_fold_1,RNASEH1,0.0,0.0,0.0,0.0,0.0,0.0,0.0
repeat_2_fold_1,ROCK1,-0.06259080513532567,0.07227363638735136,0.03613681819367568,-0.09872762332900134,0.0,0.00022123893805309214,0.5
repeat_2_fold_1,RPA4,0.0,0.0,0.0,0.0,0.0,0.0,0.0
repeat_2_fold_1,RPL10L,0.0,0.0,0.0,0.0,0.0,0.0,0.0
repeat_2_fold_1,RPL22,0.0,0.0,0.0,0.0,0.0,0.0,0.0
repeat_2_fold_1,RPL35,0.0,0.0,0.0,0.0,0.0,0.0,0.0
repeat_2_fold_1,RPL4,-0.4461900105765473,0.7892212362166748,0.3946106181083374,-0.8408006286848847,0.0,0.0,0.5
repeat_2_fold_1,RPN2,0.0,0.0,0.0,0.0,0.0,0.0,0.0
repeat_2_fold_1,RPS2,0.0,0.0,0.0,0.0,0.0,0.0,0.0
repeat_2_fold_1,RPS6KA2,0.0,0.0,0.0,0.0,0.0,0.0,0.0
repeat_2_fold_1,RPSA,-0.04509207931966408,0.09018415863932816,0.04509207931966408,-0.09018415863932816,0.0,-0.0006218799636941164,1.0
repeat_2_fold_1,RRAGC,0.0,0.0,0.0,0.0,0.0,0.0,0.0
repeat_2_fold_1,RRH,0.0,0.0,0.0,0.0,0.0,0.0,0.0
repeat_2_fold_1,RUNX1,-0.08484056496079972,0.0979654460366353,0.04898272301831765,-0.13382328797911738,0.0,-0.0008012820512820484,0.5
repeat_2_fold_1,RXFP3,0.0,0.0,0.0,0.0,0.0,0.0,0.0
repeat_2_fold_1,S100P,-0.11489559465631416,0.925672450220436,0.462836225110218,-0.5777318197665322,0.25,0.005809294871794879,0.5
repeat_2_fold_1,SAP130,0.0,0.0,0.0,0.0,0.0,0.0,0.0
repeat_2_fold_1,SCNN1G,0.0,0.0,0.0,0.0,0.0,0.0,0.0
repeat_2_fold_1,SDC2,0.0,0.0,0.0,0.0,0.0,0.0,0.0
repeat_2_fold_1,SEC31A,0.0,0.0,0.0,0.0,0.0,0.0,0.0
repeat_2_fold_1,SEPTIN4,0.0,0.0,0.0,0.0,0.0,0.0,0.0
repeat_2_fold_1,SERPINB10,0.0,0.0,0.0,0.0,0.0,0.0,0.0
repeat_2_fold_1,SETD1B,0.0,0.0,0.0,0.0,0.0,0.0,0.0
repeat_2_fold_1,SF3A1,0.0,0.0,0.0,0.0,0.0,0.0,0.0
repeat_2_fold_1,SGF29,0.05970805486310482,0.06894492309600501,0.03447246154800251,0.025235593315102313,0.5,0.0012019230769230727,0.5
repeat_2_fold_1,SGK1,0.0,0.0,0.0,0.0,0.0,0.0,0.0
repeat_2_fold_1,SH3BP4,0.0,0.0,0.0,0.0,0.0,0.0,0.0
repeat_2_fold_1,SH3GL3,0.0,0.0,0.0,0.0,0.0,0.0,0.0
repeat_2_fold_1,SHMT2,0.0,0.0,0.0,0.0,0.0,0.0,0.0
repeat_2_fold_1,SHPK,0.0,0.0,0.0,0.0,0.0,0.0,0.0
repeat_2_fold_1,SIGLEC15,-0.081805428041827,0.0968253536395205,0.04841267681976025,-0.13021810486158725,0.0,-0.0012019230769230727,0.5
repeat_2_fold_1,SIGMAR1,0.00450478414285449,0.14599304044180283,0.07299652022090142,-0.06849173607804693,0.25,0.0030048076923076816,0.5
repeat_2_fold_1,SIRPG,0.0,0.0,0.0,0.0,0.0,0.0,0.0
repeat_2_fold_1,SIRT6,0.0,0.0,0.0,0.0,0.0,0.0,0.0
repeat_2_fold_1,SLC12A7,0.0,0.0,0.0,0.0,0.0,0.0,0.0
repeat_2_fold_1,SLC13A3,0.0,0.0,0.0,0.0,0.0,0.0,0.0
repeat_2_fold_1,SLC19A2,0.0,0.0,0.0,0.0,0.0,0.0,0.0
repeat_2_fold_1,SLC1A3,0.0,0.0,0.0,0.0,0.0,0.0,0.0
repeat_2_fold_1,SLC25A21,0.0,0.0,0.0,0.0,0.0,-0.0006637168141592764,0.5
repeat_2_fold_1,SLC2A8,0.0,0.0,0.0,0.0,0.0,0.0,0.0
repeat_2_fold_1,SLC5A3,0.0,0.0,0.0,0.0,0.0,0.0,0.0
repeat_2_fold_1,SLC5A7,0.001622033870631867,0.20670219150722208,0.10335109575361104,-0.10172906188297917,0.25,-0.0013065152030859728,1.0
repeat_2_fold_1,SLC6A11,0.0,0.0,0.0,0.0,0.0,0.0,0.0
repeat_2_fold_1,SLC6A15,0.0,0.0,0.0,0.0,0.0,0.0,0.0
repeat_2_fold_1,SLCO1B3,0.0,0.0,0.0,0.0,0.0,0.0008431189017472085,1.0
repeat_2_fold_1,SLPI,0.0,0.0,0.0,0.0,0.0,0.0,0.0
repeat_2_fold_1,SMAD5,0.0,0.0,0.0,0.0,0.0,0.0,0.0
repeat_2_fold_1,SMAD9,0.0,0.0,0.0,0.0,0.0,0.0,0.0
repeat_2_fold_1,SMG8,0.0,0.0,0.0,0.0,0.0,0.0,0.0
repeat_2_fold_1,SNCA,0.0,0.0,0.0,0.0,0.0,0.0,0.0
repeat_2_fold_1,SNIP1,0.0,0.0,0.0,0.0,0.0,0.0,0.0
repeat_2_fold_1,SNRPG,0.0,0.0,0.0,0.0,0.0,0.0,0.0
repeat_2_fold_1,SNU13,0.0,0.0,0.0,0.0,0.0,0.0,0.0
repeat_2_fold_1,SOX9,0.0,0.0,0.0,0.0,0.0,0.0,0.0
repeat_2_fold_1,SPC25,-0.1674976091629965,0.24473309887170025,0.12236654943585012,-0.2898641585988466,0.0,0.0002003205128205121,0.5
repeat_2_fold_1,SPCS2,0.0,0.0,0.0,0.0,0.0,0.0,0.0
repeat_2_fold_1,SPR,-0.020594184868700793,0.08220460781284489,0.041102303906422444,-0.06169648877512324,0.25,0.001623482527796677,1.0
repeat_2_fold_1,SPRY1,0.0,0.0,0.0,0.0,0.0,0.0,0.0
repeat_2_fold_1,SPTA1,0.0,0.0,0.0,0.0,0.0,0.0,0.0
repeat_2_fold_1,SPTSSA,0.0,0.0,0.0,0.0,0.0,0.0,0.0
repeat_2_fold_1,SRD5A3,0.0,0.0,0.0,0.0,0.0,0.0,0.0
repeat_2_fold_1,SRGAP2,0.013796676752001247,0.027593353504002494,0.013796676752001247,0.0,0.25,0.0017699115044247926,0.5
repeat_2_fold_1,SRP72,-0.017498725815661587,0.07635702665691356,0.03817851332845678,-0.055677239144118366,0.25,0.0,0.5
repeat_2_fold_1,SRP9,0.0,0.0,0.0,0.0,0.0,0.0,0.0
repeat_2_fold_1,SRRM1,-0.42632191495151517,0.8009294984919642,0.4004647492459821,-0.8267866641974972,0.25,0.000421559450873632,1.0
repeat_2_fold_1,SS18,0.0,0.0,0.0,0.0,0.0,0.0,0.0
repeat_2_fold_1,ST3GAL1,0.0,0.0,0.0,0.0,0.0,0.0,0.0
repeat_2_fold_1,ST8SIA3,0.0,0.0,0.0,0.0,0.0,0.0,0.0
repeat_2_fold_1,STC2,0.0,0.0,0.0,0.0,0.0,0.0,0.0
repeat_2_fold_1,STEEP1,0.0,0.0,0.0,0.0,0.0,0.0,0.0
repeat_2_fold_1,STK10,0.0,0.0,0.0,0.0,0.0,0.0,0.0
repeat_2_fold_1,STK3,0.0,0.0,0.0,0.0,0.0,0.0,0.0
repeat_2_fold_1,STX6,0.0,0.0,0.0,0.0,0.0,0.0,0.0
repeat_2_fold_1,STXBP1,-0.5330214125299015,0.8733457339266055,0.43667286696330276,-0.9696942794932043,0.0,-0.0008012820512820484,0.5
repeat_2_fold_1,SUMO2,0.0,0.0,0.0,0.0,0.0,0.0,0.0
repeat_2_fold_1,SUN1,0.0,0.0,0.0,0.0,0.0,0.0,0.0
repeat_2_fold_1,SUN2,0.0,0.0,0.0,0.0,0.0,0.0,0.0
repeat_2_fold_1,SURF1,0.0,0.0,0.0,0.0,0.0,0.0,0.0
repeat_2_fold_1,SYK,-0.9577189234173549,1.5763488490081021,0.7881744245040511,-1.745893347921406,0.0,-0.0046073717948717785,0.5
repeat_2_fold_1,SYT1,0.0,0.0,0.0,0.0,0.0,0.0,0.0
repeat_2_fold_1,TAL1,0.0,0.0,0.0,0.0,0.0,0.0,0.0
repeat_2_fold_1,TBX6,-0.017498725815661587,0.07635702665691356,0.03817851332845678,-0.055677239144118366,0.25,0.0,0.5
repeat_2_fold_1,TBXA2R,0.0,0.0,0.0,0.0,0.0,0.0,0.0
repeat_2_fold_1,TBXT,0.0,0.0,0.0,0.0,0.0,0.0,0.0
repeat_2_fold_1,TCF7L2,0.0,0.0,0.0,0.0,0.0,0.0,0.0
repeat_2_fold_1,TEAD1,0.0,0.0,0.0,0.0,0.0,0.004407051282051266,0.5
repeat_2_fold_1,TECR,0.0,0.0,0.0,0.0,0.0,0.0,0.5
repeat_2_fold_1,TEX2,0.0,0.0,0.0,0.0,0.0,0.0,0.0
repeat_2_fold_1,TF,0.0,0.0,0.0,0.0,0.0,0.0,0.0
repeat_2_fold_1,TFG,0.0,0.0,0.0,0.0,0.0,0.0,0.0
repeat_2_fold_1,TGIF2,0.0,0.0,0.0,0.0,0.0,0.0,0.0
repeat_2_fold_1,THG1L,0.0,0.0,0.0,0.0,0.0,0.0,0.0
repeat_2_fold_1,THOC6,0.0,0.0,0.0,0.0,0.0,0.0,0.0
repeat_2_fold_1,TIAL1,0.0,0.0,0.0,0.0,0.0,0.0,0.0
repeat_2_fold_1,TIMM13,0.0,0.0,0.0,0.0,0.0,0.0012019230769230727,0.5
repeat_2_fold_1,TIMM23,0.0,0.0,0.0,0.0,0.0,0.0,0.0
repeat_2_fold_1,TLR8,0.0,0.0,0.0,0.0,0.0,0.0,0.0
repeat_2_fold_1,TMEM11,0.0,0.0,0.0,0.0,0.0,0.0,0.0
repeat_2_fold_1,TMEM258,0.0,0.0,0.0,0.0,0.0,0.0,0.0
repeat_2_fold_1,TNC,-0.03921087155176295,0.12036138923299472,0.06018069461649736,-0.09939156616826031,0.25,0.0,0.5
repeat_2_fold_1,TNFRSF11B,0.0,0.0,0.0,0.0,0.0,0.0,0.0
repeat_2_fold_1,TNNI1,-0.07638748188732691,0.09103657849373968,0.04551828924686984,-0.12190577113419676,0.0,-0.0004424778761061843,0.5
repeat_2_fold_1,TPCN1,0.0,0.0,0.0,0.0,0.0,0.0,0.0
repeat_2_fold_1,TPD52L1,0.0,0.0,0.0,0.0,0.0,0.0,0.0
repeat_2_fold_1,TPM3,0.0,0.0,0.0,0.0,0.0,0.0,0.0
repeat_2_fold_1,TPP2,0.0,0.0,0.0,0.0,0.0,0.0,0.0
repeat_2_fold_1,TRAF1,0.0,0.0,0.0,0.0,0.0,0.0,0.0
repeat_2_fold_1,TRAK2,-0.7547985408018256,0.8766091775550506,0.4383045887775253,-1.193103129579351,0.0,0.0004006410256410242,0.5
repeat_2_fold_1,TRAPPC8,0.0,0.0,0.0,0.0,0.0,0.0,0.0
repeat_2_fold_1,TRIM24,0.0,0.0,0.0,0.0,0.0,0.00022123893805309214,0.5
repeat_2_fold_1,TRIM34,0.0,0.0,0.0,0.0,0.0,0.0,0.0
repeat_2_fold_1,TRMT61A,-0.03129540256766283,0.10273054336601994,0.05136527168300997,-0.0826606742506728,0.25,0.0011061946902654884,0.5
repeat_2_fold_1,TRPV6,0.0,0.0,0.0,0.0,0.0,0.0,0.0
repeat_2_fold_1,TSPO,0.0,0.0,0.0,0.0,0.0,0.0,0.0
repeat_2_fold_1,TTC19,0.0,0.0,0.0,0.0,0.0,0.0,0.0
repeat_2_fold_1,TTLL4,0.0,0.0,0.0,0.0,0.0,0.0,0.0
repeat_2_fold_1,TXNL4A,0.0,0.0,0.0,0.0,0.0,0.0,0.0
repeat_2_fold_1,TYK2,0.0,0.0,0.0,0.0,0.0,0.0,0.0
repeat_2_fold_1,TYMP,0.0,0.0,0.0,0.0,0.0,0.0,0.0
repeat_2_fold_1,UBA3,-0.13591465166148353,0.22829836335716303,0.11414918167858151,-0.25006383334006504,0.0,2.7755575615628914e-17,0.5
repeat_2_fold_1,UBD,0.0,0.0,0.0,0.0,0.0,0.0,0.0
repeat_2_fold_1,UBE2L3,0.0,0.0,0.0,0.0,0.0,0.0,0.0
repeat_2_fold_1,UBE2Q1,0.0,0.0,0.0,0.0,0.0,0.0,0.0
repeat_2_fold_1,UBE3C,0.0,0.0,0.0,0.0,0.0,0.00022123893805309214,0.5
repeat_2_fold_1,UBN1,0.09877255765371906,0.19673879813971712,0.09836939906985856,0.0004031585838605023,0.5,-0.0012019230769230727,0.5
repeat_2_fold_1,UCKL1,0.02796177625737961,0.15540597769324552,0.07770298884662276,-0.04974121258924315,0.25,0.005008012820512803,0.5
repeat_2_fold_1,UCP2,0.0,0.0,0.0,0.0,0.0,0.0,0.0
repeat_2_fold_1,UGGT2,0.0,0.0,0.0,0.0,0.0,0.0,0.0
repeat_2_fold_1,UIMC1,-0.07638748188732691,0.09103657849373968,0.04551828924686984,-0.12190577113419676,0.0,0.0002212389380531199,0.5
repeat_2_fold_1,UNKL,0.0,0.0,0.0,0.0,0.0,0.0,0.0
repeat_2_fold_1,UPF1,0.0,0.0,0.0,0.0,0.0,0.0,0.0
repeat_2_fold_1,UQCR11,0.0,0.0,0.0,0.0,0.0,0.0,0.0
repeat_2_fold_1,USP14,0.0,0.0,0.0,0.0,0.0,0.0,0.0
repeat_2_fold_1,USP21,-0.5491881028540977,0.9656341617490419,0.48281708087452097,-1.0320051837286186,0.0,-0.0004424778761061843,1.0
repeat_2_fold_1,UST,0.0,0.0,0.0,0.0,0.0,0.0,0.0
repeat_2_fold_1,UTP20,-0.01843931095208795,0.11083870806661393,0.055419354033306965,-0.07385866498539492,0.5,-0.002182607215793053,1.0
repeat_2_fold_1,UTP3,0.0,0.0,0.0,0.0,0.0,0.0,0.0
repeat_2_fold_1,VANGL1,0.0,0.0,0.0,0.0,0.0,0.0,0.0
repeat_2_fold_1,VHL,0.0,0.0,0.0,0.0,0.0,0.0,0.0
repeat_2_fold_1,VNN1,0.0,0.0,0.0,0.0,0.0,0.0,0.0
repeat_2_fold_1,VPS16,-0.09994057784716404,0.11649603445006539,0.05824801722503269,-0.15818859507219674,0.0,-0.0015486725663716727,0.5
repeat_2_fold_1,VPS33A,0.0,0.0,0.0,0.0,0.0,0.0,0.0
repeat_2_fold_1,VPS35L,0.0,0.0,0.0,0.0,0.0,0.0,0.0
repeat_2_fold_1,WAC,0.0,0.0,0.0,0.0,0.0,0.0,0.0
repeat_2_fold_1,WASF3,-0.12380100032163988,0.1786500216910221,0.08932501084551105,-0.2131260111671509,0.0,-0.0024038461538461453,0.5
repeat_2_fold_1,WASL,0.0,0.0,0.0,0.0,0.0,0.0,0.0
repeat_2_fold_1,WDR3,0.0,0.0,0.0,0.0,0.0,0.0,0.0
repeat_2_fold_1,WDR46,-0.04242028248039986,0.08484056496079974,0.04242028248039987,-0.08484056496079972,0.0,0.0015816456773315168,1.0
repeat_2_fold_1,WFS1,0.0,0.0,0.0,0.0,0.0,0.0,0.0
repeat_2_fold_1,WLS,0.0,0.0,0.0,0.0,0.0,0.0,0.0
repeat_2_fold_1,WNT1,0.0,0.0,0.0,0.0,0.0,0.0,0.0
repeat_2_fold_1,WNT5A,0.0,0.0,0.0,0.0,0.0,0.0,0.0
repeat_2_fold_1,WT1,0.0,0.0,0.0,0.0,0.0,0.0,0.0
repeat_2_fold_1,XBP1,0.0,0.0,0.0,0.0,0.0,0.0,0.0
repeat_2_fold_1,YAF2,0.027646100955490027,0.1391402949675358,0.0695701474837679,-0.04192404652827787,0.25,0.0,0.5
repeat_2_fold_1,YBX1,0.0,0.0,0.0,0.0,0.0,0.0,0.0
repeat_2_fold_1,YTHDC1,0.0,0.0,0.0,0.0,0.0,0.0,0.0
repeat_2_fold_1,YWHAB,-0.10162384508212519,0.20324769016425034,0.10162384508212517,-0.20324769016425037,0.0,-0.0005800431132289563,1.0
repeat_2_fold_1,ZBED1,0.0,0.0,0.0,0.0,0.0,-0.0004424778761061843,0.5
repeat_2_fold_1,ZDHHC3,0.0,0.0,0.0,0.0,0.0,0.0,0.0
repeat_2_fold_1,ZEB1,-0.05991900829606145,0.10511350026055552,0.05255675013027776,-0.11247575842633921,0.25,0.0002003205128205121,1.0
repeat_2_fold_1,ZKSCAN5,0.0,0.0,0.0,0.0,0.0,0.0,0.0
repeat_2_fold_1,ZNF135,0.0,0.0,0.0,0.0,0.0,0.0,0.0
repeat_2_fold_1,ZNF14,0.0,0.0,0.0,0.0,0.0,0.0,0.0
repeat_2_fold_1,ZNF248,-0.3253279591319984,0.6725472855518787,0.33627364277593935,-0.6616016019079378,0.25,0.004311322895393738,1.0
repeat_2_fold_1,ZNF268,0.0,0.0,0.0,0.0,0.0,0.0,0.0
repeat_2_fold_1,ZNF3,0.0,0.0,0.0,0.0,0.0,0.0,0.0
repeat_2_fold_1,ZNF304,-1.1013119297843623,1.0634140851772715,0.5317070425886358,-1.633018972372998,0.0,-0.0024456830043113054,1.0
repeat_2_fold_1,ZNF335,-0.03129540256766283,0.06259080513532567,0.03129540256766283,-0.06259080513532567,0.0,-0.0006637168141592764,0.5
repeat_2_fold_1,ZNF442,0.0,0.0,0.0,0.0,0.0,0.0,0.0
repeat_2_fold_1,ZNF544,0.0,0.0,0.0,0.0,0.0,0.0,0.0
repeat_2_fold_1,ZNF552,0.0,0.0,0.0,0.0,0.0,0.0,0.0
repeat_2_fold_1,ZNF665,0.0,0.0,0.0,0.0,0.0,0.0,0.0
repeat_2_fold_1,ZNF717,0.0,0.0,0.0,0.0,0.0,0.0,0.0
repeat_2_fold_1,ZNF749,0.0,0.0,0.0,0.0,0.0,0.0,0.0
repeat_2_fold_2,A1CF,0.0,0.0,0.0,0.0,0.0,0.0,0.0
repeat_2_fold_2,A2M,0.0,0.0,0.0,0.0,0.0,0.0,0.0
repeat_2_fold_2,A4GALT,0.0,0.0,0.0,0.0,0.0,0.0,0.0
repeat_2_fold_2,A4GNT,0.0,0.0,0.0,0.0,0.0,0.0,0.0
repeat_2_fold_2,AAAS,0.0,0.0,0.0,0.0,0.0,0.0,0.0
repeat_2_fold_2,AACS,0.0,0.0,0.0,0.0,0.0,0.0,0.0
repeat_2_fold_2,AADAC,0.0,0.0,0.0,0.0,0.0,0.0,0.0
repeat_2_fold_2,AAK1,-0.013165458101070726,0.05984942318094242,0.02992471159047121,-0.04309016969154193,0.25,-0.0024390243902439324,0.5
repeat_2_fold_2,AAMP,0.0,0.0,0.0,0.0,0.0,0.0,0.0
repeat_2_fold_2,AANAT,0.0,0.0,0.0,0.0,0.0,0.0,0.0
repeat_2_fold_2,AARS1,0.0,0.0,0.0,0.0,0.0,0.0,0.0
repeat_2_fold_2,AASDHPPT,0.0,0.0,0.0,0.0,0.0,0.0,0.0
repeat_2_fold_2,AASS,0.0,0.0,0.0,0.0,0.0,0.0,0.0
repeat_2_fold_2,AATF,0.0,0.0,0.0,0.0,0.0,0.0,0.0
repeat_2_fold_2,ABAT,0.06497583553662523,0.10118043136443856,0.05059021568221928,0.014385619854405944,0.5,-0.0016297178700264148,1.0
repeat_2_fold_2,ABCA12,0.0,0.0,0.0,0.0,0.0,0.0,0.0
repeat_2_fold_2,ABCA2,0.0,0.0,0.0,0.0,0.0,0.0,0.0
repeat_2_fold_2,ABCA3,0.0,0.0,0.0,0.0,0.0,0.0,0.0
repeat_2_fold_2,ABCA4,0.0,0.0,0.0,0.0,0.0,0.0,0.0
repeat_2_fold_2,ABCA5,0.0,0.0,0.0,0.0,0.0,0.0,0.0
repeat_2_fold_2,ABCA6,0.0,0.0,0.0,0.0,0.0,0.0,0.0
repeat_2_fold_2,ABCA8,0.0,0.0,0.0,0.0,0.0,0.0,0.0
repeat_2_fold_2,ABCB1,0.0,0.0,0.0,0.0,0.0,0.0,0.0
repeat_2_fold_2,ABCB11,0.0,0.0,0.0,0.0,0.0,0.0,0.0
repeat_2_fold_2,ABCB4,0.0,0.0,0.0,0.0,0.0,0.0,0.0
repeat_2_fold_2,ABCB6,0.0,0.0,0.0,0.0,0.0,0.0,0.0
repeat_2_fold_2,ABCB7,0.0,0.0,0.0,0.0,0.0,0.0,0.0
repeat_2_fold_2,ABCB8,0.0,0.0,0.0,0.0,0.0,0.0,0.0
repeat_2_fold_2,ABCB9,0.0,0.0,0.0,0.0,0.0,0.0,0.0
repeat_2_fold_2,ABCC1,0.0,0.0,0.0,0.0,0.0,0.0,0.0
repeat_2_fold_2,ABCC10,0.0,0.0,0.0,0.0,0.0,0.0,0.0
repeat_2_fold_2,ABCC2,0.0,0.0,0.0,0.0,0.0,0.0,0.0
repeat_2_fold_2,ABCC3,0.0,0.0,0.0,0.0,0.0,0.0,0.0
repeat_2_fold_2,ABCC4,0.0,0.0,0.0,0.0,0.0,0.0,0.0
repeat_2_fold_2,ABCC5,0.0,0.0,0.0,0.0,0.0,0.0,0.0
repeat_2_fold_2,ABCC6,0.0,0.0,0.0,0.0,0.0,0.0,0.0
repeat_2_fold_2,ABCC8,0.0,0.0,0.0,0.0,0.0,0.0,0.0
repeat_2_fold_2,ABCC9,0.0,0.0,0.0,0.0,0.0,0.0,0.0
repeat_2_fold_2,ABCD1,0.0,0.0,0.0,0.0,0.0,0.0,0.0
repeat_2_fold_2,ABCD2,0.0,0.0,0.0,0.0,0.0,0.0,0.0
repeat_2_fold_2,ABCD3,0.0,0.0,0.0,0.0,0.0,0.0,0.0
repeat_2_fold_2,ABCD4,0.0,0.0,0.0,0.0,0.0,0.0,0.0
repeat_2_fold_2,ABCE1,0.0,0.0,0.0,0.0,0.0,0.0,0.0
repeat_2_fold_2,ABCF1,0.0,0.0,0.0,0.0,0.0,0.0,0.0
repeat_2_fold_2,ABCF2,0.0,0.0,0.0,0.0,0.0,0.0,0.0
repeat_2_fold_2,ABCG1,0.0,0.0,0.0,0.0,0.0,0.0,0.0
repeat_2_fold_2,ABCG2,0.0,0.0,0.0,0.0,0.0,0.0,0.0
repeat_2_fold_2,ABCG4,0.0,0.0,0.0,0.0,0.0,0.0,0.0
repeat_2_fold_2,ABCG5,0.0,0.0,0.0,0.0,0.0,0.0,0.0
repeat_2_fold_2,ABHD17B,0.0,0.0,0.0,0.0,0.0,0.0,0.0
repeat_2_fold_2,ABHD3,0.0,0.0,0.0,0.0,0.0,0.0,0.0
repeat_2_fold_2,ABHD5,0.0,0.0,0.0,0.0,0.0,0.0,0.0
repeat_2_fold_2,ABHD6,0.0,0.0,0.0,0.0,0.0,0.0,0.0
repeat_2_fold_2,ABI1,0.0,0.0,0.0,0.0,0.0,0.0,0.0
repeat_2_fold_2,ABI2,0.0,0.0,0.0,0.0,0.0,0.0,0.0
repeat_2_fold_2,ABL1,0.0,0.0,0.0,0.0,0.0,0.0,0.0
repeat_2_fold_2,ABL2,0.0,0.0,0.0,0.0,0.0,0.0,0.0
repeat_2_fold_2,ABLIM1,0.0,0.0,0.0,0.0,0.0,0.0,0.0
repeat_2_fold_2,ABLIM3,0.0,0.0,0.0,0.0,0.0,0.0,0.0
repeat_2_fold_2,ABR,0.0,0.0,0.0,0.0,0.0,0.0,0.0
repeat_2_fold_2,ABRAXAS2,0.0,0.0,0.0,0.0,0.0,0.0,0.0
repeat_2_fold_2,ACAA1,0.0,0.0,0.0,0.0,0.0,0.0,0.0
repeat_2_fold_2,ACAA2,0.0,0.0,0.0,0.0,0.0,0.0,0.0
repeat_2_fold_2,ACACA,0.0,0.0,0.0,0.0,0.0,0.0,0.0
repeat_2_fold_2,ACACB,0.0,0.0,0.0,0.0,0.0,0.0,0.0
repeat_2_fold_2,ACAD10,0.0,0.0,0.0,0.0,0.0,0.0,0.0
repeat_2_fold_2,ACAD8,0.0,0.0,0.0,0.0,0.0,0.0,0.0
repeat_2_fold_2,ACADL,0.0,0.0,0.0,0.0,0.0,0.0,0.0
repeat_2_fold_2,ACADM,0.0,0.0,0.0,0.0,0.0,0.0,0.0
repeat_2_fold_2,ACADS,0.0,0.0,0.0,0.0,0.0,0.0,0.0
repeat_2_fold_2,ACADSB,0.0,0.0,0.0,0.0,0.0,0.0,0.0
repeat_2_fold_2,ACADVL,-0.01802195330671097,0.04145775623787003,0.020728878118935014,-0.03875083142564598,0.25,0.00020325203252030688,0.5
repeat_2_fold_2,ACAN,0.0,0.0,0.0,0.0,0.0,0.0,0.0
repeat_2_fold_2,ACAT1,0.0,0.0,0.0,0.0,0.0,0.0,0.0
repeat_2_fold_2,ACAT2,0.0,0.0,0.0,0.0,0.0,0.0,0.0
repeat_2_fold_2,ACBD3,0.0,0.0,0.0,0.0,0.0,0.0,0.0
repeat_2_fold_2,ACD,0.0,0.0,0.0,0.0,0.0,0.0,0.0
repeat_2_fold_2,ACE,0.0,0.0,0.0,0.0,0.0,0.0,0.0
repeat_2_fold_2,ACE2,0.0,0.0,0.0,0.0,0.0,0.0,0.0
repeat_2_fold_2,ACHE,0.0,0.0,0.0,0.0,0.0,0.0,0.0
repeat_2_fold_2,ACIN1,0.0,0.0,0.0,0.0,0.0,0.0,0.0
repeat_2_fold_2,ACKR1,0.0,0.0,0.0,0.0,0.0,0.0,0.0
repeat_2_fold_2,ACKR2,0.0,0.0,0.0,0.0,0.0,0.0,0.0
repeat_2_fold_2,ACKR3,0.0,0.0,0.0,0.0,0.0,0.0,0.0
repeat_2_fold_2,ACKR4,0.0,0.0,0.0,0.0,0.0,0.0,0.0
repeat_2_fold_2,ACLY,0.0,0.0,0.0,0.0,0.0,0.0,0.0
repeat_2_fold_2,ACO1,0.0,0.0,0.0,0.0,0.0,0.0,0.0
repeat_2_fold_2,ACO2,0.0,0.0,0.0,0.0,0.0,0.0,0.0
repeat_2_fold_2,ACOT11,0.0,0.0,0.0,0.0,0.0,0.0,0.0
repeat_2_fold_2,ACOT13,0.0,0.0,0.0,0.0,0.0,0.0,0.0
repeat_2_fold_2,ACOT2,0.0,0.0,0.0,0.0,0.0,0.0,0.0
repeat_2_fold_2,ACOT7,0.0,0.0,0.0,0.0,0.0,0.0,0.0
repeat_2_fold_2,ACOT8,0.0,0.0,0.0,0.0,0.0,0.0,0.0
repeat_2_fold_2,ACOT9,0.0,0.0,0.0,0.0,0.0,0.0,0.0
repeat_2_fold_2,ACOX1,0.0,0.0,0.0,0.0,0.0,0.0,0.0
repeat_2_fold_2,ACOX2,0.0,0.0,0.0,0.0,0.0,0.0,0.0
repeat_2_fold_2,ACOX3,0.0,0.0,0.0,0.0,0.0,0.0,0.0
repeat_2_fold_2,ACOXL,0.0,0.0,0.0,0.0,0.0,0.0,0.0
repeat_2_fold_2,ACP3,0.0,0.0,0.0,0.0,0.0,0.0,0.0
repeat_2_fold_2,ACP5,0.03330257110161483,0.32086446233292626,0.16043223116646313,-0.1271296600648483,0.25,0.0018403731222742248,1.0
repeat_2_fold_2,ACP6,0.0,0.0,0.0,0.0,0.0,0.0,0.0
repeat_2_fold_2,ACR,0.0,0.0,0.0,0.0,0.0,0.0,0.0
repeat_2_fold_2,ACSBG1,0.0,0.0,0.0,0.0,0.0,0.0,0.0
repeat_2_fold_2,ACSF2,0.0,0.0,0.0,0.0,0.0,0.0,0.0
repeat_2_fold_2,ACSL1,0.0,0.0,0.0,0.0,0.0,0.0,0.0
repeat_2_fold_2,ACSL4,0.0,0.0,0.0,0.0,0.0,0.0,0.0
repeat_2_fold_2,ACSL5,0.0,0.0,0.0,0.0,0.0,0.0,0.0
repeat_2_fold_2,ACSL6,0.0,0.0,0.0,0.0,0.0,0.0,0.0
repeat_2_fold_2,ACSM1,0.0,0.0,0.0,0.0,0.0,0.0,0.0
repeat_2_fold_2,ACSM3,0.0,0.0,0.0,0.0,0.0,0.0,0.0
repeat_2_fold_2,ACSM5,0.0,0.0,0.0,0.0,0.0,0.0,0.0
repeat_2_fold_2,ACSS3,0.0,0.0,0.0,0.0,0.0,0.0,0.0
repeat_2_fold_2,ACTA1,0.0,0.0,0.0,0.0,0.0,0.0,0.0
repeat_2_fold_2,ACTA2,0.0,0.0,0.0,0.0,0.0,0.0,0.0
repeat_2_fold_2,ACTB,0.0,0.0,0.0,0.0,0.0,0.0,0.0
repeat_2_fold_2,ACTC1,0.0,0.0,0.0,0.0,0.0,0.0,0.0
repeat_2_fold_2,ACTG1,0.0,0.0,0.0,0.0,0.0,0.0,0.0
repeat_2_fold_2,ACTG2,0.0,0.0,0.0,0.0,0.0,0.0,0.0
repeat_2_fold_2,ACTL6A,0.0,0.0,0.0,0.0,0.0,0.0,0.0
repeat_2_fold_2,ACTL6B,0.0,0.0,0.0,0.0,0.0,0.0,0.0
repeat_2_fold_2,ACTN1,0.0,0.0,0.0,0.0,0.0,0.0,0.0
repeat_2_fold_2,ACTN2,0.0,0.0,0.0,0.0,0.0,0.0,0.0
repeat_2_fold_2,ACTN3,0.0,0.0,0.0,0.0,0.0,0.0,0.0
repeat_2_fold_2,ACTN4,0.0,0.0,0.0,0.0,0.0,0.0,0.0
repeat_2_fold_2,ACTR10,0.0,0.0,0.0,0.0,0.0,0.0,0.0
repeat_2_fold_2,ACTR1A,0.0,0.0,0.0,0.0,0.0,0.0,0.0
repeat_2_fold_2,ACTR1B,0.0,0.0,0.0,0.0,0.0,0.0,0.0
repeat_2_fold_2,ACTR2,0.0,0.0,0.0,0.0,0.0,0.0,0.0
repeat_2_fold_2,ACTR3,0.0,0.0,0.0,0.0,0.0,0.0,0.0
repeat_2_fold_2,ACTR5,0.0,0.0,0.0,0.0,0.0,0.0,0.0
repeat_2_fold_2,ACTR8,0.0,0.0,0.0,0.0,0.0,0.0,0.0
repeat_2_fold_2,ACVR1B,0.0,0.0,0.0,0.0,0.0,0.0,0.0
repeat_2_fold_2,ACVR2A,0.0,0.0,0.0,0.0,0.0,0.0,0.0
repeat_2_fold_2,ACVR2B,0.0,0.0,0.0,0.0,0.0,0.0,0.0
repeat_2_fold_2,ACVRL1,0.0,0.0,0.0,0.0,0.0,0.0,0.0
repeat_2_fold_2,ACY1,0.0,0.0,0.0,0.0,0.0,0.0,0.0
repeat_2_fold_2,ADA,0.0,0.0,0.0,0.0,0.0,0.0,0.0
repeat_2_fold_2,ADA2,0.0,0.0,0.0,0.0,0.0,0.0,0.0
repeat_2_fold_2,ADAM10,-0.30418299400225024,1.4761278746756301,0.7380639373378151,-1.0422469313400653,0.25,-0.00020695364238410008,0.5
repeat_2_fold_2,ADAM11,0.0,0.0,0.0,0.0,0.0,0.0,0.0
repeat_2_fold_2,ADAM12,0.0,0.0,0.0,0.0,0.0,0.0,0.0
repeat_2_fold_2,ADAM15,0.0,0.0,0.0,0.0,0.0,0.0,0.0
repeat_2_fold_2,ADAM17,0.0,0.0,0.0,0.0,0.0,0.0,0.0
repeat_2_fold_2,ADAM19,0.0,0.0,0.0,0.0,0.0,0.0,0.0
repeat_2_fold_2,ADAM2,0.0,0.0,0.0,0.0,0.0,0.0,0.0
repeat_2_fold_2,ADAM20,0.0,0.0,0.0,0.0,0.0,0.0,0.0
repeat_2_fold_2,ADAM21,0.0,0.0,0.0,0.0,0.0,0.0,0.0
repeat_2_fold_2,ADAM22,0.0,0.0,0.0,0.0,0.0,0.0,0.0
repeat_2_fold_2,ADAM23,0.0,0.0,0.0,0.0,0.0,0.0,0.0
repeat_2_fold_2,ADAM30,0.0,0.0,0.0,0.0,0.0,0.0,0.0
repeat_2_fold_2,ADAM8,0.0,0.0,0.0,0.0,0.0,0.0,0.0
repeat_2_fold_2,ADAM9,0.0,0.0,0.0,0.0,0.0,0.0,0.0
repeat_2_fold_2,ADAMTS1,0.15297452094823782,0.1766397616972383,0.08831988084861915,0.06465464009961867,0.5,0.000813008130081283,0.5
repeat_2_fold_2,ADAMTS12,0.0,0.0,0.0,0.0,0.0,0.0,0.0
repeat_2_fold_2,ADAMTS13,0.0,0.0,0.0,0.0,0.0,0.0,0.0
repeat_2_fold_2,ADAMTS2,0.0,0.0,0.0,0.0,0.0,0.0,0.0
repeat_2_fold_2,ADAMTS20,0.0,0.0,0.0,0.0,0.0,0.0,0.0
repeat_2_fold_2,ADAMTS3,0.0,0.0,0.0,0.0,0.0,0.0,0.0
repeat_2_fold_2,ADAMTS5,0.0,0.0,0.0,0.0,0.0,0.0,0.0
repeat_2_fold_2,ADAMTS6,0.0,0.0,0.0,0.0,0.0,0.0008278145695364003,0.5
repeat_2_fold_2,ADAMTS7,0.0,0.0,0.0,0.0,0.0,0.0,0.0
repeat_2_fold_2,ADAMTS8,0.0,0.0,0.0,0.0,0.0,0.0,0.0
repeat_2_fold_2,ADAMTS9,0.0,0.0,0.0,0.0,0.0,0.0,0.0
repeat_2_fold_2,ADAMTSL2,0.0,0.0,0.0,0.0,0.0,0.0,0.0
repeat_2_fold_2,ADAMTSL3,0.0,0.0,0.0,0.0,0.0,0.0,0.0
repeat_2_fold_2,ADAMTSL4,0.0,0.0,0.0,0.0,0.0,0.0,0.0
repeat_2_fold_2,ADAR,0.0,0.0,0.0,0.0,0.0,0.0,0.0
repeat_2_fold_2,ADARB1,0.0,0.0,0.0,0.0,0.0,0.0,0.0
repeat_2_fold_2,ADAT1,0.0,0.0,0.0,0.0,0.0,0.0,0.0
repeat_2_fold_2,ADCY1,0.0,0.0,0.0,0.0,0.0,0.0,0.0
repeat_2_fold_2,ADCY2,0.0,0.0,0.0,0.0,0.0,0.0,0.0
repeat_2_fold_2,ADCY3,0.0,0.0,0.0,0.0,0.0,0.0,0.0
repeat_2_fold_2,ADCY6,0.0,0.0,0.0,0.0,0.0,0.0,0.0
repeat_2_fold_2,ADCY7,0.0,0.0,0.0,0.0,0.0,0.0,0.0
repeat_2_fold_2,ADCY8,0.0,0.0,0.0,0.0,0.0,0.0,0.0
repeat_2_fold_2,ADCY9,0.0,0.0,0.0,0.0,0.0,0.0,0.0
repeat_2_fold_2,ADCYAP1,0.0,0.0,0.0,0.0,0.0,0.0,0.0
repeat_2_fold_2,ADCYAP1R1,0.0,0.0,0.0,0.0,0.0,0.0,0.0
repeat_2_fold_2,ADD1,0.0,0.0,0.0,0.0,0.0,0.0,0.0
repeat_2_fold_2,ADD3,0.0,0.0,0.0,0.0,0.0,0.0,0.0
repeat_2_fold_2,ADGRE1,0.0,0.0,0.0,0.0,0.0,0.0,0.0
repeat_2_fold_2,ADGRE2,0.0,0.0,0.0,0.0,0.0,0.0,0.0
repeat_2_fold_2,ADGRE3,0.0,0.0,0.0,0.0,0.0,0.0,0.0
repeat_2_fold_2,ADGRE5,0.0,0.0,0.0,0.0,0.0,0.0,0.0
repeat_2_fold_2,ADGRF5,0.0,0.0,0.0,0.0,0.0,0.0,0.0
repeat_2_fold_2,ADGRG3,0.0,0.0,0.0,0.0,0.0,0.0,0.0
repeat_2_fold_2,ADGRG6,0.0,0.0,0.0,0.0,0.0,0.0,0.0
repeat_2_fold_2,ADGRV1,0.0,0.0,0.0,0.0,0.0,0.0,0.0
repeat_2_fold_2,ADH1A,0.0,0.0,0.0,0.0,0.0,0.0,0.0
repeat_2_fold_2,ADH1B,0.0,0.0,0.0,0.0,0.0,0.0,0.0
repeat_2_fold_2,ADH1C,0.0,0.0,0.0,0.0,0.0,0.0,0.0
repeat_2_fold_2,ADH5,0.0,0.0,0.0,0.0,0.0,0.0,0.0
repeat_2_fold_2,ADH6,0.0,0.0,0.0,0.0,0.0,0.0,0.0
repeat_2_fold_2,ADH7,0.0,0.0,0.0,0.0,0.0,0.0,0.0
repeat_2_fold_2,ADORA2A,0.0,0.0,0.0,0.0,0.0,0.0,0.0
repeat_2_fold_2,AGBL2,0.08303349670181426,0.28426944931440323,0.14213472465720162,-0.05910122795538736,0.25,-0.000816709739945104,1.0
repeat_2_fold_2,AGO3,0.0,0.0,0.0,0.0,0.0,0.0,0.0
repeat_2_fold_2,AGPAT1,0.0,0.0,0.0,0.0,0.0,0.0,0.0
repeat_2_fold_2,AKAP10,0.0,0.0,0.0,0.0,0.0,0.0,0.0
repeat_2_fold_2,AKR1D1,0.0,0.0,0.0,0.0,0.0,0.0,0.0
repeat_2_fold_2,ALAD,-0.5690163754919837,0.7363535518972035,0.36817677594860176,-0.9371931514405855,0.0,0.0014375706670973765,1.0
repeat_2_fold_2,ALDH7A1,0.0,0.0,0.0,0.0,0.0,0.0,0.0
repeat_2_fold_2,ALG13,0.0,0.0,0.0,0.0,0.0,-0.001422764227642287,0.5
repeat_2_fold_2,ALG9,-0.2593826377350599,0.5937221142030337,0.29686105710151683,-0.5562436948365768,0.25,-0.00021805847197547967,1.0
repeat_2_fold_2,ALOX12,0.0,0.0,0.0,0.0,0.0,-0.000406504065040697,1.0
repeat_2_fold_2,AMBN,0.0,0.0,0.0,0.0,0.0,0.0,0.0
repeat_2_fold_2,AMH,0.33673479769668546,0.38882785219139104,0.19441392609569552,0.14232087160098994,0.5,-0.00040650406504066927,0.5
repeat_2_fold_2,AMPD3,0.0,0.0,0.0,0.0,0.0,0.0,0.0
repeat_2_fold_2,ANKH,0.0,0.0,0.0,0.0,0.0,0.0,0.0
repeat_2_fold_2,ANKLE2,0.567833343462091,0.5457963008579612,0.2728981504289806,0.29493519303311044,1.0,0.009712014752597808,1.0
repeat_2_fold_2,ANKRD27,0.002640433814097065,0.00528086762819413,0.002640433814097065,0.0,0.25,0.0014486754966887283,0.5
repeat_2_fold_2,AP2M1,0.0,0.0,0.0,0.0,0.0,0.0,0.0
repeat_2_fold_2,AP3S1,0.0,0.0,0.0,0.0,0.0,0.0,0.0
repeat_2_fold_2,APBA2,0.0,0.0,0.0,0.0,0.0,-0.00020695364238410008,0.5
repeat_2_fold_2,APCS,0.0,0.0,0.0,0.0,0.0,0.0,0.0
repeat_2_fold_2,AQP5,0.0,0.0,0.0,0.0,0.0,0.0,0.0
repeat_2_fold_2,ARF1,0.0,0.0,0.0,0.0,0.0,0.0,0.0
repeat_2_fold_2,ARF3,0.0,0.0,0.0,0.0,0.0,0.0,0.0
repeat_2_fold_2,ARFGAP1,0.0,0.0,0.0,0.0,0.0,0.00020695364238410008,0.5
repeat_2_fold_2,ARHGAP24,0.0,0.0,0.0,0.0,0.0,0.0,0.0
repeat_2_fold_2,ARHGAP44,0.0,0.0,0.0,0.0,0.0,0.0,0.0
repeat_2_fold_2,ARHGDIB,0.1412352577508713,0.2589876158009997,0.12949380790049986,0.011741449850371455,0.5,0.0028492300651483116,1.0
repeat_2_fold_2,ARHGEF18,0.0,0.0,0.0,0.0,0.0,0.0,0.0
repeat_2_fold_2,ARL1,0.40211098484973107,0.7971963605912394,0.3985981802956197,0.0035128045541113484,0.5,0.00041390728476820016,0.5
repeat_2_fold_2,ARMC8,0.0,0.0,0.0,0.0,0.0,0.0,0.0
repeat_2_fold_2,ARPC4,0.11418745906425976,0.2283749181285195,0.11418745906425976,0.0,0.25,0.0018292682926829007,0.5
repeat_2_fold_2,ART3,0.0,0.0,0.0,0.0,0.0,0.0,0.0
repeat_2_fold_2,ART4,0.0,0.0,0.0,0.0,0.0,0.0,0.0
repeat_2_fold_2,ASB9,0.0,0.0,0.0,0.0,0.0,0.0,0.0
repeat_2_fold_2,ASCC1,0.013291134608509836,0.026582269217019668,0.013291134608509834,1.734723475976807e-18,0.25,0.0006097560975609484,0.5
repeat_2_fold_2,ASCC2,0.0,0.0,0.0,0.0,0.0,0.0008278145695364003,0.5
repeat_2_fold_2,ASCL1,0.0,0.0,0.0,0.0,0.0,0.0,0.0
repeat_2_fold_2,ATF2,0.0,0.0,0.0,0.0,0.0,0.0,0.0
repeat_2_fold_2,ATF7IP,0.0,0.0,0.0,0.0,0.0,-0.00020695364238410008,0.5
repeat_2_fold_2,ATP10D,-0.017448260368611912,0.09746155676954615,0.04873077838477308,-0.06617903875338499,0.25,-0.0008130081300813385,0.5
repeat_2_fold_2,ATP11B,0.5809270399773556,0.6711886992791477,0.33559434963957385,0.24533269033778177,0.5,0.0016556291390728284,0.5
repeat_2_fold_2,ATP1A1,0.0,0.0,0.0,0.0,0.0,0.0,0.0
repeat_2_fold_2,ATP2C1,0.0,0.0,0.0,0.0,0.0,0.0,0.0
repeat_2_fold_2,ATP5MC3,0.0,0.0,0.0,0.0,0.0,0.0,0.0
repeat_2_fold_2,ATP5PF,0.0,0.0,0.0,0.0,0.0,-0.0008278145695364281,0.5
repeat_2_fold_2,ATP6V0D1,-0.040462422345513005,0.08092484469102601,0.040462422345513005,-0.08092484469102601,0.0,0.00040650406504061376,0.5
repeat_2_fold_2,ATP6V1A,0.0,0.0,0.0,0.0,0.0,0.0,0.0
repeat_2_fold_2,ATP6V1H,0.0,0.0,0.0,0.0,0.0,0.0,0.0
repeat_2_fold_2,ATP8B2,0.0,0.0,0.0,0.0,0.0,0.0,0.0
repeat_2_fold_2,AURKA,0.0,0.0,0.0,0.0,0.0,0.0008278145695364003,0.5
repeat_2_fold_2,AURKB,0.035404949261538476,0.0418712667004022,0.0209356333502011,0.014469315911337377,0.5,-0.00020325203252033464,0.5
repeat_2_fold_2,AXL,0.0,0.0,0.0,0.0,0.0,0.0,0.0
repeat_2_fold_2,B9D2,0.0,0.0,0.0,0.0,0.0,0.0,0.0
repeat_2_fold_2,BCL2A1,0.021957554089876652,0.043915108179753304,0.021957554089876652,0.0,0.25,-0.001422764227642287,0.5
repeat_2_fold_2,BEX3,0.0,0.0,0.0,0.0,0.0,0.0,0.0
repeat_2_fold_2,BIN1,0.0,0.0,0.0,0.0,0.0,0.0,0.0
repeat_2_fold_2,BLTP3B,0.0,0.0,0.0,0.0,0.0,0.0,0.0
repeat_2_fold_2,BMP4,0.0,0.0,0.0,0.0,0.0,0.0,0.0
repeat_2_fold_2,BMS1,0.10160530396737855,0.11771887707842965,0.058859438539214826,0.04274586542816372,0.5,-7.4032197275863965e-06,1.0
repeat_2_fold_2,BPHL,0.0,0.0,0.0,0.0,0.0,0.0,0.0
repeat_2_fold_2,BUB1,0.4322292029073278,0.6836807156292819,0.34184035781464095,0.09038884509268685,0.5,-0.001448675496688756,0.5
repeat_2_fold_2,BUD31,0.0,0.0,0.0,0.0,0.0,0.0,0.0
repeat_2_fold_2,C1QA,0.01397503692991009,0.21486267879173884,0.10743133939586942,-0.09345630246595933,0.25,0.0016260162601625938,0.5
repeat_2_fold_2,C2CD5,0.00528086762819413,0.0060978206933853234,0.0030489103466926617,0.0022319572815014685,0.5,0.00020695364238410008,0.5
repeat_2_fold_2,C2orf49,0.0,0.0,0.0,0.0,0.0,0.0010347682119205281,0.5
repeat_2_fold_2,C4BPB,0.0,0.0,0.0,0.0,0.0,0.0,0.0
repeat_2_fold_2,CA2,-0.07875348993995601,0.09423160338735193,0.04711580169367596,-0.12586929163363197,0.0,0.004268292682926805,0.5
repeat_2_fold_2,CA6,0.009810254502635729,0.06933441749738632,0.03466720874869316,-0.024856954246057432,0.25,-0.002845528455284574,0.5
repeat_2_fold_2,CACNA2D1,0.0,0.0,0.0,0.0,0.0,-0.000620860927152328,0.5
repeat_2_fold_2,CAPN15,0.0,0.0,0.0,0.0,0.0,0.0,0.0
repeat_2_fold_2,CATSPER2,0.3408491608922972,0.1385848989982013,0.06929244949910066,0.2715567113931966,1.0,0.0006208609271522725,1.0
repeat_2_fold_2,CATSPERG,0.0,0.0,0.0,0.0,0.0,0.0,0.0
repeat_2_fold_2,CAVIN1,0.0,0.0,0.0,0.0,0.0,0.0,0.0
repeat_2_fold_2,CBS,0.000426382830061911,0.0008527656601238222,0.0004263828300619111,-5.421010862427522e-20,0.25,0.00040650406504061376,0.5
repeat_2_fold_2,CBX1,0.054425309086596485,0.10885061817319297,0.054425309086596485,0.0,0.25,0.0014227642276422592,0.5
repeat_2_fold_2,CBX6,0.0,0.0,0.0,0.0,0.0,0.0,0.0
repeat_2_fold_2,CCKAR,0.0,0.0,0.0,0.0,0.0,0.0,0.0
repeat_2_fold_2,CCL27,0.0,0.0,0.0,0.0,0.0,0.0,0.0
repeat_2_fold_2,CCND3,0.0,0.0,0.0,0.0,0.0,0.0,0.0
repeat_2_fold_2,CCR1,0.0,0.0,0.0,0.0,0.0,0.0,0.0
repeat_2_fold_2,CCR3,0.0,0.0,0.0,0.0,0.0,0.0,0.0
repeat_2_fold_2,CCZ1,0.0,0.0,0.0,0.0,0.0,-0.0008278145695364281,0.5
repeat_2_fold_2,CD14,-0.11855905515058929,0.17555213000283554,0.08777606500141777,-0.20633512015200706,0.0,0.0004065040650406415,0.5
repeat_2_fold_2,CD36,0.1594127593899035,0.21177078119953713,0.10588539059976856,0.05352736879013495,0.5,0.00020325203252030688,0.5
repeat_2_fold_2,CD3D,0.0,0.0,0.0,0.0,0.0,0.0,0.0
repeat_2_fold_2,CD44,0.2694572293410946,0.3182927604859254,0.1591463802429627,0.11031084909813191,0.5,-0.001422764227642287,0.5
repeat_2_fold_2,CD59,0.0,0.0,0.0,0.0,0.0,0.0,0.0
repeat_2_fold_2,CDC16,0.0,0.0,0.0,0.0,0.0,0.0,0.0
repeat_2_fold_2,CDC25A,0.0,0.0,0.0,0.0,0.0,0.0,0.0
repeat_2_fold_2,CDC37,0.0,0.0,0.0,0.0,0.0,0.0,0.0
repeat_2_fold_2,CDC42BPA,0.053753556954021064,0.10750711390804213,0.053753556954021064,0.0,0.25,0.0,0.5
repeat_2_fold_2,CDH12,0.0,0.0,0.0,0.0,0.0,0.0004065040650406415,0.5
repeat_2_fold_2,CDKN1C,0.0,0.0,0.0,0.0,0.0,0.0,0.0
repeat_2_fold_2,CDKN2C,0.0,0.0,0.0,0.0,0.0,0.0,0.0
repeat_2_fold_2,CEACAM8,0.008921181059037053,0.017842362118074107,0.008921181059037053,0.0,0.25,0.0,0.5
repeat_2_fold_2,CENPE,0.0,0.0,0.0,0.0,0.0,0.0,0.0
repeat_2_fold_2,CENPS,0.0,0.0,0.0,0.0,0.0,0.0,0.0
repeat_2_fold_2,CERK,0.0,0.0,0.0,0.0,0.0,-0.0006097560975610039,0.5
repeat_2_fold_2,CERS6,0.0,0.0,0.0,0.0,0.0,0.0,0.0
repeat_2_fold_2,CFHR2,0.0,0.0,0.0,0.0,0.0,0.0,0.0
repeat_2_fold_2,CHD9,0.0,0.0,0.0,0.0,0.0,0.0,0.0
repeat_2_fold_2,CHEK1,0.0,0.0,0.0,0.0,0.0,0.0,0.0
repeat_2_fold_2,CHRNA5,0.09455533155893825,0.1101337182000631,0.05506685910003155,0.0394884724589067,0.5,0.002439024390243877,0.5
repeat_2_fold_2,CHRNB4,0.08202764850701172,0.11606921905325567,0.05803460952662783,0.023993038980383886,0.5,0.0014338690572335833,1.0
repeat_2_fold_2,CHRNE,0.0,0.0,0.0,0.0,0.0,0.0,0.0
repeat_2_fold_2,CHST10,0.0,0.0,0.0,0.0,0.0,0.0,0.0
repeat_2_fold_2,CHST11,0.0,0.0,0.0,0.0,0.0,0.0,0.0
repeat_2_fold_2,CHTOP,0.037954574185516066,0.08445595642941969,0.042227978214709846,-0.004273404029193781,0.25,-0.00121951219512198,0.5
repeat_2_fold_2,CLCN6,0.0,0.0,0.0,0.0,0.0,0.0,0.0
repeat_2_fold_2,CLDN17,0.0,0.0,0.0,0.0,0.0,0.0,0.0
repeat_2_fold_2,CLDN8,0.06336600091069045,0.1267320018213809,0.06336600091069045,0.0,0.25,0.00041390728476820016,0.5
repeat_2_fold_2,CLEC10A,0.0,0.0,0.0,0.0,0.0,0.0,0.0
repeat_2_fold_2,CLEC2B,0.0,0.0,0.0,0.0,0.0,0.0,0.0
repeat_2_fold_2,CLIC2,0.0,0.0,0.0,0.0,0.0,0.0,0.0
repeat_2_fold_2,CLIC5,0.0,0.0,0.0,0.0,0.0,0.0,0.0
repeat_2_fold_2,CLPP,-0.08092484469102601,0.09344396173298505,0.04672198086649253,-0.12764682555751855,0.0,0.00020325203252030688,0.5
repeat_2_fold_2,CMKLR1,0.0,0.0,0.0,0.0,0.0,0.0012417218543046282,0.5
repeat_2_fold_2,CMTM6,0.06336600091069045,0.1267320018213809,0.06336600091069045,0.0,0.25,-0.0004139072847682279,0.5
repeat_2_fold_2,CNDP2,0.0,0.0,0.0,0.0,0.0,0.0,0.0
repeat_2_fold_2,CNGA1,0.0,0.0,0.0,0.0,0.0,0.0,0.0
repeat_2_fold_2,CNIH3,0.171152424709911,0.2590495062164118,0.1295247531082059,0.04162767160170508,0.5,-0.0008130081300813108,0.5
repeat_2_fold_2,COL14A1,0.0,0.0,0.0,0.0,0.0,0.0,0.0
repeat_2_fold_2,COL2A1,0.6766312447320573,0.8064318477113276,0.4032159238556638,0.2734153208763935,0.5,0.000620860927152328,0.5
repeat_2_fold_2,COL4A1,0.0,0.0,0.0,0.0,0.0,0.00020695364238410008,0.5
repeat_2_fold_2,COL4A5,0.0,0.0,0.0,0.0,0.0,0.0,0.0
repeat_2_fold_2,COL4A6,0.0,0.0,0.0,0.0,0.0,0.0,0.0
repeat_2_fold_2,COMMD3,0.0,0.0,0.0,0.0,0.0,0.0,0.0
repeat_2_fold_2,COPG1,-0.040462422345513005,0.08092484469102601,0.040462422345513005,-0.08092484469102601,0.0,0.0014227642276422592,0.5
repeat_2_fold_2,COX4I1,0.0,0.0,0.0,0.0,0.0,0.0,0.0
repeat_2_fold_2,COX5B,0.0,0.0,0.0,0.0,0.0,0.0,0.0
repeat_2_fold_2,CPD,0.0,0.0,0.0,0.0,0.0,0.0,0.5
repeat_2_fold_2,CRTC3,0.0,0.0,0.0,0.0,0.0,0.0,0.0
repeat_2_fold_2,CRYM,0.0,0.0,0.0,0.0,0.0,0.0,0.0
repeat_2_fold_2,CSAD,0.0,0.0,0.0,0.0,0.0,0.0,0.0
repeat_2_fold_2,CSF2,0.0,0.0,0.0,0.0,0.0,0.0,0.0
repeat_2_fold_2,CSGALNACT1,0.0,0.0,0.0,0.0,0.0,0.0,0.0
repeat_2_fold_2,CSN3,0.0,0.0,0.0,0.0,0.0,0.0,0.0
repeat_2_fold_2,CSNK1A1,0.0,0.0,0.0,0.0,0.0,0.0,0.0
repeat_2_fold_2,CSNK2A1,0.0,0.0,0.0,0.0,0.0,-0.0008278145695364558,0.5
repeat_2_fold_2,CTBP1,0.0,0.0,0.0,0.0,0.0,0.0,0.0
repeat_2_fold_2,CTBP2,0.0,0.0,0.0,0.0,0.0,0.0,0.0
repeat_2_fold_2,CTR9,0.0,0.0,0.0,0.0,0.0,0.0,0.0
repeat_2_fold_2,CTSB,0.0,0.0,0.0,0.0,0.0,0.0,0.0
repeat_2_fold_2,CTSC,0.2351962072679754,0.2836956128515973,0.14184780642579864,0.09334840084217677,0.5,0.0032520325203251876,0.5
repeat_2_fold_2,CTSD,0.0,0.0,0.0,0.0,0.0,0.0,0.0
repeat_2_fold_2,CX3CR1,-0.03765381777574106,0.3055845486113391,0.15279227430566955,-0.1904460920814106,0.25,0.0018292682926829285,0.5
repeat_2_fold_2,CXCL11,0.15142222208779543,0.17484732136735998,0.08742366068367999,0.06399856140411544,0.5,0.0016260162601625938,0.5
repeat_2_fold_2,CXCR1,0.0,0.0,0.0,0.0,0.0,0.0,0.0
repeat_2_fold_2,CXCR6,0.06336600091069045,0.1267320018213809,0.06336600091069045,0.0,0.25,-0.00020695364238410008,0.5
repeat_2_fold_2,CYB5R3,0.0,0.0,0.0,0.0,0.0,0.0,0.0
repeat_2_fold_2,CYP26B1,0.04108231121257688,0.08216462242515375,0.041082311212576876,6.938893903907228e-18,0.25,0.0014227642276422592,0.5
repeat_2_fold_2,CYP2F1,0.0,0.0,0.0,0.0,0.0,0.0,0.0
repeat_2_fold_2,CYP51A1,0.0,0.0,0.0,0.0,0.0,-0.0012417218543046282,0.5
repeat_2_fold_2,DACT1,0.7936602344430739,0.9164399000016205,0.4582199500008102,0.33544028444226365,0.5,1.1104829591324084e-05,1.0
repeat_2_fold_2,DAPK2,0.0,0.0,0.0,0.0,0.0,0.0,0.0
repeat_2_fold_2,DBI,0.0,0.0,0.0,0.0,0.0,0.0,0.0
repeat_2_fold_2,DBP,0.0,0.0,0.0,0.0,0.0,0.0,0.0
repeat_2_fold_2,DBT,0.36061391026956,0.4172935860506567,0.20864679302532835,0.15196711724423168,0.5,0.00101626016260159,0.5
repeat_2_fold_2,DCAF11,0.0,0.0,0.0,0.0,0.0,0.0,0.0
repeat_2_fold_2,DCAF16,0.0,0.0,0.0,0.0,0.0,0.00041390728476820016,0.5
repeat_2_fold_2,DCAF8,0.0,0.0,0.0,0.0,0.0,0.0,0.0
repeat_2_fold_2,DCC,0.0,0.0,0.0,0.0,0.0,0.0,0.0
repeat_2_fold_2,DEFB126,0.0,0.0,0.0,0.0,0.0,0.0,0.0
repeat_2_fold_2,DELE1,0.0,0.0,0.0,0.0,0.0,0.0,0.0
repeat_2_fold_2,DENND3,0.0,0.0,0.0,0.0,0.0,0.0,0.0
repeat_2_fold_2,DGKA,0.02546517422554828,0.08394307221463836,0.04197153610731918,-0.016506361881770897,0.25,0.000813008130081283,0.5
repeat_2_fold_2,DGKZ,0.0,0.0,0.0,0.0,0.0,0.0020695364238410563,0.5
repeat_2_fold_2,DHRS9,0.0,0.0,0.0,0.0,0.0,0.0,0.0
repeat_2_fold_2,DHX38,0.0,0.0,0.0,0.0,0.0,0.0,0.0
repeat_2_fold_2,DHX8,0.0,0.0,0.0,0.0,0.0,0.0,0.0
repeat_2_fold_2,DIAPH2,0.0,0.0,0.0,0.0,0.0,0.0,0.0
repeat_2_fold_2,DNAJC13,0.002640433814097065,0.00528086762819413,0.002640433814097065,0.0,0.25,0.00020695364238410008,0.5
repeat_2_fold_2,DNMT3B,0.0,0.0,0.0,0.0,0.0,0.0,0.0
repeat_2_fold_2,DRD4,0.0,0.0,0.0,0.0,0.0,0.0,0.0
repeat_2_fold_2,DRG1,0.0,0.0,0.0,0.0,0.0,0.0,0.0
repeat_2_fold_2,DSG2,0.0,0.0,0.0,0.0,0.0,0.0,0.0
repeat_2_fold_2,DSPP,0.0,0.0,0.0,0.0,0.0,0.0,0.0
repeat_2_fold_2,DTX2,0.0,0.0,0.0,0.0,0.0,0.0,0.0
repeat_2_fold_2,DTX4,-0.006967490361756035,0.01393498072351207,0.006967490361756035,-0.01393498072351207,0.0,-0.002276490066225184,0.5
repeat_2_fold_2,DTYMK,0.0,0.0,0.0,0.0,0.0,0.0,0.0
repeat_2_fold_2,DYNC1LI1,0.0,0.0,0.0,0.0,0.0,0.0,0.0
repeat_2_fold_2,DYNLL1,0.0,0.0,0.0,0.0,0.0,0.0,0.0
repeat_2_fold_2,E2F5,0.0,0.0,0.0,0.0,0.0,0.0,0.0
repeat_2_fold_2,ECHS1,0.08333635835302644,0.16667271670605288,0.08333635835302644,0.0,0.25,0.0008278145695364003,0.5
repeat_2_fold_2,EDC3,0.0,0.0,0.0,0.0,0.0,0.0,0.0
repeat_2_fold_2,EDNRB,0.2708051408656118,0.31270824333831154,0.15635412166915577,0.11445101919645603,0.5,0.0026422764227642115,1.0
repeat_2_fold_2,EEA1,1.0823825430126277,1.3257972998401608,0.6628986499200804,0.4194838930925473,0.5,0.0010347682119205281,0.5
repeat_2_fold_2,EEF1A2,0.0465632318447593,0.07060758385072738,0.03530379192536369,0.011259439919395611,0.5,-0.0016260162601626216,0.5
repeat_2_fold_2,EFNA3,0.11418745906425976,0.2283749181285195,0.11418745906425976,0.0,0.25,0.00020325203252030688,0.5
repeat_2_fold_2,EFNB3,0.0,0.0,0.0,0.0,0.0,0.0006208609271523002,0.5
repeat_2_fold_2,EGFR,0.0,0.0,0.0,0.0,0.0,0.0,0.0
repeat_2_fold_2,EGLN1,0.0,0.0,0.0,0.0,0.0,0.0,0.0
repeat_2_fold_2,EIF2AK2,0.0,0.0,0.0,0.0,0.0,0.0,0.0
repeat_2_fold_2,EIF2B2,0.0,0.0,0.0,0.0,0.0,-0.00020325203252033464,0.5
repeat_2_fold_2,EIF2S3,0.0,0.0,0.0,0.0,0.0,0.0,0.0
repeat_2_fold_2,EIF3L,0.0,0.0,0.0,0.0,0.0,0.0,0.0
repeat_2_fold_2,EIF4G2,0.0,0.0,0.0,0.0,0.0,0.0,0.0
repeat_2_fold_2,ELF1,0.0,0.0,0.0,0.0,0.0,0.0,0.0
repeat_2_fold_2,ELOB,0.0,0.0,0.0,0.0,0.0,0.0,0.0
repeat_2_fold_2,ELP5,0.0,0.0,0.0,0.0,0.0,0.0,0.0
repeat_2_fold_2,EMID1,0.0539989262565328,0.1079978525130656,0.0539989262565328,0.0,0.25,-0.0014227642276423147,0.5
repeat_2_fold_2,EMILIN1,0.0,0.0,0.0,0.0,0.0,-0.000620860927152328,0.5
repeat_2_fold_2,EPB41L2,0.0,0.0,0.0,0.0,0.0,0.0,0.0
repeat_2_fold_2,EPHA3,0.0,0.0,0.0,0.0,0.0,0.0,0.0
repeat_2_fold_2,EPRS1,0.0,0.0,0.0,0.0,0.0,0.0,0.0
repeat_2_fold_2,ERBIN,0.0,0.0,0.0,0.0,0.0,0.0,0.0
repeat_2_fold_2,ESRRB,0.0,0.0,0.0,0.0,0.0,0.0,0.0
repeat_2_fold_2,EXOSC1,0.0,0.0,0.0,0.0,0.0,0.0,0.0
repeat_2_fold_2,EXOSC2,0.0,0.0,0.0,0.0,0.0,0.0,0.0
repeat_2_fold_2,EXOSC8,0.0,0.0,0.0,0.0,0.0,0.0,0.0
repeat_2_fold_2,F2R,0.0,0.0,0.0,0.0,0.0,0.0,0.0
repeat_2_fold_2,F5,0.0,0.0,0.0,0.0,0.0,0.0,0.0
repeat_2_fold_2,FABP1,0.0,0.0,0.0,0.0,0.0,0.0,0.0
repeat_2_fold_2,FABP3,0.0,0.0,0.0,0.0,0.0,0.0,0.0
repeat_2_fold_2,FADS2,0.0,0.0,0.0,0.0,0.0,0.0,0.0
repeat_2_fold_2,FAF2,0.0,0.0,0.0,0.0,0.0,0.00020695364238407232,0.5
repeat_2_fold_2,FANCI,0.0,0.0,0.0,0.0,0.0,0.0,0.0
repeat_2_fold_2,FBXO11,0.14175865348564543,0.11686996376408557,0.05843498188204278,0.08332367160360264,1.0,0.0026533812523555356,1.0
repeat_2_fold_2,FBXO31,0.04778396342550906,0.09556792685101811,0.04778396342550906,0.0,0.25,-2.7755575615628914e-17,0.5
repeat_2_fold_2,FBXW11,0.0,0.0,0.0,0.0,0.0,0.0,0.0
repeat_2_fold_2,FBXW7,0.0,0.0,0.0,0.0,0.0,-0.00020325203252033464,0.5
repeat_2_fold_2,FCN1,0.0,0.0,0.0,0.0,0.0,0.0012417218543046005,0.5
repeat_2_fold_2,FDPS,0.0,0.0,0.0,0.0,0.0,0.0,0.0
repeat_2_fold_2,FECH,0.11418745906425976,0.2283749181285195,0.11418745906425976,0.0,0.25,0.00040650406504061376,0.5
repeat_2_fold_2,FER,0.0,0.0,0.0,0.0,0.0,0.0,0.0
repeat_2_fold_2,FERMT2,0.0,0.0,0.0,0.0,0.0,-0.001448675496688756,0.5
repeat_2_fold_2,FGF7,0.08333635835302644,0.16667271670605288,0.08333635835302644,0.0,0.25,0.0006208609271523002,0.5
repeat_2_fold_2,FLRT2,0.0,0.0,0.0,0.0,0.0,0.0,0.0
repeat_2_fold_2,FMO1,0.0,0.0,0.0,0.0,0.0,0.0,0.0
repeat_2_fold_2,FMOD,0.021957554089876652,0.043915108179753304,0.021957554089876652,0.0,0.25,0.00101626016260159,0.5
repeat_2_fold_2,FNBP1,0.0,0.0,0.0,0.0,0.0,0.0,0.0
repeat_2_fold_2,FOLR1,0.0,0.0,0.0,0.0,0.0,0.00020695364238410008,0.5
repeat_2_fold_2,FOXA2,0.11114996433620128,0.22229992867240256,0.11114996433620128,0.0,0.25,0.00041390728476820016,0.5
repeat_2_fold_2,FOXO1,0.0,0.0,0.0,0.0,0.0,0.0,0.0
repeat_2_fold_2,FSCN1,0.0,0.0,0.0,0.0,0.0,0.0,0.0
repeat_2_fold_2,FSHR,0.0838579604348304,0.1534485621026104,0.0767242810513052,0.007133679383525202,0.5,-0.0006097560975610039,0.5
repeat_2_fold_2,FST,0.20502674254482045,0.2377933042300827,0.11889665211504136,0.0861300904297791,0.5,-0.0010458730415119077,1.0
repeat_2_fold_2,FTCD,0.0,0.0,0.0,0.0,0.0,0.0006208609271523002,0.5
repeat_2_fold_2,FUS,0.12210028386397909,0.2457616521393559,0.12288082606967796,-0.0007805422056988698,0.25,0.003872893447477488,1.0
repeat_2_fold_2,FUT9,0.0,0.0,0.0,0.0,0.0,0.0,0.0
repeat_2_fold_2,FYB1,0.0,0.0,0.0,0.0,0.0,0.0,0.0
repeat_2_fold_2,FZD4,0.0,0.0,0.0,0.0,0.0,0.0,0.0
repeat_2_fold_2,FZD5,0.0,0.0,0.0,0.0,0.0,0.0,0.0
repeat_2_fold_2,G3BP1,0.0,0.0,0.0,0.0,0.0,0.0,0.0
repeat_2_fold_2,GABPB1,0.0,0.0,0.0,0.0,0.0,0.0,0.0
repeat_2_fold_2,GAPVD1,0.0,0.0,0.0,0.0,0.0,-0.00020695364238410008,0.5
repeat_2_fold_2,GAS2,0.0,0.0,0.0,0.0,0.0,0.0,0.0
repeat_2_fold_2,GBP1,0.0,0.0,0.0,0.0,0.0,0.0,0.0
repeat_2_fold_2,GC,0.0,0.0,0.0,0.0,0.0,0.0,0.0
repeat_2_fold_2,GDF5,0.0,0.0,0.0,0.0,0.0,0.0,0.0
repeat_2_fold_2,GDNF,0.0,0.0,0.0,0.0,0.0,0.0,0.0
repeat_2_fold_2,GFER,0.0,0.0,0.0,0.0,0.0,0.0,0.0
repeat_2_fold_2,GFM1,0.0,0.0,0.0,0.0,0.0,0.0,0.0
repeat_2_fold_2,GFRA2,0.23003871761674333,0.2850691418950451,0.14253457094752256,0.08750414666922077,0.5,0.0002180584719753964,1.0
repeat_2_fold_2,GINS4,0.0,0.0,0.0,0.0,0.0,0.0,0.0
repeat_2_fold_2,GJA5,0.0,0.0,0.0,0.0,0.0,0.0,0.0
repeat_2_fold_2,GJA9,0.0,0.0,0.0,0.0,0.0,0.0,0.0
repeat_2_fold_2,GLB1,0.0,0.0,0.0,0.0,0.0,0.0,0.0
repeat_2_fold_2,GMPR,0.0,0.0,0.0,0.0,0.0,0.0,0.0
repeat_2_fold_2,GNAI3,0.0,0.0,0.0,0.0,0.0,0.0,0.0
repeat_2_fold_2,GNG12,0.0,0.0,0.0,0.0,0.0,0.0,0.0
repeat_2_fold_2,GNG5,0.0,0.0,0.0,0.0,0.0,0.0008278145695364003,0.5
repeat_2_fold_2,GNPDA1,0.0,0.0,0.0,0.0,0.0,0.0,0.0
repeat_2_fold_2,GOSR1,0.0,0.0,0.0,0.0,0.0,0.0,0.0
repeat_2_fold_2,GPC4,0.0,0.0,0.0,0.0,0.0,0.0,0.0
repeat_2_fold_2,GPR32,0.0,0.0,0.0,0.0,0.0,-0.0003953992354493452,1.0
repeat_2_fold_2,GRB2,0.0,0.0,0.0,0.0,0.0,0.0,0.0
repeat_2_fold_2,GRM1,0.0,0.0,0.0,0.0,0.0,0.0,0.0
repeat_2_fold_2,GRPR,0.2722900263082728,0.3144134399734632,0.1572067199867316,0.1150833063215412,0.5,0.00020325203252030688,0.5
repeat_2_fold_2,GSPT1,0.0,0.0,0.0,0.0,0.0,0.0,0.0
repeat_2_fold_2,GSS,0.0,0.0,0.0,0.0,0.0,0.0,0.0
repeat_2_fold_2,GSTA2,0.0,0.0,0.0,0.0,0.0,0.0,0.0
repeat_2_fold_2,GTF2H3,0.0,0.0,0.0,0.0,0.0,0.0014005545684595555,1.0
repeat_2_fold_2,GUCY1A1,0.0,0.0,0.0,0.0,0.0,0.0,0.5
repeat_2_fold_2,GYPA,0.0,0.0,0.0,0.0,0.0,0.0,0.0
repeat_2_fold_2,GZMB,0.0,0.0,0.0,0.0,0.0,0.0,0.0
repeat_2_fold_2,H2AC14,0.0,0.0,0.0,0.0,0.0,0.0008278145695364003,0.5
repeat_2_fold_2,H2AC25,0.06336600091069045,0.1267320018213809,0.06336600091069045,0.0,0.25,0.00041390728476820016,0.5
repeat_2_fold_2,H2AC4,0.0,0.0,0.0,0.0,0.0,0.0,0.0
repeat_2_fold_2,H2AC6,0.012163431686236237,0.14507473534393717,0.07253736767196858,-0.06037393598573235,0.25,-0.005081300813008144,0.5
repeat_2_fold_2,H2AZ1,0.0,0.0,0.0,0.0,0.0,0.0,0.0
repeat_2_fold_2,H2BC12L,-0.11265873919215963,0.1400772561597344,0.0700386280798672,-0.18269736727202684,0.0,-0.00020325203252033464,0.5
repeat_2_fold_2,H2BC21,-0.04781148251905698,0.07431928291035225,0.037159641455176126,-0.0849711239742331,0.0,-0.007113821138211379,0.5
repeat_2_fold_2,H2BC3,0.8541864262266152,0.8465754667466779,0.42328773337333897,0.43089869285327626,1.0,0.00325203252032516,1.0
repeat_2_fold_2,H2BC5,0.0,0.0,0.0,0.0,0.0,0.0,0.0
repeat_2_fold_2,H2BC6,-0.05127494714556846,0.21886213695887843,0.10943106847943922,-0.1607060156250077,0.25,-0.005284552845528451,0.5
repeat_2_fold_2,H2BC7,0.09584860357687752,0.1487992330989822,0.0743996165494911,0.02144898702738643,0.5,-0.0006097560975610039,0.5
repeat_2_fold_2,H2BC9,0.019847354285165153,0.09740115233044527,0.04870057616522264,-0.028853221880057484,0.25,0.000813008130081283,0.5
repeat_2_fold_2,H3-3B,0.002640433814097065,0.00528086762819413,0.002640433814097065,0.0,0.25,0.00020695364238410008,0.5
repeat_2_fold_2,H3C1,0.0,0.0,0.0,0.0,0.0,0.0,0.0
repeat_2_fold_2,H3C3,0.09654701127001886,0.11710732256292582,0.05855366128146291,0.03799334998855595,0.5,0.0032520325203251876,0.5
repeat_2_fold_2,H4C6,0.0,0.0,0.0,0.0,0.0,0.0,0.0
repeat_2_fold_2,HACD1,0.0,0.0,0.0,0.0,0.0,0.0,0.0
repeat_2_fold_2,HACD2,0.0,0.0,0.0,0.0,0.0,0.0,0.0
repeat_2_fold_2,HCRTR2,0.0,0.0,0.0,0.0,0.0,0.0,0.0
repeat_2_fold_2,HDAC3,0.05298377313333624,0.35310173200891504,0.17655086600445752,-0.12356709287112128,0.5,0.0007982016906261657,1.0
repeat_2_fold_2,HDAC7,0.0,0.0,0.0,0.0,0.0,0.0,0.0
repeat_2_fold_2,HDC,-0.06583232351113288,0.08771519947619744,0.04385759973809872,-0.1096899232492316,0.0,0.002235772357723542,0.5
repeat_2_fold_2,HEPH,0.0,0.0,0.0,0.0,0.0,0.0010347682119205004,0.5
repeat_2_fold_2,HEXA,0.0,0.0,0.0,0.0,0.0,0.0,0.0
repeat_2_fold_2,HGFAC,0.0,0.0,0.0,0.0,0.0,0.0,0.0
repeat_2_fold_2,HGSNAT,0.0,0.0,0.0,0.0,0.0,0.0,0.0
repeat_2_fold_2,HK2,0.0,0.0,0.0,0.0,0.0,0.0,0.0
repeat_2_fold_2,HLA-A,-0.03885216827571725,0.07291275687238359,0.036456378436191796,-0.07530854671190904,0.0,0.0032520325203251876,0.5
repeat_2_fold_2,HLA-B,0.0,0.0,0.0,0.0,0.0,0.0,0.0
repeat_2_fold_2,HLA-DMA,-0.07210659109152218,0.08857554799647512,0.04428777399823756,-0.11639436508975973,0.0,0.00223577235772357,0.5
repeat_2_fold_2,HLA-DQB1,0.0,0.0,0.0,0.0,0.0,0.0006208609271523002,0.5
repeat_2_fold_2,HLA-DRB5,0.0,0.0,0.0,0.0,0.0,0.0,0.0
repeat_2_fold_2,HMOX1,0.33492314563961756,0.3887803730970506,0.1943901865485253,0.14053295909109226,0.5,0.0006097560975609762,0.5
repeat_2_fold_2,HNRNPL,0.0,0.0,0.0,0.0,0.0,0.0,0.0
repeat_2_fold_2,HOMER1,0.0,0.0,0.0,0.0,0.0,0.00041390728476820016,0.5
repeat_2_fold_2,HPRT1,0.0,0.0,0.0,0.0,0.0,0.0,0.0
repeat_2_fold_2,HRC,-0.019215848351702647,0.022188550437125098,0.011094275218562549,-0.030310123570265197,0.0,0.0006208609271523002,0.5
repeat_2_fold_2,HS3ST3B1,-0.06014097371273586,0.07899332961331149,0.03949666480665574,-0.0996376385193916,0.0,0.002845528455284546,0.5
repeat_2_fold_2,HS6ST1,0.0,0.0,0.0,0.0,0.0,0.0,0.0
repeat_2_fold_2,HSD17B7,0.05953325427786993,0.07653951570491692,0.03826975785245846,0.02126349642541147,0.5,-0.001618613040435063,1.0
repeat_2_fold_2,HSPA2,0.0,0.0,0.0,0.0,0.0,0.0,0.0
repeat_2_fold_2,HSPA4L,0.0,0.0,0.0,0.0,0.0,-0.00020695364238410008,0.5
repeat_2_fold_2,HSPB8,0.0,0.0,0.0,0.0,0.0,0.0,0.0
repeat_2_fold_2,HSPD1,0.0,0.0,0.0,0.0,0.0,0.0006208609271523002,0.5
repeat_2_fold_2,HTR1B,0.0,0.0,0.0,0.0,0.0,0.0,0.0
repeat_2_fold_2,HTR4,0.13188763790669178,0.22772696809456358,0.11386348404728179,0.01802415385940999,0.5,-0.0026718893016745016,1.0
repeat_2_fold_2,HTR7,0.28673381974960144,0.3626993967026364,0.1813496983513182,0.10538412139828324,0.5,0.0048780487804877815,0.5
repeat_2_fold_2,HTRA1,-0.01859456863522979,0.04179356164052049,0.020896780820260245,-0.03949134945549004,0.25,-0.0022357723577235977,0.5
repeat_2_fold_2,ID1,0.0,0.0,0.0,0.0,0.0,0.0,0.0
repeat_2_fold_2,IFI27,0.0,0.0,0.0,0.0,0.0,0.0,0.0
repeat_2_fold_2,IFI44L,0.0,0.0,0.0,0.0,0.0,0.0018292682926829007,0.5
repeat_2_fold_2,IFIT3,0.10750711390804213,0.12413852230921577,0.06206926115460788,0.045437852753434246,0.5,0.0004065040650406415,0.5
repeat_2_fold_2,IFNAR1,0.3689467395106689,0.4264253580284697,0.21321267901423485,0.15573406049643407,0.5,0.0034552845528455223,0.5
repeat_2_fold_2,IFNAR2,0.0,0.0,0.0,0.0,0.0,0.0,0.0
repeat_2_fold_2,IFT20,0.0,0.0,0.0,0.0,0.0,0.0,0.0
repeat_2_fold_2,IFT70A,0.0,0.0,0.0,0.0,0.0,0.0,0.0
repeat_2_fold_2,IGF2,0.0,0.0,0.0,0.0,0.0,0.0,0.0
repeat_2_fold_2,IGLC2,0.0,0.0,0.0,0.0,0.0,0.0,0.0
repeat_2_fold_2,IL12RB2,0.15853035316036923,0.1185762954902935,0.05928814774514675,0.09924220541522248,0.75,-0.00040650406504066927,1.0
repeat_2_fold_2,IL16,0.0,0.0,0.0,0.0,0.0,0.0,0.0
repeat_2_fold_2,IL17RA,0.0,0.0,0.0,0.0,0.0,0.0,0.0
repeat_2_fold_2,IL32,0.0,0.0,0.0,0.0,0.0,0.0,0.0
repeat_2_fold_2,IL7R,0.0,0.0,0.0,0.0,0.0,0.0,0.0
repeat_2_fold_2,IMPA1,0.0,0.0,0.0,0.0,0.0,0.0,0.0
repeat_2_fold_2,INCENP,0.0,0.0,0.0,0.0,0.0,0.0,0.0
repeat_2_fold_2,INHBE,0.21693980233308174,0.16946775596627572,0.08473387798313786,0.13220592434994388,1.0,0.002431621170516318,1.0
repeat_2_fold_2,INPP1,0.0,0.0,0.0,0.0,0.0,0.0,0.0
repeat_2_fold_2,INPP5F,0.12547262006280313,0.3926267623405302,0.1963133811702651,-0.07084076110746196,0.5,0.00023656652129430689,1.0
repeat_2_fold_2,INSR,0.0,0.0,0.0,0.0,0.0,0.0,0.0
repeat_2_fold_2,INTS3,0.0,0.0,0.0,0.0,0.0,0.0,0.0
repeat_2_fold_2,INTS6,0.002640433814097065,0.00528086762819413,0.002640433814097065,0.0,0.25,-0.0022764900662251564,0.5
repeat_2_fold_2,IP6K2,0.0,0.0,0.0,0.0,0.0,0.0,0.0
repeat_2_fold_2,IQGAP2,0.0,0.0,0.0,0.0,0.0,0.0,0.0
repeat_2_fold_2,IRF2,0.0,0.0,0.0,0.0,0.0,0.0,0.0
repeat_2_fold_2,ISG15,0.0,0.0,0.0,0.0,0.0,0.0,0.0
repeat_2_fold_2,ITGA3,0.0,0.0,0.0,0.0,0.0,0.0,0.0
repeat_2_fold_2,ITGB2,0.0,0.0,0.0,0.0,0.0,0.0,0.0
repeat_2_fold_2,ITGBL1,0.0,0.0,0.0,0.0,0.0,0.0,0.0
repeat_2_fold_2,JAM2,0.12403131097411801,0.15563015844483255,0.07781507922241628,0.04621623175170174,0.5,0.0016260162601625938,0.5
repeat_2_fold_2,JMJD4,0.0,0.0,0.0,0.0,0.0,0.0,0.0
repeat_2_fold_2,JUNB,0.06733072036031373,0.10664165006124149,0.053320825030620744,0.01400989532969299,0.5,-0.0003991008453131384,1.0
repeat_2_fold_2,KAT8,0.0,0.0,0.0,0.0,0.0,0.0,0.0
repeat_2_fold_2,KCNA3,0.0,0.0,0.0,0.0,0.0,0.0,0.0
repeat_2_fold_2,KCND2,0.0,0.0,0.0,0.0,0.0,0.00040650406504061376,0.5
repeat_2_fold_2,KCNE1,-0.05099503613514855,0.1019900722702971,0.05099503613514855,-0.1019900722702971,0.0,-0.0034552845528455223,0.5
repeat_2_fold_2,KCNE2,0.0,0.0,0.0,0.0,0.0,0.0,0.0
repeat_2_fold_2,KCNJ6,0.0,0.0,0.0,0.0,0.0,0.0,0.0
repeat_2_fold_2,KCNN3,0.0,0.0,0.0,0.0,0.0,0.0,0.0
repeat_2_fold_2,KCNQ3,0.0,0.0,0.0,0.0,0.0,0.002671889301674474,1.0
repeat_2_fold_2,KCTD7,0.0,0.0,0.0,0.0,0.0,-3.7016098637931982e-06,1.0
repeat_2_fold_2,KDM3A,0.0,0.0,0.0,0.0,0.0,0.0,0.0
repeat_2_fold_2,KDM6A,0.0,0.0,0.0,0.0,0.0,0.0,0.0
repeat_2_fold_2,KDM8,0.444614080647046,0.767114172874954,0.383557086437477,0.061056994209569004,0.5,0.0012417218543046005,0.5
repeat_2_fold_2,KIF23,0.0,0.0,0.0,0.0,0.0,0.0,0.0
repeat_2_fold_2,KIF2C,0.0,0.0,0.0,0.0,0.0,0.0,0.0
repeat_2_fold_2,KIF3C,0.0,0.0,0.0,0.0,0.0,-0.00041390728476820016,0.5
repeat_2_fold_2,KIRREL1,0.0,0.0,0.0,0.0,0.0,0.0,0.0
repeat_2_fold_2,KMT5A,-0.47315370024839787,0.5543145781498402,0.2771572890749201,-0.750310989323318,0.0,-0.0045677865719054855,1.0
repeat_2_fold_2,KNL1,0.0,0.0,0.0,0.0,0.0,-0.0012417218543046282,0.5
repeat_2_fold_2,KRT15,0.0,0.0,0.0,0.0,0.0,0.0,0.0
repeat_2_fold_2,KRT75,0.0,0.0,0.0,0.0,0.0,0.0,0.0
repeat_2_fold_2,KRT84,0.0,0.0,0.0,0.0,0.0,0.0,0.0
repeat_2_fold_2,KRT9,0.0,0.0,0.0,0.0,0.0,0.0,0.0
repeat_2_fold_2,KRTAP9-9,0.0,0.0,0.0,0.0,0.0,0.0,0.5
repeat_2_fold_2,KTN1,-0.2781893936571258,0.3372071857313358,0.1686035928656679,-0.4467929865227937,0.0,0.0063267242771765375,1.0
repeat_2_fold_2,LAMA2,0.0,0.0,0.0,0.0,0.0,0.0,0.0
repeat_2_fold_2,LAMA3,0.0,0.0,0.0,0.0,0.0,0.0,0.0
repeat_2_fold_2,LAMTOR2,0.0,0.0,0.0,0.0,0.0,0.0,0.0
repeat_2_fold_2,LDHC,0.0,0.0,0.0,0.0,0.0,0.0,0.0
repeat_2_fold_2,LDLRAP1,0.0,0.0,0.0,0.0,0.0,0.0,0.0
repeat_2_fold_2,LEF1,0.0,0.0,0.0,0.0,0.0,0.0,0.0
repeat_2_fold_2,LEP,0.6188987270397845,0.754570938383412,0.377285469191706,0.24161325784807852,0.5,0.0010347682119205004,0.5
repeat_2_fold_2,LETM1,0.0,0.0,0.0,0.0,0.0,0.0,0.0
repeat_2_fold_2,LHX1,0.1267320018213809,0.1463375107330288,0.0731687553665144,0.05356324645486649,0.5,-0.001448675496688756,0.5
repeat_2_fold_2,LIG1,0.0,0.0,0.0,0.0,0.0,0.0,0.0
repeat_2_fold_2,LIN7A,0.0,0.0,0.0,0.0,0.0,0.0,0.0
repeat_2_fold_2,LIPA,0.0,0.0,0.0,0.0,0.0,0.0,0.0
repeat_2_fold_2,LIPC,0.0,0.0,0.0,0.0,0.0,0.0,0.0
repeat_2_fold_2,LOX,0.0,0.0,0.0,0.0,0.0,0.0,0.0
repeat_2_fold_2,LSM4,0.0,0.0,0.0,0.0,0.0,0.0,0.5
repeat_2_fold_2,LSM6,0.0,0.0,0.0,0.0,0.0,0.0012417218543046282,0.5
repeat_2_fold_2,LSM7,0.0,0.0,0.0,0.0,0.0,0.0,0.0
repeat_2_fold_2,LTBP3,0.0,0.0,0.0,0.0,0.0,-2.7755575615628914e-17,0.5
repeat_2_fold_2,LTBP4,0.0,0.0,0.0,0.0,0.0,0.0,0.0
repeat_2_fold_2,LYN,0.0,0.0,0.0,0.0,0.0,0.0,0.0
repeat_2_fold_2,MAGI2,0.0,0.0,0.0,0.0,0.0,0.0,0.0
repeat_2_fold_2,MAN2A1,0.0,0.0,0.0,0.0,0.0,0.0,0.0
repeat_2_fold_2,MAP2K6,0.0,0.0,0.0,0.0,0.0,0.0,0.0
repeat_2_fold_2,MAP2K7,0.0,0.0,0.0,0.0,0.0,0.0,0.5
repeat_2_fold_2,MAP3K3,0.0,0.0,0.0,0.0,0.0,0.0,0.0
repeat_2_fold_2,MAP4K4,0.0,0.0,0.0,0.0,0.0,0.0,0.0
repeat_2_fold_2,MAPKAPK3,0.0,0.0,0.0,0.0,0.0,0.0,0.0
repeat_2_fold_2,MATN4,0.0,0.0,0.0,0.0,0.0,0.0,0.0
repeat_2_fold_2,MCAT,0.0002849920788019489,0.06090292583775861,0.030451462918879305,-0.030166470840077356,0.25,0.003048780487804853,0.5
repeat_2_fold_2,MCCC1,0.0,0.0,0.0,0.0,0.0,0.0,0.0
repeat_2_fold_2,MCFD2,0.0,0.0,0.0,0.0,0.0,0.0,0.0
repeat_2_fold_2,MCM10,0.0,0.0,0.0,0.0,0.0,0.0,0.0
repeat_2_fold_2,MCM6,0.0,0.0,0.0,0.0,0.0,0.0,0.0
repeat_2_fold_2,MCRS1,0.0,0.0,0.0,0.0,0.0,0.0,0.0
repeat_2_fold_2,MED23,0.0,0.0,0.0,0.0,0.0,0.00041390728476820016,0.5
repeat_2_fold_2,MELTF,0.0,0.0,0.0,0.0,0.0,0.0,0.0
repeat_2_fold_2,MERTK,0.27716069369642327,0.5543213873928465,0.27716069369642327,0.0,0.25,-0.001448675496688756,0.5
repeat_2_fold_2,MFAP4,0.0,0.0,0.0,0.0,0.0,0.0,0.5
repeat_2_fold_2,MGAT2,0.0,0.0,0.0,0.0,0.0,-0.00040650406504066927,0.5
repeat_2_fold_2,MICB,0.0,0.0,0.0,0.0,0.0,0.0,0.0
repeat_2_fold_2,MIEF1,0.0,0.0,0.0,0.0,0.0,0.0,0.0
repeat_2_fold_2,MIF,0.12345596231894795,0.22288217876549082,0.11144108938274541,0.012014872936202542,0.5,-0.00020325203252033464,0.5
repeat_2_fold_2,MIS18A,0.0,0.0,0.0,0.0,0.0,0.0,0.0
repeat_2_fold_2,MKNK1,0.0,0.0,0.0,0.0,0.0,0.0,0.0
repeat_2_fold_2,MKS1,0.2474229215941044,0.4419413049514148,0.2209706524757074,0.026452269118396987,0.5,-0.0006504738060625903,1.0
repeat_2_fold_2,MMADHC,0.0,0.0,0.0,0.0,0.0,0.0,0.0
repeat_2_fold_2,MOCS2,0.0,0.0,0.0,0.0,0.0,0.0,0.0
repeat_2_fold_2,MORC2,0.0,0.0,0.0,0.0,0.0,0.0,0.0
repeat_2_fold_2,MPC2,0.06336600091069045,0.1267320018213809,0.06336600091069045,0.0,0.25,0.00041390728476820016,0.5
repeat_2_fold_2,MRPS10,0.0,0.0,0.0,0.0,0.0,0.0,0.0
repeat_2_fold_2,MRPS15,0.15716838787234266,0.1975466745444988,0.0987733372722494,0.05839505060009326,0.5,-0.001034768211920556,0.5
repeat_2_fold_2,MRPS34,0.0,0.0,0.0,0.0,0.0,0.0,0.0
repeat_2_fold_2,MRTFA,0.0,0.0,0.0,0.0,0.0,0.0,0.0
repeat_2_fold_2,MSL1,0.00528086762819413,0.0060978206933853234,0.0030489103466926617,0.0022319572815014685,0.5,0.0010347682119205281,0.5
repeat_2_fold_2,MT4,0.0,0.0,0.0,0.0,0.0,0.0,0.0
repeat_2_fold_2,MTAP,0.0,0.0,0.0,0.0,0.0,0.0,0.0
repeat_2_fold_2,MTHFD2,0.002640433814097065,0.00528086762819413,0.002640433814097065,0.0,0.25,-0.0004139072847682279,0.5
repeat_2_fold_2,MTMR2,1.6528093172615534,1.9090005153729614,0.9545002576864807,0.6983090595750727,0.5,0.004139072847682113,0.5
repeat_2_fold_2,MYH10,0.0,0.0,0.0,0.0,0.0,0.0,0.0
repeat_2_fold_2,MYH14,0.0,0.0,0.0,0.0,0.0,0.0,0.0
repeat_2_fold_2,MYL7,0.0,0.0,0.0,0.0,0.0,0.0,0.0
repeat_2_fold_2,MYLIP,0.048767210171888564,0.05631152384073384,0.02815576192036692,0.020611448251521645,0.5,0.0016260162601625938,0.5
repeat_2_fold_2,NAB1,-0.08432208633020366,0.11149235730527388,0.05574617865263694,-0.14006826498284058,0.0,-0.00020325203252033464,0.5
repeat_2_fold_2,NANOG,0.0,0.0,0.0,0.0,0.0,0.0,0.0
repeat_2_fold_2,NCAPG2,0.0,0.0,0.0,0.0,0.0,0.0,0.0
repeat_2_fold_2,NCKAP1,0.0,0.0,0.0,0.0,0.0,0.0,0.0
repeat_2_fold_2,NCL,0.0,0.0,0.0,0.0,0.0,0.0,0.0
repeat_2_fold_2,NCOR1,0.0,0.0,0.0,0.0,0.0,0.0,0.0
repeat_2_fold_2,NCR3,0.0,0.0,0.0,0.0,0.0,-0.0006097560975610039,1.0
repeat_2_fold_2,NCSTN,0.0,0.0,0.0,0.0,0.0,0.0,0.0
repeat_2_fold_2,NDUFS6,0.0,0.0,0.0,0.0,0.0,0.0,0.0
repeat_2_fold_2,NDUFV1,0.0,0.0,0.0,0.0,0.0,0.0,0.0
repeat_2_fold_2,NDUFV2,0.0,0.0,0.0,0.0,0.0,0.0,0.0
repeat_2_fold_2,NELFB,0.0,0.0,0.0,0.0,0.0,0.00020325203252030688,0.5
repeat_2_fold_2,NEURL1,0.02047266864721564,0.04094533729443128,0.02047266864721564,0.0,0.25,0.0014227642276422592,0.5
repeat_2_fold_2,NFS1,-0.4003374248652918,0.7001405754681698,0.3500702877340849,-0.7504077125993767,0.0,0.006097560975609748,0.5
repeat_2_fold_2,NFU1,0.0,0.0,0.0,0.0,0.0,0.0,0.0
repeat_2_fold_2,NGLY1,0.0,0.0,0.0,0.0,0.0,0.0,0.0
repeat_2_fold_2,NHERF4,0.002640433814097065,0.00528086762819413,0.002640433814097065,0.0,0.25,-0.001034768211920556,0.5
repeat_2_fold_2,NIPA2,0.0,0.0,0.0,0.0,0.0,0.0,0.0
repeat_2_fold_2,NKX2-5,0.0,0.0,0.0,0.0,0.0,0.0,0.0
repeat_2_fold_2,NLGN4Y,0.0,0.0,0.0,0.0,0.0,0.0,0.0
repeat_2_fold_2,NMU,0.0,0.0,0.0,0.0,0.0,0.0,0.0
repeat_2_fold_2,NOX4,0.7836725185304267,0.8667881269709504,0.4333940634854752,0.35027845504495153,1.0,-0.0010495746513756732,1.0
repeat_2_fold_2,NOX5,0.0,0.0,0.0,0.0,0.0,0.0,0.0
repeat_2_fold_2,NPR2,0.0,0.0,0.0,0.0,0.0,0.0,0.5
repeat_2_fold_2,NR2F6,0.0,0.0,0.0,0.0,0.0,0.0,0.0
repeat_2_fold_2,NRG2,0.0,0.0,0.0,0.0,0.0,-0.0024390243902439324,0.5
repeat_2_fold_2,NRXN3,0.0,0.0,0.0,0.0,0.0,-0.0008278145695364281,0.5
repeat_2_fold_2,NSD2,0.008383719645856047,0.15652540093694245,0.07826270046847122,-0.06987898082261518,0.25,0.00021065525224786552,1.0
repeat_2_fold_2,NT5E,0.03680631353621777,0.07361262707243554,0.03680631353621777,0.0,0.25,-2.7755575615628914e-17,0.5
repeat_2_fold_2,NUCB1,0.0,0.0,0.0,0.0,0.0,0.0,0.0
repeat_2_fold_2,NUDT7,0.0830154890199406,0.10074368808922794,0.05037184404461397,0.03264364497532663,0.5,0.000813008130081283,0.5
repeat_2_fold_2,NUMA1,0.0,0.0,0.0,0.0,0.0,0.0,0.0
repeat_2_fold_2,NUP107,0.10793349673810759,0.12463281174581399,0.062316405872906995,0.0456170908652006,0.5,-0.00040650406504066927,0.5
repeat_2_fold_2,NUP93,0.0,0.0,0.0,0.0,0.0,0.0,0.0
repeat_2_fold_2,ODF2,0.0372947285900711,0.0745894571801422,0.0372947285900711,0.0,0.25,0.0006134577074247138,1.0
repeat_2_fold_2,OGN,0.0,0.0,0.0,0.0,0.0,0.0,0.0
repeat_2_fold_2,OR10H3,0.0,0.0,0.0,0.0,0.0,0.0,0.0
repeat_2_fold_2,OR12D2,0.0,0.0,0.0,0.0,0.0,0.0,0.0
repeat_2_fold_2,OR2B2,0.0,0.0,0.0,0.0,0.0,0.0,0.0
repeat_2_fold_2,OR2F2,0.0,0.0,0.0,0.0,0.0,0.0,0.0
repeat_2_fold_2,OR3A1,0.0,0.0,0.0,0.0,0.0,0.0,0.0
repeat_2_fold_2,OR52A1,0.0,0.0,0.0,0.0,0.0,0.0,0.0
repeat_2_fold_2,OR7E24,0.0,0.0,0.0,0.0,0.0,0.0,0.0
repeat_2_fold_2,OSMR,0.0,0.0,0.0,0.0,0.0,0.0,0.0
repeat_2_fold_2,OTOF,0.0,0.0,0.0,0.0,0.0,0.0016556291390728284,0.5
repeat_2_fold_2,OTUB2,0.0,0.0,0.0,0.0,0.0,0.0,0.0
repeat_2_fold_2,OVGP1,0.0,0.0,0.0,0.0,0.0,0.0010347682119205281,0.5
repeat_2_fold_2,P2RY6,0.0,0.0,0.0,0.0,0.0,0.0,0.0
repeat_2_fold_2,PAIP1,0.0,0.0,0.0,0.0,0.0,0.0,0.0
repeat_2_fold_2,PARD6A,0.16594626327790785,0.1934246698524063,0.09671233492620315,0.0692339283517047,0.5,0.000813008130081283,0.5
repeat_2_fold_2,PARK7,0.0,0.0,0.0,0.0,0.0,0.0,0.0
repeat_2_fold_2,PARP2,-0.2869634882679897,0.5954685082780398,0.2977342541390199,-0.5846977424070096,0.5,0.0016445243094815043,1.0
repeat_2_fold_2,PAX2,0.0,0.0,0.0,0.0,0.0,0.0,0.0
repeat_2_fold_2,PDE10A,0.0,0.0,0.0,0.0,0.0,0.0,0.0
repeat_2_fold_2,PDE1C,0.0,0.0,0.0,0.0,0.0,0.0,0.0
repeat_2_fold_2,PDE3B,0.0,0.0,0.0,0.0,0.0,0.0,0.0
repeat_2_fold_2,PDHA1,0.05042439723960612,0.10084879447921224,0.05042439723960612,0.0,0.25,0.00036578635653902736,1.0
repeat_2_fold_2,PDIA3,0.0,0.0,0.0,0.0,0.0,-0.00020695364238410008,0.5
repeat_2_fold_2,PDP1,0.0,0.0,0.0,0.0,0.0,0.0,0.0
repeat_2_fold_2,PDYN,-0.1158663896759684,0.14545030486234975,0.07272515243117487,-0.1885915421071433,0.0,-0.00040650406504066927,0.5
repeat_2_fold_2,PENK,0.0,0.0,0.0,0.0,0.0,0.0,0.0
repeat_2_fold_2,PEX11A,0.0,0.0,0.0,0.0,0.0,0.0,0.0
repeat_2_fold_2,PFAS,0.0,0.0,0.0,0.0,0.0,0.0,0.0
repeat_2_fold_2,PFKP,0.0,0.0,0.0,0.0,0.0,0.0,0.0
repeat_2_fold_2,PHF21A,0.0,0.0,0.0,0.0,0.0,0.0,0.0
repeat_2_fold_2,PHKG2,0.0,0.0,0.0,0.0,0.0,0.0,0.0
repeat_2_fold_2,PI4KA,0.0,0.0,0.0,0.0,0.0,0.0,0.0
repeat_2_fold_2,PIEZO1,0.0,0.0,0.0,0.0,0.0,0.0,0.0
repeat_2_fold_2,PIGH,0.0,0.0,0.0,0.0,0.0,0.00041390728476820016,0.5
repeat_2_fold_2,PIGO,0.0,0.0,0.0,0.0,0.0,0.0,0.0
repeat_2_fold_2,PIGQ,0.0,0.0,0.0,0.0,0.0,0.00040650406504061376,0.5
repeat_2_fold_2,PIK3C2A,0.0,0.0,0.0,0.0,0.0,0.0,0.0
repeat_2_fold_2,PIK3CD,0.06336600091069045,0.1267320018213809,0.06336600091069045,0.0,0.25,0.00041390728476820016,0.5
repeat_2_fold_2,PIP5K1A,0.0,0.0,0.0,0.0,0.0,0.0,0.0
repeat_2_fold_2,PISD,0.0,0.0,0.0,0.0,0.0,0.0,0.0
repeat_2_fold_2,PIWIL1,0.00528086762819413,0.0060978206933853234,0.0030489103466926617,0.0022319572815014685,0.5,-0.0008278145695364281,0.5
repeat_2_fold_2,PKN1,-0.07786114488031437,0.09999286792940569,0.049996433964702845,-0.12785757884501722,0.0,-0.001840373122274308,1.0
repeat_2_fold_2,PKP2,0.0,0.0,0.0,0.0,0.0,-0.00041390728476820016,0.5
repeat_2_fold_2,PLAAT3,0.0,0.0,0.0,0.0,0.0,0.00041390728476820016,0.5
repeat_2_fold_2,PLAAT4,0.0,0.0,0.0,0.0,0.0,-0.00020325203252033464,0.5
repeat_2_fold_2,PLCB3,0.0,0.0,0.0,0.0,0.0,0.0,0.0
repeat_2_fold_2,PLEKHA2,0.0,0.0,0.0,0.0,0.0,0.0,0.5
repeat_2_fold_2,PLEKHA5,0.0,0.0,0.0,0.0,0.0,0.0,0.0
repeat_2_fold_2,PLIN2,0.0,0.0,0.0,0.0,0.0,0.0,0.0
repeat_2_fold_2,PLK1,0.0,0.0,0.0,0.0,0.0,0.0,0.0
repeat_2_fold_2,PLOD3,0.0,0.0,0.0,0.0,0.0,0.0006097560975609484,0.5
repeat_2_fold_2,PMM1,-0.023000803233221845,0.04368702759900903,0.021843513799504517,-0.04484431703272636,0.0,-0.0008130081300813108,1.0
repeat_2_fold_2,PMVK,0.1267320018213809,0.1463375107330288,0.0731687553665144,0.05356324645486649,0.5,-0.0008278145695364281,0.5
repeat_2_fold_2,PNPLA4,0.0,0.0,0.0,0.0,0.0,0.0,0.0
repeat_2_fold_2,POLQ,0.0,0.0,0.0,0.0,0.0,0.0,0.0
repeat_2_fold_2,POLR2F,0.0,0.0,0.0,0.0,0.0,0.0,0.0
repeat_2_fold_2,POMP,0.0,0.0,0.0,0.0,0.0,0.0,0.0
repeat_2_fold_2,POMT1,-0.483182181744958,0.5579307253961643,0.27896536269808214,-0.7621475444430401,0.0,-0.000620860927152328,0.5
repeat_2_fold_2,PON1,0.0,0.0,0.0,0.0,0.0,0.0,0.0
repeat_2_fold_2,PON3,0.0,0.0,0.0,0.0,0.0,0.0,0.0
repeat_2_fold_2,POU3F3,0.0,0.0,0.0,0.0,0.0,0.0,0.0
repeat_2_fold_2,PPA2,0.04108231121257688,0.08216462242515375,0.041082311212576876,6.938893903907228e-18,0.25,0.0006134577074247416,1.0
repeat_2_fold_2,PPARGC1A,0.0,0.0,0.0,0.0,0.0,0.0,0.0
repeat_2_fold_2,PPFIBP2,0.0,0.0,0.0,0.0,0.0,0.0,0.0
repeat_2_fold_2,PPM1E,0.0,0.0,0.0,0.0,0.0,0.0,0.0
repeat_2_fold_2,PPP1R13B,0.0,0.0,0.0,0.0,0.0,-0.0012417218543046282,0.5
repeat_2_fold_2,PPP2R2A,0.0,0.0,0.0,0.0,0.0,0.0,0.0
repeat_2_fold_2,PRC1,0.0,0.0,0.0,0.0,0.0,0.0,0.0
repeat_2_fold_2,PRDM9,0.0,0.0,0.0,0.0,0.0,0.0,0.0
repeat_2_fold_2,PRELID3A,0.09904430247119578,0.11641998593867392,0.05820999296933696,0.04083430950185882,0.5,0.0018292682926829285,0.5
repeat_2_fold_2,PRF1,0.0,0.0,0.0,0.0,0.0,0.0,0.0
repeat_2_fold_2,PRIM2,0.0,0.0,0.0,0.0,0.0,0.0,0.0
repeat_2_fold_2,PRKAG1,0.0,0.0,0.0,0.0,0.0,0.0,0.0
repeat_2_fold_2,PRKAR1A,0.0,0.0,0.0,0.0,0.0,0.0,0.0
repeat_2_fold_2,PRKCZ,0.0,0.0,0.0,0.0,0.0,-0.000620860927152328,0.5
repeat_2_fold_2,PRKD3,-0.08092484469102601,0.09344396173298505,0.04672198086649253,-0.12764682555751855,0.0,0.003462687772573053,1.0
repeat_2_fold_2,PRKRA,0.0,0.0,0.0,0.0,0.0,0.0,0.0
repeat_2_fold_2,PRPF3,0.06777917868578598,0.09855018891059844,0.04927509445529922,0.01850408423048676,0.5,0.00040650406504061376,0.5
repeat_2_fold_2,PRPF4,0.0,0.0,0.0,0.0,0.0,0.0,0.0
repeat_2_fold_2,PRPF40A,0.0,0.0,0.0,0.0,0.0,-0.0008278145695364281,0.5
repeat_2_fold_2,PRSS8,0.0,0.0,0.0,0.0,0.0,0.0,0.0
repeat_2_fold_2,PSAP,0.0,0.0,0.0,0.0,0.0,0.0,0.0
repeat_2_fold_2,PSENEN,0.0,0.0,0.0,0.0,0.0,0.0,0.0
repeat_2_fold_2,PSG1,0.0,0.0,0.0,0.0,0.0,0.0,0.0
repeat_2_fold_2,PSMA4,0.0,0.0,0.0,0.0,0.0,0.0,0.0
repeat_2_fold_2,PSMD7,0.0,0.0,0.0,0.0,0.0,0.00041390728476820016,0.5
repeat_2_fold_2,PSPH,0.11518335333886576,0.14932494969483137,0.07466247484741569,0.04052087849145007,0.5,-0.0016260162601626216,0.5
repeat_2_fold_2,PTEN,0.10351989146039386,0.12548219359804766,0.06274109679902383,0.040778794661370035,0.5,-0.002228369137996039,1.0
repeat_2_fold_2,PTP4A2,0.0,0.0,0.0,0.0,0.0,0.0,0.0
repeat_2_fold_2,PTPN18,0.0,0.0,0.0,0.0,0.0,0.0,0.0
repeat_2_fold_2,PTPN4,0.0,0.0,0.0,0.0,0.0,0.0032520325203251876,0.5
repeat_2_fold_2,PTPRB,0.0,0.0,0.0,0.0,0.0,0.0,0.0
repeat_2_fold_2,PTPRK,0.0,0.0,0.0,0.0,0.0,0.0,0.0
repeat_2_fold_2,PYCARD,0.0,0.0,0.0,0.0,0.0,0.0,0.0
repeat_2_fold_2,PYCR3,0.0,0.0,0.0,0.0,0.0,0.0,0.0
repeat_2_fold_2,PYGB,0.0,0.0,0.0,0.0,0.0,0.0,0.0
repeat_2_fold_2,QDPR,0.0,0.0,0.0,0.0,0.0,0.0,0.0
repeat_2_fold_2,RAB11FIP3,0.0,0.0,0.0,0.0,0.0,0.0,0.0
repeat_2_fold_2,RAB22A,0.0,0.0,0.0,0.0,0.0,-0.001034768211920556,0.5
repeat_2_fold_2,RAB40B,0.0,0.0,0.0,0.0,0.0,0.0,0.0
repeat_2_fold_2,RAB40C,0.0,0.0,0.0,0.0,0.0,0.0,0.0
repeat_2_fold_2,RAB5A,0.002640433814097065,0.00528086762819413,0.002640433814097065,0.0,0.25,-0.00020695364238410008,0.5
repeat_2_fold_2,RAB8B,0.0,0.0,0.0,0.0,0.0,0.00040650406504061376,0.5
repeat_2_fold_2,RABGEF1,0.0,0.0,0.0,0.0,0.0,0.0,0.0
repeat_2_fold_2,RAC2,0.0,0.0,0.0,0.0,0.0,0.0,0.0
repeat_2_fold_2,RAD21,0.0,0.0,0.0,0.0,0.0,0.00020695364238407232,0.5
repeat_2_fold_2,RAD52,0.0,0.0,0.0,0.0,0.0,0.0,0.0
repeat_2_fold_2,RANBP2,0.0,0.0,0.0,0.0,0.0,0.0,0.0
repeat_2_fold_2,RANGAP1,0.0,0.0,0.0,0.0,0.0,0.0,0.0
repeat_2_fold_2,RBKS,0.0,0.0,0.0,0.0,0.0,0.0,0.0
repeat_2_fold_2,RBM4,0.002640433814097065,0.00528086762819413,0.002640433814097065,0.0,0.25,-0.00041390728476820016,0.5
repeat_2_fold_2,RBM8A,0.0,0.0,0.0,0.0,0.0,0.0,0.0
repeat_2_fold_2,RDH5,0.6256981915249842,0.725943995318646,0.362971997659323,0.2627261938656612,0.5,0.0014486754966887283,0.5
repeat_2_fold_2,RECK,0.0,0.0,0.0,0.0,0.0,0.0,0.0
repeat_2_fold_2,REG1A,0.0,0.0,0.0,0.0,0.0,0.0,0.0
repeat_2_fold_2,RGL1,0.0,0.0,0.0,0.0,0.0,0.0,0.0
repeat_2_fold_2,RGS2,0.0,0.0,0.0,0.0,0.0,0.0,0.0
repeat_2_fold_2,RHCE,0.0,0.0,0.0,0.0,0.0,0.0,0.0
repeat_2_fold_2,RHOA,0.0,0.0,0.0,0.0,0.0,0.0,0.0
repeat_2_fold_2,RNASE2,0.025236370746068104,0.04934227129493976,0.02467113564746988,0.0005652350985982241,0.5,0.0026422764227642115,0.5
repeat_2_fold_2,RND1,0.0,0.0,0.0,0.0,0.0,0.0008278145695364003,0.5
repeat_2_fold_2,RNF144A,0.0,0.0,0.0,0.0,0.0,0.0,0.0
repeat_2_fold_2,RNF19B,0.0,0.0,0.0,0.0,0.0,0.0,0.0
repeat_2_fold_2,RNF216,0.0,0.0,0.0,0.0,0.0,0.0,0.0
repeat_2_fold_2,RNF5,0.054692212223415027,0.10938442444683004,0.05469221222341502,6.938893903907228e-18,0.25,-2.7755575615628914e-17,0.5
repeat_2_fold_2,RPA2,0.42910696350844724,0.3335978827962053,0.16679894139810264,0.2623080221103446,0.75,-0.0004176088946320211,1.0
repeat_2_fold_2,RPA4,0.0,0.0,0.0,0.0,0.0,0.0,0.0
repeat_2_fold_2,RPIA,0.0,0.0,0.0,0.0,0.0,0.0,0.0
repeat_2_fold_2,RPL10,0.4214555557446751,0.490352519316877,0.2451762596584385,0.17627929608623658,0.5,-0.003658536585365857,0.5
repeat_2_fold_2,RPL10L,0.0,0.0,0.0,0.0,0.0,0.0,0.0
repeat_2_fold_2,RPL15,0.0,0.0,0.0,0.0,0.0,0.0,0.0
repeat_2_fold_2,RPL29,0.4498114919645282,0.8996229839290565,0.44981149196452824,-5.551115123125783e-17,0.25,-0.0008278145695364558,0.5
repeat_2_fold_2,RPL34,0.0,0.0,0.0,0.0,0.0,0.0,0.0
repeat_2_fold_2,RPL39,0.18877691624440196,0.286854843017277,0.1434274215086385,0.04534949473576347,0.5,0.0004065040650406415,0.5
repeat_2_fold_2,RPLP1,0.0,0.0,0.0,0.0,0.0,0.0,0.0
repeat_2_fold_2,RPLP2,0.0,0.0,0.0,0.0,0.0,0.0,0.0
repeat_2_fold_2,RPP25,0.0,0.0,0.0,0.0,0.0,0.0,0.0
repeat_2_fold_2,RPP38,0.0,0.0,0.0,0.0,0.0,0.0,0.0
repeat_2_fold_2,RPS17,0.0,0.0,0.0,0.0,0.0,0.0,0.0
repeat_2_fold_2,RPS2,0.0,0.0,0.0,0.0,0.0,0.0,0.0
repeat_2_fold_2,RPS21,0.14044927377507221,0.21458886495563392,0.10729443247781696,0.03315484129725525,0.5,0.0,0.5
repeat_2_fold_2,RPS27A,0.0,0.0,0.0,0.0,0.0,0.0,0.0
repeat_2_fold_2,RPS28,0.006280747244943541,0.012561494489887082,0.006280747244943541,0.0,0.25,-0.002483443708609284,0.5
repeat_2_fold_2,RPS3,0.0,0.0,0.0,0.0,0.0,0.0,0.0
repeat_2_fold_2,RPS3A,0.0,0.0,0.0,0.0,0.0,0.0,0.0
repeat_2_fold_2,RPS4X,0.0,0.0,0.0,0.0,0.0,0.0,0.0
repeat_2_fold_2,RRAD,-0.02483306102636007,0.03786837898530966,0.01893418949265483,-0.0437672505190149,0.0,-0.001034768211920556,1.0
repeat_2_fold_2,RRAGA,0.0,0.0,0.0,0.0,0.0,-0.00020695364238410008,0.5
repeat_2_fold_2,RRM2,0.0,0.0,0.0,0.0,0.0,0.0,0.0
repeat_2_fold_2,RWDD3,0.0,0.0,0.0,0.0,0.0,0.0,0.0
repeat_2_fold_2,S100A7,0.0,0.0,0.0,0.0,0.0,0.0,0.0
repeat_2_fold_2,S100P,0.0,0.0,0.0,0.0,0.0,-0.000620860927152328,0.5
repeat_2_fold_2,SAMM50,0.0,0.0,0.0,0.0,0.0,0.0,0.0
repeat_2_fold_2,SAP130,0.0,0.0,0.0,0.0,0.0,0.0,0.0
repeat_2_fold_2,SAP30BP,0.0,0.0,0.0,0.0,0.0,0.0,0.0
repeat_2_fold_2,SARM1,0.008121354446279483,0.11298372622885922,0.05649186311442961,-0.048370508668150125,0.5,-0.004918766488989423,1.0
repeat_2_fold_2,SARS1,0.03439408647057718,0.04039779502200798,0.02019889751100399,0.01419518895957319,0.5,0.0014227642276422592,0.5
repeat_2_fold_2,SCAP,0.0,0.0,0.0,0.0,0.0,0.0,0.0
repeat_2_fold_2,SCARB1,0.0,0.0,0.0,0.0,0.0,-0.00020325203252033464,0.5
repeat_2_fold_2,SCCPDH,0.0,0.0,0.0,0.0,0.0,0.0008278145695364003,0.5
repeat_2_fold_2,SCD5,0.0,0.0,0.0,0.0,0.0,0.0,0.0
repeat_2_fold_2,SCNN1G,0.0,0.0,0.0,0.0,0.0,0.0,0.0
repeat_2_fold_2,SCUBE2,0.0,0.0,0.0,0.0,0.0,0.0,0.0
repeat_2_fold_2,SDK2,0.0,0.0,0.0,0.0,0.0,0.0,0.0
repeat_2_fold_2,SEC23A,0.09998924750835769,0.12213091342906068,0.06106545671453034,0.03892379079382735,0.5,0.00447154471544714,0.5
repeat_2_fold_2,SEC31A,0.0,0.0,0.0,0.0,0.0,0.0,0.0
repeat_2_fold_2,SEMA7A,0.0,0.0,0.0,0.0,0.0,0.0,0.0
repeat_2_fold_2,SEPTIN2,0.37301866349579704,0.43478111144321274,0.21739055572160637,0.15562810777419067,0.5,0.0014227642276422592,0.5
repeat_2_fold_2,SERINC1,0.16667271670605288,0.19245707571361173,0.09622853785680587,0.07044417884924702,0.5,0.0,0.5
repeat_2_fold_2,SERINC3,0.0,0.0,0.0,0.0,0.0,0.0,0.0
repeat_2_fold_2,SERP1,0.0,0.0,0.0,0.0,0.0,0.0,0.0
repeat_2_fold_2,SERPINB1,0.05601459182689972,0.07750511981465849,0.038752559907329245,0.017262031919570472,0.5,-0.0018292682926829562,0.5
repeat_2_fold_2,SERPIND1,0.10410987226886448,0.12036485781721681,0.06018242890860841,0.04392744336025607,0.5,0.0,0.5
repeat_2_fold_2,SF1,0.0,0.0,0.0,0.0,0.0,0.0,0.0
repeat_2_fold_2,SHOC2,0.0,0.0,0.0,0.0,0.0,0.0,0.0
repeat_2_fold_2,SIGLEC15,0.0,0.0,0.0,0.0,0.0,0.0,0.0
repeat_2_fold_2,SIGLEC9,0.0,0.0,0.0,0.0,0.0,-0.00121951219512198,0.5
repeat_2_fold_2,SIRT1,0.0,0.0,0.0,0.0,0.0,0.0,0.0
repeat_2_fold_2,SIX2,0.0,0.0,0.0,0.0,0.0,0.0,0.0
repeat_2_fold_2,SLC13A1,0.0,0.0,0.0,0.0,0.0,0.0,0.0
repeat_2_fold_2,SLC16A3,0.0,0.0,0.0,0.0,0.0,0.0,0.0
repeat_2_fold_2,SLC18A2,0.0,0.0,0.0,0.0,0.0,0.0,0.0
repeat_2_fold_2,SLC19A3,0.0,0.0,0.0,0.0,0.0,0.0,0.0
repeat_2_fold_2,SLC22A17,0.11347877314525334,0.17293317245746606,0.08646658622873303,0.02701218691652031,0.5,-0.007113821138211379,0.5
repeat_2_fold_2,SLC24A3,0.0,0.0,0.0,0.0,0.0,0.0,0.0
repeat_2_fold_2,SLC25A16,0.0,0.0,0.0,0.0,0.0,0.0,0.0
repeat_2_fold_2,SLC25A32,0.0,0.0,0.0,0.0,0.0,0.0,0.0
repeat_2_fold_2,SLC27A5,-0.01815350124861581,0.127323891121903,0.0636619455609515,-0.08181544680956732,0.25,0.0012195121951219245,0.5
repeat_2_fold_2,SLC2A14,0.0,0.0,0.0,0.0,0.0,0.0,0.0
repeat_2_fold_2,SLC38A2,0.7963006682571709,0.9194989200996162,0.4597494600498081,0.33655120820736284,0.5,0.0008278145695364281,0.5
repeat_2_fold_2,SLC3A2,0.0,0.0,0.0,0.0,0.0,0.0,0.0
repeat_2_fold_2,SLC43A1,0.0,0.0,0.0,0.0,0.0,0.0,0.0
repeat_2_fold_2,SLC5A6,0.0,0.0,0.0,0.0,0.0,0.0,0.0
repeat_2_fold_2,SLC6A6,0.0,0.0,0.0,0.0,0.0,0.0,0.0
repeat_2_fold_2,SLC7A1,0.0,0.0,0.0,0.0,0.0,0.0,0.0
repeat_2_fold_2,SLC7A11,0.0,0.0,0.0,0.0,0.0,0.0,0.0
repeat_2_fold_2,SLC7A5,0.0,0.0,0.0,0.0,0.0,0.0,0.0
repeat_2_fold_2,SLC9A1,0.0,0.0,0.0,0.0,0.0,0.0,0.0
repeat_2_fold_2,SLC9A5,0.0,0.0,0.0,0.0,0.0,0.0,0.0
repeat_2_fold_2,SLCO3A1,0.0,0.0,0.0,0.0,0.0,0.0,0.0
repeat_2_fold_2,SMARCC2,0.0,0.0,0.0,0.0,0.0,0.0,0.0
repeat_2_fold_2,SMC1A,0.0,0.0,0.0,0.0,0.0,0.0,0.0
repeat_2_fold_2,SMC6,0.0,0.0,0.0,0.0,0.0,0.0010347682119205281,0.5
repeat_2_fold_2,SMPD4,0.0,0.0,0.0,0.0,0.0,0.0,0.0
repeat_2_fold_2,SMU1,0.0,0.0,0.0,0.0,0.0,0.0,0.0
repeat_2_fold_2,SNAPC3,0.0,0.0,0.0,0.0,0.0,0.0,0.0
repeat_2_fold_2,SNCAIP,0.0,0.0,0.0,0.0,0.0,0.0,0.0
repeat_2_fold_2,SND1,0.0,0.0,0.0,0.0,0.0,0.0,0.0
repeat_2_fold_2,SNRNP40,0.0,0.0,0.0,0.0,0.0,0.0,0.0
repeat_2_fold_2,SNRPD3,0.0,0.0,0.0,0.0,0.0,0.0,0.0
repeat_2_fold_2,SNX5,0.0,0.0,0.0,0.0,0.0,0.0,0.0
repeat_2_fold_2,SOCS2,0.0,0.0,0.0,0.0,0.0,0.0,0.0
repeat_2_fold_2,SOX1,0.021957554089876652,0.043915108179753304,0.021957554089876652,0.0,0.25,0.0020362219350670285,1.0
repeat_2_fold_2,SOX13,0.0,0.0,0.0,0.0,0.0,0.0,0.0
repeat_2_fold_2,SOX9,0.0,0.0,0.0,0.0,0.0,0.0,0.0
repeat_2_fold_2,SPATA2,0.25599230689614316,0.29604239426077267,0.14802119713038633,0.10797110976575683,0.75,0.00143016744736979,1.0
repeat_2_fold_2,SPINK1,0.0,0.0,0.0,0.0,0.0,0.0,0.0
repeat_2_fold_2,SPINT2,0.0,0.0,0.0,0.0,0.0,0.0,0.0
repeat_2_fold_2,SPOCK3,0.0,0.0,0.0,0.0,0.0,0.0,0.0
repeat_2_fold_2,SPTAN1,0.06336600091069045,0.1267320018213809,0.06336600091069045,0.0,0.25,0.0008278145695364003,0.5
repeat_2_fold_2,SPTB,0.0,0.0,0.0,0.0,0.0,0.0,0.0
repeat_2_fold_2,SRD5A1,0.0,0.0,0.0,0.0,0.0,0.0,0.0
repeat_2_fold_2,SRY,0.0,0.0,0.0,0.0,0.0,0.0,0.0
repeat_2_fold_2,SSB,0.0,0.0,0.0,0.0,0.0,0.0,0.0
repeat_2_fold_2,SSR4,-0.06722332703507838,0.08074711057438544,0.04037355528719272,-0.1075968823222711,0.0,-0.00039910084531311063,1.0
repeat_2_fold_2,ST6GAL1,0.0,0.0,0.0,0.0,0.0,0.0,0.0
repeat_2_fold_2,STAT3,0.05194893322520322,0.19671225908437384,0.09835612954218692,-0.0464071963169837,0.25,0.00021805847197542416,1.0
repeat_2_fold_2,STAT5B,0.0,0.0,0.0,0.0,0.0,0.0,0.0
repeat_2_fold_2,STK26,0.024383605085944282,0.04876721017188856,0.02438360508594428,3.469446951953614e-18,0.25,0.005081300813008102,0.5
repeat_2_fold_2,STMN2,0.0,0.0,0.0,0.0,0.0,0.0,0.0
repeat_2_fold_2,STOML2,0.0,0.0,0.0,0.0,0.0,0.0,0.0
repeat_2_fold_2,STX1A,0.0,0.0,0.0,0.0,0.0,0.0,0.0
repeat_2_fold_2,STX3,0.0,0.0,0.0,0.0,0.0,0.0,0.0
repeat_2_fold_2,SUMO1,0.0,0.0,0.0,0.0,0.0,0.0,0.0
repeat_2_fold_2,SUPV3L1,0.0,0.0,0.0,0.0,0.0,0.0,0.0
repeat_2_fold_2,SWAP70,0.0,0.0,0.0,0.0,0.0,0.0,0.0
repeat_2_fold_2,SYNE1,0.0,0.0,0.0,0.0,0.0,0.0,0.0
repeat_2_fold_2,TAAR5,0.0,0.0,0.0,0.0,0.0,0.0,0.0
repeat_2_fold_2,TAF2,0.0,0.0,0.0,0.0,0.0,0.0,0.0
repeat_2_fold_2,TAF5,0.0,0.0,0.0,0.0,0.0,0.0,0.0
repeat_2_fold_2,TAP1,0.0,0.0,0.0,0.0,0.0,0.0,0.0
repeat_2_fold_2,TAP2,0.0,0.0,0.0,0.0,0.0,0.0,0.0
repeat_2_fold_2,TAS2R4,0.0,0.0,0.0,0.0,0.0,0.0,0.0
repeat_2_fold_2,TATDN2,0.0,0.0,0.0,0.0,0.0,0.00020695364238410008,0.5
repeat_2_fold_2,TBXAS1,0.0,0.0,0.0,0.0,0.0,0.0,0.0
repeat_2_fold_2,TCN1,0.0,0.0,0.0,0.0,0.0,0.0,0.0
repeat_2_fold_2,TCN2,0.0,0.0,0.0,0.0,0.0,-0.0004139072847682279,0.5
repeat_2_fold_2,TCTN2,0.0,0.0,0.0,0.0,0.0,0.0,0.0
repeat_2_fold_2,TDG,0.04151454983134606,0.05378232493287846,0.02689116246643923,0.014623387364906829,0.5,0.0006097560975609484,0.5
repeat_2_fold_2,TEX12,0.0,0.0,0.0,0.0,0.0,0.0,0.0
repeat_2_fold_2,TEX264,0.0,0.0,0.0,0.0,0.0,0.0,0.0
repeat_2_fold_2,TFDP2,0.0,0.0,0.0,0.0,0.0,0.0,0.0
repeat_2_fold_2,TFIP11,0.0,0.0,0.0,0.0,0.0,-0.00020325203252033464,0.5
repeat_2_fold_2,TGFBR3,0.0,0.0,0.0,0.0,0.0,0.0,0.0
repeat_2_fold_2,THBD,0.9165395840936181,1.6595816158906898,0.8297908079453449,0.08674877614827325,0.75,-0.00247233887901796,1.0
repeat_2_fold_2,THOC7,0.0,0.0,0.0,0.0,0.0,0.0,0.0
repeat_2_fold_2,THOP1,0.0,0.0,0.0,0.0,0.0,0.0,0.0
repeat_2_fold_2,THSD4,1.1450929237444782,1.4868691336167879,0.7434345668083939,0.4016583569360843,0.5,0.0012417218543046282,0.5
repeat_2_fold_2,THSD7A,0.0,0.0,0.0,0.0,0.0,0.0012417218543046282,0.5
repeat_2_fold_2,THTPA,0.055596173870659626,0.06697093041419443,0.03348546520709721,0.022110708663562413,0.5,0.0014227642276422592,0.5
repeat_2_fold_2,TIMM10,0.21006836017440733,0.27813333299804877,0.13906666649902438,0.07100169367538295,0.5,0.0,0.5
repeat_2_fold_2,TIMM17B,0.0,0.0,0.0,0.0,0.0,0.0,0.0
repeat_2_fold_2,TIMM22,0.0,0.0,0.0,0.0,0.0,0.0,0.0
repeat_2_fold_2,TK1,0.0,0.0,0.0,0.0,0.0,0.0,0.0
repeat_2_fold_2,TK2,0.1111499643361995,0.13084298150234688,0.06542149075117344,0.04572847358502606,0.5,0.002246877187314894,1.0
repeat_2_fold_2,TKT,0.0,0.0,0.0,0.0,0.0,0.0,0.0
repeat_2_fold_2,TLE4,0.0,0.0,0.0,0.0,0.0,0.0,0.0
repeat_2_fold_2,TLL2,0.0,0.0,0.0,0.0,0.0,0.0,0.0
repeat_2_fold_2,TLR1,0.0485100803320222,0.09537855233026026,0.04768927616513013,0.000820804166892071,0.5,-0.0006097560975609762,0.5
repeat_2_fold_2,TLR8,0.0,0.0,0.0,0.0,0.0,0.0,0.0
repeat_2_fold_2,TMOD3,0.0,0.0,0.0,0.0,0.0,0.0,0.0
repeat_2_fold_2,TMPRSS2,0.0,0.0,0.0,0.0,0.0,0.0,0.0
repeat_2_fold_2,TNFRSF17,0.0,0.0,0.0,0.0,0.0,0.0,0.0
repeat_2_fold_2,TNIK,0.0,0.0,0.0,0.0,0.0,0.0,0.0
repeat_2_fold_2,TNIP3,0.39683011722153694,0.7936602344430739,0.39683011722153694,0.0,0.25,0.0014486754966887283,0.5
repeat_2_fold_2,TNR,0.0,0.0,0.0,0.0,0.0,0.0,0.0
repeat_2_fold_2,TNXB,0.0,0.0,0.0,0.0,0.0,0.0,0.0
repeat_2_fold_2,TOMM7,0.0,0.0,0.0,0.0,0.0,0.0,0.0
repeat_2_fold_2,TOR1AIP1,0.0,0.0,0.0,0.0,0.0,0.0,0.0
repeat_2_fold_2,TPD52,0.08216462242515377,0.09487553375005298,0.04743776687502649,0.03472685555012728,0.5,-0.00121951219512198,0.5
repeat_2_fold_2,TPO,0.0,0.0,0.0,0.0,0.0,0.0,0.5
repeat_2_fold_2,TRADD,0.0,0.0,0.0,0.0,0.0,0.0,0.0
repeat_2_fold_2,TRAP1,0.0,0.0,0.0,0.0,0.0,0.0,0.0
repeat_2_fold_2,TRAPPC2,0.0,0.0,0.0,0.0,0.0,0.0,0.0
repeat_2_fold_2,TREM1,0.0,0.0,0.0,0.0,0.0,0.0016371210897538901,1.0
repeat_2_fold_2,TRIM25,-0.05892637471398032,0.10949477583886927,0.054747387919434634,-0.11367376263341496,0.0,0.0004065040650406415,0.5
repeat_2_fold_2,TRIM26,0.9366777103687944,1.0827194524258825,0.5413597262129413,0.3953179841558532,0.5,0.0,0.5
repeat_2_fold_2,TRIM36,0.05460632261414844,0.108078614843453,0.0540393074217265,0.0005670151924219366,0.5,-2.7755575615628914e-17,0.5
repeat_2_fold_2,TRIM37,0.0,0.0,0.0,0.0,0.0,0.0,0.0
repeat_2_fold_2,TRIM68,0.0,0.0,0.0,0.0,0.0,0.0,0.0
repeat_2_fold_2,TRMT112,0.0,0.0,0.0,0.0,0.0,0.0,0.0
repeat_2_fold_2,TRRAP,0.0,0.0,0.0,0.0,0.0,0.0,0.0
repeat_2_fold_2,TTLL4,0.0,0.0,0.0,0.0,0.0,0.0,0.0
repeat_2_fold_2,TUBA8,0.0,0.0,0.0,0.0,0.0,0.00020695364238410008,0.5
repeat_2_fold_2,TUBGCP3,0.0,0.0,0.0,0.0,0.0,0.0,0.0
repeat_2_fold_2,TWF2,0.0,0.0,0.0,0.0,0.0,0.0,0.0
repeat_2_fold_2,TYW1,0.0,0.0,0.0,0.0,0.0,0.0,0.0
repeat_2_fold_2,UBE2J1,0.0,0.0,0.0,0.0,0.0,0.0,0.0
repeat_2_fold_2,UBE2V2,0.0,0.0,0.0,0.0,0.0,0.0,0.0
repeat_2_fold_2,UBN1,0.0,0.0,0.0,0.0,0.0,0.0,0.0
repeat_2_fold_2,UCK2,0.21533299807952133,0.32547796584454913,0.16273898292227457,0.052594015157246765,0.75,0.000835217789263959,1.0
repeat_2_fold_2,UCN,0.0,0.0,0.0,0.0,0.0,0.0,0.0
repeat_2_fold_2,UGT1A8,0.0,0.0,0.0,0.0,0.0,0.0,0.0
repeat_2_fold_2,UIMC1,0.0,0.0,0.0,0.0,0.0,0.0,0.0
repeat_2_fold_2,ULBP1,0.0,0.0,0.0,0.0,0.0,0.0,0.0
repeat_2_fold_2,UMPS,0.0,0.0,0.0,0.0,0.0,0.0,0.0
repeat_2_fold_2,UQCR11,0.0,0.0,0.0,0.0,0.0,0.0,0.0
repeat_2_fold_2,URM1,0.0,0.0,0.0,0.0,0.0,0.0,0.0
repeat_2_fold_2,USP11,0.22493487486169705,0.26401536091095446,0.13200768045547723,0.09292719440621983,0.5,-0.002845528455284574,0.5
repeat_2_fold_2,USP2,0.0,0.0,0.0,0.0,0.0,-0.0018292682926829562,0.5
repeat_2_fold_2,USP4,0.0,0.0,0.0,0.0,0.0,0.0,0.0
repeat_2_fold_2,USP48,-0.1352451041343059,0.2502224237341349,0.12511121186706745,-0.2603563160013733,0.0,0.00447154471544714,0.5
repeat_2_fold_2,VARS1,0.0,0.0,0.0,0.0,0.0,0.0,0.0
repeat_2_fold_2,VASP,-0.04042246561713547,0.08084493123427094,0.04042246561713547,-0.08084493123427094,0.0,-0.0002032520325203624,0.5
repeat_2_fold_2,VCP,0.0,0.0,0.0,0.0,0.0,0.0,0.0
repeat_2_fold_2,VEGFA,0.0,0.0,0.0,0.0,0.0,0.0,0.0
repeat_2_fold_2,VPS39,0.0,0.0,0.0,0.0,0.0,0.0,0.0
repeat_2_fold_2,VRK2,-0.05479465523969651,0.1047836471728053,0.05239182358640265,-0.10718647882609916,0.25,0.004870645560760223,1.0
repeat_2_fold_2,WARS2,0.0,0.0,0.0,0.0,0.0,0.0,0.0
repeat_2_fold_2,WBP4,0.0,0.0,0.0,0.0,0.0,0.0,0.0
repeat_2_fold_2,WDR33,0.0,0.0,0.0,0.0,0.0,0.0,0.0
repeat_2_fold_2,WDR45B,0.0,0.0,0.0,0.0,0.0,0.0,0.0
repeat_2_fold_2,WDR46,0.0,0.0,0.0,0.0,0.0,0.0,0.0
repeat_2_fold_2,WDR82,0.2895099436403541,0.33430552656034335,0.16715276328017167,0.12235718036018242,0.5,-0.00040650406504066927,0.5
repeat_2_fold_2,WEE1,0.0,0.0,0.0,0.0,0.0,0.0,0.0
repeat_2_fold_2,WIPI1,0.0,0.0,0.0,0.0,0.0,0.0,0.0
repeat_2_fold_2,WNT5B,0.0,0.0,0.0,0.0,0.0,0.0,0.0
repeat_2_fold_2,WT1,0.0,0.0,0.0,0.0,0.0,0.0,0.0
repeat_2_fold_2,XBP1,0.0,0.0,0.0,0.0,0.0,0.0,0.0
repeat_2_fold_2,XPC,0.0,0.0,0.0,0.0,0.0,0.0010347682119204726,1.0
repeat_2_fold_2,XYLT2,0.1349420896581517,0.33575514203422474,0.16787757101711237,-0.03293548135896068,0.5,0.00691427071555481,1.0
repeat_2_fold_2,YWHAH,0.0,0.0,0.0,0.0,0.0,0.0,0.0
repeat_2_fold_2,YWHAQ,0.0,0.0,0.0,0.0,0.0,0.0,0.0
repeat_2_fold_2,ZBTB17,0.0,0.0,0.0,0.0,0.0,0.0,0.0
repeat_2_fold_2,ZFP2,0.0,0.0,0.0,0.0,0.0,0.0,0.0
repeat_2_fold_2,ZKSCAN4,0.0,0.0,0.0,0.0,0.0,0.0,0.0
repeat_2_fold_2,ZMYM2,0.0,0.0,0.0,0.0,0.0,0.0,0.0
repeat_2_fold_2,ZNF133,0.09820836066511518,0.11348319044970256,0.05674159522485128,0.0414667654402639,0.5,-0.00020695364238410008,0.5
repeat_2_fold_2,ZNF135,0.1267320018213809,0.1463375107330288,0.0731687553665144,0.05356324645486649,0.5,-0.0004139072847682279,0.5
repeat_2_fold_2,ZNF157,0.0,0.0,0.0,0.0,0.0,0.0,0.0
repeat_2_fold_2,ZNF230,-0.20902056346230857,0.41969579159226045,0.20984789579613022,-0.4188684592584388,0.25,0.006504065040650403,0.5
repeat_2_fold_2,ZNF264,0.0,0.0,0.0,0.0,0.0,0.0,0.0
repeat_2_fold_2,ZNF331,0.11753125482425375,0.16315197774392423,0.08157598887196212,0.035955265952291635,0.5,-0.00040650406504066927,0.5
repeat_2_fold_2,ZNF350,0.0,0.0,0.0,0.0,0.0,0.0,0.0
repeat_2_fold_2,ZNF41,0.0,0.0,0.0,0.0,0.0,-0.0006097560975609762,0.5
repeat_2_fold_2,ZNF432,0.0,0.0,0.0,0.0,0.0,0.0,0.0
repeat_2_fold_2,ZNF45,0.0,0.0,0.0,0.0,0.0,0.0,0.0
repeat_2_fold_2,ZNF467,0.0,0.0,0.0,0.0,0.0,0.0,0.0
repeat_2_fold_2,ZNF480,0.0,0.0,0.0,0.0,0.0,0.0,0.0
repeat_2_fold_2,ZNF492,0.0,0.0,0.0,0.0,0.0,0.0,0.0
repeat_2_fold_2,ZNF551,0.0,0.0,0.0,0.0,0.0,0.0,0.0
repeat_2_fold_2,ZNF557,0.0,0.0,0.0,0.0,0.0,0.0,0.0
repeat_2_fold_2,ZNF562,0.057767397237286744,0.07213908404383418,0.03606954202191709,0.021697855215369655,0.5,0.00020325203252030688,0.5
repeat_2_fold_2,ZNF682,0.0,0.0,0.0,0.0,0.0,0.0,0.0
repeat_2_fold_2,ZSCAN32,0.0,0.0,0.0,0.0,0.0,0.0,0.5
repeat_2_fold_3,A1CF,0.0,0.0,0.0,0.0,0.0,0.0,0.0
repeat_2_fold_3,A2M,0.0,0.0,0.0,0.0,0.0,-0.0006172839506172756,0.5
repeat_2_fold_3,A4GALT,0.0,0.0,0.0,0.0,0.0,0.0,0.0
repeat_2_fold_3,A4GNT,0.0,0.0,0.0,0.0,0.0,0.0,0.0
repeat_2_fold_3,AAAS,0.0,0.0,0.0,0.0,0.0,0.0,0.0
repeat_2_fold_3,AADAC,0.0,0.0,0.0,0.0,0.0,0.0,0.0
repeat_2_fold_3,AAK1,0.0,0.0,0.0,0.0,0.0,0.0,0.0
repeat_2_fold_3,AAMP,0.0,0.0,0.0,0.0,0.0,0.0,0.0
repeat_2_fold_3,AANAT,0.0,0.0,0.0,0.0,0.0,0.0,0.0
repeat_2_fold_3,AARS1,0.0,0.0,0.0,0.0,0.0,0.0,0.0
repeat_2_fold_3,AASS,0.0,0.0,0.0,0.0,0.0,0.0,0.0
repeat_2_fold_3,AATF,0.0,0.0,0.0,0.0,0.0,0.0,0.0
repeat_2_fold_3,ABCA2,0.0,0.0,0.0,0.0,0.0,0.0,0.0
repeat_2_fold_3,ABCA3,0.0,0.0,0.0,0.0,0.0,0.0,0.0
repeat_2_fold_3,ABCA4,0.0,0.0,0.0,0.0,0.0,0.0,0.0
repeat_2_fold_3,ABCA5,0.0,0.0,0.0,0.0,0.0,0.0,0.0
repeat_2_fold_3,ABCA6,0.0,0.0,0.0,0.0,0.0,0.0,0.0
repeat_2_fold_3,ABCA7,0.0,0.0,0.0,0.0,0.0,0.0,0.0
repeat_2_fold_3,ABCA8,0.0,0.0,0.0,0.0,0.0,0.0,0.0
repeat_2_fold_3,ABCB1,0.0,0.0,0.0,0.0,0.0,0.0,0.0
repeat_2_fold_3,ABCB11,0.0,0.0,0.0,0.0,0.0,0.0,0.0
repeat_2_fold_3,ABCB4,0.0,0.0,0.0,0.0,0.0,0.0,0.0
repeat_2_fold_3,ABCB6,0.0,0.0,0.0,0.0,0.0,0.0,0.0
repeat_2_fold_3,ABCB7,0.0,0.0,0.0,0.0,0.0,0.0,0.0
repeat_2_fold_3,ABCB8,0.0,0.0,0.0,0.0,0.0,0.0,0.0
repeat_2_fold_3,ABCB9,0.0,0.0,0.0,0.0,0.0,0.0,0.0
repeat_2_fold_3,ABCC2,0.0,0.0,0.0,0.0,0.0,0.0,0.0
repeat_2_fold_3,ABCC3,0.0,0.0,0.0,0.0,0.0,0.0,0.0
repeat_2_fold_3,ABCC4,0.0,0.0,0.0,0.0,0.0,0.0,0.0
repeat_2_fold_3,ABCC5,0.0,0.0,0.0,0.0,0.0,0.0,0.0
repeat_2_fold_3,ABCC6,0.0,0.0,0.0,0.0,0.0,-0.0014011208967174005,0.5
repeat_2_fold_3,ABCC8,0.0,0.0,0.0,0.0,0.0,0.0,0.0
repeat_2_fold_3,ABCC9,0.0,0.0,0.0,0.0,0.0,0.0,0.0
repeat_2_fold_3,ABCD1,0.0,0.0,0.0,0.0,0.0,0.0,0.0
repeat_2_fold_3,ABCD2,0.0,0.0,0.0,0.0,0.0,0.0,0.0
repeat_2_fold_3,ABCD3,0.0,0.0,0.0,0.0,0.0,0.0020576131687242705,0.5
repeat_2_fold_3,ABCD4,0.0,0.0,0.0,0.0,0.0,0.0,0.0
repeat_2_fold_3,ABCE1,0.0,0.0,0.0,0.0,0.0,0.0,0.0
repeat_2_fold_3,ABCF1,0.0,0.0,0.0,0.0,0.0,0.0,0.0
repeat_2_fold_3,ABCG1,0.0,0.0,0.0,0.0,0.0,0.0,0.0
repeat_2_fold_3,ABCG2,0.0,0.0,0.0,0.0,0.0,0.0,0.0
repeat_2_fold_3,ABCG4,0.0,0.0,0.0,0.0,0.0,0.0,0.0
repeat_2_fold_3,ABCG5,0.0,0.0,0.0,0.0,0.0,0.0,0.0
repeat_2_fold_3,ABHD17A,0.0,0.0,0.0,0.0,0.0,0.0,0.0
repeat_2_fold_3,ABHD17B,0.0,0.0,0.0,0.0,0.0,0.0,0.0
repeat_2_fold_3,ABHD3,0.0,0.0,0.0,0.0,0.0,0.0,0.0
repeat_2_fold_3,ABHD4,0.0,0.0,0.0,0.0,0.0,0.0,0.0
repeat_2_fold_3,ABHD5,0.0,0.0,0.0,0.0,0.0,0.0,0.0
repeat_2_fold_3,ABHD6,0.0,0.0,0.0,0.0,0.0,0.0,0.0
repeat_2_fold_3,ABI1,0.0,0.0,0.0,0.0,0.0,0.0,0.0
repeat_2_fold_3,ABI2,0.0,0.0,0.0,0.0,0.0,0.0,0.0
repeat_2_fold_3,ABL1,0.0,0.0,0.0,0.0,0.0,0.0,0.0
repeat_2_fold_3,ABLIM1,0.0,0.0,0.0,0.0,0.0,0.0,0.0
repeat_2_fold_3,ABLIM3,0.0,0.0,0.0,0.0,0.0,0.0,0.0
repeat_2_fold_3,ABR,0.0,0.0,0.0,0.0,0.0,0.0,0.0
repeat_2_fold_3,ABRAXAS2,0.0,0.0,0.0,0.0,0.0,0.0,0.0
repeat_2_fold_3,ACAA1,0.0,0.0,0.0,0.0,0.0,0.0,0.0
repeat_2_fold_3,ACAA2,0.0,0.0,0.0,0.0,0.0,0.0,0.0
repeat_2_fold_3,ACACA,0.0,0.0,0.0,0.0,0.0,0.0,0.0
repeat_2_fold_3,ACACB,0.0,0.0,0.0,0.0,0.0,0.0,0.0
repeat_2_fold_3,ACAD10,0.0,0.0,0.0,0.0,0.0,0.0,0.0
repeat_2_fold_3,ACAD8,0.0,0.0,0.0,0.0,0.0,0.0,0.0
repeat_2_fold_3,ACADL,0.0,0.0,0.0,0.0,0.0,0.0,0.0
repeat_2_fold_3,ACADM,0.0,0.0,0.0,0.0,0.0,0.0,0.0
repeat_2_fold_3,ACADSB,0.0,0.0,0.0,0.0,0.0,0.0,0.0
repeat_2_fold_3,ACADVL,0.0,0.0,0.0,0.0,0.0,0.0,0.0
repeat_2_fold_3,ACAN,0.0,0.0,0.0,0.0,0.0,0.0,0.0
repeat_2_fold_3,ACAT2,-1.0660604630034172,1.2309805905748799,0.6154902952874399,-1.681550758290857,0.0,-0.0002057613168724437,0.5
repeat_2_fold_3,ACBD3,-0.05241224824955992,0.06052045127143382,0.03026022563571691,-0.08267247388527683,0.0,-0.0006004803843074613,0.5
repeat_2_fold_3,ACBD4,0.0,0.0,0.0,0.0,0.0,0.0,0.0
repeat_2_fold_3,ACD,0.0,0.0,0.0,0.0,0.0,0.0,0.0
repeat_2_fold_3,ACE,0.0,0.0,0.0,0.0,0.0,0.0,0.0
repeat_2_fold_3,ACE2,0.05203606934032301,0.10407213868064602,0.05203606934032301,0.0,0.25,0.0016012810248198228,0.5
repeat_2_fold_3,ACHE,0.0,0.0,0.0,0.0,0.0,0.0,0.0
repeat_2_fold_3,ACIN1,0.0,0.0,0.0,0.0,0.0,0.0,0.0
repeat_2_fold_3,ACKR2,0.0,0.0,0.0,0.0,0.0,0.0,0.0
repeat_2_fold_3,ACKR3,0.0,0.0,0.0,0.0,0.0,0.0,0.0
repeat_2_fold_3,ACKR4,0.0,0.0,0.0,0.0,0.0,0.0,0.0
repeat_2_fold_3,ACLY,0.0,0.0,0.0,0.0,0.0,0.0,0.0
repeat_2_fold_3,ACO1,0.0,0.0,0.0,0.0,0.0,0.0,0.0
repeat_2_fold_3,ACO2,0.0,0.0,0.0,0.0,0.0,0.0,0.0
repeat_2_fold_3,ACOT11,0.0,0.0,0.0,0.0,0.0,0.0,0.0
repeat_2_fold_3,ACOT13,0.0,0.0,0.0,0.0,0.0,0.0,0.0
repeat_2_fold_3,ACOT2,0.0,0.0,0.0,0.0,0.0,0.0,0.0
repeat_2_fold_3,ACOT7,0.0,0.0,0.0,0.0,0.0,0.0,0.0
repeat_2_fold_3,ACOT8,0.0,0.0,0.0,0.0,0.0,0.0,0.0
repeat_2_fold_3,ACOT9,0.0,0.0,0.0,0.0,0.0,0.0,0.0
repeat_2_fold_3,ACOX1,0.0,0.0,0.0,0.0,0.0,0.0,0.0
repeat_2_fold_3,ACOX2,0.0,0.0,0.0,0.0,0.0,-0.0010008006405124448,0.5
repeat_2_fold_3,ACOX3,0.0,0.0,0.0,0.0,0.0,0.0,0.0
repeat_2_fold_3,ACOXL,0.0,0.0,0.0,0.0,0.0,0.0,0.0
repeat_2_fold_3,ACP3,0.6007171441863406,0.6936484098056139,0.34682420490280697,0.2538929392835336,0.5,0.0034923411980612995,1.0
repeat_2_fold_3,ACP5,0.0,0.0,0.0,0.0,0.0,0.0,0.0
repeat_2_fold_3,ACP6,0.0,0.0,0.0,0.0,0.0,0.0,0.0
repeat_2_fold_3,ACR,0.0,0.0,0.0,0.0,0.0,0.0,0.0
repeat_2_fold_3,ACSBG1,0.0,0.0,0.0,0.0,0.0,0.0,0.0
repeat_2_fold_3,ACSBG2,0.0,0.0,0.0,0.0,0.0,0.0,0.0
repeat_2_fold_3,ACSF2,0.0,0.0,0.0,0.0,0.0,0.0,0.0
repeat_2_fold_3,ACSL1,0.0,0.0,0.0,0.0,0.0,0.0,0.0
repeat_2_fold_3,ACSL4,0.0,0.0,0.0,0.0,0.0,0.0,0.0
repeat_2_fold_3,ACSL5,0.0,0.0,0.0,0.0,0.0,0.0,0.0
repeat_2_fold_3,ACSL6,0.0,0.0,0.0,0.0,0.0,0.0,0.0
repeat_2_fold_3,ACSM2A,0.0,0.0,0.0,0.0,0.0,0.0,0.0
repeat_2_fold_3,ACSM3,0.0,0.0,0.0,0.0,0.0,0.0,0.0
repeat_2_fold_3,ACSM5,0.0,0.0,0.0,0.0,0.0,0.0,0.0
repeat_2_fold_3,ACSS3,0.08901910389471368,0.17803820778942736,0.08901910389471368,0.0,0.25,0.0008006405124098837,0.5
repeat_2_fold_3,ACTA1,0.0,0.0,0.0,0.0,0.0,0.0,0.0
repeat_2_fold_3,ACTA2,0.0,0.0,0.0,0.0,0.0,0.0,0.0
repeat_2_fold_3,ACTB,0.0,0.0,0.0,0.0,0.0,0.0,0.0
repeat_2_fold_3,ACTC1,0.0,0.0,0.0,0.0,0.0,0.0,0.0
repeat_2_fold_3,ACTG1,0.0,0.0,0.0,0.0,0.0,0.0,0.0
repeat_2_fold_3,ACTG2,0.0,0.0,0.0,0.0,0.0,0.0,0.0
repeat_2_fold_3,ACTL6A,0.0,0.0,0.0,0.0,0.0,-0.0004003202562050112,0.5
repeat_2_fold_3,ACTL6B,0.0,0.0,0.0,0.0,0.0,0.0,0.0
repeat_2_fold_3,ACTN1,0.0,0.0,0.0,0.0,0.0,0.0,0.0
repeat_2_fold_3,ACTN2,0.0,0.0,0.0,0.0,0.0,0.0,0.0
repeat_2_fold_3,ACTN3,0.0,0.0,0.0,0.0,0.0,0.0,0.0
repeat_2_fold_3,ACTN4,0.0,0.0,0.0,0.0,0.0,0.0,0.0
repeat_2_fold_3,ACTR10,0.0,0.0,0.0,0.0,0.0,0.0,0.0
repeat_2_fold_3,ACTR1A,0.0,0.0,0.0,0.0,0.0,0.0,0.0
repeat_2_fold_3,ACTR1B,0.0,0.0,0.0,0.0,0.0,0.0,0.0
repeat_2_fold_3,ACTR2,0.0,0.0,0.0,0.0,0.0,0.0,0.0
repeat_2_fold_3,ACTR3,0.0,0.0,0.0,0.0,0.0,0.0,0.0
repeat_2_fold_3,ACTR5,0.0,0.0,0.0,0.0,0.0,0.0,0.0
repeat_2_fold_3,ACTR8,0.0,0.0,0.0,0.0,0.0,0.0,0.0
repeat_2_fold_3,ACVR1B,0.0,0.0,0.0,0.0,0.0,0.0,0.0
repeat_2_fold_3,ACVR2A,0.0,0.0,0.0,0.0,0.0,0.0,0.0
repeat_2_fold_3,ACVR2B,0.0,0.0,0.0,0.0,0.0,0.0,0.0
repeat_2_fold_3,ACVRL1,0.0,0.0,0.0,0.0,0.0,0.0,0.0
repeat_2_fold_3,ADA,0.0,0.0,0.0,0.0,0.0,0.0,0.0
repeat_2_fold_3,ADAM10,0.0,0.0,0.0,0.0,0.0,0.0,0.0
repeat_2_fold_3,ADAM11,0.0,0.0,0.0,0.0,0.0,0.0,0.0
repeat_2_fold_3,ADAM12,0.0,0.0,0.0,0.0,0.0,0.0,0.0
repeat_2_fold_3,ADAM15,0.0,0.0,0.0,0.0,0.0,0.0,0.0
repeat_2_fold_3,ADAM17,0.0,0.0,0.0,0.0,0.0,0.0002001601281024501,0.5
repeat_2_fold_3,ADAM19,0.0,0.0,0.0,0.0,0.0,0.0,0.0
repeat_2_fold_3,ADAM2,0.0,0.0,0.0,0.0,0.0,0.0,0.0
repeat_2_fold_3,ADAM20,0.0,0.0,0.0,0.0,0.0,0.0,0.0
repeat_2_fold_3,ADAM21,0.0,0.0,0.0,0.0,0.0,0.0,0.0
repeat_2_fold_3,ADAM22,0.0,0.0,0.0,0.0,0.0,0.0,0.0
repeat_2_fold_3,ADAM23,0.0,0.0,0.0,0.0,0.0,0.0,0.0
repeat_2_fold_3,ADAM30,0.0,0.0,0.0,0.0,0.0,0.0,0.0
repeat_2_fold_3,ADAM8,0.0,0.0,0.0,0.0,0.0,0.0,0.0
repeat_2_fold_3,ADAM9,0.0,0.0,0.0,0.0,0.0,0.0,0.0
repeat_2_fold_3,ADAMTS1,0.0,0.0,0.0,0.0,0.0,0.0,0.0
repeat_2_fold_3,ADAMTS12,0.0,0.0,0.0,0.0,0.0,0.0,0.0
repeat_2_fold_3,ADAMTS13,0.0,0.0,0.0,0.0,0.0,0.0,0.0
repeat_2_fold_3,ADAMTS2,0.0,0.0,0.0,0.0,0.0,0.0,0.0
repeat_2_fold_3,ADAMTS3,0.0,0.0,0.0,0.0,0.0,0.0,0.0
repeat_2_fold_3,ADAMTS5,-0.7230311091298383,1.289851025420135,0.6449255127100675,-1.3679566218399057,0.5,-0.0015956798360499402,1.0
repeat_2_fold_3,ADAMTS7,0.0,0.0,0.0,0.0,0.0,0.0,0.0
repeat_2_fold_3,ADAMTS8,0.0,0.0,0.0,0.0,0.0,0.0,0.0
repeat_2_fold_3,ADAMTS9,0.0,0.0,0.0,0.0,0.0,0.0,0.0
repeat_2_fold_3,ADAMTSL2,0.0,0.0,0.0,0.0,0.0,0.0,0.0
repeat_2_fold_3,ADAMTSL3,0.0,0.0,0.0,0.0,0.0,0.0,0.0
repeat_2_fold_3,ADAMTSL4,0.0,0.0,0.0,0.0,0.0,0.0,0.0
repeat_2_fold_3,ADAP1,0.0,0.0,0.0,0.0,0.0,0.0,0.0
repeat_2_fold_3,ADAR,0.0,0.0,0.0,0.0,0.0,0.0,0.0
repeat_2_fold_3,ADARB1,0.0,0.0,0.0,0.0,0.0,0.0,0.0
repeat_2_fold_3,ADAT1,0.0,0.0,0.0,0.0,0.0,0.0,0.0
repeat_2_fold_3,ADCY1,0.0,0.0,0.0,0.0,0.0,0.0,0.0
repeat_2_fold_3,ADCY10,0.0,0.0,0.0,0.0,0.0,0.0,0.0
repeat_2_fold_3,ADCY2,0.0,0.0,0.0,0.0,0.0,0.0,0.0
repeat_2_fold_3,ADCY3,0.0,0.0,0.0,0.0,0.0,0.0,0.0
repeat_2_fold_3,ADCY6,0.0,0.0,0.0,0.0,0.0,0.0,0.0
repeat_2_fold_3,ADCY7,0.0,0.0,0.0,0.0,0.0,0.0,0.0
repeat_2_fold_3,ADCY8,0.0,0.0,0.0,0.0,0.0,0.0,0.0
repeat_2_fold_3,ADCY9,0.0,0.0,0.0,0.0,0.0,0.0,0.0
repeat_2_fold_3,ADCYAP1,0.0,0.0,0.0,0.0,0.0,0.0,0.0
repeat_2_fold_3,ADCYAP1R1,0.0,0.0,0.0,0.0,0.0,0.0,0.0
repeat_2_fold_3,ADD1,0.0,0.0,0.0,0.0,0.0,0.0,0.0
repeat_2_fold_3,ADD2,0.0,0.0,0.0,0.0,0.0,0.0,0.0
repeat_2_fold_3,ADD3,0.0,0.0,0.0,0.0,0.0,0.0,0.0
repeat_2_fold_3,ADGRE1,0.0,0.0,0.0,0.0,0.0,0.0,0.0
repeat_2_fold_3,ADGRE2,0.0,0.0,0.0,0.0,0.0,0.0,0.0
repeat_2_fold_3,ADGRE3,0.0,0.0,0.0,0.0,0.0,0.0,0.0
repeat_2_fold_3,ADGRF5,-0.015074149005940285,0.030148298011880566,0.015074149005940283,-0.03014829801188057,0.0,-0.0025852780990224533,1.0
repeat_2_fold_3,ADGRG3,0.0,0.0,0.0,0.0,0.0,0.0,0.0
repeat_2_fold_3,ADGRG6,0.0,0.0,0.0,0.0,0.0,0.0,0.0
repeat_2_fold_3,ADGRV1,0.0,0.0,0.0,0.0,0.0,0.0,0.0
repeat_2_fold_3,ADH1A,0.0,0.0,0.0,0.0,0.0,0.0,0.0
repeat_2_fold_3,ADH1B,0.0,0.0,0.0,0.0,0.0,0.0,0.0
repeat_2_fold_3,ADH1C,0.0,0.0,0.0,0.0,0.0,0.0,0.0
repeat_2_fold_3,ADH5,0.0,0.0,0.0,0.0,0.0,0.0,0.0
repeat_2_fold_3,ADH7,0.0,0.0,0.0,0.0,0.0,0.0,0.0
repeat_2_fold_3,ADI1,0.0,0.0,0.0,0.0,0.0,0.0,0.0
repeat_2_fold_3,ADIPOQ,0.0,0.0,0.0,0.0,0.0,0.0,0.0
repeat_2_fold_3,ADIPOR1,0.0,0.0,0.0,0.0,0.0,0.0,0.0
repeat_2_fold_3,ADIPOR2,0.0,0.0,0.0,0.0,0.0,0.0,0.0
repeat_2_fold_3,ADIRF,0.0,0.0,0.0,0.0,0.0,0.0,0.0
repeat_2_fold_3,ADK,0.0,0.0,0.0,0.0,0.0,0.0,0.0
repeat_2_fold_3,ADM,0.0,0.0,0.0,0.0,0.0,0.0,0.0
repeat_2_fold_3,ADM2,0.0,0.0,0.0,0.0,0.0,0.0,0.0
repeat_2_fold_3,ADO,0.0,0.0,0.0,0.0,0.0,0.0,0.0
repeat_2_fold_3,ADORA1,0.0,0.0,0.0,0.0,0.0,0.0,0.0
repeat_2_fold_3,ADORA2A,0.0,0.0,0.0,0.0,0.0,0.0,0.0
repeat_2_fold_3,ADORA2B,0.0,0.0,0.0,0.0,0.0,0.0,0.0
repeat_2_fold_3,ADORA3,0.0,0.0,0.0,0.0,0.0,0.0,0.0
repeat_2_fold_3,ADRA1A,0.0,0.0,0.0,0.0,0.0,0.0,0.0
repeat_2_fold_3,ADRA1B,0.0,0.0,0.0,0.0,0.0,0.0,0.0
repeat_2_fold_3,ADRA1D,0.0,0.0,0.0,0.0,0.0,0.0,0.0
repeat_2_fold_3,ADRA2A,0.0,0.0,0.0,0.0,0.0,0.0,0.0
repeat_2_fold_3,ADRA2B,0.0,0.0,0.0,0.0,0.0,0.0,0.0
repeat_2_fold_3,ADRA2C,0.0,0.0,0.0,0.0,0.0,0.0,0.0
repeat_2_fold_3,ADRB1,0.0,0.0,0.0,0.0,0.0,0.0,0.0
repeat_2_fold_3,ADRB2,0.0,0.0,0.0,0.0,0.0,0.0,0.0
repeat_2_fold_3,ADRB3,0.0,0.0,0.0,0.0,0.0,0.0,0.0
repeat_2_fold_3,ADRM1,0.0,0.0,0.0,0.0,0.0,0.0,0.0
repeat_2_fold_3,ADSL,0.0,0.0,0.0,0.0,0.0,0.0,0.0
repeat_2_fold_3,ADSS2,0.0,0.0,0.0,0.0,0.0,0.0,0.0
repeat_2_fold_3,AFDN,0.0,0.0,0.0,0.0,0.0,0.0,0.0
repeat_2_fold_3,AFF4,0.0,0.0,0.0,0.0,0.0,0.0,0.0
repeat_2_fold_3,AFG3L2,0.0,0.0,0.0,0.0,0.0,0.0,0.0
repeat_2_fold_3,AFP,0.0,0.0,0.0,0.0,0.0,0.0,0.0
repeat_2_fold_3,AGA,0.0,0.0,0.0,0.0,0.0,0.0,0.0
repeat_2_fold_3,AGAP2,0.0,0.0,0.0,0.0,0.0,0.0,0.0
repeat_2_fold_3,AGBL2,0.0,0.0,0.0,0.0,0.0,0.0,0.0
repeat_2_fold_3,AGBL3,0.0,0.0,0.0,0.0,0.0,0.0,0.0
repeat_2_fold_3,AGBL5,0.0,0.0,0.0,0.0,0.0,0.0,0.0
repeat_2_fold_3,AGER,0.0,0.0,0.0,0.0,0.0,0.0,0.0
repeat_2_fold_3,AGFG1,0.0,0.0,0.0,0.0,0.0,0.0,0.0
repeat_2_fold_3,AGGF1,0.0,0.0,0.0,0.0,0.0,0.0,0.0
repeat_2_fold_3,AGK,0.0,0.0,0.0,0.0,0.0,0.0,0.0
repeat_2_fold_3,AGL,0.0,0.0,0.0,0.0,0.0,0.0,0.0
repeat_2_fold_3,AGMAT,0.0,0.0,0.0,0.0,0.0,0.0,0.0
repeat_2_fold_3,AGO2,0.1710392916499952,0.21640863502828703,0.10820431751414351,0.06283497413585169,0.5,0.003202562049639701,0.5
repeat_2_fold_3,AGO4,0.0,0.0,0.0,0.0,0.0,0.0,0.0
repeat_2_fold_3,AGPAT1,0.0,0.0,0.0,0.0,0.0,0.0,0.0
repeat_2_fold_3,AGPAT2,0.0,0.0,0.0,0.0,0.0,0.0,0.0
repeat_2_fold_3,AGPAT3,0.0,0.0,0.0,0.0,0.0,0.0,0.0
repeat_2_fold_3,AGPAT4,0.0,0.0,0.0,0.0,0.0,0.0,0.0
repeat_2_fold_3,AGPAT5,0.0,0.0,0.0,0.0,0.0,0.0,0.0
repeat_2_fold_3,AGPS,0.0,0.0,0.0,0.0,0.0,0.0,0.0
repeat_2_fold_3,AGRN,0.0,0.0,0.0,0.0,0.0,0.0,0.0
repeat_2_fold_3,AGRP,0.0,0.0,0.0,0.0,0.0,0.0,0.0
repeat_2_fold_3,AGT,0.0,0.0,0.0,0.0,0.0,0.0,0.0
repeat_2_fold_3,AGTPBP1,0.0,0.0,0.0,0.0,0.0,0.0,0.0
repeat_2_fold_3,AGTR1,0.0,0.0,0.0,0.0,0.0,0.0,0.0
repeat_2_fold_3,AGTR2,0.0,0.0,0.0,0.0,0.0,0.0,0.0
repeat_2_fold_3,AGXT,0.0,0.0,0.0,0.0,0.0,0.0,0.0
repeat_2_fold_3,AHCTF1,0.0,0.0,0.0,0.0,0.0,0.0,0.0
repeat_2_fold_3,AHCY,0.0,0.0,0.0,0.0,0.0,0.0,0.0
repeat_2_fold_3,AHCYL1,0.0,0.0,0.0,0.0,0.0,0.0,0.0
repeat_2_fold_3,AHCYL2,0.0,0.0,0.0,0.0,0.0,0.0,0.0
repeat_2_fold_3,AHI1,0.0,0.0,0.0,0.0,0.0,0.0,0.0
repeat_2_fold_3,AHSG,0.0,0.0,0.0,0.0,0.0,0.0,0.0
repeat_2_fold_3,AICDA,0.0,0.0,0.0,0.0,0.0,0.0,0.0
repeat_2_fold_3,AIM2,0.0,0.0,0.0,0.0,0.0,0.0,0.0
repeat_2_fold_3,AIMP1,0.0,0.0,0.0,0.0,0.0,0.0,0.0
repeat_2_fold_3,AK1,0.0,0.0,0.0,0.0,0.0,0.0,0.0
repeat_2_fold_3,AK2,0.0,0.0,0.0,0.0,0.0,0.0,0.0
repeat_2_fold_3,AK4,0.0,0.0,0.0,0.0,0.0,0.0,0.0
repeat_2_fold_3,AK5,0.0,0.0,0.0,0.0,0.0,0.0,0.0
repeat_2_fold_3,AKAP1,0.0,0.0,0.0,0.0,0.0,0.0,0.0
repeat_2_fold_3,AKAP10,0.0,0.0,0.0,0.0,0.0,0.0,0.0
repeat_2_fold_3,AKAP12,-0.004657422708753245,0.07816852146615691,0.039084260733078455,-0.0437416834418317,0.25,-0.0018014411529223562,0.5
repeat_2_fold_3,AKAP13,0.0,0.0,0.0,0.0,0.0,0.0,0.0
repeat_2_fold_3,AKAP5,0.0,0.0,0.0,0.0,0.0,0.0,0.0
repeat_2_fold_3,AKAP8L,0.0,0.0,0.0,0.0,0.0,0.0,0.0
repeat_2_fold_3,AKAP9,0.036983034554388894,0.07396606910877779,0.036983034554388894,0.0,0.25,0.0004003202562049557,0.5
repeat_2_fold_3,AKR1B1,0.0,0.0,0.0,0.0,0.0,0.0,0.0
repeat_2_fold_3,AKR1B10,0.0,0.0,0.0,0.0,0.0,0.0,0.0
repeat_2_fold_3,AKR1C1,0.0,0.0,0.0,0.0,0.0,0.0,0.0
repeat_2_fold_3,AKR1C3,0.0,0.0,0.0,0.0,0.0,0.0,0.0
repeat_2_fold_3,AKR1C4,0.0,0.0,0.0,0.0,0.0,0.0,0.0
repeat_2_fold_3,AKR1D1,0.0,0.0,0.0,0.0,0.0,0.0,0.0
repeat_2_fold_3,AKR7A2,0.0,0.0,0.0,0.0,0.0,0.0,0.0
repeat_2_fold_3,AKR7A3,0.0,0.0,0.0,0.0,0.0,0.0,0.0
repeat_2_fold_3,AKT1,0.0,0.0,0.0,0.0,0.0,0.0,0.0
repeat_2_fold_3,AKT2,0.0,0.0,0.0,0.0,0.0,0.0,0.0
repeat_2_fold_3,AKT3,0.0,0.0,0.0,0.0,0.0,0.0,0.0
repeat_2_fold_3,ALAD,0.0,0.0,0.0,0.0,0.0,0.0,0.0
repeat_2_fold_3,ALAS1,0.0,0.0,0.0,0.0,0.0,0.0,0.0
repeat_2_fold_3,ALB,0.0,0.0,0.0,0.0,0.0,0.0,0.0
repeat_2_fold_3,ALCAM,0.0,0.0,0.0,0.0,0.0,0.0,0.0
repeat_2_fold_3,ALDH18A1,0.0,0.0,0.0,0.0,0.0,0.0,0.0
repeat_2_fold_3,ALDH1A1,0.0,0.0,0.0,0.0,0.0,0.0,0.0
repeat_2_fold_3,ALDH1A2,0.0,0.0,0.0,0.0,0.0,0.0,0.0
repeat_2_fold_3,ALDH1A3,0.0,0.0,0.0,0.0,0.0,0.0,0.0
repeat_2_fold_3,ALDH1L1,0.0,0.0,0.0,0.0,0.0,0.0,0.0
repeat_2_fold_3,ALDH2,0.0,0.0,0.0,0.0,0.0,0.0,0.0
repeat_2_fold_3,ALDH3A1,0.0,0.0,0.0,0.0,0.0,0.0,0.0
repeat_2_fold_3,ALDH3A2,0.0,0.0,0.0,0.0,0.0,0.0,0.0
repeat_2_fold_3,ALDH3B1,0.0,0.0,0.0,0.0,0.0,0.0,0.0
repeat_2_fold_3,ALDH3B2,0.0,0.0,0.0,0.0,0.0,0.0,0.0
repeat_2_fold_3,ALDH4A1,0.0,0.0,0.0,0.0,0.0,0.0,0.0
repeat_2_fold_3,ALDH5A1,0.0,0.0,0.0,0.0,0.0,0.0,0.0
repeat_2_fold_3,ALDH6A1,0.0,0.0,0.0,0.0,0.0,0.0,0.0
repeat_2_fold_3,ALDH7A1,0.0,0.0,0.0,0.0,0.0,0.0,0.0
repeat_2_fold_3,ALDH8A1,0.0,0.0,0.0,0.0,0.0,0.0,0.0
repeat_2_fold_3,ALDH9A1,-0.025696073414266607,0.05139214682853321,0.025696073414266603,-0.051392146828533214,0.0,-0.00018895775056262942,1.0
repeat_2_fold_3,ALDOA,0.0,0.0,0.0,0.0,0.0,0.0,0.0
repeat_2_fold_3,ALDOB,0.0,0.0,0.0,0.0,0.0,0.0,0.0
repeat_2_fold_3,ALDOC,0.0,0.0,0.0,0.0,0.0,0.0,0.0
repeat_2_fold_3,ALG13,0.0,0.0,0.0,0.0,0.0,0.0,0.0
repeat_2_fold_3,ALG3,0.0,0.0,0.0,0.0,0.0,0.0,0.0
repeat_2_fold_3,ALG5,0.0,0.0,0.0,0.0,0.0,0.0,0.0
repeat_2_fold_3,ALG6,0.0,0.0,0.0,0.0,0.0,0.0,0.0
repeat_2_fold_3,ALG8,0.0,0.0,0.0,0.0,0.0,0.0,0.0
repeat_2_fold_3,ALG9,0.0,0.0,0.0,0.0,0.0,0.0,0.0
repeat_2_fold_3,ALK,0.0,0.0,0.0,0.0,0.0,0.0,0.0
repeat_2_fold_3,ALMS1,0.0,0.0,0.0,0.0,0.0,0.0,0.0
repeat_2_fold_3,ALOX12,0.0,0.0,0.0,0.0,0.0,0.0,0.0
repeat_2_fold_3,ALOX12B,0.0,0.0,0.0,0.0,0.0,0.0,0.0
repeat_2_fold_3,ALOX15,0.0,0.0,0.0,0.0,0.0,0.0,0.0
repeat_2_fold_3,ALOX15B,0.07564573874826053,0.15129147749652105,0.07564573874826053,0.0,0.25,-0.0002001601281025056,0.5
repeat_2_fold_3,ALOX5,0.0,0.0,0.0,0.0,0.0,0.0,0.0
repeat_2_fold_3,ALOX5AP,0.0,0.0,0.0,0.0,0.0,0.0,0.0
repeat_2_fold_3,ALOXE3,0.0,0.0,0.0,0.0,0.0,0.0,0.0
repeat_2_fold_3,ALPG,0.0,0.0,0.0,0.0,0.0,0.0,0.0
repeat_2_fold_3,ALPI,0.0,0.0,0.0,0.0,0.0,0.0,0.0
repeat_2_fold_3,ALPK1,0.0,0.0,0.0,0.0,0.0,0.0,0.0
repeat_2_fold_3,ALPL,0.0,0.0,0.0,0.0,0.0,0.0,0.0
repeat_2_fold_3,ALPP,0.0,0.0,0.0,0.0,0.0,0.0,0.0
repeat_2_fold_3,ALS2CL,0.0,0.0,0.0,0.0,0.0,0.0,0.0
repeat_2_fold_3,ALX3,0.0,0.0,0.0,0.0,0.0,0.0,0.0
repeat_2_fold_3,AMACR,0.0,0.0,0.0,0.0,0.0,0.0,0.0
repeat_2_fold_3,AMBN,0.0,0.0,0.0,0.0,0.0,0.0,0.0
repeat_2_fold_3,AMBP,0.0,0.0,0.0,0.0,0.0,0.0,0.0
repeat_2_fold_3,AMBRA1,0.0,0.0,0.0,0.0,0.0,0.0,0.0
repeat_2_fold_3,AMD1,0.0,0.0,0.0,0.0,0.0,0.0,0.0
repeat_2_fold_3,AMDHD2,0.0,0.0,0.0,0.0,0.0,0.0,0.0
repeat_2_fold_3,AMELX,0.0,0.0,0.0,0.0,0.0,0.0,0.0
repeat_2_fold_3,AMFR,0.0,0.0,0.0,0.0,0.0,0.0,0.0
repeat_2_fold_3,AMH,0.0,0.0,0.0,0.0,0.0,0.0,0.0
repeat_2_fold_3,AMHR2,0.0,0.0,0.0,0.0,0.0,0.0,0.0
repeat_2_fold_3,AMIGO2,0.0,0.0,0.0,0.0,0.0,0.0,0.0
repeat_2_fold_3,AMN,0.0,0.0,0.0,0.0,0.0,0.0,0.0
repeat_2_fold_3,AMOT,0.0,0.0,0.0,0.0,0.0,0.0,0.0
repeat_2_fold_3,AMOTL2,0.0,0.0,0.0,0.0,0.0,0.0,0.0
repeat_2_fold_3,AMPD1,0.0,0.0,0.0,0.0,0.0,0.0,0.0
repeat_2_fold_3,AMPD2,0.0,0.0,0.0,0.0,0.0,0.0,0.0
repeat_2_fold_3,AMPD3,-0.5330302315017086,1.0660604630034172,0.5330302315017086,-1.0660604630034172,0.0,0.0010288065843621352,0.5
repeat_2_fold_3,AMPH,0.0,0.0,0.0,0.0,0.0,0.0,0.0
repeat_2_fold_3,AMY1A,0.0,0.0,0.0,0.0,0.0,0.0,0.0
repeat_2_fold_3,ANAPC1,0.0,0.0,0.0,0.0,0.0,0.0,0.0
repeat_2_fold_3,ANAPC10,0.0,0.0,0.0,0.0,0.0,0.0,0.0
repeat_2_fold_3,ANAPC13,0.0,0.0,0.0,0.0,0.0,0.0,0.0
repeat_2_fold_3,ANAPC2,0.0,0.0,0.0,0.0,0.0,0.0,0.0
repeat_2_fold_3,ANAPC5,0.0,0.0,0.0,0.0,0.0,0.0,0.0
repeat_2_fold_3,ANG,0.0,0.0,0.0,0.0,0.0,0.0,0.0
repeat_2_fold_3,ANGPT2,0.0,0.0,0.0,0.0,0.0,0.0,0.0
repeat_2_fold_3,ANGPT4,0.0,0.0,0.0,0.0,0.0,0.0,0.0
repeat_2_fold_3,ANGPTL3,0.0,0.0,0.0,0.0,0.0,0.0,0.0
repeat_2_fold_3,ANGPTL4,0.0,0.0,0.0,0.0,0.0,0.0,0.0
repeat_2_fold_3,ANGPTL8,0.0,0.0,0.0,0.0,0.0,0.0,0.0
repeat_2_fold_3,ANK1,0.0,0.0,0.0,0.0,0.0,-2.7755575615628914e-17,0.5
repeat_2_fold_3,ANK2,0.0,0.0,0.0,0.0,0.0,0.0,0.0
repeat_2_fold_3,ANK3,0.0,0.0,0.0,0.0,0.0,0.0,0.0
repeat_2_fold_3,ANKH,0.0,0.0,0.0,0.0,0.0,0.0,0.0
repeat_2_fold_3,ANKLE2,0.0,0.0,0.0,0.0,0.0,0.0,0.0
repeat_2_fold_3,ANKRD1,0.0,0.0,0.0,0.0,0.0,0.0,0.0
repeat_2_fold_3,ANKRD26,0.0,0.0,0.0,0.0,0.0,0.0,0.0
repeat_2_fold_3,ANKRD27,0.0,0.0,0.0,0.0,0.0,0.0,0.0
repeat_2_fold_3,ANO1,0.0,0.0,0.0,0.0,0.0,0.0,0.0
repeat_2_fold_3,ANO10,0.0,0.0,0.0,0.0,0.0,0.0,0.0
repeat_2_fold_3,ANTXR1,0.0,0.0,0.0,0.0,0.0,0.0,0.0
repeat_2_fold_3,ANXA1,0.0,0.0,0.0,0.0,0.0,0.0,0.0
repeat_2_fold_3,AP1B1,0.05203606934032301,0.10407213868064602,0.05203606934032301,0.0,0.25,0.003202562049639701,0.5
repeat_2_fold_3,AP1S1,-0.06319361958356673,0.07506361294933817,0.03753180647466908,-0.10072542605823581,0.0,-0.0024019215372297897,0.5
repeat_2_fold_3,AP3B1,0.0,0.0,0.0,0.0,0.0,0.0,0.0
repeat_2_fold_3,AP3S1,0.0955147705248045,0.11576853028833127,0.057884265144165635,0.03763050538063887,0.5,0.0012009607686148671,0.5
repeat_2_fold_3,APAF1,-0.02620612412477996,0.05241224824955992,0.02620612412477996,-0.05241224824955992,0.0,0.0018350482855419847,1.0
repeat_2_fold_3,APLNR,0.0,0.0,0.0,0.0,0.0,0.0,0.0
repeat_2_fold_3,APOM,0.09583755216079481,0.5028125960552615,0.25140629802763076,-0.15556874586683594,0.25,0.0014403292181069949,0.5
repeat_2_fold_3,AQP8,0.028797630337628277,0.0809088312864865,0.04045441564324325,-0.011656785305614974,0.25,-0.0010176042068223146,1.0
repeat_2_fold_3,AR,0.0,0.0,0.0,0.0,0.0,0.0,0.0
repeat_2_fold_3,ARHGAP10,0.0,0.0,0.0,0.0,0.0,0.0,0.0
repeat_2_fold_3,ARL4C,0.0,0.0,0.0,0.0,0.0,0.0,0.0
repeat_2_fold_3,ARPC1B,0.0,0.0,0.0,0.0,0.0,0.0,0.0
repeat_2_fold_3,ASH2L,-0.19076214310497264,0.8135290766206554,0.4067645383103277,-0.5975266814153004,0.25,-0.005144032921810704,0.5
repeat_2_fold_3,ASRGL1,0.0,0.0,0.0,0.0,0.0,0.0,0.0
repeat_2_fold_3,ASS1,0.0,0.0,0.0,0.0,0.0,-0.00040032025620498346,0.5
repeat_2_fold_3,ATAT1,0.0,0.0,0.0,0.0,0.0,0.0,0.0
repeat_2_fold_3,ATF1,-1.0660604630034172,1.2309805905748799,0.6154902952874399,-1.681550758290857,0.0,-0.0012009607686149504,1.0
repeat_2_fold_3,ATF7IP,0.0,0.0,0.0,0.0,0.0,0.0,0.0
repeat_2_fold_3,ATG14,0.07149804088008693,0.4116868521542383,0.20584342607711914,-0.1343453851970322,0.25,-0.0011897583910750464,1.0
repeat_2_fold_3,ATG4A,0.0,0.0,0.0,0.0,0.0,0.0,0.0
repeat_2_fold_3,ATN1,0.0,0.0,0.0,0.0,0.0,0.0006004803843074336,0.5
repeat_2_fold_3,ATP1B4,0.0,0.0,0.0,0.0,0.0,0.0,0.0
repeat_2_fold_3,ATP2B3,0.0,0.0,0.0,0.0,0.0,0.0,0.0
repeat_2_fold_3,ATP2C1,0.0,0.0,0.0,0.0,0.0,0.0,0.0
repeat_2_fold_3,ATP5F1C,0.0,0.0,0.0,0.0,0.0,0.0,0.0
repeat_2_fold_3,ATP7B,0.0,0.0,0.0,0.0,0.0,0.0,0.0
repeat_2_fold_3,ATP8B2,-0.0002630147303257502,0.0005260294606515004,0.0002630147303257502,-0.0005260294606515004,0.0,-0.0020576131687242705,0.5
repeat_2_fold_3,ATP9A,-0.617894240025004,1.235788480050008,0.617894240025004,-1.235788480050008,0.0,-0.0038926614542663385,1.0
repeat_2_fold_3,AURKAIP1,0.0,0.0,0.0,0.0,0.0,0.0,0.0
repeat_2_fold_3,AURKB,-0.5330302315017086,1.0660604630034172,0.5330302315017086,-1.0660604630034172,0.0,-0.0006172839506173033,0.5
repeat_2_fold_3,AUTS2,-1.165387054428134,1.3456730591683763,0.6728365295841882,-1.8382235840123222,0.0,-0.0016460905349794386,0.5
repeat_2_fold_3,AVEN,0.09755908520110879,0.19511817040221757,0.09755908520110879,0.0,0.25,-0.0006004803843074613,0.5
repeat_2_fold_3,B3GALT1,0.0,0.0,0.0,0.0,0.0,0.0,0.0
repeat_2_fold_3,B3GALT5,0.16862109254179103,0.45560100595990044,0.22780050297995022,-0.05917941043815919,0.25,-0.003497942386831293,0.5
repeat_2_fold_3,B3GNT2,0.0,0.0,0.0,0.0,0.0,0.0,0.0
repeat_2_fold_3,B4GALT1,0.0,0.0,0.0,0.0,0.0,0.0,0.0
repeat_2_fold_3,B4GALT2,0.0,0.0,0.0,0.0,0.0,0.0,0.0
repeat_2_fold_3,B4GALT5,0.0,0.0,0.0,0.0,0.0,0.0,0.0
repeat_2_fold_3,BAK1,0.0,0.0,0.0,0.0,0.0,0.0,0.0
repeat_2_fold_3,BAP1,0.0,0.0,0.0,0.0,0.0,0.0,0.0
repeat_2_fold_3,BBC3,0.0,0.0,0.0,0.0,0.0,0.0,0.0
repeat_2_fold_3,BCKDHB,0.0,0.0,0.0,0.0,0.0,0.0,0.0
repeat_2_fold_3,BCL6,0.0,0.0,0.0,0.0,0.0,0.0,0.0
repeat_2_fold_3,BHLHE41,0.0,0.0,0.0,0.0,0.0,0.0,0.0
repeat_2_fold_3,BIRC7,-0.031305066432908646,0.2851608675299615,0.14258043376498075,-0.1738855001978894,0.25,-0.0020576131687242982,0.5
repeat_2_fold_3,BNIP3L,0.0,0.0,0.0,0.0,0.0,0.0,0.0
repeat_2_fold_3,BRD1,0.0,0.0,0.0,0.0,0.0,0.0,0.0
repeat_2_fold_3,BRD9,0.0,0.0,0.0,0.0,0.0,0.0,0.0
repeat_2_fold_3,BTD,-0.0848640085232919,0.1697280170465838,0.0848640085232919,-0.1697280170465838,0.0,0.0008230452674896915,0.5
repeat_2_fold_3,BTN2A1,0.0,0.0,0.0,0.0,0.0,0.0,0.0
repeat_2_fold_3,C2orf49,0.0,0.0,0.0,0.0,0.0,0.0,0.0
repeat_2_fold_3,C4BPA,0.0,0.0,0.0,0.0,0.0,0.0,0.0
repeat_2_fold_3,CA3,0.0,0.0,0.0,0.0,0.0,0.0,0.0
repeat_2_fold_3,CA5A,0.0,0.0,0.0,0.0,0.0,0.0,0.0
repeat_2_fold_3,CACNA1S,0.0,0.0,0.0,0.0,0.0,0.0,0.0
repeat_2_fold_3,CADM3,0.0,0.0,0.0,0.0,0.0,0.0,0.0
repeat_2_fold_3,CALCA,0.0,0.0,0.0,0.0,0.0,0.0,0.0
repeat_2_fold_3,CALD1,0.0,0.0,0.0,0.0,0.0,0.0,0.0
repeat_2_fold_3,CALU,0.0,0.0,0.0,0.0,0.0,0.0,0.0
repeat_2_fold_3,CAPN7,0.0,0.0,0.0,0.0,0.0,0.0,0.0
repeat_2_fold_3,CAPZB,0.0,0.0,0.0,0.0,0.0,0.0,0.0
repeat_2_fold_3,CASP10,0.0,0.0,0.0,0.0,0.0,0.0,0.0
repeat_2_fold_3,CASP3,0.0,0.0,0.0,0.0,0.0,0.0,0.0
repeat_2_fold_3,CASP5,0.0,0.0,0.0,0.0,0.0,0.0,0.0
repeat_2_fold_3,CASP9,0.0,0.0,0.0,0.0,0.0,0.0,0.0
repeat_2_fold_3,CAST,0.05203606934032301,0.10407213868064602,0.05203606934032301,0.0,0.25,-0.0002001601281025056,0.5
repeat_2_fold_3,CCL11,0.0,0.0,0.0,0.0,0.0,0.0,0.0
repeat_2_fold_3,CCL19,0.0,0.0,0.0,0.0,0.0,0.0,0.0
repeat_2_fold_3,CCN2,0.0,0.0,0.0,0.0,0.0,0.0,0.0
repeat_2_fold_3,CCNA2,0.0,0.0,0.0,0.0,0.0,0.0,0.0
repeat_2_fold_3,CCNB2,0.0,0.0,0.0,0.0,0.0,0.0,0.0
repeat_2_fold_3,CCNG2,0.0,0.0,0.0,0.0,0.0,0.0,0.0
repeat_2_fold_3,CCZ1,0.1475457204219346,0.19038643032740588,0.09519321516370294,0.05235250525823165,0.5,0.00020016012810247785,0.5
repeat_2_fold_3,CD22,0.0,0.0,0.0,0.0,0.0,-0.0002057613168724437,0.5
repeat_2_fold_3,CD2AP,0.0,0.0,0.0,0.0,0.0,0.0,0.0
repeat_2_fold_3,CD300A,0.0,0.0,0.0,0.0,0.0,0.0006004803843074336,0.5
repeat_2_fold_3,CD40LG,-0.02620612412477996,0.05241224824955992,0.02620612412477996,-0.05241224824955992,0.0,-0.002240969730516962,1.0
repeat_2_fold_3,CDC16,0.0,0.0,0.0,0.0,0.0,0.0,0.0
repeat_2_fold_3,CDC27,0.0,0.0,0.0,0.0,0.0,0.0,0.0
repeat_2_fold_3,CDC42EP3,0.0,0.0,0.0,0.0,0.0,0.00020576131687241594,0.5
repeat_2_fold_3,CDC42EP4,0.0,0.0,0.0,0.0,0.0,0.0,0.0
repeat_2_fold_3,CDC45,0.0,0.0,0.0,0.0,0.0,0.0,0.0
repeat_2_fold_3,CDH15,0.0,0.0,0.0,0.0,0.0,0.0,0.0
repeat_2_fold_3,CDK5RAP2,0.0,0.0,0.0,0.0,0.0,0.0,0.0
repeat_2_fold_3,CDKAL1,0.0,0.0,0.0,0.0,0.0,0.0,0.0
repeat_2_fold_3,CDKN1B,0.0,0.0,0.0,0.0,0.0,0.0,0.0
repeat_2_fold_3,CDS2,0.0,0.0,0.0,0.0,0.0,0.0,0.0
repeat_2_fold_3,CEBPB,0.0,0.0,0.0,0.0,0.0,0.0,0.0
repeat_2_fold_3,CENPE,0.0,0.0,0.0,0.0,0.0,0.0,0.0
repeat_2_fold_3,CEP162,0.0,0.0,0.0,0.0,0.0,0.0,0.0
repeat_2_fold_3,CEP97,-0.015438794042763604,0.11104963216691192,0.05552481608345596,-0.07096361012621957,0.25,0.0010008006405123893,0.5
repeat_2_fold_3,CFL1,0.0,0.0,0.0,0.0,0.0,0.0,0.0
repeat_2_fold_3,CHMP3,0.0,0.0,0.0,0.0,0.0,0.0,0.0
repeat_2_fold_3,CHPF,0.2776382783448099,0.46194913317729724,0.23097456658864862,0.0466637117561613,0.5,-0.0002001601281025056,0.5
repeat_2_fold_3,CHRNA4,0.0,0.0,0.0,0.0,0.0,0.0,0.0
repeat_2_fold_3,CHST2,-0.7657018909102504,1.0110917725595603,0.5055458862797801,-1.2712477771900306,0.0,0.0008230452674896915,0.5
repeat_2_fold_3,CHTOP,0.0,0.0,0.0,0.0,0.0,0.0,0.0
repeat_2_fold_3,CIT,0.0,0.0,0.0,0.0,0.0,0.0,0.0
repeat_2_fold_3,CKB,0.0,0.0,0.0,0.0,0.0,0.0,0.0
repeat_2_fold_3,CKM,0.0,0.0,0.0,0.0,0.0,-0.0016460905349794386,0.5
repeat_2_fold_3,CLCF1,0.0,0.0,0.0,0.0,0.0,-0.0018518518518518545,0.5
repeat_2_fold_3,CLCN4,0.22560220900448869,0.4512044180089773,0.22560220900448866,2.7755575615628914e-17,0.25,-0.0002001601281025056,0.5
repeat_2_fold_3,CLCN5,0.0,0.0,0.0,0.0,0.0,-0.0008006405124099392,0.5
repeat_2_fold_3,CLDN1,0.0,0.0,0.0,0.0,0.0,0.0006004803843074336,0.5
repeat_2_fold_3,CLDN5,0.0,0.0,0.0,0.0,0.0,0.0,0.0
repeat_2_fold_3,CLOCK,0.0,0.0,0.0,0.0,0.0,-0.0016012810248198783,0.5
repeat_2_fold_3,CNDP2,0.0,0.0,0.0,0.0,0.0,0.001401120896717345,0.5
repeat_2_fold_3,CNPY3,0.0,0.0,0.0,0.0,0.0,0.0,0.0
repeat_2_fold_3,CNTRL,0.0,0.0,0.0,0.0,0.0,0.0,0.0
repeat_2_fold_3,COA4,0.0,0.0,0.0,0.0,0.0,0.0,0.0
repeat_2_fold_3,COASY,-1.3699080743605094,1.5818335909941639,0.7909167954970819,-2.160824869857591,0.0,-0.001234567901234579,0.5
repeat_2_fold_3,COL19A1,0.0,0.0,0.0,0.0,0.0,0.0,0.0
repeat_2_fold_3,COL4A5,0.0,0.0,0.0,0.0,0.0,-0.0006004803843074891,0.5
repeat_2_fold_3,COPB1,0.0,0.0,0.0,0.0,0.0,0.0,0.0
repeat_2_fold_3,COPB2,0.0,0.0,0.0,0.0,0.0,0.0,0.0
repeat_2_fold_3,COPG1,-1.0660604630034172,1.2309805905748799,0.6154902952874399,-1.681550758290857,0.0,-0.004732510288065844,0.5
repeat_2_fold_3,COPS8,-0.1697280170465838,0.1959850326617331,0.09799251633086654,-0.26772053337745033,0.0,0.00246913580246913,0.5
repeat_2_fold_3,COQ4,0.3003585720931703,0.6007171441863406,0.3003585720931703,0.0,0.25,0.00020576131687241594,0.5
repeat_2_fold_3,COQ9,-0.5330302315017086,1.0660604630034172,0.5330302315017086,-1.0660604630034172,0.0,5.601188769910337e-06,1.0
repeat_2_fold_3,CORT,0.0,0.0,0.0,0.0,0.0,0.0,0.0
repeat_2_fold_3,COX17,0.0,0.0,0.0,0.0,0.0,0.0,0.0
repeat_2_fold_3,CPB2,0.0,0.0,0.0,0.0,0.0,-0.0004003202562050112,0.5
repeat_2_fold_3,CPOX,0.0,0.0,0.0,0.0,0.0,0.0,0.0
repeat_2_fold_3,CRADD,0.0,0.0,0.0,0.0,0.0,0.0,0.0
repeat_2_fold_3,CS,0.0,0.0,0.0,0.0,0.0,0.0,0.0
repeat_2_fold_3,CSAD,0.0,0.0,0.0,0.0,0.0,0.0,0.0
repeat_2_fold_3,CSF3,0.0,0.0,0.0,0.0,0.0,0.0,0.0
repeat_2_fold_3,CTDSP2,0.0,0.0,0.0,0.0,0.0,0.0,0.0
repeat_2_fold_3,CTSH,0.0,0.0,0.0,0.0,0.0,0.0,0.0
repeat_2_fold_3,CUL4A,0.0,0.0,0.0,0.0,0.0,0.0,0.0
repeat_2_fold_3,CUL5,-0.10754844289218113,0.3481845265165737,0.17409226325828686,-0.281640706150468,0.5,-0.0010176042068222868,1.0
repeat_2_fold_3,CWC25,-0.5592363556264885,1.0497534015766035,0.5248767007883017,-1.0841130564147903,0.0,-0.0002113625056423818,1.0
repeat_2_fold_3,CXCL12,0.0,0.0,0.0,0.0,0.0,0.0,0.0
repeat_2_fold_3,CXXC1,0.0,0.0,0.0,0.0,0.0,0.0,0.0
repeat_2_fold_3,CYBA,0.0,0.0,0.0,0.0,0.0,0.0,0.0
repeat_2_fold_3,CYP2D6,0.0,0.0,0.0,0.0,0.0,0.0,0.0
repeat_2_fold_3,CYP46A1,0.0,0.0,0.0,0.0,0.0,0.0020576131687242705,0.5
repeat_2_fold_3,CYP4B1,0.0,0.0,0.0,0.0,0.0,0.0,0.0
repeat_2_fold_3,CYTH1,0.0,0.0,0.0,0.0,0.0,-0.0006172839506172756,0.5
repeat_2_fold_3,CYTH2,0.0,0.0,0.0,0.0,0.0,0.0,0.0
repeat_2_fold_3,CYTH4,0.0,0.0,0.0,0.0,0.0,0.0,0.0
repeat_2_fold_3,DAP3,0.0,0.0,0.0,0.0,0.0,-0.0002001601281025056,0.5
repeat_2_fold_3,DBP,0.0,0.0,0.0,0.0,0.0,0.0,0.0
repeat_2_fold_3,DDX42,0.0,0.0,0.0,0.0,0.0,0.0,0.0
repeat_2_fold_3,DDX49,0.0,0.0,0.0,0.0,0.0,-0.0006172839506173033,0.5
repeat_2_fold_3,DEFA6,-0.9315005071219709,1.490219435113647,0.7451097175568235,-1.6766102246787944,0.5,0.00576691806119789,1.0
repeat_2_fold_3,DEK,0.0,0.0,0.0,0.0,0.0,0.0,0.0
repeat_2_fold_3,DELE1,0.0,0.0,0.0,0.0,0.0,0.0,0.0
repeat_2_fold_3,DENND1A,0.0,0.0,0.0,0.0,0.0,0.0,0.0
repeat_2_fold_3,DENND5A,0.0,0.0,0.0,0.0,0.0,0.0,0.0
repeat_2_fold_3,DENND5B,0.0,0.0,0.0,0.0,0.0,0.0,0.0
repeat_2_fold_3,DFFA,-1.0660604630034172,1.2309805905748799,0.6154902952874399,-1.681550758290857,0.0,0.00020576131687241594,0.5
repeat_2_fold_3,DKC1,-0.023864897777212235,0.25049722292185755,0.12524861146092878,-0.149113509238141,0.25,-0.006378600823045255,0.5
repeat_2_fold_3,DLGAP5,-0.07759827095331495,0.09929762359177932,0.04964881179588966,-0.1272470827492046,0.0,0.0008006405124099114,0.5
repeat_2_fold_3,DNAJC10,0.0,0.0,0.0,0.0,0.0,0.0,0.0
repeat_2_fold_3,DNAJC11,-0.08361504149115007,0.09655033342643445,0.04827516671321722,-0.13189020820436728,0.0,0.0018518518518518268,0.5
repeat_2_fold_3,DNM1L,0.0,0.0,0.0,0.0,0.0,0.0,0.0
repeat_2_fold_3,DNMT3A,0.0,0.0,0.0,0.0,0.0,0.0,0.0
repeat_2_fold_3,DOCK3,-0.21811346983714586,0.3583854840397374,0.1791927420198687,-0.39730621185701454,0.0,-0.003703703703703709,0.5
repeat_2_fold_3,DOHH,0.0,0.0,0.0,0.0,0.0,0.0,0.0
repeat_2_fold_3,DPEP2,0.0,0.0,0.0,0.0,0.0,0.0,0.0
repeat_2_fold_3,DPYSL2,0.0,0.0,0.0,0.0,0.0,0.0008230452674896915,0.5
repeat_2_fold_3,DPYSL3,0.0,0.0,0.0,0.0,0.0,0.0004115226337448319,0.5
repeat_2_fold_3,DRG2,0.0,0.0,0.0,0.0,0.0,-0.0006172839506173033,0.5
repeat_2_fold_3,DSCAM,0.0,0.0,0.0,0.0,0.0,0.0,0.0
repeat_2_fold_3,DSG3,0.0,0.0,0.0,0.0,0.0,0.0,0.0
repeat_2_fold_3,DSN1,0.0,0.0,0.0,0.0,0.0,0.0,0.0
repeat_2_fold_3,DSP,-0.20685203716904788,0.4892041952463371,0.24460209762316856,-0.4514541347922164,0.25,-0.006321106267730275,1.0
repeat_2_fold_3,DTL,0.0,0.0,0.0,0.0,0.0,0.0,0.0
repeat_2_fold_3,DUSP1,0.0,0.0,0.0,0.0,0.0,-0.0024467310473893777,1.0
repeat_2_fold_3,DUSP10,0.0,0.0,0.0,0.0,0.0,0.0,0.0
repeat_2_fold_3,DUSP5,0.0,0.0,0.0,0.0,0.0,0.00020576131687241594,0.5
repeat_2_fold_3,DZIP1,0.0,0.0,0.0,0.0,0.0,0.0,0.0
repeat_2_fold_3,EBAG9,0.0,0.0,0.0,0.0,0.0,0.0,0.0
repeat_2_fold_3,ECI2,0.0,0.0,0.0,0.0,0.0,0.0,0.0
repeat_2_fold_3,ECM1,0.05203606934032301,0.10407213868064602,0.05203606934032301,0.0,0.25,-0.0006340875169271454,1.0
repeat_2_fold_3,EDEM3,0.0,0.0,0.0,0.0,0.0,0.0,0.0
repeat_2_fold_3,EEF1A2,0.0,0.0,0.0,0.0,0.0,0.0,0.0
repeat_2_fold_3,EFNA1,0.0,0.0,0.0,0.0,0.0,0.0,0.0
repeat_2_fold_3,EFNA4,0.0,0.0,0.0,0.0,0.0,0.0,0.0
repeat_2_fold_3,EFNB1,0.0,0.0,0.0,0.0,0.0,0.0,0.0
repeat_2_fold_3,EIF2AK2,0.0,0.0,0.0,0.0,0.0,0.0,0.0
repeat_2_fold_3,EIF3C,0.0,0.0,0.0,0.0,0.0,0.0,0.0
repeat_2_fold_3,EIF4G3,0.0,0.0,0.0,0.0,0.0,0.0,0.0
repeat_2_fold_3,ENO1,0.0,0.0,0.0,0.0,0.0,0.0,0.0
repeat_2_fold_3,ENPEP,0.0,0.0,0.0,0.0,0.0,-0.0006172839506173033,0.5
repeat_2_fold_3,ENPP1,0.0,0.0,0.0,0.0,0.0,0.0,0.0
repeat_2_fold_3,ENTPD1,0.0,0.0,0.0,0.0,0.0,0.0,0.0
repeat_2_fold_3,ENTPD3,0.42562188315856275,0.5386412297603713,0.26932061488018566,0.1563012682783771,0.5,-0.0018014411529223562,0.5
repeat_2_fold_3,EPB41L3,0.0,0.0,0.0,0.0,0.0,0.0,0.0
repeat_2_fold_3,EPHA3,0.0,0.0,0.0,0.0,0.0,0.0,0.0
repeat_2_fold_3,EPHA4,0.0,0.0,0.0,0.0,0.0,0.0,0.0
repeat_2_fold_3,ERAL1,0.0,0.0,0.0,0.0,0.0,0.0,0.0
repeat_2_fold_3,EVL,0.0,0.0,0.0,0.0,0.0,0.0,0.0
repeat_2_fold_3,F10,-0.10226050996618952,0.204521019932379,0.1022605099661895,-0.20452101993237903,0.0,-0.0019847977147150198,1.0
repeat_2_fold_3,F11,0.0,0.0,0.0,0.0,0.0,0.0,0.0
repeat_2_fold_3,FAAP100,-0.05241224824955992,0.06052045127143382,0.03026022563571691,-0.08267247388527683,0.0,0.0018014411529223007,0.5
repeat_2_fold_3,FAAP24,-0.10226050996618952,0.204521019932379,0.1022605099661895,-0.20452101993237903,0.0,-0.0006172839506172756,0.5
repeat_2_fold_3,FAF2,0.0,0.0,0.0,0.0,0.0,0.0,0.0
repeat_2_fold_3,FAH,-0.05241224824955992,0.06052045127143382,0.03026022563571691,-0.08267247388527683,0.0,0.0008006405124099114,0.5
repeat_2_fold_3,FAN1,-0.37424903697896994,0.432145564487533,0.2160727822437665,-0.5903218192227364,0.0,-0.002674897119341574,0.5
repeat_2_fold_3,FASN,0.0,0.0,0.0,0.0,0.0,-0.00040032025620498346,0.5
repeat_2_fold_3,FBXO17,0.0,0.0,0.0,0.0,0.0,-0.00041152263374485964,0.5
repeat_2_fold_3,FCER1G,0.0,0.0,0.0,0.0,0.0,-0.0016012810248198783,0.5
repeat_2_fold_3,FCGR2B,-0.5330302315017086,1.0660604630034172,0.5330302315017086,-1.0660604630034172,0.0,-0.0016460905349794386,0.5
repeat_2_fold_3,FDX1,0.0,0.0,0.0,0.0,0.0,0.0,0.0
repeat_2_fold_3,FEN1,0.0,0.0,0.0,0.0,0.0,0.0,0.0
repeat_2_fold_3,FGF5,0.0,0.0,0.0,0.0,0.0,-0.0018126435304622879,1.0
repeat_2_fold_3,FGG,0.34264120451542723,0.4199865191924561,0.20999325959622805,0.13264794491919918,0.5,0.0004003202562049557,0.5
repeat_2_fold_3,FGR,0.0,0.0,0.0,0.0,0.0,0.0,0.0
repeat_2_fold_3,FIS1,0.0,0.0,0.0,0.0,0.0,0.0,0.0
repeat_2_fold_3,FKBP1A,0.0,0.0,0.0,0.0,0.0,0.0,0.0
repeat_2_fold_3,FKBP4,0.025829945215544825,0.05165989043108965,0.025829945215544825,0.0,0.25,0.0006004803843074336,0.5
repeat_2_fold_3,FLOT1,0.0,0.0,0.0,0.0,0.0,0.0,0.0
repeat_2_fold_3,FOXJ2,0.0,0.0,0.0,0.0,0.0,0.0,0.0
repeat_2_fold_3,FOXO4,0.0,0.0,0.0,0.0,0.0,0.0,0.0
repeat_2_fold_3,FPR3,0.0,0.0,0.0,0.0,0.0,0.0,0.0
repeat_2_fold_3,FRAT1,0.0,0.0,0.0,0.0,0.0,0.0,0.0
repeat_2_fold_3,FSCN1,0.0,0.0,0.0,0.0,0.0,0.0,0.0
repeat_2_fold_3,FUS,0.0,0.0,0.0,0.0,0.0,0.0,0.0
repeat_2_fold_3,FUT1,0.0,0.0,0.0,0.0,0.0,0.0,0.0
repeat_2_fold_3,G3BP1,0.0,0.0,0.0,0.0,0.0,0.0,0.0
repeat_2_fold_3,GAB1,0.3003585720931703,0.6007171441863406,0.3003585720931703,0.0,0.25,0.0032921810699588494,0.5
repeat_2_fold_3,GAP43,0.0,0.0,0.0,0.0,0.0,0.0,0.0
repeat_2_fold_3,GARS1,0.0,0.0,0.0,0.0,0.0,0.0,0.0
repeat_2_fold_3,GART,0.036983034554388894,0.07396606910877779,0.036983034554388894,0.0,0.25,-0.0010008006405124448,0.5
repeat_2_fold_3,GAS2,0.0,0.0,0.0,0.0,0.0,0.0,0.0
repeat_2_fold_3,GATA6,0.0,0.0,0.0,0.0,0.0,0.0,0.0
repeat_2_fold_3,GATAD2A,0.0,0.0,0.0,0.0,0.0,0.0,0.0
repeat_2_fold_3,GCA,0.0,0.0,0.0,0.0,0.0,0.0,0.0
repeat_2_fold_3,GCSH,0.0,0.0,0.0,0.0,0.0,0.0,0.0
repeat_2_fold_3,GDI2,0.0,0.0,0.0,0.0,0.0,0.0,0.0
repeat_2_fold_3,GET3,0.0,0.0,0.0,0.0,0.0,0.0,0.0
repeat_2_fold_3,GINS2,-1.0660604630034172,1.2309805905748799,0.6154902952874399,-1.681550758290857,0.0,-0.0010344077731320733,1.0
repeat_2_fold_3,GLB1L,0.0,0.0,0.0,0.0,0.0,-0.00041152263374485964,0.5
repeat_2_fold_3,GLP1R,0.0,0.0,0.0,0.0,0.0,0.0,0.0
repeat_2_fold_3,GLS2,0.0,0.0,0.0,0.0,0.0,0.0,0.0
repeat_2_fold_3,GLUD2,0.0,0.0,0.0,0.0,0.0,0.0,0.0
repeat_2_fold_3,GNAQ,0.0,0.0,0.0,0.0,0.0,0.0,0.0
repeat_2_fold_3,GNE,0.0,0.0,0.0,0.0,0.0,0.0,0.0
repeat_2_fold_3,GNG5,-1.1721452692752905,1.4129063599115315,0.7064531799557657,-1.8785984492310561,0.0,-0.001234567901234579,0.5
repeat_2_fold_3,GNMT,0.0,0.0,0.0,0.0,0.0,0.0,0.0
repeat_2_fold_3,GNRH1,0.0,0.0,0.0,0.0,0.0,0.0,0.0
repeat_2_fold_3,GOLGA1,0.0,0.0,0.0,0.0,0.0,0.0,0.0
repeat_2_fold_3,GOLGA5,0.0,0.0,0.0,0.0,0.0,0.0,0.0
repeat_2_fold_3,GPR37L1,-0.27198852701277687,0.35570059061645615,0.17785029530822807,-0.4498388223210049,0.0,-0.0018518518518518545,0.5
repeat_2_fold_3,GPX5,0.0,0.0,0.0,0.0,0.0,0.0,0.0
repeat_2_fold_3,GRPR,0.0,0.0,0.0,0.0,0.0,0.0,0.0
repeat_2_fold_3,GSTA2,0.0,0.0,0.0,0.0,0.0,0.0,0.0
repeat_2_fold_3,GTF2H1,0.0,0.0,0.0,0.0,0.0,0.0,0.0
repeat_2_fold_3,GTPBP3,0.0,0.0,0.0,0.0,0.0,-0.0006172839506173033,0.5
repeat_2_fold_3,GTSE1,0.0,0.0,0.0,0.0,0.0,0.0,0.0
repeat_2_fold_3,GUCY1B1,0.0,0.0,0.0,0.0,0.0,0.00020576131687241594,0.5
repeat_2_fold_3,GUCY2C,0.0,0.0,0.0,0.0,0.0,0.0,0.0
repeat_2_fold_3,GYG1,0.0,0.0,0.0,0.0,0.0,0.0,0.0
repeat_2_fold_3,H2AC7,0.0,0.0,0.0,0.0,0.0,-0.0018294470967721022,1.0
repeat_2_fold_3,H2AC8,0.0,0.0,0.0,0.0,0.0,-0.0002057613168724437,0.5
repeat_2_fold_3,H2BC3,-0.14030739455829888,0.2590540105776781,0.12952700528883904,-0.2698343998471379,0.25,-0.0009895982629725686,1.0
repeat_2_fold_3,H3C3,0.0,0.0,0.0,0.0,0.0,0.0004003202562049557,0.5
repeat_2_fold_3,H3C7,0.0,0.0,0.0,0.0,0.0,0.0,0.5
repeat_2_fold_3,H4C14,-0.4620747879684277,1.1213744548371647,0.5606872274185823,-1.02276201538701,0.25,0.0008230452674897193,0.5
repeat_2_fold_3,HAND1,0.0,0.0,0.0,0.0,0.0,0.0,0.0
repeat_2_fold_3,HAPLN1,0.0,0.0,0.0,0.0,0.0,0.0008286464562596296,1.0
repeat_2_fold_3,HARS1,0.0,0.0,0.0,0.0,0.0,0.0,0.0
repeat_2_fold_3,HDAC3,0.0,0.0,0.0,0.0,0.0,0.0,0.0
repeat_2_fold_3,HDC,0.37378451453271744,0.4316460297483501,0.21582301487417505,0.1579614996585424,0.5,0.00040032025620492795,0.5
repeat_2_fold_3,HES1,0.0,0.0,0.0,0.0,0.0,0.0,0.0
repeat_2_fold_3,HIGD1A,0.0,0.0,0.0,0.0,0.0,0.0,0.0
repeat_2_fold_3,HLTF,0.0,0.0,0.0,0.0,0.0,0.0,0.0
repeat_2_fold_3,HNRNPC,0.0,0.0,0.0,0.0,0.0,0.0,0.0
repeat_2_fold_3,HNRNPUL1,0.0,0.0,0.0,0.0,0.0,0.0,0.0
repeat_2_fold_3,HOXB2,0.0,0.0,0.0,0.0,0.0,0.0,0.0
repeat_2_fold_3,HPRT1,0.0,0.0,0.0,0.0,0.0,0.0,0.0
repeat_2_fold_3,HPS1,0.0,0.0,0.0,0.0,0.0,0.0,0.0
repeat_2_fold_3,HRH2,0.0,0.0,0.0,0.0,0.0,0.0,0.0
repeat_2_fold_3,HSPD1,-0.29624352011090416,0.5560163990927998,0.2780081995463999,-0.574251719657304,0.0,0.0071904437129950705,1.0
repeat_2_fold_3,HTATSF1,0.0,0.0,0.0,0.0,0.0,0.0,0.0
repeat_2_fold_3,HTN3,0.0,0.0,0.0,0.0,0.0,0.0018518518518518268,0.5
repeat_2_fold_3,HTR2C,0.0,0.0,0.0,0.0,0.0,0.0,0.0
repeat_2_fold_3,ICAM4,0.434804519843464,0.5130936124786261,0.25654680623931303,0.178257713604151,0.5,-0.002802241793434773,0.5
repeat_2_fold_3,ID1,0.08007597648204978,0.09313582377717233,0.046567911888586166,0.033508064593463616,0.5,-0.0008006405124099669,0.5
repeat_2_fold_3,ID3,0.0,0.0,0.0,0.0,0.0,0.0,0.0
repeat_2_fold_3,IFT22,0.0,0.0,0.0,0.0,0.0,-0.00040032025620498346,0.5
repeat_2_fold_3,IFT52,0.0,0.0,0.0,0.0,0.0,0.0,0.0
repeat_2_fold_3,IGF1R,-0.021917807357246133,0.08869641856592704,0.04434820928296352,-0.06626601664020965,0.25,-0.0007950393236400011,1.0
repeat_2_fold_3,IGLV3-19,0.0,0.0,0.0,0.0,0.0,0.0,0.0
repeat_2_fold_3,IK,0.0,0.0,0.0,0.0,0.0,0.0,0.0
repeat_2_fold_3,IL11RA,0.0,0.0,0.0,0.0,0.0,0.0,0.0
repeat_2_fold_3,IL1B,0.0,0.0,0.0,0.0,0.0,-2.7755575615628914e-17,0.5
repeat_2_fold_3,IL1R1,0.0,0.0,0.0,0.0,0.0,0.0,0.0
repeat_2_fold_3,IL1RAPL2,0.0,0.0,0.0,0.0,0.0,-0.0006172839506173033,0.5
repeat_2_fold_3,IL24,0.0,0.0,0.0,0.0,0.0,-0.00041152263374485964,0.5
repeat_2_fold_3,IL26,0.0,0.0,0.0,0.0,0.0,0.0,0.0
repeat_2_fold_3,IMPA2,0.0,0.0,0.0,0.0,0.0,0.0,0.0
repeat_2_fold_3,INPP1,0.0,0.0,0.0,0.0,0.0,0.0,0.0
repeat_2_fold_3,ITGA1,0.2187163222131705,0.39831514414749275,0.19915757207374638,0.019558750139424125,0.5,0.0010008006405123893,1.0
repeat_2_fold_3,ITGA4,0.0,0.0,0.0,0.0,0.0,0.0,0.0
repeat_2_fold_3,ITGA8,0.0,0.0,0.0,0.0,0.0,0.0,0.0
repeat_2_fold_3,JADE2,0.0,0.0,0.0,0.0,0.0,0.0,0.0
repeat_2_fold_3,JAG2,0.07396606910877779,0.08540865982170263,0.04270432991085132,0.03126173919792647,0.5,0.0010008006405123893,0.5
repeat_2_fold_3,JUP,0.0,0.0,0.0,0.0,0.0,0.0,0.0
repeat_2_fold_3,KAT2B,0.0,0.0,0.0,0.0,0.0,0.0,0.0
repeat_2_fold_3,KCMF1,-0.11080303945067804,0.13045074734991138,0.06522537367495569,-0.17602841312563372,0.0,-0.0018014411529223562,0.5
repeat_2_fold_3,KCNA2,0.0,0.0,0.0,0.0,0.0,-0.0006004803843074891,0.5
repeat_2_fold_3,KCNC3,0.0,0.0,0.0,0.0,0.0,0.0,0.0
repeat_2_fold_3,KCNIP2,0.0,0.0,0.0,0.0,0.0,0.0,0.0
repeat_2_fold_3,KDELR1,0.02582994521554305,0.13120400271485197,0.06560200135742598,-0.039772056141882936,0.25,0.002201761409127284,0.5
repeat_2_fold_3,KDELR3,0.0,0.0,0.0,0.0,0.0,0.0,0.0
repeat_2_fold_3,KDM6A,0.0,0.0,0.0,0.0,0.0,0.0,0.0
repeat_2_fold_3,KDM7A,0.0,0.0,0.0,0.0,0.0,0.0,0.0
repeat_2_fold_3,KIF13A,0.0,0.0,0.0,0.0,0.0,0.0,0.0
repeat_2_fold_3,KIT,0.05203606934032301,0.10407213868064602,0.05203606934032301,0.0,0.25,-0.002001601281024834,0.5
repeat_2_fold_3,KLF9,0.0,0.0,0.0,0.0,0.0,0.0,0.0
repeat_2_fold_3,KLHDC10,0.0,0.0,0.0,0.0,0.0,0.0,0.0
repeat_2_fold_3,KLHL21,0.0,0.0,0.0,0.0,0.0,0.0018518518518518545,0.5
repeat_2_fold_3,KLHL5,0.0,0.0,0.0,0.0,0.0,0.0,0.0
repeat_2_fold_3,KLK12,0.036961920334382725,0.11760808570712886,0.05880404285356443,-0.021842122519181703,0.25,-0.0018014411529223562,0.5
repeat_2_fold_3,KMT5B,0.0,0.0,0.0,0.0,0.0,0.0,0.0
repeat_2_fold_3,KRT36,0.0,0.0,0.0,0.0,0.0,0.0,0.0
repeat_2_fold_3,KRT38,0.22560220900448869,0.4512044180089773,0.22560220900448866,2.7755575615628914e-17,0.25,0.0006004803843074058,0.5
repeat_2_fold_3,KRT81,0.0,0.0,0.0,0.0,0.0,0.0,0.0
repeat_2_fold_3,KRT83,0.0,0.0,0.0,0.0,0.0,0.0,0.0
repeat_2_fold_3,KRTAP1-1,-0.02620612412477996,0.05241224824955992,0.02620612412477996,-0.05241224824955992,0.0,-0.0006004803843074613,0.5
repeat_2_fold_3,KRTAP1-3,0.0,0.0,0.0,0.0,0.0,0.001234567901234579,0.5
repeat_2_fold_3,KTN1,-0.863151851690148,1.7084506247252191,0.8542253123626096,-1.7173771640527575,0.5,0.0032641751261091034,1.0
repeat_2_fold_3,KYNU,0.0,0.0,0.0,0.0,0.0,-0.0008006405124099669,0.5
repeat_2_fold_3,LAMB1,0.0,0.0,0.0,0.0,0.0,0.0,0.0
repeat_2_fold_3,LAMC1,0.0,0.0,0.0,0.0,0.0,0.0,0.0
repeat_2_fold_3,LAMC2,0.0,0.0,0.0,0.0,0.0,0.0,0.0
repeat_2_fold_3,LCP2,0.0,0.0,0.0,0.0,0.0,0.0,0.0
repeat_2_fold_3,LDHAL6B,0.0,0.0,0.0,0.0,0.0,0.0,0.0
repeat_2_fold_3,LDLRAP1,0.0,0.0,0.0,0.0,0.0,0.0,0.0
repeat_2_fold_3,LEMD3,0.0,0.0,0.0,0.0,0.0,0.0,0.0
repeat_2_fold_3,LEP,0.0,0.0,0.0,0.0,0.0,0.0,0.0
repeat_2_fold_3,LETM1,0.0,0.0,0.0,0.0,0.0,0.0,0.0
repeat_2_fold_3,LIAS,-0.5330302315017086,1.0660604630034172,0.5330302315017086,-1.0660604630034172,0.0,0.00020576131687241594,0.5
repeat_2_fold_3,LIPA,0.0,0.0,0.0,0.0,0.0,0.0,0.0
repeat_2_fold_3,LMO1,0.0,0.0,0.0,0.0,0.0,0.0,0.0
repeat_2_fold_3,LOX,0.0,0.0,0.0,0.0,0.0,0.0,0.0
repeat_2_fold_3,LRP8,0.0,0.0,0.0,0.0,0.0,0.0,0.0
repeat_2_fold_3,LTBP2,0.0,0.0,0.0,0.0,0.0,0.0,0.0
repeat_2_fold_3,LTBP3,0.0,0.0,0.0,0.0,0.0,0.0,0.0
repeat_2_fold_3,LY6E,0.0,0.0,0.0,0.0,0.0,0.0,0.0
repeat_2_fold_3,LY6H,0.0,0.0,0.0,0.0,0.0,0.0,0.0
repeat_2_fold_3,LYN,0.0,0.0,0.0,0.0,0.0,0.0,0.0
repeat_2_fold_3,LYRM4,-0.02620612412477996,0.05241224824955992,0.02620612412477996,-0.05241224824955992,0.0,-0.0002001601281025056,0.5
repeat_2_fold_3,MAEA,0.0,0.0,0.0,0.0,0.0,0.0,0.0
repeat_2_fold_3,MAIP1,0.0,0.0,0.0,0.0,0.0,0.0,0.0
repeat_2_fold_3,MAMLD1,0.0,0.0,0.0,0.0,0.0,0.0,0.0
repeat_2_fold_3,MAN1C1,0.0,0.0,0.0,0.0,0.0,0.0,0.0
repeat_2_fold_3,MAP2K3,0.07786601455586784,0.09957669142325214,0.04978834571162607,0.028077668844241767,0.5,0.0020016012810248063,0.5
repeat_2_fold_3,MAP4K4,0.20857998869789185,0.26310374448083285,0.13155187224041642,0.07702811645747543,0.5,0.0006116827618473097,1.0
repeat_2_fold_3,MAPK1,0.0,0.0,0.0,0.0,0.0,0.00020016012810247785,0.5
repeat_2_fold_3,MAPK14,0.4170781131932806,0.4996720854501452,0.2498360427250726,0.167242070468208,0.5,-0.002201761409127312,0.5
repeat_2_fold_3,MAPK6,0.0,0.0,0.0,0.0,0.0,0.0,0.0
repeat_2_fold_3,MAT2A,0.0,0.0,0.0,0.0,0.0,0.0,0.0
repeat_2_fold_3,MBD4,0.0,0.0,0.0,0.0,0.0,0.0,0.0
repeat_2_fold_3,MCCC1,0.0,0.0,0.0,0.0,0.0,0.0,0.0
repeat_2_fold_3,MCL1,0.0,0.0,0.0,0.0,0.0,0.0,0.0
repeat_2_fold_3,MCOLN1,-0.2115355377921606,0.253621821697325,0.1268109108486625,-0.3383464486408231,0.0,-2.7755575615628914e-17,0.5
repeat_2_fold_3,MDH2,0.0,0.0,0.0,0.0,0.0,0.0,0.0
repeat_2_fold_3,MED13,0.0,0.0,0.0,0.0,0.0,0.0,0.0
repeat_2_fold_3,MFAP4,0.0,0.0,0.0,0.0,0.0,0.0,0.0
repeat_2_fold_3,MIOS,0.0,0.0,0.0,0.0,0.0,0.0,0.0
repeat_2_fold_3,MLEC,0.0,0.0,0.0,0.0,0.0,0.0,0.0
repeat_2_fold_3,MLX,0.0,0.0,0.0,0.0,0.0,0.0,0.0
repeat_2_fold_3,MLYCD,0.0,0.0,0.0,0.0,0.0,0.0,0.0
repeat_2_fold_3,MMACHC,0.0,0.0,0.0,0.0,0.0,0.0,0.0
repeat_2_fold_3,MMP13,0.0,0.0,0.0,0.0,0.0,0.0,0.0
repeat_2_fold_3,MMP19,-0.02620612412477996,0.05241224824955992,0.02620612412477996,-0.05241224824955992,0.0,0.001412323274257249,1.0
repeat_2_fold_3,MMP20,0.0,0.0,0.0,0.0,0.0,0.0,0.0
repeat_2_fold_3,MOGAT2,-0.7859199682893152,0.9152439833517826,0.4576219916758913,-1.2435419599652064,0.0,-0.002263374485596714,0.5
repeat_2_fold_3,MOGS,0.0,0.0,0.0,0.0,0.0,0.0,0.0
repeat_2_fold_3,MORF4L1,0.0,0.0,0.0,0.0,0.0,0.0008230452674896915,0.5
repeat_2_fold_3,MRC1,0.0,0.0,0.0,0.0,0.0,0.0,0.0
repeat_2_fold_3,MRPL28,0.10407213868064602,0.1201721545648221,0.06008607728241105,0.04398606139823497,0.5,-0.0002001601281025056,0.5
repeat_2_fold_3,MRPL39,0.0,0.0,0.0,0.0,0.0,-2.7755575615628914e-17,0.5
repeat_2_fold_3,MRPS35,0.0,0.0,0.0,0.0,0.0,0.0,0.0
repeat_2_fold_3,MSH5,0.0,0.0,0.0,0.0,0.0,0.0,0.0
repeat_2_fold_3,MSL1,-0.45831523660538487,0.8089938842306462,0.4044969421153231,-0.8628121787207079,0.0,-0.003286579881188939,1.0
repeat_2_fold_3,MSL3,0.05203606934032301,0.10407213868064602,0.05203606934032301,0.0,0.25,0.0002001601281024501,0.5
repeat_2_fold_3,MSRB1,0.0,0.0,0.0,0.0,0.0,0.0,0.0
repeat_2_fold_3,MT1M,0.0,0.0,0.0,0.0,0.0,0.0,0.0
repeat_2_fold_3,MTERF3,0.1148490491102585,0.1680319161377502,0.0840159580688751,0.030833091041383404,0.5,-0.0008006405124099669,0.5
repeat_2_fold_3,MTHFD2,0.0,0.0,0.0,0.0,0.0,-0.0002001601281025056,0.5
repeat_2_fold_3,MTMR2,-1.1496755044945814,1.3275309240013309,0.6637654620006654,-1.8134409664952469,0.0,-0.003909465020576153,0.5
repeat_2_fold_3,MTO1,0.0,0.0,0.0,0.0,0.0,0.0,0.0
repeat_2_fold_3,MUC13,-0.05241224824955992,0.06052045127143382,0.03026022563571691,-0.08267247388527683,0.0,-0.0006004803843074613,0.5
repeat_2_fold_3,MUC16,0.19809806212698078,0.6961293871066482,0.3480646935533241,-0.1499666314263433,0.25,0.0010008006405123893,1.0
repeat_2_fold_3,MX1,0.07396606910877779,0.08540865982170263,0.04270432991085132,0.03126173919792647,0.5,-0.0002001601281025056,0.5
repeat_2_fold_3,MYBBP1A,-0.10226050996618952,0.20452101993237906,0.10226050996618953,-0.20452101993237903,0.0,-2.7755575615628914e-17,0.5
repeat_2_fold_3,MYBL1,0.0,0.0,0.0,0.0,0.0,0.0,0.0
repeat_2_fold_3,MYH8,0.0,0.0,0.0,0.0,0.0,0.0,0.0
repeat_2_fold_3,MYL7,0.0,0.0,0.0,0.0,0.0,0.0,0.0
repeat_2_fold_3,NAB2,0.0,0.0,0.0,0.0,0.0,0.0,0.0
repeat_2_fold_3,NADK,0.0,0.0,0.0,0.0,0.0,0.0,0.0
repeat_2_fold_3,NAMPT,-0.787214547146446,1.1318349516984954,0.5659174758492477,-1.3531320229956938,0.0,0.0006172839506172756,0.5
repeat_2_fold_3,NARS2,0.0,0.0,0.0,0.0,0.0,0.0,0.0
repeat_2_fold_3,NBEAL2,0.6105695138718552,0.5896869556187372,0.2948434778093686,0.3157260360624866,1.0,0.006672498492621248,1.0
repeat_2_fold_3,NCALD,0.0,0.0,0.0,0.0,0.0,0.0,0.0
repeat_2_fold_3,NCAM1,-0.20452101993237903,0.23616053182579172,0.11808026591289586,-0.3226012858452749,0.0,-0.001234567901234579,0.5
repeat_2_fold_3,NCAPH2,0.0,0.0,0.0,0.0,0.0,0.0,0.0
repeat_2_fold_3,NCOA6,0.0,0.0,0.0,0.0,0.0,0.0,0.0
repeat_2_fold_3,NDUFB2,0.0,0.0,0.0,0.0,0.0,0.0,0.0
repeat_2_fold_3,NDUFS3,0.0,0.0,0.0,0.0,0.0,0.0,0.0
repeat_2_fold_3,NDUFS7,0.0,0.0,0.0,0.0,0.0,0.0,0.0
repeat_2_fold_3,NEK2,0.0,0.0,0.0,0.0,0.0,0.0,0.0
repeat_2_fold_3,NFKBIA,0.0,0.0,0.0,0.0,0.0,0.0,0.0
repeat_2_fold_3,NMB,0.07396606910877779,0.08540865982170263,0.04270432991085132,0.03126173919792647,0.5,-0.00040032025620498346,0.5
repeat_2_fold_3,NMRK1,0.0,0.0,0.0,0.0,0.0,0.0,0.0
repeat_2_fold_3,NMRK2,0.0,0.0,0.0,0.0,0.0,0.0,0.0
repeat_2_fold_3,NOP10,0.0,0.0,0.0,0.0,0.0,-0.0018462506630819442,1.0
repeat_2_fold_3,NOTCH2,0.0,0.0,0.0,0.0,0.0,0.0,0.0
repeat_2_fold_3,NOTCH2NLA,0.0,0.0,0.0,0.0,0.0,0.0,0.0
repeat_2_fold_3,NOX1,-0.8518380221096695,1.5833707600029994,0.7916853800014997,-1.6435234021111693,0.5,-0.000806241701179905,1.0
repeat_2_fold_3,NPHP4,-0.20452101993237903,0.23616053182579172,0.11808026591289586,-0.3226012858452749,0.0,0.0006172839506172756,0.5
repeat_2_fold_3,NPR1,0.0,0.0,0.0,0.0,0.0,-0.0020576131687242705,0.5
repeat_2_fold_3,NR1D1,0.025829945215544825,0.05165989043108965,0.025829945215544825,0.0,0.25,-0.0008006405124099669,0.5
repeat_2_fold_3,NR4A3,0.0,0.0,0.0,0.0,0.0,0.0,0.0
repeat_2_fold_3,NUDT3,0.0,0.0,0.0,0.0,0.0,-0.0002057613168724437,0.5
repeat_2_fold_3,NUP153,0.10407213868064602,0.1201721545648221,0.06008607728241105,0.04398606139823497,0.5,0.00020016012810247785,0.5
repeat_2_fold_3,NUP160,0.0,0.0,0.0,0.0,0.0,0.0,0.0
repeat_2_fold_3,OAT,0.0,0.0,0.0,0.0,0.0,0.0,0.0
repeat_2_fold_3,OCRL,0.0,0.0,0.0,0.0,0.0,0.0,0.0
repeat_2_fold_3,OGG1,0.0,0.0,0.0,0.0,0.0,0.0,0.0
repeat_2_fold_3,OGN,0.0,0.0,0.0,0.0,0.0,0.0,0.0
repeat_2_fold_3,OPTN,0.0,0.0,0.0,0.0,0.0,0.0,0.0
repeat_2_fold_3,OR12D3,0.0,0.0,0.0,0.0,0.0,0.0,0.0
repeat_2_fold_3,ORC3,-0.05241224824955992,0.06052045127143382,0.03026022563571691,-0.08267247388527683,0.0,0.0008006405124099114,0.5
repeat_2_fold_3,OSBPL8,0.2826399098939003,0.34654063498826565,0.17327031749413283,0.10936959239976748,0.5,0.0030024019215372233,0.5
repeat_2_fold_3,OTUB1,0.0,0.0,0.0,0.0,0.0,0.0,0.0
repeat_2_fold_3,OXA1L,-0.02620612412477996,0.05241224824955992,0.02620612412477996,-0.05241224824955992,0.0,0.0002001601281024501,0.5
repeat_2_fold_3,OXCT1,0.0,0.0,0.0,0.0,0.0,0.0010008006405123893,0.5
repeat_2_fold_3,OXTR,0.0,0.0,0.0,0.0,0.0,0.0,0.0
repeat_2_fold_3,P2RX4,0.0,0.0,0.0,0.0,0.0,0.0006172839506172756,0.5
repeat_2_fold_3,P2RY13,0.0,0.0,0.0,0.0,0.0,0.0,0.0
repeat_2_fold_3,P2RY14,0.0,0.0,0.0,0.0,0.0,0.0,0.0
repeat_2_fold_3,PACSIN3,0.0,0.0,0.0,0.0,0.0,0.0,0.0
repeat_2_fold_3,PAK2,0.0,0.0,0.0,0.0,0.0,0.0,0.0
repeat_2_fold_3,PAK5,0.0,0.0,0.0,0.0,0.0,0.0,0.0
repeat_2_fold_3,PAOX,0.0,0.0,0.0,0.0,0.0,0.0,0.0
repeat_2_fold_3,PARD6B,0.0,0.0,0.0,0.0,0.0,0.0,0.0
repeat_2_fold_3,PAX3,-0.10226050996618952,0.20452101993237906,0.10226050996618953,-0.20452101993237903,0.0,-0.0006172839506173033,0.5
repeat_2_fold_3,PAX7,0.0,0.0,0.0,0.0,0.0,0.0,0.0
repeat_2_fold_3,PCF11,0.0,0.0,0.0,0.0,0.0,0.0,0.0
repeat_2_fold_3,PCNT,0.0,0.0,0.0,0.0,0.0,0.0,0.0
repeat_2_fold_3,PDCD11,0.0,0.0,0.0,0.0,0.0,-0.00041152263374485964,0.5
repeat_2_fold_3,PDE6D,0.0,0.0,0.0,0.0,0.0,0.0,0.0
repeat_2_fold_3,PDE8B,0.0,0.0,0.0,0.0,0.0,0.0,0.0
repeat_2_fold_3,PDK1,0.012222510669642972,0.4906865033491588,0.2453432516745794,-0.23312074100493643,0.25,-0.0012121631461548543,1.0
repeat_2_fold_3,PDPK1,0.0,0.0,0.0,0.0,0.0,0.0012345679012345512,0.5
repeat_2_fold_3,PELI2,0.0,0.0,0.0,0.0,0.0,0.0,0.0
repeat_2_fold_3,PER2,0.0,0.0,0.0,0.0,0.0,0.0,0.0
repeat_2_fold_3,PER3,-0.10226050996618952,0.20452101993237906,0.10226050996618953,-0.20452101993237903,0.0,-0.00041152263374485964,0.5
repeat_2_fold_3,PEX5,0.0,0.0,0.0,0.0,0.0,0.0,0.0
repeat_2_fold_3,PFKFB4,0.0,0.0,0.0,0.0,0.0,0.0,0.0
repeat_2_fold_3,PFKP,0.0,0.0,0.0,0.0,0.0,0.0,0.0
repeat_2_fold_3,PGF,0.0,0.0,0.0,0.0,0.0,0.0,0.5
repeat_2_fold_3,PGLS,0.0,0.0,0.0,0.0,0.0,0.0,0.0
repeat_2_fold_3,PGRMC2,0.0,0.0,0.0,0.0,0.0,0.0,0.0
repeat_2_fold_3,PGS1,-0.04180752074557503,0.08361504149115007,0.04180752074557503,-0.08361504149115007,0.0,0.0010288065843621352,0.5
repeat_2_fold_3,PHKG2,0.07396606910877779,0.08540865982170263,0.04270432991085132,0.03126173919792647,0.5,-2.7755575615628914e-17,0.5
repeat_2_fold_3,PIGV,0.0,0.0,0.0,0.0,0.0,0.0,0.0
repeat_2_fold_3,PIK3R5,0.0,0.0,0.0,0.0,0.0,-0.0002001601281025056,1.0
repeat_2_fold_3,PIP5K1B,0.0,0.0,0.0,0.0,0.0,0.0,0.0
repeat_2_fold_3,PITRM1,0.05203606934032301,0.10407213868064602,0.05203606934032301,0.0,0.25,0.0014011208967173727,0.5
repeat_2_fold_3,PIWIL1,0.0,0.0,0.0,0.0,0.0,0.0,0.0
repeat_2_fold_3,PKM,-1.0660604630034172,1.2309805905748799,0.6154902952874399,-1.681550758290857,0.0,-0.0016460905349794386,0.5
repeat_2_fold_3,PKP3,0.0,0.0,0.0,0.0,0.0,0.0010288065843621352,0.5
repeat_2_fold_3,PLA2G10,0.08214554041281552,0.2816709371865501,0.14083546859327506,-0.05868992818045954,0.25,0.0010008006405123893,0.5
repeat_2_fold_3,PLA2G2A,0.0,0.0,0.0,0.0,0.0,-0.0014403292181069949,0.5
repeat_2_fold_3,PLA2G6,0.0,0.0,0.0,0.0,0.0,-0.0008230452674897193,0.5
repeat_2_fold_3,PLAUR,0.16480634342327782,0.194797267907417,0.0973986339537085,0.06740770946956932,0.5,-0.0014179244630272425,1.0
repeat_2_fold_3,PLBD1,0.0,0.0,0.0,0.0,0.0,0.0,0.0
repeat_2_fold_3,PLEKHA2,0.036983034554388894,0.07396606910877779,0.036983034554388894,0.0,0.25,0.0,0.5
repeat_2_fold_3,PLOD1,0.0,0.0,0.0,0.0,0.0,0.0,0.0
repeat_2_fold_3,PLOD3,0.0,0.0,0.0,0.0,0.0,0.0,0.0
repeat_2_fold_3,PMPCA,0.07694886106733279,0.09294539891369265,0.046472699456846324,0.03047616161048646,0.5,0.00020016012810247785,0.5
repeat_2_fold_3,PNLIP,0.0,0.0,0.0,0.0,0.0,0.0,0.0
repeat_2_fold_3,POLR2G,0.0,0.0,0.0,0.0,0.0,0.0,0.0
repeat_2_fold_3,POLR3G,0.20389094898295212,0.23553812652037862,0.11776906326018931,0.08612188572276282,0.5,-0.002001601281024834,0.5
repeat_2_fold_3,POLR3K,0.0,0.0,0.0,0.0,0.0,-0.0002057613168724437,0.5
repeat_2_fold_3,POMT1,0.0,0.0,0.0,0.0,0.0,0.0,0.0
repeat_2_fold_3,PORCN,0.0,0.0,0.0,0.0,0.0,0.0,0.0
repeat_2_fold_3,POU3F1,0.0,0.0,0.0,0.0,0.0,0.0,0.0
repeat_2_fold_3,POU4F1,0.0,0.0,0.0,0.0,0.0,0.0,0.0
repeat_2_fold_3,PPA2,-1.5286892688832552,1.9681237549803143,0.9840618774901572,-2.5127511463734122,0.0,0.0014403292181069949,0.5
repeat_2_fold_3,PPARD,-0.25693326818193896,0.17564008055435787,0.08782004027717893,-0.3447533084591179,0.0,-0.0006340875169271454,1.0
repeat_2_fold_3,PPFIBP2,0.0,0.0,0.0,0.0,0.0,0.0,0.0
repeat_2_fold_3,PPIA,0.0,0.0,0.0,0.0,0.0,0.0,0.0
repeat_2_fold_3,PPP1R12B,0.0,0.0,0.0,0.0,0.0,0.0,0.0
repeat_2_fold_3,PPP1R13B,-0.0848640085232919,0.1697280170465838,0.0848640085232919,-0.1697280170465838,0.0,0.00020576131687241594,0.5
repeat_2_fold_3,PPP1R3C,0.10407213868064602,0.1201721545648221,0.06008607728241105,0.04398606139823497,0.5,-0.0006004803843074613,0.5
repeat_2_fold_3,PPP2CB,0.0,0.0,0.0,0.0,0.0,-0.00041152263374485964,0.5
repeat_2_fold_3,PQBP1,0.0,0.0,0.0,0.0,0.0,0.0,0.0
repeat_2_fold_3,PRC1,0.0,0.0,0.0,0.0,0.0,0.0,0.0
repeat_2_fold_3,PRCC,0.0,0.0,0.0,0.0,0.0,0.0,0.0
repeat_2_fold_3,PRIM2,0.0,0.0,0.0,0.0,0.0,0.0,0.0
repeat_2_fold_3,PRKAR1A,0.0,0.0,0.0,0.0,0.0,0.0,0.0
repeat_2_fold_3,PRKAR2A,0.0,0.0,0.0,0.0,0.0,0.0,0.0
repeat_2_fold_3,PRKCE,0.0,0.0,0.0,0.0,0.0,-0.0002057613168724437,0.5
repeat_2_fold_3,PRKRIP1,0.0,0.0,0.0,0.0,0.0,0.0,0.0
repeat_2_fold_3,PRODH2,0.0,0.0,0.0,0.0,0.0,0.0,0.0
repeat_2_fold_3,PRX,0.0,0.0,0.0,0.0,0.0,0.0,0.0
repeat_2_fold_3,PSEN1,0.0,0.0,0.0,0.0,0.0,0.0,0.0
repeat_2_fold_3,PSMB1,0.0,0.0,0.0,0.0,0.0,0.0008006405124099114,0.5
repeat_2_fold_3,PSMD12,0.0,0.0,0.0,0.0,0.0,0.0,0.0
repeat_2_fold_3,PSME3,0.0,0.0,0.0,0.0,0.0,0.0,0.0
repeat_2_fold_3,PSPN,0.05203606934032301,0.10407213868064602,0.05203606934032301,0.0,0.25,-0.0004003202562050112,0.5
repeat_2_fold_3,PTAFR,0.0,0.0,0.0,0.0,0.0,0.0,0.0
repeat_2_fold_3,PTDSS2,0.0,0.0,0.0,0.0,0.0,0.0,0.0
repeat_2_fold_3,PTGIS,0.0,0.0,0.0,0.0,0.0,0.0,0.0
repeat_2_fold_3,PTK2,0.4984566342201546,0.5993034178612966,0.2996517089306483,0.19880492528950633,0.5,0.002674897119341574,0.5
repeat_2_fold_3,PTPN18,0.0,0.0,0.0,0.0,0.0,0.0,0.0
repeat_2_fold_3,RAB11FIP3,-0.10226050996618952,0.20452101993237906,0.10226050996618953,-0.20452101993237903,0.0,-0.003486740009291417,1.0
repeat_2_fold_3,RAB30,0.0,0.0,0.0,0.0,0.0,-0.0018518518518518545,0.5
repeat_2_fold_3,RAB31,0.0,0.0,0.0,0.0,0.0,0.0,0.0
repeat_2_fold_3,RAB38,0.0,0.0,0.0,0.0,0.0,0.002674897119341574,0.5
repeat_2_fold_3,RAB40C,0.0,0.0,0.0,0.0,0.0,0.0,0.0
repeat_2_fold_3,RAB4A,0.0,0.0,0.0,0.0,0.0,0.0,0.0
repeat_2_fold_3,RAB5A,0.0,0.0,0.0,0.0,0.0,0.0,0.0
repeat_2_fold_3,RAB6A,0.0,0.0,0.0,0.0,0.0,0.0,0.0
repeat_2_fold_3,RAB7A,0.0,0.0,0.0,0.0,0.0,0.0,0.0
repeat_2_fold_3,RABGGTA,0.0,0.0,0.0,0.0,0.0,-0.0010008006405124448,0.5
repeat_2_fold_3,RAD21,0.0,0.0,0.0,0.0,0.0,0.0006172839506172756,0.5
repeat_2_fold_3,RALBP1,0.0,0.0,0.0,0.0,0.0,0.0,0.0
repeat_2_fold_3,RANBP1,-0.20452101993237903,0.23616053182579172,0.11808026591289586,-0.3226012858452749,0.0,-0.001028806584362163,0.5
repeat_2_fold_3,RANBP9,0.0,0.0,0.0,0.0,0.0,0.0,0.0
repeat_2_fold_3,RAP1B,0.0,0.0,0.0,0.0,0.0,0.0,0.0
repeat_2_fold_3,RAP1GAP2,0.06657792878318958,0.12769932390991084,0.06384966195495542,0.002728266828234155,0.5,-0.002001601281024834,0.5
repeat_2_fold_3,RARS2,0.0,0.0,0.0,0.0,0.0,0.0,0.0
repeat_2_fold_3,RASGRF1,0.0,0.0,0.0,0.0,0.0,0.0,0.0
repeat_2_fold_3,RBM14,0.0,0.0,0.0,0.0,0.0,0.0,0.0
repeat_2_fold_3,RBM4,0.0,0.0,0.0,0.0,0.0,0.0,0.0
repeat_2_fold_3,RBP1,0.0,0.0,0.0,0.0,0.0,0.0,0.0
repeat_2_fold_3,REL,0.0,0.0,0.0,0.0,0.0,0.0,0.0
repeat_2_fold_3,RGL2,0.0,0.0,0.0,0.0,0.0,0.0,0.0
repeat_2_fold_3,RGR,-0.09267241995925168,0.12647160060976717,0.06323580030488359,-0.15590822026413526,0.0,0.0016012810248198506,0.5
repeat_2_fold_3,RGS10,0.0,0.0,0.0,0.0,0.0,0.0,0.0
repeat_2_fold_3,RGS20,0.0,0.0,0.0,0.0,0.0,0.0,0.0
repeat_2_fold_3,RHD,0.0,0.0,0.0,0.0,0.0,0.0,0.0
repeat_2_fold_3,RHOH,0.0,0.0,0.0,0.0,0.0,0.0,0.0
repeat_2_fold_3,RIDA,0.0,0.0,0.0,0.0,0.0,0.0,0.0
repeat_2_fold_3,RIGI,0.0,0.0,0.0,0.0,0.0,0.0,0.0
repeat_2_fold_3,RIMS1,0.0,0.0,0.0,0.0,0.0,0.0012009607686148671,0.5
repeat_2_fold_3,RNASEH1,0.0,0.0,0.0,0.0,0.0,0.0,0.0
repeat_2_fold_3,RNF125,0.0,0.0,0.0,0.0,0.0,0.0,0.0
repeat_2_fold_3,RNF216,0.0,0.0,0.0,0.0,0.0,0.0,0.0
repeat_2_fold_3,RNF4,0.0,0.0,0.0,0.0,0.0,0.0,0.0
repeat_2_fold_3,RNF41,0.0,0.0,0.0,0.0,0.0,-0.0008006405124099669,0.5
repeat_2_fold_3,ROBO1,0.0,0.0,0.0,0.0,0.0,0.0,0.0
repeat_2_fold_3,RPL13A,0.0,0.0,0.0,0.0,0.0,0.0,0.0
repeat_2_fold_3,RPL29,0.6007126832819409,0.6973351397598784,0.3486675698799392,0.25204511340200175,0.75,0.0024803381800089785,1.0
repeat_2_fold_3,RPL36AL,0.0,0.0,0.0,0.0,0.0,-2.7755575615628914e-17,0.5
repeat_2_fold_3,RPL9,0.0,0.0,0.0,0.0,0.0,0.0,0.0
repeat_2_fold_3,RPLP2,0.0,0.0,0.0,0.0,0.0,0.0,0.0
repeat_2_fold_3,RPP25,0.0,0.0,0.0,0.0,0.0,0.0,0.0
repeat_2_fold_3,RPS14,0.0,0.0,0.0,0.0,0.0,-0.0018014411529223562,0.5
repeat_2_fold_3,RPS2,0.0,0.0,0.0,0.0,0.0,-2.7755575615628914e-17,0.5
repeat_2_fold_3,RPS27A,0.0,0.0,0.0,0.0,0.0,0.00041152263374485964,0.5
repeat_2_fold_3,RPS6KA5,0.0,0.0,0.0,0.0,0.0,0.0,0.0
repeat_2_fold_3,RPS7,0.0,0.0,0.0,0.0,0.0,0.0020576131687242705,0.5
repeat_2_fold_3,RRAGC,0.0,0.0,0.0,0.0,0.0,0.0,0.0
repeat_2_fold_3,RRAS,0.0,0.0,0.0,0.0,0.0,0.0,0.0
repeat_2_fold_3,RSU1,0.0,0.0,0.0,0.0,0.0,0.0,0.0
repeat_2_fold_3,RXRA,0.0,0.0,0.0,0.0,0.0,0.0,0.0
repeat_2_fold_3,RYR1,0.25143215422002996,0.47456116496993195,0.23728058248496597,0.014151571735063984,0.5,0.0006004803843074336,0.5
repeat_2_fold_3,S100A8,0.0,0.0,0.0,0.0,0.0,0.0,0.0
repeat_2_fold_3,S100A9,-0.10226050996618952,0.20452101993237906,0.10226050996618953,-0.20452101993237903,0.0,-0.001234567901234579,0.5
repeat_2_fold_3,SAMM50,0.0,0.0,0.0,0.0,0.0,0.0,0.0
repeat_2_fold_3,SAP30,0.0,0.0,0.0,0.0,0.0,0.0,0.0
repeat_2_fold_3,SCFD1,0.0,0.0,0.0,0.0,0.0,0.0,0.0
repeat_2_fold_3,SCN9A,0.0,0.0,0.0,0.0,0.0,0.0,0.0
repeat_2_fold_3,SCUBE2,-1.5726007262114532,2.0791932630614443,1.0395966315307221,-2.6121973577421755,0.25,0.006316987746575825,1.0
repeat_2_fold_3,SDHA,0.05203606934032301,0.10407213868064602,0.05203606934032301,0.0,0.25,0.0004003202562049557,0.5
repeat_2_fold_3,SEC11A,0.0,0.0,0.0,0.0,0.0,0.0,0.0
repeat_2_fold_3,SEC23A,0.0,0.0,0.0,0.0,0.0,0.0,0.0
repeat_2_fold_3,SEC61A2,0.0,0.0,0.0,0.0,0.0,0.0,0.0
repeat_2_fold_3,SEL1L,0.0,0.0,0.0,0.0,0.0,0.0,0.0
repeat_2_fold_3,SELENOP,0.0,0.0,0.0,0.0,0.0,0.0,0.0
repeat_2_fold_3,SENP5,-0.03698749545879032,0.0441455783176476,0.0220727891588238,-0.05906028461761412,0.0,-0.0012009607686149226,0.5
repeat_2_fold_3,SEPTIN2,0.0,0.0,0.0,0.0,0.0,0.003909465020576125,0.5
repeat_2_fold_3,SERINC1,0.0,0.0,0.0,0.0,0.0,0.0,0.0
repeat_2_fold_3,SERPINA3,0.0,0.0,0.0,0.0,0.0,0.0004003202562049557,0.5
repeat_2_fold_3,SERPINA5,-0.4889050782077291,0.820771271448683,0.4103856357243415,-0.8992907139320706,0.0,0.0012345679012345512,0.5
repeat_2_fold_3,SETD1B,0.0,0.0,0.0,0.0,0.0,0.0,0.0
repeat_2_fold_3,SF3A2,0.036983034554388894,0.07396606910877779,0.036983034554388894,0.0,0.25,-0.0010008006405124448,0.5
repeat_2_fold_3,SF3B5,0.0,0.0,0.0,0.0,0.0,0.0,0.0
repeat_2_fold_3,SFPQ,-0.05241224824955992,0.06052045127143382,0.03026022563571691,-0.08267247388527683,0.0,0.0,0.5
repeat_2_fold_3,SGPP1,0.0,0.0,0.0,0.0,0.0,0.0,0.0
repeat_2_fold_3,SH3BP4,0.0,0.0,0.0,0.0,0.0,0.0,0.0
repeat_2_fold_3,SH3PXD2A,0.0,0.0,0.0,0.0,0.0,0.0,0.0
repeat_2_fold_3,SHC1,0.0,0.0,0.0,0.0,0.0,0.0,0.0
repeat_2_fold_3,SHC3,0.0,0.0,0.0,0.0,0.0,0.0,0.0
repeat_2_fold_3,SIGLEC8,0.0,0.0,0.0,0.0,0.0,0.00020016012810247785,0.5
repeat_2_fold_3,SIX1,0.0,0.0,0.0,0.0,0.0,0.0,0.0
repeat_2_fold_3,SLAMF7,-0.18712451848948497,0.37424903697896994,0.18712451848948497,-0.37424903697896994,0.0,0.0018518518518518545,0.5
repeat_2_fold_3,SLC11A2,0.0,0.0,0.0,0.0,0.0,0.0,0.0
repeat_2_fold_3,SLC1A4,-0.22156921842409538,0.2801201444663158,0.1400600722331579,-0.36162929065725324,0.0,-0.005144032921810732,0.5
repeat_2_fold_3,SLC22A1,0.0,0.0,0.0,0.0,0.0,0.0,0.0
repeat_2_fold_3,SLC22A4,0.0,0.0,0.0,0.0,0.0,0.0,0.0
repeat_2_fold_3,SLC22A6,0.0,0.0,0.0,0.0,0.0,0.0,0.0
repeat_2_fold_3,SLC25A10,0.0,0.0,0.0,0.0,0.0,0.0,0.0
repeat_2_fold_3,SLC2A9,0.0,0.0,0.0,0.0,0.0,0.0,0.0
repeat_2_fold_3,SLC35A2,0.0,0.0,0.0,0.0,0.0,0.0,0.0
repeat_2_fold_3,SLC39A1,0.0,0.0,0.0,0.0,0.0,0.0,0.0
repeat_2_fold_3,SLC47A1,0.0,0.0,0.0,0.0,0.0,0.0,0.0
repeat_2_fold_3,SLC7A11,0.0,0.0,0.0,0.0,0.0,0.0,0.0
repeat_2_fold_3,SLC9A6,0.0,0.0,0.0,0.0,0.0,0.0,0.0
repeat_2_fold_3,SLCO4C1,0.0,0.0,0.0,0.0,0.0,0.0,0.0
repeat_2_fold_3,SLK,-0.8103109759024463,0.97022303690895,0.485111518454475,-1.2954224943569213,0.0,-0.002263374485596714,0.5
repeat_2_fold_3,SMARCC1,0.0,0.0,0.0,0.0,0.0,0.0,0.0
repeat_2_fold_3,SMPD4,0.0,0.0,0.0,0.0,0.0,0.0,0.0
repeat_2_fold_3,SMYD2,-0.10226050996618952,0.204521019932379,0.1022605099661895,-0.20452101993237903,0.0,-0.0014403292181069949,0.5
repeat_2_fold_3,SNRNP27,0.0,0.0,0.0,0.0,0.0,0.0,0.0
repeat_2_fold_3,SPAST,0.0,0.0,0.0,0.0,0.0,0.0,0.0
repeat_2_fold_3,SPDL1,-0.0745558979720915,0.6030148947154778,0.3015074473577389,-0.3760633453298304,0.25,0.0020520119799543046,1.0
repeat_2_fold_3,SPINK5,-1.3506146775157628,1.69145662482107,0.845728312410535,-2.196342989926298,0.0,0.003864655510416537,1.0
repeat_2_fold_3,SPINT2,-0.10226050996618952,0.20452101993237906,0.10226050996618953,-0.20452101993237903,0.0,-0.001234567901234579,0.5
repeat_2_fold_3,SPON1,0.0,0.0,0.0,0.0,0.0,0.0,0.0
repeat_2_fold_3,SPRY2,0.0,0.0,0.0,0.0,0.0,0.0,0.0
repeat_2_fold_3,SRD5A2,0.0,0.0,0.0,0.0,0.0,0.0,0.0
repeat_2_fold_3,SRPK1,0.0,0.0,0.0,0.0,0.0,0.0,0.0
repeat_2_fold_3,SSRP1,0.0,0.0,0.0,0.0,0.0,0.0,0.0
repeat_2_fold_3,STAT3,0.0,0.0,0.0,0.0,0.0,-0.0014403292181070226,0.5
repeat_2_fold_3,STAT6,0.06031280504855019,0.2567405839861138,0.1283702919930569,-0.06805748694450672,0.25,-0.0006004803843074891,0.5
repeat_2_fold_3,STC2,-0.16537447594891042,0.20250708364522357,0.10125354182261179,-0.26662801777152223,0.0,0.0006004803843074336,0.5
repeat_2_fold_3,STOML2,0.0,0.0,0.0,0.0,0.0,0.0,0.0
repeat_2_fold_3,STRADA,0.4521487923569918,0.40066041539917874,0.20033020769958937,0.2518185846574024,1.0,-0.006734111569090678,1.0
repeat_2_fold_3,STXBP3,0.0,0.0,0.0,0.0,0.0,0.0,0.0
repeat_2_fold_3,SUPT20H,0.0,0.0,0.0,0.0,0.0,0.0,0.0
repeat_2_fold_3,SUPT4H1,0.15013253356432266,0.537337787130807,0.2686688935654035,-0.11853636000108086,0.25,-0.0010288065843621907,1.0
repeat_2_fold_3,SUPT5H,0.0,0.0,0.0,0.0,0.0,0.0,0.0
repeat_2_fold_3,SYF2,0.0,0.0,0.0,0.0,0.0,0.0,0.0
repeat_2_fold_3,SYK,0.0,0.0,0.0,0.0,0.0,0.0,0.0
repeat_2_fold_3,SYNE1,0.0,0.0,0.0,0.0,0.0,0.0,0.0
repeat_2_fold_3,SYT1,-0.5990643356475864,1.1764021826791613,0.5882010913395807,-1.187265426987167,0.0,0.005755715683658014,1.0
repeat_2_fold_3,SYTL2,0.16333882977674996,0.39213510941738283,0.19606755470869142,-0.032728724931941455,0.25,0.001401120896717345,0.5
repeat_2_fold_3,TADA2A,0.0,0.0,0.0,0.0,0.0,0.0,0.0
repeat_2_fold_3,TAF1C,-0.02620612412477996,0.05241224824955992,0.02620612412477996,-0.05241224824955992,0.0,0.0016292869686695688,1.0
repeat_2_fold_3,TAF9,0.0,0.0,0.0,0.0,0.0,0.0,0.0
repeat_2_fold_3,TAS2R16,0.0,0.0,0.0,0.0,0.0,0.0,0.0
repeat_2_fold_3,TAX1BP1,0.0,0.0,0.0,0.0,0.0,0.0,0.0
repeat_2_fold_3,TBX1,0.0,0.0,0.0,0.0,0.0,0.0,0.0
repeat_2_fold_3,TEK,0.0,0.0,0.0,0.0,0.0,0.0004003202562049557,0.5
repeat_2_fold_3,TFB2M,0.0,0.0,0.0,0.0,0.0,0.0,0.0
repeat_2_fold_3,TFF1,0.2883105392227776,0.3708369159364421,0.18541845796822104,0.10289208125455657,0.5,-0.0018014411529223562,0.5
repeat_2_fold_3,TFG,0.0,0.0,0.0,0.0,0.0,0.0,0.0
repeat_2_fold_3,TGIF2,-0.5330302315017086,1.0660604630034172,0.5330302315017086,-1.0660604630034172,0.0,-0.0006172839506173033,0.5
repeat_2_fold_3,TGOLN2,0.0,0.0,0.0,0.0,0.0,0.0,0.0
repeat_2_fold_3,TGS1,0.0,0.0,0.0,0.0,0.0,0.0,0.0
repeat_2_fold_3,THOP1,0.0,0.0,0.0,0.0,0.0,0.0010008006405123893,0.5
repeat_2_fold_3,THRA,-0.5998706230527269,0.6950519834434097,0.34752599172170484,-0.9473966147744317,0.0,0.0020576131687242705,0.5
repeat_2_fold_3,TIPIN,0.0,0.0,0.0,0.0,0.0,-0.0008230452674897193,0.5
repeat_2_fold_3,TKT,0.0,0.0,0.0,0.0,0.0,0.0,0.0
repeat_2_fold_3,TLE4,0.0,0.0,0.0,0.0,0.0,0.0,0.0
repeat_2_fold_3,TLR7,0.0,0.0,0.0,0.0,0.0,0.0,0.0
repeat_2_fold_3,TMEM258,0.33146999190739024,0.38908040020067824,0.19454020010033912,0.13692979180705112,0.5,-0.0014011208967174005,0.5
repeat_2_fold_3,TNFRSF1A,0.0,0.0,0.0,0.0,0.0,0.0,0.0
repeat_2_fold_3,TNFRSF8,0.0,0.0,0.0,0.0,0.0,0.0,0.0
repeat_2_fold_3,TNNC2,-0.25693326818193896,0.17564008055435787,0.08782004027717893,-0.3447533084591179,0.0,-0.0008342476450296232,1.0
repeat_2_fold_3,TP53I3,0.0,0.0,0.0,0.0,0.0,0.0,0.0
repeat_2_fold_3,TPO,0.0,0.0,0.0,0.0,0.0,0.0,0.0
repeat_2_fold_3,TRAP1,0.0,0.0,0.0,0.0,0.0,0.0,0.0
repeat_2_fold_3,TRAPPC11,0.0,0.0,0.0,0.0,0.0,0.0,0.0
repeat_2_fold_3,TRAPPC2L,0.0,0.0,0.0,0.0,0.0,0.0,0.0
repeat_2_fold_3,TRIM29,0.0,0.0,0.0,0.0,0.0,0.0,0.0
repeat_2_fold_3,TRIM34,0.01128250023572619,0.054703839129006324,0.027351919564503162,-0.016069419328776972,0.25,0.0006004803843074336,0.5
repeat_2_fold_3,TRIT1,0.0,0.0,0.0,0.0,0.0,0.0,0.0
repeat_2_fold_3,TRMT112,0.0,0.0,0.0,0.0,0.0,0.0,0.0
repeat_2_fold_3,TTC19,-1.0660604630034172,1.2309805905748799,0.6154902952874399,-1.681550758290857,0.0,0.0010288065843621352,0.5
repeat_2_fold_3,TUBA4B,0.0,0.0,0.0,0.0,0.0,0.0,0.0
repeat_2_fold_3,TUBB2A,0.0,0.0,0.0,0.0,0.0,0.0,0.0
repeat_2_fold_3,TUFM,0.0,0.0,0.0,0.0,0.0,0.0,0.0
repeat_2_fold_3,TUSC3,0.0,0.0,0.0,0.0,0.0,0.0,0.0
repeat_2_fold_3,TWNK,0.0,0.0,0.0,0.0,0.0,0.0,0.0
repeat_2_fold_3,TXNRD1,0.0,0.0,0.0,0.0,0.0,0.00020016012810247785,0.5
repeat_2_fold_3,TYMS,0.0,0.0,0.0,0.0,0.0,-0.0014403292181069949,0.5
repeat_2_fold_3,TYRP1,0.0,0.0,0.0,0.0,0.0,0.0,0.0
repeat_2_fold_3,UBE2V1,0.0,0.0,0.0,0.0,0.0,0.0,0.0
repeat_2_fold_3,UBE3C,0.0,0.0,0.0,0.0,0.0,0.0,0.0
repeat_2_fold_3,UBN1,0.0,0.0,0.0,0.0,0.0,0.0,1.0
repeat_2_fold_3,UCHL5,0.0,0.0,0.0,0.0,0.0,0.0006172839506172756,0.5
repeat_2_fold_3,UCKL1,0.0,0.0,0.0,0.0,0.0,0.0,0.0
repeat_2_fold_3,UGDH,0.0,0.0,0.0,0.0,0.0,-2.7755575615628914e-17,0.5
repeat_2_fold_3,UGT1A10,0.0,0.0,0.0,0.0,0.0,-0.0014403292181069949,0.5
repeat_2_fold_3,UNC13B,0.0,0.0,0.0,0.0,0.0,0.0,0.0
repeat_2_fold_3,UNC5C,0.0,0.0,0.0,0.0,0.0,0.0,0.0
repeat_2_fold_3,UPF3B,0.0,0.0,0.0,0.0,0.0,0.0,0.0
repeat_2_fold_3,UQCR10,0.0,0.0,0.0,0.0,0.0,0.0,0.0
repeat_2_fold_3,UQCRQ,0.0,0.0,0.0,0.0,0.0,0.0,0.0
repeat_2_fold_3,USE1,0.0,0.0,0.0,0.0,0.0,0.0,0.0
repeat_2_fold_3,USP10,0.0,0.0,0.0,0.0,0.0,0.0,0.0
repeat_2_fold_3,USP4,-0.02620612412477996,0.05241224824955992,0.02620612412477996,-0.05241224824955992,0.0,-2.7755575615628914e-17,0.5
repeat_2_fold_3,UTY,0.0,0.0,0.0,0.0,0.0,0.0,0.0
repeat_2_fold_3,VAMP1,0.0,0.0,0.0,0.0,0.0,0.0,0.0
repeat_2_fold_3,VDAC1,0.0,0.0,0.0,0.0,0.0,-0.0010288065843621352,0.5
repeat_2_fold_3,VENTX,-0.8150773084916008,1.3393594085468727,0.6696797042734364,-1.4847570127650371,0.0,0.0008118428899497876,1.0
repeat_2_fold_3,VPS33A,0.0,0.0,0.0,0.0,0.0,0.0,0.0
repeat_2_fold_3,VPS37B,0.0,0.0,0.0,0.0,0.0,0.0,0.0
repeat_2_fold_3,WASF3,0.0,0.0,0.0,0.0,0.0,0.0008006405124099114,0.5
repeat_2_fold_3,WDR33,0.0,0.0,0.0,0.0,0.0,0.0,0.0
repeat_2_fold_3,WDR43,0.0,0.0,0.0,0.0,0.0,0.0,0.0
repeat_2_fold_3,WDR82,0.0,0.0,0.0,0.0,0.0,0.0,0.0
repeat_2_fold_3,WHRN,0.036983034554388894,0.07396606910877779,0.036983034554388894,0.0,0.25,-0.0008006405124099669,0.5
repeat_2_fold_3,WNT6,0.0,0.0,0.0,0.0,0.0,0.0,0.0
repeat_2_fold_3,WWOX,0.0,0.0,0.0,0.0,0.0,0.0,0.0
repeat_2_fold_3,XRCC4,0.0,0.0,0.0,0.0,0.0,0.0,0.0
repeat_2_fold_3,YME1L1,-0.08371731468246857,0.2839085444709324,0.1419542722354662,-0.22567158691793476,0.25,0.0016628941012892529,1.0
repeat_2_fold_3,YTHDC2,0.0,0.0,0.0,0.0,0.0,0.0,0.0
repeat_2_fold_3,ZC3H15,0.0,0.0,0.0,0.0,0.0,0.0,0.0
repeat_2_fold_3,ZFHX3,-0.6849540371802565,1.1140280075314268,0.5570140037657134,-1.24196804094597,0.0,-2.240475507980788e-05,1.0
repeat_2_fold_3,ZFPM2,0.0,0.0,0.0,0.0,0.0,-0.0012009607686149226,0.5
repeat_2_fold_3,ZKSCAN8,0.0,0.0,0.0,0.0,0.0,0.0,0.0
repeat_2_fold_3,ZNF10,0.0,0.0,0.0,0.0,0.0,0.0008230452674897193,0.5
repeat_2_fold_3,ZNF180,0.0,0.0,0.0,0.0,0.0,0.0014403292181069949,0.5
repeat_2_fold_3,ZNF197,0.0,0.0,0.0,0.0,0.0,0.0,0.0
repeat_2_fold_3,ZNF208,0.57235651930241,0.6609003809833673,0.33045019049168367,0.24190632881072638,0.5,-0.0022017614091273396,0.5
repeat_2_fold_3,ZNF248,0.0,0.0,0.0,0.0,0.0,0.0022633744855966864,0.5
repeat_2_fold_3,ZNF473,0.0,0.0,0.0,0.0,0.0,0.0,0.0
repeat_2_fold_3,ZNF551,0.0,0.0,0.0,0.0,0.0,0.0,0.0
repeat_2_fold_3,ZNF557,-0.14333287469163913,0.4429574988672066,0.2214787494336033,-0.36481162412524243,0.25,0.0014291268405670632,1.0
repeat_2_fold_3,ZNF764,-1.0062637839351147,2.0125275678702295,1.0062637839351147,-2.0125275678702295,0.0,0.002880658436213962,0.5
repeat_2_fold_3,ZNF770,0.0,0.0,0.0,0.0,0.0,0.0010288065843621352,0.5
repeat_2_fold_4,A1CF,0.0,0.0,0.0,0.0,0.0,0.0,0.0
repeat_2_fold_4,A2M,-0.010927896773369028,0.021855793546738056,0.010927896773369028,-0.021855793546738056,0.0,0.0008448657452966857,1.0
repeat_2_fold_4,A4GALT,-0.1579920063132807,0.24239722959167934,0.12119861479583967,-0.27919062110912035,0.0,-0.000613747954173488,0.5
repeat_2_fold_4,A4GNT,-0.07484947309618661,0.08642872688156998,0.04321436344078499,-0.11806383653697161,0.0,0.0,0.5
repeat_2_fold_4,AAAS,0.0,0.0,0.0,0.0,0.0,0.0,0.0
repeat_2_fold_4,AACS,-0.7791924215981432,1.529382605826078,0.764691302913039,-1.5438837245111823,0.0,-0.0017837510597676076,1.0
repeat_2_fold_4,AADAC,0.0,0.0,0.0,0.0,0.0,-0.0028022417934347454,0.5
repeat_2_fold_4,AAK1,0.008791277901565309,0.19151797926629618,0.09575898963314809,-0.08696771173158278,0.25,-0.0024019215372297897,0.5
repeat_2_fold_4,AAMP,-0.03742473654809331,0.07484947309618661,0.03742473654809331,-0.07484947309618661,0.0,-0.001000800640512417,0.5
repeat_2_fold_4,AANAT,-1.5365290496495483,1.774230920865693,0.8871154604328465,-2.423644510082395,0.0,-0.0016189711179745714,1.0
repeat_2_fold_4,AARS1,0.0,0.0,0.0,0.0,0.0,0.0,0.0
repeat_2_fold_4,AASDHPPT,-0.06025296952041259,0.06957413634416905,0.034787068172084525,-0.09504003769249711,0.0,0.0,0.5
repeat_2_fold_4,AASS,0.0,0.0,0.0,0.0,0.0,0.0,0.0
repeat_2_fold_4,AATF,0.0,0.0,0.0,0.0,0.0,0.0,0.0
repeat_2_fold_4,ABCA1,-0.13879341832644165,0.20526671159914062,0.10263335579957031,-0.24142677412601196,0.0,0.0011252045826513901,0.5
repeat_2_fold_4,ABCA12,0.0,0.0,0.0,0.0,0.0,0.0,0.0
repeat_2_fold_4,ABCA2,-0.2342309361273216,0.27046658805129437,0.13523329402564718,-0.3694642301529688,0.0,-0.0014011208967174005,0.5
repeat_2_fold_4,ABCA3,0.0,0.0,0.0,0.0,0.0,0.0,0.5
repeat_2_fold_4,ABCA4,0.0,0.0,0.0,0.0,0.0,0.0,0.0
repeat_2_fold_4,ABCA5,-0.05416209508104863,0.10832419016209727,0.05416209508104863,-0.10832419016209727,0.0,-0.0012009607686148949,0.5
repeat_2_fold_4,ABCA6,0.0,0.0,0.0,0.0,0.0,-0.0014011208967174005,0.5
repeat_2_fold_4,ABCA8,0.0,0.0,0.0,0.0,0.0,0.0,0.0
repeat_2_fold_4,ABCB1,0.0,0.0,0.0,0.0,0.0,0.0,0.0
repeat_2_fold_4,ABCB11,-0.07484947309618661,0.08642872688156998,0.04321436344078499,-0.11806383653697161,0.0,-0.0004003202562049557,0.5
repeat_2_fold_4,ABCB4,0.0,0.0,0.0,0.0,0.0,0.0,0.0
repeat_2_fold_4,ABCB6,0.0,0.0,0.0,0.0,0.0,0.0,0.0
repeat_2_fold_4,ABCB7,0.0,0.0,0.0,0.0,0.0,-0.0016012810248198783,0.5
repeat_2_fold_4,ABCB8,0.0,0.0,0.0,0.0,0.0,0.0,0.0
repeat_2_fold_4,ABCB9,0.0,0.0,0.0,0.0,0.0,0.0,0.0
repeat_2_fold_4,ABCC1,0.0,0.0,0.0,0.0,0.0,-0.00020016012810247785,0.5
repeat_2_fold_4,ABCC10,0.0,0.0,0.0,0.0,0.0,0.0,0.0
repeat_2_fold_4,ABCC2,0.0,0.0,0.0,0.0,0.0,0.0,0.0
repeat_2_fold_4,ABCC3,0.0,0.0,0.0,0.0,0.0,0.0,0.0
repeat_2_fold_4,ABCC4,0.0,0.0,0.0,0.0,0.0,0.0018412438625204641,0.5
repeat_2_fold_4,ABCC5,0.0,0.0,0.0,0.0,0.0,0.0,0.0
repeat_2_fold_4,ABCC8,-0.167651383845433,0.24117224620937436,0.12058612310468718,-0.2882375069501202,0.0,0.001329787234042562,0.5
repeat_2_fold_4,ABCC9,-0.030126484760206296,0.06025296952041259,0.030126484760206296,-0.06025296952041259,0.0,-0.00030687397708673014,0.5
repeat_2_fold_4,ABCD1,0.0,0.0,0.0,0.0,0.0,0.0,0.0
repeat_2_fold_4,ABCD2,0.02552863643451886,0.05105727286903772,0.02552863643451886,0.0,0.25,-0.0018014411529223562,0.5
repeat_2_fold_4,ABCD3,-0.07118086629377984,0.08410749932565827,0.04205374966282913,-0.11323461595660897,0.0,-0.0004849214887458486,1.0
repeat_2_fold_4,ABCD4,-0.27165567267541846,0.31957894446312324,0.15978947223156162,-0.43144514490698005,0.0,-0.0016012810248198506,0.5
repeat_2_fold_4,ABCE1,0.0,0.0,0.0,0.0,0.0,0.0,0.0
repeat_2_fold_4,ABCF1,-1.5365290496495483,1.774230920865693,0.8871154604328465,-2.423644510082395,0.0,-0.0006004803843074613,0.5
repeat_2_fold_4,ABCF2,-0.0977390367928681,0.1954780735857362,0.0977390367928681,-0.1954780735857362,0.0,-0.000613747954173488,0.5
repeat_2_fold_4,ABCG4,0.0,0.0,0.0,0.0,0.0,0.0,0.0
repeat_2_fold_4,ABCG5,0.0,0.0,0.0,0.0,0.0,0.0,0.0
repeat_2_fold_4,ABHD10,0.0,0.0,0.0,0.0,0.0,0.0,0.0
repeat_2_fold_4,ABHD17A,0.025528636434520635,0.16654625393214645,0.08327312696607322,-0.05774449053155259,0.25,-0.002001601281024834,0.5
repeat_2_fold_4,ABHD17B,0.0,0.0,0.0,0.0,0.0,0.0,0.0
repeat_2_fold_4,ABHD3,-0.13879341832644165,0.18507624826709942,0.09253812413354971,-0.23133154245999138,0.0,-0.0018816198621745273,1.0
repeat_2_fold_4,ABHD4,-0.06025296952041259,0.06957413634416905,0.034787068172084525,-0.09504003769249711,0.0,0.0004091653027823161,0.5
repeat_2_fold_4,ABHD5,-0.1171154680636608,0.2342309361273216,0.1171154680636608,-0.2342309361273216,0.0,-0.002201761409127312,1.0
repeat_2_fold_4,ABHD6,0.0,0.0,0.0,0.0,0.0,0.0,0.0
repeat_2_fold_4,ABI2,-0.06025296952041259,0.06957413634416905,0.034787068172084525,-0.09504003769249711,0.0,0.0026595744680850963,0.5
repeat_2_fold_4,ABL1,0.0,0.0,0.0,0.0,0.0,0.0,0.0
repeat_2_fold_4,ABL2,0.0,0.0,0.0,0.0,0.0,0.0,0.0
repeat_2_fold_4,ABLIM1,0.0,0.0,0.0,0.0,0.0,0.0,0.0
repeat_2_fold_4,ABLIM3,0.12590674596522788,0.1453845873516283,0.07269229367581415,0.05321445228941374,0.5,-0.0012009607686148949,0.5
repeat_2_fold_4,ABR,0.0,0.0,0.0,0.0,0.0,0.0,0.0
repeat_2_fold_4,ABRAXAS2,0.0,0.0,0.0,0.0,0.0,0.0,0.0
repeat_2_fold_4,ACAA1,-0.030126484760206296,0.06025296952041259,0.030126484760206296,-0.06025296952041259,0.0,0.0045008183306055605,0.5
repeat_2_fold_4,ACAA2,-1.5906911447305951,1.860160528182386,0.930080264091193,-2.5207714088217883,0.0,-0.0026020816653322953,0.5
repeat_2_fold_4,ACACA,0.0,0.0,0.0,0.0,0.0,0.0,0.0
repeat_2_fold_4,ACAD8,0.0,0.0,0.0,0.0,0.0,0.0,0.0
repeat_2_fold_4,ACADL,0.021431324676893126,0.04286264935378625,0.021431324676893126,0.0,0.25,0.00081833060556466,0.5
repeat_2_fold_4,ACADM,0.06295337298261394,0.12590674596522788,0.06295337298261394,0.0,0.25,0.0030024019215372233,0.5
repeat_2_fold_4,ACADS,0.0,0.0,0.0,0.0,0.0,0.0,0.0
repeat_2_fold_4,ACADSB,-0.2342309361273216,0.27046658805129437,0.13523329402564718,-0.3694642301529688,0.0,-0.0006004803843074613,0.5
repeat_2_fold_4,ACADVL,0.0,0.0,0.0,0.0,0.0,-0.0024019215372297897,0.5
repeat_2_fold_4,ACAN,0.0,0.0,0.0,0.0,0.0,-0.0004091653027823161,0.5
repeat_2_fold_4,ACAT1,-0.2643574208875279,0.24075945737294177,0.12037972868647089,-0.3847371495739988,0.0,0.0006093254308848217,1.0
repeat_2_fold_4,ACAT2,-0.1773684375840734,0.20220586691165882,0.10110293345582941,-0.2784713710399028,0.0,-0.004136451550765974,1.0
repeat_2_fold_4,ACBD3,0.0,0.0,0.0,0.0,0.0,0.0,0.0
repeat_2_fold_4,ACBD4,0.0,0.0,0.0,0.0,0.0,-0.0012009607686148949,0.5
repeat_2_fold_4,ACD,0.0,0.0,0.0,0.0,0.0,0.0,0.0
repeat_2_fold_4,ACE,0.0,0.0,0.0,0.0,0.0,0.0,0.0
repeat_2_fold_4,ACE2,-0.20785986496829878,0.2951232996992293,0.14756164984961465,-0.3554215148179134,0.0,-0.003002401921537251,0.5
repeat_2_fold_4,ACHE,0.0,0.0,0.0,0.0,0.0,0.0,0.0
repeat_2_fold_4,ACIN1,0.0,0.0,0.0,0.0,0.0,0.0,0.0
repeat_2_fold_4,ACKR1,-0.1278655215530744,0.18436379249291707,0.09218189624645853,-0.22004741779953294,0.0,0.0018412438625204641,0.5
repeat_2_fold_4,ACKR2,-0.03742473654809331,0.07484947309618661,0.03742473654809331,-0.07484947309618661,0.0,-0.0016012810248198506,0.5
repeat_2_fold_4,ACKR3,-0.7682645248247741,1.5365290496495483,0.7682645248247741,-1.5365290496495483,0.0,-0.0018014411529223562,0.5
repeat_2_fold_4,ACKR4,0.0,0.0,0.0,0.0,0.0,0.0,0.0
repeat_2_fold_4,ACLY,0.0,0.0,0.0,0.0,0.0,0.0,0.0
repeat_2_fold_4,ACO1,-0.10643419687618128,0.27302584701356725,0.13651292350678362,-0.2429471203829649,0.25,-0.0020369814673342757,1.0
repeat_2_fold_4,ACO2,0.0,0.0,0.0,0.0,0.0,0.0022504091653027802,0.5
repeat_2_fold_4,ACOT11,0.0,0.0,0.0,0.0,0.0,0.0,0.0
repeat_2_fold_4,ACOT13,0.0,0.0,0.0,0.0,0.0,0.0,0.0
repeat_2_fold_4,ACOT2,0.0,0.0,0.0,0.0,0.0,0.0,0.0
repeat_2_fold_4,ACOT7,-0.07484947309618661,0.08642872688156998,0.04321436344078499,-0.11806383653697161,0.0,0.000716039279869074,1.0
repeat_2_fold_4,ACOT8,0.0,0.0,0.0,0.0,0.0,0.0,0.0
repeat_2_fold_4,ACOT9,0.0,0.0,0.0,0.0,0.0,0.0,0.0
repeat_2_fold_4,ACOX1,0.0,0.0,0.0,0.0,0.0,0.0,0.0
repeat_2_fold_4,ACOX2,-1.7216555743421722,1.989613162772493,0.9948065813862464,-2.7164621557284185,0.0,0.0012009607686148671,0.5
repeat_2_fold_4,ACOX3,-1.4754921534869823,1.7070416084866409,0.8535208042433204,-2.3290129577303027,0.0,-0.003202562049639729,0.5
repeat_2_fold_4,ACOXL,-0.2256045583459425,0.2651103591952646,0.1325551795976323,-0.3581597379435748,0.0,0.0017389525368248782,0.5
repeat_2_fold_4,ACP3,-1.5365290496495483,1.774230920865693,0.8871154604328465,-2.423644510082395,0.0,-2.7755575615628914e-17,0.5
repeat_2_fold_4,ACP6,0.0,0.0,0.0,0.0,0.0,0.0006004803843074336,0.5
repeat_2_fold_4,ACR,0.0,0.0,0.0,0.0,0.0,-0.0006004803843074613,0.5
repeat_2_fold_4,ACSBG1,0.0,0.0,0.0,0.0,0.0,0.0,0.0
repeat_2_fold_4,ACSBG2,0.0,0.0,0.0,0.0,0.0,-0.0005739452445753801,1.0
repeat_2_fold_4,ACSF2,0.0,0.0,0.0,0.0,0.0,-0.00020016012810247785,0.5
repeat_2_fold_4,ACSL1,0.0,0.0,0.0,0.0,0.0,-0.0005114566284779021,0.5
repeat_2_fold_4,ACSL3,-0.14420920176400998,0.16651844291614443,0.08325922145807221,-0.2274684232220822,0.0,0.00260208166533224,0.5
repeat_2_fold_4,ACSL4,0.0,0.0,0.0,0.0,0.0,0.0,0.0
repeat_2_fold_4,ACSL5,0.0,0.0,0.0,0.0,0.0,-0.002001601281024834,0.5
repeat_2_fold_4,ACSL6,0.0,0.0,0.0,0.0,0.0,0.0,0.0
repeat_2_fold_4,ACSM1,0.0,0.0,0.0,0.0,0.0,0.0,0.0
repeat_2_fold_4,ACSM2A,-0.03742473654809331,0.07484947309618661,0.03742473654809331,-0.07484947309618661,0.0,-0.0018014411529223284,0.5
repeat_2_fold_4,ACSM3,0.0,0.0,0.0,0.0,0.0,0.0,0.0
repeat_2_fold_4,ACSM5,-0.06025296952041259,0.06957413634416905,0.034787068172084525,-0.09504003769249711,0.0,0.0,0.5
repeat_2_fold_4,ACSS3,0.0,0.0,0.0,0.0,0.0,0.00020016012810247785,0.5
repeat_2_fold_4,ACTA1,-0.1579920063132807,0.24239722959167934,0.12119861479583967,-0.27919062110912035,0.0,0.001534369885433734,0.5
repeat_2_fold_4,ACTA2,0.0,0.0,0.0,0.0,0.0,0.0,0.0
repeat_2_fold_4,ACTB,0.0,0.0,0.0,0.0,0.0,0.0,0.0
repeat_2_fold_4,ACTC1,0.0,0.0,0.0,0.0,0.0,-0.0018014411529223284,0.5
repeat_2_fold_4,ACTG1,0.0,0.0,0.0,0.0,0.0,0.0,0.0
repeat_2_fold_4,ACTG2,0.06295337298261394,0.12590674596522788,0.06295337298261394,0.0,0.25,-0.0008006405124099392,0.5
repeat_2_fold_4,ACTL6A,0.0,0.0,0.0,0.0,0.0,0.0005114566284779021,0.5
repeat_2_fold_4,ACTL6B,0.0,0.0,0.0,0.0,0.0,-0.0004003202562049557,0.5
repeat_2_fold_4,ACTN1,0.0,0.0,0.0,0.0,0.0,0.0,0.0
repeat_2_fold_4,ACTN2,0.0,0.0,0.0,0.0,0.0,0.0,0.0
repeat_2_fold_4,ACTN3,0.0,0.0,0.0,0.0,0.0,0.0,0.0
repeat_2_fold_4,ACTN4,0.0,0.0,0.0,0.0,0.0,0.0,0.0
repeat_2_fold_4,ACTR10,0.0,0.0,0.0,0.0,0.0,-0.0008006405124099392,0.5
repeat_2_fold_4,ACTR1A,-0.030126484760206296,0.06025296952041259,0.030126484760206296,-0.06025296952041259,0.0,0.0016366612111292922,0.5
repeat_2_fold_4,ACTR1B,-0.1278655215530744,0.2557310431061488,0.1278655215530744,-0.2557310431061488,0.0,-0.00020458265139117193,0.5
repeat_2_fold_4,ACTR2,-0.030126484760206296,0.06025296952041259,0.030126484760206296,-0.06025296952041259,0.0,-0.00020458265139117193,0.5
repeat_2_fold_4,ACTR3,-0.1954780735857362,0.22571863681078858,0.11285931840539429,-0.3083373919911305,0.0,0.00081833060556466,0.5
repeat_2_fold_4,ACTR5,0.008791277901565309,0.19151797926629618,0.09575898963314809,-0.08696771173158278,0.25,-0.0006004803843074336,0.5
repeat_2_fold_4,ACTR8,0.0,0.0,0.0,0.0,0.0,0.0,0.0
repeat_2_fold_4,ACVR1B,-0.010927896773369028,0.021855793546738056,0.010927896773369028,-0.021855793546738056,0.0,-0.0004091653027823161,0.5
repeat_2_fold_4,ACVR2A,0.0,0.0,0.0,0.0,0.0,0.0,0.0
repeat_2_fold_4,ACVR2B,0.0,0.0,0.0,0.0,0.0,0.0,0.0
repeat_2_fold_4,ACVRL1,0.0,0.0,0.0,0.0,0.0,0.0,0.0
repeat_2_fold_4,ACY1,0.0,0.0,0.0,0.0,0.0,0.0,0.0
repeat_2_fold_4,ADA,-0.030126484760206296,0.06025296952041259,0.030126484760206296,-0.06025296952041259,0.0,-0.001022913256955832,0.5
repeat_2_fold_4,ADA2,0.02229039084293838,0.12193985999114082,0.06096992999557041,-0.03867953915263203,0.5,0.0031533410034082776,1.0
repeat_2_fold_4,ADAM10,-0.15454020461175766,0.3090804092235153,0.15454020461175766,-0.3090804092235153,0.0,0.00420336269015209,0.5
repeat_2_fold_4,ADAM11,0.0,0.0,0.0,0.0,0.0,0.0,0.0
repeat_2_fold_4,ADAM12,0.0,0.0,0.0,0.0,0.0,0.0,0.0
repeat_2_fold_4,ADAM15,0.0,0.0,0.0,0.0,0.0,0.0,0.0
repeat_2_fold_4,ADAM17,0.011679674886609703,0.14194365880735557,0.07097182940367779,-0.05929215451706808,0.25,-0.003002401921537251,0.5
repeat_2_fold_4,ADAM19,0.0,0.0,0.0,0.0,0.0,0.0,0.5
repeat_2_fold_4,ADAM2,0.02552863643451886,0.05105727286903772,0.02552863643451886,0.0,0.25,-0.0002001601281025056,0.5
repeat_2_fold_4,ADAM20,0.0,0.0,0.0,0.0,0.0,0.0,0.0
repeat_2_fold_4,ADAM21,0.0,0.0,0.0,0.0,0.0,0.0,0.0
repeat_2_fold_4,ADAM23,0.0,0.0,0.0,0.0,0.0,0.0,0.0
repeat_2_fold_4,ADAM30,0.0,0.0,0.0,0.0,0.0,0.0,0.0
repeat_2_fold_4,ADAM8,0.0,0.0,0.0,0.0,0.0,0.0,0.0
repeat_2_fold_4,ADAMTS1,0.0,0.0,0.0,0.0,0.0,0.0,0.0
repeat_2_fold_4,ADAMTS12,0.0,0.0,0.0,0.0,0.0,0.0,0.0
repeat_2_fold_4,ADAMTS13,0.0,0.0,0.0,0.0,0.0,0.0,0.0
repeat_2_fold_4,ADAMTS2,0.0,0.0,0.0,0.0,0.0,0.0,0.0
repeat_2_fold_4,ADAMTS20,0.0,0.0,0.0,0.0,0.0,0.0,0.0
repeat_2_fold_4,ADAMTS3,0.0,0.0,0.0,0.0,0.0,0.0,0.0
repeat_2_fold_4,ADAMTS5,0.0,0.0,0.0,0.0,0.0,0.0,0.0
repeat_2_fold_4,ADAMTS8,0.0,0.0,0.0,0.0,0.0,-0.00020016012810247785,0.5
repeat_2_fold_4,ADAMTS9,0.0,0.0,0.0,0.0,0.0,0.0,0.0
repeat_2_fold_4,ADAMTSL2,-0.0977390367928681,0.1954780735857362,0.0977390367928681,-0.1954780735857362,0.0,0.004705400981996705,0.5
repeat_2_fold_4,ADAMTSL3,0.0,0.0,0.0,0.0,0.0,0.0,0.0
repeat_2_fold_4,ADAMTSL4,0.0,0.0,0.0,0.0,0.0,0.0010229132569558042,0.5
repeat_2_fold_4,ADAP1,-0.2342309361273216,0.27046658805129437,0.13523329402564718,-0.3694642301529688,0.0,-0.0006004803843074336,0.5
repeat_2_fold_4,ADAR,0.0,0.0,0.0,0.0,0.0,0.0,0.0
repeat_2_fold_4,ADARB1,0.0,0.0,0.0,0.0,0.0,0.0,0.0
repeat_2_fold_4,ADAT1,0.0,0.0,0.0,0.0,0.0,0.0,0.0
repeat_2_fold_4,ADCY1,-1.7707599857768734,2.0446975089169914,1.0223487544584957,-2.793108740235369,0.0,-0.0004003202562049557,0.5
repeat_2_fold_4,ADCY10,0.0,0.0,0.0,0.0,0.0,0.0,0.0
repeat_2_fold_4,ADCY2,0.0,0.0,0.0,0.0,0.0,0.0,0.0
repeat_2_fold_4,ADCY3,0.0,0.0,0.0,0.0,0.0,0.0,0.0
repeat_2_fold_4,ADCY6,-0.1954780735857362,0.22571863681078858,0.11285931840539429,-0.3083373919911305,0.0,-0.0009206219312602459,0.5
repeat_2_fold_4,ADCY7,-0.030126484760206296,0.06025296952041259,0.030126484760206296,-0.06025296952041259,0.0,0.002352700490998366,0.5
repeat_2_fold_4,ADCY8,0.0,0.0,0.0,0.0,0.0,0.0015343698854337062,0.5
repeat_2_fold_4,ADCY9,0.0,0.0,0.0,0.0,0.0,0.0,0.0
repeat_2_fold_4,ADCYAP1,-0.17404674890884309,0.20399632075293478,0.10199816037646739,-0.27604490928531045,0.0,0.00010229132569555821,0.5
repeat_2_fold_4,ADCYAP1R1,0.0,0.0,0.0,0.0,0.0,0.0,0.0
repeat_2_fold_4,ADD1,0.0,0.0,0.0,0.0,0.0,-0.001000800640512417,0.5
repeat_2_fold_4,ADD2,0.0,0.0,0.0,0.0,0.0,0.0018014411529223284,0.5
repeat_2_fold_4,ADD3,-0.2643574208875279,0.24075945737294177,0.12037972868647089,-0.3847371495739988,0.0,0.00032456407024145095,1.0
repeat_2_fold_4,ADGRE2,0.0,0.0,0.0,0.0,0.0,0.0,0.0
repeat_2_fold_4,ADGRE3,-0.7682645248247741,1.5365290496495483,0.7682645248247741,-1.5365290496495483,0.0,-0.0008006405124099114,0.5
repeat_2_fold_4,ADGRE5,-0.030126484760206296,0.06025296952041259,0.030126484760206296,-0.06025296952041259,0.0,0.001022913256955832,0.5
repeat_2_fold_4,ADGRG3,0.0,0.0,0.0,0.0,0.0,0.0,0.0
repeat_2_fold_4,ADGRG6,0.0,0.0,0.0,0.0,0.0,0.0,0.0
repeat_2_fold_4,ADGRV1,0.0,0.0,0.0,0.0,0.0,0.0,0.0
repeat_2_fold_4,ADH1A,0.0,0.0,0.0,0.0,0.0,0.0,0.0
repeat_2_fold_4,ADH1B,0.0,0.0,0.0,0.0,0.0,-0.0012009607686148949,0.5
repeat_2_fold_4,ADH1C,0.0,0.0,0.0,0.0,0.0,0.0,0.0
repeat_2_fold_4,ADH5,0.0884820094171328,0.1190534210729633,0.05952671053648165,0.028955298880651154,0.5,-0.0016012810248198783,0.5
repeat_2_fold_4,ADH6,0.0,0.0,0.0,0.0,0.0,0.0,0.0
repeat_2_fold_4,ADH7,0.0,0.0,0.0,0.0,0.0,0.0,0.0
repeat_2_fold_4,ADI1,0.04286264935378625,0.049493524285178066,0.024746762142589033,0.01811588721119722,0.5,-0.0014099659432947331,1.0
repeat_2_fold_4,ADIPOQ,0.0,0.0,0.0,0.0,0.0,0.001022913256955832,0.5
repeat_2_fold_4,ADIPOR1,-0.00869516008331317,0.08479010348524534,0.04239505174262267,-0.05109021182593584,0.25,0.0018412438625204641,1.0
repeat_2_fold_4,ADIPOR2,0.0,0.0,0.0,0.0,0.0,-0.0016366612111292922,0.5
repeat_2_fold_4,ADIRF,0.0,0.0,0.0,0.0,0.0,0.0,0.0
repeat_2_fold_4,ADK,0.0,0.0,0.0,0.0,0.0,0.0,0.0
repeat_2_fold_4,ADM,0.0,0.0,0.0,0.0,0.0,0.0,0.0
repeat_2_fold_4,ADM2,-0.1579920063132807,0.24239722959167934,0.12119861479583967,-0.27919062110912035,0.0,-0.000716039279869074,0.5
repeat_2_fold_4,ADO,0.0,0.0,0.0,0.0,0.0,0.0,0.0
repeat_2_fold_4,ADORA1,0.0,0.0,0.0,0.0,0.0,-0.001000800640512417,0.5
repeat_2_fold_4,ADORA2A,-1.4106223036843168,1.6288463335140606,0.8144231667570303,-2.225045470441347,0.0,-0.0008006405124099392,0.5
repeat_2_fold_4,ADORA2B,0.0,0.0,0.0,0.0,0.0,0.0,0.0
repeat_2_fold_4,ADORA3,-1.5110004132150294,1.752435934532999,0.8762179672664995,-2.387218380481529,0.0,-0.0018014411529223562,0.5
repeat_2_fold_4,ADPGK,0.0,0.0,0.0,0.0,0.0,0.0,0.0
repeat_2_fold_4,ADPRM,0.0,0.0,0.0,0.0,0.0,0.0,0.0
repeat_2_fold_4,ADRA1A,0.0,0.0,0.0,0.0,0.0,0.0,0.0
repeat_2_fold_4,ADRA1B,0.0,0.0,0.0,0.0,0.0,-0.0008006405124099392,0.5
repeat_2_fold_4,ADRA1D,-0.2256045583459425,0.2651103591952646,0.1325551795976323,-0.3581597379435748,0.0,0.0008183306055646322,0.5
repeat_2_fold_4,ADRA2B,-0.2256045583459425,0.2651103591952646,0.1325551795976323,-0.3581597379435748,0.0,0.0005114566284779021,0.5
repeat_2_fold_4,ADRA2C,-1.4642020503970805,1.6907148958895128,0.8453574479447564,-2.309559498341837,0.0,-0.002001601281024834,0.5
repeat_2_fold_4,ADRB1,-0.030126484760206296,0.06025296952041259,0.030126484760206296,-0.06025296952041259,0.0,0.000716039279869074,0.5
repeat_2_fold_4,ADRB2,0.0,0.0,0.0,0.0,0.0,0.0,0.0
repeat_2_fold_4,ADRB3,-0.01572905375367739,0.10439449201155354,0.05219724600577677,-0.06792629975945416,0.25,-0.00040032025620498346,0.5
repeat_2_fold_4,ADRM1,0.0,0.0,0.0,0.0,0.0,0.0009206219312602182,0.5
repeat_2_fold_4,ADSS2,0.0,0.0,0.0,0.0,0.0,-0.0004091653027823161,0.5
repeat_2_fold_4,AFDN,0.0,0.0,0.0,0.0,0.0,0.0,0.0
repeat_2_fold_4,AFF4,0.0,0.0,0.0,0.0,0.0,0.0,0.0
repeat_2_fold_4,AFG3L2,0.0,0.0,0.0,0.0,0.0,0.0,0.0
repeat_2_fold_4,AFP,0.0,0.0,0.0,0.0,0.0,0.0,0.0
repeat_2_fold_4,AGA,-0.010927896773369028,0.021855793546738056,0.010927896773369028,-0.021855793546738056,0.0,0.000716039279869074,0.5
repeat_2_fold_4,AGAP2,-0.1066120401601367,0.24715146975935784,0.12357573487967892,-0.23018777503981563,0.25,0.00034225416339617176,1.0
repeat_2_fold_4,AGBL2,0.0,0.0,0.0,0.0,0.0,0.0,0.0
repeat_2_fold_4,AGBL3,0.0,0.0,0.0,0.0,0.0,0.0,0.0
repeat_2_fold_4,AGBL5,0.0,0.0,0.0,0.0,0.0,0.0,0.0
repeat_2_fold_4,AGER,0.0,0.0,0.0,0.0,0.0,0.0,0.0
repeat_2_fold_4,AGFG1,0.0,0.0,0.0,0.0,0.0,0.0,0.0
repeat_2_fold_4,AGGF1,0.0,0.0,0.0,0.0,0.0,0.0,0.0
repeat_2_fold_4,AGK,0.0,0.0,0.0,0.0,0.0,0.0,0.0
repeat_2_fold_4,AGL,0.0,0.0,0.0,0.0,0.0,0.0,0.0
repeat_2_fold_4,AGMAT,0.0,0.0,0.0,0.0,0.0,0.0,0.0
repeat_2_fold_4,AGO1,0.0,0.0,0.0,0.0,0.0,0.0,0.0
repeat_2_fold_4,AGO2,0.0,0.0,0.0,0.0,0.0,0.0,0.0
repeat_2_fold_4,AGO3,0.0,0.0,0.0,0.0,0.0,0.0,0.0
repeat_2_fold_4,AGO4,0.0,0.0,0.0,0.0,0.0,0.0,0.0
repeat_2_fold_4,AGPAT1,0.0,0.0,0.0,0.0,0.0,0.0,0.0
repeat_2_fold_4,AGPAT2,0.0,0.0,0.0,0.0,0.0,0.0,0.0
repeat_2_fold_4,AGPAT3,0.0,0.0,0.0,0.0,0.0,0.0,0.0
repeat_2_fold_4,AGPAT4,0.0,0.0,0.0,0.0,0.0,0.0,0.0
repeat_2_fold_4,AGPAT5,0.0,0.0,0.0,0.0,0.0,0.0,0.0
repeat_2_fold_4,AGPS,0.0,0.0,0.0,0.0,0.0,0.0,0.0
repeat_2_fold_4,AGRP,0.0,0.0,0.0,0.0,0.0,0.0,0.0
repeat_2_fold_4,AGTPBP1,0.0,0.0,0.0,0.0,0.0,0.0,0.0
repeat_2_fold_4,AGTR2,0.0,0.0,0.0,0.0,0.0,0.0,0.0
repeat_2_fold_4,AGXT,0.0,0.0,0.0,0.0,0.0,0.0,0.0
repeat_2_fold_4,AHCTF1,0.0,0.0,0.0,0.0,0.0,0.0,0.0
repeat_2_fold_4,AHCY,0.0,0.0,0.0,0.0,0.0,0.0,0.0
repeat_2_fold_4,AHCYL1,0.0,0.0,0.0,0.0,0.0,0.0,0.0
repeat_2_fold_4,AHCYL2,0.0,0.0,0.0,0.0,0.0,0.0,0.0
repeat_2_fold_4,AHI1,0.0,0.0,0.0,0.0,0.0,0.0,0.0
repeat_2_fold_4,AHR,0.0,0.0,0.0,0.0,0.0,0.0,0.0
repeat_2_fold_4,AHSG,0.0,0.0,0.0,0.0,0.0,0.0,0.0
repeat_2_fold_4,AICDA,0.0,0.0,0.0,0.0,0.0,0.0,0.0
repeat_2_fold_4,AIM2,0.0,0.0,0.0,0.0,0.0,0.0,0.0
repeat_2_fold_4,AIMP1,0.0,0.0,0.0,0.0,0.0,0.0,0.0
repeat_2_fold_4,AIMP2,0.0,0.0,0.0,0.0,0.0,0.0,0.0
repeat_2_fold_4,AIP,0.0,0.0,0.0,0.0,0.0,0.0,0.0
repeat_2_fold_4,AK1,0.0,0.0,0.0,0.0,0.0,0.0,0.0
repeat_2_fold_4,AK2,0.0,0.0,0.0,0.0,0.0,0.0,0.0
repeat_2_fold_4,AK4,0.0,0.0,0.0,0.0,0.0,0.0,0.0
repeat_2_fold_4,AK5,0.0,0.0,0.0,0.0,0.0,0.0,0.0
repeat_2_fold_4,AK6,0.0,0.0,0.0,0.0,0.0,0.0,0.0
repeat_2_fold_4,AKAP1,0.0,0.0,0.0,0.0,0.0,0.0,0.0
repeat_2_fold_4,AKAP10,0.0,0.0,0.0,0.0,0.0,0.0,0.0
repeat_2_fold_4,AKAP12,0.0,0.0,0.0,0.0,0.0,0.0,0.0
repeat_2_fold_4,AKAP13,0.0,0.0,0.0,0.0,0.0,0.0,0.0
repeat_2_fold_4,AKAP5,0.0,0.0,0.0,0.0,0.0,0.0,0.0
repeat_2_fold_4,AKAP8L,0.0,0.0,0.0,0.0,0.0,0.0,0.0
repeat_2_fold_4,AKAP9,0.0,0.0,0.0,0.0,0.0,0.0,0.0
repeat_2_fold_4,AKR1B1,0.0,0.0,0.0,0.0,0.0,0.0,0.0
repeat_2_fold_4,AKR1B10,0.0,0.0,0.0,0.0,0.0,0.0,0.0
repeat_2_fold_4,AKR1C1,0.0,0.0,0.0,0.0,0.0,0.0,0.0
repeat_2_fold_4,AKR1C2,0.0,0.0,0.0,0.0,0.0,0.0,0.0
repeat_2_fold_4,AKR1C4,0.0,0.0,0.0,0.0,0.0,0.0,0.0
repeat_2_fold_4,AKT1,0.0,0.0,0.0,0.0,0.0,0.0,0.0
repeat_2_fold_4,AKT2,0.0,0.0,0.0,0.0,0.0,0.0,0.0
repeat_2_fold_4,AKT3,0.0,0.0,0.0,0.0,0.0,0.0,0.0
repeat_2_fold_4,ALAD,0.0,0.0,0.0,0.0,0.0,0.0,0.0
repeat_2_fold_4,ALAS1,0.0,0.0,0.0,0.0,0.0,0.0,0.0
repeat_2_fold_4,ALAS2,0.0,0.0,0.0,0.0,0.0,0.0,0.0
repeat_2_fold_4,ALCAM,0.0,0.0,0.0,0.0,0.0,0.0,0.0
repeat_2_fold_4,ALDH18A1,0.0,0.0,0.0,0.0,0.0,0.0,0.0
repeat_2_fold_4,ALDH1A1,0.0,0.0,0.0,0.0,0.0,0.0,0.0
repeat_2_fold_4,ALDH1A2,0.0,0.0,0.0,0.0,0.0,0.0,0.0
repeat_2_fold_4,ALDH1A3,0.0,0.0,0.0,0.0,0.0,0.0,0.0
repeat_2_fold_4,ALDH1L1,0.0,0.0,0.0,0.0,0.0,0.0,0.0
repeat_2_fold_4,ALDH2,0.0,0.0,0.0,0.0,0.0,0.0,0.0
repeat_2_fold_4,ALDH3B1,0.0,0.0,0.0,0.0,0.0,0.0,0.0
repeat_2_fold_4,ALDH3B2,0.0,0.0,0.0,0.0,0.0,0.0,0.0
repeat_2_fold_4,ALDH4A1,0.0,0.0,0.0,0.0,0.0,0.0,0.0
repeat_2_fold_4,ALDH5A1,0.0,0.0,0.0,0.0,0.0,0.0,0.0
repeat_2_fold_4,ALDH6A1,0.0,0.0,0.0,0.0,0.0,0.0,0.0
repeat_2_fold_4,ALDH7A1,0.0,0.0,0.0,0.0,0.0,0.0,0.0
repeat_2_fold_4,ALDH8A1,0.0,0.0,0.0,0.0,0.0,0.0,0.0
repeat_2_fold_4,ALDH9A1,-0.1278655215530744,0.18436379249291707,0.09218189624645853,-0.22004741779953294,0.0,0.004705400981996732,0.5
repeat_2_fold_4,ALDOA,0.0,0.0,0.0,0.0,0.0,0.0,0.0
repeat_2_fold_4,ALDOB,0.0,0.0,0.0,0.0,0.0,0.0,0.0
repeat_2_fold_4,ALDOC,0.0,0.0,0.0,0.0,0.0,0.0,0.0
repeat_2_fold_4,ALG12,0.0,0.0,0.0,0.0,0.0,0.0,0.0
repeat_2_fold_4,ALG13,0.0,0.0,0.0,0.0,0.0,0.0,0.0
repeat_2_fold_4,ALG3,0.0,0.0,0.0,0.0,0.0,0.0,0.0
repeat_2_fold_4,ALG5,0.0,0.0,0.0,0.0,0.0,0.0,0.0
repeat_2_fold_4,ALG6,0.0,0.0,0.0,0.0,0.0,0.0,0.0
repeat_2_fold_4,ALG8,0.0,0.0,0.0,0.0,0.0,0.0,0.0
repeat_2_fold_4,ALG9,0.0,0.0,0.0,0.0,0.0,0.0,0.0
repeat_2_fold_4,ALK,0.0,0.0,0.0,0.0,0.0,0.0,0.0
repeat_2_fold_4,ALMS1,0.0,0.0,0.0,0.0,0.0,0.0,0.0
repeat_2_fold_4,ALOX12,0.0,0.0,0.0,0.0,0.0,0.0,0.0
repeat_2_fold_4,ALOX12B,0.0,0.0,0.0,0.0,0.0,0.0,0.0
repeat_2_fold_4,ALOX15,0.0,0.0,0.0,0.0,0.0,0.0,0.0
repeat_2_fold_4,ALOX15B,0.0,0.0,0.0,0.0,0.0,0.0,0.0
repeat_2_fold_4,ALOX5,0.0,0.0,0.0,0.0,0.0,0.0,0.0
repeat_2_fold_4,ALOX5AP,0.0,0.0,0.0,0.0,0.0,0.0,0.0
repeat_2_fold_4,ALOXE3,0.0,0.0,0.0,0.0,0.0,0.0,0.0
repeat_2_fold_4,ALPG,0.0,0.0,0.0,0.0,0.0,0.0,0.0
repeat_2_fold_4,ALPI,0.0,0.0,0.0,0.0,0.0,0.0,0.0
repeat_2_fold_4,ALPK1,0.0,0.0,0.0,0.0,0.0,0.0,0.0
repeat_2_fold_4,ALPL,0.0,0.0,0.0,0.0,0.0,0.0,0.0
repeat_2_fold_4,ALPP,0.0,0.0,0.0,0.0,0.0,0.0,0.0
repeat_2_fold_4,ALS2CL,0.0,0.0,0.0,0.0,0.0,0.0,0.0
repeat_2_fold_4,ALX3,0.0,0.0,0.0,0.0,0.0,0.0,0.0
repeat_2_fold_4,AMACR,0.0,0.0,0.0,0.0,0.0,0.0,0.0
repeat_2_fold_4,AMBN,0.0,0.0,0.0,0.0,0.0,0.0,0.0
repeat_2_fold_4,AMBRA1,0.0,0.0,0.0,0.0,0.0,0.0,0.0
repeat_2_fold_4,AMD1,0.0,0.0,0.0,0.0,0.0,0.0,0.0
repeat_2_fold_4,AMDHD2,0.0,0.0,0.0,0.0,0.0,0.0,0.0
repeat_2_fold_4,AMFR,0.0,0.0,0.0,0.0,0.0,0.0,0.0
repeat_2_fold_4,AMHR2,0.0,0.0,0.0,0.0,0.0,0.0,0.0
repeat_2_fold_4,AMIGO2,0.0,0.0,0.0,0.0,0.0,0.0,0.0
repeat_2_fold_4,AMN,0.0,0.0,0.0,0.0,0.0,0.0,0.0
repeat_2_fold_4,AMOTL2,0.0,0.0,0.0,0.0,0.0,0.0,0.0
repeat_2_fold_4,AMPD1,0.0,0.0,0.0,0.0,0.0,0.0,0.0
repeat_2_fold_4,AMPD2,0.0,0.0,0.0,0.0,0.0,0.0,0.0
repeat_2_fold_4,AMPD3,0.0,0.0,0.0,0.0,0.0,0.0,0.0
repeat_2_fold_4,AMPH,0.0,0.0,0.0,0.0,0.0,0.0,0.0
repeat_2_fold_4,AMT,0.0,0.0,0.0,0.0,0.0,0.0,0.0
repeat_2_fold_4,AMY1A,0.0,0.0,0.0,0.0,0.0,0.0,0.0
repeat_2_fold_4,ANAPC1,0.0,0.0,0.0,0.0,0.0,0.0,0.0
repeat_2_fold_4,ANAPC10,-0.7682645248247741,1.5365290496495483,0.7682645248247741,-1.5365290496495483,0.0,-0.0028022417934347454,0.5
repeat_2_fold_4,ANAPC13,0.0,0.0,0.0,0.0,0.0,0.0,0.0
repeat_2_fold_4,ANAPC15,0.0,0.0,0.0,0.0,0.0,0.0,0.0
repeat_2_fold_4,ANAPC2,0.0,0.0,0.0,0.0,0.0,0.0,0.0
repeat_2_fold_4,ANAPC5,0.0,0.0,0.0,0.0,0.0,0.0,0.0
repeat_2_fold_4,ANG,0.0,0.0,0.0,0.0,0.0,0.0,0.0
repeat_2_fold_4,ANGPT1,0.0,0.0,0.0,0.0,0.0,0.0,0.0
repeat_2_fold_4,ANGPT2,0.0,0.0,0.0,0.0,0.0,0.0,0.0
repeat_2_fold_4,ANGPT4,0.0,0.0,0.0,0.0,0.0,0.0,0.0
repeat_2_fold_4,ANGPTL3,0.0,0.0,0.0,0.0,0.0,0.0,0.0
repeat_2_fold_4,ANGPTL4,0.0,0.0,0.0,0.0,0.0,0.0,0.0
repeat_2_fold_4,ANGPTL8,0.0,0.0,0.0,0.0,0.0,0.0,0.0
repeat_2_fold_4,ANK1,0.0,0.0,0.0,0.0,0.0,0.0,0.0
repeat_2_fold_4,ANK2,0.0,0.0,0.0,0.0,0.0,0.0,0.0
repeat_2_fold_4,ANKFY1,0.0,0.0,0.0,0.0,0.0,0.0,0.0
repeat_2_fold_4,ANKH,0.0,0.0,0.0,0.0,0.0,0.0,0.0
repeat_2_fold_4,ANKRD1,0.0,0.0,0.0,0.0,0.0,0.0,0.0
repeat_2_fold_4,ANKRD26,0.0,0.0,0.0,0.0,0.0,0.0,0.0
repeat_2_fold_4,ANKRD27,0.0,0.0,0.0,0.0,0.0,0.0,0.0
repeat_2_fold_4,ANKRD28,0.0,0.0,0.0,0.0,0.0,0.0,0.0
repeat_2_fold_4,ANKZF1,0.0,0.0,0.0,0.0,0.0,0.0,0.0
repeat_2_fold_4,ANO1,0.0,0.0,0.0,0.0,0.0,0.0,0.0
repeat_2_fold_4,ANO10,0.0,0.0,0.0,0.0,0.0,0.0,0.0
repeat_2_fold_4,ANO2,0.0,0.0,0.0,0.0,0.0,0.0,0.0
repeat_2_fold_4,ANO3,0.0,0.0,0.0,0.0,0.0,0.0,0.0
repeat_2_fold_4,ANOS1,0.0,0.0,0.0,0.0,0.0,0.0,0.0
repeat_2_fold_4,ANPEP,0.0,0.0,0.0,0.0,0.0,0.0,0.0
repeat_2_fold_4,ANTXR1,0.0,0.0,0.0,0.0,0.0,0.0,0.0
repeat_2_fold_4,ANXA1,0.0,0.0,0.0,0.0,0.0,0.0,0.0
repeat_2_fold_4,ANXA2,0.0,0.0,0.0,0.0,0.0,0.0,0.0
repeat_2_fold_4,ANXA3,0.0,0.0,0.0,0.0,0.0,0.0,0.0
repeat_2_fold_4,ANXA6,0.0,0.0,0.0,0.0,0.0,0.0,0.0
repeat_2_fold_4,AOC1,0.0,0.0,0.0,0.0,0.0,0.0,0.0
repeat_2_fold_4,AOC2,0.0,0.0,0.0,0.0,0.0,0.0,0.0
repeat_2_fold_4,AOX1,0.0,0.0,0.0,0.0,0.0,0.0,0.0
repeat_2_fold_4,AP1B1,0.0,0.0,0.0,0.0,0.0,0.0,0.0
repeat_2_fold_4,AP1G1,0.0,0.0,0.0,0.0,0.0,0.0,0.0
repeat_2_fold_4,AP1G2,0.0,0.0,0.0,0.0,0.0,0.0,0.0
repeat_2_fold_4,AP1M2,-0.1652902581011677,0.16380342604656511,0.08190171302328256,-0.24719197112445027,0.0,0.0009338895011262449,1.0
repeat_2_fold_4,AP1S2,0.0,0.0,0.0,0.0,0.0,0.0,0.0
repeat_2_fold_4,AP2A2,0.0,0.0,0.0,0.0,0.0,0.0,0.0
repeat_2_fold_4,AP2B1,0.0,0.0,0.0,0.0,0.0,0.0,0.0
repeat_2_fold_4,AP2M1,0.0,0.0,0.0,0.0,0.0,0.0,0.0
repeat_2_fold_4,AP2S1,0.0,0.0,0.0,0.0,0.0,0.0,0.0
repeat_2_fold_4,AP3B1,0.0,0.0,0.0,0.0,0.0,0.0,0.0
repeat_2_fold_4,AP3S1,0.0,0.0,0.0,0.0,0.0,0.0,0.0
repeat_2_fold_4,AP4E1,0.0,0.0,0.0,0.0,0.0,0.0,0.0
repeat_2_fold_4,AP4M1,0.0,0.0,0.0,0.0,0.0,0.0,0.0
repeat_2_fold_4,AP4S1,0.0,0.0,0.0,0.0,0.0,0.0,0.0
repeat_2_fold_4,APAF1,0.0,0.0,0.0,0.0,0.0,0.0,0.0
repeat_2_fold_4,APBA1,0.0,0.0,0.0,0.0,0.0,0.0,0.0
repeat_2_fold_4,APBA2,0.0,0.0,0.0,0.0,0.0,0.0,0.0
repeat_2_fold_4,APBA3,0.0,0.0,0.0,0.0,0.0,0.0,0.0
repeat_2_fold_4,APBB1,0.0,0.0,0.0,0.0,0.0,0.0,0.0
repeat_2_fold_4,APBB1IP,0.0,0.0,0.0,0.0,0.0,0.0,0.0
repeat_2_fold_4,APC,-0.1278655215530744,0.18436379249291707,0.09218189624645853,-0.22004741779953294,0.0,0.001432078559738148,0.5
repeat_2_fold_4,APCS,0.0,0.0,0.0,0.0,0.0,0.0,0.0
repeat_2_fold_4,APEH,0.0,0.0,0.0,0.0,0.0,0.0,0.0
repeat_2_fold_4,APEX1,0.0,0.0,0.0,0.0,0.0,0.0,0.0
repeat_2_fold_4,APH1A,0.0,0.0,0.0,0.0,0.0,0.0,0.0
repeat_2_fold_4,APH1B,0.0,0.0,0.0,0.0,0.0,0.0,0.0
repeat_2_fold_4,APIP,0.0,0.0,0.0,0.0,0.0,0.0,0.0
repeat_2_fold_4,APLNR,0.0,0.0,0.0,0.0,0.0,0.0,0.0
repeat_2_fold_4,APLP2,0.0,0.0,0.0,0.0,0.0,0.0,0.0
repeat_2_fold_4,APOA1,0.0,0.0,0.0,0.0,0.0,0.0,0.0
repeat_2_fold_4,APOA2,0.0,0.0,0.0,0.0,0.0,0.0,0.0
repeat_2_fold_4,APOA4,0.0,0.0,0.0,0.0,0.0,0.0,0.0
repeat_2_fold_4,APOB,0.0,0.0,0.0,0.0,0.0,0.0,0.0
repeat_2_fold_4,APOBEC1,0.0,0.0,0.0,0.0,0.0,0.0,0.0
repeat_2_fold_4,APOBEC2,0.0,0.0,0.0,0.0,0.0,0.0,0.0
repeat_2_fold_4,APOBEC3A,0.0,0.0,0.0,0.0,0.0,0.0,0.0
repeat_2_fold_4,APOBEC3B,0.0,0.0,0.0,0.0,0.0,0.0,0.0
repeat_2_fold_4,APOBEC3C,0.0,0.0,0.0,0.0,0.0,0.0,0.0
repeat_2_fold_4,APOBEC3G,0.0,0.0,0.0,0.0,0.0,0.0,0.0
repeat_2_fold_4,APOBR,0.0,0.0,0.0,0.0,0.0,0.0,0.0
repeat_2_fold_4,APOC1,0.0,0.0,0.0,0.0,0.0,0.0,0.0
repeat_2_fold_4,APOC2,0.0,0.0,0.0,0.0,0.0,0.0,0.0
repeat_2_fold_4,APOC3,0.0,0.0,0.0,0.0,0.0,0.0,0.0
repeat_2_fold_4,APOC4,0.0,0.0,0.0,0.0,0.0,0.0,0.0
repeat_2_fold_4,APOD,0.0,0.0,0.0,0.0,0.0,0.0,0.0
repeat_2_fold_4,APOE,0.0,0.0,0.0,0.0,0.0,0.0,0.0
repeat_2_fold_4,APOF,0.0,0.0,0.0,0.0,0.0,0.0,0.0
repeat_2_fold_4,APOH,0.0,0.0,0.0,0.0,0.0,0.0,0.0
repeat_2_fold_4,APOL1,0.0,0.0,0.0,0.0,0.0,0.0,0.0
repeat_2_fold_4,APOM,0.0,0.0,0.0,0.0,0.0,0.0,0.0
repeat_2_fold_4,APOO,0.0,0.0,0.0,0.0,0.0,0.0,0.0
repeat_2_fold_4,APOOL,0.0,0.0,0.0,0.0,0.0,0.0,0.0
repeat_2_fold_4,APP,0.0,0.0,0.0,0.0,0.0,0.0,0.0
repeat_2_fold_4,APPL1,0.0,0.0,0.0,0.0,0.0,0.0,0.0
repeat_2_fold_4,APRT,0.0,0.0,0.0,0.0,0.0,0.0,0.0
repeat_2_fold_4,AQP1,0.0,0.0,0.0,0.0,0.0,0.0,0.0
repeat_2_fold_4,AQP2,0.0,0.0,0.0,0.0,0.0,0.0,0.0
repeat_2_fold_4,AQP3,0.0,0.0,0.0,0.0,0.0,0.0,0.0
repeat_2_fold_4,AQP4,0.0,0.0,0.0,0.0,0.0,0.0,0.0
repeat_2_fold_4,AQP5,0.0,0.0,0.0,0.0,0.0,0.0,0.0
repeat_2_fold_4,AQP6,0.0,0.0,0.0,0.0,0.0,0.0,0.0
repeat_2_fold_4,AQP7,0.0,0.0,0.0,0.0,0.0,0.0,0.0
repeat_2_fold_4,AQP8,0.0,0.0,0.0,0.0,0.0,0.0,0.0
repeat_2_fold_4,AQP9,0.0,0.0,0.0,0.0,0.0,0.0,0.0
repeat_2_fold_4,AQR,0.0,0.0,0.0,0.0,0.0,0.0,0.0
repeat_2_fold_4,AR,-0.021855793546738056,0.025236896575124207,0.012618448287562103,-0.03447424183430016,0.0,0.0010229132569558042,0.5
repeat_2_fold_4,ARAF,0.0,0.0,0.0,0.0,0.0,0.0,0.0
repeat_2_fold_4,ARAP1,0.0,0.0,0.0,0.0,0.0,0.0,0.0
repeat_2_fold_4,ARAP2,0.0,0.0,0.0,0.0,0.0,0.0,0.0
repeat_2_fold_4,ARAP3,0.0,0.0,0.0,0.0,0.0,0.0,0.0
repeat_2_fold_4,ARC,0.0,0.0,0.0,0.0,0.0,0.0,0.0
repeat_2_fold_4,ARCN1,0.0,0.0,0.0,0.0,0.0,0.0,0.0
repeat_2_fold_4,AREG,0.0,0.0,0.0,0.0,0.0,0.0,0.0
repeat_2_fold_4,AREL1,0.0,0.0,0.0,0.0,0.0,0.0,0.0
repeat_2_fold_4,ARF1,0.0,0.0,0.0,0.0,0.0,0.0,0.0
repeat_2_fold_4,ARF3,0.0,0.0,0.0,0.0,0.0,0.0,0.0
repeat_2_fold_4,ARF4,0.0,0.0,0.0,0.0,0.0,0.0,0.0
repeat_2_fold_4,ARF5,0.0,0.0,0.0,0.0,0.0,0.0,0.0
repeat_2_fold_4,ARF6,0.0,0.0,0.0,0.0,0.0,0.0,0.0
repeat_2_fold_4,ARFGAP1,0.0,0.0,0.0,0.0,0.0,0.0,0.0
repeat_2_fold_4,ARFGAP2,0.0,0.0,0.0,0.0,0.0,0.0,0.0
repeat_2_fold_4,ARFGEF2,0.0,0.0,0.0,0.0,0.0,0.0,0.0
repeat_2_fold_4,ARHGAP25,0.0,0.0,0.0,0.0,0.0,0.0,0.0
repeat_2_fold_4,ARHGAP4,-0.7682645248247741,1.5365290496495483,0.7682645248247741,-1.5365290496495483,0.0,0.00020016012810247785,0.5
repeat_2_fold_4,ARHGAP44,-0.6856504166152781,1.535528949293081,0.7677644746465405,-1.4534148912618186,0.25,0.0022238740255706713,1.0
repeat_2_fold_4,ARHGDIB,0.0,0.0,0.0,0.0,0.0,0.0,0.0
repeat_2_fold_4,ARHGEF2,-0.2940344726121733,0.3888410864765659,0.19442054323828295,-0.48845501585045625,0.0,0.0006004803843074336,0.5
repeat_2_fold_4,ARRB1,0.0,0.0,0.0,0.0,0.0,0.0,0.0
repeat_2_fold_4,ARSF,-0.07484947309618661,0.08642872688156998,0.04321436344078499,-0.11806383653697161,0.0,0.0004003202562049557,0.5
repeat_2_fold_4,ART3,0.0,0.0,0.0,0.0,0.0,0.0,0.0
repeat_2_fold_4,ART4,0.0,0.0,0.0,0.0,0.0,0.0,0.0
repeat_2_fold_4,ASGR1,-0.0977390367928681,0.1954780735857362,0.0977390367928681,-0.1954780735857362,0.0,0.0011252045826513901,0.5
repeat_2_fold_4,ASPSCR1,0.0,0.0,0.0,0.0,0.0,0.0,0.0
repeat_2_fold_4,ATF4,0.0,0.0,0.0,0.0,0.0,0.0,0.0
repeat_2_fold_4,ATP10D,0.0,0.0,0.0,0.0,0.0,0.0,0.0
repeat_2_fold_4,ATP1A1,0.0,0.0,0.0,0.0,0.0,0.0,0.0
repeat_2_fold_4,ATP1B3,0.0,0.0,0.0,0.0,0.0,0.0,0.0
repeat_2_fold_4,ATP5F1E,0.0,0.0,0.0,0.0,0.0,0.0,0.0
repeat_2_fold_4,ATP6V1A,0.0,0.0,0.0,0.0,0.0,0.0,0.0
repeat_2_fold_4,ATP8A1,0.0,0.0,0.0,0.0,0.0,0.0014011208967173727,0.5
repeat_2_fold_4,ATP8B1,0.0,0.0,0.0,0.0,0.0,0.0,0.0
repeat_2_fold_4,AXL,0.0,0.0,0.0,0.0,0.0,0.0,0.0
repeat_2_fold_4,B3GALT2,-0.021855793546738056,0.025236896575124207,0.012618448287562103,-0.03447424183430016,0.0,0.0017389525368248782,0.5
repeat_2_fold_4,B4GALT2,0.0,0.0,0.0,0.0,0.0,0.0,0.0
repeat_2_fold_4,BCAT2,0.0,0.0,0.0,0.0,0.0,0.0,0.0
repeat_2_fold_4,BHLHE41,0.0,0.0,0.0,0.0,0.0,0.0,0.0
repeat_2_fold_4,BLMH,0.0,0.0,0.0,0.0,0.0,0.0,0.0
repeat_2_fold_4,BLVRA,0.0,0.0,0.0,0.0,0.0,0.0,0.0
repeat_2_fold_4,BMI1,-0.1278655215530744,0.2557310431061488,0.1278655215530744,-0.2557310431061488,0.0,0.0018412438625204641,0.5
repeat_2_fold_4,BMP4,-0.05928053009483136,0.06370362415193064,0.03185181207596532,-0.09113234217079669,0.0,0.0012053832919035612,1.0
repeat_2_fold_4,BMPR1A,0.0,0.0,0.0,0.0,0.0,0.0,0.0
repeat_2_fold_4,BNIP1,0.0,0.0,0.0,0.0,0.0,0.0,0.0
repeat_2_fold_4,BST2,-0.7682645248247741,1.5365290496495483,0.7682645248247741,-1.5365290496495483,0.0,0.001329787234042562,1.0
repeat_2_fold_4,C1GALT1,0.0,0.0,0.0,0.0,0.0,0.0,0.0
repeat_2_fold_4,C1S,0.0,0.0,0.0,0.0,0.0,0.0,0.0
repeat_2_fold_4,C2CD3,0.0,0.0,0.0,0.0,0.0,0.0,0.0
repeat_2_fold_4,CAB39,0.0,0.0,0.0,0.0,0.0,0.0,0.0
repeat_2_fold_4,CABP2,0.0,0.0,0.0,0.0,0.0,0.0,0.0
repeat_2_fold_4,CALM3,0.0,0.0,0.0,0.0,0.0,0.0,0.0
repeat_2_fold_4,CALU,0.0,0.0,0.0,0.0,0.0,0.0,0.0
repeat_2_fold_4,CANX,0.0,0.0,0.0,0.0,0.0,0.0,0.0
repeat_2_fold_4,CAPN15,0.0,0.0,0.0,0.0,0.0,0.0,0.0
repeat_2_fold_4,CARS1,0.0,0.0,0.0,0.0,0.0,0.0,0.0
repeat_2_fold_4,CATSPER2,0.0,0.0,0.0,0.0,0.0,0.0,0.0
repeat_2_fold_4,CBX5,-1.4516766852178922,1.5817515459960523,0.7908757729980261,-2.2425524582159184,0.0,-0.0011921157220375622,1.0
repeat_2_fold_4,CCDC88C,0.0,0.0,0.0,0.0,0.0,0.0,0.0
repeat_2_fold_4,CCK,0.0,0.0,0.0,0.0,0.0,0.0,0.0
repeat_2_fold_4,CCKBR,0.0,0.0,0.0,0.0,0.0,0.0,0.0
repeat_2_fold_4,CCNC,0.0,0.0,0.0,0.0,0.0,0.0,0.0
repeat_2_fold_4,CCNK,0.0,0.0,0.0,0.0,0.0,0.0,0.0
repeat_2_fold_4,CCR2,0.0,0.0,0.0,0.0,0.0,0.0,0.0
repeat_2_fold_4,CCR3,0.0,0.0,0.0,0.0,0.0,0.0,0.0
repeat_2_fold_4,CCR5,0.0,0.0,0.0,0.0,0.0,0.0,0.0
repeat_2_fold_4,CCS,0.0,0.0,0.0,0.0,0.0,0.0,0.0
repeat_2_fold_4,CCT8,-0.2557310431061488,0.2952927731549576,0.1476463865774788,-0.4033774296836276,0.0,-0.00010229132569558597,0.5
repeat_2_fold_4,CD27,0.025528636434520635,0.16654625393214645,0.08327312696607322,-0.05774449053155259,0.25,-0.0020016012810248063,0.5
repeat_2_fold_4,CD28,0.0,0.0,0.0,0.0,0.0,0.0,0.0
repeat_2_fold_4,CD300A,0.0,0.0,0.0,0.0,0.0,0.0,0.0
repeat_2_fold_4,CD34,-1.5713147134598007,1.5999827301510174,0.7999913650755087,-2.3713060785353095,0.0,0.0010273357802444982,1.0
repeat_2_fold_4,CD79B,0.0,0.0,0.0,0.0,0.0,0.0,0.0
repeat_2_fold_4,CDC25A,-0.6632397109573311,1.4698515455193615,0.7349257727596807,-1.3981654837170119,0.25,-0.00020016012810247785,0.5
repeat_2_fold_4,CDC42,0.0,0.0,0.0,0.0,0.0,0.0,0.0
repeat_2_fold_4,CDC42EP1,0.0,0.0,0.0,0.0,0.0,0.0,0.0
repeat_2_fold_4,CDH19,0.0,0.0,0.0,0.0,0.0,0.0,0.0
repeat_2_fold_4,CDIPT,0.0,0.0,0.0,0.0,0.0,0.0,0.0
repeat_2_fold_4,CDK12,0.0,0.0,0.0,0.0,0.0,0.0,0.0
repeat_2_fold_4,CDK2,0.0,0.0,0.0,0.0,0.0,0.0,0.0
repeat_2_fold_4,CDK5R2,0.0,0.0,0.0,0.0,0.0,0.0,0.0
repeat_2_fold_4,CDK5RAP2,0.0,0.0,0.0,0.0,0.0,0.0,0.0
repeat_2_fold_4,CDKN1C,0.0,0.0,0.0,0.0,0.0,0.0,0.0
repeat_2_fold_4,CDKN2A,0.0,0.0,0.0,0.0,0.0,0.0,0.0
repeat_2_fold_4,CDS2,0.0,0.0,0.0,0.0,0.0,0.0,0.0
repeat_2_fold_4,CDT1,0.0,0.0,0.0,0.0,0.0,0.0,0.0
repeat_2_fold_4,CEACAM6,0.0,0.0,0.0,0.0,0.0,0.0,0.0
repeat_2_fold_4,CENPQ,0.0,0.0,0.0,0.0,0.0,0.0,0.0
repeat_2_fold_4,CENPS,0.0,0.0,0.0,0.0,0.0,0.0,0.0
repeat_2_fold_4,CEP43,0.0,0.0,0.0,0.0,0.0,0.0,0.0
repeat_2_fold_4,CFHR2,0.0,0.0,0.0,0.0,0.0,0.0,0.0
repeat_2_fold_4,CHD4,-0.030126484760206296,0.06025296952041259,0.030126484760206296,-0.06025296952041259,0.0,0.0011252045826513901,0.5
repeat_2_fold_4,CHGA,0.0,0.0,0.0,0.0,0.0,0.0,0.0
repeat_2_fold_4,CHGB,0.0,0.0,0.0,0.0,0.0,0.0,0.0
repeat_2_fold_4,CHMP6,-0.1579920063132807,0.24239722959167934,0.12119861479583967,-0.27919062110912035,0.0,0.007671849427168587,0.5
repeat_2_fold_4,CHRNA1,0.0,0.0,0.0,0.0,0.0,0.0,0.0
repeat_2_fold_4,CHST4,0.0,0.0,0.0,0.0,0.0,0.0,0.0
repeat_2_fold_4,CKB,0.0,0.0,0.0,0.0,0.0,0.0,0.0
repeat_2_fold_4,CKMT1B,0.0,0.0,0.0,0.0,0.0,0.0,0.0
repeat_2_fold_4,CLDN15,0.0,0.0,0.0,0.0,0.0,0.0,0.0
repeat_2_fold_4,CLDN4,0.0,0.0,0.0,0.0,0.0,-0.002201761409127312,0.5
repeat_2_fold_4,CLNS1A,0.0,0.0,0.0,0.0,0.0,0.0,0.0
repeat_2_fold_4,CLU,0.0,0.0,0.0,0.0,0.0,0.0,0.0
repeat_2_fold_4,CNOT1,0.0,0.0,0.0,0.0,0.0,0.0,0.0
repeat_2_fold_4,CNR1,0.0,0.0,0.0,0.0,0.0,0.0,0.0
repeat_2_fold_4,COL1A2,0.0,0.0,0.0,0.0,0.0,0.0,0.0
repeat_2_fold_4,COL21A1,0.0,0.0,0.0,0.0,0.0,0.0,0.0
repeat_2_fold_4,COL4A3,0.0,0.0,0.0,0.0,0.0,0.0,0.0
repeat_2_fold_4,COL6A2,0.0,0.0,0.0,0.0,0.0,0.0,0.0
repeat_2_fold_4,COL8A1,0.0,0.0,0.0,0.0,0.0,0.0,0.0
repeat_2_fold_4,COL9A3,0.0,0.0,0.0,0.0,0.0,0.0,0.0
repeat_2_fold_4,COLEC12,-0.030126484760206296,0.06025296952041259,0.030126484760206296,-0.06025296952041259,0.0,-0.0022907851649568434,1.0
repeat_2_fold_4,COQ2,0.0,0.0,0.0,0.0,0.0,0.0,0.0
repeat_2_fold_4,COQ3,-1.6391863877789223,1.900178613367115,0.9500893066835575,-2.5892756944624797,0.0,-0.0016012810248198506,0.5
repeat_2_fold_4,COX5B,0.12590674596522788,0.1453845873516283,0.07269229367581415,0.05321445228941374,0.5,-0.0032069845729283952,1.0
repeat_2_fold_4,CPA2,-0.0977390367928681,0.1954780735857362,0.0977390367928681,-0.1954780735857362,0.0,0.0024594143399826185,1.0
repeat_2_fold_4,CPNE7,0.0,0.0,0.0,0.0,0.0,0.0,0.0
repeat_2_fold_4,CPSF4,0.0,0.0,0.0,0.0,0.0,0.0,0.0
repeat_2_fold_4,CRBN,0.0,0.0,0.0,0.0,0.0,0.0,0.0
repeat_2_fold_4,CREB3L1,0.0,0.0,0.0,0.0,0.0,0.0,0.0
repeat_2_fold_4,CRNKL1,0.0,0.0,0.0,0.0,0.0,0.0,0.0
repeat_2_fold_4,CROT,0.0,0.0,0.0,0.0,0.0,0.0,0.0
repeat_2_fold_4,CRTAP,0.0,0.0,0.0,0.0,0.0,0.0,0.0
repeat_2_fold_4,CSF2RB,-0.0977390367928681,0.1954780735857362,0.0977390367928681,-0.1954780735857362,0.0,0.000716039279869074,0.5
repeat_2_fold_4,CSNK2B,0.0,0.0,0.0,0.0,0.0,0.0,0.0
repeat_2_fold_4,CSTF2T,0.0,0.0,0.0,0.0,0.0,0.0,0.0
repeat_2_fold_4,CTCF,0.0,0.0,0.0,0.0,0.0,0.0,0.0
repeat_2_fold_4,CTDP1,0.0,0.0,0.0,0.0,0.0,0.0,0.0
repeat_2_fold_4,CTLA4,0.0,0.0,0.0,0.0,0.0,0.0,0.0
repeat_2_fold_4,CTNND1,0.0,0.0,0.0,0.0,0.0,0.0,0.0
repeat_2_fold_4,CTSE,0.0,0.0,0.0,0.0,0.0,0.0,0.0
repeat_2_fold_4,CTSH,0.0,0.0,0.0,0.0,0.0,0.0,0.0
repeat_2_fold_4,CTSL,0.0,0.0,0.0,0.0,0.0,0.0,0.0
repeat_2_fold_4,CTSZ,0.0,0.0,0.0,0.0,0.0,0.0,0.0
repeat_2_fold_4,CX3CL1,-0.06025296952041259,0.06957413634416905,0.034787068172084525,-0.09504003769249711,0.0,0.0035934639692113968,1.0
repeat_2_fold_4,CXCL13,0.0,0.0,0.0,0.0,0.0,0.0,0.0
repeat_2_fold_4,CYCS,0.0,0.0,0.0,0.0,0.0,0.0,0.0
repeat_2_fold_4,CYFIP2,0.0,0.0,0.0,0.0,0.0,0.0,0.0
repeat_2_fold_4,CYP11B2,0.0,0.0,0.0,0.0,0.0,0.0,0.0
repeat_2_fold_4,CYP1B1,0.0,0.0,0.0,0.0,0.0,0.0,0.0
repeat_2_fold_4,CYP21A2,-0.15481645476885042,0.2177488311981489,0.10887441559907444,-0.2636908703679249,0.0,0.005004003202562057,0.5
repeat_2_fold_4,CYSLTR1,-0.021855793546738056,0.025236896575124207,0.012618448287562103,-0.03447424183430016,0.0,0.0024549918166939244,0.5
repeat_2_fold_4,DCAF8,0.0,0.0,0.0,0.0,0.0,0.0,0.0
repeat_2_fold_4,DCLRE1B,0.0,0.0,0.0,0.0,0.0,0.0,0.0
repeat_2_fold_4,DCTN2,0.0,0.0,0.0,0.0,0.0,0.0,0.0
repeat_2_fold_4,DCUN1D1,0.0,0.0,0.0,0.0,0.0,0.0,0.0
repeat_2_fold_4,DDC,0.0,0.0,0.0,0.0,0.0,0.0,0.0
repeat_2_fold_4,DELE1,0.0,0.0,0.0,0.0,0.0,0.0,0.0
repeat_2_fold_4,DENND5B,0.0,0.0,0.0,0.0,0.0,-0.00020016012810247785,0.5
repeat_2_fold_4,DGKE,0.0,0.0,0.0,0.0,0.0,0.0,0.0
repeat_2_fold_4,DHCR24,0.0,0.0,0.0,0.0,0.0,0.0,0.0
repeat_2_fold_4,DHRS3,0.0,0.0,0.0,0.0,0.0,0.0,0.0
repeat_2_fold_4,DHX15,0.0,0.0,0.0,0.0,0.0,0.0,0.0
repeat_2_fold_4,DHX16,0.0,0.0,0.0,0.0,0.0,0.0,0.0
repeat_2_fold_4,DIABLO,0.0,0.0,0.0,0.0,0.0,0.0,0.0
repeat_2_fold_4,DIAPH1,0.0,0.0,0.0,0.0,0.0,0.0,0.0
repeat_2_fold_4,DIO1,0.008593030507444865,0.06057969456307278,0.03028984728153639,-0.021696816774091524,0.25,-0.0020016012810248063,0.5
repeat_2_fold_4,DLC1,-0.03742473654809331,0.07484947309618661,0.03742473654809331,-0.07484947309618661,0.0,0.00020016012810247785,0.5
repeat_2_fold_4,DLD,0.0,0.0,0.0,0.0,0.0,0.0,0.0
repeat_2_fold_4,DMBT1,0.0,0.0,0.0,0.0,0.0,-0.0009206219312602182,0.5
repeat_2_fold_4,DNAJB6,0.0,0.0,0.0,0.0,0.0,0.0,0.0
repeat_2_fold_4,DNAJC2,0.0,0.0,0.0,0.0,0.0,0.0,0.0
repeat_2_fold_4,DNM1L,0.0,0.0,0.0,0.0,0.0,0.0,0.0
repeat_2_fold_4,DOK1,0.0,0.0,0.0,0.0,0.0,0.0,0.0
repeat_2_fold_4,DOK3,0.0,0.0,0.0,0.0,0.0,0.0,0.0
repeat_2_fold_4,DPEP2,0.0,0.0,0.0,0.0,0.0,0.0,0.0
repeat_2_fold_4,DPF2,0.0,0.0,0.0,0.0,0.0,0.0,0.0
repeat_2_fold_4,DPPA4,0.0,0.0,0.0,0.0,0.0,0.0,0.0
repeat_2_fold_4,DZIP1,0.0,0.0,0.0,0.0,0.0,0.0,0.0
repeat_2_fold_4,E2F1,0.0,0.0,0.0,0.0,0.0,0.0,0.0
repeat_2_fold_4,ECT2,0.031934752580417225,0.040966104332749415,0.020483052166374707,0.011451700414042518,0.5,-0.00081833060556466,0.5
repeat_2_fold_4,EIF2AK2,0.0,0.0,0.0,0.0,0.0,0.0,0.0
repeat_2_fold_4,EIF2B1,0.0,0.0,0.0,0.0,0.0,0.0,0.0
repeat_2_fold_4,EIF2B5,0.0,0.0,0.0,0.0,0.0,0.0,0.0
repeat_2_fold_4,EIF3B,0.0,0.0,0.0,0.0,0.0,0.0,0.0
repeat_2_fold_4,EIF3D,0.0,0.0,0.0,0.0,0.0,0.0,0.0
repeat_2_fold_4,EIF4A3,0.0,0.0,0.0,0.0,0.0,0.0,0.0
repeat_2_fold_4,ELF1,0.0,0.0,0.0,0.0,0.0,0.0,0.0
repeat_2_fold_4,ELOB,0.0,0.0,0.0,0.0,0.0,0.0,0.0
repeat_2_fold_4,ELOVL1,0.0,0.0,0.0,0.0,0.0,0.0,0.0
repeat_2_fold_4,ELP5,0.0,0.0,0.0,0.0,0.0,0.0,0.0
repeat_2_fold_4,EPB41L2,0.0,0.0,0.0,0.0,0.0,0.0,0.0
repeat_2_fold_4,EPN1,0.0,0.0,0.0,0.0,0.0,0.0,0.0
repeat_2_fold_4,EPN2,0.0,0.0,0.0,0.0,0.0,0.0,0.0
repeat_2_fold_4,ERAL1,0.0,0.0,0.0,0.0,0.0,0.0,0.0
repeat_2_fold_4,ERBB2,0.0,0.0,0.0,0.0,0.0,0.0,0.0
repeat_2_fold_4,ERCC1,-0.7682645248247741,1.5365290496495483,0.7682645248247741,-1.5365290496495483,0.0,0.0004003202562049557,0.5
repeat_2_fold_4,ERO1B,0.0,0.0,0.0,0.0,0.0,0.0,0.0
repeat_2_fold_4,F10,0.0,0.0,0.0,0.0,0.0,0.0,0.0
repeat_2_fold_4,F2R,0.0,0.0,0.0,0.0,0.0,0.0,0.0
repeat_2_fold_4,F3,0.0,0.0,0.0,0.0,0.0,0.0,0.0
repeat_2_fold_4,FABP3,-0.07484947309618661,0.08642872688156998,0.04321436344078499,-0.11806383653697161,0.0,-0.00020016012810247785,0.5
repeat_2_fold_4,FABP4,-0.1171154680636608,0.2342309361273216,0.1171154680636608,-0.2342309361273216,0.0,-0.0016012810248198783,0.5
repeat_2_fold_4,FAM32A,0.0,0.0,0.0,0.0,0.0,0.0,0.0
repeat_2_fold_4,FBP1,0.0,0.0,0.0,0.0,0.0,0.0,0.0
repeat_2_fold_4,FGF12,0.0,0.0,0.0,0.0,0.0,0.0,0.0
repeat_2_fold_4,FGF3,0.0,0.0,0.0,0.0,0.0,0.0,0.0
repeat_2_fold_4,FLNB,0.0,0.0,0.0,0.0,0.0,0.0,0.0
repeat_2_fold_4,FMNL1,0.0,0.0,0.0,0.0,0.0,0.0,0.0
repeat_2_fold_4,FRAT2,0.0,0.0,0.0,0.0,0.0,0.0,0.0
repeat_2_fold_4,FUT4,0.0,0.0,0.0,0.0,0.0,0.0,0.0
repeat_2_fold_4,FXR1,-0.2256045583459425,0.2651103591952646,0.1325551795976323,-0.3581597379435748,0.0,0.0010229132569558042,0.5
repeat_2_fold_4,GABRA1,0.0,0.0,0.0,0.0,0.0,0.0,0.0
repeat_2_fold_4,GAD1,-0.7682645248247741,1.5365290496495483,0.7682645248247741,-1.5365290496495483,0.0,0.001223073385058282,1.0
repeat_2_fold_4,GALNT14,0.0,0.0,0.0,0.0,0.0,0.0,0.0
repeat_2_fold_4,GATA3,0.0,0.0,0.0,0.0,0.0,0.0,0.0
repeat_2_fold_4,GDI1,0.0,0.0,0.0,0.0,0.0,0.0,0.0
repeat_2_fold_4,GDPD3,0.0,0.0,0.0,0.0,0.0,0.0,0.0
repeat_2_fold_4,GEMIN2,0.0,0.0,0.0,0.0,0.0,0.0,0.0
repeat_2_fold_4,GEMIN6,0.0,0.0,0.0,0.0,0.0,0.0,0.0
repeat_2_fold_4,GGA3,0.0,0.0,0.0,0.0,0.0,0.0,0.0
repeat_2_fold_4,GGCT,0.0,0.0,0.0,0.0,0.0,0.0,0.0
repeat_2_fold_4,GJB3,0.0,0.0,0.0,0.0,0.0,0.0,0.0
repeat_2_fold_4,GJB5,0.0,0.0,0.0,0.0,0.0,0.0,0.0
repeat_2_fold_4,GJC1,0.0,0.0,0.0,0.0,0.0,0.0,0.0
repeat_2_fold_4,GLP2R,0.0,0.0,0.0,0.0,0.0,0.0,0.0
repeat_2_fold_4,GMPR,-0.1579920063132807,0.24239722959167934,0.12119861479583967,-0.27919062110912035,0.0,0.0020502490372003024,1.0
repeat_2_fold_4,GNA11,0.0,0.0,0.0,0.0,0.0,0.0,0.0
repeat_2_fold_4,GNG7,0.0,0.0,0.0,0.0,0.0,0.0,0.0
repeat_2_fold_4,GNRHR,0.0,0.0,0.0,0.0,0.0,0.0,0.0
repeat_2_fold_4,GP1BB,0.0,0.0,0.0,0.0,0.0,0.0,0.0
repeat_2_fold_4,GPR17,0.0,0.0,0.0,0.0,0.0,0.0,0.0
repeat_2_fold_4,GPR183,0.0,0.0,0.0,0.0,0.0,0.0,0.0
repeat_2_fold_4,GPR35,-0.2342309361273216,0.27046658805129437,0.13523329402564718,-0.3694642301529688,0.0,-0.0014011208967173727,0.5
repeat_2_fold_4,GPR37L1,0.0,0.0,0.0,0.0,0.0,0.0,0.0
repeat_2_fold_4,GPR4,-0.06025296952041259,0.06957413634416905,0.034787068172084525,-0.09504003769249711,0.0,-0.0004091653027823161,0.5
repeat_2_fold_4,GPR65,0.0,0.0,0.0,0.0,0.0,0.0,0.0
repeat_2_fold_4,GREB1,-0.16891990308664973,0.2636941120823675,0.13184705604118374,-0.30076695912783347,0.0,0.001534369885433734,0.5
repeat_2_fold_4,GSDME,0.0,0.0,0.0,0.0,0.0,0.0,0.0
repeat_2_fold_4,GTF2H1,0.0,0.0,0.0,0.0,0.0,0.0,0.0
repeat_2_fold_4,H2BC5,0.0,0.0,0.0,0.0,0.0,0.0,0.0
repeat_2_fold_4,H3C12,0.0,0.0,0.0,0.0,0.0,0.0,0.0
repeat_2_fold_4,H3C8,0.0,0.0,0.0,0.0,0.0,0.0,0.0
repeat_2_fold_4,HADH,0.0,0.0,0.0,0.0,0.0,0.0,0.0
repeat_2_fold_4,HADHA,0.0,0.0,0.0,0.0,0.0,0.0,0.0
repeat_2_fold_4,HARS1,0.0,0.0,0.0,0.0,0.0,0.0,0.0
repeat_2_fold_4,HAUS3,0.0,0.0,0.0,0.0,0.0,0.0,0.0
repeat_2_fold_4,HCN4,-0.7901203183715122,1.5220980057523932,0.7610490028761966,-1.5511693212477087,0.0,0.00018689255823642337,1.0
repeat_2_fold_4,HDAC2,0.0,0.0,0.0,0.0,0.0,0.0,0.0
repeat_2_fold_4,HHAT,0.0,0.0,0.0,0.0,0.0,0.0,0.0
repeat_2_fold_4,HINT1,0.0,0.0,0.0,0.0,0.0,0.0,0.0
repeat_2_fold_4,HIP1R,0.0,0.0,0.0,0.0,0.0,0.0,0.0
repeat_2_fold_4,HIPK1,0.0,0.0,0.0,0.0,0.0,0.0,0.0
repeat_2_fold_4,HMBS,0.0,0.0,0.0,0.0,0.0,0.0,0.0
repeat_2_fold_4,HMGCS1,0.1056706335855111,0.2234221578359555,0.11171107891797775,-0.006040445332466657,0.25,0.0016012810248198228,0.5
repeat_2_fold_4,HOXA2,0.0,0.0,0.0,0.0,0.0,-0.0004091653027823161,0.5
repeat_2_fold_4,HSD17B7,0.0,0.0,0.0,0.0,0.0,0.0,0.0
repeat_2_fold_4,HSPA6,0.0,0.0,0.0,0.0,0.0,0.0,0.0
repeat_2_fold_4,HSPH1,0.0,0.0,0.0,0.0,0.0,0.0,0.0
repeat_2_fold_4,HTT,0.0,0.0,0.0,0.0,0.0,0.0,0.0
repeat_2_fold_4,HYAL4,0.0,0.0,0.0,0.0,0.0,0.0,0.0
repeat_2_fold_4,IARS1,-0.030126484760206296,0.06025296952041259,0.030126484760206296,-0.06025296952041259,0.0,0.0009338895011263004,1.0
repeat_2_fold_4,ID1,0.0,0.0,0.0,0.0,0.0,0.0,0.0
repeat_2_fold_4,IFI44L,-0.0977390367928681,0.1954780735857362,0.0977390367928681,-0.1954780735857362,0.0,0.0017389525368248782,0.5
repeat_2_fold_4,IFNA1,-0.011896100113574448,0.10371609671076748,0.05185804835538374,-0.06375414846895819,0.25,-0.002935490782151079,1.0
repeat_2_fold_4,IFT140,-0.20417323366904938,0.2503414329132136,0.1251707164566068,-0.3293439501256562,0.0,-0.00030687397708673014,0.5
repeat_2_fold_4,IGF2,0.06295337298261394,0.12590674596522788,0.06295337298261394,0.0,0.25,-0.0026020816653322676,0.5
repeat_2_fold_4,IGFBP4,0.0,0.0,0.0,0.0,0.0,0.0,0.0
repeat_2_fold_4,IGFBP6,0.0,0.0,0.0,0.0,0.0,0.0,0.0
repeat_2_fold_4,IGFBP7,0.0,0.0,0.0,0.0,0.0,0.0,0.0
repeat_2_fold_4,IGHG1,0.0,0.0,0.0,0.0,0.0,0.0,0.0
repeat_2_fold_4,IGLV2-14,0.0,0.0,0.0,0.0,0.0,0.0,0.0
repeat_2_fold_4,IGLV3-19,0.0,0.0,0.0,0.0,0.0,0.00040916530278228835,1.0
repeat_2_fold_4,IL27RA,0.0,0.0,0.0,0.0,0.0,-0.000613747954173488,0.5
repeat_2_fold_4,IMPDH1,0.0,0.0,0.0,0.0,0.0,0.0,0.0
repeat_2_fold_4,IP6K1,-0.010927896773369028,0.021855793546738056,0.010927896773369028,-0.021855793546738056,0.0,0.0001913150815250897,1.0
repeat_2_fold_4,IPPK,0.0,0.0,0.0,0.0,0.0,0.0,0.0
repeat_2_fold_4,IQGAP1,0.0,0.0,0.0,0.0,0.0,0.0,0.0
repeat_2_fold_4,IRF1,0.0,0.0,0.0,0.0,0.0,-0.0012009607686148949,0.5
repeat_2_fold_4,IRF8,0.0,0.0,0.0,0.0,0.0,0.0,0.0
repeat_2_fold_4,IRF9,0.0,0.0,0.0,0.0,0.0,0.0,0.0
repeat_2_fold_4,ITGAE,-0.1093151046914187,0.12622621024016542,0.06311310512008271,-0.17242820981150142,0.0,-0.0018014411529223284,0.5
repeat_2_fold_4,ITGB3,0.0,0.0,0.0,0.0,0.0,0.0,0.0
repeat_2_fold_4,ITGB3BP,0.0,0.0,0.0,0.0,0.0,0.0,0.0
repeat_2_fold_4,ITPKA,0.0,0.0,0.0,0.0,0.0,0.0,0.0
repeat_2_fold_4,ITPKC,0.0,0.0,0.0,0.0,0.0,0.0,0.0
repeat_2_fold_4,JUN,0.0,0.0,0.0,0.0,0.0,0.0,0.0
repeat_2_fold_4,KARS1,0.0,0.0,0.0,0.0,0.0,0.0,0.0
repeat_2_fold_4,KCNAB1,-0.03742473654809331,0.07484947309618661,0.03742473654809331,-0.07484947309618661,0.0,-0.002201761409127312,0.5
repeat_2_fold_4,KCNJ4,-0.10643419687618128,0.19038859287821686,0.09519429643910843,-0.2016284933152897,0.0,8.845046577360405e-06,1.0
repeat_2_fold_4,KCNK10,0.0,0.0,0.0,0.0,0.0,-0.0017793285364789413,1.0
repeat_2_fold_4,KCNMB1,0.0,0.0,0.0,0.0,0.0,0.0,0.0
repeat_2_fold_4,KDM3B,0.0,0.0,0.0,0.0,0.0,0.0,0.0
repeat_2_fold_4,KDM5D,-0.07484947309618661,0.08642872688156998,0.04321436344078499,-0.11806383653697161,0.0,-0.0008006405124099392,0.5
repeat_2_fold_4,KDM6A,0.0,0.0,0.0,0.0,0.0,0.0,0.0
repeat_2_fold_4,KIF18A,0.0,0.0,0.0,0.0,0.0,0.0,0.0
repeat_2_fold_4,KIF1B,0.0,0.0,0.0,0.0,0.0,0.0,0.0
repeat_2_fold_4,KIF5A,0.0,0.0,0.0,0.0,0.0,0.0,0.0
repeat_2_fold_4,KIR2DS4,0.0,0.0,0.0,0.0,0.0,0.0,0.0
repeat_2_fold_4,KLRB1,0.0,0.0,0.0,0.0,0.0,0.0,0.0
repeat_2_fold_4,KLRC2,0.0,0.0,0.0,0.0,0.0,0.0,0.0
repeat_2_fold_4,KLRD1,0.0,0.0,0.0,0.0,0.0,0.0,0.0
repeat_2_fold_4,KNL1,0.0,0.0,0.0,0.0,0.0,0.0,0.0
repeat_2_fold_4,KPNA2,0.0,0.0,0.0,0.0,0.0,0.0,0.0
repeat_2_fold_4,KPNA3,-0.8704956104669908,1.6616252615069258,0.8308126307534629,-1.7013082412204537,0.0,0.0057781085752398875,1.0
repeat_2_fold_4,KRT19,0.0,0.0,0.0,0.0,0.0,0.0,0.0
repeat_2_fold_4,KRT20,0.0,0.0,0.0,0.0,0.0,0.0,0.0
repeat_2_fold_4,KRTAP1-3,0.0,0.0,0.0,0.0,0.0,0.0,0.0
repeat_2_fold_4,KYAT1,0.0,0.0,0.0,0.0,0.0,0.0,0.0
repeat_2_fold_4,LAMA3,-0.010927896773369028,0.021855793546738056,0.010927896773369028,-0.021855793546738056,0.0,0.0,0.5
repeat_2_fold_4,LAMA4,0.0,0.0,0.0,0.0,0.0,0.0,0.0
repeat_2_fold_4,LAMB1,0.0,0.0,0.0,0.0,0.0,0.0,0.0
repeat_2_fold_4,LAMP2,0.0,0.0,0.0,0.0,0.0,-0.0012009607686149226,0.5
repeat_2_fold_4,LARS2,0.0,0.0,0.0,0.0,0.0,0.0,0.0
repeat_2_fold_4,LDLRAP1,-0.1497213150998089,0.20513210891181016,0.10256605445590508,-0.25228736955571396,0.0,0.0016366612111292922,1.0
repeat_2_fold_4,LILRB5,0.14696004712168964,0.2972929051701009,0.14864645258505044,-0.0016864054633607961,0.25,0.0010052231638010833,1.0
repeat_2_fold_4,LMAN2,0.0,0.0,0.0,0.0,0.0,0.0,0.0
repeat_2_fold_4,LPIN1,0.0,0.0,0.0,0.0,0.0,0.0,0.0
repeat_2_fold_4,LRFN3,0.0,0.0,0.0,0.0,0.0,0.0,0.0
repeat_2_fold_4,LRFN4,0.0,0.0,0.0,0.0,0.0,0.0,0.0
repeat_2_fold_4,LRP4,0.0,0.0,0.0,0.0,0.0,0.0,0.0
repeat_2_fold_4,LRRC14,0.0,0.0,0.0,0.0,0.0,0.0,0.0
repeat_2_fold_4,LRRC8D,0.0,0.0,0.0,0.0,0.0,0.0,0.0
repeat_2_fold_4,LTB,0.0,0.0,0.0,0.0,0.0,0.0,0.0
repeat_2_fold_4,LTBP1,0.0,0.0,0.0,0.0,0.0,-0.0018014411529223562,0.5
repeat_2_fold_4,LYPD1,0.0,0.0,0.0,0.0,0.0,0.0,0.0
repeat_2_fold_4,LYPLA2,0.0,0.0,0.0,0.0,0.0,0.0,0.0
repeat_2_fold_4,MAG,0.0,0.0,0.0,0.0,0.0,0.0,0.0
repeat_2_fold_4,MAGED1,0.0,0.0,0.0,0.0,0.0,0.0,0.0
repeat_2_fold_4,MAIP1,0.0,0.0,0.0,0.0,0.0,0.0,0.0
repeat_2_fold_4,MAN2B2,-0.07484947309618661,0.08642872688156998,0.04321436344078499,-0.11806383653697161,0.0,0.0006491281404829297,1.0
repeat_2_fold_4,MANBA,0.0,0.0,0.0,0.0,0.0,0.0,0.0
repeat_2_fold_4,MAP2K7,0.0,0.0,0.0,0.0,0.0,0.0,0.0
repeat_2_fold_4,MAP3K14,0.0,0.0,0.0,0.0,0.0,0.0,0.0
repeat_2_fold_4,MAP3K5,0.0,0.0,0.0,0.0,0.0,0.0,0.0
repeat_2_fold_4,MBOAT7,0.0,0.0,0.0,0.0,0.0,0.0,0.0
repeat_2_fold_4,MC2R,0.0,0.0,0.0,0.0,0.0,0.0,0.0
repeat_2_fold_4,MCCC2,0.0,0.0,0.0,0.0,0.0,0.0,0.0
repeat_2_fold_4,MCOLN3,0.0,0.0,0.0,0.0,0.0,0.0,0.0
repeat_2_fold_4,MCPH1,0.0,0.0,0.0,0.0,0.0,0.0,0.0
repeat_2_fold_4,MCRS1,0.0,0.0,0.0,0.0,0.0,0.0,0.0
repeat_2_fold_4,MED6,0.0,0.0,0.0,0.0,0.0,0.0,0.0
repeat_2_fold_4,MEFV,0.0,0.0,0.0,0.0,0.0,0.0,0.0
repeat_2_fold_4,METAP2,0.0,0.0,0.0,0.0,0.0,0.0,0.0
repeat_2_fold_4,METTL3,0.0,0.0,0.0,0.0,0.0,0.0,0.0
repeat_2_fold_4,MFN2,0.0,0.0,0.0,0.0,0.0,0.0,0.0
repeat_2_fold_4,MICU2,-0.14972131509981246,0.27108585454131634,0.13554292727065817,-0.28526424237047066,0.0,-0.0008183306055646322,0.5
repeat_2_fold_4,MIS18A,0.0,0.0,0.0,0.0,0.0,0.0,0.0
repeat_2_fold_4,MLNR,0.0,0.0,0.0,0.0,0.0,0.0,0.0
repeat_2_fold_4,MOB1A,0.0,0.0,0.0,0.0,0.0,0.0,0.0
repeat_2_fold_4,MPC1,0.0,0.0,0.0,0.0,0.0,0.0,0.0
repeat_2_fold_4,MPHOSPH8,0.0,0.0,0.0,0.0,0.0,0.0,0.0
repeat_2_fold_4,MPI,0.0,0.0,0.0,0.0,0.0,0.0,0.0
repeat_2_fold_4,MRPL15,0.0,0.0,0.0,0.0,0.0,0.0,0.0
repeat_2_fold_4,MSL3,0.0,0.0,0.0,0.0,0.0,0.0,0.0
repeat_2_fold_4,MSR1,0.0,0.0,0.0,0.0,0.0,0.0,0.0
repeat_2_fold_4,MSRA,0.0,0.0,0.0,0.0,0.0,0.0,0.0
repeat_2_fold_4,MT1F,0.0,0.0,0.0,0.0,0.0,0.0,0.0
repeat_2_fold_4,MT2A,0.0,0.0,0.0,0.0,0.0,0.0,0.0
repeat_2_fold_4,MTARC1,0.0,0.0,0.0,0.0,0.0,0.0,0.0
repeat_2_fold_4,MTMR12,-0.0977390367928681,0.1954780735857362,0.0977390367928681,-0.1954780735857362,0.0,-0.000613747954173488,0.5
repeat_2_fold_4,MUC5AC,-0.71720725195574,1.5032617880091665,0.7516308940045833,-1.4688381459603232,0.25,-0.0026020816653322953,0.5
repeat_2_fold_4,MYBBP1A,0.0,0.0,0.0,0.0,0.0,0.0,0.0
repeat_2_fold_4,MYC,0.0,0.0,0.0,0.0,0.0,0.0,0.0
repeat_2_fold_4,MYF5,0.0,0.0,0.0,0.0,0.0,0.0,0.0
repeat_2_fold_4,MYH11,0.0,0.0,0.0,0.0,0.0,-0.0004091653027823161,0.5
repeat_2_fold_4,MYLIP,0.0,0.0,0.0,0.0,0.0,0.00081833060556466,0.5
repeat_2_fold_4,MYOG,0.0,0.0,0.0,0.0,0.0,0.0,0.0
repeat_2_fold_4,MZT2A,0.0,0.0,0.0,0.0,0.0,0.0,0.0
repeat_2_fold_4,NADSYN1,0.0,0.0,0.0,0.0,0.0,0.0,0.0
repeat_2_fold_4,NAT1,0.0,0.0,0.0,0.0,0.0,0.0,0.0
repeat_2_fold_4,NCAPD3,0.0,0.0,0.0,0.0,0.0,0.0,0.0
repeat_2_fold_4,NCOR1,-0.0003050873963115208,0.024645242319148542,0.012322621159574271,-0.012627708555885792,0.25,0.0033756137479541704,0.5
repeat_2_fold_4,NDN,0.0,0.0,0.0,0.0,0.0,0.0,0.0
repeat_2_fold_4,NDRG1,0.0,0.0,0.0,0.0,0.0,0.0,0.0
repeat_2_fold_4,NDUFAF4,-0.0977390367928681,0.1954780735857362,0.0977390367928681,-0.1954780735857362,0.0,0.0024417242468279254,1.0
repeat_2_fold_4,NDUFB1,0.0,0.0,0.0,0.0,0.0,0.0,0.0
repeat_2_fold_4,NEDD8,0.0,0.0,0.0,0.0,0.0,0.0,0.0
repeat_2_fold_4,NELL2,0.0,0.0,0.0,0.0,0.0,0.0,0.0
repeat_2_fold_4,NET1,0.0,0.0,0.0,0.0,0.0,0.0,0.0
repeat_2_fold_4,NFE2L2,0.0,0.0,0.0,0.0,0.0,0.0,0.0
repeat_2_fold_4,NFRKB,0.0,0.0,0.0,0.0,0.0,0.0,0.0
repeat_2_fold_4,NIT2,0.0,0.0,0.0,0.0,0.0,0.0,0.0
repeat_2_fold_4,NLGN4Y,0.0,0.0,0.0,0.0,0.0,0.0,0.0
repeat_2_fold_4,NLRP3,0.0,0.0,0.0,0.0,0.0,0.0,0.0
repeat_2_fold_4,NMUR1,-0.7682645248247741,1.5365290496495483,0.7682645248247741,-1.5365290496495483,0.0,-0.00020016012810247785,0.5
repeat_2_fold_4,NOP2,0.0,0.0,0.0,0.0,0.0,0.0,0.0
repeat_2_fold_4,NOTCH1,0.0,0.0,0.0,0.0,0.0,0.0,0.0
repeat_2_fold_4,NOTCH3,-0.1954780735857362,0.22571863681078858,0.11285931840539429,-0.3083373919911305,0.0,-0.0010229132569558042,0.5
repeat_2_fold_4,NPBWR2,0.0,0.0,0.0,0.0,0.0,0.0,0.0
repeat_2_fold_4,NPLOC4,-0.03055095363004945,0.038027575704204536,0.019013787852102268,-0.04956474148215172,0.0,0.0015343698854337062,0.5
repeat_2_fold_4,NR1H3,0.0,0.0,0.0,0.0,0.0,0.0,0.0
repeat_2_fold_4,NR2E3,0.0,0.0,0.0,0.0,0.0,0.0,0.0
repeat_2_fold_4,NR4A1,-0.030126484760206296,0.06025296952041259,0.030126484760206296,-0.06025296952041259,0.0,0.0010229132569558042,0.5
repeat_2_fold_4,NR4A3,0.0,0.0,0.0,0.0,0.0,0.0,0.0
repeat_2_fold_4,NRBP1,0.0,0.0,0.0,0.0,0.0,0.0,0.0
repeat_2_fold_4,NRCAM,0.0,0.0,0.0,0.0,0.0,0.0,0.0
repeat_2_fold_4,NRXN1,0.0,0.0,0.0,0.0,0.0,0.0,0.0
repeat_2_fold_4,NTF3,0.0,0.0,0.0,0.0,0.0,0.0,0.0
repeat_2_fold_4,NTHL1,0.0,0.0,0.0,0.0,0.0,0.0,0.0
repeat_2_fold_4,NUDC,-1.7707599857768734,2.0446975089169914,1.0223487544584957,-2.793108740235369,0.0,0.00020016012810247785,0.5
repeat_2_fold_4,NUMB,0.0,0.0,0.0,0.0,0.0,0.0,0.0
repeat_2_fold_4,NUP188,0.0,0.0,0.0,0.0,0.0,0.0,0.0
repeat_2_fold_4,OAT,0.0,0.0,0.0,0.0,0.0,0.0,0.0
repeat_2_fold_4,OGFOD1,0.0,0.0,0.0,0.0,0.0,0.0,0.0
repeat_2_fold_4,OGT,0.0,0.0,0.0,0.0,0.0,0.0,0.0
repeat_2_fold_4,OPN1MW,0.0,0.0,0.0,0.0,0.0,0.0,0.0
repeat_2_fold_4,OPN3,-0.030126484760206296,0.06025296952041259,0.030126484760206296,-0.06025296952041259,0.0,-0.000613747954173488,0.5
repeat_2_fold_4,OPTN,0.0,0.0,0.0,0.0,0.0,0.0,0.0
repeat_2_fold_4,OR2H1,-0.7791924215981432,1.529382605826078,0.764691302913039,-1.5438837245111823,0.0,-0.00020016012810247785,1.0
repeat_2_fold_4,OR2S2,0.0,0.0,0.0,0.0,0.0,0.0,0.0
repeat_2_fold_4,OR5V1,-0.03742473654809331,0.07484947309618661,0.03742473654809331,-0.07484947309618661,0.0,0.0,0.5
repeat_2_fold_4,OR7C2,0.0,0.0,0.0,0.0,0.0,0.0,0.0
repeat_2_fold_4,OR7E24,0.0,0.0,0.0,0.0,0.0,0.0,0.0
repeat_2_fold_4,ORMDL2,0.0,0.0,0.0,0.0,0.0,0.0,0.0
repeat_2_fold_4,OSBPL10,0.0,0.0,0.0,0.0,0.0,0.0,0.0
repeat_2_fold_4,OSGEPL1,0.0,0.0,0.0,0.0,0.0,0.0,0.0
repeat_2_fold_4,OTUB2,0.0,0.0,0.0,0.0,0.0,0.0,0.0
repeat_2_fold_4,PA2G4,0.0,0.0,0.0,0.0,0.0,0.0,0.0
repeat_2_fold_4,PABPC1,0.0,0.0,0.0,0.0,0.0,0.0,0.0
repeat_2_fold_4,PADI2,-0.07118086629377984,0.08410749932565827,0.04205374966282913,-0.11323461595660897,0.0,0.0011650072922495258,1.0
repeat_2_fold_4,PAF1,0.0,0.0,0.0,0.0,0.0,0.0,0.0
repeat_2_fold_4,PANK2,0.0,0.0,0.0,0.0,0.0,0.0,0.0
repeat_2_fold_4,PBRM1,0.0,0.0,0.0,0.0,0.0,0.0,0.0
repeat_2_fold_4,PDE4A,0.0,0.0,0.0,0.0,0.0,0.0,0.0
repeat_2_fold_4,PDGFB,0.0,0.0,0.0,0.0,0.0,0.0,0.0
repeat_2_fold_4,PDK3,0.0,0.0,0.0,0.0,0.0,0.0,0.0
repeat_2_fold_4,PELO,0.0,0.0,0.0,0.0,0.0,0.0,0.0
repeat_2_fold_4,PER2,0.0,0.0,0.0,0.0,0.0,0.0,0.0
repeat_2_fold_4,PEX26,0.0,0.0,0.0,0.0,0.0,0.0,0.0
repeat_2_fold_4,PFKL,0.0,0.0,0.0,0.0,0.0,0.0,0.0
repeat_2_fold_4,PGM3,0.0,0.0,0.0,0.0,0.0,0.0,0.0
repeat_2_fold_4,PHF20L1,0.0,0.0,0.0,0.0,0.0,0.0,0.0
repeat_2_fold_4,PIGZ,0.0,0.0,0.0,0.0,0.0,0.0,0.0
repeat_2_fold_4,PIK3CD,0.0,0.0,0.0,0.0,0.0,-0.0018014411529223562,0.5
repeat_2_fold_4,PIK3R1,0.0,0.0,0.0,0.0,0.0,-0.000613747954173488,0.5
repeat_2_fold_4,PIP,0.0,0.0,0.0,0.0,0.0,0.0,0.0
repeat_2_fold_4,PIP5K1B,0.0,0.0,0.0,0.0,0.0,0.0,0.0
repeat_2_fold_4,PIR,0.0,0.0,0.0,0.0,0.0,0.0,0.0
repeat_2_fold_4,PITRM1,0.0,0.0,0.0,0.0,0.0,0.0,0.0
repeat_2_fold_4,PLA2G10,0.0,0.0,0.0,0.0,0.0,0.0,0.0
repeat_2_fold_4,PLA2G15,0.0,0.0,0.0,0.0,0.0,0.0,0.0
repeat_2_fold_4,PLA2G4C,0.0,0.0,0.0,0.0,0.0,0.0,0.0
repeat_2_fold_4,PLA2G6,0.0,0.0,0.0,0.0,0.0,0.00021785022125722642,1.0
repeat_2_fold_4,PLAT,0.0,0.0,0.0,0.0,0.0,0.0,0.0
repeat_2_fold_4,PLCG1,-0.2557310431061488,0.2952927731549576,0.1476463865774788,-0.4033774296836276,0.0,-0.003784779050736514,0.5
repeat_2_fold_4,PLEC,0.0,0.0,0.0,0.0,0.0,-0.0006004803843074613,0.5
repeat_2_fold_4,PLEK,0.0,0.0,0.0,0.0,0.0,0.0,0.0
repeat_2_fold_4,PLOD2,0.0,0.0,0.0,0.0,0.0,0.0,0.0
repeat_2_fold_4,PLPP3,0.0,0.0,0.0,0.0,0.0,0.0016012810248198506,0.5
repeat_2_fold_4,PNMT,0.0,0.0,0.0,0.0,0.0,0.0,0.0
repeat_2_fold_4,PNPLA3,0.0,0.0,0.0,0.0,0.0,-0.001000800640512417,0.5
repeat_2_fold_4,PNPLA4,0.0,0.0,0.0,0.0,0.0,0.0,0.0
repeat_2_fold_4,POLDIP3,-0.030126484760206296,0.06025296952041259,0.030126484760206296,-0.06025296952041259,0.0,0.001329787234042562,0.5
repeat_2_fold_4,POLR1D,0.0,0.0,0.0,0.0,0.0,0.0,0.0
repeat_2_fold_4,POLR2L,0.09593915886693338,0.195256099985603,0.0976280499928015,-0.0016888911258681194,0.25,0.001000800640512417,0.5
repeat_2_fold_4,POP7,0.0,0.0,0.0,0.0,0.0,0.0,0.0
repeat_2_fold_4,PPARGC1A,0.0,0.0,0.0,0.0,0.0,0.00020458265139117193,0.5
repeat_2_fold_4,PPEF1,0.0,0.0,0.0,0.0,0.0,0.0,0.0
repeat_2_fold_4,PPFIBP2,0.0,0.0,0.0,0.0,0.0,0.0,0.0
repeat_2_fold_4,PPP2R5A,0.0,0.0,0.0,0.0,0.0,0.0,0.0
repeat_2_fold_4,PRDM8,0.0,0.0,0.0,0.0,0.0,0.0,0.0
repeat_2_fold_4,PRDX1,0.0,0.0,0.0,0.0,0.0,0.0,0.0
repeat_2_fold_4,PREX2,0.0,0.0,0.0,0.0,0.0,0.0,0.0
repeat_2_fold_4,PRIM2,0.0,0.0,0.0,0.0,0.0,0.0,0.0
repeat_2_fold_4,PRKAR1B,0.0,0.0,0.0,0.0,0.0,0.0,0.0
repeat_2_fold_4,PRKCZ,-0.2557310431061488,0.2952927731549576,0.1476463865774788,-0.4033774296836276,0.0,0.0009250444545489123,1.0
repeat_2_fold_4,PRKX,0.0,0.0,0.0,0.0,0.0,0.0,0.0
repeat_2_fold_4,PRODH2,0.0,0.0,0.0,0.0,0.0,0.0,0.0
repeat_2_fold_4,PRPF19,0.0,0.0,0.0,0.0,0.0,0.0,0.0
repeat_2_fold_4,PRPF40A,0.0,0.0,0.0,0.0,0.0,0.0,0.0
repeat_2_fold_4,PRSS2,0.0,0.0,0.0,0.0,0.0,0.0,0.0
repeat_2_fold_4,PSAT1,0.0,0.0,0.0,0.0,0.0,0.0,0.0
repeat_2_fold_4,PSG3,0.0,0.0,0.0,0.0,0.0,0.0,0.0
repeat_2_fold_4,PSG6,0.0,0.0,0.0,0.0,0.0,0.0,0.0
repeat_2_fold_4,PSMB9,0.0,0.0,0.0,0.0,0.0,0.0,0.0
repeat_2_fold_4,PSMD10,-0.06025296952041259,0.06957413634416905,0.034787068172084525,-0.09504003769249711,0.0,0.0010229132569558042,0.5
repeat_2_fold_4,PSMD5,0.0,0.0,0.0,0.0,0.0,0.0,0.0
repeat_2_fold_4,PTAFR,0.0,0.0,0.0,0.0,0.0,0.0,0.0
repeat_2_fold_4,PTGDR,0.0,0.0,0.0,0.0,0.0,0.0030687397708674125,0.5
repeat_2_fold_4,PTGER1,0.0,0.0,0.0,0.0,0.0,0.0020458265139116083,0.5
repeat_2_fold_4,PTGER4,0.0,0.0,0.0,0.0,0.0,0.0,0.0
repeat_2_fold_4,PTGES,0.0,0.0,0.0,0.0,0.0,0.0,0.0
repeat_2_fold_4,PTGES2,0.0,0.0,0.0,0.0,0.0,0.0034779050736497563,0.5
repeat_2_fold_4,PTGIS,0.0,0.0,0.0,0.0,0.0,0.0,0.0
repeat_2_fold_4,PTPRK,0.0,0.0,0.0,0.0,0.0,-0.001000800640512417,0.5
repeat_2_fold_4,PTPRO,0.0,0.0,0.0,0.0,0.0,0.0,0.0
repeat_2_fold_4,PYCR1,0.0,0.0,0.0,0.0,0.0,0.0,0.0
repeat_2_fold_4,PYGL,-0.1579920063132807,0.24239722959167934,0.12119861479583967,-0.27919062110912035,0.0,-0.0008852417449508043,1.0
repeat_2_fold_4,RAB1A,0.0,0.0,0.0,0.0,0.0,0.0,0.0
repeat_2_fold_4,RAB25,0.0,0.0,0.0,0.0,0.0,0.0,0.0
repeat_2_fold_4,RAB27A,0.0,0.0,0.0,0.0,0.0,0.0,0.0
repeat_2_fold_4,RAB31,0.0,0.0,0.0,0.0,0.0,0.0,0.0
repeat_2_fold_4,RAB38,0.0,0.0,0.0,0.0,0.0,0.0,0.0
repeat_2_fold_4,RAB3B,0.0,0.0,0.0,0.0,0.0,0.0,0.0
repeat_2_fold_4,RAD51,0.0,0.0,0.0,0.0,0.0,0.0,0.0
repeat_2_fold_4,RAG1,0.0,0.0,0.0,0.0,0.0,0.0,0.0
repeat_2_fold_4,RASA2,0.0,0.0,0.0,0.0,0.0,0.0,0.0
repeat_2_fold_4,RBM7,0.0,0.0,0.0,0.0,0.0,0.0,0.0
repeat_2_fold_4,RCE1,0.0,0.0,0.0,0.0,0.0,0.0,0.0
repeat_2_fold_4,RECK,0.0,0.0,0.0,0.0,0.0,0.0,0.0
repeat_2_fold_4,REPS2,0.0,0.0,0.0,0.0,0.0,0.0,0.0
repeat_2_fold_4,RETN,0.0,0.0,0.0,0.0,0.0,-0.00020458265139114418,0.5
repeat_2_fold_4,REXO2,0.0,0.0,0.0,0.0,0.0,0.0,0.0
repeat_2_fold_4,RGS11,0.0,0.0,0.0,0.0,0.0,0.0,0.0
repeat_2_fold_4,RGS2,-0.1954780735857362,0.22571863681078858,0.11285931840539429,-0.3083373919911305,0.0,0.0007160392798690463,0.5
repeat_2_fold_4,RHOH,-0.1278655215530744,0.18436379249291707,0.09218189624645853,-0.22004741779953294,0.0,0.00336676870137681,1.0
repeat_2_fold_4,RIDA,0.0,0.0,0.0,0.0,0.0,0.0,0.0
repeat_2_fold_4,RIGI,0.0,0.0,0.0,0.0,0.0,0.0,0.0
repeat_2_fold_4,RIPOR2,0.0,0.0,0.0,0.0,0.0,0.0,0.0
repeat_2_fold_4,RMND5A,0.0,0.0,0.0,0.0,0.0,0.0,0.0
repeat_2_fold_4,RNASE6,0.0,0.0,0.0,0.0,0.0,0.0,0.0
repeat_2_fold_4,RNF40,-0.7976521173010127,1.3579482408529968,0.6789741204264984,-1.476626237727511,0.0,-0.003718441201406325,1.0
repeat_2_fold_4,RNMT,0.0,0.0,0.0,0.0,0.0,0.0,0.0
repeat_2_fold_4,RNPS1,-0.030126484760206296,0.06025296952041259,0.030126484760206296,-0.06025296952041259,0.0,-0.001534369885433734,0.5
repeat_2_fold_4,RORC,0.0,0.0,0.0,0.0,0.0,0.0,0.0
repeat_2_fold_4,RPE,0.0,0.0,0.0,0.0,0.0,0.0,0.0
repeat_2_fold_4,RPL10,0.0,0.0,0.0,0.0,0.0,-0.0006004803843074613,0.5
repeat_2_fold_4,RPL24,0.0,0.0,0.0,0.0,0.0,-0.001000800640512417,0.5
repeat_2_fold_4,RPL27,0.0,0.0,0.0,0.0,0.0,-0.0004003202562049557,0.5
repeat_2_fold_4,RPL36,0.0,0.0,0.0,0.0,0.0,0.00020458265139117193,0.5
repeat_2_fold_4,RPRD2,0.0,0.0,0.0,0.0,0.0,0.0,0.0
repeat_2_fold_4,RPS24,0.0,0.0,0.0,0.0,0.0,0.0,0.0
repeat_2_fold_4,RPS3,0.0,0.0,0.0,0.0,0.0,-0.0008006405124099392,0.5
repeat_2_fold_4,RPS3A,0.0,0.0,0.0,0.0,0.0,0.0,0.0
repeat_2_fold_4,RSAD2,-0.1545402046117541,0.2208586281475561,0.11042931407377805,-0.26496951868553215,0.0,-0.0014011208967173727,0.5
repeat_2_fold_4,RTCB,0.0,0.0,0.0,0.0,0.0,0.0,0.0
repeat_2_fold_4,RXYLT1,-0.2256045583459425,0.2651103591952646,0.1325551795976323,-0.3581597379435748,0.0,0.00010229132569558597,0.5
repeat_2_fold_4,S100P,0.0,0.0,0.0,0.0,0.0,0.0,0.0
repeat_2_fold_4,SCN11A,0.0,0.0,0.0,0.0,0.0,0.0,0.0
repeat_2_fold_4,SCN3A,0.0,0.0,0.0,0.0,0.0,0.0,0.0
repeat_2_fold_4,SDK2,0.0,0.0,0.0,0.0,0.0,0.0,0.0
repeat_2_fold_4,SEC31B,0.0,0.0,0.0,0.0,0.0,0.0,0.0
repeat_2_fold_4,SELPLG,-0.1371225489288097,0.37106478145752647,0.18553239072876324,-0.32265493965757297,0.5,-0.006040184029383916,1.0
repeat_2_fold_4,SEMA6D,0.0,0.0,0.0,0.0,0.0,0.0,0.0
repeat_2_fold_4,SEPTIN2,0.0,0.0,0.0,0.0,0.0,0.0,0.0
repeat_2_fold_4,SERPINA4,0.0,0.0,0.0,0.0,0.0,0.0,0.0
repeat_2_fold_4,SERPINA6,-0.030126484760206296,0.06025296952041259,0.030126484760206296,-0.06025296952041259,0.0,0.0008183306055646322,0.5
repeat_2_fold_4,SERPINC1,0.0,0.0,0.0,0.0,0.0,0.0,0.0
repeat_2_fold_4,SFTPB,0.0,0.0,0.0,0.0,0.0,0.0,0.0
repeat_2_fold_4,SH2B2,0.0,0.0,0.0,0.0,0.0,0.0,0.0
repeat_2_fold_4,SIRPA,0.0,0.0,0.0,0.0,0.0,0.0,0.0
repeat_2_fold_4,SKA1,0.0,0.0,0.0,0.0,0.0,0.0,0.0
repeat_2_fold_4,SLC10A2,0.0,0.0,0.0,0.0,0.0,0.0,0.0
repeat_2_fold_4,SLC12A2,0.0,0.0,0.0,0.0,0.0,0.0,0.0
repeat_2_fold_4,SLC15A3,-0.0977390367928681,0.1954780735857362,0.0977390367928681,-0.1954780735857362,0.0,0.0004091653027823161,0.5
repeat_2_fold_4,SLC16A3,0.0,0.0,0.0,0.0,0.0,0.0,0.0
repeat_2_fold_4,SLC24A2,0.0,0.0,0.0,0.0,0.0,0.0,0.0
repeat_2_fold_4,SLC25A1,0.0,0.0,0.0,0.0,0.0,0.0,0.0
repeat_2_fold_4,SLC25A16,0.0,0.0,0.0,0.0,0.0,0.0,0.0
repeat_2_fold_4,SLC25A21,0.0,0.0,0.0,0.0,0.0,0.0,0.0
repeat_2_fold_4,SLC25A22,-0.2342309361273216,0.27046658805129437,0.13523329402564718,-0.3694642301529688,0.0,-0.0006004803843074613,0.5
repeat_2_fold_4,SLC2A1,0.0,0.0,0.0,0.0,0.0,0.0,0.0
repeat_2_fold_4,SLC33A1,0.0,0.0,0.0,0.0,0.0,0.0,0.0
repeat_2_fold_4,SLC38A1,0.0,0.0,0.0,0.0,0.0,0.0,0.0
repeat_2_fold_4,SLC39A6,0.0,0.0,0.0,0.0,0.0,0.0,0.0
repeat_2_fold_4,SLC47A1,0.0,0.0,0.0,0.0,0.0,0.0,0.0
repeat_2_fold_4,SLC52A2,-0.1773684375840734,0.20220586691165882,0.10110293345582941,-0.2784713710399028,0.0,0.0012186508617696157,1.0
repeat_2_fold_4,SLC5A7,0.0,0.0,0.0,0.0,0.0,0.0,0.0
repeat_2_fold_4,SLC6A12,0.0,0.0,0.0,0.0,0.0,0.0,0.0
repeat_2_fold_4,SLC7A5,0.0,0.0,0.0,0.0,0.0,0.0,0.0
repeat_2_fold_4,SLC9A1,0.0,0.0,0.0,0.0,0.0,0.0,0.0
repeat_2_fold_4,SLC9A5,0.0,0.0,0.0,0.0,0.0,-0.0009206219312602182,0.5
repeat_2_fold_4,SMG1,0.0,0.0,0.0,0.0,0.0,-0.0004003202562049557,0.5
repeat_2_fold_4,SMPD4,0.0,0.0,0.0,0.0,0.0,-0.00020016012810247785,0.5
repeat_2_fold_4,SNRPG,0.0,0.0,0.0,0.0,0.0,0.0,0.0
repeat_2_fold_4,SOCS5,0.0,0.0,0.0,0.0,0.0,0.0,0.0
repeat_2_fold_4,SOX1,0.0,0.0,0.0,0.0,0.0,0.0,0.5
repeat_2_fold_4,SPATA2,0.0,0.0,0.0,0.0,0.0,0.0,0.0
repeat_2_fold_4,SPDL1,0.0,0.0,0.0,0.0,0.0,0.0,0.0
repeat_2_fold_4,SPPL2B,0.0,0.0,0.0,0.0,0.0,0.0,0.0
repeat_2_fold_4,SPTB,0.0,0.0,0.0,0.0,0.0,0.0,0.0
repeat_2_fold_4,SPTSSA,0.0,0.0,0.0,0.0,0.0,0.0,0.0
repeat_2_fold_4,SRSF7,0.0,0.0,0.0,0.0,0.0,0.0,0.0
repeat_2_fold_4,SSR1,0.0,0.0,0.0,0.0,0.0,0.0,0.0
repeat_2_fold_4,ST8SIA2,0.0,0.0,0.0,0.0,0.0,0.0,0.0
repeat_2_fold_4,STARD13,0.0,0.0,0.0,0.0,0.0,0.0,0.0
repeat_2_fold_4,STK3,0.0,0.0,0.0,0.0,0.0,-0.000716039279869074,0.5
repeat_2_fold_4,STK4,-0.7682645248247741,1.5365290496495483,0.7682645248247741,-1.5365290496495483,0.0,-0.0012009607686148949,0.5
repeat_2_fold_4,SUGP1,0.0,0.0,0.0,0.0,0.0,0.0,0.0
repeat_2_fold_4,SUMO1,0.0,0.0,0.0,0.0,0.0,0.0,0.0
repeat_2_fold_4,SUN2,0.0,0.0,0.0,0.0,0.0,0.0,0.0
repeat_2_fold_4,SWAP70,0.0,0.0,0.0,0.0,0.0,0.0,0.0
repeat_2_fold_4,SYNE1,0.0,0.0,0.0,0.0,0.0,0.0,0.0
repeat_2_fold_4,SYNJ1,0.0,0.0,0.0,0.0,0.0,0.0,0.0
repeat_2_fold_4,SYTL2,0.0,0.0,0.0,0.0,0.0,0.0,0.0
repeat_2_fold_4,TAC3,0.0,0.0,0.0,0.0,0.0,0.0,0.0
repeat_2_fold_4,TACO1,0.0,0.0,0.0,0.0,0.0,0.0,0.0
repeat_2_fold_4,TAF2,-1.5365290496495483,1.774230920865693,0.8871154604328465,-2.423644510082395,0.0,-0.0012009607686148949,0.5
repeat_2_fold_4,TAF4,0.0,0.0,0.0,0.0,0.0,-0.0008183306055646322,0.5
repeat_2_fold_4,TAL1,0.0,0.0,0.0,0.0,0.0,0.0,0.0
repeat_2_fold_4,TANK,0.0,0.0,0.0,0.0,0.0,0.0,0.0
repeat_2_fold_4,TARBP2,0.0,0.0,0.0,0.0,0.0,0.0,0.0
repeat_2_fold_4,TBCC,0.0,0.0,0.0,0.0,0.0,0.0,0.0
repeat_2_fold_4,TBL1X,0.0,0.0,0.0,0.0,0.0,-0.0012009607686148949,0.5
repeat_2_fold_4,TBL1XR1,0.0,0.0,0.0,0.0,0.0,0.0,0.0
repeat_2_fold_4,TCTN1,0.0,0.0,0.0,0.0,0.0,0.0,0.0
repeat_2_fold_4,TFG,0.0,0.0,0.0,0.0,0.0,0.0,0.0
repeat_2_fold_4,TGFB2,0.0,0.0,0.0,0.0,0.0,0.0,0.0
repeat_2_fold_4,TGFBR1,0.0,0.0,0.0,0.0,0.0,0.0,0.0
repeat_2_fold_4,TGFBR3,0.0,0.0,0.0,0.0,0.0,0.0,0.0
repeat_2_fold_4,THBS2,0.0,0.0,0.0,0.0,0.0,0.0,0.0
repeat_2_fold_4,TIMP1,0.0,0.0,0.0,0.0,0.0,0.0,0.0
repeat_2_fold_4,TIMP2,0.0,0.0,0.0,0.0,0.0,0.0,0.0
repeat_2_fold_4,TK2,0.0,0.0,0.0,0.0,0.0,0.0,0.0
repeat_2_fold_4,TLE4,-0.1472419528238671,0.22155318128679102,0.11077659064339551,-0.2580185434672626,0.0,0.0016410837344179863,1.0
repeat_2_fold_4,TLR2,0.0,0.0,0.0,0.0,0.0,0.0,0.0
repeat_2_fold_4,TLR3,0.02552863643451886,0.05105727286903772,0.02552863643451886,0.0,0.25,-0.0006004803843074613,0.5
repeat_2_fold_4,TMED3,0.0,0.0,0.0,0.0,0.0,0.0,0.0
repeat_2_fold_4,TMOD1,0.0,0.0,0.0,0.0,0.0,0.0,0.0
repeat_2_fold_4,TMT1A,-0.13656068163638757,0.2504714750882474,0.1252357375441237,-0.2617964191805113,0.0,-0.0011252045826513901,0.5
repeat_2_fold_4,TNFAIP8,0.0,0.0,0.0,0.0,0.0,0.0,0.0
repeat_2_fold_4,TNFRSF6B,-0.1579920063132807,0.24239722959167934,0.12119861479583967,-0.27919062110912035,0.0,-0.0014320785597381203,0.5
repeat_2_fold_4,TNFRSF8,-0.8132210603023733,1.608678443233913,0.8043392216169565,-1.6175602819193298,0.25,0.006729688169520881,1.0
repeat_2_fold_4,TNFSF11,0.0,0.0,0.0,0.0,0.0,0.0,0.0
repeat_2_fold_4,TOLLIP,-0.0977390367928681,0.1954780735857362,0.0977390367928681,-0.1954780735857362,0.0,-0.0004091653027823161,0.5
repeat_2_fold_4,TOMM7,0.0,0.0,0.0,0.0,0.0,0.0,0.0
repeat_2_fold_4,TOR4A,0.0,0.0,0.0,0.0,0.0,0.0,0.0
repeat_2_fold_4,TP53I3,0.0,0.0,0.0,0.0,0.0,0.0,0.0
repeat_2_fold_4,TRAT1,-0.010927896773369028,0.021855793546738056,0.010927896773369028,-0.021855793546738056,0.0,0.0004091653027823161,0.5
repeat_2_fold_4,TREML2,0.0,0.0,0.0,0.0,0.0,0.0,0.0
repeat_2_fold_4,TRIB3,-0.0738248496739935,0.09389113730187815,0.046945568650939073,-0.12077041832493257,0.0,-0.007364975450081829,0.5
repeat_2_fold_4,TRIM2,0.0,0.0,0.0,0.0,0.0,0.0,0.0
repeat_2_fold_4,TRIM26,-0.1954780735857362,0.22571863681078858,0.11285931840539429,-0.3083373919911305,0.0,0.0038870703764320724,0.5
repeat_2_fold_4,TRIM9,0.0,0.0,0.0,0.0,0.0,0.0,0.0
repeat_2_fold_4,TRIP10,0.0,0.0,0.0,0.0,0.0,0.0,0.0
repeat_2_fold_4,TRMU,0.0,0.0,0.0,0.0,0.0,0.0018014411529223284,0.5
repeat_2_fold_4,TRRAP,0.0,0.0,0.0,0.0,0.0,0.0,0.0
repeat_2_fold_4,TSFM,0.0,0.0,0.0,0.0,0.0,-0.00020016012810247785,0.5
repeat_2_fold_4,TSR1,0.0,0.0,0.0,0.0,0.0,0.0,0.0
repeat_2_fold_4,TST,0.0,0.0,0.0,0.0,0.0,0.0,0.0
repeat_2_fold_4,TTLL12,-0.1278655215530744,0.2557310431061488,0.1278655215530744,-0.2557310431061488,0.0,-0.0020325589440455816,1.0
repeat_2_fold_4,TTN,0.0,0.0,0.0,0.0,0.0,0.0,0.0
repeat_2_fold_4,TUBA1B,0.0,0.0,0.0,0.0,0.0,0.0,0.0
repeat_2_fold_4,TUBG2,0.0,0.0,0.0,0.0,0.0,0.0,0.0
repeat_2_fold_4,TUBGCP2,-1.5666555344097546,1.7401394188103443,0.8700697094051721,-2.4367252438149265,0.0,0.0019258450950613015,1.0
repeat_2_fold_4,TXNRD1,0.0,0.0,0.0,0.0,0.0,0.0,0.0
repeat_2_fold_4,UBE2D4,-1.1633383784952187,1.5892880048142473,0.7946440024071236,-1.9579823809023424,0.0,0.00021785022125719866,1.0
repeat_2_fold_4,UBE3C,0.0,0.0,0.0,0.0,0.0,0.0,0.0
repeat_2_fold_4,UBN1,0.0,0.0,0.0,0.0,0.0,0.0,0.0
repeat_2_fold_4,UBOX5,0.0,0.0,0.0,0.0,0.0,0.0,0.0
repeat_2_fold_4,UCHL1,0.0,0.0,0.0,0.0,0.0,0.0,0.0
repeat_2_fold_4,UCHL3,0.0,0.0,0.0,0.0,0.0,0.0,0.0
repeat_2_fold_4,UCKL1,0.0,0.0,0.0,0.0,0.0,0.0,0.0
repeat_2_fold_4,UFD1,0.0,0.0,0.0,0.0,0.0,0.001329787234042562,0.5
repeat_2_fold_4,UGCG,-0.7053111518421584,1.4106223036843168,0.7053111518421584,-1.4106223036843168,0.0,0.0,0.5
repeat_2_fold_4,UNC13B,0.0,0.0,0.0,0.0,0.0,0.0,0.0
repeat_2_fold_4,UPP1,0.0,0.0,0.0,0.0,0.0,0.0,0.0
repeat_2_fold_4,USP16,0.010503427903524098,0.021006855807048197,0.010503427903524098,0.0,0.25,0.0011252045826513901,0.5
repeat_2_fold_4,UTP11,0.0,0.0,0.0,0.0,0.0,0.0,0.0
repeat_2_fold_4,UTP6,0.0,0.0,0.0,0.0,0.0,0.0,0.0
repeat_2_fold_4,UTS2,0.0,0.0,0.0,0.0,0.0,0.0,0.0
repeat_2_fold_4,VCAM1,0.0,0.0,0.0,0.0,0.0,0.0,0.0
repeat_2_fold_4,VDAC2,-0.07630771211597498,0.21362277354889428,0.10681138677444714,-0.1831190988904221,0.25,0.001022913256955832,0.5
repeat_2_fold_4,VPS11,0.0,0.0,0.0,0.0,0.0,0.0,0.0
repeat_2_fold_4,VWA1,-0.33330475311003127,0.6666095062200625,0.33330475311003127,-0.6666095062200625,0.0,0.00260208166533224,1.0
repeat_2_fold_4,WDR1,0.0,0.0,0.0,0.0,0.0,0.0,0.0
repeat_2_fold_4,WDR12,0.0,0.0,0.0,0.0,0.0,0.0,0.0
repeat_2_fold_4,WDR19,0.0,0.0,0.0,0.0,0.0,0.0,0.0
repeat_2_fold_4,WLS,0.0,0.0,0.0,0.0,0.0,0.0,0.0
repeat_2_fold_4,WNT16,0.0,0.0,0.0,0.0,0.0,0.0,0.0
repeat_2_fold_4,WT1,0.0,0.0,0.0,0.0,0.0,0.0,0.0
repeat_2_fold_4,XCL2,-0.030126484760206296,0.06025296952041259,0.030126484760206296,-0.06025296952041259,0.0,-0.00020458265139117193,0.5
repeat_2_fold_4,XPO1,0.0,0.0,0.0,0.0,0.0,0.0,0.0
repeat_2_fold_4,ZC3H3,0.0,0.0,0.0,0.0,0.0,0.0,0.0
repeat_2_fold_4,ZEB1,0.0,0.0,0.0,0.0,0.0,0.0,0.0
repeat_2_fold_4,ZMYM2,-0.22379629052573335,0.2590331188834282,0.1295165594417141,-0.3533128499674475,0.0,-0.00020458265139117193,0.5
repeat_2_fold_4,ZNF143,0.0,0.0,0.0,0.0,0.0,0.0,0.0
repeat_2_fold_4,ZNF189,0.0,0.0,0.0,0.0,0.0,-0.0008006405124099392,0.5
repeat_2_fold_4,ZNF254,-2.0752776443707326,1.8018404370704908,0.9009202185352454,-2.9761978629059778,0.25,-0.0028243544098781603,1.0
repeat_2_fold_4,ZNF266,0.0,0.0,0.0,0.0,0.0,0.0,0.0
repeat_2_fold_4,ZNF267,0.0,0.0,0.0,0.0,0.0,0.0,0.0
repeat_2_fold_4,ZNF3,0.0,0.0,0.0,0.0,0.0,0.0,0.0
repeat_2_fold_4,ZNF350,0.0,0.0,0.0,0.0,0.0,0.0,0.0
repeat_2_fold_4,ZNF415,-0.021855793546738056,0.025236896575124207,0.012618448287562103,-0.03447424183430016,0.0,-0.0005114566284779021,0.5
repeat_2_fold_4,ZNF443,0.0,0.0,0.0,0.0,0.0,0.0,0.0
repeat_2_fold_4,ZNF45,0.0,0.0,0.0,0.0,0.0,-0.0024019215372297897,0.5
repeat_2_fold_4,ZNF468,0.0,0.0,0.0,0.0,0.0,0.0,0.0
repeat_2_fold_4,ZNF480,-0.8464208291537236,1.438717899029154,0.719358949514577,-1.5657797786683005,0.0,0.005337412319380869,1.0
repeat_2_fold_4,ZNF550,0.0,0.0,0.0,0.0,0.0,0.0,0.0
repeat_2_fold_4,ZNF669,0.0,0.0,0.0,0.0,0.0,0.0,0.0
repeat_2_fold_4,ZNF675,0.0,0.0,0.0,0.0,0.0,0.0,0.0
repeat_2_fold_4,ZNF74,0.012736164593579957,0.05134744468252397,0.025673722341261983,-0.012937557747682026,0.25,0.0009206219312602182,0.5
repeat_2_fold_4,ZRSR2,-0.0977390367928681,0.1954780735857362,0.0977390367928681,-0.1954780735857362,0.0,0.0,0.5
full_development,A1CF,0.0,0.0,0.0,0.0,0.0,0.0003317116320211977,0.5
full_development,A2M,-0.06290019338969444,0.07263088717123921,0.036315443585619604,-0.09921563697531405,0.0,0.00044228217602829134,0.5
full_development,A4GALT,0.016855759958462002,0.033711519916924004,0.016855759958462002,0.0,0.25,-0.001281208350524976,1.0
full_development,A4GNT,0.0,0.0,0.0,0.0,0.0,0.0,0.0
full_development,AAAS,-0.20678653839094707,0.24867599107969843,0.12433799553984921,-0.33112453393079627,0.0,0.000838926174496657,0.5
full_development,AACS,0.0,0.0,0.0,0.0,0.0,0.0,0.0
full_development,AADAC,0.12403847114826227,0.17761521608455552,0.08880760804227776,0.035230863105984514,0.5,0.0005528527200353572,0.5
full_development,AAK1,0.003283084725294927,0.0713384006729524,0.0356692003364762,-0.03238611561118127,0.25,5.528527200351907e-05,0.5
full_development,AAMP,-0.11132308187099405,0.1444100995014573,0.07220504975072865,-0.1835281316217227,0.0,0.0013821318000884486,0.5
full_development,AANAT,0.0,0.0,0.0,0.0,0.0,0.0002211410880141318,0.5
full_development,AARS1,0.0,0.0,0.0,0.0,0.0,0.0005528527200353572,0.5
full_development,AASDHPPT,0.0,0.0,0.0,0.0,0.0,-0.00011984659635666528,0.5
full_development,AATF,-0.062046985682783884,0.07442643393988942,0.03721321696994471,-0.09926020265272859,0.5,-0.0006955184051720409,1.0
full_development,ABCA12,0.0,0.0,0.0,0.0,0.0,0.0,0.0
full_development,ABCA2,0.0223863511909439,0.04647158644039235,0.023235793220196175,-0.0008494420292522765,0.75,0.0012943803448613456,1.0
full_development,ABCA3,0.0,0.0,0.0,0.0,0.0,0.0,0.0
full_development,ABCA4,0.20951687228123816,0.34976726115151946,0.17488363057575973,0.034633241705478435,0.5,0.0030959752321981227,0.5
full_development,ABCA5,0.011830217654679842,0.07938091815485393,0.039690459077426965,-0.027860241422747123,0.25,0.0019902697921273804,0.5
full_development,ABCA6,-0.05683324753297292,0.06636900571000445,0.033184502855002226,-0.09001775038797515,0.0,0.0004975674480318104,0.5
full_development,ABCA7,0.04764258717070291,0.2856642241678149,0.14283211208390745,-0.09518952491320454,0.25,-0.0014381591562799834,0.5
full_development,ABCA8,-0.031625542046953115,0.06325108409390623,0.031625542046953115,-0.06325108409390623,0.0,0.0004194630872483285,0.5
full_development,ABCB1,0.0,0.0,0.0,0.0,0.0,0.0,0.0
full_development,ABCB11,0.0037133248285616816,0.007426649657123363,0.0037133248285616816,0.0,0.25,-0.0010786193672099598,0.5
full_development,ABCB6,-0.05953775926534277,0.0690151900275368,0.0345075950137684,-0.09404535427911118,0.0,0.00011984659635666528,0.5
full_development,ABCB7,0.0,0.0,0.0,0.0,0.0,0.00017976989453497016,1.0
full_development,ABCB8,0.0,0.0,0.0,0.0,0.0,0.0,0.0
full_development,ABCB9,-0.024198892389827975,0.05871894881463108,0.02935947440731554,-0.053558366797143514,0.25,-0.00035953978906999584,0.5
full_development,ABCC1,-0.04193309321746419,0.04848992647425913,0.024244963237129564,-0.06617805645459375,0.0,-0.0021835827230927973,1.0
full_development,ABCC10,0.0,0.0,0.0,0.0,0.0,0.0,0.0
full_development,ABCC2,0.059715724729230146,0.06895377949454923,0.034476889747274614,0.025238834981955532,0.5,0.0006081379920389041,0.5
full_development,ABCC3,0.0,0.0,0.0,0.0,0.0,0.00035953978906999584,0.5
full_development,ABCC4,0.0,0.0,0.0,0.0,0.0,0.0002211410880141318,0.5
full_development,ABCC6,0.0,0.0,0.0,0.0,0.0,0.0,0.0
full_development,ABCC8,0.15213074716369235,0.11187931624019531,0.05593965812009766,0.09619108904359469,1.0,0.004124689437767309,1.0
full_development,ABCD1,0.0,0.0,0.0,0.0,0.0,-0.0003317116320212532,0.5
full_development,ABCD2,0.0,0.0,0.0,0.0,0.0,0.0,0.5
full_development,ABCD3,0.06595861611461018,0.12221577222009297,0.061107886110046486,0.004850730004563694,0.5,0.003235858101629907,0.5
full_development,ABCD4,0.0,0.0,0.0,0.0,0.0,0.0,0.0
full_development,ABCE1,0.23784889451829194,0.40689214716293337,0.20344607358146669,0.03440282093682526,0.5,-0.0036553211888782355,0.5
full_development,ABCF1,0.0,0.0,0.0,0.0,0.0,0.0,0.0
full_development,ABCF2,0.0,0.0,0.0,0.0,0.0,0.0,0.0
full_development,ABCG1,0.0,0.0,0.0,0.0,0.0,0.0,0.0
full_development,ABCG2,0.0,0.0,0.0,0.0,0.0,0.0,0.0
full_development,ABCG4,0.0,0.0,0.0,0.0,0.0,0.0,0.0
full_development,ABCG5,0.0,0.0,0.0,0.0,0.0,0.0,0.0
full_development,ABHD10,0.0,0.0,0.0,0.0,0.0,0.0,0.0
full_development,ABHD17A,0.0,0.0,0.0,0.0,0.0,0.0,0.0
full_development,ABHD17B,0.013858934270928103,0.019142226614891098,0.009571113307445549,0.004287820963482554,0.5,0.00035953978906999584,0.5
full_development,ABHD3,0.0,0.0,0.0,0.0,0.0,0.0,0.0
full_development,ABHD4,0.0,0.0,0.0,0.0,0.0,0.0,0.0
full_development,ABHD5,0.0,0.0,0.0,0.0,0.0,0.0,0.0
full_development,ABHD6,0.0,0.0,0.0,0.0,0.0,0.0,0.0
full_development,ABI1,0.0,0.0,0.0,0.0,0.0,0.0,0.0
full_development,ABI2,0.0,0.0,0.0,0.0,0.0,0.0,0.0
full_development,ABL1,0.0,0.0,0.0,0.0,0.0,0.0,0.0
full_development,ABL2,0.0,0.0,0.0,0.0,0.0,0.0,0.0
full_development,ABLIM1,0.0,0.0,0.0,0.0,0.0,0.0,0.0
full_development,ABLIM3,0.0,0.0,0.0,0.0,0.0,0.0,0.0
full_development,ABR,0.0,0.0,0.0,0.0,0.0,0.0,0.0
full_development,ACAA1,0.0,0.0,0.0,0.0,0.0,0.0,0.0
full_development,ACAA2,0.0,0.0,0.0,0.0,0.0,0.0,0.0
full_development,ACACA,0.0,0.0,0.0,0.0,0.0,0.0,0.0
full_development,ACACB,0.0,0.0,0.0,0.0,0.0,0.0,0.0
full_development,ACAD10,0.0,0.0,0.0,0.0,0.0,0.0,0.0
full_development,ACAD8,0.0,0.0,0.0,0.0,0.0,0.0,0.0
full_development,ACADL,0.3153783877424807,0.36416759411942284,0.18208379705971142,0.1332945906827693,0.5,0.0002678923918560394,1.0
full_development,ACADM,0.0,0.0,0.0,0.0,0.0,0.0,0.0
full_development,ACADS,0.0,0.0,0.0,0.0,0.0,0.0,0.0
full_development,ACAN,0.0,0.0,0.0,0.0,0.0,0.0,0.0
full_development,ACAT1,0.0,0.0,0.0,0.0,0.0,0.0,0.0
full_development,ACAT2,0.0,0.0,0.0,0.0,0.0,0.0,0.0
full_development,ACBD3,0.0,0.0,0.0,0.0,0.0,0.0,0.0
full_development,ACBD4,0.0,0.0,0.0,0.0,0.0,0.0,0.0
full_development,ACD,0.0,0.0,0.0,0.0,0.0,0.0,0.0
full_development,ACE,0.0,0.0,0.0,0.0,0.0,0.0,0.0
full_development,ACE2,0.0,0.0,0.0,0.0,0.0,0.0,0.0
full_development,ACHE,0.0,0.0,0.0,0.0,0.0,0.0,0.0
full_development,ACIN1,0.0,0.0,0.0,0.0,0.0,0.0,0.0
full_development,ACKR2,0.0,0.0,0.0,0.0,0.0,0.0,0.0
full_development,ACKR3,0.0,0.0,0.0,0.0,0.0,0.0,0.0
full_development,ACKR4,0.0,0.0,0.0,0.0,0.0,0.0,0.0
full_development,ACO1,0.0,0.0,0.0,0.0,0.0,0.0,0.0
full_development,ACO2,0.0,0.0,0.0,0.0,0.0,0.0,0.0
full_development,ACOT11,0.0,0.0,0.0,0.0,0.0,0.0,0.0
full_development,ACOT13,0.0,0.0,0.0,0.0,0.0,0.0,0.0
full_development,ACOT2,0.0,0.0,0.0,0.0,0.0,0.0,0.0
full_development,ACOT7,0.4500145797569477,0.5198961290818725,0.2599480645409363,0.19006651521601142,0.5,0.0016179290508149535,0.5
full_development,ACOT8,0.0,0.0,0.0,0.0,0.0,0.0,0.0
full_development,ACOT9,-0.06325108409390623,0.07303606085630485,0.03651803042815242,-0.09976911452205865,0.0,0.0004793863854266611,0.5
full_development,ACOX1,0.0,0.0,0.0,0.0,0.0,0.0,0.0
full_development,ACOX2,0.0,0.0,0.0,0.0,0.0,0.0,0.0
full_development,ACOX3,0.0,0.0,0.0,0.0,0.0,0.0,0.0
full_development,ACOXL,0.0,0.0,0.0,0.0,0.0,0.0004793863854266611,0.5
full_development,ACP3,0.0,0.0,0.0,0.0,0.0,0.0,0.0
full_development,ACP5,0.0,0.0,0.0,0.0,0.0,0.0,0.0
full_development,ACP6,0.0,0.0,0.0,0.0,0.0,0.0,0.0
full_development,ACR,0.0,0.0,0.0,0.0,0.0,0.0,0.0
full_development,ACSBG1,0.0,0.0,0.0,0.0,0.0,0.0,0.0
full_development,ACSBG2,0.0,0.0,0.0,0.0,0.0,0.0,0.0
full_development,ACSF2,0.0,0.0,0.0,0.0,0.0,0.0,0.0
full_development,ACSL1,0.0,0.0,0.0,0.0,0.0,0.0,0.0
full_development,ACSL3,0.15514885056921557,0.2729405869147205,0.13647029345736025,0.018678557111855315,0.5,0.011132190424739286,1.0
full_development,ACSL4,0.0,0.0,0.0,0.0,0.0,0.0,0.0
full_development,ACSL5,0.0,0.0,0.0,0.0,0.0,0.0,0.0
full_development,ACSL6,0.0,0.0,0.0,0.0,0.0,0.0,0.0
full_development,ACSM1,0.0,0.0,0.0,0.0,0.0,0.0,0.0
full_development,ACSM2A,0.0,0.0,0.0,0.0,0.0,0.0,0.0
full_development,ACSM3,0.0,0.0,0.0,0.0,0.0,0.0,0.0
full_development,ACSM5,0.0,0.0,0.0,0.0,0.0,0.0,0.0
full_development,ACSS3,0.0,0.0,0.0,0.0,0.0,0.0,0.0
full_development,ACTA1,0.0,0.0,0.0,0.0,0.0,0.0,0.0
full_development,ACTA2,0.0,0.0,0.0,0.0,0.0,0.0,0.0
full_development,ACTB,0.0,0.0,0.0,0.0,0.0,0.0,0.0
full_development,ACTC1,0.0,0.0,0.0,0.0,0.0,0.0,0.0
full_development,ACTG1,0.0,0.0,0.0,0.0,0.0,0.0,0.0
full_development,ACTG2,0.0,0.0,0.0,0.0,0.0,0.0,0.0
full_development,ACTL6B,0.0,0.0,0.0,0.0,0.0,0.0,0.0
full_development,ACTN1,0.034205912353485246,0.06841182470697049,0.034205912353485246,0.0,0.25,-0.0006634232640424509,0.5
full_development,ACTN2,0.0,0.0,0.0,0.0,0.0,0.0,0.0
full_development,ACTN3,0.0,0.0,0.0,0.0,0.0,0.0,0.0
full_development,ACTN4,0.0,0.0,0.0,0.0,0.0,0.0,0.0
full_development,ACTR10,0.0,0.0,0.0,0.0,0.0,0.0,0.0
full_development,ACTR1A,0.0,0.0,0.0,0.0,0.0,0.0,0.0
full_development,ACTR1B,0.0,0.0,0.0,0.0,0.0,0.0,0.0
full_development,ACTR2,0.0,0.0,0.0,0.0,0.0,0.0,0.0
full_development,ACTR3,0.0,0.0,0.0,0.0,0.0,0.0,0.0
full_development,ACTR5,0.0,0.0,0.0,0.0,0.0,0.0,0.0
full_development,ACTR8,0.0,0.0,0.0,0.0,0.0,0.0,0.0
full_development,ACVR1B,0.0,0.0,0.0,0.0,0.0,0.0,0.0
full_development,ACVR2A,0.0,0.0,0.0,0.0,0.0,0.0,0.0
full_development,ACVR2B,0.0,0.0,0.0,0.0,0.0,0.0,0.0
full_development,ACVRL1,0.0,0.0,0.0,0.0,0.0,0.0,0.0
full_development,ACY1,0.0,0.0,0.0,0.0,0.0,0.0,0.0
full_development,ADA,0.0,0.0,0.0,0.0,0.0,0.0,0.0
full_development,ADA2,0.0,0.0,0.0,0.0,0.0,0.0,0.0
full_development,ADAM11,0.0,0.0,0.0,0.0,0.0,0.0,0.0
full_development,ADAM12,0.0,0.0,0.0,0.0,0.0,0.0,0.0
full_development,ADAM17,0.0,0.0,0.0,0.0,0.0,0.000659156279961659,0.5
full_development,ADAM19,0.0,0.0,0.0,0.0,0.0,0.0,0.0
full_development,ADAM2,0.0,0.0,0.0,0.0,0.0,0.0,0.0
full_development,ADAM20,0.0,0.0,0.0,0.0,0.0,0.0,0.0
full_development,ADAM21,0.0,0.0,0.0,0.0,0.0,0.0,0.0
full_development,ADAM22,-0.02670811880726731,0.05663854489574511,0.028319272447872555,-0.05502739125513986,0.5,-0.0007832698603991162,1.0
full_development,ADAM23,0.0,0.0,0.0,0.0,0.0,0.0,0.0
full_development,ADAM8,0.0,0.0,0.0,0.0,0.0,0.0,0.0
full_development,ADAM9,0.0,0.0,0.0,0.0,0.0,0.0,0.0
full_development,ADAMTS1,0.0,0.0,0.0,0.0,0.0,0.0,0.0
full_development,ADAMTS12,0.0,0.0,0.0,0.0,0.0,0.0,0.0
full_development,ADAMTS13,0.0,0.0,0.0,0.0,0.0,0.0,0.0
full_development,ADAMTS2,0.0,0.0,0.0,0.0,0.0,0.0,0.0
full_development,ADAMTS3,0.0,0.0,0.0,0.0,0.0,0.0,0.0
full_development,ADAMTS5,0.0,0.0,0.0,0.0,0.0,0.0,0.0
full_development,ADAMTS6,0.06186473638692469,0.08259018748144976,0.04129509374072488,0.020569642646199808,0.5,0.0003131595273220267,1.0
full_development,ADAMTS7,0.0,0.0,0.0,0.0,0.0,0.0,0.0
full_development,ADAMTS9,0.0,0.0,0.0,0.0,0.0,0.0,0.0
full_development,ADAMTSL2,0.0,0.0,0.0,0.0,0.0,0.0,0.0
full_development,ADAMTSL4,0.0,0.0,0.0,0.0,0.0,0.0,0.0
full_development,ADAP1,0.0,0.0,0.0,0.0,0.0,0.0,0.0
full_development,ADAR,0.0,0.0,0.0,0.0,0.0,0.0,0.0
full_development,ADAT1,0.0,0.0,0.0,0.0,0.0,0.0,0.0
full_development,ADCY1,0.0,0.0,0.0,0.0,0.0,0.0,0.0
full_development,ADCY10,0.0,0.0,0.0,0.0,0.0,0.0,0.0
full_development,ADCY2,0.0,0.0,0.0,0.0,0.0,0.0,0.0
full_development,ADCY3,0.0,0.0,0.0,0.0,0.0,0.0,0.0
full_development,ADCY6,-0.021479932604586693,0.04295986520917339,0.021479932604586693,-0.04295986520917339,0.0,0.0004793863854266611,0.5
full_development,ADCY7,0.0,0.0,0.0,0.0,0.0,0.0,0.0
full_development,ADCY8,0.0,0.0,0.0,0.0,0.0,0.0,0.0
full_development,ADCY9,0.0,0.0,0.0,0.0,0.0,0.0,0.0
full_development,ADCYAP1,0.0,0.0,0.0,0.0,0.0,0.0,0.0
full_development,ADCYAP1R1,0.0,0.0,0.0,0.0,0.0,0.0,0.0
full_development,ADD1,0.0,0.0,0.0,0.0,0.0,0.0,0.0
full_development,ADD2,0.0,0.0,0.0,0.0,0.0,0.0,0.0
full_development,ADD3,0.0,0.0,0.0,0.0,0.0,0.0,0.0
full_development,ADGRE1,0.0,0.0,0.0,0.0,0.0,0.0,0.0
full_development,ADGRE2,0.0,0.0,0.0,0.0,0.0,0.0,0.0
full_development,ADGRE5,0.0,0.0,0.0,0.0,0.0,0.0,0.0
full_development,ADGRF5,0.0,0.0,0.0,0.0,0.0,0.0,0.0
full_development,ADGRG3,0.0,0.0,0.0,0.0,0.0,0.0,0.0
full_development,ADGRG6,0.0,0.0,0.0,0.0,0.0,0.0,0.0
full_development,ADGRV1,0.0,0.0,0.0,0.0,0.0,0.0,0.0
full_development,ADH1A,0.0,0.0,0.0,0.0,0.0,0.0,0.0
full_development,ADH1B,0.0,0.0,0.0,0.0,0.0,0.0,0.0
full_development,ADH1C,0.0,0.0,0.0,0.0,0.0,0.0,0.0
full_development,ADH5,0.0,0.0,0.0,0.0,0.0,0.0,0.0
full_development,ADH6,0.0,0.0,0.0,0.0,0.0,0.0,0.0
full_development,ADH7,0.0,0.0,0.0,0.0,0.0,0.0,0.0
full_development,ADI1,0.0,0.0,0.0,0.0,0.0,0.0,0.0
full_development,ADIPOQ,0.0,0.0,0.0,0.0,0.0,0.0,0.0
full_development,ADIPOR1,0.0,0.0,0.0,0.0,0.0,0.0,0.0
full_development,ADIPOR2,0.0,0.0,0.0,0.0,0.0,0.0,0.0
full_development,ADIRF,0.0,0.0,0.0,0.0,0.0,0.0,0.0
full_development,ADK,0.0,0.0,0.0,0.0,0.0,0.0,0.0
full_development,ADM,0.0,0.0,0.0,0.0,0.0,0.0,0.0
full_development,ADM2,0.0,0.0,0.0,0.0,0.0,0.0,0.0
full_development,ADORA1,0.0,0.0,0.0,0.0,0.0,0.0,0.0
full_development,ADORA2A,0.0,0.0,0.0,0.0,0.0,0.0,0.0
full_development,ADORA2B,0.0,0.0,0.0,0.0,0.0,0.0,0.0
full_development,ADORA3,0.0,0.0,0.0,0.0,0.0,0.0,0.0
full_development,ADPGK,0.0,0.0,0.0,0.0,0.0,0.0,0.0
full_development,ADPRM,0.0,0.0,0.0,0.0,0.0,0.0,0.0
full_development,ADRA1A,0.0,0.0,0.0,0.0,0.0,0.0,0.0
full_development,ADRA1B,0.0,0.0,0.0,0.0,0.0,0.0,0.0
full_development,ADRA1D,0.0,0.0,0.0,0.0,0.0,0.0,0.0
full_development,ADRA2A,0.0,0.0,0.0,0.0,0.0,0.0,0.0
full_development,ADRA2B,0.0,0.0,0.0,0.0,0.0,0.0,0.0
full_development,ADRA2C,0.0,0.0,0.0,0.0,0.0,0.0,0.0
full_development,ADRB1,0.0,0.0,0.0,0.0,0.0,0.0,0.0
full_development,ADRB3,0.0,0.0,0.0,0.0,0.0,0.0,0.0
full_development,ADRM1,0.0,0.0,0.0,0.0,0.0,0.0,0.0
full_development,ADSL,0.0,0.0,0.0,0.0,0.0,0.0,0.0
full_development,ADSS2,0.0,0.0,0.0,0.0,0.0,0.0,0.0
full_development,AFDN,0.0,0.0,0.0,0.0,0.0,0.0,0.0
full_development,AFF4,0.0,0.0,0.0,0.0,0.0,0.0,0.0
full_development,AFG3L2,0.0,0.0,0.0,0.0,0.0,0.0,0.0
full_development,AFP,0.0,0.0,0.0,0.0,0.0,0.0,0.0
full_development,AGA,0.0,0.0,0.0,0.0,0.0,0.0,0.0
full_development,AGAP2,0.0,0.0,0.0,0.0,0.0,0.0,0.0
full_development,AGBL2,0.0,0.0,0.0,0.0,0.0,0.0,0.0
full_development,AGBL3,0.0,0.0,0.0,0.0,0.0,0.0,0.0
full_development,AGBL5,0.0,0.0,0.0,0.0,0.0,0.0,0.0
full_development,AGER,0.0,0.0,0.0,0.0,0.0,0.0,0.0
full_development,AGFG1,0.0,0.0,0.0,0.0,0.0,0.0,0.0
full_development,AGK,0.0,0.0,0.0,0.0,0.0,0.0,0.0
full_development,AGL,0.0,0.0,0.0,0.0,0.0,0.0,0.0
full_development,AGMAT,0.0,0.0,0.0,0.0,0.0,0.0,0.0
full_development,AGO1,0.0,0.0,0.0,0.0,0.0,0.0,0.0
full_development,AGO2,0.0,0.0,0.0,0.0,0.0,0.0,0.0
full_development,AGO3,0.004920636251485533,0.06140333551146071,0.030701667755730355,-0.025781031504244822,0.25,0.0007739938080495168,0.5
full_development,AGO4,0.0,0.0,0.0,0.0,0.0,0.0,0.0
full_development,AGPAT1,0.0,0.0,0.0,0.0,0.0,0.0,0.0
full_development,AGPAT4,0.0,0.0,0.0,0.0,0.0,0.0,0.0
full_development,AGPAT5,0.0,0.0,0.0,0.0,0.0,0.0,0.0
full_development,AGPS,0.3061843201566301,0.44098432926814457,0.22049216463407229,0.08569215552255782,0.5,0.001911794389249849,1.0
full_development,AGRN,0.0,0.0,0.0,0.0,0.0,0.0,0.0
full_development,AGRP,0.0,0.0,0.0,0.0,0.0,0.0,0.0
full_development,AGT,0.0,0.0,0.0,0.0,0.0,0.0,0.0
full_development,AGTPBP1,0.0,0.0,0.0,0.0,0.0,0.0,0.0
full_development,AGTR1,-0.025809663003043326,0.05161932600608665,0.025809663003043326,-0.05161932600608665,0.0,5.528527200351907e-05,0.5
full_development,AGTR2,0.0,0.0,0.0,0.0,0.0,0.0,0.0
full_development,AHCTF1,0.0,0.0,0.0,0.0,0.0,0.0,0.0
full_development,AHCY,0.0,0.0,0.0,0.0,0.0,0.0,0.0
full_development,AHCYL2,0.0,0.0,0.0,0.0,0.0,0.0,0.0
full_development,AHI1,0.0,0.0,0.0,0.0,0.0,0.0,0.0
full_development,AHR,0.0,0.0,0.0,0.0,0.0,0.0,0.0
full_development,AHSG,0.0,0.0,0.0,0.0,0.0,0.0,0.0
full_development,AICDA,0.0,0.0,0.0,0.0,0.0,0.0,0.0
full_development,AIM2,0.0,0.0,0.0,0.0,0.0,0.0,0.0
full_development,AIMP2,0.0,0.0,0.0,0.0,0.0,0.0,0.0
full_development,AIP,0.0,0.0,0.0,0.0,0.0,0.0,0.0
full_development,AK1,0.0,0.0,0.0,0.0,0.0,0.0,0.0
full_development,AK2,0.0,0.0,0.0,0.0,0.0,0.0,0.0
full_development,AK5,0.0037133248285616816,0.007426649657123363,0.0037133248285616816,0.0,0.25,0.0010786193672099875,0.5
full_development,AK6,0.0,0.0,0.0,0.0,0.0,0.0,0.0
full_development,AKAP1,0.0,0.0,0.0,0.0,0.0,0.0,0.0
full_development,AKAP10,0.0,0.0,0.0,0.0,0.0,0.0,0.0
full_development,AKAP12,0.0,0.0,0.0,0.0,0.0,0.0,0.0
full_development,AKAP13,0.0,0.0,0.0,0.0,0.0,0.0,0.0
full_development,AKAP5,0.0,0.0,0.0,0.0,0.0,0.0,0.0
full_development,AKAP8L,0.0,0.0,0.0,0.0,0.0,0.0,0.0
full_development,AKAP9,0.0,0.0,0.0,0.0,0.0,0.0,0.0
full_development,AKR1B1,0.0,0.0,0.0,0.0,0.0,0.0,0.0
full_development,AKR1B10,0.0,0.0,0.0,0.0,0.0,0.0,0.0
full_development,AKR1C1,0.0,0.0,0.0,0.0,0.0,0.0,0.0
full_development,AKR1C2,0.0,0.0,0.0,0.0,0.0,0.0,0.0
full_development,AKR1C4,0.0,0.0,0.0,0.0,0.0,0.0,0.0
full_development,AKR7A2,0.0,0.0,0.0,0.0,0.0,0.0,0.0
full_development,AKR7A3,0.0,0.0,0.0,0.0,0.0,0.0,0.0
full_development,AKT1,0.0,0.0,0.0,0.0,0.0,0.0,0.0
full_development,AKT2,0.0,0.0,0.0,0.0,0.0,0.0,0.0
full_development,ALAD,0.0,0.0,0.0,0.0,0.0,0.0,0.0
full_development,ALAS1,0.0,0.0,0.0,0.0,0.0,0.0,0.0
full_development,ALAS2,0.0,0.0,0.0,0.0,0.0,0.0,0.0
full_development,ALB,0.0,0.0,0.0,0.0,0.0,0.0,0.0
full_development,ALCAM,0.0,0.0,0.0,0.0,0.0,0.0,0.0
full_development,ALDH1A1,0.0,0.0,0.0,0.0,0.0,0.0,0.0
full_development,ALDH1A2,0.0,0.0,0.0,0.0,0.0,0.0,0.0
full_development,ALDH1A3,0.0,0.0,0.0,0.0,0.0,0.0,0.0
full_development,ALDH1B1,0.0,0.0,0.0,0.0,0.0,0.0,0.0
full_development,ALDH1L1,0.0,0.0,0.0,0.0,0.0,0.0,0.0
full_development,ALDH3A2,0.0,0.0,0.0,0.0,0.0,0.0,0.0
full_development,ALDH3B1,0.0,0.0,0.0,0.0,0.0,0.0,0.0
full_development,ALDH3B2,0.0,0.0,0.0,0.0,0.0,0.0,0.0
full_development,ALDH5A1,-0.040298133153159554,0.08059626630631911,0.040298133153159554,-0.08059626630631911,0.0,0.0004975674480318382,0.5
full_development,ALDH6A1,0.0,0.0,0.0,0.0,0.0,0.0,0.0
full_development,ALDH8A1,0.0,0.0,0.0,0.0,0.0,0.0,0.0
full_development,ALDH9A1,0.0,0.0,0.0,0.0,0.0,0.0,0.0
full_development,ALDOA,0.0,0.0,0.0,0.0,0.0,0.0,0.0
full_development,ALDOB,0.0,0.0,0.0,0.0,0.0,0.0,0.0
full_development,ALDOC,0.0,0.0,0.0,0.0,0.0,0.0,0.0
full_development,ALG12,0.0,0.0,0.0,0.0,0.0,0.0,0.0
full_development,ALG13,0.0,0.0,0.0,0.0,0.0,0.0,0.0
full_development,ALG3,0.0,0.0,0.0,0.0,0.0,0.0,0.0
full_development,ALG5,0.0,0.0,0.0,0.0,0.0,0.0,0.0
full_development,ALG6,0.0,0.0,0.0,0.0,0.0,0.0,0.0
full_development,ALG8,0.0,0.0,0.0,0.0,0.0,0.0,0.0
full_development,ALG9,-0.05161932600608665,0.05960486353000236,0.02980243176500118,-0.08142175777108783,0.0,-0.0008292790800530914,0.5
full_development,ALOX12,0.0,0.0,0.0,0.0,0.0,0.0,0.0
full_development,ALOX12B,0.0,0.0,0.0,0.0,0.0,0.0,0.0
full_development,ALOX15B,0.0,0.0,0.0,0.0,0.0,0.0,0.0
full_development,ALOX5,0.0,0.0,0.0,0.0,0.0,0.0,0.0
full_development,ALOX5AP,0.0,0.0,0.0,0.0,0.0,0.0,0.0
full_development,ALOXE3,0.0,0.0,0.0,0.0,0.0,0.0,0.0
full_development,ALPG,0.0,0.0,0.0,0.0,0.0,0.0,0.0
full_development,ALPI,0.0,0.0,0.0,0.0,0.0,0.0,0.0
full_development,ALPK1,0.0,0.0,0.0,0.0,0.0,0.0,0.0
full_development,ALPL,0.0,0.0,0.0,0.0,0.0,0.0,0.0
full_development,ALPP,0.0,0.0,0.0,0.0,0.0,0.0,0.0
full_development,ALS2CL,0.0,0.0,0.0,0.0,0.0,0.0,0.0
full_development,AMACR,0.0,0.0,0.0,0.0,0.0,0.0,0.0
full_development,AMBN,0.0,0.0,0.0,0.0,0.0,0.0,0.0
full_development,AMBP,0.0,0.0,0.0,0.0,0.0,0.0,0.0
full_development,AMBRA1,0.0,0.0,0.0,0.0,0.0,0.0,0.0
full_development,AMD1,0.0,0.0,0.0,0.0,0.0,0.0,0.0
full_development,AMDHD2,0.0,0.0,0.0,0.0,0.0,0.0,0.0
full_development,AMELX,0.0,0.0,0.0,0.0,0.0,0.0,0.0
full_development,AMFR,0.0,0.0,0.0,0.0,0.0,0.0,0.0
full_development,AMH,0.0,0.0,0.0,0.0,0.0,0.0,0.0
full_development,AMIGO2,0.0,0.0,0.0,0.0,0.0,0.0,0.0
full_development,AMN,0.0,0.0,0.0,0.0,0.0,0.0,0.0
full_development,AMOT,0.0,0.0,0.0,0.0,0.0,0.0,0.0
full_development,AMOTL2,0.0,0.0,0.0,0.0,0.0,0.0,0.0
full_development,AMPD1,0.0,0.0,0.0,0.0,0.0,0.0,0.0
full_development,AMPD2,0.0,0.0,0.0,0.0,0.0,0.0,0.0
full_development,AMPD3,0.0,0.0,0.0,0.0,0.0,0.0,0.0
full_development,AMPH,0.0,0.0,0.0,0.0,0.0,0.0,0.0
full_development,AMT,0.0,0.0,0.0,0.0,0.0,0.0,0.0
full_development,AMY1A,0.0,0.0,0.0,0.0,0.0,0.0,0.0
full_development,ANAPC1,0.0,0.0,0.0,0.0,0.0,0.0,0.0
full_development,ANAPC10,0.0,0.0,0.0,0.0,0.0,0.0,0.0
full_development,ANAPC13,0.0,0.0,0.0,0.0,0.0,0.0,0.0
full_development,ANAPC15,0.0,0.0,0.0,0.0,0.0,0.0,0.0
full_development,ANAPC2,0.0,0.0,0.0,0.0,0.0,0.0,0.0
full_development,ANAPC5,0.36532502570472936,0.45613150502791416,0.22806575251395708,0.13725927319077227,0.75,0.006365041601239574,1.0
full_development,ANG,0.0,0.0,0.0,0.0,0.0,0.0,0.0
full_development,ANGPT1,0.0,0.0,0.0,0.0,0.0,0.0,0.0
full_development,ANGPT2,0.0,0.0,0.0,0.0,0.0,0.0,0.0
full_development,ANGPT4,0.0,0.0,0.0,0.0,0.0,0.0,0.0
full_development,ANGPTL3,0.0,0.0,0.0,0.0,0.0,0.0,0.0
full_development,ANGPTL4,0.0,0.0,0.0,0.0,0.0,0.0,0.0
full_development,ANGPTL8,0.0,0.0,0.0,0.0,0.0,0.0,0.0
full_development,ANK1,0.0,0.0,0.0,0.0,0.0,0.0,0.0
full_development,ANK2,0.0,0.0,0.0,0.0,0.0,0.0,0.0
full_development,ANK3,0.0,0.0,0.0,0.0,0.0,0.0,0.0
full_development,ANKLE2,0.0,0.0,0.0,0.0,0.0,0.0,0.0
full_development,ANKRD1,0.0,0.0,0.0,0.0,0.0,0.0,0.0
full_development,ANKRD26,0.0,0.0,0.0,0.0,0.0,0.0,0.0
full_development,ANKRD27,0.0,0.0,0.0,0.0,0.0,0.0,0.0
full_development,ANKRD28,0.0,0.0,0.0,0.0,0.0,0.0,0.0
full_development,ANKZF1,0.0,0.0,0.0,0.0,0.0,0.0,0.0
full_development,ANO1,0.0,0.0,0.0,0.0,0.0,0.0,0.0
full_development,ANO10,0.0,0.0,0.0,0.0,0.0,0.0,0.0
full_development,ANO2,0.0,0.0,0.0,0.0,0.0,0.0,0.0
full_development,ANO3,0.0,0.0,0.0,0.0,0.0,0.0,0.0
full_development,ANOS1,0.0,0.0,0.0,0.0,0.0,0.0,0.0
full_development,ANP32A,0.0,0.0,0.0,0.0,0.0,0.0,0.0
full_development,ANTXR1,0.0,0.0,0.0,0.0,0.0,0.0,0.0
full_development,ANXA1,0.0,0.0,0.0,0.0,0.0,0.0,0.0
full_development,ANXA2,0.0,0.0,0.0,0.0,0.0,0.0,0.0
full_development,ANXA3,0.0,0.0,0.0,0.0,0.0,0.0,0.0
full_development,ANXA5,0.0,0.0,0.0,0.0,0.0,0.0,0.0
full_development,ANXA6,0.0,0.0,0.0,0.0,0.0,0.0,0.0
full_development,AP2S1,0.016593283690486516,0.19971545186791473,0.09985772593395736,-0.08326444224347085,0.25,0.0001847789628037777,1.0
full_development,APBA1,-0.04356264172595914,0.05030180585418746,0.02515090292709373,-0.06871354465305288,0.0,0.0009587727708533222,0.5
full_development,AQP4,0.0,0.0,0.0,0.0,0.0,0.0,0.0
full_development,ARAF,0.0,0.0,0.0,0.0,0.0,0.0,0.0
full_development,ARC,0.0,0.0,0.0,0.0,0.0,0.0,0.0
full_development,ARHGAP8,0.0,0.0,0.0,0.0,0.0,-0.0002211410880141873,0.5
full_development,ARHGEF11,0.0,0.0,0.0,0.0,0.0,-0.00023969319271333056,0.5
full_development,ARHGEF6,0.0,0.0,0.0,0.0,0.0,0.0,0.0
full_development,ARPC4,0.0,0.0,0.0,0.0,0.0,0.0,0.0
full_development,ARSB,0.0,0.0,0.0,0.0,0.0,0.0,0.0
full_development,ASGR1,0.0,0.0,0.0,0.0,0.0,0.0,0.0
full_development,ASH1L,0.0,0.0,0.0,0.0,0.0,0.0,0.0
full_development,ASPA,0.0,0.0,0.0,0.0,0.0,0.0,0.0
full_development,ATG14,0.08007897895682348,0.22758676669289837,0.11379338334644919,-0.03371440438962571,0.25,0.00044228217602829134,0.5
full_development,ATG16L1,0.0,0.0,0.0,0.0,0.0,0.0,0.0
full_development,ATG4B,0.0,0.0,0.0,0.0,0.0,0.0,0.0
full_development,ATP11B,0.0,0.0,0.0,0.0,0.0,0.0,0.0
full_development,ATP6V1G1,0.0,0.0,0.0,0.0,0.0,0.0,0.0
full_development,ATP7A,0.0,0.0,0.0,0.0,0.0,0.0,0.0
full_development,AURKA,-0.46233781151155817,0.982151308099459,0.4910756540497295,-0.9534134655612877,0.25,0.002337008628954945,0.5
full_development,AUTS2,0.0,0.0,0.0,0.0,0.0,0.0,0.0
full_development,AXIN1,0.14816395295547125,0.18330461360496947,0.09165230680248473,0.05651164615298651,0.5,0.0007739938080495168,0.5
full_development,B3GALT2,0.08096492408083122,0.26608410975438784,0.13304205487719392,-0.0520771307963627,0.5,0.0018618892276091037,1.0
full_development,B3GNT4,0.0,0.0,0.0,0.0,0.0,-0.000939849624060185,0.5
full_development,B3GNTL1,0.017770501973783936,0.08520467809327352,0.04260233904663676,-0.024831837072852823,0.25,0.0018429660808159387,1.0
full_development,B9D2,0.0,0.0,0.0,0.0,0.0,0.0,0.0
full_development,BAIAP2,0.0,0.0,0.0,0.0,0.0,0.0,0.0
full_development,BCAS2,0.017572259099488008,0.026195446723264366,0.013097723361632183,0.004474535737855825,0.5,0.0020373921380632543,0.5
full_development,BCAT1,0.0,0.0,0.0,0.0,0.0,0.0,0.0
full_development,BCAT2,0.0,0.0,0.0,0.0,0.0,0.0,0.0
full_development,BCS1L,0.0,0.0,0.0,0.0,0.0,0.0,0.0
full_development,BHMT2,0.0024609116134950426,0.1013105443342703,0.05065527216713515,-0.048194360553640105,0.5,-0.0008799263258818246,1.0
full_development,BICD2,0.0,0.0,0.0,0.0,0.0,0.0001105705440070659,0.5
full_development,BIN2,0.0,0.0,0.0,0.0,0.0,0.0,0.0
full_development,BLNK,-0.10533453040181939,0.028257219588014713,0.014128609794007357,-0.11946314019582675,0.0,0.0017053094639480626,1.0
full_development,BLVRA,0.0,0.0,0.0,0.0,0.0,0.0,0.0
full_development,BMP2,0.0,0.0,0.0,0.0,0.0,0.0,0.0
full_development,BPHL,0.0,0.0,0.0,0.0,0.0,0.0,0.0
full_development,BRD8,0.0,0.0,0.0,0.0,0.0,0.0,0.0
full_development,BTNL8,-0.07045065686395269,0.10608144541689939,0.05304072270844969,-0.12349137957240239,0.25,0.0011335335971195126,1.0
full_development,BUB1,-0.6734471297847175,1.4243857517707614,0.7121928758853807,-1.3856400056700982,0.5,-0.0013133034916545383,1.0
full_development,BUB1B,0.0,0.0,0.0,0.0,0.0,0.0,0.0
full_development,C1QA,-0.11468590061813266,0.1405368394376949,0.07026841971884745,-0.18495432033698012,0.0,0.0009398496240601295,1.0
full_development,C2orf49,0.0,0.0,0.0,0.0,0.0,0.0,0.0
full_development,C3,0.0,0.0,0.0,0.0,0.0,0.0,0.0
full_development,C4BPA,0.0,0.0,0.0,0.0,0.0,0.0,0.0
full_development,C4BPB,0.0,0.0,0.0,0.0,0.0,0.0,0.0
full_development,C8G,0.0,0.0,0.0,0.0,0.0,0.0011057054400707422,0.5
full_development,CA12,0.0,0.0,0.0,0.0,0.0,0.0,0.0
full_development,CA2,-0.15361971112254835,0.1852299516003924,0.0926149758001962,-0.24623468692274456,0.0,-0.002100840336134474,0.5
full_development,CACNA2D2,0.0,0.0,0.0,0.0,0.0,5.992329817833264e-05,0.5
full_development,CAMK1,0.6641692997493944,0.821235682950505,0.4106178414752525,0.25355145827414194,0.75,0.007200999438984335,1.0
full_development,CAPN3,-0.12615127748360067,0.0004051736850656316,0.0002025868425328158,-0.1263538643261335,0.0,0.0012073709738222305,1.0
full_development,CARD8,0.0,0.0,0.0,0.0,0.0,0.0,0.0
full_development,CASP1,-0.1963748826918259,0.23274949572128753,0.11637474786064377,-0.3127496305524697,0.0,0.0024878372401592186,0.5
full_development,CASP8AP2,0.034205912353485246,0.06841182470697049,0.034205912353485246,0.0,0.25,0.0002211410880141318,0.5
full_development,CASQ1,0.0,0.0,0.0,0.0,0.0,0.0,0.0
full_development,CBY1,0.0,0.0,0.0,0.0,0.0,0.00011984659635666528,0.5
full_development,CCL7,0.0,0.0,0.0,0.0,0.0,0.0,0.0
full_development,CCND1,0.0,0.0,0.0,0.0,0.0,0.0,0.0
full_development,CCRL2,0.0,0.0,0.0,0.0,0.0,0.0,0.0
full_development,CCS,0.0,0.0,0.0,0.0,0.0,0.0,0.0
full_development,CD207,0.0,0.0,0.0,0.0,0.0,0.0,0.0
full_development,CD209,0.0,0.0,0.0,0.0,0.0,0.0,0.0
full_development,CD3D,-0.08306942270093387,0.1088040817377541,0.05440204086887705,-0.13747146356981094,0.0,0.0011103434662455558,1.0
full_development,CD48,0.0,0.0,0.0,0.0,0.0,0.0,0.0
full_development,CD55,0.0,0.0,0.0,0.0,0.0,0.0,0.0
full_development,CD63,0.0,0.0,0.0,0.0,0.0,0.0,0.0
full_development,CD96,0.0,0.0,0.0,0.0,0.0,0.0,0.0
full_development,CDC25A,0.0,0.0,0.0,0.0,0.0,0.0,0.0
full_development,CDIPT,0.010145609442366421,0.020291218884732842,0.010145609442366421,0.0,0.25,-0.00023969319271333056,0.5
full_development,CDKN2C,0.0,0.0,0.0,0.0,0.0,0.0,0.0
full_development,CEMIP,0.016855759958462002,0.033711519916924004,0.016855759958462002,0.0,0.25,0.0014980824544582882,0.5
full_development,CENPF,0.0,0.0,0.0,0.0,0.0,-0.00011984659635666528,0.5
full_development,CENPT,0.0,0.0,0.0,0.0,0.0,0.0,0.0
full_development,CEP164,0.39192526218370105,0.4639472319761697,0.23197361598808486,0.1599516461956162,0.5,0.0014374170720919954,0.5
full_development,CEP43,0.0,0.0,0.0,0.0,0.0,-0.000838926174496657,0.5
full_development,CEP57,0.0,0.0,0.0,0.0,0.0,-0.00011057054400709365,0.5
full_development,CES1,0.0,0.0,0.0,0.0,0.0,0.0002764263600176786,0.5
full_development,CHCHD3,0.0,0.0,0.0,0.0,0.0,0.0,0.0
full_development,CHGB,0.0,0.0,0.0,0.0,0.0,0.00035953978906999584,0.5
full_development,CHMP1A,0.0,0.0,0.0,0.0,0.0,0.0,0.0
full_development,CHRNA10,0.0,0.0,0.0,0.0,0.0,0.0,0.0
full_development,CHRNA5,0.0,0.0,0.0,0.0,0.0,0.0,0.0
full_development,CHST1,0.0,0.0,0.0,0.0,0.0,0.0,0.0
full_development,CHST5,0.0,0.0,0.0,0.0,0.0,0.0,0.0
full_development,CIAO3,0.0,0.0,0.0,0.0,0.0,0.0,0.0
full_development,CLCN3,0.0,0.0,0.0,0.0,0.0,0.0,0.0
full_development,CLDN16,0.0,0.0,0.0,0.0,0.0,0.0,0.0
full_development,CLDN9,-0.034849679867257066,0.0402409441050663,0.02012047205253315,-0.05497015191979021,0.0,0.0022999044195565754,1.0
full_development,CLU,0.0,0.0,0.0,0.0,0.0,0.00044228217602829134,0.5
full_development,CNTRL,0.0,0.0,0.0,0.0,0.0,0.0,0.0
full_development,COL15A1,0.0,0.0,0.0,0.0,0.0,-0.00011984659635666528,0.5
full_development,COL19A1,-0.040298133153159554,0.08059626630631911,0.040298133153159554,-0.08059626630631911,0.0,0.0006634232640424509,0.5
full_development,COL21A1,0.0,0.0,0.0,0.0,0.0,0.0,0.0
full_development,COL4A5,0.0,0.0,0.0,0.0,0.0,0.0,0.0
full_development,COL5A1,0.0,0.0,0.0,0.0,0.0,0.0,0.0
full_development,COL5A3,0.0,0.0,0.0,0.0,0.0,0.0,0.0
full_development,COLEC10,0.16582890255466864,0.24527033296713233,0.12263516648356616,0.04319373607110248,0.5,0.0042569659442724395,0.5
full_development,COMMD3,0.0,0.0,0.0,0.0,0.0,0.0,0.0
full_development,COMMD9,0.0,0.0,0.0,0.0,0.0,0.0,0.0
full_development,COPA,0.0,0.0,0.0,0.0,0.0,0.00011984659635666528,0.5
full_development,COQ4,0.0,0.0,0.0,0.0,0.0,0.0,0.0
full_development,COQ8B,-0.031625542046953115,0.06325108409390623,0.031625542046953115,-0.06325108409390623,0.0,5.992329817833264e-05,0.5
full_development,CORT,0.13760539348766088,0.1443840416611541,0.07219202083057705,0.06541337265708383,1.0,0.0018290520022915535,1.0
full_development,COX11,-0.0253831508381257,0.050766301676251395,0.025383150838125697,-0.0507663016762514,0.0,0.0002211410880141318,0.5
full_development,COX7A1,0.0,0.0,0.0,0.0,0.0,0.0,0.0
full_development,CPA2,-0.00875635657645546,0.010110969653073818,0.005055484826536909,-0.013811841402992369,0.0,0.00037772085167514513,1.0
full_development,CPN2,0.0,0.0,0.0,0.0,0.0,0.0,0.0
full_development,CPS1,0.0,0.0,0.0,0.0,0.0,0.0028759472704659172,1.0
full_development,CPSF1,0.0,0.0,0.0,0.0,0.0,0.0,0.0
full_development,CREB3,0.0,0.0,0.0,0.0,0.0,0.0,0.0
full_development,CRH,0.0,0.0,0.0,0.0,0.0,0.0,0.0
full_development,CRIPTO,-0.03571216258655774,0.1264904327174548,0.0632452163587274,-0.09895737894528514,0.25,0.0005992329817833264,0.5
full_development,CRLF1,0.0,0.0,0.0,0.0,0.0,0.0,0.0
full_development,CSNK2B,0.0993117569487616,0.3183273321220493,0.15916366606102464,-0.05985190911226304,0.5,0.002483570256078399,1.0
full_development,CTDP1,0.0,0.0,0.0,0.0,0.0,0.0,0.0
full_development,CTSC,0.0,0.0,0.0,0.0,0.0,0.002451846157042803,1.0
full_development,CTSD,0.0,0.0,0.0,0.0,0.0,0.0,0.0
full_development,CTSE,-0.07659063545062139,0.0884392479896415,0.04421962399482075,-0.12081025944544214,0.0,-0.0014927023440955423,0.5
full_development,CTSF,0.0,0.0,0.0,0.0,0.0,0.0,0.0
full_development,CTSS,0.0,0.0,0.0,0.0,0.0,0.0,0.0
full_development,CTSW,0.0,0.0,0.0,0.0,0.0,0.0,0.0
full_development,CXCL1,0.0,0.0,0.0,0.0,0.0,0.0,0.0
full_development,CYC1,0.0,0.0,0.0,0.0,0.0,0.0,0.0
full_development,CYP27A1,0.010145609442366421,0.020291218884732842,0.010145609442366421,0.0,0.25,-0.00017976989453499792,0.5
full_development,CYP2W1,0.0,0.0,0.0,0.0,0.0,0.0,0.0
full_development,CYP4F8,0.059715724729230146,0.06895377949454923,0.034476889747274614,0.025238834981955532,0.5,-2.7755575615628914e-17,0.5
full_development,CYTH1,-0.09822846780999761,0.051817656909367474,0.025908828454683737,-0.12413729626468134,0.0,-0.0006309570808189224,1.0
full_development,CYTH2,0.0,0.0,0.0,0.0,0.0,0.0,0.0
full_development,DAPK1,-0.09115701606871518,0.10862686596633073,0.05431343298316536,-0.14547044905188056,0.0,-0.000552852720035385,0.5
full_development,DDC,0.0,0.0,0.0,0.0,0.0,0.0,0.0
full_development,DDRGK1,0.044896181270486224,0.10274650536113257,0.051373252680566285,-0.006477071410080061,0.25,-0.0003869969040248,0.5
full_development,DDX46,0.0,0.0,0.0,0.0,0.0,0.0,0.0
full_development,DECR1,0.0,0.0,0.0,0.0,0.0,0.0,0.0
full_development,DHCR24,0.08497935194524686,0.09812570344229644,0.04906285172114822,0.03591650022409864,0.5,-0.001050420168067251,0.5
full_development,DHFR,0.0,0.0,0.0,0.0,0.0,0.0,0.0
full_development,DHX15,0.10029563154221499,0.11602587857572588,0.05801293928786294,0.04228269225435205,0.5,-0.0003869969040248,0.5
full_development,DIABLO,0.0,0.0,0.0,0.0,0.0,0.0,0.0
full_development,DKK2,-0.05161932600608665,0.05960486353000236,0.02980243176500118,-0.08142175777108783,0.0,0.0004422821760282636,0.5
full_development,DLD,0.0,0.0,0.0,0.0,0.0,0.0,0.0
full_development,DLX6,0.0,0.0,0.0,0.0,0.0,0.0001105705440070659,0.5
full_development,DNAJC11,0.0,0.0,0.0,0.0,0.0,0.0,0.0
full_development,DNM1L,0.4065702433780807,0.4698280885417682,0.2349140442708841,0.17165619910719657,0.5,0.004971407496237645,1.0
full_development,DNM2,0.0,0.0,0.0,0.0,0.0,0.0,0.0
full_development,DNMT3A,0.0,0.0,0.0,0.0,0.0,0.0,0.0
full_development,DPAGT1,-0.029296862133890045,0.03382910247882554,0.01691455123941277,-0.04621141337330281,0.0,-0.00035953978906999584,0.5
full_development,DPF1,0.0,0.0,0.0,0.0,0.0,0.0,0.0
full_development,DPF2,0.0,0.0,0.0,0.0,0.0,0.0,0.0
full_development,DPYD,0.007426649657123363,0.00857555635743443,0.004287778178717215,0.0031388714784061477,0.5,0.0,0.5
full_development,DRP2,0.0,0.0,0.0,0.0,0.0,0.0,0.0
full_development,DSC1,0.0,0.0,0.0,0.0,0.0,0.0,0.0
full_development,DSCC1,0.0,0.0,0.0,0.0,0.0,0.0,0.0
full_development,DSP,0.12876092861070987,0.14868031358899905,0.07434015679449953,0.05442077181621034,0.5,0.00044228217602829134,0.5
full_development,DUSP4,-1.2298246498068366,1.4995381283128424,0.7497690641564212,-1.9795937139632578,0.25,0.00036028187325792826,1.0
full_development,DUSP7,-0.08059626630631911,0.09306455209526421,0.046532276047632104,-0.1271285423539512,0.0,8.27423869582955e-05,1.0
full_development,DYNC2I1,0.0,0.0,0.0,0.0,0.0,-0.001547987616099089,0.5
full_development,E2F2,0.0037133248285616816,0.007426649657123363,0.0037133248285616816,0.0,0.25,0.00017976989453499792,0.5
full_development,EGLN3,-0.05953775926534277,0.0690151900275368,0.0345075950137684,-0.09404535427911118,0.0,0.0004194630872483285,0.5
full_development,EIF2B5,0.0,0.0,0.0,0.0,0.0,0.0,0.0
full_development,EIF2S1,0.0,0.0,0.0,0.0,0.0,0.0,0.0
full_development,EIF3G,-0.01523754139575928,0.06062747762002338,0.03031373881001169,-0.04555128020577097,0.25,0.000806831033367067,1.0
full_development,EIF3L,0.0,0.0,0.0,0.0,0.0,0.0,0.0
full_development,EIF4B,0.12876092861070987,0.14868031358899905,0.07434015679449953,0.05442077181621034,0.5,-0.00016585581601064048,0.5
full_development,ELF3,-0.037360802844506935,0.07472160568901387,0.037360802844506935,-0.07472160568901387,0.0,0.0006081379920389041,0.5
full_development,ELOC,0.004193608102859514,0.021136080920938344,0.010568040460469172,-0.006374432357609658,0.25,-0.0007739938080495445,0.5
full_development,ENO3,-0.0507663016762514,0.05861987587709099,0.029309937938545496,-0.0800762396147969,0.0,-0.00016585581601064048,0.5
full_development,ENTPD4,0.033711519916924004,0.038926710197655014,0.019463355098827507,0.014248164818096497,0.5,0.0004793863854266611,0.5
full_development,EPAS1,0.0,0.0,0.0,0.0,0.0,0.0,0.0
full_development,EPB41L1,0.0,0.0,0.0,0.0,0.0,0.0,0.0
full_development,EPHA4,0.0,0.0,0.0,0.0,0.0,0.0,0.0
full_development,EPRS1,-0.031625542046953115,0.06325108409390623,0.031625542046953115,-0.06325108409390623,0.0,0.0008988494726749896,0.5
full_development,ETNK1,0.0,0.0,0.0,0.0,0.0,0.0,0.0
full_development,EVC,0.0037133248285616816,0.007426649657123363,0.0037133248285616816,0.0,0.25,0.0011984659635666528,0.5
full_development,EXOSC2,0.0,0.0,0.0,0.0,0.0,0.00011984659635666528,0.5
full_development,EYA4,0.030624215213343575,0.1624787363104538,0.0812393681552269,-0.05061515294188332,0.25,0.0015479876160990613,0.5
full_development,F12,0.0,0.0,0.0,0.0,0.0,0.0,0.0
full_development,F2R,0.0,0.0,0.0,0.0,0.0,-0.0011609907120743168,0.5
full_development,FAM13B,0.0,0.0,0.0,0.0,0.0,0.0,0.0
full_development,FARP2,0.00839624935044192,0.09848340350133529,0.049241701750667645,-0.040845452400225725,0.25,-0.0008845643520566382,0.5
full_development,FAS,0.0,0.0,0.0,0.0,0.0,0.0,0.0
full_development,FBL,0.0,0.0,0.0,0.0,0.0,0.0,0.0
full_development,FBLN1,0.0,0.0,0.0,0.0,0.0,0.0,0.0
full_development,FBP2,0.06595861611461018,0.12221577222009297,0.061107886110046486,0.004850730004563694,0.5,0.0007790028763183243,0.5
full_development,FBXL8,0.0,0.0,0.0,0.0,0.0,0.0,0.0
full_development,FBXO2,0.0,0.0,0.0,0.0,0.0,0.0,0.0
full_development,FCGR1A,0.0,0.0,0.0,0.0,0.0,0.0,0.0
full_development,FCGR1BP,0.0,0.0,0.0,0.0,0.0,0.0,0.0
full_development,FFAR2,0.0,0.0,0.0,0.0,0.0,0.0,0.0
full_development,FGF12,0.0,0.0,0.0,0.0,0.0,0.0,0.0
full_development,FGF18,0.0,0.0,0.0,0.0,0.0,0.0,0.0
full_development,FIP1L1,0.0,0.0,0.0,0.0,0.0,0.0,0.0
full_development,FKBP8,0.0,0.0,0.0,0.0,0.0,0.0,0.0
full_development,FN3KRP,0.0,0.0,0.0,0.0,0.0,0.0,0.0
full_development,FOLH1,0.0,0.0,0.0,0.0,0.0,0.0,0.0
full_development,FOXA2,0.0,0.0,0.0,0.0,0.0,0.0,0.0
full_development,FOXL2,0.0,0.0,0.0,0.0,0.0,0.0,0.0
full_development,FRAT1,-0.06325108409390623,0.07303606085630485,0.03651803042815242,-0.09976911452205865,0.0,0.001917545541706589,0.5
full_development,FTCD,0.03699051341219395,0.025422646587349683,0.012711323293674841,0.024279190118519107,0.75,0.0018526131752595043,1.0
full_development,FTL,0.0,0.0,0.0,0.0,0.0,0.0,0.0
full_development,FUZ,0.0,0.0,0.0,0.0,0.0,0.0,0.0
full_development,G3BP2,0.0,0.0,0.0,0.0,0.0,0.0,0.0
full_development,GABBR1,0.13267457030152485,0.20255403502861777,0.10127701751430888,0.03139755278721597,0.5,-0.004035824856258308,0.5
full_development,GALNT10,0.0,0.0,0.0,0.0,0.0,0.0,0.0
full_development,GALNT14,0.06548642358358059,0.08997374108584143,0.044986870542920714,0.020499553040659875,0.5,0.0006634232640424509,0.5
full_development,GAPDH,0.0,0.0,0.0,0.0,0.0,0.0,0.0
full_development,GAPDHS,0.0,0.0,0.0,0.0,0.0,0.0,0.0
full_development,GAS6,0.0037133248285616816,0.007426649657123363,0.0037133248285616816,0.0,0.25,0.0007190795781399917,0.5
full_development,GATAD2A,0.01721901086579969,0.08592944945826249,0.042964724729131244,-0.025745713863331555,0.25,0.0013225795440040822,1.0
full_development,GCG,0.0,0.0,0.0,0.0,0.0,0.0009769538334584993,1.0
full_development,GCH1,0.27566481494132766,0.40564060725644613,0.20282030362822306,0.0728445113131046,0.5,0.003715244487056568,0.5
full_development,GCHFR,0.0,0.0,0.0,0.0,0.0,0.0,0.0
full_development,GCNT1,0.0,0.0,0.0,0.0,0.0,0.00035953978906999584,0.5
full_development,GDNF,-0.08541449218531838,0.09862816011177751,0.049314080055888755,-0.13472857224120713,0.0,0.0004793863854266611,0.5
full_development,GEMIN6,0.0,0.0,0.0,0.0,0.0,0.0,0.0
full_development,GFPT2,0.06875178360125744,0.044773168193334156,0.022386584096667078,0.046365199504590365,1.0,0.0008721344419081178,1.0
full_development,GHR,0.0,0.0,0.0,0.0,0.0,0.0,0.0
full_development,GHRHR,-0.06290019338969444,0.07263088717123921,0.036315443585619604,-0.09921563697531405,0.0,0.0008845643520566104,0.5
full_development,GJA1,0.029827734065259293,0.039774468374372624,0.019887234187186312,0.00994049987807298,0.5,0.0003317116320211977,0.5
full_development,GK,0.0,0.0,0.0,0.0,0.0,0.0,0.0
full_development,GLB1L2,0.0,0.0,0.0,0.0,0.0,0.0,0.0
full_development,GLI2,0.0,0.0,0.0,0.0,0.0,0.0,0.0
full_development,GLTP,-0.05743520504999644,0.06699703154858842,0.03349851577429421,-0.09093372082429066,0.0,0.001290113360780526,1.0
full_development,GLUD2,-0.025809663003043326,0.05161932600608665,0.025809663003043326,-0.05161932600608665,0.0,0.0007739938080495168,0.5
full_development,GMPS,0.0,0.0,0.0,0.0,0.0,0.0,0.0
full_development,GNA14,0.0,0.0,0.0,0.0,0.0,0.0,0.0
full_development,GOT2,0.0,0.0,0.0,0.0,0.0,0.0,0.0
full_development,GP5,0.020291218884732842,0.023430281370572247,0.011715140685286124,0.008576078199446719,0.5,0.00023969319271333056,0.5
full_development,GP6,0.0,0.0,0.0,0.0,0.0,0.0,0.0
full_development,GPC3,0.002085977869972666,0.051700433566215405,0.025850216783107702,-0.023764238913135036,0.25,0.0005393096836049938,0.5
full_development,GPKOW,0.0,0.0,0.0,0.0,0.0,0.0,0.0
full_development,GPR18,0.0,0.0,0.0,0.0,0.0,0.0,0.0
full_development,GPX2,-0.044554188513561854,0.06144103093810903,0.030720515469054514,-0.07527470398261638,0.0,0.0011153525345143356,1.0
full_development,GRIA3,0.0,0.0,0.0,0.0,0.0,0.0,0.0
full_development,GSTA3,-0.040122596112512454,0.15736184466362282,0.07868092233181141,-0.11880351844432387,0.25,-0.001050420168067251,0.5
full_development,GTF2E1,-0.05161932600608665,0.05960486353000236,0.02980243176500118,-0.08142175777108783,0.0,-0.0002764263600177064,1.0
full_development,GTF2E2,0.0,0.0,0.0,0.0,0.0,0.0,0.0
full_development,GTF2F1,0.0,0.0,0.0,0.0,0.0,0.0,0.0
full_development,GTF2H1,0.0,0.0,0.0,0.0,0.0,0.0,0.0
full_development,GTF2H2,0.0,0.0,0.0,0.0,0.0,0.0,0.0
full_development,GTPBP3,-0.042070574503362934,0.10344674626831701,0.05172337313415851,-0.09379394763752144,0.25,-0.0013407606066093147,1.0
full_development,H1-3,0.0,0.0,0.0,0.0,0.0,0.0,0.0
full_development,H2AC14,0.026587249249249822,0.05158152790271596,0.02579076395135798,0.0007964852978918427,0.5,0.0016585581601061272,0.5
full_development,H2AC4,0.0,0.0,0.0,0.0,0.0,0.001318312559923318,0.5
full_development,H2AC6,0.0,0.0,0.0,0.0,0.0,0.0,0.0
full_development,H2AC7,-0.017766607776023235,0.06544665707935853,0.03272332853967926,-0.0504899363157025,0.25,0.001198465963566625,0.5
full_development,H2BC14,0.0,0.0,0.0,0.0,0.0,0.0,0.0
full_development,H2BC5,0.0,0.0,0.0,0.0,0.0,0.0,0.5
full_development,H3C11,-0.02869428103620919,0.06494562488783556,0.03247281244391778,-0.06116709348012697,0.25,0.0008845643520566104,0.5
full_development,H3C8,0.0,0.0,0.0,0.0,0.0,0.0,0.0
full_development,H4C4,0.0,0.0,0.0,0.0,0.0,0.0,0.0
full_development,HCRTR1,0.0,0.0,0.0,0.0,0.0,0.0,0.0
full_development,HDAC2,0.0,0.0,0.0,0.0,0.0,0.0,0.0
full_development,HDC,-0.5527711330108502,1.5852736426941538,0.7926368213470769,-1.3454079543579271,0.5,0.006383222663844751,1.0
full_development,HDGF,-0.21228135709940688,0.2039144882938945,0.10195724414694725,-0.3142386012463541,0.0,-0.0012355701729649948,1.0
full_development,HEATR1,0.0,0.0,0.0,0.0,0.0,0.0,0.0
full_development,HELLS,-0.11487041009999288,0.013431197326302479,0.006715598663151239,-0.12158600876314413,0.0,0.0004241011134231143,1.0
full_development,HERC6,0.0,0.0,0.0,0.0,0.0,0.0,0.0
full_development,HLA-DMA,0.0,0.0,0.0,0.0,0.0,0.0,0.0
full_development,HLTF,0.0,0.0,0.0,0.0,0.0,0.0,0.0
full_development,HMGA2,0.0,0.0,0.0,0.0,0.0,0.0,0.0
full_development,HMGCL,0.0,0.0,0.0,0.0,0.0,0.0,0.0
full_development,HOXA2,0.0,0.0,0.0,0.0,0.0,0.0,0.0
full_development,HSD17B8,-0.07177350479095956,0.1278183549369208,0.0639091774684604,-0.13568268225941998,0.0,-0.0008567361950078678,1.0
full_development,HSPA6,0.0,0.0,0.0,0.0,0.0,0.0,0.0
full_development,HTR1B,-0.10238562768233805,0.11822473940709335,0.05911236970354668,-0.16149799738588472,0.0,0.00044228217602829134,0.5
full_development,HTR2B,0.0,0.0,0.0,0.0,0.0,0.00011984659635666528,0.5
full_development,HTR2C,0.0037133248285616816,0.007426649657123363,0.0037133248285616816,0.0,0.25,0.000659156279961659,0.5
full_development,ICAM4,0.0,0.0,0.0,0.0,0.0,0.0,0.0
full_development,IFI16,0.0,0.0,0.0,0.0,0.0,-0.0005207575789058505,1.0
full_development,IFI35,-0.022417515293549073,0.09681928983509697,0.04840964491754848,-0.07082716021109756,0.25,0.0012077420159162244,1.0
full_development,IFITM2,0.0,0.0,0.0,0.0,0.0,-0.0004422821760283191,0.5
full_development,IFNA1,0.034205912353485246,0.06841182470697049,0.034205912353485246,0.0,0.25,0.0004244721555170805,1.0
full_development,IFNA14,0.0,0.0,0.0,0.0,0.0,0.0,0.0
full_development,IFNA5,0.0,0.0,0.0,0.0,0.0,0.000659156279961659,0.5
full_development,IFNGR2,0.0,0.0,0.0,0.0,0.0,0.0,0.0
full_development,IFT81,0.19299743403664849,0.2795547762249031,0.13977738811245155,0.053220045924196935,0.5,0.005453020134228187,0.5
full_development,IGLV6-57,0.42097894786110146,0.48692901618328027,0.24346450809164014,0.17751443976946132,0.5,0.0005528527200353572,0.5
full_development,IL12RB2,0.0,0.0,0.0,0.0,0.0,0.0,0.0
full_development,IL18,0.0,0.0,0.0,0.0,0.0,0.0,0.0
full_development,IL18BP,0.017135776813475445,0.07666358471019011,0.038331792355095054,-0.02119601554161961,0.5,0.0025755886953863216,1.0
full_development,IL24,0.0,0.0,0.0,0.0,0.0,0.0,0.0
full_development,IL25,0.0,0.0,0.0,0.0,0.0,0.0,0.0
full_development,IL2RB,0.0,0.0,0.0,0.0,0.0,0.00033171163202122544,0.5
full_development,IL2RG,-0.06325108409390623,0.07303606085630485,0.03651803042815242,-0.09976911452205865,0.0,0.0009587727708533222,0.5
full_development,INO80D,-0.04939214982297635,0.06135931966579869,0.030679659832899345,-0.0800718096558757,0.0,0.00035953978906999584,0.5
full_development,INPP5F,0.048870892268542576,0.07448513283006543,0.037242566415032714,0.011628325853509862,0.5,-0.00011057054400709365,0.5
full_development,INSR,-0.013704779361344066,0.0977994840537353,0.04889974202686765,-0.06260452138821171,0.25,0.0010225920110184528,1.0
full_development,INTS8,0.0,0.0,0.0,0.0,0.0,0.0,0.0
full_development,ITFG2,0.0,0.0,0.0,0.0,0.0,0.0,0.0
full_development,ITGAE,0.0,0.0,0.0,0.0,0.0,0.00011984659635666528,0.5
full_development,ITGB1,0.0,0.0,0.0,0.0,0.0,0.0005992329817833264,0.5
full_development,ITGB4,0.059715724729230146,0.06895377949454923,0.034476889747274614,0.025238834981955532,0.5,-0.0008845643520566104,0.5
full_development,ITGB7,0.010145609442366421,0.020291218884732842,0.010145609442366421,0.0,0.25,0.00011984659635666528,0.5
full_development,ITIH4,0.0,0.0,0.0,0.0,0.0,0.0,0.0
full_development,ITM2B,0.0,0.0,0.0,0.0,0.0,0.0,0.0
full_development,ITPR2,0.0,0.0,0.0,0.0,0.0,0.0,0.0
full_development,IVL,0.13463619201446342,0.1563447941018804,0.0781723970509402,0.05646379496352322,0.5,0.0021572387344199195,0.5
full_development,KAT2A,0.0,0.0,0.0,0.0,0.0,0.0,0.0
full_development,KCND2,-0.06993020457526988,0.12145534263282133,0.060727671316410665,-0.13065787589168054,0.0,-5.528527200357458e-05,0.5
full_development,KCND3,-0.020460775824451716,0.029156489033596147,0.014578244516798074,-0.03503902034124979,0.25,0.0012077420159161967,1.0
full_development,KCNK12,0.1061449133723329,0.43702072890854465,0.21851036445427233,-0.11236545108193943,0.5,0.002013830965095331,1.0
full_development,KCNMB1,0.0,0.0,0.0,0.0,0.0,0.0,0.0
full_development,KCNMB4,0.0,0.0,0.0,0.0,0.0,0.0,0.0
full_development,KDM5A,0.11048348012332099,0.3431939546045135,0.17159697730225676,-0.06111349717893577,0.25,-0.002100840336134474,0.5
full_development,KHDRBS1,0.17431869767781016,0.21501361991851312,0.10750680995925656,0.0668118877185536,0.5,0.002925852432106718,1.0
full_development,KIF13B,0.0,0.0,0.0,0.0,0.0,0.0,0.0
full_development,KIF24,-0.026254698976163837,0.11240563294127986,0.05620281647063993,-0.08245751544680377,0.25,-0.0003317116320212532,0.5
full_development,KIF3A,0.0,0.0,0.0,0.0,0.0,0.0,0.0
full_development,KIF5B,0.0,0.0,0.0,0.0,0.0,-0.0002211410880141873,0.5
full_development,KIFC1,-0.031625542046953115,0.06325108409390623,0.031625542046953115,-0.06325108409390623,0.0,0.00023969319271333056,0.5
full_development,KIR2DS4,0.0,0.0,0.0,0.0,0.0,0.0,0.0
full_development,KLHDC10,0.0,0.0,0.0,0.0,0.0,0.0,0.0
full_development,KLHDC3,0.0571311481207637,0.1142622962415274,0.0571311481207637,0.0,0.25,0.0010186960690316549,0.5
full_development,KLHL25,0.0,0.0,0.0,0.0,0.0,0.0006634232640424231,0.5
full_development,KLHL41,0.0,0.0,0.0,0.0,0.0,0.0,0.0
full_development,KLK7,0.0,0.0,0.0,0.0,0.0,0.0,0.0
full_development,KNL1,0.0,0.0,0.0,0.0,0.0,0.0,0.0
full_development,KRAS,0.0,0.0,0.0,0.0,0.0,-0.00022114108801415955,0.5
full_development,KRT14,0.0,0.0,0.0,0.0,0.0,0.0,0.0
full_development,KRT36,0.0,0.0,0.0,0.0,0.0,0.0,0.0
full_development,KRT38,0.0,0.0,0.0,0.0,0.0,0.0,0.0
full_development,KRTAP5-8,-0.19215323281493646,0.23296700030452916,0.11648350015226458,-0.30863673296720107,0.0,0.0008988494726749896,0.5
full_development,LAG3,0.019833410568208976,0.06037055634038312,0.03018527817019156,-0.010351867601982586,0.25,-0.0004975674480318659,0.5
full_development,LAIR1,-0.04034085888723027,0.046581611475766206,0.023290805737883103,-0.06363166462511337,0.0,0.00023041714036373118,1.0
full_development,LALBA,0.0,0.0,0.0,0.0,0.0,0.0,0.0
full_development,LAMA2,0.0,0.0,0.0,0.0,0.0,0.0,0.0
full_development,LAMA3,0.0,0.0,0.0,0.0,0.0,0.0,0.0
full_development,LAMA5,0.00395779662189355,0.027902149060714164,0.013951074530357082,-0.009993277908463532,0.25,0.0010697143569543266,1.0
full_development,LAMC2,0.0,0.0,0.0,0.0,0.0,0.0,0.0
full_development,LAS1L,0.5101955707225212,0.4588225160530385,0.22941125802651924,0.28078431269600196,1.0,0.0031891067977879717,1.0
full_development,LGALS3,0.0,0.0,0.0,0.0,0.0,0.0,0.0
full_development,LGALS3BP,-0.011635711420613148,0.023271422841226297,0.011635711420613148,-0.023271422841226297,0.0,-0.0007190795781399917,0.5
full_development,LGALS7,0.0,0.0,0.0,0.0,0.0,0.0,0.0
full_development,LGMN,0.0,0.0,0.0,0.0,0.0,0.0,0.0
full_development,LIAS,0.0,0.0,0.0,0.0,0.0,0.0,0.0
full_development,LILRA3,0.0,0.0,0.0,0.0,0.0,0.0,0.0
full_development,LIN7B,0.0037133248285616816,0.007426649657123363,0.0037133248285616816,0.0,0.25,0.00017976989453499792,0.5
full_development,LIN7C,0.0,0.0,0.0,0.0,0.0,0.0,0.0
full_development,LMF2,0.0,0.0,0.0,0.0,0.0,0.0,0.0
full_development,LSM5,0.0,0.0,0.0,0.0,0.0,0.0,0.0
full_development,LTBP2,-0.05626061884204425,0.07527658575758733,0.03763829287879367,-0.09389891172083792,0.0,0.000838926174496657,0.5
full_development,LZTFL1,-0.015644292313956143,0.1679963302941452,0.0839981651470726,-0.09964245746102875,0.25,0.002211410880141512,0.5
full_development,MAGOH,0.1179756210700873,0.13636140572971334,0.06818070286485667,0.04979491820523063,0.5,0.0004793863854266611,0.5
full_development,MAN2A1,0.0,0.0,0.0,0.0,0.0,0.0002764263600176786,0.5
full_development,MANEA,0.0,0.0,0.0,0.0,0.0,0.0,0.0
full_development,MAP3K7,0.0,0.0,0.0,0.0,0.0,0.0,0.0
full_development,MAPK14,0.0,0.0,0.0,0.0,0.0,0.0,0.0
full_development,MAPK6,-0.020890248289902047,0.024121980947226132,0.012060990473613066,-0.03295123876351511,0.0,-0.00024896924506292994,1.0
full_development,MAPKAPK2,0.0,0.0,0.0,0.0,0.0,0.0,0.0
full_development,MARK4,0.0,0.0,0.0,0.0,0.0,0.0,0.0
full_development,MBIP,0.0,0.0,0.0,0.0,0.0,0.0,0.0
full_development,MBTPS1,0.0,0.0,0.0,0.0,0.0,0.0,0.0
full_development,MCM4,0.0,0.0,0.0,0.0,0.0,-0.0004975674480318659,0.5
full_development,MDC1,0.0,0.0,0.0,0.0,0.0,0.0,0.0
full_development,MDH2,0.10278359461694642,0.2093787673250007,0.10468938366250034,-0.0019057890455539267,0.25,-0.000659156279961659,0.5
full_development,ME1,0.0,0.0,0.0,0.0,0.0,0.0,0.0
full_development,ME2,-0.07472160568901387,0.08628107831766646,0.04314053915883323,-0.1178621448478471,0.0,-0.00016585581601061272,0.5
full_development,MED16,0.0,0.0,0.0,0.0,0.0,0.0,0.0
full_development,MED25,0.0,0.0,0.0,0.0,0.0,0.0,0.0
full_development,MED7,0.0,0.0,0.0,0.0,0.0,0.0,0.0
full_development,MEF2A,0.0,0.0,0.0,0.0,0.0,-0.0003317116320212532,0.5
full_development,MEFV,0.0,0.0,0.0,0.0,0.0,0.0,0.0
full_development,MEN1,0.0,0.0,0.0,0.0,0.0,0.0,0.5
full_development,METAP2,0.0,0.0,0.0,0.0,0.0,0.0,0.0
full_development,METTL3,-0.03924654038060993,0.0457218911013342,0.0228609455506671,-0.06210748593127703,0.0,0.00011984659635666528,0.5
full_development,MEX3C,0.059715724729230146,0.06895377949454923,0.034476889747274614,0.025238834981955532,0.5,-0.0005528527200354127,0.5
full_development,MFN2,0.30438583242266226,0.35516772382749007,0.17758386191374503,0.12680197050891723,0.5,0.0007055365417095449,1.0
full_development,MGLL,0.0,0.0,0.0,0.0,0.0,0.0,0.0
full_development,MIEF1,0.0,0.0,0.0,0.0,0.0,0.0,0.0
full_development,MME,0.0,0.0,0.0,0.0,0.0,-0.00035953978906999584,0.5
full_development,MMP11,0.0,0.0,0.0,0.0,0.0,0.0,0.0
full_development,MMP16,0.0,0.0,0.0,0.0,0.0,0.0,0.0
full_development,MOB1A,0.0,0.0,0.0,0.0,0.0,0.0,0.0
full_development,MOGS,-0.001422895051373274,0.002845790102746548,0.001422895051373274,-0.002845790102746548,0.0,0.0020973154362416147,0.5
full_development,MPC1,0.0,0.0,0.0,0.0,0.0,0.0,0.0
full_development,MPL,0.0,0.0,0.0,0.0,0.0,0.0,0.5
full_development,MRM1,0.0,0.0,0.0,0.0,0.0,0.0,0.0
full_development,MRPL16,-0.06793789087248037,0.1325484120892967,0.06627420604464836,-0.1342120969171287,0.25,9.276052349571628e-06,1.0
full_development,MRPL28,0.07132572356071343,0.16908989477670164,0.08454494738835082,-0.013219223827637391,0.5,0.0009405917082481174,1.0
full_development,MRPL40,0.0,0.0,0.0,0.0,0.0,0.0,0.0
full_development,MRPL41,-0.03782302293433837,0.04753848490620244,0.02376924245310122,-0.06159226538743959,0.0,-0.00022114108801415955,0.5
full_development,MTHFS,0.0,0.0,0.0,0.0,0.0,0.0,0.0
full_development,MTM1,0.010145609442366421,0.020291218884732842,0.010145609442366421,0.0,0.25,0.0,0.5
full_development,MTMR7,-0.001422895051373274,0.002845790102746548,0.001422895051373274,-0.002845790102746548,0.0,0.0011385426653883202,0.5
full_development,MTRR,0.0,0.0,0.0,0.0,0.0,0.0,0.0
full_development,MUC13,0.0,0.0,0.0,0.0,0.0,0.0,0.0
full_development,MUC3A,0.19619986424161517,0.39953356651527194,0.19976678325763597,-0.0035669190160207975,0.5,0.001530919679775783,1.0
full_development,MXRA8,0.0,0.0,0.0,0.0,0.0,0.0,0.0
full_development,MYBPC1,0.0,0.0,0.0,0.0,0.0,0.0,0.0
full_development,MYL11,0.467221188100007,0.4935716372624088,0.2467858186312044,0.2204353694688026,1.0,-0.00021038086728866756,1.0
full_development,MYO3A,-0.031625542046953115,0.06325108409390623,0.031625542046953115,-0.06325108409390623,0.0,0.0007190795781399917,0.5
full_development,MYRIP,0.0,0.0,0.0,0.0,0.0,0.0,0.0
full_development,NAT10,0.0,0.0,0.0,0.0,0.0,-0.00011057054400709365,1.0
full_development,NBEA,0.12817311687073207,0.15044067800906982,0.07522033900453491,0.05295277786619716,0.5,0.0007739938080495168,0.5
full_development,NCAPD3,0.003003251378640215,0.07581413689652118,0.03790706844826059,-0.034903817069620376,0.5,0.0011934568952978453,1.0
full_development,NCF1,0.0,0.0,0.0,0.0,0.0,0.0,0.0
full_development,NCK1,0.0,0.0,0.0,0.0,0.0,0.0,0.0
full_development,NDOR1,0.0,0.0,0.0,0.0,0.0,0.0,0.0
full_development,NDST2,0.0,0.0,0.0,0.0,0.0,0.0,0.0
full_development,NDUFA8,0.0,0.0,0.0,0.0,0.0,0.0,0.0
full_development,NDUFAB1,0.0,0.0,0.0,0.0,0.0,5.528527200351907e-05,0.5
full_development,NEDD8,0.0,0.0,0.0,0.0,0.0,0.0,0.0
full_development,NEIL1,0.0,0.0,0.0,0.0,0.0,0.0,0.0
full_development,NEK2,0.0,0.0,0.0,0.0,0.0,0.0,0.0
full_development,NELFB,0.0,0.0,0.0,0.0,0.0,0.0,0.0
full_development,NF1,0.0,0.0,0.0,0.0,0.0,0.0,0.0
full_development,NFATC3,0.0,0.0,0.0,0.0,0.0,0.0,0.0
full_development,NGB,0.059715724729230146,0.06895377949454923,0.034476889747274614,0.025238834981955532,0.5,0.00033171163202122544,0.5
full_development,NKX6-1,0.0,0.0,0.0,0.0,0.0,0.0,0.0
full_development,NLGN4Y,0.0,0.0,0.0,0.0,0.0,0.00023969319271333056,0.5
full_development,NLK,0.12518605159866603,0.14840484813352917,0.07420242406676458,0.05098362753190144,0.5,-0.0014880643179207564,1.0
full_development,NLRP3,0.0,0.0,0.0,0.0,0.0,0.0,0.0
full_development,NMRK1,0.007426649657123363,0.00857555635743443,0.004287778178717215,0.0031388714784061477,0.5,0.00023969319271333056,0.5
full_development,NOD2,0.0,0.0,0.0,0.0,0.0,0.0,0.0
full_development,NPHS2,0.0,0.0,0.0,0.0,0.0,0.0,0.0
full_development,NPR1,0.0,0.0,0.0,0.0,0.0,0.0,0.0
full_development,NPY1R,0.0,0.0,0.0,0.0,0.0,0.0,0.0
full_development,NR2C1,0.4379197244945061,0.17537778360146056,0.08768889180073028,0.35023083269377586,1.0,0.0029598027837061947,1.0
full_development,NR3C1,0.0,0.0,0.0,0.0,0.0,0.0,0.0
full_development,NR4A1,0.0,0.0,0.0,0.0,0.0,0.0,0.0
full_development,NRG2,0.0,0.0,0.0,0.0,0.0,0.0,0.0
full_development,NRP1,0.034205912353485246,0.06841182470697049,0.034205912353485246,0.0,0.25,0.00044228217602829134,0.5
full_development,NRP2,0.0,0.0,0.0,0.0,0.0,0.0,0.0
full_development,NRXN2,0.0,0.0,0.0,0.0,0.0,0.0,0.0
full_development,NUDT9,0.15175491349107517,0.11879638357238989,0.059398191786194945,0.09235672170488023,1.0,0.003308953394144637,1.0
full_development,NUP43,0.0,0.0,0.0,0.0,0.0,0.0,0.0
full_development,OMG,0.0,0.0,0.0,0.0,0.0,0.0,0.0
full_development,OPN1MW,0.19083638712706907,0.2967343637172257,0.14836718185861286,0.04246920526845621,0.5,0.0007790028763183243,0.5
full_development,OPN3,0.0,0.0,0.0,0.0,0.0,0.0,0.0
full_development,OR10H2,0.0,0.0,0.0,0.0,0.0,0.0,0.0
full_development,OR12D2,0.0,0.0,0.0,0.0,0.0,0.0,0.0
full_development,OR2F1,0.0,0.0,0.0,0.0,0.0,0.0005435766676857856,1.0
full_development,OR2W1,0.0,0.0,0.0,0.0,0.0,0.0,0.0
full_development,OR7A17,0.026587249249249822,0.05158152790271596,0.02579076395135798,0.0007964852978918427,0.5,0.0,0.5
full_development,OR7C1,0.0,0.0,0.0,0.0,0.0,0.0,0.0
full_development,OR7C2,0.07322716433074383,0.1358737200648019,0.06793686003240094,0.005290304298342888,0.5,0.0008845643520565827,0.5
full_development,ORMDL2,-0.06325108409390623,0.07303606085630485,0.03651803042815242,-0.09976911452205865,0.0,0.00011984659635666528,0.5
full_development,OTUD3,0.0,0.0,0.0,0.0,0.0,0.0,0.0
full_development,OXSM,0.0,0.0,0.0,0.0,0.0,0.0,0.0
full_development,OXTR,-0.11217154357185777,0.1351770233098045,0.06758851165490225,-0.17976005522676003,0.0,-0.0013821318000884764,0.5
full_development,P2RY10,0.0,0.0,0.0,0.0,0.0,0.0,0.0
full_development,PACS1,0.0,0.0,0.0,0.0,0.0,0.0,0.0
full_development,PACSIN3,0.0,0.0,0.0,0.0,0.0,0.0,0.0
full_development,PANK2,0.015127218508677487,0.14439208132916687,0.07219604066458343,-0.057068822155905946,0.75,0.0018155089658611623,1.0
full_development,PARP16,0.0,0.0,0.0,0.0,0.0,0.0,0.0
full_development,PCBP2,0.0,0.0,0.0,0.0,0.0,0.0,0.0
full_development,PCMT1,0.0,0.0,0.0,0.0,0.0,0.0,0.0
full_development,PCSK6,0.0,0.0,0.0,0.0,0.0,0.0,0.0
full_development,PDE10A,-0.06325108409390623,0.07303606085630485,0.03651803042815242,-0.09976911452205865,0.0,0.00011984659635666528,0.5
full_development,PDE8A,0.0037133248285616816,0.007426649657123363,0.0037133248285616816,0.0,0.25,0.0004194630872483285,0.5
full_development,PDK3,0.0,0.0,0.0,0.0,0.0,0.0006634232640424509,0.5
full_development,PDK4,0.0,0.0,0.0,0.0,0.0,0.0,0.0
full_development,PEA15,0.0037133248285616816,0.007426649657123363,0.0037133248285616816,0.0,0.25,0.0015580057526366486,0.5
full_development,PELI2,0.0,0.0,0.0,0.0,0.0,0.0,0.0
full_development,PEX11B,0.0,0.0,0.0,0.0,0.0,0.0,0.0
full_development,PFKFB3,0.0,0.0,0.0,0.0,0.0,0.0,0.0
full_development,PGGT1B,0.0,0.0,0.0,0.0,0.0,0.0,0.0
full_development,PHKG1,0.0,0.0,0.0,0.0,0.0,0.0,0.0
full_development,PIGB,0.023570173258603333,0.039500504704214914,0.019750252352107457,0.003819920906495876,0.5,-0.0004975674480318659,0.5
full_development,PIGG,0.33999381187496525,0.4075897281515791,0.20379486407578956,0.13619894779917568,0.5,0.0032618310482087354,0.5
full_development,PIGR,0.0,0.0,0.0,0.0,0.0,0.0,0.0
full_development,PIK3C2A,0.0,0.0,0.0,0.0,0.0,0.0,0.0
full_development,PIK3CA,0.0,0.0,0.0,0.0,0.0,0.0,0.0
full_development,PIKFYVE,0.0,0.0,0.0,0.0,0.0,0.0,0.0
full_development,PIPOX,0.0,0.0,0.0,0.0,0.0,0.0006634232640424509,0.5
full_development,PITPNM3,0.0,0.0,0.0,0.0,0.0,0.0,0.0
full_development,PKM,0.0,0.0,0.0,0.0,0.0,-0.0004422821760283191,0.5
full_development,PLA2G4C,0.0,0.0,0.0,0.0,0.0,0.0,0.0
full_development,PLAAT1,0.009424810720920718,0.01728148446116529,0.008640742230582645,0.0007840684903380728,0.5,0.0026536930561698313,0.5
full_development,PLD3,0.0,0.0,0.0,0.0,0.0,0.0,0.0
full_development,PLIN2,0.0,0.0,0.0,0.0,0.0,0.0,0.0
full_development,PLK1,-0.06325108409390623,0.07303606085630485,0.03651803042815242,-0.09976911452205865,0.0,0.000608509034132898,1.0
full_development,PLPPR1,0.0,0.0,0.0,0.0,0.0,0.0,0.0
full_development,PLXNA3,0.0,0.0,0.0,0.0,0.0,0.0,0.0
full_development,PMP22,-0.04348765653571718,0.08697531307143436,0.04348765653571718,-0.08697531307143436,0.0,0.0015580057526366209,0.5
full_development,PNLIPRP2,0.0,0.0,0.0,0.0,0.0,0.0,0.0
full_development,POLA2,0.0,0.0,0.0,0.0,0.0,0.0,0.0
full_development,POLD1,0.026671805121740277,0.030797947733619976,0.015398973866809988,0.01127283125493029,0.5,0.00011057054400703814,0.5
full_development,POLD3,0.0,0.0,0.0,0.0,0.0,0.0,0.0
full_development,POLM,0.0,0.0,0.0,0.0,0.0,0.0,0.0
full_development,POLR2H,0.0,0.0,0.0,0.0,0.0,0.0,0.0
full_development,POU3F2,0.0,0.0,0.0,0.0,0.0,0.0,0.0
full_development,PPFIA1,0.29438060565608026,0.39361373942797756,0.19680686971398878,0.09757373594209148,0.5,0.00461409395973153,0.5
full_development,PPID,0.0,0.0,0.0,0.0,0.0,0.0,0.0
full_development,PPM1D,0.0,0.0,0.0,0.0,0.0,0.0,0.0
full_development,PPOX,0.0,0.0,0.0,0.0,0.0,0.0,0.0
full_development,PPP1R15A,0.0,0.0,0.0,0.0,0.0,0.0,0.0
full_development,PPP3CB,0.0,0.0,0.0,0.0,0.0,0.0,0.0
full_development,PPP5C,0.0,0.0,0.0,0.0,0.0,-0.0003317116320212532,0.5
full_development,PRDM1,0.33836809118153965,0.19776268777485767,0.09888134388742884,0.23948674729411082,1.0,0.0029265945162946783,1.0
full_development,PRDX1,0.11993143001665629,0.13848505814092626,0.06924252907046313,0.05068890094619316,0.5,0.0014927023440955145,0.5
full_development,PRKAG1,-0.04633344663846195,0.08891299732012115,0.04445649866006057,-0.09078994529852252,0.0,-0.00017976989453499792,0.5
full_development,PRKD3,0.0,0.0,0.0,0.0,0.0,0.0,0.0
full_development,PRKG1,0.0037133248285616816,0.007426649657123363,0.0037133248285616816,0.0,0.25,0.002217162032598252,0.5
full_development,PROM1,0.0,0.0,0.0,0.0,0.0,0.0,0.0
full_development,PRSS8,0.0,0.0,0.0,0.0,0.0,0.0,0.0
full_development,PSG4,-0.06325108409390623,0.07303606085630485,0.03651803042815242,-0.09976911452205865,0.0,-0.0002996164908916632,0.5
full_development,PSMD9,-0.08059626630631911,0.09306455209526421,0.046532276047632104,-0.1271285423539512,0.0,-0.0004422821760283191,0.5
full_development,PTAFR,0.12026057452781913,0.26740119841394644,0.13370059920697322,-0.013440024679154089,0.75,0.002843481087242361,1.0
full_development,PTBP1,0.0,0.0,0.0,0.0,0.0,0.0,0.0
full_development,PTGES2,0.0,0.0,0.0,0.0,0.0,0.0,0.0
full_development,PTP4A2,0.0622452912860485,0.124490582572097,0.0622452912860485,0.0,0.25,0.001857622243528284,0.5
full_development,PTPRN2,0.0,0.0,0.0,0.0,0.0,0.0,0.0
full_development,PYGO1,0.0,0.0,0.0,0.0,0.0,0.0,0.0
full_development,RAB1A,0.0,0.0,0.0,0.0,0.0,0.0,0.0
full_development,RAB26,0.0,0.0,0.0,0.0,0.0,0.0,0.0
full_development,RAB30,0.0,0.0,0.0,0.0,0.0,0.0,0.0
full_development,RAB38,0.0,0.0,0.0,0.0,0.0,0.0,0.0
full_development,RAB4A,0.0,0.0,0.0,0.0,0.0,0.0,0.0
full_development,RALB,0.0,0.0,0.0,0.0,0.0,0.0,0.0
full_development,RANGAP1,0.0,0.0,0.0,0.0,0.0,0.0,0.0
full_development,RARS2,-0.09191745915924443,0.12488233592493182,0.06244116796246591,-0.15435862712171033,0.0,-0.000552852720035385,0.5
full_development,RASGRP2,0.0,0.0,0.0,0.0,0.0,0.0,0.0
full_development,RB1,0.19368217722981385,0.29918271136050556,0.14959135568025278,0.044090821549561066,0.5,0.0008988494726749896,0.5
full_development,RBM10,0.0,0.0,0.0,0.0,0.0,0.0,0.0
full_development,RBM26,0.0,0.0,0.0,0.0,0.0,0.0,0.0
full_development,RBM4,0.0,0.0,0.0,0.0,0.0,0.0,0.0
full_development,RCC1,-0.040298133153159554,0.08059626630631911,0.040298133153159554,-0.08059626630631911,0.0,0.00033171163202122544,0.5
full_development,RELN,0.0,0.0,0.0,0.0,0.0,0.0,0.0
full_development,RETREG1,0.0,0.0,0.0,0.0,0.0,0.0,0.0
full_development,RFC1,0.0,0.0,0.0,0.0,0.0,0.0,0.0
full_development,RGS12,0.0,0.0,0.0,0.0,0.0,0.0,0.0
full_development,RGS13,-0.022138161305637283,0.04427632261127456,0.02213816130563728,-0.044276322611274566,0.0,0.0017377756471716188,0.5
full_development,RGS20,0.0,0.0,0.0,0.0,0.0,0.0,0.0
full_development,RIOX2,0.0,0.0,0.0,0.0,0.0,0.0,0.0
full_development,RLN1,0.0,0.0,0.0,0.0,0.0,0.001879699248120259,0.5
full_development,RNF128,0.04692267394279526,0.055222724875102026,0.027611362437551013,0.019311311505244243,0.5,-2.7755575615628914e-17,0.5
full_development,RNF146,0.0,0.0,0.0,0.0,0.0,0.0,0.0
full_development,RNF2,0.0,0.0,0.0,0.0,0.0,0.0,0.0
full_development,RNLS,0.0,0.0,0.0,0.0,0.0,0.0,0.0
full_development,ROCK2,0.0,0.0,0.0,0.0,0.0,0.0,0.0
full_development,ROR1,0.004263944945160247,0.03486785043603075,0.017433925218015376,-0.013169980272855129,0.25,0.00035953978906999584,0.5
full_development,RPA2,0.0,0.0,0.0,0.0,0.0,0.0,0.0
full_development,RPL10A,-0.06325108409390623,0.07303606085630485,0.03651803042815242,-0.09976911452205865,0.0,-0.0007047944575216403,1.0
full_development,RPL26L1,0.0,0.0,0.0,0.0,0.0,0.0,0.0
full_development,RPL27A,0.0,0.0,0.0,0.0,0.0,0.0,0.0
full_development,RPL37A,0.0,0.0,0.0,0.0,0.0,0.0,0.0
full_development,RPL38,0.0,0.0,0.0,0.0,0.0,0.0,0.0
full_development,RPL39,-0.005640342003264465,0.09430311883412745,0.047151559417063726,-0.05279190142032819,0.25,0.0023505516653853087,1.0
full_development,RPL7A,-0.09045440199131782,0.15976292883814736,0.07988146441907368,-0.1703358664103915,0.0,-0.0012398371570458422,1.0
full_development,RPS11,0.0,0.0,0.0,0.0,0.0,0.0,0.0
full_development,RPS26,0.0,0.0,0.0,0.0,0.0,0.0,0.0
full_development,RPS28,0.0,0.0,0.0,0.0,0.0,0.0,0.0
full_development,RPS3A,0.0,0.0,0.0,0.0,0.0,0.0,0.0
full_development,RPS6KA5,0.0,0.0,0.0,0.0,0.0,0.0005393096836049938,0.5
full_development,RPS6KB1,0.0,0.0,0.0,0.0,0.0,0.0,0.0
full_development,RSAD2,0.0,0.0,0.0,0.0,0.0,0.0,0.0
full_development,RYBP,0.0,0.0,0.0,0.0,0.0,0.0,0.0
full_development,S100A12,0.0,0.0,0.0,0.0,0.0,0.0,0.0
full_development,S100A7,0.0,0.0,0.0,0.0,0.0,0.0,0.0
full_development,SAMHD1,0.0,0.0,0.0,0.0,0.0,0.000659156279961659,0.5
full_development,SAP18,0.0,0.0,0.0,0.0,0.0,0.0001105705440070659,0.5
full_development,SAP30,0.0,0.0,0.0,0.0,0.0,0.0,0.0
full_development,SATB1,0.0,0.0,0.0,0.0,0.0,0.0,0.0
full_development,SCN2A,0.0,0.0,0.0,0.0,0.0,0.0,0.0
full_development,SCT,0.0,0.0,0.0,0.0,0.0,0.0,0.0
full_development,SEC16A,0.0,0.0,0.0,0.0,0.0,0.0,0.0
full_development,SEC23A,0.0,0.0,0.0,0.0,0.0,0.0,0.0
full_development,SEC61G,0.0,0.0,0.0,0.0,0.0,0.0,0.0
full_development,SEMG1,-0.031625542046953115,0.06325108409390623,0.031625542046953115,-0.06325108409390623,0.0,0.00017976989453499792,0.5
full_development,SENP5,0.0,0.0,0.0,0.0,0.0,0.0,0.0
full_development,SEPTIN4,0.0,0.0,0.0,0.0,0.0,0.0,0.0
full_development,SERPINA1,0.053274036901710176,0.10567815604233737,0.05283907802116868,0.00043495888054149306,0.5,-0.0011057054400707977,0.5
full_development,SERPINA5,0.0,0.0,0.0,0.0,0.0,0.0,0.0
full_development,SERPINB2,0.0,0.0,0.0,0.0,0.0,0.0,0.0
full_development,SETD1B,0.0,0.0,0.0,0.0,0.0,0.0,0.0
full_development,SF3B5,0.0,0.0,0.0,0.0,0.0,0.0,0.0
full_development,SFTPC,0.0,0.0,0.0,0.0,0.0,0.0,0.0
full_development,SGCA,0.10373148497477125,0.12308179683307642,0.06154089841653821,0.04219058655823304,0.5,0.0008292790800530636,0.5
full_development,SHARPIN,0.0,0.0,0.0,0.0,0.0,0.0,0.0
full_development,SHB,0.0,0.0,0.0,0.0,0.0,0.0,0.0
full_development,SIGIRR,0.0,0.0,0.0,0.0,0.0,0.0,0.0
full_development,SIGLEC15,0.0,0.0,0.0,0.0,0.0,0.0,0.0
full_development,SIKE1,0.0,0.0,0.0,0.0,0.0,0.0,0.0
full_development,SLC12A5,0.0,0.0,0.0,0.0,0.0,0.0,0.0
full_development,SLC13A4,-0.04639532413544245,0.06023021820966029,0.030115109104830146,-0.0765104332402726,0.0,0.0004793863854266611,0.5
full_development,SLC16A8,-0.31402954330149235,0.3731289605551856,0.1865644802775928,-0.5005940235790851,0.0,0.0023141895401749546,1.0
full_development,SLC18A2,0.0,0.0,0.0,0.0,0.0,-0.00023969319271333056,0.5
full_development,SLC20A2,0.02598520004368865,0.0519704000873773,0.02598520004368865,0.0,0.25,-0.0009398496240601573,0.5
full_development,SLC22A5,-0.07583796271811849,0.09244539257369024,0.04622269628684512,-0.1220606590049636,0.0,0.0007005274734407929,1.0
full_development,SLC22A6,0.0,0.0,0.0,0.0,0.0,0.0,0.0
full_development,SLC24A1,0.0,0.0,0.0,0.0,0.0,0.0,0.0
full_development,SLC25A11,0.0,0.0,0.0,0.0,0.0,0.0,0.0
full_development,SLC25A21,0.0,0.0,0.0,0.0,0.0,0.0,0.0
full_development,SLC25A4,0.0,0.0,0.0,0.0,0.0,0.0,0.0
full_development,SLC28A3,0.0,0.0,0.0,0.0,0.0,0.0023319995606861377,1.0
full_development,SLC30A3,-0.11501973884217165,0.14822244272075508,0.07411122136037754,-0.1891309602025492,0.0,0.0006634232640424509,0.5
full_development,SLC44A4,0.0,0.0,0.0,0.0,0.0,0.0,0.0
full_development,SLC4A8,0.0,0.0,0.0,0.0,0.0,0.0010600672625107888,1.0
full_development,SLC6A13,0.034205912353485246,0.06841182470697049,0.034205912353485246,0.0,0.25,0.0008845643520566104,0.5
full_development,SLC6A14,0.0,0.0,0.0,0.0,0.0,0.0,0.0
full_development,SLC6A4,0.0,0.0,0.0,0.0,0.0,0.0,0.0
full_development,SLC6A5,0.0,0.0,0.0,0.0,0.0,0.0,0.0
full_development,SLC9A2,0.0,0.0,0.0,0.0,0.0,0.00035953978906999584,0.5
full_development,SLCO1A2,-0.009095174810125783,0.11285744397635697,0.056428721988178485,-0.06552389679830427,0.25,-2.7755575615628914e-17,0.5
full_development,SLCO3A1,0.0,0.0,0.0,0.0,0.0,0.00022114108801415955,1.0
full_development,SLIT2,0.0,0.0,0.0,0.0,0.0,0.0,0.0
full_development,SMPD4,0.0,0.0,0.0,0.0,0.0,0.0,0.0
full_development,SMURF1,0.0,0.0,0.0,0.0,0.0,0.0,0.0
full_development,SNAPC3,0.0,0.0,0.0,0.0,0.0,0.0,0.0
full_development,SNCB,0.0,0.0,0.0,0.0,0.0,0.0,0.0
full_development,SNRPN,0.0,0.0,0.0,0.0,0.0,0.0,0.0
full_development,SOX13,0.0,0.0,0.0,0.0,0.0,0.0,0.0
full_development,SPCS3,0.0,0.0,0.0,0.0,0.0,0.0,0.0
full_development,SPOCK3,-0.08773573678036328,0.1704212176877211,0.08521060884386054,-0.17294634562422384,0.25,0.0001387697431498025,1.0
full_development,SPON1,0.0,0.0,0.0,0.0,0.0,0.0,0.0
full_development,SPTBN2,0.0,0.0,0.0,0.0,0.0,0.0,0.0
full_development,SPTBN4,0.0,0.0,0.0,0.0,0.0,0.0,0.0
full_development,SPTLC1,0.013858934270928103,0.019142226614891098,0.009571113307445549,0.004287820963482554,0.5,0.0,0.5
full_development,SPTSSA,0.0,0.0,0.0,0.0,0.0,0.0,0.0
full_development,SQOR,0.0,0.0,0.0,0.0,0.0,0.00017976989453499792,0.5
full_development,SQSTM1,-0.1623395569586492,0.18745357382040143,0.09372678691020071,-0.2560663438688499,0.0,0.0007190795781399917,0.5
full_development,SRP14,-0.04387286565958348,0.22492956119449226,0.11246478059724613,-0.1563376462568296,0.5,0.002346655723398483,1.0
full_development,SRPK1,-0.09892604180355136,0.06978969684138538,0.03489484842069269,-0.13382089022424404,0.0,0.00018515000489774391,1.0
full_development,SRRM1,0.0,0.0,0.0,0.0,0.0,0.0,0.0
full_development,SRSF2,0.0,0.0,0.0,0.0,0.0,0.0,0.0
full_development,SSR1,-0.02101826188929934,0.055553188723440276,0.027776594361720138,-0.04879485625101948,0.25,5.528527200351907e-05,0.5
full_development,ST6GAL1,-0.04998282747810734,0.23833422540322477,0.11916711270161238,-0.16914994017971974,0.25,-0.0006819753687416497,1.0
full_development,ST6GALNAC5,-0.016860239950066358,0.04642621529315748,0.02321310764657874,-0.0400733475966451,0.25,0.00044228217602829134,0.5
full_development,STAP2,0.0,0.0,0.0,0.0,0.0,0.0,0.0
full_development,STAT2,0.0,0.0,0.0,0.0,0.0,0.0,0.0
full_development,STOM,0.0,0.0,0.0,0.0,0.0,0.0,0.0
full_development,STRA6,0.2663470599278881,0.3546480320376599,0.17732401601882994,0.08902304390905816,0.5,0.0014381591562799556,0.5
full_development,STS,0.0,0.0,0.0,0.0,0.0,-0.0004793863854266611,0.5
full_development,STX5,-0.01969226355913456,0.31846766292440554,0.15923383146220277,-0.17892609502133733,0.25,0.0006548892958808394,1.0
full_development,SUPT3H,0.0,0.0,0.0,0.0,0.0,0.0,0.0
full_development,SUPT4H1,-0.1233687559864709,0.14619666602166492,0.07309833301083246,-0.19646708899730336,0.0,0.0009398496240601295,0.5
full_development,SWAP70,0.0,0.0,0.0,0.0,0.0,0.0,0.0
full_development,SYP,0.0,0.0,0.0,0.0,0.0,0.0,0.0
full_development,TAAR2,0.0,0.0,0.0,0.0,0.0,0.0,0.0
full_development,TACO1,0.0,0.0,0.0,0.0,0.0,0.0,0.0
full_development,TACR1,0.0,0.0,0.0,0.0,0.0,0.0,0.0
full_development,TBCA,0.09331652617238184,0.3049717257938483,0.15248586289692415,-0.059169336724542304,0.25,0.0016503952340385097,1.0
full_development,TBCE,-0.0719134109379791,0.08424031202403177,0.04212015601201589,-0.11403356694999497,0.0,0.0002764263600176786,0.5
full_development,TBL1XR1,0.37373894362205107,0.47919878515039876,0.23959939257519938,0.13413955104685168,0.5,0.0015580057526366209,0.5
full_development,TBL3,0.0,0.0,0.0,0.0,0.0,0.0,0.0
full_development,TBXAS1,0.056999867009173144,0.16746876410123257,0.08373438205061629,-0.02673451504144314,0.25,0.0024878372401592186,0.5
full_development,TBXT,0.0,0.0,0.0,0.0,0.0,0.0,0.0
full_development,TCF4,0.12452420340941472,0.39699189297488874,0.19849594648744437,-0.07397174307802964,0.5,0.00047938638542663337,1.0
full_development,TDO2,0.0,0.0,0.0,0.0,0.0,0.0,0.0
full_development,TDRD12,-0.04270724609265919,0.08541449218531838,0.04270724609265919,-0.08541449218531838,0.0,0.0002860734544612442,1.0
full_development,TFAP2B,0.23454333987818288,0.3502490822610025,0.17512454113050124,0.059418798747681634,0.75,0.003907815333833997,1.0
full_development,TFEB,0.0,0.0,0.0,0.0,0.0,0.0,0.0
full_development,TFEC,0.0,0.0,0.0,0.0,0.0,0.0,0.0
full_development,TGFBR1,0.0,0.0,0.0,0.0,0.0,0.0,0.0
full_development,TGOLN2,0.11888394540439329,0.16076862345138485,0.08038431172569242,0.038499633678700865,0.5,-0.000995134896063704,0.5
full_development,THPO,0.0,0.0,0.0,0.0,0.0,0.0,0.0
full_development,TIMM13,0.04268719327338388,0.10754334731830978,0.05377167365915489,-0.011084480385771006,0.25,0.0009587727708533222,0.5
full_development,TIMM22,0.026671805121740277,0.030797947733619976,0.015398973866809988,0.01127283125493029,0.5,0.0014374170720919954,0.5
full_development,TIMP2,0.20776431141552365,0.3780445164426681,0.18902225822133406,0.01874205319418959,0.5,0.001792689877081144,1.0
full_development,TIMP3,-0.02432939208738283,0.05624817241494939,0.028124086207474697,-0.052453478294857525,0.25,0.0014374170720919677,0.5
full_development,TMEM223,0.02598520004368865,0.0519704000873773,0.02598520004368865,0.0,0.25,0.00044228217602829134,0.5
full_development,TMEM258,0.0,0.0,0.0,0.0,0.0,-0.00011057054400709365,0.5
full_development,TMEM30A,0.0,0.0,0.0,0.0,0.0,0.0,0.0
full_development,TMPRSS6,0.0,0.0,0.0,0.0,0.0,0.0,0.0
full_development,TMSB4X,0.0,0.0,0.0,0.0,0.0,0.0,0.0
full_development,TNFRSF10C,0.0,0.0,0.0,0.0,0.0,0.0,0.0
full_development,TNFSF10,0.0,0.0,0.0,0.0,0.0,-0.0002211410880141873,0.5
full_development,TNFSF4,0.5453497416048716,0.6379724452112359,0.31898622260561793,0.22636351899925367,0.5,0.002874834144183991,0.5
full_development,TNIP1,0.16592399952811832,0.17559442302405573,0.08779721151202786,0.07812678801609045,1.0,-0.0014459510402536346,1.0
full_development,TNN,0.0,0.0,0.0,0.0,0.0,0.0,0.0
full_development,TOMM70,0.0,0.0,0.0,0.0,0.0,0.0,0.0
full_development,TP53I3,0.0,0.0,0.0,0.0,0.0,0.0,0.0
full_development,TPD52,0.0,0.0,0.0,0.0,0.0,0.0,0.0
full_development,TPM1,0.8381105949795309,1.0158889667430036,0.5079444833715018,0.3301661116080291,0.5,0.0059708093763821135,0.5
full_development,TPO,0.007426649657123363,0.00857555635743443,0.004287778178717215,0.0031388714784061477,0.5,0.0010186960690316549,0.5
full_development,TPP2,0.0,0.0,0.0,0.0,0.0,0.0,0.0
full_development,TRA2B,0.0,0.0,0.0,0.0,0.0,0.0,0.0
full_development,TRIM14,0.0,0.0,0.0,0.0,0.0,0.0,0.0
full_development,TRIM62,0.0,0.0,0.0,0.0,0.0,0.0,0.0
full_development,TRIP12,0.0,0.0,0.0,0.0,0.0,0.0,0.0
full_development,TRMT112,0.0,0.0,0.0,0.0,0.0,-0.0014374170720920232,0.5
full_development,TRMT12,0.06595861611461018,0.12221577222009297,0.061107886110046486,0.004850730004563694,0.5,2.7457114954748674e-05,1.0
full_development,TSPAN5,-0.013811933710293545,0.5266460296088368,0.2633230148044184,-0.27713494851471193,0.25,-0.004314477468839895,0.5
full_development,TSPAN7,0.0,0.0,0.0,0.0,0.0,0.0,0.0
full_development,TSR1,0.0,0.0,0.0,0.0,0.0,-0.0014374170720920232,0.5
full_development,TSR3,0.044820451352419965,0.08004553429050225,0.040022767145251124,0.004797684207168841,0.5,0.0009587727708533222,0.5
full_development,TST,0.0,0.0,0.0,0.0,0.0,0.0,0.0
full_development,TTC19,0.0,0.0,0.0,0.0,0.0,0.0,0.0
full_development,TUBB2B,0.17592809669512022,0.47235311276241576,0.23617655638120788,-0.06024845968608766,0.25,0.0014381591562799556,0.5
full_development,TUT4,0.0,0.0,0.0,0.0,0.0,0.0,0.0
full_development,TYROBP,0.0,0.0,0.0,0.0,0.0,0.0,0.0
full_development,U2AF1,0.0,0.0,0.0,0.0,0.0,0.0,0.0
full_development,UBE2M,-0.06325108409390623,0.07303606085630485,0.03651803042815242,-0.09976911452205865,0.0,0.0,0.5
full_development,UBE2W,0.0,0.0,0.0,0.0,0.0,0.0,0.0
full_development,UCKL1,0.0,0.0,0.0,0.0,0.0,0.0,0.0
full_development,UCP2,0.0,0.0,0.0,0.0,0.0,0.0,0.5
full_development,UFD1,0.01680233130231734,0.04729306391389938,0.02364653195694969,-0.00684420065463235,0.25,0.0007372606407451687,1.0
full_development,UGT1A1,0.0,0.0,0.0,0.0,0.0,0.0,0.0
full_development,UGT2B17,0.0,0.0,0.0,0.0,0.0,0.0,0.0
full_development,UNC119B,0.0,0.0,0.0,0.0,0.0,0.0,0.0
full_development,UNC5C,0.05978255114417941,0.07184498347673884,0.03592249173836942,0.023860059405809986,0.5,-0.005030959752321984,0.5
full_development,UPB1,0.0,0.0,0.0,0.0,0.0,0.0,0.0
full_development,UPF3B,0.010145609442366421,0.020291218884732842,0.010145609442366421,0.0,0.25,0.0008988494726749618,0.5
full_development,USP48,0.4449004365916629,0.5137924740401804,0.2568962370200902,0.18800419957157272,0.5,0.0033557046979865723,0.5
full_development,UTS2,0.0,0.0,0.0,0.0,0.0,0.0,0.0
full_development,VAV2,0.0,0.0,0.0,0.0,0.0,0.0,0.0
full_development,VEGFA,0.0,0.0,0.0,0.0,0.0,0.0,0.0
full_development,VPS33A,0.0,0.0,0.0,0.0,0.0,0.0,0.0
full_development,VPS4A,0.010145609442366421,0.020291218884732842,0.010145609442366421,0.0,0.25,0.0,0.5
full_development,WBP11,0.0,0.0,0.0,0.0,0.0,0.0,0.0
full_development,WDCP,-0.037360802844506935,0.07472160568901387,0.037360802844506935,-0.07472160568901387,0.0,0.0010504201680671954,0.5
full_development,WDR12,0.0,0.0,0.0,0.0,0.0,0.0,0.0
full_development,WDR26,0.0,0.0,0.0,0.0,0.0,0.0,0.0
full_development,WDR3,0.0,0.0,0.0,0.0,0.0,0.0,0.0
full_development,WDR45,0.0,0.0,0.0,0.0,0.0,0.0,0.0
full_development,WDR70,0.027001369400826647,0.054002738801653294,0.027001369400826647,0.0,0.25,0.0004793863854266611,0.5
full_development,WDR82,-0.03161527778481954,0.08792269530671323,0.04396134765335662,-0.07557662543817616,0.25,-0.0008292790800530914,0.5
full_development,WHRN,0.0,0.0,0.0,0.0,0.0,0.0,0.0
full_development,WIPF1,0.0,0.0,0.0,0.0,0.0,0.0,0.0
full_development,WIPF2,0.15299514106782475,0.22328084857322728,0.11164042428661364,0.04135471678121111,0.5,0.0010504201680672232,1.0
full_development,WIPI2,0.0,0.0,0.0,0.0,0.0,0.0,0.0
full_development,WT1,0.0,0.0,0.0,0.0,0.0,0.0,0.0
full_development,XRCC5,0.0,0.0,0.0,0.0,0.0,0.0,0.0
full_development,XYLT2,0.08724788722505039,0.1007451823512179,0.05037259117560895,0.03687529604944144,0.5,-0.00038235887784998646,1.0
full_development,YAP1,-0.13762179907871186,0.15891196548890976,0.07945598274445488,-0.21707778182316673,0.0,-0.00011057054400709365,0.5
full_development,YARS1,0.0,0.0,0.0,0.0,0.0,0.0,0.0
full_development,YBX1,0.0,0.0,0.0,0.0,0.0,0.0,0.0
full_development,YOD1,0.0,0.0,0.0,0.0,0.0,0.0,0.0
full_development,YWHAE,0.0,0.0,0.0,0.0,0.0,0.0,0.0
full_development,YWHAQ,0.0,0.0,0.0,0.0,0.0,0.0,0.0
full_development,ZAP70,0.0,0.0,0.0,0.0,0.0,0.0,0.0
full_development,ZBTB17,0.0,0.0,0.0,0.0,0.0,0.0,0.0
full_development,ZC3H11A,0.0,0.0,0.0,0.0,0.0,0.0,0.0
full_development,ZFAND6,-0.027912217218389657,0.05582443443677931,0.027912217218389657,-0.05582443443677931,0.0,0.00011984659635666528,0.5
full_development,ZFP69B,0.0,0.0,0.0,0.0,0.0,0.0,0.0
full_development,ZNF197,0.0,0.0,0.0,0.0,0.0,0.0,0.0
full_development,ZNF26,0.20193325809247042,0.2957861886794343,0.14789309433971715,0.05404016375275328,1.0,0.003576474743906738,1.0
full_development,ZNF274,0.0,0.0,0.0,0.0,0.0,-0.0007279845883956249,1.0
full_development,ZNF324B,0.060349103903739376,0.06968514276835325,0.034842571384176624,0.025506532519562752,0.5,-0.00011057054400709365,0.5
full_development,ZNF41,0.0,0.0,0.0,0.0,0.0,0.0,0.0
full_development,ZNF423,0.0,0.0,0.0,0.0,0.0,-0.0004422821760283191,0.5
full_development,ZNF432,0.0,0.0,0.0,0.0,0.0,0.0,0.0
full_development,ZNF442,0.0,0.0,0.0,0.0,0.0,0.0,0.0
full_development,ZNF493,0.0,0.0,0.0,0.0,0.0,0.0,0.0
full_development,ZNF562,0.033711519916924004,0.038926710197655014,0.019463355098827507,0.014248164818096497,0.5,-0.00023969319271333056,0.5
full_development,ZNF571,0.07239090072841492,0.11927109850921983,0.05963554925460991,0.012755351473805007,0.5,0.0005992329817833264,0.5
full_development,ZNF587,0.0,0.0,0.0,0.0,0.0,0.0,0.0
full_development,ZNF671,0.0,0.0,0.0,0.0,0.0,0.0,0.0
full_development,ZNF750,0.0,0.0,0.0,0.0,0.0,0.00033171163202122544,0.5
full_development,ZNF75D,0.0,0.0,0.0,0.0,0.0,0.0,0.0
full_development,ZZZ3,0.015825257493236933,0.01827343334743097,0.009136716673715486,0.006688540819521447,0.5,0.0016778523489932862,0.5
