context,gene,observation_policy_pfi_mean,observation_policy_pfi_sd,observation_policy_pfi_se,observation_selection_score,observation_positive_fraction,observation_cindex_pfi_mean,observation_split_use_fraction
repeat_1_fold_1,A1CF,0.0009772003376511407,0.0011283737559901585,0.0005641868779950793,0.0004130134596560614,0.5,-4.678289617315867e-05,0.5
repeat_1_fold_1,A2M,0.0,0.0,0.0,0.0,0.0,5.847862021646222e-05,0.5
repeat_1_fold_1,A4GALT,0.0,0.0,0.0,0.0,0.0,0.0,0.0
repeat_1_fold_1,A4GNT,0.08983451076297655,0.10373195794304568,0.05186597897152284,0.03796853179145371,0.5,0.00014034868851947602,0.5
repeat_1_fold_1,AAAS,0.04911709412570531,0.05671553503057629,0.028357767515288144,0.020759326610417163,0.5,0.00031214657175523963,1.0
repeat_1_fold_1,AACS,0.0022670578403030106,0.0026177729087347897,0.0013088864543673948,0.0009581713859356158,0.5,7.12167333297431e-05,1.0
repeat_1_fold_1,AADAC,0.0,0.0,0.0,0.0,0.0,0.0001902587519026222,0.5
repeat_1_fold_1,AAK1,0.0,0.0,0.0,0.0,0.0,7.797149362193112e-05,0.5
repeat_1_fold_1,AAMP,0.070912914814107,0.08587411569467122,0.04293705784733561,0.027975856966771386,0.5,-0.0005390664637239806,0.5
repeat_1_fold_1,AANAT,0.0,0.0,0.0,0.0,0.0,-1.5594298724386224e-05,0.5
repeat_1_fold_1,AARS1,0.05506786318396806,0.06358689126592289,0.031793445632961444,0.023274417551006614,0.5,4.054933041594544e-05,1.0
repeat_1_fold_1,AASDHPPT,0.0,0.0,0.0,0.0,0.0,0.00011891171993913541,0.5
repeat_1_fold_1,AASS,0.0,0.0,0.0,0.0,0.0,0.0,0.0
repeat_1_fold_1,AATF,0.0,0.0,0.0,0.0,0.0,-0.00014034868851947602,0.5
repeat_1_fold_1,ABAT,-0.04378372646133499,0.08756745292266999,0.04378372646133499,-0.08756745292266999,0.0,0.00016374013660605535,0.5
repeat_1_fold_1,ABCA1,0.0,0.0,0.0,0.0,0.0,3.96372399797118e-05,0.5
repeat_1_fold_1,ABCA12,0.08675796644424594,0.10017947056185982,0.05008973528092991,0.03666823116331603,0.5,0.00022196854388636944,0.5
repeat_1_fold_1,ABCA2,0.0,0.0,0.0,0.0,0.0,0.0,0.0
repeat_1_fold_1,ABCA3,0.0,0.0,0.0,0.0,0.0,0.0,0.0
repeat_1_fold_1,ABCA4,0.0,0.0,0.0,0.0,0.0,0.0,0.0
repeat_1_fold_1,ABCA5,0.0,0.0,0.0,0.0,0.0,0.0,0.0
repeat_1_fold_1,ABCA6,0.04337898322212297,0.08675796644424594,0.04337898322212297,0.0,0.25,0.0004756468797564861,0.5
repeat_1_fold_1,ABCA7,0.0,0.0,0.0,0.0,0.0,0.0,0.0
repeat_1_fold_1,ABCA8,0.02886460302578797,0.057729206051575936,0.028864603025787968,3.469446951953614e-18,0.25,-0.0002467828926127902,1.0
repeat_1_fold_1,ABCB1,0.0,0.0,0.0,0.0,0.0,0.0,0.0
repeat_1_fold_1,ABCB11,-0.04265019754118349,0.08834899744621387,0.044174498723106935,-0.08682469626429043,0.25,0.00021597480673396507,1.0
repeat_1_fold_1,ABCB4,0.05898406190337013,0.06810892803561659,0.034054464017808296,0.024929597885561837,0.5,9.512937595129722e-05,0.5
repeat_1_fold_1,ABCB6,0.0,0.0,0.0,0.0,0.0,6.103267123469536e-06,1.0
repeat_1_fold_1,ABCB7,0.0,0.0,0.0,0.0,0.0,0.0,0.0
repeat_1_fold_1,ABCB8,0.0,0.0,0.0,0.0,0.0,0.0,0.0
repeat_1_fold_1,ABCB9,0.019284138535168083,0.038568277070336165,0.019284138535168083,0.0,0.25,3.96372399797118e-05,0.5
repeat_1_fold_1,ABCC1,0.0,0.0,0.0,0.0,0.0,0.0,0.0
repeat_1_fold_1,ABCC10,0.0,0.0,0.0,0.0,0.0,0.0,0.0
repeat_1_fold_1,ABCC2,0.025992609274199552,0.051985218548399104,0.025992609274199552,0.0,0.25,0.00047369240025027515,1.0
repeat_1_fold_1,ABCC3,0.0,0.0,0.0,0.0,0.0,1.585489599192913e-05,0.5
repeat_1_fold_1,ABCC4,0.0,0.0,0.0,0.0,0.0,-0.000523211567732107,0.5
repeat_1_fold_1,ABCC5,0.0,0.0,0.0,0.0,0.0,0.0,0.0
repeat_1_fold_1,ABCC6,0.08675796644424594,0.10017947056185982,0.05008973528092991,0.03666823116331603,0.5,0.00021404109589043263,0.5
repeat_1_fold_1,ABCC8,0.0,0.0,0.0,0.0,0.0,0.0,0.0
repeat_1_fold_1,ABCC9,0.0,0.0,0.0,0.0,0.0,-0.0005458004553535178,0.5
repeat_1_fold_1,ABCD1,0.0,0.0,0.0,0.0,0.0,0.0,0.0
repeat_1_fold_1,ABCD2,0.0,0.0,0.0,0.0,0.0,0.0,0.0
repeat_1_fold_1,ABCD3,0.0,0.0,0.0,0.0,0.0,0.0005185104325858558,0.5
repeat_1_fold_1,ABCD4,0.0,0.0,0.0,0.0,0.0,0.00045108274396618575,1.0
repeat_1_fold_1,ABCE1,0.057695388038638384,0.08148770037050296,0.04074385018525148,0.016951537853386905,0.5,0.00048357432775242293,0.5
repeat_1_fold_1,ABCF1,0.0,0.0,0.0,0.0,0.0,7.927447995964565e-06,0.5
repeat_1_fold_1,ABCF2,0.051985218548399104,0.060027359845599496,0.030013679922799748,0.021971538625599356,0.5,-0.00018233130390662988,0.5
repeat_1_fold_1,ABCG2,0.0,0.0,0.0,0.0,0.0,0.0,0.0
repeat_1_fold_1,ABCG4,0.0,0.0,0.0,0.0,0.0,7.407291894084844e-05,0.5
repeat_1_fold_1,ABCG5,0.0,0.0,0.0,0.0,0.0,0.0,0.0
repeat_1_fold_1,ABHD10,0.0,0.0,0.0,0.0,0.0,0.0,0.0
repeat_1_fold_1,ABHD17A,0.0,0.0,0.0,0.0,0.0,0.00017440385591074858,0.5
repeat_1_fold_1,ABHD17B,0.06573945797638814,0.04990981646107614,0.02495490823053807,0.040784549745850066,0.75,0.0009638704209984361,1.0
repeat_1_fold_1,ABHD3,0.0,0.0,0.0,0.0,0.0,0.0,0.0
repeat_1_fold_1,ABHD4,0.0,0.0,0.0,0.0,0.0,-2.3782343987810428e-05,0.5
repeat_1_fold_1,ABHD5,0.0,0.0,0.0,0.0,0.0,0.0,0.0
repeat_1_fold_1,ABI1,0.0,0.0,0.0,0.0,0.0,-0.0002923931010822278,0.5
repeat_1_fold_1,ABI2,0.0,0.0,0.0,0.0,0.0,9.746436702745553e-05,1.0
repeat_1_fold_1,ABL1,0.0,0.0,0.0,0.0,0.0,0.0,0.0
repeat_1_fold_1,ABL2,0.0,0.0,0.0,0.0,0.0,0.0,0.0
repeat_1_fold_1,ABLIM1,0.0,0.0,0.0,0.0,0.0,0.0,0.0
repeat_1_fold_1,ABLIM3,0.0,0.0,0.0,0.0,0.0,0.0,0.0
repeat_1_fold_1,ABR,0.0,0.0,0.0,0.0,0.0,0.0,0.0
repeat_1_fold_1,ABRAXAS2,0.0,0.0,0.0,0.0,0.0,-0.0002573059289523727,0.5
repeat_1_fold_1,ACAA1,0.0,0.0,0.0,0.0,0.0,7.13470319634868e-05,0.5
repeat_1_fold_1,ACAA2,0.0,0.0,0.0,0.0,0.0,2.729002276768977e-05,0.5
repeat_1_fold_1,ACACA,0.0,0.0,0.0,0.0,0.0,0.0,0.0
repeat_1_fold_1,ACAD10,0.0,0.0,0.0,0.0,0.0,-2.3782343987810428e-05,0.5
repeat_1_fold_1,ACAD8,0.0,0.0,0.0,0.0,0.0,-3.118859744877245e-05,0.5
repeat_1_fold_1,ACADL,0.0,0.0,0.0,0.0,0.0,0.0,0.0
repeat_1_fold_1,ACADM,-0.044428655212662704,0.08885731042532541,0.044428655212662704,-0.08885731042532541,0.0,-0.00025730592895234494,0.5
repeat_1_fold_1,ACADS,0.0,0.0,0.0,0.0,0.0,0.0,0.0
repeat_1_fold_1,ACADSB,0.0,0.0,0.0,0.0,0.0,0.0,0.0
repeat_1_fold_1,ACADVL,0.04911709412570531,0.05671553503057629,0.028357767515288144,0.020759326610417163,0.5,0.0002495087795901796,0.5
repeat_1_fold_1,ACAN,0.0,0.0,0.0,0.0,0.0,0.0,0.0
repeat_1_fold_1,ACAT1,0.025992609274199552,0.051985218548399104,0.025992609274199552,0.0,0.25,5.549213597161318e-05,0.5
repeat_1_fold_1,ACAT2,0.0,0.0,0.0,0.0,0.0,4.678289617315867e-05,0.5
repeat_1_fold_1,ACBD3,0.0,0.0,0.0,0.0,0.0,0.0,0.0
repeat_1_fold_1,ACBD4,0.08675796644424594,0.10017947056185982,0.05008973528092991,0.03666823116331603,0.5,0.0004189820560811519,1.0
repeat_1_fold_1,ACD,-0.027408994840993017,0.031654790398331155,0.015827395199165577,-0.0432363900401586,0.0,0.0004042998477929993,0.5
repeat_1_fold_1,ACE,0.0,0.0,0.0,0.0,0.0,0.0,0.0
repeat_1_fold_1,ACE2,0.0437438929220022,0.08651742953436664,0.04325871476718332,0.0004851781548188827,0.5,0.000229895991882334,0.5
repeat_1_fold_1,ACHE,0.0,0.0,0.0,0.0,0.0,-3.118859744877245e-05,0.5
repeat_1_fold_1,ACIN1,0.0,0.0,0.0,0.0,0.0,0.0,0.0
repeat_1_fold_1,ACKR1,0.0,0.0,0.0,0.0,0.0,0.0,0.0
repeat_1_fold_1,ACKR2,0.0,0.0,0.0,0.0,0.0,0.0,0.0
repeat_1_fold_1,ACKR3,0.0,0.0,0.0,0.0,0.0,0.0,0.0
repeat_1_fold_1,ACKR4,0.0,0.0,0.0,0.0,0.0,0.0,0.0
repeat_1_fold_1,ACO1,0.0,0.0,0.0,0.0,0.0,6.341958396754999e-05,0.5
repeat_1_fold_1,ACO2,-0.0277739045408687,0.03207054252623502,0.01603527126311751,-0.04380917580398621,0.0,0.0007134703196347292,0.5
repeat_1_fold_1,ACOT11,0.0,0.0,0.0,0.0,0.0,-0.00010916009107070357,0.5
repeat_1_fold_1,ACOT2,0.0,0.0,0.0,0.0,0.0,0.0,0.0
repeat_1_fold_1,ACOT7,0.0,0.0,0.0,0.0,0.0,0.0,0.0
repeat_1_fold_1,ACOT8,-0.00847652510416097,0.036230701373961685,0.018115350686980843,-0.026591875791141813,0.25,-0.00013645011383836558,0.5
repeat_1_fold_1,ACOT9,0.0,0.0,0.0,0.0,0.0,0.0,0.0
repeat_1_fold_1,ACOX1,0.0,0.0,0.0,0.0,0.0,0.0,0.0
repeat_1_fold_1,ACOX2,0.0,0.0,0.0,0.0,0.0,0.00022196854388636944,0.5
repeat_1_fold_1,ACOX3,0.0,0.0,0.0,0.0,0.0,-6.341958396749448e-05,0.5
repeat_1_fold_1,ACOXL,0.05772920605157594,0.06665994530796149,0.033329972653980744,0.0243992333975952,0.5,-6.446197303747181e-05,1.0
repeat_1_fold_1,ACP3,0.0,0.0,0.0,0.0,0.0,-5.4580045535351784e-05,0.5
repeat_1_fold_1,ACP5,0.0,0.0,0.0,0.0,0.0,0.0,0.0
repeat_1_fold_1,ACP6,-0.1408987102750281,0.16938625356598044,0.08469312678299022,-0.22559183705801833,0.0,-0.0005169676176435267,1.0
repeat_1_fold_1,ACR,0.0,0.0,0.0,0.0,0.0,0.0,0.0
repeat_1_fold_1,ACSBG1,0.0,0.0,0.0,0.0,0.0,0.0,0.0
repeat_1_fold_1,ACSBG2,0.0,0.0,0.0,0.0,0.0,0.0,0.0
repeat_1_fold_1,ACSF2,0.0,0.0,0.0,0.0,0.0,-0.00017933443533044158,0.5
repeat_1_fold_1,ACSL1,0.0,0.0,0.0,0.0,0.0,0.0,0.5
repeat_1_fold_1,ACSL3,0.0,0.0,0.0,0.0,0.0,0.0,0.0
repeat_1_fold_1,ACSL4,-0.01987010814981005,0.0397402162996201,0.01987010814981005,-0.0397402162996201,0.0,-7.797149362193112e-06,0.5
repeat_1_fold_1,ACSL5,0.025992609274199552,0.051985218548399104,0.025992609274199552,0.0,0.25,-0.00012683916793504446,0.5
repeat_1_fold_1,ACSL6,0.0,0.0,0.0,0.0,0.0,-7.927447995939585e-05,0.5
repeat_1_fold_1,ACSM1,0.0,0.0,0.0,0.0,0.0,0.0,0.0
repeat_1_fold_1,ACSM2A,0.025992609274199552,0.051985218548399104,0.025992609274199552,0.0,0.25,-0.00037843272566520647,1.0
repeat_1_fold_1,ACSM3,-0.00893409815786761,0.14212869502770006,0.07106434751385003,-0.07999844567171764,0.25,0.00015503089680768412,1.0
repeat_1_fold_1,ACSM5,0.0,0.0,0.0,0.0,0.0,0.00042808219178086526,0.5
repeat_1_fold_1,ACSS3,0.0,0.0,0.0,0.0,0.0,0.0,0.0
repeat_1_fold_1,ACTA1,0.0,0.0,0.0,0.0,0.0,0.0,0.0
repeat_1_fold_1,ACTA2,0.0,0.0,0.0,0.0,0.0,-5.184377422662312e-05,1.0
repeat_1_fold_1,ACTB,0.05772920605157594,0.06665994530796149,0.033329972653980744,0.0243992333975952,0.5,-2.924450227384523e-05,1.0
repeat_1_fold_1,ACTC1,0.0,0.0,0.0,0.0,0.0,0.0,0.0
repeat_1_fold_1,ACTG1,0.0,0.0,0.0,0.0,0.0,0.0,0.0
repeat_1_fold_1,ACTG2,0.0,0.0,0.0,0.0,0.0,0.00014424726320058645,0.5
repeat_1_fold_1,ACTL6A,0.0,0.0,0.0,0.0,0.0,0.0,0.0
repeat_1_fold_1,ACTL6B,0.0,0.0,0.0,0.0,0.0,0.0,0.0
repeat_1_fold_1,ACTN2,0.0,0.0,0.0,0.0,0.0,0.0,0.0
repeat_1_fold_1,ACTN3,0.0,0.0,0.0,0.0,0.0,0.0,0.0
repeat_1_fold_1,ACTN4,0.0,0.0,0.0,0.0,0.0,0.0,0.0
repeat_1_fold_1,ACTR10,0.0,0.0,0.0,0.0,0.0,0.0,0.0
repeat_1_fold_1,ACTR2,0.04337898322212297,0.08675796644424594,0.04337898322212297,0.0,0.25,0.00018024652576667521,1.0
repeat_1_fold_1,ACTR3,0.0,0.0,0.0,0.0,0.0,1.5854895991901374e-05,0.5
repeat_1_fold_1,ACVR1B,0.0,0.0,0.0,0.0,0.0,-7.797149362193112e-05,0.5
repeat_1_fold_1,ACVR2B,-0.08885731042532541,0.10260358418705552,0.05130179209352776,-0.14015910251885316,0.0,-0.00029967944024075766,1.0
repeat_1_fold_1,ADA,0.02753393159198403,0.05506786318396806,0.02753393159198403,0.0,0.25,-1.5333701456871074e-05,1.0
repeat_1_fold_1,ADAM15,0.0,0.0,0.0,0.0,0.0,0.0,0.0
repeat_1_fold_1,ADAMTS5,-0.0277739045408687,0.03207054252623502,0.01603527126311751,-0.04380917580398621,0.0,0.00016647640791478402,0.5
repeat_1_fold_1,ADCY9,0.0,0.0,0.0,0.0,0.0,-0.00012475438979506204,0.5
repeat_1_fold_1,ADCYAP1,0.0,0.0,0.0,0.0,0.0,0.0,0.0
repeat_1_fold_1,ADGRF5,0.055849549925767406,0.08263274710788558,0.04131637355394279,0.014533176371824615,0.5,0.000720225079926945,1.0
repeat_1_fold_1,ADH1C,0.041228944541805035,0.1385515963056638,0.0692757981528319,-0.028046853611026865,0.25,0.0004519740657397131,1.0
repeat_1_fold_1,ADH5,0.0,0.0,0.0,0.0,0.0,-0.0002612045036334554,0.5
repeat_1_fold_1,ADI1,0.0,0.0,0.0,0.0,0.0,0.0,0.0
repeat_1_fold_1,ADRA1B,0.0,0.0,0.0,0.0,0.0,7.797149362193112e-05,0.5
repeat_1_fold_1,AGER,0.04337898322212297,0.08675796644424594,0.04337898322212297,0.0,0.25,0.0,0.5
repeat_1_fold_1,AGK,0.0,0.0,0.0,0.0,0.0,-7.017434425973801e-05,0.5
repeat_1_fold_1,AGTR1,0.0,0.0,0.0,0.0,0.0,0.0001247543897950898,0.5
repeat_1_fold_1,AK4,0.0,0.0,0.0,0.0,0.0,-0.00016374013660605535,0.5
repeat_1_fold_1,AKR1C4,0.0,0.0,0.0,0.0,0.0,0.0004992989251105806,1.0
repeat_1_fold_1,AKR7A3,0.0,0.0,0.0,0.0,0.0,7.927447995964565e-06,0.5
repeat_1_fold_1,ALDH1A2,0.0,0.0,0.0,0.0,0.0,-0.00011695724043289668,0.5
repeat_1_fold_1,ALG9,0.0,0.0,0.0,0.0,0.0,0.0,0.0
repeat_1_fold_1,ALOX12,0.0,0.0,0.0,0.0,0.0,0.0,0.5
repeat_1_fold_1,ALPP,-0.08756745292266999,0.10111418503430679,0.050557092517153394,-0.1381245454398234,0.0,-4.678289617315867e-05,0.5
repeat_1_fold_1,AMPD3,0.0,0.0,0.0,0.0,0.0,0.0,0.0
repeat_1_fold_1,ANKFY1,0.08983451076297655,0.10373195794304568,0.05186597897152284,0.03796853179145371,0.5,0.00015569277430774187,1.0
repeat_1_fold_1,ANKRD26,0.0,0.0,0.0,0.0,0.0,0.0,0.0
repeat_1_fold_1,ANKRD28,0.0,0.0,0.0,0.0,0.0,0.0,0.0
repeat_1_fold_1,ANOS1,0.0,0.0,0.0,0.0,0.0,-5.4580045535351784e-05,0.5
repeat_1_fold_1,ANPEP,-0.02409484468695311,0.028463602566688083,0.014231801283344041,-0.038326645970297155,0.0,0.0001426940639269736,0.5
repeat_1_fold_1,AP2A2,0.015605078681250717,0.0730934639250128,0.0365467319625064,-0.020941653281255683,0.25,0.00024575088787417987,0.5
repeat_1_fold_1,AP4M1,0.0,0.0,0.0,0.0,0.0,0.0,0.0
repeat_1_fold_1,APCS,0.0,0.0,0.0,0.0,0.0,0.0,0.0
repeat_1_fold_1,APLP2,0.0,0.0,0.0,0.0,0.0,3.898574681110434e-06,0.5
repeat_1_fold_1,APOA2,0.08675796644424594,0.10017947056185982,0.05008973528092991,0.03666823116331603,0.5,0.0001109842719431986,0.5
repeat_1_fold_1,AQP8,0.0,0.0,0.0,0.0,0.0,0.0,0.0
repeat_1_fold_1,AREG,0.0,0.0,0.0,0.0,0.0,0.00020272588341704867,0.5
repeat_1_fold_1,ARHGAP45,0.0,0.0,0.0,0.0,0.0,0.0002378130555469038,0.5
repeat_1_fold_1,ARHGAP5,0.0,0.0,0.0,0.0,0.0,0.0,0.0
repeat_1_fold_1,ARHGDIB,0.0,0.0,0.0,0.0,0.0,4.7173792074445275e-05,1.0
repeat_1_fold_1,ARL1,0.0,0.0,0.0,0.0,0.0,0.0002457508878742076,0.5
repeat_1_fold_1,ARL2BP,0.014844991779380479,0.028725133328214213,0.014362566664107106,0.0004824251152733723,0.5,-0.0001664764079147285,0.5
repeat_1_fold_1,ARPC1A,0.0,0.0,0.0,0.0,0.0,-6.341958396752223e-05,0.5
repeat_1_fold_1,ART4,0.0,0.0,0.0,0.0,0.0,-3.170979198374724e-05,0.5
repeat_1_fold_1,ASF1A,0.0,0.0,0.0,0.0,0.0,0.0,0.0
repeat_1_fold_1,ASH2L,0.06947580244434093,0.13895160488868186,0.06947580244434093,0.0,0.25,0.0005302061566291594,0.5
repeat_1_fold_1,ASPA,0.0,0.0,0.0,0.0,0.0,-1.9492873405468902e-05,0.5
repeat_1_fold_1,ATG5,0.0,0.0,0.0,0.0,0.0,0.0,0.0
repeat_1_fold_1,ATP13A1,0.07909092781850546,0.09776175923735866,0.04888087961867933,0.03021004819982613,0.5,-0.000994136543679608,0.5
repeat_1_fold_1,ATP1A1,0.0,0.0,0.0,0.0,0.0,7.017434425973801e-05,0.5
repeat_1_fold_1,ATP1B4,0.0,0.0,0.0,0.0,0.0,0.0,0.0
repeat_1_fold_1,ATP2A3,0.0,0.0,0.0,0.0,0.0,0.0,0.0
repeat_1_fold_1,ATP5F1A,-0.058337940197001004,0.08291037054258503,0.041455185271292515,-0.09979312546829353,0.25,0.0007941469315713434,1.0
repeat_1_fold_1,ATP5MC3,0.017143350840619576,0.11146972320093232,0.05573486160046616,-0.038591510759846584,0.25,8.266224443689851e-05,1.0
repeat_1_fold_1,ATP5ME,0.044917255381488275,0.08983451076297654,0.04491725538148827,6.938893903907228e-18,0.25,0.0001325515391572829,0.5
repeat_1_fold_1,ATP6V1A,0.0,0.0,0.0,0.0,0.0,0.00012475438979511755,0.5
repeat_1_fold_1,ATP6V1D,-0.044428655212662704,0.08885731042532541,0.044428655212662704,-0.08885731042532541,0.0,0.00010526151638962089,0.5
repeat_1_fold_1,ATP6V1H,0.0,0.0,0.0,0.0,0.0,0.0,0.0
repeat_1_fold_1,ATP7B,0.0,0.0,0.0,0.0,0.0,0.0,0.0
repeat_1_fold_1,ATP9A,0.04337898322212297,0.08675796644424594,0.04337898322212297,0.0,0.25,0.00022196854388636944,0.5
repeat_1_fold_1,AURKB,0.0022670578403030106,0.0026177729087347897,0.0013088864543673948,0.0009581713859356158,0.5,1.5594298724386224e-05,0.5
repeat_1_fold_1,AVEN,0.012105657003765202,0.024211314007530405,0.012105657003765202,0.0,0.25,7.13470319634868e-05,0.5
repeat_1_fold_1,B4GALT3,0.0,0.0,0.0,0.0,0.0,0.0,0.0
repeat_1_fold_1,B4GALT7,-0.009842982716639526,0.02067051355417774,0.01033525677708887,-0.020178239493728396,0.25,-0.00035921083385853647,1.0
repeat_1_fold_1,BBIP1,0.0011335289201532817,0.1448540104039215,0.07242700520196076,-0.07129347628180747,0.25,2.3391448086607092e-05,0.5
repeat_1_fold_1,BBOX1,0.0,0.0,0.0,0.0,0.0,0.0,0.0
repeat_1_fold_1,BBS9,-0.04378372646133499,0.08756745292266999,0.04378372646133499,-0.08756745292266999,0.0,-4.301462012576418e-05,1.0
repeat_1_fold_1,BCKDK,-0.044428655212662704,0.08885731042532541,0.044428655212662704,-0.08885731042532541,0.0,-0.0006120762249321454,0.5
repeat_1_fold_1,BCL6,0.02729395864310291,0.03151634873969196,0.01575817436984598,0.011535784273256931,0.5,-0.0001902587519025667,0.5
repeat_1_fold_1,BLVRA,0.0,0.0,0.0,0.0,0.0,0.00010916009107070357,0.5
repeat_1_fold_1,BMI1,0.14010743619393828,0.16183152214159793,0.08091576107079897,0.05919167512313932,0.5,-0.00036466260781325976,0.5
repeat_1_fold_1,BMP2,0.0,0.0,0.0,0.0,0.0,0.0,0.0
repeat_1_fold_1,BRF1,-0.12866538311174303,0.163024990080022,0.081512495040011,-0.21017787815175404,0.0,-7.017434425973801e-05,0.5
repeat_1_fold_1,BSG,0.168183348602291,0.19891397256106141,0.09945698628053071,0.0687263623217603,0.5,0.0005400880841313072,1.0
repeat_1_fold_1,BST2,-0.027408994840993017,0.031654790398331155,0.015827395199165577,-0.0432363900401586,0.0,3.170979198380275e-05,0.5
repeat_1_fold_1,BTN3A2,0.0,0.0,0.0,0.0,0.0,0.0,0.0
repeat_1_fold_1,C1QB,0.0,0.0,0.0,0.0,0.0,0.0,0.0
repeat_1_fold_1,C2,0.0,0.0,0.0,0.0,0.0,-0.0002923931010822278,0.5
repeat_1_fold_1,C2CD5,0.0,0.0,0.0,0.0,0.0,-7.017434425973801e-05,0.5
repeat_1_fold_1,C5AR1,0.0,0.0,0.0,0.0,0.0,0.0,0.0
repeat_1_fold_1,C6,0.0,0.0,0.0,0.0,0.0,0.0,0.0
repeat_1_fold_1,C8A,0.0,0.0,0.0,0.0,0.0,0.0,0.0
repeat_1_fold_1,C9,-0.08756745292266999,0.10111418503430679,0.050557092517153394,-0.1381245454398234,0.0,-7.797149362193112e-06,0.5
repeat_1_fold_1,CABIN1,0.051985218548399104,0.060027359845599496,0.030013679922799748,0.021971538625599356,0.5,0.0004690224180980418,1.0
repeat_1_fold_1,CACNA1C,0.0,0.0,0.0,0.0,0.0,0.0,0.0
repeat_1_fold_1,CACNA1D,0.0,0.0,0.0,0.0,0.0,0.0,0.0
repeat_1_fold_1,CACNA1H,0.0,0.0,0.0,0.0,0.0,0.0,0.0
repeat_1_fold_1,CACNA2D3,0.0,0.0,0.0,0.0,0.0,-7.797149362193112e-06,0.5
repeat_1_fold_1,CALCB,-0.032359665063655285,0.06569602613188465,0.03284801306594232,-0.0652076781295976,0.25,-0.0003170979198376389,0.5
repeat_1_fold_1,CALD1,0.0,0.0,0.0,0.0,0.0,0.0,0.0
repeat_1_fold_1,CALML5,0.04337898322212297,0.08675796644424594,0.04337898322212297,0.0,0.25,4.756468797567637e-05,0.5
repeat_1_fold_1,CALU,0.0,0.0,0.0,0.0,0.0,-0.00017933443533044158,0.5
repeat_1_fold_1,CAMK1,0.0,0.0,0.0,0.0,0.0,-0.00022196854388634168,0.5
repeat_1_fold_1,CAPN3,0.0,0.0,0.0,0.0,0.0,0.0,0.0
repeat_1_fold_1,CAPZA2,-0.16976331330081607,0.19602578926549788,0.09801289463274894,-0.267776207933565,0.0,-0.00021052303277918627,0.5
repeat_1_fold_1,CARD8,-0.08488165665040803,0.16976331330081607,0.08488165665040803,-0.16976331330081607,0.0,0.0003040888251255591,0.5
repeat_1_fold_1,CASP8,0.0,0.0,0.0,0.0,0.0,0.0,0.0
repeat_1_fold_1,CASP9,-0.033089484463413754,0.06617896892682751,0.033089484463413754,-0.06617896892682751,0.0,0.00016647640791478402,0.5
repeat_1_fold_1,CBFA2T2,0.044917255381488275,0.08983451076297654,0.04491725538148827,6.938893903907228e-18,0.25,0.00013450601866352163,1.0
repeat_1_fold_1,CBX8,0.0,0.0,0.0,0.0,0.0,0.0,0.0
repeat_1_fold_1,CCDC59,0.0,0.0,0.0,0.0,0.0,1.559429872441398e-05,0.5
repeat_1_fold_1,CCKBR,0.0,0.0,0.0,0.0,0.0,0.0,0.0
repeat_1_fold_1,CCL27,0.0,0.0,0.0,0.0,0.0,-7.92744799593681e-06,0.5
repeat_1_fold_1,CCN2,0.0,0.0,0.0,0.0,0.0,0.0,0.0
repeat_1_fold_1,CCR5,0.0,0.0,0.0,0.0,0.0,0.0,0.0
repeat_1_fold_1,CCRL2,-0.04378372646133499,0.08756745292266999,0.04378372646133499,-0.08756745292266999,0.0,0.00030408882512553137,0.5
repeat_1_fold_1,CCS,0.024152548950386432,0.11474132501186134,0.05737066250593067,-0.033218113555544236,0.25,0.0005152841197361979,0.5
repeat_1_fold_1,CCT7,0.0,0.0,0.0,0.0,0.0,-0.00014269406392691808,0.5
repeat_1_fold_1,CCZ1B,0.0,0.0,0.0,0.0,0.0,-0.0002061136478944403,0.5
repeat_1_fold_1,CD2,0.0,0.0,0.0,0.0,0.0,0.0,0.0
repeat_1_fold_1,CD247,0.0,0.0,0.0,0.0,0.0,0.0,0.0
repeat_1_fold_1,CD300A,-0.006367055789453957,0.09676037067771558,0.04838018533885779,-0.054747241128311745,0.25,0.0004994292237442965,0.5
repeat_1_fold_1,CD300C,0.0,0.0,0.0,0.0,0.0,-4.7564687975620856e-05,0.5
repeat_1_fold_1,CD33,0.0,0.0,0.0,0.0,0.0,-7.927447995939585e-05,0.5
repeat_1_fold_1,CD46,0.0,0.0,0.0,0.0,0.0,0.0,0.0
repeat_1_fold_1,CD81,-0.07196237424141927,0.1386027592237704,0.0693013796118852,-0.14126375385330447,0.25,0.0009562451075953993,1.0
repeat_1_fold_1,CDC34,0.0,0.0,0.0,0.0,0.0,0.0,0.0
repeat_1_fold_1,CDC42EP1,-0.08756745292266999,0.10111418503430679,0.050557092517153394,-0.1381245454398234,0.0,-0.0002339144808657656,0.5
repeat_1_fold_1,CDC42EP4,0.05548464022588817,0.08193157443066659,0.040965787215333296,0.014518853010554875,0.5,0.00023782343987824306,0.5
repeat_1_fold_1,CDC5L,0.08983451076297655,0.10373195794304568,0.05186597897152284,0.03796853179145371,0.5,0.00035724597002104175,1.0
repeat_1_fold_1,CEACAM7,0.0,0.0,0.0,0.0,0.0,0.0,0.0
repeat_1_fold_1,CENPX,0.0,0.0,0.0,0.0,0.0,0.0,0.0
repeat_1_fold_1,CEP164,0.0,0.0,0.0,0.0,0.0,0.00012085581511400711,0.5
repeat_1_fold_1,CERS2,-0.04378372646133499,0.08756745292266999,0.04378372646133499,-0.08756745292266999,0.0,-7.797149362193112e-06,0.5
repeat_1_fold_1,CERS4,0.0,0.0,0.0,0.0,0.0,0.00023391448086579336,0.5
repeat_1_fold_1,CETN1,0.0,0.0,0.0,0.0,0.0,0.00010136294170851046,0.5
repeat_1_fold_1,CFD,0.0,0.0,0.0,0.0,0.0,1.5854895991901374e-05,0.5
repeat_1_fold_1,CFHR5,-0.04764401269067875,0.11302470616637796,0.05651235308318898,-0.10415636577386772,0.25,0.0004333932827705056,1.0
repeat_1_fold_1,CHML,0.0,0.0,0.0,0.0,0.0,-0.00013645011383836558,0.5
repeat_1_fold_1,CHPT1,0.0,0.0,0.0,0.0,0.0,-2.3391448086579336e-05,0.5
repeat_1_fold_1,CHRM5,-0.02409484468695311,0.028463602566688083,0.014231801283344041,-0.038326645970297155,0.0,-0.0007610350076103223,0.5
repeat_1_fold_1,CHRNA5,0.0,0.0,0.0,0.0,0.0,0.00030188413268317227,1.0
repeat_1_fold_1,CHST15,0.0,0.0,0.0,0.0,0.0,0.0,0.0
repeat_1_fold_1,CHST4,0.0,0.0,0.0,0.0,0.0,0.0,0.0
repeat_1_fold_1,CIAO2B,0.0,0.0,0.0,0.0,0.0,0.0,0.0
repeat_1_fold_1,CKS1B,0.0,0.0,0.0,0.0,0.0,0.0,0.0
repeat_1_fold_1,CLDN10,0.0,0.0,0.0,0.0,0.0,-8.720192795533266e-05,0.5
repeat_1_fold_1,CLDN17,0.04337898322212297,0.08675796644424594,0.04337898322212297,0.0,0.25,-0.0001585489599187917,0.5
repeat_1_fold_1,CLDN6,0.0,0.0,0.0,0.0,0.0,0.0,0.0
repeat_1_fold_1,CLEC7A,0.0,0.0,0.0,0.0,0.0,-0.00036466260781325976,0.5
repeat_1_fold_1,COL4A4,-0.01388695227043435,0.0277739045408687,0.01388695227043435,-0.0277739045408687,0.0,0.0003250253678336035,0.5
repeat_1_fold_1,COLGALT2,0.0,0.0,0.0,0.0,0.0,0.0,0.0
repeat_1_fold_1,COPE,0.0,0.0,0.0,0.0,0.0,0.0,0.0
repeat_1_fold_1,COPS8,0.05772920605157594,0.06665994530796149,0.033329972653980744,0.0243992333975952,0.5,-0.0001325515391572829,0.5
repeat_1_fold_1,CORT,0.0,0.0,0.0,0.0,0.0,-0.00010305682394720628,0.5
repeat_1_fold_1,COX11,0.0,0.0,0.0,0.0,0.0,5.055117222052541e-05,1.0
repeat_1_fold_1,COX6B1,0.0,0.0,0.0,0.0,0.0,0.0,0.0
repeat_1_fold_1,COX7C,0.0,0.0,0.0,0.0,0.0,0.00021052303277921403,0.5
repeat_1_fold_1,CPB1,0.0,0.0,0.0,0.0,0.0,0.0,0.0
repeat_1_fold_1,CPNE6,0.044917255381488275,0.08983451076297654,0.04491725538148827,6.938893903907228e-18,0.25,0.0013255153915728568,0.5
repeat_1_fold_1,CPNE7,0.0,0.0,0.0,0.0,0.0,0.0,0.0
repeat_1_fold_1,CPS1,0.0,0.0,0.0,0.0,0.0,0.0015987489068365335,1.0
repeat_1_fold_1,CPSF7,0.028259667114502562,0.0505190823960594,0.0252595411980297,0.003000125916472862,0.75,0.0001394469824146094,1.0
repeat_1_fold_1,CRIPTO,0.0,0.0,0.0,0.0,0.0,5.4580045535351784e-05,0.5
repeat_1_fold_1,CRTC1,0.0,0.0,0.0,0.0,0.0,0.0,0.0
repeat_1_fold_1,CRYAB,-0.04418846970054702,0.16697481450722956,0.08348740725361478,-0.1276758769541618,0.25,0.00035997185699837564,1.0
repeat_1_fold_1,CSH1,0.0,0.0,0.0,0.0,0.0,0.0,0.0
repeat_1_fold_1,CSNK1D,0.044917255381488275,0.08983451076297654,0.04491725538148827,6.938893903907228e-18,0.25,-3.8985746810937805e-05,0.5
repeat_1_fold_1,CSNK2A1,-0.01020789241651876,0.02041578483303752,0.01020789241651876,-0.02041578483303752,0.0,2.7755575615628914e-17,0.5
repeat_1_fold_1,CSPG4,0.007483056458825743,0.04637077851151697,0.023185389255758485,-0.01570233279693274,0.25,8.720192795536041e-05,0.5
repeat_1_fold_1,CTC1,0.0,0.0,0.0,0.0,0.0,0.0,0.0
repeat_1_fold_1,CTNNB1,0.04337898322212297,0.08675796644424594,0.04337898322212297,0.0,0.25,0.00014346547139812427,1.0
repeat_1_fold_1,CTSC,-0.005242437063294858,0.18404288075935102,0.09202144037967551,-0.09726387744297037,0.25,0.0003143720328603328,1.0
repeat_1_fold_1,CTSD,0.0,0.0,0.0,0.0,0.0,0.0,0.0
repeat_1_fold_1,CTSO,0.024863819676408383,0.10507127953370946,0.05253563976685473,-0.027671820090446345,0.25,-0.00021404109589040488,0.5
repeat_1_fold_1,CUL7,0.04410880262188144,0.08724722604573394,0.04362361302286697,0.00048518959901446695,0.5,0.00047916494286767697,1.0
repeat_1_fold_1,CXCL1,0.06937159249632074,0.1387431849926415,0.06937159249632074,0.0,0.25,-1.585489599187362e-05,0.5
repeat_1_fold_1,CXCL10,0.0,0.0,0.0,0.0,0.0,7.13470319634868e-05,0.5
repeat_1_fold_1,CYB5R2,0.0,0.0,0.0,0.0,0.0,0.0001871315846926347,0.5
repeat_1_fold_1,CYBB,-0.08756745292266999,0.10111418503430679,0.050557092517153394,-0.1381245454398234,0.0,-1.4682208288152587e-05,1.0
repeat_1_fold_1,CYP11B1,0.0,0.0,0.0,0.0,0.0,-3.118859744877245e-05,0.5
repeat_1_fold_1,CYP1A1,-0.044428655212662704,0.08885731042532541,0.044428655212662704,-0.08885731042532541,0.0,3.898574681096556e-05,0.5
repeat_1_fold_1,CYP27A1,0.04337898322212297,0.08675796644424594,0.04337898322212297,0.0,0.25,0.00020611364789449582,0.5
repeat_1_fold_1,CYP3A5,0.025992609274199552,0.051985218548399104,0.025992609274199552,0.0,0.25,0.00026953323186201805,0.5
repeat_1_fold_1,CYP51A1,0.0,0.0,0.0,0.0,0.0,0.0,0.0
repeat_1_fold_1,CYTH4,0.0,0.0,0.0,0.0,0.0,-7.92744799593681e-05,0.5
repeat_1_fold_1,DAAM1,0.0,0.0,0.0,0.0,0.0,0.0,0.0
repeat_1_fold_1,DAO,0.0,0.0,0.0,0.0,0.0,5.549213597161318e-05,0.5
repeat_1_fold_1,DARS1,0.0,0.0,0.0,0.0,0.0,0.00018207070663917024,1.0
repeat_1_fold_1,DBI,-0.05870284989688024,0.08256193797538519,0.041280968987692596,-0.09998381888457283,0.0,0.00017153728596827622,0.5
repeat_1_fold_1,DDB1,0.0,0.0,0.0,0.0,0.0,0.0,0.0
repeat_1_fold_1,DDB2,0.0,0.0,0.0,0.0,0.0,-0.00022611733150360025,0.5
repeat_1_fold_1,DDC,0.0,0.0,0.0,0.0,0.0,6.341958396754999e-05,0.5
repeat_1_fold_1,DDX42,0.0,0.0,0.0,0.0,0.0,0.00034697314661760736,0.5
repeat_1_fold_1,DEFB1,-0.01388695227043435,0.0277739045408687,0.01388695227043435,-0.0277739045408687,0.0,0.00020611364789446807,0.5
repeat_1_fold_1,DELE1,0.0437438929220022,0.0874877858440044,0.0437438929220022,0.0,0.25,0.0007372526636225396,0.5
repeat_1_fold_1,DERL2,-0.01987010814981005,0.0397402162996201,0.01987010814981005,-0.0397402162996201,0.0,0.0005224090072669663,0.5
repeat_1_fold_1,DET1,-0.0277739045408687,0.03207054252623502,0.01603527126311751,-0.04380917580398621,0.0,0.00037908421883398047,1.0
repeat_1_fold_1,DFFA,0.0,0.0,0.0,0.0,0.0,0.0,0.0
repeat_1_fold_1,DHRS3,0.01776480478265441,0.21295102228225413,0.10647551114112706,-0.08871070635847265,0.25,3.508717212988288e-05,0.5
repeat_1_fold_1,DHRS4,0.0,0.0,0.0,0.0,0.0,-9.356579234631734e-05,0.5
repeat_1_fold_1,DHRS7B,0.0,0.0,0.0,0.0,0.0,0.0,0.0
repeat_1_fold_1,DIO1,-0.011099798243131787,0.1653226138599692,0.0826613069299846,-0.09376110517311638,0.25,-0.0001442472632005587,0.5
repeat_1_fold_1,DLL3,0.0,0.0,0.0,0.0,0.0,0.0,0.0
repeat_1_fold_1,DMAC2,0.0,0.0,0.0,0.0,0.0,0.0,0.0
repeat_1_fold_1,DMD,0.0,0.0,0.0,0.0,0.0,7.927447995964565e-06,0.5
repeat_1_fold_1,DNAJC13,0.0,0.0,0.0,0.0,0.0,-3.170979198374724e-05,0.5
repeat_1_fold_1,DNAJC7,0.0,0.0,0.0,0.0,0.0,5.4580045535351784e-05,0.5
repeat_1_fold_1,DNMBP,0.0,0.0,0.0,0.0,0.0,0.0004949990701968721,1.0
repeat_1_fold_1,DNMT3A,0.0,0.0,0.0,0.0,0.0,0.0,0.0
repeat_1_fold_1,DOK1,0.0,0.0,0.0,0.0,0.0,1.5594298724386224e-05,0.5
repeat_1_fold_1,DPAGT1,0.0,0.0,0.0,0.0,0.0,0.00010136294170851046,0.5
repeat_1_fold_1,DPPA4,-0.04378372646133499,0.08756745292266999,0.04378372646133499,-0.08756745292266999,0.0,0.00022611733150360025,0.5
repeat_1_fold_1,DPYSL2,0.0,0.0,0.0,0.0,0.0,0.0001637401366060831,0.5
repeat_1_fold_1,DPYSL4,-0.01020789241651876,0.02041578483303752,0.01020789241651876,-0.02041578483303752,0.0,-3.963723997968405e-05,0.5
repeat_1_fold_1,DR1,0.08983451076297655,0.10373195794304568,0.05186597897152284,0.03796853179145371,0.5,-0.00011839052540410511,1.0
repeat_1_fold_1,DSN1,0.0,0.0,0.0,0.0,0.0,0.0,0.0
repeat_1_fold_1,DSP,-0.02981472113766337,0.09937721763123754,0.04968860881561877,-0.07950332995328213,0.75,0.0007516638903118655,1.0
repeat_1_fold_1,DSPP,0.04337898322212297,0.08675796644424594,0.04337898322212297,0.0,0.25,0.0004915017757483597,0.5
repeat_1_fold_1,DUSP3,0.0,0.0,0.0,0.0,0.0,0.0,0.0
repeat_1_fold_1,DUSP4,0.0,0.0,0.0,0.0,0.0,0.0,0.0
repeat_1_fold_1,DUSP6,-0.0026028155477995085,0.1234974434102331,0.06174872170511655,-0.06435153725291606,0.5,0.0007272404374866204,1.0
repeat_1_fold_1,DYNC1LI1,-0.011099798243131787,0.1653226138599692,0.0826613069299846,-0.09376110517311638,0.25,-0.0005146118579047176,0.5
repeat_1_fold_1,DYNLRB1,0.030221850351443535,0.059474588612564584,0.029737294306282292,0.00048455604516124337,0.5,0.00038753286136489207,1.0
repeat_1_fold_1,DYSF,-0.014919123435547021,0.11987849292025793,0.059939246460128964,-0.07485836989567599,0.25,0.0003859588934285729,0.5
repeat_1_fold_1,E2F2,0.0,0.0,0.0,0.0,0.0,0.00038336330508498273,1.0
repeat_1_fold_1,E2F6,0.025992609274199552,0.051985218548399104,0.025992609274199552,0.0,0.25,9.512937595132498e-05,0.5
repeat_1_fold_1,EED,0.0,0.0,0.0,0.0,0.0,0.0,0.0
repeat_1_fold_1,EEF1G,0.0,0.0,0.0,0.0,0.0,0.0002929246799485974,1.0
repeat_1_fold_1,EIF2AK2,0.0,0.0,0.0,0.0,0.0,0.0011840355526750446,1.0
repeat_1_fold_1,EIF3K,0.0,0.0,0.0,0.0,0.0,-0.00010136294170851046,0.5
repeat_1_fold_1,EIF3L,0.0,0.0,0.0,0.0,0.0,4.756468797564861e-05,0.5
repeat_1_fold_1,EIF4G3,0.0,0.0,0.0,0.0,0.0,0.0,0.0
repeat_1_fold_1,ELAC2,0.08983451076297655,0.10373195794304568,0.05186597897152284,0.03796853179145371,0.5,7.017434425973801e-05,0.5
repeat_1_fold_1,ELMO2,0.025992609274199552,0.051985218548399104,0.025992609274199552,0.0,0.25,0.00016647640791478402,0.5
repeat_1_fold_1,ELN,0.0,0.0,0.0,0.0,0.0,0.0,0.0
repeat_1_fold_1,ENPP2,0.0,0.0,0.0,0.0,0.0,0.0,0.0
repeat_1_fold_1,EPHX1,0.0,0.0,0.0,0.0,0.0,0.00020611364789449582,0.5
repeat_1_fold_1,ERCC8,0.0,0.0,0.0,0.0,0.0,0.0,0.0
repeat_1_fold_1,ESRRA,0.0,0.0,0.0,0.0,0.0,0.0,0.0
repeat_1_fold_1,ETFA,0.0,0.0,0.0,0.0,0.0,0.0,0.0
repeat_1_fold_1,ETS2,-0.08756745292266999,0.10111418503430679,0.050557092517153394,-0.1381245454398234,0.0,5.4580045535351784e-05,0.5
repeat_1_fold_1,EXOSC7,-0.08756745292266999,0.10111418503430679,0.050557092517153394,-0.1381245454398234,0.0,0.00023001590618471068,0.5
repeat_1_fold_1,EXTL3,-0.00040474323921202426,0.14233687615800875,0.07116843807900437,-0.0715731813182164,0.25,0.0005139603647360269,1.0
repeat_1_fold_1,EYA1,0.0,0.0,0.0,0.0,0.0,0.0,0.0
repeat_1_fold_1,F2R,0.0,0.0,0.0,0.0,0.0,-4.884690565043481e-05,1.0
repeat_1_fold_1,F2RL1,0.0,0.0,0.0,0.0,0.0,0.0,0.0
repeat_1_fold_1,F3,0.0,0.0,0.0,0.0,0.0,0.0,0.0
repeat_1_fold_1,F7,-0.08488165665040803,0.16976331330081607,0.08488165665040803,-0.16976331330081607,0.0,2.3391448086579336e-05,0.5
repeat_1_fold_1,F9,0.0,0.0,0.0,0.0,0.0,8.746252522287556e-05,1.0
repeat_1_fold_1,FABP5,0.0,0.0,0.0,0.0,0.0,0.0,0.0
repeat_1_fold_1,FAM32A,0.0,0.0,0.0,0.0,0.0,0.0001109842719431986,0.5
repeat_1_fold_1,FAM3C,0.056398534617772,0.06515966114052989,0.032579830570264944,0.023818704047507057,0.5,-0.00020974124097666857,1.0
repeat_1_fold_1,FANCA,0.033171090805605985,0.06634218161121197,0.033171090805605985,0.0,0.25,-0.00021404109589037712,0.5
repeat_1_fold_1,FANCF,0.0,0.0,0.0,0.0,0.0,0.0,0.0
repeat_1_fold_1,FANCL,0.02886460302578797,0.057729206051575936,0.028864603025787968,3.469446951953614e-18,0.25,-7.797149362193112e-06,0.5
repeat_1_fold_1,FASLG,0.0,0.0,0.0,0.0,0.0,-2.3782343987810428e-05,0.5
repeat_1_fold_1,FBP2,0.05506786318396806,0.06358689126592289,0.031793445632961444,0.023274417551006614,0.5,0.0008561643835616473,0.5
repeat_1_fold_1,FBXW12,0.0,0.0,0.0,0.0,0.0,0.00036646602002307627,0.5
repeat_1_fold_1,FBXW4,-0.0986672511658,0.1600420366321188,0.0800210183160594,-0.1786882694818594,0.0,-0.00010916009107070357,0.5
repeat_1_fold_1,FEM1B,0.0,0.0,0.0,0.0,0.0,0.0,0.0
repeat_1_fold_1,FGF13,0.025992609274199552,0.051985218548399104,0.025992609274199552,0.0,0.25,0.0003884449518011257,0.5
repeat_1_fold_1,FGF23,0.0,0.0,0.0,0.0,0.0,0.0,0.0
repeat_1_fold_1,FGF5,0.0,0.0,0.0,0.0,0.0,0.0,0.0
repeat_1_fold_1,FIP1L1,0.02886460302578797,0.057729206051575936,0.028864603025787968,3.469446951953614e-18,0.25,0.0008810778779278217,0.5
repeat_1_fold_1,FKBP9,0.0,0.0,0.0,0.0,0.0,2.7755575615628914e-17,0.5
repeat_1_fold_1,FKRP,-0.08885731042532541,0.10260358418705552,0.05130179209352776,-0.14015910251885316,0.0,0.00021052303277921403,0.5
repeat_1_fold_1,FLT3,0.0,0.0,0.0,0.0,0.0,0.0,0.0
repeat_1_fold_1,FMO2,0.02535933921284972,0.15111254074424085,0.07555627037212043,-0.05019693115927071,0.5,0.0009545304566939694,1.0
repeat_1_fold_1,FMO3,0.07491538732742598,0.14682358944419166,0.07341179472209583,0.0015035926053301452,0.5,-0.0001949287340548278,0.5
repeat_1_fold_1,FMOD,0.0,0.0,0.0,0.0,0.0,-3.898574681096556e-05,0.5
repeat_1_fold_1,FOXF1,-0.01388695227043435,0.0277739045408687,0.01388695227043435,-0.0277739045408687,0.0,0.00030124302384579305,0.5
repeat_1_fold_1,FOXL2,0.0,0.0,0.0,0.0,0.0,2.378234398786594e-05,0.5
repeat_1_fold_1,FOXO4,0.0,0.0,0.0,0.0,0.0,0.00019025875190259445,0.5
repeat_1_fold_1,FSCN1,0.11311548541832295,0.13715524543312654,0.06857762271656327,0.044537862701759676,0.5,-0.00037259005580922433,0.5
repeat_1_fold_1,FSHR,0.0,0.0,0.0,0.0,0.0,0.0,0.0
repeat_1_fold_1,FXR1,0.02886460302578797,0.057729206051575936,0.028864603025787968,3.469446951953614e-18,0.25,-0.002046751707575706,0.5
repeat_1_fold_1,FYN,0.0,0.0,0.0,0.0,0.0,0.0,0.0
repeat_1_fold_1,G3BP2,0.0,0.0,0.0,0.0,0.0,2.3782343987838184e-05,0.5
repeat_1_fold_1,G6PC3,0.0,0.0,0.0,0.0,0.0,9.746436702742778e-05,0.5
repeat_1_fold_1,GABARAP,0.04337898322212297,0.08675796644424594,0.04337898322212297,0.0,0.25,-0.0002822713449752434,1.0
repeat_1_fold_1,GABPA,0.0,0.0,0.0,0.0,0.0,0.0,0.0
repeat_1_fold_1,GABRA1,0.0,0.0,0.0,0.0,0.0,7.927447995964565e-06,0.5
repeat_1_fold_1,GABRB3,-0.06015393913708422,0.12334914198328799,0.061674570991643994,-0.12182851012872822,0.25,-2.9625013843764814e-05,1.0
repeat_1_fold_1,GADD45GIP1,0.0,0.0,0.0,0.0,0.0,-0.0004994292237442688,0.5
repeat_1_fold_1,GAL,0.0,0.0,0.0,0.0,0.0,0.0,0.0
repeat_1_fold_1,GALNS,-0.033089484463413754,0.06617896892682751,0.033089484463413754,-0.06617896892682751,0.0,-0.0005628488077118188,0.5
repeat_1_fold_1,GALNT4,0.0,0.0,0.0,0.0,0.0,-3.170979198371948e-05,0.5
repeat_1_fold_1,GALR1,0.0,0.0,0.0,0.0,0.0,0.0004677194317605493,0.5
repeat_1_fold_1,GANAB,0.051985218548399104,0.060027359845599496,0.030013679922799748,0.021971538625599356,0.5,6.341958396754999e-05,0.5
repeat_1_fold_1,GAPVD1,-0.21419196851348055,0.2577492584759886,0.1288746292379943,-0.34306659775147486,0.0,-0.00014814583788166913,0.5
repeat_1_fold_1,GAS6,0.04337898322212297,0.08675796644424594,0.04337898322212297,0.0,0.25,0.0001894769601001045,1.0
repeat_1_fold_1,GCA,0.0,0.0,0.0,0.0,0.0,-0.00019882730873591048,0.5
repeat_1_fold_1,GCC1,0.0,0.0,0.0,0.0,0.0,0.0,0.0
repeat_1_fold_1,GCK,0.0,0.0,0.0,0.0,0.0,0.00012683916793507222,0.5
repeat_1_fold_1,GCLC,0.0,0.0,0.0,0.0,0.0,0.0,0.0
repeat_1_fold_1,GEMIN8,-0.01388695227043435,0.0277739045408687,0.01388695227043435,-0.0277739045408687,0.0,-0.0002612148879647669,1.0
repeat_1_fold_1,GFAP,0.0,0.0,0.0,0.0,0.0,0.0,0.0
repeat_1_fold_1,GFI1,0.0,0.0,0.0,0.0,0.0,-1.559429872435847e-05,0.5
repeat_1_fold_1,GFPT1,0.0,0.0,0.0,0.0,0.0,0.0,0.0
repeat_1_fold_1,GFRA3,0.013945479590242726,0.07328943358751044,0.03664471679375522,-0.022699237203512496,0.25,0.0006549605464242492,0.5
repeat_1_fold_1,GGT1,0.0,0.0,0.0,0.0,0.0,0.0,0.0
repeat_1_fold_1,GH2,-0.1950620338640512,0.2272851153940282,0.1136425576970141,-0.3087045915610653,0.0,7.407291894084844e-05,0.5
repeat_1_fold_1,GINS2,0.0957291114704013,0.13096810718576177,0.06548405359288088,0.030245057877520423,0.5,0.00021404109589043263,0.5
repeat_1_fold_1,GJA3,0.0,0.0,0.0,0.0,0.0,3.96372399797118e-05,0.5
repeat_1_fold_1,GJA9,0.08862685018665495,0.15489273774707735,0.07744636887353867,0.011180481313116275,0.5,0.0005307481198268404,1.0
repeat_1_fold_1,GLI1,0.0,0.0,0.0,0.0,0.0,0.00017933443533044158,0.5
repeat_1_fold_1,GNA12,0.0,0.0,0.0,0.0,0.0,0.00022729001920734904,1.0
repeat_1_fold_1,GNAT2,0.0,0.0,0.0,0.0,0.0,-3.5087172129855126e-05,0.5
repeat_1_fold_1,GNG3,0.0,0.0,0.0,0.0,0.0,0.00012865296447620023,0.5
repeat_1_fold_1,GNG4,0.07551582758103237,0.08763973523286316,0.04381986761643158,0.03169595996460079,1.0,-0.00019221323140880542,1.0
repeat_1_fold_1,GOLGA3,0.0,0.0,0.0,0.0,0.0,0.0,0.0
repeat_1_fold_1,GORASP2,0.051985218548399104,0.060027359845599496,0.030013679922799748,0.021971538625599356,0.5,-7.134703196345904e-05,0.5
repeat_1_fold_1,GOSR2,0.025992609274199552,0.051985218548399104,0.025992609274199552,0.0,0.25,0.00011124486921068599,1.0
repeat_1_fold_1,GP5,0.0437438929220022,0.0874877858440044,0.0437438929220022,0.0,0.25,9.512937595129722e-05,0.5
repeat_1_fold_1,GPATCH1,0.0,0.0,0.0,0.0,0.0,0.0,0.0
repeat_1_fold_1,GPI,0.0874877858440044,0.10102219341568054,0.05051109670784027,0.036976689136164136,0.5,9.188229443898854e-05,1.0
repeat_1_fold_1,GPR18,0.04333914968279018,0.16721576612095726,0.08360788306047863,-0.04026873337768845,0.5,0.00044172201099901276,1.0
repeat_1_fold_1,GPR27,0.0,0.0,0.0,0.0,0.0,0.00021052303277921403,0.5
repeat_1_fold_1,GPR35,0.0,0.0,0.0,0.0,0.0,-1.5854895991845863e-05,0.5
repeat_1_fold_1,GPR37,0.0,0.0,0.0,0.0,0.0,-0.00029629167576333826,0.5
repeat_1_fold_1,GREM2,0.0,0.0,0.0,0.0,0.0,-0.00011098427194317084,0.5
repeat_1_fold_1,GRIN2A,0.0,0.0,0.0,0.0,0.0,-0.0003170979198376389,0.5
repeat_1_fold_1,GSDMD,-0.04378372646133499,0.08756745292266999,0.04378372646133499,-0.08756745292266999,0.0,0.0005287936403206295,1.0
repeat_1_fold_1,GSTK1,0.0,0.0,0.0,0.0,0.0,0.00011760873360167068,1.0
repeat_1_fold_1,GTF2H1,0.0,0.0,0.0,0.0,0.0,-2.3782343987810428e-05,0.5
repeat_1_fold_1,GTF3C1,0.0,0.0,0.0,0.0,0.0,0.0,0.0
repeat_1_fold_1,GYPC,0.0,0.0,0.0,0.0,0.0,0.0,0.0
repeat_1_fold_1,GZMH,-0.01388695227043435,0.0277739045408687,0.01388695227043435,-0.0277739045408687,0.0,-0.00041222729578893613,0.5
repeat_1_fold_1,H2AC16,0.0,0.0,0.0,0.0,0.0,1.5594298724386224e-05,0.5
repeat_1_fold_1,H2AJ,0.0,0.0,0.0,0.0,0.0,0.00014424726320058645,0.5
repeat_1_fold_1,H2AX,0.0,0.0,0.0,0.0,0.0,0.0,0.0
repeat_1_fold_1,H2BC12,-0.08756745292266999,0.10111418503430679,0.050557092517153394,-0.1381245454398234,0.0,-0.00029629167576333826,0.5
repeat_1_fold_1,H2BC15,0.0,0.0,0.0,0.0,0.0,7.927447995964565e-06,0.5
repeat_1_fold_1,H2BC21,0.04605078430163978,0.08910446408928101,0.044552232044640504,0.0014985522569992762,0.5,-0.0001520444125627518,0.5
repeat_1_fold_1,H2BC7,0.0,0.0,0.0,0.0,0.0,-7.92744799593681e-06,0.5
repeat_1_fold_1,H3C3,0.0,0.0,0.0,0.0,0.0,1.5854895991901374e-05,0.5
repeat_1_fold_1,H4C12,0.0,0.0,0.0,0.0,0.0,0.0,0.0
repeat_1_fold_1,H4C3,0.0,0.0,0.0,0.0,0.0,0.0,0.0
repeat_1_fold_1,H4C5,0.0,0.0,0.0,0.0,0.0,0.0,0.0
repeat_1_fold_1,HARS1,0.0,0.0,0.0,0.0,0.0,0.0,0.0
repeat_1_fold_1,HCAR3,0.0,0.0,0.0,0.0,0.0,0.0,0.0
repeat_1_fold_1,HDAC5,0.0,0.0,0.0,0.0,0.0,2.3391448086579336e-05,0.5
repeat_1_fold_1,HERC5,0.04337898322212297,0.08675796644424594,0.04337898322212297,0.0,0.25,0.00029331557584985624,0.5
repeat_1_fold_1,HERPUD1,0.0,0.0,0.0,0.0,0.0,5.4580045535351784e-05,0.5
repeat_1_fold_1,HEYL,0.0,0.0,0.0,0.0,0.0,-1.5594298724386224e-05,1.0
repeat_1_fold_1,HHAT,0.0,0.0,0.0,0.0,0.0,2.7755575615628914e-17,0.5
repeat_1_fold_1,HJURP,0.047063153635082955,0.12641027729202794,0.06320513864601397,-0.016141985010931018,0.5,0.00023418546246467553,1.0
repeat_1_fold_1,HLA-DOB,0.0,0.0,0.0,0.0,0.0,9.005811356652127e-05,1.0
repeat_1_fold_1,HLA-DRB4,0.0,0.0,0.0,0.0,0.0,0.0,1.0
repeat_1_fold_1,HMBS,0.0,0.0,0.0,0.0,0.0,0.00026160578386608124,0.5
repeat_1_fold_1,HMGCS1,0.0,0.0,0.0,0.0,0.0,0.0,0.0
repeat_1_fold_1,HNRNPA0,-0.08756745292266999,0.10111418503430679,0.050557092517153394,-0.1381245454398234,0.0,3.5478068031169485e-05,1.0
repeat_1_fold_1,HNRNPDL,0.0,0.0,0.0,0.0,0.0,0.0,0.0
repeat_1_fold_1,HOMER1,0.08983451076297655,0.10373195794304568,0.05186597897152284,0.03796853179145371,0.5,-0.0001520444125627518,0.5
repeat_1_fold_1,HOXA1,0.0,0.0,0.0,0.0,0.0,0.0,0.0
repeat_1_fold_1,HOXA3,-0.04382356000066778,0.16710511897003869,0.08355255948501934,-0.1273761194856871,0.5,-0.0008986785778151152,1.0
repeat_1_fold_1,HOXA4,0.0,0.0,0.0,0.0,0.0,0.0004915017757483875,0.5
repeat_1_fold_1,HPN,0.015605078681250717,0.0730934639250128,0.0365467319625064,-0.020941653281255683,0.25,8.875512722900103e-05,1.0
repeat_1_fold_1,HS3ST1,0.0,0.0,0.0,0.0,0.0,-1.585489599187362e-05,0.5
repeat_1_fold_1,HSD11B2,0.0,0.0,0.0,0.0,0.0,5.0681470854269106e-05,0.5
repeat_1_fold_1,HSD17B11,0.0837218153257755,0.05607665050354067,0.028038325251770337,0.05568349007400516,0.75,0.00031735851710515406,1.0
repeat_1_fold_1,HSD17B6,0.0003649096998792345,0.000729819399758469,0.0003649096998792345,0.0,0.25,0.0011155343219913239,1.0
repeat_1_fold_1,HTN1,0.0,0.0,0.0,0.0,0.0,0.0001961014217585766,1.0
repeat_1_fold_1,HTR2B,0.0,0.0,0.0,0.0,0.0,0.0,0.0
repeat_1_fold_1,ID1,0.0,0.0,0.0,0.0,0.0,0.0,0.0
repeat_1_fold_1,IDH2,0.005797669580054787,0.011595339160109575,0.005797669580054787,0.0,0.25,-6.23771948975449e-05,0.5
repeat_1_fold_1,IDH3A,0.0,0.0,0.0,0.0,0.0,7.017434425973801e-05,0.5
repeat_1_fold_1,IDUA,0.0,0.0,0.0,0.0,0.0,0.0,0.0
repeat_1_fold_1,IFI30,0.0,0.0,0.0,0.0,0.0,0.0001512730050916289,1.0
repeat_1_fold_1,IFITM1,0.044917255381488275,0.08983451076297654,0.04491725538148827,6.938893903907228e-18,0.25,4.678289617318643e-05,0.5
repeat_1_fold_1,IFNA10,0.024558547062852654,0.04911709412570531,0.024558547062852654,0.0,0.25,3.508717212988288e-05,0.5
repeat_1_fold_1,IFT20,0.0,0.0,0.0,0.0,0.0,0.0006072863284775354,1.0
repeat_1_fold_1,IFT27,0.0,0.0,0.0,0.0,0.0,0.0,0.0
repeat_1_fold_1,IFT52,0.01364697932154968,0.06945136700829539,0.034725683504147696,-0.021078704182598017,0.25,0.0004128787889576824,1.0
repeat_1_fold_1,IK,0.012105657003765202,0.06660636395497851,0.03330318197748926,-0.021197524973724055,0.25,-0.0002298959918822785,0.5
repeat_1_fold_1,IKBKE,0.0,0.0,0.0,0.0,0.0,0.0,0.0
repeat_1_fold_1,IL10,0.0,0.0,0.0,0.0,0.0,-0.00030943106910916174,1.0
repeat_1_fold_1,IL18,0.001240245019742403,0.002480490039484806,0.001240245019742403,0.0,0.25,0.001805040077347747,0.5
repeat_1_fold_1,IL18RAP,0.0,0.0,0.0,0.0,0.0,0.0,0.0
repeat_1_fold_1,IL5RA,0.0,0.0,0.0,0.0,0.0,0.0,0.0
repeat_1_fold_1,IL6ST,0.0,0.0,0.0,0.0,0.0,-0.00012683916793504446,0.5
repeat_1_fold_1,IL7R,-0.04378372646133499,0.08756745292266999,0.04378372646133499,-0.08756745292266999,0.0,0.0003898574681096556,0.5
repeat_1_fold_1,IL9,-0.037862449914536356,0.07572489982907271,0.037862449914536356,-0.07572489982907271,0.0,0.0006237719489754767,0.5
repeat_1_fold_1,INHA,0.033171090805605985,0.06634218161121197,0.033171090805605985,0.0,0.25,0.0009830035514967472,0.5
repeat_1_fold_1,INHBB,0.04337898322212297,0.08675796644424594,0.04337898322212297,0.0,0.25,-3.170979198371948e-05,0.5
repeat_1_fold_1,INPP4B,0.0,0.0,0.0,0.0,0.0,4.2884321492075994e-05,0.5
repeat_1_fold_1,INPP5F,0.0,0.0,0.0,0.0,0.0,-7.797149362193112e-06,0.5
repeat_1_fold_1,INTS1,0.0,0.0,0.0,0.0,0.0,0.0,0.0
repeat_1_fold_1,ISCU,0.0,0.0,0.0,0.0,0.0,0.0,0.0
repeat_1_fold_1,ITFG2,0.04337898322212297,0.08675796644424594,0.04337898322212297,0.0,0.25,3.066740291379766e-05,1.0
repeat_1_fold_1,ITGAL,0.0,0.0,0.0,0.0,0.0,3.963723997973956e-05,0.5
repeat_1_fold_1,ITGAM,0.0,0.0,0.0,0.0,0.0,0.0,0.0
repeat_1_fold_1,ITGAV,-0.0277739045408687,0.03207054252623502,0.01603527126311751,-0.04380917580398621,0.0,0.00016036275645997522,1.0
repeat_1_fold_1,ITPK1,0.0,0.0,0.0,0.0,0.0,0.0,0.0
repeat_1_fold_1,ITPR3,0.0,0.0,0.0,0.0,0.0,0.0,0.0
repeat_1_fold_1,KANK1,-0.040411974943369344,0.21531256469749185,0.10765628234874593,-0.14806825729211526,0.5,0.0017629998536462244,1.0
repeat_1_fold_1,KANSL3,0.0,0.0,0.0,0.0,0.0,0.0,0.0
repeat_1_fold_1,KAT6A,0.038463175977845765,0.05014175964927935,0.025070879824639673,0.013392296153206092,0.5,0.0001823313039066854,0.5
repeat_1_fold_1,KCNA3,0.04154649643192343,0.048572837235144155,0.024286418617572077,0.017260077814351352,0.5,0.0006393662476998629,0.5
repeat_1_fold_1,KCNA5,0.0,0.0,0.0,0.0,0.0,0.0,0.0
repeat_1_fold_1,KCNC2,0.04337898322212297,0.08675796644424594,0.04337898322212297,0.0,0.25,-4.847677841185449e-05,1.0
repeat_1_fold_1,KCNF1,0.0,0.0,0.0,0.0,0.0,0.00017153728596824847,0.5
repeat_1_fold_1,KCNJ14,0.0,0.0,0.0,0.0,0.0,-0.00015062151192288264,0.5
repeat_1_fold_1,KCNJ5,0.0,0.0,0.0,0.0,0.0,0.00030408882512553137,0.5
repeat_1_fold_1,KCNN1,0.0,0.0,0.0,0.0,0.0,0.0,0.0
repeat_1_fold_1,KDM1A,0.0,0.0,0.0,0.0,0.0,0.00022963539461481886,1.0
repeat_1_fold_1,KDR,0.0022670578403030106,0.0026177729087347897,0.0013088864543673948,0.0009581713859356158,0.5,0.00017153728596827622,0.5
repeat_1_fold_1,KHDRBS1,0.0003649096998792345,0.0007298193997584689,0.00036490969987923444,5.421010862427522e-20,0.25,0.0005866311516996847,0.5
repeat_1_fold_1,KIF13B,0.0,0.0,0.0,0.0,0.0,0.0,0.0
repeat_1_fold_1,KIF2C,-0.03250909421043602,0.038326409498700476,0.019163204749350238,-0.051672298959786256,0.0,-0.00011891171993910765,0.5
repeat_1_fold_1,KIF3B,0.0,0.0,0.0,0.0,0.0,0.0,0.0
repeat_1_fold_1,KIFAP3,0.0,0.0,0.0,0.0,0.0,0.0,0.0
repeat_1_fold_1,KIN,0.0,0.0,0.0,0.0,0.0,0.0004328824725668423,1.0
repeat_1_fold_1,KIR2DL4,0.0,0.0,0.0,0.0,0.0,0.0,0.0
repeat_1_fold_1,KLF9,0.0,0.0,0.0,0.0,0.0,0.0,0.0
repeat_1_fold_1,KLRF1,0.0,0.0,0.0,0.0,0.0,0.0,0.0
repeat_1_fold_1,KMT2D,0.0,0.0,0.0,0.0,0.0,0.0,0.0
repeat_1_fold_1,KPNA2,0.040649365883709265,0.09302851104427927,0.046514255522139634,-0.005864889638430369,0.25,0.0006315690983376698,0.5
repeat_1_fold_1,KPNA3,0.0,0.0,0.0,0.0,0.0,-0.0004994292237442688,0.5
repeat_1_fold_1,KRBOX4,0.0,0.0,0.0,0.0,0.0,0.0008085996955859986,0.5
repeat_1_fold_1,KRT32,0.0,0.0,0.0,0.0,0.0,-0.00012683916793504446,0.5
repeat_1_fold_1,KRT36,0.021781970750884838,0.1070979850166557,0.05354899250832785,-0.03176702175744301,0.25,0.00028538812785389167,0.5
repeat_1_fold_1,KRTAP4-7,0.0003649096998792345,0.0007298193997584689,0.00036490969987923444,5.421010862427522e-20,0.25,0.0002853881278539194,0.5
repeat_1_fold_1,KYNU,-0.0277739045408687,0.03207054252623502,0.01603527126311751,-0.04380917580398621,0.0,-0.00011098427194317084,0.5
repeat_1_fold_1,LAMC2,-0.1293131494582589,0.16475736212689174,0.08237868106344587,-0.21169183052170476,0.25,0.0011614362807222944,1.0
repeat_1_fold_1,LARP1,-0.04378372646133499,0.08756745292266999,0.04378372646133499,-0.08756745292266999,0.0,9.356579234631734e-05,0.5
repeat_1_fold_1,LATS1,0.0,0.0,0.0,0.0,0.0,0.00017114639006704513,1.0
repeat_1_fold_1,LDLRAP1,-0.026234677952482244,0.10142799633060891,0.050713998165304454,-0.07694867611778669,0.25,0.003368232539176119,1.0
repeat_1_fold_1,LGMN,0.0,0.0,0.0,0.0,0.0,0.0,0.0
repeat_1_fold_1,LILRA1,0.0,0.0,0.0,0.0,0.0,0.0,0.0
repeat_1_fold_1,LIMS2,0.006442598331382499,0.15369791387367054,0.07684895693683527,-0.07040635860545277,0.25,-0.0002690016529956485,0.5
repeat_1_fold_1,LMAN1,0.08984145151112521,0.10545184281705322,0.05272592140852661,0.037115530102598604,0.5,0.0001621869373324425,1.0
repeat_1_fold_1,LMF2,0.0,0.0,0.0,0.0,0.0,6.341958396754999e-05,0.5
repeat_1_fold_1,LMNB1,0.0,0.0,0.0,0.0,0.0,-7.92744799593681e-06,0.5
repeat_1_fold_1,LPAR1,-0.05870284989688024,0.08256193797538519,0.041280968987692596,-0.09998381888457283,0.0,0.00027316082494430183,1.0
repeat_1_fold_1,LPCAT4,0.0,0.0,0.0,0.0,0.0,0.0,0.0
repeat_1_fold_1,LPGAT1,0.0,0.0,0.0,0.0,0.0,0.0001585489599188472,0.5
repeat_1_fold_1,LRIG1,0.0,0.0,0.0,0.0,0.0,0.0,0.0
repeat_1_fold_1,LRP8,0.0,0.0,0.0,0.0,0.0,0.0001680399915197639,1.0
repeat_1_fold_1,LRPPRC,0.0,0.0,0.0,0.0,0.0,-7.92744799593681e-06,0.5
repeat_1_fold_1,LRRC1,0.0,0.0,0.0,0.0,0.0,4.756468797567637e-05,0.5
repeat_1_fold_1,LRRC14,0.14341732685294772,0.23682741492608686,0.11841370746304343,0.025003619389904294,0.75,0.0030898909218759485,1.0
repeat_1_fold_1,LRRC8E,0.0,0.0,0.0,0.0,0.0,0.00014814583788166913,0.5
repeat_1_fold_1,LSM2,0.0,0.0,0.0,0.0,0.0,0.0,0.0
repeat_1_fold_1,LTB4R,0.02886460302578797,0.057729206051575936,0.028864603025787968,3.469446951953614e-18,0.25,-0.0003196831238499176,0.5
repeat_1_fold_1,LYPD1,0.0,0.0,0.0,0.0,0.0,0.00039637239979709027,0.5
repeat_1_fold_1,LYRM2,0.0,0.0,0.0,0.0,0.0,0.0,0.0
repeat_1_fold_1,MAD1L1,0.0,0.0,0.0,0.0,0.0,0.0,0.0
repeat_1_fold_1,MAGED1,-0.08176978334261342,0.18112768221169825,0.09056384110584913,-0.17233362444846256,0.25,0.0008849764526089321,0.5
repeat_1_fold_1,MAN1C1,0.12400818319999374,0.24801636639998748,0.12400818319999374,0.0,0.25,0.0009865008459452318,1.0
repeat_1_fold_1,MAPK9,0.009076246118649323,0.04928742940367664,0.02464371470183832,-0.015567468583188998,0.25,-0.00030124302384573753,0.5
repeat_1_fold_1,MAPKAP1,0.0,0.0,0.0,0.0,0.0,0.0,0.0
repeat_1_fold_1,MARCKS,0.0,0.0,0.0,0.0,0.0,0.0,0.0
repeat_1_fold_1,MAT2A,0.0,0.0,0.0,0.0,0.0,2.7755575615628914e-17,0.5
repeat_1_fold_1,MAVS,0.0,0.0,0.0,0.0,0.0,0.0,0.0
repeat_1_fold_1,MC2R,0.02753393159198403,0.05506786318396806,0.02753393159198403,0.0,0.25,0.00025613324124865167,1.0
repeat_1_fold_1,MCFD2,0.08675796644424594,0.10017947056185982,0.05008973528092991,0.03666823116331603,0.5,0.00026953323186201805,0.5
repeat_1_fold_1,MCPH1,0.07378185840727625,0.08913763085130247,0.044568815425651234,0.029213042981625012,0.5,-5.847862021643446e-05,0.5
repeat_1_fold_1,MDM2,0.0,0.0,0.0,0.0,0.0,0.0,0.0
repeat_1_fold_1,MED21,0.0,0.0,0.0,0.0,0.0,-3.170979198374724e-05,0.5
repeat_1_fold_1,MIA3,0.0003649096998792345,0.000729819399758469,0.0003649096998792345,0.0,0.25,0.00017440385591072083,0.5
repeat_1_fold_1,MICA,-0.0277739045408687,0.03207054252623502,0.01603527126311751,-0.04380917580398621,0.0,-0.00030124302384573753,0.5
repeat_1_fold_1,MICB,0.024558547062852654,0.04911709412570531,0.024558547062852654,0.0,0.25,0.00047172753641269716,0.5
repeat_1_fold_1,MKNK1,0.0,0.0,0.0,0.0,0.0,2.3391448086579336e-05,0.5
repeat_1_fold_1,MLANA,0.0,0.0,0.0,0.0,0.0,0.0,0.0
repeat_1_fold_1,MLH3,0.055222121999868534,0.06389630869936087,0.03194815434968044,0.023273967650188097,0.5,-0.00011072367467562794,1.0
repeat_1_fold_1,MMP1,0.0,0.0,0.0,0.0,0.0,7.797149362193112e-06,0.5
repeat_1_fold_1,MMP15,0.0,0.0,0.0,0.0,0.0,-0.00012683916793504446,0.5
repeat_1_fold_1,MPHOSPH8,0.0,0.0,0.0,0.0,0.0,0.00011695724043289668,0.5
repeat_1_fold_1,MRPL22,0.0,0.0,0.0,0.0,0.0,1.5594298724386224e-05,0.5
repeat_1_fold_1,MRPL57,-0.0277739045408687,0.03207054252623502,0.01603527126311751,-0.04380917580398621,0.0,0.0002555025167426117,1.0
repeat_1_fold_1,MRPS15,0.0,0.0,0.0,0.0,0.0,4.756468797567637e-05,0.5
repeat_1_fold_1,MRPS17,0.0,0.0,0.0,0.0,0.0,4.678289617315867e-05,0.5
repeat_1_fold_1,MRPS18C,0.0,0.0,0.0,0.0,0.0,0.0,0.0
repeat_1_fold_1,MRPS33,0.0,0.0,0.0,0.0,0.0,0.00014814583788166913,0.5
repeat_1_fold_1,MS4A3,0.0,0.0,0.0,0.0,0.0,0.0,0.0
repeat_1_fold_1,MSH3,0.0,0.0,0.0,0.0,0.0,0.0,0.0
repeat_1_fold_1,MSH6,-0.07022489220465822,0.3450375600665133,0.17251878003325666,-0.24274367223791488,0.75,0.0004371719431492116,1.0
repeat_1_fold_1,MSRB2,0.0,0.0,0.0,0.0,0.0,0.0,0.0
repeat_1_fold_1,MSTN,0.02886460302578797,0.057729206051575936,0.028864603025787968,3.469446951953614e-18,0.25,0.00025795742212111894,1.0
repeat_1_fold_1,MSX2,-0.01388695227043435,0.0277739045408687,0.01388695227043435,-0.0277739045408687,0.0,0.0001426940639269736,0.5
repeat_1_fold_1,MT1M,0.0,0.0,0.0,0.0,0.0,7.13470319634868e-05,0.5
repeat_1_fold_1,MT3,0.0,0.0,0.0,0.0,0.0,0.0,0.0
repeat_1_fold_1,MTARC2,-0.20734528319857226,0.21192462993917546,0.10596231496958773,-0.31330759816816,0.0,0.0009714277417558481,1.0
repeat_1_fold_1,MTHFD1,0.0,0.0,0.0,0.0,0.0,0.0005722095406789918,1.0
repeat_1_fold_1,MTMR10,0.0,0.0,0.0,0.0,0.0,0.0,0.0
repeat_1_fold_1,MTRF1,0.0,0.0,0.0,0.0,0.0,-6.341958396752223e-05,0.5
repeat_1_fold_1,MX2,0.0,0.0,0.0,0.0,0.0,0.00021832018214140714,0.5
repeat_1_fold_1,MXD4,0.0,0.0,0.0,0.0,0.0,0.0,0.0
repeat_1_fold_1,MYBPC1,0.0,0.0,0.0,0.0,0.0,-0.0005068147085425523,0.5
repeat_1_fold_1,MYO6,0.0,0.0,0.0,0.0,0.0,0.0,0.0
repeat_1_fold_1,NADK,0.02753393159198403,0.05506786318396806,0.02753393159198403,0.0,0.25,-0.00022976569324850704,1.0
repeat_1_fold_1,NANS,0.0,0.0,0.0,0.0,0.0,-0.0001189117199390799,0.5
repeat_1_fold_1,NAT2,0.051985218548399104,0.060027359845599496,0.030013679922799748,0.021971538625599356,0.5,3.989783724722695e-05,1.0
repeat_1_fold_1,NCAM1,0.0,0.0,0.0,0.0,0.0,-8.720192795533266e-05,0.5
repeat_1_fold_1,NCAN,-0.01020789241651876,0.02041578483303752,0.01020789241651876,-0.02041578483303752,0.0,-0.0003250253678335757,0.5
repeat_1_fold_1,NCAPG,0.0,0.0,0.0,0.0,0.0,-0.0005847862021644834,0.5
repeat_1_fold_1,NCBP2,0.04410880262188144,0.08724722604573394,0.04362361302286697,0.00048518959901446695,0.5,0.00033269221856208064,1.0
repeat_1_fold_1,NCKAP1,-0.05649696050310382,0.08034869369366379,0.040174346846831896,-0.09667130734993572,0.0,0.0004994292237442965,0.5
repeat_1_fold_1,NCOA1,0.000729819399758469,0.0008427228538207263,0.00042136142691036316,0.00030845797284810583,0.5,-0.00012683916793504446,0.5
repeat_1_fold_1,NCOA2,0.0,0.0,0.0,0.0,0.0,7.797149362193112e-05,0.5
repeat_1_fold_1,NCOR2,0.0,0.0,0.0,0.0,0.0,0.0,0.0
repeat_1_fold_1,NCR1,-0.04378372646133499,0.08756745292266999,0.04378372646133499,-0.08756745292266999,0.0,-0.0003820603187474625,0.5
repeat_1_fold_1,NDST2,0.0,0.0,0.0,0.0,0.0,-1.5594298724386224e-05,0.5
repeat_1_fold_1,NDUFA6,-0.08488165665040803,0.16976331330081607,0.08488165665040803,-0.16976331330081607,0.0,0.0007836238952317609,1.0
repeat_1_fold_1,NDUFA7,0.0,0.0,0.0,0.0,0.0,3.963723997973956e-05,0.5
repeat_1_fold_1,NDUFAF7,0.0,0.0,0.0,0.0,0.0,-2.3391448086579336e-05,0.5
repeat_1_fold_1,NDUFB1,0.0,0.0,0.0,0.0,0.0,-0.000158418661285048,1.0
repeat_1_fold_1,NDUFB4,0.0,0.0,0.0,0.0,0.0,0.0,0.0
repeat_1_fold_1,NDUFB8,-0.044428655212662704,0.08885731042532541,0.044428655212662704,-0.08885731042532541,0.0,-5.4580045535351784e-05,0.5
repeat_1_fold_1,NDUFS3,0.0,0.0,0.0,0.0,0.0,0.00012683916793509997,0.5
repeat_1_fold_1,NEB,0.07491538732742598,0.14682358944419166,0.07341179472209583,0.0015035926053301452,0.5,0.0006478148902308023,1.0
repeat_1_fold_1,NECTIN2,0.0,0.0,0.0,0.0,0.0,0.00021052303277921403,0.5
repeat_1_fold_1,NFRKB,0.0,0.0,0.0,0.0,0.0,0.0007905193384890874,1.0
repeat_1_fold_1,NFYB,0.0,0.0,0.0,0.0,0.0,-7.92744799593681e-06,0.5
repeat_1_fold_1,NME1,0.0,0.0,0.0,0.0,0.0,0.0,0.0
repeat_1_fold_1,NME3,0.0,0.0,0.0,0.0,0.0,0.0001109842719431986,0.5
repeat_1_fold_1,NMRK1,0.0,0.0,0.0,0.0,0.0,0.00010305682394723403,0.5
repeat_1_fold_1,NMRK2,0.0,0.0,0.0,0.0,0.0,2.7755575615628914e-17,0.5
repeat_1_fold_1,NOL11,-0.044428655212662704,0.08885731042532541,0.044428655212662704,-0.08885731042532541,0.0,-3.898574681096556e-05,0.5
repeat_1_fold_1,NOS2,0.0,0.0,0.0,0.0,0.0,0.0,0.0
repeat_1_fold_1,NOTCH2,0.044917255381488275,0.08983451076297654,0.04491725538148827,6.938893903907228e-18,0.25,0.0004986474319418066,1.0
repeat_1_fold_1,NPC1,0.04337898322212297,0.08675796644424594,0.04337898322212297,0.0,0.25,-0.0001902587519025667,0.5
repeat_1_fold_1,NPC1L1,0.0,0.0,0.0,0.0,0.0,-0.000459791983764557,0.5
repeat_1_fold_1,NPEPPS,0.053423150088640625,0.10684630017728125,0.053423150088640625,0.0,0.25,-0.00048783264534069115,1.0
repeat_1_fold_1,NPFF,0.05506786318396806,0.06358689126592289,0.031793445632961444,0.023274417551006614,0.5,-4.092984198580951e-05,1.0
repeat_1_fold_1,NPHS2,0.018527331463117136,0.03705466292623427,0.018527331463117136,0.0,0.25,0.0020611364789447084,0.5
repeat_1_fold_1,NPTN,0.044917255381488275,0.08983451076297654,0.04491725538148827,6.938893903907228e-18,0.25,-0.00014008809125196087,1.0
repeat_1_fold_1,NR0B1,0.0,0.0,0.0,0.0,0.0,0.0005549213597159097,0.5
repeat_1_fold_1,NR2C2,0.0,0.0,0.0,0.0,0.0,0.0,0.0
repeat_1_fold_1,NR2E3,0.0,0.0,0.0,0.0,0.0,-3.3403674222470814e-05,1.0
repeat_1_fold_1,NR2F1,0.33344151146095236,0.4687812042402143,0.23439060212010715,0.0990509093408452,0.5,0.002029426686960961,0.5
repeat_1_fold_1,NR4A2,0.0,0.0,0.0,0.0,0.0,5.549213597161318e-05,0.5
repeat_1_fold_1,NRP2,0.0,0.0,0.0,0.0,0.0,0.0,0.0
repeat_1_fold_1,NRXN2,0.0,0.0,0.0,0.0,0.0,7.927447995964565e-06,0.5
repeat_1_fold_1,NRXN3,0.04337898322212297,0.08675796644424594,0.04337898322212297,0.0,0.25,0.0006341958396753056,0.5
repeat_1_fold_1,NSD3,0.0,0.0,0.0,0.0,0.0,0.0,0.0
repeat_1_fold_1,NTS,-0.044428655212662704,0.08885731042532541,0.044428655212662704,-0.08885731042532541,0.0,-0.00045964091646813476,1.0
repeat_1_fold_1,NUBP2,0.0,0.0,0.0,0.0,0.0,7.13470319634868e-05,0.5
repeat_1_fold_1,NUDT15,0.0,0.0,0.0,0.0,0.0,0.0004054517668340418,0.5
repeat_1_fold_1,NUP205,0.0,0.0,0.0,0.0,0.0,-6.341958396749448e-05,0.5
repeat_1_fold_1,NUP214,0.0,0.0,0.0,0.0,0.0,7.92744799594236e-05,0.5
repeat_1_fold_1,NXT1,0.04337898322212297,0.08675796644424594,0.04337898322212297,0.0,0.25,-0.00013281213642474254,1.0
repeat_1_fold_1,OASL,-0.002563116076981231,0.042548811777951744,0.021274405888975872,-0.023837521965957103,0.25,0.0003250253678336035,0.5
repeat_1_fold_1,OAT,-0.00040474323921202426,0.14233687615800875,0.07116843807900437,-0.0715731813182164,0.25,0.0003377530966155451,1.0
repeat_1_fold_1,OAZ3,0.0,0.0,0.0,0.0,0.0,0.0,0.0
repeat_1_fold_1,OCA2,0.08983451076297655,0.10373195794304568,0.05186597897152284,0.03796853179145371,0.5,-0.00020727595126682208,1.0
repeat_1_fold_1,OLR1,-0.01987010814981005,0.0397402162996201,0.01987010814981005,-0.0397402162996201,0.0,0.0005068147085425523,0.5
repeat_1_fold_1,ONECUT1,-0.013522042570558668,0.027044085141117336,0.013522042570558668,-0.027044085141117336,0.0,-3.170979198374724e-05,0.5
repeat_1_fold_1,OPN3,-0.044428655212662704,0.08885731042532541,0.044428655212662704,-0.08885731042532541,0.0,0.00010136294170851046,0.5
repeat_1_fold_1,OR10H3,0.0,0.0,0.0,0.0,0.0,0.0,0.0
repeat_1_fold_1,OR2B6,0.10045264958543498,0.11599272855792407,0.057996364278962036,0.04245628530647295,0.5,-0.0007063038947785205,1.0
repeat_1_fold_1,OR2S2,0.0,0.0,0.0,0.0,0.0,0.0,0.0
repeat_1_fold_1,ORC1,0.056265875641804186,0.06497473530758686,0.03248736765379343,0.023778507988010754,0.5,0.00029655227303088116,1.0
repeat_1_fold_1,ORC5,0.0,0.0,0.0,0.0,0.0,0.0,0.0
repeat_1_fold_1,OSBPL7,-0.17244910957307802,0.2426203801936487,0.12131019009682435,-0.2937592996699024,0.0,-0.00018804367512881281,1.0
repeat_1_fold_1,OSGEP,0.0,0.0,0.0,0.0,0.0,-4.678289617315867e-05,0.5
repeat_1_fold_1,OSMR,0.0,0.0,0.0,0.0,0.0,-3.170979198374724e-05,0.5
repeat_1_fold_1,OSTF1,0.0,0.0,0.0,0.0,0.0,-2.3391448086579336e-05,0.5
repeat_1_fold_1,P2RX4,0.07287101417380804,0.08714646363788701,0.04357323181894351,0.029297782354864528,0.5,0.00027746067985795486,0.5
repeat_1_fold_1,P2RY13,0.0,0.0,0.0,0.0,0.0,0.0,0.0
repeat_1_fold_1,P2RY6,0.019649048235047317,0.079553608805734,0.039776804402867,-0.020127756167819685,0.25,-0.0005073566717402056,0.5
repeat_1_fold_1,P4HA2,0.0,0.0,0.0,0.0,0.0,0.00014814583788166913,0.5
repeat_1_fold_1,PAFAH1B2,0.0,0.0,0.0,0.0,0.0,0.0,0.0
repeat_1_fold_1,PAFAH1B3,0.0,0.0,0.0,0.0,0.0,3.898574681096556e-05,0.5
repeat_1_fold_1,PAM16,0.0,0.0,0.0,0.0,0.0,0.0,0.0
repeat_1_fold_1,PANX1,-0.0277739045408687,0.03207054252623502,0.01603527126311751,-0.04380917580398621,0.0,0.0007264586456841582,1.0
repeat_1_fold_1,PAPPA,0.0,0.0,0.0,0.0,0.0,-2.3391448086579336e-05,0.5
repeat_1_fold_1,PARG,0.0,0.0,0.0,0.0,0.0,0.0,0.0
repeat_1_fold_1,PARP1,0.0,0.0,0.0,0.0,0.0,8.720192795538817e-05,0.5
repeat_1_fold_1,PARP6,0.028263750991744274,0.05555867046582538,0.02777933523291269,0.00048441575883158283,0.5,-0.00038051750380516114,0.5
repeat_1_fold_1,PAX5,0.0,0.0,0.0,0.0,0.0,-3.8985746810937805e-05,0.5
repeat_1_fold_1,PAX6,0.04337898322212297,0.08675796644424594,0.04337898322212297,0.0,0.25,-0.0005482761293947036,1.0
repeat_1_fold_1,PBRM1,0.0,0.0,0.0,0.0,0.0,0.0,0.0
repeat_1_fold_1,PCK1,0.005576824441163808,0.042931456138207966,0.021465728069103983,-0.015888903627940175,0.25,0.00047642867155903157,1.0
repeat_1_fold_1,PCLAF,0.0,0.0,0.0,0.0,0.0,0.0,0.0
repeat_1_fold_1,PCTP,0.0,0.0,0.0,0.0,0.0,0.0,0.0
repeat_1_fold_1,PCYOX1L,0.05772920605157594,0.06665994530796149,0.033329972653980744,0.0243992333975952,0.5,-0.00011695724043289668,0.5
repeat_1_fold_1,PDE12,0.0,0.0,0.0,0.0,0.0,0.0,0.0
repeat_1_fold_1,PDE1B,0.0,0.0,0.0,0.0,0.0,0.00017933443533044158,0.5
repeat_1_fold_1,PDE3A,-0.16976331330081607,0.19602578926549788,0.09801289463274894,-0.267776207933565,0.0,8.966721766523467e-05,0.5
repeat_1_fold_1,PDE3B,0.0,0.0,0.0,0.0,0.0,0.0,0.0
repeat_1_fold_1,PER2,-0.0014163855667934655,0.04307271001475362,0.02153635500737681,-0.022952740574170277,0.25,-0.0004122272957889084,0.5
repeat_1_fold_1,PFDN1,0.0,0.0,0.0,0.0,0.0,3.508717212988288e-05,0.5
repeat_1_fold_1,PFDN5,0.0,0.0,0.0,0.0,0.0,0.0,0.0
repeat_1_fold_1,PFN2,0.04911709412570531,0.05671553503057629,0.028357767515288144,0.020759326610417163,0.5,-8.576864298412423e-05,0.5
repeat_1_fold_1,PGD,0.0,0.0,0.0,0.0,0.0,7.797149362193112e-06,0.5
repeat_1_fold_1,PGLYRP1,0.0,0.0,0.0,0.0,0.0,0.0,0.0
repeat_1_fold_1,PGM1,0.0,0.0,0.0,0.0,0.0,0.0003884449518011257,0.5
repeat_1_fold_1,PHB2,0.01732603917546527,0.03465207835093054,0.01732603917546527,0.0,0.25,0.00027746067985795486,0.5
repeat_1_fold_1,PHC1,0.0,0.0,0.0,0.0,0.0,0.0,0.0
repeat_1_fold_1,PHF1,0.0,0.0,0.0,0.0,0.0,0.0,0.0
repeat_1_fold_1,PIAS4,0.0,0.0,0.0,0.0,0.0,0.00030408882512553137,0.5
repeat_1_fold_1,PIGA,-0.18365026557125042,0.1814134681321338,0.0907067340660669,-0.2743569996373173,0.0,0.0004083287211078812,1.0
repeat_1_fold_1,PIGV,0.02886460302578797,0.057729206051575936,0.028864603025787968,3.469446951953614e-18,0.25,7.407291894084844e-05,0.5
repeat_1_fold_1,PIK3C2G,0.0,0.0,0.0,0.0,0.0,0.0,0.0
repeat_1_fold_1,PILRA,0.0,0.0,0.0,0.0,0.0,0.0,0.0
repeat_1_fold_1,PIM1,0.04337898322212297,0.08675796644424594,0.04337898322212297,0.0,0.25,-7.927447995909054e-06,0.5
repeat_1_fold_1,PITPNA,0.0,0.0,0.0,0.0,0.0,-6.88505892593172e-06,1.0
repeat_1_fold_1,PITRM1,-0.04946918664470523,0.14686759510495803,0.07343379755247902,-0.12290298419718425,0.5,0.0013047714534866472,1.0
repeat_1_fold_1,PLA2G2E,0.0,0.0,0.0,0.0,0.0,4.678289617315867e-05,0.5
repeat_1_fold_1,PLA2G3,0.46744853714636747,0.6330219460855983,0.3165109730427991,0.15093756410356834,0.5,-0.0005341047313102143,0.5
repeat_1_fold_1,PLA2G5,0.0,0.0,0.0,0.0,0.0,-8.576864298412423e-05,0.5
repeat_1_fold_1,PLAU,0.025992609274199552,0.051985218548399104,0.025992609274199552,0.0,0.25,0.0004201547437849007,0.5
repeat_1_fold_1,PLBD1,0.0,0.0,0.0,0.0,0.0,-0.0002573059289523727,0.5
repeat_1_fold_1,PLCG2,0.08829623860361124,0.10198665477416416,0.05099332738708208,0.037302911216529164,0.5,0.00038507795598638483,1.0
repeat_1_fold_1,PLIN2,0.0,0.0,0.0,0.0,0.0,0.00037634794752527956,1.0
repeat_1_fold_1,PLK2,0.0,0.0,0.0,0.0,0.0,0.00025340735427129,0.5
repeat_1_fold_1,PLK3,-0.02715245059883209,0.14211285114282723,0.07105642557141362,-0.0982088761702457,0.25,-0.0004951189844992487,0.5
repeat_1_fold_1,PLOD2,-0.0682232469464612,0.29389155304167075,0.14694577652083538,-0.21516902346729658,0.5,0.001540890626794772,1.0
repeat_1_fold_1,PLPPR3,0.0,0.0,0.0,0.0,0.0,0.0001247543897950898,0.5
repeat_1_fold_1,PLXNB1,0.0,0.0,0.0,0.0,0.0,3.96372399797118e-05,0.5
repeat_1_fold_1,PMEL,0.0,0.0,0.0,0.0,0.0,0.0,0.0
repeat_1_fold_1,PMP22,0.0,0.0,0.0,0.0,0.0,0.0001247543897950898,0.5
repeat_1_fold_1,PNOC,0.0437438929220022,0.0874877858440044,0.0437438929220022,0.0,0.25,0.00016647640791478402,0.5
repeat_1_fold_1,POLQ,-0.013522042570555115,0.028025625762187624,0.014012812881093812,-0.027534855451648927,0.25,-0.00038844495180109795,0.5
repeat_1_fold_1,POLR1C,0.0,0.0,0.0,0.0,0.0,4.678289617315867e-05,0.5
repeat_1_fold_1,POLR1G,0.0,0.0,0.0,0.0,0.0,0.0,0.0
repeat_1_fold_1,POLR2B,0.0,0.0,0.0,0.0,0.0,-2.3521746720323033e-05,1.0
repeat_1_fold_1,POLR2I,0.0,0.0,0.0,0.0,0.0,0.0,0.0
repeat_1_fold_1,PON3,-0.01388695227043435,0.0277739045408687,0.01388695227043435,-0.0277739045408687,0.0,0.0009116565195332604,0.5
repeat_1_fold_1,POP1,0.0,0.0,0.0,0.0,0.0,-3.170979198374724e-05,0.5
repeat_1_fold_1,PPARD,0.0,0.0,0.0,0.0,0.0,0.0,0.0
repeat_1_fold_1,PPFIBP2,-0.047296289324636476,0.08718572227516294,0.04359286113758147,-0.09088915046221795,0.25,0.0004765485858613805,1.0
repeat_1_fold_1,PPL,0.0,0.0,0.0,0.0,0.0,0.0,0.0
repeat_1_fold_1,PPP2R5A,-0.04378372646133499,0.08756745292266999,0.04378372646133499,-0.08756745292266999,0.0,0.0002740729153805077,1.0
repeat_1_fold_1,PPP2R5D,0.0,0.0,0.0,0.0,0.0,0.00023092799662097208,1.0
repeat_1_fold_1,PPP6R3,0.0,0.0,0.0,0.0,0.0,2.3391448086579336e-05,0.5
repeat_1_fold_1,PRCC,0.0,0.0,0.0,0.0,0.0,0.0,0.0
repeat_1_fold_1,PRDM16,-0.004932457946889457,0.10886806204917708,0.05443403102458854,-0.059366488971478,0.75,-0.00022155687932237655,1.0
repeat_1_fold_1,PRDM4,0.0004886001688255703,0.14590235186553605,0.07295117593276802,-0.07246257576394245,0.25,-0.0004600318123693936,0.5
repeat_1_fold_1,PRDM9,0.05485721229998752,0.06351703642902144,0.03175851821451072,0.023098694085476802,0.5,0.00048448641818865656,1.0
repeat_1_fold_1,PRKAR1B,0.0,0.0,0.0,0.0,0.0,0.0,0.0
repeat_1_fold_1,PRLR,0.0,0.0,0.0,0.0,0.0,0.0,0.0
repeat_1_fold_1,PRPF40A,0.02886460302578797,0.057729206051575936,0.028864603025787968,3.469446951953614e-18,0.25,-0.00036256744534196583,0.5
repeat_1_fold_1,PRPF8,0.0,0.0,0.0,0.0,0.0,0.0,0.0
repeat_1_fold_1,PSG1,0.0,0.0,0.0,0.0,0.0,0.00020259558478330497,1.0
repeat_1_fold_1,PSMA4,0.0,0.0,0.0,0.0,0.0,0.0,0.0
repeat_1_fold_1,PSMD12,0.0,0.0,0.0,0.0,0.0,2.3391448086579336e-05,0.5
repeat_1_fold_1,PSMD4,0.0,0.0,0.0,0.0,0.0,3.898574681096556e-05,0.5
repeat_1_fold_1,PSMD6,0.0,0.0,0.0,0.0,0.0,0.0,0.0
repeat_1_fold_1,PSMD9,0.0,0.0,0.0,0.0,0.0,5.4580045535351784e-05,0.5
repeat_1_fold_1,PSMG1,-0.04378372646133499,0.08756745292266999,0.04378372646133499,-0.08756745292266999,0.0,0.00016374013660605535,0.5
repeat_1_fold_1,PTCH1,-0.01388695227043435,0.0277739045408687,0.01388695227043435,-0.0277739045408687,0.0,-0.00045979198376458474,0.5
repeat_1_fold_1,PTGER3,-0.08488165665040803,0.16976331330081607,0.08488165665040803,-0.16976331330081607,0.0,-0.00021221691501790985,1.0
repeat_1_fold_1,PTGS1,0.0,0.0,0.0,0.0,0.0,0.0,0.0
repeat_1_fold_1,PTGS2,-0.03846596264888724,0.21492987157416807,0.10746493578708403,-0.1459308984359713,0.5,-0.001639225546932993,1.0
repeat_1_fold_1,PTPN18,0.0,0.0,0.0,0.0,0.0,0.0,0.0
repeat_1_fold_1,PTPRU,0.0,0.0,0.0,0.0,0.0,0.0,0.0
repeat_1_fold_1,PTRH2,0.0,0.0,0.0,0.0,0.0,0.0,0.0
repeat_1_fold_1,PUS7,0.0,0.0,0.0,0.0,0.0,0.00017153728596824847,0.5
repeat_1_fold_1,PYCR3,0.0,0.0,0.0,0.0,0.0,0.0,0.0
repeat_1_fold_1,QPRT,0.0,0.0,0.0,0.0,0.0,0.0,0.0
repeat_1_fold_1,RAB15,0.0,0.0,0.0,0.0,0.0,6.627576957865533e-05,0.5
repeat_1_fold_1,RAB3B,-0.0017812952666691473,0.042495560342063456,0.021247780171031728,-0.023029075437700875,0.25,-0.0007848173515981327,0.5
repeat_1_fold_1,RAB6B,-0.08756745292266999,0.10111418503430679,0.050557092517153394,-0.1381245454398234,0.0,-0.0004054517668340418,0.5
repeat_1_fold_1,RAB8B,0.0,0.0,0.0,0.0,0.0,0.0,0.0
repeat_1_fold_1,RABGAP1,-0.16976331330081607,0.19602578926549788,0.09801289463274894,-0.267776207933565,0.0,-0.00014814583788164137,0.5
repeat_1_fold_1,RAD51D,0.0,0.0,0.0,0.0,0.0,-0.00021052303277921403,0.5
repeat_1_fold_1,RALBP1,0.0,0.0,0.0,0.0,0.0,0.0,0.0
repeat_1_fold_1,RAMP1,0.0,0.0,0.0,0.0,0.0,3.118859744877245e-05,0.5
repeat_1_fold_1,RAP1A,-0.2161755931228111,0.28552099358525795,0.14276049679262898,-0.35893608991544007,0.0,0.0003866207709286862,1.0
repeat_1_fold_1,RAP1GAP2,0.0,0.0,0.0,0.0,0.0,0.0,0.0
repeat_1_fold_1,RAP2B,0.0,0.0,0.0,0.0,0.0,0.0004990175591803592,0.5
repeat_1_fold_1,RASGRF1,0.02886460302578797,0.057729206051575936,0.028864603025787968,3.469446951953614e-18,0.25,-0.0001507518105565986,1.0
repeat_1_fold_1,RBM28,0.0,0.0,0.0,0.0,0.0,7.407291894084844e-05,0.5
repeat_1_fold_1,RBM42,0.0,0.0,0.0,0.0,0.0,0.0,0.0
repeat_1_fold_1,RBM7,0.0,0.0,0.0,0.0,0.0,-9.356579234631734e-05,0.5
repeat_1_fold_1,RBM8A,0.0,0.0,0.0,0.0,0.0,4.2884321492075994e-05,0.5
repeat_1_fold_1,RBPJ,0.0,0.0,0.0,0.0,0.0,-0.0002695332318619903,0.5
repeat_1_fold_1,REG3A,0.0,0.0,0.0,0.0,0.0,0.0,0.0
repeat_1_fold_1,REPS1,0.0,0.0,0.0,0.0,0.0,-0.0001247543897950898,0.5
repeat_1_fold_1,REPS2,-0.01388695227043435,0.0277739045408687,0.01388695227043435,-0.0277739045408687,0.0,0.0004122272957889639,0.5
repeat_1_fold_1,RET,0.0,0.0,0.0,0.0,0.0,-4.678289617315867e-05,0.5
repeat_1_fold_1,RFK,-0.08756745292266999,0.10111418503430679,0.050557092517153394,-0.1381245454398234,0.0,8.576864298412423e-05,0.5
repeat_1_fold_1,RGS10,0.02886460302578797,0.057729206051575936,0.028864603025787968,3.469446951953614e-18,0.25,0.0002573059289523727,0.5
repeat_1_fold_1,RGS20,-0.114976447763663,0.0694675597857783,0.03473377989288915,-0.14971022765655215,0.0,-2.612771939525249e-05,1.0
repeat_1_fold_1,RGS3,-0.014919123435547021,0.11987849292025793,0.059939246460128964,-0.07485836989567599,0.25,-8.18700683030138e-05,0.5
repeat_1_fold_1,RHEB,0.0,0.0,0.0,0.0,0.0,0.0,0.0
repeat_1_fold_1,RIPK1,0.05506786318396806,0.06358689126592289,0.031793445632961444,0.023274417551006614,0.5,0.0006738330796550174,0.5
repeat_1_fold_1,RIPK2,0.0,0.0,0.0,0.0,0.0,0.0,0.0
repeat_1_fold_1,RIPOR2,0.024863819676408383,0.10507127953370946,0.05253563976685473,-0.027671820090446345,0.25,0.00016362022230367868,1.0
repeat_1_fold_1,RMND5A,0.0,0.0,0.0,0.0,0.0,0.0,0.0
repeat_1_fold_1,RNASE1,0.0,0.0,0.0,0.0,0.0,0.0,0.0
repeat_1_fold_1,RNASE2,0.044917255381488275,0.08983451076297654,0.04491725538148827,6.938893903907228e-18,0.25,0.0002806973770389798,0.5
repeat_1_fold_1,RND2,0.0,0.0,0.0,0.0,0.0,0.00017440385591072083,0.5
repeat_1_fold_1,RNF128,0.0,0.0,0.0,0.0,0.0,0.0,0.0
repeat_1_fold_1,RNF138,0.0,0.0,0.0,0.0,0.0,0.0001506215119229104,0.5
repeat_1_fold_1,RNF139,-0.16976331330081607,0.19602578926549788,0.09801289463274894,-0.267776207933565,0.0,-9.356579234628959e-05,0.5
repeat_1_fold_1,RNF4,0.0,0.0,0.0,0.0,0.0,0.0,0.5
repeat_1_fold_1,ROBO1,0.0,0.0,0.0,0.0,0.0,0.00019025875190259445,0.5
repeat_1_fold_1,RPL10A,0.0,0.0,0.0,0.0,0.0,0.0,0.0
repeat_1_fold_1,RPL22,0.0,0.0,0.0,0.0,0.0,0.00017401296000948974,1.0
repeat_1_fold_1,RPL34,0.05772920605157594,0.06665994530796149,0.033329972653980744,0.0243992333975952,0.5,-0.0006122376765599347,1.0
repeat_1_fold_1,RPP21,0.0,0.0,0.0,0.0,0.0,2.547622622656176e-05,1.0
repeat_1_fold_1,RPP40,0.0,0.0,0.0,0.0,0.0,-0.0007173377413217663,0.5
repeat_1_fold_1,RPS10,0.0,0.0,0.0,0.0,0.0,0.0,0.0
repeat_1_fold_1,RPS11,0.025992609274199552,0.051985218548399104,0.025992609274199552,0.0,0.25,0.00010357801848226433,1.0
repeat_1_fold_1,RPS12,-0.013522042570558668,0.027044085141117336,0.013522042570558668,-0.027044085141117336,0.0,-0.0006738330796549619,0.5
repeat_1_fold_1,RPS20,0.051985218548399104,0.060027359845599496,0.030013679922799748,0.021971538625599356,0.5,-0.0001664764079147285,0.5
repeat_1_fold_1,RPS27L,0.0,0.0,0.0,0.0,0.0,0.0,0.0
repeat_1_fold_1,RPS6KA2,0.0,0.0,0.0,0.0,0.0,0.00010305682394726179,0.5
repeat_1_fold_1,RPS6KA4,0.0,0.0,0.0,0.0,0.0,0.0,0.0
repeat_1_fold_1,RPSA,0.0,0.0,0.0,0.0,0.0,0.0,0.0
repeat_1_fold_1,RRM1,-0.08756745292266999,0.10111418503430679,0.050557092517153394,-0.1381245454398234,0.0,0.0003079873998066418,0.5
repeat_1_fold_1,RTF1,0.05506786318396806,0.06358689126592289,0.031793445632961444,0.023274417551006614,0.5,0.00024704348988036084,1.0
repeat_1_fold_1,S100A9,-0.04378372646133499,0.08756745292266999,0.04378372646133499,-0.08756745292266999,0.0,7.407291894084844e-05,0.5
repeat_1_fold_1,S100B,0.0,0.0,0.0,0.0,0.0,0.0,0.0
repeat_1_fold_1,S1PR2,-0.0277739045408687,0.03207054252623502,0.01603527126311751,-0.04380917580398621,0.0,0.0002933155758498285,0.5
repeat_1_fold_1,SAE1,-0.01388695227043435,0.0277739045408687,0.01388695227043435,-0.0277739045408687,0.0,0.0005152841197361979,0.5
repeat_1_fold_1,SCD5,0.0,0.0,0.0,0.0,0.0,0.0,0.0
repeat_1_fold_1,SCMH1,-0.10044570883728454,0.2008914176745691,0.10044570883728456,-0.20089141767456908,0.0,-9.888726766726919e-05,1.0
repeat_1_fold_1,SCN3A,0.0,0.0,0.0,0.0,0.0,2.729002276768977e-05,0.5
repeat_1_fold_1,SCTR,0.044917255381488275,0.08983451076297654,0.04491725538148827,6.938893903907228e-18,0.25,-0.00013137885145353412,1.0
repeat_1_fold_1,SDC1,0.000729819399758469,0.0008427228538207263,0.00042136142691036316,0.00030845797284810583,0.5,0.0004915017757483875,0.5
repeat_1_fold_1,SDHAF1,0.025992609274199552,0.051985218548399104,0.025992609274199552,0.0,0.25,0.0004677194317605493,0.5
repeat_1_fold_1,SDS,0.0,0.0,0.0,0.0,0.0,0.0005030464324952411,1.0
repeat_1_fold_1,SEC61B,0.0,0.0,0.0,0.0,0.0,0.0001426940639269736,0.5
repeat_1_fold_1,SEL1L,-0.0277739045408687,0.03207054252623502,0.01603527126311751,-0.04380917580398621,0.0,0.0004096420917766852,1.0
repeat_1_fold_1,SEMA4D,0.0,0.0,0.0,0.0,0.0,0.0,0.0
repeat_1_fold_1,SEPHS2,0.0,0.0,0.0,0.0,0.0,0.00018895576556512972,1.0
repeat_1_fold_1,SERINC3,0.0,0.0,0.0,0.0,0.0,0.00013476661593100903,0.5
repeat_1_fold_1,SERINC5,0.0,0.0,0.0,0.0,0.0,0.0,0.0
repeat_1_fold_1,SERP1,0.0,0.0,0.0,0.0,0.0,-5.4580045535351784e-05,0.5
repeat_1_fold_1,SERPINA3,0.0,0.0,0.0,0.0,0.0,0.0,0.0
repeat_1_fold_1,SERPIND1,0.0,0.0,0.0,0.0,0.0,-0.00010201443487722894,1.0
repeat_1_fold_1,SERPING1,0.0,0.0,0.0,0.0,0.0,0.0,0.0
repeat_1_fold_1,SF3A3,0.025992609274199552,0.051985218548399104,0.025992609274199552,0.0,0.25,0.00012683916793507222,0.5
repeat_1_fold_1,SGK1,0.0,0.0,0.0,0.0,0.0,0.0,0.0
repeat_1_fold_1,SH3BP1,0.0,0.0,0.0,0.0,0.0,-0.0001189117199390799,0.5
repeat_1_fold_1,SH3GL3,0.0,0.0,0.0,0.0,0.0,0.0004990175591803592,0.5
repeat_1_fold_1,SHC1,0.0,0.0,0.0,0.0,0.0,0.0,0.0
repeat_1_fold_1,SHMT1,0.0,0.0,0.0,0.0,0.0,0.0,0.0
repeat_1_fold_1,SHMT2,-0.08756745292266999,0.10111418503430679,0.050557092517153394,-0.1381245454398234,0.0,0.00010916009107070357,0.5
repeat_1_fold_1,SIGLEC9,0.0,0.0,0.0,0.0,0.0,0.0,0.0
repeat_1_fold_1,SIKE1,0.08983451076297655,0.10373195794304568,0.05186597897152284,0.03796853179145371,0.5,1.5594298724386224e-05,0.5
repeat_1_fold_1,SLA,0.0,0.0,0.0,0.0,0.0,-0.00024171163022798647,0.5
repeat_1_fold_1,SLC11A2,0.0,0.0,0.0,0.0,0.0,3.898574681096556e-05,0.5
repeat_1_fold_1,SLC12A3,0.0,0.0,0.0,0.0,0.0,0.0,0.0
repeat_1_fold_1,SLC15A1,0.024558547062852654,0.04911709412570531,0.024558547062852654,0.0,0.25,0.0001411304803219937,1.0
repeat_1_fold_1,SLC1A7,0.0,0.0,0.0,0.0,0.0,0.0,0.0
repeat_1_fold_1,SLC20A2,0.0,0.0,0.0,0.0,0.0,0.00010292652531351809,1.0
repeat_1_fold_1,SLC22A4,0.0,0.0,0.0,0.0,0.0,0.0,0.0
repeat_1_fold_1,SLC25A15,0.0,0.0,0.0,0.0,0.0,2.3391448086579336e-05,0.5
repeat_1_fold_1,SLC25A17,0.0,0.0,0.0,0.0,0.0,0.0,0.0
repeat_1_fold_1,SLC25A42,0.015063097864883801,0.07208249410694165,0.03604124705347082,-0.020978149188587022,0.25,0.0003115158472491719,1.0
repeat_1_fold_1,SLC25A6,0.0,0.0,0.0,0.0,0.0,5.549213597161318e-05,0.5
repeat_1_fold_1,SLC27A6,0.0,0.0,0.0,0.0,0.0,0.0,0.0
repeat_1_fold_1,SLC2A11,0.0,0.0,0.0,0.0,0.0,0.0,0.0
repeat_1_fold_1,SLC34A2,-0.02836734106289107,0.09189657938506818,0.04594828969253409,-0.07431563075542516,0.25,-0.000491501775748332,0.5
repeat_1_fold_1,SLC38A2,0.0,0.0,0.0,0.0,0.0,-7.134703196343128e-05,0.5
repeat_1_fold_1,SLCO3A1,-0.044428655212662704,0.08885731042532541,0.044428655212662704,-0.08885731042532541,0.0,0.000187001286058891,1.0
repeat_1_fold_1,SMARCA2,-0.020655757781923967,0.05089721809516142,0.02544860904758071,-0.04610436682950468,0.25,0.0005390664637240083,0.5
repeat_1_fold_1,SMC6,0.04337898322212297,0.08675796644424594,0.04337898322212297,0.0,0.25,0.00018233130390665764,0.5
repeat_1_fold_1,SMS,0.0,0.0,0.0,0.0,0.0,0.0,0.0
repeat_1_fold_1,SNAPC2,0.0,0.0,0.0,0.0,0.0,0.0,0.0
repeat_1_fold_1,SNCAIP,-0.11888154221252023,0.31820170748133797,0.15910085374066898,-0.2779823959531892,0.5,-0.000872259108158302,1.0
repeat_1_fold_1,SNRPD1,0.0,0.0,0.0,0.0,0.0,0.0,0.0
repeat_1_fold_1,SNX3,0.0,0.0,0.0,0.0,0.0,0.0,0.0
repeat_1_fold_1,SNX5,0.0,0.0,0.0,0.0,0.0,-0.00010136294170851046,0.5
repeat_1_fold_1,SOCS5,0.0,0.0,0.0,0.0,0.0,0.0,0.0
repeat_1_fold_1,SOD2,-0.08756745292266999,0.10111418503430679,0.050557092517153394,-0.1381245454398234,0.0,0.000917468036395197,1.0
repeat_1_fold_1,SOS2,0.04337898322212297,0.08675796644424594,0.04337898322212297,0.0,0.25,-0.00012475438979506204,1.0
repeat_1_fold_1,SOX1,0.0,0.0,0.0,0.0,0.0,0.0,0.0
repeat_1_fold_1,SOX13,-0.014919123435545245,0.029838246871090487,0.014919123435545243,-0.02983824687109049,0.0,-2.3391448086579336e-05,0.5
repeat_1_fold_1,SPAST,0.0,0.0,0.0,0.0,0.0,-6.23771948975449e-05,0.5
repeat_1_fold_1,SPCS1,0.0,0.0,0.0,0.0,0.0,-7.134703196345904e-05,0.5
repeat_1_fold_1,SPDL1,0.0,0.0,0.0,0.0,0.0,7.017434425973801e-05,0.5
repeat_1_fold_1,SPHK2,0.02886460302578797,0.057729206051575936,0.028864603025787968,3.469446951953614e-18,0.25,-0.0008576864298412146,0.5
repeat_1_fold_1,SPO11,0.0003649096998792345,0.0007298193997584689,0.00036490969987923444,5.421010862427522e-20,0.25,0.00023782343987824306,0.5
repeat_1_fold_1,SPP1,-0.0277739045408687,0.03207054252623502,0.01603527126311751,-0.04380917580398621,0.0,0.00017153728596830398,1.0
repeat_1_fold_1,SPTBN5,-0.08756745292266999,0.10111418503430679,0.050557092517153394,-0.1381245454398234,0.0,3.898574681096556e-05,0.5
repeat_1_fold_1,SQLE,0.04911709412570531,0.05671553503057629,0.028357767515288144,0.020759326610417163,0.5,7.797149362193112e-06,0.5
repeat_1_fold_1,SRD5A3,0.042837002405754276,0.08567400481150855,0.042837002405754276,0.0,0.25,0.0007927447995941528,0.5
repeat_1_fold_1,SRI,-0.0277739045408687,0.03207054252623502,0.01603527126311751,-0.04380917580398621,0.0,0.0003049905312304535,1.0
repeat_1_fold_1,SRPK2,0.0,0.0,0.0,0.0,0.0,0.0,0.0
repeat_1_fold_1,SRPRA,-0.015564052186874733,0.12102915971997379,0.06051457985998689,-0.07607863204686163,0.25,2.3391448086579336e-05,0.5
repeat_1_fold_1,SRRM1,0.1228981333625061,0.18316198353317,0.091580991766585,0.0313171415959211,0.5,0.00043600963977680207,0.5
repeat_1_fold_1,ST6GALNAC4,0.0,0.0,0.0,0.0,0.0,0.0,0.0
repeat_1_fold_1,STEAP3,0.0,0.0,0.0,0.0,0.0,0.00039765461747187647,0.5
repeat_1_fold_1,STN1,0.0,0.0,0.0,0.0,0.0,0.0,0.0
repeat_1_fold_1,STX16,0.049189445044472535,0.1221563944754788,0.0610781972377394,-0.011888752193266863,0.5,0.00041078362648638844,1.0
repeat_1_fold_1,STX1A,0.0,0.0,0.0,0.0,0.0,0.0,0.0
repeat_1_fold_1,SULT1A2,0.0,0.0,0.0,0.0,0.0,0.0,0.0
repeat_1_fold_1,SUMO1,0.12931725261122473,0.15658557804424675,0.07829278902212337,0.05102446358910136,0.5,-0.0003313788478931934,0.5
repeat_1_fold_1,SWAP70,0.12661953731320175,0.3182849345521474,0.1591424672760737,-0.032522929962871955,0.5,-0.0001993588876022523,1.0
repeat_1_fold_1,SYCP1,0.0,0.0,0.0,0.0,0.0,0.0,0.0
repeat_1_fold_1,SYF2,0.0,0.0,0.0,0.0,0.0,0.0,0.0
repeat_1_fold_1,SYK,0.04337898322212297,0.08675796644424594,0.04337898322212297,0.0,0.25,0.00031709791983766666,0.5
repeat_1_fold_1,SYTL2,0.0,0.0,0.0,0.0,0.0,0.0,0.0
repeat_1_fold_1,TAB2,0.08084982157418708,0.054171252866159716,0.027085626433079858,0.05376419514110722,0.75,0.00032930445408460574,1.0
repeat_1_fold_1,TAF1,0.0,0.0,0.0,0.0,0.0,0.0,0.0
repeat_1_fold_1,TAF2,0.0,0.0,0.0,0.0,0.0,0.0,0.0
repeat_1_fold_1,TAF5L,0.0,0.0,0.0,0.0,0.0,0.0,0.0
repeat_1_fold_1,TAL1,0.0,0.0,0.0,0.0,0.0,0.000113058665751814,0.5
repeat_1_fold_1,TARBP2,0.0,0.0,0.0,0.0,0.0,0.0,0.0
repeat_1_fold_1,TAS2R13,0.0,0.0,0.0,0.0,0.0,0.0,0.0
repeat_1_fold_1,TBCE,0.0,0.0,0.0,0.0,0.0,0.0,0.0
repeat_1_fold_1,TBL1X,0.0,0.0,0.0,0.0,0.0,0.0,0.0
repeat_1_fold_1,TBX21,0.044917255381488275,0.08983451076297654,0.04491725538148827,6.938893903907228e-18,0.25,-0.00036256744534196583,0.5
repeat_1_fold_1,TBXAS1,0.0,0.0,0.0,0.0,0.0,8.188045263479715e-06,1.0
repeat_1_fold_1,TCF3,-0.01388695227043435,0.0277739045408687,0.01388695227043435,-0.0277739045408687,0.0,0.0001426940639269736,0.5
repeat_1_fold_1,TDRD1,0.044917255381488275,0.08983451076297654,0.04491725538148827,6.938893903907228e-18,0.25,-0.00011695724043286893,0.5
repeat_1_fold_1,TFAP2B,0.04911709412570531,0.05671553503057629,0.028357767515288144,0.020759326610417163,0.5,1.598519462564507e-05,1.0
repeat_1_fold_1,TFAP2C,-0.08756745292266999,0.10111418503430679,0.050557092517153394,-0.1381245454398234,0.0,-0.00024171163022798647,0.5
repeat_1_fold_1,TFB2M,0.0,0.0,0.0,0.0,0.0,0.0,0.0
repeat_1_fold_1,TFR2,0.0,0.0,0.0,0.0,0.0,0.0,0.0
repeat_1_fold_1,THBS4,0.0,0.0,0.0,0.0,0.0,0.0,0.0
repeat_1_fold_1,THSD7A,0.0,0.0,0.0,0.0,0.0,0.0,0.0
repeat_1_fold_1,TIAM1,0.0,0.0,0.0,0.0,0.0,0.0,0.0
repeat_1_fold_1,TLR2,-0.08488165665040803,0.16976331330081607,0.08488165665040803,-0.16976331330081607,0.0,-0.00019103015937371737,0.5
repeat_1_fold_1,TM7SF2,0.02886460302578797,0.057729206051575936,0.028864603025787968,3.469446951953614e-18,0.25,-9.356579234631734e-05,0.5
repeat_1_fold_1,TMC6,0.0,0.0,0.0,0.0,0.0,-0.00017440385591066532,0.5
repeat_1_fold_1,TMED7,0.0,0.0,0.0,0.0,0.0,-0.00021404109589040488,0.5
repeat_1_fold_1,TNFRSF10C,0.0,0.0,0.0,0.0,0.0,0.0,0.0
repeat_1_fold_1,TNFRSF10D,0.02886460302578797,0.057729206051575936,0.028864603025787968,3.469446951953614e-18,0.25,-7.797149362193112e-06,0.5
repeat_1_fold_1,TNFRSF21,0.0,0.0,0.0,0.0,0.0,0.0,0.0
repeat_1_fold_1,TNFRSF4,0.0,0.0,0.0,0.0,0.0,0.0,0.0
repeat_1_fold_1,TNFSF15,0.0,0.0,0.0,0.0,0.0,-0.0009275114155250785,0.5
repeat_1_fold_1,TNFSF8,-0.013522042570555115,0.028025625762187624,0.014012812881093812,-0.027534855451648927,0.25,0.00025367833587014443,0.5
repeat_1_fold_1,TNKS2,0.0,0.0,0.0,0.0,0.0,0.0,0.0
repeat_1_fold_1,TNS3,0.0,0.0,0.0,0.0,0.0,0.0,0.0
repeat_1_fold_1,TOMM40,0.044917255381488275,0.08983451076297654,0.04491725538148827,6.938893903907228e-18,0.25,9.512937595132498e-05,1.0
repeat_1_fold_1,TOMM70,0.0,0.0,0.0,0.0,0.0,0.0,0.0
repeat_1_fold_1,TOP1,0.025992609274199552,0.051985218548399104,0.025992609274199552,0.0,0.25,3.963723997973956e-05,0.5
repeat_1_fold_1,TOP2A,0.0806137671526308,0.1612275343052616,0.0806137671526308,0.0,0.25,-0.00015594298724383449,0.5
repeat_1_fold_1,TOP3A,-0.040464196694680155,0.09429589579827645,0.047147947899138225,-0.08761214459381839,0.25,-0.0001442472632005587,0.5
repeat_1_fold_1,TP53BP1,0.0,0.0,0.0,0.0,0.0,0.0,0.0
repeat_1_fold_1,TPM1,-0.01388695227043435,0.0277739045408687,0.01388695227043435,-0.0277739045408687,0.0,3.963723997973956e-05,0.5
repeat_1_fold_1,TPP1,0.04337898322212297,0.08675796644424594,0.04337898322212297,0.0,0.25,9.512937595132498e-05,0.5
repeat_1_fold_1,TRAPPC2,0.0,0.0,0.0,0.0,0.0,0.0,0.0
repeat_1_fold_1,TRDMT1,0.0003649096998792345,0.000729819399758469,0.0003649096998792345,0.0,0.25,0.0002853881278539194,0.5
repeat_1_fold_1,TREM2,0.025992609274199552,0.051985218548399104,0.025992609274199552,0.0,0.25,-0.00032502536783354796,0.5
repeat_1_fold_1,TRHR,0.0,0.0,0.0,0.0,0.0,0.0,0.0
repeat_1_fold_1,TRIM34,0.0,0.0,0.0,0.0,0.0,0.0003803768208401337,1.0
repeat_1_fold_1,TRIM37,0.0,0.0,0.0,0.0,0.0,3.96372399797118e-05,0.5
repeat_1_fold_1,TRIM46,0.0,0.0,0.0,0.0,0.0,0.0,0.0
repeat_1_fold_1,TRIP11,0.0983404054701289,0.131500947446302,0.065750473723151,0.0325899317469779,0.5,-1.2858027415657558e-05,1.0
repeat_1_fold_1,TRPC3,0.0,0.0,0.0,0.0,0.0,-0.00014814583788166913,0.5
repeat_1_fold_1,TRPM8,0.0,0.0,0.0,0.0,0.0,0.0,0.0
repeat_1_fold_1,TTBK2,0.0,0.0,0.0,0.0,0.0,5.0681470854269106e-05,0.5
repeat_1_fold_1,TTN,0.0,0.0,0.0,0.0,0.0,0.0,0.5
repeat_1_fold_1,TTPA,-0.018436045938463153,0.1169512535130333,0.05847562675651665,-0.07691167269497981,0.25,0.0003893570422373871,1.0
repeat_1_fold_1,TUBG1,0.0,0.0,0.0,0.0,0.0,0.0,0.0
repeat_1_fold_1,TWF1,0.0,0.0,0.0,0.0,0.0,0.0,0.0
repeat_1_fold_1,TXLNA,0.0,0.0,0.0,0.0,0.0,-0.0007875120855815043,0.5
repeat_1_fold_1,TXN2,0.0,0.0,0.0,0.0,0.0,0.0,0.0
repeat_1_fold_1,TXNIP,0.0,0.0,0.0,0.0,0.0,0.00021430169315792003,1.0
repeat_1_fold_1,TXNL1,0.0,0.0,0.0,0.0,0.0,0.0,0.0
repeat_1_fold_1,TYMS,0.129605082873681,0.15136345835291715,0.07568172917645857,0.053923353697222426,0.5,0.0013159563673262598,0.5
repeat_1_fold_1,UBB,0.0,0.0,0.0,0.0,0.0,-8.576864298412423e-05,0.5
repeat_1_fold_1,UBC,0.0,0.0,0.0,0.0,0.0,0.0,0.0
repeat_1_fold_1,UBD,0.0,0.0,0.0,0.0,0.0,0.00029331557584985624,0.5
repeat_1_fold_1,UBE2E3,-0.027408994840993017,0.031654790398331155,0.015827395199165577,-0.0432363900401586,0.0,-0.0001902587519025667,0.5
repeat_1_fold_1,UBE2G2,0.0,0.0,0.0,0.0,0.0,0.0,0.0
repeat_1_fold_1,UBE2I,0.0,0.0,0.0,0.0,0.0,-2.3261149452807883e-05,1.0
repeat_1_fold_1,UBL4A,0.0,0.0,0.0,0.0,0.0,0.0001109842719431986,0.5
repeat_1_fold_1,UCHL3,-0.05565214392474083,0.11227948877730924,0.05613974438865462,-0.11179188831339545,0.25,0.00026692725918706084,1.0
repeat_1_fold_1,UCN,0.0,0.0,0.0,0.0,0.0,8.720192795538817e-05,0.5
repeat_1_fold_1,UFL1,0.0,0.0,0.0,0.0,0.0,-0.00047837276673379225,1.0
repeat_1_fold_1,UGCG,-0.08756745292266999,0.10111418503430679,0.050557092517153394,-0.1381245454398234,0.0,6.432129007244436e-05,1.0
repeat_1_fold_1,UGT1A6,0.02886460302578797,0.057729206051575936,0.028864603025787968,3.469446951953614e-18,0.25,-0.000245500674938004,1.0
repeat_1_fold_1,UGT2B15,0.0,0.0,0.0,0.0,0.0,0.0,0.0
repeat_1_fold_1,UIMC1,-0.07426690208375675,0.11232918025832388,0.05616459012916194,-0.1304314922129187,0.0,-0.0003338337532717006,1.0
repeat_1_fold_1,UNC5C,0.1288482758016336,0.1897464831782434,0.0948732415891217,0.0339750342125119,0.5,0.0008244545915779,0.5
repeat_1_fold_1,UNG,-0.3821727601782605,0.441295091931722,0.220647545965861,-0.6028203061441215,0.0,5.4580045535351784e-05,0.5
repeat_1_fold_1,UQCC1,0.0,0.0,0.0,0.0,0.0,-0.0002729002276767589,0.5
repeat_1_fold_1,UQCR10,0.0,0.0,0.0,0.0,0.0,-0.00012865296447617247,0.5
repeat_1_fold_1,UROD,-0.12931031186307074,0.16327501300880493,0.08163750650440246,-0.2109478183674732,0.0,-0.00016763871128713803,1.0
repeat_1_fold_1,USP14,0.0,0.0,0.0,0.0,0.0,-6.23771948975449e-05,0.5
repeat_1_fold_1,USP33,-0.01592776886722369,0.1166128203572828,0.0583064101786414,-0.0742341790458651,0.75,-0.00015425948933645017,1.0
repeat_1_fold_1,USP7,0.11275057571844371,0.13693757117072355,0.06846878558536178,0.044281790133081936,0.5,0.000753107559614441,0.5
repeat_1_fold_1,UTP18,-0.01388695227043435,0.0277739045408687,0.01388695227043435,-0.0277739045408687,0.0,2.3782343987838184e-05,0.5
repeat_1_fold_1,UTRN,0.0,0.0,0.0,0.0,0.0,0.0008482369355657382,0.5
repeat_1_fold_1,VCAN,0.0,0.0,0.0,0.0,0.0,0.00025367833587014443,0.5
repeat_1_fold_1,VDAC1,0.025992609274199552,0.051985218548399104,0.025992609274199552,0.0,0.25,-0.0004844656495259503,1.0
repeat_1_fold_1,VDAC3,0.0,0.0,0.0,0.0,0.0,0.0,0.0
repeat_1_fold_1,VNN2,0.09514358017420577,0.11020389154890446,0.05510194577445223,0.040041634399753535,0.5,-0.0012241524498642908,0.5
repeat_1_fold_1,VPS33A,-0.08756745292266999,0.10111418503430679,0.050557092517153394,-0.1381245454398234,0.0,0.00048369424205482736,1.0
repeat_1_fold_1,VPS72,-0.1686257204161148,0.20742440547995764,0.10371220273997882,-0.2723379231560936,0.0,0.00024171163022798647,0.5
repeat_1_fold_1,WAPL,0.0,0.0,0.0,0.0,0.0,0.0,0.0
repeat_1_fold_1,WDR70,0.0,0.0,0.0,0.0,0.0,0.0,0.0
repeat_1_fold_1,WDTC1,-0.015564052186874733,0.12102915971997379,0.06051457985998689,-0.07607863204686163,0.25,-0.0001247543897950898,0.5
repeat_1_fold_1,WIPF2,0.0,0.0,0.0,0.0,0.0,0.0,0.0
repeat_1_fold_1,WNT2B,0.0,0.0,0.0,0.0,0.0,0.00015594298724386224,0.5
repeat_1_fold_1,WNT5A,0.0003649096998792345,0.0007298193997584689,0.00036490969987923444,5.421010862427522e-20,0.25,0.00012683916793507222,0.5
repeat_1_fold_1,WNT7B,0.0,0.0,0.0,0.0,0.0,0.0,0.0
repeat_1_fold_1,WTAP,0.0003649096998792345,0.0007298193997584689,0.00036490969987923444,5.421010862427522e-20,0.25,0.00018233130390665764,0.5
repeat_1_fold_1,WWOX,0.0543596436241387,0.10871928724827738,0.05435964362413869,6.938893903907228e-18,0.25,-0.00023703126374435834,1.0
repeat_1_fold_1,WWTR1,0.0,0.0,0.0,0.0,0.0,-1.1304828141989187e-05,1.0
repeat_1_fold_1,XDH,0.0,0.0,0.0,0.0,0.0,0.0,0.0
repeat_1_fold_1,XRCC6,0.0,0.0,0.0,0.0,0.0,0.0,0.0
repeat_1_fold_1,YWHAQ,-0.01388695227043435,0.0277739045408687,0.01388695227043435,-0.0277739045408687,0.0,-7.927447995909054e-06,0.5
repeat_1_fold_1,ZC3H15,0.01776480478265441,0.21295102228225413,0.10647551114112706,-0.08871070635847265,0.25,-0.0007446277640894283,0.5
repeat_1_fold_1,ZKSCAN4,0.0,0.0,0.0,0.0,0.0,-0.00022611733150360025,0.5
repeat_1_fold_1,ZNF175,0.04605078430163978,0.08910446408928101,0.044552232044640504,0.0014985522569992762,0.5,0.0005613947540779041,0.5
repeat_1_fold_1,ZNF211,0.04337898322212297,0.08675796644424594,0.04337898322212297,0.0,0.25,-6.341958396749448e-05,0.5
repeat_1_fold_1,ZNF230,-0.1319961081353327,0.16880277790323145,0.08440138895161572,-0.21639749708694841,0.0,9.35657923463451e-05,0.5
repeat_1_fold_1,ZNF250,0.0,0.0,0.0,0.0,0.0,0.00010305682394726179,0.5
repeat_1_fold_1,ZNF263,0.0,0.0,0.0,0.0,0.0,7.797149362193112e-06,0.5
repeat_1_fold_1,ZNF268,0.0,0.0,0.0,0.0,0.0,0.0,0.0
repeat_1_fold_1,ZNF394,0.08675796644424594,0.10017947056185982,0.05008973528092991,0.03666823116331603,0.5,0.00021910197394392483,1.0
repeat_1_fold_1,ZNF443,0.0437438929220022,0.0874877858440044,0.0437438929220022,0.0,0.25,0.00023782343987824306,0.5
repeat_1_fold_1,ZNF446,-0.0277739045408687,0.03207054252623502,0.01603527126311751,-0.04380917580398621,0.0,-0.00020611364789446807,0.5
repeat_1_fold_1,ZNF467,0.0,0.0,0.0,0.0,0.0,8.576864298412423e-05,0.5
repeat_1_fold_1,ZNF473,-0.25733076622348605,0.29713997429980465,0.14856998714990233,-0.4059007533733884,0.0,-0.0001871315846926347,0.5
repeat_1_fold_1,ZNF480,-0.0002399729488828939,0.04496357584890988,0.02248178792445494,-0.022721760873337833,0.25,-8.72019279553049e-05,0.5
repeat_1_fold_1,ZNF552,-0.07638686134334449,0.08976528446314279,0.044882642231571394,-0.1212695035749159,0.0,0.00018856486966389863,1.0
repeat_1_fold_1,ZNF614,0.0,0.0,0.0,0.0,0.0,0.0,0.0
repeat_1_fold_1,ZNF667,0.0,0.0,0.0,0.0,0.0,3.118859744877245e-05,0.5
repeat_1_fold_1,ZNF668,0.0,0.0,0.0,0.0,0.0,-0.00010305682394720628,0.5
repeat_1_fold_1,ZNF671,0.02753393159198403,0.05506786318396806,0.02753393159198403,0.0,0.25,1.0794017938409173e-05,1.0
repeat_1_fold_1,ZNF747,-0.01388695227043435,0.0277739045408687,0.01388695227043435,-0.0277739045408687,0.0,-0.00013385452549474763,1.0
repeat_1_fold_2,A1CF,-0.04196385652246448,0.0484556877189594,0.0242278438594797,-0.06619170038194419,0.0,0.00012485173856047194,0.5
repeat_1_fold_2,A2M,0.0,0.0,0.0,0.0,0.0,0.0,0.0
repeat_1_fold_2,A4GALT,0.0,0.0,0.0,0.0,0.0,0.0,0.0
repeat_1_fold_2,A4GNT,0.0,0.0,0.0,0.0,0.0,0.00036711917504245184,0.5
repeat_1_fold_2,AAAS,0.0,0.0,0.0,0.0,0.0,-8.15820388980204e-06,0.5
repeat_1_fold_2,AACS,0.0,0.0,0.0,0.0,0.0,0.0,0.0
repeat_1_fold_2,AADAC,0.0,0.0,0.0,0.0,0.0,0.00015606467320058992,0.5
repeat_1_fold_2,AAK1,0.0,0.0,0.0,0.0,0.0,-2.340970098008155e-05,0.5
repeat_1_fold_2,AAMP,0.0,0.0,0.0,0.0,0.0,0.00017947437418067147,0.5
repeat_1_fold_2,AARS1,0.0,0.0,0.0,0.0,0.0,0.0,0.0
repeat_1_fold_2,AASDHPPT,0.0,0.0,0.0,0.0,0.0,0.0,0.0
repeat_1_fold_2,AASS,0.0,0.0,0.0,0.0,0.0,0.0,0.0
repeat_1_fold_2,AATF,0.0,0.0,0.0,0.0,0.0,5.462263562019953e-05,0.5
repeat_1_fold_2,ABAT,0.0562536371654172,0.1125072743308344,0.0562536371654172,0.0,0.25,-0.00010605665056778735,0.5
repeat_1_fold_2,ABCA1,0.0,0.0,0.0,0.0,0.0,0.0,0.0
repeat_1_fold_2,ABCA12,0.0,0.0,0.0,0.0,0.0,-0.00023409700980084325,0.5
repeat_1_fold_2,ABCA2,0.0,0.0,0.0,0.0,0.0,-0.00013868946612710653,0.5
repeat_1_fold_2,ABCA3,-0.2525248193135958,0.5050496386271917,0.2525248193135958,-0.5050496386271917,0.0,-0.0004994069542418322,0.5
repeat_1_fold_2,ABCA4,0.0,0.0,0.0,0.0,0.0,0.0,0.0
repeat_1_fold_2,ABCA5,0.0,0.0,0.0,0.0,0.0,0.0,0.0
repeat_1_fold_2,ABCA6,0.0,0.0,0.0,0.0,0.0,0.0,0.0
repeat_1_fold_2,ABCA7,0.0,0.0,0.0,0.0,0.0,2.340970098008155e-05,0.5
repeat_1_fold_2,ABCA8,0.0,0.0,0.0,0.0,0.0,0.0,0.0
repeat_1_fold_2,ABCB1,0.0,0.0,0.0,0.0,0.0,-3.1212934640117984e-05,0.5
repeat_1_fold_2,ABCB11,0.0,0.0,0.0,0.0,0.0,0.0,0.0
repeat_1_fold_2,ABCB4,0.0,0.0,0.0,0.0,0.0,0.0,0.0
repeat_1_fold_2,ABCB6,0.0,0.0,0.0,0.0,0.0,0.0,0.0
repeat_1_fold_2,ABCB7,0.0,0.0,0.0,0.0,0.0,0.0,0.0
repeat_1_fold_2,ABCB8,0.0,0.0,0.0,0.0,0.0,0.0,0.0
repeat_1_fold_2,ABCB9,0.0,0.0,0.0,0.0,0.0,0.0,0.0
repeat_1_fold_2,ABCC1,0.0,0.0,0.0,0.0,0.0,-0.00010924527124039907,0.5
repeat_1_fold_2,ABCC10,0.0,0.0,0.0,0.0,0.0,0.00012237305834750245,0.5
repeat_1_fold_2,ABCC2,0.0,0.0,0.0,0.0,0.0,0.0,0.0
repeat_1_fold_2,ABCC3,0.0,0.0,0.0,0.0,0.0,0.0,0.0
repeat_1_fold_2,ABCC4,0.0,0.0,0.0,0.0,0.0,0.0,0.0
repeat_1_fold_2,ABCC5,0.0,0.0,0.0,0.0,0.0,1.6316407779687347e-05,0.5
repeat_1_fold_2,ABCC6,-0.04196385652246448,0.0484556877189594,0.0242278438594797,-0.06619170038194419,0.0,0.0001716711405206628,0.5
repeat_1_fold_2,ABCC8,-0.13905846904700603,0.1849908149156714,0.0924954074578357,-0.23155387650484172,0.0,0.0005058086411696139,0.5
repeat_1_fold_2,ABCC9,0.0,0.0,0.0,0.0,0.0,0.0,0.0
repeat_1_fold_2,ABCD1,0.0,0.0,0.0,0.0,0.0,0.0,0.0
repeat_1_fold_2,ABCD2,0.0438610395165675,0.10926784379234716,0.05463392189617358,-0.01077288237960608,0.25,-7.342383500846816e-05,0.5
repeat_1_fold_2,ABCD3,0.0,0.0,0.0,0.0,0.0,-0.0004447843186216327,0.5
repeat_1_fold_2,ABCD4,-0.046080117433749734,0.09216023486749948,0.04608011743374974,-0.09216023486749947,0.0,0.0003766911484558433,1.0
repeat_1_fold_2,ABCE1,0.0,0.0,0.0,0.0,0.0,-0.0005139668450593604,0.5
repeat_1_fold_2,ABCF1,0.0,0.0,0.0,0.0,0.0,7.803233660030884e-05,0.5
repeat_1_fold_2,ABCF2,0.0,0.0,0.0,0.0,0.0,0.0,0.0
repeat_1_fold_2,ABCG1,0.0,0.0,0.0,0.0,0.0,3.901616830015442e-05,0.5
repeat_1_fold_2,ABCG2,0.0,0.0,0.0,0.0,0.0,0.0,0.0
repeat_1_fold_2,ABCG4,0.0,0.0,0.0,0.0,0.0,0.0,0.0
repeat_1_fold_2,ABCG5,0.0,0.0,0.0,0.0,0.0,0.0,0.0
repeat_1_fold_2,ABHD10,0.0562536371654172,0.1125072743308344,0.0562536371654172,0.0,0.25,0.0005058086411695861,0.5
repeat_1_fold_2,ABHD17A,-0.09765605310620984,0.19531210621241968,0.09765605310620984,-0.19531210621241968,0.0,0.0003426445633729347,0.5
repeat_1_fold_2,ABHD17B,0.0,0.0,0.0,0.0,0.0,0.0003681718629406361,1.0
repeat_1_fold_2,ABHD3,0.0,0.0,0.0,0.0,0.0,-5.710742722880857e-05,0.5
repeat_1_fold_2,ABHD5,0.0,0.0,0.0,0.0,0.0,0.00010144203758039039,0.5
repeat_1_fold_2,ABHD6,0.0,0.0,0.0,0.0,0.0,0.0,0.0
repeat_1_fold_2,ABI1,0.0,0.0,0.0,0.0,0.0,0.0,0.0
repeat_1_fold_2,ABI2,0.0,0.0,0.0,0.0,0.0,-0.0001170485049004355,0.5
repeat_1_fold_2,ABL1,-0.03647117159047397,0.07294234318094794,0.03647117159047397,-0.07294234318094794,0.0,0.0003057582164516237,1.0
repeat_1_fold_2,ABL2,0.0,0.0,0.0,0.0,0.0,-8.583557026028976e-05,0.5
repeat_1_fold_2,ABLIM1,0.1640832100032963,0.20734336766489764,0.10367168383244882,0.06041152617084747,0.5,-0.00047317582561021143,0.5
repeat_1_fold_2,ABLIM3,0.0,0.0,0.0,0.0,0.0,0.0,0.0
repeat_1_fold_2,ABRAXAS2,0.0,0.0,0.0,0.0,0.0,0.0,0.0
repeat_1_fold_2,ACAA1,-0.1341272246966838,0.18430876939535998,0.09215438469767999,-0.22628160939436381,0.0,-0.00025290432058475143,0.5
repeat_1_fold_2,ACAA2,-0.09765605310620984,0.19531210621241968,0.09765605310620984,-0.19531210621241968,0.0,8.158203889857552e-06,0.5
repeat_1_fold_2,ACACA,0.0,0.0,0.0,0.0,0.0,-0.00021211330113560245,0.5
repeat_1_fold_2,ACAD10,0.0,0.0,0.0,0.0,0.0,0.00010924527124042682,0.5
repeat_1_fold_2,ACADL,0.0,0.0,0.0,0.0,0.0,0.0,0.0
repeat_1_fold_2,ACADS,0.0,0.0,0.0,0.0,0.0,0.0,0.0
repeat_1_fold_2,ACADSB,0.0,0.0,0.0,0.0,0.0,7.803233660036435e-06,0.5
repeat_1_fold_2,ACADVL,0.0,0.0,0.0,0.0,0.0,0.0,0.0
repeat_1_fold_2,ACAN,0.0,0.0,0.0,0.0,0.0,-0.0002422552136906453,1.0
repeat_1_fold_2,ACAT1,0.0,0.0,0.0,0.0,0.0,-0.00018727760784068015,0.5
repeat_1_fold_2,ACAT2,0.0,0.0,0.0,0.0,0.0,-0.0005306198888819502,0.5
repeat_1_fold_2,ACBD3,0.0,0.0,0.0,0.0,0.0,0.0,0.0
repeat_1_fold_2,ACBD4,0.05157593567246366,0.10315187134492732,0.05157593567246366,0.0,0.25,0.0005465996606187351,0.5
repeat_1_fold_2,ACD,0.0,0.0,0.0,0.0,0.0,0.0,0.0
repeat_1_fold_2,ACE,0.0,0.0,0.0,0.0,0.0,0.00013053126223733225,0.5
repeat_1_fold_2,ACE2,0.0,0.0,0.0,0.0,0.0,0.0,0.0
repeat_1_fold_2,ACHE,0.0,0.0,0.0,0.0,0.0,0.0,0.0
repeat_1_fold_2,ACIN1,0.0,0.0,0.0,0.0,0.0,2.340970098008155e-05,0.5
repeat_1_fold_2,ACKR1,-0.04196385652246448,0.0484556877189594,0.0242278438594797,-0.06619170038194419,0.0,0.00033553904738123363,0.5
repeat_1_fold_2,ACKR2,0.0,0.0,0.0,0.0,0.0,9.789844667801306e-05,0.5
repeat_1_fold_2,ACKR3,0.0,0.0,0.0,0.0,0.0,0.0,0.0
repeat_1_fold_2,ACKR4,0.0,0.0,0.0,0.0,0.0,0.0,0.0
repeat_1_fold_2,ACO2,0.0,0.0,0.0,0.0,0.0,0.0,0.0
repeat_1_fold_2,ACOT11,0.0,0.0,0.0,0.0,0.0,0.0005423400178611038,1.0
repeat_1_fold_2,ACOT13,0.0,0.0,0.0,0.0,0.0,-7.803233660028108e-05,0.5
repeat_1_fold_2,ACOT2,0.0,0.0,0.0,0.0,0.0,7.803233660036435e-06,0.5
repeat_1_fold_2,ACOT7,0.0,0.0,0.0,0.0,0.0,0.0,0.0
repeat_1_fold_2,ACOT9,0.0,0.0,0.0,0.0,0.0,0.0,0.0
repeat_1_fold_2,ACOX1,0.0,0.0,0.0,0.0,0.0,0.00031816995170347306,0.5
repeat_1_fold_2,ACOX2,0.0,0.0,0.0,0.0,0.0,-5.462263562019953e-05,0.5
repeat_1_fold_2,ACOX3,0.0,0.0,0.0,0.0,0.0,0.0,0.0
repeat_1_fold_2,ACOXL,0.0,0.0,0.0,0.0,0.0,3.2632815559374695e-05,0.5
repeat_1_fold_2,ACP3,0.0,0.0,0.0,0.0,0.0,6.526563111866612e-05,0.5
repeat_1_fold_2,ACP5,0.0,0.0,0.0,0.0,0.0,0.0,0.0
repeat_1_fold_2,ACP6,0.0562536371654172,0.1125072743308344,0.0562536371654172,0.0,0.25,-0.00023658791280509184,0.5
repeat_1_fold_2,ACR,0.0,0.0,0.0,0.0,0.0,0.0,0.0
repeat_1_fold_2,ACSBG1,0.0,0.0,0.0,0.0,0.0,0.0,0.0
repeat_1_fold_2,ACSBG2,0.1125072743308344,0.12991221024139663,0.06495610512069831,0.04755116921013609,0.5,1.3831616171106065e-05,1.0
repeat_1_fold_2,ACSF2,0.0,0.0,0.0,0.0,0.0,0.0,0.0
repeat_1_fold_2,ACSL1,0.0,0.0,0.0,0.0,0.0,0.0002855371361441539,0.5
repeat_1_fold_2,ACSL3,0.0,0.0,0.0,0.0,0.0,-0.00020288407516075302,0.5
repeat_1_fold_2,ACSL4,-0.19531210621241968,0.22552699419546657,0.11276349709773328,-0.30807560331015293,0.0,-0.0006338551117981983,1.0
repeat_1_fold_2,ACSL5,0.0,0.0,0.0,0.0,0.0,-0.0011694384725017548,1.0
repeat_1_fold_2,ACSL6,0.0,0.0,0.0,0.0,0.0,-1.5606467320045114e-05,0.5
repeat_1_fold_2,ACSM1,0.0,0.0,0.0,0.0,0.0,0.0,0.0
repeat_1_fold_2,ACSM2A,0.0,0.0,0.0,0.0,0.0,0.0,0.0
repeat_1_fold_2,ACSM5,0.0,0.0,0.0,0.0,0.0,0.0,0.0
repeat_1_fold_2,ACTA1,0.0,0.0,0.0,0.0,0.0,0.0,0.0
repeat_1_fold_2,ACTA2,0.0,0.0,0.0,0.0,0.0,5.462263562022729e-05,0.5
repeat_1_fold_2,ACTB,0.0,0.0,0.0,0.0,0.0,0.00020288407516075302,0.5
repeat_1_fold_2,ACTC1,0.0,0.0,0.0,0.0,0.0,-0.00010605665056778735,0.5
repeat_1_fold_2,ACTG1,0.0,0.0,0.0,0.0,0.0,0.0,0.0
repeat_1_fold_2,ACTG2,0.0,0.0,0.0,0.0,0.0,0.0,0.0
repeat_1_fold_2,ACTL6A,0.0,0.0,0.0,0.0,0.0,0.00019579689335599837,0.5
repeat_1_fold_2,ACTL6B,0.10315187134492732,0.11910952137681487,0.059554760688407433,0.04359711065651988,0.5,0.0002724093490370505,1.0
repeat_1_fold_2,ACTN1,0.0,0.0,0.0,0.0,0.0,0.0,0.0
repeat_1_fold_2,ACTN2,0.0,0.0,0.0,0.0,0.0,0.0,0.0
repeat_1_fold_2,ACTN3,0.0,0.0,0.0,0.0,0.0,0.0,0.0
repeat_1_fold_2,ACTN4,0.0,0.0,0.0,0.0,0.0,0.0,0.5
repeat_1_fold_2,ACTR10,0.0,0.0,0.0,0.0,0.0,0.0,0.0
repeat_1_fold_2,ACTR1A,0.10315187134492732,0.11910952137681487,0.059554760688407433,0.04359711065651988,0.5,-0.00018941965201071942,1.0
repeat_1_fold_2,ACTR1B,0.0,0.0,0.0,0.0,0.0,0.0,0.0
repeat_1_fold_2,ACTR2,0.0,0.0,0.0,0.0,0.0,-0.0005256625284559557,1.0
repeat_1_fold_2,ACTR3,0.0,0.0,0.0,0.0,0.0,-8.974024278812776e-05,0.5
repeat_1_fold_2,ACVR1B,0.10315187134492732,0.11910952137681487,0.059554760688407433,0.04359711065651988,0.5,0.0003096567775838499,1.0
repeat_1_fold_2,ACVR2A,0.0,0.0,0.0,0.0,0.0,4.68194019601631e-05,0.5
repeat_1_fold_2,ACVR2B,0.0,0.0,0.0,0.0,0.0,0.0,0.0
repeat_1_fold_2,ACVRL1,-0.02098192826123224,0.04196385652246448,0.02098192826123224,-0.04196385652246448,0.0,7.4482634302708295e-06,1.0
repeat_1_fold_2,ADA,0.0,0.0,0.0,0.0,0.0,-0.00034334228104127007,0.5
repeat_1_fold_2,ADAM11,0.1640832100032963,0.20734336766489764,0.10367168383244882,0.06041152617084747,0.5,2.7755575615628914e-17,0.5
repeat_1_fold_2,ADAM12,0.0,0.0,0.0,0.0,0.0,0.0,0.0
repeat_1_fold_2,ADAM15,0.0,0.0,0.0,0.0,0.0,0.0,0.0
repeat_1_fold_2,ADAM17,0.0,0.0,0.0,0.0,0.0,0.00026992455742844146,1.0
repeat_1_fold_2,ADAM19,0.1125072743308344,0.12991221024139663,0.06495610512069831,0.04755116921013609,0.5,-0.00021211330113560245,0.5
repeat_1_fold_2,ADAM2,0.09707748201903499,0.11209542075188181,0.056047710375940904,0.041029771643094085,0.5,-8.158203889829796e-05,0.5
repeat_1_fold_2,ADAM20,0.0,0.0,0.0,0.0,0.0,-0.00025290432058475143,0.5
repeat_1_fold_2,ADAM21,0.05157593567246366,0.10315187134492732,0.05157593567246366,0.0,0.25,8.088432123004585e-05,1.0
repeat_1_fold_2,ADAM22,0.0,0.0,0.0,0.0,0.0,0.00023977042208209176,1.0
repeat_1_fold_2,ADAM23,0.0,0.0,0.0,0.0,0.0,0.0,0.0
repeat_1_fold_2,ADAM30,0.0,0.0,0.0,0.0,0.0,0.0,0.0
repeat_1_fold_2,ADAM8,0.0,0.0,0.0,0.0,0.0,0.0,0.0
repeat_1_fold_2,ADAM9,0.0,0.0,0.0,0.0,0.0,-0.00015500587390676612,0.5
repeat_1_fold_2,ADAMTS1,-0.0998751310233974,0.11601195939691376,0.05800597969845688,-0.1578811107218543,0.0,0.00037527737893228164,0.5
repeat_1_fold_2,ADAMTS12,0.0,0.0,0.0,0.0,0.0,4.6819401960190854e-05,0.5
repeat_1_fold_2,ADAMTS13,0.0,0.0,0.0,0.0,0.0,0.0,0.0
repeat_1_fold_2,ADAMTS2,0.0,0.0,0.0,0.0,0.0,-3.9016168300126663e-05,0.5
repeat_1_fold_2,ADAMTS3,0.0,0.0,0.0,0.0,0.0,0.00033553904738123363,0.5
repeat_1_fold_2,ADAMTS5,0.0,0.0,0.0,0.0,0.0,-8.15820388980204e-06,0.5
repeat_1_fold_2,ADAMTS6,-0.007714896155896156,0.015429792311792312,0.007714896155896156,-0.015429792311792312,0.0,0.00030255737298776064,1.0
repeat_1_fold_2,ADAMTS7,0.0,0.0,0.0,0.0,0.0,0.0,0.0
repeat_1_fold_2,ADAMTS8,0.0,0.0,0.0,0.0,0.0,0.0005774392908421411,0.5
repeat_1_fold_2,ADAMTS9,0.0,0.0,0.0,0.0,0.0,0.0,0.0
repeat_1_fold_2,ADAMTSL2,0.0,0.0,0.0,0.0,0.0,0.00013868946612716204,0.5
repeat_1_fold_2,ADAMTSL3,0.0,0.0,0.0,0.0,0.0,-6.242586928023597e-05,0.5
repeat_1_fold_2,ADAMTSL4,0.0,0.0,0.0,0.0,0.0,-0.0002965228790810792,0.5
repeat_1_fold_2,ADAP1,-0.09765605310620984,0.19531210621241968,0.09765605310620984,-0.19531210621241968,0.0,0.0006037070878475714,0.5
repeat_1_fold_2,ADAR,0.0,0.0,0.0,0.0,0.0,-1.914394682675513e-05,1.0
repeat_1_fold_2,ADARB1,0.0,0.0,0.0,0.0,0.0,0.0001872776078407079,0.5
repeat_1_fold_2,ADAT1,0.0,0.0,0.0,0.0,0.0,0.0,0.0
repeat_1_fold_2,ADCY1,0.0,0.0,0.0,0.0,0.0,6.845425179127784e-05,1.0
repeat_1_fold_2,ADCY10,0.0,0.0,0.0,0.0,0.0,0.000620023495627231,0.5
repeat_1_fold_2,ADCY2,0.0,0.0,0.0,0.0,0.0,0.0,0.0
repeat_1_fold_2,ADCY3,0.0,0.0,0.0,0.0,0.0,-2.3409700980053794e-05,0.5
repeat_1_fold_2,ADCY6,0.0,0.0,0.0,0.0,0.0,-0.000234097009800871,0.5
repeat_1_fold_2,ADCY8,0.1125072743308344,0.12991221024139663,0.06495610512069831,0.04755116921013609,0.5,0.00023587797234553287,1.0
repeat_1_fold_2,ADCY9,0.0562536371654172,0.1125072743308344,0.0562536371654172,0.0,0.25,0.000511837023680628,1.0
repeat_1_fold_2,ADCYAP1,0.0,0.0,0.0,0.0,0.0,0.0,0.0
repeat_1_fold_2,ADCYAP1R1,0.0,0.0,0.0,0.0,0.0,0.0005799301938464174,1.0
repeat_1_fold_2,ADD1,0.0,0.0,0.0,0.0,0.0,7.342383500852367e-05,0.5
repeat_1_fold_2,ADD2,0.0,0.0,0.0,0.0,0.0,3.2632815559374695e-05,0.5
repeat_1_fold_2,ADD3,0.0,0.0,0.0,0.0,0.0,0.0,0.0
repeat_1_fold_2,ADGRE1,0.0,0.0,0.0,0.0,0.0,0.0,0.0
repeat_1_fold_2,ADGRE2,0.0,0.0,0.0,0.0,0.0,5.462263562022729e-05,0.5
repeat_1_fold_2,ADGRE3,0.0,0.0,0.0,0.0,0.0,-2.4474611669461632e-05,0.5
repeat_1_fold_2,ADGRE5,0.0,0.0,0.0,0.0,0.0,0.00014684767001699184,0.5
repeat_1_fold_2,ADGRF5,0.0,0.0,0.0,0.0,0.0,-0.0008792806119745644,1.0
repeat_1_fold_2,ADGRG3,0.0,0.0,0.0,0.0,0.0,-9.363880392035395e-05,0.5
repeat_1_fold_2,ADGRG6,0.0,0.0,0.0,0.0,0.0,-0.00010073209712074815,1.0
repeat_1_fold_2,ADGRV1,0.0,0.0,0.0,0.0,0.0,0.0,0.0
repeat_1_fold_2,ADH1A,0.0,0.0,0.0,0.0,0.0,0.0,0.0
repeat_1_fold_2,ADH1B,0.10782957283788086,0.12474495880750298,0.06237247940375149,0.04545709343412937,0.5,0.00042422660227128817,0.5
repeat_1_fold_2,ADH5,0.0,0.0,0.0,0.0,0.0,0.0,0.0
repeat_1_fold_2,ADH6,0.0,0.0,0.0,0.0,0.0,0.0,0.0
repeat_1_fold_2,ADH7,0.05157593567246366,0.10315187134492732,0.05157593567246366,0.0,0.25,0.0007831875734238547,0.5
repeat_1_fold_2,ADI1,0.0,0.0,0.0,0.0,0.0,0.0007792829008960722,1.0
repeat_1_fold_2,ADIPOQ,0.0,0.0,0.0,0.0,0.0,0.0,0.0
repeat_1_fold_2,ADIPOR1,0.0,0.0,0.0,0.0,0.0,0.0,0.0
repeat_1_fold_2,ADIPOR2,0.0,0.0,0.0,0.0,0.0,7.022910294024465e-05,0.5
repeat_1_fold_2,ADIRF,0.0,0.0,0.0,0.0,0.0,-8.583557026031752e-05,0.5
repeat_1_fold_2,ADK,0.0,0.0,0.0,0.0,0.0,-8.158203889829796e-05,0.5
repeat_1_fold_2,ADM,0.0,0.0,0.0,0.0,0.0,0.0,0.0
repeat_1_fold_2,ADM2,0.0,0.0,0.0,0.0,0.0,-7.803233660036435e-06,0.5
repeat_1_fold_2,ADO,0.0,0.0,0.0,0.0,0.0,0.00024757976713776775,1.0
repeat_1_fold_2,ADORA1,0.0,0.0,0.0,0.0,0.0,5.710742722886408e-05,0.5
repeat_1_fold_2,ADORA2A,0.0,0.0,0.0,0.0,0.0,8.583557026031752e-05,0.5
repeat_1_fold_2,ADORA2B,0.0,0.0,0.0,0.0,0.0,0.0,0.0
repeat_1_fold_2,ADORA3,0.0,0.0,0.0,0.0,0.0,-1.5606467320045114e-05,0.5
repeat_1_fold_2,ADPGK,0.0,0.0,0.0,0.0,0.0,0.0,0.0
repeat_1_fold_2,ADPRM,-0.03647117159047397,0.07294234318094794,0.03647117159047397,-0.07294234318094794,0.0,0.00037527737893228164,0.5
repeat_1_fold_2,ADRA1A,0.0,0.0,0.0,0.0,0.0,-0.00012237305834744694,0.5
repeat_1_fold_2,ADRA1B,0.117687894390885,0.2577612986099927,0.12888064930499635,-0.011192754914111341,0.25,-0.0004976504372797008,0.5
repeat_1_fold_2,ADRA1D,0.0,0.0,0.0,0.0,0.0,0.0,0.0
repeat_1_fold_2,ADRA2B,0.0,0.0,0.0,0.0,0.0,0.0,0.0
repeat_1_fold_2,ADRA2C,0.0,0.0,0.0,0.0,0.0,-0.00020359401562031199,1.0
repeat_1_fold_2,ADRB1,0.0562536371654172,0.1125072743308344,0.0562536371654172,0.0,0.25,1.4541556630692787e-05,1.0
repeat_1_fold_2,ADRB2,0.1125072743308344,0.12991221024139663,0.06495610512069831,0.04755116921013609,0.5,-9.789844667795755e-05,0.5
repeat_1_fold_2,ADRB3,0.0,0.0,0.0,0.0,0.0,0.00021849054248079813,0.5
repeat_1_fold_2,ADRM1,0.0,0.0,0.0,0.0,0.0,-0.00021849054248079813,0.5
repeat_1_fold_2,ADSL,0.0,0.0,0.0,0.0,0.0,2.340970098008155e-05,0.5
repeat_1_fold_2,ADSS2,0.0,0.0,0.0,0.0,0.0,0.0,0.0
repeat_1_fold_2,AFDN,-0.007714896155896156,0.015429792311792312,0.007714896155896156,-0.015429792311792312,0.0,0.0002039550972458004,0.5
repeat_1_fold_2,AFF4,0.0,0.0,0.0,0.0,0.0,-1.6671378009452953e-05,1.0
repeat_1_fold_2,AFG3L2,0.0,0.0,0.0,0.0,0.0,0.0,0.0
repeat_1_fold_2,AFP,0.0,0.0,0.0,0.0,0.0,0.0,0.0
repeat_1_fold_2,AGA,0.0,0.0,0.0,0.0,0.0,0.0,0.0
repeat_1_fold_2,AGBL2,0.0,0.0,0.0,0.0,0.0,0.0,0.0
repeat_1_fold_2,AGBL3,0.0,0.0,0.0,0.0,0.0,0.0,0.0
repeat_1_fold_2,AGBL5,0.0,0.0,0.0,0.0,0.0,-0.00016316407779659592,0.5
repeat_1_fold_2,AGER,0.0,0.0,0.0,0.0,0.0,0.0,0.0
repeat_1_fold_2,AGFG1,0.0,0.0,0.0,0.0,0.0,0.0,0.0
repeat_1_fold_2,AGGF1,0.0,0.0,0.0,0.0,0.0,3.1212934640117984e-05,0.5
repeat_1_fold_2,AGK,0.0,0.0,0.0,0.0,0.0,-8.158203889829796e-05,0.5
repeat_1_fold_2,AGL,0.0,0.0,0.0,0.0,0.0,0.0,0.0
repeat_1_fold_2,AGMAT,0.0,0.0,0.0,0.0,0.0,0.0,0.0
repeat_1_fold_2,AGO1,0.0,0.0,0.0,0.0,0.0,8.158203889857552e-06,0.5
repeat_1_fold_2,AGO2,0.0,0.0,0.0,0.0,0.0,0.0,0.0
repeat_1_fold_2,AGO3,0.10315187134492732,0.11910952137681487,0.059554760688407433,0.04359711065651988,0.5,0.00011421485445767265,0.5
repeat_1_fold_2,AGO4,0.0,0.0,0.0,0.0,0.0,8.974024278818327e-05,0.5
repeat_1_fold_2,AGPAT1,0.0,0.0,0.0,0.0,0.0,-7.022910294024465e-05,0.5
repeat_1_fold_2,AGPAT2,0.0,0.0,0.0,0.0,0.0,0.00029652287908110697,0.5
repeat_1_fold_2,AGPAT3,0.0,0.0,0.0,0.0,0.0,0.0,0.0
repeat_1_fold_2,AGPAT4,0.0,0.0,0.0,0.0,0.0,-0.0005774392908421133,0.5
repeat_1_fold_2,AGPAT5,0.0,0.0,0.0,0.0,0.0,0.0,0.0
repeat_1_fold_2,AGPS,0.0,0.0,0.0,0.0,0.0,0.00013868946612716204,0.5
repeat_1_fold_2,AGRN,0.0,0.0,0.0,0.0,0.0,0.00024474611669497714,0.5
repeat_1_fold_2,AGRP,0.0,0.0,0.0,0.0,0.0,0.0,0.0
repeat_1_fold_2,AGT,0.0,0.0,0.0,0.0,0.0,2.7755575615628914e-17,0.5
repeat_1_fold_2,AGTPBP1,0.0,0.0,0.0,0.0,0.0,8.583557026031752e-05,0.5
repeat_1_fold_2,AGTR1,0.0,0.0,0.0,0.0,0.0,0.0,0.0
repeat_1_fold_2,AGTR2,0.0,0.0,0.0,0.0,0.0,-0.00011846227442399715,1.0
repeat_1_fold_2,AGXT,-0.04196385652246448,0.0484556877189594,0.0242278438594797,-0.06619170038194419,0.0,0.00012485173856044418,0.5
repeat_1_fold_2,AHCTF1,0.0,0.0,0.0,0.0,0.0,-0.0003277358137211972,0.5
repeat_1_fold_2,AHCY,0.0,0.0,0.0,0.0,0.0,0.0,0.0
repeat_1_fold_2,AHCYL1,0.0,0.0,0.0,0.0,0.0,0.0,0.0
repeat_1_fold_2,AHI1,0.0,0.0,0.0,0.0,0.0,0.0,0.0
repeat_1_fold_2,AHR,0.0,0.0,0.0,0.0,0.0,0.0006710780947624673,0.5
repeat_1_fold_2,AHSG,0.0,0.0,0.0,0.0,0.0,0.00017947437418067147,0.5
repeat_1_fold_2,AICDA,0.0,0.0,0.0,0.0,0.0,-2.4474611669461632e-05,0.5
repeat_1_fold_2,AIM2,0.0,0.0,0.0,0.0,0.0,0.00017096120006107607,1.0
repeat_1_fold_2,AIMP1,0.0,0.0,0.0,0.0,0.0,0.0,0.5
repeat_1_fold_2,AIMP2,0.0,0.0,0.0,0.0,0.0,-4.894311194331147e-05,1.0
repeat_1_fold_2,AIP,0.0,0.0,0.0,0.0,0.0,0.0,0.0
repeat_1_fold_2,AK1,-0.03647117159047397,0.07294234318094794,0.03647117159047397,-0.07294234318094794,0.0,0.0005948389434981549,1.0
repeat_1_fold_2,AK2,0.0,0.0,0.0,0.0,0.0,-0.00013265497222048062,0.5
repeat_1_fold_2,AK5,0.0,0.0,0.0,0.0,0.0,0.0,0.0
repeat_1_fold_2,AK6,0.0,0.0,0.0,0.0,0.0,0.0,0.0
repeat_1_fold_2,AKAP1,0.0,0.0,0.0,0.0,0.0,2.340970098008155e-05,0.5
repeat_1_fold_2,AKAP10,-0.02848387160125121,0.05696774320250242,0.02848387160125121,-0.05696774320250242,0.0,-8.12270686685046e-05,1.0
repeat_1_fold_2,AKAP12,0.0,0.0,0.0,0.0,0.0,0.0,0.0
repeat_1_fold_2,AKAP8L,0.0,0.0,0.0,0.0,0.0,-7.803233660028108e-05,0.5
repeat_1_fold_2,AKAP9,-0.19531210621241968,0.22552699419546657,0.11276349709773328,-0.30807560331015293,0.0,0.00016316407779665143,0.5
repeat_1_fold_2,AKR1A1,0.10315187134492732,0.11910952137681487,0.059554760688407433,0.04359711065651988,0.5,0.0007285649378036829,1.0
repeat_1_fold_2,AKR1B1,0.0,0.0,0.0,0.0,0.0,0.0,0.0
repeat_1_fold_2,AKR1B10,0.05157593567246366,0.10315187134492732,0.05157593567246366,0.0,0.25,8.868144349472029e-06,1.0
repeat_1_fold_2,AKR1C1,0.036146143360671346,0.09399785785382149,0.046998928926910745,-0.0108527855662394,0.25,-0.0002149469515783653,1.0
repeat_1_fold_2,AKR1C2,0.0,0.0,0.0,0.0,0.0,0.0,0.0
repeat_1_fold_2,AKR1C3,0.0,0.0,0.0,0.0,0.0,0.00010605665056784286,0.5
repeat_1_fold_2,AKR1C4,0.0,0.0,0.0,0.0,0.0,3.901616830015442e-05,0.5
repeat_1_fold_2,AKR1D1,0.0,0.0,0.0,0.0,0.0,-0.00012237305834744694,0.5
repeat_1_fold_2,AKR7A2,0.0438610395165675,0.10926784379234716,0.05463392189617358,-0.01077288237960608,0.25,-2.7314373507891787e-05,1.0
repeat_1_fold_2,AKR7A3,0.0,0.0,0.0,0.0,0.0,7.803233660036435e-06,0.5
repeat_1_fold_2,AKT1,0.0,0.0,0.0,0.0,0.0,0.0,0.0
repeat_1_fold_2,AKT2,0.10315187134492732,0.11910952137681487,0.059554760688407433,0.04359711065651988,0.5,-0.00043593450845907933,1.0
repeat_1_fold_2,AKT3,0.0,0.0,0.0,0.0,0.0,-1.5606467320045114e-05,0.5
repeat_1_fold_2,ALAD,0.0,0.0,0.0,0.0,0.0,0.0,0.0
repeat_1_fold_2,ALAS1,-0.03647117159047397,0.07294234318094794,0.03647117159047397,-0.07294234318094794,0.0,-0.00024474611669492163,0.5
repeat_1_fold_2,ALAS2,0.0,0.0,0.0,0.0,0.0,0.00013265497222048062,0.5
repeat_1_fold_2,ALB,0.0,0.0,0.0,0.0,0.0,0.0,0.0
repeat_1_fold_2,ALCAM,0.0,0.0,0.0,0.0,0.0,-0.0002121133011355747,0.5
repeat_1_fold_2,ALDH18A1,0.0,0.0,0.0,0.0,0.0,8.158203889857552e-06,0.5
repeat_1_fold_2,ALDH1A2,0.0,0.0,0.0,0.0,0.0,-0.00013265497222048062,0.5
repeat_1_fold_2,ALDH1B1,-0.03647117159047397,0.07294234318094794,0.03647117159047397,-0.07294234318094794,0.0,0.00042352277320731324,1.0
repeat_1_fold_2,ALDH1L1,0.0,0.0,0.0,0.0,0.0,-0.0002887196454210428,0.5
repeat_1_fold_2,ALDH2,-0.02098192826123224,0.04196385652246448,0.02098192826123224,-0.04196385652246448,0.0,7.02291029402724e-05,0.5
repeat_1_fold_2,ALDH3A1,0.0,0.0,0.0,0.0,0.0,-4.8949223338978776e-05,0.5
repeat_1_fold_2,ALDH3A2,0.0,0.0,0.0,0.0,0.0,0.0,0.0
repeat_1_fold_2,ALDH3B1,0.0,0.0,0.0,0.0,0.0,-0.00015606467320058992,0.5
repeat_1_fold_2,ALDH3B2,0.0,0.0,0.0,0.0,0.0,-6.242586928020821e-05,0.5
repeat_1_fold_2,ALDH5A1,0.0,0.0,0.0,0.0,0.0,0.0,0.0
repeat_1_fold_2,ALDH6A1,0.0,0.0,0.0,0.0,0.0,0.0002497034771209439,0.5
repeat_1_fold_2,ALDH7A1,0.0,0.0,0.0,0.0,0.0,0.0,0.0
repeat_1_fold_2,ALDH8A1,0.0,0.0,0.0,0.0,0.0,2.198982006088035e-05,1.0
repeat_1_fold_2,ALDH9A1,-0.11314216312873171,0.08904556106065237,0.044522780530326184,-0.1576649436590579,0.0,0.0019320561067840136,1.0
repeat_1_fold_2,ALDOA,0.0,0.0,0.0,0.0,0.0,-1.5606467320045114e-05,0.5
repeat_1_fold_2,ALDOB,0.0,0.0,0.0,0.0,0.0,0.0,0.0
repeat_1_fold_2,ALDOC,0.0,0.0,0.0,0.0,0.0,6.526563111869388e-05,0.5
repeat_1_fold_2,ALG12,0.0,0.0,0.0,0.0,0.0,-0.0004937335419605837,1.0
repeat_1_fold_2,ALG13,0.0,0.0,0.0,0.0,0.0,-7.803233660028108e-05,0.5
repeat_1_fold_2,ALG3,0.0,0.0,0.0,0.0,0.0,-0.0003589487483613152,0.5
repeat_1_fold_2,ALG5,0.0,0.0,0.0,0.0,0.0,3.901616830015442e-05,0.5
repeat_1_fold_2,ALG6,0.0,0.0,0.0,0.0,0.0,-0.00026530994444096123,0.5
repeat_1_fold_2,ALG8,0.0,0.0,0.0,0.0,0.0,-2.3409700980053794e-05,0.5
repeat_1_fold_2,ALMS1,0.0,0.0,0.0,0.0,0.0,0.0,0.0
repeat_1_fold_2,ALOX12,0.0,0.0,0.0,0.0,0.0,0.00017948048557633878,0.5
repeat_1_fold_2,ALOX12B,0.0,0.0,0.0,0.0,0.0,0.0,0.0
repeat_1_fold_2,ALOX15,0.0,0.0,0.0,0.0,0.0,0.0,0.0
repeat_1_fold_2,ALOX15B,0.0,0.0,0.0,0.0,0.0,0.0,0.0
repeat_1_fold_2,ALOX5,0.0,0.0,0.0,0.0,0.0,0.0,0.0
repeat_1_fold_2,ALOXE3,0.0,0.0,0.0,0.0,0.0,0.0,0.0
repeat_1_fold_2,ALPG,0.0,0.0,0.0,0.0,0.0,0.0,0.0
repeat_1_fold_2,ALPK1,-0.007714896155896156,0.015429792311792312,0.007714896155896156,-0.015429792311792312,0.0,-0.0004976504372797008,0.5
repeat_1_fold_2,ALPL,0.0,0.0,0.0,0.0,0.0,0.00035114551470127875,0.5
repeat_1_fold_2,ALPP,0.0,0.0,0.0,0.0,0.0,-0.00047317582561021143,0.5
repeat_1_fold_2,ALS2CL,0.0,0.0,0.0,0.0,0.0,0.0,0.0
repeat_1_fold_2,ALX3,0.0,0.0,0.0,0.0,0.0,0.0,0.0
repeat_1_fold_2,AMACR,0.0,0.0,0.0,0.0,0.0,-0.0005143218152891538,1.0
repeat_1_fold_2,AMBN,0.0,0.0,0.0,0.0,0.0,0.0,0.0
repeat_1_fold_2,AMBP,0.09707748201903499,0.11209542075188181,0.056047710375940904,0.041029771643094085,0.5,0.00016316407779665143,0.5
repeat_1_fold_2,AMD1,0.0,0.0,0.0,0.0,0.0,-0.00010144203758036263,0.5
repeat_1_fold_2,AMDHD2,0.0,0.0,0.0,0.0,0.0,0.0,0.0
repeat_1_fold_2,AMELX,-0.04608011743374618,0.2494360310043014,0.1247180155021507,-0.17079813293589688,0.25,-0.00014684767001696408,0.5
repeat_1_fold_2,AMFR,0.0,0.0,0.0,0.0,0.0,0.0,0.0
repeat_1_fold_2,AMH,0.0,0.0,0.0,0.0,0.0,5.462263562019953e-05,0.5
repeat_1_fold_2,AMHR2,0.0,0.0,0.0,0.0,0.0,-0.00014045820588051705,0.5
repeat_1_fold_2,AMIGO2,0.0,0.0,0.0,0.0,0.0,-0.0001489652686044729,1.0
repeat_1_fold_2,AMOTL2,0.0,0.0,0.0,0.0,0.0,-0.0002479408487631729,1.0
repeat_1_fold_2,AMPD1,0.1125072743308344,0.12991221024139663,0.06495610512069831,0.04755116921013609,0.5,0.0003809507912135024,1.0
repeat_1_fold_2,AMPD2,0.0,0.0,0.0,0.0,0.0,0.0,0.0
repeat_1_fold_2,AMPD3,0.0,0.0,0.0,0.0,0.0,0.0,0.0
repeat_1_fold_2,AMPH,0.0,0.0,0.0,0.0,0.0,0.0,0.0
repeat_1_fold_2,AMT,0.0,0.0,0.0,0.0,0.0,0.00014045820588051705,0.5
repeat_1_fold_2,ANAPC1,0.0,0.0,0.0,0.0,0.0,3.1212934640117984e-05,0.5
repeat_1_fold_2,ANAPC10,0.0,0.0,0.0,0.0,0.0,-0.00010924527124039907,0.5
repeat_1_fold_2,ANAPC13,0.0,0.0,0.0,0.0,0.0,8.158203889857552e-06,0.5
repeat_1_fold_2,ANAPC15,0.0,0.0,0.0,0.0,0.0,-3.2632815559319184e-05,0.5
repeat_1_fold_2,ANAPC2,0.0,0.0,0.0,0.0,0.0,-7.803233660036435e-06,0.5
repeat_1_fold_2,ANG,0.0,0.0,0.0,0.0,0.0,0.0,0.0
repeat_1_fold_2,ANGPT1,0.0,0.0,0.0,0.0,0.0,-4.68194019601631e-05,0.5
repeat_1_fold_2,ANGPT2,0.0,0.0,0.0,0.0,0.0,-0.0001170485049004355,0.5
repeat_1_fold_2,ANGPT4,0.0,0.0,0.0,0.0,0.0,0.0,0.0
repeat_1_fold_2,ANGPTL3,0.0,0.0,0.0,0.0,0.0,0.0,0.0
repeat_1_fold_2,ANGPTL4,0.0,0.0,0.0,0.0,0.0,0.00012485173856047194,0.5
repeat_1_fold_2,ANGPTL8,0.0,0.0,0.0,0.0,0.0,0.0,0.0
repeat_1_fold_2,ANK1,0.0,0.0,0.0,0.0,0.0,0.0,0.0
repeat_1_fold_2,ANK2,0.0,0.0,0.0,0.0,0.0,-2.4474611669489388e-05,0.5
repeat_1_fold_2,ANK3,0.0,0.0,0.0,0.0,0.0,0.0,0.0
repeat_1_fold_2,APEH,0.0,0.0,0.0,0.0,0.0,0.0,0.0
repeat_1_fold_2,APOF,-0.007714896155896156,0.015429792311792312,0.007714896155896156,-0.015429792311792312,0.0,7.732850753636167e-05,1.0
repeat_1_fold_2,AQP5,0.0,0.0,0.0,0.0,0.0,-3.1212934640117984e-05,0.5
repeat_1_fold_2,ARAP1,0.0,0.0,0.0,0.0,0.0,0.0,0.0
repeat_1_fold_2,ARCN1,0.0,0.0,0.0,0.0,0.0,3.1212934640117984e-05,0.5
repeat_1_fold_2,ARF6,0.0,0.0,0.0,0.0,0.0,0.0,0.0
repeat_1_fold_2,ARFGEF2,0.0,0.0,0.0,0.0,0.0,3.121293464014574e-05,0.5
repeat_1_fold_2,ARHGAP35,0.0,0.0,0.0,0.0,0.0,0.0001872776078407079,0.5
repeat_1_fold_2,ARHGAP8,0.0,0.0,0.0,0.0,0.0,8.832036186895431e-05,1.0
repeat_1_fold_2,ARHGEF18,0.0,0.0,0.0,0.0,0.0,-2.340970098008155e-05,0.5
repeat_1_fold_2,ARHGEF2,0.05157593567246366,0.10315187134492732,0.05157593567246366,0.0,0.25,0.0006001573855495268,1.0
repeat_1_fold_2,ARHGEF6,-0.015429792311792312,0.01781678948950662,0.00890839474475331,-0.02433818705654562,0.0,-0.00016316407779662367,0.5
repeat_1_fold_2,ARSJ,0.0,0.0,0.0,0.0,0.0,0.0,0.0
repeat_1_fold_2,ASAH1,0.0,0.0,0.0,0.0,0.0,0.0,0.0
repeat_1_fold_2,ASF1A,0.0,0.0,0.0,0.0,0.0,2.3409700980109305e-05,0.5
repeat_1_fold_2,ASNS,0.0,0.0,0.0,0.0,0.0,0.0002543119787127568,1.0
repeat_1_fold_2,ASS1,0.0,0.0,0.0,0.0,0.0,-0.0030348518470173225,0.5
repeat_1_fold_2,ATG4A,0.0,0.0,0.0,0.0,0.0,9.789844667801306e-05,0.5
repeat_1_fold_2,ATP1B4,-0.20302700236831583,0.2347736581931816,0.1173868290965908,-0.32041383146490665,0.0,0.0003263281555932751,0.5
repeat_1_fold_2,ATP2B4,0.0,0.0,0.0,0.0,0.0,0.0004916037205818236,0.5
repeat_1_fold_2,ATP5F1C,-0.02098192826123224,0.04196385652246448,0.02098192826123224,-0.04196385652246448,0.0,6.242586928023597e-05,0.5
repeat_1_fold_2,ATP6V1D,0.0,0.0,0.0,0.0,0.0,0.0,0.0
repeat_1_fold_2,AURKB,-0.007714896155896156,0.015429792311792312,0.007714896155896156,-0.015429792311792312,0.0,0.0002270159393917559,1.0
repeat_1_fold_2,B3GALNT1,0.0,0.0,0.0,0.0,0.0,0.0,0.0
repeat_1_fold_2,B3GALT4,0.0,0.0,0.0,0.0,0.0,0.00010924527124039907,0.5
repeat_1_fold_2,B4GALT1,0.0,0.0,0.0,0.0,0.0,0.0,0.0
repeat_1_fold_2,B4GAT1,0.05157593567246366,0.10315187134492732,0.05157593567246366,0.0,0.25,-0.0002500645587463213,1.0
repeat_1_fold_2,BAG1,-0.03647117159047397,0.07294234318094794,0.03647117159047397,-0.07294234318094794,0.0,0.00013868946612716204,0.5
repeat_1_fold_2,BCAP31,0.0,0.0,0.0,0.0,0.0,0.000234097009800871,0.5
repeat_1_fold_2,BCAT2,0.0,0.0,0.0,0.0,0.0,1.560646732007287e-05,0.5
repeat_1_fold_2,BDH2,0.0,0.0,0.0,0.0,0.0,0.00010286191849961934,1.0
repeat_1_fold_2,BGN,0.0,0.0,0.0,0.0,0.0,0.0005093400092807399,1.0
repeat_1_fold_2,BHMT2,0.0,0.0,0.0,0.0,0.0,0.0,0.0
repeat_1_fold_2,BID,0.0,0.0,0.0,0.0,0.0,0.0,0.0
repeat_1_fold_2,BLNK,0.14096723410049172,0.28193446820098345,0.14096723410049172,0.0,0.25,0.000783163127841352,1.0
repeat_1_fold_2,BMAL2,0.0,0.0,0.0,0.0,0.0,0.0,0.0
repeat_1_fold_2,BMPR2,0.1047923781749347,0.121657890654908,0.060828945327454,0.0439634328474807,0.5,0.00022523497684706628,1.0
repeat_1_fold_2,BOLA2,-0.015429792311792312,0.01781678948950662,0.00890839474475331,-0.02433818705654562,0.0,-0.0002936953400339004,0.5
repeat_1_fold_2,BRCA1,0.0,0.0,0.0,0.0,0.0,0.0008037452897742547,1.0
repeat_1_fold_2,BSG,0.09707748201903499,0.11209542075188181,0.056047710375940904,0.041029771643094085,0.5,8.158203889832571e-05,0.5
repeat_1_fold_2,BTBD1,0.0,0.0,0.0,0.0,0.0,0.0,0.0
repeat_1_fold_2,BTRC,0.05157593567246366,0.10315187134492732,0.05157593567246366,0.0,0.25,-0.00032632815559324735,0.5
repeat_1_fold_2,BUB1,0.17444630055330457,0.36975194037834547,0.18487597018917273,-0.010429669635868166,0.25,8.406071911132296e-05,1.0
repeat_1_fold_2,BYSL,-0.09765605310620984,0.19531210621241968,0.09765605310620984,-0.19531210621241968,0.0,-6.526563111863837e-05,0.5
repeat_1_fold_2,C4A,0.0941473487556479,0.10970193636601122,0.05485096818300561,0.03929638057264229,0.5,0.0010935542914672913,1.0
repeat_1_fold_2,C8B,0.0,0.0,0.0,0.0,0.0,0.0,0.0
repeat_1_fold_2,C9orf78,0.0,0.0,0.0,0.0,0.0,0.0,0.0
repeat_1_fold_2,CA6,0.0,0.0,0.0,0.0,0.0,-9.789844667795755e-05,0.5
repeat_1_fold_2,CACNB4,0.0,0.0,0.0,0.0,0.0,3.263281555934694e-05,0.5
repeat_1_fold_2,CALCA,0.0,0.0,0.0,0.0,0.0,0.0,0.0
repeat_1_fold_2,CBFB,0.0,0.0,0.0,0.0,0.0,9.36388039203262e-05,0.5
repeat_1_fold_2,CCK,0.0,0.0,0.0,0.0,0.0,0.0,0.0
repeat_1_fold_2,CCL21,0.0,0.0,0.0,0.0,0.0,0.0,0.0
repeat_1_fold_2,CCL3,0.0,0.0,0.0,0.0,0.0,2.766934373774066e-05,1.0
repeat_1_fold_2,CCND3,0.05157593567246366,0.10315187134492732,0.05157593567246366,0.0,0.25,0.0002121133011356302,1.0
repeat_1_fold_2,CCNG2,0.21565914567575817,0.2490217316182074,0.1245108658091037,0.09114827986665447,0.5,0.0008346032541845794,1.0
repeat_1_fold_2,CCT4,0.05157593567246366,0.10315187134492732,0.05157593567246366,0.0,0.25,0.0009583839706600039,1.0
repeat_1_fold_2,CCZ1,0.0,0.0,0.0,0.0,0.0,0.0,0.5
repeat_1_fold_2,CD1A,-0.02098192826123224,0.04196385652246448,0.02098192826123224,-0.04196385652246448,0.0,-0.0002096285095269379,1.0
repeat_1_fold_2,CD209,-0.2317832778028972,0.2741867504297491,0.13709337521487455,-0.3688766530177717,0.0,0.0008310657746778138,1.0
repeat_1_fold_2,CD320,0.0562536371654172,0.1125072743308344,0.0562536371654172,0.0,0.25,3.085796441032462e-05,1.0
repeat_1_fold_2,CD38,-0.03647117159047397,0.07294234318094794,0.03647117159047397,-0.07294234318094794,0.0,9.789844667801306e-05,0.5
repeat_1_fold_2,CD58,0.1125072743308344,0.12991221024139663,0.06495610512069831,0.04755116921013609,0.5,0.0002855371361441539,0.5
repeat_1_fold_2,CD8A,0.0,0.0,0.0,0.0,0.0,0.0003589609711525943,0.5
repeat_1_fold_2,CDC14A,0.05157593567246366,0.10315187134492732,0.05157593567246366,0.0,0.25,0.0002592876733256144,1.0
repeat_1_fold_2,CDC6,-0.02098192826123224,0.04196385652246448,0.02098192826123224,-0.04196385652246448,0.0,0.00023019539297086666,0.5
repeat_1_fold_2,CDH13,0.0,0.0,0.0,0.0,0.0,-3.2632815559319184e-05,0.5
repeat_1_fold_2,CDK8,0.0,0.0,0.0,0.0,0.0,0.0002724093490370505,1.0
repeat_1_fold_2,CDKN1B,0.11918191976307924,0.1740558715951159,0.08702793579755795,0.032153983965521285,0.5,5.710742722886408e-05,1.0
repeat_1_fold_2,CDON,0.0,0.0,0.0,0.0,0.0,0.0,0.0
repeat_1_fold_2,CDT1,0.0,0.0,0.0,0.0,0.0,-0.00010144203758036263,0.5
repeat_1_fold_2,CEACAM1,0.0,0.0,0.0,0.0,0.0,0.0,0.0
repeat_1_fold_2,CEBPD,-0.19531210621241968,0.22552699419546657,0.11276349709773328,-0.30807560331015293,0.0,0.0003181699517034453,0.5
repeat_1_fold_2,CEBPG,0.0,0.0,0.0,0.0,0.0,-0.00028695701706324406,1.0
repeat_1_fold_2,CEP290,0.0,0.0,0.0,0.0,0.0,0.0,0.0
repeat_1_fold_2,CERS4,0.10315187134492732,0.11910952137681487,0.059554760688407433,0.04359711065651988,0.5,-0.0004994252884287509,1.0
repeat_1_fold_2,CES2,0.0,0.0,0.0,0.0,0.0,0.0,0.0
repeat_1_fold_2,CES3,0.06668069975444979,0.09734206650848809,0.048671033254244045,0.018009666500205745,0.5,-0.0003752773789322261,0.5
repeat_1_fold_2,CHD4,0.0,0.0,0.0,0.0,0.0,5.462263562019953e-05,0.5
repeat_1_fold_2,CHKB,0.0,0.0,0.0,0.0,0.0,4.008107898956226e-05,1.0
repeat_1_fold_2,CHRNB2,-0.12977455143354,0.16439689490679119,0.08219844745339559,-0.2119729988869356,0.0,0.0006771309228560674,0.5
repeat_1_fold_2,CHRNB4,0.0,0.0,0.0,0.0,0.0,-2.4474611669461632e-05,0.5
repeat_1_fold_2,CHST2,0.0,0.0,0.0,0.0,0.0,0.00039016168300143317,0.5
repeat_1_fold_2,CHST5,0.1125072743308344,0.12991221024139663,0.06495610512069831,0.04755116921013609,0.5,-7.980718774924789e-05,1.0
repeat_1_fold_2,CHST8,0.0,0.0,0.0,0.0,0.0,1.5251497090307264e-05,1.0
repeat_1_fold_2,CKAP5,-0.009004522589279418,0.018009045178558836,0.009004522589279418,-0.018009045178558836,0.0,0.0003695978552554491,1.0
repeat_1_fold_2,CKM,0.0,0.0,0.0,0.0,0.0,0.0,0.0
repeat_1_fold_2,CLCN6,0.12658544043443243,0.09968799349324586,0.04984399674662293,0.0767414436878095,0.75,0.0005004779763269351,1.0
repeat_1_fold_2,CLPS,-0.105370949262106,0.210741898524212,0.105370949262106,-0.210741898524212,0.0,-0.00030185354392375796,0.5
repeat_1_fold_2,CLPX,0.0,0.0,0.0,0.0,0.0,0.0,0.0
repeat_1_fold_2,CLUAP1,0.0,0.0,0.0,0.0,0.0,0.0,0.0
repeat_1_fold_2,CMA1,0.0,0.0,0.0,0.0,0.0,0.0,0.0
repeat_1_fold_2,CNOT2,-0.02098192826123224,0.04196385652246448,0.02098192826123224,-0.04196385652246448,0.0,0.00010144203758039039,0.5
repeat_1_fold_2,CNOT4,0.0,0.0,0.0,0.0,0.0,0.0,0.0
repeat_1_fold_2,CNOT9,0.0,0.0,0.0,0.0,0.0,0.0,0.0
repeat_1_fold_2,CNTN5,0.0,0.0,0.0,0.0,0.0,0.0002936953400339837,0.5
repeat_1_fold_2,CNTN6,0.0,0.0,0.0,0.0,0.0,0.0,0.0
repeat_1_fold_2,CNTNAP1,0.0,0.0,0.0,0.0,0.0,0.0,0.0
repeat_1_fold_2,CNTRL,0.0,0.0,0.0,0.0,0.0,0.000234097009800871,0.5
repeat_1_fold_2,COG7,0.12578693025279186,0.2761084736667287,0.13805423683336435,-0.012267306580572485,0.25,8.158203889832571e-05,0.5
repeat_1_fold_2,COL4A4,0.03488722965692759,0.041002123126322794,0.020501061563161397,0.01438616809376619,0.5,-0.000492680854062455,1.0
repeat_1_fold_2,COL4A5,0.0,0.0,0.0,0.0,0.0,-5.817233791821641e-05,1.0
repeat_1_fold_2,COL6A1,0.0,0.0,0.0,0.0,0.0,8.583557026031752e-05,0.5
repeat_1_fold_2,COL7A1,0.0,0.0,0.0,0.0,0.0,0.0,0.0
repeat_1_fold_2,COL8A2,0.0,0.0,0.0,0.0,0.0,0.00029652287908110697,0.5
repeat_1_fold_2,COMMD3,0.0,0.0,0.0,0.0,0.0,0.0,0.0
repeat_1_fold_2,COMT,0.10782957283788086,0.12474495880750298,0.06237247940375149,0.04545709343412937,0.5,0.000962668059000138,0.5
repeat_1_fold_2,COPZ1,0.0,0.0,0.0,0.0,0.0,0.0,0.0
repeat_1_fold_2,COQ6,0.0,0.0,0.0,0.0,0.0,0.0,0.0
repeat_1_fold_2,CORT,0.0,0.0,0.0,0.0,0.0,0.0004845104273814016,1.0
repeat_1_fold_2,COX17,-0.006401864988232475,0.17905316217793546,0.08952658108896773,-0.0959284460772002,0.25,-0.00014684767001693633,0.5
repeat_1_fold_2,COX5B,0.0,0.0,0.0,0.0,0.0,-0.00014826143954052573,0.5
repeat_1_fold_2,COX6A1,0.0,0.0,0.0,0.0,0.0,0.00032632815559330286,0.5
repeat_1_fold_2,CPSF6,0.0,0.0,0.0,0.0,0.0,0.0,0.0
repeat_1_fold_2,CRAT,0.0,0.0,0.0,0.0,0.0,0.0,0.0
repeat_1_fold_2,CREB3L2,0.0,0.0,0.0,0.0,0.0,-8.15820388980204e-06,0.5
repeat_1_fold_2,CRK,0.0,0.0,0.0,0.0,0.0,0.00041924479626276323,1.0
repeat_1_fold_2,CRMP1,0.0,0.0,0.0,0.0,0.0,0.0,0.0
repeat_1_fold_2,CROT,0.0,0.0,0.0,0.0,0.0,-0.00014045820588051705,0.5
repeat_1_fold_2,CRYM,-0.057405827790798725,0.06677388118151162,0.03338694059075581,-0.09079276838155453,0.0,-0.00014684767001693633,0.5
repeat_1_fold_2,CSTF3,0.0,0.0,0.0,0.0,0.0,-3.9016168300126663e-05,0.5
repeat_1_fold_2,CTDSP2,-0.041342055802225275,0.08268411160445055,0.041342055802225275,-0.08268411160445055,0.0,0.0003018535439237857,0.5
repeat_1_fold_2,CTNNA2,0.0,0.0,0.0,0.0,0.0,-1.6316407779631836e-05,0.5
repeat_1_fold_2,CTNNBL1,0.0,0.0,0.0,0.0,0.0,-2.340970098008155e-05,0.5
repeat_1_fold_2,CTSF,0.05157593567246366,0.10315187134492732,0.05157593567246366,0.0,0.25,0.0002160118622678564,1.0
repeat_1_fold_2,CXADR,0.0,0.0,0.0,0.0,0.0,-0.0006448530775264583,1.0
repeat_1_fold_2,CXCL3,0.10315187134492732,0.11910952137681487,0.059554760688407433,0.04359711065651988,0.5,-0.0005384414567288776,0.5
repeat_1_fold_2,CXCR3,0.0,0.0,0.0,0.0,0.0,-0.00016316407779659592,0.5
repeat_1_fold_2,CYB5A,0.0,0.0,0.0,0.0,0.0,0.0008349460016230659,0.5
repeat_1_fold_2,CYB5R1,0.0,0.0,0.0,0.0,0.0,0.0,0.0
repeat_1_fold_2,CYP17A1,0.0,0.0,0.0,0.0,0.0,0.00013265497222048062,0.5
repeat_1_fold_2,CYP1B1,0.0,0.0,0.0,0.0,0.0,0.0,0.0
repeat_1_fold_2,CYP24A1,0.0,0.0,0.0,0.0,0.0,0.0,0.0
repeat_1_fold_2,CYP27B1,0.0,0.0,0.0,0.0,0.0,0.0,0.0
repeat_1_fold_2,CYP2R1,0.0,0.0,0.0,0.0,0.0,0.00043273366499529953,1.0
repeat_1_fold_2,CYP2W1,0.0,0.0,0.0,0.0,0.0,2.7755575615628914e-17,0.5
repeat_1_fold_2,CYP4F3,0.0,0.0,0.0,0.0,0.0,0.0,0.0
repeat_1_fold_2,CYP51A1,0.0,0.0,0.0,0.0,0.0,0.00016316407779665143,0.5
repeat_1_fold_2,DARS1,0.0,0.0,0.0,0.0,0.0,0.0,0.0
repeat_1_fold_2,DBF4,0.0,0.0,0.0,0.0,0.0,0.0,0.0
repeat_1_fold_2,DBP,0.0,0.0,0.0,0.0,0.0,0.00010428179941882054,1.0
repeat_1_fold_2,DBT,0.0,0.0,0.0,0.0,0.0,6.242586928023597e-05,1.0
repeat_1_fold_2,DCAF1,0.0562536371654172,0.1125072743308344,0.0562536371654172,0.0,0.25,1.6316407779687347e-05,0.5
repeat_1_fold_2,DCAF10,0.0,0.0,0.0,0.0,0.0,7.803233660036435e-06,0.5
repeat_1_fold_2,DCAF17,0.0,0.0,0.0,0.0,0.0,0.0,0.0
repeat_1_fold_2,DCAF6,0.0,0.0,0.0,0.0,0.0,0.00012485173856047194,0.5
repeat_1_fold_2,DCT,0.0,0.0,0.0,0.0,0.0,-0.00017947437418064371,0.5
repeat_1_fold_2,DCTN5,0.0,0.0,0.0,0.0,0.0,0.0001376245554377542,1.0
repeat_1_fold_2,DDX17,0.0,0.0,0.0,0.0,0.0,0.00027737893225429633,0.5
repeat_1_fold_2,DENND1A,0.0,0.0,0.0,0.0,0.0,0.0,0.0
repeat_1_fold_2,DENND2B,0.0,0.0,0.0,0.0,0.0,2.7755575615628914e-17,0.5
repeat_1_fold_2,DGKH,0.0,0.0,0.0,0.0,0.0,2.340970098008155e-05,0.5
repeat_1_fold_2,DHODH,0.0,0.0,0.0,0.0,0.0,0.0,0.0
repeat_1_fold_2,DIAPH2,0.0,0.0,0.0,0.0,0.0,0.00017948048557631102,0.5
repeat_1_fold_2,DKC1,0.0,0.0,0.0,0.0,0.0,0.0,0.0
repeat_1_fold_2,DLC1,0.05157593567246366,0.10315187134492732,0.05157593567246366,0.0,0.25,-0.0005987436160259096,1.0
repeat_1_fold_2,DLGAP5,0.0,0.0,0.0,0.0,0.0,0.0001596021527073832,1.0
repeat_1_fold_2,DLX5,0.0,0.0,0.0,0.0,0.0,0.0,0.0
repeat_1_fold_2,DMP1,0.05157593567246366,0.10315187134492732,0.05157593567246366,0.0,0.25,6.526563111869388e-05,0.5
repeat_1_fold_2,DMRT1,0.0,0.0,0.0,0.0,0.0,-7.803233660025333e-05,0.5
repeat_1_fold_2,DNAJC10,0.0,0.0,0.0,0.0,0.0,-0.00012237305834744694,0.5
repeat_1_fold_2,DNAJC7,0.019782465574941455,0.03956493114988291,0.019782465574941455,0.0,0.25,0.0002121133011356302,0.5
repeat_1_fold_2,DNMBP,-0.09765605310620984,0.19531210621241968,0.09765605310620984,-0.19531210621241968,0.0,0.0002798637238629331,1.0
repeat_1_fold_2,DNMT1,0.0,0.0,0.0,0.0,0.0,0.0,0.0
repeat_1_fold_2,DOCK10,0.0,0.0,0.0,0.0,0.0,0.0,0.0
repeat_1_fold_2,DOCK6,0.0,0.0,0.0,0.0,0.0,0.00047599725326177844,0.5
repeat_1_fold_2,DPP4,-0.04196385652246448,0.0484556877189594,0.0242278438594797,-0.06619170038194419,0.0,-4.68194019601631e-05,0.5
repeat_1_fold_2,DRG2,0.0,0.0,0.0,0.0,0.0,0.0,0.0
repeat_1_fold_2,DSC2,0.0,0.0,0.0,0.0,0.0,0.00018798754830035014,1.0
repeat_1_fold_2,DSCC1,0.0,0.0,0.0,0.0,0.0,-5.710742722880857e-05,0.5
repeat_1_fold_2,DSG2,0.0,0.0,0.0,0.0,0.0,-0.00012237305834744694,0.5
repeat_1_fold_2,DTL,0.0,0.0,0.0,0.0,0.0,0.0007594106794227007,1.0
repeat_1_fold_2,DTYMK,0.0562536371654172,0.1125072743308344,0.0562536371654172,0.0,0.25,-7.342383500846816e-05,0.5
repeat_1_fold_2,DUSP1,0.0562536371654172,0.1125072743308344,0.0562536371654172,0.0,0.25,0.00023267712888169756,1.0
repeat_1_fold_2,DUSP7,0.0,0.0,0.0,0.0,0.0,0.0,0.0
repeat_1_fold_2,DYNC1I1,0.0,0.0,0.0,0.0,0.0,5.462263562019953e-05,0.5
repeat_1_fold_2,DYNC1LI1,0.0,0.0,0.0,0.0,0.0,0.0,0.0
repeat_1_fold_2,DYNLRB1,0.0438610395165675,0.10926784379234716,0.05463392189617358,-0.01077288237960608,0.25,0.00038343558282211143,0.5
repeat_1_fold_2,ECH1,0.0,0.0,0.0,0.0,0.0,8.158203889857552e-06,0.5
repeat_1_fold_2,EFEMP2,0.0,0.0,0.0,0.0,0.0,0.0,0.0
repeat_1_fold_2,EGLN1,0.1125072743308344,0.12991221024139663,0.06495610512069831,0.04755116921013609,0.5,2.093102076713982e-05,1.0
repeat_1_fold_2,EGR1,0.0,0.0,0.0,0.0,0.0,-0.00020288407516075302,0.5
repeat_1_fold_2,EGR4,0.0,0.0,0.0,0.0,0.0,0.0,0.0
repeat_1_fold_2,EIF2S2,0.0,0.0,0.0,0.0,0.0,0.0,0.0
repeat_1_fold_2,EIF3F,0.0,0.0,0.0,0.0,0.0,0.00017167114052063503,0.5
repeat_1_fold_2,EIF3G,0.015104764081989686,0.14483434257898484,0.07241717128949242,-0.05731240720750273,0.25,-0.00020395509724577265,0.5
repeat_1_fold_2,EIF4EBP1,0.0,0.0,0.0,0.0,0.0,0.0,0.0
repeat_1_fold_2,EIF5A2,0.0,0.0,0.0,0.0,0.0,0.0,0.0
repeat_1_fold_2,ELAVL1,0.0,0.0,0.0,0.0,0.0,0.00012237305834750245,0.5
repeat_1_fold_2,ELL,0.0,0.0,0.0,0.0,0.0,0.0,0.0
repeat_1_fold_2,ELOVL2,0.0,0.0,0.0,0.0,0.0,-0.00023658791280509184,0.5
repeat_1_fold_2,EMC3,0.0,0.0,0.0,0.0,0.0,0.0,0.0
repeat_1_fold_2,ENPP1,0.0,0.0,0.0,0.0,0.0,-7.02291029402724e-05,0.5
repeat_1_fold_2,EPO,0.0,0.0,0.0,0.0,0.0,3.263281555934694e-05,0.5
repeat_1_fold_2,EPX,0.0,0.0,0.0,0.0,0.0,8.158203889857552e-06,0.5
repeat_1_fold_2,ERBIN,0.0,0.0,0.0,0.0,0.0,-0.00031001174781356,0.5
repeat_1_fold_2,ERCC1,0.0,0.0,0.0,0.0,0.0,-0.000265309944440989,0.5
repeat_1_fold_2,ERCC5,0.0,0.0,0.0,0.0,0.0,0.0,0.5
repeat_1_fold_2,ERCC8,0.0562536371654172,0.1125072743308344,0.0562536371654172,0.0,0.25,0.00017948048557633878,0.5
repeat_1_fold_2,ESR1,0.0,0.0,0.0,0.0,0.0,0.0,0.0
repeat_1_fold_2,ESRP1,0.0,0.0,0.0,0.0,0.0,8.158203889835347e-05,0.5
repeat_1_fold_2,ETNK1,0.0,0.0,0.0,0.0,0.0,0.0,0.0
repeat_1_fold_2,ETV4,-0.015429792311792312,0.01781678948950662,0.00890839474475331,-0.02433818705654562,0.0,7.342383500849592e-05,0.5
repeat_1_fold_2,EXOSC4,0.0,0.0,0.0,0.0,0.0,0.0006164554591422677,0.5
repeat_1_fold_2,EYA1,0.0,0.0,0.0,0.0,0.0,0.00013230611338638232,1.0
repeat_1_fold_2,F11R,-0.02098192826123224,0.04196385652246448,0.02098192826123224,-0.04196385652246448,0.0,0.0007711185856105751,1.0
repeat_1_fold_2,F2RL2,0.0,0.0,0.0,0.0,0.0,0.0,0.0
repeat_1_fold_2,F2RL3,0.0,0.0,0.0,0.0,0.0,0.0,0.0
repeat_1_fold_2,F3,0.0,0.0,0.0,0.0,0.0,0.0,0.0
repeat_1_fold_2,FADS1,0.0,0.0,0.0,0.0,0.0,-8.158203889829796e-06,0.5
repeat_1_fold_2,FAM169A,0.0,0.0,0.0,0.0,0.0,0.0,0.0
repeat_1_fold_2,FAM32A,0.0,0.0,0.0,0.0,0.0,4.68194019601631e-05,0.5
repeat_1_fold_2,FAN1,0.10315187134492732,0.11910952137681487,0.059554760688407433,0.04359711065651988,0.5,-4.0791019449121224e-05,0.5
repeat_1_fold_2,FBN1,-0.15448826135880012,0.20065082867622067,0.10032541433811033,-0.25481367569691044,0.0,-0.00045685941783055184,0.5
repeat_1_fold_2,FCN3,0.1640832100032963,0.20734336766489764,0.10367168383244882,0.06041152617084747,0.5,9.61297069246303e-05,1.0
repeat_1_fold_2,FGG,0.0,0.0,0.0,0.0,0.0,0.0,0.0
repeat_1_fold_2,FIP1L1,0.0,0.0,0.0,0.0,0.0,5.710742722883633e-05,0.5
repeat_1_fold_2,FKBP1A,0.0,0.0,0.0,0.0,0.0,0.00010924527124039907,0.5
repeat_1_fold_2,FKBP4,0.10828537954634498,0.5771762915207924,0.2885881457603962,-0.18030276621405122,0.5,0.0011744325013016421,1.0
repeat_1_fold_2,FKBPL,-0.015429792311792312,0.01781678948950662,0.00890839474475331,-0.02433818705654562,0.0,0.00030078863323440563,1.0
repeat_1_fold_2,FKRP,0.0,0.0,0.0,0.0,0.0,0.0,0.0
repeat_1_fold_2,FLG,0.1125072743308344,0.12991221024139663,0.06495610512069831,0.04755116921013609,0.5,-0.00023942767464349424,1.0
repeat_1_fold_2,FLRT3,0.0,0.0,0.0,0.0,0.0,0.0,0.0
repeat_1_fold_2,FN3K,0.0,0.0,0.0,0.0,0.0,0.0,0.0
repeat_1_fold_2,FOSB,0.0,0.0,0.0,0.0,0.0,0.0,0.0
repeat_1_fold_2,FOXO1,0.11800309256954478,0.20975585577060363,0.10487792788530181,0.013125164684242963,0.5,0.00035080276726279225,0.5
repeat_1_fold_2,FOXO4,0.0,0.0,0.0,0.0,0.0,0.0,0.0
repeat_1_fold_2,FTSJ3,0.0,0.0,0.0,0.0,0.0,-1.6316407779631836e-05,0.5
repeat_1_fold_2,FUT6,0.0,0.0,0.0,0.0,0.0,0.0,0.0
repeat_1_fold_2,FUT7,0.0,0.0,0.0,0.0,0.0,0.0,0.0
repeat_1_fold_2,FXR1,0.0,0.0,0.0,0.0,0.0,0.0,0.0
repeat_1_fold_2,FXYD2,0.0,0.0,0.0,0.0,0.0,0.00029652287908110697,0.5
repeat_1_fold_2,FZD10,0.0,0.0,0.0,0.0,0.0,0.0,0.0
repeat_1_fold_2,GABBR2,0.0,0.0,0.0,0.0,0.0,0.0,0.0
repeat_1_fold_2,GADD45GIP1,0.0,0.0,0.0,0.0,0.0,0.00021849054248079813,0.5
repeat_1_fold_2,GALNT12,0.0,0.0,0.0,0.0,0.0,0.0,0.0
repeat_1_fold_2,GALNT7,0.0,0.0,0.0,0.0,0.0,0.0,0.0
repeat_1_fold_2,GCFC2,0.0,0.0,0.0,0.0,0.0,5.710742722883633e-05,0.5
repeat_1_fold_2,GCK,-0.04196385652246448,0.0484556877189594,0.0242278438594797,-0.06619170038194419,0.0,1.560646732007287e-05,0.5
repeat_1_fold_2,GCLC,-0.07294234318094794,0.08422656294168472,0.04211328147084236,-0.11505562465179031,0.0,-0.00044550648187249853,1.0
repeat_1_fold_2,GDI1,0.0,0.0,0.0,0.0,0.0,0.0,0.0
repeat_1_fold_2,GEMIN7,0.0,0.0,0.0,0.0,0.0,0.0,0.0
repeat_1_fold_2,GFRA2,0.0,0.0,0.0,0.0,0.0,0.0,0.0
repeat_1_fold_2,GINS3,0.0,0.0,0.0,0.0,0.0,0.0,0.0
repeat_1_fold_2,GJA8,0.0,0.0,0.0,0.0,0.0,0.0,0.0
repeat_1_fold_2,GLRA1,0.0,0.0,0.0,0.0,0.0,-0.00026530994444096123,0.5
repeat_1_fold_2,GLUL,0.0,0.0,0.0,0.0,0.0,8.583557026031752e-05,0.5
repeat_1_fold_2,GOLGA3,0.0,0.0,0.0,0.0,0.0,-0.00015606467320056217,0.5
repeat_1_fold_2,GP1BB,0.0,0.0,0.0,0.0,0.0,0.0,0.0
repeat_1_fold_2,GPC3,0.0,0.0,0.0,0.0,0.0,0.00017167114052063503,0.5
repeat_1_fold_2,GPC4,0.0,0.0,0.0,0.0,0.0,9.363880392035395e-05,0.5
repeat_1_fold_2,GPKOW,0.0,0.0,0.0,0.0,0.0,-0.00021068730882078945,0.5
repeat_1_fold_2,GPR32,0.0,0.0,0.0,0.0,0.0,1.5606467320045114e-05,0.5
repeat_1_fold_2,GPR39,0.0,0.0,0.0,0.0,0.0,0.0,0.0
repeat_1_fold_2,GPX4,0.0,0.0,0.0,0.0,0.0,0.0,0.0
repeat_1_fold_2,GRB10,0.0,0.0,0.0,0.0,0.0,0.0001060505391722033,1.0
repeat_1_fold_2,GRB2,0.0,0.0,0.0,0.0,0.0,0.000639865160122377,0.5
repeat_1_fold_2,GRHPR,0.0,0.0,0.0,0.0,0.0,0.0,0.0
repeat_1_fold_2,GSDME,0.0,0.0,0.0,0.0,0.0,0.0,0.0
repeat_1_fold_2,GSPT1,0.0,0.0,0.0,0.0,0.0,-0.00011421485445761714,0.5
repeat_1_fold_2,GSPT2,0.0,0.0,0.0,0.0,0.0,0.00029652287908110697,0.5
repeat_1_fold_2,GSR,0.0,0.0,0.0,0.0,0.0,0.0,0.0
repeat_1_fold_2,GSTA4,0.0,0.0,0.0,0.0,0.0,0.00014826143954055349,0.5
repeat_1_fold_2,GTF2E2,0.0,0.0,0.0,0.0,0.0,0.0,0.0
repeat_1_fold_2,GTF2H1,-0.18986782409250758,0.6342945859712444,0.3171472929856222,-0.5070151170781299,0.5,0.0014829876998221636,1.0
repeat_1_fold_2,GUCA1B,0.0562536371654172,0.1125072743308344,0.0562536371654172,0.0,0.25,-0.00020395509724577265,0.5
repeat_1_fold_2,GUK1,0.0,0.0,0.0,0.0,0.0,1.6316407779687347e-05,0.5
repeat_1_fold_2,GYG2,-0.0309753533517636,0.10612352530553494,0.05306176265276747,-0.08403711600453107,0.25,-0.00037492240870243276,1.0
repeat_1_fold_2,GZMM,0.0,0.0,0.0,0.0,0.0,0.0,0.0
repeat_1_fold_2,H2AC11,0.0,0.0,0.0,0.0,0.0,8.583557026031752e-05,0.5
repeat_1_fold_2,H2AC14,0.1125072743308344,0.12991221024139663,0.06495610512069831,0.04755116921013609,0.5,1.7736288698888547e-05,1.0
repeat_1_fold_2,H3C11,-0.015429792311792312,0.01781678948950662,0.00890839474475331,-0.02433818705654562,0.0,0.00039939702037197766,1.0
repeat_1_fold_2,H3C6,0.0,0.0,0.0,0.0,0.0,3.86611980703333e-05,1.0
repeat_1_fold_2,HACD2,-0.03647117159047397,0.07294234318094794,0.03647117159047397,-0.07294234318094794,0.0,0.00019579689335599837,0.5
repeat_1_fold_2,HAPLN1,0.0664271568970829,0.10745120826897095,0.053725604134485475,0.01270155276259742,0.5,0.0002936953400339559,0.5
repeat_1_fold_2,HAS2,0.0,0.0,0.0,0.0,0.0,0.0,0.0
repeat_1_fold_2,HAUS6,0.0,0.0,0.0,0.0,0.0,0.0,0.0
repeat_1_fold_2,HCFC1,0.0,0.0,0.0,0.0,0.0,0.0,0.0
repeat_1_fold_2,HDC,0.0,0.0,0.0,0.0,0.0,7.803233660036435e-06,0.5
repeat_1_fold_2,HERPUD1,0.0,0.0,0.0,0.0,0.0,0.0,0.0
repeat_1_fold_2,HJURP,0.0,0.0,0.0,0.0,0.0,-7.803233660028108e-05,0.5
repeat_1_fold_2,HLA-DOB,0.0,0.0,0.0,0.0,0.0,-7.803233660028108e-05,0.5
repeat_1_fold_2,HMG20B,0.0,0.0,0.0,0.0,0.0,0.0,0.0
repeat_1_fold_2,HMOX1,0.0,0.0,0.0,0.0,0.0,9.363880392035395e-05,0.5
repeat_1_fold_2,HNF4G,0.0,0.0,0.0,0.0,0.0,0.0,0.0
repeat_1_fold_2,HNRNPA3,0.0,0.0,0.0,0.0,0.0,8.974024278818327e-05,0.5
repeat_1_fold_2,HNRNPR,0.0,0.0,0.0,0.0,0.0,0.0,0.0
repeat_1_fold_2,HS3ST1,0.0,0.0,0.0,0.0,0.0,-0.00014826143954052573,0.5
repeat_1_fold_2,HSPA1L,0.0,0.0,0.0,0.0,0.0,0.0,0.0
repeat_1_fold_2,HSPA6,0.0,0.0,0.0,0.0,0.0,0.0,0.0
repeat_1_fold_2,HSPE1,0.0,0.0,0.0,0.0,0.0,0.0005224800191790946,1.0
repeat_1_fold_2,HTR4,0.0,0.0,0.0,0.0,0.0,0.0,0.0
repeat_1_fold_2,ICAM3,0.0,0.0,0.0,0.0,0.0,0.00033553904738123363,0.5
repeat_1_fold_2,ICAM4,0.0,0.0,0.0,0.0,0.0,0.0003280968953466856,1.0
repeat_1_fold_2,ICAM5,0.0,0.0,0.0,0.0,0.0,0.0,0.0
repeat_1_fold_2,IFIT5,0.0,0.0,0.0,0.0,0.0,-0.00034086971222385687,1.0
repeat_1_fold_2,IFT74,-0.007714896155896156,0.015429792311792312,0.007714896155896156,-0.015429792311792312,0.0,-0.00047422851350834017,1.0
repeat_1_fold_2,IGF2R,0.0,0.0,0.0,0.0,0.0,0.0,0.0
repeat_1_fold_2,IGLV2-14,0.0,0.0,0.0,0.0,0.0,0.0,0.0
repeat_1_fold_2,IKZF1,0.0,0.0,0.0,0.0,0.0,0.0,0.0
repeat_1_fold_2,IL18R1,0.0,0.0,0.0,0.0,0.0,0.0,0.0
repeat_1_fold_2,IL4,0.0,0.0,0.0,0.0,0.0,0.0,0.0
repeat_1_fold_2,IL5,0.0,0.0,0.0,0.0,0.0,0.0,0.0
repeat_1_fold_2,IL7,0.0,0.0,0.0,0.0,0.0,0.0,0.0
repeat_1_fold_2,IL9,0.0,0.0,0.0,0.0,0.0,9.363880392035395e-05,0.5
repeat_1_fold_2,INTS3,-0.007714896155896156,0.015429792311792312,0.007714896155896156,-0.015429792311792312,0.0,0.00018763868946616857,0.5
repeat_1_fold_2,IP6K2,-0.03647117159047397,0.07294234318094794,0.03647117159047397,-0.07294234318094794,0.0,0.0005295733123795165,1.0
repeat_1_fold_2,IRAG2,0.0,0.0,0.0,0.0,0.0,0.0,0.0
repeat_1_fold_2,IRAK3,0.0,0.0,0.0,0.0,0.0,0.0,0.0
repeat_1_fold_2,IRF3,0.0,0.0,0.0,0.0,0.0,0.0,0.0
repeat_1_fold_2,IRF6,0.0,0.0,0.0,0.0,0.0,0.00027737893225429633,0.5
repeat_1_fold_2,IST1,0.0,0.0,0.0,0.0,0.0,0.0001170485049004355,0.5
repeat_1_fold_2,JAK2,0.0,0.0,0.0,0.0,0.0,0.0,0.0
repeat_1_fold_2,KCNA10,0.0,0.0,0.0,0.0,0.0,0.00016316407779667919,0.5
repeat_1_fold_2,KCNE4,0.10782957283787908,0.21565914567575817,0.10782957283787908,0.0,0.25,0.0002117705536971437,1.0
repeat_1_fold_2,KCNJ15,0.0,0.0,0.0,0.0,0.0,-0.00010924527124039907,0.5
repeat_1_fold_2,KCNK10,-0.09765605310620984,0.19531210621241968,0.09765605310620984,-0.19531210621241968,0.0,0.00021211330113565796,0.5
repeat_1_fold_2,KCNK5,-0.02848387160125121,0.05696774320250242,0.02848387160125121,-0.05696774320250242,0.0,-0.0007725201323428299,0.5
repeat_1_fold_2,KCNS3,-0.20302700236831583,0.2347736581931816,0.1173868290965908,-0.32041383146490665,0.0,-8.974024278812776e-05,0.5
repeat_1_fold_2,KDM2A,0.0,0.0,0.0,0.0,0.0,0.0,0.0
repeat_1_fold_2,KDM5D,0.10315187134492732,0.11910952137681487,0.059554760688407433,0.04359711065651988,0.5,-6.526563111863837e-05,0.5
repeat_1_fold_2,KDM6A,0.0,0.0,0.0,0.0,0.0,-0.00011421485445761714,0.5
repeat_1_fold_2,KDM8,0.1125072743308344,0.12991221024139663,0.06495610512069831,0.04755116921013609,0.5,8.974024278818327e-05,0.5
repeat_1_fold_2,KIDINS220,0.0,0.0,0.0,0.0,0.0,-0.00017132228168645347,0.5
repeat_1_fold_2,KIF17,0.0,0.0,0.0,0.0,0.0,0.00038875402487351107,1.0
repeat_1_fold_2,KIF18A,0.0,0.0,0.0,0.0,0.0,-0.00031001174781356,0.5
repeat_1_fold_2,KIF23,0.0,0.0,0.0,0.0,0.0,0.0004093300754108298,1.0
repeat_1_fold_2,KIF5B,0.0,0.0,0.0,0.0,0.0,0.0,0.0
repeat_1_fold_2,KLHDC3,0.0,0.0,0.0,0.0,0.0,0.0,0.0
repeat_1_fold_2,KLHL20,0.05157593567246366,0.10315187134492732,0.05157593567246366,0.0,0.25,-0.00013868946612710653,0.5
repeat_1_fold_2,KLHL21,0.0,0.0,0.0,0.0,0.0,0.0002936953400339837,0.5
repeat_1_fold_2,KLHL5,0.0,0.0,0.0,0.0,0.0,0.0,0.0
repeat_1_fold_2,KLK1,0.0,0.0,0.0,0.0,0.0,0.0,0.0
repeat_1_fold_2,KLK12,0.05157593567246366,0.10315187134492732,0.05157593567246366,0.0,0.25,8.158203889832571e-05,0.5
repeat_1_fold_2,KLRB1,-0.007714896155896156,0.015429792311792312,0.007714896155896156,-0.015429792311792312,0.0,0.0008317696037417888,1.0
repeat_1_fold_2,KPNA6,0.0,0.0,0.0,0.0,0.0,0.0005228166552219415,0.5
repeat_1_fold_2,KRT14,0.0,0.0,0.0,0.0,0.0,-0.00023516192049022333,1.0
repeat_1_fold_2,KRT32,0.0,0.0,0.0,0.0,0.0,0.0002667298253602457,1.0
repeat_1_fold_2,KRT35,0.0,0.0,0.0,0.0,0.0,6.242586928023597e-05,0.5
repeat_1_fold_2,KRT38,-0.04608011743374618,0.2494360310043014,0.1247180155021507,-0.17079813293589688,0.25,0.00023658791280514735,0.5
repeat_1_fold_2,KRT4,0.0,0.0,0.0,0.0,0.0,0.0,0.0
repeat_1_fold_2,KRTAP2-1,0.0,0.0,0.0,0.0,0.0,0.0,0.0
repeat_1_fold_2,KRTAP5-8,0.06586571631541638,0.17313514282989895,0.08656757141494947,-0.020701855099533095,0.5,0.00041925701905404233,1.0
repeat_1_fold_2,KYNU,0.0,0.0,0.0,0.0,0.0,0.0,0.0
repeat_1_fold_2,L1CAM,0.0,0.0,0.0,0.0,0.0,0.0,0.0
repeat_1_fold_2,LAMA1,-0.007714896155896156,0.015429792311792312,0.007714896155896156,-0.015429792311792312,0.0,0.00015500587390682163,0.5
repeat_1_fold_2,LAMB1,0.1125072743308344,0.12991221024139663,0.06495610512069831,0.04755116921013609,0.5,2.7755575615628914e-17,0.5
repeat_1_fold_2,LAMP1,0.0,0.0,0.0,0.0,0.0,-0.0002479408487631174,1.0
repeat_1_fold_2,LAMTOR2,0.0,0.0,0.0,0.0,0.0,0.0,0.0
repeat_1_fold_2,LAMTOR3,0.0,0.0,0.0,0.0,0.0,0.0,0.0
repeat_1_fold_2,LAMTOR5,0.0,0.0,0.0,0.0,0.0,0.0,0.0
repeat_1_fold_2,LARGE1,0.0,0.0,0.0,0.0,0.0,-0.00029334036980410705,1.0
repeat_1_fold_2,LCP2,0.0,0.0,0.0,0.0,0.0,0.0,0.0
repeat_1_fold_2,LDHA,0.0,0.0,0.0,0.0,0.0,3.263281555934694e-05,0.5
repeat_1_fold_2,LEMD3,0.0,0.0,0.0,0.0,0.0,-8.15820388980204e-06,0.5
repeat_1_fold_2,LHX2,0.0,0.0,0.0,0.0,0.0,-0.0002106873088207617,0.5
repeat_1_fold_2,LIF,0.0562536371654172,0.1125072743308344,0.0562536371654172,0.0,0.25,-0.00022842970891523429,0.5
repeat_1_fold_2,LILRA1,0.0,0.0,0.0,0.0,0.0,0.0,0.0
repeat_1_fold_2,LILRB4,0.0,0.0,0.0,0.0,0.0,-2.340970098008155e-05,0.5
repeat_1_fold_2,LIMS2,-0.03647117159047397,0.07294234318094794,0.03647117159047397,-0.07294234318094794,0.0,0.0003553990460633538,1.0
repeat_1_fold_2,LMF2,0.0,0.0,0.0,0.0,0.0,0.0,0.0
repeat_1_fold_2,LMO7,0.0,0.0,0.0,0.0,0.0,0.0,0.0
repeat_1_fold_2,LPCAT4,0.087722079033135,0.10129273188730824,0.05064636594365412,0.037075713089480884,0.5,8.158203889857552e-06,0.5
repeat_1_fold_2,LPIN1,0.0,0.0,0.0,0.0,0.0,0.0007558548657290443,1.0
repeat_1_fold_2,LRRC1,0.0,0.0,0.0,0.0,0.0,4.6819401960190854e-05,0.5
repeat_1_fold_2,LRRTM2,-0.03647117159047397,0.07294234318094794,0.03647117159047397,-0.07294234318094794,0.0,0.0005302832528390755,0.5
repeat_1_fold_2,LRRTM4,0.0,0.0,0.0,0.0,0.0,0.0,0.0
repeat_1_fold_2,LSM6,0.15040098592106155,0.1900365376183737,0.09501826880918685,0.0553827171118747,0.5,2.6959403278153937e-05,1.0
repeat_1_fold_2,LTBP3,-0.03647117159047397,0.07294234318094794,0.03647117159047397,-0.07294234318094794,0.0,0.000299717611149386,1.0
repeat_1_fold_2,LZTFL1,0.0,0.0,0.0,0.0,0.0,0.0,0.0
repeat_1_fold_2,MAML1,0.0,0.0,0.0,0.0,0.0,0.0,0.0
repeat_1_fold_2,MAN2A1,-0.02098192826123224,0.04196385652246448,0.02098192826123224,-0.04196385652246448,0.0,-0.00021849054248079813,0.5
repeat_1_fold_2,MAN2A2,0.0,0.0,0.0,0.0,0.0,0.0003667519820213516,0.5
repeat_1_fold_2,MAP3K7,0.0,0.0,0.0,0.0,0.0,-0.0003277358137211972,0.5
repeat_1_fold_2,MARK3,0.0,0.0,0.0,0.0,0.0,0.0,0.0
repeat_1_fold_2,MAT2A,0.0,0.0,0.0,0.0,0.0,0.0,0.0
repeat_1_fold_2,MCHR1,0.0,0.0,0.0,0.0,0.0,0.00030185354392381347,0.5
repeat_1_fold_2,MCM5,0.0,0.0,0.0,0.0,0.0,-3.3342756018905906e-05,1.0
repeat_1_fold_2,MCM7,0.0,0.0,0.0,0.0,0.0,0.0,0.0
repeat_1_fold_2,MDH2,0.10315187134492732,0.11910952137681487,0.059554760688407433,0.04359711065651988,0.5,-7.80323366000868e-06,1.0
repeat_1_fold_2,MED20,0.0,0.0,0.0,0.0,0.0,3.901616830015442e-05,0.5
repeat_1_fold_2,MED22,-0.09765605310620984,0.19531210621241968,0.09765605310620984,-0.19531210621241968,0.0,-0.00011421485445761714,0.5
repeat_1_fold_2,METTL1,0.0,0.0,0.0,0.0,0.0,0.0,0.0
repeat_1_fold_2,MEX3C,0.0,0.0,0.0,0.0,0.0,0.0,0.0
repeat_1_fold_2,MFAP3,0.0,0.0,0.0,0.0,0.0,0.0,0.0
repeat_1_fold_2,MICA,0.0,0.0,0.0,0.0,0.0,0.0006125752321970157,1.0
repeat_1_fold_2,MIOS,0.0,0.0,0.0,0.0,0.0,0.0,0.0
repeat_1_fold_2,MLANA,0.0,0.0,0.0,0.0,0.0,-5.462263562019953e-05,0.5
repeat_1_fold_2,MLEC,0.05157593567246366,0.10315187134492732,0.05157593567246366,0.0,0.25,0.00015500587390682163,0.5
repeat_1_fold_2,MLLT1,0.0,0.0,0.0,0.0,0.0,0.0,0.0
repeat_1_fold_2,MLLT3,0.0,0.0,0.0,0.0,0.0,0.0,0.0
repeat_1_fold_2,MMP11,0.10315187134492732,0.11910952137681487,0.059554760688407433,0.04359711065651988,0.5,0.00019579689335599837,1.0
repeat_1_fold_2,MRPS18A,0.0,0.0,0.0,0.0,0.0,0.00019508084150071658,0.5
repeat_1_fold_2,MRS2,0.0,0.0,0.0,0.0,0.0,0.00019508084150074434,0.5
repeat_1_fold_2,MTA2,0.0,0.0,0.0,0.0,0.0,-5.462263562019953e-05,0.5
repeat_1_fold_2,MTAP,0.0,0.0,0.0,0.0,0.0,-6.732211574933533e-06,1.0
repeat_1_fold_2,MTARC1,0.0,0.0,0.0,0.0,0.0,0.0003571861200036275,1.0
repeat_1_fold_2,MTF2,0.0,0.0,0.0,0.0,0.0,9.363880392035395e-05,0.5
repeat_1_fold_2,MTNR1A,-0.12162790396947898,0.17058390897856884,0.08529195448928442,-0.2069198584587634,0.0,0.00026922072836446653,0.5
repeat_1_fold_2,MTRF1,0.0,0.0,0.0,0.0,0.0,6.242586928023597e-05,0.5
repeat_1_fold_2,MUC3A,0.0,0.0,0.0,0.0,0.0,0.0,0.0
repeat_1_fold_2,MVD,0.0,0.0,0.0,0.0,0.0,0.0,0.0
repeat_1_fold_2,MYH14,0.0,0.0,0.0,0.0,0.0,0.00010924527124039907,0.5
repeat_1_fold_2,MYL1,0.0,0.0,0.0,0.0,0.0,2.4474611669517143e-05,0.5
repeat_1_fold_2,MYO10,0.0,0.0,0.0,0.0,0.0,0.0,0.0
repeat_1_fold_2,MYO15A,0.0,0.0,0.0,0.0,0.0,0.00034334228104127007,0.5
repeat_1_fold_2,MYO3A,0.0,0.0,0.0,0.0,0.0,-0.0002575067107809248,0.5
repeat_1_fold_2,MYRIP,0.0,0.0,0.0,0.0,0.0,0.00037527126753666984,1.0
repeat_1_fold_2,NABP1,0.0,0.0,0.0,0.0,0.0,-3.9016168300126663e-05,0.5
repeat_1_fold_2,NARS1,0.0,0.0,0.0,0.0,0.0,0.0,0.0
repeat_1_fold_2,NAT10,0.0,0.0,0.0,0.0,0.0,5.710742722886408e-05,0.5
repeat_1_fold_2,NCALD,0.0,0.0,0.0,0.0,0.0,0.0,0.0
repeat_1_fold_2,NCAM1,0.0,0.0,0.0,0.0,0.0,0.0,0.0
repeat_1_fold_2,NCAN,0.0,0.0,0.0,0.0,0.0,0.0009016376250566005,1.0
repeat_1_fold_2,NCF1,0.0,0.0,0.0,0.0,0.0,0.0,0.0
repeat_1_fold_2,NCR3,0.1125072743308344,0.12991221024139663,0.06495610512069831,0.04755116921013609,0.5,-3.2632815559319184e-05,0.5
repeat_1_fold_2,NDUFA10,-0.19531210621241968,0.22552699419546657,0.11276349709773328,-0.30807560331015293,0.0,-0.00032632815559324735,0.5
repeat_1_fold_2,NDUFA4,0.0,0.0,0.0,0.0,0.0,0.00048133402950009674,0.5
repeat_1_fold_2,NDUFA6,0.0,0.0,0.0,0.0,0.0,0.0,0.0
repeat_1_fold_2,NDUFA7,0.0,0.0,0.0,0.0,0.0,0.0,0.0
repeat_1_fold_2,NDUFAF7,0.0,0.0,0.0,0.0,0.0,-3.1212934640117984e-05,0.5
repeat_1_fold_2,NDUFC1,0.0,0.0,0.0,0.0,0.0,-0.00018514778646183672,1.0
repeat_1_fold_2,NDUFS1,0.1125072743308344,0.12991221024139663,0.06495610512069831,0.04755116921013609,0.5,-0.000250774499205908,1.0
repeat_1_fold_2,NDUFV2,0.0,0.0,0.0,0.0,0.0,0.0,0.0
repeat_1_fold_2,NEDD4,0.0,0.0,0.0,0.0,0.0,-4.68194019601631e-05,0.5
repeat_1_fold_2,NEK9,0.0,0.0,0.0,0.0,0.0,0.00013053126223733225,0.5
repeat_1_fold_2,NFYB,0.0,0.0,0.0,0.0,0.0,1.560646732007287e-05,0.5
repeat_1_fold_2,NHP2,0.0,0.0,0.0,0.0,0.0,0.0,0.0
repeat_1_fold_2,NIPAL3,0.0,0.0,0.0,0.0,0.0,-0.0003795370216898575,1.0
repeat_1_fold_2,NKX3-2,0.0,0.0,0.0,0.0,0.0,-7.80323366000868e-06,0.5
repeat_1_fold_2,NLGN3,0.1125072743308344,0.12991221024139663,0.06495610512069831,0.04755116921013609,0.5,9.789844667801306e-05,0.5
repeat_1_fold_2,NLK,0.0,0.0,0.0,0.0,0.0,0.0,0.0
repeat_1_fold_2,NMBR,0.0,0.0,0.0,0.0,0.0,0.0,0.0
repeat_1_fold_2,NMI,0.0,0.0,0.0,0.0,0.0,0.0003135553387160206,1.0
repeat_1_fold_2,NMRK1,0.0,0.0,0.0,0.0,0.0,0.0,0.0
repeat_1_fold_2,NMUR1,0.0,0.0,0.0,0.0,0.0,0.0,0.0
repeat_1_fold_2,NNT,0.0,0.0,0.0,0.0,0.0,0.0,0.0
repeat_1_fold_2,NOL9,-0.09811390391624286,0.11329217767457579,0.056646088837287896,-0.15475999275353075,0.0,-0.0006608145150763522,0.5
repeat_1_fold_2,NOP56,0.0,0.0,0.0,0.0,0.0,0.0,0.0
repeat_1_fold_2,NPC1L1,0.0,0.0,0.0,0.0,0.0,0.0,0.0
repeat_1_fold_2,NPHP1,0.0,0.0,0.0,0.0,0.0,0.0,0.0
repeat_1_fold_2,NPHS2,0.0,0.0,0.0,0.0,0.0,0.00030432611274111565,0.5
repeat_1_fold_2,NR0B2,0.0,0.0,0.0,0.0,0.0,-3.2632815559319184e-05,0.5
repeat_1_fold_2,NRAS,0.0,0.0,0.0,0.0,0.0,-7.803233660036435e-06,0.5
repeat_1_fold_2,NRN1,0.0,0.0,0.0,0.0,0.0,0.0,0.0
repeat_1_fold_2,NSD3,0.0,0.0,0.0,0.0,0.0,0.00016316407779665143,0.5
repeat_1_fold_2,NSL1,0.0,0.0,0.0,0.0,0.0,-0.00011704850490040775,0.5
repeat_1_fold_2,NSMCE4A,0.0,0.0,0.0,0.0,0.0,0.0,0.0
repeat_1_fold_2,NT5E,-0.007714896155896156,0.015429792311792312,0.007714896155896156,-0.015429792311792312,0.0,-8.15820388980204e-06,0.5
repeat_1_fold_2,NUDT18,0.0,0.0,0.0,0.0,0.0,-2.340970098008155e-05,0.5
repeat_1_fold_2,NUDT9,0.0,0.0,0.0,0.0,0.0,0.0,0.0
repeat_1_fold_2,NUP88,0.0,0.0,0.0,0.0,0.0,-0.00013265497222048062,0.5
repeat_1_fold_2,NXF1,0.0,0.0,0.0,0.0,0.0,0.0,0.0
repeat_1_fold_2,OAT,0.0,0.0,0.0,0.0,0.0,0.0,0.0
repeat_1_fold_2,OAZ1,0.0,0.0,0.0,0.0,0.0,0.00031141940594156536,1.0
repeat_1_fold_2,OGFOD1,0.0,0.0,0.0,0.0,0.0,0.00025290432058480694,0.5
repeat_1_fold_2,OR10H2,0.0,0.0,0.0,0.0,0.0,0.0,0.0
repeat_1_fold_2,OR11A1,0.0,0.0,0.0,0.0,0.0,0.0,0.0
repeat_1_fold_2,OR1D2,0.0,0.0,0.0,0.0,0.0,0.00012379293926670365,1.0
repeat_1_fold_2,OR1E1,0.0,0.0,0.0,0.0,0.0,-4.079101944914898e-05,0.5
repeat_1_fold_2,OR1F1,0.0,0.0,0.0,0.0,0.0,-0.00010144203758039039,0.5
repeat_1_fold_2,OR2F1,0.0,0.0,0.0,0.0,0.0,0.0,0.0
repeat_1_fold_2,ORC5,0.0,0.0,0.0,0.0,0.0,0.0,0.0
repeat_1_fold_2,OSTF1,0.0,0.0,0.0,0.0,0.0,0.0,0.0
repeat_1_fold_2,OSTM1,0.0,0.0,0.0,0.0,0.0,-2.340970098008155e-05,0.5
repeat_1_fold_2,P2RX7,0.10315187134492732,0.11910952137681487,0.059554760688407433,0.04359711065651988,0.5,-0.0003923037271715002,1.0
repeat_1_fold_2,P2RY10,0.0,0.0,0.0,0.0,0.0,0.0005792324761780543,0.5
repeat_1_fold_2,P2RY2,0.0,0.0,0.0,0.0,0.0,0.0,0.0
repeat_1_fold_2,P4HA2,0.0,0.0,0.0,0.0,0.0,7.803233660036435e-06,0.5
repeat_1_fold_2,PAFAH1B1,0.1125072743308344,0.12991221024139663,0.06495610512069831,0.04755116921013609,0.5,-6.242586928018046e-05,1.0
repeat_1_fold_2,PAFAH1B2,0.0,0.0,0.0,0.0,0.0,8.974024278818327e-05,0.5
repeat_1_fold_2,PAFAH2,0.0,0.0,0.0,0.0,0.0,7.803233660028108e-05,0.5
repeat_1_fold_2,PAGR1,0.0,0.0,0.0,0.0,0.0,-2.340970098008155e-05,0.5
repeat_1_fold_2,PAK4,0.0,0.0,0.0,0.0,0.0,0.0,0.0
repeat_1_fold_2,PAK6,0.0,0.0,0.0,0.0,0.0,0.0,0.0
repeat_1_fold_2,PANK2,0.0,0.0,0.0,0.0,0.0,0.0,0.0
repeat_1_fold_2,PAPSS1,0.0,0.0,0.0,0.0,0.0,0.00014436287840841056,1.0
repeat_1_fold_2,PAQR3,0.0,0.0,0.0,0.0,0.0,-7.02291029402724e-05,0.5
repeat_1_fold_2,PAX3,0.0,0.0,0.0,0.0,0.0,0.0,0.0
repeat_1_fold_2,PAX6,0.0,0.0,0.0,0.0,0.0,0.0,0.0
repeat_1_fold_2,PDE6B,0.0,0.0,0.0,0.0,0.0,7.02291029402724e-05,0.5
repeat_1_fold_2,PDE9A,0.0,0.0,0.0,0.0,0.0,0.0,0.0
repeat_1_fold_2,PDHX,0.0,0.0,0.0,0.0,0.0,-0.00015606467320056217,0.5
repeat_1_fold_2,PDPK1,0.0,0.0,0.0,0.0,0.0,-2.340970098008155e-05,0.5
repeat_1_fold_2,PELI2,0.0,0.0,0.0,0.0,0.0,0.0,0.0
repeat_1_fold_2,PEMT,0.0,0.0,0.0,0.0,0.0,0.0,0.0
repeat_1_fold_2,PEX16,0.0,0.0,0.0,0.0,0.0,0.0,0.0
repeat_1_fold_2,PGGT1B,0.0,0.0,0.0,0.0,0.0,0.0,0.0
repeat_1_fold_2,PGK1,-0.04196385652246448,0.0484556877189594,0.0242278438594797,-0.06619170038194419,0.0,-0.0001308862324670701,1.0
repeat_1_fold_2,PHC1,-0.03647117159047397,0.07294234318094794,0.03647117159047397,-0.07294234318094794,0.0,0.00024474611669497714,0.5
repeat_1_fold_2,PHF21A,0.0,0.0,0.0,0.0,0.0,1.560646732007287e-05,0.5
repeat_1_fold_2,PHGDH,0.0,0.0,0.0,0.0,0.0,0.0001404582058805448,0.5
repeat_1_fold_2,PHLPP2,0.0,0.0,0.0,0.0,0.0,-0.00020395509724577265,0.5
repeat_1_fold_2,PIK3CD,0.0,0.0,0.0,0.0,0.0,0.0,0.0
repeat_1_fold_2,PIK3R1,-0.24716518546505384,0.3090380323337964,0.1545190161668982,-0.40168420163195206,0.0,0.0013379454379323918,0.5
repeat_1_fold_2,PINK1,0.0,0.0,0.0,0.0,0.0,-0.00012237305834744694,0.5
repeat_1_fold_2,PKM,0.1125072743308344,0.12991221024139663,0.06495610512069831,0.04755116921013609,0.5,0.0009942176296831862,1.0
repeat_1_fold_2,PLA2G12A,0.0,0.0,0.0,0.0,0.0,0.0002039550972458004,0.5
repeat_1_fold_2,PLA2G5,0.0,0.0,0.0,0.0,0.0,0.0,0.0
repeat_1_fold_2,PLAAT3,0.0,0.0,0.0,0.0,0.0,0.00012132037044940147,1.0
repeat_1_fold_2,PLD3,0.0,0.0,0.0,0.0,0.0,4.68194019601631e-05,0.5
repeat_1_fold_2,PLN,-0.007714896155896156,0.015429792311792312,0.007714896155896156,-0.015429792311792312,0.0,-0.00012485784995608373,1.0
repeat_1_fold_2,PLXNB1,0.0,0.0,0.0,0.0,0.0,0.00010605665056784286,0.5
repeat_1_fold_2,PMM2,0.0,0.0,0.0,0.0,0.0,0.0,0.0
repeat_1_fold_2,PNO1,-0.105370949262106,0.19072444477314818,0.09536222238657409,-0.2007331716486801,0.0,0.0003185188105376269,1.0
repeat_1_fold_2,POLD1,-0.05696774320250242,0.06578068374618048,0.03289034187309024,-0.08985808507559266,0.0,0.00031993869145685583,1.0
repeat_1_fold_2,POLM,0.0,0.0,0.0,0.0,0.0,0.0,0.0
repeat_1_fold_2,POLR1B,0.0,0.0,0.0,0.0,0.0,0.0,0.0
repeat_1_fold_2,POLR1F,0.0,0.0,0.0,0.0,0.0,0.00024474611669497714,0.5
repeat_1_fold_2,POMT1,0.0562536371654172,0.1125072743308344,0.0562536371654172,0.0,0.25,0.00011421485445767265,0.5
repeat_1_fold_2,POP4,0.0,0.0,0.0,0.0,0.0,0.0,0.0
repeat_1_fold_2,POU5F1,0.0,0.0,0.0,0.0,0.0,0.0,0.0
repeat_1_fold_2,PPIH,0.087722079033135,0.10129273188730824,0.05064636594365412,0.037075713089480884,0.5,-0.0009289703327513554,1.0
repeat_1_fold_2,PPL,0.10315187134492732,0.11910952137681487,0.059554760688407433,0.04359711065651988,0.5,0.00039549234784413967,1.0
repeat_1_fold_2,PPP1R12A,0.0,0.0,0.0,0.0,0.0,-0.0002262937761408068,0.5
repeat_1_fold_2,PPY,0.0,0.0,0.0,0.0,0.0,0.0,0.0
repeat_1_fold_2,PRIM2,0.015645600431739126,0.06322526293557004,0.03161263146778502,-0.015967031036045895,0.25,0.001706827241332587,1.0
repeat_1_fold_2,PRKACB,0.0,0.0,0.0,0.0,0.0,0.0,0.0
repeat_1_fold_2,PRKAG1,0.0,0.0,0.0,0.0,0.0,0.0002936953400339559,0.5
repeat_1_fold_2,PRLH,0.0,0.0,0.0,0.0,0.0,0.0,0.0
repeat_1_fold_2,PRODH,0.0,0.0,0.0,0.0,0.0,0.000723240384356616,1.0
repeat_1_fold_2,PRPF8,0.0,0.0,0.0,0.0,0.0,0.0001667076686990565,1.0
repeat_1_fold_2,PRPS1,0.0,0.0,0.0,0.0,0.0,0.0,0.0
repeat_1_fold_2,PRSS2,0.0,0.0,0.0,0.0,0.0,0.0,0.0
repeat_1_fold_2,PSEN2,0.0,0.0,0.0,0.0,0.0,0.0,0.0
repeat_1_fold_2,PSMA1,0.0,0.0,0.0,0.0,0.0,2.7755575615628914e-17,0.5
repeat_1_fold_2,PSMB6,0.0,0.0,0.0,0.0,0.0,0.0,0.0
repeat_1_fold_2,PSMD12,0.0,0.0,0.0,0.0,0.0,0.0,0.0
repeat_1_fold_2,PSME3,0.10350275174155499,0.12041584874755566,0.06020792437377783,0.04329482736777716,0.5,0.0008023437430419444,1.0
repeat_1_fold_2,PTDSS2,0.019782465574941455,0.03956493114988291,0.019782465574941455,0.0,0.25,0.0012556473471788676,1.0
repeat_1_fold_2,PTGDR2,-0.015429792311792312,0.01781678948950662,0.00890839474475331,-0.02433818705654562,0.0,0.00013868946612716204,0.5
repeat_1_fold_2,PTPRJ,0.0,0.0,0.0,0.0,0.0,0.0,0.0
repeat_1_fold_2,PTPRO,0.1047923781749347,0.121657890654908,0.060828945327454,0.0439634328474807,0.5,0.00039123881648214787,1.0
repeat_1_fold_2,PTS,0.0,0.0,0.0,0.0,0.0,0.0,0.0
repeat_1_fold_2,PYCR3,0.0,0.0,0.0,0.0,0.0,0.0005547578645085649,0.5
repeat_1_fold_2,QARS1,-0.04196385652246448,0.0484556877189594,0.0242278438594797,-0.06619170038194419,0.0,5.4977605850048406e-05,1.0
repeat_1_fold_2,RAB11FIP2,0.0562536371654172,0.1125072743308344,0.0562536371654172,0.0,0.25,-0.0007342383500848204,0.5
repeat_1_fold_2,RAB3A,0.0,0.0,0.0,0.0,0.0,0.0,0.0
repeat_1_fold_2,RAB40B,0.0,0.0,0.0,0.0,0.0,-8.15820388980204e-06,0.5
repeat_1_fold_2,RAB6A,-0.02098192826123224,0.04196385652246448,0.02098192826123224,-0.04196385652246448,0.0,-0.00014826143954055349,0.5
repeat_1_fold_2,RABGGTB,0.0,0.0,0.0,0.0,0.0,0.0,0.0
repeat_1_fold_2,RAC3,-0.02098192826123224,0.04196385652246448,0.02098192826123224,-0.04196385652246448,0.0,-0.0003979649166614696,0.5
repeat_1_fold_2,RACK1,0.0,0.0,0.0,0.0,0.0,0.0,0.0
repeat_1_fold_2,RAD1,0.0,0.0,0.0,0.0,0.0,1.6316407779687347e-05,0.5
repeat_1_fold_2,RAD9A,0.0,0.0,0.0,0.0,0.0,0.0,0.0
repeat_1_fold_2,RANBP1,0.0562536371654172,0.1125072743308344,0.0562536371654172,0.0,0.25,0.00035080276726279225,0.5
repeat_1_fold_2,RANGRF,0.004903281656542191,0.005661821968634377,0.0028309109843171884,0.0020723706722250027,0.5,-0.00020288407516075302,0.5
repeat_1_fold_2,RAP1GAP,-0.03647117159047397,0.07294234318094794,0.03647117159047397,-0.07294234318094794,0.0,-0.0008442057845760853,1.0
repeat_1_fold_2,RAPGEF4,0.0,0.0,0.0,0.0,0.0,0.0,0.0
repeat_1_fold_2,RARS2,0.0,0.0,0.0,0.0,0.0,-5.745628606296238e-05,1.0
repeat_1_fold_2,RBM4,0.0,0.0,0.0,0.0,0.0,0.0,0.0
repeat_1_fold_2,RBP4,0.0,0.0,0.0,0.0,0.0,0.0,0.0
repeat_1_fold_2,RCC1,-0.07294234318094794,0.08422656294168472,0.04211328147084236,-0.11505562465179031,0.0,-0.0005547578645085371,1.0
repeat_1_fold_2,RDH16,0.0,0.0,0.0,0.0,0.0,0.0,0.0
repeat_1_fold_2,REST,0.0,0.0,0.0,0.0,0.0,-0.00019508084150071658,0.5
repeat_1_fold_2,REXO2,0.0,0.0,0.0,0.0,0.0,-5.462263562019953e-05,0.5
repeat_1_fold_2,RFC2,0.048538741009517494,0.097077482019035,0.0485387410095175,-6.938893903907228e-18,0.25,0.0007835119866754781,1.0
repeat_1_fold_2,RGCC,0.0562536371654172,0.1125072743308344,0.0562536371654172,0.0,0.25,0.00022027150502546,0.5
repeat_1_fold_2,RGL2,0.0,0.0,0.0,0.0,0.0,0.00039159378671194123,0.5
repeat_1_fold_2,RGS2,0.0,0.0,0.0,0.0,0.0,0.0,0.0
repeat_1_fold_2,RGS20,0.0170019470760856,0.13707230917983104,0.06853615458991552,-0.05153420751382992,0.5,0.0007938244575266817,1.0
repeat_1_fold_2,RGS3,0.0,0.0,0.0,0.0,0.0,0.0,0.0
repeat_1_fold_2,RGS6,0.0,0.0,0.0,0.0,0.0,-7.342383500846816e-05,0.5
repeat_1_fold_2,RGSL1,0.0,0.0,0.0,0.0,0.0,-7.803233660036435e-06,0.5
repeat_1_fold_2,RHBDF2,0.0,0.0,0.0,0.0,0.0,0.0,0.0
repeat_1_fold_2,RHCE,0.0,0.0,0.0,0.0,0.0,0.0,0.0
repeat_1_fold_2,RHOBTB2,0.07968720625492232,0.10648545802270867,0.05324272901135434,0.02644447724356798,0.5,0.0036012076125923886,1.0
repeat_1_fold_2,RHOQ,0.05157593567246366,0.10315187134492732,0.05157593567246366,0.0,0.25,2.7755575615628914e-17,0.5
repeat_1_fold_2,RHOT1,0.0,0.0,0.0,0.0,0.0,0.0,0.0
repeat_1_fold_2,RIN1,0.0,0.0,0.0,0.0,0.0,0.0,0.0
repeat_1_fold_2,RIOK2,0.0,0.0,0.0,0.0,0.0,0.0,0.0
repeat_1_fold_2,RNF123,0.0,0.0,0.0,0.0,0.0,0.0,0.0
repeat_1_fold_2,RNF128,0.0,0.0,0.0,0.0,0.0,4.6109461500576376e-05,1.0
repeat_1_fold_2,RNF144A,0.0,0.0,0.0,0.0,0.0,0.0001638679068605986,0.5
repeat_1_fold_2,RNF2,0.0,0.0,0.0,0.0,0.0,0.00019508695289641165,1.0
repeat_1_fold_2,RNPS1,0.0,0.0,0.0,0.0,0.0,0.0,0.0
repeat_1_fold_2,RPL10A,0.21565914567575817,0.2490217316182074,0.1245108658091037,0.09114827986665447,0.5,0.00031816995170347306,0.5
repeat_1_fold_2,RPL32,0.1125072743308344,0.12991221024139663,0.06495610512069831,0.04755116921013609,0.5,-0.0001876386894660853,0.5
repeat_1_fold_2,RPL35,0.0,0.0,0.0,0.0,0.0,0.0,0.0
repeat_1_fold_2,RPL35A,0.0,0.0,0.0,0.0,0.0,4.008719038520181e-05,1.0
repeat_1_fold_2,RPL36A,0.0,0.0,0.0,0.0,0.0,0.0006994634903554897,1.0
repeat_1_fold_2,RPL37A,0.0,0.0,0.0,0.0,0.0,0.0,0.0
repeat_1_fold_2,RPRD2,0.0,0.0,0.0,0.0,0.0,0.0,0.0
repeat_1_fold_2,RPS15,0.0,0.0,0.0,0.0,0.0,0.0,0.0
repeat_1_fold_2,RPS4Y1,0.0,0.0,0.0,0.0,0.0,0.0,0.0
repeat_1_fold_2,RPS6KA5,0.0,0.0,0.0,0.0,0.0,0.0,0.5
repeat_1_fold_2,RPS7,0.0,0.0,0.0,0.0,0.0,0.0,0.0
repeat_1_fold_2,RRM1,0.0,0.0,0.0,0.0,0.0,0.0001844439573979173,1.0
repeat_1_fold_2,RTF1,0.0,0.0,0.0,0.0,0.0,0.0,0.0
repeat_1_fold_2,RXFP3,0.0,0.0,0.0,0.0,0.0,0.00045258755228166914,0.5
repeat_1_fold_2,S1PR1,-0.07781413651382074,0.2570139055163923,0.12850695275819615,-0.2063210892720169,0.25,0.000682449364907467,1.0
repeat_1_fold_2,SALL1,0.0562536371654172,0.1125072743308344,0.0562536371654172,0.0,0.25,-4.894922333895102e-05,0.5
repeat_1_fold_2,SAP30,0.0562536371654172,0.1125072743308344,0.0562536371654172,0.0,0.25,8.158203889835347e-05,0.5
repeat_1_fold_2,SCD5,0.0,0.0,0.0,0.0,0.0,0.0,0.0
repeat_1_fold_2,SDCBP,0.0,0.0,0.0,0.0,0.0,0.0,0.0
repeat_1_fold_2,SDHAF1,0.0,0.0,0.0,0.0,0.0,-6.526563111863837e-05,0.5
repeat_1_fold_2,SDHAF3,0.0,0.0,0.0,0.0,0.0,0.0,0.0
repeat_1_fold_2,SEC23IP,0.10315187134492732,0.11910952137681487,0.059554760688407433,0.04359711065651988,0.5,7.200395408932247e-05,1.0
repeat_1_fold_2,SERP1,0.0,0.0,0.0,0.0,0.0,0.0,0.0
repeat_1_fold_2,SERPINB13,-0.016688706015532517,0.09386128983522644,0.04693064491761322,-0.06361935093314575,0.25,-0.00017132228168645347,0.5
repeat_1_fold_2,SERPINB2,0.0,0.0,0.0,0.0,0.0,0.00012237305834750245,0.5
repeat_1_fold_2,SGCD,0.0,0.0,0.0,0.0,0.0,0.0,0.0
repeat_1_fold_2,SGPP1,0.0,0.0,0.0,0.0,0.0,-0.00011421485445761714,0.5
repeat_1_fold_2,SGSH,0.04196417864924484,0.09716752935478822,0.04858376467739411,-0.006619586028149264,0.25,0.0002575128221766476,1.0
repeat_1_fold_2,SH2B1,0.0,0.0,0.0,0.0,0.0,0.00022027150502548776,0.5
repeat_1_fold_2,SHMT1,0.0,0.0,0.0,0.0,0.0,5.462263562022729e-05,0.5
repeat_1_fold_2,SHPK,0.0,0.0,0.0,0.0,0.0,0.00031675007078427186,1.0
repeat_1_fold_2,SI,0.0,0.0,0.0,0.0,0.0,0.0,0.0
repeat_1_fold_2,SIGLEC5,0.0,0.0,0.0,0.0,0.0,0.0,0.0
repeat_1_fold_2,SIPA1L1,0.0,0.0,0.0,0.0,0.0,0.0,0.0
repeat_1_fold_2,SKA1,-0.1283857725158608,0.18417808363509003,0.09208904181754501,-0.22047481433340582,0.0,0.0007044391849683473,1.0
repeat_1_fold_2,SKIC3,0.0,0.0,0.0,0.0,0.0,-0.0004405430100508645,0.5
repeat_1_fold_2,SKIC8,0.0,0.0,0.0,0.0,0.0,0.0,0.0
repeat_1_fold_2,SLAMF7,0.0,0.0,0.0,0.0,0.0,0.0,0.0
repeat_1_fold_2,SLC10A2,0.0,0.0,0.0,0.0,0.0,0.0,0.0
repeat_1_fold_2,SLC15A1,0.0,0.0,0.0,0.0,0.0,0.0,0.0
repeat_1_fold_2,SLC16A10,0.0,0.0,0.0,0.0,0.0,0.0,0.0
repeat_1_fold_2,SLC17A7,0.0,0.0,0.0,0.0,0.0,1.560646732007287e-05,0.5
repeat_1_fold_2,SLC19A2,0.09900337757802546,0.2570218951807848,0.1285109475903924,-0.029507570012366924,0.25,0.0002472186855123071,1.0
repeat_1_fold_2,SLC1A4,-0.022181390947523028,0.07827558308952703,0.03913779154476352,-0.061319182492286545,0.25,0.0006260335439513265,1.0
repeat_1_fold_2,SLC20A1,0.0,0.0,0.0,0.0,0.0,-7.022910294024465e-05,0.5
repeat_1_fold_2,SLC20A2,0.0,0.0,0.0,0.0,0.0,0.0,0.0
repeat_1_fold_2,SLC22A5,0.0,0.0,0.0,0.0,0.0,0.00046607642101420543,1.0
repeat_1_fold_2,SLC25A12,0.1125072743308344,0.12991221024139663,0.06495610512069831,0.04755116921013609,0.5,0.00012237305834750245,0.5
repeat_1_fold_2,SLC25A17,0.0,0.0,0.0,0.0,0.0,0.0,0.0
repeat_1_fold_2,SLC27A5,0.1125072743308344,0.12991221024139663,0.06495610512069831,0.04755116921013609,0.5,0.00010605665056784286,0.5
repeat_1_fold_2,SLC28A1,0.0,0.0,0.0,0.0,0.0,0.0006086522254822313,0.5
repeat_1_fold_2,SLC30A10,0.048538741009517494,0.097077482019035,0.0485387410095175,-6.938893903907228e-18,0.25,0.00045649222480950713,1.0
repeat_1_fold_2,SLC44A1,0.20794424951986024,0.2404436182109241,0.12022180910546205,0.08772244041439818,0.5,0.0010931993212374425,0.5
repeat_1_fold_2,SLC5A7,0.0,0.0,0.0,0.0,0.0,0.0,0.0
repeat_1_fold_2,SLITRK3,0.0,0.0,0.0,0.0,0.0,1.560646732007287e-05,0.5
repeat_1_fold_2,SMARCD1,0.0,0.0,0.0,0.0,0.0,0.0,0.0
repeat_1_fold_2,SMO,-0.018530287432961146,0.04384268654927083,0.021921343274635414,-0.04045163070759656,0.25,-0.001381172357825089,0.5
repeat_1_fold_2,SMYD2,0.0,0.0,0.0,0.0,0.0,0.0,0.0
repeat_1_fold_2,SNAP91,0.0,0.0,0.0,0.0,0.0,7.803233660036435e-06,0.5
repeat_1_fold_2,SNAPC1,0.1610133223136323,0.2955205491429553,0.14776027457147764,0.013253047742154661,0.5,0.00034264456337296245,0.5
repeat_1_fold_2,SND1,0.0,0.0,0.0,0.0,0.0,-4.184981874288951e-05,1.0
repeat_1_fold_2,SNRPA1,0.0,0.0,0.0,0.0,0.0,0.0,0.0
repeat_1_fold_2,SOAT1,0.0,0.0,0.0,0.0,0.0,0.0,0.0
repeat_1_fold_2,SOCS2,0.0,0.0,0.0,0.0,0.0,0.0,0.5
repeat_1_fold_2,SOX9,0.0,0.0,0.0,0.0,0.0,0.0,0.0
repeat_1_fold_2,SP1,0.0,0.0,0.0,0.0,0.0,-3.1212934640117984e-05,0.5
repeat_1_fold_2,SPARC,0.0,0.0,0.0,0.0,0.0,0.0,0.0
repeat_1_fold_2,SPCS1,0.0,0.0,0.0,0.0,0.0,0.0,0.0
repeat_1_fold_2,SPEN,0.0,0.0,0.0,0.0,0.0,0.0003937113852994778,1.0
repeat_1_fold_2,SPIDR,0.0562536371654172,0.1125072743308344,0.0562536371654172,0.0,0.25,0.00025290432058480694,0.5
repeat_1_fold_2,SPOCK3,0.0,0.0,0.0,0.0,0.0,0.0,0.0
repeat_1_fold_2,SPPL2B,0.0,0.0,0.0,0.0,0.0,0.0003018535439237857,0.5
repeat_1_fold_2,SPRY2,0.09900337757802546,0.2570218951807848,0.1285109475903924,-0.029507570012366924,0.25,0.0008895686372432932,0.5
repeat_1_fold_2,SRD5A1,-0.015429792311792312,0.01781678948950662,0.00890839474475331,-0.02433818705654562,0.0,0.00013868946612716204,0.5
repeat_1_fold_2,SRPK1,0.15560544033920465,0.19843792427906268,0.09921896213953134,0.05638647819967331,0.5,0.0007587129617543653,0.5
repeat_1_fold_2,SRRM2,0.0,0.0,0.0,0.0,0.0,-0.0002106873088207617,0.5
repeat_1_fold_2,SRSF11,0.0,0.0,0.0,0.0,0.0,0.0,0.0
repeat_1_fold_2,SRSF4,-0.02098192826123224,0.04196385652246448,0.02098192826123224,-0.04196385652246448,0.0,0.00039016168300143317,0.5
repeat_1_fold_2,SRSF5,0.0,0.0,0.0,0.0,0.0,0.0,0.0
repeat_1_fold_2,SS18L1,0.0,0.0,0.0,0.0,0.0,0.0,0.0
repeat_1_fold_2,SSTR5,0.0,0.0,0.0,0.0,0.0,0.00014684767001699184,0.5
repeat_1_fold_2,ST3GAL2,0.0,0.0,0.0,0.0,0.0,-0.00013939940658669325,1.0
repeat_1_fold_2,ST3GAL4,0.0562536371654172,0.1125072743308344,0.0562536371654172,0.0,0.25,-0.0002610625244745812,0.5
repeat_1_fold_2,STAM2,0.0,0.0,0.0,0.0,0.0,0.00026922072836446653,0.5
repeat_1_fold_2,STARD3,0.0,0.0,0.0,0.0,0.0,0.0,0.0
repeat_1_fold_2,STK4,0.0,0.0,0.0,0.0,0.0,-5.7107427228780816e-05,0.5
repeat_1_fold_2,STN1,0.0,0.0,0.0,0.0,0.0,-0.00017167114052060728,0.5
repeat_1_fold_2,STUB1,0.0,0.0,0.0,0.0,0.0,0.0,0.0
repeat_1_fold_2,STX1A,0.1640832100032963,0.20734336766489764,0.10367168383244882,0.06041152617084747,0.5,0.00046501762172043715,0.5
repeat_1_fold_2,SUCLA2,0.0,0.0,0.0,0.0,0.0,0.0,0.0
repeat_1_fold_2,SULT1A1,0.0,0.0,0.0,0.0,0.0,0.0,0.0
repeat_1_fold_2,SULT1C4,0.0,0.0,0.0,0.0,0.0,6.242586928023597e-05,1.0
repeat_1_fold_2,SURF1,0.0,0.0,0.0,0.0,0.0,0.0,0.0
repeat_1_fold_2,SYNJ1,0.10782957283788086,0.12474495880750298,0.06237247940375149,0.04545709343412937,0.5,0.0010524083017882935,0.5
repeat_1_fold_2,SYT12,0.0,0.0,0.0,0.0,0.0,0.0002883707865869445,1.0
repeat_1_fold_2,TACC3,0.0562536371654172,0.1125072743308344,0.0562536371654172,0.0,0.25,8.903030232854103e-05,1.0
repeat_1_fold_2,TAF10,0.0,0.0,0.0,0.0,0.0,0.0002039550972458004,0.5
repeat_1_fold_2,TAF5L,0.0,0.0,0.0,0.0,0.0,-7.803233660025333e-05,0.5
repeat_1_fold_2,TAF7L,0.0,0.0,0.0,0.0,0.0,0.0,0.0
repeat_1_fold_2,TAP1,0.0562536371654172,0.1125072743308344,0.0562536371654172,0.0,0.25,7.342383500852367e-05,0.5
repeat_1_fold_2,TAPBP,0.0,0.0,0.0,0.0,0.0,0.0,0.0
repeat_1_fold_2,TBC1D4,0.0,0.0,0.0,0.0,0.0,4.894922333900653e-05,0.5
repeat_1_fold_2,TBCD,0.0,0.0,0.0,0.0,0.0,0.0,0.0
repeat_1_fold_2,TBX1,0.0,0.0,0.0,0.0,0.0,0.0,0.0
repeat_1_fold_2,TCF12,0.0,0.0,0.0,0.0,0.0,0.0,0.0
repeat_1_fold_2,TCF7,0.0,0.0,0.0,0.0,0.0,0.00021778060202123917,1.0
repeat_1_fold_2,TCF7L1,-0.0035087043505654947,0.14482402531904912,0.07241201265952456,-0.07592071701009005,0.25,-0.0003046994171577999,1.0
repeat_1_fold_2,TCTN1,0.0,0.0,0.0,0.0,0.0,-0.0002486446778270923,1.0
repeat_1_fold_2,TEX12,0.10315187134492732,0.11910952137681487,0.059554760688407433,0.04359711065651988,0.5,0.0004079101944916008,0.5
repeat_1_fold_2,TFAM,0.0,0.0,0.0,0.0,0.0,0.00010144203758036263,0.5
repeat_1_fold_2,TFR2,0.0,0.0,0.0,0.0,0.0,0.0,0.0
repeat_1_fold_2,THSD4,-0.09765605310620984,0.19531210621241968,0.09765605310620984,-0.19531210621241968,0.0,0.0001429491088847934,1.0
repeat_1_fold_2,THSD7A,0.0562536371654172,0.1125072743308344,0.0562536371654172,0.0,0.25,0.00017983545580613214,1.0
repeat_1_fold_2,THUMPD1,0.0,0.0,0.0,0.0,0.0,-0.0002575067107809248,0.5
repeat_1_fold_2,TIMM13,0.19176370703490697,0.6476189473523611,0.32380947367618057,-0.1320457666412736,0.25,0.00035896097115262204,0.5
repeat_1_fold_2,TJP1,0.0,0.0,0.0,0.0,0.0,0.0,0.0
repeat_1_fold_2,TK2,0.0,0.0,0.0,0.0,0.0,-8.158203889829796e-05,0.5
repeat_1_fold_2,TLE3,0.0,0.0,0.0,0.0,0.0,0.000399751990601771,0.5
repeat_1_fold_2,TMEM115,0.0,0.0,0.0,0.0,0.0,0.0,0.0
repeat_1_fold_2,TMEM63A,0.0438610395165675,0.087722079033135,0.0438610395165675,0.0,0.25,-0.00012840144085846106,1.0
repeat_1_fold_2,TMLHE,0.0,0.0,0.0,0.0,0.0,0.0,0.0
repeat_1_fold_2,TMPO,0.0,0.0,0.0,0.0,0.0,0.0,0.0
repeat_1_fold_2,TNFRSF10C,0.0,0.0,0.0,0.0,0.0,5.462263562019953e-05,0.5
repeat_1_fold_2,TNFRSF11A,0.0,0.0,0.0,0.0,0.0,0.0,0.0
repeat_1_fold_2,TNNI1,-0.03647117159047397,0.07294234318094794,0.03647117159047397,-0.07294234318094794,0.0,0.0002532531794189885,1.0
repeat_1_fold_2,TNPO1,-0.07294234318094794,0.08422656294168472,0.04211328147084236,-0.11505562465179031,0.0,-0.00030185354392375796,0.5
repeat_1_fold_2,TOLLIP,0.0,0.0,0.0,0.0,0.0,0.0,0.0
repeat_1_fold_2,TOMM70,0.0,0.0,0.0,0.0,0.0,0.0,0.0
repeat_1_fold_2,TPX2,-0.2315428910523618,0.46308578210472356,0.23154289105236178,-0.4630857821047236,0.0,-0.0010218625278382854,1.0
repeat_1_fold_2,TRAP1,0.0,0.0,0.0,0.0,0.0,0.00013868946612716204,0.5
repeat_1_fold_2,TRAPPC11,0.0,0.0,0.0,0.0,0.0,-4.894922333895102e-05,0.5
repeat_1_fold_2,TRIM37,0.05157593567246366,0.10315187134492732,0.05157593567246366,0.0,0.25,0.00014684767001699184,0.5
repeat_1_fold_2,TRIM56,-0.03647117159047397,0.07294234318094794,0.03647117159047397,-0.07294234318094794,0.0,0.0005302832528390755,0.5
repeat_1_fold_2,TRIP4,0.0,0.0,0.0,0.0,0.0,0.0,0.0
repeat_1_fold_2,TRPC4,0.0,0.0,0.0,0.0,0.0,0.0,0.0
repeat_1_fold_2,TRPV4,0.0,0.0,0.0,0.0,0.0,0.00024474611669497714,0.5
repeat_1_fold_2,TSPOAP1,0.0,0.0,0.0,0.0,0.0,0.0009754042075036107,0.5
repeat_1_fold_2,TTLL5,0.0,0.0,0.0,0.0,0.0,0.0,0.0
repeat_1_fold_2,TUBAL3,0.0,0.0,0.0,0.0,0.0,0.00012485173856047194,0.5
repeat_1_fold_2,TUBB,0.0,0.0,0.0,0.0,0.0,-0.00037455521568138805,0.5
repeat_1_fold_2,TUBG2,0.0,0.0,0.0,0.0,0.0,0.0,0.0
repeat_1_fold_2,TUT7,0.0,0.0,0.0,0.0,0.0,4.894922333900653e-05,0.5
repeat_1_fold_2,TXNDC5,0.0,0.0,0.0,0.0,0.0,0.0004916037205818236,0.5
repeat_1_fold_2,UBC,0.009612079149999175,0.13696640466357948,0.06848320233178974,-0.058871123181790566,0.25,0.0005082812099869438,1.0
repeat_1_fold_2,UBE2H,0.0,0.0,0.0,0.0,0.0,0.0006632748611024308,0.5
repeat_1_fold_2,UBE2V1,0.0,0.0,0.0,0.0,0.0,0.0001542959334472349,1.0
repeat_1_fold_2,UGT1A10,-0.02848387160125121,0.05696774320250242,0.02848387160125121,-0.05696774320250242,0.0,-0.0017716890110563155,1.0
repeat_1_fold_2,UGT1A3,0.0,0.0,0.0,0.0,0.0,0.0,0.0
repeat_1_fold_2,UPF3A,0.0,0.0,0.0,0.0,0.0,0.0004472813330215486,1.0
repeat_1_fold_2,UPP1,0.0,0.0,0.0,0.0,0.0,-3.227784532952582e-05,1.0
repeat_1_fold_2,USP10,0.0,0.0,0.0,0.0,0.0,-7.803233660036435e-06,0.5
repeat_1_fold_2,USP18,-0.05190096390226806,0.08449065248770331,0.042245326243851654,-0.09414629014611972,0.0,-1.6316407779631836e-05,0.5
repeat_1_fold_2,USP20,0.10315187134492732,0.11910952137681487,0.059554760688407433,0.04359711065651988,0.5,0.00013053126223736,0.5
repeat_1_fold_2,USP3,0.0,0.0,0.0,0.0,0.0,-0.0003979649166614696,0.5
repeat_1_fold_2,USP33,0.0,0.0,0.0,0.0,0.0,0.0,0.0
repeat_1_fold_2,USP5,-0.07294234318094794,0.08422656294168472,0.04211328147084236,-0.11505562465179031,0.0,-0.00013868946612710653,0.5
repeat_1_fold_2,UTP18,0.10315187134492732,0.11910952137681487,0.059554760688407433,0.04359711065651988,0.5,2.7755575615628914e-17,0.5
repeat_1_fold_2,VHL,0.0,0.0,0.0,0.0,0.0,0.0,0.0
repeat_1_fold_2,VPS11,0.0,0.0,0.0,0.0,0.0,0.0,0.0
repeat_1_fold_2,VPS37C,0.0,0.0,0.0,0.0,0.0,-0.0001638679068605986,0.5
repeat_1_fold_2,VRK2,0.0,0.0,0.0,0.0,0.0,8.725545117954647e-05,1.0
repeat_1_fold_2,VTN,0.0,0.0,0.0,0.0,0.0,0.0,0.0
repeat_1_fold_2,WDR6,0.0,0.0,0.0,0.0,0.0,5.710742722886408e-05,0.5
repeat_1_fold_2,WNT11,0.0,0.0,0.0,0.0,0.0,8.158203889835347e-05,0.5
repeat_1_fold_2,WNT3,0.0,0.0,0.0,0.0,0.0,0.0,0.0
repeat_1_fold_2,WTAP,0.010173519731667469,0.1522867831479742,0.0761433915739871,-0.06596987184231963,0.25,-0.0005029811021223518,1.0
repeat_1_fold_2,XBP1,-0.08280483188159238,0.09561478395407813,0.047807391977039065,-0.13061222385863144,0.0,0.0009012948776180862,1.0
repeat_1_fold_2,XPA,0.0,0.0,0.0,0.0,0.0,0.000234097009800871,0.5
repeat_1_fold_2,XPC,0.0,0.0,0.0,0.0,0.0,0.0002486385664315083,1.0
repeat_1_fold_2,XYLT2,0.0,0.0,0.0,0.0,0.0,0.0,0.0
repeat_1_fold_2,YRDC,0.0,0.0,0.0,0.0,0.0,-0.0002887196454210428,1.0
repeat_1_fold_2,YWHAH,-0.09765605310620984,0.19531210621241968,0.09765605310620984,-0.19531210621241968,0.0,0.00018763868946616857,0.5
repeat_1_fold_2,ZC3H12A,0.0,0.0,0.0,0.0,0.0,8.158203889835347e-05,0.5
repeat_1_fold_2,ZDHHC11,0.0,0.0,0.0,0.0,0.0,0.0,0.0
repeat_1_fold_2,ZFPM2,-0.0155504216027893,0.1654088909525986,0.0827044454762993,-0.09825486707908859,0.25,-0.0004976504372797008,0.5
repeat_1_fold_2,ZKSCAN7,0.10782957283788086,0.12474495880750298,0.06237247940375149,0.04545709343412937,0.5,0.0004894922333899265,0.5
repeat_1_fold_2,ZNF211,-0.015429792311792312,0.01781678948950662,0.00890839474475331,-0.02433818705654562,0.0,0.0009144043305382432,1.0
repeat_1_fold_2,ZNF212,0.0,0.0,0.0,0.0,0.0,0.0,0.0
repeat_1_fold_2,ZNF248,0.0,0.0,0.0,0.0,0.0,0.0,0.0
repeat_1_fold_2,ZNF264,0.0,0.0,0.0,0.0,0.0,-0.00039016168300143317,0.5
repeat_1_fold_2,ZNF266,0.0,0.0,0.0,0.0,0.0,5.462263562019953e-05,0.5
repeat_1_fold_2,ZNF286A,0.0,0.0,0.0,0.0,0.0,0.0,0.0
repeat_1_fold_2,ZNF324,0.0,0.0,0.0,0.0,0.0,0.0,0.0
repeat_1_fold_2,ZNF33B,0.05157593567246366,0.10315187134492732,0.05157593567246366,0.0,0.25,-0.0006494615791182434,1.0
repeat_1_fold_2,ZNF343,0.0,0.0,0.0,0.0,0.0,0.0,0.5
repeat_1_fold_2,ZNF41,0.13911827393839538,0.41041993358762874,0.20520996679381437,-0.066091692855419,0.25,8.442180073678363e-05,1.0
repeat_1_fold_2,ZNF426,0.0,0.0,0.0,0.0,0.0,0.0,0.0
repeat_1_fold_2,ZNF460,0.0,0.0,0.0,0.0,0.0,0.0009545098551103082,0.5
repeat_1_fold_2,ZNF500,-0.04196385652246448,0.0484556877189594,0.0242278438594797,-0.06619170038194419,0.0,-0.00012485173856047194,0.5
repeat_1_fold_2,ZNF510,0.0,0.0,0.0,0.0,0.0,9.363880392035395e-05,0.5
repeat_1_fold_2,ZNF682,-0.04196385652246448,0.0484556877189594,0.0242278438594797,-0.06619170038194419,0.0,0.00024190024346090744,0.5
repeat_1_fold_2,ZNF717,0.0,0.0,0.0,0.0,0.0,-3.2632815559319184e-05,0.5
repeat_1_fold_2,ZW10,0.0,0.0,0.0,0.0,0.0,0.0,0.0
repeat_1_fold_2,ZWILCH,0.0,0.0,0.0,0.0,0.0,0.0004564922248095349,1.0
repeat_1_fold_2,ZZZ3,0.0,0.0,0.0,0.0,0.0,0.0,0.0
repeat_1_fold_3,A1CF,-0.013791217814599577,0.027582435629199157,0.013791217814599578,-0.027582435629199153,0.0,-0.0001862949048343221,0.5
repeat_1_fold_3,A2M,0.0,0.0,0.0,0.0,0.0,0.0,0.0
repeat_1_fold_3,A4GALT,-0.02962952136890884,0.05925904273781768,0.02962952136890884,-0.05925904273781768,0.0,-0.00013972117862573463,0.5
repeat_1_fold_3,AAAS,-0.027582435629199153,0.03184945327084731,0.015924726635423655,-0.04350716226462281,0.0,0.00029496693265440577,0.5
repeat_1_fold_3,AACS,0.0,0.0,0.0,0.0,0.0,0.0,0.0
repeat_1_fold_3,AADAC,-0.03287076436747327,0.06574152873494654,0.03287076436747327,-0.06574152873494654,0.0,-0.00012935355560589334,0.5
repeat_1_fold_3,AAK1,0.0,0.0,0.0,0.0,0.0,0.0,0.0
repeat_1_fold_3,AAMP,-0.10597458201180565,0.3667672830161788,0.1833836415080894,-0.28935822351989504,0.25,-0.0009469990995746025,0.5
repeat_1_fold_3,AANAT,-0.01981933844422379,0.03963867688844758,0.01981933844422379,-0.03963867688844758,0.0,0.00026620080764319654,1.0
repeat_1_fold_3,AASDHPPT,0.0,0.0,0.0,0.0,0.0,0.00020211493063412855,0.5
repeat_1_fold_3,ABCA7,-0.03022957268044202,0.06045914536088403,0.030229572680442015,-0.06045914536088404,0.0,-9.373835321097035e-06,1.0
repeat_1_fold_3,ABCC6,0.1371304843715535,0.3594219308826891,0.17971096544134454,-0.04258048106979104,0.25,-0.0003557222779161373,0.5
repeat_1_fold_3,ABCD1,0.0,0.0,0.0,0.0,0.0,0.0,0.0
repeat_1_fold_3,ABCD2,0.0,0.0,0.0,0.0,0.0,0.0,0.0
repeat_1_fold_3,ABCG2,0.0,0.0,0.0,0.0,0.0,0.0,0.0
repeat_1_fold_3,ABHD10,-0.06310033704791529,0.07298953644293403,0.036494768221467015,-0.09959510526938231,0.0,-4.042298612685902e-05,0.5
repeat_1_fold_3,ABHD4,0.0,0.0,0.0,0.0,0.0,0.0,0.0
repeat_1_fold_3,ABL1,0.05526468561228626,0.06381416222986702,0.03190708111493351,0.023357604497352746,0.5,0.0003922506906287315,1.0
repeat_1_fold_3,ACKR4,0.0,0.0,0.0,0.0,0.0,0.0,0.0
repeat_1_fold_3,ACLY,-0.09675065121028403,0.12174566704248582,0.06087283352124291,-0.15762348473152693,0.0,-0.00025615549414723104,0.5
repeat_1_fold_3,ACO1,0.0,0.0,0.0,0.0,0.0,0.0001778611389580409,0.5
repeat_1_fold_3,ACP5,-0.13128142711463653,0.16081371170999703,0.08040685585499852,-0.21168828296963504,0.0,-0.0007114445558322469,0.5
repeat_1_fold_3,ACSBG1,0.0,0.0,0.0,0.0,0.0,0.0,0.0
repeat_1_fold_3,ACSL3,-0.03287076436747327,0.06574152873494654,0.03287076436747327,-0.06574152873494654,0.0,-5.659218057757487e-05,0.5
repeat_1_fold_3,ACSM3,0.14628558271181902,0.1768937083017106,0.0884468541508553,0.05783872856096371,0.5,0.0005123109882944898,0.5
repeat_1_fold_3,ACSM5,0.0,0.0,0.0,0.0,0.0,0.0,0.0
repeat_1_fold_3,ACTB,0.0,0.0,0.0,0.0,0.0,0.0,0.0
repeat_1_fold_3,ACTG1,0.0,0.0,0.0,0.0,0.0,-0.0002910455001132184,0.5
repeat_1_fold_3,ACTN3,-0.0019992796666006285,0.003998559333201257,0.0019992796666006285,-0.003998559333201257,0.0,-2.3286863104265976e-05,0.5
repeat_1_fold_3,ACTR5,0.0,0.0,0.0,0.0,0.0,0.0,0.0
repeat_1_fold_3,ACVR2B,-0.03741150139192939,0.07482300278385878,0.03741150139192939,-0.07482300278385878,0.0,-0.0009523709249735224,1.0
repeat_1_fold_3,ADAM12,-0.05099885266066906,0.058888402623998685,0.029444201311999343,-0.0804430539726684,0.0,-6.986058931285344e-05,0.5
repeat_1_fold_3,ADAM8,0.0,0.0,0.0,0.0,0.0,-4.850758335223082e-05,0.5
repeat_1_fold_3,ADAM9,0.06335446840262549,0.12670893680525097,0.06335446840262549,0.0,0.25,-8.893056947903433e-05,0.5
repeat_1_fold_3,ADAMTS2,0.0,0.0,0.0,0.0,0.0,0.0,0.0
repeat_1_fold_3,ADAMTSL3,0.0,0.0,0.0,0.0,0.0,0.0,0.0
repeat_1_fold_3,ADAT1,-0.05925904273781768,0.06842644855319716,0.03421322427659858,-0.09347226701441626,0.0,0.00010252128773827196,1.0
repeat_1_fold_3,ADD1,0.0,0.0,0.0,0.0,0.0,0.00022636872231024396,0.5
repeat_1_fold_3,ADH1C,0.0,0.0,0.0,0.0,0.0,0.0005820910002263258,0.5
repeat_1_fold_3,AFF4,0.004265832951617199,0.1227025648538657,0.06135128242693285,-0.05708544947531565,0.5,0.0004333720140574371,1.0
repeat_1_fold_3,AGO1,0.0,0.0,0.0,0.0,0.0,0.0,0.0
repeat_1_fold_3,AGO3,-0.04591609698307764,0.09539696746313504,0.04769848373156752,-0.09361458071464515,0.25,6.502594645385606e-05,1.0
repeat_1_fold_3,AGTR1,0.10575409800784286,0.12211431390546829,0.06105715695273414,0.04469694105510871,0.5,0.00010090974011861542,0.5
repeat_1_fold_3,AK4,0.028233115991186608,0.15908896142375356,0.07954448071187678,-0.05131136472069017,0.25,-0.0002568001131951214,1.0
repeat_1_fold_3,AKR1A1,0.06528623228780717,0.1603702199858912,0.0801851099929456,-0.014898877705138439,0.5,0.0018993700245481804,1.0
repeat_1_fold_3,AKR1B1,0.0,0.0,0.0,0.0,0.0,0.0,0.0
repeat_1_fold_3,AKR7A2,-0.0707783199410219,0.09335711586223361,0.046678557931116804,-0.11745687787213871,0.0,-7.276137502831848e-05,0.5
repeat_1_fold_3,AKR7A3,0.3020509800917779,0.3487784293299565,0.17438921466497825,0.12766176542679963,0.5,-6.7953591296188165e-06,1.0
repeat_1_fold_3,ALAD,0.0,0.0,0.0,0.0,0.0,0.0,0.0
repeat_1_fold_3,ALAS1,-0.041349951162739984,0.2022645061945497,0.10113225309727485,-0.14248220426001484,0.25,6.661063494653452e-05,1.0
repeat_1_fold_3,ALDH1A1,0.35259816143916645,0.5493964531637769,0.27469822658188847,0.07789993485727797,0.5,-6.467677780297443e-05,0.5
repeat_1_fold_3,ALDH1B1,-0.06319008628959821,0.07324746377496728,0.03662373188748364,-0.09981381817708185,0.0,3.104915080576198e-05,0.5
repeat_1_fold_3,ALDH2,0.0,0.0,0.0,0.0,0.0,-1.6169194450743607e-05,0.5
repeat_1_fold_3,ALDH3B2,0.06946123775722768,0.13892247551445536,0.06946123775722768,0.0,0.25,-0.00039426512515330914,1.0
repeat_1_fold_3,ALDH7A1,-0.010998246875892903,0.029911693756871898,0.014955846878435949,-0.025954093754328854,0.25,0.00030272922035584626,0.5
repeat_1_fold_3,ALDH9A1,0.22733627514403665,0.3399389536894968,0.1699694768447484,0.05736679829928826,0.75,0.0022442680742854604,1.0
repeat_1_fold_3,ALG12,0.0,0.0,0.0,0.0,0.0,0.0,0.0
repeat_1_fold_3,ALG6,0.0,0.0,0.0,0.0,0.0,0.0,0.0
repeat_1_fold_3,ALOX15B,0.016584188753304474,0.03316837750660895,0.016584188753304474,0.0,0.25,-7.76228770141274e-06,0.5
repeat_1_fold_3,ALOX5AP,0.07640190582741369,0.08822132179211546,0.04411066089605773,0.032291244931355954,0.5,0.0003395530834653382,0.5
repeat_1_fold_3,ALPG,0.0,0.0,0.0,0.0,0.0,3.104915080573423e-05,0.5
repeat_1_fold_3,ALPK1,0.0,0.0,0.0,0.0,0.0,0.0,0.0
repeat_1_fold_3,AMACR,-0.04920533137358163,0.09841066274716327,0.049205331373581636,-0.09841066274716326,0.0,0.0004465867045387317,1.0
repeat_1_fold_3,AMPD2,0.20460275539920048,0.28331996218585853,0.14165998109292927,0.06294277430627121,0.5,-0.0002587071112117312,0.5
repeat_1_fold_3,ANAPC15,0.0,0.0,0.0,0.0,0.0,0.0,0.0
repeat_1_fold_3,ANAPC5,-0.16248722890250988,0.4168725154541733,0.20843625772708665,-0.3709234866295965,0.25,0.0002050962937305556,1.0
repeat_1_fold_3,ANKFY1,0.21355386635334916,0.5477796088536914,0.2738898044268457,-0.06033593807349652,0.5,0.0011256928714695191,1.0
repeat_1_fold_3,ANKLE2,0.09208121106101963,0.11977598040487741,0.05988799020243871,0.03219322085858092,0.5,-0.0004424503989815809,0.5
repeat_1_fold_3,ANKRD28,0.40046164283894115,0.4624132745863649,0.23120663729318244,0.1692550055457587,0.5,-0.00021828412508489992,0.5
repeat_1_fold_3,ANO1,0.0,0.0,0.0,0.0,0.0,-0.00013972117862573463,0.5
repeat_1_fold_3,ANO3,0.02763234280614313,0.05526468561228625,0.027632342806143125,3.469446951953614e-18,0.25,0.00012126895838046603,0.5
repeat_1_fold_3,ANOS1,0.0,0.0,0.0,0.0,0.0,0.00010867202782005592,0.5
repeat_1_fold_3,ANTXR1,0.028045663088706263,0.13307957598465517,0.06653978799232758,-0.03849412490362132,0.25,0.0002483932064458183,0.5
repeat_1_fold_3,ANXA1,-0.05099885266066906,0.058888402623998685,0.029444201311999343,-0.0804430539726684,0.0,-0.00031825379575867174,0.5
repeat_1_fold_3,ANXA5,0.0,0.0,0.0,0.0,0.0,0.0,0.0
repeat_1_fold_3,AOC3,0.03316837750660895,0.03829954336404761,0.019149771682023805,0.014018605824585143,0.5,0.00046348109541835547,1.0
repeat_1_fold_3,AP2S1,0.0,0.0,0.0,0.0,0.0,0.0,0.0
repeat_1_fold_3,AP3S1,0.0,0.0,0.0,0.0,0.0,0.0002639177818486993,0.5
repeat_1_fold_3,APEH,0.0,0.0,0.0,0.0,0.0,0.0,0.0
repeat_1_fold_3,APLP2,0.0,0.0,0.0,0.0,0.0,0.0,0.0
repeat_1_fold_3,APOBEC3B,-0.08475846906814866,0.10636064162479318,0.05318032081239659,-0.13793878988054525,0.0,-0.00031825379575867174,0.5
repeat_1_fold_3,APOBEC3G,0.35862404690415595,0.4197014429093121,0.20985072145465605,0.1487733254494999,0.5,-7.276137502831848e-05,0.5
repeat_1_fold_3,APOC1,0.0,0.0,0.0,0.0,0.0,0.0,0.0
repeat_1_fold_3,APOM,0.0,0.0,0.0,0.0,0.0,0.0,0.0
repeat_1_fold_3,AQP4,-0.04920533137358163,0.09841066274716327,0.049205331373581636,-0.09841066274716326,0.0,-7.243906550435941e-05,1.0
repeat_1_fold_3,AQR,-0.15034637181305754,0.21210739176864554,0.10605369588432277,-0.25640006769738033,0.0,-0.0004123144584937122,0.5
repeat_1_fold_3,AREG,0.0,0.0,0.0,0.0,0.0,0.0,0.0
repeat_1_fold_3,ARF4,0.0,0.0,0.0,0.0,0.0,0.00029913009733850693,0.5
repeat_1_fold_3,ARFRP1,0.09245757744902328,0.3115568456658114,0.1557784228329057,-0.06332084538388241,0.5,0.0007018021292412024,1.0
repeat_1_fold_3,ARG1,-0.011004378459874786,0.022008756919749572,0.011004378459874786,-0.022008756919749572,0.0,-0.00039936835928228165,1.0
repeat_1_fold_3,ARHGAP24,0.4768635486663584,0.5506345963784844,0.2753172981892422,0.20154625047711616,0.5,0.0001778611389580409,0.5
repeat_1_fold_3,ARHGAP25,0.2984893675777993,0.44739581956368263,0.22369790978184131,0.074791457795958,0.5,-1.101224206778717e-05,1.0
repeat_1_fold_3,ARHGEF16,0.0,0.0,0.0,0.0,0.0,0.0,0.0
repeat_1_fold_3,ARHGEF18,0.0,0.0,0.0,0.0,0.0,-7.76228770141274e-06,0.5
repeat_1_fold_3,ARHGEF38,0.0,0.0,0.0,0.0,0.0,-1.552457540282548e-05,0.5
repeat_1_fold_3,ARHGEF4,0.0,0.0,0.0,0.0,0.0,0.0,0.0
repeat_1_fold_3,ARID5B,0.0,0.0,0.0,0.0,0.0,9.701516670437837e-05,0.5
repeat_1_fold_3,ARL1,0.0,0.0,0.0,0.0,0.0,-2.750374604243433e-05,1.0
repeat_1_fold_3,ARL2BP,0.0,0.0,0.0,0.0,0.0,-0.0002639177818486438,0.5
repeat_1_fold_3,ARMCX3,-0.06712112984137875,0.07750480476446368,0.03875240238223184,-0.1058735322236106,0.0,0.0007451796193374272,0.5
repeat_1_fold_3,ARPC2,0.0,0.0,0.0,0.0,0.0,0.0,0.0
repeat_1_fold_3,ASB1,0.42875991689702886,0.49508930687644237,0.24754465343822118,0.18121526345880767,0.5,0.0005164472938516407,1.0
repeat_1_fold_3,ASB6,0.0,0.0,0.0,0.0,0.0,8.084597225363477e-05,0.5
repeat_1_fold_3,ASB8,0.087682164792378,0.175364329584756,0.087682164792378,0.0,0.25,0.00029496693265440577,0.5
repeat_1_fold_3,ASCC2,0.0,0.0,0.0,0.0,0.0,4.657372620861522e-05,0.5
repeat_1_fold_3,ASPH,0.0,0.0,0.0,0.0,0.0,0.0,0.0
repeat_1_fold_3,ASRGL1,-0.02549942633033453,0.05099885266066906,0.02549942633033453,-0.05099885266066906,0.0,0.0002736139266936999,1.0
repeat_1_fold_3,ATAD2,0.0,0.0,0.0,0.0,0.0,0.0,0.0
repeat_1_fold_3,ATF6,-0.03022957268044202,0.06045914536088403,0.030229572680442015,-0.06045914536088404,0.0,0.0002241125556427248,1.0
repeat_1_fold_3,ATG10,0.0,0.0,0.0,0.0,0.0,4.850758335217531e-05,0.5
repeat_1_fold_3,ATP10B,0.0,0.0,0.0,0.0,0.0,-8.084597225399559e-06,0.5
repeat_1_fold_3,ATP13A1,0.0,0.0,0.0,0.0,0.0,7.762287701432169e-05,0.5
repeat_1_fold_3,ATP2A3,0.0,0.0,0.0,0.0,0.0,-3.881143850714697e-05,0.5
repeat_1_fold_3,ATP5MC2,0.0,0.0,0.0,0.0,0.0,-1.552457540282548e-05,0.5
repeat_1_fold_3,ATP6V0D1,-0.04920533137358163,0.09841066274716327,0.049205331373581636,-0.09841066274716326,0.0,-5.6592180577602624e-05,0.5
repeat_1_fold_3,ATP6V1G1,0.0,0.0,0.0,0.0,0.0,5.6914490101506177e-05,1.0
repeat_1_fold_3,ATP8A1,0.02763234280614313,0.05526468561228625,0.027632342806143125,3.469446951953614e-18,0.25,-2.425379167611541e-05,0.5
repeat_1_fold_3,B3GNT2,0.0886219968385138,0.11047955955739917,0.05523977977869959,0.03338221705981421,0.5,-0.0002865331667780968,1.0
repeat_1_fold_3,B4GALNT1,0.43866259575264976,0.5103508577694152,0.2551754288847076,0.18348716686794214,0.5,0.000672659976452078,1.0
repeat_1_fold_3,B4GALT4,0.057060711584423274,0.11412142316884655,0.057060711584423274,0.0,0.25,-0.00017853261713290935,0.5
repeat_1_fold_3,B4GAT1,0.35426312395377657,0.4115490310706629,0.20577451553533144,0.14848860841844513,0.5,-0.0007994350558664376,1.0
repeat_1_fold_3,BAG4,0.07943357329954281,0.15886714659908563,0.07943357329954281,0.0,0.25,0.0006132207284130775,0.5
repeat_1_fold_3,BAMBI,-0.05053694108807605,0.06433301949232616,0.03216650974616308,-0.08270345083423913,0.0,0.000341540658863021,0.5
repeat_1_fold_3,BASP1,0.10979119967640116,0.14079014018581437,0.07039507009290719,0.03939612958349398,0.5,0.0008851693892331092,1.0
repeat_1_fold_3,BCKDHA,-0.03022957268044202,0.06045914536088403,0.030229572680442015,-0.06045914536088404,0.0,8.084597225363477e-05,0.5
repeat_1_fold_3,BEST1,0.0,0.0,0.0,0.0,0.0,-4.592910716069709e-05,1.0
repeat_1_fold_3,BGLAP,0.15224246309624512,0.4203133184118776,0.2101566592059388,-0.05791419610969367,0.25,0.0006305985835785566,0.5
repeat_1_fold_3,BHMT2,0.0,0.0,0.0,0.0,0.0,0.0,0.0
repeat_1_fold_3,BMAL2,0.0,0.0,0.0,0.0,0.0,0.0,0.0
repeat_1_fold_3,BMP10,0.3734299432416872,0.8368138670821496,0.4184069335410748,-0.044976990299387565,0.25,-0.00042848365294442803,0.5
repeat_1_fold_3,BMPR1B,0.0,0.0,0.0,0.0,0.0,0.0,0.0
repeat_1_fold_3,BNIP2,0.0,0.0,0.0,0.0,0.0,0.0,0.0
repeat_1_fold_3,BOP1,0.016584188753304474,0.03316837750660895,0.016584188753304474,0.0,0.25,0.00018629490483434985,0.5
repeat_1_fold_3,BRCC3,0.0,0.0,0.0,0.0,0.0,2.328686310429373e-05,0.5
repeat_1_fold_3,BTG2,-0.008915237577030055,0.0694890185863509,0.03474450929317545,-0.043659746870205504,0.25,0.0006830813177259587,0.5
repeat_1_fold_3,BTN3A3,0.005585941877413347,0.006450090093204399,0.0032250450466021997,0.0023608968308111477,0.5,-0.0005433601391001963,0.5
repeat_1_fold_3,BTNL2,0.0,0.0,0.0,0.0,0.0,0.0,0.0
repeat_1_fold_3,BUB1,-0.05439979112217941,0.10199128423745958,0.05099564211872979,-0.10539543324090919,0.0,-0.0003301792481442689,1.0
repeat_1_fold_3,BUB1B,-0.0025972298742988897,0.09453569435631809,0.047267847178159045,-0.049865077052457935,0.25,0.00010509976392975018,0.5
repeat_1_fold_3,BUB3,0.0,0.0,0.0,0.0,0.0,-0.0001837164286428994,1.0
repeat_1_fold_3,BUD23,0.07219063730339847,0.3637207704612082,0.1818603852306041,-0.10966974792720563,0.25,-1.8774529769227666e-05,1.0
repeat_1_fold_3,C2orf49,0.0,0.0,0.0,0.0,0.0,1.552457540288099e-05,0.5
repeat_1_fold_3,C4A,0.0,0.0,0.0,0.0,0.0,2.7755575615628914e-17,0.5
repeat_1_fold_3,C8A,0.0,0.0,0.0,0.0,0.0,0.0,0.0
repeat_1_fold_3,C9orf78,0.0,0.0,0.0,0.0,0.0,0.0,0.0
repeat_1_fold_3,CA5B,0.0,0.0,0.0,0.0,0.0,0.0,0.0
repeat_1_fold_3,CA6,0.20023082141947057,0.40046164283894115,0.20023082141947057,0.0,0.25,-0.0004042298612683404,0.5
repeat_1_fold_3,CACNA1B,0.0,0.0,0.0,0.0,0.0,0.0,0.0
repeat_1_fold_3,CACNA1D,-0.02549942633033453,0.05099885266066906,0.02549942633033453,-0.05099885266066906,0.0,-0.00017077032943146886,0.5
repeat_1_fold_3,CACNG2,0.0,0.0,0.0,0.0,0.0,0.0,0.0
repeat_1_fold_3,CALM1,0.011762076696724577,0.08149172325570195,0.040745861627850974,-0.028983784931126397,0.25,0.0004883257878882941,1.0
repeat_1_fold_3,CALML5,-0.013791217814599577,0.027582435629199157,0.013791217814599578,-0.027582435629199153,0.0,-0.0001319588909243219,0.5
repeat_1_fold_3,CALU,0.3065889881023445,0.36465684476853083,0.18232842238426542,0.12426056571807906,0.5,0.0008383270717546021,0.5
repeat_1_fold_3,CAMK4,0.0,0.0,0.0,0.0,0.0,-0.00024253791676098757,0.5
repeat_1_fold_3,CAMKK2,0.0,0.0,0.0,0.0,0.0,9.314745241720268e-05,0.5
repeat_1_fold_3,CAPN11,-0.0933239643641457,0.044062325353270496,0.022031162676635248,-0.11535512704078094,0.0,-0.0001513511806144341,1.0
repeat_1_fold_3,CAPN2,0.0,0.0,0.0,0.0,0.0,0.0,0.0
repeat_1_fold_3,CAPZA1,0.0,0.0,0.0,0.0,0.0,-2.328686310429373e-05,0.5
repeat_1_fold_3,CARD8,0.08502041318396714,0.11385555847360064,0.05692777923680032,0.028092633947166816,0.5,0.0014947909946289029,1.0
repeat_1_fold_3,CARS2,0.5017225302939217,0.8964105770952625,0.44820528854763125,0.05351724174629041,0.5,0.000462809617243487,1.0
repeat_1_fold_3,CAST,0.0,0.0,0.0,0.0,0.0,0.0,0.0
repeat_1_fold_3,CBLL1,0.0,0.0,0.0,0.0,0.0,0.0,0.0
repeat_1_fold_3,CBS,-0.013045332615604366,0.07695535250668988,0.03847767625334494,-0.051523008868949303,0.25,0.0002406309187443778,0.5
repeat_1_fold_3,CBX2,0.0,0.0,0.0,0.0,0.0,-4.850758335223082e-05,0.5
repeat_1_fold_3,CBX4,0.0,0.0,0.0,0.0,0.0,7.762287701440496e-06,0.5
repeat_1_fold_3,CCKAR,0.0,0.0,0.0,0.0,0.0,-0.00025870711121175893,0.5
repeat_1_fold_3,CCL19,0.20023082141947057,0.40046164283894115,0.20023082141947057,0.0,0.25,-4.850758335223082e-05,0.5
repeat_1_fold_3,CCL4,0.005330188546233572,0.11622271094486593,0.058111355472432964,-0.05278116692619939,0.25,5.755910914936879e-05,1.0
repeat_1_fold_3,CCND1,0.0,0.0,0.0,0.0,0.0,0.0,0.0
repeat_1_fold_3,CCNE1,0.0,0.0,0.0,0.0,0.0,0.0,0.0
repeat_1_fold_3,CCNG1,0.04178147983518521,0.14683795127973664,0.07341897563986832,-0.03163749580468311,0.25,-0.00014648967862840312,1.0
repeat_1_fold_3,CCR10,0.0,0.0,0.0,0.0,0.0,0.00023544710723441553,1.0
repeat_1_fold_3,CCT6A,0.0,0.0,0.0,0.0,0.0,0.00011643431552146866,0.5
repeat_1_fold_3,CD14,0.0,0.0,0.0,0.0,0.0,0.0,0.5
repeat_1_fold_3,CD163,0.0,0.0,0.0,0.0,0.0,-0.0002991300973385902,1.0
repeat_1_fold_3,CD177,-0.06712112984137875,0.07750480476446368,0.03875240238223184,-0.1058735322236106,0.0,-0.00014748346632717513,0.5
repeat_1_fold_3,CD1D,0.0,0.0,0.0,0.0,0.0,0.0,0.0
repeat_1_fold_3,CD200,0.0,0.0,0.0,0.0,0.0,0.0,0.0
repeat_1_fold_3,CD2BP2,0.0,0.0,0.0,0.0,0.0,0.0,0.0
repeat_1_fold_3,CD36,-0.046605897536290186,0.14094906693508555,0.07047453346754277,-0.11708043100383296,0.25,0.00013972117862579014,0.5
repeat_1_fold_3,CD48,0.0,0.0,0.0,0.0,0.0,0.0,0.0
repeat_1_fold_3,CD55,-0.0590599912510239,0.06945546752960333,0.03472773376480166,-0.09378772501582557,0.0,-0.0007612950955341313,1.0
repeat_1_fold_3,CD68,0.0,0.0,0.0,0.0,0.0,-8.893056947906208e-05,0.5
repeat_1_fold_3,CD72,0.3512563114653595,0.41347845669864125,0.20673922834932063,0.1445170831160389,0.5,-0.0002021149306341563,0.5
repeat_1_fold_3,CDC20,0.0,0.0,0.0,0.0,0.0,0.00021828412508487216,0.5
repeat_1_fold_3,CDH11,0.0,0.0,0.0,0.0,0.0,-3.881143850714697e-05,0.5
repeat_1_fold_3,CDK1,0.0,0.0,0.0,0.0,0.0,-9.314745241714717e-05,0.5
repeat_1_fold_3,CDK12,0.0,0.0,0.0,0.0,0.0,0.0,0.0
repeat_1_fold_3,CDK5R1,-0.04920533137358163,0.09841066274716327,0.049205331373581636,-0.09841066274716326,0.0,0.00046890663907123153,0.5
repeat_1_fold_3,CDK6,0.0,0.0,0.0,0.0,0.0,0.0,0.0
repeat_1_fold_3,CDK8,0.0,0.0,0.0,0.0,0.0,0.0,0.0
repeat_1_fold_3,CDKN1A,0.0035388561377054373,0.04855705339582836,0.02427852669791418,-0.020739670560208742,0.25,-0.0006132207284130775,0.5
repeat_1_fold_3,CDKN1C,0.16888385974996112,0.21957132807760643,0.10978566403880322,0.0590981957111579,0.5,0.0003958766727730212,1.0
repeat_1_fold_3,CDKN2B,0.0,0.0,0.0,0.0,0.0,0.00010090974011861542,0.5
repeat_1_fold_3,CEBPB,0.0,0.0,0.0,0.0,0.0,0.0,0.0
repeat_1_fold_3,CEBPE,-0.027582435629199153,0.03184945327084731,0.015924726635423655,-0.04350716226462281,0.0,3.881143850717472e-05,0.5
repeat_1_fold_3,CEP131,0.0,0.0,0.0,0.0,0.0,0.0,0.0
repeat_1_fold_3,CEP162,0.10182015867230731,0.3474710700757416,0.1737355350378708,-0.07191537636556347,0.25,-8.893056947903433e-05,0.5
repeat_1_fold_3,CEP164,-0.06574152873494654,0.07591177862411781,0.037955889312058906,-0.10369741804700544,0.0,0.0002667917084370752,0.5
repeat_1_fold_3,CEP97,0.05609132617740897,0.06476868453546035,0.032384342267730175,0.0237069839096788,0.5,-7.762287701429393e-05,0.5
repeat_1_fold_3,CERT1,0.0,0.0,0.0,0.0,0.0,0.00023286863104296507,0.5
repeat_1_fold_3,CES3,0.0,0.0,0.0,0.0,0.0,0.0,0.0
repeat_1_fold_3,CHCHD3,0.0,0.0,0.0,0.0,0.0,0.0,0.0
repeat_1_fold_3,CHI3L1,0.0,0.0,0.0,0.0,0.0,0.0,0.0
repeat_1_fold_3,CHIA,0.0,0.0,0.0,0.0,0.0,0.0,0.0
repeat_1_fold_3,CHL1,0.0,0.0,0.0,0.0,0.0,0.0,0.0
repeat_1_fold_3,CHMP5,0.0,0.0,0.0,0.0,0.0,0.0,0.0
repeat_1_fold_3,CHMP6,0.0,0.0,0.0,0.0,0.0,0.0,0.0
repeat_1_fold_3,CHST10,-0.03287076436747327,0.06574152873494654,0.03287076436747327,-0.06574152873494654,0.0,-8.084597225399559e-06,0.5
repeat_1_fold_3,CHST11,0.0,0.0,0.0,0.0,0.0,0.00021828412508487216,0.5
repeat_1_fold_3,CHTOP,0.0,0.0,0.0,0.0,0.0,0.0,0.0
repeat_1_fold_3,CIB2,0.0,0.0,0.0,0.0,0.0,8.538516471576219e-05,0.5
repeat_1_fold_3,CKM,0.0,0.0,0.0,0.0,0.0,-0.00040132907555287534,1.0
repeat_1_fold_3,CLCN3,0.06335446840262549,0.12670893680525097,0.06335446840262549,0.0,0.25,-0.0001616919445073528,0.5
repeat_1_fold_3,CLCNKA,0.0,0.0,0.0,0.0,0.0,-7.276137502831848e-05,0.5
repeat_1_fold_3,CLPS,-0.0445588117965805,0.09670905059868402,0.04835452529934201,-0.0929133370959225,0.25,3.104915080573423e-05,0.5
repeat_1_fold_3,COL21A1,0.0,0.0,0.0,0.0,0.0,2.42537916760599e-05,0.5
repeat_1_fold_3,COL3A1,0.0,0.0,0.0,0.0,0.0,4.657372620861522e-05,0.5
repeat_1_fold_3,COMMD3,0.0,0.0,0.0,0.0,0.0,0.0,0.0
repeat_1_fold_3,COMT,0.0,0.0,0.0,0.0,0.0,0.0,0.0
repeat_1_fold_3,COPG1,0.0,0.0,0.0,0.0,0.0,0.0,0.0
repeat_1_fold_3,COQ10B,0.08529655431771488,0.050031057172034564,0.025015528586017282,0.06028102573169759,1.0,-0.0001571258929182473,1.0
repeat_1_fold_3,COQ8B,0.0,0.0,0.0,0.0,0.0,0.0,0.0
repeat_1_fold_3,COX16,0.0,0.0,0.0,0.0,0.0,0.0001940303334087845,0.5
repeat_1_fold_3,CPNE3,0.057060711584423274,0.11412142316884655,0.057060711584423274,0.0,0.25,4.657372620858746e-05,0.5
repeat_1_fold_3,CPNE6,0.40046164283894115,0.4624132745863649,0.23120663729318244,0.1692550055457587,0.5,0.00038806066681754126,0.5
repeat_1_fold_3,CPS1,0.0,0.0,0.0,0.0,0.0,3.881143850717472e-05,0.5
repeat_1_fold_3,CRADD,-0.03022957268044202,0.06045914536088403,0.030229572680442015,-0.06045914536088404,0.0,-6.370984923112499e-05,1.0
repeat_1_fold_3,CREB1,0.0,0.0,0.0,0.0,0.0,0.0,0.0
repeat_1_fold_3,CREB3,0.0,0.0,0.0,0.0,0.0,0.00010867202782005592,0.5
repeat_1_fold_3,CRYM,0.0,0.0,0.0,0.0,0.0,0.0004284836529443725,0.5
repeat_1_fold_3,CSAD,0.0,0.0,0.0,0.0,0.0,0.0,0.0
repeat_1_fold_3,CSF2RB,0.0,0.0,0.0,0.0,0.0,0.0,0.0
repeat_1_fold_3,CSNK1D,-0.02549942633033453,0.05099885266066906,0.02549942633033453,-0.05099885266066906,0.0,0.00027944235725155253,0.5
repeat_1_fold_3,CSRP1,0.17865783285203207,0.4972625379637163,0.24863126898185814,-0.06997343612982607,0.25,-0.00018594573618344046,0.5
repeat_1_fold_3,CSTA,0.0,0.0,0.0,0.0,0.0,0.0,0.0
repeat_1_fold_3,CTBP2,0.0,0.0,0.0,0.0,0.0,5.433601391002796e-05,0.5
repeat_1_fold_3,CTCF,0.0,0.0,0.0,0.0,0.0,0.0,0.0
repeat_1_fold_3,CTDP1,-0.05099885266066906,0.058888402623998685,0.029444201311999343,-0.0804430539726684,0.0,6.113137303964677e-05,1.0
repeat_1_fold_3,CTPS2,-0.03890158659476661,0.04907166367845562,0.02453583183922781,-0.06343741843399442,0.0,-0.0002328686310429373,0.5
repeat_1_fold_3,CTSB,0.0,0.0,0.0,0.0,0.0,0.0,0.0
repeat_1_fold_3,CTSE,0.40046164283894115,0.4624132745863649,0.23120663729318244,0.1692550055457587,0.5,-0.00012935355560589334,0.5
repeat_1_fold_3,CTSK,0.0,0.0,0.0,0.0,0.0,2.3286863104321487e-05,0.5
repeat_1_fold_3,CTSL,0.0,0.0,0.0,0.0,0.0,2.8470674614228253e-05,1.0
repeat_1_fold_3,CTSW,0.0,0.0,0.0,0.0,0.0,0.0,0.0
repeat_1_fold_3,CXCL9,0.0,0.0,0.0,0.0,0.0,0.0,0.0
repeat_1_fold_3,CYP2R1,0.0,0.0,0.0,0.0,0.0,0.00045273744462048793,0.5
repeat_1_fold_3,CYP3A5,-0.09841066274716326,0.11363484525640836,0.05681742262820418,-0.15522808537536745,0.0,0.00012615731949347508,1.0
repeat_1_fold_3,CYP4B1,0.0,0.0,0.0,0.0,0.0,3.23383889014317e-05,0.5
repeat_1_fold_3,CYP4F3,-0.06045914536088404,0.06981220769816222,0.03490610384908111,-0.09536524920996514,0.0,0.0001616919445072973,0.5
repeat_1_fold_3,DAG1,0.0,0.0,0.0,0.0,0.0,0.0,0.0
repeat_1_fold_3,DAPK2,-0.03022957268044202,0.06045914536088403,0.030229572680442015,-0.06045914536088404,0.0,1.616919445071585e-05,1.0
repeat_1_fold_3,DAPK3,-0.013791217814599577,0.027582435629199157,0.013791217814599578,-0.027582435629199153,0.0,-0.0001164343155214409,0.5
repeat_1_fold_3,DARS2,0.0,0.0,0.0,0.0,0.0,-0.0009701516670439503,0.5
repeat_1_fold_3,DCAF4,-0.022258192447175418,0.06746903228441192,0.03373451614220596,-0.05599270858938138,0.25,0.00039614526404291306,0.5
repeat_1_fold_3,DCAKD,0.002895323041741449,0.10351141791238673,0.051755708956193365,-0.048860385914451916,0.25,0.0016330886395239663,0.5
repeat_1_fold_3,DCLRE1C,0.0,0.0,0.0,0.0,0.0,0.0,0.0
repeat_1_fold_3,DCTN4,0.0,0.0,0.0,0.0,0.0,-3.881143850714697e-05,0.5
repeat_1_fold_3,DDX3X,0.05486238043103242,0.06334962022048045,0.031674810110240224,0.023187570320792196,0.5,-0.0001164343155214409,0.5
repeat_1_fold_3,DDX5,0.0,0.0,0.0,0.0,0.0,0.00010867202782005592,0.5
repeat_1_fold_3,DEFA5,0.17067018980311133,0.3209295550539621,0.16046477752698105,0.010205412276130282,0.5,0.0006348691847707089,1.0
repeat_1_fold_3,DEK,0.0,0.0,0.0,0.0,0.0,0.0,0.0
repeat_1_fold_3,DENND5A,0.0,0.0,0.0,0.0,0.0,0.0,0.0
repeat_1_fold_3,DES,0.0,0.0,0.0,0.0,0.0,0.0,0.0
repeat_1_fold_3,DFFB,0.0,0.0,0.0,0.0,0.0,-0.0001319588909243219,0.5
repeat_1_fold_3,DHCR24,-0.03998068404719568,0.055601126281664644,0.027800563140832322,-0.067781247188028,0.0,-0.0006131401510321155,1.0
repeat_1_fold_3,DHDDS,0.0,0.0,0.0,0.0,0.0,0.0,0.0
repeat_1_fold_3,DHPS,0.0,0.0,0.0,0.0,0.0,0.0,0.0
repeat_1_fold_3,DHRS3,-0.04920533137358163,0.09841066274716327,0.049205331373581636,-0.09841066274716326,0.0,-4.850758335223082e-05,0.5
repeat_1_fold_3,DIO1,0.0,0.0,0.0,0.0,0.0,6.467677780289116e-05,0.5
repeat_1_fold_3,DKK1,0.0,0.0,0.0,0.0,0.0,9.701516670437837e-05,0.5
repeat_1_fold_3,DLAT,0.0,0.0,0.0,0.0,0.0,0.0,0.0
repeat_1_fold_3,DLG5,0.0,0.0,0.0,0.0,0.0,0.0,0.0
repeat_1_fold_3,DMRT1,0.40046164283894115,0.4624132745863649,0.23120663729318244,0.1692550055457587,0.5,0.00041231445849365667,0.5
repeat_1_fold_3,DNM1,0.01066037709247425,0.012309543168005855,0.0061547715840029275,0.004505605508471322,0.5,8.084597225366252e-05,0.5
repeat_1_fold_3,DNM1L,0.0,0.0,0.0,0.0,0.0,0.0,0.0
repeat_1_fold_3,DNMT1,0.0,0.0,0.0,0.0,0.0,8.084597225344048e-06,0.5
repeat_1_fold_3,DOCK3,0.0,0.0,0.0,0.0,0.0,0.0,0.0
repeat_1_fold_3,DOHH,0.0,0.0,0.0,0.0,0.0,0.0,0.0
repeat_1_fold_3,DPH1,0.0,0.0,0.0,0.0,0.0,9.701516670435062e-05,0.5
repeat_1_fold_3,DPM1,0.0,0.0,0.0,0.0,0.0,0.0,0.0
repeat_1_fold_3,DPM3,0.0,0.0,0.0,0.0,0.0,9.701516670435062e-05,0.5
repeat_1_fold_3,DRD1,0.0,0.0,0.0,0.0,0.0,0.0,0.0
repeat_1_fold_3,DRD4,0.0,0.0,0.0,0.0,0.0,0.0,0.0
repeat_1_fold_3,DSC2,0.0,0.0,0.0,0.0,0.0,0.0,0.0
repeat_1_fold_3,DVL3,0.0,0.0,0.0,0.0,0.0,-8.538516471573443e-05,0.5
repeat_1_fold_3,DYNC1H1,-0.09841066274716326,0.11363484525640836,0.05681742262820418,-0.15522808537536745,0.0,-4.3968390890103404e-05,1.0
repeat_1_fold_3,DYNC1I2,0.0,0.0,0.0,0.0,0.0,0.0,0.0
repeat_1_fold_3,DYNC1LI1,0.0,0.0,0.0,0.0,0.0,0.00012419660322290915,0.5
repeat_1_fold_3,EBAG9,0.49530959072778025,0.5744476361017017,0.28722381805085084,0.2080857726769294,0.5,-7.276137502831848e-05,0.5
repeat_1_fold_3,EBF2,0.0,0.0,0.0,0.0,0.0,0.0,0.0
repeat_1_fold_3,ECSIT,0.0,0.0,0.0,0.0,0.0,0.0,0.0
repeat_1_fold_3,EDA2R,0.1613647717306268,0.39044968532254015,0.19522484266127008,-0.03386007093064328,0.25,-4.042298612685902e-05,0.5
repeat_1_fold_3,EDC3,0.0,0.0,0.0,0.0,0.0,0.0,0.0
repeat_1_fold_3,EDIL3,0.0,0.0,0.0,0.0,0.0,0.0,0.0
repeat_1_fold_3,EEA1,0.0,0.0,0.0,0.0,0.0,0.0,0.0
repeat_1_fold_3,EEF1D,0.0,0.0,0.0,0.0,0.0,-9.314745241714717e-05,0.5
repeat_1_fold_3,EEF1E1,0.02823311599119016,0.056466231982380315,0.028233115991190157,3.469446951953614e-18,0.25,5.4336013910055714e-05,0.5
repeat_1_fold_3,EGF,0.0,0.0,0.0,0.0,0.0,-7.276137502831848e-05,0.5
repeat_1_fold_3,EGLN1,0.34275511790042756,0.4263980793634096,0.2131990396817048,0.12955607821872275,0.5,0.0011237590143258758,0.5
repeat_1_fold_3,EIF1AX,-0.038544954281109156,0.09185526856020905,0.045927634280104525,-0.08447258856121367,0.25,0.00045273744462048793,0.5
repeat_1_fold_3,EIF2AK2,0.0,0.0,0.0,0.0,0.0,0.0,0.0
repeat_1_fold_3,EIF3B,0.0,0.0,0.0,0.0,0.0,0.0,0.0
repeat_1_fold_3,EIF3F,0.0,0.0,0.0,0.0,0.0,-6.792673216929335e-05,1.0
repeat_1_fold_3,EIF4A2,0.0,0.0,0.0,0.0,0.0,2.879298413815956e-05,1.0
repeat_1_fold_3,EIF4EBP1,0.14310613809495543,0.1653859035735408,0.0826929517867704,0.06041318630818503,0.5,0.00012419660322290915,0.5
repeat_1_fold_3,ELF3,0.0003890575501639404,0.0007781151003278808,0.0003890575501639404,0.0,0.25,0.00036482752196728696,0.5
repeat_1_fold_3,ELMO2,-0.05099885266066906,0.058888402623998685,0.029444201311999343,-0.0804430539726684,0.0,0.00020181948023720309,1.0
repeat_1_fold_3,ENO1,0.036294254581539676,0.07258850916307936,0.03629425458153968,-6.938893903907228e-18,0.25,0.0002639177818486993,0.5
repeat_1_fold_3,ENPP3,-0.0025972298742988897,0.0051944597485977795,0.0025972298742988897,-0.0051944597485977795,0.0,0.0003298569386203376,1.0
repeat_1_fold_3,ENSA,0.0,0.0,0.0,0.0,0.0,0.0,0.0
repeat_1_fold_3,ENTPD2,0.0,0.0,0.0,0.0,0.0,0.0003799760695921972,0.5
repeat_1_fold_3,ENTPD7,-0.06045914536088404,0.06981220769816222,0.03490610384908111,-0.09536524920996514,0.0,-1.6169194450743607e-05,0.5
repeat_1_fold_3,EPHA1,0.07352961391739399,0.10105593934999495,0.050527969674997474,0.023001644242396514,0.5,0.00027168006955011204,0.5
repeat_1_fold_3,EPOR,0.0,0.0,0.0,0.0,0.0,0.0,0.0
repeat_1_fold_3,EPRS1,0.0,0.0,0.0,0.0,0.0,0.0,0.0
repeat_1_fold_3,EPS15L1,0.10182015867230731,0.3474710700757416,0.1737355350378708,-0.07191537636556347,0.25,-0.00019403033340881226,0.5
repeat_1_fold_3,EPS8L2,-0.03287076436747327,0.06574152873494654,0.03287076436747327,-0.06574152873494654,0.0,-8.084597225369028e-05,0.5
repeat_1_fold_3,ERCC1,0.0,0.0,0.0,0.0,0.0,0.0,0.0
repeat_1_fold_3,ERCC2,-0.06045914536088404,0.06981220769816222,0.03490610384908111,-0.09536524920996514,0.0,9.314745241714717e-05,1.0
repeat_1_fold_3,ERN1,0.0,0.0,0.0,0.0,0.0,3.104915080573423e-05,0.5
repeat_1_fold_3,ESRP1,0.0,0.0,0.0,0.0,0.0,0.0,0.0
repeat_1_fold_3,ETNK1,0.0,0.0,0.0,0.0,0.0,-2.425379167611541e-05,0.5
repeat_1_fold_3,ETV4,0.0,0.0,0.0,0.0,0.0,0.0,0.0
repeat_1_fold_3,EYA3,-0.08928956393146592,0.06097880587641383,0.030489402938206914,-0.11977896686967283,0.0,0.00021895560325974062,1.0
repeat_1_fold_3,EYA4,0.0,0.0,0.0,0.0,0.0,-0.00039587667277299343,0.5
repeat_1_fold_3,EZH1,0.0,0.0,0.0,0.0,0.0,0.0,0.0
repeat_1_fold_3,F2RL3,0.40454705748594755,0.46717834274320336,0.23358917137160168,0.17095788611434587,0.5,-0.0002991300973385902,0.5
repeat_1_fold_3,FAM114A2,0.0,0.0,0.0,0.0,0.0,0.0,0.0
repeat_1_fold_3,FAM131B,0.0,0.0,0.0,0.0,0.0,0.0,0.0
repeat_1_fold_3,FANCA,0.0,0.0,0.0,0.0,0.0,0.0,0.0
repeat_1_fold_3,FANCI,-0.03287076436747327,0.06574152873494654,0.03287076436747327,-0.06574152873494654,0.0,-0.0001697765417327246,0.5
repeat_1_fold_3,FARP2,-0.13181996151043585,0.15785036748894632,0.07892518374447316,-0.210745145254909,0.0,0.00024253791676095982,0.5
repeat_1_fold_3,FBXL12,0.0,0.0,0.0,0.0,0.0,0.0,0.0
repeat_1_fold_3,FBXO2,0.0,0.0,0.0,0.0,0.0,0.0,0.0
repeat_1_fold_3,FBXW4,0.01838161446948483,0.03676322893896966,0.01838161446948483,0.0,0.25,0.0006529185181110564,1.0
repeat_1_fold_3,FBXW7,0.027929955945278806,0.10829794808748237,0.05414897404374119,-0.02621901809846238,0.75,0.00041534953984406764,1.0
repeat_1_fold_3,FCGR2A,0.0,0.0,0.0,0.0,0.0,0.0,0.0
repeat_1_fold_3,FDXR,0.03454524963305872,0.3012067953559299,0.15060339767796496,-0.11605814804490625,0.25,-0.0001975757381720844,1.0
repeat_1_fold_3,FGF1,0.0,0.0,0.0,0.0,0.0,0.0,0.0
repeat_1_fold_3,FGF3,0.5402180170689839,0.6323111926882242,0.3161555963441121,0.22406242072487176,0.5,0.0005187034605191598,1.0
repeat_1_fold_3,FGF9,-0.09597110141538678,0.12131560183129234,0.06065780091564617,-0.15662890233103294,0.0,-0.00011318436115514974,0.5
repeat_1_fold_3,FGG,0.0,0.0,0.0,0.0,0.0,0.0,0.0
repeat_1_fold_3,FOLH1,0.0,0.0,0.0,0.0,0.0,0.0,0.0
repeat_1_fold_3,FOXG1,0.28782732170076564,0.39061073834839594,0.19530536917419797,0.09252195252656767,0.5,-0.00021828412508489992,0.5
repeat_1_fold_3,FOXO1,0.0,0.0,0.0,0.0,0.0,0.00046246044859254987,1.0
repeat_1_fold_3,FPGS,0.0,0.0,0.0,0.0,0.0,0.0,0.0
repeat_1_fold_3,FRAT2,0.0,0.0,0.0,0.0,0.0,3.881143850717472e-05,0.5
repeat_1_fold_3,FSCN1,0.15500365113107684,0.23602120372603538,0.11801060186301769,0.036993049268059144,0.5,-0.0008460893594560148,0.5
repeat_1_fold_3,FUCA1,0.2030879137987025,0.2552949111188526,0.1276474555594263,0.0754404582392762,0.5,0.00021734405564011183,0.5
repeat_1_fold_3,FURIN,-0.02962952136890884,0.05925904273781768,0.02962952136890884,-0.05925904273781768,0.0,-7.76228770141274e-06,0.5
repeat_1_fold_3,FUS,0.0,0.0,0.0,0.0,0.0,-0.00023445331953564352,0.5
repeat_1_fold_3,FZD2,0.0,0.0,0.0,0.0,0.0,0.0,0.0
repeat_1_fold_3,FZR1,0.0,0.0,0.0,0.0,0.0,0.0005093296251980628,0.5
repeat_1_fold_3,G3BP1,0.0,0.0,0.0,0.0,0.0,0.0,0.0
repeat_1_fold_3,G6PC2,-0.0820760957410549,0.09845555105832546,0.04922777552916273,-0.13130387127021764,0.0,0.00012126895838046603,0.5
repeat_1_fold_3,GAB1,0.3083433698623228,0.4107084366350562,0.2053542183175281,0.10298915154479471,0.75,0.00045083044660387817,1.0
repeat_1_fold_3,GABARAPL2,0.0,0.0,0.0,0.0,0.0,0.0,0.0
repeat_1_fold_3,GABPA,0.0,0.0,0.0,0.0,0.0,0.0,0.0
repeat_1_fold_3,GABRR1,0.0,0.0,0.0,0.0,0.0,0.0,0.0
repeat_1_fold_3,GAD2,-0.03356056492068937,0.06712112984137875,0.03356056492068937,-0.06712112984137875,0.0,2.7755575615628914e-17,0.5
repeat_1_fold_3,GAL,-0.40066324080338944,0.3851376595534575,0.19256882977672876,-0.5932320705801182,0.0,0.0011435004726669251,1.0
repeat_1_fold_3,GALNS,0.0,0.0,0.0,0.0,0.0,0.0,0.0
repeat_1_fold_3,GALNT8,-0.00039218741408220126,0.054806044028733604,0.027403022014366802,-0.027795209428449003,0.25,-0.00018339411911896808,1.0
repeat_1_fold_3,GAMT,0.0,0.0,0.0,0.0,0.0,0.0,0.0
repeat_1_fold_3,GARS1,0.06335446840262549,0.12670893680525097,0.06335446840262549,0.0,0.25,0.00047699123629660334,0.5
repeat_1_fold_3,GAS1,0.0,0.0,0.0,0.0,0.0,0.00014552275005658144,0.5
repeat_1_fold_3,GCGR,0.0,0.0,0.0,0.0,0.0,0.0,0.0
repeat_1_fold_3,GCN1,0.0,0.0,0.0,0.0,0.0,0.0,0.0
repeat_1_fold_3,GDI2,0.0,0.0,0.0,0.0,0.0,1.6169194450688096e-05,0.5
repeat_1_fold_3,GDPD3,-0.03824186977567301,0.1756843697269522,0.0878421848634761,-0.12608405463914912,0.25,-9.701516670440613e-05,0.5
repeat_1_fold_3,GFPT2,0.057060711584423274,0.11412142316884655,0.057060711584423274,0.0,0.25,0.0008984646570954213,1.0
repeat_1_fold_3,GID4,0.0,0.0,0.0,0.0,0.0,2.3286863104321487e-05,0.5
repeat_1_fold_3,GIT2,-0.09841066274716326,0.11363484525640836,0.05681742262820418,-0.15522808537536745,0.0,0.00048120811923474394,1.0
repeat_1_fold_3,GJA8,0.0,0.0,0.0,0.0,0.0,3.104915080573423e-05,0.5
repeat_1_fold_3,GJA9,0.0,0.0,0.0,0.0,0.0,-8.538516471573443e-05,0.5
repeat_1_fold_3,GLA,0.006061858923755992,0.09344228697724528,0.04672114348862264,-0.04065928456486665,0.25,4.657372620861522e-05,0.5
repeat_1_fold_3,GLYAT,-0.05053694108807605,0.06433301949232616,0.03216650974616308,-0.08270345083423913,0.0,0.0010944825659018331,0.5
repeat_1_fold_3,GNA14,0.0,0.0,0.0,0.0,0.0,0.0,0.0
repeat_1_fold_3,GNAI3,0.05899247546960673,0.06845171078541393,0.034225855392706964,0.024766620076899767,0.5,-0.0006753190300245182,0.5
repeat_1_fold_3,GNB5,-0.15350879861284916,0.35263141743077975,0.17631570871538987,-0.32982450732823904,0.25,5.433601391002796e-05,0.5
repeat_1_fold_3,GNPDA1,0.3512563114653595,0.41347845669864125,0.20673922834932063,0.1445170831160389,0.5,0.00010509976392972242,0.5
repeat_1_fold_3,GORASP2,-0.03022957268044202,0.06045914536088403,0.030229572680442015,-0.06045914536088404,0.0,-0.0004931604307473747,0.5
repeat_1_fold_3,GPKOW,0.0,0.0,0.0,0.0,0.0,0.0,0.0
repeat_1_fold_3,GPR143,0.019562110585370718,0.039124221170741436,0.019562110585370718,0.0,0.25,1.552457540288099e-05,0.5
repeat_1_fold_3,GPR37,0.0,0.0,0.0,0.0,0.0,0.0,0.0
repeat_1_fold_3,GRAP,-0.03022957268044202,0.06045914536088403,0.030229572680442015,-0.06045914536088404,0.0,-9.701516670443389e-05,0.5
repeat_1_fold_3,GRIA1,-0.04920533137358163,0.09841066274716327,0.049205331373581636,-0.09841066274716326,0.0,-0.00020700329174716536,1.0
repeat_1_fold_3,GRIK3,0.014149137029043857,0.18453406236604422,0.09226703118302211,-0.07811789415397825,0.25,-0.000695275361381531,0.5
repeat_1_fold_3,GRIK4,-0.03356056492068937,0.06712112984137875,0.03356056492068937,-0.06712112984137875,0.0,0.00027168006955011204,0.5
repeat_1_fold_3,GRIP2,0.0,0.0,0.0,0.0,0.0,-3.104915080570647e-05,0.5
repeat_1_fold_3,GRK3,0.0,0.0,0.0,0.0,0.0,0.0,0.0
repeat_1_fold_3,GRM6,0.02439421558493393,0.1061549233914551,0.05307746169572755,-0.02868324611079362,0.25,6.467677780289116e-05,0.5
repeat_1_fold_3,GRM7,0.0,0.0,0.0,0.0,0.0,0.0,0.0
repeat_1_fold_3,GSTM2,0.0,0.0,0.0,0.0,0.0,0.00013743815283120964,0.5
repeat_1_fold_3,GTF3C4,-0.05269010281169706,0.10538020562339412,0.05269010281169706,-0.10538020562339412,0.0,0.00018594573618338495,0.5
repeat_1_fold_3,GUCY1B1,-0.06574152873494654,0.07591177862411781,0.037955889312058906,-0.10369741804700544,0.0,-0.000266791708437103,0.5
repeat_1_fold_3,GUSB,0.0,0.0,0.0,0.0,0.0,0.0,0.5
repeat_1_fold_3,H1-2,0.0,0.0,0.0,0.0,0.0,-2.3931482152184103e-05,1.0
repeat_1_fold_3,H1-4,0.0,0.0,0.0,0.0,0.0,0.0,0.0
repeat_1_fold_3,H2AC4,0.023500146663735677,0.047000293327471354,0.023500146663735677,0.0,0.25,0.0002483932064458183,0.5
repeat_1_fold_3,H2AC6,0.0,0.0,0.0,0.0,0.0,0.0,0.0
repeat_1_fold_3,H2AC8,-0.09401971028157341,0.0629937210129098,0.0314968605064549,-0.1255165707880283,0.0,0.0008315317126249278,1.0
repeat_1_fold_3,H2AX,0.0,0.0,0.0,0.0,0.0,0.0,0.0
repeat_1_fold_3,H2BC21,0.0,0.0,0.0,0.0,0.0,0.0,0.0
repeat_1_fold_3,H2BC3,-0.08455941758136021,0.11196974673122319,0.055984873365611594,-0.1405442909469718,0.0,0.00015524575402864338,0.5
repeat_1_fold_3,H2BC4,0.0,0.0,0.0,0.0,0.0,-4.850758335223082e-05,0.5
repeat_1_fold_3,H2BC8,0.0,0.0,0.0,0.0,0.0,0.0,0.0
repeat_1_fold_3,H2BC9,0.0,0.0,0.0,0.0,0.0,-0.00014748346632717513,0.5
repeat_1_fold_3,H3C1,-0.11230566842149692,0.1548706430823201,0.07743532154116005,-0.18974098996265698,0.0,-0.0003366522977499842,1.0
repeat_1_fold_3,H3C2,0.0,0.0,0.0,0.0,0.0,0.0,0.0
repeat_1_fold_3,H3C7,0.23192146751865828,0.3840124103723584,0.1920062051861792,0.03991526233247908,0.5,-0.00025870711121175893,0.5
repeat_1_fold_3,HARS2,0.0,0.0,0.0,0.0,0.0,-4.042298612685902e-05,0.5
repeat_1_fold_3,HBA2,0.0,0.0,0.0,0.0,0.0,0.0,0.0
repeat_1_fold_3,HEBP2,0.0,0.0,0.0,0.0,0.0,0.0,0.0
repeat_1_fold_3,HERC1,-0.03022957268044202,0.06045914536088403,0.030229572680442015,-0.06045914536088404,0.0,5.659218057754711e-05,0.5
repeat_1_fold_3,HES1,0.0,0.0,0.0,0.0,0.0,0.0,0.0
repeat_1_fold_3,HEY2,0.0,0.0,0.0,0.0,0.0,0.0,0.0
repeat_1_fold_3,HIKESHI,0.0,0.0,0.0,0.0,0.0,0.0,0.0
repeat_1_fold_3,HLA-DMA,0.0,0.0,0.0,0.0,0.0,0.0,0.0
repeat_1_fold_3,HMGA1,0.620676677559219,0.8755377891507725,0.43776889457538626,0.1829077829838327,0.5,0.0004446528473951161,0.5
repeat_1_fold_3,HNF4A,0.0,0.0,0.0,0.0,0.0,0.0,0.0
repeat_1_fold_3,HNRNPC,0.093242579329047,0.3141099078841983,0.15705495394209915,-0.06381237461305214,0.25,0.0006153694585726288,1.0
repeat_1_fold_3,HNRNPH1,0.0,0.0,0.0,0.0,0.0,0.0,0.0
repeat_1_fold_3,HNRNPR,0.0,0.0,0.0,0.0,0.0,0.0,0.0
repeat_1_fold_3,HOMER3,0.13070561192215102,0.15333635194632053,0.07666817597316027,0.054037435948990756,0.5,0.0003881143850715807,0.5
repeat_1_fold_3,HOXA3,0.0,0.0,0.0,0.0,0.0,0.0,0.0
repeat_1_fold_3,HPS1,0.0,0.0,0.0,0.0,0.0,0.0,0.0
repeat_1_fold_3,HSD17B3,-0.04920533137358163,0.09841066274716327,0.049205331373581636,-0.09841066274716326,0.0,-8.084597225366252e-05,0.5
repeat_1_fold_3,HSP90AB1,0.0,0.0,0.0,0.0,0.0,-0.00028296090288781883,0.5
repeat_1_fold_3,HSPA4L,0.3729210670177032,0.435107263147305,0.2175536315736525,0.1553674354440507,0.5,-0.0002458147302543401,1.0
repeat_1_fold_3,HTATSF1,-0.03022957268044202,0.06045914536088403,0.030229572680442015,-0.06045914536088404,0.0,0.00022636872231024396,0.5
repeat_1_fold_3,IARS1,-0.027697757483725383,0.0606563568903555,0.03032817844517775,-0.058025935928903136,0.25,-0.00014748346632717513,0.5
repeat_1_fold_3,ID3,-0.03356056492068937,0.06712112984137875,0.03356056492068937,-0.06712112984137875,0.0,7.762287701440496e-06,0.5
repeat_1_fold_3,IDS,-0.11823000119138882,0.1403041721140148,0.0701520860570074,-0.18838208724839622,0.0,-6.048675399178416e-05,1.0
repeat_1_fold_3,IDUA,0.0,0.0,0.0,0.0,0.0,0.0,0.0
repeat_1_fold_3,IFITM3,0.0,0.0,0.0,0.0,0.0,0.0,0.0
repeat_1_fold_3,IFNA17,0.15102549004588894,0.3020509800917779,0.15102549004588894,0.0,0.25,-0.0007842059308605653,0.5
repeat_1_fold_3,IFT122,0.2312194131801526,0.553575070582217,0.2767875352911085,-0.0455681221109559,0.25,0.00011318436115509423,0.5
repeat_1_fold_3,IFT74,0.0,0.0,0.0,0.0,0.0,0.0,0.0
repeat_1_fold_3,IGFBP2,0.0,0.0,0.0,0.0,0.0,0.0,0.0
repeat_1_fold_3,IGLL1,0.20023082141947057,0.40046164283894115,0.20023082141947057,0.0,0.25,1.6169194450688096e-05,0.5
repeat_1_fold_3,IGLV3-19,0.0,0.0,0.0,0.0,0.0,-2.425379167611541e-05,0.5
repeat_1_fold_3,IGLV3-25,0.0,0.0,0.0,0.0,0.0,3.881143850717472e-05,0.5
repeat_1_fold_3,IL17RB,0.0,0.0,0.0,0.0,0.0,0.0001778611389580409,0.5
repeat_1_fold_3,IL1R2,0.0,0.0,0.0,0.0,0.0,0.0005335834168741505,0.5
repeat_1_fold_3,IL2RB,0.05526468561228626,0.06381416222986702,0.03190708111493351,0.023357604497352746,0.5,-0.00019403033340881226,0.5
repeat_1_fold_3,ING2,0.20023082141947057,0.40046164283894115,0.20023082141947057,0.0,0.25,0.00010509976392975018,0.5
repeat_1_fold_3,INHA,0.3359999919409127,0.31138289426422794,0.15569144713211397,0.1803085448087987,1.0,0.0004657372620858746,1.0
repeat_1_fold_3,INSIG2,0.0,0.0,0.0,0.0,0.0,0.0,0.0
repeat_1_fold_3,INTS3,0.0,0.0,0.0,0.0,0.0,0.0,0.0
repeat_1_fold_3,INTS7,0.0,0.0,0.0,0.0,0.0,4.0422986126803506e-05,0.5
repeat_1_fold_3,IPPK,-0.28130886518633424,0.2739030700721862,0.1369515350360931,-0.4182604002224274,0.0,-3.558834326780613e-05,1.0
repeat_1_fold_3,IQCB1,0.0,0.0,0.0,0.0,0.0,0.0,0.0
repeat_1_fold_3,IQCE,-0.03022957268044202,0.06045914536088403,0.030229572680442015,-0.06045914536088404,0.0,0.0001138289802029846,1.0
repeat_1_fold_3,IQGAP2,-0.04920533137358163,0.09841066274716327,0.049205331373581636,-0.09841066274716326,0.0,0.00012126895838046603,0.5
repeat_1_fold_3,IRAK3,-0.09841066274716326,0.11363484525640836,0.05681742262820418,-0.15522808537536745,0.0,8.893056947900657e-05,0.5
repeat_1_fold_3,IRF7,0.0,0.0,0.0,0.0,0.0,0.0,0.0
repeat_1_fold_3,ISCA1,0.0,0.0,0.0,0.0,0.0,0.0,0.0
repeat_1_fold_3,ITGA10,0.0,0.0,0.0,0.0,0.0,-6.467677780294667e-05,0.5
repeat_1_fold_3,ITGA8,0.0945870632332646,0.4912359468959716,0.2456179734479858,-0.1510309102147212,0.5,0.0007742411947455341,1.0
repeat_1_fold_3,ITGA9,0.0,0.0,0.0,0.0,0.0,0.0,0.0
repeat_1_fold_3,ITPA,-0.06045914536088404,0.06981220769816222,0.03490610384908111,-0.09536524920996514,0.0,-0.00030721469456393424,0.5
repeat_1_fold_3,KAT8,0.0,0.0,0.0,0.0,0.0,0.0002981900278937466,1.0
repeat_1_fold_3,KCNA5,-0.06712112984137875,0.07750480476446368,0.03875240238223184,-0.1058735322236106,0.0,9.768664487924683e-05,1.0
repeat_1_fold_3,KCNB1,0.014149137029043857,0.18453406236604422,0.09226703118302211,-0.07811789415397825,0.25,-0.0009135594864664309,0.5
repeat_1_fold_3,KCNG2,-0.09841066274716326,0.11363484525640836,0.05681742262820418,-0.15522808537536745,0.0,-4.8507583352203065e-05,0.5
repeat_1_fold_3,KCNJ15,0.02763234280614313,0.05526468561228625,0.027632342806143125,3.469446951953614e-18,0.25,-0.0006063447919024967,0.5
repeat_1_fold_3,KCNK7,0.0,0.0,0.0,0.0,0.0,-0.00020181948023720309,0.5
repeat_1_fold_3,KCNQ1,0.0,0.0,0.0,0.0,0.0,0.0,0.0
repeat_1_fold_3,KDM3A,0.0,0.0,0.0,0.0,0.0,0.00010090974011861542,0.5
repeat_1_fold_3,KDM5D,0.0,0.0,0.0,0.0,0.0,0.0,0.0
repeat_1_fold_3,KIF14,0.48204552240504306,0.3139227161916601,0.15696135809583006,0.325084164309213,1.0,0.00039101517078696246,1.0
repeat_1_fold_3,KIF1A,0.0,0.0,0.0,0.0,0.0,0.0,0.0
repeat_1_fold_3,KIF2C,0.054755245347170245,0.06322591128146549,0.03161295564073274,0.023142289706437502,0.5,7.762287701468251e-06,0.5
repeat_1_fold_3,KIF3A,0.0,0.0,0.0,0.0,0.0,0.0,0.0
repeat_1_fold_3,KIF4A,0.0,0.0,0.0,0.0,0.0,0.0001241966032229369,0.5
repeat_1_fold_3,KIR2DS4,0.16127300474571982,0.4327145190469007,0.21635725952345036,-0.055084254777730546,0.25,0.0001940303334087845,0.5
repeat_1_fold_3,KIR3DS1,0.0,0.0,0.0,0.0,0.0,0.0005588847145030773,0.5
repeat_1_fold_3,KLC1,0.14628558271181724,0.2254355060466519,0.11271775302332596,0.033567829688491285,0.5,-0.00010867202782002816,0.5
repeat_1_fold_3,KLHDC10,0.0,0.0,0.0,0.0,0.0,1.391302778316894e-05,1.0
repeat_1_fold_3,KLHDC3,0.0,0.0,0.0,0.0,0.0,-0.0005976961530101965,0.5
repeat_1_fold_3,KLHL21,-0.08027848380510783,0.09818518092380563,0.04909259046190281,-0.12937107426701064,0.0,-2.7755575615628914e-17,0.5
repeat_1_fold_3,KLHL5,0.0,0.0,0.0,0.0,0.0,-0.00030721469456393424,0.5
repeat_1_fold_3,KLHL9,0.0,0.0,0.0,0.0,0.0,-5.43360139100002e-05,0.5
repeat_1_fold_3,KLK13,0.0,0.0,0.0,0.0,0.0,-0.0002926570477328472,1.0
repeat_1_fold_3,KLK2,0.0,0.0,0.0,0.0,0.0,-0.00044465284739517164,0.5
repeat_1_fold_3,KLRB1,-0.0873155621535826,0.17485407345928425,0.08742703672964212,-0.17474259888322474,0.25,0.0002086148393668219,1.0
repeat_1_fold_3,KNL1,-0.0894886154182597,0.059669805437326764,0.029834902718663382,-0.11932351813692307,0.0,4.657372620861522e-05,1.0
repeat_1_fold_3,KPNA2,0.06335446840262549,0.12670893680525097,0.06335446840262549,0.0,0.25,0.00011318436115509423,0.5
repeat_1_fold_3,KPNA6,0.1786578328520303,0.3573156657040606,0.1786578328520303,0.0,0.25,8.084597225363477e-05,0.5
repeat_1_fold_3,KRT36,0.14329312555855545,0.13001297764308073,0.06500648882154036,0.07828663673701508,0.75,-0.0004711896648657843,1.0
repeat_1_fold_3,KRT5,0.0,0.0,0.0,0.0,0.0,0.0,0.0
repeat_1_fold_3,KRT85,0.0,0.0,0.0,0.0,0.0,0.0,0.0
repeat_1_fold_3,KYAT1,0.13543858124960373,0.27087716249920746,0.13543858124960373,0.0,0.25,0.0006801805320105492,1.0
repeat_1_fold_3,KYAT3,0.0,0.0,0.0,0.0,0.0,0.0,0.0
repeat_1_fold_3,L2HGDH,0.0,0.0,0.0,0.0,0.0,0.0,0.0
repeat_1_fold_3,LAMTOR5,0.0,0.0,0.0,0.0,0.0,-2.328686310429373e-05,0.5
repeat_1_fold_3,LARS1,0.006061858923755992,0.09344228697724528,0.04672114348862264,-0.04065928456486665,0.25,-0.00040363896047440617,0.5
repeat_1_fold_3,LETM1,0.28924369303654096,0.5784873860730819,0.28924369303654096,0.0,0.25,0.0005497526113248941,0.5
repeat_1_fold_3,LHX3,0.0,0.0,0.0,0.0,0.0,0.0,0.0
repeat_1_fold_3,LIMK2,-0.09597110141538678,0.12131560183129234,0.06065780091564617,-0.15662890233103294,0.0,0.0001616919445072973,0.5
repeat_1_fold_3,LMAN2L,0.0,0.0,0.0,0.0,0.0,0.0,0.0
repeat_1_fold_3,LOX,0.0,0.0,0.0,0.0,0.0,0.0,0.0
repeat_1_fold_3,LOXL2,0.03316837750660895,0.03829954336404761,0.019149771682023805,0.014018605824585143,0.5,0.00014748346632720288,0.5
repeat_1_fold_3,LPCAT3,0.0,0.0,0.0,0.0,0.0,7.762287701434945e-05,0.5
repeat_1_fold_3,LRP5,0.0,0.0,0.0,0.0,0.0,0.0,0.0
repeat_1_fold_3,LSM3,0.0,0.0,0.0,0.0,0.0,-0.00031529929178930605,0.5
repeat_1_fold_3,LSM4,0.13280032602985692,0.4059621120781221,0.20298105603906105,-0.07018073000920413,0.75,0.0007521898514829817,1.0
repeat_1_fold_3,LTBP2,0.0,0.0,0.0,0.0,0.0,0.0,0.0
repeat_1_fold_3,LY6D,0.26358528982209783,0.5271705796441957,0.26358528982209783,0.0,0.25,0.0001697765417326691,0.5
repeat_1_fold_3,LYPD1,0.048379894433900006,0.2076878473977913,0.10384392369889565,-0.05546402926499565,0.5,0.0008428125459626901,1.0
repeat_1_fold_3,LYZ,0.0,0.0,0.0,0.0,0.0,0.0002858885477302342,1.0
repeat_1_fold_3,MAD2L1,-0.1592279349457968,0.1853444437586038,0.0926722218793019,-0.2519001568250987,0.0,0.0018513727646088385,0.5
repeat_1_fold_3,MAF,0.0,0.0,0.0,0.0,0.0,0.0,0.0
repeat_1_fold_3,MAFF,0.0,0.0,0.0,0.0,0.0,0.0,0.0
repeat_1_fold_3,MAGI2,0.14000990704935035,0.1671055605188127,0.08355278025940635,0.056457126789943995,0.5,0.0006529990954920184,1.0
repeat_1_fold_3,MAML3,-0.010362687741974241,0.020725375483948483,0.010362687741974241,-0.020725375483948483,0.0,-5.7908277800278185e-05,1.0
repeat_1_fold_3,MAN2A2,0.0,0.0,0.0,0.0,0.0,-1.6169194450743607e-05,0.5
repeat_1_fold_3,MAN2B1,0.03312489572218347,0.06624979144436693,0.03312489572218347,0.0,0.25,0.000622513986353157,0.5
repeat_1_fold_3,MAP3K8,0.0,0.0,0.0,0.0,0.0,-7.76228770141274e-06,0.5
repeat_1_fold_3,MAPK10,0.0,0.0,0.0,0.0,0.0,0.0,0.0
repeat_1_fold_3,MAPK11,0.0,0.0,0.0,0.0,0.0,6.98605893128812e-05,0.5
repeat_1_fold_3,MAPK14,0.0,0.0,0.0,0.0,0.0,0.0001697765417326691,0.5
repeat_1_fold_3,MAPK6,0.0,0.0,0.0,0.0,0.0,0.0,0.0
repeat_1_fold_3,MAPKAP1,0.0035388561377054373,0.04855705339582836,0.02427852669791418,-0.020739670560208742,0.25,-5.43360139100002e-05,0.5
repeat_1_fold_3,MAPT,0.054755245347170245,0.06322591128146549,0.03161295564073274,0.023142289706437502,0.5,0.0001785326171329371,0.5
repeat_1_fold_3,MAS1,0.0,0.0,0.0,0.0,0.0,0.0,0.0
repeat_1_fold_3,MAT1A,0.0,0.0,0.0,0.0,0.0,0.0,0.0
repeat_1_fold_3,MATN1,0.0,0.0,0.0,0.0,0.0,0.0,0.0
repeat_1_fold_3,MAVS,0.0,0.0,0.0,0.0,0.0,0.0,0.0
repeat_1_fold_3,MBD2,0.0,0.0,0.0,0.0,0.0,-0.0001616919445073528,0.5
repeat_1_fold_3,MBTPS2,0.0,0.0,0.0,0.0,0.0,-0.0003363568473530032,1.0
repeat_1_fold_3,MCAM,0.016584188753304474,0.03316837750660895,0.016584188753304474,0.0,0.25,-0.000371918331493859,1.0
repeat_1_fold_3,MCAT,0.0,0.0,0.0,0.0,0.0,-0.00020211493063418406,0.5
repeat_1_fold_3,MCCC1,0.0,0.0,0.0,0.0,0.0,-3.104915080570647e-05,0.5
repeat_1_fold_3,MCM3,-0.06310033704791529,0.07298953644293403,0.036494768221467015,-0.09959510526938231,0.0,-0.00018014416475259365,1.0
repeat_1_fold_3,MCM4,-0.04920533137358163,0.09841066274716327,0.049205331373581636,-0.09841066274716326,0.0,0.0010788505539909843,1.0
repeat_1_fold_3,ME1,-0.027582435629199153,0.03184945327084731,0.015924726635423655,-0.04350716226462281,0.0,4.267915279437817e-05,1.0
repeat_1_fold_3,MECR,-0.06045914536088404,0.06981220769816222,0.03490610384908111,-0.09536524920996514,0.0,-0.00014552275005663695,0.5
repeat_1_fold_3,MED25,0.0,0.0,0.0,0.0,0.0,-3.362762699718469e-05,1.0
repeat_1_fold_3,MED31,0.0,0.0,0.0,0.0,0.0,0.0,0.0
repeat_1_fold_3,MEX3C,0.0,0.0,0.0,0.0,0.0,0.0,0.0
repeat_1_fold_3,MFAP4,0.0,0.0,0.0,0.0,0.0,0.0,0.0
repeat_1_fold_3,MFN1,0.12670893680525097,0.14631087754648583,0.07315543877324292,0.053553498032008054,0.5,-0.0002528786806539063,1.0
repeat_1_fold_3,MGAT4C,0.0,0.0,0.0,0.0,0.0,-5.659218057757487e-05,0.5
repeat_1_fold_3,MGAT5,0.0,0.0,0.0,0.0,0.0,0.0,0.0
repeat_1_fold_3,MGLL,0.10575409800784286,0.12211431390546829,0.06105715695273414,0.04469694105510871,0.5,-7.76228770141274e-06,1.0
repeat_1_fold_3,MGST2,0.0,0.0,0.0,0.0,0.0,0.0,0.0
repeat_1_fold_3,MICAL1,0.0,0.0,0.0,0.0,0.0,0.00010090974011864318,0.5
repeat_1_fold_3,MITF,0.0,0.0,0.0,0.0,0.0,0.0,0.0
repeat_1_fold_3,MMP3,0.0,0.0,0.0,0.0,0.0,0.0,0.0
repeat_1_fold_3,MMP7,0.2942577276678744,0.37435491383726266,0.18717745691863133,0.10708027074924306,0.5,-0.0006386831808039561,0.5
repeat_1_fold_3,MPIG6B,0.0,0.0,0.0,0.0,0.0,0.0,0.0
repeat_1_fold_3,MRM2,-0.06528576702497979,0.1704041347969173,0.08520206739845865,-0.15048783442343844,0.25,-0.0006144293891278685,0.5
repeat_1_fold_3,MRPL20,0.0,0.0,0.0,0.0,0.0,0.0,0.0
repeat_1_fold_3,MRPL39,0.0,0.0,0.0,0.0,0.0,0.0,0.0
repeat_1_fold_3,MRPL46,0.0,0.0,0.0,0.0,0.0,0.00010090974011864318,0.5
repeat_1_fold_3,MRPS31,0.45177844926783095,0.5216688185977078,0.2608344092988539,0.19094403996897708,0.5,9.701516670437837e-05,0.5
repeat_1_fold_3,MSMO1,0.0,0.0,0.0,0.0,0.0,-2.3286863104265976e-05,0.5
repeat_1_fold_3,MSRA,0.0,0.0,0.0,0.0,0.0,0.0,0.0
repeat_1_fold_3,MST1R,0.0,0.0,0.0,0.0,0.0,0.00046890663907123153,0.5
repeat_1_fold_3,MT1E,0.0886219968385138,0.11047955955739917,0.05523977977869959,0.03338221705981421,0.5,-0.00023670948620316268,1.0
repeat_1_fold_3,MT1G,0.0,0.0,0.0,0.0,0.0,-2.425379167611541e-05,0.5
repeat_1_fold_3,MT2A,-0.08625336933005379,0.13908281718707077,0.06954140859353539,-0.15579477792358917,0.0,-0.00041140124817584667,0.5
repeat_1_fold_3,MTERF1,0.0,0.0,0.0,0.0,0.0,0.0,0.0
repeat_1_fold_3,MTERF3,0.0,0.0,0.0,0.0,0.0,0.0,0.0
repeat_1_fold_3,MTF2,0.1810923431899436,0.4147934683172782,0.2073967341586391,-0.026304390968695496,0.25,7.276137502831848e-05,1.0
repeat_1_fold_3,MTHFD2,-0.055038252325150694,0.30351999545908215,0.15175999772954107,-0.20679825005469177,0.25,0.001277366361607829,0.5
repeat_1_fold_3,MTMR2,0.0,0.0,0.0,0.0,0.0,-0.00011318436115514974,0.5
repeat_1_fold_3,MTMR4,-0.05346465863919114,0.11491974315565053,0.05745987157782526,-0.1109245302170164,0.25,-0.00017106577982844984,1.0
repeat_1_fold_3,MTMR7,0.40046164283894115,0.4624132745863649,0.23120663729318244,0.1692550055457587,0.5,-9.99159524197879e-05,1.0
repeat_1_fold_3,MTNR1A,0.0,0.0,0.0,0.0,0.0,0.0,0.0
repeat_1_fold_3,MTTP,0.08056085824815895,0.10796712411514495,0.05398356205757247,0.026577296190586477,0.5,-3.881143850711921e-05,0.5
repeat_1_fold_3,MUC5AC,-0.1380493396356144,0.15940564680014407,0.07970282340007204,-0.21775216303568642,0.0,-4.042298612683126e-05,0.5
repeat_1_fold_3,MUL1,0.0,0.0,0.0,0.0,0.0,0.0,0.0
repeat_1_fold_3,MUSK,0.0,0.0,0.0,0.0,0.0,1.616919445071585e-05,0.5
repeat_1_fold_3,MYBPC1,0.0,0.0,0.0,0.0,0.0,0.0,0.0
repeat_1_fold_3,MYL10,0.0,0.0,0.0,0.0,0.0,0.0,0.0
repeat_1_fold_3,MYO9B,0.0,0.0,0.0,0.0,0.0,0.0,0.0
repeat_1_fold_3,NAGK,0.0,0.0,0.0,0.0,0.0,0.0,0.0
repeat_1_fold_3,NARS2,-0.03505619434453777,0.11109463890503775,0.055547319452518874,-0.09060351379705664,0.25,-0.0005740064030010095,0.5
repeat_1_fold_3,NAT8,0.016584188753304474,0.03316837750660895,0.016584188753304474,0.0,0.25,7.762287701468251e-06,0.5
repeat_1_fold_3,NBR1,0.0,0.0,0.0,0.0,0.0,0.00010090974011864318,0.5
repeat_1_fold_3,NCAN,0.0,0.0,0.0,0.0,0.0,0.0,0.0
repeat_1_fold_3,NCOA1,-0.09420030810518121,0.11741812374584912,0.05870906187292456,-0.15290936997810578,0.0,-0.00010346135718311555,1.0
repeat_1_fold_3,NDN,-0.09841066274716326,0.11363484525640836,0.05681742262820418,-0.15522808537536745,0.0,-0.0003718914723668809,0.5
repeat_1_fold_3,NDRG1,-0.07265699379630775,0.11391704194534583,0.05695852097267291,-0.12961551476898064,0.25,-0.0001458719187075186,1.0
repeat_1_fold_3,NDUFB11,-0.10100789262146392,0.1501048384713485,0.07505241923567425,-0.17606031185713816,0.0,0.0001076782401212284,1.0
repeat_1_fold_3,NDUFB3,0.0,0.0,0.0,0.0,0.0,0.0,0.0
repeat_1_fold_3,NDUFC2,0.0,0.0,0.0,0.0,0.0,-0.00019403033340881226,0.5
repeat_1_fold_3,NEB,-0.03356056492068937,0.06712112984137875,0.03356056492068937,-0.06712112984137875,0.0,-4.657372620855971e-05,0.5
repeat_1_fold_3,NECAP1,0.0,0.0,0.0,0.0,0.0,0.0,0.0
repeat_1_fold_3,NEDD4L,0.0,0.0,0.0,0.0,0.0,0.0,0.0
repeat_1_fold_3,NEIL3,0.0,0.0,0.0,0.0,0.0,-0.00012126895838052154,0.5
repeat_1_fold_3,NEK9,0.3836893124057834,0.40627154350876876,0.20313577175438438,0.18055354065139903,0.75,-0.0002506225139863316,1.0
repeat_1_fold_3,NF1,0.0,0.0,0.0,0.0,0.0,0.0,0.0
repeat_1_fold_3,NFIB,0.0,0.0,0.0,0.0,0.0,0.0,0.0
repeat_1_fold_3,NGRN,0.016584188753304474,0.03316837750660895,0.016584188753304474,0.0,0.25,0.00035674292474191516,1.0
repeat_1_fold_3,NHP2,-0.03041017050404804,0.06082034100809608,0.03041017050404804,-0.06082034100809608,0.0,4.0422986126803506e-05,0.5
repeat_1_fold_3,NIPAL3,-0.1011706121578495,0.11688938614812895,0.058444693074064476,-0.15961530523191397,0.0,-0.0001697765417327246,0.5
repeat_1_fold_3,NIPBL,0.0,0.0,0.0,0.0,0.0,0.0,0.0
repeat_1_fold_3,NISCH,0.0,0.0,0.0,0.0,0.0,-1.6169194450743607e-05,0.5
repeat_1_fold_3,NLRP3,0.20023082141947057,0.40046164283894115,0.20023082141947057,0.0,0.25,-0.00024218874811007818,1.0
repeat_1_fold_3,NMU,0.0,0.0,0.0,0.0,0.0,-7.276137502831848e-05,0.5
repeat_1_fold_3,NOTCH2,0.20023082141947057,0.40046164283894115,0.20023082141947057,0.0,0.25,9.80089544032059e-05,1.0
repeat_1_fold_3,NPC1,0.0,0.0,0.0,0.0,0.0,-4.657372620858746e-05,0.5
repeat_1_fold_3,NPEPPS,0.0,0.0,0.0,0.0,0.0,0.0002470771092230595,1.0
repeat_1_fold_3,NPHS2,0.0,0.0,0.0,0.0,0.0,0.0,0.0
repeat_1_fold_3,NPLOC4,0.0,0.0,0.0,0.0,0.0,0.0,0.0
repeat_1_fold_3,NPM1,-0.11390476455000886,0.140484635060575,0.0702423175302875,-0.18414708208029637,0.0,-0.0002719218016930536,1.0
repeat_1_fold_3,NPRL3,0.0,0.0,0.0,0.0,0.0,0.0,0.0
repeat_1_fold_3,NR1H3,0.0,0.0,0.0,0.0,0.0,0.0,0.0
repeat_1_fold_3,NR1I2,0.016584188753304474,0.03316837750660895,0.016584188753304474,0.0,0.25,0.00045021268668304915,0.5
repeat_1_fold_3,NR2F6,0.0,0.0,0.0,0.0,0.0,-0.00019403033340881226,0.5
repeat_1_fold_3,NR3C2,0.15723179865249293,0.4044801710185453,0.20224008550927264,-0.04500828685677971,0.75,-0.0003085307917866653,1.0
repeat_1_fold_3,NRP2,-0.09597110141538678,0.12131560183129234,0.06065780091564617,-0.15662890233103294,0.0,8.893056947900657e-05,0.5
repeat_1_fold_3,NRXN3,0.0,0.0,0.0,0.0,0.0,0.0,0.0
repeat_1_fold_3,NSL1,0.04814547400738789,0.1212360694562847,0.06061803472814235,-0.012472560720754464,0.25,0.00012516353179467532,1.0
repeat_1_fold_3,NSMAF,0.0,0.0,0.0,0.0,0.0,-0.00015524575402861562,0.5
repeat_1_fold_3,NUBP2,0.0,0.0,0.0,0.0,0.0,-5.659218057757487e-05,0.5
repeat_1_fold_3,NUDT4,0.02763234280614313,0.05526468561228625,0.027632342806143125,3.469446951953614e-18,0.25,0.0002587071112117034,0.5
repeat_1_fold_3,NUP58,0.0,0.0,0.0,0.0,0.0,2.3286863104321487e-05,0.5
repeat_1_fold_3,ODC1,0.0,0.0,0.0,0.0,0.0,0.0,0.0
repeat_1_fold_3,OIP5,0.0,0.0,0.0,0.0,0.0,-6.467677780294667e-05,0.5
repeat_1_fold_3,OPN1SW,-0.04487709844977772,0.05252093025552713,0.026260465127763564,-0.07113756357754128,0.0,-0.00035926768267940945,1.0
repeat_1_fold_3,OR10H3,0.0,0.0,0.0,0.0,0.0,0.0,0.0
repeat_1_fold_3,OR2B2,0.0,0.0,0.0,0.0,0.0,0.0,0.0
repeat_1_fold_3,OR3A3,0.0,0.0,0.0,0.0,0.0,0.0,0.0
repeat_1_fold_3,ORC3,0.0,0.0,0.0,0.0,0.0,0.00027944235725155253,0.5
repeat_1_fold_3,ORMDL2,-0.3918667806133893,0.4978810577329447,0.24894052886647236,-0.6408073094798616,0.0,-0.0004269258235786999,0.5
repeat_1_fold_3,OSBPL10,-0.04920533137358163,0.09841066274716327,0.049205331373581636,-0.09841066274716326,0.0,0.0002829609028877911,0.5
repeat_1_fold_3,OSBPL7,0.019562110585370718,0.039124221170741436,0.019562110585370718,0.0,0.25,0.00039587667277299343,0.5
repeat_1_fold_3,OSMR,-0.02549942633033453,0.05099885266066906,0.02549942633033453,-0.05099885266066906,0.0,-0.00024063091874435005,0.5
repeat_1_fold_3,OSTF1,0.0,0.0,0.0,0.0,0.0,0.0,0.0
repeat_1_fold_3,OTUB1,-0.060209709833456415,0.09340831344342973,0.046704156721714865,-0.10691386655517128,0.0,0.00041231445849365667,0.5
repeat_1_fold_3,OTUD3,0.0,0.0,0.0,0.0,0.0,-0.00010509976392977793,0.5
repeat_1_fold_3,OXSM,0.0,0.0,0.0,0.0,0.0,0.0,0.0
repeat_1_fold_3,P2RX6,0.0,0.0,0.0,0.0,0.0,0.0,0.0
repeat_1_fold_3,P2RY14,0.0,0.0,0.0,0.0,0.0,0.0,0.0
repeat_1_fold_3,P3H2,0.2718214074113341,0.3177305601836519,0.15886528009182596,0.11295612731950813,0.5,-0.00013743815283126515,0.5
repeat_1_fold_3,P4HB,-0.013791217814599577,0.027582435629199157,0.013791217814599578,-0.027582435629199153,0.0,0.00010867202782005592,0.5
repeat_1_fold_3,PACSIN2,-0.02962952136890884,0.05925904273781768,0.02962952136890884,-0.05925904273781768,0.0,4.270601192135626e-05,1.0
repeat_1_fold_3,PACSIN3,0.0,0.0,0.0,0.0,0.0,0.0,0.0
repeat_1_fold_3,PAF1,-0.05004891112466581,0.10009782224933161,0.05004891112466581,-0.10009782224933161,0.0,-0.00023445331953564352,0.5
repeat_1_fold_3,PALS1,0.0,0.0,0.0,0.0,0.0,0.0,0.0
repeat_1_fold_3,PAPOLG,0.0,0.0,0.0,0.0,0.0,0.0,0.0
repeat_1_fold_3,PAPPA2,-0.02962952136890884,0.05925904273781768,0.02962952136890884,-0.05925904273781768,0.0,0.00011643431552149641,0.5
repeat_1_fold_3,PAPSS1,0.0,0.0,0.0,0.0,0.0,0.0,0.0
repeat_1_fold_3,PARP1,0.0,0.0,0.0,0.0,0.0,-3.2338388901487214e-05,0.5
repeat_1_fold_3,PARP2,0.0933702564409522,0.12407051727935807,0.062035258639679035,0.03133499780127317,0.5,0.0005578372085502381,0.5
repeat_1_fold_3,PARVA,0.0,0.0,0.0,0.0,0.0,0.0,0.0
repeat_1_fold_3,PCBP2,0.023483893619733465,0.11865846769341053,0.059329233846705264,-0.0358453402269718,0.5,-0.0003062209068651067,1.0
repeat_1_fold_3,PCDH7,0.04617233314697344,0.07265937404188708,0.03632968702094354,0.009842646126029905,0.5,0.0002037533373808187,1.0
repeat_1_fold_3,PCK2,0.0,0.0,0.0,0.0,0.0,0.00032338388901462234,0.5
repeat_1_fold_3,PCMT1,0.048379894433900006,0.2076878473977913,0.10384392369889565,-0.05546402926499565,0.5,-0.00044430367874420673,1.0
repeat_1_fold_3,PCYOX1L,-0.0011087721461997546,0.02590519766807208,0.01295259883403604,-0.014061370980235795,0.25,-0.0005335834168741782,0.5
repeat_1_fold_3,PDAP1,0.11176134612003885,0.18744791704733874,0.09372395852366937,0.018037387596369484,0.5,0.00012419660322290915,0.5
repeat_1_fold_3,PDCD11,0.014149137029043857,0.028298274058087713,0.014149137029043857,0.0,0.25,6.467677780289116e-05,0.5
repeat_1_fold_3,PDCD4,-0.05099885266066906,0.058888402623998685,0.029444201311999343,-0.0804430539726684,0.0,-0.0001940571925357626,0.5
repeat_1_fold_3,PDE10A,0.40046164283894115,0.4624132745863649,0.23120663729318244,0.1692550055457587,0.5,8.084597225366252e-05,0.5
repeat_1_fold_3,PDE4B,0.0,0.0,0.0,0.0,0.0,0.0,0.0
repeat_1_fold_3,PDIA2,0.303588289135579,0.3604591260672982,0.1802295630336491,0.12335872610192991,1.0,0.0003311730358430687,1.0
repeat_1_fold_3,PDS5B,0.11412142316884655,0.1317760687736735,0.06588803438683676,0.04823338878200979,0.5,2.7755575615628914e-17,0.5
repeat_1_fold_3,PDSS1,0.0,0.0,0.0,0.0,0.0,-2.4253791676143166e-05,0.5
repeat_1_fold_3,PEA15,0.0,0.0,0.0,0.0,0.0,0.0,0.0
repeat_1_fold_3,PES1,0.0,0.0,0.0,0.0,0.0,0.00011318436115509423,0.5
repeat_1_fold_3,PEX11A,-0.027582435629199153,0.03184945327084731,0.015924726635423655,-0.04350716226462281,0.0,0.0,0.5
repeat_1_fold_3,PEX2,0.0,0.0,0.0,0.0,0.0,0.00021734405564008408,0.5
repeat_1_fold_3,PEX6,0.0,0.0,0.0,0.0,0.0,-0.0003493029465643782,0.5
repeat_1_fold_3,PGK2,0.0,0.0,0.0,0.0,0.0,0.0,0.0
repeat_1_fold_3,PGM3,0.24319103791529706,0.3647195107372786,0.1823597553686393,0.06083128254665776,0.5,-6.760442264533428e-05,1.0
repeat_1_fold_3,PHB2,-0.013791217814599577,0.027582435629199157,0.013791217814599578,-0.027582435629199153,0.0,0.00012419660322290915,0.5
repeat_1_fold_3,PHLPP1,0.11412142316884655,0.1317760687736735,0.06588803438683676,0.04823338878200979,0.5,0.0006057538911085902,1.0
repeat_1_fold_3,PHLPP2,0.0,0.0,0.0,0.0,0.0,0.0,0.0
repeat_1_fold_3,PI4KA,0.0079713802332666,0.0159427604665332,0.0079713802332666,0.0,0.25,-0.0007033599586069028,0.5
repeat_1_fold_3,PI4KB,-0.02962952136890884,0.05925904273781768,0.02962952136890884,-0.05925904273781768,0.0,-0.00045797497438443413,0.5
repeat_1_fold_3,PIAS4,0.0,0.0,0.0,0.0,0.0,0.0,0.0
repeat_1_fold_3,PIGR,0.0,0.0,0.0,0.0,0.0,-7.76228770141274e-06,0.5
repeat_1_fold_3,PIGT,0.0,0.0,0.0,0.0,0.0,3.104915080576198e-05,0.5
repeat_1_fold_3,PIK3C2A,-0.0928196076585035,0.12037775321306761,0.060188876606533805,-0.1530084842650373,0.0,-3.8139960332306266e-05,1.0
repeat_1_fold_3,PIK3C2G,0.0,0.0,0.0,0.0,0.0,0.0,0.0
repeat_1_fold_3,PIK3R3,-0.008680817150523268,0.16967513996064257,0.08483756998032128,-0.09351838713084455,0.25,0.0009194147761511784,1.0
repeat_1_fold_3,PIKFYVE,0.0,0.0,0.0,0.0,0.0,0.0,0.0
repeat_1_fold_3,PIM1,0.10403424863355859,0.12832364098461724,0.06416182049230862,0.03987242814124997,0.5,0.00033955308346536595,0.5
repeat_1_fold_3,PIP5K1A,0.2787468702094369,0.348659888976343,0.1743299444881715,0.1044169257212654,0.5,0.0005578372085502659,0.5
repeat_1_fold_3,PITX2,0.0,0.0,0.0,0.0,0.0,0.0,0.0
repeat_1_fold_3,PJA1,0.0,0.0,0.0,0.0,0.0,0.0,0.0
repeat_1_fold_3,PKLR,0.0,0.0,0.0,0.0,0.0,8.538516471576219e-05,0.5
repeat_1_fold_3,PKM,0.05378465656549025,0.41611923895092134,0.20805961947546067,-0.15427496290997042,0.5,-0.0005750539089537932,1.0
repeat_1_fold_3,PKN1,0.0,0.0,0.0,0.0,0.0,0.0,0.0
repeat_1_fold_3,PKN2,0.0,0.0,0.0,0.0,0.0,0.0,0.0
repeat_1_fold_3,PLA2G4C,0.0,0.0,0.0,0.0,0.0,6.467677780291892e-05,0.5
repeat_1_fold_3,PLA2G5,0.0,0.0,0.0,0.0,0.0,-9.701516670443389e-05,0.5
repeat_1_fold_3,PLA2R1,0.0,0.0,0.0,0.0,0.0,0.0,0.0
repeat_1_fold_3,PLAC8,0.0,0.0,0.0,0.0,0.0,0.0,0.0
repeat_1_fold_3,PLCB3,0.0,0.0,0.0,0.0,0.0,0.0,0.0
repeat_1_fold_3,PLCB4,0.0,0.0,0.0,0.0,0.0,0.0,0.0
repeat_1_fold_3,PLCG2,-0.14577057701262675,0.1931554453149528,0.0965777226574764,-0.24234829967010313,0.0,-0.00021019952785955587,0.5
repeat_1_fold_3,PLEKHG6,0.0,0.0,0.0,0.0,0.0,0.0,0.0
repeat_1_fold_3,PLIN3,0.0,0.0,0.0,0.0,0.0,0.0,0.0
repeat_1_fold_3,PLPP1,0.05526468561228626,0.06381416222986702,0.03190708111493351,0.023357604497352746,0.5,-8.893056947906208e-05,0.5
repeat_1_fold_3,PLXNA2,0.03820095291370684,0.07640190582741369,0.03820095291370684,0.0,0.25,0.0002748763056624193,0.5
repeat_1_fold_3,PMEL,-0.027582435629199153,0.03184945327084731,0.015924726635423655,-0.04350716226462281,0.0,-4.657372620855971e-05,0.5
repeat_1_fold_3,PMF1,0.0,0.0,0.0,0.0,0.0,0.0,0.0
repeat_1_fold_3,PMM1,0.0,0.0,0.0,0.0,0.0,0.0,0.0
repeat_1_fold_3,PMPCB,-0.0051944597485977795,0.005998045468295207,0.0029990227341476034,-0.008193482482745384,0.0,-0.0006283424169110097,1.0
repeat_1_fold_3,PMVK,0.0,0.0,0.0,0.0,0.0,0.0,0.0
repeat_1_fold_3,PODXL2,0.2128442768459351,0.24577140106494372,0.12288570053247186,0.08995857631346324,0.5,0.00025615549414723104,0.5
repeat_1_fold_3,POFUT1,0.0,0.0,0.0,0.0,0.0,0.00027944235725155253,0.5
repeat_1_fold_3,POFUT2,0.0,0.0,0.0,0.0,0.0,0.0,0.0
repeat_1_fold_3,POLH,-0.06319008628959466,0.12638017257918932,0.06319008628959466,-0.12638017257918932,0.0,-9.314745241714717e-05,0.5
repeat_1_fold_3,POLR2G,-0.06712112984137875,0.07750480476446368,0.03875240238223184,-0.1058735322236106,0.0,0.00013195889092434965,0.5
repeat_1_fold_3,POLR3E,0.029478275955225897,0.09920227394123805,0.04960113697061903,-0.02012286101539313,0.25,-0.00015589037307647824,1.0
repeat_1_fold_3,POLR3F,0.0,0.0,0.0,0.0,0.0,0.0,0.0
repeat_1_fold_3,POLR3G,0.06179368091187598,0.12358736182375196,0.06179368091187598,0.0,0.25,0.00020181948023723084,0.5
repeat_1_fold_3,POLR3K,0.0,0.0,0.0,0.0,0.0,-3.2338388901487214e-05,0.5
repeat_1_fold_3,POMGNT1,0.0,0.0,0.0,0.0,0.0,0.00019405719253579035,0.5
repeat_1_fold_3,PON3,0.0,0.0,0.0,0.0,0.0,0.0,0.0
repeat_1_fold_3,PPFIBP2,-0.07646603991520173,0.06784780990287946,0.03392390495143973,-0.11038994486664147,0.25,0.0008260255915910619,1.0
repeat_1_fold_3,PPIL6,0.0,0.0,0.0,0.0,0.0,0.0,0.0
repeat_1_fold_3,PPIP5K1,-0.02962952136890884,0.05925904273781768,0.02962952136890884,-0.05925904273781768,0.0,-0.0001862949048343221,0.5
repeat_1_fold_3,PPM1A,0.0,0.0,0.0,0.0,0.0,-5.6592180577602624e-05,0.5
repeat_1_fold_3,PPM1D,0.0,0.0,0.0,0.0,0.0,0.0,0.0
repeat_1_fold_3,PPP1CA,0.0,0.0,0.0,0.0,0.0,-0.0001539565159328904,1.0
repeat_1_fold_3,PPP1R13B,0.3069072804753237,0.3499601072561026,0.1749800536280513,0.13192722684727237,0.75,0.0005025879843224279,1.0
repeat_1_fold_3,PPP2CB,0.0,0.0,0.0,0.0,0.0,-0.0005901755974517531,0.5
repeat_1_fold_3,PPP6C,0.0,0.0,0.0,0.0,0.0,3.233838890145946e-05,0.5
repeat_1_fold_3,PRF1,-0.03022957268044202,0.06045914536088403,0.030229572680442015,-0.06045914536088404,0.0,-0.00044465284739517164,0.5
repeat_1_fold_3,PRKAG2,-0.03287076436747327,0.06574152873494654,0.03287076436747327,-0.06574152873494654,0.0,0.0001536073472819255,0.5
repeat_1_fold_3,PRKCZ,-0.165531792588542,0.03613004049194468,0.01806502024597234,-0.18359681283451434,0.0,0.00017557811316354366,1.0
repeat_1_fold_3,PRKD1,0.0,0.0,0.0,0.0,0.0,-0.00024253791676101533,0.5
repeat_1_fold_3,PRKD3,0.0,0.0,0.0,0.0,0.0,0.0,0.0
repeat_1_fold_3,PRKRIP1,-0.02549942633033453,0.05099885266066906,0.02549942633033453,-0.05099885266066906,0.0,0.00019405719253579035,0.5
repeat_1_fold_3,PRND,0.0,0.0,0.0,0.0,0.0,7.762287701434945e-05,0.5
repeat_1_fold_3,PRNP,0.0,0.0,0.0,0.0,0.0,-3.881143850714697e-05,0.5
repeat_1_fold_3,PROZ,0.057060711584423274,0.11412142316884655,0.057060711584423274,0.0,0.25,0.00015524575402867113,0.5
repeat_1_fold_3,PRPF18,-0.032616633012763074,0.0659126915679656,0.0329563457839828,-0.06557297879674587,0.25,0.00035572227791610955,0.5
repeat_1_fold_3,PRPF31,0.0,0.0,0.0,0.0,0.0,-0.0003745236668123153,1.0
repeat_1_fold_3,PRPF4,0.0,0.0,0.0,0.0,0.0,0.0,0.0
repeat_1_fold_3,PRPF40A,0.0,0.0,0.0,0.0,0.0,0.0,0.0
repeat_1_fold_3,PSMD2,0.0,0.0,0.0,0.0,0.0,-4.657372620855971e-05,0.5
repeat_1_fold_3,PTEN,0.0,0.0,0.0,0.0,0.0,6.467677780291892e-05,0.5
repeat_1_fold_3,PTH,0.0,0.0,0.0,0.0,0.0,0.0,0.0
repeat_1_fold_3,PTK2B,0.0,0.0,0.0,0.0,0.0,5.433601391002796e-05,0.5
repeat_1_fold_3,PTP4A2,-0.09597110141538678,0.12131560183129234,0.06065780091564617,-0.15662890233103294,0.0,3.0726841281775163e-05,1.0
repeat_1_fold_3,PTPN2,0.0,0.0,0.0,0.0,0.0,0.0,0.0
repeat_1_fold_3,PTPN7,0.0,0.0,0.0,0.0,0.0,-0.0001859457361834682,0.5
repeat_1_fold_3,PTRH2,0.016584188753304474,0.03316837750660895,0.016584188753304474,0.0,0.25,0.0002483932064458183,0.5
repeat_1_fold_3,PXMP2,0.0,0.0,0.0,0.0,0.0,0.0,0.0
repeat_1_fold_3,QPRT,0.0,0.0,0.0,0.0,0.0,-1.5202265878921928e-05,1.0
repeat_1_fold_3,QTRT1,0.17473139508913604,0.4202211321485749,0.21011056607428746,-0.03537917098515142,0.25,-0.0004020005537277438,1.0
repeat_1_fold_3,RAB11A,0.0,0.0,0.0,0.0,0.0,0.0,0.0
repeat_1_fold_3,RAB38,-0.02511036878017059,0.05126347387809796,0.02563173693904898,-0.05074210571921957,0.25,-0.00037613521443197184,1.0
repeat_1_fold_3,RAB3GAP1,0.0,0.0,0.0,0.0,0.0,2.42537916760599e-05,0.5
repeat_1_fold_3,RAB5A,0.13662486183504008,0.34261331797570527,0.17130665898785263,-0.034681797152812555,0.5,0.00045271058549350984,1.0
repeat_1_fold_3,RAC1,0.0550614319178262,0.06492791074812358,0.03246395537406179,0.022597476543764407,0.5,-0.0005123109882944343,0.5
repeat_1_fold_3,RAG1,0.0,0.0,0.0,0.0,0.0,0.0,0.0
repeat_1_fold_3,RALB,-0.09597110141538678,0.12131560183129234,0.06065780091564617,-0.15662890233103294,0.0,0.00021019952785950036,0.5
repeat_1_fold_3,RAMP2,0.014149137029043857,0.18453406236604422,0.09226703118302211,-0.07811789415397825,0.25,0.0002263687223102162,0.5
repeat_1_fold_3,RAP1A,0.0,0.0,0.0,0.0,0.0,6.98605893128812e-05,0.5
repeat_1_fold_3,RAP2B,-0.02962952136890884,0.05925904273781768,0.02962952136890884,-0.05925904273781768,0.0,-0.00017302649609907128,1.0
repeat_1_fold_3,RASA3,0.0,0.0,0.0,0.0,0.0,0.00025615549414723104,0.5
repeat_1_fold_3,RASA4,0.0,0.0,0.0,0.0,0.0,0.0,0.0
repeat_1_fold_3,RASGRP1,0.14183272794520185,0.33672824758940045,0.16836412379470023,-0.026531395849498374,0.75,0.0013169298556708897,1.0
repeat_1_fold_3,RB1,0.0,0.0,0.0,0.0,0.0,0.0,0.0
repeat_1_fold_3,RBM25,0.0,0.0,0.0,0.0,0.0,0.00039587667277299343,0.5
repeat_1_fold_3,RBP1,0.05879729134848333,0.07153103613153006,0.03576551806576503,0.0230317732827183,0.5,-0.0005291248017930683,1.0
repeat_1_fold_3,RBP4,-0.03287076436747327,0.06574152873494654,0.03287076436747327,-0.06574152873494654,0.0,7.114982740860643e-05,1.0
repeat_1_fold_3,RCAN3,0.0,0.0,0.0,0.0,0.0,-0.000333778371161525,0.5
repeat_1_fold_3,REN,0.0,0.0,0.0,0.0,0.0,0.0,0.0
repeat_1_fold_3,REST,-0.011412719917332836,0.030118008104160567,0.015059004052080284,-0.026471723969413122,0.25,0.0006597944546216927,0.5
repeat_1_fold_3,RFC4,0.0,0.0,0.0,0.0,0.0,0.0,0.0
repeat_1_fold_3,RFC5,-0.06574152873494654,0.07591177862411781,0.037955889312058906,-0.10369741804700544,0.0,0.0001616919445072973,0.5
repeat_1_fold_3,RGCC,0.0,0.0,0.0,0.0,0.0,0.0,0.0
repeat_1_fold_3,RGS11,0.0,0.0,0.0,0.0,0.0,0.0,0.0
repeat_1_fold_3,RGS20,0.28047633428548124,0.7265134158408924,0.3632567079204462,-0.08278037363496493,0.5,0.000763551262201706,1.0
repeat_1_fold_3,RHO,0.0,0.0,0.0,0.0,0.0,0.0,0.0
repeat_1_fold_3,RHOA,0.0,0.0,0.0,0.0,0.0,0.0009782362642692943,0.5
repeat_1_fold_3,RHOBTB2,0.0,0.0,0.0,0.0,0.0,0.0,0.0
repeat_1_fold_3,RHOBTB3,0.0,0.0,0.0,0.0,0.0,-2.7755575615628914e-17,0.5
repeat_1_fold_3,RHOD,0.07072220384142547,0.14144440768285094,0.07072220384142547,0.0,0.25,0.00023445331953561577,0.5
repeat_1_fold_3,RHOQ,-0.21630669748836517,0.43261339497673035,0.21630669748836517,-0.43261339497673035,0.0,-0.0002872046449529375,0.5
repeat_1_fold_3,RHOT2,0.0,0.0,0.0,0.0,0.0,-0.00030721469456393424,0.5
repeat_1_fold_3,RIOX1,0.0,0.0,0.0,0.0,0.0,0.0,0.0
repeat_1_fold_3,RIT2,0.0,0.0,0.0,0.0,0.0,0.0,0.0
repeat_1_fold_3,RLN1,0.0,0.0,0.0,0.0,0.0,0.00031049150805728676,0.5
repeat_1_fold_3,RMND5A,0.0,0.0,0.0,0.0,0.0,0.0,0.0
repeat_1_fold_3,RND3,0.48997940218154135,0.5692081519318004,0.2846040759659002,0.20537532621564114,0.5,-0.00020211493063418406,0.5
repeat_1_fold_3,RNF115,0.0,0.0,0.0,0.0,0.0,6.467677780289116e-05,0.5
repeat_1_fold_3,RNF139,0.0,0.0,0.0,0.0,0.0,0.0,0.0
repeat_1_fold_3,RNF2,0.0,0.0,0.0,0.0,0.0,-0.00015524575402858787,0.5
repeat_1_fold_3,RNF7,0.06312257050818104,0.07288766614967891,0.036443833074839456,0.026678737433341586,0.5,-0.0005045487005930216,0.5
repeat_1_fold_3,RNLS,0.0,0.0,0.0,0.0,0.0,-4.657372620855971e-05,0.5
repeat_1_fold_3,ROPN1,0.0,0.0,0.0,0.0,0.0,6.209830161146845e-05,0.5
repeat_1_fold_3,RPA2,0.0,0.0,0.0,0.0,0.0,-0.0002716800695500843,0.5
repeat_1_fold_3,RPA3,-0.0820760957410549,0.1641521914821098,0.0820760957410549,-0.1641521914821098,0.0,0.0004123144584936289,0.5
repeat_1_fold_3,RPAP2,0.0,0.0,0.0,0.0,0.0,2.3286863104321487e-05,0.5
repeat_1_fold_3,RPL18,0.0,0.0,0.0,0.0,0.0,0.0,0.0
repeat_1_fold_3,RPL21,-0.03022957268044202,0.06045914536088403,0.030229572680442015,-0.06045914536088404,0.0,0.00011643431552146866,1.0
repeat_1_fold_3,RPL22,0.0,0.0,0.0,0.0,0.0,-0.00046890663907128705,0.5
repeat_1_fold_3,RPL35,0.384967541036092,0.44725482934640204,0.22362741467320102,0.16134012636289097,0.5,0.00010509976392975018,0.5
repeat_1_fold_3,RPL37A,0.0,0.0,0.0,0.0,0.0,8.860825995513077e-05,1.0
repeat_1_fold_3,RPL4,0.0,0.0,0.0,0.0,0.0,0.0006322101311982131,1.0
repeat_1_fold_3,RPLP2,0.11412142316884655,0.1317760687736735,0.06588803438683676,0.04823338878200979,0.5,0.0006928043216979929,1.0
repeat_1_fold_3,RPP25,0.26358528982209783,0.5271705796441957,0.26358528982209783,0.0,0.25,-0.000816544319761997,0.5
repeat_1_fold_3,RPRD2,0.0,0.0,0.0,0.0,0.0,0.0,0.0
repeat_1_fold_3,RPS10,0.0,0.0,0.0,0.0,0.0,0.0,0.0
repeat_1_fold_3,RPS3A,0.005330188546237125,0.010660377092474247,0.005330188546237124,8.673617379884035e-19,0.25,0.00021828412508487216,0.5
repeat_1_fold_3,RPS4X,0.17694192233863504,0.22805542812493512,0.11402771406246756,0.06291420827616748,0.5,-0.001321871935037855,1.0
repeat_1_fold_3,RPS6KA1,-0.02962952136890884,0.05925904273781768,0.02962952136890884,-0.05925904273781768,0.0,0.0007196097304385807,1.0
repeat_1_fold_3,RPS6KA5,0.0,0.0,0.0,0.0,0.0,0.0,0.0
repeat_1_fold_3,RPS8,0.0,0.0,0.0,0.0,0.0,0.0,0.0
repeat_1_fold_3,RTCB,-0.09841066274716326,0.11363484525640836,0.05681742262820418,-0.15522808537536745,0.0,-0.0004217151529417873,1.0
repeat_1_fold_3,RUFY1,0.0,0.0,0.0,0.0,0.0,1.616919445071585e-05,0.5
repeat_1_fold_3,RXFP3,0.20023082141947057,0.40046164283894115,0.20023082141947057,0.0,0.25,0.00012032888893565019,1.0
repeat_1_fold_3,S100A10,-0.06712112984137875,0.07750480476446368,0.03875240238223184,-0.1058735322236106,0.0,0.0006132207284131053,0.5
repeat_1_fold_3,S100A12,0.11412142316884655,0.1317760687736735,0.06588803438683676,0.04823338878200979,0.5,0.0003803520973701402,0.5
repeat_1_fold_3,S100A7,0.0,0.0,0.0,0.0,0.0,0.0,0.0
repeat_1_fold_3,SAP30,0.08638262997773083,0.2052772847751372,0.1026386423875686,-0.016256012409837775,0.5,0.001139068716712821,1.0
repeat_1_fold_3,SARS2,0.4557263284512274,0.5262274368162319,0.2631137184081159,0.19261261004311148,0.5,0.00014552275005655368,0.5
repeat_1_fold_3,SBF1,0.0,0.0,0.0,0.0,0.0,-2.7755575615628914e-17,0.5
repeat_1_fold_3,SCLY,0.057060711584423274,0.11412142316884655,0.057060711584423274,0.0,0.25,0.00022411255564269705,1.0
repeat_1_fold_3,SCN11A,0.06335446840262549,0.12670893680525097,0.06335446840262549,0.0,0.25,3.23383889014317e-05,0.5
repeat_1_fold_3,SCN4A,0.0,0.0,0.0,0.0,0.0,0.0,0.0
repeat_1_fold_3,SCNN1B,0.03820095291370684,0.07640190582741369,0.03820095291370684,0.0,0.25,0.00013743815283118188,0.5
repeat_1_fold_3,SDC1,-0.05925904273781768,0.06842644855319716,0.03421322427659858,-0.09347226701441626,0.0,-6.986058931285344e-05,0.5
repeat_1_fold_3,SDHAF3,0.0,0.0,0.0,0.0,0.0,4.850758335217531e-05,0.5
repeat_1_fold_3,SEC11A,0.15102549004588894,0.3020509800917779,0.15102549004588894,0.0,0.25,-0.00011318436115514974,0.5
repeat_1_fold_3,SEC22B,0.0,0.0,0.0,0.0,0.0,3.104915080573423e-05,0.5
repeat_1_fold_3,SEC23A,-0.0470623535182213,0.30360403600083796,0.15180201800041898,-0.19886437151864028,0.25,0.00137309229021651,1.0
repeat_1_fold_3,SEC24B,0.0,0.0,0.0,0.0,0.0,-0.0001455227500566092,0.5
repeat_1_fold_3,SELL,0.19761992538072448,0.23739662518647217,0.11869831259323609,0.0789216127874884,0.5,0.0006753190300245737,0.5
repeat_1_fold_3,SEMA4A,0.0,0.0,0.0,0.0,0.0,0.0,0.0
repeat_1_fold_3,SENP2,-0.02962952136890884,0.05925904273781768,0.02962952136890884,-0.05925904273781768,0.0,3.526603374384707e-05,1.0
repeat_1_fold_3,SEPTIN4,-0.04920533137358163,0.09841066274716327,0.049205331373581636,-0.09841066274716326,0.0,-0.00043656825016979983,0.5
repeat_1_fold_3,SERPINB1,0.12670893680525097,0.14631087754648583,0.07315543877324292,0.053553498032008054,0.5,-0.00016169194450732505,0.5
repeat_1_fold_3,SERPINB10,0.0,0.0,0.0,0.0,0.0,0.0,0.0
repeat_1_fold_3,SERPINB8,0.0,0.0,0.0,0.0,0.0,0.0,0.0
repeat_1_fold_3,SERPIND1,0.0,0.0,0.0,0.0,0.0,4.042298612683126e-05,0.5
repeat_1_fold_3,SESN1,0.0,0.0,0.0,0.0,0.0,-0.00012935355560589334,0.5
repeat_1_fold_3,SFRP1,0.0,0.0,0.0,0.0,0.0,1.552457540288099e-05,0.5
repeat_1_fold_3,SGPP1,0.0,0.0,0.0,0.0,0.0,0.0,0.0
repeat_1_fold_3,SH2D2A,0.04353114145994397,0.07353851215074621,0.036769256075373104,0.0067618853845708635,0.5,2.42537916760599e-05,0.5
repeat_1_fold_3,SH3BP4,0.0,0.0,0.0,0.0,0.0,0.0003690175457784217,1.0
repeat_1_fold_3,SHB,0.0,0.0,0.0,0.0,0.0,0.0,0.0
repeat_1_fold_3,SI,-0.03287076436747327,0.06574152873494654,0.03287076436747327,-0.06574152873494654,0.0,-0.00042848365294442803,0.5
repeat_1_fold_3,SIN3B,0.0,0.0,0.0,0.0,0.0,0.0,0.0
repeat_1_fold_3,SKA1,-0.23297148149123714,0.25292503478560674,0.12646251739280337,-0.3594339988840405,0.0,0.000980519290063847,1.0
repeat_1_fold_3,SKIC2,0.0,0.0,0.0,0.0,0.0,0.00021828412508487216,0.5
repeat_1_fold_3,SLBP,0.0,0.0,0.0,0.0,0.0,-7.76228770141274e-06,0.5
repeat_1_fold_3,SLC12A5,0.0,0.0,0.0,0.0,0.0,0.0,0.0
repeat_1_fold_3,SLC13A2,0.0,0.0,0.0,0.0,0.0,-2.328686310429373e-05,0.5
repeat_1_fold_3,SLC15A3,0.0,0.0,0.0,0.0,0.0,0.0,0.0
repeat_1_fold_3,SLC16A3,-0.03287076436747327,0.06574152873494654,0.03287076436747327,-0.06574152873494654,0.0,-0.0002101995278595281,0.5
repeat_1_fold_3,SLC1A3,-0.03022957268044202,0.06045914536088403,0.030229572680442015,-0.06045914536088404,0.0,-3.2338388901487214e-05,0.5
repeat_1_fold_3,SLC22A11,0.0,0.0,0.0,0.0,0.0,0.0,0.0
repeat_1_fold_3,SLC25A6,0.0,0.0,0.0,0.0,0.0,0.0,0.0
repeat_1_fold_3,SLC28A3,0.0,0.0,0.0,0.0,0.0,7.762287701434945e-05,0.5
repeat_1_fold_3,SLC29A2,0.12670893680525097,0.14631087754648583,0.07315543877324292,0.053553498032008054,0.5,-7.276137502831848e-05,0.5
repeat_1_fold_3,SLC2A10,0.0,0.0,0.0,0.0,0.0,-0.000153607347281981,0.5
repeat_1_fold_3,SLC30A1,0.15102549004588894,0.44308838438698084,0.22154419219349042,-0.07051870214760148,0.25,0.00019403033340875675,0.5
repeat_1_fold_3,SLC35D2,0.0,0.0,0.0,0.0,0.0,0.0,0.0
repeat_1_fold_3,SLC38A2,0.0,0.0,0.0,0.0,0.0,0.0,0.0
repeat_1_fold_3,SLC39A6,0.0,0.0,0.0,0.0,0.0,0.00024253791676095982,0.5
repeat_1_fold_3,SLC52A1,0.32143632139903744,0.37116269337411467,0.18558134668705734,0.1358549747119801,0.5,0.00026848383343772153,1.0
repeat_1_fold_3,SLC6A1,0.0,0.0,0.0,0.0,0.0,2.42537916760599e-05,0.5
repeat_1_fold_3,SLC6A11,0.0,0.0,0.0,0.0,0.0,0.0,0.0
repeat_1_fold_3,SLC6A13,0.0,0.0,0.0,0.0,0.0,0.0002483932064458183,0.5
repeat_1_fold_3,SLC6A15,0.20023082141947057,0.40046164283894115,0.20023082141947057,0.0,0.25,3.233838890145946e-05,0.5
repeat_1_fold_3,SLC7A5,0.15102549004588894,0.44308838438698084,0.22154419219349042,-0.07051870214760148,0.25,0.0011560974032273352,0.5
repeat_1_fold_3,SLC7A7,0.0,0.0,0.0,0.0,0.0,-0.00021828412508489992,0.5
repeat_1_fold_3,SLC9A5,0.0,0.0,0.0,0.0,0.0,0.0,0.0
repeat_1_fold_3,SLCO1A2,-0.04920533137358163,0.09841066274716327,0.049205331373581636,-0.09841066274716326,0.0,-2.7755575615628914e-17,0.5
repeat_1_fold_3,SLIT3,0.0,0.0,0.0,0.0,0.0,1.616919445071585e-05,0.5
repeat_1_fold_3,SMAD5,0.0,0.0,0.0,0.0,0.0,0.000931474524171777,0.5
repeat_1_fold_3,SMARCB1,0.09912650117605182,0.17816033081733318,0.08908016540866659,0.010046335767385228,0.5,-0.0004744127601051529,1.0
repeat_1_fold_3,SMG9,-0.05180256124788052,0.18478923508426998,0.09239461754213499,-0.1441971787900155,0.25,-0.0004203990557190562,0.5
repeat_1_fold_3,SMURF1,0.0,0.0,0.0,0.0,0.0,2.4253791676087655e-05,0.5
repeat_1_fold_3,SNCA,0.0,0.0,0.0,0.0,0.0,0.0,0.0
repeat_1_fold_3,SND1,0.0,0.0,0.0,0.0,0.0,0.00046890663907123153,0.5
repeat_1_fold_3,SNIP1,-0.03282680255474091,0.05893150491749286,0.02946575245874643,-0.062292555013487336,0.0,5.17306785915439e-05,1.0
repeat_1_fold_3,SNRNP200,0.11885439249630103,0.23770878499260206,0.11885439249630103,0.0,0.25,0.0008551677443801864,1.0
repeat_1_fold_3,SNX5,0.0,0.0,0.0,0.0,0.0,-4.657372620858746e-05,0.5
repeat_1_fold_3,SOAT2,-0.11192371799672429,0.12988150528611786,0.06494075264305893,-0.17686447063978322,0.0,0.0006066671014264002,1.0
repeat_1_fold_3,SPINK5,0.19719782319285883,0.3012646428559026,0.1506323214279513,0.046565501764907535,0.5,0.0004850758335219474,0.5
repeat_1_fold_3,SPOCK3,0.0,0.0,0.0,0.0,0.0,0.0,0.0
repeat_1_fold_3,SRD5A3,-0.06114300054988675,0.08937627986466226,0.04468813993233113,-0.10583114048221788,0.0,0.00020181948023723084,0.5
repeat_1_fold_3,SRP9,0.0,0.0,0.0,0.0,0.0,0.0,0.0
repeat_1_fold_3,SRPRB,-0.06045914536088404,0.06981220769816222,0.03490610384908111,-0.09536524920996514,0.0,0.00017885492665686842,1.0
repeat_1_fold_3,SRRM2,-0.00039218741408220126,0.054806044028733604,0.027403022014366802,-0.027795209428449003,0.25,-0.00013972117862573463,0.5
repeat_1_fold_3,SRY,0.0,0.0,0.0,0.0,0.0,0.0,0.0
repeat_1_fold_3,SSB,0.14207151418505504,0.19622327504121853,0.09811163752060927,0.04395987666444577,0.5,0.0007063681808302802,0.5
repeat_1_fold_3,ST8SIA3,0.0,0.0,0.0,0.0,0.0,0.0,0.0
repeat_1_fold_3,STARD5,0.0,0.0,0.0,0.0,0.0,0.0,0.0
repeat_1_fold_3,STC2,0.0,0.0,0.0,0.0,0.0,0.0,0.0
repeat_1_fold_3,STXBP1,0.07643787127643442,0.14552314805281205,0.07276157402640603,0.003676297250028396,0.5,-0.00040363896047440617,0.5
repeat_1_fold_3,SUCLG1,0.0,0.0,0.0,0.0,0.0,0.0,0.0
repeat_1_fold_3,SUZ12,0.0,0.0,0.0,0.0,0.0,0.0,0.0
repeat_1_fold_3,SYN3,0.0,0.0,0.0,0.0,0.0,0.0,0.0
repeat_1_fold_3,TAB2,-0.6070589965677424,1.2600524575324372,0.6300262287662186,-1.237085225333961,0.25,-0.00037511456760622175,1.0
repeat_1_fold_3,TAC3,-0.07494829525886892,0.12039302103308556,0.06019651051654278,-0.1351448057754117,0.0,-0.00024253791676101533,0.5
repeat_1_fold_3,TACO1,0.0,0.0,0.0,0.0,0.0,0.0002470771092230595,1.0
repeat_1_fold_3,TACR1,0.0,0.0,0.0,0.0,0.0,-1.552457540282548e-05,0.5
repeat_1_fold_3,TAF1,0.0,0.0,0.0,0.0,0.0,-2.328686310429373e-05,0.5
repeat_1_fold_3,TAF1C,0.0,0.0,0.0,0.0,0.0,0.0,0.0
repeat_1_fold_3,TAF5L,-0.0023870603323192796,0.1034941247297908,0.0517470623648954,-0.05413412269721468,0.25,-0.00010509976392977793,0.5
repeat_1_fold_3,TANK,0.30784810165956067,0.5106348459729032,0.2553174229864516,0.052530678673109066,0.75,0.00016335721038099327,1.0
repeat_1_fold_3,TAOK3,0.2713943056855612,0.5286703222207173,0.26433516111035865,0.0070591445752025694,0.5,8.084597225344048e-06,0.5
repeat_1_fold_3,TARS1,-0.0025972298742988897,0.0051944597485977795,0.0025972298742988897,-0.0051944597485977795,0.0,-0.0001455227500566092,0.5
repeat_1_fold_3,TAS2R14,0.0,0.0,0.0,0.0,0.0,0.0,0.0
repeat_1_fold_3,TAS2R3,0.03316837750660895,0.03829954336404761,0.019149771682023805,0.014018605824585143,0.5,2.914215278909671e-05,1.0
repeat_1_fold_3,TATDN2,0.0,0.0,0.0,0.0,0.0,0.0,0.0
repeat_1_fold_3,TBCE,0.0,0.0,0.0,0.0,0.0,7.762287701432169e-05,0.5
repeat_1_fold_3,TBK1,-0.0029291674139990675,0.12426226803070663,0.06213113401535331,-0.06506030142935237,0.25,0.0001241966032229369,0.5
repeat_1_fold_3,TBX2,0.0,0.0,0.0,0.0,0.0,0.0,0.0
repeat_1_fold_3,TCF12,0.0,0.0,0.0,0.0,0.0,0.0,0.0
repeat_1_fold_3,TERF1,0.0,0.0,0.0,0.0,0.0,0.0,0.0
repeat_1_fold_3,TEX2,0.0694612377572259,0.09972767560450135,0.04986383780225068,0.019597399954975225,0.5,0.00020958176793864358,0.5
repeat_1_fold_3,TFAP2A,0.0,0.0,0.0,0.0,0.0,0.0,0.0
repeat_1_fold_3,TFDP1,0.08390202825562021,0.24065478924353756,0.12032739462176878,-0.03642536636614857,0.25,0.00025615549414723104,0.5
repeat_1_fold_3,TFEB,0.0,0.0,0.0,0.0,0.0,0.0,0.0
repeat_1_fold_3,TFG,0.0,0.0,0.0,0.0,0.0,-5.659218057757487e-05,0.5
repeat_1_fold_3,TFRC,-0.03022957268044202,0.06045914536088403,0.030229572680442015,-0.06045914536088404,0.0,-2.7755575615628914e-17,0.5
repeat_1_fold_3,TGFA,0.5404103325772756,0.36119973352237,0.180599866761185,0.35981046581609055,1.0,0.001474995818033925,1.0
repeat_1_fold_3,THBS4,-0.05099885266066906,0.058888402623998685,0.029444201311999343,-0.0804430539726684,0.0,0.0005976961530102243,0.5
repeat_1_fold_3,THRA,0.0,0.0,0.0,0.0,0.0,0.0,0.0
repeat_1_fold_3,THSD4,-0.07364676153767391,0.08601419182373445,0.04300709591186722,-0.11665385744954113,0.0,0.0005067242898795787,1.0
repeat_1_fold_3,TIMELESS,0.0,0.0,0.0,0.0,0.0,-0.0005200732759959026,0.5
repeat_1_fold_3,TIMM13,0.0,0.0,0.0,0.0,0.0,-0.00031529929178930605,1.0
repeat_1_fold_3,TLL2,0.007855380210841645,0.17376862306013696,0.08688431153006848,-0.07902893131922684,0.25,0.000522624893060375,1.0
repeat_1_fold_3,TLR6,0.0,0.0,0.0,0.0,0.0,0.0,0.0
repeat_1_fold_3,TLR8,-0.013045332615604366,0.07695535250668988,0.03847767625334494,-0.051523008868949303,0.25,-0.0001319588909243219,0.5
repeat_1_fold_3,TMBIM1,0.0,0.0,0.0,0.0,0.0,0.00017077032943152437,0.5
repeat_1_fold_3,TMOD2,0.027431190215514434,0.14506487365150675,0.07253243682575337,-0.04510124661023894,0.25,7.762287701432169e-05,0.5
repeat_1_fold_3,TMPO,0.0,0.0,0.0,0.0,0.0,0.0,0.0
repeat_1_fold_3,TMT1A,-0.0928196076585035,0.12037775321306761,0.060188876606533805,-0.1530084842650373,0.0,0.0005355978513987558,0.5
repeat_1_fold_3,TNFRSF10B,0.07750360543166934,0.1202726797798837,0.06013633988994185,0.01736726554172749,0.5,-0.00037997606959222496,0.5
repeat_1_fold_3,TNFRSF12A,0.11412142316884655,0.1317760687736735,0.06588803438683676,0.04823338878200979,0.5,2.3286863104321487e-05,0.5
repeat_1_fold_3,TNFRSF1A,0.07640190582741369,0.08822132179211546,0.04411066089605773,0.032291244931355954,0.5,0.0005245318910770125,1.0
repeat_1_fold_3,TNFSF13,0.0,0.0,0.0,0.0,0.0,0.0,0.0
repeat_1_fold_3,TNFSF15,-0.02962952136890884,0.05925904273781768,0.02962952136890884,-0.05925904273781768,0.0,0.00036189987712484384,1.0
repeat_1_fold_3,TNFSF8,0.0,0.0,0.0,0.0,0.0,0.0,0.0
repeat_1_fold_3,TNIK,0.0,0.0,0.0,0.0,0.0,0.0,0.0
repeat_1_fold_3,TNKS2,-0.07943490405402365,0.09681640920169453,0.048408204600847264,-0.12784310865487092,0.0,6.82490416931969e-05,1.0
repeat_1_fold_3,TNN,0.0,0.0,0.0,0.0,0.0,-0.00010509976392977793,0.5
repeat_1_fold_3,TNNI2,-0.11054186902488006,0.14601472980489344,0.07300736490244672,-0.18354923392732678,0.0,-0.00045021268668299363,0.5
repeat_1_fold_3,TNPO1,0.0,0.0,0.0,0.0,0.0,-6.824904169322465e-05,1.0
repeat_1_fold_3,TOMM22,0.12670893680525097,0.14631087754648583,0.07315543877324292,0.053553498032008054,0.5,-1.6169194450743607e-05,0.5
repeat_1_fold_3,TOMM70,-0.02962952136890884,0.05925904273781768,0.02962952136890884,-0.05925904273781768,0.0,-9.183135519444385e-05,1.0
repeat_1_fold_3,TPK1,0.0,0.0,0.0,0.0,0.0,0.0,0.0
repeat_1_fold_3,TPST1,0.0,0.0,0.0,0.0,0.0,0.0,0.0
repeat_1_fold_3,TPTE,0.3708321214700323,0.4989779241646735,0.24948896208233676,0.12134315938769555,0.5,2.1997625008540744e-05,1.0
repeat_1_fold_3,TRA2B,-0.08410778870615232,0.2199555720944724,0.1099777860472362,-0.1940855747533885,0.25,-0.000970285962678924,0.5
repeat_1_fold_3,TRAF3,0.0,0.0,0.0,0.0,0.0,-0.0001455227500566092,0.5
repeat_1_fold_3,TRIB3,-0.03441466390736991,0.04808935745141313,0.024044678725706564,-0.05845934263307648,0.0,0.0001785326171329371,0.5
repeat_1_fold_3,TRIM14,0.0,0.0,0.0,0.0,0.0,0.0,0.0
repeat_1_fold_3,TRIM21,0.0,0.0,0.0,0.0,0.0,0.0,0.0
repeat_1_fold_3,TRIM25,0.031561285254088745,0.13965895351127147,0.06982947675563574,-0.03826819150154699,0.25,0.00033377837116155273,0.5
repeat_1_fold_3,TRIM26,0.06335446840262549,0.12670893680525097,0.06335446840262549,0.0,0.25,-8.017449407879407e-05,1.0
repeat_1_fold_3,TRIM33,0.0,0.0,0.0,0.0,0.0,0.0,0.0
repeat_1_fold_3,TRIM36,0.06335446840262549,0.12670893680525097,0.06335446840262549,0.0,0.25,0.0005578372085502381,0.5
repeat_1_fold_3,TRIM37,0.0,0.0,0.0,0.0,0.0,-2.425379167611541e-05,0.5
repeat_1_fold_3,TRIM68,0.3749418723189546,0.44296814040894494,0.22148407020447247,0.15345780211448212,0.5,0.0012807774707362107,0.5
repeat_1_fold_3,TRPC4AP,0.0,0.0,0.0,0.0,0.0,0.0,0.0
repeat_1_fold_3,TRPV2,-0.02549942633033453,0.05099885266066906,0.02549942633033453,-0.05099885266066906,0.0,0.00010867202782005592,0.5
repeat_1_fold_3,TSC22D1,-0.12983370540315597,0.10056874235420016,0.05028437117710008,-0.18011807658025605,0.0,-0.0004133082461924842,1.0
repeat_1_fold_3,TSFM,0.0,0.0,0.0,0.0,0.0,0.0,0.0
repeat_1_fold_3,TTPA,0.02763234280614313,0.05526468561228625,0.027632342806143125,3.469446951953614e-18,0.25,-0.00012062433933263117,1.0
repeat_1_fold_3,TUBA1C,0.0,0.0,0.0,0.0,0.0,0.0,0.0
repeat_1_fold_3,TWIST1,0.1628148095922679,0.20982695039995325,0.10491347519997662,0.05790133439229128,0.5,-1.5524575402853236e-05,0.5
repeat_1_fold_3,TYMP,0.0,0.0,0.0,0.0,0.0,-0.00016300804173005612,0.5
repeat_1_fold_3,U2AF2,0.07640190582741369,0.08822132179211546,0.04411066089605773,0.032291244931355954,0.5,0.0004172028196066935,1.0
repeat_1_fold_3,UBAC1,-0.03929064414493055,0.0785812882898611,0.03929064414493055,-0.0785812882898611,0.0,8.538516471576219e-05,0.5
repeat_1_fold_3,UBE2D2,0.0,0.0,0.0,0.0,0.0,0.0,0.0
repeat_1_fold_3,UBE2I,0.0,0.0,0.0,0.0,0.0,0.0,0.0
repeat_1_fold_3,UBR2,0.0,0.0,0.0,0.0,0.0,0.0,0.0
repeat_1_fold_3,UCP2,-0.013791217814599577,0.027582435629199157,0.013791217814599578,-0.027582435629199153,0.0,-0.00020958176793861583,0.5
repeat_1_fold_3,UGGT2,0.31842950891061506,0.3885106750858626,0.1942553375429313,0.12417417136768374,0.5,-0.00012126895838052154,0.5
repeat_1_fold_3,UNC5C,-0.010060418256953696,0.0939010942680061,0.04695054713400305,-0.05701096539095674,0.25,-0.00026708715883402845,1.0
repeat_1_fold_3,UNC93B1,-0.04920533137358163,0.09841066274716327,0.049205331373581636,-0.09841066274716326,0.0,-1.6169194450743607e-05,0.5
repeat_1_fold_3,UPF3B,-0.03356056492068937,0.06712112984137875,0.03356056492068937,-0.06712112984137875,0.0,0.0003725898096686997,0.5
repeat_1_fold_3,UQCC1,0.0,0.0,0.0,0.0,0.0,0.0,0.0
repeat_1_fold_3,USO1,-0.0051944597485977795,0.005998045468295207,0.0029990227341476034,-0.008193482482745384,0.0,-0.0008488827086634843,0.5
repeat_1_fold_3,USP20,0.0,0.0,0.0,0.0,0.0,0.0,0.0
repeat_1_fold_3,USP7,0.15315264354661373,0.21386249450467865,0.10693124725233932,0.04622139629427441,0.5,0.0006144562482548188,1.0
repeat_1_fold_3,UTP6,0.0,0.0,0.0,0.0,0.0,0.0,0.0
repeat_1_fold_3,UTRN,0.0,0.0,0.0,0.0,0.0,0.0,0.0
repeat_1_fold_3,VCAN,0.06335446840262549,0.12670893680525097,0.06335446840262549,0.0,0.25,0.00021828412508487216,0.5
repeat_1_fold_3,VCPIP1,0.0,0.0,0.0,0.0,0.0,1.552457540288099e-05,0.5
repeat_1_fold_3,VEGFA,0.09229371446885182,0.23863377019198467,0.11931688509599234,-0.02702317062714052,0.5,-0.0001300250337807063,1.0
repeat_1_fold_3,VPS16,0.0,0.0,0.0,0.0,0.0,-3.104915080570647e-05,0.5
repeat_1_fold_3,WAC,0.0,0.0,0.0,0.0,0.0,3.58837936647316e-05,1.0
repeat_1_fold_3,WNT5A,0.10182015867230731,0.3474710700757416,0.1737355350378708,-0.07191537636556347,0.25,0.0006235614923059685,1.0
repeat_1_fold_3,XCL1,0.0,0.0,0.0,0.0,0.0,0.0,0.0
repeat_1_fold_3,XPC,0.0,0.0,0.0,0.0,0.0,0.0,0.0
repeat_1_fold_3,YKT6,0.14197161971988415,0.2201903015294831,0.11009515076474155,0.031876468955142595,0.5,-0.0009081876610674555,0.5
repeat_1_fold_3,YWHAB,0.0,0.0,0.0,0.0,0.0,0.0002748763056624193,0.5
repeat_1_fold_3,YWHAZ,-0.09124095506528107,0.06239517387635677,0.031197586938178385,-0.12243854200345945,0.0,-0.00015656185125137445,1.0
repeat_1_fold_3,YY1,0.041609925479374255,0.049985402705884384,0.024992701352942192,0.016617224126432063,0.5,0.0008538516471574553,0.5
repeat_1_fold_3,ZBED1,0.0,0.0,0.0,0.0,0.0,0.0,0.0
repeat_1_fold_3,ZC3H12A,0.0,0.0,0.0,0.0,0.0,0.0,0.0
repeat_1_fold_3,ZC3H15,0.1690502671688794,0.13897867556938467,0.06948933778469234,0.09956092938418705,1.0,0.0003560983056940248,1.0
repeat_1_fold_3,ZFP2,0.0,0.0,0.0,0.0,0.0,2.42537916760599e-05,0.5
repeat_1_fold_3,ZFYVE9,0.0,0.0,0.0,0.0,0.0,0.0,0.0
repeat_1_fold_3,ZIC1,0.02763234280614313,0.05526468561228625,0.027632342806143125,3.469446951953614e-18,0.25,4.850758335217531e-05,0.5
repeat_1_fold_3,ZKSCAN1,0.0,0.0,0.0,0.0,0.0,0.0,0.0
repeat_1_fold_3,ZKSCAN5,0.0,0.0,0.0,0.0,0.0,0.0,0.0
repeat_1_fold_3,ZKSCAN7,0.0,0.0,0.0,0.0,0.0,0.0,0.0
repeat_1_fold_3,ZNF140,0.0,0.0,0.0,0.0,0.0,0.0,0.0
repeat_1_fold_3,ZNF154,-0.03356056492068937,0.06712112984137875,0.03356056492068937,-0.06712112984137875,0.0,-6.889366074105951e-05,1.0
repeat_1_fold_3,ZNF175,0.40046164283894115,0.4624132745863649,0.23120663729318244,0.1692550055457587,0.5,-0.00026547561121434415,1.0
repeat_1_fold_3,ZNF221,0.0,0.0,0.0,0.0,0.0,0.0,0.0
repeat_1_fold_3,ZNF266,-0.02549942633033453,0.05099885266066906,0.02549942633033453,-0.05099885266066906,0.0,0.0002483932064458183,0.5
repeat_1_fold_3,ZNF268,0.0,0.0,0.0,0.0,0.0,0.0,0.0
repeat_1_fold_3,ZNF282,0.06179368091187598,0.12358736182375196,0.06179368091187598,0.0,0.25,1.552457540288099e-05,0.5
repeat_1_fold_3,ZNF304,0.186439603604871,0.4104803565712756,0.2052401782856378,-0.01880057468076679,0.25,0.00014200420442028738,1.0
repeat_1_fold_3,ZNF34,0.09056634468500313,0.42053783251133503,0.21026891625566752,-0.11970257157066438,0.25,0.0001536073472819255,0.5
repeat_1_fold_3,ZNF419,-0.03022957268044202,0.06045914536088403,0.030229572680442015,-0.06045914536088404,0.0,-1.6169194450771363e-05,0.5
repeat_1_fold_3,ZNF45,0.13188701181636198,0.4057391965365337,0.20286959826826684,-0.07098258645190486,0.25,0.0002182841250848444,0.5
repeat_1_fold_3,ZNF460,-0.12620067409582703,0.14572398632227593,0.07286199316113796,-0.19906266725696498,0.0,-0.0001293535556058656,0.5
repeat_1_fold_3,ZNF473,0.0,0.0,0.0,0.0,0.0,-7.762287701429393e-05,0.5
repeat_1_fold_3,ZNF528,-0.07426309137913556,0.1027145358024317,0.05135726790121585,-0.12562035928035142,0.0,-0.0006952753613815033,0.5
repeat_1_fold_3,ZNF589,0.0,0.0,0.0,0.0,0.0,7.762287701440496e-06,0.5
repeat_1_fold_3,ZNF675,0.03820095291370684,0.07640190582741369,0.03820095291370684,0.0,0.25,-4.042298612685902e-05,0.5
repeat_1_fold_3,ZNF682,-0.005051674372472448,0.05511373028634646,0.02755686514317323,-0.03260853951564568,0.25,-0.000939236811873162,0.5
repeat_1_fold_3,ZNF696,0.0,0.0,0.0,0.0,0.0,0.0,0.0
repeat_1_fold_3,ZNF747,0.06335446840262549,0.12670893680525097,0.06335446840262549,0.0,0.25,-4.850758335223082e-05,0.5
repeat_1_fold_3,ZWILCH,0.11412142316884655,0.1317760687736735,0.06588803438683676,0.04823338878200979,0.5,4.657372620861522e-05,0.5
repeat_1_fold_4,A1CF,-0.17928401529181492,0.27316789910924005,0.13658394955462003,-0.315867964846435,0.0,0.00042538846795942,0.5
repeat_1_fold_4,A2M,0.0,0.0,0.0,0.0,0.0,-4.697187950145065e-05,0.5
repeat_1_fold_4,A4GNT,0.0,0.0,0.0,0.0,0.0,-1.565729316715947e-05,0.5
repeat_1_fold_4,AAAS,0.0,0.0,0.0,0.0,0.0,0.0,0.0
repeat_1_fold_4,AACS,0.0,0.0,0.0,0.0,0.0,-8.026197508670396e-06,0.5
repeat_1_fold_4,AADAC,0.0,0.0,0.0,0.0,0.0,-2.3485939750739204e-05,0.5
repeat_1_fold_4,AAK1,0.0,0.0,0.0,0.0,0.0,0.0,0.0
repeat_1_fold_4,AAMP,0.056252964554277085,0.11250592910855417,0.056252964554277085,0.0,0.25,0.00025795023540792217,1.0
repeat_1_fold_4,AANAT,0.0,0.0,0.0,0.0,0.0,5.6183382560692774e-05,0.5
repeat_1_fold_4,AARS1,0.0,0.0,0.0,0.0,0.0,0.0,0.0
repeat_1_fold_4,AASDHPPT,0.0,0.0,0.0,0.0,0.0,0.0,0.0
repeat_1_fold_4,AASS,0.0,0.0,0.0,0.0,0.0,0.0,0.0
repeat_1_fold_4,ABCA1,-0.155546858436173,0.311093716872346,0.155546858436173,-0.311093716872346,0.0,-0.0004024217905639338,1.0
repeat_1_fold_4,ABCA12,0.0,0.0,0.0,0.0,0.0,0.0,0.0
repeat_1_fold_4,ABCA2,0.0,0.0,0.0,0.0,0.0,0.0,0.0
repeat_1_fold_4,ABCA3,-0.10075068139565246,0.27510314259437846,0.13755157129718923,-0.2383022526928417,0.25,-0.001179851033774243,0.5
repeat_1_fold_4,ABCA4,0.0,0.0,0.0,0.0,0.0,0.0,0.0
repeat_1_fold_4,ABCA5,0.0,0.0,0.0,0.0,0.0,0.0,0.0
repeat_1_fold_4,ABCA6,-0.384210825739121,0.7423669262356128,0.3711834631178064,-0.7553942888569274,0.0,-0.0001017724055865088,0.5
repeat_1_fold_4,ABCA7,0.0,0.0,0.0,0.0,0.0,0.0,0.0
repeat_1_fold_4,ABCA8,-0.013347024534350993,0.026694049068701986,0.013347024534350993,-0.026694049068701986,0.0,-0.0004227469155132224,0.5
repeat_1_fold_4,ABCB1,-0.03507236442659867,0.07014472885319734,0.03507236442659867,-0.07014472885319734,0.0,-0.0002006549377167044,0.5
repeat_1_fold_4,ABCB4,0.0,0.0,0.0,0.0,0.0,0.0,0.0
repeat_1_fold_4,ABCB6,0.0,0.0,0.0,0.0,0.0,0.0,0.0
repeat_1_fold_4,ABCB7,0.0,0.0,0.0,0.0,0.0,0.0,0.0
repeat_1_fold_4,ABCB8,0.0,0.0,0.0,0.0,0.0,-4.815718505202238e-05,0.5
repeat_1_fold_4,ABCB9,0.0,0.0,0.0,0.0,0.0,0.0,0.0
repeat_1_fold_4,ABCC1,0.0,0.0,0.0,0.0,0.0,0.0,0.0
repeat_1_fold_4,ABCC10,0.0,0.0,0.0,0.0,0.0,0.0,0.0
repeat_1_fold_4,ABCC2,0.0,0.0,0.0,0.0,0.0,-2.407859252601119e-05,0.5
repeat_1_fold_4,ABCC3,0.0,0.0,0.0,0.0,0.0,0.0,0.0
repeat_1_fold_4,ABCC4,0.0,0.0,0.0,0.0,0.0,0.0,0.0
repeat_1_fold_4,ABCC5,0.0,0.0,0.0,0.0,0.0,0.0009629235297801964,0.5
repeat_1_fold_4,ABCC6,0.042861128939115645,0.0857222578782313,0.04286112893911565,-6.938893903907228e-18,0.25,-0.00039328367792476615,0.5
repeat_1_fold_4,ABCC8,0.0,0.0,0.0,0.0,0.0,0.0010426662425116195,1.0
repeat_1_fold_4,ABCC9,0.0,0.0,0.0,0.0,0.0,-3.2104790034681585e-05,0.5
repeat_1_fold_4,ABCD1,0.0,0.0,0.0,0.0,0.0,0.0,0.0
repeat_1_fold_4,ABCD2,0.0,0.0,0.0,0.0,0.0,4.815718505202238e-05,0.5
repeat_1_fold_4,ABCD3,0.0,0.0,0.0,0.0,0.0,-4.815718505202238e-05,0.5
repeat_1_fold_4,ABCD4,0.0,0.0,0.0,0.0,0.0,-0.00027289071529473796,0.5
repeat_1_fold_4,ABCF2,0.0,0.0,0.0,0.0,0.0,-2.407859252601119e-05,0.5
repeat_1_fold_4,ABCG2,0.0,0.0,0.0,0.0,0.0,-4.815718505202238e-05,0.5
repeat_1_fold_4,ABCG4,0.0,0.0,0.0,0.0,0.0,-0.00017223022483869865,0.5
repeat_1_fold_4,ABCG5,0.0,0.0,0.0,0.0,0.0,0.00010960105217011629,0.5
repeat_1_fold_4,ABHD10,0.0,0.0,0.0,0.0,0.0,-0.00011742969875366827,0.5
repeat_1_fold_4,ABHD17A,0.006546876131109158,0.08579173768563972,0.04289586884281986,-0.0363489927117107,0.25,-4.7886243706912746e-05,1.0
repeat_1_fold_4,ABHD17B,-0.2952862526222422,0.6529858162569141,0.32649290812845705,-0.6217791607506993,0.25,0.00029657420597056783,1.0
repeat_1_fold_4,ABHD3,0.0,0.0,0.0,0.0,0.0,0.0,0.0
repeat_1_fold_4,ABHD4,0.0,0.0,0.0,0.0,0.0,-0.0007202354856891968,0.5
repeat_1_fold_4,ABHD5,0.0,0.0,0.0,0.0,0.0,6.262917266863788e-05,0.5
repeat_1_fold_4,ABHD6,0.0,0.0,0.0,0.0,0.0,0.0,0.0
repeat_1_fold_4,ABI1,0.0,0.0,0.0,0.0,0.0,0.0,0.0
repeat_1_fold_4,ABI2,0.0,0.0,0.0,0.0,0.0,0.0003219622645521947,1.0
repeat_1_fold_4,ABL1,-0.10913928643861937,0.21827857287723873,0.10913928643861937,-0.21827857287723873,0.0,0.0002488121227687268,0.5
repeat_1_fold_4,ABL2,-0.021907303708314174,0.04381460741662834,0.02190730370831417,-0.04381460741662835,0.0,-0.00013644535764736898,0.5
repeat_1_fold_4,ABLIM1,0.0,0.0,0.0,0.0,0.0,0.0,0.0
repeat_1_fold_4,ABLIM3,0.0,0.0,0.0,0.0,0.0,0.0,0.0
repeat_1_fold_4,ABR,0.0,0.0,0.0,0.0,0.0,0.0,0.0
repeat_1_fold_4,ABRAXAS2,0.0,0.0,0.0,0.0,0.0,0.0,0.0
repeat_1_fold_4,ACAA2,0.05865669669651652,0.08552391314522287,0.042761956572611434,0.015894740123905085,0.5,-0.0008387263294883374,1.0
repeat_1_fold_4,ACACA,0.0,0.0,0.0,0.0,0.0,0.0,0.0
repeat_1_fold_4,ACACB,0.0,0.0,0.0,0.0,0.0,0.0,0.0
repeat_1_fold_4,ACAD10,0.0,0.0,0.0,0.0,0.0,0.0002648645177860398,0.5
repeat_1_fold_4,ACADM,0.0,0.0,0.0,0.0,0.0,3.131458633431894e-05,0.5
repeat_1_fold_4,ACADS,-0.19936146585279957,0.34280148658896165,0.17140074329448082,-0.3707622091472804,0.0,0.00025683832027739717,0.5
repeat_1_fold_4,ACADSB,0.0,0.0,0.0,0.0,0.0,0.0005088620279326272,0.5
repeat_1_fold_4,ACADVL,0.0,0.0,0.0,0.0,0.0,0.0,0.0
repeat_1_fold_4,ACAN,0.0,0.0,0.0,0.0,0.0,0.0,0.0
repeat_1_fold_4,ACAT2,0.0,0.0,0.0,0.0,0.0,-1.6052395017340793e-05,0.5
repeat_1_fold_4,ACBD3,0.11250592910855417,0.12991065691250542,0.06495532845625271,0.04755060065230146,0.5,4.815718505202238e-05,0.5
repeat_1_fold_4,ACBD4,-0.021907303708314174,0.04381460741662834,0.02190730370831417,-0.04381460741662835,0.0,-0.00023275972775138598,0.5
repeat_1_fold_4,ACD,0.0,0.0,0.0,0.0,0.0,0.0,0.0
repeat_1_fold_4,ACE,0.0,0.0,0.0,0.0,0.0,0.0,0.0
repeat_1_fold_4,ACE2,-0.269506194705988,0.40170177880882,0.20085088940441,-0.470357084110398,0.0,0.00018460254269939136,0.5
repeat_1_fold_4,ACHE,0.0,0.0,0.0,0.0,0.0,-0.000288943110312051,0.5
repeat_1_fold_4,ACIN1,-0.022892630382592927,0.04578526076518585,0.022892630382592927,-0.04578526076518585,0.0,-0.00024268804409091627,0.5
repeat_1_fold_4,ACKR1,0.0,0.0,0.0,0.0,0.0,0.0,0.0
repeat_1_fold_4,ACKR2,-0.043040929327618827,0.2588234196928111,0.12941170984640554,-0.17245263917402437,0.25,-0.000288943110312051,0.5
repeat_1_fold_4,ACKR3,0.029439506513702085,0.05887901302740417,0.029439506513702085,0.0,0.25,-0.00023485939750733653,0.5
repeat_1_fold_4,ACKR4,0.0,0.0,0.0,0.0,0.0,0.0,0.0
repeat_1_fold_4,ACLY,-0.022892630382592927,0.04578526076518585,0.022892630382592927,-0.04578526076518585,0.0,0.0006549139904893642,1.0
repeat_1_fold_4,ACO1,0.0,0.0,0.0,0.0,0.0,0.0,0.0
repeat_1_fold_4,ACO2,0.0,0.0,0.0,0.0,0.0,0.0,0.0
repeat_1_fold_4,ACOT11,0.11250592910855417,0.12991065691250542,0.06495532845625271,0.04755060065230146,0.5,-8.026197508670396e-05,0.5
repeat_1_fold_4,ACOT2,-0.10913928643861937,0.21827857287723873,0.10913928643861937,-0.21827857287723873,0.0,4.815718505202238e-05,0.5
repeat_1_fold_4,ACOT7,0.0,0.0,0.0,0.0,0.0,-0.00011841745337914933,1.0
repeat_1_fold_4,ACOT9,0.029439506513702085,0.05887901302740417,0.029439506513702085,0.0,0.25,0.0002035448111730731,0.5
repeat_1_fold_4,ACOX1,0.0,0.0,0.0,0.0,0.0,-0.00014091563850440747,0.5
repeat_1_fold_4,ACOX2,0.0,0.0,0.0,0.0,0.0,0.0,0.0
repeat_1_fold_4,ACOX3,0.051864074979031116,0.10372814995806222,0.05186407497903111,6.938893903907228e-18,0.25,0.0007280641322728321,0.5
repeat_1_fold_4,ACOXL,0.0,0.0,0.0,0.0,0.0,0.0003210479003467326,0.5
repeat_1_fold_4,ACP3,0.0,0.0,0.0,0.0,0.0,-8.026197508667621e-05,0.5
repeat_1_fold_4,ACP5,0.05502146737686431,0.11004293475372862,0.05502146737686431,0.0,0.25,-0.00011236676512135779,0.5
repeat_1_fold_4,ACP6,0.0,0.0,0.0,0.0,0.0,0.0,0.0
repeat_1_fold_4,ACR,0.0,0.0,0.0,0.0,0.0,0.0,0.0
repeat_1_fold_4,ACSBG1,0.0,0.0,0.0,0.0,0.0,0.0,0.0
repeat_1_fold_4,ACSBG2,0.06381495416991889,0.08191221550941248,0.04095610775470624,0.02285884641521265,0.5,-0.0002648645177860398,0.5
repeat_1_fold_4,ACSF2,0.0,0.0,0.0,0.0,0.0,-3.2104790034681585e-05,0.5
repeat_1_fold_4,ACSL1,-0.02827193685633489,0.0326456207090341,0.01632281035451705,-0.04459474721085194,0.0,-0.0005363723766051709,1.0
repeat_1_fold_4,ACSL3,-0.029232243554343285,0.03400801720603196,0.01700400860301598,-0.04623625215735926,0.0,-0.00015657293167153918,0.5
repeat_1_fold_4,ACSL4,0.0,0.0,0.0,0.0,0.0,6.262917266863788e-05,0.5
repeat_1_fold_4,ACSL6,0.0,0.0,0.0,0.0,0.0,0.0002270307509238123,0.5
repeat_1_fold_4,ACSM1,0.0,0.0,0.0,0.0,0.0,0.0,0.0
repeat_1_fold_4,ACSM2A,0.0,0.0,0.0,0.0,0.0,6.262917266863788e-05,0.5
repeat_1_fold_4,ACSM3,0.0,0.0,0.0,0.0,0.0,-0.00025683832027739717,0.5
repeat_1_fold_4,ACSM5,0.0,0.0,0.0,0.0,0.0,0.0,0.0
repeat_1_fold_4,ACSS3,0.0,0.0,0.0,0.0,0.0,-1.6052395017340793e-05,0.5
repeat_1_fold_4,ACTA1,0.0,0.0,0.0,0.0,0.0,-7.223577757803357e-05,0.5
repeat_1_fold_4,ACTA2,0.0,0.0,0.0,0.0,0.0,1.6052395017340793e-05,0.5
repeat_1_fold_4,ACTB,0.0,0.0,0.0,0.0,0.0,0.0,0.0
repeat_1_fold_4,ACTC1,0.0,0.0,0.0,0.0,0.0,0.0,0.0
repeat_1_fold_4,ACTG1,0.0,0.0,0.0,0.0,0.0,0.0,0.0
repeat_1_fold_4,ACTG2,0.0,0.0,0.0,0.0,0.0,1.6052395017340793e-05,0.5
repeat_1_fold_4,ACTL6A,0.0,0.0,0.0,0.0,0.0,0.0,0.0
repeat_1_fold_4,ACTL6B,0.0,0.0,0.0,0.0,0.0,0.0,0.0
repeat_1_fold_4,ACTN1,0.0,0.0,0.0,0.0,0.0,0.0,0.0
repeat_1_fold_4,ACTN2,0.0,0.0,0.0,0.0,0.0,0.0,0.0
repeat_1_fold_4,ACTN3,0.0,0.0,0.0,0.0,0.0,0.0,0.0
repeat_1_fold_4,ACTN4,0.0,0.0,0.0,0.0,0.0,0.00022703075092378455,0.5
repeat_1_fold_4,ACTR10,0.0,0.0,0.0,0.0,0.0,-0.0005778862206241298,0.5
repeat_1_fold_4,ACTR1A,0.0,0.0,0.0,0.0,0.0,0.0,0.0
repeat_1_fold_4,ACTR1B,0.0,0.0,0.0,0.0,0.0,0.0,0.0
repeat_1_fold_4,ACTR2,0.0,0.0,0.0,0.0,0.0,0.0,0.0
repeat_1_fold_4,ACTR3,-0.16489096729264396,0.27448861770294875,0.13724430885147437,-0.30213527614411834,0.0,-0.00022473353024271558,0.5
repeat_1_fold_4,ACTR5,0.013339497848589232,0.1271584066569525,0.06357920332847625,-0.050239705479887015,0.25,-0.00015815333907226448,1.0
repeat_1_fold_4,ACTR8,0.0,0.0,0.0,0.0,0.0,0.00033663180309390084,0.5
repeat_1_fold_4,ACVR1B,0.0,0.0,0.0,0.0,0.0,0.0,0.0
repeat_1_fold_4,ACVR2A,0.0,0.0,0.0,0.0,0.0,-5.6183382560692774e-05,0.5
repeat_1_fold_4,ACVR2B,0.11250592910855417,0.12991065691250542,0.06495532845625271,0.04755060065230146,0.5,0.00015249775266468202,0.5
repeat_1_fold_4,ACVRL1,0.0,0.0,0.0,0.0,0.0,0.0,0.0
repeat_1_fold_4,ACY1,0.0,0.0,0.0,0.0,0.0,0.0,0.0
repeat_1_fold_4,ADA,0.0,0.0,0.0,0.0,0.0,-8.026197508670396e-06,0.5
repeat_1_fold_4,ADA2,-0.7024582697033921,0.8196806227844308,0.4098403113922154,-1.1122985810956074,0.0,-0.00045406150184754135,0.5
repeat_1_fold_4,ADAM10,-0.0653702985138711,0.07588470463295201,0.037942352316476004,-0.1033126508303471,0.0,0.00032124545127182325,1.0
repeat_1_fold_4,ADAM11,0.0,0.0,0.0,0.0,0.0,0.0,0.0
repeat_1_fold_4,ADAM12,0.0,0.0,0.0,0.0,0.0,0.0,0.0
repeat_1_fold_4,ADAM15,0.0,0.0,0.0,0.0,0.0,7.045781925221761e-05,0.5
repeat_1_fold_4,ADAM17,-0.3149228615929438,0.31721908447677505,0.15860954223838752,-0.4735324038313313,0.0,-0.0003065759127301171,1.0
repeat_1_fold_4,ADAM2,0.0,0.0,0.0,0.0,0.0,0.0,0.0
repeat_1_fold_4,ADAM20,0.0,0.0,0.0,0.0,0.0,0.0,0.0
repeat_1_fold_4,ADAM22,-0.015885219019990515,0.12345968826887815,0.06172984413443908,-0.07761506315442959,0.25,-0.0008768084173607915,0.5
repeat_1_fold_4,ADAM23,-0.022892630382592927,0.04578526076518585,0.022892630382592927,-0.04578526076518585,0.0,0.00016380892547990245,1.0
repeat_1_fold_4,ADAM30,-0.311093716872346,0.35922008235890035,0.17961004117945017,-0.49070375805179617,0.0,-0.00036078378603990324,1.0
repeat_1_fold_4,ADAM8,-0.3286017757131159,0.6221207576422326,0.3110603788211163,-0.6396621545342323,0.0,0.000391432329178959,0.5
repeat_1_fold_4,ADAM9,0.0027454574449983227,0.04817892518688647,0.024089462593443235,-0.021344005148444912,0.25,0.0012489033762158874,1.0
repeat_1_fold_4,ADAMTS12,0.11250592910855417,0.12991065691250542,0.06495532845625271,0.04755060065230146,0.5,-0.0003451264928727438,0.5
repeat_1_fold_4,ADAMTS13,0.0,0.0,0.0,0.0,0.0,-0.00020413746394828958,1.0
repeat_1_fold_4,ADAMTS20,0.0,0.0,0.0,0.0,0.0,0.0005088620279326272,0.5
repeat_1_fold_4,ADAMTS3,0.0,0.0,0.0,0.0,0.0,-0.00026617398384165547,0.5
repeat_1_fold_4,ADAMTS5,0.0,0.0,0.0,0.0,0.0,0.0,0.0
repeat_1_fold_4,ADAMTS6,0.09059862540024177,0.1105620238354913,0.05528101191774565,0.035317613482496124,0.5,0.0002728907152947102,0.5
repeat_1_fold_4,ADAMTS7,0.0,0.0,0.0,0.0,0.0,-0.0010409616746057948,1.0
repeat_1_fold_4,ADAMTS8,0.0,0.0,0.0,0.0,0.0,0.0,0.0
repeat_1_fold_4,ADAMTS9,0.0,0.0,0.0,0.0,0.0,0.0,0.0
repeat_1_fold_4,ADAMTSL2,0.0,0.0,0.0,0.0,0.0,-0.00028183127700881494,0.5
repeat_1_fold_4,ADAMTSL3,0.0,0.0,0.0,0.0,0.0,-0.0002601232955838917,1.0
repeat_1_fold_4,ADAMTSL4,0.0,0.0,0.0,0.0,0.0,-0.00015249775266468202,0.5
repeat_1_fold_4,ADAP1,0.0,0.0,0.0,0.0,0.0,0.0,0.0
repeat_1_fold_4,ADAR,0.0,0.0,0.0,0.0,0.0,-0.0005201224306627394,1.0
repeat_1_fold_4,ADARB1,0.0,0.0,0.0,0.0,0.0,0.00031176300686749925,1.0
repeat_1_fold_4,ADAT1,0.0,0.0,0.0,0.0,0.0,-0.0005136766405547666,0.5
repeat_1_fold_4,ADCY1,0.0,0.0,0.0,0.0,0.0,0.0,0.0
repeat_1_fold_4,ADCY10,0.0,0.0,0.0,0.0,0.0,0.0,0.0
repeat_1_fold_4,ADCY2,-0.03197770099933983,0.06395540199867966,0.03197770099933983,-0.06395540199867966,0.0,-0.00016440157825511892,0.5
repeat_1_fold_4,ADCY3,0.0,0.0,0.0,0.0,0.0,0.0,0.0
repeat_1_fold_4,ADCY6,0.0,0.0,0.0,0.0,0.0,0.0,0.0
repeat_1_fold_4,ADCY7,0.08220799502128351,0.1070456853580599,0.05352284267902995,0.028685152342253557,0.5,-0.00019262874020806176,0.5
repeat_1_fold_4,ADCY8,0.0,0.0,0.0,0.0,0.0,0.0,1.0
repeat_1_fold_4,ADCY9,-0.26468614487479236,0.3148885109920564,0.1574442554960282,-0.42213040037082056,0.0,-0.0002969693078207214,0.5
repeat_1_fold_4,ADCYAP1,0.0,0.0,0.0,0.0,0.0,0.0,0.0
repeat_1_fold_4,ADCYAP1R1,0.0,0.0,0.0,0.0,0.0,-0.00010960105217008853,0.5
repeat_1_fold_4,ADD1,0.0,0.0,0.0,0.0,0.0,0.0,0.0
repeat_1_fold_4,ADD2,0.0,0.0,0.0,0.0,0.0,0.0,0.0
repeat_1_fold_4,ADD3,0.0,0.0,0.0,0.0,0.0,0.0,0.0
repeat_1_fold_4,ADGRE1,0.0,0.0,0.0,0.0,0.0,0.0,0.0
repeat_1_fold_4,ADGRE2,0.0,0.0,0.0,0.0,0.0,-0.00016538933288054447,1.0
repeat_1_fold_4,ADGRE3,-0.013162692363929196,0.05539819983184506,0.02769909991592253,-0.040861792279851726,0.25,-0.0015265860837978262,0.5
repeat_1_fold_4,ADGRE5,0.0,0.0,0.0,0.0,0.0,0.00028965992359242243,0.5
repeat_1_fold_4,ADGRF5,0.08407915114944764,0.13672434468508363,0.06836217234254181,0.015716978806905826,0.5,0.000248812122768699,0.5
repeat_1_fold_4,ADGRG3,0.0,0.0,0.0,0.0,0.0,4.013098754335198e-05,0.5
repeat_1_fold_4,ADGRG6,0.0,0.0,0.0,0.0,0.0,0.0,0.0
repeat_1_fold_4,ADGRV1,0.0,0.0,0.0,0.0,0.0,0.0,0.0
repeat_1_fold_4,ADH1A,0.0,0.0,0.0,0.0,0.0,0.0,0.0
repeat_1_fold_4,ADH1B,0.06404172906679229,0.08198726503509922,0.04099363251754961,0.023048096549242676,0.5,-0.00037723128290742536,0.5
repeat_1_fold_4,ADH1C,0.0,0.0,0.0,0.0,0.0,-8.026197508670396e-06,0.5
repeat_1_fold_4,ADH5,-0.11255675477569937,0.0870658198152246,0.0435329099076123,-0.15608966468331167,0.0,0.0005417570216676715,1.0
repeat_1_fold_4,ADH6,0.0,0.0,0.0,0.0,0.0,8.026197508670396e-06,0.5
repeat_1_fold_4,ADH7,-0.013347024534350993,0.026694049068701986,0.013347024534350993,-0.026694049068701986,0.0,0.0001487442850879872,0.5
repeat_1_fold_4,ADI1,0.0,0.0,0.0,0.0,0.0,5.6183382560692774e-05,0.5
repeat_1_fold_4,ADIPOQ,-0.1529538938552477,0.2509120997059711,0.12545604985298556,-0.27840994370823324,0.0,1.6052395017313037e-05,0.5
repeat_1_fold_4,ADIPOR2,0.0,0.0,0.0,0.0,0.0,0.0,0.0
repeat_1_fold_4,ADIRF,0.0,0.0,0.0,0.0,0.0,0.0,0.0
repeat_1_fold_4,ADK,0.0,0.0,0.0,0.0,0.0,0.00011742969875369602,0.5
repeat_1_fold_4,ADM,0.0,0.0,0.0,0.0,0.0,0.0,0.0
repeat_1_fold_4,ADM2,0.029439506513702085,0.05887901302740417,0.029439506513702085,0.0,0.25,5.480052608505814e-05,0.5
repeat_1_fold_4,ADO,0.0,0.0,0.0,0.0,0.0,0.0,0.0
repeat_1_fold_4,ADORA2A,0.0,0.0,0.0,0.0,0.0,0.0,0.0
repeat_1_fold_4,ADORA2B,0.0,0.0,0.0,0.0,0.0,-3.914323291787092e-05,0.5
repeat_1_fold_4,ADPGK,-0.021907303708314174,0.04381460741662834,0.02190730370831417,-0.04381460741662835,0.0,9.6314370104017e-05,0.5
repeat_1_fold_4,ADPRM,0.0,0.0,0.0,0.0,0.0,0.0,0.0
repeat_1_fold_4,ADRA1B,-0.03197770099933983,0.06395540199867966,0.03197770099933983,-0.06395540199867966,0.0,4.697187950147841e-05,0.5
repeat_1_fold_4,ADRA1D,0.11250592910855417,0.12991065691250542,0.06495532845625271,0.04755060065230146,0.5,5.618338256066502e-05,0.5
repeat_1_fold_4,ADRA2A,0.0,0.0,0.0,0.0,0.0,-0.00012039296263002819,0.5
repeat_1_fold_4,ADRA2B,0.0,0.0,0.0,0.0,0.0,0.0,0.0
repeat_1_fold_4,ADRA2C,0.0,0.0,0.0,0.0,0.0,9.315355530259417e-05,1.0
repeat_1_fold_4,ADRB1,0.0,0.0,0.0,0.0,0.0,-4.697187950145065e-05,0.5
repeat_1_fold_4,ADRB2,0.0,0.0,0.0,0.0,0.0,0.0,0.0
repeat_1_fold_4,ADRB3,-0.03507236442659867,0.07014472885319734,0.03507236442659867,-0.07014472885319734,0.0,3.2104790034681585e-05,0.5
repeat_1_fold_4,ADRM1,0.0,0.0,0.0,0.0,0.0,-0.00033663180309384533,0.5
repeat_1_fold_4,ADSL,0.0,0.0,0.0,0.0,0.0,-8.611511241934933e-05,0.5
repeat_1_fold_4,ADSS2,0.0,0.0,0.0,0.0,0.0,-4.013098754335198e-05,0.5
repeat_1_fold_4,AFDN,0.013339497848589232,0.1271584066569525,0.06357920332847625,-0.050239705479887015,0.25,-0.00036794638942816427,0.5
repeat_1_fold_4,AFF4,0.0,0.0,0.0,0.0,0.0,-6.420958006936317e-05,0.5
repeat_1_fold_4,AFG3L2,0.029439506513702085,0.05887901302740417,0.029439506513702085,0.0,0.25,0.0005401766142669462,0.5
repeat_1_fold_4,AFP,-0.03507236442659867,0.07014472885319734,0.03507236442659867,-0.07014472885319734,0.0,-0.0004895980480287832,0.5
repeat_1_fold_4,AGA,0.0,0.0,0.0,0.0,0.0,0.0,0.0
repeat_1_fold_4,AGAP2,0.0,0.0,0.0,0.0,0.0,0.0,0.0
repeat_1_fold_4,AGBL3,0.0,0.0,0.0,0.0,0.0,-0.00015657293167153918,0.5
repeat_1_fold_4,AGBL5,0.0,0.0,0.0,0.0,0.0,0.0,0.0
repeat_1_fold_4,AGER,0.0,0.0,0.0,0.0,0.0,-0.00016052395017338017,0.5
repeat_1_fold_4,AGFG1,0.0,0.0,0.0,0.0,0.0,0.0,0.0
repeat_1_fold_4,AGGF1,0.0,0.0,0.0,0.0,0.0,0.0,0.0
repeat_1_fold_4,AGK,0.0,0.0,0.0,0.0,0.0,-2.4078592525983433e-05,0.5
repeat_1_fold_4,AGL,0.0,0.0,0.0,0.0,0.0,2.407859252601119e-05,0.5
repeat_1_fold_4,AGMAT,-0.021907303708314174,0.04381460741662834,0.02190730370831417,-0.04381460741662835,0.0,8.026197508670396e-06,0.5
repeat_1_fold_4,AGO1,-0.03507236442659867,0.07014472885319734,0.03507236442659867,-0.07014472885319734,0.0,0.0006822267882368171,0.5
repeat_1_fold_4,AGO2,0.0,0.0,0.0,0.0,0.0,0.0,0.0
repeat_1_fold_4,AGO3,0.03761476140352471,0.14626357972444823,0.07313178986222411,-0.035517028458699404,0.5,0.0006082638224180759,1.0
repeat_1_fold_4,AGO4,0.0,0.0,0.0,0.0,0.0,4.815718505199462e-05,0.5
repeat_1_fold_4,AGPAT1,0.0,0.0,0.0,0.0,0.0,0.0,0.0
repeat_1_fold_4,AGPAT2,0.0,0.0,0.0,0.0,0.0,0.0,0.0
repeat_1_fold_4,AGPAT3,0.026678995697174912,0.030806250694945605,0.015403125347472802,0.01127587034970211,0.5,4.6971879501506164e-05,0.5
repeat_1_fold_4,AGPAT4,0.0,0.0,0.0,0.0,0.0,0.0,0.0
repeat_1_fold_4,AGPAT5,0.0,0.0,0.0,0.0,0.0,-0.00017223022483869865,0.5
repeat_1_fold_4,AGPS,0.055424323790957075,0.08089322417111316,0.04044661208555658,0.014977711705400493,0.5,0.0011579455014242568,1.0
repeat_1_fold_4,AGRN,0.0,0.0,0.0,0.0,0.0,0.0,0.0
repeat_1_fold_4,AGRP,0.0,0.0,0.0,0.0,0.0,0.0,0.0
repeat_1_fold_4,AGTPBP1,-0.19061922286277166,0.2952149398625414,0.1476074699312707,-0.3382266927940424,0.0,-8.026197508667621e-05,0.5
repeat_1_fold_4,AGTR1,-0.04381460741662835,0.0505927507728563,0.02529637538642815,-0.0691109828030565,0.0,-9.631437010404476e-05,0.5
repeat_1_fold_4,AGTR2,0.0,0.0,0.0,0.0,0.0,0.0,0.0
repeat_1_fold_4,AGXT,0.0,0.0,0.0,0.0,0.0,0.00013328454284594615,1.0
repeat_1_fold_4,AHCTF1,0.0,0.0,0.0,0.0,0.0,0.0,0.0
repeat_1_fold_4,AHCY,0.0,0.0,0.0,0.0,0.0,-0.00041736227045077734,0.5
repeat_1_fold_4,AHCYL1,0.0,0.0,0.0,0.0,0.0,-0.0002270307509237568,0.5
repeat_1_fold_4,AHCYL2,0.0,0.0,0.0,0.0,0.0,0.0,0.0
repeat_1_fold_4,AHI1,0.0,0.0,0.0,0.0,0.0,-5.618338256066502e-05,0.5
repeat_1_fold_4,AHR,0.0,0.0,0.0,0.0,0.0,0.0,0.0
repeat_1_fold_4,AHSG,0.0,0.0,0.0,0.0,0.0,7.690360936016272e-05,1.0
repeat_1_fold_4,AICDA,0.0,0.0,0.0,0.0,0.0,8.611511241937708e-05,0.5
repeat_1_fold_4,AIM2,0.0,0.0,0.0,0.0,0.0,0.0,0.0
repeat_1_fold_4,AIMP1,0.0,0.0,0.0,0.0,0.0,0.0,0.0
repeat_1_fold_4,AIMP2,0.0,0.0,0.0,0.0,0.0,0.0,0.0
repeat_1_fold_4,AIP,0.0,0.0,0.0,0.0,0.0,0.0,0.0
repeat_1_fold_4,AK1,-0.21827857287723873,0.25204638561800224,0.12602319280900112,-0.3443017656862398,0.0,-0.0006340696031847948,0.5
repeat_1_fold_4,AK2,0.0,0.0,0.0,0.0,0.0,0.0,0.0
repeat_1_fold_4,AK4,0.0,0.0,0.0,0.0,0.0,-0.00014447155515603938,0.5
repeat_1_fold_4,AK5,-0.03197770099933983,0.06395540199867966,0.03197770099933983,-0.06395540199867966,0.0,-0.000434204869168453,1.0
repeat_1_fold_4,AK6,0.0,0.0,0.0,0.0,0.0,0.0,0.0
repeat_1_fold_4,AKAP1,0.0,0.0,0.0,0.0,0.0,-0.00014091563850437971,0.5
repeat_1_fold_4,AKAP10,0.0,0.0,0.0,0.0,0.0,0.0,0.0
repeat_1_fold_4,AKAP13,0.05887901302740417,0.06798762804198256,0.03399381402099128,0.024885199006412888,0.5,0.00043057556209685766,0.5
repeat_1_fold_4,AKAP5,-0.022892630382592927,0.04578526076518585,0.022892630382592927,-0.04578526076518585,0.0,-0.00024268804409091627,0.5
repeat_1_fold_4,AKAP8L,0.0,0.0,0.0,0.0,0.0,8.026197508670396e-06,0.5
repeat_1_fold_4,AKAP9,-0.05697966813490751,0.11395933626981503,0.05697966813490751,-0.11395933626981503,0.0,0.000195987105934603,1.0
repeat_1_fold_4,AKR1A1,-0.05697966813490751,0.11395933626981503,0.05697966813490751,-0.11395933626981503,0.0,0.0010193270836008905,0.5
repeat_1_fold_4,AKR1B1,0.0,0.0,0.0,0.0,0.0,0.0,0.0
repeat_1_fold_4,AKR1B10,0.0,0.0,0.0,0.0,0.0,0.0,0.0
repeat_1_fold_4,AKR1C1,0.0,0.0,0.0,0.0,0.0,0.000192628740208034,0.5
repeat_1_fold_4,AKR1C2,0.0,0.0,0.0,0.0,0.0,0.0,0.0
repeat_1_fold_4,AKR1C3,-0.030297934087272438,0.06059586817454487,0.030297934087272434,-0.060595868174544876,0.0,-0.0003451264928727438,0.5
repeat_1_fold_4,AKR1C4,-0.013347024534350993,0.026694049068701986,0.013347024534350993,-0.026694049068701986,0.0,-4.637922672617867e-05,1.0
repeat_1_fold_4,AKR1D1,0.0,0.0,0.0,0.0,0.0,0.0,0.0
repeat_1_fold_4,AKR7A2,0.0,0.0,0.0,0.0,0.0,0.0,0.0
repeat_1_fold_4,AKR7A3,0.0,0.0,0.0,0.0,0.0,0.0,0.0
repeat_1_fold_4,AKT1,0.0,0.0,0.0,0.0,0.0,-7.223577757803357e-05,0.5
repeat_1_fold_4,AKT2,-0.021907303708314174,0.04381460741662834,0.02190730370831417,-0.04381460741662835,0.0,0.0001043405676126874,0.5
repeat_1_fold_4,AKT3,-0.026694049068701986,0.03082363283115234,0.01541181641557617,-0.04210586548427816,0.0,-0.0001722302248387264,0.5
repeat_1_fold_4,ALAD,0.0,0.0,0.0,0.0,0.0,0.0,0.0
repeat_1_fold_4,ALAS1,0.0,0.0,0.0,0.0,0.0,0.0,0.0
repeat_1_fold_4,ALB,-0.022892630382592927,0.04578526076518585,0.022892630382592927,-0.04578526076518585,0.0,5.480052608505814e-05,0.5
repeat_1_fold_4,ALCAM,-0.013347024534350993,0.026694049068701986,0.013347024534350993,-0.026694049068701986,0.0,8.611511241937708e-05,0.5
repeat_1_fold_4,ALDH18A1,0.0,0.0,0.0,0.0,0.0,0.0,0.0
repeat_1_fold_4,ALDH1A1,0.0,0.0,0.0,0.0,0.0,0.0,0.0
repeat_1_fold_4,ALDH1A2,0.0,0.0,0.0,0.0,0.0,0.0,0.0
repeat_1_fold_4,ALDH1A3,0.042861128939115645,0.0857222578782313,0.04286112893911565,-6.938893903907228e-18,0.25,-7.223577757800581e-05,0.5
repeat_1_fold_4,ALDH1B1,0.0,0.0,0.0,0.0,0.0,0.0,0.0
repeat_1_fold_4,ALDH1L1,0.0,0.0,0.0,0.0,0.0,0.0,0.0
repeat_1_fold_4,ALDH2,0.0,0.0,0.0,0.0,0.0,-0.00012466569256197602,1.0
repeat_1_fold_4,ALDH3A1,0.0,0.0,0.0,0.0,0.0,-0.00026617398384165547,0.5
repeat_1_fold_4,ALDH3A2,0.0,0.0,0.0,0.0,0.0,0.0,0.0
repeat_1_fold_4,ALDH3B1,0.0,0.0,0.0,0.0,0.0,0.0,0.0
repeat_1_fold_4,ALDH3B2,0.0,0.0,0.0,0.0,0.0,-4.815718505202238e-05,0.5
repeat_1_fold_4,ALDH4A1,-0.05422546398001771,0.06459870309887245,0.03229935154943622,-0.08652481552945393,0.0,0.00026459357644095793,1.0
repeat_1_fold_4,ALDH5A1,0.0,0.0,0.0,0.0,0.0,8.026197508670396e-06,0.5
repeat_1_fold_4,ALDH6A1,0.0,0.0,0.0,0.0,0.0,0.0,0.0
repeat_1_fold_4,ALDH7A1,-0.04381460741662835,0.0505927507728563,0.02529637538642815,-0.0691109828030565,0.0,4.815718505202238e-05,0.5
repeat_1_fold_4,ALDH8A1,0.0,0.0,0.0,0.0,0.0,-0.0001846025426993636,0.5
repeat_1_fold_4,ALDH9A1,-0.3279548276537696,0.38819472469049815,0.19409736234524907,-0.5220521899990187,0.0,0.0001559068884763315,1.0
repeat_1_fold_4,ALDOA,0.0,0.0,0.0,0.0,0.0,1.565729316715947e-05,0.5
repeat_1_fold_4,ALDOB,0.0,0.0,0.0,0.0,0.0,0.0,0.0
repeat_1_fold_4,ALDOC,0.006546876131107382,0.013093752262214764,0.006546876131107382,0.0,0.25,0.0005170857763663883,1.0
repeat_1_fold_4,ALG12,-0.026694049068701986,0.03082363283115234,0.01541181641557617,-0.04210586548427816,0.0,-0.0003444604496774528,0.5
repeat_1_fold_4,ALG13,-0.05487033138193276,0.06507257775935699,0.03253628887967849,-0.08740662026161125,0.0,0.00011742969875369602,0.5
repeat_1_fold_4,ALG3,0.0,0.0,0.0,0.0,0.0,0.0,0.0
repeat_1_fold_4,ALG5,0.0,0.0,0.0,0.0,0.0,0.0,0.0
repeat_1_fold_4,ALG6,0.0,0.0,0.0,0.0,0.0,0.00024268804409097178,0.5
repeat_1_fold_4,ALG8,-0.19936146585279957,0.34280148658896165,0.17140074329448082,-0.3707622091472804,0.0,-0.00019887697939086069,1.0
repeat_1_fold_4,ALG9,0.0,0.0,0.0,0.0,0.0,0.0,0.0
repeat_1_fold_4,ALK,0.0,0.0,0.0,0.0,0.0,0.0,0.0
repeat_1_fold_4,ALMS1,-0.013347024534350993,0.026694049068701986,0.013347024534350993,-0.026694049068701986,0.0,-0.0004149182689296427,0.5
repeat_1_fold_4,ALOX12,0.0,0.0,0.0,0.0,0.0,-2.407859252601119e-05,0.5
repeat_1_fold_4,ALOX12B,0.0,0.0,0.0,0.0,0.0,-1.8225455193310314e-05,1.0
repeat_1_fold_4,ALOX15,0.0,0.0,0.0,0.0,0.0,0.0,0.0
repeat_1_fold_4,ALOX15B,0.08137935425796172,0.13140974769390962,0.06570487384695481,0.015674480411006914,0.5,0.0003049955053293918,0.5
repeat_1_fold_4,ALOX5,0.0,0.0,0.0,0.0,0.0,0.0,0.0
repeat_1_fold_4,ALOX5AP,-0.03507236442659867,0.07014472885319734,0.03507236442659867,-0.07014472885319734,0.0,-0.0004625561916263843,1.0
repeat_1_fold_4,ALOXE3,0.0,0.0,0.0,0.0,0.0,-0.00014348380053058607,1.0
repeat_1_fold_4,ALPG,0.0,0.0,0.0,0.0,0.0,0.0,0.0
repeat_1_fold_4,ALPK1,0.0,0.0,0.0,0.0,0.0,0.0,0.0
repeat_1_fold_4,ALPL,0.0,0.0,0.0,0.0,0.0,0.0,0.0
repeat_1_fold_4,ALPP,0.0,0.0,0.0,0.0,0.0,0.0,0.0
repeat_1_fold_4,ALS2CL,0.0,0.0,0.0,0.0,0.0,0.0,0.0
repeat_1_fold_4,AMACR,0.0,0.0,0.0,0.0,0.0,-3.914323291787092e-05,0.5
repeat_1_fold_4,AMBN,-0.04381460741662835,0.0505927507728563,0.02529637538642815,-0.0691109828030565,0.0,-0.0001685501476820228,0.5
repeat_1_fold_4,AMBP,0.0,0.0,0.0,0.0,0.0,-0.00021920210434017706,0.5
repeat_1_fold_4,AMBRA1,0.0,0.0,0.0,0.0,0.0,-8.611511241934933e-05,0.5
repeat_1_fold_4,AMD1,0.0,0.0,0.0,0.0,0.0,-5.480052608503039e-05,0.5
repeat_1_fold_4,AMDHD2,0.0,0.0,0.0,0.0,0.0,-2.407859252601119e-05,0.5
repeat_1_fold_4,AMELX,0.0,0.0,0.0,0.0,0.0,-2.407859252601119e-05,0.5
repeat_1_fold_4,AMFR,0.0,0.0,0.0,0.0,0.0,0.0,0.0
repeat_1_fold_4,AMH,0.006546876131107382,0.013093752262214764,0.006546876131107382,0.0,0.25,2.7755575615628914e-17,0.5
repeat_1_fold_4,AMHR2,0.0,0.0,0.0,0.0,0.0,-7.828646583579735e-06,0.5
repeat_1_fold_4,AMIGO2,0.0,0.0,0.0,0.0,0.0,-0.0001043405676126874,0.5
repeat_1_fold_4,AMN,0.0,0.0,0.0,0.0,0.0,0.0,0.0
repeat_1_fold_4,AMOT,-0.026694049068701986,0.03082363283115234,0.01541181641557617,-0.04210586548427816,0.0,0.0005010333813490753,0.5
repeat_1_fold_4,AMOTL2,0.0,0.0,0.0,0.0,0.0,0.0,0.0
repeat_1_fold_4,AMPD1,-0.19061922286277166,0.2952149398625414,0.1476074699312707,-0.3382266927940424,0.0,-0.00012841916013869858,0.5
repeat_1_fold_4,AMPD2,0.0,0.0,0.0,0.0,0.0,0.0,0.0
repeat_1_fold_4,AMPH,-0.10913928643861937,0.21827857287723873,0.10913928643861937,-0.21827857287723873,0.0,2.1832141930022697e-05,1.0
repeat_1_fold_4,AMT,0.026678995697174912,0.030806250694945605,0.015403125347472802,0.01127587034970211,0.5,0.0002818312770088427,0.5
repeat_1_fold_4,AMY1A,0.0,0.0,0.0,0.0,0.0,-0.000192628740208034,0.5
repeat_1_fold_4,ANAPC1,0.0,0.0,0.0,0.0,0.0,0.0007073439054733344,1.0
repeat_1_fold_4,ANAPC10,0.0,0.0,0.0,0.0,0.0,0.0,0.0
repeat_1_fold_4,ANAPC15,0.0,0.0,0.0,0.0,0.0,0.00029748857017600217,0.5
repeat_1_fold_4,ANAPC2,0.0,0.0,0.0,0.0,0.0,1.565729316715947e-05,0.5
repeat_1_fold_4,ANAPC5,-0.1394372205258918,0.20615416933018732,0.10307708466509366,-0.24251430519098546,0.0,-0.00035315269038141417,0.5
repeat_1_fold_4,ANG,0.029439506513702085,0.05887901302740417,0.029439506513702085,0.0,0.25,4.697187950147841e-05,0.5
repeat_1_fold_4,ANGPT1,0.0,0.0,0.0,0.0,0.0,0.00011742969875369602,0.5
repeat_1_fold_4,ANGPT2,-0.04381460741662835,0.0505927507728563,0.02529637538642815,-0.0691109828030565,0.0,0.0007384101707974822,0.5
repeat_1_fold_4,ANGPT4,0.0,0.0,0.0,0.0,0.0,0.0,0.0
repeat_1_fold_4,ANGPTL4,0.0,0.0,0.0,0.0,0.0,-3.9143232917898674e-05,0.5
repeat_1_fold_4,ANGPTL8,0.08572225787823129,0.0989835373230787,0.04949176866153935,0.03623048921669194,0.5,-0.0003076878278606143,1.0
repeat_1_fold_4,ANK1,0.0,0.0,0.0,0.0,0.0,-2.3683490675829866e-05,1.0
repeat_1_fold_4,ANK3,0.0,0.0,0.0,0.0,0.0,-8.82881725953466e-05,0.5
repeat_1_fold_4,ANKH,-0.03507236442659867,0.07014472885319734,0.03507236442659867,-0.07014472885319734,0.0,0.0002167073327340452,0.5
repeat_1_fold_4,ANKLE2,0.033904213804740735,0.06780842760948147,0.033904213804740735,0.0,0.25,-0.0009230634835818985,1.0
repeat_1_fold_4,ANKRD1,0.0,0.0,0.0,0.0,0.0,0.0,0.0
repeat_1_fold_4,ANKRD26,0.0,0.0,0.0,0.0,0.0,0.0,0.0
repeat_1_fold_4,ANKRD27,-0.022892630382592927,0.04578526076518585,0.022892630382592927,-0.04578526076518585,0.0,0.00016440157825517443,0.5
repeat_1_fold_4,ANKRD28,0.0,0.0,0.0,0.0,0.0,0.0,0.0
repeat_1_fold_4,ANKZF1,0.0,0.0,0.0,0.0,0.0,0.0,0.0
repeat_1_fold_4,ANO1,-0.03507236442659867,0.07014472885319734,0.03507236442659867,-0.07014472885319734,0.0,0.0001763787942656303,1.0
repeat_1_fold_4,ANO10,-0.07014472885319734,0.08099615617125358,0.04049807808562679,-0.11064280693882413,0.0,0.00011387378210206411,1.0
repeat_1_fold_4,ANO2,0.0,0.0,0.0,0.0,0.0,-7.045781925218986e-05,0.5
repeat_1_fold_4,ANO3,0.0,0.0,0.0,0.0,0.0,0.0,0.0
repeat_1_fold_4,ANOS1,0.0,0.0,0.0,0.0,0.0,0.0,0.0
repeat_1_fold_4,ANP32A,0.0,0.0,0.0,0.0,0.0,0.0,0.0
repeat_1_fold_4,ANPEP,-0.026694049068701986,0.03082363283115234,0.01541181641557617,-0.04210586548427816,0.0,-0.0002035448111730176,0.5
repeat_1_fold_4,ANXA1,0.0,0.0,0.0,0.0,0.0,-7.223577757800581e-05,0.5
repeat_1_fold_4,ANXA2,-0.6267080836714207,0.724625114286252,0.362312557143126,-0.9890206408145468,0.0,0.0007517476229486619,1.0
repeat_1_fold_4,ANXA3,0.0,0.0,0.0,0.0,0.0,0.0,0.0
repeat_1_fold_4,ANXA5,0.029439506513702085,0.05887901302740417,0.029439506513702085,0.0,0.25,-0.00016440157825514667,0.5
repeat_1_fold_4,ANXA6,0.0,0.0,0.0,0.0,0.0,-8.026197508670396e-05,0.5
repeat_1_fold_4,AOC1,0.0,0.0,0.0,0.0,0.0,0.0,0.0
repeat_1_fold_4,AOC2,0.0,0.0,0.0,0.0,0.0,0.0,0.0
repeat_1_fold_4,AOC3,0.0,0.0,0.0,0.0,0.0,-0.0004735456530114146,0.5
repeat_1_fold_4,AOX1,0.0,0.0,0.0,0.0,0.0,5.6183382560692774e-05,0.5
repeat_1_fold_4,AP1B1,0.0,0.0,0.0,0.0,0.0,0.0,0.0
repeat_1_fold_4,AP1G1,0.0,0.0,0.0,0.0,0.0,-5.480052608503039e-05,0.5
repeat_1_fold_4,AP1G2,0.0,0.0,0.0,0.0,0.0,0.0,0.0
repeat_1_fold_4,AP1M2,0.0,0.0,0.0,0.0,0.0,0.0,0.0
repeat_1_fold_4,AP1S1,0.0,0.0,0.0,0.0,0.0,-0.0003601177428446123,0.5
repeat_1_fold_4,AP1S2,0.0,0.0,0.0,0.0,0.0,0.0,0.0
repeat_1_fold_4,AP2A2,0.0,0.0,0.0,0.0,0.0,0.0,0.0
repeat_1_fold_4,AP2B1,0.0,0.0,0.0,0.0,0.0,0.0,0.0
repeat_1_fold_4,AP2S1,0.0,0.0,0.0,0.0,0.0,4.0130987543324226e-05,0.5
repeat_1_fold_4,AP3B1,0.10709377227806272,0.1255800333547361,0.06279001667736805,0.04430375560069466,0.5,-9.631437010404476e-05,0.5
repeat_1_fold_4,AP3S1,-0.34616608129894466,0.4038004413648105,0.20190022068240526,-0.5480663019813499,0.0,0.00016052395017335241,0.5
repeat_1_fold_4,AP4E1,0.0,0.0,0.0,0.0,0.0,3.210479003465383e-05,0.5
repeat_1_fold_4,AP4M1,0.08572225787823129,0.0989835373230787,0.04949176866153935,0.03623048921669194,0.5,0.00015249775266468202,0.5
repeat_1_fold_4,AP4S1,0.0,0.0,0.0,0.0,0.0,0.0,0.0
repeat_1_fold_4,APAF1,0.0,0.0,0.0,0.0,0.0,0.0,0.0
repeat_1_fold_4,APBA1,0.0,0.0,0.0,0.0,0.0,0.0,0.0
repeat_1_fold_4,APBA2,0.0,0.0,0.0,0.0,0.0,0.0,0.0
repeat_1_fold_4,APBA3,0.029439506513702085,0.05887901302740417,0.029439506513702085,0.0,0.25,-0.00016440157825514667,0.5
repeat_1_fold_4,APBB1,0.0,0.0,0.0,0.0,0.0,0.0,0.0
repeat_1_fold_4,APC,0.0,0.0,0.0,0.0,0.0,0.0,0.0
repeat_1_fold_4,APEH,0.0,0.0,0.0,0.0,0.0,-0.00043057556209680214,0.5
repeat_1_fold_4,APEX1,0.0,0.0,0.0,0.0,0.0,0.0,0.0
repeat_1_fold_4,APH1A,-0.01347488922902329,0.018599846488741082,0.009299923244370541,-0.02277481247339383,0.0,-0.0017863876679515278,1.0
repeat_1_fold_4,APIP,0.0,0.0,0.0,0.0,0.0,0.0,0.0
repeat_1_fold_4,APLNR,-0.07247930983389494,0.08369189808655507,0.041845949043277535,-0.11432525887717249,0.0,-0.00049320473476544,0.5
repeat_1_fold_4,APLP2,0.0,0.0,0.0,0.0,0.0,0.0,0.0
repeat_1_fold_4,APOA1,0.0,0.0,0.0,0.0,0.0,0.0,0.0
repeat_1_fold_4,APOA2,0.0,0.0,0.0,0.0,0.0,0.0,0.0
repeat_1_fold_4,APOB,0.0,0.0,0.0,0.0,0.0,-0.0002061129731991962,1.0
repeat_1_fold_4,APOBEC1,-0.311093716872346,0.35922008235890035,0.17961004117945017,-0.49070375805179617,0.0,1.6052395017340793e-05,0.5
repeat_1_fold_4,APOBEC2,-0.21827857287723873,0.25204638561800224,0.12602319280900112,-0.3443017656862398,0.0,0.00025683832027739717,0.5
repeat_1_fold_4,APOBEC3A,0.0,0.0,0.0,0.0,0.0,3.1314586334346695e-05,0.5
repeat_1_fold_4,APOBEC3B,0.0,0.0,0.0,0.0,0.0,2.407859252601119e-05,0.5
repeat_1_fold_4,APOBEC3C,0.0,0.0,0.0,0.0,0.0,-0.00014874428508795945,0.5
repeat_1_fold_4,APOBEC3G,0.0,0.0,0.0,0.0,0.0,-0.0005714912006012096,0.5
repeat_1_fold_4,APOBR,0.0,0.0,0.0,0.0,0.0,-0.00010960105217008853,0.5
repeat_1_fold_4,APOC1,0.0,0.0,0.0,0.0,0.0,0.0,0.0
repeat_1_fold_4,APOC2,0.04290594001992609,0.12398514239627151,0.061992571198135754,-0.019086631178209662,0.25,1.975509251184171e-07,1.0
repeat_1_fold_4,APOC3,0.0,0.0,0.0,0.0,0.0,-4.815718505202238e-05,0.5
repeat_1_fold_4,APOC4,0.0,0.0,0.0,0.0,0.0,-0.000250516690674496,0.5
repeat_1_fold_4,APOD,0.0,0.0,0.0,0.0,0.0,0.0,0.0
repeat_1_fold_4,APOE,0.05887901302740417,0.06798762804198256,0.03399381402099128,0.024885199006412888,0.5,-0.0002270307509237568,0.5
repeat_1_fold_4,APOF,0.0,0.0,0.0,0.0,0.0,0.0,0.0
repeat_1_fold_4,APOH,0.042861128939115645,0.0857222578782313,0.04286112893911565,-6.938893903907228e-18,0.25,0.00041526260069479903,1.0
repeat_1_fold_4,APOL1,0.0,0.0,0.0,0.0,0.0,-5.6183382560692774e-05,0.5
repeat_1_fold_4,APOM,0.0,0.0,0.0,0.0,0.0,-0.00010960105217008853,0.5
repeat_1_fold_4,APOO,0.0,0.0,0.0,0.0,0.0,0.0,0.0
repeat_1_fold_4,APOOL,-0.03197770099933983,0.06395540199867966,0.03197770099933983,-0.06395540199867966,0.0,-0.0005088620279325995,0.5
repeat_1_fold_4,APP,0.0,0.0,0.0,0.0,0.0,-0.0005311626621327947,1.0
repeat_1_fold_4,APPL1,0.0,0.0,0.0,0.0,0.0,-0.0007464363683061526,0.5
repeat_1_fold_4,APRT,0.0,0.0,0.0,0.0,0.0,-2.3485939750739204e-05,0.5
repeat_1_fold_4,AQP1,0.0,0.0,0.0,0.0,0.0,0.0,0.0
repeat_1_fold_4,AQP2,0.09911409349339273,0.11651772998878186,0.05825886499439093,0.0408552284990018,0.5,0.0001685501476820228,0.5
repeat_1_fold_4,AQP3,0.0,0.0,0.0,0.0,0.0,0.0,0.0
repeat_1_fold_4,AQP4,0.0,0.0,0.0,0.0,0.0,0.00010960105217011629,0.5
repeat_1_fold_4,AQP5,0.0,0.0,0.0,0.0,0.0,0.0,0.0
repeat_1_fold_4,AQP6,0.0,0.0,0.0,0.0,0.0,0.0,0.0
repeat_1_fold_4,AQP7,-0.03507236442659867,0.07014472885319734,0.03507236442659867,-0.07014472885319734,0.0,-0.00023275972775135823,0.5
repeat_1_fold_4,AQP8,-0.013891764298922027,0.093250724091029,0.0466253620455145,-0.060517126344436525,0.25,-0.0004976242455374535,0.5
repeat_1_fold_4,AQP9,0.0,0.0,0.0,0.0,0.0,0.0,0.0
repeat_1_fold_4,AR,-0.0024474276709867127,0.05967806377159428,0.02983903188579714,-0.03228645955678385,0.5,-0.0001445449455760306,1.0
repeat_1_fold_4,ARAF,-0.03197770099933983,0.06395540199867966,0.03197770099933983,-0.06395540199867966,0.0,1.2298927440673735e-05,1.0
repeat_1_fold_4,ARAP2,0.0,0.0,0.0,0.0,0.0,-0.00046729741382856016,1.0
repeat_1_fold_4,ARAP3,0.0,0.0,0.0,0.0,0.0,-0.000250516690674496,0.5
repeat_1_fold_4,ARC,-0.013347024534350993,0.026694049068701986,0.013347024534350993,-0.026694049068701986,0.0,-0.0005166906745161792,0.5
repeat_1_fold_4,ARCN1,0.0,0.0,0.0,0.0,0.0,0.0,0.0
repeat_1_fold_4,AREL1,0.0,0.0,0.0,0.0,0.0,0.0,0.0
repeat_1_fold_4,ARF1,0.0,0.0,0.0,0.0,0.0,-0.00015249775266468202,0.5
repeat_1_fold_4,ARF3,0.0,0.0,0.0,0.0,0.0,0.0,0.0
repeat_1_fold_4,ARF4,0.0,0.0,0.0,0.0,0.0,-0.00011236676512135779,0.5
repeat_1_fold_4,ARF5,0.0,0.0,0.0,0.0,0.0,0.0004059043167955745,1.0
repeat_1_fold_4,ARF6,0.0,0.0,0.0,0.0,0.0,0.0,0.0
repeat_1_fold_4,ARFGAP1,-0.021907303708314174,0.04381460741662834,0.02190730370831417,-0.04381460741662835,0.0,0.0002488121227687268,0.5
repeat_1_fold_4,ARG1,-0.04550392368244438,0.259384546980536,0.129692273490268,-0.17519619717271237,0.25,-0.0002006549377167044,0.5
repeat_1_fold_4,ARHGAP32,-0.311093716872346,0.35922008235890035,0.17961004117945017,-0.49070375805179617,0.0,8.026197508670396e-06,0.5
repeat_1_fold_4,ARHGAP45,-0.17006202567011464,0.22085160194832235,0.11042580097416117,-0.2804878266442758,0.0,0.0009166910838940001,1.0
repeat_1_fold_4,ARHGDIG,0.0,0.0,0.0,0.0,0.0,0.0,0.0
repeat_1_fold_4,ARHGEF1,0.0,0.0,0.0,0.0,0.0,0.0002728907152947102,0.5
repeat_1_fold_4,ARHGEF2,0.0,0.0,0.0,0.0,0.0,1.6052395017313037e-05,0.5
repeat_1_fold_4,ARL4C,0.0,0.0,0.0,0.0,0.0,0.00014703971718224573,1.0
repeat_1_fold_4,ARPC1A,-0.007234173031378077,0.008353303494060927,0.0041766517470304635,-0.01141082477840854,0.0,-0.0005650454104932923,1.0
repeat_1_fold_4,ARSA,0.0,0.0,0.0,0.0,0.0,0.0,0.0
repeat_1_fold_4,ARSL,0.0,0.0,0.0,0.0,0.0,0.0,0.0
repeat_1_fold_4,ASGR2,-0.19061922286277166,0.2952149398625414,0.1476074699312707,-0.3382266927940424,0.0,0.0006501219982021356,0.5
repeat_1_fold_4,ATP1A3,0.0,0.0,0.0,0.0,0.0,-0.0002006549377167044,0.5
repeat_1_fold_4,ATP5PF,0.0,0.0,0.0,0.0,0.0,0.0,0.0
repeat_1_fold_4,ATP6V0E1,0.0,0.0,0.0,0.0,0.0,0.0,0.0
repeat_1_fold_4,AURKA,-0.10913928643861937,0.21827857287723873,0.10913928643861937,-0.21827857287723873,0.0,0.0,0.5
repeat_1_fold_4,BACH1,-0.022892630382592927,0.04578526076518585,0.022892630382592927,-0.04578526076518585,0.0,0.000266173983841711,0.5
repeat_1_fold_4,BAG3,0.09059862540024177,0.1105620238354913,0.05528101191774565,0.035317613482496124,0.5,-8.421299358823964e-06,1.0
repeat_1_fold_4,BAG6,-0.026694049068701986,0.03082363283115234,0.01541181641557617,-0.04210586548427816,0.0,6.262917266863788e-05,0.5
repeat_1_fold_4,BANF1,-0.26562411170252886,0.3067163047894205,0.15335815239471026,-0.41898226409723915,0.0,-4.697187950145065e-05,0.5
repeat_1_fold_4,BAX,-0.03507236442659867,0.07014472885319734,0.03507236442659867,-0.07014472885319734,0.0,0.0002006549377167044,0.5
repeat_1_fold_4,BAZ2A,-0.013347024534350993,0.026694049068701986,0.013347024534350993,-0.026694049068701986,0.0,0.00048537608818188804,0.5
repeat_1_fold_4,BCL11A,0.0,0.0,0.0,0.0,0.0,-8.026197508670396e-06,0.5
repeat_1_fold_4,BCL2,0.00972993801866373,0.01945987603732746,0.00972993801866373,0.0,0.25,0.00011742969875369602,0.5
repeat_1_fold_4,BHLHE41,0.0,0.0,0.0,0.0,0.0,0.0,0.0
repeat_1_fold_4,BICRAL,-0.13255631499900744,0.15306284829492353,0.07653142414746177,-0.20908773914646922,0.0,8.026197508670396e-06,0.5
repeat_1_fold_4,BIRC5,0.039169444532365816,0.05551191542357129,0.027755957711785646,0.01141348682058017,0.5,0.0007358927788564118,0.5
repeat_1_fold_4,BMAL2,0.0,0.0,0.0,0.0,0.0,-0.000618017208167454,0.5
repeat_1_fold_4,BMI1,0.0,0.0,0.0,0.0,0.0,-0.00026486451778606757,0.5
repeat_1_fold_4,BRD9,0.0,0.0,0.0,0.0,0.0,0.0,0.0
repeat_1_fold_4,BTN3A1,0.0,0.0,0.0,0.0,0.0,-0.00011742969875366827,1.0
repeat_1_fold_4,BTN3A3,-0.022892630382592927,0.04578526076518585,0.022892630382592927,-0.04578526076518585,0.0,-0.000125258345337248,0.5
repeat_1_fold_4,BUB1,-0.18836772052569373,0.4822090229334822,0.2411045114667411,-0.42947223199243484,0.25,0.0011542935740176952,1.0
repeat_1_fold_4,BUD31,0.0,0.0,0.0,0.0,0.0,-0.0002654571705613118,1.0
repeat_1_fold_4,C1GALT1C1,-0.10913928643861937,0.21827857287723873,0.10913928643861937,-0.21827857287723873,0.0,-0.00015249775266468202,0.5
repeat_1_fold_4,C1QA,0.0,0.0,0.0,0.0,0.0,0.0001266412018129104,1.0
repeat_1_fold_4,C5AR2,0.0,0.0,0.0,0.0,0.0,-7.82864658355198e-06,0.5
repeat_1_fold_4,C8G,0.0,0.0,0.0,0.0,0.0,0.0,0.0
repeat_1_fold_4,CA2,0.0,0.0,0.0,0.0,0.0,0.00014447155515601162,0.5
repeat_1_fold_4,CA4,0.0008216728865750866,0.07400875776265348,0.03700437888132674,-0.03618270599475165,0.25,-7.848401676086025e-05,1.0
repeat_1_fold_4,CACNA1C,0.0,0.0,0.0,0.0,0.0,0.0,0.0
repeat_1_fold_4,CAMK2A,0.0,0.0,0.0,0.0,0.0,8.026197508667621e-05,0.5
repeat_1_fold_4,CANX,-0.026694049068701986,0.03082363283115234,0.01541181641557617,-0.04210586548427816,0.0,0.00028965992359242243,0.5
repeat_1_fold_4,CAPN7,0.0,0.0,0.0,0.0,0.0,0.0,0.0
repeat_1_fold_4,CASP5,0.0,0.0,0.0,0.0,0.0,0.0,0.0
repeat_1_fold_4,CASP8,-0.12406168480248603,0.14665017373168113,0.07332508686584056,-0.19738677166832658,0.0,-0.0008533224776100801,0.5
repeat_1_fold_4,CATSPER2,0.0,0.0,0.0,0.0,0.0,0.0,0.0
repeat_1_fold_4,CCK,0.0,0.0,0.0,0.0,0.0,0.0,0.0
repeat_1_fold_4,CCNA2,0.0,0.0,0.0,0.0,0.0,0.000566823368819136,1.0
repeat_1_fold_4,CCND1,0.0,0.0,0.0,0.0,0.0,-0.00035228909626103255,0.5
repeat_1_fold_4,CCNT1,0.0,0.0,0.0,0.0,0.0,0.0002190045534151419,1.0
repeat_1_fold_4,CCR2,0.0,0.0,0.0,0.0,0.0,0.0,0.0
repeat_1_fold_4,CCR7,0.0,0.0,0.0,0.0,0.0,-0.000577886220624102,0.5
repeat_1_fold_4,CD1C,0.0,0.0,0.0,0.0,0.0,0.0,0.0
repeat_1_fold_4,CD209,-0.09929389388189591,0.19858778776379182,0.09929389388189591,-0.19858778776379182,0.0,-9.6314370104017e-05,0.5
repeat_1_fold_4,CD226,-0.0036170865156872622,0.037915268977171616,0.018957634488585808,-0.02257472100427307,0.25,0.0,0.5
repeat_1_fold_4,CD244,0.0,0.0,0.0,0.0,0.0,0.0,0.0
repeat_1_fold_4,CD2BP2,0.0,0.0,0.0,0.0,0.0,0.0,0.0
repeat_1_fold_4,CD34,-0.3707359365100942,0.7154259153705594,0.3577129576852797,-0.728448894195374,0.0,0.000757600760281335,1.0
repeat_1_fold_4,CD52,0.00972993801866373,0.01945987603732746,0.00972993801866373,0.0,0.25,-0.00042025214390709054,1.0
repeat_1_fold_4,CD70,0.06869132169192937,0.07931790613965321,0.03965895306982661,0.029032368622102768,0.5,-6.914282378117642e-06,1.0
repeat_1_fold_4,CD79A,-0.155546858436173,0.311093716872346,0.155546858436173,-0.311093716872346,0.0,0.000481571850520085,0.5
repeat_1_fold_4,CD79B,0.0,0.0,0.0,0.0,0.0,0.0004895980480287554,0.5
repeat_1_fold_4,CDC25C,0.0,0.0,0.0,0.0,0.0,-7.045781925218986e-05,0.5
repeat_1_fold_4,CDC6,-0.14421165086521626,0.2884233017304325,0.14421165086521626,-0.2884233017304325,0.0,9.6314370104017e-05,0.5
repeat_1_fold_4,CDKAL1,-0.044272426505031603,0.2610720292089097,0.13053601460445485,-0.17480844110948646,0.25,-0.0002006549377167044,0.5
repeat_1_fold_4,CDO1,0.042861128939115645,0.0857222578782313,0.04286112893911565,-6.938893903907228e-18,0.25,-0.0012119558238089245,0.5
repeat_1_fold_4,CENPS,-0.1529538938552477,0.2509120997059711,0.12545604985298556,-0.27840994370823324,0.0,0.0003431509836218649,1.0
repeat_1_fold_4,CEP192,0.0,0.0,0.0,0.0,0.0,2.7755575615628914e-17,0.5
repeat_1_fold_4,CETP,0.0,0.0,0.0,0.0,0.0,-2.3485939750739204e-05,0.5
repeat_1_fold_4,CGA,0.0,0.0,0.0,0.0,0.0,-3.131458633431894e-05,0.5
repeat_1_fold_4,CH25H,0.0,0.0,0.0,0.0,0.0,0.0,0.0
repeat_1_fold_4,CHKB,0.0,0.0,0.0,0.0,0.0,0.0,0.0
repeat_1_fold_4,CHM,0.026678995697174912,0.030806250694945605,0.015403125347472802,0.01127587034970211,0.5,0.0006028057869355841,0.5
repeat_1_fold_4,CHRNB4,0.0,0.0,0.0,0.0,0.0,0.00012039296263002819,0.5
repeat_1_fold_4,CHST10,0.0,0.0,0.0,0.0,0.0,0.0,0.0
repeat_1_fold_4,CIDEA,0.0,0.0,0.0,0.0,0.0,-0.00015249775266470977,0.5
repeat_1_fold_4,CKS1B,0.0,0.0,0.0,0.0,0.0,0.0,0.0
repeat_1_fold_4,CLEC4M,0.0,0.0,0.0,0.0,0.0,-0.00013644535764736898,0.5
repeat_1_fold_4,CLINT1,-0.026694049068701986,0.03082363283115234,0.01541181641557617,-0.04210586548427816,0.0,-0.0016127011962171756,0.5
repeat_1_fold_4,CLNS1A,0.0,0.0,0.0,0.0,0.0,0.0,0.0
repeat_1_fold_4,CMTM6,0.0,0.0,0.0,0.0,0.0,0.0,0.0
repeat_1_fold_4,CNOT1,-0.026694049068701986,0.03082363283115234,0.01541181641557617,-0.04210586548427816,0.0,0.0003053172167595819,0.5
repeat_1_fold_4,CNTN2,0.198228186986789,0.2288941942355882,0.1144470971177941,0.0837810898689949,0.5,-0.0003692050853987272,0.5
repeat_1_fold_4,COL17A1,0.0,0.0,0.0,0.0,0.0,-0.0002969693078207214,0.5
repeat_1_fold_4,COPZ2,0.0,0.0,0.0,0.0,0.0,0.0,0.0
repeat_1_fold_4,COQ8A,0.0,0.0,0.0,0.0,0.0,0.0,0.0
repeat_1_fold_4,CORO1A,0.0,0.0,0.0,0.0,0.0,0.0004895980480287554,0.5
repeat_1_fold_4,CORT,0.0,0.0,0.0,0.0,0.0,4.697187950147841e-05,1.0
repeat_1_fold_4,CPA2,0.05502146737686253,0.11335071564819099,0.056675357824095496,-0.001653890447232964,0.25,-8.828817259537436e-05,0.5
repeat_1_fold_4,CPE,0.0,0.0,0.0,0.0,0.0,3.131458633431894e-05,0.5
repeat_1_fold_4,CPOX,0.006546876131107382,0.013093752262214764,0.006546876131107382,0.0,0.25,0.0003522890962610603,0.5
repeat_1_fold_4,CPT1A,0.0,0.0,0.0,0.0,0.0,0.0,0.0
repeat_1_fold_4,CPT1B,0.0,0.0,0.0,0.0,0.0,-0.00024268804409091627,0.5
repeat_1_fold_4,CREG1,0.039169444532365816,0.05551191542357129,0.027755957711785646,0.01141348682058017,0.5,0.00021137345775665284,0.5
repeat_1_fold_4,CRISP3,0.0,0.0,0.0,0.0,0.0,0.0,0.0
repeat_1_fold_4,CRK,0.0,0.0,0.0,0.0,0.0,0.0,0.0
repeat_1_fold_4,CSAD,0.0,0.0,0.0,0.0,0.0,-4.815718505202238e-05,0.5
repeat_1_fold_4,CSPG4,0.0,0.0,0.0,0.0,0.0,0.0,0.0
repeat_1_fold_4,CTDNEP1,0.0,0.0,0.0,0.0,0.0,0.0,0.0
repeat_1_fold_4,CTDSP2,-0.039286078656790124,0.18060331782941966,0.09030165891470983,-0.12958773757149994,0.5,0.0013278785055818865,1.0
repeat_1_fold_4,CTSW,0.0,0.0,0.0,0.0,0.0,-0.00010177240558648104,0.5
repeat_1_fold_4,CUL5,0.0,0.0,0.0,0.0,0.0,0.0,0.0
repeat_1_fold_4,CUX1,-0.15332898482481383,0.3653292116449274,0.1826646058224637,-0.3359935906472775,0.25,7.223577757800581e-05,0.5
repeat_1_fold_4,CYP27B1,0.0,0.0,0.0,0.0,0.0,6.420958006936317e-05,0.5
repeat_1_fold_4,CYP2A13,0.0,0.0,0.0,0.0,0.0,-0.00016440157825511892,0.5
repeat_1_fold_4,CYP2B6,0.0,0.0,0.0,0.0,0.0,-3.914323291787092e-05,0.5
repeat_1_fold_4,DCAF11,0.0,0.0,0.0,0.0,0.0,0.00024268804409094402,0.5
repeat_1_fold_4,DCAF16,-0.37043727942578997,0.625871377396778,0.312935688698389,-0.6833729681241789,0.0,-0.0013230412726247809,0.5
repeat_1_fold_4,DCLRE1C,0.0,0.0,0.0,0.0,0.0,0.0,0.0
repeat_1_fold_4,DDIT4,-0.06395540199867966,0.07384933712013686,0.03692466856006843,-0.10088007055874809,0.0,-9.394375900292906e-05,0.5
repeat_1_fold_4,DDX6,0.0,0.0,0.0,0.0,0.0,0.0,0.0
repeat_1_fold_4,DEFA1,-0.013347024534350993,0.026694049068701986,0.013347024534350993,-0.026694049068701986,0.0,0.0002552579128766719,1.0
repeat_1_fold_4,DENND1A,-0.10913928643861937,0.21827857287723873,0.10913928643861937,-0.21827857287723873,0.0,4.815718505202238e-05,0.5
repeat_1_fold_4,DFFB,-0.5138425389425549,0.49009623266860985,0.24504811633430493,-0.7588906552768598,0.0,0.00032532063027870817,1.0
repeat_1_fold_4,DGKH,0.0,0.0,0.0,0.0,0.0,0.0,0.0
repeat_1_fold_4,DGKI,0.0,0.0,0.0,0.0,0.0,0.0,0.0
repeat_1_fold_4,DGKQ,0.0,0.0,0.0,0.0,0.0,0.0,0.0
repeat_1_fold_4,DGUOK,0.0,0.0,0.0,0.0,0.0,4.815718505202238e-05,0.5
repeat_1_fold_4,DIAPH2,0.0,0.0,0.0,0.0,0.0,0.0,0.0
repeat_1_fold_4,DIMT1,0.11250592910855417,0.12991065691250542,0.06495532845625271,0.04755060065230146,0.5,-0.0008476668912024421,1.0
repeat_1_fold_4,DNAJC8,0.039169444532365816,0.05551191542357129,0.027755957711785646,0.01141348682058017,0.5,0.0006810922527713537,0.5
repeat_1_fold_4,DOCK2,0.0,0.0,0.0,0.0,0.0,0.0,0.0
repeat_1_fold_4,DOCK9,-0.021907303708314174,0.04381460741662834,0.02190730370831417,-0.04381460741662835,0.0,0.0001765763451906932,0.5
repeat_1_fold_4,DPF3,0.0,0.0,0.0,0.0,0.0,-0.0008086704391245814,1.0
repeat_1_fold_4,DPM3,0.0,0.0,0.0,0.0,0.0,-4.697187950147841e-05,0.5
repeat_1_fold_4,DSC3,0.0,0.0,0.0,0.0,0.0,-0.00037577503601177176,0.5
repeat_1_fold_4,DTNA,-0.06395540199867966,0.07384933712013686,0.03692466856006843,-0.10088007055874809,0.0,-3.131458633431894e-05,0.5
repeat_1_fold_4,DTNB,0.0,0.0,0.0,0.0,0.0,0.0,0.0
repeat_1_fold_4,DUOX2,0.0,0.0,0.0,0.0,0.0,0.00014874428508801496,0.5
repeat_1_fold_4,DYNC1H1,0.042861128939115645,0.0857222578782313,0.04286112893911565,-6.938893903907228e-18,0.25,-0.0002006549377167044,0.5
repeat_1_fold_4,DYNC1LI1,0.0,0.0,0.0,0.0,0.0,8.026197508670396e-06,0.5
repeat_1_fold_4,DYNC2LI1,0.0,0.0,0.0,0.0,0.0,0.0,0.0
repeat_1_fold_4,ECT2,0.0,0.0,0.0,0.0,0.0,0.00013861841782336626,1.0
repeat_1_fold_4,EDEM1,0.198228186986789,0.2288941942355882,0.1144470971177941,0.0837810898689949,0.5,-0.0009755667889858877,1.0
repeat_1_fold_4,EEF1AKMT2,-0.03761055891223819,0.06861971115440381,0.034309855577201905,-0.07192041448944009,0.0,7.322353220348687e-05,1.0
repeat_1_fold_4,EFNA3,-0.1887196573916654,0.18126747445870806,0.09063373722935403,-0.27935339462101944,0.0,0.0003773554434125248,1.0
repeat_1_fold_4,EIF2AK2,-0.16496318376572816,0.27137432076428764,0.13568716038214382,-0.30065034414787195,0.25,-0.0005362255957651052,1.0
repeat_1_fold_4,EIF2S1,0.0,0.0,0.0,0.0,0.0,0.00011236676512135779,0.5
repeat_1_fold_4,ELF2,-0.5940855152701605,0.6861748492830927,0.34308742464154635,-0.9371729399117068,0.0,-0.0002740026304252352,0.5
repeat_1_fold_4,ELOVL1,0.0,0.0,0.0,0.0,0.0,0.0,0.0
repeat_1_fold_4,ENO1,0.0,0.0,0.0,0.0,0.0,0.0,0.0
repeat_1_fold_4,ENOPH1,0.0,0.0,0.0,0.0,0.0,-0.000250516690674496,0.5
repeat_1_fold_4,ERF,0.0,0.0,0.0,0.0,0.0,0.0,0.0
repeat_1_fold_4,ERN1,0.0,0.0,0.0,0.0,0.0,-3.388274836046978e-05,1.0
repeat_1_fold_4,ESYT1,0.0,0.0,0.0,0.0,0.0,-0.00023426674473206455,1.0
repeat_1_fold_4,ETHE1,0.0,0.0,0.0,0.0,0.0,-0.00017321797946415196,1.0
repeat_1_fold_4,EXOC5,0.0,0.0,0.0,0.0,0.0,0.0,0.0
repeat_1_fold_4,F8,-0.10821587649142472,0.08913126829975818,0.04456563414987909,-0.1527815106413038,0.0,6.966761555185497e-05,1.0
repeat_1_fold_4,FAM114A2,-0.08294943543945088,0.0958713979051627,0.04793569895258135,-0.13088513439203223,0.0,0.0002505166906745515,0.5
repeat_1_fold_4,FANCI,0.029439506513702085,0.05887901302740417,0.029439506513702085,0.0,0.25,9.394375900295682e-05,0.5
repeat_1_fold_4,FBXO21,0.0,0.0,0.0,0.0,0.0,0.0,0.0
repeat_1_fold_4,FCER1A,0.0,0.0,0.0,0.0,0.0,0.0,0.0
repeat_1_fold_4,FDX1,0.0,0.0,0.0,0.0,0.0,0.0,0.0
repeat_1_fold_4,FGF9,0.0,0.0,0.0,0.0,0.0,0.0,0.0
repeat_1_fold_4,FGFR3,-0.022892630382592927,0.04578526076518585,0.022892630382592927,-0.04578526076518585,0.0,0.0001800588714223339,0.5
repeat_1_fold_4,FKBP1A,-0.05397669503396685,0.24423545985467368,0.12211772992733684,-0.17609442496130367,0.25,-0.0004940683288858216,1.0
repeat_1_fold_4,FN1,-0.06395540199867966,0.07384933712013686,0.03692466856006843,-0.10088007055874809,0.0,-1.565729316715947e-05,0.5
repeat_1_fold_4,FSHB,0.0,0.0,0.0,0.0,0.0,0.0,0.0
repeat_1_fold_4,FUCA1,-0.155546858436173,0.311093716872346,0.155546858436173,-0.311093716872346,0.0,0.00016052395017335241,0.5
repeat_1_fold_4,G3BP1,0.029439506513702085,0.05887901302740417,0.029439506513702085,0.0,0.25,-2.3485939750739204e-05,0.5
repeat_1_fold_4,GABRR1,0.0,0.0,0.0,0.0,0.0,9.6314370104017e-05,0.5
repeat_1_fold_4,GALK1,0.0,0.0,0.0,0.0,0.0,0.0,0.0
repeat_1_fold_4,GALNT1,-0.015885219019990515,0.12345968826887815,0.06172984413443908,-0.07761506315442959,0.25,-0.00036110549747003784,1.0
repeat_1_fold_4,GALNT2,-0.04940234728087667,0.057349903186019145,0.028674951593009573,-0.07807729887388624,0.0,0.0005010333813490475,0.5
repeat_1_fold_4,GALR3,-0.0453247255336926,0.0906494510673852,0.0453247255336926,-0.0906494510673852,0.0,-0.0005068865186816929,1.0
repeat_1_fold_4,GARRE1,-0.05288632188434228,0.27690228461667066,0.13845114230833533,-0.1913374641926776,0.25,-9.6314370104017e-05,0.5
repeat_1_fold_4,GARS1,0.0,0.0,0.0,0.0,0.0,0.0,0.0
repeat_1_fold_4,GAST,0.0,0.0,0.0,0.0,0.0,-4.815718505202238e-05,0.5
repeat_1_fold_4,GATAD2A,-0.04381460741662835,0.0505927507728563,0.02529637538642815,-0.0691109828030565,0.0,0.00015249775266470977,0.5
repeat_1_fold_4,GBX2,0.0,0.0,0.0,0.0,0.0,1.565729316715947e-05,0.5
repeat_1_fold_4,GCH1,0.0,0.0,0.0,0.0,0.0,-3.2104790034681585e-05,0.5
repeat_1_fold_4,GCHFR,0.0,0.0,0.0,0.0,0.0,-0.00012039296263000043,0.5
repeat_1_fold_4,GCNT1,-0.0797073066106826,0.246052619190135,0.1230263095950675,-0.2027336162057501,0.25,2.6375813207080157e-05,1.0
repeat_1_fold_4,GEM,0.002266772354529323,0.11921693853040662,0.05960846926520331,-0.057341696910673985,0.25,-0.00011742969875366827,0.5
repeat_1_fold_4,GEMIN8,0.0,0.0,0.0,0.0,0.0,0.0,0.0
repeat_1_fold_4,GFER,0.0,0.0,0.0,0.0,0.0,0.0,0.0
repeat_1_fold_4,GFPT1,0.0,0.0,0.0,0.0,0.0,2.7755575615628914e-17,0.5
repeat_1_fold_4,GGA2,0.0,0.0,0.0,0.0,0.0,0.0,0.0
repeat_1_fold_4,GGH,0.0,0.0,0.0,0.0,0.0,0.0,0.0
repeat_1_fold_4,GGPS1,0.0,0.0,0.0,0.0,0.0,0.0,0.0
repeat_1_fold_4,GHR,-0.0036170865156872622,0.037915268977171616,0.018957634488585808,-0.02257472100427307,0.25,-0.0006654349596041664,0.5
repeat_1_fold_4,GID8,0.0,0.0,0.0,0.0,0.0,0.0,0.0
repeat_1_fold_4,GINS3,0.0,0.0,0.0,0.0,0.0,-0.00014447155515601162,0.5
repeat_1_fold_4,GINS4,0.0954224090866429,0.09931480506718535,0.04965740253359267,0.04576500655305023,0.75,0.0003291982583605024,1.0
repeat_1_fold_4,GJA5,0.0,0.0,0.0,0.0,0.0,0.0,0.0
repeat_1_fold_4,GLTP,0.12006791872419775,0.1884475530097469,0.09422377650487344,0.02584414221932431,0.5,-5.6183382560692774e-05,0.5
repeat_1_fold_4,GLUD2,0.0,0.0,0.0,0.0,0.0,9.374620807786616e-05,1.0
repeat_1_fold_4,GMDS,-0.026694049068701986,0.03082363283115234,0.01541181641557617,-0.04210586548427816,0.0,-0.0001722302248387264,0.5
repeat_1_fold_4,GMPPB,0.0,0.0,0.0,0.0,0.0,0.0005636625540176576,0.5
repeat_1_fold_4,GNB1,0.0,0.0,0.0,0.0,0.0,0.0,0.0
repeat_1_fold_4,GNG13,-0.0453247255336926,0.0906494510673852,0.0453247255336926,-0.0906494510673852,0.0,0.00010960105217011629,0.5
repeat_1_fold_4,GNRHR,0.07183049357930926,0.12376543324712866,0.06188271662356433,0.009947776955744933,0.5,-0.0008026197508668453,0.5
repeat_1_fold_4,GP2,0.0,0.0,0.0,0.0,0.0,0.0017980205521969383,1.0
repeat_1_fold_4,GPD2,0.0,0.0,0.0,0.0,0.0,-0.00013308699192079998,0.5
repeat_1_fold_4,GPR25,-0.00955313253400547,0.06018633924220867,0.030093169621104334,-0.03964630215510981,0.25,-0.00025834533725807574,0.5
repeat_1_fold_4,GPR65,0.0,0.0,0.0,0.0,0.0,0.000516690674516207,0.5
repeat_1_fold_4,GRIA1,0.0,0.0,0.0,0.0,0.0,0.00016052395017335241,0.5
repeat_1_fold_4,GRK3,0.0,0.0,0.0,0.0,0.0,-9.394375900292906e-05,0.5
repeat_1_fold_4,GRK4,0.0,0.0,0.0,0.0,0.0,0.0,0.0
repeat_1_fold_4,GRPR,0.0,0.0,0.0,0.0,0.0,-7.828646583576959e-05,0.5
repeat_1_fold_4,GSTT2,0.0,0.0,0.0,0.0,0.0,4.736698135165973e-05,1.0
repeat_1_fold_4,GTF2H3,0.0,0.0,0.0,0.0,0.0,-0.00014190339312986078,1.0
repeat_1_fold_4,GTF3A,0.0,0.0,0.0,0.0,0.0,-6.262917266861012e-05,0.5
repeat_1_fold_4,GUCY2C,0.0,0.0,0.0,0.0,0.0,0.0,0.0
repeat_1_fold_4,GYPA,0.0,0.0,0.0,0.0,0.0,0.0,0.0
repeat_1_fold_4,GYS1,-0.2548407523180689,0.3082695813392965,0.15413479066964825,-0.40897554298771716,0.0,-0.00013032127896955847,1.0
repeat_1_fold_4,GZMH,0.029439506513702085,0.05887901302740417,0.029439506513702085,0.0,0.25,-0.00028183127700881494,0.5
repeat_1_fold_4,H1-1,0.0,0.0,0.0,0.0,0.0,0.00016440157825517443,0.5
repeat_1_fold_4,H2AX,0.0,0.0,0.0,0.0,0.0,0.0,0.0
repeat_1_fold_4,H2BC10,0.0,0.0,0.0,0.0,0.0,0.0,0.0
repeat_1_fold_4,H2BC17,0.0,0.0,0.0,0.0,0.0,3.1314586334346695e-05,0.5
repeat_1_fold_4,H2BC3,-0.04578526076518585,0.05286826525539452,0.02643413262769726,-0.07221939339288311,0.0,0.0011237184212986862,1.0
repeat_1_fold_4,H3C11,0.0,0.0,0.0,0.0,0.0,0.0,0.0
repeat_1_fold_4,H3C8,0.0,0.0,0.0,0.0,0.0,0.0,0.0
repeat_1_fold_4,H4C5,0.0,0.0,0.0,0.0,0.0,9.394375900295682e-05,0.5
repeat_1_fold_4,HAO1,0.0,0.0,0.0,0.0,0.0,0.0,0.0
repeat_1_fold_4,HARS2,-0.021907303708314174,0.04381460741662834,0.02190730370831417,-0.04381460741662835,0.0,-0.00016052395017335241,1.0
repeat_1_fold_4,HAS1,0.0,0.0,0.0,0.0,0.0,0.0,0.0
repeat_1_fold_4,HERPUD1,-0.10913928643861937,0.21827857287723873,0.10913928643861937,-0.21827857287723873,0.0,0.0007480675457919861,1.0
repeat_1_fold_4,HIPK1,-0.026694049068701986,0.03082363283115234,0.01541181641557617,-0.04210586548427816,0.0,0.00014091563850443523,0.5
repeat_1_fold_4,HLA-DPA1,0.0,0.0,0.0,0.0,0.0,0.0,0.0
repeat_1_fold_4,HLA-DPB1,0.0,0.0,0.0,0.0,0.0,0.0,0.0
repeat_1_fold_4,HOXA11,0.0,0.0,0.0,0.0,0.0,-0.0001043405676126874,0.5
repeat_1_fold_4,HOXB1,0.0,0.0,0.0,0.0,0.0,-0.00012525834533722024,0.5
repeat_1_fold_4,HOXD1,-0.07014472885319734,0.08099615617125358,0.04049807808562679,-0.11064280693882413,0.0,0.000561833825606789,0.5
repeat_1_fold_4,HOXD11,0.0,0.0,0.0,0.0,0.0,0.0,0.0
repeat_1_fold_4,HRG,0.11250592910855417,0.12991065691250542,0.06495532845625271,0.04755060065230146,0.5,-0.000516171412160954,1.0
repeat_1_fold_4,HS3ST3A1,0.0,0.0,0.0,0.0,0.0,9.394375900295682e-05,0.5
repeat_1_fold_4,HS3ST3B1,0.0,0.0,0.0,0.0,0.0,0.0,0.0
repeat_1_fold_4,HSD17B14,0.0077887645125152005,0.015577529025030403,0.007788764512515201,-8.673617379884035e-19,0.25,0.0003768361810572163,1.0
repeat_1_fold_4,HSD17B6,0.05887901302740417,0.06798762804198256,0.03399381402099128,0.024885199006412888,0.5,1.1311172815220427e-05,1.0
repeat_1_fold_4,HSPB1,0.0,0.0,0.0,0.0,0.0,-2.348593975071145e-05,0.5
repeat_1_fold_4,HTR1B,-0.03197770099933983,0.06395540199867966,0.03197770099933983,-0.06395540199867966,0.0,-0.00021137345775662508,0.5
repeat_1_fold_4,HTR3B,0.02896936464019184,0.03996509493618,0.01998254746809,0.00898681717210184,0.5,-8.82881725953466e-05,0.5
repeat_1_fold_4,ICAM2,0.0,0.0,0.0,0.0,0.0,-0.00019262874020806176,0.5
repeat_1_fold_4,ID3,0.08572225787823129,0.0989835373230787,0.04949176866153935,0.03623048921669194,0.5,0.0005226172022688991,1.0
repeat_1_fold_4,IDH3A,0.0,0.0,0.0,0.0,0.0,-0.00014447155515603938,0.5
repeat_1_fold_4,IFIT3,0.0,0.0,0.0,0.0,0.0,7.82864658360749e-06,0.5
repeat_1_fold_4,IFNAR1,0.0,0.0,0.0,0.0,0.0,0.0,0.0
repeat_1_fold_4,IFT25,0.0,0.0,0.0,0.0,0.0,6.420958006933541e-05,0.5
repeat_1_fold_4,IGFBP3,0.0,0.0,0.0,0.0,0.0,-0.0001017724055865088,0.5
repeat_1_fold_4,IGLC2,-0.2078935559514754,0.3151957785394321,0.15759788926971605,-0.3654914452211915,0.25,0.001025699483288789,1.0
repeat_1_fold_4,IL17A,0.0,0.0,0.0,0.0,0.0,0.0,0.0
repeat_1_fold_4,IL18,-0.10913928643861937,0.21827857287723873,0.10913928643861937,-0.21827857287723873,0.0,1.6052395017340793e-05,0.5
repeat_1_fold_4,IL1R2,0.0,0.0,0.0,0.0,0.0,0.0008267491134779648,1.0
repeat_1_fold_4,IL1RAP,0.0,0.0,0.0,0.0,0.0,0.0,0.0
repeat_1_fold_4,IL6,0.11250592910855417,0.12991065691250542,0.06495532845625271,0.04755060065230146,0.5,9.6314370104017e-05,0.5
repeat_1_fold_4,INHA,0.03916944453236404,0.07833888906472808,0.03916944453236404,0.0,0.25,0.0012968630103428191,1.0
repeat_1_fold_4,INPP5F,0.0,0.0,0.0,0.0,0.0,-3.2104790034681585e-05,0.5
repeat_1_fold_4,INTS14,-0.049586679451298465,0.06838112635003106,0.03419056317501553,-0.083777242626314,0.0,-0.00014874428508795945,0.5
repeat_1_fold_4,ITGA2B,0.0,0.0,0.0,0.0,0.0,0.0,0.0
repeat_1_fold_4,ITGAM,0.0,0.0,0.0,0.0,0.0,0.0,0.0
repeat_1_fold_4,JUN,0.09059862540024177,0.1105620238354913,0.05528101191774565,0.035317613482496124,0.5,-0.0007464363683061526,0.5
repeat_1_fold_4,KANK1,0.003786365314580209,0.03763830697509568,0.01881915348754784,-0.015032788172967632,0.25,-3.1314586334291183e-05,0.5
repeat_1_fold_4,KCNA3,-0.34156466683656106,0.3973421192813238,0.1986710596406619,-0.540235726477223,0.0,-0.0010999615402027818,1.0
repeat_1_fold_4,KCNC2,0.0,0.0,0.0,0.0,0.0,0.0,0.0
repeat_1_fold_4,KCND1,-0.03197770099933983,0.06395540199867966,0.03197770099933983,-0.06395540199867966,0.0,0.0005793198471848449,0.5
repeat_1_fold_4,KCNH2,0.0,0.0,0.0,0.0,0.0,1.6052395017340793e-05,0.5
repeat_1_fold_4,KCNJ15,0.0,0.0,0.0,0.0,0.0,0.0,0.0
repeat_1_fold_4,KCNJ16,-0.013347024534350993,0.026694049068701986,0.013347024534350993,-0.026694049068701986,0.0,0.0004932047347654678,0.5
repeat_1_fold_4,KDSR,-0.3019077266444121,0.6038154532888242,0.3019077266444121,-0.6038154532888242,0.0,0.0003679463894282198,0.5
repeat_1_fold_4,KIF13A,-0.0609513649164839,0.07038057388401418,0.03519028694200709,-0.096141651858491,0.0,-2.3485939750739204e-05,0.5
repeat_1_fold_4,KIF13B,0.0,0.0,0.0,0.0,0.0,-0.00021920210434020482,0.5
repeat_1_fold_4,KIF16B,0.0,0.0,0.0,0.0,0.0,0.0,0.0
repeat_1_fold_4,KIF3A,0.0,0.0,0.0,0.0,0.0,0.0,0.0
repeat_1_fold_4,KIR2DL4,0.0,0.0,0.0,0.0,0.0,4.013098754335198e-05,0.5
repeat_1_fold_4,KIR2DS4,-0.04586946529826186,0.1077097325904333,0.05385486629521665,-0.09972433159347852,0.25,0.0002448611042669413,1.0
repeat_1_fold_4,KL,0.0,0.0,0.0,0.0,0.0,0.0,0.0
repeat_1_fold_4,KLHL2,0.0,0.0,0.0,0.0,0.0,0.0,0.0
repeat_1_fold_4,KLHL21,-0.7640666231920008,0.8925964931381218,0.4462982465690609,-1.2103648697610616,0.0,0.0007124068391056726,0.5
repeat_1_fold_4,KMT2D,0.0,0.0,0.0,0.0,0.0,0.0,0.0
repeat_1_fold_4,KRT1,0.0,0.0,0.0,0.0,0.0,0.0,0.0
repeat_1_fold_4,KRT2,0.0,0.0,0.0,0.0,0.0,0.0,0.0
repeat_1_fold_4,KRT76,0.0,0.0,0.0,0.0,0.0,0.0,0.0
repeat_1_fold_4,KRTAP1-1,0.0,0.0,0.0,0.0,0.0,0.0,0.0
repeat_1_fold_4,KYNU,-0.2955087876665914,0.5910175753331828,0.2955087876665914,-0.5910175753331828,0.0,0.000754462565814823,0.5
repeat_1_fold_4,LAMA3,0.0,0.0,0.0,0.0,0.0,0.00025182615673016717,1.0
repeat_1_fold_4,LARS1,-0.21950226043485266,0.27514516224729313,0.13757258112364656,-0.3570748415584992,0.0,0.00029380849301929857,1.0
repeat_1_fold_4,LDLRAP1,0.20335511644953286,0.09900839475572804,0.04950419737786402,0.15385091907166884,1.0,0.000350189426505082,1.0
repeat_1_fold_4,LHX3,-0.022892630382592927,0.04578526076518585,0.022892630382592927,-0.04578526076518585,0.0,-0.0002974885701759744,0.5
repeat_1_fold_4,LILRA3,0.0,0.0,0.0,0.0,0.0,0.0,0.0
repeat_1_fold_4,LIPA,0.0,0.0,0.0,0.0,0.0,0.0,0.0
repeat_1_fold_4,LIPF,0.0,0.0,0.0,0.0,0.0,0.0,0.0
repeat_1_fold_4,LMAN1,-0.19622250357585713,0.39244500715171426,0.19622250357585713,-0.39244500715171426,0.0,0.0009237802968622977,0.5
repeat_1_fold_4,LMAN2L,0.0,0.0,0.0,0.0,0.0,0.0,0.0
repeat_1_fold_4,LPCAT1,0.11250592910855417,0.12991065691250542,0.06495532845625271,0.04755060065230146,0.5,-0.00017361308131436104,1.0
repeat_1_fold_4,LRPPRC,-0.023417028560388076,0.18026323313517573,0.09013161656758786,-0.11354864512797594,0.25,-0.00015249775266470977,0.5
repeat_1_fold_4,LTF,0.0,0.0,0.0,0.0,0.0,0.0,0.0
repeat_1_fold_4,LYZ,0.0,0.0,0.0,0.0,0.0,0.0,0.0
repeat_1_fold_4,MAGI2,0.0,0.0,0.0,0.0,0.0,0.0,0.0
repeat_1_fold_4,MAGT1,0.0,0.0,0.0,0.0,0.0,0.0,0.0
repeat_1_fold_4,MAML3,0.0,0.0,0.0,0.0,0.0,0.0,0.0
repeat_1_fold_4,MAN1C1,0.056252964554277085,0.11250592910855417,0.056252964554277085,0.0,0.25,0.0005603041882911719,1.0
repeat_1_fold_4,MAN2C1,0.0,0.0,0.0,0.0,0.0,0.0,0.0
repeat_1_fold_4,MAP2K7,-0.8616947025403334,1.560957117563965,0.7804785587819825,-1.642173261322316,0.0,-7.065537017728052e-05,1.0
repeat_1_fold_4,MAP3K3,-0.21343541721700454,0.29568723220597415,0.14784361610298707,-0.3612790333199916,0.0,-0.00024268804409091627,0.5
repeat_1_fold_4,MAPK1,0.0,0.0,0.0,0.0,0.0,-0.00010038954911090192,1.0
repeat_1_fold_4,MARCKS,0.0,0.0,0.0,0.0,0.0,4.697187950147841e-05,0.5
repeat_1_fold_4,MAT2A,-0.013347024534350993,0.026694049068701986,0.013347024534350993,-0.026694049068701986,0.0,0.00014874428508801496,1.0
repeat_1_fold_4,MAU2,-0.036303861604015,0.07260772320803,0.036303861604015,-0.07260772320803,0.0,0.000288943110312051,0.5
repeat_1_fold_4,MB,0.0,0.0,0.0,0.0,0.0,0.0,0.0
repeat_1_fold_4,MBD1,0.11425309699523467,0.14933338533024476,0.07466669266512238,0.03958640433011229,0.75,0.0001271604641681634,1.0
repeat_1_fold_4,MBD4,-0.0653702985138711,0.1307405970277422,0.0653702985138711,-0.1307405970277422,0.0,-0.0001765763451906932,1.0
repeat_1_fold_4,MCCC1,0.0,0.0,0.0,0.0,0.0,-0.00035315269038141417,0.5
repeat_1_fold_4,MCCC2,0.0,0.0,0.0,0.0,0.0,0.0003444604496774806,0.5
repeat_1_fold_4,MCFD2,0.0,0.0,0.0,0.0,0.0,0.0,0.0
repeat_1_fold_4,MCM2,-0.026694049068701986,0.03082363283115234,0.01541181641557617,-0.04210586548427816,0.0,-0.0003413730252960212,1.0
repeat_1_fold_4,MCM4,0.056252964554277085,0.11250592910855417,0.056252964554277085,0.0,0.25,0.0003692050853987272,0.5
repeat_1_fold_4,MECOM,0.0,0.0,0.0,0.0,0.0,1.0520969114830026e-05,1.0
repeat_1_fold_4,MED15,0.0,0.0,0.0,0.0,0.0,0.0,0.0
repeat_1_fold_4,MED24,0.0,0.0,0.0,0.0,0.0,-0.00018460254269939136,0.5
repeat_1_fold_4,MED31,-0.0804112409538078,0.09285090322110559,0.046425451610552795,-0.1268366925643606,0.0,-0.0005088620279325995,0.5
repeat_1_fold_4,MED9,0.0,0.0,0.0,0.0,0.0,0.0,0.0
repeat_1_fold_4,MELTF,-0.07020521527467416,0.09925666220935923,0.04962833110467962,-0.11983354637935378,0.0,5.618338256066502e-05,0.5
repeat_1_fold_4,MEN1,0.0,0.0,0.0,0.0,0.0,0.0,0.0
repeat_1_fold_4,MET,0.0,0.0,0.0,0.0,0.0,0.0,0.0
repeat_1_fold_4,MLEC,0.0,0.0,0.0,0.0,0.0,-3.388274836046978e-05,1.0
repeat_1_fold_4,MMP10,0.0,0.0,0.0,0.0,0.0,0.00014447155515601162,0.5
repeat_1_fold_4,MMRN2,-0.3210514474900812,0.6118628249335418,0.3059314124667709,-0.6269828599568521,0.25,-0.000239403068784394,1.0
repeat_1_fold_4,MNAT1,-0.007234173031378077,0.008353303494060927,0.0041766517470304635,-0.01141082477840854,0.0,0.0004227469155132779,1.0
repeat_1_fold_4,MOCS3,0.0,0.0,0.0,0.0,0.0,0.0002270307509238123,0.5
repeat_1_fold_4,MPL,0.11250592910855417,0.12991065691250542,0.06495532845625271,0.04755060065230146,0.5,-0.0003371002953640734,0.5
repeat_1_fold_4,MRPL40,0.0,0.0,0.0,0.0,0.0,4.0130987543324226e-05,0.5
repeat_1_fold_4,MRPS16,0.0,0.0,0.0,0.0,0.0,0.0,0.0
repeat_1_fold_4,MRPS35,0.0,0.0,0.0,0.0,0.0,-0.00013308699192082774,0.5
repeat_1_fold_4,MSL1,0.11250592910855417,0.12991065691250542,0.06495532845625271,0.04755060065230146,0.5,0.0003210479003467326,0.5
repeat_1_fold_4,MSRA,0.0,0.0,0.0,0.0,0.0,0.0,0.0
repeat_1_fold_4,MTAP,0.0,0.0,0.0,0.0,0.0,0.0,0.0
repeat_1_fold_4,MTF2,0.0,0.0,0.0,0.0,0.0,-0.0001846025426993636,0.5
repeat_1_fold_4,MTM1,0.0,0.0,0.0,0.0,0.0,1.6052395017340793e-05,0.5
repeat_1_fold_4,MUC5AC,0.03606098053587026,0.0911619749073645,0.04558098745368225,-0.00952000691781199,0.25,0.00033433458241283187,1.0
repeat_1_fold_4,MYBPC3,-0.045332252219457914,0.09064443438795135,0.045322217193975674,-0.09065446941343358,0.0,3.9143232917898674e-05,0.5
repeat_1_fold_4,MYH2,0.0,0.0,0.0,0.0,0.0,0.00011742969875369602,0.5
repeat_1_fold_4,MYL7,0.0,0.0,0.0,0.0,0.0,-9.651192102910766e-05,1.0
repeat_1_fold_4,MYO3A,0.0,0.0,0.0,0.0,0.0,0.0,0.5
repeat_1_fold_4,MZT2B,0.0,0.0,0.0,0.0,0.0,0.00024268804409097178,0.5
repeat_1_fold_4,NAAA,0.0,0.0,0.0,0.0,0.0,0.0,0.0
repeat_1_fold_4,NABP2,0.0,0.0,0.0,0.0,0.0,0.0,0.0
repeat_1_fold_4,NBR1,0.0,0.0,0.0,0.0,0.0,0.0,0.0
repeat_1_fold_4,NCF4,0.0,0.0,0.0,0.0,0.0,0.0,0.0
repeat_1_fold_4,NCK1,0.0,0.0,0.0,0.0,0.0,6.262917266863788e-05,0.5
repeat_1_fold_4,NCOA1,-0.18224090750487498,0.2943754899684313,0.14718774498421566,-0.32942865248909065,0.0,0.0004294636469663049,1.0
repeat_1_fold_4,NCOR2,0.029439506513702085,0.05887901302740417,0.029439506513702085,0.0,0.25,8.611511241937708e-05,0.5
repeat_1_fold_4,NDST1,0.10530396167859912,0.09975389662362343,0.04987694831181171,0.05542701336678741,0.75,0.00011710798732350591,1.0
repeat_1_fold_4,NDUFAF3,0.0,0.0,0.0,0.0,0.0,0.0,0.0
repeat_1_fold_4,NDUFB4,0.0,0.0,0.0,0.0,0.0,-4.0130987543324226e-05,0.5
repeat_1_fold_4,NEFL,0.0,0.0,0.0,0.0,0.0,0.0,0.0
repeat_1_fold_4,NFIB,0.0,0.0,0.0,0.0,0.0,0.0006312304998135343,1.0
repeat_1_fold_4,NHP2,0.01945987603732746,0.022470329337095515,0.011235164668547758,0.008224711368779704,0.5,0.00013716217092771266,1.0
repeat_1_fold_4,NLRP3,-0.12190086363216857,0.07158952165158826,0.03579476082579413,-0.1576956244579627,0.0,0.0003010218664926956,1.0
repeat_1_fold_4,NMUR1,0.0,0.0,0.0,0.0,0.0,-0.000125258345337248,0.5
repeat_1_fold_4,NOTCH2NLA,0.0,0.0,0.0,0.0,0.0,0.0,0.0
repeat_1_fold_4,NOTCH3,0.0,0.0,0.0,0.0,0.0,0.0,0.0
repeat_1_fold_4,NPC1,0.007788764512516977,0.1275822538809068,0.0637911269404534,-0.05600236242793642,0.25,0.0003594009295642686,1.0
repeat_1_fold_4,NPR1,0.05887901302740417,0.06798762804198256,0.03399381402099128,0.024885199006412888,0.5,5.48005260850859e-05,0.5
repeat_1_fold_4,NR2C1,0.028742589743318447,0.03954363181069972,0.01977181590534986,0.008970773837968588,0.5,-0.00024078592526005638,0.5
repeat_1_fold_4,NR4A2,0.0,0.0,0.0,0.0,0.0,-5.618338256066502e-05,0.5
repeat_1_fold_4,NRF1,-0.15312618988078164,0.2521362524623762,0.1260681262311881,-0.27919431611196976,0.25,-0.0006734103870277564,1.0
repeat_1_fold_4,NRP2,0.0,0.0,0.0,0.0,0.0,0.0,0.0
repeat_1_fold_4,NRXN3,0.0,0.0,0.0,0.0,0.0,0.0001565729316715947,0.5
repeat_1_fold_4,NTN3,0.0,0.0,0.0,0.0,0.0,0.00032097450992674137,0.5
repeat_1_fold_4,NUDC,0.0,0.0,0.0,0.0,0.0,-2.3485939750739204e-05,0.5
repeat_1_fold_4,NUP188,0.0,0.0,0.0,0.0,0.0,0.0,0.0
repeat_1_fold_4,NUP98,0.0,0.0,0.0,0.0,0.0,0.0,0.0
repeat_1_fold_4,OAT,0.0,0.0,0.0,0.0,0.0,-0.00016637708750602553,1.0
repeat_1_fold_4,OBSL1,0.0,0.0,0.0,0.0,0.0,0.00014091563850443523,0.5
repeat_1_fold_4,OLA1,0.0,0.0,0.0,0.0,0.0,-0.0001765763451906932,0.5
repeat_1_fold_4,OPRL1,-0.013347024534350993,0.026694049068701986,0.013347024534350993,-0.026694049068701986,0.0,-6.262917266861012e-05,0.5
repeat_1_fold_4,OR1D2,0.07507679520772648,0.5971943542335009,0.29859717711675043,-0.22352038190902396,0.25,-0.0009230127134968735,0.5
repeat_1_fold_4,OR1G1,-0.010025192945228412,0.15678287819771955,0.07839143909885977,-0.08841663204408819,0.25,-0.00035880827678899663,1.0
repeat_1_fold_4,OR3A2,-0.03507236442659867,0.07014472885319734,0.03507236442659867,-0.07014472885319734,0.0,-0.0002488121227687268,0.5
repeat_1_fold_4,OR5V1,0.0,0.0,0.0,0.0,0.0,-0.00010960105217006078,0.5
repeat_1_fold_4,ORC4,0.0,0.0,0.0,0.0,0.0,-0.0001957161645894656,0.5
repeat_1_fold_4,OSBP,0.0,0.0,0.0,0.0,0.0,0.0,0.0
repeat_1_fold_4,OSBPL1A,0.0,0.0,0.0,0.0,0.0,0.0,0.0
repeat_1_fold_4,OSBPL2,0.0,0.0,0.0,0.0,0.0,0.0,0.0
repeat_1_fold_4,OSGEPL1,0.0,0.0,0.0,0.0,0.0,0.0,0.0
repeat_1_fold_4,OSTM1,0.0,0.0,0.0,0.0,0.0,0.0,0.0
repeat_1_fold_4,P2RX2,0.0,0.0,0.0,0.0,0.0,-1.6052395017340793e-05,0.5
repeat_1_fold_4,PADI2,0.0,0.0,0.0,0.0,0.0,0.0,0.0
repeat_1_fold_4,PAFAH1B1,-0.2805370633004607,0.34439952117710426,0.17219976058855213,-0.4527368238890128,0.5,0.0011479945647497325,1.0
repeat_1_fold_4,PAPPA,0.05887901302740417,0.06798762804198256,0.03399381402099128,0.024885199006412888,0.5,0.0004462328552640171,0.5
repeat_1_fold_4,PARG,-0.04578526076518585,0.05286826525539452,0.02643413262769726,-0.07221939339288311,0.0,0.0002583453372581035,0.5
repeat_1_fold_4,PCBP1,0.0,0.0,0.0,0.0,0.0,0.0,0.0
repeat_1_fold_4,PCGF2,0.0,0.0,0.0,0.0,0.0,-8.611511241934933e-05,0.5
repeat_1_fold_4,PCNA,0.06317699032836543,0.1448583146399656,0.0724291573199828,-0.009252166991617364,0.5,0.0010183393289754372,1.0
repeat_1_fold_4,PCNT,0.00972993801866373,0.01945987603732746,0.00972993801866373,0.0,0.25,-0.00025834533725807574,0.5
repeat_1_fold_4,PCSK2,0.0,0.0,0.0,0.0,0.0,0.0,0.0
repeat_1_fold_4,PCSK5,0.05865669669651652,0.08552391314522287,0.042761956572611434,0.015894740123905085,0.5,-0.0007075414563983695,1.0
repeat_1_fold_4,PCYOX1L,-0.04872557273101741,0.0662494471517894,0.0331247235758947,-0.08185029630691211,0.0,0.0004326752318528082,1.0
repeat_1_fold_4,PDCD11,0.0,0.0,0.0,0.0,0.0,0.0,0.0
repeat_1_fold_4,PDCD1LG2,0.029439506513702085,0.05887901302740417,0.029439506513702085,0.0,0.25,0.0009536612566359015,1.0
repeat_1_fold_4,PDE8A,0.0,0.0,0.0,0.0,0.0,0.0,0.0
repeat_1_fold_4,PDGFD,0.0,0.0,0.0,0.0,0.0,8.026197508670396e-06,0.5
repeat_1_fold_4,PDSS2,0.0,0.0,0.0,0.0,0.0,0.0,0.0
repeat_1_fold_4,PEA15,-0.24232989523279613,0.3389212614636567,0.16946063073182835,-0.4117905259646245,0.25,-0.0010991939568373577,1.0
repeat_1_fold_4,PEAK1,0.0,0.0,0.0,0.0,0.0,0.00014874428508801496,0.5
repeat_1_fold_4,PEX19,0.0,0.0,0.0,0.0,0.0,0.0,0.0
repeat_1_fold_4,PFAS,0.0,0.0,0.0,0.0,0.0,0.0,0.0
repeat_1_fold_4,PFKFB1,0.11250592910855417,0.12991065691250542,0.06495532845625271,0.04755060065230146,0.5,-0.00044946706048543117,0.5
repeat_1_fold_4,PFKL,0.0,0.0,0.0,0.0,0.0,-8.82881725953466e-05,0.5
repeat_1_fold_4,PFKP,0.042861128939115645,0.0857222578782313,0.04286112893911565,-6.938893903907228e-18,0.25,-0.0001846025426993636,0.5
repeat_1_fold_4,PHF10,-0.311093716872346,0.35922008235890035,0.17961004117945017,-0.49070375805179617,0.0,-0.000521702838063437,0.5
repeat_1_fold_4,PHF2,-0.022892630382592927,0.04578526076518585,0.022892630382592927,-0.04578526076518585,0.0,-0.0007828646583578347,0.5
repeat_1_fold_4,PHLPP2,0.0,0.0,0.0,0.0,0.0,0.0,0.0
repeat_1_fold_4,PI4KA,0.12006791872419598,0.14955736444433707,0.07477868222216853,0.045289236502027444,0.5,-0.0002568383202773694,0.5
repeat_1_fold_4,PIGR,0.0,0.0,0.0,0.0,0.0,0.0,0.0
repeat_1_fold_4,PIK3R1,-0.5284930656586262,0.9218509541544723,0.46092547707723613,-0.9894185427358624,0.25,0.0014201232260942498,1.0
repeat_1_fold_4,PJA1,0.0,0.0,0.0,0.0,0.0,0.0002006549377167044,0.5
repeat_1_fold_4,PKP3,-0.10913928643861937,0.21827857287723873,0.10913928643861937,-0.21827857287723873,0.0,-0.0003049955053293918,0.5
repeat_1_fold_4,PLA2G4C,-0.013347024534350993,0.026694049068701986,0.013347024534350993,-0.026694049068701986,0.0,5.709774676612711e-05,1.0
repeat_1_fold_4,PLAAT3,0.07743356468195373,0.10618285129780514,0.05309142564890257,0.024342139033051158,0.5,0.00011236676512135779,0.5
repeat_1_fold_4,PLD3,0.0,0.0,0.0,0.0,0.0,-0.00040933607294210694,0.5
repeat_1_fold_4,PLEKHG3,0.0,0.0,0.0,0.0,0.0,0.0,0.0
repeat_1_fold_4,PLPP3,0.0,0.0,0.0,0.0,0.0,0.0,0.0
repeat_1_fold_4,PNLIPRP1,0.0,0.0,0.0,0.0,0.0,3.131458633431894e-05,0.5
repeat_1_fold_4,PNO1,0.0,0.0,0.0,0.0,0.0,0.0,0.0
repeat_1_fold_4,PNOC,-0.29390894320565586,0.314524364018657,0.1572621820093285,-0.45117112521498437,0.0,0.00013059222031469586,1.0
repeat_1_fold_4,PNPLA3,0.0,0.0,0.0,0.0,0.0,0.0,0.0
repeat_1_fold_4,POLA2,0.0,0.0,0.0,0.0,0.0,0.0,0.0
repeat_1_fold_4,POLR1D,-0.026694049068701986,0.03082363283115234,0.01541181641557617,-0.04210586548427816,0.0,0.00018788751800588588,0.5
repeat_1_fold_4,POLR2C,0.0,0.0,0.0,0.0,0.0,-0.00015657293167156694,0.5
repeat_1_fold_4,POP1,-0.155546858436173,0.311093716872346,0.155546858436173,-0.311093716872346,0.0,-1.6052395017340793e-05,0.5
repeat_1_fold_4,PPCDC,-0.03623965491694747,0.07247930983389493,0.036239654916947465,-0.07247930983389494,0.0,0.0001377548237030124,1.0
repeat_1_fold_4,PPID,-0.26562411170252886,0.3067163047894205,0.15335815239471026,-0.41898226409723915,0.0,-0.0005949771403519488,0.5
repeat_1_fold_4,PPL,-0.057964994809191595,0.06982485198451942,0.03491242599225971,-0.09287742080145131,0.0,0.0003595250900693958,1.0
repeat_1_fold_4,PPP1CA,0.0,0.0,0.0,0.0,0.0,0.0,0.0
repeat_1_fold_4,PPP1CB,0.00972993801866373,0.01945987603732746,0.00972993801866373,0.0,0.25,3.9143232917898674e-05,0.5
repeat_1_fold_4,PPP1R3C,0.0,0.0,0.0,0.0,0.0,0.0,0.0
repeat_1_fold_4,PPP2R1A,0.0,0.0,0.0,0.0,0.0,0.0,0.0
repeat_1_fold_4,PPP4C,0.0,0.0,0.0,0.0,0.0,-0.00031302170283803443,1.0
repeat_1_fold_4,PPRC1,0.0,0.0,0.0,0.0,0.0,0.0,0.0
repeat_1_fold_4,PPT1,0.0,0.0,0.0,0.0,0.0,0.0,0.0
repeat_1_fold_4,PRDM9,0.032799373885916694,0.04369108731405354,0.02184554365702677,0.010953830228889926,0.5,-3.2104790034681585e-05,1.0
repeat_1_fold_4,PREX2,0.0,0.0,0.0,0.0,0.0,0.0,0.0
repeat_1_fold_4,PRG2,0.0,0.0,0.0,0.0,0.0,0.0,0.0
repeat_1_fold_4,PRKAR1B,-0.10913928643861937,0.21827857287723873,0.10913928643861937,-0.21827857287723873,0.0,0.0002169048836591081,1.0
repeat_1_fold_4,PRKCG,0.0,0.0,0.0,0.0,0.0,4.697187950147841e-05,0.5
repeat_1_fold_4,PRKD2,0.0,0.0,0.0,0.0,0.0,5.618338256066502e-05,0.5
repeat_1_fold_4,PRPS1L1,0.08961329872596124,0.16075204493855635,0.08037602246927818,0.009237276256683066,0.5,-0.0009028117490526288,1.0
repeat_1_fold_4,PRSS1,-0.0653702985138711,0.07588470463295201,0.037942352316476004,-0.1033126508303471,0.0,8.026197508670396e-06,0.5
repeat_1_fold_4,PRSS3,0.0,0.0,0.0,0.0,0.0,0.0,0.0
repeat_1_fold_4,PSEN1,-0.24566228877589857,0.5748774316162008,0.2874387158081004,-0.533101004583999,0.25,0.0009774689078168308,1.0
repeat_1_fold_4,PSMC6,-0.14421165086521803,0.20581162298872904,0.10290581149436452,-0.24711746235958254,0.0,-4.013098754335198e-05,0.5
repeat_1_fold_4,PSMD9,0.0,0.0,0.0,0.0,0.0,-8.611511241934933e-05,0.5
repeat_1_fold_4,PTGS1,0.0,0.0,0.0,0.0,0.0,0.00010177240558653655,0.5
repeat_1_fold_4,PTGS2,0.0,0.0,0.0,0.0,0.0,-0.00014447155515603938,0.5
repeat_1_fold_4,PTH1R,0.0,0.0,0.0,0.0,0.0,0.0,0.0
repeat_1_fold_4,PTPRU,0.0,0.0,0.0,0.0,0.0,0.0,0.0
repeat_1_fold_4,PUDP,0.029439506513702085,0.05887901302740417,0.029439506513702085,0.0,0.25,0.00014874428508801496,0.5
repeat_1_fold_4,PUF60,0.0,0.0,0.0,0.0,0.0,-0.000610634433519136,0.5
repeat_1_fold_4,PUS3,0.0,0.0,0.0,0.0,0.0,0.0,0.0
repeat_1_fold_4,PYCR3,0.0,0.0,0.0,0.0,0.0,0.0,0.0
repeat_1_fold_4,RAB22A,-0.155546858436173,0.311093716872346,0.155546858436173,-0.311093716872346,0.0,-4.815718505202238e-05,0.5
repeat_1_fold_4,RAB29,0.056252964554277085,0.11250592910855417,0.056252964554277085,0.0,0.25,-0.0002713103078939849,1.0
repeat_1_fold_4,RAB32,0.010801303362947934,0.12271266246745596,0.06135633123372798,-0.05055502787078005,0.25,1.5657293167187225e-05,0.5
repeat_1_fold_4,RAB7A,0.0,0.0,0.0,0.0,0.0,-0.000125258345337248,0.5
repeat_1_fold_4,RAMP1,0.0,0.0,0.0,0.0,0.0,0.0,0.0
repeat_1_fold_4,RANBP1,0.0,0.0,0.0,0.0,0.0,0.0,0.0
repeat_1_fold_4,RAP1B,0.0,0.0,0.0,0.0,0.0,-0.00015657293167156694,0.5
repeat_1_fold_4,RAP1GAP,0.0,0.0,0.0,0.0,0.0,0.0,0.0
repeat_1_fold_4,RARG,0.0,0.0,0.0,0.0,0.0,0.0,0.0
repeat_1_fold_4,RASA1,0.0,0.0,0.0,0.0,0.0,0.0,0.0
repeat_1_fold_4,RASAL2,0.0,0.0,0.0,0.0,0.0,0.00011742969875369602,0.5
repeat_1_fold_4,RBM7,0.0,0.0,0.0,0.0,0.0,0.0,0.0
repeat_1_fold_4,REG1A,-0.155546858436173,0.311093716872346,0.155546858436173,-0.311093716872346,0.0,-0.0003371002953640734,0.5
repeat_1_fold_4,RET,0.0,0.0,0.0,0.0,0.0,0.0,0.0
repeat_1_fold_4,RGP1,0.0,0.0,0.0,0.0,0.0,0.0,0.0
repeat_1_fold_4,RGS20,-0.05829847871483551,0.25718207602260895,0.12859103801130448,-0.18688951672614,0.25,-0.0003531526903813864,0.5
repeat_1_fold_4,RHCE,0.0,0.0,0.0,0.0,0.0,0.0,0.0
repeat_1_fold_4,RHOA,0.031970174313576294,0.06394034862715259,0.031970174313576294,0.0,0.25,-0.0006581989657958587,1.0
repeat_1_fold_4,RHOBTB2,-0.055643063478525434,0.06623697921801146,0.03311848960900573,-0.08876155308753117,0.0,-0.00023485939750733653,0.5
repeat_1_fold_4,RNF14,0.0,0.0,0.0,0.0,0.0,0.00033801465956953547,1.0
repeat_1_fold_4,RNF31,0.0,0.0,0.0,0.0,0.0,0.0,0.0
repeat_1_fold_4,RNF34,-0.155546858436173,0.311093716872346,0.155546858436173,-0.311093716872346,0.0,-0.00025683832027739717,0.5
repeat_1_fold_4,RNF8,-0.1791091283448747,0.3040788766928366,0.1520394383464183,-0.331148566691293,0.25,0.0002704467137736588,1.0
repeat_1_fold_4,ROBO3,0.0,0.0,0.0,0.0,0.0,0.0001330869919208555,0.5
repeat_1_fold_4,RPA4,-0.013162692363930972,0.026325384727861945,0.013162692363930972,-0.026325384727861945,0.0,-9.39437590029013e-05,0.5
repeat_1_fold_4,RPL37A,0.0,0.0,0.0,0.0,0.0,-0.000248812122768699,0.5
repeat_1_fold_4,RPLP2,0.041116392687445824,0.08223278537489165,0.041116392687445824,0.0,0.25,0.00020124759049200414,1.0
repeat_1_fold_4,RPP25,0.0,0.0,0.0,0.0,0.0,0.0,0.0
repeat_1_fold_4,RPRD2,0.0,0.0,0.0,0.0,0.0,-0.0009274096039338653,1.0
repeat_1_fold_4,RPS21,-0.030297934087272438,0.06059586817454487,0.030297934087272434,-0.060595868174544876,0.0,-3.2104790034681585e-05,0.5
repeat_1_fold_4,RPS28,-0.022892630382592927,0.04578526076518585,0.022892630382592927,-0.04578526076518585,0.0,-0.00015657293167156694,0.5
repeat_1_fold_4,RPS6KB1,0.0,0.0,0.0,0.0,0.0,0.0,0.0
repeat_1_fold_4,RRM2,0.0,0.0,0.0,0.0,0.0,0.0,0.0
repeat_1_fold_4,RRP7A,0.0,0.0,0.0,0.0,0.0,0.0,0.0
repeat_1_fold_4,RXRA,0.0,0.0,0.0,0.0,0.0,0.0,0.0
repeat_1_fold_4,RXRG,0.0,0.0,0.0,0.0,0.0,0.0,0.0
repeat_1_fold_4,S100A1,0.0,0.0,0.0,0.0,0.0,9.394375900295682e-05,0.5
repeat_1_fold_4,S100A10,-0.06395540199867966,0.07384933712013686,0.03692466856006843,-0.10088007055874809,0.0,0.00023485939750739204,0.5
repeat_1_fold_4,S1PR2,0.04236120025535328,0.048914500741247716,0.024457250370623858,0.017903949884729424,0.5,-0.0004976242455374535,0.5
repeat_1_fold_4,S1PR5,0.0,0.0,0.0,0.0,0.0,-0.00047754744159828055,0.5
repeat_1_fold_4,SAE1,0.056252964554277085,0.11250592910855417,0.056252964554277085,0.0,0.25,0.00014676877583710835,1.0
repeat_1_fold_4,SAG,0.0,0.0,0.0,0.0,0.0,0.0,0.0
repeat_1_fold_4,SAP30BP,0.0,0.0,0.0,0.0,0.0,0.0,0.0
repeat_1_fold_4,SARM1,-0.021907303708314174,0.04381460741662834,0.02190730370831417,-0.04381460741662835,0.0,-8.026197508670396e-05,0.5
repeat_1_fold_4,SCFD1,-0.11514872385188468,0.3502202878443688,0.1751101439221844,-0.29025886777406906,0.25,7.223577757800581e-05,0.5
repeat_1_fold_4,SCG2,0.0,0.0,0.0,0.0,0.0,0.0,0.0
repeat_1_fold_4,SDC3,-0.026694049068701986,0.03082363283115234,0.01541181641557617,-0.04210586548427816,0.0,0.00039637110230619776,1.0
repeat_1_fold_4,SEC24D,-0.2957107825426952,0.39463437106718896,0.19731718553359448,-0.4930279680762897,0.0,0.00021097835590647152,1.0
repeat_1_fold_4,SEMA6D,0.0,0.0,0.0,0.0,0.0,-0.0002620988048347428,1.0
repeat_1_fold_4,SERINC3,-0.013347024534350993,0.026694049068701986,0.013347024534350993,-0.026694049068701986,0.0,-7.045781925218986e-05,0.5
repeat_1_fold_4,SERINC5,0.05865669669651652,0.08552391314522287,0.042761956572611434,0.015894740123905085,0.5,0.0005871484937684246,0.5
repeat_1_fold_4,SERPINA5,0.0,0.0,0.0,0.0,0.0,-0.00010960105217008853,0.5
repeat_1_fold_4,SERPINB10,0.0,0.0,0.0,0.0,0.0,0.0,0.0
repeat_1_fold_4,SERPINB8,-0.04578526076518585,0.05286826525539452,0.02643413262769726,-0.07221939339288311,0.0,-2.625165270198071e-05,1.0
repeat_1_fold_4,SERPIND1,0.0,0.0,0.0,0.0,0.0,0.00021631223088386387,1.0
repeat_1_fold_4,SETD3,-0.04578526076518585,0.05286826525539452,0.02643413262769726,-0.07221939339288311,0.0,0.0003053172167595819,0.5
repeat_1_fold_4,SGCD,-0.4042942987797993,0.2832402187938201,0.14162010939691005,-0.5459144081767093,0.0,-0.0016147500958881011,1.0
repeat_1_fold_4,SGMS1,0.0033666426699330287,0.17826610061564255,0.08913305030782127,-0.08576640763788825,0.25,3.2104790034681585e-05,0.5
repeat_1_fold_4,SH3GL3,-0.0453247255336926,0.0906494510673852,0.0453247255336926,-0.0906494510673852,0.0,0.00028965992359242243,0.5
repeat_1_fold_4,SLC13A1,0.056252964554277085,0.11250592910855417,0.056252964554277085,0.0,0.25,0.000311170354092255,1.0
repeat_1_fold_4,SLC16A10,-0.14084500819528323,0.17242373319421814,0.08621186659710907,-0.22705687479239228,0.0,-0.00011236676512135779,0.5
repeat_1_fold_4,SLC16A3,0.0,0.0,0.0,0.0,0.0,-9.591926825383568e-05,1.0
repeat_1_fold_4,SLC22A8,0.0,0.0,0.0,0.0,0.0,0.0001765763451906932,0.5
repeat_1_fold_4,SLC25A16,0.045455863682613895,0.1482165680047657,0.07410828400238285,-0.02865242031976896,0.5,0.0008026705209519258,1.0
repeat_1_fold_4,SLC29A2,0.0,0.0,0.0,0.0,0.0,0.0,0.0
repeat_1_fold_4,SLC2A1,0.0,0.0,0.0,0.0,0.0,0.0,0.0
repeat_1_fold_4,SLC38A2,0.0,0.0,0.0,0.0,0.0,0.0001330869919208555,0.5
repeat_1_fold_4,SLC3A2,-0.155546858436173,0.311093716872346,0.155546858436173,-0.311093716872346,0.0,-0.00017657634519072096,0.5
repeat_1_fold_4,SLC52A1,0.0,0.0,0.0,0.0,0.0,-1.6052395017340793e-05,0.5
repeat_1_fold_4,SLC6A13,-0.23830799265610914,0.276665521206,0.138332760603,-0.3766407532591092,0.0,0.0001043405676126874,0.5
repeat_1_fold_4,SLC7A11,0.0,0.0,0.0,0.0,0.0,-3.4723722145912905e-05,1.0
repeat_1_fold_4,SLITRK5,0.0,0.0,0.0,0.0,0.0,0.0,0.0
repeat_1_fold_4,SMARCA2,0.0,0.0,0.0,0.0,0.0,-0.000250516690674496,0.5
repeat_1_fold_4,SMARCA4,0.0,0.0,0.0,0.0,0.0,0.0,0.0
repeat_1_fold_4,SMARCD3,0.0,0.0,0.0,0.0,0.0,0.0,0.0
repeat_1_fold_4,SMYD2,0.0,0.0,0.0,0.0,0.0,0.0,0.0
repeat_1_fold_4,SNU13,-0.04381460741662835,0.0505927507728563,0.02529637538642815,-0.0691109828030565,0.0,0.0002006549377167044,0.5
repeat_1_fold_4,SOX4,0.0,0.0,0.0,0.0,0.0,0.0,0.0
repeat_1_fold_4,SPRR1B,0.0,0.0,0.0,0.0,0.0,-5.6183382560692774e-05,0.5
repeat_1_fold_4,SPTLC2,0.0,0.0,0.0,0.0,0.0,0.0,0.0
repeat_1_fold_4,SRSF8,0.0,0.0,0.0,0.0,0.0,0.0,0.0
repeat_1_fold_4,ST8SIA3,-0.03507236442659867,0.07014472885319734,0.03507236442659867,-0.07014472885319734,0.0,-0.0006501219982021356,0.5
repeat_1_fold_4,STAG1,0.016276814149771113,0.01950037417850289,0.009750187089251445,0.0065266270605196675,0.5,0.0004540615018475691,0.5
repeat_1_fold_4,STARD7,0.0,0.0,0.0,0.0,0.0,8.82881725953466e-05,0.5
repeat_1_fold_4,STX5,0.0,0.0,0.0,0.0,0.0,-0.0007128019409557984,1.0
repeat_1_fold_4,STX6,-0.022892630382592927,0.04578526076518585,0.022892630382592927,-0.04578526076518585,0.0,-0.0002740026304252352,0.5
repeat_1_fold_4,SULT1A1,0.0,0.0,0.0,0.0,0.0,0.00019571616458949337,0.5
repeat_1_fold_4,SULT1B1,0.0,0.0,0.0,0.0,0.0,7.223577757803357e-05,0.5
repeat_1_fold_4,SUMO3,0.0,0.0,0.0,0.0,0.0,0.0,0.0
repeat_1_fold_4,SUV39H2,0.0,0.0,0.0,0.0,0.0,-7.828646583579735e-06,0.5
repeat_1_fold_4,SYT2,0.0,0.0,0.0,0.0,0.0,-2.407859252601119e-05,0.5
repeat_1_fold_4,TAB2,-0.08182162343073252,0.11107433830652302,0.05553716915326151,-0.13735879258399403,0.0,-0.0001017724055865088,0.5
repeat_1_fold_4,TAF1,-0.013347024534350993,0.026694049068701986,0.013347024534350993,-0.026694049068701986,0.0,-0.00035228909626103255,0.5
repeat_1_fold_4,TAF1C,-0.1411169874379592,0.2059832507060436,0.1029916253530218,-0.244108612790981,0.0,-0.0013915462029610304,1.0
repeat_1_fold_4,TAF7,0.0,0.0,0.0,0.0,0.0,0.0,0.0
repeat_1_fold_4,TAPBP,0.0,0.0,0.0,0.0,0.0,-0.0011508110477860545,0.5
repeat_1_fold_4,TBX5,0.0,0.0,0.0,0.0,0.0,0.0,0.0
repeat_1_fold_4,TCN1,0.0,0.0,0.0,0.0,0.0,-1.6052395017340793e-05,0.5
repeat_1_fold_4,TFB1M,-0.2822525702988301,0.5645051405976602,0.2822525702988301,-0.5645051405976602,0.0,-0.0004976242455374258,0.5
repeat_1_fold_4,TFDP1,0.0,0.0,0.0,0.0,0.0,0.00023275972775138598,1.0
repeat_1_fold_4,TFF1,0.0,0.0,0.0,0.0,0.0,-1.565729316715947e-05,0.5
repeat_1_fold_4,TGFBI,0.0,0.0,0.0,0.0,0.0,1.6052395017340793e-05,0.5
repeat_1_fold_4,TGFBR3,-0.15077516644731226,0.32122558492152037,0.16061279246076018,-0.31138795890807247,0.5,-0.001141943876491941,1.0
repeat_1_fold_4,THY1,-0.013347024534350993,0.026694049068701986,0.013347024534350993,-0.026694049068701986,0.0,-0.00037577503601177176,0.5
repeat_1_fold_4,TJP2,0.0,0.0,0.0,0.0,0.0,0.0,0.0
repeat_1_fold_4,TLR8,0.0,0.0,0.0,0.0,0.0,0.0,0.0
repeat_1_fold_4,TMEM115,0.0,0.0,0.0,0.0,0.0,0.0,0.0
repeat_1_fold_4,TMPRSS6,0.0,0.0,0.0,0.0,0.0,0.0,0.0
repeat_1_fold_4,TNFAIP8,0.19969121014950453,0.23065084804234398,0.11532542402117199,0.08436578612833254,0.5,-0.0021028637472710887,0.5
repeat_1_fold_4,TNFRSF14,0.0,0.0,0.0,0.0,0.0,-0.00022473353024271558,0.5
repeat_1_fold_4,TNFRSF21,-0.10913928643861937,0.21827857287723873,0.10913928643861937,-0.21827857287723873,0.0,-0.0002969693078207214,0.5
repeat_1_fold_4,TNNI1,0.0,0.0,0.0,0.0,0.0,0.0,0.0
repeat_1_fold_4,TNS3,0.0,0.0,0.0,0.0,0.0,0.0,0.0
repeat_1_fold_4,TOMM20,-0.03507236442659867,0.07014472885319734,0.03507236442659867,-0.07014472885319734,0.0,0.00015249775266468202,0.5
repeat_1_fold_4,TPD52L1,0.0,0.0,0.0,0.0,0.0,-3.973588569317066e-05,1.0
repeat_1_fold_4,TPM1,0.0,0.0,0.0,0.0,0.0,0.0,0.0
repeat_1_fold_4,TPST1,-0.03547893971197347,0.3838346819533442,0.1919173409766721,-0.22739628068864556,0.25,0.00014447155515601162,0.5
repeat_1_fold_4,TRA2B,0.0,0.0,0.0,0.0,0.0,-0.0001043405676126874,0.5
repeat_1_fold_4,TRIM28,0.0,0.0,0.0,0.0,0.0,0.0,0.0
repeat_1_fold_4,TSHR,0.0,0.0,0.0,0.0,0.0,0.0,0.0
repeat_1_fold_4,TSNAX,-0.3549083242889708,0.4098128331317526,0.2049064165658763,-0.5598147408548471,0.0,4.013098754335198e-05,0.5
repeat_1_fold_4,TSR1,0.0,0.0,0.0,0.0,0.0,9.394375900295682e-05,0.5
repeat_1_fold_4,TSR3,-0.013347024534350993,0.026694049068701986,0.013347024534350993,-0.026694049068701986,0.0,-0.00025051669067452376,0.5
repeat_1_fold_4,TST,-0.311093716872346,0.35922008235890035,0.17961004117945017,-0.49070375805179617,0.0,0.000345126492872716,0.5
repeat_1_fold_4,TTPA,0.0,0.0,0.0,0.0,0.0,0.0,0.5
repeat_1_fold_4,TUBB6,0.0,0.0,0.0,0.0,0.0,-0.0003371002953640734,0.5
repeat_1_fold_4,UBA5,0.0,0.0,0.0,0.0,0.0,-0.00013308699192082774,0.5
repeat_1_fold_4,UBA7,0.0,0.0,0.0,0.0,0.0,-0.00017223022483869865,0.5
repeat_1_fold_4,UBE2D2,0.0,0.0,0.0,0.0,0.0,-4.954004152762925e-05,1.0
repeat_1_fold_4,UCHL5,0.0,0.0,0.0,0.0,0.0,0.0011194964614517633,0.5
repeat_1_fold_4,UCP3,-0.05756011488322876,0.06678327597159571,0.033391637985797855,-0.09095175286902663,0.0,-0.0002728907152947102,0.5
repeat_1_fold_4,UGGT1,0.0,0.0,0.0,0.0,0.0,0.0,0.0
repeat_1_fold_4,UNC119B,-0.052886321884344056,0.10577264376868811,0.052886321884344056,-0.10577264376868811,0.0,-0.0002133489670074762,1.0
repeat_1_fold_4,UQCC1,0.09207677581556517,0.10939687594227536,0.05469843797113768,0.03737833784442749,0.75,-0.0008474185701922987,1.0
repeat_1_fold_4,UQCRH,0.0,0.0,0.0,0.0,0.0,-0.00019769167384037223,1.0
repeat_1_fold_4,USP6NL,-0.021754544257296615,0.05794718190730862,0.02897359095365431,-0.050728135210950924,0.25,-7.045781925218986e-05,0.5
repeat_1_fold_4,UTY,0.0,0.0,0.0,0.0,0.0,0.00048157185052011275,0.5
repeat_1_fold_4,VAV1,-0.013347024534350993,0.026694049068701986,0.013347024534350993,-0.026694049068701986,0.0,-0.00014111318942949813,1.0
repeat_1_fold_4,VCAM1,-0.10913928643861937,0.21827857287723873,0.10913928643861937,-0.21827857287723873,0.0,1.6052395017340793e-05,0.5
repeat_1_fold_4,VDAC2,0.0,0.0,0.0,0.0,0.0,0.0,0.0
repeat_1_fold_4,VIP,0.0,0.0,0.0,0.0,0.0,0.0,0.0
repeat_1_fold_4,VIPR2,0.0,0.0,0.0,0.0,0.0,0.0,0.0
repeat_1_fold_4,VPS35L,0.0,0.0,0.0,0.0,0.0,0.0,0.0
repeat_1_fold_4,VPS45,-0.026694049068701986,0.03082363283115234,0.01541181641557617,-0.04210586548427816,0.0,0.00010177240558653655,0.5
repeat_1_fold_4,WDR18,0.0,0.0,0.0,0.0,0.0,0.0,0.0
repeat_1_fold_4,WNT2,0.0,0.0,0.0,0.0,0.0,0.00012039296263002819,0.5
repeat_1_fold_4,WWC1,0.0,0.0,0.0,0.0,0.0,-7.828646583576959e-05,0.5
repeat_1_fold_4,XAB2,-0.0453247255336926,0.0906494510673852,0.0453247255336926,-0.0906494510673852,0.0,-0.00026617398384165547,0.5
repeat_1_fold_4,XPC,0.04551663740132739,0.15954441130039163,0.07977220565019581,-0.034255568248868426,0.5,-0.0005039232548053607,1.0
repeat_1_fold_4,YES1,0.0,0.0,0.0,0.0,0.0,0.0,0.0
repeat_1_fold_4,YWHAB,-0.013347024534350993,0.026694049068701986,0.013347024534350993,-0.026694049068701986,0.0,-7.045781925218986e-05,0.5
repeat_1_fold_4,YWHAQ,0.0,0.0,0.0,0.0,0.0,-1.6645047792612777e-05,1.0
repeat_1_fold_4,ZBTB16,0.01945987603732746,0.022470329337095515,0.011235164668547758,0.008224711368779704,0.5,0.0002974885701760299,0.5
repeat_1_fold_4,ZNF225,0.0,0.0,0.0,0.0,0.0,0.0,0.0
repeat_1_fold_4,ZNF274,0.0,0.0,0.0,0.0,0.0,0.0,0.0
repeat_1_fold_4,ZNF337,0.0,0.0,0.0,0.0,0.0,-0.000610634433519136,0.5
repeat_1_fold_4,ZNF34,0.0,0.0,0.0,0.0,0.0,-0.0002809169128033806,0.5
repeat_1_fold_4,ZNF717,0.0,0.0,0.0,0.0,0.0,0.0,0.0
repeat_2_fold_1,A1CF,0.04692506662325435,0.0938501332465087,0.04692506662325435,0.0,0.25,-9.464020947033691e-05,0.5
repeat_2_fold_1,A2M,0.0,0.0,0.0,0.0,0.0,0.0,0.0
repeat_2_fold_1,A4GALT,0.0,0.0,0.0,0.0,0.0,0.0,0.0
repeat_2_fold_1,A4GNT,0.0,0.0,0.0,0.0,0.0,0.0001419603142054915,0.5
repeat_2_fold_1,AAAS,0.0,0.0,0.0,0.0,0.0,0.0,0.0
repeat_2_fold_1,AACS,0.0,0.0,0.0,0.0,0.0,0.0,0.0
repeat_2_fold_1,AAK1,0.0,0.0,0.0,0.0,0.0,-7.78597900896738e-06,0.5
repeat_2_fold_1,AAMP,-0.04509207931966408,0.09018415863932816,0.04509207931966408,-0.09018415863932816,0.0,6.228783207204436e-05,0.5
repeat_2_fold_1,AANAT,0.0,0.0,0.0,0.0,0.0,-0.0002681472601659407,0.5
repeat_2_fold_1,AARS1,0.0,0.0,0.0,0.0,0.0,0.0,0.0
repeat_2_fold_1,AASDHPPT,0.0,0.0,0.0,0.0,0.0,-2.366005236756341e-05,0.5
repeat_2_fold_1,AASS,0.0,0.0,0.0,0.0,0.0,0.0,0.0
repeat_2_fold_1,AATF,0.0,0.0,0.0,0.0,0.0,0.0,0.0
repeat_2_fold_1,ABAT,-0.0461513043017554,0.10097804384227418,0.05048902192113709,-0.0966403262228925,0.25,-0.0005879766302160916,1.0
repeat_2_fold_1,ABCA1,0.0,0.0,0.0,0.0,0.0,0.0,0.0
repeat_2_fold_1,ABCA12,0.0,0.0,0.0,0.0,0.0,3.892989504503119e-05,0.5
repeat_2_fold_1,ABCA2,0.0,0.0,0.0,0.0,0.0,0.00013236164315302834,0.5
repeat_2_fold_1,ABCA3,-0.039042295936472016,0.11636714209671103,0.05818357104835552,-0.09722586698482753,0.25,0.00026420391810466626,0.5
repeat_2_fold_1,ABCA4,-0.1016684020783849,0.11939653267997237,0.059698266339986185,-0.16136666841837108,0.0,-0.00021294047130823723,0.5
repeat_2_fold_1,ABCA5,0.0,0.0,0.0,0.0,0.0,0.0,0.0
repeat_2_fold_1,ABCA6,0.0,0.0,0.0,0.0,0.0,0.0,0.0
repeat_2_fold_1,ABCA7,0.0,0.0,0.0,0.0,0.0,-0.0003347970973870129,0.5
repeat_2_fold_1,ABCA8,0.0,0.0,0.0,0.0,0.0,3.154673649014006e-05,0.5
repeat_2_fold_1,ABCB1,-0.4614374336214766,0.7771482234990742,0.3885741117495371,-0.8500115453710138,0.0,-0.0001033325345010383,1.0
repeat_2_fold_1,ABCB11,-0.8078800809807838,0.9328595644543843,0.46642978222719217,-1.274309863207976,0.0,1.5773368245042274e-05,0.5
repeat_2_fold_1,ABCB4,0.0,0.0,0.0,0.0,0.0,0.0,0.0
repeat_2_fold_1,ABCB6,0.0,0.0,0.0,0.0,0.0,0.0,0.0
repeat_2_fold_1,ABCB7,0.0,0.0,0.0,0.0,0.0,0.0,0.0
repeat_2_fold_1,ABCB8,0.0,0.0,0.0,0.0,0.0,0.0,0.0
repeat_2_fold_1,ABCB9,0.0552894666550241,0.1105789333100482,0.0552894666550241,0.0,0.25,3.1546736490112304e-05,0.5
repeat_2_fold_1,ABCC10,0.05970805486310482,0.06894492309600501,0.03447246154800251,0.025235593315102313,0.5,0.0001466244346951806,1.0
repeat_2_fold_1,ABCC2,0.0,0.0,0.0,0.0,0.0,7.007381108101174e-05,0.5
repeat_2_fold_1,ABCC3,0.0,0.0,0.0,0.0,0.0,-1.5571958017990273e-05,0.5
repeat_2_fold_1,ABCC4,0.0552894666550241,0.1105789333100482,0.0552894666550241,0.0,0.25,9.787861573695711e-05,1.0
repeat_2_fold_1,ABCC5,0.0,0.0,0.0,0.0,0.0,0.0,0.0
repeat_2_fold_1,ABCC8,0.0,0.0,0.0,0.0,0.0,0.0,0.0
repeat_2_fold_1,ABCC9,0.0,0.0,0.0,0.0,0.0,-0.00013236164315300059,0.5
repeat_2_fold_1,ABCD1,-0.057497393131084706,0.11499478626216943,0.05749739313108471,-0.11499478626216941,0.0,0.00012618694596044921,0.5
repeat_2_fold_1,ABCD2,0.0,0.0,0.0,0.0,0.0,0.00042044286648607043,0.5
repeat_2_fold_1,ABCD3,-0.057497393131084706,0.11499478626216943,0.05749739313108471,-0.11499478626216941,0.0,0.0002366005236758284,0.5
repeat_2_fold_1,ABCD4,0.0,0.0,0.0,0.0,0.0,7.886684122529464e-05,0.5
repeat_2_fold_1,ABCF1,0.0,0.0,0.0,0.0,0.0,-5.4501853062965955e-05,0.5
repeat_2_fold_1,ABCF2,-0.04509207931966408,0.09018415863932816,0.04509207931966408,-0.09018415863932816,0.0,-0.0003347970973870129,0.5
repeat_2_fold_1,ABCG1,0.0,0.0,0.0,0.0,0.0,0.0002180074122520581,0.5
repeat_2_fold_1,ABCG2,-0.03954255535030704,0.07908511070061408,0.03954255535030704,-0.07908511070061408,0.0,0.0002366005236758284,0.5
repeat_2_fold_1,ABCG4,0.0,0.0,0.0,0.0,0.0,-0.00013236164315300059,0.5
repeat_2_fold_1,ABCG5,0.013326384183788065,0.02665276836757613,0.013326384183788065,0.0,0.25,-0.0003036531813510046,1.0
repeat_2_fold_1,ABHD10,0.0,0.0,0.0,0.0,0.0,0.0,0.0
repeat_2_fold_1,ABHD17A,-0.04509207931966408,0.09018415863932816,0.04509207931966408,-0.09018415863932816,0.0,0.00029586720234203723,0.5
repeat_2_fold_1,ABHD17B,0.0,0.0,0.0,0.0,0.0,0.0,0.0
repeat_2_fold_1,ABHD3,0.0,0.0,0.0,0.0,0.0,-0.0003154673649010953,0.5
repeat_2_fold_1,ABHD4,0.0,0.0,0.0,0.0,0.0,8.564576909902977e-05,0.5
repeat_2_fold_1,ABHD5,0.0,0.0,0.0,0.0,0.0,0.0,0.0
repeat_2_fold_1,ABHD6,0.0,0.0,0.0,0.0,0.0,-5.4501853062965955e-05,0.5
repeat_2_fold_1,ABI1,-0.1643749939339063,0.20358693430739766,0.10179346715369883,-0.26616846108760517,0.0,0.000537232551621053,0.5
repeat_2_fold_1,ABI2,0.0,0.0,0.0,0.0,0.0,0.0005726219250589137,1.0
repeat_2_fold_1,ABL1,0.01928170092372028,0.03856340184744056,0.01928170092372028,0.0,0.25,0.0006012165279893067,1.0
repeat_2_fold_1,ABL2,0.0,0.0,0.0,0.0,0.0,0.0,0.0
repeat_2_fold_1,ABLIM1,0.0,0.0,0.0,0.0,0.0,-1.5571958017962517e-05,0.5
repeat_2_fold_1,ABLIM3,0.0,0.0,0.0,0.0,0.0,0.0,0.0
repeat_2_fold_1,ABR,0.0,0.0,0.0,0.0,0.0,0.00014793360117104637,0.5
repeat_2_fold_1,ABRAXAS2,0.0,0.0,0.0,0.0,0.0,0.00010121772711702004,0.5
repeat_2_fold_1,ACAA1,0.0,0.0,0.0,0.0,0.0,0.0,0.0
repeat_2_fold_1,ACACA,0.0,0.0,0.0,0.0,0.0,-0.0004515867825220232,0.5
repeat_2_fold_1,ACACB,-0.21061823058428075,0.36831903943829575,0.18415951971914787,-0.39477775030342865,0.5,0.0004802130707198815,1.0
repeat_2_fold_1,ACAD10,0.0,0.0,0.0,0.0,0.0,0.0,0.0
repeat_2_fold_1,ACAD8,-0.8078800809807838,0.9328595644543843,0.46642978222719217,-1.274309863207976,0.0,0.00012224360389917477,0.5
repeat_2_fold_1,ACADL,0.0,0.0,0.0,0.0,0.0,0.0,0.0
repeat_2_fold_1,ACADM,0.0,0.0,0.0,0.0,0.0,-4.591023314576281e-05,1.0
repeat_2_fold_1,ACADS,0.0,0.0,0.0,0.0,0.0,0.0,0.0
repeat_2_fold_1,ACADSB,-0.10125909173806313,0.14316584662992068,0.07158292331496034,-0.1728420150530235,0.25,0.0011675630507421153,1.0
repeat_2_fold_1,ACADVL,-0.11499478626216941,0.13278454160773398,0.06639227080386699,-0.18138705706603642,0.0,-0.0001419603142054915,0.5
repeat_2_fold_1,ACAN,0.0,0.0,0.0,0.0,0.0,0.0,0.0
repeat_2_fold_1,ACAT1,-0.017498725815661587,0.07635702665691356,0.03817851332845678,-0.055677239144118366,0.25,0.00024136534927904352,0.5
repeat_2_fold_1,ACAT2,0.0,0.0,0.0,0.0,0.0,1.557195801801803e-05,0.5
repeat_2_fold_1,ACBD3,-0.769644343830576,1.6144602745079346,0.8072301372539673,-1.5768744810845434,0.25,-0.0005638979147607193,0.5
repeat_2_fold_1,ACBD4,-0.04509207931966408,0.09018415863932816,0.04509207931966408,-0.09018415863932816,0.0,4.0037651293789445e-05,1.0
repeat_2_fold_1,ACD,0.0,0.0,0.0,0.0,0.0,0.0,0.0
repeat_2_fold_1,ACE,0.0,0.0,0.0,0.0,0.0,0.0,0.0
repeat_2_fold_1,ACE2,0.0,0.0,0.0,0.0,0.0,0.0,0.0
repeat_2_fold_1,ACHE,0.0,0.0,0.0,0.0,0.0,0.0,0.0
repeat_2_fold_1,ACIN1,0.0552894666550241,0.1105789333100482,0.0552894666550241,0.0,0.25,9.464020947033691e-05,0.5
repeat_2_fold_1,ACKR1,0.0,0.0,0.0,0.0,0.0,-0.00042822884549501006,0.5
repeat_2_fold_1,ACKR2,-0.13004935257006167,0.15016805742852332,0.07508402871426166,-0.20513338128432335,0.0,0.0004915237287023422,1.0
repeat_2_fold_1,ACKR3,0.0,0.0,0.0,0.0,0.0,0.0,0.0
repeat_2_fold_1,ACKR4,0.0,0.0,0.0,0.0,0.0,0.0,0.0
repeat_2_fold_1,ACO1,0.02985402743155241,0.05970805486310482,0.02985402743155241,0.0,0.25,-3.943342061263344e-05,0.5
repeat_2_fold_1,ACO2,0.0,0.0,0.0,0.0,0.0,0.0,0.0
repeat_2_fold_1,ACOT11,-0.9328514278926541,0.926853771278519,0.4634268856392595,-1.3962783135319135,0.0,0.000297377779044955,1.0
repeat_2_fold_1,ACOT13,0.0,0.0,0.0,0.0,0.0,-0.00026804655505238695,1.0
repeat_2_fold_1,ACOT2,0.0,0.0,0.0,0.0,0.0,-4.732010473515458e-05,0.5
repeat_2_fold_1,ACOT8,0.013326384183788065,0.02665276836757613,0.013326384183788065,0.0,0.25,0.00010252689359285805,0.5
repeat_2_fold_1,ACOT9,0.0,0.0,0.0,0.0,0.0,0.00015571958018001375,0.5
repeat_2_fold_1,ACOX1,0.0,0.0,0.0,0.0,0.0,2.7755575615628914e-17,0.5
repeat_2_fold_1,ACOX2,0.0,0.0,0.0,0.0,0.0,5.4501853063021466e-05,0.5
repeat_2_fold_1,ACOX3,0.0,0.0,0.0,0.0,0.0,0.00047494471954906414,0.5
repeat_2_fold_1,ACOXL,-0.011181348766452714,0.06311749254482873,0.03155874627241437,-0.04274009503886708,0.25,-2.7603394428837857e-05,0.5
repeat_2_fold_1,ACP3,0.0,0.0,0.0,0.0,0.0,0.0,0.0
repeat_2_fold_1,ACP5,0.1410133895097765,0.16302642463837452,0.08151321231918726,0.059500177190589226,0.5,-0.0006624814662923029,0.5
repeat_2_fold_1,ACP6,0.0,0.0,0.0,0.0,0.0,0.0,0.0
repeat_2_fold_1,ACR,0.07357783499083048,0.11441224618097254,0.05720612309048627,0.016371711900344213,0.5,-0.0002287138395532795,0.5
repeat_2_fold_1,ACSBG1,0.0,0.0,0.0,0.0,0.0,-0.0003192251393689949,0.5
repeat_2_fold_1,ACSBG2,-0.07638748188732691,0.09103657849373968,0.04551828924686984,-0.12190577113419676,0.0,5.4501853063021466e-05,0.5
repeat_2_fold_1,ACSF2,0.027593353504002494,0.031862060146760685,0.015931030073380342,0.011662323430622151,0.5,0.0004770595269331379,1.0
repeat_2_fold_1,ACSL1,0.0,0.0,0.0,0.0,0.0,0.00014590365626676594,0.5
repeat_2_fold_1,ACSL3,0.0,0.0,0.0,0.0,0.0,0.0,0.0
repeat_2_fold_1,ACSL4,-0.06878172324140408,0.07942229285750198,0.03971114642875099,-0.10849286967015506,0.0,-0.0006151613615571483,0.5
repeat_2_fold_1,ACSL5,0.0,0.0,0.0,0.0,0.0,-2.366005236756341e-05,0.5
repeat_2_fold_1,ACSL6,0.0,0.0,0.0,0.0,0.0,9.343174810805266e-05,0.5
repeat_2_fold_1,ACSM1,0.029242057054180037,0.09639466200126486,0.04819733100063243,-0.01895527394645239,0.25,-0.000583614625067036,0.5
repeat_2_fold_1,ACSM2A,0.0,0.0,0.0,0.0,0.0,0.0,0.0
repeat_2_fold_1,ACSM3,0.013796676752001247,0.027593353504002494,0.013796676752001247,0.0,0.25,0.00024571151179442197,1.0
repeat_2_fold_1,ACSM5,0.0,0.0,0.0,0.0,0.0,0.0,0.0
repeat_2_fold_1,ACTA1,-0.34865057383536957,0.6973011476707391,0.34865057383536957,-0.6973011476707391,0.0,-2.366005236756341e-05,0.5
repeat_2_fold_1,ACTB,0.0,0.0,0.0,0.0,0.0,0.0,0.0
repeat_2_fold_1,ACTC1,0.0,0.0,0.0,0.0,0.0,0.0,0.0
repeat_2_fold_1,ACTG1,0.0,0.0,0.0,0.0,0.0,-0.00014014762216196797,0.5
repeat_2_fold_1,ACTG2,-0.006744760665219118,0.17694303369507325,0.08847151684753662,-0.09521627751275574,0.25,-0.00019716710306319496,0.5
repeat_2_fold_1,ACTL6A,0.0,0.0,0.0,0.0,0.0,3.11439160360083e-05,0.5
repeat_2_fold_1,ACTL6B,0.0,0.0,0.0,0.0,0.0,0.0,0.0
repeat_2_fold_1,ACTN1,-0.026047409600842286,0.030076957889477472,0.015038478944738736,-0.041085888545581026,0.0,-0.00041799425849395333,0.5
repeat_2_fold_1,ACTN2,0.0,0.0,0.0,0.0,0.0,0.0,0.0
repeat_2_fold_1,ACTN3,0.0,0.0,0.0,0.0,0.0,0.00029009532560358986,1.0
repeat_2_fold_1,ACTN4,-0.013023704800421143,0.026047409600842286,0.013023704800421143,-0.026047409600842286,0.0,-0.00021688381336951168,0.5
repeat_2_fold_1,ACTR10,0.0,0.0,0.0,0.0,0.0,0.0,0.0
repeat_2_fold_1,ACTR1A,-0.08484056496079972,0.0979654460366353,0.04898272301831765,-0.13382328797911738,0.0,0.0002366005236758284,0.5
repeat_2_fold_1,ACTR2,0.0,0.0,0.0,0.0,0.0,3.11439160360083e-05,0.5
repeat_2_fold_1,ACTR3,0.0,0.0,0.0,0.0,0.0,0.00024136534927904352,0.5
repeat_2_fold_1,ACTR5,0.0,0.0,0.0,0.0,0.0,0.0,0.0
repeat_2_fold_1,ACTR8,0.0,0.0,0.0,0.0,0.0,0.0,0.0
repeat_2_fold_1,ACVR1B,0.0,0.0,0.0,0.0,0.0,0.0,0.0
repeat_2_fold_1,ACVR2A,0.0,0.0,0.0,0.0,0.0,0.0,0.0
repeat_2_fold_1,ACVR2B,0.022710204858540806,0.04542040971708161,0.022710204858540806,0.0,0.25,-2.335793702698541e-05,0.5
repeat_2_fold_1,ACVRL1,-0.04242028248039986,0.08484056496079974,0.04242028248039987,-0.08484056496079972,0.0,0.000496861099719248,0.5
repeat_2_fold_1,ACY1,0.0,0.0,0.0,0.0,0.0,8.675352534778802e-05,0.5
repeat_2_fold_1,ADA,-0.057497393131084706,0.11499478626216943,0.05749739313108471,-0.11499478626216941,0.0,1.5874073358568275e-05,1.0
repeat_2_fold_1,ADA2,0.013796676752001247,0.027593353504002494,0.013796676752001247,0.0,0.25,0.00014014762216202348,0.5
repeat_2_fold_1,ADAM10,-0.03439086162070204,0.06878172324140408,0.03439086162070204,-0.06878172324140408,0.0,0.0003549007855137565,0.5
repeat_2_fold_1,ADAM11,0.0,0.0,0.0,0.0,0.0,0.0,0.0
repeat_2_fold_1,ADAM12,0.0,0.0,0.0,0.0,0.0,0.0,0.0
repeat_2_fold_1,ADAM15,0.0,0.0,0.0,0.0,0.0,0.0,0.0
repeat_2_fold_1,ADAM19,0.0,0.0,0.0,0.0,0.0,0.0,0.0
repeat_2_fold_1,ADAM20,0.0,0.0,0.0,0.0,0.0,0.0,0.0
repeat_2_fold_1,ADAM21,-0.017498725815661587,0.07635702665691356,0.03817851332845678,-0.055677239144118366,0.25,0.0003503690554050587,0.5
repeat_2_fold_1,ADAM22,-0.9004284503927078,1.0403711373258058,0.5201855686629029,-1.4206140190556107,0.0,-2.7603394428837857e-05,0.5
repeat_2_fold_1,ADAM23,0.013796676752001247,0.027593353504002494,0.013796676752001247,0.0,0.25,-0.0006851661527920161,0.5
repeat_2_fold_1,ADAM30,0.0,0.0,0.0,0.0,0.0,-0.00010252689359285805,0.5
repeat_2_fold_1,ADAM8,0.0,0.0,0.0,0.0,0.0,0.0,0.0
repeat_2_fold_1,ADAM9,-0.026047409600842286,0.030076957889477472,0.015038478944738736,-0.041085888545581026,0.0,0.0002502590845368524,1.0
repeat_2_fold_1,ADAMTS1,0.0,0.0,0.0,0.0,0.0,-3.892989504500344e-05,0.5
repeat_2_fold_1,ADAMTS12,0.0,0.0,0.0,0.0,0.0,0.0,0.0
repeat_2_fold_1,ADAMTS13,0.0,0.0,0.0,0.0,0.0,0.0,0.5
repeat_2_fold_1,ADAMTS2,0.0,0.0,0.0,0.0,0.0,0.0,0.0
repeat_2_fold_1,ADAMTS20,0.008129435334497614,0.06076383395508877,0.030381916977544384,-0.02225248164304677,0.25,-0.00027714170053724785,1.0
repeat_2_fold_1,ADAMTS3,0.0,0.0,0.0,0.0,0.0,0.0,0.0
repeat_2_fold_1,ADAMTS5,0.0,0.0,0.0,0.0,0.0,1.5773368245042274e-05,0.5
repeat_2_fold_1,ADAMTS7,0.0,0.0,0.0,0.0,0.0,-7.098015710274574e-05,0.5
repeat_2_fold_1,ADAMTS8,0.0,0.0,0.0,0.0,0.0,0.0,0.0
repeat_2_fold_1,ADAMTS9,0.0,0.0,0.0,0.0,0.0,0.0001868634962160498,0.5
repeat_2_fold_1,ADAMTSL2,0.0,0.0,0.0,0.0,0.0,0.0003425830763960358,0.5
repeat_2_fold_1,ADAMTSL3,0.0,0.0,0.0,0.0,0.0,-0.00017129153819800402,0.5
repeat_2_fold_1,ADAMTSL4,0.03650688161054205,0.044596776737611504,0.022298388368805752,0.0142084932417363,0.5,-0.00013236164315300059,0.5
repeat_2_fold_1,ADAP1,-0.029551098305775625,0.09652024075858671,0.04826012037929336,-0.07781121868506899,0.25,-0.0001301302880216959,0.5
repeat_2_fold_1,ADAR,0.0,0.0,0.0,0.0,0.0,0.0,0.0
repeat_2_fold_1,ADARB1,0.0,0.0,0.0,0.0,0.0,0.0,0.0
repeat_2_fold_1,ADCY1,0.013796676752001247,0.027593353504002494,0.013796676752001247,0.0,0.25,4.671587405402633e-05,0.5
repeat_2_fold_1,ADCY10,-0.057497393131084706,0.11499478626216943,0.05749739313108471,-0.11499478626216941,0.0,-8.281018328654133e-05,0.5
repeat_2_fold_1,ADCY2,0.0,0.0,0.0,0.0,0.0,0.0,0.0
repeat_2_fold_1,ADCY3,0.0,0.0,0.0,0.0,0.0,3.114391603603606e-05,0.5
repeat_2_fold_1,ADCY6,0.0,0.0,0.0,0.0,0.0,3.892989504503119e-05,0.5
repeat_2_fold_1,ADCY7,0.0,0.0,0.0,0.0,0.0,0.0,0.0
repeat_2_fold_1,ADCY8,0.0,0.0,0.0,0.0,0.0,0.0,0.0
repeat_2_fold_1,ADCY9,0.0,0.0,0.0,0.0,0.0,0.0,0.0
repeat_2_fold_1,ADCYAP1,0.0,0.0,0.0,0.0,0.0,0.0,0.0
repeat_2_fold_1,ADCYAP1R1,0.0,0.0,0.0,0.0,0.0,0.0,0.0
repeat_2_fold_1,ADD1,0.0,0.0,0.0,0.0,0.0,7.785979009022892e-06,0.5
repeat_2_fold_1,ADD2,0.0,0.0,0.0,0.0,0.0,0.00037067415375879875,0.5
repeat_2_fold_1,ADD3,0.0,0.0,0.0,0.0,0.0,0.0,0.0
repeat_2_fold_1,ADGRE1,0.0,0.0,0.0,0.0,0.0,0.0,0.0
repeat_2_fold_1,ADGRE2,0.0,0.0,0.0,0.0,0.0,0.0,0.0
repeat_2_fold_1,ADGRE3,0.0,0.0,0.0,0.0,0.0,0.0,0.0
repeat_2_fold_1,ADGRE5,0.0,0.0,0.0,0.0,0.0,-3.943342061263344e-05,0.5
repeat_2_fold_1,ADGRF5,0.11042585820162287,0.2663676098865075,0.13318380494325374,-0.02275794674163087,0.5,0.0009245864196466558,1.0
repeat_2_fold_1,ADGRG3,0.0,0.0,0.0,0.0,0.0,0.0,0.0
repeat_2_fold_1,ADGRG6,0.0,0.0,0.0,0.0,0.0,0.0,0.0
repeat_2_fold_1,ADGRV1,0.0,0.0,0.0,0.0,0.0,0.00011678968513503807,0.5
repeat_2_fold_1,ADH1A,0.0,0.0,0.0,0.0,0.0,-8.564576909900201e-05,0.5
repeat_2_fold_1,ADH1B,-0.1811809932235633,0.243759241111375,0.1218796205556875,-0.3030606137792508,0.0,-9.85835515315836e-05,0.5
repeat_2_fold_1,ADH1C,-0.03439086162070204,0.06878172324140408,0.03439086162070204,-0.06878172324140408,0.0,-0.00012224360389917477,0.5
repeat_2_fold_1,ADH5,-0.057497393131084706,0.11499478626216943,0.05749739313108471,-0.11499478626216941,0.0,0.0002366005236758284,0.5
repeat_2_fold_1,ADH6,0.0,0.0,0.0,0.0,0.0,0.0,0.0
repeat_2_fold_1,ADH7,0.0,0.0,0.0,0.0,0.0,0.00024136534927904352,0.5
repeat_2_fold_1,ADI1,0.0,0.0,0.0,0.0,0.0,0.0,0.0
repeat_2_fold_1,ADIPOQ,-0.09787562153801765,0.14512072666020306,0.07256036333010153,-0.17043598486811917,0.0,-0.00024448720779834954,0.5
repeat_2_fold_1,ADIPOR1,0.0,0.0,0.0,0.0,0.0,0.0,0.0
repeat_2_fold_1,ADIPOR2,0.02985402743155241,0.05970805486310482,0.02985402743155241,0.0,0.25,-0.0001340736300829426,0.5
repeat_2_fold_1,ADIRF,0.0,0.0,0.0,0.0,0.0,0.0003451007042342136,1.0
repeat_2_fold_1,ADK,0.0,0.0,0.0,0.0,0.0,-5.450185306299371e-05,0.5
repeat_2_fold_1,ADM,0.0,0.0,0.0,0.0,0.0,0.0,0.0
repeat_2_fold_1,ADO,-0.40541793019043126,0.7718627528724532,0.3859313764362266,-0.7913493066266579,0.0,-0.0001973685132902192,1.0
repeat_2_fold_1,ADORA1,-0.09786426976122087,0.11498782004690199,0.05749391002345099,-0.15535817978467187,0.0,-0.0002089971292469628,0.5
repeat_2_fold_1,ADORA2A,-0.06817636447467734,0.07872328476365001,0.039361642381825004,-0.10753800685650235,0.0,0.00017887610697997491,1.0
repeat_2_fold_1,ADORA2B,0.0,0.0,0.0,0.0,0.0,9.343174810805266e-05,0.5
repeat_2_fold_1,ADORA3,0.04542040971708161,0.05244697155372032,0.02622348577686016,0.01919692394022145,0.5,0.0001245756641440332,0.5
repeat_2_fold_1,ADPGK,0.0,0.0,0.0,0.0,0.0,0.0,0.0
repeat_2_fold_1,ADPRM,0.0,0.0,0.0,0.0,0.0,0.0,0.0
repeat_2_fold_1,ADRA1A,0.0,0.0,0.0,0.0,0.0,0.0,0.0
repeat_2_fold_1,ADRA1B,0.0,0.0,0.0,0.0,0.0,0.0,0.0
repeat_2_fold_1,ADRA1D,0.0,0.0,0.0,0.0,0.0,4.732010473515458e-05,0.5
repeat_2_fold_1,ADRA2B,0.0,0.0,0.0,0.0,0.0,0.0,0.0
repeat_2_fold_1,ADRA2C,0.0,0.0,0.0,0.0,0.0,-7.78597900896738e-06,0.5
repeat_2_fold_1,ADRB1,0.0,0.0,0.0,0.0,0.0,6.228783207204436e-05,0.5
repeat_2_fold_1,ADRB2,0.13206856070983264,0.1929220579776728,0.0964610289888364,0.03560753172099623,0.5,-0.0003470141013912076,0.5
repeat_2_fold_1,ADRB3,0.0,0.0,0.0,0.0,0.0,0.0,0.0
repeat_2_fold_1,ADRM1,-0.09077696233725518,0.1385266677149567,0.06926333385747835,-0.16004029619473353,0.25,0.0006416569997372001,1.0
repeat_2_fold_1,ADSL,0.0,0.0,0.0,0.0,0.0,0.0,0.0
repeat_2_fold_1,ADSS2,-0.12238335448826199,0.19273201695876407,0.09636600847938204,-0.21874936296764402,0.0,-0.00033124073314613756,0.5
repeat_2_fold_1,AFDN,0.0,0.0,0.0,0.0,0.0,0.0,0.0
repeat_2_fold_1,AFF4,0.0,0.0,0.0,0.0,0.0,0.0,0.0
repeat_2_fold_1,AFG3L2,0.0,0.0,0.0,0.0,0.0,0.0,0.0
repeat_2_fold_1,AFP,-0.03439086162070204,0.06878172324140408,0.03439086162070204,-0.06878172324140408,0.0,0.00020455026161811385,1.0
repeat_2_fold_1,AGBL2,0.0,0.0,0.0,0.0,0.0,0.0,0.0
repeat_2_fold_1,AGBL3,0.0,0.0,0.0,0.0,0.0,0.0001245756641440332,0.5
repeat_2_fold_1,AGBL5,0.0,0.0,0.0,0.0,0.0,0.0,0.0
repeat_2_fold_1,AGER,-0.03896043536084015,0.11620728910310532,0.05810364455155266,-0.09706407991239281,0.25,-0.00016976511886138135,1.0
repeat_2_fold_1,AGFG1,0.0,0.0,0.0,0.0,0.0,0.00017907751720702692,0.5
repeat_2_fold_1,AGGF1,0.0,0.0,0.0,0.0,0.0,0.0,0.0
repeat_2_fold_1,AGK,-0.08937739914995291,0.10346970704980753,0.051734853524903764,-0.14111225267485666,0.0,-0.00016409394723643222,1.0
repeat_2_fold_1,AGL,0.0,0.0,0.0,0.0,0.0,0.0,0.0
repeat_2_fold_1,AGMAT,-0.39342712113182365,0.868291713722974,0.434145856861487,-0.8275729779933106,0.25,0.0002621739732004691,1.0
repeat_2_fold_1,AGO1,0.0,0.0,0.0,0.0,0.0,7.785979009022892e-06,0.5
repeat_2_fold_1,AGO3,-0.8078800809807838,0.9328595644543843,0.46642978222719217,-1.274309863207976,0.0,0.00033912741726868645,1.0
repeat_2_fold_1,AGO4,0.0,0.0,0.0,0.0,0.0,0.0,0.0
repeat_2_fold_1,AGPAT1,0.0,0.0,0.0,0.0,0.0,0.0,0.0
repeat_2_fold_1,AGPAT2,-0.028944448612120866,0.06535282530478448,0.03267641265239224,-0.061620861264513105,0.25,-0.00021294047130823723,0.5
repeat_2_fold_1,AGPAT3,-1.1308686894752729,1.306955817960693,0.6534779089803465,-1.7843465984556195,0.0,-0.0016088835609956165,0.5
repeat_2_fold_1,AGPAT4,-0.06878172324140408,0.07942229285750198,0.03971114642875099,-0.10849286967015506,0.0,6.621533149958614e-05,1.0
repeat_2_fold_1,AGPAT5,0.0,0.0,0.0,0.0,0.0,0.0,0.0
repeat_2_fold_1,AGPS,0.0,0.0,0.0,0.0,0.0,0.0002725092653150518,0.5
repeat_2_fold_1,AGRN,0.0552894666550241,0.1105789333100482,0.0552894666550241,0.0,0.25,-0.00011830026183790032,0.5
repeat_2_fold_1,AGRP,0.0,0.0,0.0,0.0,0.0,0.0,0.0
repeat_2_fold_1,AGT,-0.007738093253127687,0.056866402655380476,0.028433201327690238,-0.03617129458081793,0.25,-0.0006151613615571483,0.5
repeat_2_fold_1,AGTPBP1,0.0,0.0,0.0,0.0,0.0,0.0,0.0
repeat_2_fold_1,AGTR1,-0.06878172324140408,0.07942229285750198,0.03971114642875099,-0.10849286967015506,0.0,-4.732010473515458e-05,0.5
repeat_2_fold_1,AGXT,0.04044807505912118,0.08089615011824236,0.04044807505912118,0.0,0.25,0.0009109595440530971,0.5
repeat_2_fold_1,AHCTF1,0.0,0.0,0.0,0.0,0.0,0.0,0.0
repeat_2_fold_1,AHCY,0.0552894666550241,0.1105789333100482,0.0552894666550241,0.0,0.25,-0.00064420631284276,1.0
repeat_2_fold_1,AHCYL1,0.0,0.0,0.0,0.0,0.0,0.0,0.0
repeat_2_fold_1,AHCYL2,-0.027643365699532296,0.14617203114056843,0.07308601557028421,-0.10072938126981651,0.25,-3.094250580890079e-05,1.0
repeat_2_fold_1,AHI1,0.0,0.0,0.0,0.0,0.0,0.0,0.0
repeat_2_fold_1,AHR,0.0,0.0,0.0,0.0,0.0,-0.00011041357771537919,0.5
repeat_2_fold_1,AHSG,-0.06846769208124215,0.10511444931036283,0.052557224655181416,-0.12102491673642357,0.0,0.0006294241530993283,1.0
repeat_2_fold_1,AICDA,0.1105789333100482,0.127685553826516,0.063842776913258,0.0467361563967902,0.5,8.591619917230897e-06,1.0
repeat_2_fold_1,AIM2,-0.04509207931966408,0.09018415863932816,0.04509207931966408,-0.09018415863932816,0.0,-0.00013236164315300059,0.5
repeat_2_fold_1,AIMP1,0.05970805486310482,0.06894492309600501,0.03447246154800251,0.025235593315102313,0.5,6.309347298022461e-05,0.5
repeat_2_fold_1,AIMP2,0.0,0.0,0.0,0.0,0.0,-0.0002102214332429797,0.5
repeat_2_fold_1,AK1,0.0,0.0,0.0,0.0,0.0,8.675352534778802e-05,0.5
repeat_2_fold_1,AK2,0.0,0.0,0.0,0.0,0.0,0.0,0.0
repeat_2_fold_1,AK4,-0.20324769016425037,0.2346902172569992,0.1173451086284996,-0.32059279879275,0.0,-2.7804804655862103e-05,1.0
repeat_2_fold_1,AK6,0.0,0.0,0.0,0.0,0.0,0.0,0.0
repeat_2_fold_1,AKAP1,0.0,0.0,0.0,0.0,0.0,0.0,0.0
repeat_2_fold_1,AKAP10,-0.08484056496079972,0.0979654460366353,0.04898272301831765,-0.13382328797911738,0.0,-7.886684122526688e-05,0.5
repeat_2_fold_1,AKAP12,0.0,0.0,0.0,0.0,0.0,0.0,0.0
repeat_2_fold_1,AKAP13,0.0,0.0,0.0,0.0,0.0,0.0008372286636177118,1.0
repeat_2_fold_1,AKAP9,0.0,0.0,0.0,0.0,0.0,3.892989504500344e-05,0.5
repeat_2_fold_1,AKR1A1,-0.6281528212539325,0.8280291720259133,0.41401458601295665,-1.0421674072668892,0.0,-0.001888860847345325,0.5
repeat_2_fold_1,AKR1B1,-0.04242028248039986,0.08484056496079974,0.04242028248039987,-0.08484056496079972,0.0,6.703681504149905e-05,0.5
repeat_2_fold_1,AKR1B10,0.0,0.0,0.0,0.0,0.0,1.577336824507003e-05,0.5
repeat_2_fold_1,AKR1C1,0.0,0.0,0.0,0.0,0.0,0.0,0.0
repeat_2_fold_1,AKR1C2,-0.06878172324140408,0.07942229285750198,0.03971114642875099,-0.10849286967015506,0.0,-0.00018555432974012853,1.0
repeat_2_fold_1,AKR1C3,0.0,0.0,0.0,0.0,0.0,-0.0001419603142054915,0.5
repeat_2_fold_1,AKR1C4,0.0,0.0,0.0,0.0,0.0,-4.671587405397082e-05,0.5
repeat_2_fold_1,AKR1D1,-0.09827238835557672,0.16366778312729713,0.08183389156364856,-0.1801062799192253,0.0,-0.000299693996656053,0.5
repeat_2_fold_1,AKR7A2,0.0,0.0,0.0,0.0,0.0,0.0,0.0
repeat_2_fold_1,AKR7A3,0.0,0.0,0.0,0.0,0.0,0.0,0.0
repeat_2_fold_1,AKT1,0.0,0.0,0.0,0.0,0.0,-7.886684122521137e-06,0.5
repeat_2_fold_1,AKT2,0.0,0.0,0.0,0.0,0.0,0.0,0.0
repeat_2_fold_1,AKT3,0.0,0.0,0.0,0.0,0.0,0.0,0.0
repeat_2_fold_1,ALAD,0.0,0.0,0.0,0.0,0.0,0.0,0.0
repeat_2_fold_1,ALAS1,0.0,0.0,0.0,0.0,0.0,0.0,0.0
repeat_2_fold_1,ALAS2,-0.04509207931966408,0.09018415863932816,0.04509207931966408,-0.09018415863932816,0.0,7.785979009022892e-06,0.5
repeat_2_fold_1,ALB,0.0,0.0,0.0,0.0,0.0,-1.5068432450332514e-05,1.0
repeat_2_fold_1,ALCAM,0.0,0.0,0.0,0.0,0.0,0.0,0.0
repeat_2_fold_1,ALDH18A1,0.0,0.0,0.0,0.0,0.0,-7.785979008995136e-06,0.5
repeat_2_fold_1,ALDH1A1,-0.04242028248039986,0.08484056496079974,0.04242028248039987,-0.08484056496079972,0.0,3.862777970448095e-05,1.0
repeat_2_fold_1,ALDH1A2,0.0,0.0,0.0,0.0,0.0,0.0,0.0
repeat_2_fold_1,ALDH1B1,0.0,0.0,0.0,0.0,0.0,0.0004926314849511282,1.0
repeat_2_fold_1,ALDH1L1,0.0,0.0,0.0,0.0,0.0,0.0,0.0
repeat_2_fold_1,ALDH2,0.0,0.0,0.0,0.0,0.0,0.0,0.0
repeat_2_fold_1,ALDH3A1,0.0,0.0,0.0,0.0,0.0,0.0,0.0
repeat_2_fold_1,ALDH3A2,-0.06878172324140408,0.07942229285750198,0.03971114642875099,-0.10849286967015506,0.0,-0.0006664248083535773,0.5
repeat_2_fold_1,ALDH3B1,0.0,0.0,0.0,0.0,0.0,0.0,0.0
repeat_2_fold_1,ALDH3B2,0.0,0.0,0.0,0.0,0.0,-0.0003891982453365084,1.0
repeat_2_fold_1,ALDH4A1,0.0,0.0,0.0,0.0,0.0,0.0,0.0
repeat_2_fold_1,ALDH5A1,0.0,0.0,0.0,0.0,0.0,0.0,0.0
repeat_2_fold_1,ALDH6A1,0.0,0.0,0.0,0.0,0.0,0.0,0.0
repeat_2_fold_1,ALDH7A1,0.0,0.0,0.0,0.0,0.0,5.8848015578399915e-05,1.0
repeat_2_fold_1,ALDH8A1,0.0,0.0,0.0,0.0,0.0,0.00011819955672440208,1.0
repeat_2_fold_1,ALDOA,0.0,0.0,0.0,0.0,0.0,0.0,0.0
repeat_2_fold_1,ALDOB,0.0,0.0,0.0,0.0,0.0,0.0,0.0
repeat_2_fold_1,ALDOC,0.0,0.0,0.0,0.0,0.0,0.0001557195801800415,0.5
repeat_2_fold_1,ALG12,-0.057497393131084706,0.11499478626216943,0.05749739313108471,-0.11499478626216941,0.0,0.0001971671030631672,0.5
repeat_2_fold_1,ALG13,0.09877255765372439,0.13020102233884298,0.06510051116942149,0.0336720464843029,0.5,0.0002509640203315622,1.0
repeat_2_fold_1,ALG5,0.013326384183788065,0.02665276836757613,0.013326384183788065,0.0,0.25,2.3660052367591167e-05,0.5
repeat_2_fold_1,ALG6,0.0,0.0,0.0,0.0,0.0,0.0,0.0
repeat_2_fold_1,ALG8,0.0,0.0,0.0,0.0,0.0,0.0,0.0
repeat_2_fold_1,ALG9,0.0,0.0,0.0,0.0,0.0,0.0002880812233330421,0.5
repeat_2_fold_1,ALK,0.01953528579171504,0.02416264610409847,0.012081323052049234,0.007453962739665806,0.5,-0.0012058570298384697,1.0
repeat_2_fold_1,ALMS1,0.0,0.0,0.0,0.0,0.0,0.0,0.0
repeat_2_fold_1,ALOX12,0.013326384183788065,0.02665276836757613,0.013326384183788065,0.0,0.25,-3.154673649008455e-05,0.5
repeat_2_fold_1,ALOX12B,0.0,0.0,0.0,0.0,0.0,0.0,0.0
repeat_2_fold_1,ALOX15,-0.03439086162070204,0.06878172324140408,0.03439086162070204,-0.06878172324140408,0.0,0.00018928041894064607,0.5
repeat_2_fold_1,ALOX15B,0.0,0.0,0.0,0.0,0.0,0.0,0.0
repeat_2_fold_1,ALOX5,0.0,0.0,0.0,0.0,0.0,0.0,0.0
repeat_2_fold_1,ALOX5AP,-0.013023704800421143,0.026047409600842286,0.013023704800421143,-0.026047409600842286,0.0,-0.0001735070506956038,0.5
repeat_2_fold_1,ALOXE3,0.20068441154863592,0.2744988827076994,0.1372494413538497,0.06343497019478622,0.5,7.098015710274574e-05,0.5
repeat_2_fold_1,ALPG,0.0,0.0,0.0,0.0,0.0,0.0,0.0
repeat_2_fold_1,ALPI,-0.14116640043243223,0.1919587652963754,0.0959793826481877,-0.23714578308061993,0.0,0.0002050537871857161,0.5
repeat_2_fold_1,ALPK1,0.0,0.0,0.0,0.0,0.0,0.0,0.0
repeat_2_fold_1,ALPP,0.0,0.0,0.0,0.0,0.0,9.34317481080249e-05,0.5
repeat_2_fold_1,ALS2CL,0.0,0.0,0.0,0.0,0.0,0.0,0.0
repeat_2_fold_1,ALX3,0.0,0.0,0.0,0.0,0.0,-0.00011769603115674432,1.0
repeat_2_fold_1,AMACR,0.0,0.0,0.0,0.0,0.0,0.0,0.0
repeat_2_fold_1,AMBN,0.0,0.0,0.0,0.0,0.0,0.0,0.0
repeat_2_fold_1,AMBP,-0.1990660722576525,0.6985340972320568,0.3492670486160284,-0.5483331208736809,0.25,9.069686740909022e-05,0.5
repeat_2_fold_1,AMBRA1,0.0,0.0,0.0,0.0,0.0,0.0,0.0
repeat_2_fold_1,AMD1,-0.8927206459415835,1.0308250104910197,0.5154125052455099,-1.4081331511870934,0.0,0.00021951798895494812,1.0
repeat_2_fold_1,AMDHD2,0.0,0.0,0.0,0.0,0.0,0.00019464947522504494,0.5
repeat_2_fold_1,AMELX,-0.09018415863932816,0.10413569653411206,0.05206784826705603,-0.14225200690638418,0.0,-0.0001427659551136995,1.0
repeat_2_fold_1,AMFR,-0.06878172324140408,0.07942229285750198,0.03971114642875099,-0.10849286967015506,0.0,-0.0002681472601659407,0.5
repeat_2_fold_1,AMH,0.0,0.0,0.0,0.0,0.0,2.3357937027013165e-05,0.5
repeat_2_fold_1,AMHR2,0.0,0.0,0.0,0.0,0.0,0.0,0.0
repeat_2_fold_1,AMIGO2,-0.4417741576244225,0.883548315248845,0.4417741576244225,-0.883548315248845,0.0,0.00012618694596042146,0.5
repeat_2_fold_1,AMN,0.0,0.0,0.0,0.0,0.0,3.943342061263344e-05,0.5
repeat_2_fold_1,AMOT,0.1105789333100482,0.127685553826516,0.063842776913258,0.0467361563967902,0.5,-8.675352534778802e-05,0.5
repeat_2_fold_1,AMOTL2,0.0,0.0,0.0,0.0,0.0,-0.00037372699243201635,0.5
repeat_2_fold_1,AMPD1,0.0,0.0,0.0,0.0,0.0,0.0008019558379270819,0.5
repeat_2_fold_1,AMPD2,0.0,0.0,0.0,0.0,0.0,7.886684122521137e-06,0.5
repeat_2_fold_1,AMPD3,0.0,0.0,0.0,0.0,0.0,0.0,0.0
repeat_2_fold_1,AMPH,0.0,0.0,0.0,0.0,0.0,6.22878320720166e-05,0.5
repeat_2_fold_1,AMT,-0.4039400404903919,0.8078800809807838,0.4039400404903919,-0.8078800809807838,0.0,-0.0019970057353507487,1.0
repeat_2_fold_1,AMY1A,0.0,0.0,0.0,0.0,0.0,0.0,0.0
repeat_2_fold_1,ANAPC1,-0.8078800809807838,0.9328595644543843,0.46642978222719217,-1.274309863207976,0.0,-0.00047231054396359995,1.0
repeat_2_fold_1,ANAPC10,0.0,0.0,0.0,0.0,0.0,-0.00014984699832801263,0.5
repeat_2_fold_1,ANAPC13,0.0,0.0,0.0,0.0,0.0,3.943342061263344e-05,0.5
repeat_2_fold_1,ANAPC15,0.0,0.0,0.0,0.0,0.0,1.5773368245042274e-05,0.5
repeat_2_fold_1,ANAPC2,0.0,0.0,0.0,0.0,0.0,2.3760757481144923e-05,1.0
repeat_2_fold_1,ANAPC5,0.0,0.0,0.0,0.0,0.0,-6.228783207196109e-05,0.5
repeat_2_fold_1,ANG,0.0,0.0,0.0,0.0,0.0,0.0,0.0
repeat_2_fold_1,ANGPT1,0.0,0.0,0.0,0.0,0.0,0.0,0.0
repeat_2_fold_1,ANGPT2,0.05970805486310482,0.06894492309600501,0.03447246154800251,0.025235593315102313,0.5,0.0003036373387172997,0.5
repeat_2_fold_1,ANGPT4,0.0,0.0,0.0,0.0,0.0,0.0,0.0
repeat_2_fold_1,ANGPTL3,-0.017498725815661587,0.07635702665691356,0.03817851332845678,-0.055677239144118366,0.25,0.00024915132828803865,0.5
repeat_2_fold_1,ANGPTL4,0.0,0.0,0.0,0.0,0.0,0.0,0.0
repeat_2_fold_1,ANGPTL8,0.0,0.0,0.0,0.0,0.0,0.0,0.0
repeat_2_fold_1,ANK1,-0.06747395378078558,0.08628820891443226,0.04314410445721613,-0.1106180582380017,0.0,0.0006306642997290779,0.5
repeat_2_fold_1,ANK2,0.0,0.0,0.0,0.0,0.0,2.3660052367591167e-05,0.5
repeat_2_fold_1,ANK3,0.0,0.0,0.0,0.0,0.0,-0.000241365349278988,0.5
repeat_2_fold_1,ANKFY1,-0.002126481897839483,0.2646435337928881,0.13232176689644404,-0.13444824879428352,0.25,0.003945265651743274,1.0
repeat_2_fold_1,ANKH,0.0,0.0,0.0,0.0,0.0,0.00018139373481815269,0.5
repeat_2_fold_1,ANKLE2,-0.23063882170155559,0.3137920284826316,0.1568960142413158,-0.3875348359428714,0.0,4.297394221983164e-05,1.0
repeat_2_fold_1,ANKRD1,-0.8406168586845624,0.8275506998211383,0.41377534991056913,-1.2543922085951316,0.0,0.0002080907832252843,1.0
repeat_2_fold_1,ANKRD26,0.0,0.0,0.0,0.0,0.0,9.464020947033691e-05,0.5
repeat_2_fold_1,ANKRD27,0.0,0.0,0.0,0.0,0.0,-0.00010900370612598742,0.5
repeat_2_fold_1,ANKRD28,0.0,0.0,0.0,0.0,0.0,3.11439160360083e-05,0.5
repeat_2_fold_1,ANKZF1,0.0,0.0,0.0,0.0,0.0,-0.0002602605760433918,0.5
repeat_2_fold_1,ANO1,0.022710204858540806,0.04542040971708161,0.022710204858540806,0.0,0.25,-0.00021022143324300746,0.5
repeat_2_fold_1,ANO10,0.0,0.0,0.0,0.0,0.0,0.0006672621345292784,1.0
repeat_2_fold_1,ANO2,0.0,0.0,0.0,0.0,0.0,0.0,0.0
repeat_2_fold_1,ANO3,0.0,0.0,0.0,0.0,0.0,0.0,0.0
repeat_2_fold_1,ANOS1,0.0,0.0,0.0,0.0,0.0,7.007381108101174e-05,0.5
repeat_2_fold_1,ANPEP,0.0,0.0,0.0,0.0,0.0,0.0,0.0
repeat_2_fold_1,ANTXR1,0.0,0.0,0.0,0.0,0.0,9.464020947033691e-05,0.5
repeat_2_fold_1,ANXA1,-0.03439086162070204,0.06878172324140408,0.03439086162070204,-0.06878172324140408,0.0,-0.00026026057604341957,0.5
repeat_2_fold_1,ANXA2,0.0,0.0,0.0,0.0,0.0,-3.1143916035980546e-05,0.5
repeat_2_fold_1,ANXA3,0.0,0.0,0.0,0.0,0.0,0.0,0.0
repeat_2_fold_1,ANXA5,0.0,0.0,0.0,0.0,0.0,0.0,0.0
repeat_2_fold_1,ANXA6,0.0,0.0,0.0,0.0,0.0,-4.337676267388013e-05,0.5
repeat_2_fold_1,AOC1,0.0,0.0,0.0,0.0,0.0,7.886684122521137e-06,0.5
repeat_2_fold_1,AOC2,0.0,0.0,0.0,0.0,0.0,-0.00024468861802534603,1.0
repeat_2_fold_1,AOC3,-0.0945018941616329,0.14692892907272104,0.07346446453636052,-0.16796635869799342,0.0,-0.0003982775481876366,0.5
repeat_2_fold_1,AP1B1,-0.04509207931966408,0.09018415863932816,0.04509207931966408,-0.09018415863932816,0.0,3.892989504500344e-05,0.5
repeat_2_fold_1,AP1G1,0.0,0.0,0.0,0.0,0.0,0.0,0.0
repeat_2_fold_1,AP1G2,0.0,0.0,0.0,0.0,0.0,0.0,0.0
repeat_2_fold_1,AP1M2,0.0,0.0,0.0,0.0,0.0,-0.0008438752011104278,0.5
repeat_2_fold_1,AP1S1,0.0,0.0,0.0,0.0,0.0,0.0,0.0
repeat_2_fold_1,AP1S2,0.0,0.0,0.0,0.0,0.0,0.0,0.0
repeat_2_fold_1,AP2A2,0.0,0.0,0.0,0.0,0.0,0.0,0.0
repeat_2_fold_1,AP2B1,0.04542040971708161,0.05244697155372032,0.02622348577686016,0.01919692394022145,0.5,8.46228753300371e-05,1.0
repeat_2_fold_1,AP2M1,0.0,0.0,0.0,0.0,0.0,9.081341515632113e-05,1.0
repeat_2_fold_1,AP2S1,0.0,0.0,0.0,0.0,0.0,-0.000241365349278988,0.5
repeat_2_fold_1,AP3B1,0.09412563853509326,0.24200576375461014,0.12100288187730507,-0.02687724334221181,0.75,0.0008569453739240007,1.0
repeat_2_fold_1,AP3S1,0.0,0.0,0.0,0.0,0.0,0.0,0.0
repeat_2_fold_1,AP4M1,0.02985402743155241,0.05970805486310482,0.02985402743155241,0.0,0.25,7.886684122521137e-06,0.5
repeat_2_fold_1,AP4S1,0.0,0.0,0.0,0.0,0.0,0.0,0.0
repeat_2_fold_1,APBA1,0.0,0.0,0.0,0.0,0.0,6.22878320720166e-05,0.5
repeat_2_fold_1,APBA2,0.0,0.0,0.0,0.0,0.0,0.0,0.0
repeat_2_fold_1,APBA3,0.0,0.0,0.0,0.0,0.0,0.0,0.0
repeat_2_fold_1,APBB1,-0.09998082657185314,0.16704676379988004,0.08352338189994002,-0.18350420847179316,0.0,-1.1830026183767828e-05,0.5
repeat_2_fold_1,APBB1IP,0.0,0.0,0.0,0.0,0.0,-3.1143916035980546e-05,0.5
repeat_2_fold_1,APC,0.0,0.0,0.0,0.0,0.0,0.0,0.0
repeat_2_fold_1,APCS,0.013796676752001247,0.027593353504002494,0.013796676752001247,0.0,0.25,0.00025997430333657423,1.0
repeat_2_fold_1,APEH,-0.026047409600842286,0.030076957889477472,0.015038478944738736,-0.041085888545581026,0.0,-0.00010252689359285805,0.5
repeat_2_fold_1,APEX1,0.0,0.0,0.0,0.0,0.0,-0.00024448720779834954,0.5
repeat_2_fold_1,APH1A,0.025317193242399227,0.06331322136491478,0.03165661068245739,-0.0063394174400581635,0.25,-8.675352534781577e-05,0.5
repeat_2_fold_1,APIP,0.0,0.0,0.0,0.0,0.0,7.785979009022892e-06,0.5
repeat_2_fold_1,APLNR,0.0,0.0,0.0,0.0,0.0,0.0,0.0
repeat_2_fold_1,APLP2,0.0,0.0,0.0,0.0,0.0,0.0,0.0
repeat_2_fold_1,APOA1,0.0,0.0,0.0,0.0,0.0,0.0,0.0
repeat_2_fold_1,APOA2,0.0,0.0,0.0,0.0,0.0,-4.337676267388013e-05,0.5
repeat_2_fold_1,ARF3,0.0003283303974193075,0.07363603316847264,0.03681801658423632,-0.036489686186817014,0.25,0.00011678968513503807,0.5
repeat_2_fold_1,ARHGAP1,0.013796676752001247,0.027593353504002494,0.013796676752001247,0.0,0.25,0.0005450185306300759,0.5
repeat_2_fold_1,ARHGAP19,0.0552894666550241,0.1105789333100482,0.0552894666550241,0.0,0.25,7.584568781998646e-06,1.0
repeat_2_fold_1,ARHGAP28,0.06861585083881216,0.10475326927155788,0.05237663463577894,0.016239216203033223,0.5,6.309347298022461e-05,0.5
repeat_2_fold_1,ARHGEF38,0.0,0.0,0.0,0.0,0.0,-0.00014793360117099086,0.5
repeat_2_fold_1,ARHGEF6,0.0,0.0,0.0,0.0,0.0,0.0,0.0
repeat_2_fold_1,ARPC4,0.0,0.0,0.0,0.0,0.0,1.971671030631672e-05,1.0
repeat_2_fold_1,ASB1,-0.9180158651297283,1.0681587898362295,0.5340793949181147,-1.4520952600478432,0.0,0.00018533707687939938,0.5
repeat_2_fold_1,ASPH,0.0,0.0,0.0,0.0,0.0,0.0,0.0
repeat_2_fold_1,ASRGL1,-0.059641457307121115,0.11928291461424223,0.059641457307121115,-0.11928291461424223,0.0,0.0009073024746986957,1.0
repeat_2_fold_1,ATF1,0.0,0.0,0.0,0.0,0.0,0.0,0.0
repeat_2_fold_1,ATF6,0.0022106617320183375,0.09392754270560426,0.04696377135280213,-0.04475310962078379,0.25,0.00030758068077857414,0.5
repeat_2_fold_1,ATP5F1E,0.0,0.0,0.0,0.0,0.0,0.0,0.0
repeat_2_fold_1,ATP5MC3,0.0,0.0,0.0,0.0,0.0,0.000519227828244706,1.0
repeat_2_fold_1,ATP5PO,0.0552894666550241,0.1105789333100482,0.0552894666550241,0.0,0.25,-1.657900915325028e-05,1.0
repeat_2_fold_1,ATP6V0D1,0.0,0.0,0.0,0.0,0.0,0.0,0.0
repeat_2_fold_1,ATP6V0E2,0.013796676752001247,0.027593353504002494,0.013796676752001247,0.0,0.25,0.00011678968513503807,0.5
repeat_2_fold_1,ATP8B2,0.0,0.0,0.0,0.0,0.0,0.0,0.0
repeat_2_fold_1,B4GALT3,0.0,0.0,0.0,0.0,0.0,0.0,0.0
repeat_2_fold_1,BACE1,0.0,0.0,0.0,0.0,0.0,0.00017129153819803178,0.5
repeat_2_fold_1,BANF1,0.0,0.0,0.0,0.0,0.0,0.0,0.0
repeat_2_fold_1,BATF,0.0,0.0,0.0,0.0,0.0,0.0,0.0
repeat_2_fold_1,BBS1,0.0,0.0,0.0,0.0,0.0,0.0,0.0
repeat_2_fold_1,BIRC5,0.045344094451143846,0.05338440846388032,0.02669220423194016,0.018651890219203687,0.5,0.001167229250134072,0.5
repeat_2_fold_1,BLTP3B,0.0,0.0,0.0,0.0,0.0,0.0,0.0
repeat_2_fold_1,BMP15,0.013326384183788065,0.02665276836757613,0.013326384183788065,0.0,0.25,0.00014682584492226036,1.0
repeat_2_fold_1,BMP2,-0.07698627097820498,0.2254610325186881,0.11273051625934405,-0.18971678723754903,0.5,-0.00041587945110987956,1.0
repeat_2_fold_1,BOLA2,-0.10120322749816069,0.14883065427922842,0.07441532713961421,-0.1756185546377749,0.0,0.0006929521318010667,0.5
repeat_2_fold_1,BRF1,0.0,0.0,0.0,0.0,0.0,0.0,0.0
repeat_2_fold_1,BTF3,0.0,0.0,0.0,0.0,0.0,0.0004360148245040607,0.5
repeat_2_fold_1,C2CD3,-0.8156181742339186,0.9434676951662235,0.47173384758311177,-1.2873520218170302,0.0,0.0004008110186595748,1.0
repeat_2_fold_1,C9orf78,-1.0095525484082906,1.1742926317984363,0.5871463158992182,-1.5966988643075086,0.0,-0.00016004990006163178,1.0
repeat_2_fold_1,CA14,0.0,0.0,0.0,0.0,0.0,0.0,0.0
repeat_2_fold_1,CA9,0.0,0.0,0.0,0.0,0.0,0.0,0.0
repeat_2_fold_1,CAB39,-0.09018415863932816,0.10413569653411206,0.05206784826705603,-0.14225200690638418,0.0,-0.00023357937027002063,0.5
repeat_2_fold_1,CABP1,0.0,0.0,0.0,0.0,0.0,-7.098015710274574e-05,0.5
repeat_2_fold_1,CACNA1G,0.0,0.0,0.0,0.0,0.0,-7.007381108098398e-05,0.5
repeat_2_fold_1,CACNA1H,0.0,0.0,0.0,0.0,0.0,0.0,0.0
repeat_2_fold_1,CAMK2A,0.0,0.0,0.0,0.0,0.0,0.00047977856499839544,1.0
repeat_2_fold_1,CAMKMT,-0.04242028248039986,0.08484056496079974,0.04242028248039987,-0.08484056496079972,0.0,-0.00012224360389917477,0.5
repeat_2_fold_1,CASP7,0.0,0.0,0.0,0.0,0.0,0.0001012177271170478,0.5
repeat_2_fold_1,CASP9,0.0,0.0,0.0,0.0,0.0,0.0,0.0
repeat_2_fold_1,CBX6,0.0,0.0,0.0,0.0,0.0,0.00010900370612604293,0.5
repeat_2_fold_1,CBX8,0.0,0.0,0.0,0.0,0.0,0.0,0.0
repeat_2_fold_1,CCL2,0.0,0.0,0.0,0.0,0.0,0.0,0.0
repeat_2_fold_1,CCL22,0.0,0.0,0.0,0.0,0.0,0.0,0.0
repeat_2_fold_1,CCL25,-0.3740860130588395,0.8296946682523599,0.41484733412617997,-0.7889333471850195,0.25,-0.00012618694596044921,0.5
repeat_2_fold_1,CCT4,-0.025505681416941428,0.18652003025721264,0.09326001512860632,-0.11876569654554775,0.25,1.567266313154403e-05,1.0
repeat_2_fold_1,CCT5,-0.09392671371345251,0.10862928387241061,0.054314641936205305,-0.14824135564965782,0.0,0.001510479927746139,0.5
repeat_2_fold_1,CCT6A,0.0,0.0,0.0,0.0,0.0,0.0,0.0
repeat_2_fold_1,CD1C,0.08556864404943987,0.09881462739338479,0.04940731369669239,0.036161330352747476,0.5,-2.7804804655862103e-05,1.0
repeat_2_fold_1,CD22,-0.19940277193151346,0.2302504881036337,0.11512524405181684,-0.3145280159833303,0.0,-0.00017745039275687824,0.5
repeat_2_fold_1,CD9,0.0,0.0,0.0,0.0,0.0,2.3357937027013165e-05,0.5
repeat_2_fold_1,CDC25C,0.0,0.0,0.0,0.0,0.0,0.00017745039275687824,0.5
repeat_2_fold_1,CDC42BPB,-0.4039400404903919,0.8078800809807838,0.4039400404903919,-0.8078800809807838,0.0,9.33310429944989e-05,1.0
repeat_2_fold_1,CDH15,0.0,0.0,0.0,0.0,0.0,0.0,0.0
repeat_2_fold_1,CDK5R2,-0.057497393131084706,0.11499478626216943,0.05749739313108471,-0.11499478626216941,0.0,3.277104048615698e-05,1.0
repeat_2_fold_1,CDKN1B,-0.08671679805301835,0.2525943129634598,0.1262971564817299,-0.21301395453474825,0.25,0.0004850310735354524,0.5
repeat_2_fold_1,CDX2,0.0,0.0,0.0,0.0,0.0,-0.00016562036657308266,0.5
repeat_2_fold_1,CENPE,0.0,0.0,0.0,0.0,0.0,0.0,0.0
repeat_2_fold_1,CENPO,0.0,0.0,0.0,0.0,0.0,0.0,0.0
repeat_2_fold_1,CEP250,0.0,0.0,0.0,0.0,0.0,0.0,0.0
repeat_2_fold_1,CEP290,-0.013023704800421143,0.026047409600842286,0.013023704800421143,-0.026047409600842286,0.0,-0.00024084598107762534,1.0
repeat_2_fold_1,CEP57,0.0,0.0,0.0,0.0,0.0,0.0,0.0
repeat_2_fold_1,CETN2,0.0,0.0,0.0,0.0,0.0,-0.0001131326157805812,1.0
repeat_2_fold_1,CFP,0.0,0.0,0.0,0.0,0.0,0.0,0.0
repeat_2_fold_1,CHAC1,0.0,0.0,0.0,0.0,0.0,-8.655211512073602e-05,1.0
repeat_2_fold_1,CHD1,0.0,0.0,0.0,0.0,0.0,0.0,0.0
repeat_2_fold_1,CHGA,-0.8078800809807838,0.9328595644543843,0.46642978222719217,-1.274309863207976,0.0,-0.00043096372619394474,1.0
repeat_2_fold_1,CHL1,0.0,0.0,0.0,0.0,0.0,0.0,0.0
repeat_2_fold_1,CHPT1,0.0,0.0,0.0,0.0,0.0,0.00011244352261965962,1.0
repeat_2_fold_1,CHST15,0.0,0.0,0.0,0.0,0.0,7.886684122521137e-06,0.5
repeat_2_fold_1,CIAO3,0.0,0.0,0.0,0.0,0.0,0.0,0.0
repeat_2_fold_1,CLCN2,0.0,0.0,0.0,0.0,0.0,0.0,0.0
repeat_2_fold_1,CLU,0.0,0.0,0.0,0.0,0.0,0.0004598604444649712,1.0
repeat_2_fold_1,CMTM6,0.0,0.0,0.0,0.0,0.0,0.0002180074122520581,0.5
repeat_2_fold_1,CNKSR2,0.0,0.0,0.0,0.0,0.0,0.00017129153819803178,0.5
repeat_2_fold_1,COG5,0.06780272364566642,0.07829184149723062,0.03914592074861531,0.02865680289705111,0.5,-0.00022082715543078613,0.5
repeat_2_fold_1,COL4A4,0.0,0.0,0.0,0.0,0.0,0.0,0.0
repeat_2_fold_1,COL6A2,0.0,0.0,0.0,0.0,0.0,-7.785979008995136e-06,0.5
repeat_2_fold_1,COL9A2,0.022710204858540806,0.04542040971708161,0.022710204858540806,0.0,0.25,0.0003114391603600275,0.5
repeat_2_fold_1,COMMD3,0.0,0.0,0.0,0.0,0.0,0.0,0.0
repeat_2_fold_1,COQ10B,0.0,0.0,0.0,0.0,0.0,0.0,0.0
repeat_2_fold_1,CORT,-0.0422384496202568,0.04877276051681542,0.02438638025840771,-0.06662482987866451,0.0,0.00047494471954906414,0.5
repeat_2_fold_1,COX16,0.0,0.0,0.0,0.0,0.0,0.0,0.0
repeat_2_fold_1,CPA3,-0.253665099294647,0.2976067857752454,0.1488033928876227,-0.40246849218226965,0.0,0.0005644331255958146,1.0
repeat_2_fold_1,CPSF4,0.0,0.0,0.0,0.0,0.0,0.0,0.0
repeat_2_fold_1,CREB3,0.0,0.0,0.0,0.0,0.0,0.000467158740540069,0.5
repeat_2_fold_1,CREG1,0.0,0.0,0.0,0.0,0.0,0.0,0.0
repeat_2_fold_1,CRLF1,0.02665276836757613,0.030775965983337643,0.015387982991668821,0.011264785375907308,0.5,-0.00036278746963624986,0.5
repeat_2_fold_1,CRY2,-0.29038461437354357,0.4265898917496695,0.21329494587483475,-0.5036795602483783,0.0,0.0002681472601659407,0.5
repeat_2_fold_1,CRYBA4,-0.05369842849350093,0.10739685698700185,0.05369842849350093,-0.10739685698700185,0.0,0.00029586720234203723,0.5
repeat_2_fold_1,CSF1R,0.0,0.0,0.0,0.0,0.0,0.0,0.0
repeat_2_fold_1,CSNK2A1,-0.09018415863932816,0.10413569653411206,0.05206784826705603,-0.14225200690638418,0.0,-0.00034258307639600805,0.5
repeat_2_fold_1,CSPG4,0.0,0.0,0.0,0.0,0.0,0.0,0.0
repeat_2_fold_1,CSPG5,0.0,0.0,0.0,0.0,0.0,0.0,0.0
repeat_2_fold_1,CSTF2,0.0,0.0,0.0,0.0,0.0,-5.450185306299371e-05,0.5
repeat_2_fold_1,CTLA4,0.0,0.0,0.0,0.0,0.0,0.0,0.0
repeat_2_fold_1,CTSE,-0.03590469908528071,0.08179847847764889,0.04089923923882444,-0.07680393832410515,0.25,-0.0005047477838417691,0.5
repeat_2_fold_1,CTSF,-0.5789007999966298,0.9303051972858476,0.4651525986429238,-1.0440533986395537,0.0,0.00017585495357416714,1.0
repeat_2_fold_1,CUL1,0.0,0.0,0.0,0.0,0.0,0.0,0.0
repeat_2_fold_1,CXCL6,0.0,0.0,0.0,0.0,0.0,0.0,0.0
repeat_2_fold_1,CXCR2,0.0,0.0,0.0,0.0,0.0,0.0,0.0
repeat_2_fold_1,CYB5A,-1.5738544733399635,1.8227969943684457,0.9113984971842228,-2.4852529705241864,0.0,0.0006269913877409161,0.5
repeat_2_fold_1,CYB5R1,0.0,0.0,0.0,0.0,0.0,-0.0003233540490236164,0.5
repeat_2_fold_1,CYLD,0.0,0.0,0.0,0.0,0.0,0.0,0.0
repeat_2_fold_1,CYP11B1,0.0874102593944528,0.10779071295444027,0.05389535647722014,0.03351490291723266,0.5,-0.0003289086729013069,1.0
repeat_2_fold_1,CYP21A2,0.0,0.0,0.0,0.0,0.0,0.0,0.0
repeat_2_fold_1,CYP3A5,0.0,0.0,0.0,0.0,0.0,-0.00014793360117099086,0.5
repeat_2_fold_1,CYP46A1,0.0,0.0,0.0,0.0,0.0,0.00014570224603976945,1.0
repeat_2_fold_1,DCAF6,-0.055286731399068145,0.06383961851173306,0.03191980925586653,-0.08720654065493467,0.0,2.3660052367591167e-05,0.5
repeat_2_fold_1,DCTN6,0.0,0.0,0.0,0.0,0.0,0.0,0.0
repeat_2_fold_1,DCTPP1,0.0,0.0,0.0,0.0,0.0,4.641375871344833e-05,1.0
repeat_2_fold_1,DCXR,0.0,0.0,0.0,0.0,0.0,0.0,0.0
repeat_2_fold_1,DDR1,0.0,0.0,0.0,0.0,0.0,0.0,0.0
repeat_2_fold_1,DDX49,0.0,0.0,0.0,0.0,0.0,0.0,0.0
repeat_2_fold_1,DET1,0.027593353504002494,0.031862060146760685,0.015931030073380342,0.011662323430622151,0.5,-0.0002180074122520026,0.5
repeat_2_fold_1,DGKI,0.0,0.0,0.0,0.0,0.0,-0.00028029524432399144,0.5
repeat_2_fold_1,DHRS9,0.0,0.0,0.0,0.0,0.0,0.0005796712830057615,0.5
repeat_2_fold_1,DHX58,0.0,0.0,0.0,0.0,0.0,-0.00011678968513501031,1.0
repeat_2_fold_1,DKC1,0.0,0.0,0.0,0.0,0.0,0.0,0.0
repeat_2_fold_1,DLK1,0.0,0.0,0.0,0.0,0.0,0.0,0.0
repeat_2_fold_1,DMPK,-0.017498725815661587,0.07635702665691356,0.03817851332845678,-0.055677239144118366,0.25,8.564576909902977e-05,0.5
repeat_2_fold_1,DMRT1,0.0,0.0,0.0,0.0,0.0,7.886684122526688e-05,0.5
repeat_2_fold_1,DNAJA2,0.0,0.0,0.0,0.0,0.0,6.228783207204436e-05,0.5
repeat_2_fold_1,DNAJB9,0.0,0.0,0.0,0.0,0.0,0.0,0.0
repeat_2_fold_1,DNAJC7,0.0,0.0,0.0,0.0,0.0,0.0,0.0
repeat_2_fold_1,DNAJC8,-0.27808636223930705,0.36891270972829704,0.18445635486414852,-0.46254271710345557,0.0,-0.0012460960913593389,0.5
repeat_2_fold_1,DNASE1L1,0.0,0.0,0.0,0.0,0.0,0.0,0.0
repeat_2_fold_1,DNMT3B,0.0,0.0,0.0,0.0,0.0,0.0,0.0
repeat_2_fold_1,DOCK9,0.0,0.0,0.0,0.0,0.0,0.0001557195801800415,0.5
repeat_2_fold_1,DOLK,0.0,0.0,0.0,0.0,0.0,8.281018328654133e-05,0.5
repeat_2_fold_1,DPF1,-0.34621746126526354,0.6209110614206822,0.3104555307103411,-0.6566729919756047,0.0,3.659783480020051e-05,1.0
repeat_2_fold_1,DPF3,0.0,0.0,0.0,0.0,0.0,-8.490914803677141e-06,1.0
repeat_2_fold_1,DPM3,-0.021505085839848448,0.2604027755605064,0.1302013877802532,-0.15170647362010165,0.25,0.00020111044512444165,0.5
repeat_2_fold_1,DPYS,0.0,0.0,0.0,0.0,0.0,-0.00010900370612598742,0.5
repeat_2_fold_1,DRD1,0.0,0.0,0.0,0.0,0.0,0.0,0.0
repeat_2_fold_1,DSCAM,0.0,0.0,0.0,0.0,0.0,0.0,0.0
repeat_2_fold_1,DUOX1,-0.03084462476351213,0.10042105563106903,0.05021052781553451,-0.08105515257904664,0.25,-0.00035884412757500317,0.5
repeat_2_fold_1,DUOX2,0.0,0.0,0.0,0.0,0.0,0.0,0.0
repeat_2_fold_1,EBAG9,-0.039865193930737064,0.04603236089441536,0.02301618044720768,-0.06288137437794475,0.0,-0.0003901045913582146,1.0
repeat_2_fold_1,EEF1D,0.0,0.0,0.0,0.0,0.0,0.0,0.0
repeat_2_fold_1,EFNA1,0.02985402743155241,0.05970805486310482,0.02985402743155241,0.0,0.25,-0.00021294047130823723,0.5
repeat_2_fold_1,EFNB3,0.0,0.0,0.0,0.0,0.0,0.0,0.0
repeat_2_fold_1,EHMT2,-0.14768155177041287,0.10119502671002435,0.050597513355012176,-0.19827906512542504,0.0,0.00016199498248614663,1.0
repeat_2_fold_1,EIF2AK2,0.0,0.0,0.0,0.0,0.0,0.0,0.0
repeat_2_fold_1,EIF2AK3,0.0,0.0,0.0,0.0,0.0,0.0,0.0
repeat_2_fold_1,EIF3A,0.0,0.0,0.0,0.0,0.0,0.0,0.0
repeat_2_fold_1,EIF3F,0.0,0.0,0.0,0.0,0.0,0.0,0.0
repeat_2_fold_1,EIF3I,0.0,0.0,0.0,0.0,0.0,0.00025693730729706155,0.5
repeat_2_fold_1,EIF3L,-0.09018415863932816,0.10413569653411206,0.05206784826705603,-0.14225200690638418,0.0,0.00042883307617624933,1.0
repeat_2_fold_1,EIF4A3,0.0,0.0,0.0,0.0,0.0,0.0005995203836930696,0.5
repeat_2_fold_1,EIF4E2,0.0,0.0,0.0,0.0,0.0,0.0,0.0
repeat_2_fold_1,ELAC2,0.0,0.0,0.0,0.0,0.0,0.00039708492945905727,0.5
repeat_2_fold_1,ELP5,0.0,0.0,0.0,0.0,0.0,0.00011830026183792808,0.5
repeat_2_fold_1,ENGASE,0.0,0.0,0.0,0.0,0.0,0.0,0.0
repeat_2_fold_1,EPB41L1,0.0,0.0,0.0,0.0,0.0,0.0,0.0
repeat_2_fold_1,ERCC6L,0.0,0.0,0.0,0.0,0.0,0.0,0.0
repeat_2_fold_1,ETS2,-0.8727598582407463,0.8902512057257439,0.44512560286287195,-1.3178854611036184,0.0,-0.0008052474214060024,1.0
repeat_2_fold_1,EXTL2,0.0,0.0,0.0,0.0,0.0,0.0,0.0
repeat_2_fold_1,F11R,0.0,0.0,0.0,0.0,0.0,0.0,0.0
repeat_2_fold_1,F12,-0.038721371753890566,0.044711588811000576,0.022355794405500288,-0.06107716615939085,0.0,-0.0008595795495093816,1.0
repeat_2_fold_1,F3,0.08514349408656763,0.17028698817313523,0.08514349408656761,1.3877787807814457e-17,0.25,0.0006584532617512628,1.0
repeat_2_fold_1,F8,0.0,0.0,0.0,0.0,0.0,0.0,0.0
repeat_2_fold_1,FANCC,0.0,0.0,0.0,0.0,0.0,0.0,0.0
repeat_2_fold_1,FANCG,0.0,0.0,0.0,0.0,0.0,0.0,0.0
repeat_2_fold_1,FAR2,0.0,0.0,0.0,0.0,0.0,0.0,0.0
repeat_2_fold_1,FBXW4,-0.10781412651932598,0.2524191686280992,0.1262095843140496,-0.2340237108333756,0.25,0.0008016537225865317,1.0
repeat_2_fold_1,FCER1A,-0.1394602309617916,0.18881901850897528,0.09440950925448764,-0.23386974021627926,0.0,9.464020947033691e-05,0.5
repeat_2_fold_1,FGR,-0.046334378427101086,0.26176439642005145,0.13088219821002572,-0.1772165766371268,0.25,-0.00013407363008297035,0.5
repeat_2_fold_1,FHL2,0.00030292912576790343,0.1390391836214717,0.06951959181073585,-0.06921666268496794,0.25,9.504302992446867e-05,1.0
repeat_2_fold_1,FOLH1,0.0,0.0,0.0,0.0,0.0,0.0,0.0
repeat_2_fold_1,FOXO4,0.0,0.0,0.0,0.0,0.0,0.00011981083854084584,1.0
repeat_2_fold_1,FUT9,0.0,0.0,0.0,0.0,0.0,0.0,0.0
repeat_2_fold_1,FXYD6,0.0,0.0,0.0,0.0,0.0,0.0004179942584939811,0.5
repeat_2_fold_1,G3BP1,0.0,0.0,0.0,0.0,0.0,3.11439160360083e-05,0.5
repeat_2_fold_1,GABRA2,-0.721519257750117,0.833138675375058,0.416569337687529,-1.138088595437646,0.0,0.0004289337812897476,1.0
repeat_2_fold_1,GABRG3,0.0,0.0,0.0,0.0,0.0,-0.0003815129714410115,0.5
repeat_2_fold_1,GAD2,0.0,0.0,0.0,0.0,0.0,0.0,0.0
repeat_2_fold_1,GALNS,-0.4039400404903919,0.8078800809807838,0.4039400404903919,-0.8078800809807838,0.0,8.675352534781577e-05,0.5
repeat_2_fold_1,GALNT14,-0.03589172844263544,0.17001565542108502,0.08500782771054251,-0.12089955615317795,0.25,0.0003354013280682522,1.0
repeat_2_fold_1,GALNT3,0.0,0.0,0.0,0.0,0.0,0.0,0.0
repeat_2_fold_1,GAMT,0.0,0.0,0.0,0.0,0.0,0.0,0.0
repeat_2_fold_1,GAS2,0.015387656800420757,0.030775313600841514,0.015387656800420757,0.0,0.25,0.00017907751720702692,0.5
repeat_2_fold_1,GATA4,0.057500128387033556,0.19578224722156629,0.09789112361078314,-0.04039099522374959,0.25,0.00017239929444684554,1.0
repeat_2_fold_1,GBA3,-0.09018415863932816,0.10413569653411206,0.05206784826705603,-0.14225200690638418,0.0,0.00017907751720705467,0.5
repeat_2_fold_1,GCG,0.0552894666550241,0.1105789333100482,0.0552894666550241,0.0,0.25,-0.0001932237610019205,0.5
repeat_2_fold_1,GDNF,0.0,0.0,0.0,0.0,0.0,0.0,0.0
repeat_2_fold_1,GFPT1,0.0,0.0,0.0,0.0,0.0,0.0,0.0
repeat_2_fold_1,GFRA4,-0.057497393131084706,0.11499478626216943,0.05749739313108471,-0.11499478626216941,0.0,-0.00015379034038925932,0.5
repeat_2_fold_1,GGA2,0.0,0.0,0.0,0.0,0.0,3.943342061263344e-05,0.5
repeat_2_fold_1,GGT1,0.0,0.0,0.0,0.0,0.0,0.0,0.0
repeat_2_fold_1,GHR,-0.9924572623776662,1.6614121013155887,0.8307060506577943,-1.8231633130354605,0.0,-0.00013801697214421704,0.5
repeat_2_fold_1,GIT2,0.0,0.0,0.0,0.0,0.0,-3.892989504497568e-05,0.5
repeat_2_fold_1,GJB3,0.0,0.0,0.0,0.0,0.0,0.0,0.0
repeat_2_fold_1,GK2,-0.027643365699534073,0.055286731399068145,0.027643365699534073,-0.055286731399068145,0.0,-0.00041799425849395333,0.5
repeat_2_fold_1,GLRA1,0.01714113854179189,0.07227450782233173,0.036137253911165866,-0.018996115369373977,0.25,0.00026656766361696227,1.0
repeat_2_fold_1,GLRX5,0.0,0.0,0.0,0.0,0.0,7.007381108101174e-05,0.5
repeat_2_fold_1,GNAS,0.0,0.0,0.0,0.0,0.0,0.0,0.0
repeat_2_fold_1,GNB1,0.0,0.0,0.0,0.0,0.0,0.0,0.0
repeat_2_fold_1,GNB2,-0.04509207931966408,0.09018415863932816,0.04509207931966408,-0.09018415863932816,0.0,-3.1143916035980546e-05,0.5
repeat_2_fold_1,GNE,0.0,0.0,0.0,0.0,0.0,-2.3660052367591167e-05,0.5
repeat_2_fold_1,GNG11,0.0,0.0,0.0,0.0,0.0,0.0,0.0
repeat_2_fold_1,GNLY,0.0,0.0,0.0,0.0,0.0,0.0001245756641440332,0.5
repeat_2_fold_1,GP2,0.0,0.0,0.0,0.0,0.0,-3.1546736490112304e-05,0.5
repeat_2_fold_1,GPC3,0.06861585083881039,0.13723170167762078,0.06861585083881039,0.0,0.25,-0.00033912741726868645,0.5
repeat_2_fold_1,GPS1,0.0,0.0,0.0,0.0,0.0,0.0,0.0
repeat_2_fold_1,GRIA1,-0.03439086162070204,0.06878172324140408,0.03439086162070204,-0.06878172324140408,0.0,-1.365856086094075e-05,1.0
repeat_2_fold_1,GRIK3,0.027593353504002494,0.031862060146760685,0.015931030073380342,0.011662323430622151,0.5,0.00019637730478869186,1.0
repeat_2_fold_1,GRK4,0.0,0.0,0.0,0.0,0.0,0.0,0.0
repeat_2_fold_1,GRK6,0.0,0.0,0.0,0.0,0.0,0.0,0.0
repeat_2_fold_1,GTF2E1,0.013326384183788065,0.02665276836757613,0.013326384183788065,0.0,0.25,5.025639566116902e-05,1.0
repeat_2_fold_1,GTPBP2,-0.09135071364826963,0.10647458503804756,0.05323729251902378,-0.14458800616729342,0.0,-0.00017390987114968004,1.0
repeat_2_fold_1,H2AC16,-0.2048762655181342,0.05150137740371662,0.02575068870185831,-0.23062695421999252,0.0,-0.0006288357650518217,1.0
repeat_2_fold_1,H2AC6,0.0,0.0,0.0,0.0,0.0,0.0,0.0
repeat_2_fold_1,H2AC8,0.0,0.0,0.0,0.0,0.0,0.0,0.0
repeat_2_fold_1,H2AZ1,0.0,0.0,0.0,0.0,0.0,0.0,0.0
repeat_2_fold_1,H2AZ2,0.022710204858540806,0.04542040971708161,0.022710204858540806,0.0,0.25,-0.00022579339126099773,0.5
repeat_2_fold_1,H2BC17,0.0,0.0,0.0,0.0,0.0,-0.00023357937026999287,0.5
repeat_2_fold_1,H2BC3,-0.10457363908925643,0.12075123735664195,0.060375618678320975,-0.1649492577675774,0.0,0.000596064724565748,1.0
repeat_2_fold_1,H2BC9,0.0,0.0,0.0,0.0,0.0,1.557195801801803e-05,0.5
repeat_2_fold_1,H3C1,-0.06353139027175203,0.1349116625174497,0.06745583125872485,-0.13098722153047687,0.5,0.0003004147750844677,1.0
repeat_2_fold_1,H3C2,-0.8927206459415835,1.0308250104910197,0.5154125052455099,-1.4081331511870934,0.0,2.7755575615628914e-17,0.5
repeat_2_fold_1,H4C5,0.0,0.0,0.0,0.0,0.0,2.3660052367591167e-05,0.5
repeat_2_fold_1,HAND2,-0.007507608038665126,0.011044883247841971,0.0055224416239209855,-0.013030049662586111,0.0,-0.00037795660720013613,1.0
repeat_2_fold_1,HAUS3,0.0,0.0,0.0,0.0,0.0,0.0,0.0
repeat_2_fold_1,HCAR3,0.0,0.0,0.0,0.0,0.0,0.0,0.0
repeat_2_fold_1,HDAC1,0.0854461734699381,0.10686040610700832,0.05343020305350416,0.03201597041643394,0.5,0.0008960449939286463,1.0
repeat_2_fold_1,HDAC6,0.1105789333100482,0.127685553826516,0.063842776913258,0.0467361563967902,0.5,0.00031081908704519434,1.0
repeat_2_fold_1,HIF1A,-0.06641611118976165,0.08499066732725055,0.042495333663625276,-0.10891144485338693,0.0,-0.00012618694596044921,0.5
repeat_2_fold_1,HIF1AN,0.0,0.0,0.0,0.0,0.0,4.671587405402633e-05,0.5
repeat_2_fold_1,HILPDA,-0.05628279681649495,0.15360477881129772,0.07680238940564886,-0.13308518622214383,0.25,-2.7619237062542767e-05,1.0
repeat_2_fold_1,HIP1,0.022710204858540806,0.04542040971708161,0.022710204858540806,0.0,0.25,-9.343174810799715e-05,0.5
repeat_2_fold_1,HK2,0.0,0.0,0.0,0.0,0.0,0.0,0.0
repeat_2_fold_1,HLA-DQB2,0.0,0.0,0.0,0.0,0.0,-7.785979008997912e-05,0.5
repeat_2_fold_1,HLA-DRB4,0.0,0.0,0.0,0.0,0.0,0.0,0.0
repeat_2_fold_1,HMGCL,0.0,0.0,0.0,0.0,0.0,0.0,0.0
repeat_2_fold_1,HNRNPDL,-0.06878172324140408,0.07942229285750198,0.03971114642875099,-0.10849286967015506,0.0,0.00036278746963624986,0.5
repeat_2_fold_1,HNRNPK,0.0,0.0,0.0,0.0,0.0,0.00019464947522504494,0.5
repeat_2_fold_1,HOXB3,0.0,0.0,0.0,0.0,0.0,0.0,0.0
repeat_2_fold_1,HS6ST1,0.0,0.0,0.0,0.0,0.0,0.00044380080351305584,0.5
repeat_2_fold_1,HSP90AA1,0.0,0.0,0.0,0.0,0.0,0.0,0.0
repeat_2_fold_1,HSPA1L,-0.05545533905761779,0.06763115318473766,0.03381557659236883,-0.08927091564998663,0.0,-5.520678885770347e-05,0.5
repeat_2_fold_1,HSPA4,0.0,0.0,0.0,0.0,0.0,3.1546736490112304e-05,0.5
repeat_2_fold_1,HSPA9,0.0,0.0,0.0,0.0,0.0,0.00012618694596042146,0.5
repeat_2_fold_1,HSPD1,0.0,0.0,0.0,0.0,0.0,0.0,0.0
repeat_2_fold_1,HSPE1,0.0938501332465087,0.10836879938670808,0.05418439969335404,0.03966573355315466,0.5,-0.00046330026095856014,1.0
repeat_2_fold_1,HTR3B,0.0,0.0,0.0,0.0,0.0,0.0,0.0
repeat_2_fold_1,HYAL1,0.0,0.0,0.0,0.0,0.0,0.0,0.0
repeat_2_fold_1,IAPP,-0.04509207931966408,0.09018415863932816,0.04509207931966408,-0.09018415863932816,0.0,0.0003737269924320441,1.0
repeat_2_fold_1,ICAM4,0.0,0.0,0.0,0.0,0.0,0.0,0.0
repeat_2_fold_1,ICAM5,-0.11782849017954788,0.1361609989468962,0.0680804994734481,-0.185908989652996,0.0,0.0007440990308502649,1.0
repeat_2_fold_1,ID1,-0.07638748188732691,0.09103657849373968,0.04551828924686984,-0.12190577113419676,0.0,-0.00020243545423398457,0.5
repeat_2_fold_1,IDH3G,0.0,0.0,0.0,0.0,0.0,0.0,0.0
repeat_2_fold_1,IFIT3,0.0,0.0,0.0,0.0,0.0,0.00017907751720702692,0.5
repeat_2_fold_1,IFNGR2,0.0,0.0,0.0,0.0,0.0,0.0,0.0
repeat_2_fold_1,IGLV2-14,0.0,0.0,0.0,0.0,0.0,0.0,0.0
repeat_2_fold_1,IGLV6-57,0.0,0.0,0.0,0.0,0.0,0.0,0.0
repeat_2_fold_1,IL18R1,0.0,0.0,0.0,0.0,0.0,0.0,0.0
repeat_2_fold_1,IL1R1,0.0,0.0,0.0,0.0,0.0,0.0,0.0
repeat_2_fold_1,IL27RA,0.0,0.0,0.0,0.0,0.0,0.0,0.0
repeat_2_fold_1,IL36A,0.0,0.0,0.0,0.0,0.0,0.0,0.0
repeat_2_fold_1,ING3,0.0,0.0,0.0,0.0,0.0,0.0004279267301544598,1.0
repeat_2_fold_1,INPP5A,0.0,0.0,0.0,0.0,0.0,0.0,0.0
repeat_2_fold_1,INS,0.0,0.0,0.0,0.0,0.0,0.0,0.0
repeat_2_fold_1,INSL5,0.0,0.0,0.0,0.0,0.0,0.0,0.0
repeat_2_fold_1,INSR,-0.0741981047629725,0.18776640548223208,0.09388320274111604,-0.16808130750408856,0.5,0.0002096172025618792,1.0
repeat_2_fold_1,INTS8,0.0,0.0,0.0,0.0,0.0,-7.785979009000688e-05,0.5
repeat_2_fold_1,IP6K2,0.0,0.0,0.0,0.0,0.0,0.0,0.0
repeat_2_fold_1,IPO8,-0.09018415863932816,0.10413569653411206,0.05206784826705603,-0.14225200690638418,0.0,0.00011678968513501031,0.5
repeat_2_fold_1,IQCE,0.0,0.0,0.0,0.0,0.0,-0.00013236164315300059,0.5
repeat_2_fold_1,ITIH4,0.013326384183788065,0.02665276836757613,0.013326384183788065,0.0,0.25,0.0006690906692064513,1.0
repeat_2_fold_1,JMJD7,0.0,0.0,0.0,0.0,0.0,0.0,0.0
repeat_2_fold_1,KANSL3,-0.7525906143257615,0.8736944416420962,0.4368472208210481,-1.1894378351468096,0.0,-1.5773368245042274e-05,0.5
repeat_2_fold_1,KAZN,0.0,0.0,0.0,0.0,0.0,0.0,0.0
repeat_2_fold_1,KCNA10,0.0,0.0,0.0,0.0,0.0,0.0,0.0
repeat_2_fold_1,KCNA2,0.0,0.0,0.0,0.0,0.0,0.0,0.0
repeat_2_fold_1,KCNC2,-2.0955997046903327,2.423428274892691,1.2117141374463456,-3.3073138421366783,0.0,0.0004237661352324562,1.0
repeat_2_fold_1,KCNE5,-0.061780968357345145,0.12356193671469029,0.061780968357345145,-0.12356193671469029,0.0,0.00011850167206498008,1.0
repeat_2_fold_1,KCNG1,0.0,0.0,0.0,0.0,0.0,0.0,0.0
repeat_2_fold_1,KCNH4,0.0,0.0,0.0,0.0,0.0,6.22878320720166e-05,0.5
repeat_2_fold_1,KCNJ5,0.02985402743155241,0.05970805486310482,0.02985402743155241,0.0,0.25,-3.943342061246691e-06,0.5
repeat_2_fold_1,KDM5D,-0.05243234233303795,0.06054365392044414,0.03027182696022207,-0.08270416929326002,0.0,-0.0002918073125335041,0.5
repeat_2_fold_1,KIDINS220,0.0,0.0,0.0,0.0,0.0,0.00028029524432404695,0.5
repeat_2_fold_1,KIF3C,-0.8089866192854771,0.9432856672276893,0.4716428336138446,-1.2806294528993218,0.0,0.0006427647559859861,0.5
repeat_2_fold_1,KIF4A,0.0,0.0,0.0,0.0,0.0,1.1077562488137627e-06,1.0
repeat_2_fold_1,KISS1,0.0,0.0,0.0,0.0,0.0,6.977169574043374e-05,1.0
repeat_2_fold_1,KLK1,0.0,0.0,0.0,0.0,0.0,0.0,0.0
repeat_2_fold_1,KLK13,0.0,0.0,0.0,0.0,0.0,0.0,0.0
repeat_2_fold_1,KMT2A,0.0,0.0,0.0,0.0,0.0,0.00012618694596044921,0.5
repeat_2_fold_1,KREMEN2,0.013796676752001247,0.027593353504002494,0.013796676752001247,0.0,0.25,0.0004048709084680524,0.5
repeat_2_fold_1,KRT32,0.0,0.0,0.0,0.0,0.0,0.0,0.0
repeat_2_fold_1,KRT6A,0.022710204858540806,0.04542040971708161,0.022710204858540806,0.0,0.25,0.00028029524432404695,0.5
repeat_2_fold_1,KRT83,0.0,0.0,0.0,0.0,0.0,0.0,0.0
repeat_2_fold_1,KRTAP4-7,0.0,0.0,0.0,0.0,0.0,0.0,0.0
repeat_2_fold_1,KYAT1,-0.017498725815661587,0.07635702665691356,0.03817851332845678,-0.055677239144118366,0.25,0.00031143916036005526,0.5
repeat_2_fold_1,LAMP2,-0.07908511070061408,0.09131961990378178,0.04565980995189089,-0.12474492065250498,0.0,-8.19886997445729e-05,1.0
repeat_2_fold_1,LCN1,0.0,0.0,0.0,0.0,0.0,0.0,0.0
repeat_2_fold_1,LCN2,0.0,0.0,0.0,0.0,0.0,0.0,0.0
repeat_2_fold_1,LEFTY1,0.013796676752001247,0.027593353504002494,0.013796676752001247,0.0,0.25,0.00065016375717461,1.0
repeat_2_fold_1,LHX1,0.0,0.0,0.0,0.0,0.0,0.0,0.0
repeat_2_fold_1,LIAS,-0.04509207931966408,0.09018415863932816,0.04509207931966408,-0.09018415863932816,0.0,0.0001012177271170478,0.5
repeat_2_fold_1,LIN7B,0.0,0.0,0.0,0.0,0.0,0.00017958104277468467,1.0
repeat_2_fold_1,LMAN1,0.0,0.0,0.0,0.0,0.0,0.0001868634962160498,0.5
repeat_2_fold_1,LONP1,0.0,0.0,0.0,0.0,0.0,0.00012618694596044921,0.5
repeat_2_fold_1,LONRF1,0.17045954417527476,0.22355623216974863,0.11177811608487431,0.058681428090400445,0.5,0.00025237389192089843,0.5
repeat_2_fold_1,LOXL2,-0.10761227498922032,0.12484339349091733,0.062421696745458666,-0.170033971734679,0.0,-0.0005560112306381704,0.5
repeat_2_fold_1,LPAR6,0.0,0.0,0.0,0.0,0.0,-0.00026472328630600117,0.5
repeat_2_fold_1,LPCAT1,0.0,0.0,0.0,0.0,0.0,0.0,0.0
repeat_2_fold_1,LTBP1,-0.39638127180713845,0.7895288363925697,0.3947644181962848,-0.7911456900034233,0.25,0.000889398456435847,1.0
repeat_2_fold_1,LTF,0.0,0.0,0.0,0.0,0.0,0.0,0.0
repeat_2_fold_1,LUC7L3,0.0,0.0,0.0,0.0,0.0,0.0,0.0
repeat_2_fold_1,LYPLA1,0.0,0.0,0.0,0.0,0.0,0.0001557195801800415,0.5
repeat_2_fold_1,LYVE1,0.0,0.0,0.0,0.0,0.0,-0.00017129153819800402,0.5
repeat_2_fold_1,MAD2L1,-0.2641981731556129,0.4675661611582874,0.2337830805791437,-0.4979812537347566,0.5,-0.0009646399135741224,1.0
repeat_2_fold_1,MAMLD1,-0.17067068606903746,0.2758963451301731,0.13794817256508654,-0.30861885863412397,0.0,3.943342061263344e-05,0.5
repeat_2_fold_1,MAP3K3,0.018066200597999682,0.17799875712700253,0.08899937856350126,-0.07093317796550158,0.25,0.0008859586399422581,1.0
repeat_2_fold_1,MAPKAP1,0.0,0.0,0.0,0.0,0.0,0.0,0.0
repeat_2_fold_1,MBD3,-0.44636032297079176,0.7836926342946755,0.39184631714733775,-0.8382066401181295,0.0,0.0003549007855137565,0.5
repeat_2_fold_1,MC1R,0.0,0.0,0.0,0.0,0.0,0.0,0.0
repeat_2_fold_1,MCAT,0.0,0.0,0.0,0.0,0.0,0.0,0.0
repeat_2_fold_1,MCF2L,-0.8078800809807838,0.9328595644543843,0.46642978222719217,-1.274309863207976,0.0,9.85835515315836e-05,0.5
repeat_2_fold_1,MCM10,0.022417333673013573,0.026793398766886262,0.013396699383443131,0.009020634289570442,0.5,0.00013194298006519167,1.0
repeat_2_fold_1,MCM2,-0.04509207931966408,0.09018415863932816,0.04509207931966408,-0.09018415863932816,0.0,-0.0009031735650440464,0.5
repeat_2_fold_1,MCM6,-0.052286819544628216,0.10457363908925643,0.052286819544628216,-0.10457363908925643,0.0,-4.732010473515458e-05,0.5
repeat_2_fold_1,MDC1,-0.06259080513532567,0.07227363638735136,0.03613681819367568,-0.09872762332900134,0.0,0.0001946494752250172,0.5
repeat_2_fold_1,MDH1,0.0,0.0,0.0,0.0,0.0,0.0,0.0
repeat_2_fold_1,MERTK,-0.05545533905761779,0.06763115318473766,0.03381557659236883,-0.08927091564998663,0.0,0.00037067415375879875,0.5
repeat_2_fold_1,MEX3C,-0.03439086162070204,0.06878172324140408,0.03439086162070204,-0.06878172324140408,0.0,1.577336824507003e-05,0.5
repeat_2_fold_1,MGAT4B,0.0,0.0,0.0,0.0,0.0,0.0005528045096390433,0.5
repeat_2_fold_1,MID1,0.0,0.0,0.0,0.0,0.0,0.0,0.0
repeat_2_fold_1,MLXIPL,-0.8078800809807838,0.9328595644543843,0.46642978222719217,-1.274309863207976,0.0,-5.520678885770347e-05,0.5
repeat_2_fold_1,MMP19,0.0,0.0,0.0,0.0,0.0,0.0,0.5
repeat_2_fold_1,MPI,-0.8930208398114061,1.032323428805292,0.516161714402646,-1.4091825542140521,0.0,0.0003742305179996741,1.0
repeat_2_fold_1,MPL,0.0,0.0,0.0,0.0,0.0,0.0,0.0
repeat_2_fold_1,MRM1,0.1836133723569251,0.21313237057162623,0.10656618528581312,0.07704718707111198,0.5,7.098015710274574e-05,0.5
repeat_2_fold_1,MRM2,0.0,0.0,0.0,0.0,0.0,-2.335793702698541e-05,0.5
repeat_2_fold_1,MRPL20,0.0,0.0,0.0,0.0,0.0,-2.7190380652020174e-06,1.0
repeat_2_fold_1,MRPL3,-0.14233795809188443,0.18928636065498947,0.09464318032749473,-0.23698113841937918,0.0,-0.000299693996656053,0.5
repeat_2_fold_1,MSI1,0.013796676752001247,0.027593353504002494,0.013796676752001247,0.0,0.25,-7.78597900896738e-06,0.5
repeat_2_fold_1,MSL1,0.0,0.0,0.0,0.0,0.0,0.00014964558810098838,1.0
repeat_2_fold_1,MSRB1,-0.04509207931966408,0.09018415863932816,0.04509207931966408,-0.09018415863932816,0.0,7.785979009000688e-05,0.5
repeat_2_fold_1,MT4,-0.09018415863932816,0.10413569653411206,0.05206784826705603,-0.14225200690638418,0.0,0.00013236164315302834,0.5
repeat_2_fold_1,MTX2,0.0,0.0,0.0,0.0,0.0,0.0,0.0
repeat_2_fold_1,MUL1,-0.09018415863932816,0.10413569653411206,0.05206784826705603,-0.14225200690638418,0.0,0.00029586720234203723,0.5
repeat_2_fold_1,MYBL2,0.0,0.0,0.0,0.0,0.0,0.0001245756641440332,0.5
repeat_2_fold_1,MYCN,0.0,0.0,0.0,0.0,0.0,0.0001868634962160498,0.5
repeat_2_fold_1,MYL1,0.0,0.0,0.0,0.0,0.0,7.775908497650863e-05,1.0
repeat_2_fold_1,MYL12A,0.0,0.0,0.0,0.0,0.0,-2.3660052367591167e-05,0.5
repeat_2_fold_1,MYL12B,0.017373968317480504,0.16811692915622795,0.08405846457811397,-0.06668449626063347,0.25,0.0005284078362093603,0.5
repeat_2_fold_1,NAT2,0.0,0.0,0.0,0.0,0.0,0.0,0.0
repeat_2_fold_1,NAT8,-0.07638748188732691,0.09103657849373968,0.04551828924686984,-0.12190577113419676,0.0,0.0005528045096390433,0.5
repeat_2_fold_1,NCAPD3,0.0,0.0,0.0,0.0,0.0,6.228783207204436e-05,0.5
repeat_2_fold_1,NCBP2,0.013796676752001247,0.027593353504002494,0.013796676752001247,0.0,0.25,7.785979009003463e-05,0.5
repeat_2_fold_1,NCF4,0.0,0.0,0.0,0.0,0.0,0.0,0.0
repeat_2_fold_1,NCOR1,0.0,0.0,0.0,0.0,0.0,0.0,0.0
repeat_2_fold_1,NCOR2,-0.09533151026511533,0.19066302053023068,0.09533151026511534,-0.19066302053023065,0.0,0.0003092236478624555,1.0
repeat_2_fold_1,NCSTN,0.0,0.0,0.0,0.0,0.0,0.0,0.0
repeat_2_fold_1,NDST1,0.15748007579284717,0.07849607475013268,0.03924803737506634,0.11823203841778084,1.0,-0.00012910739425270323,1.0
repeat_2_fold_1,NDST3,0.0,0.0,0.0,0.0,0.0,0.0005761624466660842,0.5
repeat_2_fold_1,NDUFA1,0.0,0.0,0.0,0.0,0.0,-1.5571958017990273e-05,0.5
repeat_2_fold_1,NDUFAF1,0.0,0.0,0.0,0.0,0.0,3.114391603603606e-05,0.5
repeat_2_fold_1,NDUFAF4,0.0,0.0,0.0,0.0,0.0,0.00046168897914219964,1.0
repeat_2_fold_1,NDUFAF5,0.0,0.0,0.0,0.0,0.0,-0.00024136534927901576,1.0
repeat_2_fold_1,NDUFC1,0.0,0.0,0.0,0.0,0.0,0.0,0.0
repeat_2_fold_1,NECTIN1,0.0,0.0,0.0,0.0,0.0,4.671587405402633e-05,0.5
repeat_2_fold_1,NELFCD,0.0,0.0,0.0,0.0,0.0,0.0,0.0
repeat_2_fold_1,NELFE,-0.7945536967969993,0.9177296349322099,0.45886481746610497,-1.2534185142631042,0.0,0.00021294047130823723,0.5
repeat_2_fold_1,NFATC1,0.0,0.0,0.0,0.0,0.0,0.00017907751720702692,0.5
repeat_2_fold_1,NFE2,0.06578280820962945,0.07660446559992105,0.03830223279996053,0.027480575409668924,0.5,0.0001025268935928858,0.5
repeat_2_fold_1,NLGN1,0.0,0.0,0.0,0.0,0.0,0.0,0.0
repeat_2_fold_1,NLRP3,-0.46653084562571756,0.7684221175892387,0.38421105879461936,-0.8507419044203369,0.0,0.00015248117391344906,1.0
repeat_2_fold_1,NOD1,0.0,0.0,0.0,0.0,0.0,0.00010252689359285805,0.5
repeat_2_fold_1,NOL12,0.06861585083881039,0.13723170167762078,0.06861585083881039,0.0,0.25,0.0006270072303746765,1.0
repeat_2_fold_1,NOTCH2,0.0,0.0,0.0,0.0,0.0,0.00011830026183792808,0.5
repeat_2_fold_1,NOX5,0.0,0.0,0.0,0.0,0.0,0.0,0.0
repeat_2_fold_1,NPEPPS,-0.40147213635327894,0.5807845489401313,0.29039227447006566,-0.6918644108233446,0.0,0.0008040706453111557,1.0
repeat_2_fold_1,NPHP4,-0.03129540256766283,0.10273054336601994,0.05136527168300997,-0.0826606742506728,0.25,3.892989504503119e-05,0.5
repeat_2_fold_1,NPIPB3,0.0,0.0,0.0,0.0,0.0,0.0,0.0
repeat_2_fold_1,NPR1,0.04542040971708161,0.05244697155372032,0.02622348577686016,0.01919692394022145,0.5,-0.0005820191858842971,1.0
repeat_2_fold_1,NR3C2,-0.03987806290255058,0.14264100224910936,0.07132050112455468,-0.11119856402710526,0.5,-0.0001876691371242023,1.0
repeat_2_fold_1,NR4A3,0.0,0.0,0.0,0.0,0.0,0.0,0.0
repeat_2_fold_1,NSFL1C,0.0,0.0,0.0,0.0,0.0,0.00010900370612604293,0.5
repeat_2_fold_1,NT5M,0.0,0.0,0.0,0.0,0.0,0.0,0.0
repeat_2_fold_1,NTF3,0.0,0.0,0.0,0.0,0.0,0.00013236164315302834,0.5
repeat_2_fold_1,OAS3,0.05551191749311535,0.1110238349862307,0.05551191749311535,0.0,0.25,0.0004843419803744753,1.0
repeat_2_fold_1,OCLN,0.0,0.0,0.0,0.0,0.0,0.0,0.0
repeat_2_fold_1,OGG1,0.0,0.0,0.0,0.0,0.0,0.00011678968513503807,0.5
repeat_2_fold_1,OR2H2,-0.7984048211622774,0.9323440621184913,0.46617203105924565,-1.264576852221523,0.0,0.00032729739108489087,0.5
repeat_2_fold_1,OR3A1,-0.8078800809807838,0.9328595644543843,0.46642978222719217,-1.274309863207976,0.0,0.00011041357771537919,0.5
repeat_2_fold_1,ORAI2,0.0,0.0,0.0,0.0,0.0,0.0,0.0
repeat_2_fold_1,OSBP,0.0,0.0,0.0,0.0,0.0,7.785979009022892e-06,0.5
repeat_2_fold_1,OTUD3,0.0,0.0,0.0,0.0,0.0,0.00021022143324303522,0.5
repeat_2_fold_1,P2RX2,0.0,0.0,0.0,0.0,0.0,0.0,0.0
repeat_2_fold_1,P2RY10,0.0,0.0,0.0,0.0,0.0,0.0,0.0
repeat_2_fold_1,P2RY6,0.0,0.0,0.0,0.0,0.0,-0.00014793360117099086,0.5
repeat_2_fold_1,PABPC1,0.02665276836757613,0.030775965983337643,0.015387982991668821,0.011264785375907308,0.5,0.00014984699832801263,0.5
repeat_2_fold_1,PAFAH1B1,-0.8594281817235547,1.3723062634907264,0.6861531317453632,-1.5455813134689178,0.25,0.0015324121505500554,1.0
repeat_2_fold_1,PAH,-0.13260444111972802,0.08854639911488422,0.04427319955744211,-0.17687764067717013,0.0,-0.0001341743351964686,1.0
repeat_2_fold_1,PAK1,0.0,0.0,0.0,0.0,0.0,0.0,0.0
repeat_2_fold_1,PAPPA,0.0,0.0,0.0,0.0,0.0,0.0,0.0
repeat_2_fold_1,PAPSS1,0.0,0.0,0.0,0.0,0.0,0.0,0.0
repeat_2_fold_1,PARK7,0.013796676752001247,0.027593353504002494,0.013796676752001247,0.0,0.25,0.00017483205980520222,1.0
repeat_2_fold_1,PARVB,0.0,0.0,0.0,0.0,0.0,0.0,0.0
repeat_2_fold_1,PCBD1,0.0,0.0,0.0,0.0,0.0,0.0,0.0
repeat_2_fold_1,PCNT,0.0,0.0,0.0,0.0,0.0,-0.0001419603142054915,0.5
repeat_2_fold_1,PCYOX1L,-0.026515961386804676,0.1156804506495869,0.05784022532479345,-0.08435618671159813,0.25,0.0005474354533546999,1.0
repeat_2_fold_1,PCYT1B,0.0,0.0,0.0,0.0,0.0,0.0,0.0
repeat_2_fold_1,PDCD6IP,0.005446413008581175,0.006288976033244441,0.0031444880166222205,0.002301924991958954,0.5,-0.00033781825079279293,1.0
repeat_2_fold_1,PDCL,0.0,0.0,0.0,0.0,0.0,-0.00021770529691139684,1.0
repeat_2_fold_1,PDE3A,0.0,0.0,0.0,0.0,0.0,0.0,0.0
repeat_2_fold_1,PDE3B,0.0,0.0,0.0,0.0,0.0,-2.335793702698541e-05,0.5
repeat_2_fold_1,PDE4A,-0.07895875026530241,0.11308576167780168,0.05654288083890084,-0.13550163110420327,0.0,-0.00023660052367580064,0.5
repeat_2_fold_1,PDE9A,-0.07134118369504172,0.30828433289914015,0.15414216644957007,-0.2254833501446118,0.25,0.0002171010662303241,1.0
repeat_2_fold_1,PDS5B,0.0,0.0,0.0,0.0,0.0,0.0,0.0
repeat_2_fold_1,PDXK,0.0,0.0,0.0,0.0,0.0,0.0,0.0
repeat_2_fold_1,PEBP1,0.0,0.0,0.0,0.0,0.0,0.00010900370612604293,0.5
repeat_2_fold_1,PF4V1,0.0,0.0,0.0,0.0,0.0,0.0,0.0
repeat_2_fold_1,PHB2,0.0,0.0,0.0,0.0,0.0,0.0,0.0
repeat_2_fold_1,PIAS4,-0.026047409600842286,0.030076957889477472,0.015038478944738736,-0.041085888545581026,0.0,-4.732010473515458e-05,0.5
repeat_2_fold_1,PIGQ,-0.1299326442804638,0.08676814581020172,0.04338407290510086,-0.17331671718556466,0.0,0.0007561463098948173,1.0
repeat_2_fold_1,PIGZ,0.0,0.0,0.0,0.0,0.0,0.0,0.0
repeat_2_fold_1,PIK3C2G,0.0,0.0,0.0,0.0,0.0,0.0,0.0
repeat_2_fold_1,PKP1,-0.013023704800421143,0.026047409600842286,0.013023704800421143,-0.026047409600842286,0.0,1.971671030631672e-05,0.5
repeat_2_fold_1,PKP3,0.0,0.0,0.0,0.0,0.0,0.00018686349621602205,0.5
repeat_2_fold_1,PLCB2,-0.4039400404903919,0.8078800809807838,0.4039400404903919,-0.8078800809807838,0.0,-0.00013801697214421704,0.5
repeat_2_fold_1,PLIN3,0.0,0.0,0.0,0.0,0.0,0.0,0.0
repeat_2_fold_1,PLK4,0.02985402743155241,0.05970805486310482,0.02985402743155241,0.0,0.25,-3.943342061263344e-05,0.5
repeat_2_fold_1,PLPP3,-0.15031655675451638,0.25873751550132185,0.12936875775066092,-0.2796853145051773,0.25,-0.0004998980957587329,1.0
repeat_2_fold_1,PLS1,0.0,0.0,0.0,0.0,0.0,0.0,0.0
repeat_2_fold_1,POGLUT1,0.0,0.0,0.0,0.0,0.0,0.0,0.0
repeat_2_fold_1,POLA2,0.0938501332465087,0.10836879938670808,0.05418439969335404,0.03966573355315466,0.5,-0.0005008044417804947,0.5
repeat_2_fold_1,POLD1,0.0,0.0,0.0,0.0,0.0,0.0,0.0
repeat_2_fold_1,POLR3G,0.0,0.0,0.0,0.0,0.0,-0.00014863853696570062,1.0
repeat_2_fold_1,PORCN,0.0,0.0,0.0,0.0,0.0,0.0,0.0
repeat_2_fold_1,PPA2,0.0,0.0,0.0,0.0,0.0,0.0,0.0
repeat_2_fold_1,PPARD,-0.3100899072438814,0.7505472343095403,0.37527361715477014,-0.6853635243986516,0.25,7.08794519892475e-05,1.0
repeat_2_fold_1,PPAT,0.1105789333100482,0.127685553826516,0.063842776913258,0.0467361563967902,0.5,0.0002178060020250061,1.0
repeat_2_fold_1,PPFIBP2,-0.07649248594512237,0.32561270751801175,0.16280635375900587,-0.23929883970412824,0.25,0.0017677725275961342,1.0
repeat_2_fold_1,PRCP,0.0,0.0,0.0,0.0,0.0,-2.335793702698541e-05,0.5
repeat_2_fold_1,PRDX6,0.0,0.0,0.0,0.0,0.0,0.0,0.0
repeat_2_fold_1,PRKAB1,0.0,0.0,0.0,0.0,0.0,0.00019716710306319496,0.5
repeat_2_fold_1,PRKAR1A,0.0,0.0,0.0,0.0,0.0,0.0,0.0
repeat_2_fold_1,PRKCG,0.0,0.0,0.0,0.0,0.0,0.0008541097881115678,1.0
repeat_2_fold_1,PRM2,0.0,0.0,0.0,0.0,0.0,0.0003503690554050587,0.5
repeat_2_fold_1,PRORP,0.11410956595952904,0.17312855496000712,0.08656427748000356,0.027545288479525476,0.5,-0.0004132452755244431,1.0
repeat_2_fold_1,PRPF6,0.0,0.0,0.0,0.0,0.0,0.00010900370612604293,0.5
repeat_2_fold_1,PSMB1,0.013326384183788065,0.02665276836757613,0.013326384183788065,0.0,0.25,0.0002436974095238742,1.0
repeat_2_fold_1,PSMB3,0.0,0.0,0.0,0.0,0.0,0.0,0.0
repeat_2_fold_1,PSMD1,0.0,0.0,0.0,0.0,0.0,0.0005138746145940676,0.5
repeat_2_fold_1,PSME2,-0.08484056496079972,0.0979654460366353,0.04898272301831765,-0.13382328797911738,0.0,0.00028422274375158874,1.0
repeat_2_fold_1,PSME3,-0.0600605313802447,0.10630491746199962,0.05315245873099981,-0.1132129901112445,0.0,0.0007728950440077098,0.5
repeat_2_fold_1,PTDSS2,0.0,0.0,0.0,0.0,0.0,-7.785979008995136e-06,0.5
repeat_2_fold_1,PTGDR,0.0,0.0,0.0,0.0,0.0,5.4501853063021466e-05,0.5
repeat_2_fold_1,PTGES,0.0,0.0,0.0,0.0,0.0,0.0,0.0
repeat_2_fold_1,PTGIR,-0.0063402945246018305,0.06221511256151543,0.031107556280757714,-0.03744785080535955,0.25,0.00012224360389917477,0.5
repeat_2_fold_1,PTGIS,-0.04509207931966408,0.09018415863932816,0.04509207931966408,-0.09018415863932816,0.0,0.0008018551328135837,1.0
repeat_2_fold_1,PTPN13,0.0,0.0,0.0,0.0,0.0,6.309347298022461e-05,0.5
repeat_2_fold_1,PTPRF,0.0,0.0,0.0,0.0,0.0,-2.366005236756341e-05,0.5
repeat_2_fold_1,PTX3,0.013326384183788065,0.02665276836757613,0.013326384183788065,0.0,0.25,-1.5773368245042274e-05,0.5
repeat_2_fold_1,PUS7,0.0,0.0,0.0,0.0,0.0,0.0,0.0
repeat_2_fold_1,PXMP4,0.0,0.0,0.0,0.0,0.0,0.0,0.0
repeat_2_fold_1,PYCR3,0.0,0.0,0.0,0.0,0.0,0.00016350555918903664,0.5
repeat_2_fold_1,QPCT,0.0,0.0,0.0,0.0,0.0,0.0,0.0
repeat_2_fold_1,RAB11B,0.0,0.0,0.0,0.0,0.0,0.0,0.0
repeat_2_fold_1,RAB22A,-0.7525906143257615,0.8736944416420962,0.4368472208210481,-1.1894378351468096,0.0,-5.5206788857675715e-05,0.5
repeat_2_fold_1,RAB33B,-0.37543647334503305,0.6807582889865278,0.3403791444932639,-0.715815617838297,0.0,-0.00029180731253353187,0.5
repeat_2_fold_1,RAB38,0.0,0.0,0.0,0.0,0.0,0.0003737269924320441,0.5
repeat_2_fold_1,RAB5A,0.0,0.0,0.0,0.0,0.0,-0.0003347970973870129,0.5
repeat_2_fold_1,RAB6A,-0.7525906143257615,0.8736944416420962,0.4368472208210481,-1.1894378351468096,0.0,-4.876829338973376e-07,1.0
repeat_2_fold_1,RABEPK,0.013796676752001247,0.027593353504002494,0.013796676752001247,0.0,0.25,-2.5488587044736333e-05,1.0
repeat_2_fold_1,RABGAP1,0.04692506662325435,0.0938501332465087,0.04692506662325435,0.0,0.25,0.0007875606560039938,1.0
repeat_2_fold_1,RABGGTA,0.0,0.0,0.0,0.0,0.0,7.785979009022892e-06,0.5
repeat_2_fold_1,RAC2,0.0,0.0,0.0,0.0,0.0,0.0,0.0
repeat_2_fold_1,RAE1,0.0,0.0,0.0,0.0,0.0,-0.00045937276153101836,0.5
repeat_2_fold_1,RAP1GAP2,0.0,0.0,0.0,0.0,0.0,0.0001245756641440332,0.5
repeat_2_fold_1,RBL2,0.13271162630079658,0.16328735408780476,0.08164367704390238,0.0510679492568942,0.5,0.00010121772711702004,0.5
repeat_2_fold_1,RBM26,0.0,0.0,0.0,0.0,0.0,0.0,0.0
repeat_2_fold_1,RDH11,0.03452766860146994,0.041891733575022405,0.020945866787511203,0.013581801813958738,0.5,0.00022082715543078613,0.5
repeat_2_fold_1,RDH14,-0.04242028248039986,0.08484056496079974,0.04242028248039987,-0.08484056496079972,0.0,0.0003115240228398486,0.5
repeat_2_fold_1,RDH5,0.0,0.0,0.0,0.0,0.0,0.00011678968513503807,0.5
repeat_2_fold_1,RELB,0.0,0.0,0.0,0.0,0.0,0.0,0.0
repeat_2_fold_1,RELN,0.0,0.0,0.0,0.0,0.0,6.22878320720166e-05,0.5
repeat_2_fold_1,RETSAT,0.0,0.0,0.0,0.0,0.0,5.450185306304922e-05,0.5
repeat_2_fold_1,RFC2,-0.05734589308264404,0.10090157208777982,0.05045078604388991,-0.10779667912653396,0.0,0.00013427504031007786,1.0
repeat_2_fold_1,RGCC,-0.13848784018765592,0.26742577758903996,0.13371288879451998,-0.2722007289821759,0.0,0.0003627874696362776,0.5
repeat_2_fold_1,RGL1,-1.6760798279651183,1.937334718981067,0.9686673594905335,-2.6447471874556516,0.0,0.001854541895577655,1.0
repeat_2_fold_1,RGS11,0.0,0.0,0.0,0.0,0.0,0.0,0.0
repeat_2_fold_1,RGS12,0.0,0.0,0.0,0.0,0.0,0.0,0.0
repeat_2_fold_1,RGS16,-0.06878172324140408,0.07942229285750198,0.03971114642875099,-0.10849286967015506,0.0,-0.0005481245465156492,0.5
repeat_2_fold_1,RIOX2,0.0,0.0,0.0,0.0,0.0,0.0,0.0
repeat_2_fold_1,RNASEH1,0.3278812953510055,0.38278076943928385,0.19139038471964193,0.1364909106313636,0.5,-7.785979008997912e-05,0.5
repeat_2_fold_1,ROCK1,0.0552894666550241,0.1105789333100482,0.0552894666550241,0.0,0.25,-5.915013091895016e-05,0.5
repeat_2_fold_1,RPA4,0.013796676752001247,0.027593353504002494,0.013796676752001247,0.0,0.25,0.0005138746145940676,0.5
repeat_2_fold_1,RPL10L,0.0,0.0,0.0,0.0,0.0,0.0,0.0
repeat_2_fold_1,RPL22,0.0,0.0,0.0,0.0,0.0,0.0,0.0
repeat_2_fold_1,RPL35,0.0,0.0,0.0,0.0,0.0,0.0,0.0
repeat_2_fold_1,RPL4,0.0,0.0,0.0,0.0,0.0,0.0,0.0
repeat_2_fold_1,RPN2,0.0,0.0,0.0,0.0,0.0,0.0,0.0
repeat_2_fold_1,RPS2,-0.03129540256766283,0.06259080513532567,0.03129540256766283,-0.06259080513532567,0.0,0.00011678968513503807,0.5
repeat_2_fold_1,RPS6KA2,0.0,0.0,0.0,0.0,0.0,-7.007381108098398e-05,0.5
repeat_2_fold_1,RPSA,-0.0022079264760606065,0.004415852952121213,0.0022079264760606065,-0.004415852952121213,0.0,4.732010473515458e-05,0.5
repeat_2_fold_1,RRAGC,0.12370416067805934,0.15093153095286033,0.07546576547643016,0.048238395201629175,0.5,-0.00029969399665602525,0.5
repeat_2_fold_1,RRH,0.0,0.0,0.0,0.0,0.0,0.0,0.0
repeat_2_fold_1,RUNX1,0.0,0.0,0.0,0.0,0.0,0.0,0.0
repeat_2_fold_1,RXFP3,0.0,0.0,0.0,0.0,0.0,0.0,0.0
repeat_2_fold_1,S100P,0.0,0.0,0.0,0.0,0.0,0.0008654521313614105,1.0
repeat_2_fold_1,SAP130,0.0,0.0,0.0,0.0,0.0,6.22878320720166e-05,0.5
repeat_2_fold_1,SCNN1G,0.016830322631127714,0.03366064526225543,0.016830322631127714,0.0,0.25,-9.472507195010249e-05,1.0
repeat_2_fold_1,SDC2,0.0,0.0,0.0,0.0,0.0,0.0,0.0
repeat_2_fold_1,SEC31A,0.0,0.0,0.0,0.0,0.0,0.00013407363008297035,0.5
repeat_2_fold_1,SEPTIN4,0.0,0.0,0.0,0.0,0.0,0.0,0.0
repeat_2_fold_1,SERPINB10,0.0,0.0,0.0,0.0,0.0,0.0,0.0
repeat_2_fold_1,SETD1B,0.0,0.0,0.0,0.0,0.0,7.785979009022892e-06,0.5
repeat_2_fold_1,SF3A1,0.0,0.0,0.0,0.0,0.0,0.0,0.0
repeat_2_fold_1,SGF29,0.0,0.0,0.0,0.0,0.0,0.0,0.0
repeat_2_fold_1,SGK1,0.0,0.0,0.0,0.0,0.0,-0.0004901828769589833,1.0
repeat_2_fold_1,SH3BP4,0.0,0.0,0.0,0.0,0.0,0.0,0.0
repeat_2_fold_1,SH3GL3,-0.4039400404903919,0.8078800809807838,0.4039400404903919,-0.8078800809807838,0.0,5.1263446796429024e-05,0.5
repeat_2_fold_1,SHMT2,0.0,0.0,0.0,0.0,0.0,0.0,0.0
repeat_2_fold_1,SHPK,0.0,0.0,0.0,0.0,0.0,0.0,0.0
repeat_2_fold_1,SIGLEC15,0.0,0.0,0.0,0.0,0.0,-2.3660052367591167e-05,0.5
repeat_2_fold_1,SIGMAR1,0.0,0.0,0.0,0.0,0.0,0.0,0.0
repeat_2_fold_1,SIRPG,0.0,0.0,0.0,0.0,0.0,0.0,0.0
repeat_2_fold_1,SIRT6,0.0,0.0,0.0,0.0,0.0,-9.343174810799715e-05,0.5
repeat_2_fold_1,SLC12A7,0.0,0.0,0.0,0.0,0.0,-8.675352534778802e-05,0.5
repeat_2_fold_1,SLC13A3,0.06926951061638498,0.09006244775452288,0.04503122387726144,0.024238286739123538,0.5,-0.0011080791192151218,0.5
repeat_2_fold_1,SLC19A2,0.0,0.0,0.0,0.0,0.0,0.0003737269924320441,0.5
repeat_2_fold_1,SLC1A3,0.0,0.0,0.0,0.0,0.0,0.0003050630529403964,1.0
repeat_2_fold_1,SLC25A21,0.0,0.0,0.0,0.0,0.0,3.1546736490112304e-05,0.5
repeat_2_fold_1,SLC2A8,0.0,0.0,0.0,0.0,0.0,0.00024136534927904352,0.5
repeat_2_fold_1,SLC5A3,0.0,0.0,0.0,0.0,0.0,0.00024136534927904352,0.5
repeat_2_fold_1,SLC5A7,0.0,0.0,0.0,0.0,0.0,4.671587405402633e-05,0.5
repeat_2_fold_1,SLC6A11,0.0,0.0,0.0,0.0,0.0,0.0,0.0
repeat_2_fold_1,SLC6A15,0.0,0.0,0.0,0.0,0.0,0.0,0.0
repeat_2_fold_1,SLCO1B3,-0.06878172324140408,0.07942229285750198,0.03971114642875099,-0.10849286967015506,0.0,-0.00011435691977665363,0.5
repeat_2_fold_1,SLPI,0.0,0.0,0.0,0.0,0.0,0.0,0.0
repeat_2_fold_1,SMAD5,-0.4829570683638309,0.7395920481529492,0.3697960240764746,-0.8527530924403055,0.0,0.0003397316479498702,1.0
repeat_2_fold_1,SMAD9,-0.03439086162070204,0.06878172324140408,0.03439086162070204,-0.06878172324140408,0.0,1.0822975048563332e-05,1.0
repeat_2_fold_1,SMG8,0.0,0.0,0.0,0.0,0.0,0.0,0.0
repeat_2_fold_1,SNCA,0.0,0.0,0.0,0.0,0.0,-7.785979008997912e-05,0.5
repeat_2_fold_1,SNIP1,0.0,0.0,0.0,0.0,0.0,0.0,0.0
repeat_2_fold_1,SNRPG,0.0,0.0,0.0,0.0,0.0,0.0,0.0
repeat_2_fold_1,SNU13,0.0,0.0,0.0,0.0,0.0,7.785979009022892e-06,0.5
repeat_2_fold_1,SOX9,0.0,0.0,0.0,0.0,0.0,0.0,0.0
repeat_2_fold_1,SPC25,0.0,0.0,0.0,0.0,0.0,0.0,0.0
repeat_2_fold_1,SPCS2,0.0,0.0,0.0,0.0,0.0,0.0,0.0
repeat_2_fold_1,SPR,0.0,0.0,0.0,0.0,0.0,0.0,0.0
repeat_2_fold_1,SPRY1,0.0,0.0,0.0,0.0,0.0,-0.00026814726016591295,0.5
repeat_2_fold_1,SPTA1,0.0,0.0,0.0,0.0,0.0,0.0,0.0
repeat_2_fold_1,SPTSSA,0.0,0.0,0.0,0.0,0.0,-1.971671030631672e-05,0.5
repeat_2_fold_1,SRD5A3,0.0,0.0,0.0,0.0,0.0,0.0,0.0
repeat_2_fold_1,SRGAP2,-0.03439086162070204,0.06878172324140408,0.03439086162070204,-0.06878172324140408,0.0,-4.4786634263216385e-05,1.0
repeat_2_fold_1,SRP72,0.0,0.0,0.0,0.0,0.0,-0.00016350555918898113,0.5
repeat_2_fold_1,SRP9,-0.07908511070061408,0.09131961990378178,0.04565980995189089,-0.12474492065250498,0.0,-7.886684122521137e-06,0.5
repeat_2_fold_1,SRRM1,0.013796676752001247,0.027593353504002494,0.013796676752001247,0.0,0.25,0.0008019558379270819,0.5
repeat_2_fold_1,SS18,-0.05545533905761779,0.06763115318473766,0.03381557659236883,-0.08927091564998663,0.0,-0.0002887861591277241,1.0
repeat_2_fold_1,ST3GAL1,0.0,0.0,0.0,0.0,0.0,0.0,0.0
repeat_2_fold_1,ST8SIA3,0.0,0.0,0.0,0.0,0.0,0.0004126568874770753,0.5
repeat_2_fold_1,STC2,-0.04509207931966408,0.09018415863932816,0.04509207931966408,-0.09018415863932816,0.0,0.0002647232863060567,0.5
repeat_2_fold_1,STEEP1,-0.04509207931966408,0.09018415863932816,0.04509207931966408,-0.09018415863932816,0.0,1.557195801801803e-05,0.5
repeat_2_fold_1,STK10,0.0,0.0,0.0,0.0,0.0,0.0,0.0
repeat_2_fold_1,STK3,0.0,0.0,0.0,0.0,0.0,-2.3357937026957654e-05,0.5
repeat_2_fold_1,STX6,0.0,0.0,0.0,0.0,0.0,0.0,0.0
repeat_2_fold_1,STXBP1,0.022710204858540806,0.04542040971708161,0.022710204858540806,0.0,0.25,-0.00026472328630600117,0.5
repeat_2_fold_1,SUMO2,-0.04509207931966408,0.09018415863932816,0.04509207931966408,-0.09018415863932816,0.0,-7.007381108098398e-05,0.5
repeat_2_fold_1,SUN1,0.0,0.0,0.0,0.0,0.0,7.785979009003463e-05,0.5
repeat_2_fold_1,SUN2,0.013796676752001247,0.027593353504002494,0.013796676752001247,0.0,0.25,0.00036594101342304897,0.5
repeat_2_fold_1,SURF1,0.0,0.0,0.0,0.0,0.0,0.0,0.0
repeat_2_fold_1,SYK,0.0,0.0,0.0,0.0,0.0,-6.228783207198885e-05,0.5
repeat_2_fold_1,SYT1,0.0,0.0,0.0,0.0,0.0,-0.00044954099498406563,0.5
repeat_2_fold_1,TAL1,0.0,0.0,0.0,0.0,0.0,0.0,0.0
repeat_2_fold_1,TBX6,0.0,0.0,0.0,0.0,0.0,0.0,0.0
repeat_2_fold_1,TBXA2R,0.0,0.0,0.0,0.0,0.0,0.0,0.0
repeat_2_fold_1,TBXT,0.0,0.0,0.0,0.0,0.0,0.0,0.0
repeat_2_fold_1,TCF7L2,0.0,0.0,0.0,0.0,0.0,0.0005863653483997311,1.0
repeat_2_fold_1,TEAD1,0.0,0.0,0.0,0.0,0.0,-2.335793702698541e-05,0.5
repeat_2_fold_1,TECR,0.0,0.0,0.0,0.0,0.0,0.0,0.0
repeat_2_fold_1,TEX2,0.0,0.0,0.0,0.0,0.0,0.0001012177271170478,0.5
repeat_2_fold_1,TF,0.0,0.0,0.0,0.0,0.0,-7.785979008995136e-06,0.5
repeat_2_fold_1,TFG,0.02985402743155241,0.05970805486310482,0.02985402743155241,0.0,0.25,0.0001567266313153015,1.0
repeat_2_fold_1,TGIF2,0.0,0.0,0.0,0.0,0.0,0.0006618082157650862,0.5
repeat_2_fold_1,THG1L,0.0,0.0,0.0,0.0,0.0,-0.00011678968513498256,0.5
repeat_2_fold_1,THOC6,0.0,0.0,0.0,0.0,0.0,0.0,0.0
repeat_2_fold_1,TIAL1,0.1663133016412548,0.212207334302435,0.1061036671512175,0.0602096344900373,0.5,-0.0003384224814739767,1.0
repeat_2_fold_1,TIMM13,-0.12098453095907047,0.24196906191814094,0.12098453095907047,-0.24196906191814094,0.0,0.0010489289882961716,0.5
repeat_2_fold_1,TIMM23,-0.06487977725995364,0.11796940480470501,0.058984702402352505,-0.12386447966230615,0.25,-0.0011299898500740369,1.0
repeat_2_fold_1,TLR8,0.0,0.0,0.0,0.0,0.0,0.0001380169721442448,0.5
repeat_2_fold_1,TMEM11,-0.06502467628503794,0.07518914800706088,0.03759457400353044,-0.10261925028856839,0.0,-0.0002771733858046299,1.0
repeat_2_fold_1,TMEM258,0.0,0.0,0.0,0.0,0.0,0.0,0.0
repeat_2_fold_1,TNC,-0.03129540256766283,0.06259080513532567,0.03129540256766283,-0.06259080513532567,0.0,0.0006929521318010667,0.5
repeat_2_fold_1,TNFRSF11B,0.0,0.0,0.0,0.0,0.0,9.464020947030916e-05,0.5
repeat_2_fold_1,TNNI1,0.0,0.0,0.0,0.0,0.0,0.00020243545423404008,0.5
repeat_2_fold_1,TPCN1,0.06815865082964834,0.10484631555663913,0.052423157778319567,0.01573549305132877,0.5,-0.0003233540490236164,0.5
repeat_2_fold_1,TPD52L1,0.02665276836757613,0.030775965983337643,0.015387982991668821,0.011264785375907308,0.5,-0.0006867774346084599,1.0
repeat_2_fold_1,TPM3,0.0,0.0,0.0,0.0,0.0,0.0,0.0
repeat_2_fold_1,TPP2,0.0,0.0,0.0,0.0,0.0,0.0,0.0
repeat_2_fold_1,TRAF1,0.0,0.0,0.0,0.0,0.0,0.0,0.0
repeat_2_fold_1,TRAK2,-0.4701513446201844,0.7672854379722119,0.38364271898610597,-0.8537940636062904,0.0,0.0004266175636786218,1.0
repeat_2_fold_1,TRAPPC8,0.0,0.0,0.0,0.0,0.0,1.1830026183795583e-05,0.5
repeat_2_fold_1,TRIM24,0.0,0.0,0.0,0.0,0.0,0.00122897622205978,1.0
repeat_2_fold_1,TRIM34,0.0,0.0,0.0,0.0,0.0,0.0,0.0
repeat_2_fold_1,TRMT61A,-0.029093898296611798,0.058187796593223595,0.029093898296611798,-0.058187796593223595,0.0,0.00026026057604341957,0.5
repeat_2_fold_1,TRPV6,-0.12863688205159107,0.12731642264480394,0.06365821132240197,-0.19229509337399303,0.0,-0.0003451007042341858,1.0
repeat_2_fold_1,TSPO,0.0,0.0,0.0,0.0,0.0,0.0,0.0
repeat_2_fold_1,TTC19,-0.0211192248101284,0.0422384496202568,0.0211192248101284,-0.0422384496202568,0.0,2.7755575615628914e-17,0.5
repeat_2_fold_1,TTLL4,0.031171191140792587,0.2511627935280026,0.1255813967640013,-0.0944102056232087,0.25,6.309347298022461e-05,0.5
repeat_2_fold_1,TXNL4A,0.0,0.0,0.0,0.0,0.0,0.0,0.0
repeat_2_fold_1,TYK2,0.0,0.0,0.0,0.0,0.0,0.0,0.0
repeat_2_fold_1,TYMP,0.0,0.0,0.0,0.0,0.0,-9.85835515315836e-05,0.5
repeat_2_fold_1,UBA3,0.027593353504002494,0.031862060146760685,0.015931030073380342,0.011662323430622151,0.5,0.0001245756641440332,0.5
repeat_2_fold_1,UBD,-0.019360685876945283,0.038721371753890566,0.019360685876945283,-0.038721371753890566,0.0,0.0003154673649010953,0.5
repeat_2_fold_1,UBE2L3,0.0,0.0,0.0,0.0,0.0,0.0,0.0
repeat_2_fold_1,UBE2Q1,0.0,0.0,0.0,0.0,0.0,0.0,0.0
repeat_2_fold_1,UBE3C,-0.05641127745846575,0.11360607110497366,0.05680303555248683,-0.11321431301095258,0.25,-0.001518186693586554,0.5
repeat_2_fold_1,UBN1,0.0,0.0,0.0,0.0,0.0,0.00020720027983722744,1.0
repeat_2_fold_1,UCKL1,0.0,0.0,0.0,0.0,0.0,0.0,0.0
repeat_2_fold_1,UCP2,0.0,0.0,0.0,0.0,0.0,-7.098015710274574e-05,0.5
repeat_2_fold_1,UGGT2,0.0,0.0,0.0,0.0,0.0,0.0,0.0
repeat_2_fold_1,UIMC1,0.0,0.0,0.0,0.0,0.0,0.0006924486062334367,1.0
repeat_2_fold_1,UNKL,0.0,0.0,0.0,0.0,0.0,0.0,0.0
repeat_2_fold_1,UPF1,-0.06878172324140408,0.07942229285750198,0.03971114642875099,-0.10849286967015506,0.0,-0.0006545947821697817,0.5
repeat_2_fold_1,UQCR11,-0.29336110718034547,0.7415262205558119,0.3707631102779059,-0.6641242174582513,0.25,-0.00015379034038928707,0.5
repeat_2_fold_1,USP14,0.0,0.0,0.0,0.0,0.0,6.309347298022461e-05,0.5
repeat_2_fold_1,USP21,0.0,0.0,0.0,0.0,0.0,-0.0002566193493226676,1.0
repeat_2_fold_1,UST,0.04318041161533692,0.08636082323067384,0.04318041161533692,0.0,0.25,-0.00015773368245056152,0.5
repeat_2_fold_1,UTP20,0.0,0.0,0.0,0.0,0.0,0.0,0.0
repeat_2_fold_1,UTP3,0.013796676752001247,0.027593353504002494,0.013796676752001247,0.0,0.25,-1.5571958017990273e-05,0.5
repeat_2_fold_1,VANGL1,0.0,0.0,0.0,0.0,0.0,0.0,0.0
repeat_2_fold_1,VHL,0.02985402743155241,0.05970805486310482,0.02985402743155241,0.0,0.25,3.1546736490112304e-05,0.5
repeat_2_fold_1,VNN1,0.013796676752001247,0.027593353504002494,0.013796676752001247,0.0,0.25,0.00024905062317451265,1.0
repeat_2_fold_1,VPS16,0.0,0.0,0.0,0.0,0.0,0.0,0.0
repeat_2_fold_1,VPS33A,0.0,0.0,0.0,0.0,0.0,0.0,0.0
repeat_2_fold_1,VPS35L,0.0,0.0,0.0,0.0,0.0,0.0,0.0
repeat_2_fold_1,WAC,0.0,0.0,0.0,0.0,0.0,0.0,0.0
repeat_2_fold_1,WASF3,0.0,0.0,0.0,0.0,0.0,0.0,0.0
repeat_2_fold_1,WASL,0.022710204858540806,0.04542040971708161,0.022710204858540806,0.0,0.25,0.0007734302548427774,1.0
repeat_2_fold_1,WDR3,0.0,0.0,0.0,0.0,0.0,0.0002219507543133048,1.0
repeat_2_fold_1,WDR46,0.0,0.0,0.0,0.0,0.0,0.0,0.0
repeat_2_fold_1,WFS1,0.0,0.0,0.0,0.0,0.0,0.0,0.0
repeat_2_fold_1,WLS,0.0,0.0,0.0,0.0,0.0,0.0,0.0
repeat_2_fold_1,WNT1,-0.04509207931966408,0.09018415863932816,0.04509207931966408,-0.09018415863932816,0.0,0.0005467305175600179,1.0
repeat_2_fold_1,WNT5A,-0.12298328288105509,0.1569604915102904,0.0784802457551452,-0.2014635286362003,0.0,0.0005832434898803973,1.0
repeat_2_fold_1,WT1,0.0,0.0,0.0,0.0,0.0,0.0001735070506956038,0.5
repeat_2_fold_1,XBP1,0.027593353504002494,0.031862060146760685,0.015931030073380342,0.011662323430622151,0.5,0.0006773801737830765,0.5
repeat_2_fold_1,YAF2,0.0,0.0,0.0,0.0,0.0,0.0,0.0
repeat_2_fold_1,YBX1,0.0,0.0,0.0,0.0,0.0,0.0,0.0
repeat_2_fold_1,YTHDC1,-0.06259080513532567,0.07227363638735136,0.03613681819367568,-0.09872762332900134,0.0,0.00017907751720702692,0.5
repeat_2_fold_1,YWHAB,0.0,0.0,0.0,0.0,0.0,-0.0001301302880216959,0.5
repeat_2_fold_1,ZBED1,0.0,0.0,0.0,0.0,0.0,0.0,0.0
repeat_2_fold_1,ZDHHC3,0.0,0.0,0.0,0.0,0.0,0.0,0.0
repeat_2_fold_1,ZEB1,0.0,0.0,0.0,0.0,0.0,0.0,0.0
repeat_2_fold_1,ZKSCAN5,0.0,0.0,0.0,0.0,0.0,7.785979009003463e-05,0.5
repeat_2_fold_1,ZNF135,0.0,0.0,0.0,0.0,0.0,0.0,0.0
repeat_2_fold_1,ZNF14,-0.08837129705679914,0.10220514195654722,0.05110257097827361,-0.13947386803507275,0.0,0.00021688381336951168,0.5
repeat_2_fold_1,ZNF248,0.0,0.0,0.0,0.0,0.0,0.0,0.0
repeat_2_fold_1,ZNF268,-0.03129540256766283,0.06259080513532565,0.031295402567662826,-0.06259080513532567,0.0,0.0002802952443240192,0.5
repeat_2_fold_1,ZNF3,0.0,0.0,0.0,0.0,0.0,-8.675352534778802e-05,0.5
repeat_2_fold_1,ZNF304,-0.16876004987816273,0.20388022452958748,0.10194011226479374,-0.27070016214295645,0.0,0.0004850310735354524,0.5
repeat_2_fold_1,ZNF335,-0.06878172324140408,0.07942229285750198,0.03971114642875099,-0.10849286967015506,0.0,-0.00033912741726868645,0.5
repeat_2_fold_1,ZNF442,0.0,0.0,0.0,0.0,0.0,-7.007381108098398e-05,0.5
repeat_2_fold_1,ZNF544,0.027593353504002494,0.031862060146760685,0.015931030073380342,0.011662323430622151,0.5,0.00035815503441405383,0.5
repeat_2_fold_1,ZNF552,0.0,0.0,0.0,0.0,0.0,4.671587405402633e-05,0.5
repeat_2_fold_1,ZNF665,0.0,0.0,0.0,0.0,0.0,0.0,0.0
repeat_2_fold_1,ZNF717,-0.04509207931966408,0.09018415863932816,0.04509207931966408,-0.09018415863932816,0.0,0.00020243545423404008,0.5
repeat_2_fold_1,ZNF749,0.0,0.0,0.0,0.0,0.0,0.0,0.0
repeat_2_fold_2,A1CF,-0.02680086141794291,0.05360172283588583,0.026800861417942915,-0.05360172283588582,0.0,1.4747874220233381e-05,1.0
repeat_2_fold_2,A2M,0.08216462242515377,0.09487553375005298,0.04743776687502649,0.03472685555012728,0.5,0.00012655824843385566,0.5
repeat_2_fold_2,A4GALT,0.053753556954021064,0.10750711390804213,0.053753556954021064,0.0,0.25,-4.74593431626924e-05,0.5
repeat_2_fold_2,A4GNT,0.0,0.0,0.0,0.0,0.0,-7.820564957611298e-05,0.5
repeat_2_fold_2,AAAS,0.3105395405536697,0.35858017466536785,0.17929008733268392,0.1312494532209858,0.5,1.581978105422155e-05,0.5
repeat_2_fold_2,AACS,0.0,0.0,0.0,0.0,0.0,3.128225983048405e-05,0.5
repeat_2_fold_2,AADAC,0.0,0.0,0.0,0.0,0.0,0.0,0.0
repeat_2_fold_2,AAK1,0.0,0.0,0.0,0.0,0.0,0.0,0.0
repeat_2_fold_2,AAMP,0.0,0.0,0.0,0.0,0.0,3.910282478805649e-05,0.5
repeat_2_fold_2,AANAT,0.0,0.0,0.0,0.0,0.0,0.0,0.0
repeat_2_fold_2,AARS1,0.0,0.0,0.0,0.0,0.0,0.0,0.0
repeat_2_fold_2,AASDHPPT,0.0,0.0,0.0,0.0,0.0,-0.00028936090343165133,0.5
repeat_2_fold_2,AASS,0.0,0.0,0.0,0.0,0.0,4.692338974568444e-05,0.5
repeat_2_fold_2,AATF,0.0,0.0,0.0,0.0,0.0,0.0,0.0
repeat_2_fold_2,ABAT,0.00528086762819413,0.0060978206933853234,0.0030489103466926617,0.0022319572815014685,0.5,-4.6923389745656685e-05,0.5
repeat_2_fold_2,ABCA12,0.09709690303948015,0.11473886054020341,0.057369430270101704,0.03972747276937845,0.5,-0.0004825033221540209,0.5
repeat_2_fold_2,ABCA2,0.0,0.0,0.0,0.0,0.0,0.0,0.0
repeat_2_fold_2,ABCA3,0.0,0.0,0.0,0.0,0.0,-4.6923389745656685e-05,0.5
repeat_2_fold_2,ABCA4,0.000852765660123822,0.0009846889668563151,0.0004923444834281576,0.0003604211766956645,0.5,-5.5369233689817055e-05,0.5
repeat_2_fold_2,ABCA5,0.0,0.0,0.0,0.0,0.0,-3.9549452635595506e-05,0.5
repeat_2_fold_2,ABCA6,0.0,0.0,0.0,0.0,0.0,0.0,0.0
repeat_2_fold_2,ABCA8,0.010088973286256575,0.10465688018164863,0.05232844009082432,-0.04223946680456774,0.25,-0.0014791495285705059,0.5
repeat_2_fold_2,ABCB1,0.0,0.0,0.0,0.0,0.0,0.0,0.0
repeat_2_fold_2,ABCB11,0.043915108179753304,0.05070879905814421,0.025354399529072105,0.0185607086506812,0.5,0.00019774726317789426,0.5
repeat_2_fold_2,ABCB4,0.0,0.0,0.0,0.0,0.0,0.0,0.0
repeat_2_fold_2,ABCB6,0.0,0.0,0.0,0.0,0.0,-6.327912421691395e-05,0.5
repeat_2_fold_2,ABCB7,0.0,0.0,0.0,0.0,0.0,0.0,0.0
repeat_2_fold_2,ABCB8,0.0,0.0,0.0,0.0,0.0,2.7755575615628914e-17,0.5
repeat_2_fold_2,ABCB9,0.0,0.0,0.0,0.0,0.0,0.0,0.0
repeat_2_fold_2,ABCC1,0.0,0.0,0.0,0.0,0.0,7.909890527124652e-06,0.5
repeat_2_fold_2,ABCC10,0.0,0.0,0.0,0.0,0.0,0.0,0.0
repeat_2_fold_2,ABCC2,0.0,0.0,0.0,0.0,0.0,0.0,0.0
repeat_2_fold_2,ABCC3,0.0,0.0,0.0,0.0,0.0,0.0,0.0
repeat_2_fold_2,ABCC4,0.0,0.0,0.0,0.0,0.0,0.0,0.0
repeat_2_fold_2,ABCC5,0.0,0.0,0.0,0.0,0.0,-0.0003638549642472899,0.5
repeat_2_fold_2,ABCC6,0.0,0.0,0.0,0.0,0.0,-1.564112991520039e-05,0.5
repeat_2_fold_2,ABCC8,0.0,0.0,0.0,0.0,0.0,0.0,0.0
repeat_2_fold_2,ABCC9,0.0,0.0,0.0,0.0,0.0,-0.00010282857685250946,0.5
repeat_2_fold_2,ABCD1,0.0,0.0,0.0,0.0,0.0,-0.00045359276754150524,0.5
repeat_2_fold_2,ABCD2,0.0,0.0,0.0,0.0,0.0,0.0,0.0
repeat_2_fold_2,ABCD3,0.000426382830061911,0.0008527656601238222,0.0004263828300619111,-5.421010862427522e-20,0.25,-7.11890147440386e-05,0.5
repeat_2_fold_2,ABCD4,0.0,0.0,0.0,0.0,0.0,8.602621453374093e-05,0.5
repeat_2_fold_2,ABCE1,0.057767397237286744,0.07213908404383418,0.03606954202191709,0.021697855215369655,0.5,0.0010161374910726273,1.0
repeat_2_fold_2,ABCF1,-0.06362761591577737,0.07347084235373637,0.036735421176868184,-0.10036303709264555,0.0,-1.581978105422155e-05,0.5
repeat_2_fold_2,ABCF2,0.0,0.0,0.0,0.0,0.0,-0.00020279873548090244,1.0
repeat_2_fold_2,ABCG1,0.0,0.0,0.0,0.0,0.0,0.0,0.0
repeat_2_fold_2,ABCG2,0.0,0.0,0.0,0.0,0.0,0.0,0.0
repeat_2_fold_2,ABCG4,0.0,0.0,0.0,0.0,0.0,-7.820564957600196e-06,0.5
repeat_2_fold_2,ABCG5,0.0,0.0,0.0,0.0,0.0,-3.128225983042854e-05,0.5
repeat_2_fold_2,ABHD17B,-0.08092484469102601,0.09344396173298505,0.04672198086649253,-0.12764682555751855,0.0,0.00011020251396259839,1.0
repeat_2_fold_2,ABHD3,-0.06277485025564644,0.07248615338687184,0.03624307669343592,-0.09901792694908236,0.0,1.5819781054249304e-05,0.5
repeat_2_fold_2,ABHD5,0.0,0.0,0.0,0.0,0.0,0.0,0.0
repeat_2_fold_2,ABHD6,0.0,0.0,0.0,0.0,0.0,0.0,0.0
repeat_2_fold_2,ABI1,0.04108231121257688,0.08216462242515375,0.041082311212576876,6.938893903907228e-18,0.25,-7.909890527124652e-06,0.5
repeat_2_fold_2,ABI2,0.0372947285900711,0.0745894571801422,0.0372947285900711,0.0,0.25,8.700879579826015e-05,0.5
repeat_2_fold_2,ABL1,0.000852765660123822,0.0009846889668563151,0.0004923444834281576,0.0003604211766956645,0.5,-3.954945263556775e-05,0.5
repeat_2_fold_2,ABL2,0.10412217651502864,0.1254628550897109,0.06273142754485544,0.0413907489701732,0.5,0.00010282857685250946,0.5
repeat_2_fold_2,ABLIM1,0.0,0.0,0.0,0.0,0.0,0.0,0.0
repeat_2_fold_2,ABLIM3,0.0,0.0,0.0,0.0,0.0,7.820564957627951e-06,0.5
repeat_2_fold_2,ABR,-0.13495186147230953,0.16965658452287688,0.08482829226143844,-0.21978015373374798,0.0,5.554788482883821e-05,1.0
repeat_2_fold_2,ABRAXAS2,0.0,0.0,0.0,0.0,0.0,-0.0005005161572871897,0.5
repeat_2_fold_2,ACAA1,0.0,0.0,0.0,0.0,0.0,0.0,0.0
repeat_2_fold_2,ACAA2,0.0,0.0,0.0,0.0,0.0,0.0,0.0
repeat_2_fold_2,ACACA,0.0372947285900711,0.0745894571801422,0.0372947285900711,0.0,0.25,0.0002622769453678453,1.0
repeat_2_fold_2,ACACB,0.3614643131616866,0.4427085200011625,0.22135426000058125,0.14011005316110534,0.5,-0.00020949815319357135,1.0
repeat_2_fold_2,ACAD10,0.0,0.0,0.0,0.0,0.0,0.0,0.0
repeat_2_fold_2,ACAD8,0.0,0.0,0.0,0.0,0.0,0.0,0.0
repeat_2_fold_2,ACADL,0.0,0.0,0.0,0.0,0.0,0.0,0.0
repeat_2_fold_2,ACADM,0.0,0.0,0.0,0.0,0.0,0.00013446813896095255,0.5
repeat_2_fold_2,ACADS,0.0,0.0,0.0,0.0,0.0,0.0,0.0
repeat_2_fold_2,ACADSB,0.0,0.0,0.0,0.0,0.0,0.00022929749971684066,1.0
repeat_2_fold_2,ACADVL,0.0,0.0,0.0,0.0,0.0,0.0,0.0
repeat_2_fold_2,ACAN,0.0,0.0,0.0,0.0,0.0,0.0,0.0
repeat_2_fold_2,ACAT1,0.0,0.0,0.0,0.0,0.0,5.53692336897893e-05,0.5
repeat_2_fold_2,ACAT2,0.0,0.0,0.0,0.0,0.0,9.366812835234772e-05,1.0
repeat_2_fold_2,ACBD3,0.0,0.0,0.0,0.0,0.0,0.0,0.0
repeat_2_fold_2,ACD,0.0,0.0,0.0,0.0,0.0,0.0,0.0
repeat_2_fold_2,ACE,0.0,0.0,0.0,0.0,0.0,0.0,0.0
repeat_2_fold_2,ACE2,-0.08092484469102601,0.09344396173298505,0.04672198086649253,-0.12764682555751855,0.0,3.9549452635595506e-05,0.5
repeat_2_fold_2,ACHE,0.0,0.0,0.0,0.0,0.0,0.0,0.0
repeat_2_fold_2,ACIN1,0.10249812781273882,0.11874109916060356,0.05937054958030178,0.043127578232437035,0.5,0.000625685281767624,1.0
repeat_2_fold_2,ACKR1,0.0,0.0,0.0,0.0,0.0,0.0005474395470328741,0.5
repeat_2_fold_2,ACKR2,0.0,0.0,0.0,0.0,0.0,0.00020226278206392223,1.0
repeat_2_fold_2,ACKR3,0.0,0.0,0.0,0.0,0.0,0.0,0.0
repeat_2_fold_2,ACKR4,0.0,0.0,0.0,0.0,0.0,0.0,0.0
repeat_2_fold_2,ACLY,0.0,0.0,0.0,0.0,0.0,7.820564957627951e-06,0.5
repeat_2_fold_2,ACO1,0.0,0.0,0.0,0.0,0.0,0.0,0.0
repeat_2_fold_2,ACO2,0.0,0.0,0.0,0.0,0.0,-5.5369233689817055e-05,0.5
repeat_2_fold_2,ACOT11,0.02986456122864567,0.034484624929177275,0.017242312464588638,0.012622248764057032,0.5,0.000118648357906731,0.5
repeat_2_fold_2,ACOT13,0.0,0.0,0.0,0.0,0.0,0.0,0.0
repeat_2_fold_2,ACOT2,0.0,0.0,0.0,0.0,0.0,0.0,0.0
repeat_2_fold_2,ACOT7,0.03334252782999059,0.19040054543758886,0.09520027271879443,-0.06185774488880384,0.25,-2.37296715813462e-05,0.5
repeat_2_fold_2,ACOT8,0.0,0.0,0.0,0.0,0.0,7.909890527116326e-05,0.5
repeat_2_fold_2,ACOT9,-0.043630116100951355,0.07903906706768207,0.039519533533841036,-0.08314964963479239,0.0,-0.00030057584003037596,0.5
repeat_2_fold_2,ACOX1,0.0,0.0,0.0,0.0,0.0,4.74593431626924e-05,0.5
repeat_2_fold_2,ACOX2,0.2283749181285195,0.263704640915319,0.1318523204576595,0.09652259767086002,0.5,0.000118648357906731,0.5
repeat_2_fold_2,ACOX3,0.000426382830061911,0.0008527656601238222,0.0004263828300619111,-5.421010862427522e-20,0.25,2.3640346011877256e-05,1.0
repeat_2_fold_2,ACOXL,0.0,0.0,0.0,0.0,0.0,0.0,0.0
repeat_2_fold_2,ACP3,0.0,0.0,0.0,0.0,0.0,0.0,0.0
repeat_2_fold_2,ACP5,0.0,0.0,0.0,0.0,0.0,0.0,0.0
repeat_2_fold_2,ACP6,0.0,0.0,0.0,0.0,0.0,6.256451966091259e-05,0.5
repeat_2_fold_2,ACR,0.0,0.0,0.0,0.0,0.0,0.0,0.0
repeat_2_fold_2,ACSBG1,0.04108231121257688,0.08216462242515375,0.041082311212576876,6.938893903907228e-18,0.25,1.2505579730648364e-06,1.0
repeat_2_fold_2,ACSF2,0.0,0.0,0.0,0.0,0.0,0.0,0.0
repeat_2_fold_2,ACSL1,0.0,0.0,0.0,0.0,0.0,0.0,0.0
repeat_2_fold_2,ACSL4,-0.02666499145018264,0.09236591556869199,0.046182957784345995,-0.07284794923452864,0.25,-0.00014237802948804945,0.5
repeat_2_fold_2,ACSL5,0.00528086762819413,0.0060978206933853234,0.0030489103466926617,0.0022319572815014685,0.5,-0.0004770544624143336,0.5
repeat_2_fold_2,ACSL6,0.0,0.0,0.0,0.0,0.0,0.0,0.0
repeat_2_fold_2,ACSM1,0.0,0.0,0.0,0.0,0.0,0.0,0.0
repeat_2_fold_2,ACSM3,0.002640433814097065,0.00528086762819413,0.002640433814097065,0.0,0.25,3.128225983048405e-05,0.5
repeat_2_fold_2,ACSM5,0.0,0.0,0.0,0.0,0.0,-8.602621453374093e-05,0.5
repeat_2_fold_2,ACSS3,-0.031813807957888685,0.06362761591577737,0.031813807957888685,-0.06362761591577737,0.0,0.00020565715370499116,0.5
repeat_2_fold_2,ACTA1,0.0,0.0,0.0,0.0,0.0,0.0,0.0
repeat_2_fold_2,ACTA2,0.04778396342550906,0.09556792685101811,0.04778396342550906,0.0,0.25,-8.70981213677291e-05,1.0
repeat_2_fold_2,ACTB,0.08574787201502687,0.2859010374465968,0.1429505187232984,-0.05720264670827152,0.5,0.0001476081529301343,1.0
repeat_2_fold_2,ACTC1,0.0,0.0,0.0,0.0,0.0,0.0,0.0
repeat_2_fold_2,ACTG1,0.0,0.0,0.0,0.0,0.0,0.0002971814683892793,0.5
repeat_2_fold_2,ACTG2,0.0,0.0,0.0,0.0,0.0,-0.0001407701692369978,0.5
repeat_2_fold_2,ACTL6A,0.0,0.0,0.0,0.0,0.0,5.474395470331239e-05,0.5
repeat_2_fold_2,ACTL6B,0.0,0.0,0.0,0.0,0.0,0.0,0.0
repeat_2_fold_2,ACTN1,0.10750711390804213,0.12413852230921577,0.06206926115460788,0.045437852753434246,0.5,7.909890527124652e-06,0.5
repeat_2_fold_2,ACTN2,0.0,0.0,0.0,0.0,0.0,0.0,0.0
repeat_2_fold_2,ACTN3,0.0,0.0,0.0,0.0,0.0,-3.128225983042854e-05,0.5
repeat_2_fold_2,ACTN4,0.0,0.0,0.0,0.0,0.0,0.0,0.0
repeat_2_fold_2,ACTR10,0.0,0.0,0.0,0.0,0.0,0.0,0.0
repeat_2_fold_2,ACTR1A,0.0,0.0,0.0,0.0,0.0,0.0,0.0
repeat_2_fold_2,ACTR1B,0.0,0.0,0.0,0.0,0.0,-8.602621453371317e-05,0.5
repeat_2_fold_2,ACTR2,0.11418745906425976,0.2283749181285195,0.11418745906425976,0.0,0.25,-0.00013446813896095255,0.5
repeat_2_fold_2,ACTR3,0.0,0.0,0.0,0.0,0.0,-3.954945263556775e-05,0.5
repeat_2_fold_2,ACTR5,0.0,0.0,0.0,0.0,0.0,0.0,0.0
repeat_2_fold_2,ACTR8,0.0,0.0,0.0,0.0,0.0,-0.00025025807864359484,0.5
repeat_2_fold_2,ACVR1B,0.0,0.0,0.0,0.0,0.0,0.0,0.0
repeat_2_fold_2,ACVR2A,0.0,0.0,0.0,0.0,0.0,0.0,0.0
repeat_2_fold_2,ACVR2B,0.10750711390804213,0.12413852230921577,0.06206926115460788,0.045437852753434246,0.5,0.0001028285768524817,0.5
repeat_2_fold_2,ACVRL1,0.0,0.0,0.0,0.0,0.0,7.820564957614073e-05,0.5
repeat_2_fold_2,ACY1,0.0,0.0,0.0,0.0,0.0,-0.00014077016923702557,0.5
repeat_2_fold_2,ADA,0.1267320018213809,0.1463375107330288,0.0731687553665144,0.05356324645486649,0.5,-3.1282259830456294e-05,0.5
repeat_2_fold_2,ADA2,0.041702200079644314,0.08175971897876894,0.04087985948938447,0.0008223405902598457,0.5,-0.000237296715813462,0.5
repeat_2_fold_2,ADAM10,0.23920868705656773,0.33423356968637635,0.16711678484318818,0.07209190221337955,0.5,9.06711441478747e-05,1.0
repeat_2_fold_2,ADAM11,0.0,0.0,0.0,0.0,0.0,0.0,0.0
repeat_2_fold_2,ADAM12,0.0,0.0,0.0,0.0,0.0,5.474395470331239e-05,0.5
repeat_2_fold_2,ADAM15,0.0,0.0,0.0,0.0,0.0,0.0,0.0
repeat_2_fold_2,ADAM17,0.14670235926371689,0.29340471852743377,0.14670235926371689,0.0,0.25,-0.000148590734194598,0.5
repeat_2_fold_2,ADAM19,0.0,0.0,0.0,0.0,0.0,0.0002267963837707665,0.5
repeat_2_fold_2,ADAM2,0.0,0.0,0.0,0.0,0.0,0.0,0.0
repeat_2_fold_2,ADAM20,0.0,0.0,0.0,0.0,0.0,0.0,0.0
repeat_2_fold_2,ADAM21,0.0,0.0,0.0,0.0,0.0,-1.5641129915228147e-05,0.5
repeat_2_fold_2,ADAM22,0.0,0.0,0.0,0.0,0.0,0.0,0.0
repeat_2_fold_2,ADAM23,0.0,0.0,0.0,0.0,0.0,0.0,0.0
repeat_2_fold_2,ADAM30,0.00048291494892183096,0.06607721191637005,0.03303860595818502,-0.03255569100926319,0.25,-0.00046668354109979937,0.5
repeat_2_fold_2,ADAM8,0.16116692950619083,0.2053571869144272,0.1026785934572136,0.05848833604897723,0.5,7.11890147440386e-05,0.5
repeat_2_fold_2,ADAM9,0.0,0.0,0.0,0.0,0.0,0.00010166734444896908,0.5
repeat_2_fold_2,ADAMTS1,-0.05360172283588582,0.06189393821665278,0.03094696910832639,-0.08454869194421222,0.0,-4.74593431626924e-05,0.5
repeat_2_fold_2,ADAMTS12,0.0,0.0,0.0,0.0,0.0,-0.0001642318641098539,0.5
repeat_2_fold_2,ADAMTS13,0.0,0.0,0.0,0.0,0.0,-0.00021231648625905097,1.0
repeat_2_fold_2,ADAMTS2,0.0,0.0,0.0,0.0,0.0,-0.0003050020333468795,0.5
repeat_2_fold_2,ADAMTS20,0.0,0.0,0.0,0.0,0.0,0.0,0.0
repeat_2_fold_2,ADAMTS3,0.000426382830061911,0.0008527656601238222,0.0004263828300619111,-5.421010862427522e-20,0.25,-1.4122595233645452e-05,1.0
repeat_2_fold_2,ADAMTS5,0.0,0.0,0.0,0.0,0.0,0.0,0.0
repeat_2_fold_2,ADAMTS6,0.0,0.0,0.0,0.0,0.0,0.0,0.0
repeat_2_fold_2,ADAMTS7,0.0,0.0,0.0,0.0,0.0,0.0,0.0
repeat_2_fold_2,ADAMTS8,0.0,0.0,0.0,0.0,0.0,0.0,0.0
repeat_2_fold_2,ADAMTS9,0.07361262707243554,0.08500054011205238,0.04250027005602619,0.031112357016409353,0.5,0.00039549452635576077,0.5
repeat_2_fold_2,ADAMTSL2,0.34176757824968007,0.6517930969279551,0.32589654846397753,0.01587102978570254,0.75,0.0002994146076268911,1.0
repeat_2_fold_2,ADAMTSL3,0.0,0.0,0.0,0.0,0.0,0.0,0.0
repeat_2_fold_2,ADAMTSL4,0.0,0.0,0.0,0.0,0.0,0.0,0.0
repeat_2_fold_2,ADAR,0.0,0.0,0.0,0.0,0.0,0.0,0.0
repeat_2_fold_2,ADARB1,0.014932280614322835,0.02986456122864567,0.014932280614322835,0.0,0.25,-0.000395494526355733,0.5
repeat_2_fold_2,ADAT1,0.0,0.0,0.0,0.0,0.0,-7.038508461851278e-05,0.5
repeat_2_fold_2,ADCY1,0.0745894571801422,0.08612848636332633,0.043064243181663166,0.03152521399847904,0.5,7.624048704707453e-05,1.0
repeat_2_fold_2,ADCY2,0.0,0.0,0.0,0.0,0.0,0.0,0.5
repeat_2_fold_2,ADCY3,0.0,0.0,0.0,0.0,0.0,-0.0003206431632621076,0.5
repeat_2_fold_2,ADCY6,0.12345596231894618,0.3371288677885909,0.16856443389429546,-0.04510847157534928,0.25,-0.00013446813896095255,0.5
repeat_2_fold_2,ADCY7,0.0,0.0,0.0,0.0,0.0,-7.038508461848503e-05,0.5
repeat_2_fold_2,ADCY8,0.0,0.0,0.0,0.0,0.0,0.0,0.0
repeat_2_fold_2,ADCY9,-0.03034115343069388,0.06350301799621583,0.031751508998107913,-0.06209266242880179,0.25,0.00020565715370499116,0.5
repeat_2_fold_2,ADCYAP1,0.0,0.0,0.0,0.0,0.0,0.0,0.0
repeat_2_fold_2,ADCYAP1R1,0.0,0.0,0.0,0.0,0.0,-7.038508461848503e-05,0.5
repeat_2_fold_2,ADD1,0.0,0.0,0.0,0.0,0.0,-6.256451966088483e-05,0.5
repeat_2_fold_2,ADD3,0.0,0.0,0.0,0.0,0.0,7.065306132703064e-05,1.0
repeat_2_fold_2,ADGRE1,0.0,0.0,0.0,0.0,0.0,0.0,0.0
repeat_2_fold_2,ADGRE2,0.0,0.0,0.0,0.0,0.0,8.602621453376869e-05,0.5
repeat_2_fold_2,ADGRE3,0.0,0.0,0.0,0.0,0.0,0.0,0.0
repeat_2_fold_2,ADGRE5,0.0,0.0,0.0,0.0,0.0,0.0,0.0
repeat_2_fold_2,ADGRF5,0.26709192382326385,0.44038240215973584,0.22019120107986792,0.046900722743395934,0.5,0.0012010528021484668,1.0
repeat_2_fold_2,ADGRG3,0.0,0.0,0.0,0.0,0.0,0.0,0.0
repeat_2_fold_2,ADGRG6,0.0,0.0,0.0,0.0,0.0,0.0,0.0
repeat_2_fold_2,ADGRV1,0.0,0.0,0.0,0.0,0.0,-7.820564957611298e-05,0.5
repeat_2_fold_2,ADH1A,0.0,0.0,0.0,0.0,0.0,0.0,0.0
repeat_2_fold_2,ADH1B,0.08333635835302644,0.16667271670605288,0.08333635835302644,0.0,0.25,-0.00015641129915222596,0.5
repeat_2_fold_2,ADH1C,0.12846431898909927,0.1725682447692342,0.0862841223846171,0.04218019660448216,0.5,-6.327912421691395e-05,0.5
repeat_2_fold_2,ADH5,0.06336600091069045,0.1267320018213809,0.06336600091069045,0.0,0.25,0.00011730847436419722,0.5
repeat_2_fold_2,ADH6,0.0,0.0,0.0,0.0,0.0,-0.0003753871179653645,0.5
repeat_2_fold_2,ADH7,0.0,0.0,0.0,0.0,0.0,0.0002189758188131663,0.5
repeat_2_fold_2,ADORA2A,0.0,0.0,0.0,0.0,0.0,0.0,0.0
repeat_2_fold_2,AGBL2,0.0,0.0,0.0,0.0,0.0,-7.820564957608522e-05,0.5
repeat_2_fold_2,AGO3,0.23760436772198368,0.16512440422849248,0.08256220211424624,0.15504216560773743,0.75,0.003367429465724381,1.0
repeat_2_fold_2,AGPAT1,0.0,0.0,0.0,0.0,0.0,0.0,0.0
repeat_2_fold_2,AKAP10,0.000426382830061911,0.0008527656601238222,0.0004263828300619111,-5.421010862427522e-20,0.25,0.00026102638739478046,0.5
repeat_2_fold_2,AKR1D1,0.0,0.0,0.0,0.0,0.0,-6.256451966088483e-05,0.5
repeat_2_fold_2,ALAD,0.14881568278138246,0.18022705122398308,0.09011352561199154,0.05870215716939092,0.5,0.000711890147440386,0.5
repeat_2_fold_2,ALDH7A1,0.0,0.0,0.0,0.0,0.0,0.0,0.0
repeat_2_fold_2,ALG13,0.0,0.0,0.0,0.0,0.0,0.0,0.0
repeat_2_fold_2,ALG9,0.0,0.0,0.0,0.0,0.0,0.0,0.0
repeat_2_fold_2,ALOX12,0.0,0.0,0.0,0.0,0.0,0.0,0.0
repeat_2_fold_2,AMBN,0.0,0.0,0.0,0.0,0.0,0.0,0.0
repeat_2_fold_2,AMH,0.0,0.0,0.0,0.0,0.0,0.00035974598805019187,0.5
repeat_2_fold_2,AMPD3,0.000852765660123822,0.0009846889668563151,0.0004923444834281576,0.0003604211766956645,0.5,-0.00020565715370499116,0.5
repeat_2_fold_2,ANKH,0.16667271670605288,0.19245707571361173,0.09622853785680587,0.07044417884924702,0.5,-7.963485868814346e-05,1.0
repeat_2_fold_2,ANKLE2,0.0,0.0,0.0,0.0,0.0,0.0002111552538555661,0.5
repeat_2_fold_2,ANKRD27,0.000426382830061911,0.0008527656601238222,0.0004263828300619111,-5.421010862427522e-20,0.25,0.00010877330485056791,1.0
repeat_2_fold_2,AP2M1,0.2739215821766976,0.38699661911951977,0.19349830955975988,0.08042327261693771,0.5,-0.0008060049036402173,1.0
repeat_2_fold_2,AP3S1,0.0,0.0,0.0,0.0,0.0,0.0003519254230925639,0.5
repeat_2_fold_2,APBA2,0.081362788315408,0.25472688108561287,0.12736344054280643,-0.046000652227398436,0.25,-0.0001977472631778665,0.5
repeat_2_fold_2,APCS,0.0,0.0,0.0,0.0,0.0,-8.602621453371317e-05,0.5
repeat_2_fold_2,AQP5,-0.000584479960901163,0.0024421211476927224,0.0012210605738463612,-0.0018055405347475243,0.25,-0.0002452066063405589,0.5
repeat_2_fold_2,ARF1,0.2623895433168446,0.3557636369972368,0.1778818184986184,0.08450772481822622,0.5,-0.00025311649686768356,0.5
repeat_2_fold_2,ARF3,0.0,0.0,0.0,0.0,0.0,3.954945263556775e-05,0.5
repeat_2_fold_2,ARFGAP1,0.0,0.0,0.0,0.0,0.0,0.0,0.0
repeat_2_fold_2,ARHGAP24,0.0,0.0,0.0,0.0,0.0,0.0,0.0
repeat_2_fold_2,ARHGAP44,0.21006836017440733,0.27813333299804877,0.13906666649902438,0.07100169367538295,0.5,0.0002267963837707665,0.5
repeat_2_fold_2,ARHGDIB,0.08462693813241451,0.10207608766788065,0.051038043833940325,0.033588894298474184,0.5,0.0004446109701803924,1.0
repeat_2_fold_2,ARHGEF18,0.10444831212326733,0.12597658808166487,0.06298829404083243,0.041460018082434894,0.5,-0.0001880508612606968,1.0
repeat_2_fold_2,ARL1,0.0,0.0,0.0,0.0,0.0,-0.00019774726317789426,0.5
repeat_2_fold_2,ARMC8,0.014932280614322835,0.02986456122864567,0.014932280614322835,0.0,0.25,0.0001740175915965203,0.5
repeat_2_fold_2,ARPC4,0.0,0.0,0.0,0.0,0.0,7.820564957614073e-05,0.5
repeat_2_fold_2,ART3,0.0,0.0,0.0,0.0,0.0,0.0,0.0
repeat_2_fold_2,ART4,0.0,0.0,0.0,0.0,0.0,-3.892417364903533e-05,1.0
repeat_2_fold_2,ASB9,0.0,0.0,0.0,0.0,0.0,0.0,0.0
repeat_2_fold_2,ASCC1,0.0,0.0,0.0,0.0,0.0,0.0,0.0
repeat_2_fold_2,ASCC2,0.02047266864721564,0.04094533729443128,0.02047266864721564,0.0,0.25,-0.0006802505853318874,0.5
repeat_2_fold_2,ASCL1,0.0,0.0,0.0,0.0,0.0,0.0,0.0
repeat_2_fold_2,ATF2,0.054179939784082976,0.10722587296668638,0.05361293648334319,0.0005670033007397837,0.5,-4.74593431626924e-05,0.5
repeat_2_fold_2,ATF7IP,-0.0672760470892051,0.0776872955405638,0.0388436477702819,-0.106119694859487,0.0,-0.00011431149015969644,1.0
repeat_2_fold_2,ATP10D,0.0,0.0,0.0,0.0,0.0,0.0,0.0
repeat_2_fold_2,ATP11B,0.2288013009585832,0.2641979029060746,0.1320989514530373,0.0967023495055459,0.5,-0.00045265027143556735,1.0
repeat_2_fold_2,ATP1A1,0.0,0.0,0.0,0.0,0.0,0.0,0.0
repeat_2_fold_2,ATP2C1,0.0,0.0,0.0,0.0,0.0,1.581978105422155e-05,0.5
repeat_2_fold_2,ATP5MC3,0.0,0.0,0.0,0.0,0.0,-0.00016423186410982615,0.5
repeat_2_fold_2,ATP5PF,0.0,0.0,0.0,0.0,0.0,0.0,0.0
repeat_2_fold_2,ATP6V0D1,0.0,0.0,0.0,0.0,0.0,0.0,0.0
repeat_2_fold_2,ATP6V1A,0.05601459182690327,0.11202918365380653,0.056014591826903264,6.938893903907228e-18,0.25,0.0001898373726507696,0.5
repeat_2_fold_2,ATP6V1H,0.05826290883317675,0.07188978845613246,0.03594489422806623,0.02231801460511052,0.5,0.000118648357906731,0.5
repeat_2_fold_2,ATP8B2,0.0,0.0,0.0,0.0,0.0,0.0,0.0
repeat_2_fold_2,AURKA,0.0441248672947836,0.18318733285853112,0.09159366642926556,-0.04746879913448196,0.25,-6.176058953535901e-05,1.0
repeat_2_fold_2,AURKB,0.08173197658238962,0.13049733266147678,0.06524866633073839,0.01648331025165123,0.5,-0.00011480735841806755,1.0
repeat_2_fold_2,AXL,0.0,0.0,0.0,0.0,0.0,-0.0004944821037196068,1.0
repeat_2_fold_2,B9D2,0.0,0.0,0.0,0.0,0.0,7.874160299317645e-05,1.0
repeat_2_fold_2,BCL2A1,0.0,0.0,0.0,0.0,0.0,0.0,0.0
repeat_2_fold_2,BEX3,0.049290081849189704,0.08715858054401725,0.043579290272008624,0.0057107915771810805,0.5,-5.5369233689817055e-05,0.5
repeat_2_fold_2,BIN1,0.0,0.0,0.0,0.0,0.0,-0.00037538711796539226,0.5
repeat_2_fold_2,BLTP3B,0.0,0.0,0.0,0.0,0.0,0.0,0.0
repeat_2_fold_2,BMP4,0.0,0.0,0.0,0.0,0.0,0.0,0.0
repeat_2_fold_2,BMS1,0.021957554089876652,0.043915108179753304,0.021957554089876652,0.0,0.25,-0.00035594507372016526,0.5
repeat_2_fold_2,BPHL,0.0,0.0,0.0,0.0,0.0,0.0,0.0
repeat_2_fold_2,BUB1,0.3418913115294835,0.3206129713759869,0.16030648568799344,0.18158482584149005,0.75,-0.00018058759858108342,1.0
repeat_2_fold_2,BUD31,0.003452685834240299,0.06619502784553438,0.03309751392276719,-0.029644828088526892,0.25,8.700879579826015e-05,0.5
repeat_2_fold_2,C1QA,0.0,0.0,0.0,0.0,0.0,0.0,0.0
repeat_2_fold_2,C2CD5,0.0,0.0,0.0,0.0,0.0,0.0,0.0
repeat_2_fold_2,C2orf49,0.1154439403309162,0.14395522155482351,0.07197761077741176,0.04346632955350445,0.5,-0.0022857797111972278,1.0
repeat_2_fold_2,C4BPB,0.0,0.0,0.0,0.0,0.0,0.0,0.0
repeat_2_fold_2,CA2,0.0,0.0,0.0,0.0,0.0,-4.6923389745656685e-05,0.5
repeat_2_fold_2,CA6,0.0,0.0,0.0,0.0,0.0,3.9102824788084245e-05,0.5
repeat_2_fold_2,CACNA2D1,0.0,0.0,0.0,0.0,0.0,0.0,0.0
repeat_2_fold_2,CAPN15,0.22558322978062328,0.35867540067403386,0.17933770033701693,0.046245529443606354,0.5,-4.74593431626924e-05,0.5
repeat_2_fold_2,CATSPER2,0.0,0.0,0.0,0.0,0.0,0.0,0.0
repeat_2_fold_2,CATSPERG,-0.025948095757820866,0.05303930641759679,0.026519653208798396,-0.052467748966619265,0.25,-7.909890527096897e-06,0.5
repeat_2_fold_2,CAVIN1,0.0,0.0,0.0,0.0,0.0,0.0,0.0
repeat_2_fold_2,CBS,0.0,0.0,0.0,0.0,0.0,5.474395470331239e-05,0.5
repeat_2_fold_2,CBX1,0.053753556954021064,0.10750711390804213,0.053753556954021064,0.0,0.25,-0.0004442937530609592,1.0
repeat_2_fold_2,CBX6,0.08763195846593597,0.10485115511058249,0.052425577555291245,0.03520638091064472,0.5,0.0002047638980099964,1.0
repeat_2_fold_2,CCKAR,0.11057130698334383,0.14122276478206958,0.07061138239103479,0.03995992459230904,0.5,0.00028225494303008025,1.0
repeat_2_fold_2,CCL27,0.1553587355098056,0.17986389298878244,0.08993194649439122,0.06542678901541439,0.5,0.0003084857305575006,0.5
repeat_2_fold_2,CCND3,-0.023737161607240154,0.027409313287475506,0.013704656643737753,-0.03744181825097791,0.0,-0.0006154529264334185,1.0
repeat_2_fold_2,CCR1,0.0,0.0,0.0,0.0,0.0,0.0,0.0
repeat_2_fold_2,CCR3,0.0,0.0,0.0,0.0,0.0,0.0004333467931707802,1.0
repeat_2_fold_2,CCZ1,0.0,0.0,0.0,0.0,0.0,0.0,0.0
repeat_2_fold_2,CD14,-0.05360172283588582,0.06189393821665278,0.03094696910832639,-0.08454869194421222,0.0,0.00015819781054229876,0.5
repeat_2_fold_2,CD36,0.07824006588450416,0.10895443372239577,0.054477216861197886,0.023762849023306276,0.5,-0.00037967474530151146,0.5
repeat_2_fold_2,CD3D,0.04108231121257688,0.08216462242515375,0.041082311212576876,6.938893903907228e-18,0.25,-0.00018192748212364496,0.5
repeat_2_fold_2,CD44,0.0,0.0,0.0,0.0,0.0,1.5641129915255902e-05,0.5
repeat_2_fold_2,CD59,0.0,0.0,0.0,0.0,0.0,-0.00034410485813493596,0.5
repeat_2_fold_2,CDC16,0.0,0.0,0.0,0.0,0.0,7.909890527124652e-06,0.5
repeat_2_fold_2,CDC25A,0.0,0.0,0.0,0.0,0.0,5.5369233689817055e-05,0.5
repeat_2_fold_2,CDC37,0.0,0.0,0.0,0.0,0.0,0.0,0.0
repeat_2_fold_2,CDC42BPA,0.16667271670605288,0.19245707571361173,0.09622853785680587,0.07044417884924702,0.5,0.00018769355898271,0.5
repeat_2_fold_2,CDH12,0.0,0.0,0.0,0.0,0.0,-7.909890527096897e-06,0.5
repeat_2_fold_2,CDKN1C,0.06336600091069045,0.1267320018213809,0.06336600091069045,0.0,0.25,0.00046141333249916094,0.5
repeat_2_fold_2,CDKN2C,0.04778859576220107,0.07043031762350106,0.03521515881175053,0.012573436950450538,0.5,0.00010957723497612148,1.0
repeat_2_fold_2,CEACAM8,0.1803539145731463,0.2225296027252347,0.11126480136261735,0.06908911321052896,0.5,7.909890527096897e-06,0.5
repeat_2_fold_2,CENPE,0.23003871761674333,0.2850691418950451,0.14253457094752256,0.08750414666922077,0.5,-0.0002346169487283667,0.5
repeat_2_fold_2,CENPS,0.0,0.0,0.0,0.0,0.0,-7.038508461851278e-05,0.5
repeat_2_fold_2,CERK,0.0,0.0,0.0,0.0,0.0,0.0,0.0
repeat_2_fold_2,CERS6,0.17176053379235867,0.3807299471025849,0.19036497355129245,-0.018604439758933777,0.25,-0.00015819781054229876,0.5
repeat_2_fold_2,CFHR2,0.4498114919645282,0.8996229839290565,0.44981149196452824,-5.551115123125783e-17,0.25,-0.0006887456696869076,1.0
repeat_2_fold_2,CHD9,0.0,0.0,0.0,0.0,0.0,-1.5819781054249304e-05,0.5
repeat_2_fold_2,CHEK1,0.20517371238456583,0.28482061887643234,0.14241030943821617,0.06276340294634966,0.5,-0.0001415740993625514,1.0
repeat_2_fold_2,CHRNA5,0.0,0.0,0.0,0.0,0.0,-0.00017987299402508206,0.5
repeat_2_fold_2,CHRNB4,0.0,0.0,0.0,0.0,0.0,-0.00021356704423208805,0.5
repeat_2_fold_2,CHRNE,-0.026317946469022857,0.037698997339478076,0.018849498669739038,-0.04516744513876189,0.0,0.0011121681693906649,1.0
repeat_2_fold_2,CHST10,0.002640433814097065,0.00528086762819413,0.002640433814097065,0.0,0.25,-6.256451966088483e-05,0.5
repeat_2_fold_2,CHST11,0.29819844306907584,0.21931009165150572,0.10965504582575286,0.18854339724332297,1.0,0.0003364629443163569,1.0
repeat_2_fold_2,CHTOP,0.001878100011984074,0.06932219329760843,0.034661096648804214,-0.03278299663682014,0.25,-0.0007751692716572722,0.5
repeat_2_fold_2,CLCN6,0.0,0.0,0.0,0.0,0.0,0.0,0.0
repeat_2_fold_2,CLDN17,0.0,0.0,0.0,0.0,0.0,-0.0003284637282197078,0.5
repeat_2_fold_2,CLDN8,-0.019949796969916278,0.039899593939832556,0.019949796969916278,-0.039899593939832556,0.0,0.00022938682528633736,1.0
repeat_2_fold_2,CLEC10A,0.00528086762819413,0.0060978206933853234,0.0030489103466926617,0.0022319572815014685,0.5,-0.00013294960427939762,0.5
repeat_2_fold_2,CLEC2B,0.0,0.0,0.0,0.0,0.0,0.0,0.0
repeat_2_fold_2,CLIC2,0.0,0.0,0.0,0.0,0.0,-6.256451966088483e-05,0.5
repeat_2_fold_2,CLIC5,0.0,0.0,0.0,0.0,0.0,0.0,0.0
repeat_2_fold_2,CLPP,0.0,0.0,0.0,0.0,0.0,-0.0003910282478806204,0.5
repeat_2_fold_2,CMKLR1,0.0,0.0,0.0,0.0,0.0,0.0,0.0
repeat_2_fold_2,CMTM6,0.047459220197342944,0.06947785224168603,0.03473892612084301,0.012720294076499931,0.5,-0.00022697503490973214,1.0
repeat_2_fold_2,CNDP2,0.0,0.0,0.0,0.0,0.0,0.0,0.0
repeat_2_fold_2,CNGA1,0.14936957263756234,0.1724785313580159,0.08623926567900796,0.06313030695855439,0.5,-0.0002135670442321158,0.5
repeat_2_fold_2,CNIH3,0.0,0.0,0.0,0.0,0.0,0.0,0.0
repeat_2_fold_2,COL14A1,0.19146785186357285,0.22160907177551764,0.11080453588775882,0.08066331597581403,0.5,-0.0005398377183728487,1.0
repeat_2_fold_2,COL2A1,0.0,0.0,0.0,0.0,0.0,0.0,0.0
repeat_2_fold_2,COL4A1,0.0,0.0,0.0,0.0,0.0,7.909890527124652e-06,0.5
repeat_2_fold_2,COL4A5,0.0,0.0,0.0,0.0,0.0,-7.105960401598832e-06,1.0
repeat_2_fold_2,COL4A6,0.0,0.0,0.0,0.0,0.0,0.0,0.0
repeat_2_fold_2,COMMD3,0.0,0.0,0.0,0.0,0.0,0.0,0.0
repeat_2_fold_2,COPG1,0.0,0.0,0.0,0.0,0.0,0.0,0.0
repeat_2_fold_2,COX4I1,0.0,0.0,0.0,0.0,0.0,-3.954945263556775e-05,0.5
repeat_2_fold_2,COX5B,0.0,0.0,0.0,0.0,0.0,0.0,0.0
repeat_2_fold_2,CPD,0.29141478343097127,0.35189131889798475,0.17594565944899238,0.1154691239819789,0.5,-0.0002926659495032513,0.5
repeat_2_fold_2,CRTC3,0.0,0.0,0.0,0.0,0.0,1.581978105422155e-05,0.5
repeat_2_fold_2,CRYM,0.28754736349094046,0.34541927437390685,0.17270963718695342,0.11483772630398703,0.5,0.001502879200151852,0.5
repeat_2_fold_2,CSAD,0.0,0.0,0.0,0.0,0.0,-3.128225983042854e-05,0.5
repeat_2_fold_2,CSF2,0.0372947285900711,0.0745894571801422,0.0372947285900711,0.0,0.25,-0.0004983231032082425,0.5
repeat_2_fold_2,CSGALNACT1,0.021957554089876652,0.043915108179753304,0.021957554089876652,0.0,0.25,-0.0002689362779219051,0.5
repeat_2_fold_2,CSN3,0.0,0.0,0.0,0.0,0.0,-0.00015819781054229876,0.5
repeat_2_fold_2,CSNK1A1,0.043915108179753304,0.05070879905814421,0.025354399529072105,0.0185607086506812,0.5,3.954945263556775e-05,0.5
repeat_2_fold_2,CSNK2A1,0.26499635189505,0.35347718906774056,0.17673859453387028,0.08825775736117972,0.5,-0.000870087957982657,0.5
repeat_2_fold_2,CTBP1,0.019888188686312702,0.04251476191795864,0.02125738095897932,-0.0013691922726666167,0.25,-6.770531753341746e-05,1.0
repeat_2_fold_2,CTBP2,0.0,0.0,0.0,0.0,0.0,0.0,0.0
repeat_2_fold_2,CTR9,0.0,0.0,0.0,0.0,0.0,-0.0001720524290674541,0.5
repeat_2_fold_2,CTSB,0.0,0.0,0.0,0.0,0.0,8.602621453376869e-05,0.5
repeat_2_fold_2,CTSC,0.0,0.0,0.0,0.0,0.0,0.0,0.0
repeat_2_fold_2,CTSD,0.0,0.0,0.0,0.0,0.0,0.0,0.0
repeat_2_fold_2,CX3CR1,0.609604677514227,0.8526930134927823,0.42634650674639113,0.18325817076783585,0.75,0.0014356296657182521,1.0
repeat_2_fold_2,CXCL11,0.0,0.0,0.0,0.0,0.0,-1.5641129915228147e-05,0.5
repeat_2_fold_2,CXCR1,0.014707832624694106,0.11145795811804445,0.05572897905902222,-0.041021146434328117,0.25,-0.00015819781054229876,0.5
repeat_2_fold_2,CXCR6,0.0,0.0,0.0,0.0,0.0,-0.00011073846737963411,0.5
repeat_2_fold_2,CYB5R3,0.05058429279754506,0.060493411257863824,0.030246705628931912,0.02033758716861315,0.5,7.909890527124652e-06,0.5
repeat_2_fold_2,CYP26B1,0.0,0.0,0.0,0.0,0.0,0.00012512903932182518,0.5
repeat_2_fold_2,CYP2F1,0.0,0.0,0.0,0.0,0.0,0.0,0.0
repeat_2_fold_2,CYP51A1,0.0,0.0,0.0,0.0,0.0,-0.0003312328208742721,1.0
repeat_2_fold_2,DACT1,0.0,0.0,0.0,0.0,0.0,0.0,0.0
repeat_2_fold_2,DAPK2,0.0,0.0,0.0,0.0,0.0,0.0,0.0
repeat_2_fold_2,DBI,0.0,0.0,0.0,0.0,0.0,-0.0003050020333468795,0.5
repeat_2_fold_2,DBP,0.0,0.0,0.0,0.0,0.0,0.00032846372821976333,0.5
repeat_2_fold_2,DBT,0.0,0.0,0.0,0.0,0.0,0.0,0.0
repeat_2_fold_2,DCAF11,0.16794101601828082,0.2175889026269256,0.1087944513134628,0.05914656470481802,0.5,-0.00011073846737960635,0.5
repeat_2_fold_2,DCAF16,-0.01397885126858256,0.042965547077687384,0.021482773538843692,-0.03546162480742625,0.25,-0.00014237802948804945,0.5
repeat_2_fold_2,DCAF8,0.0,0.0,0.0,0.0,0.0,0.0,0.0
repeat_2_fold_2,DCC,0.0,0.0,0.0,0.0,0.0,-0.0002346169487283667,0.5
repeat_2_fold_2,DEFB126,0.0,0.0,0.0,0.0,0.0,7.909890527116326e-05,0.5
repeat_2_fold_2,DELE1,0.19735663529251468,0.2375574431111114,0.1187787215555557,0.07857791373695898,0.5,0.0010567096101313234,1.0
repeat_2_fold_2,DENND3,0.0,0.0,0.0,0.0,0.0,0.0,0.0
repeat_2_fold_2,DGKA,0.0,0.0,0.0,0.0,0.0,1.1612324035403798e-06,1.0
repeat_2_fold_2,DGKZ,-0.0063353875108767,0.007315475369650512,0.003657737684825256,-0.009993125195701957,0.0,-0.0005536923368980595,0.5
repeat_2_fold_2,DHRS9,-0.08092484469102601,0.09344396173298505,0.04672198086649253,-0.12764682555751855,0.0,-0.0003084857305575006,0.5
repeat_2_fold_2,DHX38,0.0,0.0,0.0,0.0,0.0,-7.038508461848503e-05,0.5
repeat_2_fold_2,DHX8,0.06964674815563399,0.12311578236667925,0.061557891183339625,0.008088856972294362,0.5,-0.0009072748606525627,1.0
repeat_2_fold_2,DIAPH2,0.0,0.0,0.0,0.0,0.0,0.0,0.0
repeat_2_fold_2,DNAJC13,0.11418745906425976,0.2283749181285195,0.11418745906425976,0.0,0.25,-0.00022938682528633736,0.5
repeat_2_fold_2,DNMT3B,0.0,0.0,0.0,0.0,0.0,-4.74593431626924e-05,0.5
repeat_2_fold_2,DRD4,0.053753556954021064,0.10750711390804213,0.053753556954021064,0.0,0.25,0.0002214769347592127,0.5
repeat_2_fold_2,DRG1,0.11418745906425976,0.2283749181285195,0.11418745906425976,0.0,0.25,0.0,0.5
repeat_2_fold_2,DSG2,0.333675995911916,0.26890352525792593,0.13445176262896297,0.19922423328295302,0.75,3.262214337301783e-05,1.0
repeat_2_fold_2,DSPP,0.07734952916615612,0.1535641421514007,0.07678207107570036,0.0005674580904557608,0.5,0.0005299626653167133,0.5
repeat_2_fold_2,DTX2,0.0,0.0,0.0,0.0,0.0,0.0,0.0
repeat_2_fold_2,DTX4,0.0,0.0,0.0,0.0,0.0,0.0,0.0
repeat_2_fold_2,DTYMK,0.053753556954021064,0.10750711390804213,0.053753556954021064,0.0,0.25,-4.74593431626924e-05,0.5
repeat_2_fold_2,DYNC1LI1,0.0,0.0,0.0,0.0,0.0,-3.910282478805649e-05,0.5
repeat_2_fold_2,DYNLL1,0.8206931701816735,1.4278294887517244,0.7139147443758622,0.10677842580581132,0.5,0.0004457722025839328,0.5
repeat_2_fold_2,E2F5,0.0,0.0,0.0,0.0,0.0,7.820564957614073e-05,0.5
repeat_2_fold_2,ECHS1,0.0,0.0,0.0,0.0,0.0,0.0,0.0
repeat_2_fold_2,EDC3,0.0,0.0,0.0,0.0,0.0,0.0,0.0
repeat_2_fold_2,EDNRB,0.0,0.0,0.0,0.0,0.0,0.0001797836684556131,1.0
repeat_2_fold_2,EEA1,0.0,0.0,0.0,0.0,0.0,-7.909890527124652e-06,0.5
repeat_2_fold_2,EEF1A2,0.0,0.0,0.0,0.0,0.0,0.0,0.0
repeat_2_fold_2,EFNA3,0.1267320018213809,0.1463375107330288,0.0731687553665144,0.05356324645486649,0.5,7.820564957627951e-06,0.5
repeat_2_fold_2,EFNB3,0.0,0.0,0.0,0.0,0.0,0.0,0.0
repeat_2_fold_2,EGFR,-0.040462422345513005,0.08092484469102601,0.040462422345513005,-0.08092484469102601,0.0,-0.0003163956210845975,0.5
repeat_2_fold_2,EGLN1,0.09511868830714931,0.12150062616483376,0.06075031308241688,0.034368375224732434,0.5,0.0007115820855732313,1.0
repeat_2_fold_2,EIF2AK2,0.0,0.0,0.0,0.0,0.0,2.7755575615628914e-17,0.5
repeat_2_fold_2,EIF2B2,0.0,0.0,0.0,0.0,0.0,-3.910282478805649e-05,0.5
repeat_2_fold_2,EIF2S3,0.0,0.0,0.0,0.0,0.0,0.0,0.0
repeat_2_fold_2,EIF3L,0.0,0.0,0.0,0.0,0.0,3.128225983048405e-05,0.5
repeat_2_fold_2,EIF4G2,0.0,0.0,0.0,0.0,0.0,-7.038508461848503e-05,0.5
repeat_2_fold_2,ELF1,0.0,0.0,0.0,0.0,0.0,-7.820564957600196e-06,0.5
repeat_2_fold_2,ELOB,0.08216462242515377,0.09487553375005298,0.04743776687502649,0.03472685555012728,0.5,-0.0002689362779219051,0.5
repeat_2_fold_2,ELP5,0.07372503671874853,0.14745007343749705,0.07372503671874853,0.0,0.25,0.0001265582484338279,0.5
repeat_2_fold_2,EMID1,0.0,0.0,0.0,0.0,0.0,0.0,0.0
repeat_2_fold_2,EMILIN1,0.0,0.0,0.0,0.0,0.0,0.0,0.0
repeat_2_fold_2,EPB41L2,-0.08725303746174973,0.10127970901609319,0.050639854508046596,-0.13789289196979632,0.0,-0.000513160302997917,1.0
repeat_2_fold_2,EPHA3,0.2283749181285195,0.263704640915319,0.1318523204576595,0.09652259767086002,0.5,-9.49186863253848e-05,0.5
repeat_2_fold_2,EPRS1,0.0,0.0,0.0,0.0,0.0,0.0,0.0
repeat_2_fold_2,ERBIN,0.0,0.0,0.0,0.0,0.0,0.0,0.0
repeat_2_fold_2,ESRRB,-0.19871715486496555,0.299418468167555,0.1497092340837775,-0.34842638894874306,0.0,-0.0003378921534283874,1.0
repeat_2_fold_2,EXOSC1,0.0,0.0,0.0,0.0,0.0,0.0,0.0
repeat_2_fold_2,EXOSC2,0.0,0.0,0.0,0.0,0.0,0.0,0.0
repeat_2_fold_2,EXOSC8,0.0,0.0,0.0,0.0,0.0,0.0,0.0
repeat_2_fold_2,F2R,0.1267320018213809,0.1463375107330288,0.0731687553665144,0.05356324645486649,0.5,2.3461694872856098e-05,0.5
repeat_2_fold_2,F5,0.0,0.0,0.0,0.0,0.0,-3.128225983042854e-05,0.5
repeat_2_fold_2,FABP1,-0.0024172563319986295,0.08363047571110815,0.04181523785555408,-0.04423249418755271,0.25,-0.00017880108719101062,1.0
repeat_2_fold_2,FABP3,0.0,0.0,0.0,0.0,0.0,0.0,0.0
repeat_2_fold_2,FADS2,0.0,0.0,0.0,0.0,0.0,-0.0001265582484338279,0.5
repeat_2_fold_2,FAF2,0.2417060094654051,0.2799457828560268,0.1399728914280134,0.10173311803739171,0.5,0.0001423780294880772,0.5
repeat_2_fold_2,FANCI,0.0,0.0,0.0,0.0,0.0,0.0,0.0
repeat_2_fold_2,FBXO11,0.0,0.0,0.0,0.0,0.0,-0.0003875846358286361,0.5
repeat_2_fold_2,FBXO31,0.11418745906425976,0.2283749181285195,0.11418745906425976,0.0,0.25,5.5011931411802495e-05,1.0
repeat_2_fold_2,FBXW11,0.0,0.0,0.0,0.0,0.0,-0.00010904128155903026,1.0
repeat_2_fold_2,FBXW7,0.1848345139136427,0.22231265853582582,0.11115632926791291,0.07367818464572978,0.5,-0.0006644308042776659,0.5
repeat_2_fold_2,FCN1,-0.05298183396882017,0.061186526350329236,0.030593263175164618,-0.08357509714398478,0.0,-0.00023729671581343426,0.5
repeat_2_fold_2,FDPS,0.0,0.0,0.0,0.0,0.0,-0.0006795359807758583,1.0
repeat_2_fold_2,FECH,0.0,0.0,0.0,0.0,0.0,0.0,0.0
repeat_2_fold_2,FER,0.11437616592447775,0.30444495847659514,0.15222247923829757,-0.037846313313819824,0.25,-0.0005299626653167133,0.5
repeat_2_fold_2,FERMT2,0.0,0.0,0.0,0.0,0.0,0.0,0.0
repeat_2_fold_2,FGF7,0.0,0.0,0.0,0.0,0.0,-0.00013294960427939762,0.5
repeat_2_fold_2,FLRT2,0.0,0.0,0.0,0.0,0.0,4.74593431626924e-05,0.5
repeat_2_fold_2,FMO1,0.0,0.0,0.0,0.0,0.0,0.0,0.0
repeat_2_fold_2,FMOD,0.0,0.0,0.0,0.0,0.0,0.0,0.0
repeat_2_fold_2,FNBP1,0.29795475071779265,0.37737534646957743,0.18868767323478872,0.10926707748300393,0.75,0.0003624257551352872,1.0
repeat_2_fold_2,FOLR1,0.0,0.0,0.0,0.0,0.0,-2.37296715813462e-05,0.5
repeat_2_fold_2,FOXA2,0.23046510044680524,0.28461128587052165,0.14230564293526082,0.08815945751154441,0.75,0.00044188196268443725,1.0
repeat_2_fold_2,FOXO1,0.0,0.0,0.0,0.0,0.0,0.0,0.0
repeat_2_fold_2,FSCN1,0.20066918778504572,0.23171281917151942,0.11585640958575971,0.08481277819928601,0.5,0.00045122106232362014,1.0
repeat_2_fold_2,FSHR,0.0,0.0,0.0,0.0,0.0,0.0,0.0
repeat_2_fold_2,FST,0.0,0.0,0.0,0.0,0.0,0.0,0.0
repeat_2_fold_2,FTCD,0.0,0.0,0.0,0.0,0.0,-2.3461694872800587e-05,0.5
repeat_2_fold_2,FUS,0.0,0.0,0.0,0.0,0.0,-2.3461694872828343e-05,0.5
repeat_2_fold_2,FUT9,0.0,0.0,0.0,0.0,0.0,0.0,0.0
repeat_2_fold_2,FYB1,0.0,0.0,0.0,0.0,0.0,1.5641129915255902e-05,0.5
repeat_2_fold_2,FZD4,0.0,0.0,0.0,0.0,0.0,0.0,0.0
repeat_2_fold_2,FZD5,0.0,0.0,0.0,0.0,0.0,0.0,0.0
repeat_2_fold_2,G3BP1,0.0,0.0,0.0,0.0,0.0,0.0001898373726507696,0.5
repeat_2_fold_2,GABPB1,-0.011741181967607872,0.020873939697233924,0.010436969848616962,-0.022178151816224834,0.0,-0.00012655824843385566,0.5
repeat_2_fold_2,GAPVD1,0.03688983470419949,0.04411453032453594,0.02205726516226797,0.014832569541931517,0.5,0.00012655824843385566,0.5
repeat_2_fold_2,GAS2,0.0,0.0,0.0,0.0,0.0,0.0,0.0
repeat_2_fold_2,GBP1,0.0,0.0,0.0,0.0,0.0,-9.491868632535705e-05,1.0
repeat_2_fold_2,GC,0.0,0.0,0.0,0.0,0.0,-1.564112991520039e-05,0.5
repeat_2_fold_2,GDF5,0.0,0.0,0.0,0.0,0.0,0.0,0.0
repeat_2_fold_2,GDNF,0.0,0.0,0.0,0.0,0.0,-0.00011073846737960635,0.5
repeat_2_fold_2,GFER,0.0,0.0,0.0,0.0,0.0,0.0,0.0
repeat_2_fold_2,GFM1,0.04108231121257688,0.08216462242515375,0.041082311212576876,6.938893903907228e-18,0.25,-0.0001563219735827015,1.0
repeat_2_fold_2,GFRA2,0.0,0.0,0.0,0.0,0.0,0.0,0.0
repeat_2_fold_2,GINS4,0.29334194911337796,0.3457722109903345,0.17288610549516725,0.12045584361821071,0.5,0.0003382494557064297,1.0
repeat_2_fold_2,GJA5,0.0,0.0,0.0,0.0,0.0,0.0,0.0
repeat_2_fold_2,GJA9,0.0,0.0,0.0,0.0,0.0,0.0002189758188131663,0.5
repeat_2_fold_2,GLB1,0.0,0.0,0.0,0.0,0.0,-0.000355945073720193,0.5
repeat_2_fold_2,GMPR,0.13280234888924625,0.2656046977784925,0.13280234888924625,0.0,0.25,0.00013446813896095255,0.5
repeat_2_fold_2,GNAI3,0.0,0.0,0.0,0.0,0.0,6.256451966094034e-05,0.5
repeat_2_fold_2,GNG12,0.0,0.0,0.0,0.0,0.0,6.256451966091259e-05,0.5
repeat_2_fold_2,GNG5,0.0,0.0,0.0,0.0,0.0,0.0,0.0
repeat_2_fold_2,GNPDA1,0.0,0.0,0.0,0.0,0.0,4.692338974568444e-05,0.5
repeat_2_fold_2,GOSR1,0.0,0.0,0.0,0.0,0.0,-4.6923389745656685e-05,0.5
repeat_2_fold_2,GPC4,0.0,0.0,0.0,0.0,0.0,0.0,0.0
repeat_2_fold_2,GPR32,0.0,0.0,0.0,0.0,0.0,0.0,0.0
repeat_2_fold_2,GRB2,-0.06463847870673689,0.07465633812508773,0.03732816906254387,-0.10196664776928076,0.0,-0.0003875846358286361,0.5
repeat_2_fold_2,GRM1,0.0,0.0,0.0,0.0,0.0,-0.00025807864360119503,0.5
repeat_2_fold_2,GRPR,0.2824415613246174,0.5578641839779676,0.2789320919889838,0.0035094693356336193,0.5,0.00030500203334690723,0.5
repeat_2_fold_2,GSPT1,0.0,0.0,0.0,0.0,0.0,0.0,0.0
repeat_2_fold_2,GSS,0.0,0.0,0.0,0.0,0.0,0.0,0.0
repeat_2_fold_2,GSTA2,0.13201286944956792,0.15243533142640592,0.07621766571320296,0.05579520373636496,0.5,-2.3461694872828343e-05,0.5
repeat_2_fold_2,GTF2H3,0.0,0.0,0.0,0.0,0.0,0.0,0.0
repeat_2_fold_2,GUCY1A1,-0.12088097074971493,0.15472986295159996,0.07736493147579998,-0.19824590222551491,0.0,-0.0002520445900336121,1.0
repeat_2_fold_2,GYPA,0.0,0.0,0.0,0.0,0.0,-0.00031282259830447967,0.5
repeat_2_fold_2,GZMB,-0.018078485425572666,0.03615697085114533,0.018078485425572666,-0.03615697085114533,0.0,0.00031380517956902665,1.0
repeat_2_fold_2,H2AC14,0.0,0.0,0.0,0.0,0.0,0.0004379516376263326,0.5
repeat_2_fold_2,H2AC25,0.11418745906425976,0.2283749181285195,0.11418745906425976,0.0,0.25,-3.16395621084431e-05,0.5
repeat_2_fold_2,H2AC4,0.0,0.0,0.0,0.0,0.0,0.0,0.0
repeat_2_fold_2,H2AC6,0.0,0.0,0.0,0.0,0.0,-2.3461694872828343e-05,0.5
repeat_2_fold_2,H2AZ1,0.02281031975000225,0.04449088371516449,0.022245441857582246,0.0005648778924200043,0.5,0.000612773159348351,1.0
repeat_2_fold_2,H2BC12L,0.0,0.0,0.0,0.0,0.0,-0.0001423780294880772,0.5
repeat_2_fold_2,H2BC21,0.0,0.0,0.0,0.0,0.0,0.00031639562108462527,0.5
repeat_2_fold_2,H2BC3,0.053753556954021064,0.10750711390804213,0.053753556954021064,0.0,0.25,-0.00020521052585745214,1.0
repeat_2_fold_2,H2BC5,0.0,0.0,0.0,0.0,0.0,2.7755575615628914e-17,0.5
repeat_2_fold_2,H2BC6,0.0,0.0,0.0,0.0,0.0,0.0,0.0
repeat_2_fold_2,H2BC7,0.0,0.0,0.0,0.0,0.0,-3.128225983042854e-05,0.5
repeat_2_fold_2,H2BC9,0.0,0.0,0.0,0.0,0.0,0.0,0.5
repeat_2_fold_2,H3-3B,0.054179939784082976,0.10722587296668638,0.05361293648334319,0.0005670033007397837,0.5,-8.700879579826015e-05,0.5
repeat_2_fold_2,H3C1,0.0,0.0,0.0,0.0,0.0,0.0003910282478806204,0.5
repeat_2_fold_2,H3C3,0.0,0.0,0.0,0.0,0.0,0.0,0.0
repeat_2_fold_2,H4C6,0.0,0.0,0.0,0.0,0.0,0.0,0.0
repeat_2_fold_2,HACD1,0.0,0.0,0.0,0.0,0.0,0.0,0.0
repeat_2_fold_2,HACD2,0.0,0.0,0.0,0.0,0.0,-0.0001423780294880772,0.5
repeat_2_fold_2,HCRTR2,0.0,0.0,0.0,0.0,0.0,0.0,0.0
repeat_2_fold_2,HDAC3,0.0912207653628272,0.18521657910604905,0.09260828955302453,-0.0013875241901973312,0.25,-0.0008759032752525819,0.5
repeat_2_fold_2,HDAC7,0.11144470369291071,0.12868879886428883,0.06434439943214441,0.04710030426076629,0.5,-9.49186863253848e-05,0.5
repeat_2_fold_2,HDC,0.0,0.0,0.0,0.0,0.0,0.0,0.0
repeat_2_fold_2,HEPH,0.053753556954021064,0.10750711390804213,0.053753556954021064,0.0,0.25,-0.00022742166275727116,1.0
repeat_2_fold_2,HEXA,0.0,0.0,0.0,0.0,0.0,0.0,0.0
repeat_2_fold_2,HGFAC,0.0,0.0,0.0,0.0,0.0,0.0,0.0
repeat_2_fold_2,HGSNAT,0.0,0.0,0.0,0.0,0.0,0.0,0.0
repeat_2_fold_2,HK2,0.0,0.0,0.0,0.0,0.0,0.0,0.0
repeat_2_fold_2,HLA-A,0.0,0.0,0.0,0.0,0.0,5.474395470331239e-05,0.5
repeat_2_fold_2,HLA-B,0.0,0.0,0.0,0.0,0.0,0.0,0.0
repeat_2_fold_2,HLA-DMA,0.0,0.0,0.0,0.0,0.0,0.0005630806769481023,0.5
repeat_2_fold_2,HLA-DQB1,0.10835987956817306,0.12512321127608028,0.06256160563804014,0.045798273930132916,0.5,0.00046896592074827104,1.0
repeat_2_fold_2,HLA-DRB5,0.0,0.0,0.0,0.0,0.0,0.0,0.0
repeat_2_fold_2,HMOX1,0.0,0.0,0.0,0.0,0.0,-1.581978105422155e-05,0.5
repeat_2_fold_2,HNRNPL,0.0,0.0,0.0,0.0,0.0,0.0,0.0
repeat_2_fold_2,HOMER1,0.09469889424845412,0.14022253904561208,0.07011126952280604,0.024587624725648086,0.5,0.0006341803661226719,1.0
repeat_2_fold_2,HPRT1,-0.05360172283588582,0.06189393821665278,0.03094696910832639,-0.08454869194421222,0.0,-0.00013446813896095255,0.5
repeat_2_fold_2,HRC,0.0,0.0,0.0,0.0,0.0,0.0,0.0
repeat_2_fold_2,HS3ST3B1,0.0372947285900711,0.0745894571801422,0.0372947285900711,0.0,0.25,-0.00020565715370499116,0.5
repeat_2_fold_2,HS6ST1,0.0,0.0,0.0,0.0,0.0,0.0,0.0
repeat_2_fold_2,HSD17B7,0.0,0.0,0.0,0.0,0.0,0.00011730847436419722,0.5
repeat_2_fold_2,HSPA2,-0.04225454178679833,0.05998958684147277,0.029994793420736385,-0.07224933520753471,0.0,7.775902172862947e-05,1.0
repeat_2_fold_2,HSPA4L,0.043915108179753304,0.05070879905814421,0.025354399529072105,0.0185607086506812,0.5,-0.0003875846358286361,0.5
repeat_2_fold_2,HSPB8,0.0,0.0,0.0,0.0,0.0,-0.000336284293177308,0.5
repeat_2_fold_2,HSPD1,0.0,0.0,0.0,0.0,0.0,5.474395470331239e-05,0.5
repeat_2_fold_2,HTR1B,0.0,0.0,0.0,0.0,0.0,-5.474395470325688e-05,0.5
repeat_2_fold_2,HTR4,0.0,0.0,0.0,0.0,0.0,0.0,0.0
repeat_2_fold_2,HTR7,0.0,0.0,0.0,0.0,0.0,0.0,0.0
repeat_2_fold_2,HTRA1,0.06893120687085563,0.10200599253077046,0.05100299626538523,0.017928210605470403,0.5,0.00030057584003037596,0.5
repeat_2_fold_2,ID1,0.3029643753086617,0.3498331272786453,0.17491656363932265,0.12804781166933907,0.5,0.0010744052281451144,1.0
repeat_2_fold_2,IFI27,0.0,0.0,0.0,0.0,0.0,0.0,0.0
repeat_2_fold_2,IFI44L,0.0,0.0,0.0,0.0,0.0,0.00014859073419465352,0.5
repeat_2_fold_2,IFIT3,0.06336600091069045,0.1267320018213809,0.06336600091069045,0.0,0.25,-8.602621453374093e-05,0.5
repeat_2_fold_2,IFNAR1,0.0,0.0,0.0,0.0,0.0,0.0,0.0
repeat_2_fold_2,IFNAR2,0.3300202802811345,0.39375520556543214,0.19687760278271607,0.13314267749841843,0.5,-0.0007435297095488291,0.5
repeat_2_fold_2,IFT20,0.0,0.0,0.0,0.0,0.0,-0.00015819781054229876,0.5
repeat_2_fold_2,IFT70A,0.21006836017440733,0.27813333299804877,0.13906666649902438,0.07100169367538295,0.5,-0.0001346467900999182,1.0
repeat_2_fold_2,IGF2,0.0,0.0,0.0,0.0,0.0,0.0,0.0
repeat_2_fold_2,IGLC2,0.0,0.0,0.0,0.0,0.0,7.820564957627951e-06,0.5
repeat_2_fold_2,IL12RB2,0.0,0.0,0.0,0.0,0.0,0.00010966656054559043,1.0
repeat_2_fold_2,IL16,0.14384624858319128,0.1339284613505163,0.06696423067525815,0.07688201790793313,0.75,-3.029967856588156e-05,1.0
repeat_2_fold_2,IL17RA,0.0,0.0,0.0,0.0,0.0,0.0,0.0
repeat_2_fold_2,IL32,0.0,0.0,0.0,0.0,0.0,3.16395621084431e-05,0.5
repeat_2_fold_2,IL7R,0.06684928733235829,0.14197920981319267,0.07098960490659634,-0.0041403175742380505,0.5,-0.00032707460426628643,1.0
repeat_2_fold_2,IMPA1,0.0,0.0,0.0,0.0,0.0,-4.6923389745656685e-05,0.5
repeat_2_fold_2,INCENP,0.0,0.0,0.0,0.0,0.0,-0.00011730847436416947,0.5
repeat_2_fold_2,INHBE,0.0,0.0,0.0,0.0,0.0,0.00024520660634058666,0.5
repeat_2_fold_2,INPP1,0.0,0.0,0.0,0.0,0.0,0.0,0.0
repeat_2_fold_2,INPP5F,0.0,0.0,0.0,0.0,0.0,0.00011802307892019859,1.0
repeat_2_fold_2,INSR,0.0,0.0,0.0,0.0,0.0,0.0,0.0
repeat_2_fold_2,INTS3,0.0,0.0,0.0,0.0,0.0,-0.00018733625670469545,1.0
repeat_2_fold_2,INTS6,0.0,0.0,0.0,0.0,0.0,0.0,0.0
repeat_2_fold_2,IP6K2,0.0,0.0,0.0,0.0,0.0,0.0,0.0
repeat_2_fold_2,IQGAP2,0.07361262707243554,0.08500054011205238,0.04250027005602619,0.031112357016409353,0.5,3.954945263556775e-05,0.5
repeat_2_fold_2,IRF2,0.0,0.0,0.0,0.0,0.0,-8.602621453371317e-05,0.5
repeat_2_fold_2,ISG15,0.0,0.0,0.0,0.0,0.0,-8.602621453371317e-05,0.5
repeat_2_fold_2,ITGA3,0.0,0.0,0.0,0.0,0.0,0.0,0.0
repeat_2_fold_2,ITGB2,0.0,0.0,0.0,0.0,0.0,0.0,0.0
repeat_2_fold_2,ITGBL1,0.0,0.0,0.0,0.0,0.0,3.1282259830456294e-05,0.5
repeat_2_fold_2,JAM2,0.0,0.0,0.0,0.0,0.0,-6.256451966088483e-05,0.5
repeat_2_fold_2,JMJD4,0.08499741939232841,0.11888411103529417,0.059442055517647086,0.025555363874681325,0.5,-9.49186863253848e-05,0.5
repeat_2_fold_2,JUNB,0.0,0.0,0.0,0.0,0.0,0.0,0.0
repeat_2_fold_2,KAT8,0.1691072730132852,0.2931045716823481,0.14655228584117405,0.022554987172111157,0.5,-0.0002371180646744131,1.0
repeat_2_fold_2,KCNA3,0.000852765660123822,0.0009846889668563151,0.0004923444834281576,0.0003604211766956645,0.5,0.0023113943749904498,1.0
repeat_2_fold_2,KCND2,0.1267320018213809,0.1463375107330288,0.0731687553665144,0.05356324645486649,0.5,6.256451966091259e-05,0.5
repeat_2_fold_2,KCNE1,0.0,0.0,0.0,0.0,0.0,-0.00022938682528633736,0.5
repeat_2_fold_2,KCNE2,0.0,0.0,0.0,0.0,0.0,-0.00011730847436416947,0.5
repeat_2_fold_2,KCNJ6,0.0,0.0,0.0,0.0,0.0,0.00014077016923705332,1.0
repeat_2_fold_2,KCNN3,0.12751548842192406,0.2565919569499101,0.12829597847495505,-0.0007804900530309911,0.25,-0.0006011516800607519,0.5
repeat_2_fold_2,KCNQ3,0.0,0.0,0.0,0.0,0.0,0.0,0.0
repeat_2_fold_2,KCTD7,0.0,0.0,0.0,0.0,0.0,0.0,0.5
repeat_2_fold_2,KDM3A,0.24884758677573515,0.2892827492660296,0.1446413746330148,0.10420621214272036,0.5,-7.101036360498969e-05,1.0
repeat_2_fold_2,KDM6A,0.002640433814097065,0.00528086762819413,0.002640433814097065,0.0,0.25,0.00024990077636560803,1.0
repeat_2_fold_2,KDM8,0.0,0.0,0.0,0.0,0.0,-5.4743954703284636e-05,0.5
repeat_2_fold_2,KIF23,0.05460632261414844,0.108078614843453,0.0540393074217265,0.0005670151924219366,0.5,0.00024520660634058666,0.5
repeat_2_fold_2,KIF2C,0.0,0.0,0.0,0.0,0.0,0.0,0.0
repeat_2_fold_2,KIF3C,0.0,0.0,0.0,0.0,0.0,9.49186863253848e-05,0.5
repeat_2_fold_2,KIRREL1,0.020691333975417336,0.14163096059863964,0.07081548029931982,-0.05012414632390248,0.25,0.0001750894984306195,1.0
repeat_2_fold_2,KMT5A,0.0,0.0,0.0,0.0,0.0,4.6923389745712196e-05,0.5
repeat_2_fold_2,KNL1,0.11461384189432167,0.2280920799025473,0.11404603995127365,0.0005678019430480213,0.5,-2.37296715813462e-05,0.5
repeat_2_fold_2,KRT15,0.13201286944956792,0.15243533142640592,0.07621766571320296,0.05579520373636496,0.5,0.00022679638377079425,0.5
repeat_2_fold_2,KRT75,0.0,0.0,0.0,0.0,0.0,-0.0005865423718209306,0.5
repeat_2_fold_2,KRT84,0.0,0.0,0.0,0.0,0.0,0.00023461694872839445,0.5
repeat_2_fold_2,KRT9,0.0,0.0,0.0,0.0,0.0,0.00030500203334690723,0.5
repeat_2_fold_2,KRTAP9-9,0.0,0.0,0.0,0.0,0.0,0.0,0.0
repeat_2_fold_2,KTN1,0.0,0.0,0.0,0.0,0.0,0.0,0.0
repeat_2_fold_2,LAMA2,0.0,0.0,0.0,0.0,0.0,0.00010166734444896908,0.5
repeat_2_fold_2,LAMA3,0.2288013009585832,0.2641979029060746,0.1320989514530373,0.0967023495055459,0.5,0.0006385573190282878,1.0
repeat_2_fold_2,LAMTOR2,0.13665249237489263,0.16085362431840491,0.08042681215920246,0.056225680215690174,0.5,-2.37296715813462e-05,0.5
repeat_2_fold_2,LDHC,0.39683011722153694,0.7936602344430739,0.39683011722153694,0.0,0.25,-3.128225983042854e-05,0.5
repeat_2_fold_2,LDLRAP1,0.7963006682571709,0.9194989200996162,0.4597494600498081,0.33655120820736284,0.5,0.00037538711796542,0.5
repeat_2_fold_2,LEF1,0.0,0.0,0.0,0.0,0.0,0.0,0.0
repeat_2_fold_2,LEP,0.0,0.0,0.0,0.0,0.0,-7.038508461848503e-05,0.5
repeat_2_fold_2,LETM1,0.0,0.0,0.0,0.0,0.0,0.0,0.0
repeat_2_fold_2,LHX1,0.07361262707243554,0.08500054011205238,0.04250027005602619,0.031112357016409353,0.5,0.0002135670442321158,0.5
repeat_2_fold_2,LIG1,0.0,0.0,0.0,0.0,0.0,0.0,0.0
repeat_2_fold_2,LIN7A,0.0,0.0,0.0,0.0,0.0,7.038508461854054e-05,0.5
repeat_2_fold_2,LIPA,0.0,0.0,0.0,0.0,0.0,0.0,0.0
repeat_2_fold_2,LIPC,0.0,0.0,0.0,0.0,0.0,-2.37296715813462e-05,0.5
repeat_2_fold_2,LOX,0.1519107722772315,0.1755896655486423,0.08779483277432115,0.06411593950291034,0.5,7.11890147440386e-05,0.5
repeat_2_fold_2,LSM4,0.0,0.0,0.0,0.0,0.0,0.0,0.0
repeat_2_fold_2,LSM6,0.0,0.0,0.0,0.0,0.0,0.0,0.0
repeat_2_fold_2,LSM7,0.0,0.0,0.0,0.0,0.0,7.820564957627951e-06,0.5
repeat_2_fold_2,LTBP3,0.05460632261414844,0.108078614843453,0.0540393074217265,0.0005670151924219366,0.5,6.327912421691395e-05,0.5
repeat_2_fold_2,LTBP4,0.0,0.0,0.0,0.0,0.0,0.0,0.0
repeat_2_fold_2,LYN,0.0,0.0,0.0,0.0,0.0,0.0,0.0
repeat_2_fold_2,MAGI2,0.0,0.0,0.0,0.0,0.0,0.0,0.0
repeat_2_fold_2,MAN2A1,0.0,0.0,0.0,0.0,0.0,0.0,0.0
repeat_2_fold_2,MAP2K6,0.0,0.0,0.0,0.0,0.0,0.0,0.0
repeat_2_fold_2,MAP2K7,0.24955906811504924,0.31863766350422656,0.15931883175211328,0.09024023636293596,0.5,-0.0011163664711572319,1.0
repeat_2_fold_2,MAP3K3,0.041508694042638794,0.08188431438245683,0.040942157191228415,0.0005665368514103791,0.5,0.001996477203428798,1.0
repeat_2_fold_2,MAP4K4,0.0,0.0,0.0,0.0,0.0,-7.820564957611298e-05,0.5
repeat_2_fold_2,MAPKAPK3,0.10706756454874267,0.1401802583463256,0.0700901291731628,0.03697743537557986,0.5,-0.0003067885447369245,1.0
repeat_2_fold_2,MATN4,0.0,0.0,0.0,0.0,0.0,0.0,0.0
repeat_2_fold_2,MCAT,0.0,0.0,0.0,0.0,0.0,0.0,0.0
repeat_2_fold_2,MCCC1,0.0,0.0,0.0,0.0,0.0,0.0005787218068633304,0.5
repeat_2_fold_2,MCFD2,0.0,0.0,0.0,0.0,0.0,6.256451966091259e-05,0.5
repeat_2_fold_2,MCM10,0.14670235926371689,0.17250782616561677,0.08625391308280839,0.0604484461809085,0.5,0.00020333468889793815,0.5
repeat_2_fold_2,MCM6,0.000426382830061911,0.0008527656601238222,0.0004263828300619111,-5.421010862427522e-20,0.25,-2.3818997150815147e-05,1.0
repeat_2_fold_2,MCRS1,-0.079131864567076,0.12857681606406318,0.06428840803203159,-0.14342027259910758,0.0,-0.0011112749136956146,1.0
repeat_2_fold_2,MED23,0.030722866314855324,0.0744468682929731,0.03722343414648655,-0.006500567831631228,0.25,9.49186863253848e-05,0.5
repeat_2_fold_2,MELTF,0.0,0.0,0.0,0.0,0.0,6.256451966091259e-05,0.5
repeat_2_fold_2,MERTK,0.12810887688762485,0.2206609537719204,0.1103304768859602,0.01777840000166464,0.5,-0.00015055589672369196,1.0
repeat_2_fold_2,MFAP4,0.506893182114835,0.3492844759346328,0.1746422379673164,0.33225094414751866,0.75,0.0004569470540240206,1.0
repeat_2_fold_2,MGAT2,0.0,0.0,0.0,0.0,0.0,0.0,0.0
repeat_2_fold_2,MICB,0.0,0.0,0.0,0.0,0.0,0.0,0.0
repeat_2_fold_2,MIEF1,0.0,0.0,0.0,0.0,0.0,-2.3461694872800587e-05,0.5
repeat_2_fold_2,MIF,0.0,0.0,0.0,0.0,0.0,0.0,0.0
repeat_2_fold_2,MIS18A,0.0,0.0,0.0,0.0,0.0,0.0,0.0
repeat_2_fold_2,MKNK1,0.0,0.0,0.0,0.0,0.0,0.0,0.0
repeat_2_fold_2,MKS1,0.0,0.0,0.0,0.0,0.0,0.0,0.0
repeat_2_fold_2,MMADHC,0.08997382012830357,0.17994764025660714,0.08997382012830357,0.0,0.25,0.0006011516800607242,0.5
repeat_2_fold_2,MOCS2,0.0,0.0,0.0,0.0,0.0,0.0,0.0
repeat_2_fold_2,MORC2,0.013911023475577267,0.15569714343757146,0.07784857171878573,-0.06393754824320846,0.25,-0.00023729671581343426,0.5
repeat_2_fold_2,MPC2,0.0,0.0,0.0,0.0,0.0,0.0,0.0
repeat_2_fold_2,MRPS10,0.04831550429394582,0.06503997005181424,0.03251998502590712,0.015795519268038703,0.5,-0.000746883996031289,1.0
repeat_2_fold_2,MRPS15,0.0,0.0,0.0,0.0,0.0,0.0,0.0
repeat_2_fold_2,MRPS34,0.0,0.0,0.0,0.0,0.0,0.00017205242906748186,0.5
repeat_2_fold_2,MRTFA,0.0,0.0,0.0,0.0,0.0,6.292182193889939e-05,1.0
repeat_2_fold_2,MSL1,0.053753556954021064,0.10750711390804213,0.053753556954021064,0.0,0.25,-0.0003401252926659437,0.5
repeat_2_fold_2,MT4,0.0,0.0,0.0,0.0,0.0,0.00011730847436419722,0.5
repeat_2_fold_2,MTAP,0.0,0.0,0.0,0.0,0.0,-0.0006329298081495793,1.0
repeat_2_fold_2,MTHFD2,0.0926487757438359,0.1400166977673605,0.07000834888368025,0.022640426860155646,0.5,4.74593431626924e-05,0.5
repeat_2_fold_2,MTMR2,0.0,0.0,0.0,0.0,0.0,0.0,0.0
repeat_2_fold_2,MYH10,0.05460632261414844,0.108078614843453,0.0540393074217265,0.0005670151924219366,0.5,6.336844978646616e-05,1.0
repeat_2_fold_2,MYH14,0.0,0.0,0.0,0.0,0.0,0.0,0.5
repeat_2_fold_2,MYL7,0.0686858375683439,0.10153440977160633,0.05076720488580316,0.017918632682540736,0.5,0.0004113143074099823,0.5
repeat_2_fold_2,MYLIP,0.0,0.0,0.0,0.0,0.0,0.0,0.0
repeat_2_fold_2,NAB1,0.3105395405536697,0.35858017466536785,0.17929008733268392,0.1312494532209858,0.5,0.0008418920079261705,1.0
repeat_2_fold_2,NANOG,0.002640433814097065,0.00528086762819413,0.002640433814097065,0.0,0.25,-3.9102824788028734e-05,0.5
repeat_2_fold_2,NCAPG2,0.31599420051109206,0.25624403746076646,0.12812201873038323,0.18787218178070883,0.75,1.786511390211576e-07,1.0
repeat_2_fold_2,NCKAP1,0.4656936864359871,0.60381446377828,0.30190723188914,0.1637864545468471,0.5,7.909890527116326e-05,0.5
repeat_2_fold_2,NCL,0.0,0.0,0.0,0.0,0.0,0.0,0.0
repeat_2_fold_2,NCOR1,0.0,0.0,0.0,0.0,0.0,0.00011721914879470052,1.0
repeat_2_fold_2,NCR3,0.0,0.0,0.0,0.0,0.0,0.0,0.0
repeat_2_fold_2,NCSTN,0.0,0.0,0.0,0.0,0.0,7.820564957627951e-06,0.5
repeat_2_fold_2,NDUFS6,0.0,0.0,0.0,0.0,0.0,-6.327912421691395e-05,0.5
repeat_2_fold_2,NDUFV1,0.0,0.0,0.0,0.0,0.0,0.00046141333249916094,0.5
repeat_2_fold_2,NDUFV2,0.0,0.0,0.0,0.0,0.0,0.0,0.0
repeat_2_fold_2,NELFB,0.0,0.0,0.0,0.0,0.0,-4.6834064176159984e-05,1.0
repeat_2_fold_2,NEURL1,0.0,0.0,0.0,0.0,0.0,0.0,0.0
repeat_2_fold_2,NFS1,0.058763867626094424,0.11752773525218886,0.05876386762609443,-6.938893903907228e-18,0.25,-0.00042713408846420386,0.5
repeat_2_fold_2,NFU1,0.15539891910663073,0.24378019805353118,0.12189009902676559,0.03350882007986514,0.5,-0.0004895199569860675,1.0
repeat_2_fold_2,NGLY1,0.0,0.0,0.0,0.0,0.0,0.0,0.0
repeat_2_fold_2,NHERF4,0.0,0.0,0.0,0.0,0.0,-7.820564957600196e-06,0.5
repeat_2_fold_2,NIPA2,0.005480920632182418,0.11303108798661055,0.05651554399330527,-0.051034623361122855,0.25,0.0003875846358286916,1.0
repeat_2_fold_2,NKX2-5,-0.06679694420501292,0.13473330815504614,0.06736665407752307,-0.134163598282536,0.25,7.195285971095533e-06,1.0
repeat_2_fold_2,NLGN4Y,0.13301274906632088,0.15393196326554875,0.07696598163277438,0.0560467674335465,0.5,0.0014155222573278836,0.5
repeat_2_fold_2,NMU,0.0,0.0,0.0,0.0,0.0,0.0,0.0
repeat_2_fold_2,NOX4,0.0,0.0,0.0,0.0,0.0,0.0001798729940251098,0.5
repeat_2_fold_2,NOX5,0.0,0.0,0.0,0.0,0.0,-0.00010948790940656927,0.5
repeat_2_fold_2,NPR2,0.2418653084271032,0.24716118520612032,0.12358059260306016,0.11828471582404303,0.75,0.0007724895045722324,1.0
repeat_2_fold_2,NR2F6,0.0,0.0,0.0,0.0,0.0,0.0,0.0
repeat_2_fold_2,NRG2,0.022520476400599065,0.0798891732793084,0.0399445866396542,-0.017424110239055136,0.25,0.0006802505853318874,0.5
repeat_2_fold_2,NRXN3,0.000426382830061911,0.0008527656601238222,0.0004263828300619111,-5.421010862427522e-20,0.25,5.5458559259313756e-05,1.0
repeat_2_fold_2,NSD2,0.0,0.0,0.0,0.0,0.0,0.0,0.0
repeat_2_fold_2,NT5E,0.0,0.0,0.0,0.0,0.0,0.0,0.0
repeat_2_fold_2,NUCB1,0.1267320018213809,0.1463375107330288,0.0731687553665144,0.05356324645486649,0.5,-1.3765292955630892e-05,1.0
repeat_2_fold_2,NUDT7,-0.057617047839977786,0.11016619538822157,0.05508309769411079,-0.11270014553408858,0.0,-0.000118648357906731,0.5
repeat_2_fold_2,NUMA1,0.0,0.0,0.0,0.0,0.0,0.0,0.0
repeat_2_fold_2,NUP107,0.0,0.0,0.0,0.0,0.0,-0.0001344681389609803,0.5
repeat_2_fold_2,NUP93,0.0,0.0,0.0,0.0,0.0,0.0,0.0
repeat_2_fold_2,ODF2,-0.08084493123427094,0.09335168562144623,0.046675842810723116,-0.12752077404499407,0.0,-0.000118648357906731,0.5
repeat_2_fold_2,OGN,0.0,0.0,0.0,0.0,0.0,0.00032846372821976333,0.5
repeat_2_fold_2,OR10H3,0.0,0.0,0.0,0.0,0.0,0.0,0.0
repeat_2_fold_2,OR12D2,0.0,0.0,0.0,0.0,0.0,0.0,0.0
repeat_2_fold_2,OR2B2,0.0,0.0,0.0,0.0,0.0,0.0,0.0
repeat_2_fold_2,OR2F2,-0.001010862790963074,0.0020217255819261486,0.0010108627909630743,-0.002021725581926148,0.0,-4.790597101020366e-05,1.0
repeat_2_fold_2,OR3A1,0.0,0.0,0.0,0.0,0.0,0.0,0.0
repeat_2_fold_2,OR52A1,0.0,0.0,0.0,0.0,0.0,0.0,0.0
repeat_2_fold_2,OR7E24,0.0,0.0,0.0,0.0,0.0,0.0,0.0
repeat_2_fold_2,OSMR,0.0,0.0,0.0,0.0,0.0,-3.910282478805649e-05,0.5
repeat_2_fold_2,OTOF,0.0,0.0,0.0,0.0,0.0,7.820564957627951e-06,0.5
repeat_2_fold_2,OTUB2,0.0,0.0,0.0,0.0,0.0,8.602621453374093e-05,0.5
repeat_2_fold_2,OVGP1,0.0,0.0,0.0,0.0,0.0,0.0,0.0
repeat_2_fold_2,P2RY6,0.0,0.0,0.0,0.0,0.0,-0.00033628429317733577,0.5
repeat_2_fold_2,PAIP1,-0.040462422345513005,0.08092484469102601,0.040462422345513005,-0.08092484469102601,0.0,-8.700879579828791e-05,0.5
repeat_2_fold_2,PARD6A,0.08333635835302644,0.16667271670605288,0.08333635835302644,0.0,0.25,-5.4743954703284636e-05,0.5
repeat_2_fold_2,PARK7,0.0,0.0,0.0,0.0,0.0,-0.0001955141239403102,0.5
repeat_2_fold_2,PARP2,0.0,0.0,0.0,0.0,0.0,0.0,0.0
repeat_2_fold_2,PAX2,0.0,0.0,0.0,0.0,0.0,0.0,0.0
repeat_2_fold_2,PDE10A,0.0,0.0,0.0,0.0,0.0,0.00042713408846420386,0.5
repeat_2_fold_2,PDE1C,0.0,0.0,0.0,0.0,0.0,0.0,0.0
repeat_2_fold_2,PDE3B,0.0,0.0,0.0,0.0,0.0,0.0,0.0
repeat_2_fold_2,PDHA1,-0.05360172283588582,0.06189393821665278,0.03094696910832639,-0.08454869194421222,0.0,9.49186863253848e-05,0.5
repeat_2_fold_2,PDIA3,0.0,0.0,0.0,0.0,0.0,-2.37296715813462e-05,0.5
repeat_2_fold_2,PDP1,-0.001010862790963074,0.0020217255819261486,0.0010108627909630743,-0.002021725581926148,0.0,-0.00018192748212364496,0.5
repeat_2_fold_2,PDYN,0.0,0.0,0.0,0.0,0.0,4.6923389745712196e-05,0.5
repeat_2_fold_2,PENK,0.0,0.0,0.0,0.0,0.0,0.0,0.0
repeat_2_fold_2,PEX11A,-0.04350430203290756,0.1304524760144837,0.06522623800724185,-0.10873054004014941,0.25,0.00017401759159654806,0.5
repeat_2_fold_2,PFAS,0.0745894571801422,0.08612848636332633,0.043064243181663166,0.03152521399847904,0.5,-3.954945263556775e-05,0.5
repeat_2_fold_2,PFKP,0.20870620215708513,0.30141192569576336,0.15070596284788168,0.05800023930920345,0.5,0.0010264992571349107,1.0
repeat_2_fold_2,PHF21A,-0.031813807957888685,0.06362761591577737,0.031813807957888685,-0.06362761591577737,0.0,0.0,0.5
repeat_2_fold_2,PHKG2,0.003452685834240299,0.06619502784553438,0.03309751392276719,-0.029644828088526892,0.25,-0.0007494744375468598,1.0
repeat_2_fold_2,PI4KA,0.0,0.0,0.0,0.0,0.0,-6.34577753558796e-05,1.0
repeat_2_fold_2,PIEZO1,0.07613749387395963,0.15114010532336983,0.07557005266168491,0.0005674412122747136,0.5,0.00039549452635576077,0.5
repeat_2_fold_2,PIGH,0.0,0.0,0.0,0.0,0.0,0.0,0.0
repeat_2_fold_2,PIGO,0.0,0.0,0.0,0.0,0.0,0.00011730847436422498,0.5
repeat_2_fold_2,PIGQ,0.0,0.0,0.0,0.0,0.0,0.0,0.0
repeat_2_fold_2,PIK3C2A,0.0,0.0,0.0,0.0,0.0,0.0,0.0
repeat_2_fold_2,PIK3CD,0.13538328523127063,0.1039596617417931,0.05197983087089655,0.08340345436037408,0.75,-0.00014353926189156208,1.0
repeat_2_fold_2,PIP5K1A,0.0,0.0,0.0,0.0,0.0,4.5940808481192974e-05,1.0
repeat_2_fold_2,PISD,0.22229992867240256,0.25668984731969247,0.12834492365984623,0.09395500501255633,0.5,1.2872037260663882e-05,1.0
repeat_2_fold_2,PIWIL1,0.0,0.0,0.0,0.0,0.0,-0.00018769355898268225,0.5
repeat_2_fold_2,PKN1,0.23130701692897127,0.18715749865151837,0.09357874932575919,0.13772826760321208,0.75,-0.00024270549039448475,1.0
repeat_2_fold_2,PKP2,0.2625419096915298,0.3102605481368024,0.1551302740684012,0.10741163562312858,0.5,3.9549452635595506e-05,0.5
repeat_2_fold_2,PLAAT3,0.14670235926371689,0.29340471852743377,0.14670235926371689,0.0,0.25,-0.0003675665530077643,0.5
repeat_2_fold_2,PLAAT4,0.0,0.0,0.0,0.0,0.0,-0.000148590734194598,0.5
repeat_2_fold_2,PLCB3,0.0,0.0,0.0,0.0,0.0,3.1282259830456294e-05,0.5
repeat_2_fold_2,PLEKHA2,0.07290222535749535,0.20349778920919143,0.10174889460459571,-0.02884666924710036,0.25,0.00021995840007768552,1.0
repeat_2_fold_2,PLEKHA5,0.0,0.0,0.0,0.0,0.0,-0.0008568185332853695,1.0
repeat_2_fold_2,PLIN2,-0.04103549996069411,0.1215578884307408,0.0607789442153704,-0.1018144441760645,0.25,-0.00035594507372016526,0.5
repeat_2_fold_2,PLK1,-0.022962292067413514,0.042106596566296194,0.021053298283148097,-0.044015590350561615,0.0,-0.00040286846346582195,1.0
repeat_2_fold_2,PLOD3,0.0,0.0,0.0,0.0,0.0,-0.00011073846737960635,0.5
repeat_2_fold_2,PMM1,-0.01846491152725882,0.10407360648441043,0.052036803242205214,-0.07050171476946404,0.25,-0.00026652448754532765,1.0
repeat_2_fold_2,PMVK,0.0,0.0,0.0,0.0,0.0,0.0,0.0
repeat_2_fold_2,PNPLA4,0.14670235926371689,0.17250782616561677,0.08625391308280839,0.0604484461809085,0.5,-0.0002033346888979104,0.5
repeat_2_fold_2,POLQ,0.0675110311209739,0.10169964011497869,0.050849820057489344,0.016661211063484553,0.5,-0.00037078227350983983,1.0
repeat_2_fold_2,POLR2F,0.0,0.0,0.0,0.0,0.0,0.0,0.0
repeat_2_fold_2,POMP,0.0,0.0,0.0,0.0,0.0,0.0,0.0
repeat_2_fold_2,POMT1,0.0,0.0,0.0,0.0,0.0,0.0008993649701254658,0.5
repeat_2_fold_2,PON1,0.0,0.0,0.0,0.0,0.0,-0.00010211397229645258,1.0
repeat_2_fold_2,PON3,0.0,0.0,0.0,0.0,0.0,0.0,0.0
repeat_2_fold_2,POU3F3,0.7886561029929844,1.4285216951761845,0.7142608475880923,0.07439525540489211,0.5,0.0003206431632621354,0.5
repeat_2_fold_2,PPA2,-0.06037226258705175,0.07731382293792483,0.03865691146896241,-0.09902917405601416,0.0,-0.00025329514800667696,1.0
repeat_2_fold_2,PPARGC1A,0.0,0.0,0.0,0.0,0.0,0.0,0.0
repeat_2_fold_2,PPFIBP2,0.0,0.0,0.0,0.0,0.0,-1.564112991520039e-05,0.5
repeat_2_fold_2,PPM1E,0.0,0.0,0.0,0.0,0.0,-0.000118648357906731,0.5
repeat_2_fold_2,PPP1R13B,1.0478697076148293,0.9910878969818148,0.4955439484909074,0.5523257591239219,1.0,0.00042222118214160775,1.0
repeat_2_fold_2,PPP2R2A,-0.002417256332000406,0.004834512664000812,0.002417256332000406,-0.004834512664000812,0.0,-0.0007045654507411292,1.0
repeat_2_fold_2,PRC1,0.09172003767666759,0.18344007535333517,0.09172003767666759,0.0,0.25,2.37296715813462e-05,0.5
repeat_2_fold_2,PRDM9,0.053753556954021064,0.10750711390804213,0.053753556954021064,0.0,0.25,-4.620878518965532e-05,1.0
repeat_2_fold_2,PRELID3A,0.10154215271622569,0.12523952715532438,0.06261976357766219,0.038922389138563496,0.5,3.9549452635595506e-05,0.5
repeat_2_fold_2,PRF1,0.0,0.0,0.0,0.0,0.0,-0.0003206431632621076,0.5
repeat_2_fold_2,PRIM2,0.2547352692528957,0.3148005376530832,0.1574002688265416,0.0973350004263541,0.5,-0.0002576320157536838,1.0
repeat_2_fold_2,PRKAG1,0.0,0.0,0.0,0.0,0.0,1.5641129915255902e-05,0.5
repeat_2_fold_2,PRKAR1A,0.0,0.0,0.0,0.0,0.0,-0.000118648357906731,0.5
repeat_2_fold_2,PRKCZ,0.0,0.0,0.0,0.0,0.0,0.0,0.0
repeat_2_fold_2,PRKD3,0.0,0.0,0.0,0.0,0.0,0.0,0.0
repeat_2_fold_2,PRKRA,0.0,0.0,0.0,0.0,0.0,-3.9102824788028734e-05,0.5
repeat_2_fold_2,PRPF3,0.059286077852481966,0.1977587806837206,0.0988793903418603,-0.039593312489378335,0.25,-0.0008811734838532481,1.0
repeat_2_fold_2,PRPF4,0.0,0.0,0.0,0.0,0.0,7.038508461854054e-05,0.5
repeat_2_fold_2,PRPF40A,0.1267320018213809,0.1463375107330288,0.0731687553665144,0.05356324645486649,0.5,0.000641286326524243,0.5
repeat_2_fold_2,PRSS8,0.0,0.0,0.0,0.0,0.0,0.0,0.0
repeat_2_fold_2,PSAP,0.0,0.0,0.0,0.0,0.0,0.0,0.0
repeat_2_fold_2,PSENEN,0.0,0.0,0.0,0.0,0.0,-0.0001009527398929122,1.0
repeat_2_fold_2,PSG1,0.0,0.0,0.0,0.0,0.0,3.128225983048405e-05,0.5
repeat_2_fold_2,PSMA4,0.03680631353621777,0.07361262707243554,0.03680631353621777,0.0,0.25,-0.00037176485477441457,0.5
repeat_2_fold_2,PSMD7,0.0,0.0,0.0,0.0,0.0,0.0,0.0
repeat_2_fold_2,PSPH,0.0,0.0,0.0,0.0,0.0,0.00029266594950327907,0.5
repeat_2_fold_2,PTEN,0.0,0.0,0.0,0.0,0.0,-0.00011002386282357723,1.0
repeat_2_fold_2,PTP4A2,0.0,0.0,0.0,0.0,0.0,-5.474395470325688e-05,0.5
repeat_2_fold_2,PTPN18,0.0,0.0,0.0,0.0,0.0,5.474395470331239e-05,0.5
repeat_2_fold_2,PTPN4,-0.11265873919215963,0.1400772561597344,0.0700386280798672,-0.18269736727202684,0.0,-0.00044482970647796716,1.0
repeat_2_fold_2,PTPRB,0.0,0.0,0.0,0.0,0.0,0.0,0.0
repeat_2_fold_2,PTPRK,0.1905703222407329,0.3811406444814658,0.1905703222407329,0.0,0.25,-0.00041788431439454543,1.0
repeat_2_fold_2,PYCARD,0.0,0.0,0.0,0.0,0.0,0.0,0.0
repeat_2_fold_2,PYCR3,0.0,0.0,0.0,0.0,0.0,0.0,0.0
repeat_2_fold_2,PYGB,0.0,0.0,0.0,0.0,0.0,0.0,0.0
repeat_2_fold_2,QDPR,0.0,0.0,0.0,0.0,0.0,3.9549452635595506e-05,0.5
repeat_2_fold_2,RAB11FIP3,0.0,0.0,0.0,0.0,0.0,-0.00025025807864359484,0.5
repeat_2_fold_2,RAB22A,0.000852765660123822,0.0009846889668563151,0.0004923444834281576,0.0003604211766956645,0.5,-0.00015819781054229876,0.5
repeat_2_fold_2,RAB40B,1.3442370645760988,1.653537509196475,0.8267687545982375,0.5174683099778613,0.5,1.5641129915255902e-05,0.5
repeat_2_fold_2,RAB40C,0.04077452547798899,0.11944601750461668,0.05972300875230834,-0.018948483274319354,0.25,-0.00017464287058302497,1.0
repeat_2_fold_2,RAB5A,0.2188020159879951,0.2529635404000372,0.1264817702000186,0.09232024578797648,0.5,-0.0005863144802709941,1.0
repeat_2_fold_2,RAB8B,0.0,0.0,0.0,0.0,0.0,-6.327912421691395e-05,0.5
repeat_2_fold_2,RABGEF1,0.20474732955450037,0.2847988484003838,0.1423994242001919,0.06234790535430848,0.5,-2.5426857401894543e-05,1.0
repeat_2_fold_2,RAC2,0.0,0.0,0.0,0.0,0.0,-2.2925741455792625e-05,1.0
repeat_2_fold_2,RAD21,0.11418745906425976,0.2283749181285195,0.11418745906425976,0.0,0.25,0.0003796747453015392,0.5
repeat_2_fold_2,RAD52,0.0,0.0,0.0,0.0,0.0,-7.820564957608522e-05,0.5
repeat_2_fold_2,RANBP2,0.0,0.0,0.0,0.0,0.0,0.0,0.0
repeat_2_fold_2,RANGAP1,0.0,0.0,0.0,0.0,0.0,-1.564112991520039e-05,0.5
repeat_2_fold_2,RBKS,-0.05360172283588582,0.06189393821665278,0.03094696910832639,-0.08454869194421222,0.0,2.37296715813462e-05,0.5
repeat_2_fold_2,RBM4,-0.03526740734831435,0.22855811543994944,0.11427905771997472,-0.14954646506828906,0.5,0.001487247225488958,1.0
repeat_2_fold_2,RBM8A,0.0,0.0,0.0,0.0,0.0,0.0003206431632621354,0.5
repeat_2_fold_2,RDH5,0.18877691624440196,0.286854843017277,0.1434274215086385,0.04534949473576347,0.5,7.909890527116326e-05,0.5
repeat_2_fold_2,RECK,0.0,0.0,0.0,0.0,0.0,0.0,0.0
repeat_2_fold_2,REG1A,0.20803737535661426,0.24135737254024794,0.12067868627012397,0.08735868908649029,0.5,-1.5819781054249304e-05,0.5
repeat_2_fold_2,RGL1,0.20901148177940065,0.24135131572815877,0.12067565786407938,0.08833582391532127,0.5,0.0002675070688098746,1.0
repeat_2_fold_2,RGS2,0.0,0.0,0.0,0.0,0.0,7.038508461854054e-05,0.5
repeat_2_fold_2,RHCE,0.0,0.0,0.0,0.0,0.0,0.0,0.0
repeat_2_fold_2,RHOA,0.0,0.0,0.0,0.0,0.0,0.0002309053599678923,1.0
repeat_2_fold_2,RNASE2,0.044856273733159924,0.08971254746631985,0.044856273733159924,0.0,0.25,-0.0006802505853318874,0.5
repeat_2_fold_2,RND1,0.0,0.0,0.0,0.0,0.0,0.0,0.0
repeat_2_fold_2,RNF144A,0.021957554089876652,0.043915108179753304,0.021957554089876652,0.0,0.25,0.0002900755079877082,1.0
repeat_2_fold_2,RNF19B,-0.03997950739658762,0.046164358714977,0.0230821793574885,-0.06306168675407611,0.0,-0.00015028792001520186,0.5
repeat_2_fold_2,RNF216,0.0,0.0,0.0,0.0,0.0,-0.0001955141239403102,0.5
repeat_2_fold_2,RNF5,0.0,0.0,0.0,0.0,0.0,0.0,0.0
repeat_2_fold_2,RPA2,0.08333635835302644,0.16667271670605288,0.08333635835302644,0.0,0.25,-3.910282478805649e-05,0.5
repeat_2_fold_2,RPA4,0.0,0.0,0.0,0.0,0.0,0.0,0.0
repeat_2_fold_2,RPIA,0.021336611777403647,0.11442857089382541,0.057214285446912705,-0.03587767366950906,0.75,0.0004891626547081085,1.0
repeat_2_fold_2,RPL10,0.0,0.0,0.0,0.0,0.0,-2.37296715813462e-05,0.5
repeat_2_fold_2,RPL10L,0.0,0.0,0.0,0.0,0.0,-0.0001423780294880772,0.5
repeat_2_fold_2,RPL15,0.0,0.0,0.0,0.0,0.0,0.0002267963837707665,0.5
repeat_2_fold_2,RPL29,-0.018504868255636353,0.10414692868281593,0.052073464341407964,-0.07057833259704432,0.25,0.00031639562108462527,0.5
repeat_2_fold_2,RPL34,0.043915108179753304,0.05070879905814421,0.025354399529072105,0.0185607086506812,0.5,0.00046994850201279026,1.0
repeat_2_fold_2,RPL39,0.0,0.0,0.0,0.0,0.0,0.0,0.0
repeat_2_fold_2,RPLP1,0.0,0.0,0.0,0.0,0.0,0.0,0.0
repeat_2_fold_2,RPLP2,0.09778255679960957,0.24935211416187839,0.12467605708093919,-0.026893500281329627,0.25,0.0005060543425964015,1.0
repeat_2_fold_2,RPP25,0.0,0.0,0.0,0.0,0.0,0.0,0.0
repeat_2_fold_2,RPP38,0.06336600091069045,0.1267320018213809,0.06336600091069045,0.0,0.25,-8.602621453371317e-05,0.5
repeat_2_fold_2,RPS17,0.0,0.0,0.0,0.0,0.0,0.0002926659495032513,0.5
repeat_2_fold_2,RPS2,0.0,0.0,0.0,0.0,0.0,-6.32791242169417e-05,0.5
repeat_2_fold_2,RPS21,0.0,0.0,0.0,0.0,0.0,-3.954945263556775e-05,0.5
repeat_2_fold_2,RPS27A,0.0,0.0,0.0,0.0,0.0,0.0,0.0
repeat_2_fold_2,RPS28,0.10313674009126039,0.11935631799843166,0.05967815899921583,0.04345858109204456,0.5,0.00039549452635576077,0.5
repeat_2_fold_2,RPS3,0.0031763005546316947,0.024735532276439768,0.012367766138219884,-0.00919146558358819,0.25,-0.0005457824463709349,0.5
repeat_2_fold_2,RPS3A,0.0,0.0,0.0,0.0,0.0,0.0,0.0
repeat_2_fold_2,RPS4X,0.2473101647295337,0.17411929943058838,0.08705964971529419,0.16025051501423954,1.0,0.0009352921595700281,1.0
repeat_2_fold_2,RRAD,0.0868302018022753,0.11899879532992781,0.059499397664963906,0.02733080413731139,0.5,-0.00039549452635576077,0.5
repeat_2_fold_2,RRAGA,0.0,0.0,0.0,0.0,0.0,0.0,0.0
repeat_2_fold_2,RRM2,0.0,0.0,0.0,0.0,0.0,1.5641129915255902e-05,0.5
repeat_2_fold_2,RWDD3,0.0,0.0,0.0,0.0,0.0,0.0001502879200151741,0.5
repeat_2_fold_2,S100A7,0.000426382830061911,0.0008527656601238222,0.0004263828300619111,-5.421010862427522e-20,0.25,-3.16395621084431e-05,0.5
repeat_2_fold_2,S100P,0.0,0.0,0.0,0.0,0.0,-0.00010166734444894132,0.5
repeat_2_fold_2,SAMM50,0.0,0.0,0.0,0.0,0.0,-2.3461694872828343e-05,0.5
repeat_2_fold_2,SAP130,-0.0035725876413099655,0.07765673090589122,0.03882836545294561,-0.042400953094255574,0.25,-0.0003084857305575006,0.5
repeat_2_fold_2,SAP30BP,0.0,0.0,0.0,0.0,0.0,0.0,0.0
repeat_2_fold_2,SARM1,0.06336600091069045,0.1267320018213809,0.06336600091069045,0.0,0.25,0.00022679638377079425,0.5
repeat_2_fold_2,SARS1,0.0,0.0,0.0,0.0,0.0,0.0,0.0
repeat_2_fold_2,SCAP,0.11690181764084073,0.1833205163312292,0.0916602581656146,0.025241559475226133,0.5,-0.00026670313868432105,1.0
repeat_2_fold_2,SCARB1,0.0,0.0,0.0,0.0,0.0,0.0,0.0
repeat_2_fold_2,SCCPDH,0.04294528843413836,0.0611944023792069,0.03059720118960345,0.012348087244534914,0.5,0.0001423780294880772,0.5
repeat_2_fold_2,SCD5,0.0,0.0,0.0,0.0,0.0,0.0001661077010694234,0.5
repeat_2_fold_2,SCNN1G,0.18218922879025712,0.24207442024212683,0.12103721012106342,0.0611520186691937,0.5,-0.00018192748212364496,0.5
repeat_2_fold_2,SCUBE2,0.0,0.0,0.0,0.0,0.0,-0.00011002386282357723,1.0
repeat_2_fold_2,SDK2,0.0,0.0,0.0,0.0,0.0,0.0,0.0
repeat_2_fold_2,SEC23A,-0.10612259488630826,0.36475978471795156,0.18237989235897578,-0.28850248724528404,0.25,0.0012356492633028016,0.5
repeat_2_fold_2,SEC31A,0.0,0.0,0.0,0.0,0.0,-3.1282259830456294e-05,0.5
repeat_2_fold_2,SEMA7A,0.0,0.0,0.0,0.0,0.0,0.0,0.0
repeat_2_fold_2,SEPTIN2,0.33673479769668546,0.38882785219139104,0.19441392609569552,0.14232087160098994,0.5,-3.954945263556775e-05,0.5
repeat_2_fold_2,SERINC1,0.0,0.0,0.0,0.0,0.0,0.0,0.0
repeat_2_fold_2,SERINC3,0.0,0.0,0.0,0.0,0.0,-0.0001418420760710415,1.0
repeat_2_fold_2,SERP1,0.0,0.0,0.0,0.0,0.0,0.0,0.0
repeat_2_fold_2,SERPINB1,0.0,0.0,0.0,0.0,0.0,-1.564112991520039e-05,0.5
repeat_2_fold_2,SERPIND1,0.0,0.0,0.0,0.0,0.0,-7.065306132700289e-05,1.0
repeat_2_fold_2,SF1,0.0,0.0,0.0,0.0,0.0,0.00010948790940659703,0.5
repeat_2_fold_2,SHOC2,0.0,0.0,0.0,0.0,0.0,0.0,0.0
repeat_2_fold_2,SIGLEC15,0.06336600091069045,0.1267320018213809,0.06336600091069045,0.0,0.25,-0.0002346169487283667,0.5
repeat_2_fold_2,SIGLEC9,0.11418745906425976,0.2283749181285195,0.11418745906425976,0.0,0.25,-3.163956210847085e-05,0.5
repeat_2_fold_2,SIRT1,0.0,0.0,0.0,0.0,0.0,0.00013446813896095255,0.5
repeat_2_fold_2,SIX2,0.0,0.0,0.0,0.0,0.0,6.32791242169417e-05,0.5
repeat_2_fold_2,SLC13A1,0.0,0.0,0.0,0.0,0.0,0.0,0.0
repeat_2_fold_2,SLC16A3,0.0,0.0,0.0,0.0,0.0,0.0007116714111427558,0.5
repeat_2_fold_2,SLC18A2,0.2283749181285195,0.263704640915319,0.1318523204576595,0.09652259767086002,0.5,0.0004535034419720363,1.0
repeat_2_fold_2,SLC19A3,0.0,0.0,0.0,0.0,0.0,0.0,0.0
repeat_2_fold_2,SLC22A17,0.0,0.0,0.0,0.0,0.0,0.0,0.0
repeat_2_fold_2,SLC24A3,0.0,0.0,0.0,0.0,0.0,0.0,0.0
repeat_2_fold_2,SLC25A16,0.16662942773933231,0.34175823973059327,0.17087911986529664,-0.004249692125964322,0.25,0.00011927363689326342,1.0
repeat_2_fold_2,SLC25A32,0.014932280614322835,0.02986456122864567,0.014932280614322835,0.0,0.25,-0.00013446813896095255,0.5
repeat_2_fold_2,SLC27A5,0.0,0.0,0.0,0.0,0.0,0.00016423186410988166,0.5
repeat_2_fold_2,SLC2A14,0.0,0.0,0.0,0.0,0.0,0.0,0.0
repeat_2_fold_2,SLC38A2,0.0,0.0,0.0,0.0,0.0,-0.0001642318641098539,0.5
repeat_2_fold_2,SLC3A2,0.0,0.0,0.0,0.0,0.0,0.0,0.0
repeat_2_fold_2,SLC43A1,0.02047266864721564,0.04094533729443128,0.02047266864721564,0.0,0.25,7.900957970166655e-05,1.0
repeat_2_fold_2,SLC5A6,0.0,0.0,0.0,0.0,0.0,0.0,0.0
repeat_2_fold_2,SLC6A6,0.021957554089876652,0.043915108179753304,0.021957554089876652,0.0,0.25,-0.00014246735505754615,1.0
repeat_2_fold_2,SLC7A1,0.0,0.0,0.0,0.0,0.0,-9.384677949134113e-05,0.5
repeat_2_fold_2,SLC7A11,0.0,0.0,0.0,0.0,0.0,4.692338974568444e-05,0.5
repeat_2_fold_2,SLC7A5,0.18828850119054863,0.28694638730394656,0.14347319365197328,0.04481530753857535,0.5,0.0008463582864013108,0.5
repeat_2_fold_2,SLC9A1,0.0,0.0,0.0,0.0,0.0,-0.00011073846737960635,0.5
repeat_2_fold_2,SLC9A5,0.0,0.0,0.0,0.0,0.0,-0.00010948790940654152,0.5
repeat_2_fold_2,SLCO3A1,0.07571111104389772,0.15142222208779543,0.07571111104389772,0.0,0.25,-7.909890527124652e-06,0.5
repeat_2_fold_2,SMARCC2,0.0,0.0,0.0,0.0,0.0,0.0,0.5
repeat_2_fold_2,SMC1A,0.18214438430180913,0.21670100822365923,0.10835050411182962,0.07379388018997951,1.0,0.00032207237237416586,1.0
repeat_2_fold_2,SMC6,0.0,0.0,0.0,0.0,0.0,0.0,0.0
repeat_2_fold_2,SMPD4,0.0,0.0,0.0,0.0,0.0,-0.0001407701692369978,0.5
repeat_2_fold_2,SMU1,0.0,0.0,0.0,0.0,0.0,-7.909890527116326e-05,0.5
repeat_2_fold_2,SNAPC3,0.24524516080617964,0.36370459974399594,0.18185229987199797,0.06339286093418167,0.5,7.909890527124652e-06,0.5
repeat_2_fold_2,SNCAIP,0.0,0.0,0.0,0.0,0.0,0.00018769355898271,0.5
repeat_2_fold_2,SND1,0.11418745906425976,0.2283749181285195,0.11418745906425976,0.0,0.25,-0.000237296715813462,0.5
repeat_2_fold_2,SNRNP40,0.0,0.0,0.0,0.0,0.0,0.0,0.0
repeat_2_fold_2,SNRPD3,0.20223081831972323,0.34106009826207573,0.17053004913103786,0.03170076918868536,0.5,-0.00015028792001520186,0.5
repeat_2_fold_2,SNX5,0.0,0.0,0.0,0.0,0.0,0.0,0.0
repeat_2_fold_2,SOCS2,0.053753556954021064,0.10750711390804213,0.053753556954021064,0.0,0.25,-0.00013455746453044926,1.0
repeat_2_fold_2,SOX1,-0.056493031960046736,0.18509186004729053,0.09254593002364526,-0.149038961983692,0.25,7.90989052711355e-05,0.5
repeat_2_fold_2,SOX13,0.0,0.0,0.0,0.0,0.0,0.0,0.0
repeat_2_fold_2,SOX9,-0.040462422345513005,0.08092484469102601,0.040462422345513005,-0.08092484469102601,0.0,-0.0001264689228643312,1.0
repeat_2_fold_2,SPATA2,0.04108231121257688,0.08216462242515375,0.041082311212576876,6.938893903907228e-18,0.25,0.00016646500334746572,1.0
repeat_2_fold_2,SPINK1,0.0,0.0,0.0,0.0,0.0,0.0,0.0
repeat_2_fold_2,SPINT2,0.0,0.0,0.0,0.0,0.0,0.0,0.0
repeat_2_fold_2,SPOCK3,0.0,0.0,0.0,0.0,0.0,0.0,0.0
repeat_2_fold_2,SPTAN1,0.0,0.0,0.0,0.0,0.0,0.0,0.0
repeat_2_fold_2,SPTB,-0.031813807957888685,0.06362761591577737,0.031813807957888685,-0.06362761591577737,0.0,3.163956210847085e-05,0.5
repeat_2_fold_2,SRD5A1,0.0,0.0,0.0,0.0,0.0,-0.00018769355898268225,0.5
repeat_2_fold_2,SRY,-0.02553014173119017,0.09514153925481444,0.04757076962740722,-0.07310091135859739,0.25,-0.00022147693475924046,0.5
repeat_2_fold_2,SSB,0.10453075425135516,0.12610665480769967,0.06305332740384983,0.04147742684750533,0.5,0.0002610263873948082,0.5
repeat_2_fold_2,SSR4,0.11418745906425976,0.2283749181285195,0.11418745906425976,0.0,0.25,0.0006277890102770745,1.0
repeat_2_fold_2,ST6GAL1,0.1267320018213809,0.1463375107330288,0.0731687553665144,0.05356324645486649,0.5,-0.00023622480897941833,1.0
repeat_2_fold_2,STAT3,0.0,0.0,0.0,0.0,0.0,7.820564957614073e-05,0.5
repeat_2_fold_2,STAT5B,0.014932280614322835,0.02986456122864567,0.014932280614322835,0.0,0.25,-0.0009175473011453494,0.5
repeat_2_fold_2,STK26,0.2854995933800524,0.4058906199026519,0.20294530995132595,0.08255428342872642,0.5,7.909890527124652e-06,0.5
repeat_2_fold_2,STMN2,0.0,0.0,0.0,0.0,0.0,-0.00010166734444894132,0.5
repeat_2_fold_2,STOML2,-0.040462422345513005,0.08092484469102601,0.040462422345513005,-0.08092484469102601,0.0,7.909890527116326e-05,0.5
repeat_2_fold_2,STX1A,0.0,0.0,0.0,0.0,0.0,0.0004034044168828854,0.5
repeat_2_fold_2,STX3,0.0,0.0,0.0,0.0,0.0,0.0,0.0
repeat_2_fold_2,SUMO1,0.26827354798597725,0.3587832940274978,0.1793916470137489,0.08888190097222834,0.5,0.00017401759159654806,0.5
repeat_2_fold_2,SUPV3L1,0.34124388666153926,0.29684390705558217,0.14842195352779108,0.19282193313374818,0.75,0.00017790783149601586,1.0
repeat_2_fold_2,SWAP70,0.002640433814097065,0.00528086762819413,0.002640433814097065,0.0,0.25,0.00017205242906750962,0.5
repeat_2_fold_2,SYNE1,0.04655554199385037,0.04785453688619592,0.02392726844309796,0.02262827355075241,0.75,-0.00014371791303058323,1.0
repeat_2_fold_2,TAAR5,0.0,0.0,0.0,0.0,0.0,-0.0002971814683892515,0.5
repeat_2_fold_2,TAF2,0.0,0.0,0.0,0.0,0.0,5.4743954703284636e-05,0.5
repeat_2_fold_2,TAF5,0.0,0.0,0.0,0.0,0.0,2.7755575615628914e-17,0.5
repeat_2_fold_2,TAP1,0.0,0.0,0.0,0.0,0.0,0.0,0.0
repeat_2_fold_2,TAP2,0.04108231121257688,0.08216462242515375,0.041082311212576876,6.938893903907228e-18,0.25,-0.00027684616844902976,0.5
repeat_2_fold_2,TAS2R4,0.0,0.0,0.0,0.0,0.0,-6.327912421691395e-05,0.5
repeat_2_fold_2,TATDN2,0.0,0.0,0.0,0.0,0.0,0.0,0.0
repeat_2_fold_2,TBXAS1,0.0,0.0,0.0,0.0,0.0,4.74593431626924e-05,0.5
repeat_2_fold_2,TCN1,0.0,0.0,0.0,0.0,0.0,0.0,0.0
repeat_2_fold_2,TCN2,0.0,0.0,0.0,0.0,0.0,-0.00014237802948804945,1.0
repeat_2_fold_2,TCTN2,0.0,0.0,0.0,0.0,0.0,0.0,0.0
repeat_2_fold_2,TDG,0.0,0.0,0.0,0.0,0.0,0.0,0.0
repeat_2_fold_2,TEX12,-0.001010862790963074,0.0020217255819261486,0.0010108627909630743,-0.002021725581926148,0.0,-7.990283539663356e-05,1.0
repeat_2_fold_2,TEX264,0.0,0.0,0.0,0.0,0.0,-6.256451966088483e-05,0.5
repeat_2_fold_2,TFDP2,0.000426382830061911,0.0008527656601238222,0.0004263828300619111,-5.421010862427522e-20,0.25,-0.0003544265390386103,1.0
repeat_2_fold_2,TFIP11,0.0,0.0,0.0,0.0,0.0,0.0002267963837707665,0.5
repeat_2_fold_2,TGFBR3,0.0,0.0,0.0,0.0,0.0,0.0,0.0
repeat_2_fold_2,THBD,0.0,0.0,0.0,0.0,0.0,-3.128225983042854e-05,0.5
repeat_2_fold_2,THOC7,-0.11980068673546462,0.1471953233143064,0.0735976616571532,-0.19339834839261782,0.0,-0.00013446813896095255,0.5
repeat_2_fold_2,THOP1,0.0,0.0,0.0,0.0,0.0,-0.00018769355898268225,0.5
repeat_2_fold_2,THSD4,0.0,0.0,0.0,0.0,0.0,0.0,0.0
repeat_2_fold_2,THSD7A,0.03680631353621777,0.07361262707243554,0.03680631353621777,0.0,0.25,6.32791242169417e-05,0.5
repeat_2_fold_2,THTPA,0.0,0.0,0.0,0.0,0.0,0.0,0.0
repeat_2_fold_2,TIMM10,0.0,0.0,0.0,0.0,0.0,-0.0001740175915965203,0.5
repeat_2_fold_2,TIMM17B,0.0,0.0,0.0,0.0,0.0,0.0,0.5
repeat_2_fold_2,TIMM22,0.08216462242515377,0.09487553375005298,0.04743776687502649,0.03472685555012728,0.5,-0.0002751489826284814,1.0
repeat_2_fold_2,TK1,0.0,0.0,0.0,0.0,0.0,0.0,0.0
repeat_2_fold_2,TK2,0.0,0.0,0.0,0.0,0.0,0.0,0.0
repeat_2_fold_2,TKT,0.0,0.0,0.0,0.0,0.0,0.0,0.0
repeat_2_fold_2,TLE4,0.0,0.0,0.0,0.0,0.0,3.9102824788084245e-05,0.5
repeat_2_fold_2,TLL2,0.0,0.0,0.0,0.0,0.0,-0.00010247127457446714,1.0
repeat_2_fold_2,TLR1,0.0,0.0,0.0,0.0,0.0,0.0,0.0
repeat_2_fold_2,TLR8,0.0,0.0,0.0,0.0,0.0,0.0,0.0
repeat_2_fold_2,TMOD3,0.0,0.0,0.0,0.0,0.0,0.0,0.0
repeat_2_fold_2,TMPRSS2,0.06336600091069045,0.1267320018213809,0.06336600091069045,0.0,0.25,0.00022661773263180085,1.0
repeat_2_fold_2,TNFRSF17,1.4969090173683277,1.7449591439226828,0.8724795719613414,0.6244294454069863,0.75,0.0003430329513009478,1.0
repeat_2_fold_2,TNIK,0.27717592347293873,0.3327099839824986,0.1663549919912493,0.11082093148168942,0.5,0.0006486110232234443,0.5
repeat_2_fold_2,TNIP3,0.0,0.0,0.0,0.0,0.0,-7.14569914525287e-05,1.0
repeat_2_fold_2,TNR,0.0,0.0,0.0,0.0,0.0,-7.909890527096897e-06,1.0
repeat_2_fold_2,TNXB,0.0,0.0,0.0,0.0,0.0,0.0,0.0
repeat_2_fold_2,TOMM7,0.000852765660123822,0.0009846889668563151,0.0004923444834281576,0.0003604211766956645,0.5,-1.5819781054249304e-05,0.5
repeat_2_fold_2,TOR1AIP1,0.0,0.0,0.0,0.0,0.0,9.49186863253848e-05,0.5
repeat_2_fold_2,TPD52,0.021957554089876652,0.043915108179753304,0.021957554089876652,0.0,0.25,-8.700879579828791e-05,0.5
repeat_2_fold_2,TPO,0.014932280614322835,0.02986456122864567,0.014932280614322835,0.0,0.25,0.0004739681526403916,1.0
repeat_2_fold_2,TRADD,0.1073490167772082,0.12396695844833087,0.06198347922416544,0.04536553755304277,0.5,0.00016610770106939565,0.5
repeat_2_fold_2,TRAP1,0.0,0.0,0.0,0.0,0.0,0.0,0.0
repeat_2_fold_2,TRAPPC2,0.043915108179753304,0.05070879905814421,0.025354399529072105,0.0185607086506812,0.5,0.00030057584003037596,0.5
repeat_2_fold_2,TREM1,0.0,0.0,0.0,0.0,0.0,0.0,0.0
repeat_2_fold_2,TRIM25,0.0,0.0,0.0,0.0,0.0,0.0,0.0
repeat_2_fold_2,TRIM26,0.04778396342550906,0.09556792685101811,0.04778396342550906,0.0,0.25,-0.0003597459880501641,0.5
repeat_2_fold_2,TRIM36,0.0,0.0,0.0,0.0,0.0,0.0,0.0
repeat_2_fold_2,TRIM37,0.0,0.0,0.0,0.0,0.0,-0.0001955141239403102,0.5
repeat_2_fold_2,TRIM68,0.3649895537458878,1.1376363898693471,0.5688181949346736,-0.20382864118878574,0.25,0.0003362842931773635,0.5
repeat_2_fold_2,TRMT112,0.0,0.0,0.0,0.0,0.0,-0.00023443829758934553,1.0
repeat_2_fold_2,TRRAP,0.0,0.0,0.0,0.0,0.0,0.0,0.0
repeat_2_fold_2,TTLL4,0.0,0.0,0.0,0.0,0.0,0.0005943629367785586,0.5
repeat_2_fold_2,TUBA8,0.0,0.0,0.0,0.0,0.0,0.0,0.0
repeat_2_fold_2,TUBGCP3,0.0,0.0,0.0,0.0,0.0,7.820564957614073e-05,0.5
repeat_2_fold_2,TWF2,0.0,0.0,0.0,0.0,0.0,-1.581978105422155e-05,0.5
repeat_2_fold_2,TYW1,0.0,0.0,0.0,0.0,0.0,-0.00022938682528633736,0.5
repeat_2_fold_2,UBE2J1,0.0,0.0,0.0,0.0,0.0,-7.82056495757244e-06,0.5
repeat_2_fold_2,UBE2V2,0.0,0.0,0.0,0.0,0.0,0.0,0.0
repeat_2_fold_2,UBN1,0.14018674414958987,0.18784060822963672,0.09392030411481836,0.04626644003477151,0.5,0.0001479654552081211,1.0
repeat_2_fold_2,UCK2,0.11966837969644217,0.2249584971943085,0.11247924859715425,0.0071891310992879265,0.5,9.49186863253848e-05,0.5
repeat_2_fold_2,UCN,0.0,0.0,0.0,0.0,0.0,0.0,0.0
repeat_2_fold_2,UGT1A8,0.031672584929394176,0.06221334428872597,0.031106672144362985,0.0005659127850311911,0.5,0.00018192748212364496,0.5
repeat_2_fold_2,UIMC1,0.0,0.0,0.0,0.0,0.0,0.0,0.0
repeat_2_fold_2,ULBP1,0.0,0.0,0.0,0.0,0.0,0.00011730847436419722,0.5
repeat_2_fold_2,UMPS,0.0,0.0,0.0,0.0,0.0,0.0,0.0
repeat_2_fold_2,UQCR11,0.2283749181285195,0.263704640915319,0.1318523204576595,0.09652259767086002,0.5,-7.11890147440386e-05,0.5
repeat_2_fold_2,URM1,0.0,0.0,0.0,0.0,0.0,0.0,0.0
repeat_2_fold_2,USP11,0.0,0.0,0.0,0.0,0.0,-8.700879579826015e-05,0.5
repeat_2_fold_2,USP2,0.0,0.0,0.0,0.0,0.0,0.0,0.0
repeat_2_fold_2,USP4,0.04778396342550906,0.09556792685101811,0.04778396342550906,0.0,0.25,0.00037538711796542,0.5
repeat_2_fold_2,USP48,-0.011868580803620077,0.02373716160724015,0.011868580803620075,-0.023737161607240154,0.0,-9.447205847784579e-05,1.0
repeat_2_fold_2,VARS1,0.0,0.0,0.0,0.0,0.0,0.0,0.0
repeat_2_fold_2,VASP,0.0,0.0,0.0,0.0,0.0,0.0,0.0
repeat_2_fold_2,VCP,0.0,0.0,0.0,0.0,0.0,3.1728887678023066e-05,1.0
repeat_2_fold_2,VEGFA,0.053753556954021064,0.10750711390804213,0.053753556954021064,0.0,0.25,-9.49186863253848e-05,0.5
repeat_2_fold_2,VPS39,0.0,0.0,0.0,0.0,0.0,2.7755575615628914e-17,0.5
repeat_2_fold_2,VRK2,0.0,0.0,0.0,0.0,0.0,0.0,0.0
repeat_2_fold_2,WARS2,0.07466118065600291,0.0862141171857127,0.04310705859285635,0.03155412206314656,0.5,0.0008220033358334877,1.0
repeat_2_fold_2,WBP4,0.0,0.0,0.0,0.0,0.0,0.0,0.0
repeat_2_fold_2,WDR33,0.0,0.0,0.0,0.0,0.0,0.0,0.0
repeat_2_fold_2,WDR45B,0.0,0.0,0.0,0.0,0.0,-0.0005239778521600458,0.5
repeat_2_fold_2,WDR46,0.0,0.0,0.0,0.0,0.0,0.0,0.0
repeat_2_fold_2,WDR82,0.01329113460850806,0.15461761766768126,0.07730880883384063,-0.06401767422533257,0.25,-0.0001107384673795786,1.0
repeat_2_fold_2,WEE1,0.0,0.0,0.0,0.0,0.0,0.0,0.0
repeat_2_fold_2,WIPI1,0.0,0.0,0.0,0.0,0.0,0.0,0.0
repeat_2_fold_2,WNT5B,0.0,0.0,0.0,0.0,0.0,0.0,0.0
repeat_2_fold_2,WT1,0.0,0.0,0.0,0.0,0.0,0.0002362248089794461,1.0
repeat_2_fold_2,XBP1,0.05601459182690327,0.11202918365380653,0.056014591826903264,6.938893903907228e-18,0.25,0.00021356704423208805,0.5
repeat_2_fold_2,XPC,0.0,0.0,0.0,0.0,0.0,0.00012530769046084633,1.0
repeat_2_fold_2,XYLT2,0.09355375800436505,0.19724024939409782,0.09862012469704891,-0.005066366692683857,0.25,0.00035264002764859304,1.0
repeat_2_fold_2,YWHAH,0.0,0.0,0.0,0.0,0.0,-1.564112991520039e-05,0.5
repeat_2_fold_2,YWHAQ,0.0,0.0,0.0,0.0,0.0,-0.0001661077010694234,0.5
repeat_2_fold_2,ZBTB17,0.1455306233358442,0.10572850964409607,0.05286425482204803,0.09266636851379617,0.75,0.0001661970266389201,1.0
repeat_2_fold_2,ZFP2,0.0,0.0,0.0,0.0,0.0,-0.00018769355898268225,0.5
repeat_2_fold_2,ZKSCAN4,-0.044640978891910876,0.08105515536579234,0.04052757768289617,-0.08516855657480704,0.0,-0.0001898373726507696,0.5
repeat_2_fold_2,ZMYM2,0.0,0.0,0.0,0.0,0.0,-3.128225983042854e-05,0.5
repeat_2_fold_2,ZNF133,0.0,0.0,0.0,0.0,0.0,-3.910282478805649e-05,0.5
repeat_2_fold_2,ZNF135,0.014281449794637524,0.02856289958927505,0.014281449794637526,-1.734723475976807e-18,0.25,-8.700879579826015e-05,0.5
repeat_2_fold_2,ZNF157,0.0,0.0,0.0,0.0,0.0,-1.5641129915228147e-05,0.5
repeat_2_fold_2,ZNF230,0.0,0.0,0.0,0.0,0.0,-2.3461694872828343e-05,0.5
repeat_2_fold_2,ZNF264,0.0,0.0,0.0,0.0,0.0,0.00018192748212364496,0.5
repeat_2_fold_2,ZNF331,-0.012936482062531951,0.08599450541258419,0.042997252706292094,-0.055933734768824045,0.25,-7.909890527124652e-06,0.5
repeat_2_fold_2,ZNF350,0.11418745906425976,0.2283749181285195,0.11418745906425976,0.0,0.25,7.909890527096897e-06,0.5
repeat_2_fold_2,ZNF41,0.19720484714954445,0.2943179762419758,0.1471589881209879,0.050045859028556544,0.5,0.000223710073996769,1.0
repeat_2_fold_2,ZNF432,0.0745894571801422,0.08612848636332633,0.043064243181663166,0.03152521399847904,0.5,-0.00021383502094057816,1.0
repeat_2_fold_2,ZNF45,0.021957554089876652,0.043915108179753304,0.021957554089876652,0.0,0.25,7.820564957627951e-06,1.0
repeat_2_fold_2,ZNF467,0.0,0.0,0.0,0.0,0.0,0.0004153831984485268,1.0
repeat_2_fold_2,ZNF480,-0.39356507614699154,0.47743190843526073,0.23871595421763037,-0.6322810303646219,0.0,-0.0015562924265648814,0.5
repeat_2_fold_2,ZNF492,0.0,0.0,0.0,0.0,0.0,-3.163956210847085e-05,0.5
repeat_2_fold_2,ZNF551,0.004515786217249129,0.04471929914608804,0.02235964957304402,-0.01784386335579489,0.25,-0.00032341225591669964,1.0
repeat_2_fold_2,ZNF557,0.0,0.0,0.0,0.0,0.0,0.0,0.0
repeat_2_fold_2,ZNF562,0.0,0.0,0.0,0.0,0.0,0.0,0.0
repeat_2_fold_2,ZNF682,0.1267320018213809,0.1463375107330288,0.0731687553665144,0.05356324645486649,0.5,5.5458559259313756e-05,1.0
repeat_2_fold_2,ZSCAN32,0.053753556954021064,0.10750711390804213,0.053753556954021064,0.0,0.25,0.0001502879200151741,0.5
repeat_2_fold_3,A1CF,-0.5330302315017086,1.0660604630034172,0.5330302315017086,-1.0660604630034172,0.0,-0.00021560673331841307,0.5
repeat_2_fold_3,A2M,0.07396606910877779,0.08540865982170263,0.04270432991085132,0.03126173919792647,0.5,-0.000740049464340975,1.0
repeat_2_fold_3,A4GALT,0.0,0.0,0.0,0.0,0.0,0.0,0.0
repeat_2_fold_3,A4GNT,-1.0660604630034172,1.2309805905748799,0.6154902952874399,-1.681550758290857,0.0,-0.000231577602453098,0.5
repeat_2_fold_3,AAAS,0.0,0.0,0.0,0.0,0.0,0.0,0.0
repeat_2_fold_3,AADAC,0.0,0.0,0.0,0.0,0.0,-0.00021620063418853475,0.5
repeat_2_fold_3,AAK1,-0.02620612412477996,0.05241224824955992,0.02620612412477996,-0.05241224824955992,0.0,0.0002081932032926559,0.5
repeat_2_fold_3,AAMP,0.12600213844910257,0.16849151875204874,0.08424575937602437,0.041756379073078206,0.5,-0.000472438422856436,0.5
repeat_2_fold_3,AANAT,0.0,0.0,0.0,0.0,0.0,0.0,0.0
repeat_2_fold_3,AARS1,0.0,0.0,0.0,0.0,0.0,-1.5970869134712684e-05,0.5
repeat_2_fold_3,AASS,0.0,0.0,0.0,0.0,0.0,5.5898041971425005e-05,0.5
repeat_2_fold_3,AATF,0.0,0.0,0.0,0.0,0.0,-0.0004324012683770695,0.5
repeat_2_fold_3,ABCA2,-2.1465835089082628,2.4825321912923757,1.2412660956461878,-3.3878496045544506,0.0,0.00024754847158783844,0.5
repeat_2_fold_3,ABCA3,0.0,0.0,0.0,0.0,0.0,-2.4022292687608804e-05,0.5
repeat_2_fold_3,ABCA4,0.0,0.0,0.0,0.0,0.0,0.0,0.0
repeat_2_fold_3,ABCA5,0.0,0.0,0.0,0.0,0.0,-7.985434567342464e-06,0.5
repeat_2_fold_3,ABCA6,0.0,0.0,0.0,0.0,0.0,0.0,0.0
repeat_2_fold_3,ABCA7,0.0,0.0,0.0,0.0,0.0,7.186891110616545e-05,0.5
repeat_2_fold_3,ABCA8,0.0,0.0,0.0,0.0,0.0,-0.0001521411870215872,0.5
repeat_2_fold_3,ABCB1,0.0,0.0,0.0,0.0,0.0,0.0,0.0
repeat_2_fold_3,ABCB11,0.0,0.0,0.0,0.0,0.0,0.00027225265045960345,0.5
repeat_2_fold_3,ABCB4,0.0,0.0,0.0,0.0,0.0,0.0,0.0
repeat_2_fold_3,ABCB6,0.0,0.0,0.0,0.0,0.0,-0.00023157760245312575,0.5
repeat_2_fold_3,ABCB7,0.0,0.0,0.0,0.0,0.0,0.0,0.0
repeat_2_fold_3,ABCB8,-0.02620612412477996,0.05241224824955992,0.02620612412477996,-0.05241224824955992,0.0,-0.0003963678293456563,0.5
repeat_2_fold_3,ABCB9,0.0,0.0,0.0,0.0,0.0,-0.00012011146343807177,0.5
repeat_2_fold_3,ABCC2,0.0,0.0,0.0,0.0,0.0,0.0,0.0
repeat_2_fold_3,ABCC3,-0.582693527214067,1.165387054428134,0.582693527214067,-1.165387054428134,0.0,-0.0001038106493755353,0.5
repeat_2_fold_3,ABCC4,0.0,0.0,0.0,0.0,0.0,0.0,0.0
repeat_2_fold_3,ABCC5,0.0,0.0,0.0,0.0,0.0,-3.194173826939761e-05,0.5
repeat_2_fold_3,ABCC6,0.0018116287144565035,0.2909469268777584,0.1454734634388792,-0.1436618347244227,0.5,-0.0003070103024367943,1.0
repeat_2_fold_3,ABCC8,-0.18712451848948142,0.2179322890099147,0.10896614450495735,-0.29609066299443876,0.0,0.0007990493722909164,1.0
repeat_2_fold_3,ABCC9,0.0,0.0,0.0,0.0,0.0,8.007430895870526e-05,0.5
repeat_2_fold_3,ABCD1,0.1689120462774394,0.19968241872506248,0.09984120936253124,0.06907083691490815,0.5,0.00022821178053233915,0.5
repeat_2_fold_3,ABCD2,0.0,0.0,0.0,0.0,0.0,-0.000495360899117947,1.0
repeat_2_fold_3,ABCD3,0.0,0.0,0.0,0.0,0.0,0.0,0.0
repeat_2_fold_3,ABCD4,0.0,0.0,0.0,0.0,0.0,0.0,0.0
repeat_2_fold_3,ABCE1,0.1410551732350367,0.17371260397974858,0.08685630198987429,0.0541988712451624,0.5,0.00022876168874538805,1.0
repeat_2_fold_3,ABCF1,-0.040133754956251266,0.08026750991250253,0.040133754956251266,-0.08026750991250253,0.0,-0.0002041894878447581,0.5
repeat_2_fold_3,ABCG1,-1.0660604630034172,1.2309805905748799,0.6154902952874399,-1.681550758290857,0.0,-0.0011898297505350264,0.5
repeat_2_fold_3,ABCG2,0.0,0.0,0.0,0.0,0.0,5.2048300823143157e-05,0.5
repeat_2_fold_3,ABCG4,0.0,0.0,0.0,0.0,0.0,3.992717283674008e-05,0.5
repeat_2_fold_3,ABCG5,0.0,0.0,0.0,0.0,0.0,0.0,0.0
repeat_2_fold_3,ABHD17A,-0.05241224824955992,0.06052045127143382,0.03026022563571691,-0.08267247388527683,0.0,-4.003715447936651e-05,0.5
repeat_2_fold_3,ABHD17B,0.0,0.0,0.0,0.0,0.0,0.0,0.0
repeat_2_fold_3,ABHD3,-0.05241224824955992,0.06052045127143382,0.03026022563571691,-0.08267247388527683,0.0,-4.804458537524536e-05,0.5
repeat_2_fold_3,ABHD4,0.0,0.0,0.0,0.0,0.0,-0.0007341980572971585,1.0
repeat_2_fold_3,ABHD5,0.0,0.0,0.0,0.0,0.0,0.0,0.0
repeat_2_fold_3,ABHD6,0.0,0.0,0.0,0.0,0.0,0.0,0.0
repeat_2_fold_3,ABI1,0.0,0.0,0.0,0.0,0.0,0.0,0.0
repeat_2_fold_3,ABI2,-0.5826935272140634,0.9526193866268171,0.47630969331340856,-1.059003220527472,0.0,0.0013096112690452744,0.5
repeat_2_fold_3,ABL1,0.036983034554388894,0.07396606910877779,0.036983034554388894,0.0,0.25,-0.00011210403254222068,0.5
repeat_2_fold_3,ABLIM1,0.0,0.0,0.0,0.0,0.0,0.0,0.0
repeat_2_fold_3,ABLIM3,0.0,0.0,0.0,0.0,0.0,6.388347653879523e-05,0.5
repeat_2_fold_3,ABR,0.0,0.0,0.0,0.0,0.0,0.0,0.0
repeat_2_fold_3,ABRAXAS2,0.0,0.0,0.0,0.0,0.0,0.0,0.5
repeat_2_fold_3,ACAA1,0.0,0.0,0.0,0.0,0.0,0.0,0.0
repeat_2_fold_3,ACAA2,0.0,0.0,0.0,0.0,0.0,0.0,0.0
repeat_2_fold_3,ACACA,0.0,0.0,0.0,0.0,0.0,0.0,0.0
repeat_2_fold_3,ACACB,-0.4288382670201951,0.6159423284074539,0.30797116420372694,-0.7368094312239221,0.0,0.00019165042961638568,0.5
repeat_2_fold_3,ACAD10,-0.05241224824955992,0.06052045127143382,0.03026022563571691,-0.08267247388527683,0.0,-8.007430895873302e-05,0.5
repeat_2_fold_3,ACAD8,0.0,0.0,0.0,0.0,0.0,7.98543456737022e-06,0.5
repeat_2_fold_3,ACADL,0.0,0.0,0.0,0.0,0.0,9.208545530250967e-05,0.5
repeat_2_fold_3,ACADM,0.0,0.0,0.0,0.0,0.0,3.202972358348766e-05,0.5
repeat_2_fold_3,ACADSB,0.0,0.0,0.0,0.0,0.0,0.0,0.0
repeat_2_fold_3,ACADVL,0.0,0.0,0.0,0.0,0.0,0.0,0.0
repeat_2_fold_3,ACAN,0.0,0.0,0.0,0.0,0.0,0.0,0.0
repeat_2_fold_3,ACAT2,0.0,0.0,0.0,0.0,0.0,0.00014373782221227538,0.5
repeat_2_fold_3,ACBD3,0.0,0.0,0.0,0.0,0.0,-0.00015970869134698806,0.5
repeat_2_fold_3,ACBD4,0.0,0.0,0.0,0.0,0.0,0.0,0.5
repeat_2_fold_3,ACD,0.0,0.0,0.0,0.0,0.0,0.0,0.0
repeat_2_fold_3,ACE,0.0,0.0,0.0,0.0,0.0,-4.003715447936651e-05,0.5
repeat_2_fold_3,ACE2,0.0,0.0,0.0,0.0,0.0,5.548011172951117e-05,1.0
repeat_2_fold_3,ACHE,0.0,0.0,0.0,0.0,0.0,-0.00011181808027141416,1.0
repeat_2_fold_3,ACIN1,0.0,0.0,0.0,0.0,0.0,-1.6014861791757706e-05,0.5
repeat_2_fold_3,ACKR2,-0.0848640085232919,0.1697280170465838,0.0848640085232919,-0.1697280170465838,0.0,-0.0002555339061551809,0.5
repeat_2_fold_3,ACKR3,0.0,0.0,0.0,0.0,0.0,0.0,0.0
repeat_2_fold_3,ACKR4,0.0,0.0,0.0,0.0,0.0,0.0,0.0
repeat_2_fold_3,ACLY,0.0,0.0,0.0,0.0,0.0,0.0002242080650843581,0.5
repeat_2_fold_3,ACO1,0.0,0.0,0.0,0.0,0.0,3.992717283674008e-05,0.5
repeat_2_fold_3,ACO2,0.0,0.0,0.0,0.0,0.0,-0.00024823035777205016,0.5
repeat_2_fold_3,ACOT11,0.0,0.0,0.0,0.0,0.0,8.783978024082262e-05,0.5
repeat_2_fold_3,ACOT13,0.0,0.0,0.0,0.0,0.0,0.0,0.0
repeat_2_fold_3,ACOT2,-0.6178942400250005,1.0220888537327548,0.5110444268663774,-1.128938666891378,0.0,-0.00019167242594492206,1.0
repeat_2_fold_3,ACOT7,0.010776910429608932,0.021553820859217865,0.010776910429608932,0.0,0.25,-0.0005204830082316536,0.5
repeat_2_fold_3,ACOT8,0.0,0.0,0.0,0.0,0.0,0.0,0.0
repeat_2_fold_3,ACOT9,0.0,0.0,0.0,0.0,0.0,0.0,0.0
repeat_2_fold_3,ACOX1,0.0,0.0,0.0,0.0,0.0,0.0,0.0
repeat_2_fold_3,ACOX2,0.0,0.0,0.0,0.0,0.0,0.0,0.0
repeat_2_fold_3,ACOX3,-0.2533430585377374,0.29253536608817166,0.14626768304408583,-0.39961074158182325,0.0,0.0001038106493755353,0.5
repeat_2_fold_3,ACOXL,0.0,0.0,0.0,0.0,0.0,-5.5392126415448883e-05,1.0
repeat_2_fold_3,ACP3,0.0,0.0,0.0,0.0,0.0,0.0,0.0
repeat_2_fold_3,ACP5,0.0,0.0,0.0,0.0,0.0,2.3956303702027393e-05,0.5
repeat_2_fold_3,ACP6,0.0,0.0,0.0,0.0,0.0,0.00012011146343804402,0.5
repeat_2_fold_3,ACR,0.0,0.0,0.0,0.0,0.0,0.0,0.5
repeat_2_fold_3,ACSBG1,0.0,0.0,0.0,0.0,0.0,8.007430895870526e-05,0.5
repeat_2_fold_3,ACSBG2,0.0,0.0,0.0,0.0,0.0,0.0,0.0
repeat_2_fold_3,ACSF2,0.0,0.0,0.0,0.0,0.0,2.4022292687581048e-05,0.5
repeat_2_fold_3,ACSL1,0.0,0.0,0.0,0.0,0.0,4.806658170372624e-05,1.0
repeat_2_fold_3,ACSL4,0.0,0.0,0.0,0.0,0.0,-3.194173826939761e-05,0.5
repeat_2_fold_3,ACSL5,0.5552765566896198,0.641178138958881,0.3205890694794405,0.23468748721017935,0.5,-4.0037154479394266e-05,0.5
repeat_2_fold_3,ACSL6,0.0,0.0,0.0,0.0,0.0,0.0,0.0
repeat_2_fold_3,ACSM2A,-0.0848640085232919,0.1697280170465838,0.0848640085232919,-0.1697280170465838,0.0,-0.00011179608394287777,0.5
repeat_2_fold_3,ACSM3,0.0,0.0,0.0,0.0,0.0,-7.985434567342464e-06,0.5
repeat_2_fold_3,ACSM5,0.036983034554388894,0.07396606910877779,0.036983034554388894,0.0,0.25,0.0005164792927836726,0.5
repeat_2_fold_3,ACSS3,-0.05241224824955992,0.06052045127143382,0.03026022563571691,-0.08267247388527683,0.0,-0.00040437526024153514,0.5
repeat_2_fold_3,ACTA1,0.0,0.0,0.0,0.0,0.0,-0.00025553390615515315,0.5
repeat_2_fold_3,ACTA2,0.0,0.0,0.0,0.0,0.0,6.383948388169469e-05,1.0
repeat_2_fold_3,ACTB,0.0,0.0,0.0,0.0,0.0,-3.194173826939761e-05,0.5
repeat_2_fold_3,ACTC1,0.0,0.0,0.0,0.0,0.0,-8.117412538505286e-06,1.0
repeat_2_fold_3,ACTG1,0.0,0.0,0.0,0.0,0.0,8.007430895851098e-06,0.5
repeat_2_fold_3,ACTG2,0.0,0.0,0.0,0.0,0.0,0.0,0.0
repeat_2_fold_3,ACTL6A,0.0,0.0,0.0,0.0,0.0,-8.007430895878853e-06,0.5
repeat_2_fold_3,ACTL6B,0.0,0.0,0.0,0.0,0.0,0.0,0.0
repeat_2_fold_3,ACTN1,0.0,0.0,0.0,0.0,0.0,0.0,0.0
repeat_2_fold_3,ACTN2,0.0,0.0,0.0,0.0,0.0,0.0,0.0
repeat_2_fold_3,ACTN3,0.07396606910877779,0.08540865982170263,0.04270432991085132,0.03126173919792647,0.5,-7.208887439139056e-05,1.0
repeat_2_fold_3,ACTN4,0.0,0.0,0.0,0.0,0.0,-6.357552793948007e-05,1.0
repeat_2_fold_3,ACTR10,0.0,0.0,0.0,0.0,0.0,0.0,0.0
repeat_2_fold_3,ACTR1A,0.0,0.0,0.0,0.0,0.0,0.0,0.5
repeat_2_fold_3,ACTR1B,0.0,0.0,0.0,0.0,0.0,-2.395630370205515e-05,0.5
repeat_2_fold_3,ACTR2,0.0,0.0,0.0,0.0,0.0,0.00032430095128277436,0.5
repeat_2_fold_3,ACTR3,0.0,0.0,0.0,0.0,0.0,0.0,0.0
repeat_2_fold_3,ACTR5,0.0,0.0,0.0,0.0,0.0,-8.808173985461187e-05,0.5
repeat_2_fold_3,ACTR8,0.0,0.0,0.0,0.0,0.0,0.0,0.0
repeat_2_fold_3,ACVR1B,0.0,0.0,0.0,0.0,0.0,-0.00016014861791743829,0.5
repeat_2_fold_3,ACVR2A,0.18861917445009624,0.3772383489001925,0.18861917445009624,0.0,0.25,0.0007600460452520663,1.0
repeat_2_fold_3,ACVR2B,0.0,0.0,0.0,0.0,0.0,9.608917075043522e-05,0.5
repeat_2_fold_3,ACVRL1,0.0,0.0,0.0,0.0,0.0,0.0,0.0
repeat_2_fold_3,ADA,0.0,0.0,0.0,0.0,0.0,-0.00016769412591433053,0.5
repeat_2_fold_3,ADAM10,0.17803820778942736,0.20558081438652884,0.10279040719326442,0.07524780059616294,0.5,0.00010409660164631407,0.5
repeat_2_fold_3,ADAM11,0.0,0.0,0.0,0.0,0.0,0.0,0.0
repeat_2_fold_3,ADAM12,0.0,0.0,0.0,0.0,0.0,5.541412274392976e-05,1.0
repeat_2_fold_3,ADAM15,0.0,0.0,0.0,0.0,0.0,0.0,0.0
repeat_2_fold_3,ADAM17,-1.0566635305379464,1.2464892067675033,0.6232446033837516,-1.679908133921698,0.25,-0.00042824357862950024,1.0
repeat_2_fold_3,ADAM19,0.0,0.0,0.0,0.0,0.0,0.00046304522326362507,1.0
repeat_2_fold_3,ADAM2,0.0,0.0,0.0,0.0,0.0,-0.0001038106493755353,0.5
repeat_2_fold_3,ADAM20,0.0,0.0,0.0,0.0,0.0,0.0,0.0
repeat_2_fold_3,ADAM21,0.07095544353328087,0.14191088706656174,0.07095544353328087,0.0,0.25,-0.00030344651355926344,0.5
repeat_2_fold_3,ADAM22,0.0,0.0,0.0,0.0,0.0,0.0,0.0
repeat_2_fold_3,ADAM23,0.0,0.0,0.0,0.0,0.0,9.608917075043522e-05,0.5
repeat_2_fold_3,ADAM30,0.036983034554388894,0.07396606910877779,0.036983034554388894,0.0,0.25,4.0037154479338755e-05,0.5
repeat_2_fold_3,ADAM8,0.0,0.0,0.0,0.0,0.0,0.0,0.0
repeat_2_fold_3,ADAM9,0.0,0.0,0.0,0.0,0.0,0.0,0.0
repeat_2_fold_3,ADAMTS1,0.0,0.0,0.0,0.0,0.0,-6.005573171907752e-05,0.5
repeat_2_fold_3,ADAMTS12,-1.0660604630034172,1.2309805905748799,0.6154902952874399,-1.681550758290857,0.0,-0.0007027182419267197,0.5
repeat_2_fold_3,ADAMTS13,0.0,0.0,0.0,0.0,0.0,0.0,0.0
repeat_2_fold_3,ADAMTS2,0.0,0.0,0.0,0.0,0.0,0.0,0.0
repeat_2_fold_3,ADAMTS3,0.3772383489001925,0.4355973245723522,0.2177986622861761,0.1594396866140164,0.5,0.00024823035777199465,0.5
repeat_2_fold_3,ADAMTS5,-0.0848640085232919,0.1697280170465838,0.0848640085232919,-0.1697280170465838,0.0,-0.0001919583782157286,1.0
repeat_2_fold_3,ADAMTS7,0.0,0.0,0.0,0.0,0.0,-6.405944716700307e-05,0.5
repeat_2_fold_3,ADAMTS8,0.0,0.0,0.0,0.0,0.0,0.0,0.0
repeat_2_fold_3,ADAMTS9,0.0,0.0,0.0,0.0,0.0,-4.791260740408254e-05,0.5
repeat_2_fold_3,ADAMTSL2,0.0,0.0,0.0,0.0,0.0,0.00017567956048170075,0.5
repeat_2_fold_3,ADAMTSL3,0.0,0.0,0.0,0.0,0.0,0.0,0.0
repeat_2_fold_3,ADAMTSL4,0.0,0.0,0.0,0.0,0.0,0.00024022292687614355,0.5
repeat_2_fold_3,ADAP1,0.036134223858040215,0.5603472673084613,0.28017363365423065,-0.24403940979619043,0.5,0.00025700766016611976,1.0
repeat_2_fold_3,ADAR,0.0,0.0,0.0,0.0,0.0,0.0,0.0
repeat_2_fold_3,ADARB1,0.0,0.0,0.0,0.0,0.0,0.0,0.0
repeat_2_fold_3,ADAT1,0.0,0.0,0.0,0.0,0.0,-0.0004237559439540517,1.0
repeat_2_fold_3,ADCY1,0.20100162812131117,0.2320966882067841,0.11604834410339206,0.08495328401791911,0.5,2.00185772396555e-05,0.5
repeat_2_fold_3,ADCY10,-0.05241224824955992,0.06052045127143382,0.03026022563571691,-0.08267247388527683,0.0,-0.00028826751225136116,0.5
repeat_2_fold_3,ADCY2,0.0,0.0,0.0,0.0,0.0,0.0,0.0
repeat_2_fold_3,ADCY3,0.07396606910877779,0.08540865982170263,0.04270432991085132,0.03126173919792647,0.5,-0.0005965536017424333,0.5
repeat_2_fold_3,ADCY6,-1.0660604630034172,1.2309805905748799,0.6154902952874399,-1.681550758290857,0.0,-0.0005589804197144443,0.5
repeat_2_fold_3,ADCY7,0.0,0.0,0.0,0.0,0.0,-0.00025553390615515315,0.5
repeat_2_fold_3,ADCY8,0.0,0.0,0.0,0.0,0.0,0.0,0.0
repeat_2_fold_3,ADCY9,0.0,0.0,0.0,0.0,0.0,0.00038316888126160853,1.0
repeat_2_fold_3,ADCYAP1,0.0,0.0,0.0,0.0,0.0,-1.2011146343832158e-05,0.5
repeat_2_fold_3,ADCYAP1R1,0.0,0.0,0.0,0.0,0.0,7.985434567342464e-06,0.5
repeat_2_fold_3,ADD1,0.0,0.0,0.0,0.0,0.0,0.0,0.5
repeat_2_fold_3,ADD2,0.0,0.0,0.0,0.0,0.0,6.401545450990254e-05,1.0
repeat_2_fold_3,ADD3,0.0,0.0,0.0,0.0,0.0,-0.00011210403254222068,0.5
repeat_2_fold_3,ADGRE1,0.0,0.0,0.0,0.0,0.0,1.601486179172995e-05,0.5
repeat_2_fold_3,ADGRE2,-0.0848640085232919,0.1697280170465838,0.0848640085232919,-0.1697280170465838,0.0,-7.985434567348015e-05,0.5
repeat_2_fold_3,ADGRE3,0.0,0.0,0.0,0.0,0.0,-0.00015970869134698806,0.5
repeat_2_fold_3,ADGRF5,-0.05241224824955992,0.06052045127143382,0.03026022563571691,-0.08267247388527683,0.0,0.00042839755292908843,0.5
repeat_2_fold_3,ADGRG3,0.0,0.0,0.0,0.0,0.0,-3.992717283674008e-05,0.5
repeat_2_fold_3,ADGRG6,0.0,0.0,0.0,0.0,0.0,0.0,0.0
repeat_2_fold_3,ADGRV1,0.0,0.0,0.0,0.0,0.0,-0.00023157760245312575,0.5
repeat_2_fold_3,ADH1A,0.0,0.0,0.0,0.0,0.0,0.0,0.0
repeat_2_fold_3,ADH1B,-0.14406803071176455,0.2881360614235291,0.14406803071176455,-0.2881360614235291,0.0,-5.589804197145276e-05,0.5
repeat_2_fold_3,ADH1C,0.01190231438407352,0.02380462876814704,0.01190231438407352,0.0,0.25,-0.0005211648944158098,1.0
repeat_2_fold_3,ADH5,0.0,0.0,0.0,0.0,0.0,-0.0003603343903142153,0.5
repeat_2_fold_3,ADH7,0.0,0.0,0.0,0.0,0.0,0.00024754847158783844,0.5
repeat_2_fold_3,ADI1,0.0,0.0,0.0,0.0,0.0,0.0,0.0
repeat_2_fold_3,ADIPOQ,0.0,0.0,0.0,0.0,0.0,-0.0005270386814450467,0.5
repeat_2_fold_3,ADIPOR1,0.0,0.0,0.0,0.0,0.0,0.0,0.0
repeat_2_fold_3,ADIPOR2,0.0,0.0,0.0,0.0,0.0,-8.808173985458412e-05,0.5
repeat_2_fold_3,ADIRF,0.0,0.0,0.0,0.0,0.0,0.0,0.0
repeat_2_fold_3,ADK,0.0,0.0,0.0,0.0,0.0,-0.00011978151851024799,0.5
repeat_2_fold_3,ADM,0.0,0.0,0.0,0.0,0.0,-1.597086913468493e-05,0.5
repeat_2_fold_3,ADM2,0.0,0.0,0.0,0.0,0.0,0.0,0.0
repeat_2_fold_3,ADO,0.0,0.0,0.0,0.0,0.0,-0.00027949020985723605,0.5
repeat_2_fold_3,ADORA1,0.0,0.0,0.0,0.0,0.0,0.0,0.0
repeat_2_fold_3,ADORA2A,0.0,0.0,0.0,0.0,0.0,2.8026008135534353e-05,0.5
repeat_2_fold_3,ADORA2B,0.0,0.0,0.0,0.0,0.0,0.0,0.0
repeat_2_fold_3,ADORA3,0.0,0.0,0.0,0.0,0.0,0.0,0.0
repeat_2_fold_3,ADRA1A,0.0,0.0,0.0,0.0,0.0,0.000608608740743255,1.0
repeat_2_fold_3,ADRA1B,0.0,0.0,0.0,0.0,0.0,-3.202972358351541e-05,0.5
repeat_2_fold_3,ADRA1D,0.0,0.0,0.0,0.0,0.0,0.0,0.0
repeat_2_fold_3,ADRA2A,0.0,0.0,0.0,0.0,0.0,-0.0004604272765126316,0.5
repeat_2_fold_3,ADRA2B,0.0,0.0,0.0,0.0,0.0,-0.00040037154479358184,0.5
repeat_2_fold_3,ADRA2C,0.0,0.0,0.0,0.0,0.0,0.0,0.0
repeat_2_fold_3,ADRB1,0.0,0.0,0.0,0.0,0.0,0.0,0.0
repeat_2_fold_3,ADRB2,-0.031019514983480434,0.035818250651688116,0.017909125325844058,-0.04892864030932449,0.0,-0.0006084767627721477,1.0
repeat_2_fold_3,ADRB3,0.0,0.0,0.0,0.0,0.0,-0.0005509949851470741,0.5
repeat_2_fold_3,ADRM1,0.0,0.0,0.0,0.0,0.0,0.0,0.0
repeat_2_fold_3,ADSL,0.0,0.0,0.0,0.0,0.0,-0.00025623778866790126,0.5
repeat_2_fold_3,ADSS2,0.0,0.0,0.0,0.0,0.0,2.395630370205515e-05,0.5
repeat_2_fold_3,AFDN,0.0,0.0,0.0,0.0,0.0,-0.0004364049838250228,0.5
repeat_2_fold_3,AFF4,0.0,0.0,0.0,0.0,0.0,0.0,0.0
repeat_2_fold_3,AFG3L2,0.0,0.0,0.0,0.0,0.0,0.0,0.0
repeat_2_fold_3,AFP,0.0,0.0,0.0,0.0,0.0,-0.0003274028172613186,0.5
repeat_2_fold_3,AGA,0.0,0.0,0.0,0.0,0.0,-1.5970869134712684e-05,0.5
repeat_2_fold_3,AGAP2,0.0,0.0,0.0,0.0,0.0,0.0,0.0
repeat_2_fold_3,AGBL2,0.0,0.0,0.0,0.0,0.0,0.0,0.0
repeat_2_fold_3,AGBL3,0.0,0.0,0.0,0.0,0.0,-6.388347653879523e-05,0.5
repeat_2_fold_3,AGBL5,-0.11131309016118962,0.13086921704632962,0.06543460852316481,-0.17674769868435442,0.0,-0.0005405015854713369,0.5
repeat_2_fold_3,AGER,0.0,0.0,0.0,0.0,0.0,0.0,0.0
repeat_2_fold_3,AGFG1,0.0,0.0,0.0,0.0,0.0,0.0,0.0
repeat_2_fold_3,AGGF1,0.0,0.0,0.0,0.0,0.0,-3.194173826939761e-05,0.5
repeat_2_fold_3,AGK,0.0,0.0,0.0,0.0,0.0,0.0,0.0
repeat_2_fold_3,AGL,0.0,0.0,0.0,0.0,0.0,0.0,0.0
repeat_2_fold_3,AGMAT,0.0,0.0,0.0,0.0,0.0,-1.6014861791757706e-05,0.5
repeat_2_fold_3,AGO2,0.0,0.0,0.0,0.0,0.0,6.388347653879523e-05,0.5
repeat_2_fold_3,AGO4,0.05203606934032301,0.10407213868064602,0.05203606934032301,0.0,0.25,0.0009128471221293288,0.5
repeat_2_fold_3,AGPAT1,0.0,0.0,0.0,0.0,0.0,0.0,0.0
repeat_2_fold_3,AGPAT2,0.0,0.0,0.0,0.0,0.0,0.0,0.0
repeat_2_fold_3,AGPAT3,-0.10226050996618952,0.204521019932379,0.1022605099661895,-0.20452101993237903,0.0,0.00017556957883904656,1.0
repeat_2_fold_3,AGPAT4,0.0,0.0,0.0,0.0,0.0,-0.00024754847158783844,0.5
repeat_2_fold_3,AGPAT5,0.0,0.0,0.0,0.0,0.0,0.0,0.0
repeat_2_fold_3,AGPS,-0.06107933184015302,0.11391177563264855,0.056955887816324276,-0.11803521965647729,0.0,-0.00014072394154784895,1.0
repeat_2_fold_3,AGRN,0.0,0.0,0.0,0.0,0.0,0.0,0.5
repeat_2_fold_3,AGRP,0.0,0.0,0.0,0.0,0.0,-1.6014861791757706e-05,0.5
repeat_2_fold_3,AGT,0.0,0.0,0.0,0.0,0.0,0.0,0.0
repeat_2_fold_3,AGTPBP1,0.0,0.0,0.0,0.0,0.0,-0.00036834182121012193,0.5
repeat_2_fold_3,AGTR1,0.0,0.0,0.0,0.0,0.0,-0.0002402229268761713,0.5
repeat_2_fold_3,AGTR2,-1.6711261854104755,2.116886135484257,1.0584430677421286,-2.7295692531526043,0.0,-0.000590922157983842,0.5
repeat_2_fold_3,AGXT,0.0,0.0,0.0,0.0,0.0,3.6341387630700606e-05,1.0
repeat_2_fold_3,AHCTF1,0.0,0.0,0.0,0.0,0.0,0.0,0.0
repeat_2_fold_3,AHCY,0.10407213868064602,0.1201721545648221,0.06008607728241105,0.04398606139823497,0.5,-0.0002001857723968048,0.5
repeat_2_fold_3,AHCYL1,-1.0660604630034172,1.2309805905748799,0.6154902952874399,-1.681550758290857,0.0,-0.0004152425975021412,0.5
repeat_2_fold_3,AHCYL2,0.0,0.0,0.0,0.0,0.0,0.00012776695307759045,0.5
repeat_2_fold_3,AHI1,0.0,0.0,0.0,0.0,0.0,0.0,0.0
repeat_2_fold_3,AHSG,0.0,0.0,0.0,0.0,0.0,-8.007430895873302e-05,0.5
repeat_2_fold_3,AICDA,0.0,0.0,0.0,0.0,0.0,0.0,0.0
repeat_2_fold_3,AIM2,0.0,0.0,0.0,0.0,0.0,0.0,0.0
repeat_2_fold_3,AIMP1,0.036983034554388894,0.07396606910877779,0.036983034554388894,0.0,0.25,-0.0003803529675538986,0.5
repeat_2_fold_3,AK1,0.0,0.0,0.0,0.0,0.0,-3.992717283674008e-05,0.5
repeat_2_fold_3,AK2,0.0,0.0,0.0,0.0,0.0,0.0002874756444245785,0.5
repeat_2_fold_3,AK4,0.0,0.0,0.0,0.0,0.0,-0.00011179608394287777,0.5
repeat_2_fold_3,AK5,0.0,0.0,0.0,0.0,0.0,-7.985434567342464e-06,0.5
repeat_2_fold_3,AKAP1,0.0,0.0,0.0,0.0,0.0,-0.0001437158258837945,1.0
repeat_2_fold_3,AKAP10,0.0,0.0,0.0,0.0,0.0,4.791260740408254e-05,0.5
repeat_2_fold_3,AKAP12,0.0,0.0,0.0,0.0,0.0,-0.00014373782221227538,0.5
repeat_2_fold_3,AKAP13,0.0,0.0,0.0,0.0,0.0,-0.00012811889433395063,0.5
repeat_2_fold_3,AKAP5,0.0,0.0,0.0,0.0,0.0,0.00014397978182600912,1.0
repeat_2_fold_3,AKAP8L,0.3003585720931703,0.6007171441863406,0.3003585720931703,0.0,0.25,-0.0008226757310651756,1.0
repeat_2_fold_3,AKAP9,-0.20452101993237903,0.23616053182579172,0.11808026591289586,-0.3226012858452749,0.0,0.00014373782221227538,0.5
repeat_2_fold_3,AKR1B1,0.0,0.0,0.0,0.0,0.0,7.985434567342464e-06,0.5
repeat_2_fold_3,AKR1B10,0.0,0.0,0.0,0.0,0.0,0.0,0.0
repeat_2_fold_3,AKR1C1,0.0,0.0,0.0,0.0,0.0,-0.00010409660164634182,0.5
repeat_2_fold_3,AKR1C3,0.0,0.0,0.0,0.0,0.0,-0.0002482303577720224,0.5
repeat_2_fold_3,AKR1C4,-0.5330302315017086,1.0660604630034172,0.5330302315017086,-1.0660604630034172,0.0,9.582521480819284e-05,0.5
repeat_2_fold_3,AKR1D1,0.0,0.0,0.0,0.0,0.0,0.0,0.0
repeat_2_fold_3,AKR7A2,0.0,0.0,0.0,0.0,0.0,0.0,0.0
repeat_2_fold_3,AKR7A3,0.0,0.0,0.0,0.0,0.0,0.0,0.0
repeat_2_fold_3,AKT1,0.0,0.0,0.0,0.0,0.0,0.0,0.0
repeat_2_fold_3,AKT2,0.0,0.0,0.0,0.0,0.0,0.00023956303702049597,0.5
repeat_2_fold_3,AKT3,0.0,0.0,0.0,0.0,0.0,-9.608917075046297e-05,0.5
repeat_2_fold_3,ALAD,0.0,0.0,0.0,0.0,0.0,0.0,0.0
repeat_2_fold_3,ALAS1,0.0,0.0,0.0,0.0,0.0,-8.808173985458412e-05,0.5
repeat_2_fold_3,ALB,0.0,0.0,0.0,0.0,0.0,-4.003715447953304e-06,0.5
repeat_2_fold_3,ALCAM,0.0,0.0,0.0,0.0,0.0,0.0,0.0
repeat_2_fold_3,ALDH18A1,0.1410551732350367,0.17371260397974858,0.08685630198987429,0.0541988712451624,0.5,-4.003715447925549e-06,0.5
repeat_2_fold_3,ALDH1A1,0.0,0.0,0.0,0.0,0.0,-5.5986027285542805e-05,1.0
repeat_2_fold_3,ALDH1A2,0.0,0.0,0.0,0.0,0.0,-0.0002242080650844136,0.5
repeat_2_fold_3,ALDH1A3,0.0,0.0,0.0,0.0,0.0,5.2048300823143157e-05,0.5
repeat_2_fold_3,ALDH1L1,0.0,0.0,0.0,0.0,0.0,0.0,0.0
repeat_2_fold_3,ALDH2,0.0,0.0,0.0,0.0,0.0,0.0001038106493755353,0.5
repeat_2_fold_3,ALDH3A1,0.0,0.0,0.0,0.0,0.0,0.0,0.5
repeat_2_fold_3,ALDH3A2,0.0,0.0,0.0,0.0,0.0,-0.00027949020985723605,0.5
repeat_2_fold_3,ALDH3B1,0.0,0.0,0.0,0.0,0.0,2.395630370205515e-05,0.5
repeat_2_fold_3,ALDH3B2,0.0,0.0,0.0,0.0,0.0,0.00028756362973866856,1.0
repeat_2_fold_3,ALDH4A1,0.07396606910877779,0.08540865982170263,0.04270432991085132,0.03126173919792647,0.5,0.00045642356106465054,0.5
repeat_2_fold_3,ALDH5A1,0.0,0.0,0.0,0.0,0.0,7.98543456737022e-06,0.5
repeat_2_fold_3,ALDH6A1,0.0,0.0,0.0,0.0,0.0,0.0,0.0
repeat_2_fold_3,ALDH7A1,0.0,0.0,0.0,0.0,0.0,0.0,0.0
repeat_2_fold_3,ALDH8A1,0.0,0.0,0.0,0.0,0.0,0.0,0.0
repeat_2_fold_3,ALDH9A1,0.0,0.0,0.0,0.0,0.0,-0.00018366499504901546,0.5
repeat_2_fold_3,ALDOA,0.2776382783448117,0.42791498108559284,0.21395749054279642,0.06368078780201528,0.5,0.0002882675122513334,0.5
repeat_2_fold_3,ALDOB,0.0,0.0,0.0,0.0,0.0,-0.00035934455553068845,0.5
repeat_2_fold_3,ALDOC,-0.1697280170465838,0.1959850326617331,0.09799251633086654,-0.26772053337745033,0.0,-0.00011995748913842808,1.0
repeat_2_fold_3,ALG13,0.0,0.0,0.0,0.0,0.0,-7.206687806285417e-05,0.5
repeat_2_fold_3,ALG3,0.0,0.0,0.0,0.0,0.0,0.0,0.0
repeat_2_fold_3,ALG5,0.0,0.0,0.0,0.0,0.0,0.0,0.0
repeat_2_fold_3,ALG6,-0.10226050996618952,0.204521019932379,0.1022605099661895,-0.20452101993237903,0.0,0.0,0.5
repeat_2_fold_3,ALG8,0.0,0.0,0.0,0.0,0.0,0.0,0.0
repeat_2_fold_3,ALG9,0.036983034554388894,0.07396606910877779,0.036983034554388894,0.0,0.25,-1.6014861791757706e-05,0.5
repeat_2_fold_3,ALK,0.0,0.0,0.0,0.0,0.0,0.0,0.0
repeat_2_fold_3,ALMS1,0.0,0.0,0.0,0.0,0.0,0.0,0.0
repeat_2_fold_3,ALOX12,-0.5330302315017086,1.0660604630034172,0.5330302315017086,-1.0660604630034172,0.0,-0.0002713288046617135,1.0
repeat_2_fold_3,ALOX12B,0.0,0.0,0.0,0.0,0.0,0.0004003715447935263,0.5
repeat_2_fold_3,ALOX15,0.0,0.0,0.0,0.0,0.0,-9.582521480819284e-05,0.5
repeat_2_fold_3,ALOX15B,0.0,0.0,0.0,0.0,0.0,-0.00019165042961638568,0.5
repeat_2_fold_3,ALOX5,0.0,0.0,0.0,0.0,0.0,0.0,0.0
repeat_2_fold_3,ALOX5AP,0.0,0.0,0.0,0.0,0.0,0.0,0.0
repeat_2_fold_3,ALOXE3,0.0,0.0,0.0,0.0,0.0,0.0,0.0
repeat_2_fold_3,ALPG,0.0,0.0,0.0,0.0,0.0,3.20297235834599e-05,0.5
repeat_2_fold_3,ALPI,-0.20452101993237903,0.23616053182579172,0.11808026591289586,-0.3226012858452749,0.0,0.00031145394445511454,1.0
repeat_2_fold_3,ALPK1,0.0,0.0,0.0,0.0,0.0,-0.00015172325677961784,0.5
repeat_2_fold_3,ALPL,0.0,0.0,0.0,0.0,0.0,0.0,0.0
repeat_2_fold_3,ALPP,0.0,0.0,0.0,0.0,0.0,0.0002475484715878107,0.5
repeat_2_fold_3,ALS2CL,0.0,0.0,0.0,0.0,0.0,7.985434567342464e-06,0.5
repeat_2_fold_3,ALX3,0.0,0.0,0.0,0.0,0.0,0.0,0.0
repeat_2_fold_3,AMACR,0.0,0.0,0.0,0.0,0.0,0.0,0.0
repeat_2_fold_3,AMBN,0.0,0.0,0.0,0.0,0.0,4.804458537521761e-05,0.5
repeat_2_fold_3,AMBP,0.0,0.0,0.0,0.0,0.0,0.0,0.0
repeat_2_fold_3,AMBRA1,0.0,0.0,0.0,0.0,0.0,4.003715447897793e-06,0.5
repeat_2_fold_3,AMD1,0.0,0.0,0.0,0.0,0.0,0.00018417091060501933,0.5
repeat_2_fold_3,AMDHD2,0.0,0.0,0.0,0.0,0.0,7.985434567342464e-06,0.5
repeat_2_fold_3,AMELX,-0.02620612412477996,0.05241224824955992,0.02620612412477996,-0.05241224824955992,0.0,0.00010409660164631407,0.5
repeat_2_fold_3,AMFR,-0.1697280170465838,0.1959850326617331,0.09799251633086654,-0.26772053337745033,0.0,-0.00018366499504901546,0.5
repeat_2_fold_3,AMH,0.0,0.0,0.0,0.0,0.0,0.0,0.0
repeat_2_fold_3,AMHR2,0.0,0.0,0.0,0.0,0.0,0.0002076212987510706,0.5
repeat_2_fold_3,AMIGO2,0.0,0.0,0.0,0.0,0.0,0.0005035443006419504,1.0
repeat_2_fold_3,AMN,0.0,0.0,0.0,0.0,0.0,0.00012811889433395063,0.5
repeat_2_fold_3,AMOT,0.0,0.0,0.0,0.0,0.0,-1.6014861791757706e-05,0.5
repeat_2_fold_3,AMOTL2,0.0,0.0,0.0,0.0,0.0,-0.00016014861791743829,0.5
repeat_2_fold_3,AMPD1,0.0,0.0,0.0,0.0,0.0,-0.00028826751225136116,0.5
repeat_2_fold_3,AMPD2,0.0,0.0,0.0,0.0,0.0,-0.000175679560481673,0.5
repeat_2_fold_3,AMPD3,0.0,0.0,0.0,0.0,0.0,0.0,0.0
repeat_2_fold_3,AMPH,0.0,0.0,0.0,0.0,0.0,0.0,0.0
repeat_2_fold_3,AMY1A,0.0,0.0,0.0,0.0,0.0,0.0,0.0
repeat_2_fold_3,ANAPC1,0.0,0.0,0.0,0.0,0.0,0.0,0.0
repeat_2_fold_3,ANAPC10,0.0,0.0,0.0,0.0,0.0,4.0037154479338755e-05,0.5
repeat_2_fold_3,ANAPC13,-0.10226050996618952,0.204521019932379,0.1022605099661895,-0.20452101993237903,0.0,-8.783978024085037e-05,0.5
repeat_2_fold_3,ANAPC2,0.0,0.0,0.0,0.0,0.0,4.0037154479338755e-05,0.5
repeat_2_fold_3,ANAPC5,0.0,0.0,0.0,0.0,0.0,-0.00019167242594492206,1.0
repeat_2_fold_3,ANG,0.0,0.0,0.0,0.0,0.0,0.0,0.0
repeat_2_fold_3,ANGPT2,0.0,0.0,0.0,0.0,0.0,5.605201627109646e-05,0.5
repeat_2_fold_3,ANGPT4,0.0,0.0,0.0,0.0,0.0,0.0,0.5
repeat_2_fold_3,ANGPTL3,0.0,0.0,0.0,0.0,0.0,0.0,0.0
repeat_2_fold_3,ANGPTL4,0.0,0.0,0.0,0.0,0.0,0.0,0.0
repeat_2_fold_3,ANGPTL8,0.0,0.0,0.0,0.0,0.0,-7.206687806285417e-05,0.5
repeat_2_fold_3,ANK1,0.0,0.0,0.0,0.0,0.0,-0.00037531542466540113,0.5
repeat_2_fold_3,ANK2,-0.40115070942298736,0.6952982022014268,0.3476491011007134,-0.7487998105237008,0.0,-0.0017567956048168132,0.5
repeat_2_fold_3,ANK3,0.0,0.0,0.0,0.0,0.0,0.0002874756444245785,0.5
repeat_2_fold_3,ANKH,0.0,0.0,0.0,0.0,0.0,0.0,0.0
repeat_2_fold_3,ANKLE2,0.036983034554388894,0.07396606910877779,0.036983034554388894,0.0,0.25,0.00010409660164631407,0.5
repeat_2_fold_3,ANKRD1,0.0,0.0,0.0,0.0,0.0,0.0,0.0
repeat_2_fold_3,ANKRD26,0.0,0.0,0.0,0.0,0.0,0.0,0.5
repeat_2_fold_3,ANKRD27,0.0,0.0,0.0,0.0,0.0,0.0,0.0
repeat_2_fold_3,ANO1,0.0,0.0,0.0,0.0,0.0,0.00015970869134698806,0.5
repeat_2_fold_3,ANO10,0.0,0.0,0.0,0.0,0.0,-3.194173826939761e-05,0.5
repeat_2_fold_3,ANTXR1,0.0,0.0,0.0,0.0,0.0,-4.791260740408254e-05,0.5
repeat_2_fold_3,ANXA1,-0.02620612412477996,0.05241224824955992,0.02620612412477996,-0.05241224824955992,0.0,8.808173985458412e-05,0.5
repeat_2_fold_3,AP1B1,-1.1157237587157791,2.2314475174315582,1.1157237587157791,-2.2314475174315582,0.0,0.000143759818540784,1.0
repeat_2_fold_3,AP1S1,0.0419464754180936,0.18722803169022667,0.09361401584511334,-0.05166754042701974,0.25,-0.0009809102847442575,0.5
repeat_2_fold_3,AP3B1,0.0,0.0,0.0,0.0,0.0,-0.0003723455366580475,0.5
repeat_2_fold_3,AP3S1,0.0,0.0,0.0,0.0,0.0,0.0,0.0
repeat_2_fold_3,APAF1,0.0,0.0,0.0,0.0,0.0,-4.793460373261893e-05,1.0
repeat_2_fold_3,APLNR,0.0,0.0,0.0,0.0,0.0,0.0,0.0
repeat_2_fold_3,APOM,0.0,0.0,0.0,0.0,0.0,0.0,0.0
repeat_2_fold_3,AQP8,0.0,0.0,0.0,0.0,0.0,0.000276256365907529,0.5
repeat_2_fold_3,AR,0.05203606934032301,0.10407213868064602,0.05203606934032301,0.0,0.25,-0.00033230838217868097,0.5
repeat_2_fold_3,ARHGAP10,-0.02620612412477996,0.05241224824955992,0.02620612412477996,-0.05241224824955992,0.0,0.00027225265045960345,0.5
repeat_2_fold_3,ARL4C,-0.05241224824955992,0.06052045127143382,0.03026022563571691,-0.08267247388527683,0.0,0.00011210403254219292,0.5
repeat_2_fold_3,ARPC1B,0.0,0.0,0.0,0.0,0.0,0.0,0.0
repeat_2_fold_3,ASH2L,0.0,0.0,0.0,0.0,0.0,0.0,0.0
repeat_2_fold_3,ASRGL1,0.0,0.0,0.0,0.0,0.0,0.0,0.0
repeat_2_fold_3,ASS1,0.0,0.0,0.0,0.0,0.0,0.0,0.0
repeat_2_fold_3,ATAT1,0.0,0.0,0.0,0.0,0.0,0.0,0.0
repeat_2_fold_3,ATF1,0.0,0.0,0.0,0.0,0.0,-0.00023956303702046822,0.5
repeat_2_fold_3,ATF7IP,0.0,0.0,0.0,0.0,0.0,1.6014861791702195e-05,0.5
repeat_2_fold_3,ATG14,0.0,0.0,0.0,0.0,0.0,-0.00031228980493902547,0.5
repeat_2_fold_3,ATG4A,0.3772383489001925,0.4355973245723522,0.2177986622861761,0.1594396866140164,0.5,-0.0003002786585951933,0.5
repeat_2_fold_3,ATN1,0.0,0.0,0.0,0.0,0.0,-0.00030344651355926344,0.5
repeat_2_fold_3,ATP1B4,-0.1044302803372208,0.1213242769643637,0.06066213848218185,-0.16509241881940265,0.0,-0.0006787619382246646,0.5
repeat_2_fold_3,ATP2B3,0.0,0.0,0.0,0.0,0.0,-0.00024004695624799122,1.0
repeat_2_fold_3,ATP2C1,0.0,0.0,0.0,0.0,0.0,0.0,0.0
repeat_2_fold_3,ATP5F1C,-0.05241224824955992,0.06052045127143382,0.03026022563571691,-0.08267247388527683,0.0,-0.00027625636590755676,0.5
repeat_2_fold_3,ATP7B,-1.0660604630034172,1.2309805905748799,0.6154902952874399,-1.681550758290857,0.0,0.0002874756444245785,0.5
repeat_2_fold_3,ATP8B2,0.09550965108161336,0.1102850455243534,0.0551425227621767,0.04036712831943665,0.5,-0.0004083789756894607,0.5
repeat_2_fold_3,ATP9A,0.0,0.0,0.0,0.0,0.0,2.395630370205515e-05,0.5
repeat_2_fold_3,AURKAIP1,0.0,0.0,0.0,0.0,0.0,0.0,0.0
repeat_2_fold_3,AURKB,-0.02620612412477996,0.05241224824955992,0.02620612412477996,-0.05241224824955992,0.0,-2.8026008135562108e-05,0.5
repeat_2_fold_3,AUTS2,0.0,0.0,0.0,0.0,0.0,-0.00042322803206948367,0.5
repeat_2_fold_3,AVEN,0.0,0.0,0.0,0.0,0.0,-7.98543456737022e-06,0.5
repeat_2_fold_3,B3GALT1,0.0,0.0,0.0,0.0,0.0,-0.00023157760245312575,0.5
repeat_2_fold_3,B3GALT5,-0.10226050996618952,0.20452101993237906,0.10226050996618953,-0.20452101993237903,0.0,-0.0017887373430862108,0.5
repeat_2_fold_3,B3GNT2,0.0890191038947119,0.10568877941548067,0.05284438970774034,0.03617471418697157,0.5,-8.491350123374097e-06,1.0
repeat_2_fold_3,B4GALT1,0.0,0.0,0.0,0.0,0.0,0.0,0.0
repeat_2_fold_3,B4GALT2,-0.05241224824955992,0.06052045127143382,0.03026022563571691,-0.08267247388527683,0.0,-8.007430895878853e-06,0.5
repeat_2_fold_3,B4GALT5,0.0,0.0,0.0,0.0,0.0,-7.985434567342464e-06,0.5
repeat_2_fold_3,BAK1,0.0,0.0,0.0,0.0,0.0,0.0,0.0
repeat_2_fold_3,BAP1,-0.15365936512460365,0.18070782424345172,0.09035391212172586,-0.2440132772463295,0.0,-0.0001641523333653916,0.5
repeat_2_fold_3,BBC3,0.0,0.0,0.0,0.0,0.0,0.000216200634188507,0.5
repeat_2_fold_3,BCKDHB,0.0,0.0,0.0,0.0,0.0,-0.00041656237721351963,1.0
repeat_2_fold_3,BCL6,0.0,0.0,0.0,0.0,0.0,-0.0003161175497587432,1.0
repeat_2_fold_3,BHLHE41,-1.0660604630034172,1.2309805905748799,0.6154902952874399,-1.681550758290857,0.0,0.00019165042961638568,0.5
repeat_2_fold_3,BIRC7,0.0,0.0,0.0,0.0,0.0,0.0,0.0
repeat_2_fold_3,BNIP3L,-0.12638723916712635,0.14593941311054803,0.07296970655527402,-0.19935694572240037,0.0,0.00016017061424594692,1.0
repeat_2_fold_3,BRD1,0.0,0.0,0.0,0.0,0.0,0.00033631209762657877,0.5
repeat_2_fold_3,BRD9,0.0,0.0,0.0,0.0,0.0,4.773663677590245e-05,1.0
repeat_2_fold_3,BTD,0.0,0.0,0.0,0.0,0.0,0.0,0.0
repeat_2_fold_3,BTN2A1,0.3768621699909609,0.44338185227495475,0.22169092613747737,0.15517124385348352,0.5,-0.0003001686769525669,1.0
repeat_2_fold_3,C2orf49,0.036983034554388894,0.07396606910877779,0.036983034554388894,0.0,0.25,0.0001921783415008982,0.5
repeat_2_fold_3,C4BPA,-0.07940386248037079,0.15880772496074158,0.07940386248037079,-0.15880772496074158,0.0,-7.186891110613769e-05,0.5
repeat_2_fold_3,CA3,-0.10226050996618952,0.204521019932379,0.1022605099661895,-0.20452101993237903,0.0,-0.0004072571629348265,0.5
repeat_2_fold_3,CA5A,0.0,0.0,0.0,0.0,0.0,0.0,0.0
repeat_2_fold_3,CACNA1S,0.0,0.0,0.0,0.0,0.0,0.0,0.0
repeat_2_fold_3,CADM3,0.0,0.0,0.0,0.0,0.0,0.0002396510223345305,1.0
repeat_2_fold_3,CALCA,0.036983034554388894,0.07396606910877779,0.036983034554388894,0.0,0.25,0.00036033439031418757,0.5
repeat_2_fold_3,CALD1,0.0,0.0,0.0,0.0,0.0,-0.0003963678293456563,0.5
repeat_2_fold_3,CALU,0.036983034554388894,0.07396606910877779,0.036983034554388894,0.0,0.25,4.826454866044272e-05,1.0
repeat_2_fold_3,CAPN7,0.0,0.0,0.0,0.0,0.0,-0.0002994867907683829,1.0
repeat_2_fold_3,CAPZB,0.036983034554388894,0.07396606910877779,0.036983034554388894,0.0,0.25,-0.00011179608394293328,1.0
repeat_2_fold_3,CASP10,-0.10226050996618952,0.204521019932379,0.1022605099661895,-0.20452101993237903,0.0,-0.00038330085923277135,0.5
repeat_2_fold_3,CASP3,0.0,0.0,0.0,0.0,0.0,-7.985434567342464e-06,0.5
repeat_2_fold_3,CASP5,0.0,0.0,0.0,0.0,0.0,0.00014813747157360613,0.5
repeat_2_fold_3,CASP9,0.0,0.0,0.0,0.0,0.0,-0.00043919890120419636,0.5
repeat_2_fold_3,CAST,0.0,0.0,0.0,0.0,0.0,0.00011610774799011847,0.5
repeat_2_fold_3,CCL11,0.0,0.0,0.0,0.0,0.0,-0.00022414207609885994,1.0
repeat_2_fold_3,CCL19,0.0,0.0,0.0,0.0,0.0,0.0,0.0
repeat_2_fold_3,CCN2,0.0,0.0,0.0,0.0,0.0,-1.597086913468493e-05,0.5
repeat_2_fold_3,CCNA2,0.0,0.0,0.0,0.0,0.0,8.808173985455636e-05,0.5
repeat_2_fold_3,CCNB2,0.17803820778942736,0.20558081438652884,0.10279040719326442,0.07524780059616294,0.5,0.0006473481118398072,1.0
repeat_2_fold_3,CCNG2,-0.0016834991102498975,0.003366998220499795,0.0016834991102498975,-0.003366998220499795,0.0,0.00011190606558547644,1.0
repeat_2_fold_3,CCZ1,0.036983034554388894,0.07396606910877779,0.036983034554388894,0.0,0.25,0.00012015545609508904,1.0
repeat_2_fold_3,CD22,0.0,0.0,0.0,0.0,0.0,0.0006634509589456272,1.0
repeat_2_fold_3,CD2AP,0.0,0.0,0.0,0.0,0.0,-8.808173985458412e-05,0.5
repeat_2_fold_3,CD300A,0.025963817016823043,0.0515712603673251,0.02578563018366255,0.0001781868331604923,0.5,-0.0008408242367235752,1.0
repeat_2_fold_3,CD40LG,0.0,0.0,0.0,0.0,0.0,0.0,0.0
repeat_2_fold_3,CDC16,0.18861917445009624,0.3772383489001925,0.18861917445009624,0.0,0.25,-0.00017631745400881194,1.0
repeat_2_fold_3,CDC27,0.0,0.0,0.0,0.0,0.0,-0.00015172325677961784,0.5
repeat_2_fold_3,CDC42EP3,0.0,0.0,0.0,0.0,0.0,0.0,0.0
repeat_2_fold_3,CDC42EP4,0.0,0.0,0.0,0.0,0.0,0.0,0.0
repeat_2_fold_3,CDC45,0.0,0.0,0.0,0.0,0.0,0.0,0.0
repeat_2_fold_3,CDH15,0.0,0.0,0.0,0.0,0.0,-0.0005030823777429916,0.5
repeat_2_fold_3,CDK5RAP2,0.0,0.0,0.0,0.0,0.0,0.0,0.0
repeat_2_fold_3,CDKAL1,0.0,0.0,0.0,0.0,0.0,0.0,0.0
repeat_2_fold_3,CDKN1B,-0.2893850284556745,0.36175036434826247,0.18087518217413123,-0.4702602106298057,0.0,0.0007825725876002276,0.5
repeat_2_fold_3,CDS2,0.0,0.0,0.0,0.0,0.0,-8.007430895906609e-06,0.5
repeat_2_fold_3,CEBPB,0.0,0.0,0.0,0.0,0.0,0.0,0.0
repeat_2_fold_3,CENPE,0.0,0.0,0.0,0.0,0.0,0.0,0.5
repeat_2_fold_3,CEP162,0.0,0.0,0.0,0.0,0.0,0.0007107036764940622,0.5
repeat_2_fold_3,CEP97,0.0,0.0,0.0,0.0,0.0,-9.582521480819284e-05,0.5
repeat_2_fold_3,CFL1,-0.6008515793035389,1.0000805903566872,0.5000402951783436,-1.1008918744818825,0.0,-0.000926354402469548,1.0
repeat_2_fold_3,CHMP3,0.0,0.0,0.0,0.0,0.0,0.0,0.0
repeat_2_fold_3,CHPF,0.0,0.0,0.0,0.0,0.0,0.0,0.0
repeat_2_fold_3,CHRNA4,-0.18712451848948142,0.2179322890099147,0.10896614450495735,-0.29609066299443876,0.0,-0.00033538825182866105,0.5
repeat_2_fold_3,CHST2,0.036983034554388894,0.07396606910877779,0.036983034554388894,0.0,0.25,-2.3560369788677704e-05,1.0
repeat_2_fold_3,CHTOP,0.0,0.0,0.0,0.0,0.0,-0.00011179608394287777,0.5
repeat_2_fold_3,CIT,0.0,0.0,0.0,0.0,0.0,0.00026351934072252337,0.5
repeat_2_fold_3,CKB,0.0,0.0,0.0,0.0,0.0,-0.00011210403254222068,0.5
repeat_2_fold_3,CKM,-1.0660604630034172,1.2309805905748799,0.6154902952874399,-1.681550758290857,0.0,8.095416209968898e-06,1.0
repeat_2_fold_3,CLCF1,0.0,0.0,0.0,0.0,0.0,0.0,0.0
repeat_2_fold_3,CLCN4,0.0,0.0,0.0,0.0,0.0,0.0,0.0
repeat_2_fold_3,CLCN5,0.0,0.0,0.0,0.0,0.0,0.0,0.0
repeat_2_fold_3,CLDN1,0.0,0.0,0.0,0.0,0.0,0.0,0.5
repeat_2_fold_3,CLDN5,-1.1157237587157756,2.0115186277289263,1.0057593138644632,-2.1214830725802387,0.0,-0.0003593445555307162,0.5
repeat_2_fold_3,CLOCK,0.05203606934032301,0.10407213868064602,0.05203606934032301,0.0,0.25,0.00014413375612568058,0.5
repeat_2_fold_3,CNDP2,0.0,0.0,0.0,0.0,0.0,-0.0004950969431756491,0.5
repeat_2_fold_3,CNPY3,0.0,0.0,0.0,0.0,0.0,0.0002562377886678735,0.5
repeat_2_fold_3,CNTRL,0.0,0.0,0.0,0.0,0.0,-3.202972358351541e-05,0.5
repeat_2_fold_3,COA4,0.0,0.0,0.0,0.0,0.0,0.0,0.0
repeat_2_fold_3,COASY,0.0,0.0,0.0,0.0,0.0,0.0,0.0
repeat_2_fold_3,COL19A1,0.036983034554388894,0.07396606910877779,0.036983034554388894,0.0,0.25,-0.00027181272388920874,1.0
repeat_2_fold_3,COL4A5,0.0,0.0,0.0,0.0,0.0,0.0,0.0
repeat_2_fold_3,COPB1,0.10407213868064602,0.1201721545648221,0.06008607728241105,0.04398606139823497,0.5,-0.0009832202828959635,1.0
repeat_2_fold_3,COPB2,0.0,0.0,0.0,0.0,0.0,-0.0011931072034848667,0.5
repeat_2_fold_3,COPG1,-1.0922665871281971,1.2014827328308493,0.6007413664154246,-1.6930079535436218,0.0,8.011830161575029e-05,1.0
repeat_2_fold_3,COPS8,0.0,0.0,0.0,0.0,0.0,0.0,0.0
repeat_2_fold_3,COQ4,0.0,0.0,0.0,0.0,0.0,-0.0002794902098572083,0.5
repeat_2_fold_3,COQ9,0.0,0.0,0.0,0.0,0.0,0.0,0.0
repeat_2_fold_3,CORT,-0.003366998220499795,0.003887874657933095,0.0019439373289665475,-0.005310935549466342,0.0,-0.0008810153655025577,1.0
repeat_2_fold_3,COX17,0.010776910429608932,0.1039351166037105,0.05196755830185525,-0.04119064787224632,0.25,-1.1923161029714358e-05,1.0
repeat_2_fold_3,CPB2,0.07396606910877779,0.08540865982170263,0.04270432991085132,0.03126173919792647,0.5,-0.0006365907562217998,0.5
repeat_2_fold_3,CPOX,-0.20452101993237903,0.23616053182579172,0.11808026591289586,-0.3226012858452749,0.0,-0.00020762129875109836,0.5
repeat_2_fold_3,CRADD,0.0,0.0,0.0,0.0,0.0,0.0,0.0
repeat_2_fold_3,CS,-0.5330302315017086,1.0660604630034172,0.5330302315017086,-1.0660604630034172,0.0,-0.00040402331898517496,1.0
repeat_2_fold_3,CSAD,0.0,0.0,0.0,0.0,0.0,0.000511067812310334,0.5
repeat_2_fold_3,CSF3,0.0,0.0,0.0,0.0,0.0,-3.992717283674008e-05,0.5
repeat_2_fold_3,CTDSP2,-0.052289645386252914,0.09636069002152978,0.04818034501076489,-0.1004699903970178,0.0,-7.67304833664828e-05,1.0
repeat_2_fold_3,CTSH,0.0,0.0,0.0,0.0,0.0,-0.0006806316261490919,0.5
repeat_2_fold_3,CUL4A,0.0,0.0,0.0,0.0,0.0,0.0,0.0
repeat_2_fold_3,CUL5,0.0,0.0,0.0,0.0,0.0,1.597086913468493e-05,0.5
repeat_2_fold_3,CWC25,0.0,0.0,0.0,0.0,0.0,0.0,0.0
repeat_2_fold_3,CXCL12,0.0,0.0,0.0,0.0,0.0,1.9578650669233033e-05,1.0
repeat_2_fold_3,CXXC1,0.0,0.0,0.0,0.0,0.0,0.0,0.0
repeat_2_fold_3,CYBA,0.02582994521554305,0.13120400271485197,0.06560200135742598,-0.039772056141882936,0.25,-0.000495316906460902,1.0
repeat_2_fold_3,CYP2D6,0.0,0.0,0.0,0.0,0.0,0.0,0.0
repeat_2_fold_3,CYP46A1,0.0,0.0,0.0,0.0,0.0,0.0,0.0
repeat_2_fold_3,CYP4B1,0.0,0.0,0.0,0.0,0.0,-0.0003120258489967276,1.0
repeat_2_fold_3,CYTH1,0.0,0.0,0.0,0.0,0.0,-2.402229268763656e-05,0.5
repeat_2_fold_3,CYTH2,0.0,0.0,0.0,0.0,0.0,0.0,0.0
repeat_2_fold_3,CYTH4,0.0,0.0,0.0,0.0,0.0,-0.00015970869134698806,0.5
repeat_2_fold_3,DAP3,0.0,0.0,0.0,0.0,0.0,-0.0002162006341885625,0.5
repeat_2_fold_3,DBP,0.0,0.0,0.0,0.0,0.0,0.0002714607826328208,1.0
repeat_2_fold_3,DDX42,0.0,0.0,0.0,0.0,0.0,0.0,0.0
repeat_2_fold_3,DDX49,-0.05241224824955992,0.06052045127143382,0.03026022563571691,-0.08267247388527683,0.0,-0.0008968322603375989,0.5
repeat_2_fold_3,DEFA6,0.0,0.0,0.0,0.0,0.0,-0.00030428237404311886,0.5
repeat_2_fold_3,DEK,0.0,0.0,0.0,0.0,0.0,-0.0001038106493755353,0.5
repeat_2_fold_3,DELE1,-0.8226249540013253,1.7452651146798779,0.8726325573399389,-1.6952575113412642,0.25,-0.0007678115165342669,1.0
repeat_2_fold_3,DENND1A,0.0,0.0,0.0,0.0,0.0,0.0,0.0
repeat_2_fold_3,DENND5A,-0.02620612412477996,0.05241224824955992,0.02620612412477996,-0.05241224824955992,0.0,-7.974436403090923e-05,1.0
repeat_2_fold_3,DENND5B,0.07396606910877779,0.08540865982170263,0.04270432991085132,0.03126173919792647,0.5,0.0001199134964813553,1.0
repeat_2_fold_3,DFFA,0.0,0.0,0.0,0.0,0.0,-4.804458537524536e-05,0.5
repeat_2_fold_3,DKC1,0.0,0.0,0.0,0.0,0.0,-2.7755575615628914e-17,0.5
repeat_2_fold_3,DLGAP5,0.0,0.0,0.0,0.0,0.0,0.0,0.0
repeat_2_fold_3,DNAJC10,0.0,0.0,0.0,0.0,0.0,0.0,0.0
repeat_2_fold_3,DNAJC11,0.0,0.0,0.0,0.0,0.0,-0.000176163479709196,0.5
repeat_2_fold_3,DNM1L,-0.0848640085232919,0.1697280170465838,0.0848640085232919,-0.1697280170465838,0.0,0.0007745871530328574,0.5
repeat_2_fold_3,DNMT3A,0.0,0.0,0.0,0.0,0.0,0.0,0.0
repeat_2_fold_3,DOCK3,0.0,0.0,0.0,0.0,0.0,0.0,0.0
repeat_2_fold_3,DOHH,0.0,0.0,0.0,0.0,0.0,-0.000176163479709196,0.5
repeat_2_fold_3,DPEP2,0.0,0.0,0.0,0.0,0.0,0.0004551697703388813,0.5
repeat_2_fold_3,DPYSL2,-0.7557922029834341,0.8917511585703001,0.44587557928515004,-1.2016677822685842,0.25,0.000310068175758238,1.0
repeat_2_fold_3,DPYSL3,0.0,0.0,0.0,0.0,0.0,0.0,0.0
repeat_2_fold_3,DRG2,0.0,0.0,0.0,0.0,0.0,0.0,0.0
repeat_2_fold_3,DSCAM,-0.24632854067795407,0.2925143587001359,0.14625717935006796,-0.39258572002802206,0.0,0.00019965786051226453,1.0
repeat_2_fold_3,DSG3,0.0,0.0,0.0,0.0,0.0,0.00022420806508438584,0.5
repeat_2_fold_3,DSN1,0.0,0.0,0.0,0.0,0.0,0.0,0.0
repeat_2_fold_3,DSP,0.0,0.0,0.0,0.0,0.0,-3.992717283674008e-05,0.5
repeat_2_fold_3,DTL,0.0,0.0,0.0,0.0,0.0,0.0,0.0
repeat_2_fold_3,DUSP1,0.0,0.0,0.0,0.0,0.0,0.0006002273722625073,1.0
repeat_2_fold_3,DUSP10,0.05203606934032301,0.10407213868064602,0.05203606934032301,0.0,0.25,-0.0006085647480862377,0.5
repeat_2_fold_3,DUSP5,0.0,0.0,0.0,0.0,0.0,-3.992717283676783e-05,0.5
repeat_2_fold_3,DZIP1,0.0,0.0,0.0,0.0,0.0,0.0,0.0
repeat_2_fold_3,EBAG9,-0.05241224824955992,0.06052045127143382,0.03026022563571691,-0.08267247388527683,0.0,0.00043543714537000455,1.0
repeat_2_fold_3,ECI2,0.0,0.0,0.0,0.0,0.0,0.0006966464879407941,0.5
repeat_2_fold_3,ECM1,0.0,0.0,0.0,0.0,0.0,0.0,0.0
repeat_2_fold_3,EDEM3,0.0,0.0,0.0,0.0,0.0,-7.985434567350791e-05,0.5
repeat_2_fold_3,EEF1A2,0.0,0.0,0.0,0.0,0.0,0.0,0.0
repeat_2_fold_3,EFNA1,0.036983034554388894,0.07396606910877779,0.036983034554388894,0.0,0.25,6.390547286730386e-05,1.0
repeat_2_fold_3,EFNA4,0.0,0.0,0.0,0.0,0.0,0.0,0.0
repeat_2_fold_3,EFNB1,0.0,0.0,0.0,0.0,0.0,0.0,0.0
repeat_2_fold_3,EIF2AK2,0.036983034554388894,0.07396606910877779,0.036983034554388894,0.0,0.25,-0.000277224204362575,1.0
repeat_2_fold_3,EIF3C,0.0,0.0,0.0,0.0,0.0,0.0,0.0
repeat_2_fold_3,EIF4G3,0.0,0.0,0.0,0.0,0.0,0.0,0.0
repeat_2_fold_3,ENO1,0.0,0.0,0.0,0.0,0.0,-1.6410795705162906e-05,1.0
repeat_2_fold_3,ENPEP,0.0,0.0,0.0,0.0,0.0,0.0,0.0
repeat_2_fold_3,ENPP1,0.0,0.0,0.0,0.0,0.0,0.0,0.0
repeat_2_fold_3,ENTPD1,0.0,0.0,0.0,0.0,0.0,0.0,0.0
repeat_2_fold_3,ENTPD3,0.0,0.0,0.0,0.0,0.0,0.0,0.0
repeat_2_fold_3,EPB41L3,0.05203606934032301,0.10407213868064602,0.05203606934032301,0.0,0.25,0.00020018577239674928,0.5
repeat_2_fold_3,EPHA3,0.0,0.0,0.0,0.0,0.0,-4.791260740408254e-05,0.5
repeat_2_fold_3,EPHA4,0.0,0.0,0.0,0.0,0.0,0.00011179608394290552,0.5
repeat_2_fold_3,ERAL1,0.0,0.0,0.0,0.0,0.0,-0.0006966464879408496,0.5
repeat_2_fold_3,EVL,0.0,0.0,0.0,0.0,0.0,-7.985434567342464e-06,0.5
repeat_2_fold_3,F10,0.0,0.0,0.0,0.0,0.0,0.0,0.0
repeat_2_fold_3,F11,0.0,0.0,0.0,0.0,0.0,0.0,0.0
repeat_2_fold_3,FAAP100,0.0,0.0,0.0,0.0,0.0,-3.992717283674008e-05,0.5
repeat_2_fold_3,FAAP24,-0.025562201612990165,0.13113406792422005,0.06556703396211003,-0.09112923557510019,0.25,-0.00037634925210597303,0.5
repeat_2_fold_3,FAF2,0.10407213868064602,0.1201721545648221,0.06008607728241105,0.04398606139823497,0.5,-8.407802440668632e-05,0.5
repeat_2_fold_3,FAH,0.0,0.0,0.0,0.0,0.0,0.0,0.0
repeat_2_fold_3,FAN1,0.0,0.0,0.0,0.0,0.0,0.0,0.0
repeat_2_fold_3,FASN,0.0,0.0,0.0,0.0,0.0,0.0,0.0
repeat_2_fold_3,FBXO17,0.0,0.0,0.0,0.0,0.0,6.366351325354236e-05,1.0
repeat_2_fold_3,FCER1G,0.0,0.0,0.0,0.0,0.0,0.0,0.0
repeat_2_fold_3,FCGR2B,0.0,0.0,0.0,0.0,0.0,0.0,0.0
repeat_2_fold_3,FDX1,0.0,0.0,0.0,0.0,0.0,-0.00033538825182866105,0.5
repeat_2_fold_3,FEN1,-0.1697280170465838,0.1959850326617331,0.09799251633086654,-0.26772053337745033,0.0,-0.00023157760245312575,1.0
repeat_2_fold_3,FGF5,0.0,0.0,0.0,0.0,0.0,0.0,0.0
repeat_2_fold_3,FGG,0.0,0.0,0.0,0.0,0.0,0.00014373782221227538,0.5
repeat_2_fold_3,FGR,0.036983034554388894,0.07396606910877779,0.036983034554388894,0.0,0.25,5.2048300823143157e-05,0.5
repeat_2_fold_3,FIS1,0.0,0.0,0.0,0.0,0.0,-0.0002554239245125822,1.0
repeat_2_fold_3,FKBP1A,0.26699523971647743,0.40722529674783664,0.20361264837391832,0.06338259134255911,0.5,0.00039539999089063804,1.0
repeat_2_fold_3,FKBP4,0.18349423939742238,0.6844282536917796,0.3422141268458898,-0.15871988744846743,0.5,-0.00024345677082582284,1.0
repeat_2_fold_3,FLOT1,0.0,0.0,0.0,0.0,0.0,0.0006221380174119828,1.0
repeat_2_fold_3,FOXJ2,0.0,0.0,0.0,0.0,0.0,0.0,0.0
repeat_2_fold_3,FOXO4,0.0,0.0,0.0,0.0,0.0,0.0,0.0
repeat_2_fold_3,FPR3,-0.582693527214067,1.165387054428134,0.582693527214067,-1.165387054428134,0.0,0.0002874756444245785,0.5
repeat_2_fold_3,FRAT1,0.0,0.0,0.0,0.0,0.0,0.0001038106493755353,0.5
repeat_2_fold_3,FSCN1,0.0,0.0,0.0,0.0,0.0,-0.00012776695307759045,0.5
repeat_2_fold_3,FUS,-0.02620612412477996,0.05241224824955992,0.02620612412477996,-0.05241224824955992,0.0,-0.00012011146343807177,0.5
repeat_2_fold_3,FUT1,-0.5330302315017086,1.0660604630034172,0.5330302315017086,-1.0660604630034172,0.0,0.00023969501499157553,1.0
repeat_2_fold_3,G3BP1,0.0,0.0,0.0,0.0,0.0,-3.202972358351541e-05,0.5
repeat_2_fold_3,GAB1,-0.18587555145733958,0.27194152417179784,0.13597076208589892,-0.3218463135432385,0.0,-0.00022363616054285607,1.0
repeat_2_fold_3,GAP43,0.0,0.0,0.0,0.0,0.0,0.00015970869134698806,0.5
repeat_2_fold_3,GARS1,0.0,0.0,0.0,0.0,0.0,0.0,0.0
repeat_2_fold_3,GART,0.0,0.0,0.0,0.0,0.0,0.0,0.0
repeat_2_fold_3,GAS2,0.0,0.0,0.0,0.0,0.0,0.0,0.0
repeat_2_fold_3,GATA6,0.0,0.0,0.0,0.0,0.0,0.0,0.0
repeat_2_fold_3,GATAD2A,0.0,0.0,0.0,0.0,0.0,1.5904880149103517e-05,1.0
repeat_2_fold_3,GCA,-0.5330302315017086,1.0660604630034172,0.5330302315017086,-1.0660604630034172,0.0,-0.0005270386814450467,0.5
repeat_2_fold_3,GCSH,-0.5826935272140634,0.9526193866268171,0.47630969331340856,-1.059003220527472,0.0,7.118702492195372e-05,1.0
repeat_2_fold_3,GDI2,-0.0014337454077839595,0.0016555465942669175,0.0008277732971334588,-0.0022615187049174184,0.0,-1.2011146343832158e-05,0.5
repeat_2_fold_3,GET3,-0.02620612412477996,0.05241224824955992,0.02620612412477996,-0.05241224824955992,0.0,-6.806316261492862e-05,0.5
repeat_2_fold_3,GINS2,0.05203606934032301,0.10407213868064602,0.05203606934032301,0.0,0.25,0.00012011146343804402,0.5
repeat_2_fold_3,GLB1L,0.0,0.0,0.0,0.0,0.0,0.00016815604881328938,0.5
repeat_2_fold_3,GLP1R,0.0,0.0,0.0,0.0,0.0,-0.0002242080650844136,0.5
repeat_2_fold_3,GLS2,0.0,0.0,0.0,0.0,0.0,0.0001921783415008982,0.5
repeat_2_fold_3,GLUD2,0.0,0.0,0.0,0.0,0.0,-4.804458537524536e-05,0.5
repeat_2_fold_3,GNAQ,0.0,0.0,0.0,0.0,0.0,0.0,0.0
repeat_2_fold_3,GNE,0.0,0.0,0.0,0.0,0.0,0.0,0.0
repeat_2_fold_3,GNG5,0.0,0.0,0.0,0.0,0.0,-0.000295461078991921,0.5
repeat_2_fold_3,GNMT,0.0,0.0,0.0,0.0,0.0,0.0,0.0
repeat_2_fold_3,GNRH1,0.0,0.0,0.0,0.0,0.0,0.0,0.0
repeat_2_fold_3,GOLGA1,0.0,0.0,0.0,0.0,0.0,0.0,0.0
repeat_2_fold_3,GOLGA5,0.0,0.0,0.0,0.0,0.0,0.0,0.0
repeat_2_fold_3,GPR37L1,0.0,0.0,0.0,0.0,0.0,-9.582521480816508e-05,0.5
repeat_2_fold_3,GPX5,0.0,0.0,0.0,0.0,0.0,-0.00016815604881331714,0.5
repeat_2_fold_3,GRPR,-0.5310987769863829,0.8127090284731098,0.4063545142365549,-0.9374532912229377,0.0,-0.00031941738269394837,0.5
repeat_2_fold_3,GSTA2,0.0,0.0,0.0,0.0,0.0,0.0,0.0
repeat_2_fold_3,GTF2H1,0.0,0.0,0.0,0.0,0.0,0.0004634191608484939,1.0
repeat_2_fold_3,GTPBP3,0.036983034554388894,0.07396606910877779,0.036983034554388894,0.0,0.25,0.00017616347970916824,0.5
repeat_2_fold_3,GTSE1,-0.08361504149115007,0.09655033342643445,0.04827516671321722,-0.13189020820436728,0.0,-0.0005030823777429916,0.5
repeat_2_fold_3,GUCY1B1,0.0,0.0,0.0,0.0,0.0,3.194173826939761e-05,0.5
repeat_2_fold_3,GUCY2C,0.0,0.0,0.0,0.0,0.0,0.00017592152009537898,1.0
repeat_2_fold_3,GYG1,0.0,0.0,0.0,0.0,0.0,-0.0003483232439704109,0.5
repeat_2_fold_3,H2AC7,0.0,0.0,0.0,0.0,0.0,0.0,0.0
repeat_2_fold_3,H2AC8,0.0,0.0,0.0,0.0,0.0,0.0,0.0
repeat_2_fold_3,H2BC3,0.0,0.0,0.0,0.0,0.0,0.0,0.0
repeat_2_fold_3,H3C3,0.0,0.0,0.0,0.0,0.0,-0.0003673299900980864,0.5
repeat_2_fold_3,H3C7,0.0,0.0,0.0,0.0,0.0,-0.0002076212987510706,0.5
repeat_2_fold_3,H4C14,0.0,0.0,0.0,0.0,0.0,-0.0008023712015546858,1.0
repeat_2_fold_3,HAND1,0.0,0.0,0.0,0.0,0.0,0.0,0.0
repeat_2_fold_3,HAPLN1,0.0,0.0,0.0,0.0,0.0,0.0,0.0
repeat_2_fold_3,HARS1,0.0,0.0,0.0,0.0,0.0,-7.206687806288192e-05,0.5
repeat_2_fold_3,HDAC3,0.0,0.0,0.0,0.0,0.0,0.00019165042961638568,0.5
repeat_2_fold_3,HDC,0.0,0.0,0.0,0.0,0.0,0.0,0.0
repeat_2_fold_3,HES1,0.3003585720931703,0.6007171441863406,0.3003585720931703,0.0,0.25,-0.00016798007818513705,1.0
repeat_2_fold_3,HIGD1A,0.0,0.0,0.0,0.0,0.0,4.804458537518985e-05,0.5
repeat_2_fold_3,HLTF,0.05203606934032301,0.10407213868064602,0.05203606934032301,0.0,0.25,0.0004003715447935541,0.5
repeat_2_fold_3,HNRNPC,0.06604038629003206,0.1812411796274433,0.09062058981372165,-0.024580203523689587,0.5,-0.0002367911159698033,1.0
repeat_2_fold_3,HNRNPUL1,0.0,0.0,0.0,0.0,0.0,-0.000295461078991921,0.5
repeat_2_fold_3,HOXB2,0.0,0.0,0.0,0.0,0.0,0.0,0.0
repeat_2_fold_3,HPRT1,0.0890191038947119,0.10568877941548067,0.05284438970774034,0.03617471418697157,0.5,-0.0003288545749438043,1.0
repeat_2_fold_3,HPS1,0.10407213868064602,0.1201721545648221,0.06008607728241105,0.04398606139823497,0.5,-0.00021584869293220232,1.0
repeat_2_fold_3,HRH2,0.0,0.0,0.0,0.0,0.0,0.0,0.0
repeat_2_fold_3,HSPD1,0.0,0.0,0.0,0.0,0.0,0.00016014861791741053,0.5
repeat_2_fold_3,HTATSF1,0.0,0.0,0.0,0.0,0.0,0.0,0.0
repeat_2_fold_3,HTN3,0.0,0.0,0.0,0.0,0.0,0.0,0.0
repeat_2_fold_3,HTR2C,0.05413807190596032,0.10827614381192063,0.05413807190596032,0.0,0.25,-0.0003593445555307162,0.5
repeat_2_fold_3,ICAM4,0.10407213868064602,0.1201721545648221,0.06008607728241105,0.04398606139823497,0.5,-0.0005678017147656422,1.0
repeat_2_fold_3,ID1,0.0,0.0,0.0,0.0,0.0,0.00028747564442455076,0.5
repeat_2_fold_3,ID3,0.0,0.0,0.0,0.0,0.0,0.0,0.0
repeat_2_fold_3,IFT22,0.0,0.0,0.0,0.0,0.0,0.0,0.0
repeat_2_fold_3,IFT52,-0.02620612412477996,0.05241224824955992,0.02620612412477996,-0.05241224824955992,0.0,6.806316261490086e-05,0.5
repeat_2_fold_3,IGF1R,0.0,0.0,0.0,0.0,0.0,-0.0003443195285224854,0.5
repeat_2_fold_3,IGLV3-19,0.0,0.0,0.0,0.0,0.0,8.007430895870526e-05,0.5
repeat_2_fold_3,IK,0.0,0.0,0.0,0.0,0.0,-0.00019165042961638568,0.5
repeat_2_fold_3,IL11RA,0.036983034554388894,0.07396606910877779,0.036983034554388894,0.0,0.25,-2.859522708065221e-07,1.0
repeat_2_fold_3,IL1B,0.0,0.0,0.0,0.0,0.0,0.0,0.0
repeat_2_fold_3,IL1R1,0.0,0.0,0.0,0.0,0.0,-0.00013575238764493291,0.5
repeat_2_fold_3,IL1RAPL2,0.0,0.0,0.0,0.0,0.0,-0.00028026008135551006,0.5
repeat_2_fold_3,IL24,0.0,0.0,0.0,0.0,0.0,0.0,0.0
repeat_2_fold_3,IL26,0.0,0.0,0.0,0.0,0.0,0.0,0.0
repeat_2_fold_3,IMPA2,0.0,0.0,0.0,0.0,0.0,0.0,0.5
repeat_2_fold_3,INPP1,0.0,0.0,0.0,0.0,0.0,-8.007430895878853e-06,0.5
repeat_2_fold_3,ITGA1,0.0,0.0,0.0,0.0,0.0,1.601486179172995e-05,0.5
repeat_2_fold_3,ITGA4,0.0,0.0,0.0,0.0,0.0,-3.194173826936986e-05,0.5
repeat_2_fold_3,ITGA8,0.22410953421998592,0.2694938900146995,0.13474694500734974,0.08936258921263618,0.5,0.0007037960620242811,1.0
repeat_2_fold_3,JADE2,0.0,0.0,0.0,0.0,0.0,0.0,0.0
repeat_2_fold_3,JAG2,-0.5330302315017086,1.0660604630034172,0.5330302315017086,-1.0660604630034172,0.0,-3.194173826939761e-05,0.5
repeat_2_fold_3,JUP,0.0,0.0,0.0,0.0,0.0,0.0,0.0
repeat_2_fold_3,KAT2B,0.1689120462774394,0.19968241872506248,0.09984120936253124,0.06907083691490815,0.5,-5.204830082319867e-05,0.5
repeat_2_fold_3,KCMF1,0.0,0.0,0.0,0.0,0.0,-0.00010788035380904226,1.0
repeat_2_fold_3,KCNA2,0.0,0.0,0.0,0.0,0.0,0.00011210403254219292,0.5
repeat_2_fold_3,KCNC3,-0.5025872057113645,0.9067067832563694,0.4533533916281847,-0.9559405973395492,0.0,-0.0013015158528353055,1.0
repeat_2_fold_3,KCNIP2,0.0,0.0,0.0,0.0,0.0,-0.00033538825182866105,0.5
repeat_2_fold_3,KDELR1,0.0,0.0,0.0,0.0,0.0,-5.589804197145276e-05,0.5
repeat_2_fold_3,KDELR3,0.0,0.0,0.0,0.0,0.0,-0.0001881746260530004,0.5
repeat_2_fold_3,KDM6A,0.09550965108161336,0.1102850455243534,0.0551425227621767,0.04036712831943665,0.5,0.0003202972358348488,0.5
repeat_2_fold_3,KDM7A,-0.05241224824955992,0.06052045127143382,0.03026022563571691,-0.08267247388527683,0.0,-6.405944716697531e-05,0.5
repeat_2_fold_3,KIF13A,0.0,0.0,0.0,0.0,0.0,0.0,0.0
repeat_2_fold_3,KIT,0.22145816632827398,0.28548973470843925,0.14274486735421962,0.07871329897405435,0.5,0.0005284684427989683,1.0
repeat_2_fold_3,KLF9,0.0,0.0,0.0,0.0,0.0,7.985434567348015e-05,0.5
repeat_2_fold_3,KLHDC10,0.0,0.0,0.0,0.0,0.0,-4.804458537524536e-05,0.5
repeat_2_fold_3,KLHL21,0.0,0.0,0.0,0.0,0.0,0.0005589804197144443,0.5
repeat_2_fold_3,KLHL5,0.0,0.0,0.0,0.0,0.0,-0.00028026008135551006,0.5
repeat_2_fold_3,KLK12,0.0,0.0,0.0,0.0,0.0,8.783978024085037e-05,0.5
repeat_2_fold_3,KMT5B,0.16241305032531628,0.3977902575169367,0.19889512875846835,-0.03648207843315207,0.25,0.0002322154959802647,0.5
repeat_2_fold_3,KRT36,0.0,0.0,0.0,0.0,0.0,0.0,0.0
repeat_2_fold_3,KRT38,0.0,0.0,0.0,0.0,0.0,-1.597086913468493e-05,0.5
repeat_2_fold_3,KRT81,-0.0848640085232919,0.1697280170465838,0.0848640085232919,-0.1697280170465838,0.0,0.0016460333483144518,1.0
repeat_2_fold_3,KRT83,0.0,0.0,0.0,0.0,0.0,-0.00011210403254222068,0.5
repeat_2_fold_3,KRTAP1-1,0.0,0.0,0.0,0.0,0.0,0.0,0.0
repeat_2_fold_3,KRTAP1-3,0.0,0.0,0.0,0.0,0.0,0.00011978151851022023,0.5
repeat_2_fold_3,KTN1,0.0,0.0,0.0,0.0,0.0,0.00013612632522980173,0.5
repeat_2_fold_3,KYNU,0.0,0.0,0.0,0.0,0.0,0.00024823035777199465,0.5
repeat_2_fold_3,LAMB1,-0.1697280170465838,0.1959850326617331,0.09799251633086654,-0.26772053337745033,0.0,0.0013021537463624444,1.0
repeat_2_fold_3,LAMC1,-0.0848640085232919,0.1697280170465838,0.0848640085232919,-0.1697280170465838,0.0,-0.00019974584582635457,1.0
repeat_2_fold_3,LAMC2,-1.2000943105997344,1.6486400248081166,0.8243200124040583,-2.0244143230037928,0.0,0.00035135912096337374,0.5
repeat_2_fold_3,LCP2,0.0,0.0,0.0,0.0,0.0,0.0,0.0
repeat_2_fold_3,LDHAL6B,0.0,0.0,0.0,0.0,0.0,0.0,0.0
repeat_2_fold_3,LDLRAP1,-0.8774412885533209,1.4811596261402533,0.7405798130701267,-1.6180211016234476,0.25,-0.000211800984827204,1.0
repeat_2_fold_3,LEMD3,0.0,0.0,0.0,0.0,0.0,0.0,0.0
repeat_2_fold_3,LEP,-0.1697280170465838,0.1959850326617331,0.09799251633086654,-0.26772053337745033,0.0,-9.578122215114782e-05,1.0
repeat_2_fold_3,LETM1,0.0,0.0,0.0,0.0,0.0,0.000295461078991921,0.5
repeat_2_fold_3,LIAS,0.0,0.0,0.0,0.0,0.0,0.0,0.0
repeat_2_fold_3,LIPA,0.0,0.0,0.0,0.0,0.0,0.0,0.0
repeat_2_fold_3,LMO1,-0.2326716594085383,1.3871841487976184,0.6935920743988092,-0.9262637338073475,0.25,-0.0006627910690899796,0.5
repeat_2_fold_3,LOX,-0.028231440572177746,0.09101296070020344,0.04550648035010172,-0.07373792092227946,0.25,-8.421000237779364e-05,1.0
repeat_2_fold_3,LRP8,0.0,0.0,0.0,0.0,0.0,0.000452419845616725,0.5
repeat_2_fold_3,LTBP2,0.25913140919140076,0.43348689893620374,0.21674344946810187,0.042387959723298896,0.5,-0.0002722086578025862,1.0
repeat_2_fold_3,LTBP3,-0.5330302315017086,1.0660604630034172,0.5330302315017086,-1.0660604630034172,0.0,-0.000255753869440406,1.0
repeat_2_fold_3,LY6E,0.0,0.0,0.0,0.0,0.0,7.206687806282641e-05,0.5
repeat_2_fold_3,LY6H,0.0,0.0,0.0,0.0,0.0,0.00011978151851024799,0.5
repeat_2_fold_3,LYN,0.0,0.0,0.0,0.0,0.0,0.0003283486593877727,1.0
repeat_2_fold_3,LYRM4,0.0,0.0,0.0,0.0,0.0,-1.597086913468493e-05,1.0
repeat_2_fold_3,MAEA,0.0,0.0,0.0,0.0,0.0,0.0,0.0
repeat_2_fold_3,MAIP1,0.0,0.0,0.0,0.0,0.0,0.0,0.0
repeat_2_fold_3,MAMLD1,0.0,0.0,0.0,0.0,0.0,0.0,0.0
repeat_2_fold_3,MAN1C1,0.3354210948336931,0.3923674386909623,0.19618371934548115,0.13923737548821194,0.5,0.001428380572786575,1.0
repeat_2_fold_3,MAP2K3,0.0,0.0,0.0,0.0,0.0,-0.00047941202631174296,1.0
repeat_2_fold_3,MAP4K4,-0.4978295186907715,0.995659037381543,0.4978295186907715,-0.995659037381543,0.0,0.00044760226601345265,1.0
repeat_2_fold_3,MAPK1,-0.6007360544378173,0.8668957552031907,0.43344787760159537,-1.0341839320394126,0.0,0.00027150477528986583,0.5
repeat_2_fold_3,MAPK14,0.0,0.0,0.0,0.0,0.0,0.00019165042961638568,0.5
repeat_2_fold_3,MAPK6,0.0,0.0,0.0,0.0,0.0,0.0,0.0
repeat_2_fold_3,MAT2A,-0.02620612412477996,0.05241224824955992,0.02620612412477996,-0.05241224824955992,0.0,2.8026008135534353e-05,0.5
repeat_2_fold_3,MBD4,0.0,0.0,0.0,0.0,0.0,-0.0002242080650844136,0.5
repeat_2_fold_3,MCCC1,-0.6277617993853699,0.8362628133348226,0.4181314066674113,-1.0458932060527812,0.0,-0.00019165042961638568,0.5
repeat_2_fold_3,MCL1,0.0,0.0,0.0,0.0,0.0,0.0,0.0
repeat_2_fold_3,MCOLN1,0.0,0.0,0.0,0.0,0.0,0.00029627494314724,0.5
repeat_2_fold_3,MDH2,0.0,0.0,0.0,0.0,0.0,-4.003715447936651e-05,0.5
repeat_2_fold_3,MED13,0.0,0.0,0.0,0.0,0.0,-2.395630370205515e-05,0.5
repeat_2_fold_3,MFAP4,0.19601950631161635,0.2828531968358752,0.1414265984179376,0.054592907893678766,0.5,-0.0012571666506518142,0.5
repeat_2_fold_3,MIOS,0.0,0.0,0.0,0.0,0.0,-4.804458537524536e-05,0.5
repeat_2_fold_3,MLEC,0.0,0.0,0.0,0.0,0.0,0.00010376665671849028,1.0
repeat_2_fold_3,MLX,0.0,0.0,0.0,0.0,0.0,9.582521480819284e-05,0.5
repeat_2_fold_3,MLYCD,0.0,0.0,0.0,0.0,0.0,-0.00012811889433397838,0.5
repeat_2_fold_3,MMACHC,0.0,0.0,0.0,0.0,0.0,0.0,0.0
repeat_2_fold_3,MMP13,-0.05241224824955992,0.06052045127143382,0.03026022563571691,-0.08267247388527683,0.0,-0.0002242080650844136,0.5
repeat_2_fold_3,MMP19,0.0,0.0,0.0,0.0,0.0,-0.000511067812310334,0.5
repeat_2_fold_3,MMP20,0.0,0.0,0.0,0.0,0.0,0.00023956303702046822,0.5
repeat_2_fold_3,MOGAT2,0.15182696422145092,0.19187660545106297,0.09593830272553149,0.05588866149591944,0.5,0.00086508848902489,1.0
repeat_2_fold_3,MOGS,0.0,0.0,0.0,0.0,0.0,-0.00011179608394287777,0.5
repeat_2_fold_3,MORF4L1,0.0,0.0,0.0,0.0,0.0,0.0,0.0
repeat_2_fold_3,MRC1,0.0,0.0,0.0,0.0,0.0,-0.000175679560481673,0.5
repeat_2_fold_3,MRPL28,0.0,0.0,0.0,0.0,0.0,0.0,0.0
repeat_2_fold_3,MRPL39,0.0,0.0,0.0,0.0,0.0,0.0,0.0
repeat_2_fold_3,MRPS35,0.036983034554388894,0.07396606910877779,0.036983034554388894,0.0,0.25,-9.608917075046297e-05,0.5
repeat_2_fold_3,MSH5,0.0,0.0,0.0,0.0,0.0,0.0,0.0
repeat_2_fold_3,MSL1,0.0,0.0,0.0,0.0,0.0,0.0,0.0
repeat_2_fold_3,MSL3,0.0,0.0,0.0,0.0,0.0,0.0,0.0
repeat_2_fold_3,MSRB1,0.0,0.0,0.0,0.0,0.0,-0.00025623778866790126,0.5
repeat_2_fold_3,MT1M,0.0,0.0,0.0,0.0,0.0,0.00031228980493896996,0.5
repeat_2_fold_3,MTERF3,0.0,0.0,0.0,0.0,0.0,0.0,0.0
repeat_2_fold_3,MTHFD2,0.0,0.0,0.0,0.0,0.0,0.0,0.0
repeat_2_fold_3,MTMR2,0.0,0.0,0.0,0.0,0.0,-0.00021620063418853475,0.5
repeat_2_fold_3,MTO1,0.0,0.0,0.0,0.0,0.0,0.0,0.0
repeat_2_fold_3,MUC13,0.0,0.0,0.0,0.0,0.0,0.0,0.0
repeat_2_fold_3,MUC16,0.0,0.0,0.0,0.0,0.0,0.0,0.0
repeat_2_fold_3,MX1,0.0,0.0,0.0,0.0,0.0,0.0,0.0
repeat_2_fold_3,MYBBP1A,0.0,0.0,0.0,0.0,0.0,-0.00042329402105509284,1.0
repeat_2_fold_3,MYBL1,0.0,0.0,0.0,0.0,0.0,-1.6014861791757706e-05,0.5
repeat_2_fold_3,MYH8,0.0,0.0,0.0,0.0,0.0,3.992717283674008e-05,0.5
repeat_2_fold_3,MYL7,0.0,0.0,0.0,0.0,0.0,-0.00013612632522982948,0.5
repeat_2_fold_3,NAB2,-0.02620612412477996,0.05241224824955992,0.02620612412477996,-0.05241224824955992,0.0,-0.00015240514296382957,1.0
repeat_2_fold_3,NADK,0.0,0.0,0.0,0.0,0.0,0.0,0.0
repeat_2_fold_3,NAMPT,0.0,0.0,0.0,0.0,0.0,0.0,0.0
repeat_2_fold_3,NARS2,0.0,0.0,0.0,0.0,0.0,0.0,0.0
repeat_2_fold_3,NBEAL2,-0.5330302315017086,1.0660604630034172,0.5330302315017086,-1.0660604630034172,0.0,-0.0002555339061551809,0.5
repeat_2_fold_3,NCALD,0.0,0.0,0.0,0.0,0.0,0.00016815604881328938,0.5
repeat_2_fold_3,NCAM1,0.0,0.0,0.0,0.0,0.0,-2.7755575615628914e-17,0.5
repeat_2_fold_3,NCAPH2,0.0,0.0,0.0,0.0,0.0,-5.589804197145276e-05,0.5
repeat_2_fold_3,NCOA6,0.0,0.0,0.0,0.0,0.0,0.0,0.0
repeat_2_fold_3,NDUFB2,0.0,0.0,0.0,0.0,0.0,0.0,0.0
repeat_2_fold_3,NDUFS3,0.0,0.0,0.0,0.0,0.0,0.0,0.0
repeat_2_fold_3,NDUFS7,0.0,0.0,0.0,0.0,0.0,0.0,0.0
repeat_2_fold_3,NEK2,0.0,0.0,0.0,0.0,0.0,-3.992717283674008e-05,0.5
repeat_2_fold_3,NFKBIA,0.0,0.0,0.0,0.0,0.0,0.0,0.0
repeat_2_fold_3,NMB,0.0,0.0,0.0,0.0,0.0,0.0,0.0
repeat_2_fold_3,NMRK1,0.0,0.0,0.0,0.0,0.0,0.0,0.0
repeat_2_fold_3,NMRK2,0.0,0.0,0.0,0.0,0.0,0.00012776695307759045,0.5
repeat_2_fold_3,NOP10,0.0,0.0,0.0,0.0,0.0,0.0,0.0
repeat_2_fold_3,NOTCH2,0.0,0.0,0.0,0.0,0.0,0.00014373782221227538,0.5
repeat_2_fold_3,NOTCH2NLA,0.0,0.0,0.0,0.0,0.0,0.0,0.0
repeat_2_fold_3,NOX1,0.0,0.0,0.0,0.0,0.0,0.0,0.0
repeat_2_fold_3,NPHP4,0.0,0.0,0.0,0.0,0.0,-1.6014861791757706e-05,0.5
repeat_2_fold_3,NPR1,0.0,0.0,0.0,0.0,0.0,0.00015172325677961784,0.5
repeat_2_fold_3,NR1D1,0.0,0.0,0.0,0.0,0.0,0.0,0.0
repeat_2_fold_3,NR4A3,0.0,0.0,0.0,0.0,0.0,0.0,0.0
repeat_2_fold_3,NUDT3,0.0,0.0,0.0,0.0,0.0,0.0,0.0
repeat_2_fold_3,NUP153,0.0,0.0,0.0,0.0,0.0,-0.0002794902098572083,0.5
repeat_2_fold_3,NUP160,0.0,0.0,0.0,0.0,0.0,0.0,0.0
repeat_2_fold_3,OAT,0.0,0.0,0.0,0.0,0.0,0.0,0.0
repeat_2_fold_3,OCRL,0.010776910429608932,0.021553820859217865,0.010776910429608932,0.0,0.25,9.608917075043522e-05,0.5
repeat_2_fold_3,OGG1,0.0,0.0,0.0,0.0,0.0,-4.003715447936651e-05,0.5
repeat_2_fold_3,OGN,0.0,0.0,0.0,0.0,0.0,-0.0005509949851471019,0.5
repeat_2_fold_3,OPTN,0.0,0.0,0.0,0.0,0.0,0.0,0.0
repeat_2_fold_3,OR12D3,0.0,0.0,0.0,0.0,0.0,7.985434567342464e-06,0.5
repeat_2_fold_3,ORC3,0.0,0.0,0.0,0.0,0.0,-8.007430895878853e-06,0.5
repeat_2_fold_3,OSBPL8,0.0,0.0,0.0,0.0,0.0,2.395630370205515e-05,0.5
repeat_2_fold_3,OTUB1,0.0,0.0,0.0,0.0,0.0,0.0,0.0
repeat_2_fold_3,OXA1L,0.0,0.0,0.0,0.0,0.0,0.0,0.0
repeat_2_fold_3,OXCT1,0.0,0.0,0.0,0.0,0.0,-0.00012411517888602508,0.5
repeat_2_fold_3,OXTR,0.0,0.0,0.0,0.0,0.0,0.0,0.0
repeat_2_fold_3,P2RX4,0.0,0.0,0.0,0.0,0.0,-0.00017592152009540674,1.0
repeat_2_fold_3,P2RY13,0.0,0.0,0.0,0.0,0.0,-8.00963052872139e-05,1.0
repeat_2_fold_3,P2RY14,0.0,0.0,0.0,0.0,0.0,0.0,0.0
repeat_2_fold_3,PACSIN3,-0.05241224824955992,0.06052045127143382,0.03026022563571691,-0.08267247388527683,0.0,3.20297235834599e-05,0.5
repeat_2_fold_3,PAK2,0.025829945215544825,0.05165989043108965,0.025829945215544825,0.0,0.25,0.0005645238781589179,0.5
repeat_2_fold_3,PAK5,-0.5990174422020491,0.6973127062484716,0.3486563531242358,-0.9476737953262849,0.0,-0.00040725716293479874,0.5
repeat_2_fold_3,PAOX,0.0,0.0,0.0,0.0,0.0,0.0,0.0
repeat_2_fold_3,PARD6B,-0.5330302315017086,1.0660604630034172,0.5330302315017086,-1.0660604630034172,0.0,-8.783978024085037e-05,0.5
repeat_2_fold_3,PAX3,0.0,0.0,0.0,0.0,0.0,0.0,0.0
repeat_2_fold_3,PAX7,0.0,0.0,0.0,0.0,0.0,-5.589804197145276e-05,0.5
repeat_2_fold_3,PCF11,0.0,0.0,0.0,0.0,0.0,0.0,0.0
repeat_2_fold_3,PCNT,0.0,0.0,0.0,0.0,0.0,-0.0004871115086082789,0.5
repeat_2_fold_3,PDCD11,0.0,0.0,0.0,0.0,0.0,0.0,0.0
repeat_2_fold_3,PDE6D,0.0,0.0,0.0,0.0,0.0,0.0,0.0
repeat_2_fold_3,PDE8B,0.0,0.0,0.0,0.0,0.0,0.0,0.0
repeat_2_fold_3,PDK1,0.0,0.0,0.0,0.0,0.0,0.0,0.0
repeat_2_fold_3,PDPK1,0.0,0.0,0.0,0.0,0.0,0.0,0.0
repeat_2_fold_3,PELI2,0.0,0.0,0.0,0.0,0.0,0.0,0.0
repeat_2_fold_3,PER2,0.036983034554388894,0.07396606910877779,0.036983034554388894,0.0,0.25,-0.000723308723708016,1.0
repeat_2_fold_3,PER3,0.41988683113562075,0.261156669984294,0.130578334992147,0.28930849614347376,1.0,0.0015669268778107093,1.0
repeat_2_fold_3,PEX5,0.08901910389471368,0.17803820778942736,0.08901910389471368,0.0,0.25,-0.0005680656707079124,1.0
repeat_2_fold_3,PFKFB4,0.0,0.0,0.0,0.0,0.0,0.0,0.0
repeat_2_fold_3,PFKP,-0.5152940513738731,1.0817793796292212,0.5408896898146106,-1.0561837411884838,0.5,0.002974694972487507,1.0
repeat_2_fold_3,PGF,0.0,0.0,0.0,0.0,0.0,0.0,0.0
repeat_2_fold_3,PGLS,0.0,0.0,0.0,0.0,0.0,0.0,0.0
repeat_2_fold_3,PGRMC2,-1.235788480050008,1.4269656232366212,0.7134828116183106,-1.9492712916683188,0.0,0.00013575238764493291,0.5
repeat_2_fold_3,PGS1,0.0,0.0,0.0,0.0,0.0,1.601486179172995e-05,1.0
repeat_2_fold_3,PHKG2,0.0,0.0,0.0,0.0,0.0,0.0,0.0
repeat_2_fold_3,PIGV,-0.04180752074557503,0.08361504149115007,0.04180752074557503,-0.08361504149115007,0.0,-0.0009981793209186685,0.5
repeat_2_fold_3,PIK3R5,0.0,0.0,0.0,0.0,0.0,0.0,0.0
repeat_2_fold_3,PIP5K1B,-0.07962971859532075,0.16225330245771416,0.08112665122885708,-0.16075636982417785,0.25,0.002350225344252166,1.0
repeat_2_fold_3,PITRM1,0.3003585720931703,0.6007171441863406,0.3003585720931703,0.0,0.25,-0.00015970869134698806,0.5
repeat_2_fold_3,PIWIL1,0.0,0.0,0.0,0.0,0.0,0.0,0.0
repeat_2_fold_3,PKM,0.0,0.0,0.0,0.0,0.0,0.0,0.0
repeat_2_fold_3,PKP3,0.3490069083280165,0.41185972868678333,0.20592986434339167,0.14307704398462484,0.5,-0.0010169437237756707,0.5
repeat_2_fold_3,PLA2G10,0.4984566342201546,0.5993034178612966,0.2996517089306483,0.19880492528950633,0.5,-0.0009183249752451605,0.5
repeat_2_fold_3,PLA2G2A,0.0,0.0,0.0,0.0,0.0,5.589804197145276e-05,0.5
repeat_2_fold_3,PLA2G6,0.0,0.0,0.0,0.0,0.0,-0.00012776695307759045,0.5
repeat_2_fold_3,PLAUR,0.0,0.0,0.0,0.0,0.0,-2.4022292687608804e-05,0.5
repeat_2_fold_3,PLBD1,0.0,0.0,0.0,0.0,0.0,0.0,0.0
repeat_2_fold_3,PLEKHA2,0.0,0.0,0.0,0.0,0.0,4.0037154479338755e-05,0.5
repeat_2_fold_3,PLOD1,0.0,0.0,0.0,0.0,0.0,-9.208545530253742e-05,0.5
repeat_2_fold_3,PLOD3,0.0,0.0,0.0,0.0,0.0,0.0,0.5
repeat_2_fold_3,PMPCA,0.0,0.0,0.0,0.0,0.0,3.194173826936986e-05,0.5
repeat_2_fold_3,PNLIP,-0.10226050996618952,0.204521019932379,0.1022605099661895,-0.20452101993237903,0.0,-0.0010382604680550245,1.0
repeat_2_fold_3,POLR2G,0.0,0.0,0.0,0.0,0.0,0.0,0.0
repeat_2_fold_3,POLR3G,-0.08026750991250253,0.09268493691032859,0.04634246845516429,-0.12660997836766683,0.0,0.0007150593331983202,1.0
repeat_2_fold_3,POLR3K,0.0,0.0,0.0,0.0,0.0,-0.00047925805201209926,1.0
repeat_2_fold_3,POMT1,0.0,0.0,0.0,0.0,0.0,0.0,0.0
repeat_2_fold_3,PORCN,0.0,0.0,0.0,0.0,0.0,0.0,0.0
repeat_2_fold_3,POU3F1,0.0,0.0,0.0,0.0,0.0,-7.206687806285417e-05,0.5
repeat_2_fold_3,POU4F1,0.0,0.0,0.0,0.0,0.0,-0.00023157760245312575,0.5
repeat_2_fold_3,PPA2,0.0,0.0,0.0,0.0,0.0,0.0,0.0
repeat_2_fold_3,PPARD,0.0,0.0,0.0,0.0,0.0,0.0,0.0
repeat_2_fold_3,PPFIBP2,0.2501270477799924,0.296297520233416,0.148148760116708,0.1019782876632844,0.5,0.005276611775422213,1.0
repeat_2_fold_3,PPIA,0.10407213868064602,0.1201721545648221,0.06008607728241105,0.04398606139823497,0.5,-0.00012811889433395063,0.5
repeat_2_fold_3,PPP1R12B,0.0,0.0,0.0,0.0,0.0,0.0,0.0
repeat_2_fold_3,PPP1R13B,0.17841647791716753,0.4907938604769933,0.24539693023849665,-0.06698045232132913,0.25,-0.00021303277922443686,1.0
repeat_2_fold_3,PPP1R3C,0.0,0.0,0.0,0.0,0.0,-3.6033439031413206e-05,0.5
repeat_2_fold_3,PPP2CB,0.0,0.0,0.0,0.0,0.0,0.0,0.0
repeat_2_fold_3,PQBP1,0.0,0.0,0.0,0.0,0.0,0.0,0.0
repeat_2_fold_3,PRC1,0.0,0.0,0.0,0.0,0.0,-0.0003723455366580475,0.5
repeat_2_fold_3,PRCC,0.07786601455586784,0.09957669142325214,0.04978834571162607,0.028077668844241767,0.5,-5.605201627109646e-05,0.5
repeat_2_fold_3,PRIM2,0.06281297976993194,0.09899566869728522,0.04949783434864261,0.01331514542128933,0.5,4.784661841850113e-05,1.0
repeat_2_fold_3,PRKAR1A,0.0,0.0,0.0,0.0,0.0,-0.00022359216788575553,0.5
repeat_2_fold_3,PRKAR2A,0.0,0.0,0.0,0.0,0.0,0.0,0.0
repeat_2_fold_3,PRKCE,0.0,0.0,0.0,0.0,0.0,0.0,0.0
repeat_2_fold_3,PRKRIP1,0.0,0.0,0.0,0.0,0.0,0.0,0.0
repeat_2_fold_3,PRODH2,-0.10226050996618952,0.204521019932379,0.1022605099661895,-0.20452101993237903,0.0,-0.00040725716293479874,0.5
repeat_2_fold_3,PRX,0.0,0.0,0.0,0.0,0.0,-8.808173985461187e-05,0.5
repeat_2_fold_3,PSEN1,-0.43960373606318726,0.7717576010526611,0.38587880052633056,-0.8254825365895178,0.0,0.00023956303702046822,0.5
repeat_2_fold_3,PSMB1,0.0,0.0,0.0,0.0,0.0,0.0003912862938001138,0.5
repeat_2_fold_3,PSMD12,0.0,0.0,0.0,0.0,0.0,-2.4022292687608804e-05,0.5
repeat_2_fold_3,PSME3,0.036983034554388894,0.07396606910877779,0.036983034554388894,0.0,0.25,-0.00014697166616198243,1.0
repeat_2_fold_3,PSPN,0.0,0.0,0.0,0.0,0.0,-0.0001277669530775627,0.5
repeat_2_fold_3,PTAFR,-0.5330302315017086,1.0660604630034172,0.5330302315017086,-1.0660604630034172,0.0,-2.4195961378925546e-07,1.0
repeat_2_fold_3,PTDSS2,0.0,0.0,0.0,0.0,0.0,0.0,0.0
repeat_2_fold_3,PTGIS,0.0,0.0,0.0,0.0,0.0,-2.7755575615628914e-17,0.5
repeat_2_fold_3,PTK2,0.0,0.0,0.0,0.0,0.0,0.0,0.0
repeat_2_fold_3,PTPN18,0.0,0.0,0.0,0.0,0.0,0.0,0.0
repeat_2_fold_3,RAB11FIP3,0.0,0.0,0.0,0.0,0.0,7.985434567350791e-05,0.5
repeat_2_fold_3,RAB30,0.0,0.0,0.0,0.0,0.0,0.0,0.0
repeat_2_fold_3,RAB31,0.0,0.0,0.0,0.0,0.0,0.0,0.5
repeat_2_fold_3,RAB38,-0.5330302315017086,1.0660604630034172,0.5330302315017086,-1.0660604630034172,0.0,0.0004110849077545442,1.0
repeat_2_fold_3,RAB40C,0.0,0.0,0.0,0.0,0.0,0.0,0.0
repeat_2_fold_3,RAB4A,-0.10226050996618952,0.20452101993237906,0.10226050996618953,-0.20452101993237903,0.0,-6.388347653876747e-05,0.5
repeat_2_fold_3,RAB5A,0.036983034554388894,0.07396606910877779,0.036983034554388894,0.0,0.25,-0.0002611433535852359,1.0
repeat_2_fold_3,RAB6A,0.35103222477541607,0.4075898996361655,0.20379494981808274,0.14723727495733333,0.5,-0.0002601975114587818,1.0
repeat_2_fold_3,RAB7A,0.0,0.0,0.0,0.0,0.0,-0.0004152425975021412,0.5
repeat_2_fold_3,RABGGTA,0.0,0.0,0.0,0.0,0.0,0.0,0.0
repeat_2_fold_3,RAD21,0.0,0.0,0.0,0.0,0.0,0.0002874756444245785,0.5
repeat_2_fold_3,RALBP1,0.0,0.0,0.0,0.0,0.0,0.00028426379680340785,0.5
repeat_2_fold_3,RANBP1,-0.20452101993237903,0.23616053182579172,0.11808026591289586,-0.3226012858452749,0.0,0.00040725716293479874,0.5
repeat_2_fold_3,RANBP9,-0.0848640085232919,0.1697280170465838,0.0848640085232919,-0.1697280170465838,0.0,-0.00023157760245312575,0.5
repeat_2_fold_3,RAP1B,0.0,0.0,0.0,0.0,0.0,0.0,0.0
repeat_2_fold_3,RAP1GAP2,0.0,0.0,0.0,0.0,0.0,-1.6014861791757706e-05,0.5
repeat_2_fold_3,RARS2,-0.09403535214234537,0.23388823134779455,0.11694411567389727,-0.21097946781624266,0.25,-0.0012537132270738216,0.5
repeat_2_fold_3,RASGRF1,0.036983034554388894,0.07396606910877779,0.036983034554388894,0.0,0.25,-0.000416012469000443,1.0
repeat_2_fold_3,RBM14,0.10407213868064602,0.1201721545648221,0.06008607728241105,0.04398606139823497,0.5,-0.00015214118702155943,0.5
repeat_2_fold_3,RBM4,0.07396606910877779,0.08540865982170263,0.04270432991085132,0.03126173919792647,0.5,-0.0002001857723968048,0.5
repeat_2_fold_3,RBP1,0.0,0.0,0.0,0.0,0.0,0.00041594648001486156,1.0
repeat_2_fold_3,REL,0.0,0.0,0.0,0.0,0.0,0.0,0.0
repeat_2_fold_3,RGL2,0.0,0.0,0.0,0.0,0.0,3.1435822713338224e-05,1.0
repeat_2_fold_3,RGR,0.0,0.0,0.0,0.0,0.0,0.0,0.0
repeat_2_fold_3,RGS10,0.28578364439579573,0.45140769059261276,0.22570384529630638,0.06007979909948935,0.5,0.0004074111372344702,1.0
repeat_2_fold_3,RGS20,0.0,0.0,0.0,0.0,0.0,8.783978024085037e-05,0.5
repeat_2_fold_3,RHD,0.0,0.0,0.0,0.0,0.0,-9.608917075049073e-05,0.5
repeat_2_fold_3,RHOH,0.0,0.0,0.0,0.0,0.0,-0.0003274028172613186,0.5
repeat_2_fold_3,RIDA,0.0,0.0,0.0,0.0,0.0,3.20297235834599e-05,0.5
repeat_2_fold_3,RIGI,0.0,0.0,0.0,0.0,0.0,-0.0002555339061551809,0.5
repeat_2_fold_3,RIMS1,0.0,0.0,0.0,0.0,0.0,7.206687806282641e-05,0.5
repeat_2_fold_3,RNASEH1,-0.4199635041349037,1.051010515800985,0.5255052579004925,-0.9454687620353962,0.5,0.0002956590459486097,1.0
repeat_2_fold_3,RNF125,0.05203606934032301,0.10407213868064602,0.05203606934032301,0.0,0.25,6.0451665632399454e-05,1.0
repeat_2_fold_3,RNF216,0.0,0.0,0.0,0.0,0.0,0.0,0.0
repeat_2_fold_3,RNF4,0.0,0.0,0.0,0.0,0.0,0.0,0.0
repeat_2_fold_3,RNF41,0.0,0.0,0.0,0.0,0.0,0.00013575238764493291,0.5
repeat_2_fold_3,ROBO1,0.0,0.0,0.0,0.0,0.0,6.388347653879523e-05,0.5
repeat_2_fold_3,RPL13A,0.0,0.0,0.0,0.0,0.0,0.0,0.0
repeat_2_fold_3,RPL29,0.0,0.0,0.0,0.0,0.0,3.202972358348766e-05,0.5
repeat_2_fold_3,RPL36AL,-0.5330302315017086,1.0660604630034172,0.5330302315017086,-1.0660604630034172,0.0,-0.0002793802282146096,1.0
repeat_2_fold_3,RPL9,0.0,0.0,0.0,0.0,0.0,7.983234934494376e-05,1.0
repeat_2_fold_3,RPLP2,0.0,0.0,0.0,0.0,0.0,-2.7755575615628914e-17,0.5
repeat_2_fold_3,RPP25,0.0,0.0,0.0,0.0,0.0,0.0,0.0
repeat_2_fold_3,RPS14,0.0,0.0,0.0,0.0,0.0,0.0,0.0
repeat_2_fold_3,RPS2,0.0,0.0,0.0,0.0,0.0,0.0,0.0
repeat_2_fold_3,RPS27A,-0.7698180457035466,1.32304492666367,0.661522463331835,-1.4313405090353815,0.0,0.0007359577635789316,1.0
repeat_2_fold_3,RPS6KA5,0.3772383489001925,0.4355973245723522,0.2177986622861761,0.1594396866140164,0.5,-0.00017996922820043282,1.0
repeat_2_fold_3,RPS7,0.0,0.0,0.0,0.0,0.0,5.605201627109646e-05,0.5
repeat_2_fold_3,RRAGC,0.21444911966564106,0.4288982393312821,0.21444911966564106,0.0,0.25,-0.00012811889433395063,0.5
repeat_2_fold_3,RRAS,0.0,0.0,0.0,0.0,0.0,0.0,0.0
repeat_2_fold_3,RSU1,0.0,0.0,0.0,0.0,0.0,0.0,0.0
repeat_2_fold_3,RXRA,0.0,0.0,0.0,0.0,0.0,-9.608917075049073e-05,0.5
repeat_2_fold_3,RYR1,0.0,0.0,0.0,0.0,0.0,-0.00013612632522982948,0.5
repeat_2_fold_3,S100A8,-0.5330302315017086,1.0660604630034172,0.5330302315017086,-1.0660604630034172,0.0,0.0002647071424627112,1.0
repeat_2_fold_3,S100A9,0.0,0.0,0.0,0.0,0.0,0.0,0.0
repeat_2_fold_3,SAMM50,-0.05241224824955992,0.06052045127143382,0.03026022563571691,-0.08267247388527683,0.0,0.00018016719515709378,0.5
repeat_2_fold_3,SAP30,0.03660685564515376,0.04889784716131263,0.024448923580656316,0.012157932064497442,0.5,0.0002036395796316537,1.0
repeat_2_fold_3,SCFD1,0.0,0.0,0.0,0.0,0.0,-0.0007768087822136172,1.0
repeat_2_fold_3,SCN9A,0.0,0.0,0.0,0.0,0.0,-0.00045178195208958605,1.0
repeat_2_fold_3,SCUBE2,0.0,0.0,0.0,0.0,0.0,0.00038330085923277135,0.5
repeat_2_fold_3,SDHA,0.0,0.0,0.0,0.0,0.0,0.0,0.0
repeat_2_fold_3,SEC11A,0.0,0.0,0.0,0.0,0.0,-4.010314346494792e-05,1.0
repeat_2_fold_3,SEC23A,0.2397067582584711,0.29360759872165737,0.14680379936082869,0.09290295889764241,0.5,0.0009248582684731332,0.5
repeat_2_fold_3,SEC61A2,0.0,0.0,0.0,0.0,0.0,0.0,0.0
repeat_2_fold_3,SEL1L,0.0,0.0,0.0,0.0,0.0,0.0,0.0
repeat_2_fold_3,SELENOP,0.0,0.0,0.0,0.0,0.0,0.0,0.0
repeat_2_fold_3,SENP5,0.0,0.0,0.0,0.0,0.0,0.0,0.0
repeat_2_fold_3,SEPTIN2,0.0,0.0,0.0,0.0,0.0,0.0,0.0
repeat_2_fold_3,SERINC1,-0.0848640085232919,0.1697280170465838,0.0848640085232919,-0.1697280170465838,0.0,-8.783978024082262e-05,0.5
repeat_2_fold_3,SERPINA3,0.0,0.0,0.0,0.0,0.0,-0.00012011146343807177,0.5
repeat_2_fold_3,SERPINA5,0.0,0.0,0.0,0.0,0.0,0.0,0.0
repeat_2_fold_3,SETD1B,-0.7910959459349076,1.1130115949109,0.55650579745545,-1.3476017433903578,0.0,-0.0009981793209186407,0.5
repeat_2_fold_3,SF3A2,0.0,0.0,0.0,0.0,0.0,0.0,0.0
repeat_2_fold_3,SF3B5,0.0,0.0,0.0,0.0,0.0,0.0,0.0
repeat_2_fold_3,SFPQ,0.0,0.0,0.0,0.0,0.0,0.00036033439031418757,0.5
repeat_2_fold_3,SGPP1,-0.5330302315017086,1.0660604630034172,0.5330302315017086,-1.0660604630034172,0.0,7.985434567348015e-05,0.5
repeat_2_fold_3,SH3BP4,-0.5330302315017086,1.0660604630034172,0.5330302315017086,-1.0660604630034172,0.0,-0.00011179608394287777,0.5
repeat_2_fold_3,SH3PXD2A,0.0,0.0,0.0,0.0,0.0,-0.00047912607404093643,0.5
repeat_2_fold_3,SHC1,0.0,0.0,0.0,0.0,0.0,0.0001597086913469603,0.5
repeat_2_fold_3,SHC3,0.0,0.0,0.0,0.0,0.0,-0.00023956303702046822,0.5
repeat_2_fold_3,SIGLEC8,0.0,0.0,0.0,0.0,0.0,8.808173985458412e-05,0.5
repeat_2_fold_3,SIX1,0.07396606910877779,0.08540865982170263,0.04270432991085132,0.03126173919792647,0.5,-1.6014861791757706e-05,0.5
repeat_2_fold_3,SLAMF7,0.0,0.0,0.0,0.0,0.0,0.0,0.0
repeat_2_fold_3,SLC11A2,0.0,0.0,0.0,0.0,0.0,-0.00015953272071883573,1.0
repeat_2_fold_3,SLC1A4,0.0,0.0,0.0,0.0,0.0,0.0,0.0
repeat_2_fold_3,SLC22A1,0.7567481135390679,0.7675044850752463,0.38375224253762313,0.37299587100144477,0.75,0.0015391868219459537,1.0
repeat_2_fold_3,SLC22A4,0.0,0.0,0.0,0.0,0.0,0.0,0.0
repeat_2_fold_3,SLC22A6,0.0,0.0,0.0,0.0,0.0,0.0,0.0
repeat_2_fold_3,SLC25A10,0.0,0.0,0.0,0.0,0.0,-9.600118543637293e-05,1.0
repeat_2_fold_3,SLC2A9,0.0,0.0,0.0,0.0,0.0,-1.2011146343804402e-05,0.5
repeat_2_fold_3,SLC35A2,-0.18960989548826213,0.19232645346982394,0.09616322673491197,-0.2857731222231741,0.0,-0.000989379638539123,1.0
repeat_2_fold_3,SLC39A1,0.0,0.0,0.0,0.0,0.0,0.0,0.0
repeat_2_fold_3,SLC47A1,0.5492373602712171,0.975481405678531,0.4877407028392655,0.06149665743195154,0.5,0.003766352427424291,1.0
repeat_2_fold_3,SLC7A11,0.0,0.0,0.0,0.0,0.0,0.0,0.0
repeat_2_fold_3,SLC9A6,0.17803820778942736,0.20558081438652884,0.10279040719326442,0.07524780059616294,0.5,-0.000420214151405085,1.0
repeat_2_fold_3,SLCO4C1,0.0,0.0,0.0,0.0,0.0,4.0037154479338755e-05,0.5
repeat_2_fold_3,SLK,0.0,0.0,0.0,0.0,0.0,0.0,0.0
repeat_2_fold_3,SMARCC1,-0.10226050996618952,0.204521019932379,0.1022605099661895,-0.20452101993237903,0.0,-0.0004032094548298282,1.0
repeat_2_fold_3,SMPD4,-0.9920943938946394,1.3163892503965826,0.6581946251982913,-1.6502890190929307,0.5,0.00031583159748793665,1.0
repeat_2_fold_3,SMYD2,0.0,0.0,0.0,0.0,0.0,0.0,0.0
repeat_2_fold_3,SNRNP27,-0.5330302315017086,1.0660604630034172,0.5330302315017086,-1.0660604630034172,0.0,0.000295461078991921,0.5
repeat_2_fold_3,SPAST,0.0,0.0,0.0,0.0,0.0,0.0,0.0
repeat_2_fold_3,SPDL1,0.0,0.0,0.0,0.0,0.0,0.0,0.0
repeat_2_fold_3,SPINK5,0.0,0.0,0.0,0.0,0.0,2.395630370205515e-05,0.5
repeat_2_fold_3,SPINT2,0.0,0.0,0.0,0.0,0.0,0.0,0.0
repeat_2_fold_3,SPON1,-0.5330302315017086,1.0660604630034172,0.5330302315017086,-1.0660604630034172,0.0,-2.3956303702027393e-05,0.5
repeat_2_fold_3,SPRY2,-0.004147371998241667,0.16280968518598357,0.08140484259299179,-0.08555221459123345,0.25,0.0004485261118113981,1.0
repeat_2_fold_3,SRD5A2,0.0,0.0,0.0,0.0,0.0,-0.0005110678123103618,0.5
repeat_2_fold_3,SRPK1,0.0,0.0,0.0,0.0,0.0,-0.0002238781201565898,1.0
repeat_2_fold_3,SSRP1,0.07396606910877779,0.08540865982170263,0.04270432991085132,0.03126173919792647,0.5,0.00015581495754160568,1.0
repeat_2_fold_3,STAT3,0.1324926856359987,0.16447817053433483,0.08223908526716742,0.05025360036883128,0.5,-0.00018016719515712154,0.5
repeat_2_fold_3,STAT6,0.0,0.0,0.0,0.0,0.0,0.0,0.0
repeat_2_fold_3,STC2,-0.02620612412477996,0.05241224824955992,0.02620612412477996,-0.05241224824955992,0.0,-0.00013960212879324252,1.0
repeat_2_fold_3,STOML2,0.025829945215544825,0.05165989043108965,0.025829945215544825,0.0,0.25,0.00016404235172270965,1.0
repeat_2_fold_3,STRADA,0.0,0.0,0.0,0.0,0.0,0.0,0.0
repeat_2_fold_3,STXBP3,0.0,0.0,0.0,0.0,0.0,-0.0002796001914998625,1.0
repeat_2_fold_3,SUPT20H,-0.037342560148015735,0.0496475282683011,0.02482376413415055,-0.062166324282166285,0.0,0.000356330674866262,0.5
repeat_2_fold_3,SUPT4H1,0.0,0.0,0.0,0.0,0.0,-0.000175679560481673,0.5
repeat_2_fold_3,SUPT5H,0.0,0.0,0.0,0.0,0.0,0.0,0.0
repeat_2_fold_3,SYF2,0.0,0.0,0.0,0.0,0.0,0.00019963586418372814,0.5
repeat_2_fold_3,SYK,0.0,0.0,0.0,0.0,0.0,0.0,0.0
repeat_2_fold_3,SYNE1,-0.026482812142951673,0.44174134621232053,0.22087067310616026,-0.24735348524911194,0.5,9.55612588659227e-05,1.0
repeat_2_fold_3,SYT1,0.0,0.0,0.0,0.0,0.0,-0.0002882675122513889,0.5
repeat_2_fold_3,SYTL2,0.07396606910877779,0.08540865982170263,0.04270432991085132,0.03126173919792647,0.5,-6.405944716697531e-05,0.5
repeat_2_fold_3,TADA2A,0.0,0.0,0.0,0.0,0.0,7.206687806282641e-05,0.5
repeat_2_fold_3,TAF1C,0.0,0.0,0.0,0.0,0.0,0.0,0.0
repeat_2_fold_3,TAF9,0.0,0.0,0.0,0.0,0.0,0.0,0.0
repeat_2_fold_3,TAS2R16,0.0,0.0,0.0,0.0,0.0,-0.0007426454147634876,0.5
repeat_2_fold_3,TAX1BP1,0.0,0.0,0.0,0.0,0.0,-4.804458537524536e-05,0.5
repeat_2_fold_3,TBX1,0.0,0.0,0.0,0.0,0.0,0.0,0.0
repeat_2_fold_3,TEK,0.059657139924876645,0.11931427984975328,0.05965713992487664,6.938893903907228e-18,0.25,-0.0004604272765126316,0.5
repeat_2_fold_3,TFB2M,-0.1697280170465838,0.1959850326617331,0.09799251633086654,-0.26772053337745033,0.0,-0.0001517232567796456,0.5
repeat_2_fold_3,TFF1,0.0,0.0,0.0,0.0,0.0,-0.00024422664232409685,0.5
repeat_2_fold_3,TFG,-0.5330302315017086,1.0660604630034172,0.5330302315017086,-1.0660604630034172,0.0,9.582521480819284e-05,0.5
repeat_2_fold_3,TGIF2,0.0,0.0,0.0,0.0,0.0,-0.00023956303702046822,0.5
repeat_2_fold_3,TGOLN2,0.0,0.0,0.0,0.0,0.0,0.0,0.0
repeat_2_fold_3,TGS1,-0.0848640085232919,0.1697280170465838,0.0848640085232919,-0.1697280170465838,0.0,-0.00047114063947359397,0.5
repeat_2_fold_3,THOP1,0.0,0.0,0.0,0.0,0.0,0.0,0.0
repeat_2_fold_3,THRA,0.0,0.0,0.0,0.0,0.0,-0.0002001857723968048,0.5
repeat_2_fold_3,TIPIN,0.0,0.0,0.0,0.0,0.0,-0.0007767207968995549,0.5
repeat_2_fold_3,TKT,0.0,0.0,0.0,0.0,0.0,0.0,0.0
repeat_2_fold_3,TLE4,0.0,0.0,0.0,0.0,0.0,0.0,0.0
repeat_2_fold_3,TLR7,0.0,0.0,0.0,0.0,0.0,0.0,0.0
repeat_2_fold_3,TMEM258,0.0,0.0,0.0,0.0,0.0,-0.0007865103140625995,1.0
repeat_2_fold_3,TNFRSF1A,0.0,0.0,0.0,0.0,0.0,-0.00015214118702155943,0.5
repeat_2_fold_3,TNFRSF8,0.0,0.0,0.0,0.0,0.0,0.00023956303702046822,0.5
repeat_2_fold_3,TNNC2,0.0,0.0,0.0,0.0,0.0,0.0,0.0
repeat_2_fold_3,TP53I3,0.0,0.0,0.0,0.0,0.0,-0.000506976111548374,1.0
repeat_2_fold_3,TPO,0.0,0.0,0.0,0.0,0.0,0.0,0.0
repeat_2_fold_3,TRAP1,0.0,0.0,0.0,0.0,0.0,-0.0002475484715878107,0.5
repeat_2_fold_3,TRAPPC11,0.0,0.0,0.0,0.0,0.0,1.5970869134712684e-05,0.5
repeat_2_fold_3,TRAPPC2L,0.0,0.0,0.0,0.0,0.0,-2.3956303702027393e-05,0.5
repeat_2_fold_3,TRIM29,0.0,0.0,0.0,0.0,0.0,-0.0002076212987510706,0.5
repeat_2_fold_3,TRIM34,0.0,0.0,0.0,0.0,0.0,-3.603343903144096e-05,0.5
repeat_2_fold_3,TRIT1,0.0,0.0,0.0,0.0,0.0,1.601486179172995e-05,0.5
repeat_2_fold_3,TRMT112,0.0,0.0,0.0,0.0,0.0,0.0,0.0
repeat_2_fold_3,TTC19,0.0,0.0,0.0,0.0,0.0,0.0,0.0
repeat_2_fold_3,TUBA4B,0.0,0.0,0.0,0.0,0.0,0.0,0.0
repeat_2_fold_3,TUBB2A,-1.182783555871028,1.3660562294741354,0.6830281147370677,-1.8658116706080956,0.0,-0.0005190532468777043,0.5
repeat_2_fold_3,TUFM,0.0,0.0,0.0,0.0,0.0,0.00024823035777199465,0.5
repeat_2_fold_3,TUSC3,0.0,0.0,0.0,0.0,0.0,7.987634200198879e-05,1.0
repeat_2_fold_3,TWNK,0.0,0.0,0.0,0.0,0.0,0.0,0.0
repeat_2_fold_3,TXNRD1,0.0,0.0,0.0,0.0,0.0,-3.194173826939761e-05,0.5
repeat_2_fold_3,TYMS,0.27020631414342766,0.3527128337505222,0.1763564168752611,0.09384989726816656,0.5,0.0009688991384004253,0.5
repeat_2_fold_3,TYRP1,0.0,0.0,0.0,0.0,0.0,0.0007231327530798082,1.0
repeat_2_fold_3,UBE2V1,0.0,0.0,0.0,0.0,0.0,-4.804458537524536e-05,0.5
repeat_2_fold_3,UBE3C,0.0,0.0,0.0,0.0,0.0,-1.6014861791757706e-05,0.5
repeat_2_fold_3,UBN1,-1.23152481193428,1.4339702954951024,0.7169851477475512,-1.9485099596818314,0.0,0.00016787009654251062,1.0
repeat_2_fold_3,UCHL5,0.0,0.0,0.0,0.0,0.0,-0.0002081932032926559,0.5
repeat_2_fold_3,UCKL1,0.0,0.0,0.0,0.0,0.0,-0.0006627910690899796,0.5
repeat_2_fold_3,UGDH,0.0,0.0,0.0,0.0,0.0,0.0002874756444245785,0.5
repeat_2_fold_3,UGT1A10,0.0,0.0,0.0,0.0,0.0,-7.919445581788809e-06,1.0
repeat_2_fold_3,UNC13B,0.42499829388419386,0.49260812239583535,0.24630406119791767,0.17869423268627618,0.5,0.0006966464879407941,0.5
repeat_2_fold_3,UNC5C,-0.02620612412477996,0.05241224824955992,0.02620612412477996,-0.05241224824955992,0.0,-0.0005424596423667105,1.0
repeat_2_fold_3,UPF3B,0.0,0.0,0.0,0.0,0.0,0.0,0.0
repeat_2_fold_3,UQCR10,0.0,0.0,0.0,0.0,0.0,0.0,0.0
repeat_2_fold_3,UQCRQ,0.0,0.0,0.0,0.0,0.0,-7.985434567348015e-05,1.0
repeat_2_fold_3,USE1,0.0,0.0,0.0,0.0,0.0,-0.00015167926412260058,1.0
repeat_2_fold_3,USP10,0.0,0.0,0.0,0.0,0.0,-8.407802440665857e-05,0.5
repeat_2_fold_3,USP4,0.0,0.0,0.0,0.0,0.0,0.0,0.0
repeat_2_fold_3,UTY,0.0,0.0,0.0,0.0,0.0,-0.00011210403254222068,0.5
repeat_2_fold_3,VAMP1,0.0,0.0,0.0,0.0,0.0,-3.1809760298262546e-05,1.0
repeat_2_fold_3,VDAC1,-0.5592363556264885,1.0497534015766035,0.5248767007883017,-1.0841130564147903,0.0,1.1813179387087924e-05,1.0
repeat_2_fold_3,VENTX,-0.2823349551208931,1.2096145499285376,0.6048072749642688,-0.8871422300851619,0.25,-0.00035934455553068845,0.5
repeat_2_fold_3,VPS33A,0.05267999185211636,0.06082961495345335,0.030414807476726674,0.022265184375389685,0.5,-0.0006325870407738465,0.5
repeat_2_fold_3,VPS37B,0.0,0.0,0.0,0.0,0.0,0.0,0.0
repeat_2_fold_3,WASF3,-0.1697280170465838,0.1959850326617331,0.09799251633086654,-0.26772053337745033,0.0,1.597086913468493e-05,0.5
repeat_2_fold_3,WDR33,-0.0848640085232919,0.1697280170465838,0.0848640085232919,-0.1697280170465838,0.0,-6.405944716700307e-05,1.0
repeat_2_fold_3,WDR43,0.0,0.0,0.0,0.0,0.0,0.0,0.0
repeat_2_fold_3,WDR82,0.002855099788959592,0.003296785263438128,0.001648392631719064,0.001206707157240528,0.5,-0.0016695493417892004,0.5
repeat_2_fold_3,WHRN,0.0,0.0,0.0,0.0,0.0,-3.194173826939761e-05,0.5
repeat_2_fold_3,WNT6,0.03660685564515376,0.04889784716131263,0.024448923580656316,0.012157932064497442,0.5,0.00024823035777199465,0.5
repeat_2_fold_3,WWOX,-1.8048364570043933,2.1974010801519603,1.0987005400759802,-2.9035369970803737,0.0,-0.00018351102074942727,1.0
repeat_2_fold_3,XRCC4,0.0,0.0,0.0,0.0,0.0,0.0,0.0
repeat_2_fold_3,YME1L1,0.0,0.0,0.0,0.0,0.0,0.0,0.0
repeat_2_fold_3,YTHDC2,0.0,0.0,0.0,0.0,0.0,0.0004644309919605294,0.5
repeat_2_fold_3,ZC3H15,0.036983034554388894,0.07396606910877779,0.036983034554388894,0.0,0.25,0.000667806615649913,1.0
repeat_2_fold_3,ZFHX3,0.0,0.0,0.0,0.0,0.0,-4.791260740408254e-05,0.5
repeat_2_fold_3,ZFPM2,-0.05241224824955992,0.06052045127143382,0.03026022563571691,-0.08267247388527683,0.0,6.405944716694756e-05,0.5
repeat_2_fold_3,ZKSCAN8,0.0,0.0,0.0,0.0,0.0,-0.00026424521956375235,0.5
repeat_2_fold_3,ZNF10,0.0,0.0,0.0,0.0,0.0,0.0,0.0
repeat_2_fold_3,ZNF180,0.0,0.0,0.0,0.0,0.0,0.0,0.0
repeat_2_fold_3,ZNF197,0.0,0.0,0.0,0.0,0.0,0.0,0.0
repeat_2_fold_3,ZNF208,0.0,0.0,0.0,0.0,0.0,-7.98543456737022e-06,0.5
repeat_2_fold_3,ZNF248,0.0,0.0,0.0,0.0,0.0,0.0,0.0
repeat_2_fold_3,ZNF473,0.0,0.0,0.0,0.0,0.0,1.601486179172995e-05,0.5
repeat_2_fold_3,ZNF551,0.0,0.0,0.0,0.0,0.0,0.0,0.0
repeat_2_fold_3,ZNF557,0.0,0.0,0.0,0.0,0.0,0.0,0.0
repeat_2_fold_3,ZNF764,0.0,0.0,0.0,0.0,0.0,0.0,0.0
repeat_2_fold_3,ZNF770,0.0,0.0,0.0,0.0,0.0,0.0,0.0
repeat_2_fold_4,A1CF,0.0,0.0,0.0,0.0,0.0,-2.3821623681835602e-05,0.5
repeat_2_fold_4,A2M,0.0,0.0,0.0,0.0,0.0,-0.00019184038879652143,0.5
repeat_2_fold_4,A4GALT,0.0,0.0,0.0,0.0,0.0,0.0,0.0
repeat_2_fold_4,A4GNT,0.0,0.0,0.0,0.0,0.0,-1.5881082454538564e-05,1.0
repeat_2_fold_4,AAAS,0.0,0.0,0.0,0.0,0.0,0.0,0.0
repeat_2_fold_4,AACS,0.0,0.0,0.0,0.0,0.0,-0.00011190689346463056,0.5
repeat_2_fold_4,AADAC,0.0,0.0,0.0,0.0,0.0,0.0007702324990471743,0.5
repeat_2_fold_4,AAK1,0.0,0.0,0.0,0.0,0.0,7.940541227297038e-06,0.5
repeat_2_fold_4,AAMP,0.0,0.0,0.0,0.0,0.0,2.3980048599575587e-05,0.5
repeat_2_fold_4,AANAT,-0.07484947309618661,0.08642872688156998,0.04321436344078499,-0.11806383653697161,0.0,0.0001191081184093723,0.5
repeat_2_fold_4,AARS1,0.0,0.0,0.0,0.0,0.0,0.0,0.0
repeat_2_fold_4,AASDHPPT,-0.7682645248247741,1.5365290496495483,0.7682645248247741,-1.5365290496495483,0.0,-0.00010953051969916916,1.0
repeat_2_fold_4,AASS,0.0,0.0,0.0,0.0,0.0,0.0,0.0
repeat_2_fold_4,AATF,0.0,0.0,0.0,0.0,0.0,0.0,0.0
repeat_2_fold_4,ABCA1,0.0,0.0,0.0,0.0,0.0,0.0,0.0
repeat_2_fold_4,ABCA12,-1.5365290496495483,1.774230920865693,0.8871154604328465,-2.423644510082395,0.0,-8.734595350018415e-05,0.5
repeat_2_fold_4,ABCA2,0.12590674596522788,0.1453845873516283,0.07269229367581415,0.05321445228941374,0.5,5.558378859105151e-05,0.5
repeat_2_fold_4,ABCA3,0.0,0.0,0.0,0.0,0.0,0.0004908877318327565,1.0
repeat_2_fold_4,ABCA4,0.0,0.0,0.0,0.0,0.0,0.0,0.0
repeat_2_fold_4,ABCA5,0.0,0.0,0.0,0.0,0.0,0.0,0.0
repeat_2_fold_4,ABCA6,0.0,0.0,0.0,0.0,0.0,5.558378859105151e-05,0.5
repeat_2_fold_4,ABCA8,0.0,0.0,0.0,0.0,0.0,0.00026203786050060796,0.5
repeat_2_fold_4,ABCB1,0.0,0.0,0.0,0.0,0.0,0.0,0.0
repeat_2_fold_4,ABCB11,0.0,0.0,0.0,0.0,0.0,7.146487104564558e-05,0.5
repeat_2_fold_4,ABCB4,0.0,0.0,0.0,0.0,0.0,0.0001278935925310143,0.5
repeat_2_fold_4,ABCB6,-0.010927896773369028,0.021855793546738056,0.010927896773369028,-0.021855793546738056,0.0,0.00011990024299782243,0.5
repeat_2_fold_4,ABCB7,0.0,0.0,0.0,0.0,0.0,4.7643247363782226e-05,0.5
repeat_2_fold_4,ABCB8,0.0,0.0,0.0,0.0,0.0,0.0,0.0
repeat_2_fold_4,ABCB9,0.0,0.0,0.0,0.0,0.0,0.0,0.0
repeat_2_fold_4,ABCC1,-0.7682645248247741,1.5365290496495483,0.7682645248247741,-1.5365290496495483,0.0,-0.00016675136577307126,0.5
repeat_2_fold_4,ABCC10,-0.0821087630671471,0.09481103291928916,0.04740551645964458,-0.12951427952679168,0.0,0.0005355544187236327,0.5
repeat_2_fold_4,ABCC2,0.060019422378797316,0.12003884475759463,0.060019422378797316,0.0,0.25,-0.0002699784017278217,0.5
repeat_2_fold_4,ABCC3,0.0,0.0,0.0,0.0,0.0,-0.0004923135560919445,0.5
repeat_2_fold_4,ABCC4,0.0,0.0,0.0,0.0,0.0,0.0,0.0
repeat_2_fold_4,ABCC5,0.0,0.0,0.0,0.0,0.0,0.0,0.0
repeat_2_fold_4,ABCC8,-0.030126484760206296,0.06025296952041259,0.030126484760206296,-0.06025296952041259,0.0,1.5986699066383725e-05,0.5
repeat_2_fold_4,ABCC9,0.0,0.0,0.0,0.0,0.0,0.0001191081184093723,1.0
repeat_2_fold_4,ABCD1,0.0,0.0,0.0,0.0,0.0,-0.00012704865963664158,0.5
repeat_2_fold_4,ABCD2,0.0,0.0,0.0,0.0,0.0,-6.394679626550714e-05,0.5
repeat_2_fold_4,ABCD3,-1.0641445413867086,1.829359373971262,0.914679686985631,-1.9788242283723396,0.0,-6.373556304187233e-05,1.0
repeat_2_fold_4,ABCD4,0.0,0.0,0.0,0.0,0.0,0.0,0.0
repeat_2_fold_4,ABCE1,0.0,0.0,0.0,0.0,0.0,-0.0009592019439826072,0.5
repeat_2_fold_4,ABCF1,0.0,0.0,0.0,0.0,0.0,0.0,0.0
repeat_2_fold_4,ABCF2,0.0,0.0,0.0,0.0,0.0,0.0,0.0
repeat_2_fold_4,ABCG4,0.0,0.0,0.0,0.0,0.0,-0.0002461567780459861,0.5
repeat_2_fold_4,ABCG5,0.0,0.0,0.0,0.0,0.0,0.0,0.0
repeat_2_fold_4,ABHD10,0.0,0.0,0.0,0.0,0.0,0.0,0.0
repeat_2_fold_4,ABHD17A,0.0,0.0,0.0,0.0,0.0,0.0,0.0
repeat_2_fold_4,ABHD17B,-0.7682645248247741,1.5365290496495483,0.7682645248247741,-1.5365290496495483,0.0,-0.00021439461313679797,0.5
repeat_2_fold_4,ABHD3,0.0,0.0,0.0,0.0,0.0,-0.0001278935925310143,0.5
repeat_2_fold_4,ABHD4,0.0,0.0,0.0,0.0,0.0,1.5881082454594075e-05,0.5
repeat_2_fold_4,ABHD5,0.0,0.0,0.0,0.0,0.0,0.000663448011254647,0.5
repeat_2_fold_4,ABHD6,0.0,0.0,0.0,0.0,0.0,0.0,0.0
repeat_2_fold_4,ABI2,-0.13434828386127506,0.26869656772255013,0.13434828386127506,-0.26869656772255013,0.0,2.7755575615628914e-17,0.5
repeat_2_fold_4,ABL1,0.0,0.0,0.0,0.0,0.0,0.0,0.0
repeat_2_fold_4,ABL2,0.0,0.0,0.0,0.0,0.0,0.0,0.0
repeat_2_fold_4,ABLIM1,-0.038821644843519465,0.05687088843065701,0.028435444215328506,-0.06725708905884797,0.0,-0.000231807136462453,0.5
repeat_2_fold_4,ABLIM3,0.0,0.0,0.0,0.0,0.0,0.00013588694206420615,0.5
repeat_2_fold_4,ABR,0.0,0.0,0.0,0.0,0.0,2.3821623681891113e-05,0.5
repeat_2_fold_4,ABRAXAS2,0.0,0.0,0.0,0.0,0.0,0.0,0.0
repeat_2_fold_4,ACAA1,0.0,0.0,0.0,0.0,0.0,-0.00011990024299782243,0.5
repeat_2_fold_4,ACAA2,0.0,0.0,0.0,0.0,0.0,0.000143880291597398,0.5
repeat_2_fold_4,ACACA,0.0,0.0,0.0,0.0,0.0,0.0,0.0
repeat_2_fold_4,ACAD8,-0.7682645248247741,1.5365290496495483,0.7682645248247741,-1.5365290496495483,0.0,-0.00012683742641300677,1.0
repeat_2_fold_4,ACADL,0.0,0.0,0.0,0.0,0.0,0.0,0.0
repeat_2_fold_4,ACADM,0.0,0.0,0.0,0.0,0.0,1.5881082454594075e-05,0.5
repeat_2_fold_4,ACADS,0.0,0.0,0.0,0.0,0.0,0.0,0.0
repeat_2_fold_4,ACADSB,0.0,0.0,0.0,0.0,0.0,0.0,0.0
repeat_2_fold_4,ACADVL,0.0,0.0,0.0,0.0,0.0,0.0,0.0
repeat_2_fold_4,ACAN,0.0,0.0,0.0,0.0,0.0,2.7755575615628914e-17,0.5
repeat_2_fold_4,ACAT1,0.0,0.0,0.0,0.0,0.0,0.0,0.0
repeat_2_fold_4,ACAT2,0.0,0.0,0.0,0.0,0.0,-3.176216490913264e-05,0.5
repeat_2_fold_4,ACBD3,0.0,0.0,0.0,0.0,0.0,0.0,0.0
repeat_2_fold_4,ACBD4,0.0,0.0,0.0,0.0,0.0,5.558378859105151e-05,0.5
repeat_2_fold_4,ACD,0.0,0.0,0.0,0.0,0.0,0.0,0.0
repeat_2_fold_4,ACE,0.0,0.0,0.0,0.0,0.0,-7.993349533191862e-06,0.5
repeat_2_fold_4,ACE2,0.0,0.0,0.0,0.0,0.0,-6.352432981829303e-05,0.5
repeat_2_fold_4,ACHE,0.0,0.0,0.0,0.0,0.0,-7.940541227288711e-05,0.5
repeat_2_fold_4,ACIN1,0.0,0.0,0.0,0.0,0.0,0.0,0.0
repeat_2_fold_4,ACKR1,0.010503427903524098,0.021006855807048197,0.010503427903524098,0.0,0.25,0.0007597906721001357,1.0
repeat_2_fold_4,ACKR2,0.0,0.0,0.0,0.0,0.0,0.0,0.0
repeat_2_fold_4,ACKR3,0.0,0.0,0.0,0.0,0.0,0.0,0.0
repeat_2_fold_4,ACKR4,0.0,0.0,0.0,0.0,0.0,-3.197339813276745e-05,0.5
repeat_2_fold_4,ACLY,0.0,0.0,0.0,0.0,0.0,0.0,0.0
repeat_2_fold_4,ACO1,0.0,0.0,0.0,0.0,0.0,0.0,0.0
repeat_2_fold_4,ACO2,-0.7682645248247741,1.5365290496495483,0.7682645248247741,-1.5365290496495483,0.0,2.2290182810802417e-05,1.0
repeat_2_fold_4,ACOT11,0.0,0.0,0.0,0.0,0.0,0.0,0.0
repeat_2_fold_4,ACOT13,-0.7682645248247741,1.5365290496495483,0.7682645248247741,-1.5365290496495483,0.0,0.000492313556092,0.5
repeat_2_fold_4,ACOT2,0.0,0.0,0.0,0.0,0.0,7.940541227297038e-06,0.5
repeat_2_fold_4,ACOT7,0.0,0.0,0.0,0.0,0.0,0.0,0.0
repeat_2_fold_4,ACOT8,-0.030126484760206296,0.06025296952041259,0.030126484760206296,-0.06025296952041259,0.0,-0.00036769407852665914,0.5
repeat_2_fold_4,ACOT9,0.0,0.0,0.0,0.0,0.0,-0.0002557871850620286,0.5
repeat_2_fold_4,ACOX1,0.0,0.0,0.0,0.0,0.0,0.0,0.0
repeat_2_fold_4,ACOX2,0.0,0.0,0.0,0.0,0.0,0.0,0.0
repeat_2_fold_4,ACOX3,0.0,0.0,0.0,0.0,0.0,0.0,0.0
repeat_2_fold_4,ACOXL,-0.051982278306942575,0.07760899798343061,0.03880449899171531,-0.09078677729865789,0.0,-0.00017374135749417818,1.0
repeat_2_fold_4,ACP3,0.0,0.0,0.0,0.0,0.0,0.0,0.0
repeat_2_fold_4,ACP6,0.0,0.0,0.0,0.0,0.0,0.0,0.0
repeat_2_fold_4,ACR,0.0,0.0,0.0,0.0,0.0,0.0,0.0
repeat_2_fold_4,ACSBG1,0.0,0.0,0.0,0.0,0.0,0.00013498920086396637,0.5
repeat_2_fold_4,ACSBG2,0.0,0.0,0.0,0.0,0.0,-7.940541227269282e-06,0.5
repeat_2_fold_4,ACSF2,0.06295337298261394,0.12590674596522788,0.06295337298261394,0.0,0.25,3.2343056274086734e-05,1.0
repeat_2_fold_4,ACSL1,0.0,0.0,0.0,0.0,0.0,0.0,0.0
repeat_2_fold_4,ACSL3,0.0,0.0,0.0,0.0,0.0,0.0,0.0
repeat_2_fold_4,ACSL4,0.0,0.0,0.0,0.0,0.0,0.0,0.0
repeat_2_fold_4,ACSL5,0.0,0.0,0.0,0.0,0.0,0.00012704865963666934,0.5
repeat_2_fold_4,ACSL6,0.0,0.0,0.0,0.0,0.0,3.1973398132739694e-05,0.5
repeat_2_fold_4,ACSM1,0.0,0.0,0.0,0.0,0.0,5.595344673231528e-05,0.5
repeat_2_fold_4,ACSM2A,0.0,0.0,0.0,0.0,0.0,6.352432981834855e-05,0.5
repeat_2_fold_4,ACSM3,-0.030126484760206296,0.06025296952041259,0.030126484760206296,-0.06025296952041259,0.0,-0.0009301522980167953,1.0
repeat_2_fold_4,ACSM5,0.0,0.0,0.0,0.0,0.0,5.558378859105151e-05,0.5
repeat_2_fold_4,ACSS3,0.0,0.0,0.0,0.0,0.0,0.0,0.0
repeat_2_fold_4,ACTA1,0.0,0.0,0.0,0.0,0.0,0.0,0.0
repeat_2_fold_4,ACTA2,0.0,0.0,0.0,0.0,0.0,0.000287760583194796,0.5
repeat_2_fold_4,ACTB,0.0,0.0,0.0,0.0,0.0,-0.00011190689346465832,0.5
repeat_2_fold_4,ACTC1,0.0,0.0,0.0,0.0,0.0,0.0,0.0
repeat_2_fold_4,ACTG1,0.0,0.0,0.0,0.0,0.0,0.0,0.0
repeat_2_fold_4,ACTG2,0.06295337298261394,0.12590674596522788,0.06295337298261394,0.0,0.25,-0.0001574378085924255,1.0
repeat_2_fold_4,ACTL6A,0.0,0.0,0.0,0.0,0.0,-0.0002461567780459861,0.5
repeat_2_fold_4,ACTL6B,0.0,0.0,0.0,0.0,0.0,7.146487104561783e-05,0.5
repeat_2_fold_4,ACTN1,0.0,0.0,0.0,0.0,0.0,0.0,0.0
repeat_2_fold_4,ACTN2,0.0,0.0,0.0,0.0,0.0,0.0,0.0
repeat_2_fold_4,ACTN3,0.0,0.0,0.0,0.0,0.0,0.0,0.0
repeat_2_fold_4,ACTN4,0.0,0.0,0.0,0.0,0.0,-0.00011069230242893857,1.0
repeat_2_fold_4,ACTR10,0.0,0.0,0.0,0.0,0.0,0.0,0.0
repeat_2_fold_4,ACTR1A,-1.5365290496495483,1.774230920865693,0.8871154604328465,-2.423644510082395,0.0,-0.00021439461313679797,0.5
repeat_2_fold_4,ACTR1B,0.0,0.0,0.0,0.0,0.0,-3.1973398132739694e-05,0.5
repeat_2_fold_4,ACTR2,0.0,0.0,0.0,0.0,0.0,0.0,0.0
repeat_2_fold_4,ACTR3,0.0,0.0,0.0,0.0,0.0,7.940541227324793e-06,0.5
repeat_2_fold_4,ACTR5,0.0,0.0,0.0,0.0,0.0,0.0,0.0
repeat_2_fold_4,ACTR8,0.0,0.0,0.0,0.0,0.0,0.00019184038879652143,0.5
repeat_2_fold_4,ACVR1B,0.0,0.0,0.0,0.0,0.0,0.0,0.0
repeat_2_fold_4,ACVR2A,0.0,0.0,0.0,0.0,0.0,-0.00022233515436412277,0.5
repeat_2_fold_4,ACVR2B,0.0,0.0,0.0,0.0,0.0,0.0,0.0
repeat_2_fold_4,ACVRL1,0.0,0.0,0.0,0.0,0.0,0.0,0.0
repeat_2_fold_4,ACY1,0.0,0.0,0.0,0.0,0.0,-2.3980048599575587e-05,0.5
repeat_2_fold_4,ADA,0.0,0.0,0.0,0.0,0.0,0.0,0.5
repeat_2_fold_4,ADA2,0.0,0.0,0.0,0.0,0.0,-0.00023821623681866133,0.5
repeat_2_fold_4,ADAM10,0.04286264935378625,0.049493524285178066,0.024746762142589033,0.01811588721119722,0.5,0.00022381378692928888,0.5
repeat_2_fold_4,ADAM11,0.0,0.0,0.0,0.0,0.0,0.0,0.0
repeat_2_fold_4,ADAM12,0.0,0.0,0.0,0.0,0.0,0.0,0.0
repeat_2_fold_4,ADAM15,0.010503427903524098,0.021006855807048197,0.010503427903524098,0.0,0.25,7.993349533191862e-06,0.5
repeat_2_fold_4,ADAM17,-1.6107818683594246,1.968271198667917,0.9841355993339586,-2.5949174676933833,0.5,-0.0005726695178710495,1.0
repeat_2_fold_4,ADAM19,0.0,0.0,0.0,0.0,0.0,-0.0004287892262736237,0.5
repeat_2_fold_4,ADAM2,0.0,0.0,0.0,0.0,0.0,0.0,0.0
repeat_2_fold_4,ADAM20,0.0,0.0,0.0,0.0,0.0,0.0,0.0
repeat_2_fold_4,ADAM21,0.0,0.0,0.0,0.0,0.0,0.0,0.0
repeat_2_fold_4,ADAM23,0.0,0.0,0.0,0.0,0.0,-0.0003017405666369821,0.5
repeat_2_fold_4,ADAM30,0.0,0.0,0.0,0.0,0.0,0.0,0.0
repeat_2_fold_4,ADAM8,0.0,0.0,0.0,0.0,0.0,0.0,0.0
repeat_2_fold_4,ADAMTS1,0.0,0.0,0.0,0.0,0.0,3.213182305047968e-05,1.0
repeat_2_fold_4,ADAMTS12,0.0,0.0,0.0,0.0,0.0,0.0,0.5
repeat_2_fold_4,ADAMTS13,0.0,0.0,0.0,0.0,0.0,0.0,0.0
repeat_2_fold_4,ADAMTS2,0.0,0.0,0.0,0.0,0.0,0.0,0.0
repeat_2_fold_4,ADAMTS20,0.0,0.0,0.0,0.0,0.0,0.0,0.0
repeat_2_fold_4,ADAMTS3,0.0,0.0,0.0,0.0,0.0,4.796009719912342e-05,0.5
repeat_2_fold_4,ADAMTS5,0.0,0.0,0.0,0.0,0.0,-0.00010322703595475047,0.5
repeat_2_fold_4,ADAMTS8,-0.010927896773369028,0.021855793546738056,0.010927896773369028,-0.021855793546738056,0.0,-4.8593796869861317e-05,1.0
repeat_2_fold_4,ADAMTS9,0.0,0.0,0.0,0.0,0.0,-0.000706708169228798,0.5
repeat_2_fold_4,ADAMTSL2,0.0,0.0,0.0,0.0,0.0,-0.00012704865963661383,0.5
repeat_2_fold_4,ADAMTSL3,-0.27165567267541846,0.31957894446312324,0.15978947223156162,-0.43144514490698005,0.0,0.00030174056663703763,1.0
repeat_2_fold_4,ADAMTSL4,0.0,0.0,0.0,0.0,0.0,-0.0003732054376826277,0.5
repeat_2_fold_4,ADAP1,0.0,0.0,0.0,0.0,0.0,0.0002804537416382924,1.0
repeat_2_fold_4,ADAR,0.0,0.0,0.0,0.0,0.0,0.0,0.0
repeat_2_fold_4,ADARB1,0.0,0.0,0.0,0.0,0.0,0.0007833482542524695,0.5
repeat_2_fold_4,ADAT1,0.0,0.0,0.0,0.0,0.0,0.0,0.0
repeat_2_fold_4,ADCY1,-0.8093189063583477,1.511143618676614,0.755571809338307,-1.5648907156966547,0.0,0.00010417758546096834,1.0
repeat_2_fold_4,ADCY10,0.0,0.0,0.0,0.0,0.0,0.0005161351797738634,0.5
repeat_2_fold_4,ADCY2,0.0,0.0,0.0,0.0,0.0,1.5881082454594075e-05,0.5
repeat_2_fold_4,ADCY3,0.0,0.0,0.0,0.0,0.0,0.0,0.0
repeat_2_fold_4,ADCY6,0.0,0.0,0.0,0.0,0.0,0.00013498920086393862,0.5
repeat_2_fold_4,ADCY7,0.0,0.0,0.0,0.0,0.0,0.0003493838140007921,0.5
repeat_2_fold_4,ADCY8,0.0,0.0,0.0,0.0,0.0,-0.0009831819925821828,0.5
repeat_2_fold_4,ADCY9,0.0,0.0,0.0,0.0,0.0,-9.528649472745343e-05,0.5
repeat_2_fold_4,ADCYAP1,0.0,0.0,0.0,0.0,0.0,0.0,0.0
repeat_2_fold_4,ADCYAP1R1,-0.030126484760206296,0.06025296952041259,0.030126484760206296,-0.06025296952041259,0.0,-0.00021423618821908574,1.0
repeat_2_fold_4,ADD1,0.0,0.0,0.0,0.0,0.0,0.0,0.0
repeat_2_fold_4,ADD2,0.0,0.0,0.0,0.0,0.0,-3.970270613642968e-05,0.5
repeat_2_fold_4,ADD3,0.0,0.0,0.0,0.0,0.0,0.0,0.0
repeat_2_fold_4,ADGRE2,0.0,0.0,0.0,0.0,0.0,0.0,0.0
repeat_2_fold_4,ADGRE3,0.0,0.0,0.0,0.0,0.0,-0.0004526108499555148,0.5
repeat_2_fold_4,ADGRE5,0.0,0.0,0.0,0.0,0.0,1.5986699066383725e-05,0.5
repeat_2_fold_4,ADGRG3,0.0,0.0,0.0,0.0,0.0,-0.00038109317060400216,1.0
repeat_2_fold_4,ADGRG6,0.0,0.0,0.0,0.0,0.0,0.0,0.0
repeat_2_fold_4,ADGRV1,0.0,0.0,0.0,0.0,0.0,5.595344673231528e-05,0.5
repeat_2_fold_4,ADH1A,0.0,0.0,0.0,0.0,0.0,0.0,0.0
repeat_2_fold_4,ADH1B,-0.1545402046117541,0.2208586281475561,0.11042931407377805,-0.26496951868553215,0.0,-0.0009281455823926532,1.0
repeat_2_fold_4,ADH1C,-0.0977390367928681,0.1954780735857362,0.0977390367928681,-0.1954780735857362,0.0,-0.0005804516341806343,1.0
repeat_2_fold_4,ADH5,0.0,0.0,0.0,0.0,0.0,0.00011116757718207526,0.5
repeat_2_fold_4,ADH6,0.0,0.0,0.0,0.0,0.0,0.0,0.0
repeat_2_fold_4,ADH7,0.147338070642121,0.1256116608609665,0.06280583043048325,0.08453224021163776,0.75,-3.1709356603237815e-05,1.0
repeat_2_fold_4,ADI1,0.0,0.0,0.0,0.0,0.0,0.0,0.0
repeat_2_fold_4,ADIPOQ,0.0,0.0,0.0,0.0,0.0,-3.1973398132739694e-05,0.5
repeat_2_fold_4,ADIPOR1,-0.041054381533575324,0.05683465849263734,0.02841732924631867,-0.06947171077989399,0.0,-0.0007433815065865101,0.5
repeat_2_fold_4,ADIPOR2,0.0,0.0,0.0,0.0,0.0,0.0,0.0
repeat_2_fold_4,ADIRF,0.0,0.0,0.0,0.0,0.0,-0.00030968110786427916,0.5
repeat_2_fold_4,ADK,0.0,0.0,0.0,0.0,0.0,-7.1940145798699e-05,0.5
repeat_2_fold_4,ADM,0.0,0.0,0.0,0.0,0.0,0.0,0.0
repeat_2_fold_4,ADM2,0.0,0.0,0.0,0.0,0.0,-0.00018263244822766533,0.5
repeat_2_fold_4,ADO,-0.0977390367928681,0.1954780735857362,0.0977390367928681,-0.1954780735857362,0.0,0.0002717738841284123,0.5
repeat_2_fold_4,ADORA1,0.0,0.0,0.0,0.0,0.0,4.7960097199151175e-05,0.5
repeat_2_fold_4,ADORA2A,-0.06025296952041259,0.06957413634416905,0.034787068172084525,-0.09504003769249711,0.0,-0.00046361427292493373,0.5
repeat_2_fold_4,ADORA2B,0.0,0.0,0.0,0.0,0.0,0.0,0.0
repeat_2_fold_4,ADORA3,0.0,0.0,0.0,0.0,0.0,-0.00019041456453725014,1.0
repeat_2_fold_4,ADPGK,-0.051982278306942575,0.07760899798343061,0.03880449899171531,-0.09078677729865789,0.0,0.000303747282261152,0.5
repeat_2_fold_4,ADPRM,0.0,0.0,0.0,0.0,0.0,0.0,0.0
repeat_2_fold_4,ADRA1A,0.031934752580417225,0.04096610433274942,0.02048305216637471,0.011451700414042514,0.5,0.00039167412712623473,0.5
repeat_2_fold_4,ADRA1B,0.0,0.0,0.0,0.0,0.0,-4.796009719912342e-05,0.5
repeat_2_fold_4,ADRA1D,-0.07425281870987455,0.26589487589890654,0.13294743794945327,-0.20720025665932781,0.5,-0.001585765384655935,1.0
repeat_2_fold_4,ADRA2B,-0.1171154680636608,0.2342309361273216,0.1171154680636608,-0.2342309361273216,0.0,-0.0004684919324101089,0.5
repeat_2_fold_4,ADRA2C,0.0,0.0,0.0,0.0,0.0,0.0,0.0
repeat_2_fold_4,ADRB1,-0.03742473654809331,0.07484947309618661,0.03742473654809331,-0.07484947309618661,0.0,-0.000389086520137194,0.5
repeat_2_fold_4,ADRB2,0.0,0.0,0.0,0.0,0.0,0.00016675136577312677,0.5
repeat_2_fold_4,ADRB3,0.0,0.0,0.0,0.0,0.0,0.0,0.0
repeat_2_fold_4,ADRM1,0.0,0.0,0.0,0.0,0.0,-0.00044467030872819,0.5
repeat_2_fold_4,ADSS2,0.0,0.0,0.0,0.0,0.0,-0.00042968696747389123,1.0
repeat_2_fold_4,AFDN,0.0,0.0,0.0,0.0,0.0,-0.0002621962854182647,1.0
repeat_2_fold_4,AFF4,-0.1171154680636608,0.2342309361273216,0.1171154680636608,-0.2342309361273216,0.0,0.0006114216745013723,0.5
repeat_2_fold_4,AFG3L2,0.0,0.0,0.0,0.0,0.0,0.0,0.0
repeat_2_fold_4,AFP,0.0,0.0,0.0,0.0,0.0,-6.352432981829303e-05,0.5
repeat_2_fold_4,AGA,0.0,0.0,0.0,0.0,0.0,0.0,0.0
repeat_2_fold_4,AGAP2,0.0,0.0,0.0,0.0,0.0,-0.0003277273308607276,0.5
repeat_2_fold_4,AGBL2,0.0,0.0,0.0,0.0,0.0,0.0,0.0
repeat_2_fold_4,AGBL3,0.0,0.0,0.0,0.0,0.0,-9.592019439824684e-05,0.5
repeat_2_fold_4,AGBL5,0.0,0.0,0.0,0.0,0.0,-5.595344673231528e-05,0.5
repeat_2_fold_4,AGER,0.0,0.0,0.0,0.0,0.0,-0.0001678603401969736,0.5
repeat_2_fold_4,AGFG1,0.0,0.0,0.0,0.0,0.0,0.0,0.0
repeat_2_fold_4,AGGF1,0.0,0.0,0.0,0.0,0.0,0.0,0.0
repeat_2_fold_4,AGK,-0.1954780735857362,0.22571863681078858,0.11285931840539429,-0.3083373919911305,0.0,-8.792684486508273e-05,0.5
repeat_2_fold_4,AGL,0.0,0.0,0.0,0.0,0.0,0.0,0.0
repeat_2_fold_4,AGMAT,0.0,0.0,0.0,0.0,0.0,-3.1762164909160395e-05,0.5
repeat_2_fold_4,AGO1,0.0,0.0,0.0,0.0,0.0,0.0,0.0
repeat_2_fold_4,AGO2,0.0,0.0,0.0,0.0,0.0,0.0,0.0
repeat_2_fold_4,AGO3,-0.010927896773369028,0.021855793546738056,0.010927896773369028,-0.021855793546738056,0.0,0.0005595344673231806,0.5
repeat_2_fold_4,AGO4,0.0,0.0,0.0,0.0,0.0,-1.588108245456632e-05,0.5
repeat_2_fold_4,AGPAT1,0.0,0.0,0.0,0.0,0.0,0.0,0.0
repeat_2_fold_4,AGPAT2,0.0,0.0,0.0,0.0,0.0,0.0,0.0
repeat_2_fold_4,AGPAT3,0.0,0.0,0.0,0.0,0.0,0.0,0.0
repeat_2_fold_4,AGPAT4,-0.010927896773369028,0.021855793546738056,0.010927896773369028,-0.021855793546738056,0.0,0.00011990024299785018,0.5
repeat_2_fold_4,AGPAT5,0.0,0.0,0.0,0.0,0.0,0.0,0.0
repeat_2_fold_4,AGPS,-0.1171154680636608,0.2342309361273216,0.1171154680636608,-0.2342309361273216,0.0,-1.5828274148671495e-05,1.0
repeat_2_fold_4,AGRP,-0.2342309361273216,0.27046658805129437,0.13523329402564718,-0.3694642301529688,0.0,4.737920583425259e-05,1.0
repeat_2_fold_4,AGTPBP1,0.0,0.0,0.0,0.0,0.0,0.0,0.0
repeat_2_fold_4,AGTR2,0.0,0.0,0.0,0.0,0.0,0.000143880291597398,0.5
repeat_2_fold_4,AGXT,-0.030126484760206296,0.06025296952041259,0.030126484760206296,-0.06025296952041259,0.0,0.00038368077759304287,0.5
repeat_2_fold_4,AHCTF1,0.0,0.0,0.0,0.0,0.0,0.0,0.0
repeat_2_fold_4,AHCY,-0.030126484760206296,0.06025296952041259,0.030126484760206296,-0.06025296952041259,0.0,-4.8118522116807894e-05,1.0
repeat_2_fold_4,AHCYL1,0.0,0.0,0.0,0.0,0.0,0.0,0.0
repeat_2_fold_4,AHCYL2,-0.1954780735857362,0.22571863681078858,0.11285931840539429,-0.3083373919911305,0.0,0.00011990024299782243,0.5
repeat_2_fold_4,AHI1,0.0,0.0,0.0,0.0,0.0,0.0,0.0
repeat_2_fold_4,AHR,0.0,0.0,0.0,0.0,0.0,0.0,0.0
repeat_2_fold_4,AHSG,0.0,0.0,0.0,0.0,0.0,0.0,0.0
repeat_2_fold_4,AICDA,0.0,0.0,0.0,0.0,0.0,-3.996674766593156e-05,0.5
repeat_2_fold_4,AIM2,0.0,0.0,0.0,0.0,0.0,-0.0001111675771820475,0.5
repeat_2_fold_4,AIMP1,0.0,0.0,0.0,0.0,0.0,0.0,0.0
repeat_2_fold_4,AIMP2,0.0,0.0,0.0,0.0,0.0,0.0,0.0
repeat_2_fold_4,AIP,0.0,0.0,0.0,0.0,0.0,0.0,0.5
repeat_2_fold_4,AK1,-0.7682645248247741,1.5365290496495483,0.7682645248247741,-1.5365290496495483,0.0,-7.146487104559007e-05,0.5
repeat_2_fold_4,AK2,0.0,0.0,0.0,0.0,0.0,-4.796009719912342e-05,0.5
repeat_2_fold_4,AK4,0.0,0.0,0.0,0.0,0.0,-7.1484166387913994e-06,1.0
repeat_2_fold_4,AK5,0.0,0.0,0.0,0.0,0.0,-7.1940145798699e-05,0.5
repeat_2_fold_4,AK6,0.021431324676893126,0.04286264935378625,0.021431324676893126,0.0,0.25,0.0001692861644562449,1.0
repeat_2_fold_4,AKAP1,0.0,0.0,0.0,0.0,0.0,0.0,0.0
repeat_2_fold_4,AKAP10,0.0,0.0,0.0,0.0,0.0,0.0,0.0
repeat_2_fold_4,AKAP12,0.0,0.0,0.0,0.0,0.0,0.0,0.0
repeat_2_fold_4,AKAP13,0.0,0.0,0.0,0.0,0.0,-8.046157839081136e-05,1.0
repeat_2_fold_4,AKAP5,0.0,0.0,0.0,0.0,0.0,-7.940541227288711e-05,0.5
repeat_2_fold_4,AKAP8L,-0.7682645248247741,1.5365290496495483,0.7682645248247741,-1.5365290496495483,0.0,3.176216490918815e-05,0.5
repeat_2_fold_4,AKAP9,0.0,0.0,0.0,0.0,0.0,0.0,0.0
repeat_2_fold_4,AKR1B1,0.0,0.0,0.0,0.0,0.0,0.0004142811597724616,1.0
repeat_2_fold_4,AKR1B10,0.0,0.0,0.0,0.0,0.0,0.0,0.5
repeat_2_fold_4,AKR1C1,-0.010927896773369028,0.021855793546738056,0.010927896773369028,-0.021855793546738056,0.0,-9.59201943982746e-05,0.5
repeat_2_fold_4,AKR1C2,0.0,0.0,0.0,0.0,0.0,0.0,0.0
repeat_2_fold_4,AKR1C4,0.0,0.0,0.0,0.0,0.0,0.0,0.0
repeat_2_fold_4,AKT1,0.0,0.0,0.0,0.0,0.0,0.0,0.0
repeat_2_fold_4,AKT2,0.0,0.0,0.0,0.0,0.0,-0.00038368077759304287,0.5
repeat_2_fold_4,AKT3,0.0,0.0,0.0,0.0,0.0,-0.00023180713646242523,1.0
repeat_2_fold_4,ALAD,0.0,0.0,0.0,0.0,0.0,7.1940145798699e-05,0.5
repeat_2_fold_4,ALAS1,0.025528636434520635,0.16654625393214645,0.08327312696607322,-0.05774449053155259,0.25,0.0011196163130479386,0.5
repeat_2_fold_4,ALAS2,0.0,0.0,0.0,0.0,0.0,0.00015986699066378174,0.5
repeat_2_fold_4,ALCAM,0.0,0.0,0.0,0.0,0.0,0.0,0.0
repeat_2_fold_4,ALDH18A1,0.0,0.0,0.0,0.0,0.0,0.0,0.0
repeat_2_fold_4,ALDH1A1,0.0,0.0,0.0,0.0,0.0,-7.146487104559007e-05,0.5
repeat_2_fold_4,ALDH1A2,0.0,0.0,0.0,0.0,0.0,-0.00023027569559139205,0.5
repeat_2_fold_4,ALDH1A3,0.0,0.0,0.0,0.0,0.0,3.176216490918815e-05,0.5
repeat_2_fold_4,ALDH1L1,0.0,0.0,0.0,0.0,0.0,0.0,0.0
repeat_2_fold_4,ALDH2,-1.4735756766669326,1.7046413226655377,0.8523206613327688,-2.3258963379997013,0.0,6.352432981834855e-05,0.5
repeat_2_fold_4,ALDH3B1,0.0,0.0,0.0,0.0,0.0,0.0,0.0
repeat_2_fold_4,ALDH3B2,0.0,0.0,0.0,0.0,0.0,-7.940541227269282e-06,0.5
repeat_2_fold_4,ALDH4A1,0.0,0.0,0.0,0.0,0.0,-0.00019872476390581095,1.0
repeat_2_fold_4,ALDH5A1,0.06295337298261394,0.12590674596522788,0.06295337298261394,0.0,0.25,-0.0006987676280015009,0.5
repeat_2_fold_4,ALDH6A1,0.021431324676893126,0.04286264935378625,0.021431324676893126,0.0,0.25,0.00013588694206420615,0.5
repeat_2_fold_4,ALDH7A1,0.0,0.0,0.0,0.0,0.0,0.0002797672336615764,0.5
repeat_2_fold_4,ALDH8A1,-0.1954780735857362,0.22571863681078858,0.11285931840539429,-0.3083373919911305,0.0,-0.00023112062848576476,1.0
repeat_2_fold_4,ALDH9A1,0.021431324676893126,0.04286264935378625,0.021431324676893126,0.0,0.25,0.0003996674766594266,0.5
repeat_2_fold_4,ALDOA,0.0,0.0,0.0,0.0,0.0,0.0,0.0
repeat_2_fold_4,ALDOB,0.0,0.0,0.0,0.0,0.0,0.0,0.0
repeat_2_fold_4,ALDOC,0.0,0.0,0.0,0.0,0.0,0.0,0.0
repeat_2_fold_4,ALG12,0.0,0.0,0.0,0.0,0.0,7.940541227324793e-06,0.5
repeat_2_fold_4,ALG13,0.0,0.0,0.0,0.0,0.0,0.0,0.0
repeat_2_fold_4,ALG3,0.0,0.0,0.0,0.0,0.0,0.0,0.0
repeat_2_fold_4,ALG5,0.0,0.0,0.0,0.0,0.0,-1.5986699066383725e-05,0.5
repeat_2_fold_4,ALG6,0.0,0.0,0.0,0.0,0.0,-0.00046055139118281185,0.5
repeat_2_fold_4,ALG8,0.0,0.0,0.0,0.0,0.0,0.0001191081184093723,0.5
repeat_2_fold_4,ALG9,0.0,0.0,0.0,0.0,0.0,0.0,0.0
repeat_2_fold_4,ALK,-0.030126484760206296,0.06025296952041259,0.030126484760206296,-0.06025296952041259,0.0,-0.00011990024299782243,0.5
repeat_2_fold_4,ALMS1,0.0,0.0,0.0,0.0,0.0,6.352432981834855e-05,0.5
repeat_2_fold_4,ALOX12,0.0,0.0,0.0,0.0,0.0,-3.996674766593156e-05,0.5
repeat_2_fold_4,ALOX12B,0.0,0.0,0.0,0.0,0.0,0.0,0.0
repeat_2_fold_4,ALOX15,0.021431324676893126,0.04286264935378625,0.021431324676893126,0.0,0.25,0.00015187364113058988,0.5
repeat_2_fold_4,ALOX15B,0.0,0.0,0.0,0.0,0.0,0.0,0.0
repeat_2_fold_4,ALOX5,0.0,0.0,0.0,0.0,0.0,0.0,0.0
repeat_2_fold_4,ALOX5AP,0.0,0.0,0.0,0.0,0.0,0.0,0.5
repeat_2_fold_4,ALOXE3,0.0,0.0,0.0,0.0,0.0,0.0007673615551861135,0.5
repeat_2_fold_4,ALPG,0.0,0.0,0.0,0.0,0.0,-0.0001111675771820475,0.5
repeat_2_fold_4,ALPI,0.0,0.0,0.0,0.0,0.0,-7.940541227288711e-05,0.5
repeat_2_fold_4,ALPK1,-0.04105438153357355,0.0821087630671471,0.04105438153357355,-0.0821087630671471,0.0,-0.00028776058319476827,1.0
repeat_2_fold_4,ALPL,0.0,0.0,0.0,0.0,0.0,-0.00011990024299782243,0.5
repeat_2_fold_4,ALPP,0.0,0.0,0.0,0.0,0.0,0.0,0.0
repeat_2_fold_4,ALS2CL,-0.0977390367928681,0.1954780735857362,0.0977390367928681,-0.1954780735857362,0.0,-3.996674766593156e-05,0.5
repeat_2_fold_4,ALX3,0.0,0.0,0.0,0.0,0.0,2.3980048599575587e-05,0.5
repeat_2_fold_4,AMACR,0.0,0.0,0.0,0.0,0.0,0.0,0.0
repeat_2_fold_4,AMBN,0.0,0.0,0.0,0.0,0.0,0.0,0.0
repeat_2_fold_4,AMBRA1,0.0,0.0,0.0,0.0,0.0,0.00047960097199131746,0.5
repeat_2_fold_4,AMD1,0.0,0.0,0.0,0.0,0.0,1.5881082454594075e-05,0.5
repeat_2_fold_4,AMDHD2,0.0,0.0,0.0,0.0,0.0,-3.996674766595931e-05,0.5
repeat_2_fold_4,AMFR,0.0,0.0,0.0,0.0,0.0,-8.734595350015639e-05,0.5
repeat_2_fold_4,AMHR2,0.0,0.0,0.0,0.0,0.0,-0.00047960097199131746,0.5
repeat_2_fold_4,AMIGO2,0.0,0.0,0.0,0.0,0.0,-0.00011190689346463056,0.5
repeat_2_fold_4,AMN,0.0,0.0,0.0,0.0,0.0,-0.00011116757718201975,0.5
repeat_2_fold_4,AMOTL2,0.0,0.0,0.0,0.0,0.0,0.0,0.0
repeat_2_fold_4,AMPD1,0.0,0.0,0.0,0.0,0.0,0.0,0.5
repeat_2_fold_4,AMPD2,0.0,0.0,0.0,0.0,0.0,0.0,0.0
repeat_2_fold_4,AMPD3,0.0,0.0,0.0,0.0,0.0,0.0,0.0
repeat_2_fold_4,AMPH,-0.1171154680636608,0.2342309361273216,0.1171154680636608,-0.2342309361273216,0.0,0.0001054449848025274,1.0
repeat_2_fold_4,AMT,0.0,0.0,0.0,0.0,0.0,-0.0004923135560919445,0.5
repeat_2_fold_4,AMY1A,0.0,0.0,0.0,0.0,0.0,-3.176216490913264e-05,0.5
repeat_2_fold_4,ANAPC1,0.0,0.0,0.0,0.0,0.0,6.394679626550714e-05,0.5
repeat_2_fold_4,ANAPC10,0.0,0.0,0.0,0.0,0.0,-9.528649472745343e-05,0.5
repeat_2_fold_4,ANAPC13,0.0,0.0,0.0,0.0,0.0,0.0,0.0
repeat_2_fold_4,ANAPC15,0.0,0.0,0.0,0.0,0.0,3.1973398132739694e-05,0.5
repeat_2_fold_4,ANAPC2,0.0,0.0,0.0,0.0,0.0,0.0,0.0
repeat_2_fold_4,ANAPC5,0.0,0.0,0.0,0.0,0.0,-0.00027177388412838455,0.5
repeat_2_fold_4,ANG,0.0,0.0,0.0,0.0,0.0,0.0,0.0
repeat_2_fold_4,ANGPT1,0.0,0.0,0.0,0.0,0.0,0.0,0.0
repeat_2_fold_4,ANGPT2,0.0,0.0,0.0,0.0,0.0,-0.0001998337383297133,0.5
repeat_2_fold_4,ANGPT4,0.0,0.0,0.0,0.0,0.0,2.3980048599575587e-05,0.5
repeat_2_fold_4,ANGPTL3,0.0,0.0,0.0,0.0,0.0,-2.3821623681863358e-05,0.5
repeat_2_fold_4,ANGPTL4,0.0,0.0,0.0,0.0,0.0,0.00013588694206420615,0.5
repeat_2_fold_4,ANGPTL8,-0.010927896773369028,0.021855793546738056,0.010927896773369028,-0.021855793546738056,0.0,7.1940145798699e-05,0.5
repeat_2_fold_4,ANK1,0.0,0.0,0.0,0.0,0.0,0.0,0.0
repeat_2_fold_4,ANK2,-0.0977390367928681,0.1954780735857362,0.0977390367928681,-0.1954780735857362,0.0,0.0001758536897301377,0.5
repeat_2_fold_4,ANKFY1,0.0,0.0,0.0,0.0,0.0,0.0008954135726348122,1.0
repeat_2_fold_4,ANKH,0.0,0.0,0.0,0.0,0.0,0.0012772460595214252,1.0
repeat_2_fold_4,ANKRD1,0.0,0.0,0.0,0.0,0.0,0.0,0.0
repeat_2_fold_4,ANKRD26,0.0,0.0,0.0,0.0,0.0,-0.00042084868504632666,0.5
repeat_2_fold_4,ANKRD27,0.0,0.0,0.0,0.0,0.0,0.0,0.0
repeat_2_fold_4,ANKRD28,0.0,0.0,0.0,0.0,0.0,0.0,0.0
repeat_2_fold_4,ANKZF1,0.0,0.0,0.0,0.0,0.0,1.5881082454594075e-05,0.5
repeat_2_fold_4,ANO1,0.0,0.0,0.0,0.0,0.0,-0.0005034225956731253,1.0
repeat_2_fold_4,ANO10,-0.2256045583459425,0.2651103591952646,0.1325551795976323,-0.3581597379435748,0.0,0.00020782708786290516,0.5
repeat_2_fold_4,ANO2,0.0,0.0,0.0,0.0,0.0,-0.00018384703926332957,0.5
repeat_2_fold_4,ANO3,0.0,0.0,0.0,0.0,0.0,-0.00019184038879649368,0.5
repeat_2_fold_4,ANOS1,0.0,0.0,0.0,0.0,0.0,0.0,0.0
repeat_2_fold_4,ANPEP,0.0,0.0,0.0,0.0,0.0,-0.00029380002540971284,0.5
repeat_2_fold_4,ANTXR1,0.0,0.0,0.0,0.0,0.0,-0.0003493838140007366,0.5
repeat_2_fold_4,ANXA1,0.0,0.0,0.0,0.0,0.0,0.0,0.0
repeat_2_fold_4,ANXA2,0.0,0.0,0.0,0.0,0.0,1.5881082454594075e-05,0.5
repeat_2_fold_4,ANXA3,0.0,0.0,0.0,0.0,0.0,0.00029548989119851377,1.0
repeat_2_fold_4,ANXA6,0.0,0.0,0.0,0.0,0.0,0.0,0.0
repeat_2_fold_4,AOC1,0.0,0.0,0.0,0.0,0.0,-0.0001111675771820475,0.5
repeat_2_fold_4,AOC2,0.0,0.0,0.0,0.0,0.0,0.0,0.0
repeat_2_fold_4,AOX1,-0.7682645248247741,1.5365290496495483,0.7682645248247741,-1.5365290496495483,0.0,-0.00015881082454577422,0.5
repeat_2_fold_4,AP1B1,0.0,0.0,0.0,0.0,0.0,0.0,0.0
repeat_2_fold_4,AP1G1,-0.1954780735857362,0.22571863681078858,0.11285931840539429,-0.3083373919911305,0.0,-3.1973398132739694e-05,0.5
repeat_2_fold_4,AP1G2,0.0,0.0,0.0,0.0,0.0,-6.394679626550714e-05,0.5
repeat_2_fold_4,AP1M2,0.0,0.0,0.0,0.0,0.0,0.0,0.0
repeat_2_fold_4,AP1S2,0.0,0.0,0.0,0.0,0.0,-1.5986699066383725e-05,0.5
repeat_2_fold_4,AP2A2,0.0,0.0,0.0,0.0,0.0,-1.5986699066383725e-05,0.5
repeat_2_fold_4,AP2B1,0.0,0.0,0.0,0.0,0.0,0.0,0.0
repeat_2_fold_4,AP2M1,0.0,0.0,0.0,0.0,0.0,0.0,0.0
repeat_2_fold_4,AP2S1,0.0,0.0,0.0,0.0,0.0,-0.0003255621903188455,0.5
repeat_2_fold_4,AP3B1,0.06295337298261394,0.12590674596522788,0.06295337298261394,0.0,0.25,0.0005399568034557545,0.5
repeat_2_fold_4,AP3S1,0.0,0.0,0.0,0.0,0.0,-3.996674766593156e-05,1.0
repeat_2_fold_4,AP4E1,0.0,0.0,0.0,0.0,0.0,0.0,0.0
repeat_2_fold_4,AP4M1,0.0,0.0,0.0,0.0,0.0,0.0,0.0
repeat_2_fold_4,AP4S1,0.0,0.0,0.0,0.0,0.0,0.0,0.0
repeat_2_fold_4,APAF1,0.0,0.0,0.0,0.0,0.0,-0.0005755211663895643,0.5
repeat_2_fold_4,APBA1,0.0,0.0,0.0,0.0,0.0,0.0,0.0
repeat_2_fold_4,APBA2,-0.7682645248247741,1.5365290496495483,0.7682645248247741,-1.5365290496495483,0.0,0.0004144395846901461,1.0
repeat_2_fold_4,APBA3,0.0,0.0,0.0,0.0,0.0,-0.0002858594841824158,0.5
repeat_2_fold_4,APBB1,0.0,0.0,0.0,0.0,0.0,-0.00019851353068223165,0.5
repeat_2_fold_4,APBB1IP,0.0,0.0,0.0,0.0,0.0,-1.598669906635597e-05,0.5
repeat_2_fold_4,APC,0.0,0.0,0.0,0.0,0.0,0.0,0.0
repeat_2_fold_4,APCS,0.0,0.0,0.0,0.0,0.0,-9.528649472745343e-05,0.5
repeat_2_fold_4,APEH,0.0,0.0,0.0,0.0,0.0,3.970270613645743e-05,0.5
repeat_2_fold_4,APEX1,0.0,0.0,0.0,0.0,0.0,0.0,0.0
repeat_2_fold_4,APH1A,0.010503427903524098,0.05421636190251969,0.027108180951259844,-0.016604753047735746,0.25,-0.00028776058319476827,0.5
repeat_2_fold_4,APH1B,0.0,0.0,0.0,0.0,0.0,0.00010391354393146646,0.5
repeat_2_fold_4,APIP,0.0,0.0,0.0,0.0,0.0,0.0,0.0
repeat_2_fold_4,APLNR,0.0,0.0,0.0,0.0,0.0,0.0,0.0
repeat_2_fold_4,APLP2,0.0,0.0,0.0,0.0,0.0,0.0002546254023323147,1.0
repeat_2_fold_4,APOA1,0.0,0.0,0.0,0.0,0.0,0.0,0.0
repeat_2_fold_4,APOA2,0.0,0.0,0.0,0.0,0.0,-0.0003177272657033936,1.0
repeat_2_fold_4,APOA4,-0.10437930347008084,0.2479481730558642,0.1239740865279321,-0.22835338999801294,0.25,-0.00026504793393675175,1.0
repeat_2_fold_4,APOB,0.0,0.0,0.0,0.0,0.0,0.0,0.0
repeat_2_fold_4,APOBEC1,0.0,0.0,0.0,0.0,0.0,-7.1940145798699e-05,0.5
repeat_2_fold_4,APOBEC2,-0.010927896773369028,0.021855793546738056,0.010927896773369028,-0.021855793546738056,0.0,-1.5986699066383725e-05,1.0
repeat_2_fold_4,APOBEC3A,-0.7682645248247741,1.5365290496495483,0.7682645248247741,-1.5365290496495483,0.0,0.00022233515436415052,0.5
repeat_2_fold_4,APOBEC3B,0.0,0.0,0.0,0.0,0.0,0.0,0.0
repeat_2_fold_4,APOBEC3C,0.0,0.0,0.0,0.0,0.0,4.7643247363782226e-05,0.5
repeat_2_fold_4,APOBEC3G,0.0,0.0,0.0,0.0,0.0,-0.0004287892262736237,0.5
repeat_2_fold_4,APOBR,0.0,0.0,0.0,0.0,0.0,0.0,0.0
repeat_2_fold_4,APOC1,-0.010927896773369028,0.021855793546738056,0.010927896773369028,-0.021855793546738056,0.0,-0.000375687428059851,0.5
repeat_2_fold_4,APOC2,0.0,0.0,0.0,0.0,0.0,0.0,0.0
repeat_2_fold_4,APOC3,0.0,0.0,0.0,0.0,0.0,2.3821623681891113e-05,0.5
repeat_2_fold_4,APOC4,0.0,0.0,0.0,0.0,0.0,0.0,0.0
repeat_2_fold_4,APOD,0.0,0.0,0.0,0.0,0.0,0.0,0.0
repeat_2_fold_4,APOE,0.0,0.0,0.0,0.0,0.0,0.0,0.0
repeat_2_fold_4,APOF,-0.010927896773369028,0.021855793546738056,0.010927896773369028,-0.021855793546738056,0.0,3.1973398132739694e-05,0.5
repeat_2_fold_4,APOH,0.12590674596522788,0.1453845873516283,0.07269229367581415,0.05321445228941374,0.5,-0.0005240757210011049,0.5
repeat_2_fold_4,APOL1,0.0,0.0,0.0,0.0,0.0,3.970270613648519e-05,0.5
repeat_2_fold_4,APOM,0.0,0.0,0.0,0.0,0.0,0.0,0.0
repeat_2_fold_4,APOO,0.0,0.0,0.0,0.0,0.0,-1.5986699066383725e-05,0.5
repeat_2_fold_4,APOOL,0.0,0.0,0.0,0.0,0.0,0.0,0.0
repeat_2_fold_4,APP,0.0,0.0,0.0,0.0,0.0,0.0,0.0
repeat_2_fold_4,APPL1,0.0,0.0,0.0,0.0,0.0,-0.0001111675771820475,0.5
repeat_2_fold_4,APRT,-0.1171154680636608,0.2342309361273216,0.1171154680636608,-0.2342309361273216,0.0,0.00016675136577309901,0.5
repeat_2_fold_4,AQP1,0.0,0.0,0.0,0.0,0.0,0.0,0.0
repeat_2_fold_4,AQP2,0.0,0.0,0.0,0.0,0.0,0.0,0.0
repeat_2_fold_4,AQP3,0.0,0.0,0.0,0.0,0.0,0.0003042225570142887,1.0
repeat_2_fold_4,AQP4,0.0,0.0,0.0,0.0,0.0,3.197339813276745e-05,0.5
repeat_2_fold_4,AQP5,-0.021855793546738056,0.025236896575124207,0.012618448287562103,-0.03447424183430016,0.0,0.00012910818356670628,1.0
repeat_2_fold_4,AQP6,0.0,0.0,0.0,0.0,0.0,0.0,0.0
repeat_2_fold_4,AQP7,0.0,0.0,0.0,0.0,0.0,0.0,0.0
repeat_2_fold_4,AQP8,0.0,0.0,0.0,0.0,0.0,0.0,0.0
repeat_2_fold_4,AQP9,-0.2342309361273216,0.27046658805129437,0.13523329402564718,-0.3694642301529688,0.0,-0.00013498920086391086,0.5
repeat_2_fold_4,AQR,0.0,0.0,0.0,0.0,0.0,0.0,0.0
repeat_2_fold_4,AR,0.0,0.0,0.0,0.0,0.0,0.00038114597890992474,0.5
repeat_2_fold_4,ARAF,0.0,0.0,0.0,0.0,0.0,0.0,0.0
repeat_2_fold_4,ARAP1,0.0,0.0,0.0,0.0,0.0,-0.00015881082454577422,0.5
repeat_2_fold_4,ARAP2,0.0,0.0,0.0,0.0,0.0,0.00015881082454582973,0.5
repeat_2_fold_4,ARAP3,0.0,0.0,0.0,0.0,0.0,0.0,0.0
repeat_2_fold_4,ARC,0.0,0.0,0.0,0.0,0.0,0.0,0.0
repeat_2_fold_4,ARCN1,0.0,0.0,0.0,0.0,0.0,0.00015187364113058988,0.5
repeat_2_fold_4,AREG,0.0,0.0,0.0,0.0,0.0,0.0,0.0
repeat_2_fold_4,AREL1,-0.010927896773369028,0.021855793546738056,0.010927896773369028,-0.021855793546738056,0.0,0.000591507865455948,0.5
repeat_2_fold_4,ARF1,-0.07484947309618661,0.08642872688156998,0.04321436344078499,-0.11806383653697161,0.0,-0.0003970270613644633,0.5
repeat_2_fold_4,ARF3,-0.010927896773369028,0.021855793546738056,0.010927896773369028,-0.021855793546738056,0.0,-7.993349533189087e-05,0.5
repeat_2_fold_4,ARF4,0.0,0.0,0.0,0.0,0.0,-3.970270613642968e-05,0.5
repeat_2_fold_4,ARF5,-0.7682645248247741,1.5365290496495483,0.7682645248247741,-1.5365290496495483,0.0,-0.0005002540973192693,0.5
repeat_2_fold_4,ARF6,0.0,0.0,0.0,0.0,0.0,0.0,0.0
repeat_2_fold_4,ARFGAP1,0.0,0.0,0.0,0.0,0.0,0.0,0.0
repeat_2_fold_4,ARFGAP2,0.0,0.0,0.0,0.0,0.0,-0.00013498920086391086,0.5
repeat_2_fold_4,ARFGEF2,0.0,0.0,0.0,0.0,0.0,0.0,0.0
repeat_2_fold_4,ARHGAP25,-1.0399201975001944,1.7812745956952563,0.8906372978476281,-1.9305574953478226,0.0,0.0009546604296753747,1.0
repeat_2_fold_4,ARHGAP4,0.0,0.0,0.0,0.0,0.0,0.0,0.0
repeat_2_fold_4,ARHGAP44,0.0,0.0,0.0,0.0,0.0,0.0,0.0
repeat_2_fold_4,ARHGDIB,0.0,0.0,0.0,0.0,0.0,0.0,0.0
repeat_2_fold_4,ARHGEF2,0.0,0.0,0.0,0.0,0.0,0.0,0.0
repeat_2_fold_4,ARRB1,-0.8853799928884367,1.7707599857768734,0.8853799928884367,-1.7707599857768734,0.0,-0.00019057298945493462,0.5
repeat_2_fold_4,ARSF,0.0,0.0,0.0,0.0,0.0,0.0,0.0
repeat_2_fold_4,ART3,0.0,0.0,0.0,0.0,0.0,0.0,0.0
repeat_2_fold_4,ART4,-0.7682645248247741,1.5365290496495483,0.7682645248247741,-1.5365290496495483,0.0,-0.0005796595095921564,0.5
repeat_2_fold_4,ASGR1,0.0,0.0,0.0,0.0,0.0,0.0,0.0
repeat_2_fold_4,ASPSCR1,0.0,0.0,0.0,0.0,0.0,0.0,0.0
repeat_2_fold_4,ATF4,0.0,0.0,0.0,0.0,0.0,0.0,0.0
repeat_2_fold_4,ATP10D,0.0,0.0,0.0,0.0,0.0,0.0,0.0
repeat_2_fold_4,ATP1A1,0.0,0.0,0.0,0.0,0.0,0.0,0.0
repeat_2_fold_4,ATP1B3,0.0,0.0,0.0,0.0,0.0,3.970270613648519e-05,0.5
repeat_2_fold_4,ATP5F1E,0.0,0.0,0.0,0.0,0.0,-0.00041565417572578256,0.5
repeat_2_fold_4,ATP6V1A,0.021431324676893126,0.04286264935378625,0.021431324676893126,0.0,0.25,9.592019439824684e-05,0.5
repeat_2_fold_4,ATP8A1,0.0,0.0,0.0,0.0,0.0,0.000287760583194796,0.5
repeat_2_fold_4,ATP8B1,0.0,0.0,0.0,0.0,0.0,7.940541227297038e-06,0.5
repeat_2_fold_4,AXL,-0.0977390367928681,0.1954780735857362,0.0977390367928681,-0.1954780735857362,0.0,2.3980048599575587e-05,0.5
repeat_2_fold_4,B3GALT2,0.0,0.0,0.0,0.0,0.0,0.0,0.0
repeat_2_fold_4,B4GALT2,0.0,0.0,0.0,0.0,0.0,-0.00015087028331847718,0.5
repeat_2_fold_4,BCAT2,0.0,0.0,0.0,0.0,0.0,0.0,0.0
repeat_2_fold_4,BHLHE41,0.0,0.0,0.0,0.0,0.0,-0.00022381378692926113,0.5
repeat_2_fold_4,BLMH,0.0,0.0,0.0,0.0,0.0,5.595344673231528e-05,0.5
repeat_2_fold_4,BLVRA,0.0,0.0,0.0,0.0,0.0,0.0,0.0
repeat_2_fold_4,BMI1,0.0,0.0,0.0,0.0,0.0,-3.970270613642968e-05,0.5
repeat_2_fold_4,BMP4,0.0,0.0,0.0,0.0,0.0,0.0,0.0
repeat_2_fold_4,BMPR1A,0.0,0.0,0.0,0.0,0.0,-0.0002540973192732554,0.5
repeat_2_fold_4,BNIP1,0.0,0.0,0.0,0.0,0.0,0.0002461567780460139,0.5
repeat_2_fold_4,BST2,0.0,0.0,0.0,0.0,0.0,0.0,0.0
repeat_2_fold_4,C1GALT1,0.0,0.0,0.0,0.0,0.0,0.0,0.0
repeat_2_fold_4,C1S,0.0,0.0,0.0,0.0,0.0,0.0,0.0
repeat_2_fold_4,C2CD3,0.0,0.0,0.0,0.0,0.0,-7.993349533191862e-06,0.5
repeat_2_fold_4,CAB39,0.0,0.0,0.0,0.0,0.0,6.394679626550714e-05,0.5
repeat_2_fold_4,CABP2,0.0,0.0,0.0,0.0,0.0,0.0,0.0
repeat_2_fold_4,CALM3,0.0,0.0,0.0,0.0,0.0,0.00038368077759304287,0.5
repeat_2_fold_4,CALU,-0.2342309361273216,0.27046658805129437,0.13523329402564718,-0.3694642301529688,0.0,0.00040338335341488785,1.0
repeat_2_fold_4,CANX,0.0,0.0,0.0,0.0,0.0,0.00046361427292493373,0.5
repeat_2_fold_4,CAPN15,-0.07484947309618661,0.08642872688156998,0.04321436344078499,-0.11806383653697161,0.0,-0.00040496760259176035,0.5
repeat_2_fold_4,CARS1,-0.26869656772255013,0.31026407140988566,0.15513203570494283,-0.42382860342749296,0.0,-0.0005240757210011326,0.5
repeat_2_fold_4,CATSPER2,0.0,0.0,0.0,0.0,0.0,0.00033350273154619803,0.5
repeat_2_fold_4,CBX5,0.0,0.0,0.0,0.0,0.0,0.0,0.0
repeat_2_fold_4,CCDC88C,-0.1171154680636608,0.2342309361273216,0.1171154680636608,-0.2342309361273216,0.0,0.0014873103915746255,1.0
repeat_2_fold_4,CCK,0.0,0.0,0.0,0.0,0.0,0.0,0.0
repeat_2_fold_4,CCKBR,0.0,0.0,0.0,0.0,0.0,-0.0008337568288654118,1.0
repeat_2_fold_4,CCNC,-1.4735756766669326,1.7046413226655377,0.8523206613327688,-2.3258963379997013,0.0,-0.0009206610205758914,1.0
repeat_2_fold_4,CCNK,0.0,0.0,0.0,0.0,0.0,-0.00021582043739609702,0.5
repeat_2_fold_4,CCR2,0.0,0.0,0.0,0.0,0.0,-0.00044482873364593,1.0
repeat_2_fold_4,CCR3,0.0,0.0,0.0,0.0,0.0,0.00032556219031892875,0.5
repeat_2_fold_4,CCR5,-0.017232815797610712,0.034465631595221424,0.017232815797610712,-0.034465631595221424,0.0,-0.00023821623681866133,0.5
repeat_2_fold_4,CCS,0.0,0.0,0.0,0.0,0.0,0.0,0.0
repeat_2_fold_4,CCT8,0.0,0.0,0.0,0.0,0.0,0.0,0.0
repeat_2_fold_4,CD27,0.0,0.0,0.0,0.0,0.0,0.00012826325067236133,1.0
repeat_2_fold_4,CD28,0.0,0.0,0.0,0.0,0.0,0.0,0.0
repeat_2_fold_4,CD300A,-0.2256045583459425,0.2651103591952646,0.1325551795976323,-0.3581597379435748,0.0,5.384111449641127e-05,1.0
repeat_2_fold_4,CD34,0.0,0.0,0.0,0.0,0.0,0.0,0.0
repeat_2_fold_4,CD79B,0.0,0.0,0.0,0.0,0.0,-0.00011116757718201975,0.5
repeat_2_fold_4,CDC25A,0.0,0.0,0.0,0.0,0.0,0.00030174056663703763,0.5
repeat_2_fold_4,CDC42,0.0,0.0,0.0,0.0,0.0,0.0001278935925310143,0.5
repeat_2_fold_4,CDC42EP1,0.021431324676893126,0.04286264935378625,0.021431324676893126,0.0,0.25,-0.0003108956988999434,1.0
repeat_2_fold_4,CDH19,0.0,0.0,0.0,0.0,0.0,0.0,0.0
repeat_2_fold_4,CDIPT,-0.06025296952041259,0.06957413634416905,0.034787068172084525,-0.09504003769249711,0.0,5.72208460739021e-05,1.0
repeat_2_fold_4,CDK12,-0.1171154680636608,0.2342309361273216,0.1171154680636608,-0.2342309361273216,0.0,-0.0004448815419517971,1.0
repeat_2_fold_4,CDK2,0.0,0.0,0.0,0.0,0.0,-0.0003493838140007366,0.5
repeat_2_fold_4,CDK5R2,0.0,0.0,0.0,0.0,0.0,-0.00034028149004367014,1.0
repeat_2_fold_4,CDK5RAP2,0.0,0.0,0.0,0.0,0.0,-0.0003737335207416037,1.0
repeat_2_fold_4,CDKN1C,-0.03742473654809331,0.07484947309618661,0.03742473654809331,-0.07484947309618661,0.0,-0.0005081946385465386,0.5
repeat_2_fold_4,CDKN2A,0.0,0.0,0.0,0.0,0.0,-3.176216490913264e-05,0.5
repeat_2_fold_4,CDS2,0.0,0.0,0.0,0.0,0.0,0.00015986699066375398,0.5
repeat_2_fold_4,CDT1,0.0,0.0,0.0,0.0,0.0,0.0,0.0
repeat_2_fold_4,CEACAM6,0.0,0.0,0.0,0.0,0.0,-7.993349533191862e-06,0.5
repeat_2_fold_4,CENPQ,-1.5365290496495483,1.774230920865693,0.8871154604328465,-2.423644510082395,0.0,0.0001508702833185327,0.5
repeat_2_fold_4,CENPS,-0.030126484760206296,0.06025296952041259,0.030126484760206296,-0.06025296952041259,0.0,-1.5986699066383725e-05,0.5
repeat_2_fold_4,CEP43,0.0,0.0,0.0,0.0,0.0,-0.0003597007289934673,0.5
repeat_2_fold_4,CFHR2,0.0,0.0,0.0,0.0,0.0,-0.0002461567780459861,0.5
repeat_2_fold_4,CHD4,0.0,0.0,0.0,0.0,0.0,0.0,0.0
repeat_2_fold_4,CHGA,0.0,0.0,0.0,0.0,0.0,-6.394679626550714e-05,0.5
repeat_2_fold_4,CHGB,0.0,0.0,0.0,0.0,0.0,-3.1762164909160395e-05,0.5
repeat_2_fold_4,CHMP6,0.0,0.0,0.0,0.0,0.0,0.0,0.0
repeat_2_fold_4,CHRNA1,-1.5365290496495483,1.774230920865693,0.8871154604328465,-2.423644510082395,0.0,7.940541227324793e-06,0.5
repeat_2_fold_4,CHST4,0.0,0.0,0.0,0.0,0.0,0.0,0.0
repeat_2_fold_4,CKB,0.0,0.0,0.0,0.0,0.0,0.0,0.0
repeat_2_fold_4,CKMT1B,0.0,0.0,0.0,0.0,0.0,0.0,0.0
repeat_2_fold_4,CLDN15,-0.20640597035910346,0.23900421880701,0.119502109403505,-0.3259080797626085,0.0,2.2607032646226877e-05,1.0
repeat_2_fold_4,CLDN4,0.0,0.0,0.0,0.0,0.0,0.0,0.0
repeat_2_fold_4,CLNS1A,-0.021855793546738056,0.025236896575124207,0.012618448287562103,-0.03447424183430016,0.0,-0.00038241337825145605,1.0
repeat_2_fold_4,CLU,0.0,0.0,0.0,0.0,0.0,0.0,0.0
repeat_2_fold_4,CNOT1,0.0,0.0,0.0,0.0,0.0,0.0,0.0
repeat_2_fold_4,CNR1,0.0,0.0,0.0,0.0,0.0,0.0,0.0
repeat_2_fold_4,COL1A2,0.0,0.0,0.0,0.0,0.0,0.0,0.0
repeat_2_fold_4,COL21A1,0.06295337298261394,0.12590674596522788,0.06295337298261394,0.0,0.25,0.0002064540719095842,0.5
repeat_2_fold_4,COL4A3,-0.010927896773369028,0.021855793546738056,0.010927896773369028,-0.021855793546738056,0.0,0.00030348324073167787,1.0
repeat_2_fold_4,COL6A2,0.0,0.0,0.0,0.0,0.0,0.0,0.0
repeat_2_fold_4,COL8A1,0.0,0.0,0.0,0.0,0.0,0.0,0.0
repeat_2_fold_4,COL9A3,-0.03198682374240036,0.13592225116674805,0.06796112558337403,-0.09994794932577439,0.5,0.0006137452399608834,1.0
repeat_2_fold_4,COLEC12,0.0,0.0,0.0,0.0,0.0,0.0,0.0
repeat_2_fold_4,COQ2,0.0,0.0,0.0,0.0,0.0,-0.00016675136577307126,0.5
repeat_2_fold_4,COQ3,0.0,0.0,0.0,0.0,0.0,0.0,0.0
repeat_2_fold_4,COX5B,0.0,0.0,0.0,0.0,0.0,0.0,0.0
repeat_2_fold_4,CPA2,-0.03742473654809331,0.07484947309618661,0.03742473654809331,-0.07484947309618661,0.0,-0.0003017405666369821,0.5
repeat_2_fold_4,CPNE7,-0.1171154680636608,0.2342309361273216,0.1171154680636608,-0.2342309361273216,0.0,0.0005108350538415019,1.0
repeat_2_fold_4,CPSF4,0.0,0.0,0.0,0.0,0.0,-0.0001429297420912079,0.5
repeat_2_fold_4,CRBN,0.0,0.0,0.0,0.0,0.0,0.0,0.0
repeat_2_fold_4,CREB3L1,0.0,0.0,0.0,0.0,0.0,0.0,0.0
repeat_2_fold_4,CRNKL1,0.0,0.0,0.0,0.0,0.0,0.0,0.0
repeat_2_fold_4,CROT,0.0,0.0,0.0,0.0,0.0,0.0,0.0
repeat_2_fold_4,CRTAP,0.0,0.0,0.0,0.0,0.0,0.0,0.0
repeat_2_fold_4,CSF2RB,0.0852679110609369,0.10070121517681235,0.05035060758840618,0.03491730347253072,0.5,-0.0022233515436412,0.5
repeat_2_fold_4,CSNK2B,0.0,0.0,0.0,0.0,0.0,3.197339813276745e-05,0.5
repeat_2_fold_4,CSTF2T,0.0,0.0,0.0,0.0,0.0,1.588108245462183e-05,0.5
repeat_2_fold_4,CTCF,0.0,0.0,0.0,0.0,0.0,-3.165654829734299e-05,1.0
repeat_2_fold_4,CTDP1,0.0,0.0,0.0,0.0,0.0,-3.996674766593156e-05,0.5
repeat_2_fold_4,CTLA4,0.0,0.0,0.0,0.0,0.0,9.592019439824684e-05,1.0
repeat_2_fold_4,CTNND1,0.0,0.0,0.0,0.0,0.0,-0.0002799256585792609,1.0
repeat_2_fold_4,CTSE,0.0,0.0,0.0,0.0,0.0,0.0,0.0
repeat_2_fold_4,CTSH,-0.8938215307844857,1.6463815163943056,0.8231907581971528,-1.7170122889816386,0.0,-0.0011434379367297187,0.5
repeat_2_fold_4,CTSL,0.0,0.0,0.0,0.0,0.0,0.0,0.0
repeat_2_fold_4,CTSZ,-0.7682645248247741,1.5365290496495483,0.7682645248247741,-1.5365290496495483,0.0,-2.3821623681835602e-05,0.5
repeat_2_fold_4,CX3CL1,0.021431324676893126,0.04286264935378625,0.021431324676893126,0.0,0.25,-3.1973398132739694e-05,0.5
repeat_2_fold_4,CXCL13,0.0,0.0,0.0,0.0,0.0,0.0,0.0
repeat_2_fold_4,CYCS,-0.2342309361273216,0.27046658805129437,0.13523329402564718,-0.3694642301529688,0.0,0.00015881082454582973,0.5
repeat_2_fold_4,CYFIP2,0.0,0.0,0.0,0.0,0.0,3.970270613648519e-05,0.5
repeat_2_fold_4,CYP11B2,0.0,0.0,0.0,0.0,0.0,-0.00021439461313682573,0.5
repeat_2_fold_4,CYP1B1,-0.010927896773369028,0.021855793546738056,0.010927896773369028,-0.021855793546738056,0.0,-0.00023180713646248075,0.5
repeat_2_fold_4,CYP21A2,0.0,0.0,0.0,0.0,0.0,0.0,0.0
repeat_2_fold_4,CYSLTR1,0.0,0.0,0.0,0.0,0.0,0.0002717738841284123,0.5
repeat_2_fold_4,DCAF8,-0.030126484760206296,0.06025296952041259,0.030126484760206296,-0.06025296952041259,0.0,0.000143880291597398,0.5
repeat_2_fold_4,DCLRE1B,0.0,0.0,0.0,0.0,0.0,0.0,0.0
repeat_2_fold_4,DCTN2,0.0,0.0,0.0,0.0,0.0,-0.0005081946385465108,0.5
repeat_2_fold_4,DCUN1D1,0.0,0.0,0.0,0.0,0.0,0.0,0.0
repeat_2_fold_4,DDC,-0.8056892613728674,1.5132255959365584,0.7566127979682792,-1.5623020593411465,0.0,-0.0010322703595476712,0.5
repeat_2_fold_4,DELE1,0.0,0.0,0.0,0.0,0.0,0.0,0.0
repeat_2_fold_4,DENND5B,-1.6286113385433545,1.8807689320816299,0.9403844660408149,-2.568995804584169,0.0,0.00021439461313685348,0.5
repeat_2_fold_4,DGKE,-0.00023354714161527568,0.16998082393229375,0.08499041196614687,-0.08522395910776215,0.25,0.0023341829756453603,1.0
repeat_2_fold_4,DHCR24,-0.05487638743908185,0.17172558157230378,0.08586279078615189,-0.14073917822523374,0.25,9.401909538594988e-05,1.0
repeat_2_fold_4,DHRS3,0.0,0.0,0.0,0.0,0.0,-0.000143880291597398,0.5
repeat_2_fold_4,DHX15,0.0,0.0,0.0,0.0,0.0,0.0,0.0
repeat_2_fold_4,DHX16,0.0,0.0,0.0,0.0,0.0,0.0,0.0
repeat_2_fold_4,DIABLO,0.0,0.0,0.0,0.0,0.0,0.0,0.0
repeat_2_fold_4,DIAPH1,0.0,0.0,0.0,0.0,0.0,0.0,0.0
repeat_2_fold_4,DIO1,0.0,0.0,0.0,0.0,0.0,-0.00039167412712623473,0.5
repeat_2_fold_4,DLC1,0.0,0.0,0.0,0.0,0.0,-2.3821623681863358e-05,0.5
repeat_2_fold_4,DLD,0.0,0.0,0.0,0.0,0.0,0.0,0.0
repeat_2_fold_4,DMBT1,0.0,0.0,0.0,0.0,0.0,0.0,0.0
repeat_2_fold_4,DNAJB6,-0.1171154680636608,0.2342309361273216,0.1171154680636608,-0.2342309361273216,0.0,-0.00015087028331847718,0.5
repeat_2_fold_4,DNAJC2,0.0,0.0,0.0,0.0,0.0,-0.00011990024299782243,0.5
repeat_2_fold_4,DNM1L,-0.010927896773369028,0.021855793546738056,0.010927896773369028,-0.021855793546738056,0.0,-0.00020782708786290516,0.5
repeat_2_fold_4,DOK1,0.0,0.0,0.0,0.0,0.0,0.0,0.0
repeat_2_fold_4,DOK3,0.0,0.0,0.0,0.0,0.0,0.0,0.0
repeat_2_fold_4,DPEP2,0.0,0.0,0.0,0.0,0.0,-0.00016675136577307126,0.5
repeat_2_fold_4,DPF2,0.0,0.0,0.0,0.0,0.0,0.0,0.0
repeat_2_fold_4,DPPA4,0.0,0.0,0.0,0.0,0.0,-0.00018263244822763758,0.5
repeat_2_fold_4,DZIP1,0.0,0.0,0.0,0.0,0.0,0.0003437140299271113,0.5
repeat_2_fold_4,E2F1,0.0,0.0,0.0,0.0,0.0,-0.0007622919578198217,0.5
repeat_2_fold_4,ECT2,0.0,0.0,0.0,0.0,0.0,0.0,0.0
repeat_2_fold_4,EIF2AK2,0.0,0.0,0.0,0.0,0.0,0.0,0.0
repeat_2_fold_4,EIF2B1,-0.09816350566271304,0.16845101246650326,0.08422550623325163,-0.18238901189596468,0.0,0.0004875943215245093,0.5
repeat_2_fold_4,EIF2B5,-0.07630771211597498,0.21362277354889428,0.10681138677444714,-0.1831190988904221,0.25,-0.0001987247639058387,1.0
repeat_2_fold_4,EIF3B,0.0,0.0,0.0,0.0,0.0,0.0,0.0
repeat_2_fold_4,EIF3D,0.0,0.0,0.0,0.0,0.0,-5.558378859102375e-05,0.5
repeat_2_fold_4,EIF4A3,0.0,0.0,0.0,0.0,0.0,-0.0005161351797738356,0.5
repeat_2_fold_4,ELF1,0.0,0.0,0.0,0.0,0.0,-0.00046055139118281185,0.5
repeat_2_fold_4,ELOB,0.0,0.0,0.0,0.0,0.0,-7.146487104559007e-05,0.5
repeat_2_fold_4,ELOVL1,0.0,0.0,0.0,0.0,0.0,-5.595344673231528e-05,0.5
repeat_2_fold_4,ELP5,0.0,0.0,0.0,0.0,0.0,0.0,0.0
repeat_2_fold_4,EPB41L2,0.0,0.0,0.0,0.0,0.0,0.0,0.0
repeat_2_fold_4,EPN1,-0.010927896773369028,0.021855793546738056,0.010927896773369028,-0.021855793546738056,0.0,-0.0010288713326276344,1.0
repeat_2_fold_4,EPN2,0.0,0.0,0.0,0.0,0.0,0.0,0.0
repeat_2_fold_4,ERAL1,0.0,0.0,0.0,0.0,0.0,0.0,0.0
repeat_2_fold_4,ERBB2,-0.2342309361273216,0.27046658805129437,0.13523329402564718,-0.3694642301529688,0.0,-0.0001111675771820475,0.5
repeat_2_fold_4,ERCC1,0.0,0.0,0.0,0.0,0.0,0.0,0.0
repeat_2_fold_4,ERO1B,0.0,0.0,0.0,0.0,0.0,-7.993349533191862e-06,0.5
repeat_2_fold_4,F10,0.0,0.0,0.0,0.0,0.0,-0.00023027569559139205,0.5
repeat_2_fold_4,F2R,0.0,0.0,0.0,0.0,0.0,-0.0002477938355288367,0.5
repeat_2_fold_4,F3,0.0,0.0,0.0,0.0,0.0,-0.0001111675771820475,0.5
repeat_2_fold_4,FABP3,0.0,0.0,0.0,0.0,0.0,0.0,0.0
repeat_2_fold_4,FABP4,0.0,0.0,0.0,0.0,0.0,0.0,0.0
repeat_2_fold_4,FAM32A,0.0,0.0,0.0,0.0,0.0,0.0,0.0
repeat_2_fold_4,FBP1,0.0,0.0,0.0,0.0,0.0,0.0,0.0
repeat_2_fold_4,FGF12,-0.1171154680636608,0.2342309361273216,0.1171154680636608,-0.2342309361273216,0.0,-0.00015881082454580198,0.5
repeat_2_fold_4,FGF3,0.0,0.0,0.0,0.0,0.0,-0.0002078270878628774,0.5
repeat_2_fold_4,FLNB,-1.5365290496495483,1.774230920865693,0.8871154604328465,-2.423644510082395,0.0,-0.00047569315735476736,1.0
repeat_2_fold_4,FMNL1,-0.7682645248247741,1.5365290496495483,0.7682645248247741,-1.5365290496495483,0.0,1.5881082454594075e-05,0.5
repeat_2_fold_4,FRAT2,0.0,0.0,0.0,0.0,0.0,0.0,0.0
repeat_2_fold_4,FUT4,0.0,0.0,0.0,0.0,0.0,-0.00019057298945493462,0.5
repeat_2_fold_4,FXR1,0.0,0.0,0.0,0.0,0.0,0.0,0.0
repeat_2_fold_4,GABRA1,0.0,0.0,0.0,0.0,0.0,-0.00011910811840934454,0.5
repeat_2_fold_4,GAD1,0.0,0.0,0.0,0.0,0.0,0.0,0.0
repeat_2_fold_4,GALNT14,0.0,0.0,0.0,0.0,0.0,0.00021439461313685348,0.5
repeat_2_fold_4,GATA3,0.0,0.0,0.0,0.0,0.0,0.0,0.0
repeat_2_fold_4,GDI1,0.0,0.0,0.0,0.0,0.0,-0.00018384703926332957,0.5
repeat_2_fold_4,GDPD3,0.0,0.0,0.0,0.0,0.0,0.0,0.5
repeat_2_fold_4,GEMIN2,0.0,0.0,0.0,0.0,0.0,0.0,0.0
repeat_2_fold_4,GEMIN6,-0.030126484760206296,0.06025296952041259,0.030126484760206296,-0.06025296952041259,0.0,-0.0005435477682568246,0.5
repeat_2_fold_4,GGA3,0.0,0.0,0.0,0.0,0.0,0.0,0.0
repeat_2_fold_4,GGCT,-0.1171154680636608,0.2342309361273216,0.1171154680636608,-0.2342309361273216,0.0,-0.0002620378605005247,0.5
repeat_2_fold_4,GJB3,0.0,0.0,0.0,0.0,0.0,-0.00011990024299782243,0.5
repeat_2_fold_4,GJB5,0.0,0.0,0.0,0.0,0.0,-3.933304799513815e-05,1.0
repeat_2_fold_4,GJC1,0.0,0.0,0.0,0.0,0.0,0.0008552884000511685,0.5
repeat_2_fold_4,GLP2R,0.0,0.0,0.0,0.0,0.0,-7.146487104559007e-05,0.5
repeat_2_fold_4,GMPR,0.0,0.0,0.0,0.0,0.0,0.0,0.0
repeat_2_fold_4,GNA11,0.0,0.0,0.0,0.0,0.0,-4.796009719912342e-05,0.5
repeat_2_fold_4,GNG7,0.0,0.0,0.0,0.0,0.0,0.0,0.0
repeat_2_fold_4,GNRHR,-0.030126484760206296,0.06025296952041259,0.030126484760206296,-0.06025296952041259,0.0,0.0001758536897301377,0.5
repeat_2_fold_4,GP1BB,0.0,0.0,0.0,0.0,0.0,0.0,0.0
repeat_2_fold_4,GPR17,0.0,0.0,0.0,0.0,0.0,-0.0002779189429551465,0.5
repeat_2_fold_4,GPR183,-0.1171154680636608,0.2342309361273216,0.1171154680636608,-0.2342309361273216,0.0,-0.0001111675771820475,0.5
repeat_2_fold_4,GPR35,0.0,0.0,0.0,0.0,0.0,0.0,0.0
repeat_2_fold_4,GPR37L1,0.0,0.0,0.0,0.0,0.0,-0.0002620378605005247,0.5
repeat_2_fold_4,GPR4,0.0,0.0,0.0,0.0,0.0,0.0,0.0
repeat_2_fold_4,GPR65,0.0,0.0,0.0,0.0,0.0,0.0002557871850620286,0.5
repeat_2_fold_4,GREB1,0.0,0.0,0.0,0.0,0.0,0.0003176216490916317,0.5
repeat_2_fold_4,GSDME,-0.038821644843519465,0.05687088843065701,0.028435444215328506,-0.06725708905884797,0.0,-0.00019920003865889213,1.0
repeat_2_fold_4,GTF2H1,0.021431324676893126,0.04286264935378625,0.021431324676893126,0.0,0.25,0.0008918226078337421,1.0
repeat_2_fold_4,H2BC5,0.0,0.0,0.0,0.0,0.0,1.5986699066383725e-05,0.5
repeat_2_fold_4,H3C12,0.0,0.0,0.0,0.0,0.0,0.0,0.0
repeat_2_fold_4,H3C8,0.0,0.0,0.0,0.0,0.0,0.0,0.0
repeat_2_fold_4,HADH,0.0,0.0,0.0,0.0,0.0,0.0,0.0
repeat_2_fold_4,HADHA,-0.0977390367928681,0.1954780735857362,0.0977390367928681,-0.1954780735857362,0.0,0.00028776058319476827,0.5
repeat_2_fold_4,HARS1,0.0,0.0,0.0,0.0,0.0,-0.00022391940354105078,1.0
repeat_2_fold_4,HAUS3,0.0,0.0,0.0,0.0,0.0,0.0,0.0
repeat_2_fold_4,HCN4,0.0,0.0,0.0,0.0,0.0,-0.0002620378605005247,0.5
repeat_2_fold_4,HDAC2,-0.2342309361273216,0.27046658805129437,0.13523329402564718,-0.3694642301529688,0.0,-0.0008546018920744525,1.0
repeat_2_fold_4,HHAT,0.0,0.0,0.0,0.0,0.0,-0.00011990024299782243,0.5
repeat_2_fold_4,HINT1,0.0,0.0,0.0,0.0,0.0,-0.00012704865963664158,0.5
repeat_2_fold_4,HIP1R,0.0,0.0,0.0,0.0,0.0,-0.00024615677804595837,0.5
repeat_2_fold_4,HIPK1,0.0,0.0,0.0,0.0,0.0,-0.000679434710321003,0.5
repeat_2_fold_4,HMBS,0.0,0.0,0.0,0.0,0.0,0.0,0.0
repeat_2_fold_4,HMGCS1,0.0,0.0,0.0,0.0,0.0,0.0,0.0
repeat_2_fold_4,HOXA2,0.0,0.0,0.0,0.0,0.0,0.0,0.0
repeat_2_fold_4,HSD17B7,0.0,0.0,0.0,0.0,0.0,0.0,0.0
repeat_2_fold_4,HSPA6,0.0,0.0,0.0,0.0,0.0,0.0,0.0
repeat_2_fold_4,HSPH1,0.0,0.0,0.0,0.0,0.0,0.0,0.0
repeat_2_fold_4,HTT,0.0,0.0,0.0,0.0,0.0,0.0,0.0
repeat_2_fold_4,HYAL4,0.0,0.0,0.0,0.0,0.0,0.0,0.0
repeat_2_fold_4,IARS1,0.0,0.0,0.0,0.0,0.0,0.0,0.0
repeat_2_fold_4,ID1,0.0,0.0,0.0,0.0,0.0,0.0,0.0
repeat_2_fold_4,IFI44L,0.0,0.0,0.0,0.0,0.0,0.0,0.0
repeat_2_fold_4,IFNA1,0.0,0.0,0.0,0.0,0.0,0.0,0.0
repeat_2_fold_4,IFT140,0.0,0.0,0.0,0.0,0.0,0.0,0.0
repeat_2_fold_4,IGF2,0.0,0.0,0.0,0.0,0.0,0.0,0.0
repeat_2_fold_4,IGFBP4,0.0,0.0,0.0,0.0,0.0,0.0,0.0
repeat_2_fold_4,IGFBP6,0.0,0.0,0.0,0.0,0.0,0.0,0.0
repeat_2_fold_4,IGFBP7,0.0,0.0,0.0,0.0,0.0,-7.940541227269282e-06,0.5
repeat_2_fold_4,IGHG1,0.0,0.0,0.0,0.0,0.0,0.0,0.0
repeat_2_fold_4,IGLV2-14,0.0,0.0,0.0,0.0,0.0,0.000463614272924906,0.5
repeat_2_fold_4,IGLV3-19,-0.05416209508104686,0.3006284696544124,0.1503142348272062,-0.20447632990825307,0.25,-7.940541227269282e-06,0.5
repeat_2_fold_4,IL27RA,0.0,0.0,0.0,0.0,0.0,-0.00016675136577307126,0.5
repeat_2_fold_4,IMPDH1,0.0,0.0,0.0,0.0,0.0,-0.00018384703926332957,0.5
repeat_2_fold_4,IP6K1,0.0,0.0,0.0,0.0,0.0,0.0,0.0
repeat_2_fold_4,IPPK,0.0,0.0,0.0,0.0,0.0,-0.00012789359253098653,1.0
repeat_2_fold_4,IQGAP1,0.0,0.0,0.0,0.0,0.0,2.7755575615628914e-17,0.5
repeat_2_fold_4,IRF1,-0.010927896773369028,0.021855793546738056,0.010927896773369028,-0.021855793546738056,0.0,-3.996674766593156e-05,0.5
repeat_2_fold_4,IRF8,0.0,0.0,0.0,0.0,0.0,-0.0005081946385465386,0.5
repeat_2_fold_4,IRF9,0.0,0.0,0.0,0.0,0.0,0.0,0.0
repeat_2_fold_4,ITGAE,-0.1171154680636608,0.2342309361273216,0.1171154680636608,-0.2342309361273216,0.0,-0.00011910811840934454,0.5
repeat_2_fold_4,ITGB3,-0.18497464568221034,0.22002987061152474,0.11001493530576237,-0.2949895809879727,0.0,0.000231807136462453,0.5
repeat_2_fold_4,ITGB3BP,0.0,0.0,0.0,0.0,0.0,0.0,0.0
repeat_2_fold_4,ITPKA,0.0,0.0,0.0,0.0,0.0,6.352432981832079e-05,0.5
repeat_2_fold_4,ITPKC,-0.021855793546738056,0.025236896575124207,0.012618448287562103,-0.03447424183430016,0.0,0.0002145002297486709,1.0
repeat_2_fold_4,JUN,0.0,0.0,0.0,0.0,0.0,0.0005893955332200163,1.0
repeat_2_fold_4,KARS1,-0.7682645248247741,1.5365290496495483,0.7682645248247741,-1.5365290496495483,0.0,0.0001429297420912634,0.5
repeat_2_fold_4,KCNAB1,0.0,0.0,0.0,0.0,0.0,0.0,0.0
repeat_2_fold_4,KCNJ4,-0.1171154680636608,0.2342309361273216,0.1171154680636608,-0.2342309361273216,0.0,-0.0010243298183203742,0.5
repeat_2_fold_4,KCNK10,-0.05416209508104863,0.10832419016209727,0.05416209508104863,-0.10832419016209727,0.0,0.00010322703595477822,0.5
repeat_2_fold_4,KCNMB1,0.0,0.0,0.0,0.0,0.0,-0.0005449928878585308,1.0
repeat_2_fold_4,KDM3B,0.0,0.0,0.0,0.0,0.0,-0.00011190689346465832,0.5
repeat_2_fold_4,KDM5D,0.0,0.0,0.0,0.0,0.0,-0.0002699784017278495,0.5
repeat_2_fold_4,KDM6A,0.0,0.0,0.0,0.0,0.0,0.001099702504002542,1.0
repeat_2_fold_4,KIF18A,-0.0004244688698449295,0.03500063863482654,0.01750031931741327,-0.0179247881872582,0.25,1.5986699066383725e-05,0.5
repeat_2_fold_4,KIF1B,0.0,0.0,0.0,0.0,0.0,2.7755575615628914e-17,0.5
repeat_2_fold_4,KIF5A,-0.0817812914099072,0.1635625828198144,0.0817812914099072,-0.1635625828198144,0.0,9.57089611746953e-05,1.0
repeat_2_fold_4,KIR2DS4,0.0,0.0,0.0,0.0,0.0,0.0003502287468951648,1.0
repeat_2_fold_4,KLRB1,-0.0772652966463987,0.057138331595824515,0.028569165797912258,-0.10583446244431095,0.0,0.0019116444248102604,1.0
repeat_2_fold_4,KLRC2,-0.030126484760206296,0.06025296952041259,0.030126484760206296,-0.06025296952041259,0.0,6.394679626550714e-05,0.5
repeat_2_fold_4,KLRD1,-0.010927896773369028,0.021855793546738056,0.010927896773369028,-0.021855793546738056,0.0,7.993349533189087e-05,0.5
repeat_2_fold_4,KNL1,0.0,0.0,0.0,0.0,0.0,6.352432981834855e-05,0.5
repeat_2_fold_4,KPNA2,0.0,0.0,0.0,0.0,0.0,0.0,0.0
repeat_2_fold_4,KPNA3,0.0,0.0,0.0,0.0,0.0,0.0,0.0
repeat_2_fold_4,KRT19,-0.7682645248247741,1.5365290496495483,0.7682645248247741,-1.5365290496495483,0.0,-0.00011910811840931679,0.5
repeat_2_fold_4,KRT20,0.0,0.0,0.0,0.0,0.0,5.595344673231528e-05,0.5
repeat_2_fold_4,KRTAP1-3,-0.010927896773369028,0.021855793546738056,0.010927896773369028,-0.021855793546738056,0.0,0.001084296696301057,1.0
repeat_2_fold_4,KYAT1,-0.10643419687618128,0.19038859287821686,0.09519429643910843,-0.2016284933152897,0.0,0.0005489535108010313,1.0
repeat_2_fold_4,LAMA3,0.0,0.0,0.0,0.0,0.0,0.0,0.0
repeat_2_fold_4,LAMA4,0.0,0.0,0.0,0.0,0.0,0.0,0.0
repeat_2_fold_4,LAMB1,0.020987593992558118,0.030095779490937655,0.015047889745468827,0.0059397042470892905,0.5,-0.0007108272170888441,1.0
repeat_2_fold_4,LAMP2,0.0,0.0,0.0,0.0,0.0,0.0,0.0
repeat_2_fold_4,LARS2,0.0,0.0,0.0,0.0,0.0,0.0001508702833185327,0.5
repeat_2_fold_4,LDLRAP1,-1.493666400295762,1.8237244451508712,0.9118622225754356,-2.4055286228711976,0.5,-3.223743966221382e-05,1.0
repeat_2_fold_4,LILRB5,0.0,0.0,0.0,0.0,0.0,0.0,0.0
repeat_2_fold_4,LMAN2,0.0,0.0,0.0,0.0,0.0,0.00031174063179434386,0.5
repeat_2_fold_4,LPIN1,-0.7082451024459768,1.5805989242600287,0.7902994621300143,-1.4985445645759912,0.25,-0.0008021530888739914,1.0
repeat_2_fold_4,LRFN3,-0.1171154680636608,0.2342309361273216,0.1171154680636608,-0.2342309361273216,0.0,-6.352432981829303e-05,0.5
repeat_2_fold_4,LRFN4,0.0,0.0,0.0,0.0,0.0,0.0,0.0
repeat_2_fold_4,LRP4,0.0,0.0,0.0,0.0,0.0,0.0,0.0
repeat_2_fold_4,LRRC14,0.010503427903524098,0.05421636190251969,0.027108180951259844,-0.016604753047735746,0.25,0.00017194587509372639,1.0
repeat_2_fold_4,LRRC8D,0.0,0.0,0.0,0.0,0.0,-0.00015087028331847718,0.5
repeat_2_fold_4,LTB,0.0,0.0,0.0,0.0,0.0,-5.595344673231528e-05,0.5
repeat_2_fold_4,LTBP1,0.0,0.0,0.0,0.0,0.0,0.0,0.0
repeat_2_fold_4,LYPD1,-0.06025296952041259,0.06957413634416905,0.034787068172084525,-0.09504003769249711,0.0,-0.00036769407852665914,0.5
repeat_2_fold_4,LYPLA2,0.0,0.0,0.0,0.0,0.0,-0.00044762757385852225,0.5
repeat_2_fold_4,MAG,0.0,0.0,0.0,0.0,0.0,0.00036769407852665914,0.5
repeat_2_fold_4,MAGED1,0.0,0.0,0.0,0.0,0.0,0.00042037341029332875,1.0
repeat_2_fold_4,MAIP1,-0.1171154680636608,0.2342309361273216,0.1171154680636608,-0.2342309361273216,0.0,-0.0002064540719095287,0.5
repeat_2_fold_4,MAN2B2,0.0,0.0,0.0,0.0,0.0,0.00039151570220855025,1.0
repeat_2_fold_4,MANBA,0.0,0.0,0.0,0.0,0.0,0.0,0.0
repeat_2_fold_4,MAP2K7,0.01466605627688189,0.06199767991137263,0.030998839955686315,-0.016332783678804426,0.25,-0.0009581985861705222,1.0
repeat_2_fold_4,MAP3K14,0.0,0.0,0.0,0.0,0.0,0.0,0.0
repeat_2_fold_4,MAP3K5,0.0,0.0,0.0,0.0,0.0,0.0,0.0
repeat_2_fold_4,MBOAT7,0.0,0.0,0.0,0.0,0.0,0.0,0.0
repeat_2_fold_4,MC2R,0.0,0.0,0.0,0.0,0.0,0.0,0.0
repeat_2_fold_4,MCCC2,0.0,0.0,0.0,0.0,0.0,0.0,0.0
repeat_2_fold_4,MCOLN3,0.0,0.0,0.0,0.0,0.0,0.0,0.0
repeat_2_fold_4,MCPH1,0.0,0.0,0.0,0.0,0.0,-3.197339813276745e-05,0.5
repeat_2_fold_4,MCRS1,0.0,0.0,0.0,0.0,0.0,-0.00032508691556579206,1.0
repeat_2_fold_4,MED6,0.021431324676893126,0.04286264935378625,0.021431324676893126,0.0,0.25,-0.00032772733086069983,0.5
repeat_2_fold_4,MEFV,-0.07118086629377984,0.08410749932565827,0.04205374966282913,-0.11323461595660897,0.0,0.0005995012149891399,0.5
repeat_2_fold_4,METAP2,0.0,0.0,0.0,0.0,0.0,0.0,0.0
repeat_2_fold_4,METTL3,0.0,0.0,0.0,0.0,0.0,-0.0006673751212336043,1.0
repeat_2_fold_4,MFN2,-0.03742473654809331,0.07484947309618661,0.03742473654809331,-0.07484947309618661,0.0,-0.00013498920086391086,0.5
repeat_2_fold_4,MICU2,0.0,0.0,0.0,0.0,0.0,0.0,0.0
repeat_2_fold_4,MIS18A,0.0,0.0,0.0,0.0,0.0,2.7755575615628914e-17,0.5
repeat_2_fold_4,MLNR,0.0,0.0,0.0,0.0,0.0,0.0,0.0
repeat_2_fold_4,MOB1A,0.0,0.0,0.0,0.0,0.0,0.0,0.0
repeat_2_fold_4,MPC1,0.0,0.0,0.0,0.0,0.0,0.00018384703926335733,0.5
repeat_2_fold_4,MPHOSPH8,-0.021855793546738056,0.025236896575124207,0.012618448287562103,-0.03447424183430016,0.0,0.00022296885403494393,1.0
repeat_2_fold_4,MPI,-0.0977390367928681,0.1954780735857362,0.0977390367928681,-0.1954780735857362,0.0,0.0001678603401969736,0.5
repeat_2_fold_4,MRPL15,-0.7682645248247741,1.5365290496495483,0.7682645248247741,-1.5365290496495483,0.0,-0.0005637784271375623,0.5
repeat_2_fold_4,MSL3,0.0,0.0,0.0,0.0,0.0,-0.00013498920086391086,0.5
repeat_2_fold_4,MSR1,0.0,0.0,0.0,0.0,0.0,0.0,0.0
repeat_2_fold_4,MSRA,0.021431324676893126,0.04286264935378625,0.021431324676893126,0.0,0.25,-5.458043077896657e-05,1.0
repeat_2_fold_4,MT1F,0.0,0.0,0.0,0.0,0.0,0.0,0.0
repeat_2_fold_4,MT2A,0.0,0.0,0.0,0.0,0.0,0.00030374728226117975,0.5
repeat_2_fold_4,MTARC1,0.0,0.0,0.0,0.0,0.0,-0.00035832771304006306,1.0
repeat_2_fold_4,MTMR12,-0.7682645248247741,1.5365290496495483,0.7682645248247741,-1.5365290496495483,0.0,-5.5583788590996e-05,0.5
repeat_2_fold_4,MUC5AC,-0.2342309361273216,0.27046658805129437,0.13523329402564718,-0.3694642301529688,0.0,7.940541227297038e-06,0.5
repeat_2_fold_4,MYBBP1A,0.0,0.0,0.0,0.0,0.0,0.0,0.0
repeat_2_fold_4,MYC,-0.7677947387482398,1.4269374964389563,0.7134687482194781,-1.481263486967718,0.25,0.0005032113624496015,1.0
repeat_2_fold_4,MYF5,0.0,0.0,0.0,0.0,0.0,0.00022381378692928888,0.5
repeat_2_fold_4,MYH11,-0.06580428421245088,0.19303612346601867,0.09651806173300934,-0.16232234594546022,0.25,-0.0005755211663895643,0.5
repeat_2_fold_4,MYLIP,-0.06025296952041259,0.06957413634416905,0.034787068172084525,-0.09504003769249711,0.0,-7.993349533191862e-06,0.5
repeat_2_fold_4,MYOG,0.0,0.0,0.0,0.0,0.0,0.00023027569559144756,0.5
repeat_2_fold_4,MZT2A,0.0,0.0,0.0,0.0,0.0,0.0,0.0
repeat_2_fold_4,NADSYN1,0.0,0.0,0.0,0.0,0.0,0.0,0.0
repeat_2_fold_4,NAT1,0.0,0.0,0.0,0.0,0.0,-7.1940145798699e-05,0.5
repeat_2_fold_4,NCAPD3,0.0,0.0,0.0,0.0,0.0,2.482498149397605e-05,1.0
repeat_2_fold_4,NCOR1,0.0,0.0,0.0,0.0,0.0,0.0,0.0
repeat_2_fold_4,NDN,0.0,0.0,0.0,0.0,0.0,0.0,0.0
repeat_2_fold_4,NDRG1,0.0,0.0,0.0,0.0,0.0,0.0,0.0
repeat_2_fold_4,NDUFAF4,0.0,0.0,0.0,0.0,0.0,0.0,0.0
repeat_2_fold_4,NDUFB1,0.0,0.0,0.0,0.0,0.0,-0.00015187364113053436,1.0
repeat_2_fold_4,NEDD8,-0.13434828386127506,0.26869656772255013,0.13434828386127506,-0.26869656772255013,0.0,-0.0003493838140007366,0.5
repeat_2_fold_4,NELL2,-0.1171154680636608,0.2342309361273216,0.1171154680636608,-0.2342309361273216,0.0,-0.0008337568288654118,0.5
repeat_2_fold_4,NET1,0.021431324676893126,0.04286264935378625,0.021431324676893126,0.0,0.25,-0.0006474613121882633,0.5
repeat_2_fold_4,NFE2L2,0.0,0.0,0.0,0.0,0.0,5.5266938755654804e-05,1.0
repeat_2_fold_4,NFRKB,-0.05487638743908185,0.17172558157230378,0.08586279078615189,-0.14073917822523374,0.25,0.001623230846602125,1.0
repeat_2_fold_4,NIT2,0.0,0.0,0.0,0.0,0.0,0.00027976723366160416,0.5
repeat_2_fold_4,NLGN4Y,0.0,0.0,0.0,0.0,0.0,0.0001508702833185327,0.5
repeat_2_fold_4,NLRP3,-0.2624604310002372,0.269987177132782,0.134993588566391,-0.3974540195666282,0.0,0.0014036610194872734,1.0
repeat_2_fold_4,NMUR1,0.0,0.0,0.0,0.0,0.0,-0.00032556219031887323,0.5
repeat_2_fold_4,NOP2,-0.07998495070335387,0.21238222793996883,0.10619111396998442,-0.1861760646733383,0.25,-0.0009926732700230312,1.0
repeat_2_fold_4,NOTCH1,-0.8853799928884349,1.4750764590573602,0.7375382295286801,-1.622918222417115,0.0,-0.00033350273154617027,0.5
repeat_2_fold_4,NOTCH3,0.0,0.0,0.0,0.0,0.0,-0.00018231559839226863,1.0
repeat_2_fold_4,NPBWR2,0.0,0.0,0.0,0.0,0.0,-0.00048437301486464746,0.5
repeat_2_fold_4,NPLOC4,0.0,0.0,0.0,0.0,0.0,0.0,0.0
repeat_2_fold_4,NR1H3,0.0,0.0,0.0,0.0,0.0,0.0,0.0
repeat_2_fold_4,NR2E3,0.0,0.0,0.0,0.0,0.0,0.00032624869829556147,1.0
repeat_2_fold_4,NR4A1,0.0,0.0,0.0,0.0,0.0,-0.00034371402992708355,0.5
repeat_2_fold_4,NR4A3,0.0,0.0,0.0,0.0,0.0,0.0,0.0
repeat_2_fold_4,NRBP1,0.0,0.0,0.0,0.0,0.0,0.0,0.0
repeat_2_fold_4,NRCAM,0.0,0.0,0.0,0.0,0.0,0.00010322703595477822,0.5
repeat_2_fold_4,NRXN1,0.0,0.0,0.0,0.0,0.0,-0.0002858594841824158,0.5
repeat_2_fold_4,NTF3,0.0,0.0,0.0,0.0,0.0,0.00023180713646248075,0.5
repeat_2_fold_4,NTHL1,0.021431324676893126,0.04286264935378625,0.021431324676893126,0.0,0.25,0.0002957539327279879,0.5
repeat_2_fold_4,NUDC,0.0,0.0,0.0,0.0,0.0,0.0,0.0
repeat_2_fold_4,NUMB,0.0,0.0,0.0,0.0,0.0,0.0,0.0
repeat_2_fold_4,NUP188,0.0,0.0,0.0,0.0,0.0,0.0,0.0
repeat_2_fold_4,OAT,-0.030126484760206296,0.06025296952041259,0.030126484760206296,-0.06025296952041259,0.0,0.0001278935925310143,0.5
repeat_2_fold_4,OGFOD1,-0.021855793546738056,0.025236896575124207,0.012618448287562103,-0.03447424183430016,0.0,0.0002477938355288367,0.5
repeat_2_fold_4,OGT,0.0,0.0,0.0,0.0,0.0,0.000287760583194796,0.5
repeat_2_fold_4,OPN1MW,0.0,0.0,0.0,0.0,0.0,0.0002062428386859494,1.0
repeat_2_fold_4,OPN3,0.0,0.0,0.0,0.0,0.0,0.0,0.0
repeat_2_fold_4,OPTN,0.0,0.0,0.0,0.0,0.0,0.0001661176661023056,1.0
repeat_2_fold_4,OR2H1,0.0,0.0,0.0,0.0,0.0,0.0,0.0
repeat_2_fold_4,OR2S2,0.0,0.0,0.0,0.0,0.0,-0.0002858594841824158,0.5
repeat_2_fold_4,OR5V1,0.0,0.0,0.0,0.0,0.0,0.0,0.0
repeat_2_fold_4,OR7C2,0.0,0.0,0.0,0.0,0.0,-0.0007464108753652277,0.5
repeat_2_fold_4,OR7E24,-0.06025296952041259,0.06957413634416905,0.034787068172084525,-0.09504003769249711,0.0,-8.792684486508273e-05,0.5
repeat_2_fold_4,ORMDL2,0.0,0.0,0.0,0.0,0.0,0.0,0.0
repeat_2_fold_4,OSBPL10,-0.1954780735857362,0.22571863681078858,0.11285931840539429,-0.3083373919911305,0.0,-0.00011990024299782243,0.5
repeat_2_fold_4,OSGEPL1,0.0,0.0,0.0,0.0,0.0,0.0001508702833185327,0.5
repeat_2_fold_4,OTUB2,0.0,0.0,0.0,0.0,0.0,9.6025811010092e-05,1.0
repeat_2_fold_4,PA2G4,0.0,0.0,0.0,0.0,0.0,8.73459535002119e-05,0.5
repeat_2_fold_4,PABPC1,-0.0004244688698449295,0.03500063863482654,0.01750031931741327,-0.0179247881872582,0.25,-0.0004076608261925907,0.5
repeat_2_fold_4,PADI2,0.0,0.0,0.0,0.0,0.0,-0.0004129081438190574,0.5
repeat_2_fold_4,PAF1,-0.1171154680636608,0.2342309361273216,0.1171154680636608,-0.2342309361273216,0.0,-0.00015881082454577422,0.5
repeat_2_fold_4,PANK2,0.0,0.0,0.0,0.0,0.0,-1.5986699066383725e-05,0.5
repeat_2_fold_4,PBRM1,-0.030126484760206296,0.06025296952041259,0.030126484760206296,-0.06025296952041259,0.0,-2.3980048599575587e-05,0.5
repeat_2_fold_4,PDE4A,0.0,0.0,0.0,0.0,0.0,0.0,0.0
repeat_2_fold_4,PDGFB,0.0,0.0,0.0,0.0,0.0,-0.0002638861512069546,1.0
repeat_2_fold_4,PDK3,-0.010927896773369028,0.021855793546738056,0.010927896773369028,-0.021855793546738056,0.0,1.598669906635597e-05,0.5
repeat_2_fold_4,PELO,-0.1954780735857362,0.22571863681078858,0.11285931840539429,-0.3083373919911305,0.0,0.000200837096141826,1.0
repeat_2_fold_4,PER2,0.0,0.0,0.0,0.0,0.0,6.399960457142972e-05,1.0
repeat_2_fold_4,PEX26,0.0,0.0,0.0,0.0,0.0,-0.0005876000508194257,0.5
repeat_2_fold_4,PFKL,0.0,0.0,0.0,0.0,0.0,0.0,0.0
repeat_2_fold_4,PGM3,0.0,0.0,0.0,0.0,0.0,0.0,0.0
repeat_2_fold_4,PHF20L1,0.0,0.0,0.0,0.0,0.0,3.176216490918815e-05,0.5
repeat_2_fold_4,PIGZ,0.0,0.0,0.0,0.0,0.0,0.0,0.0
repeat_2_fold_4,PIK3CD,0.04286264935378625,0.049493524285178066,0.024746762142589033,0.01811588721119722,0.5,-0.00018384703926332957,0.5
repeat_2_fold_4,PIK3R1,-0.6644464777785739,1.2498473041002316,0.6249236520501158,-1.2893701298286897,0.0,-3.869934832434474e-05,1.0
repeat_2_fold_4,PIP,0.0,0.0,0.0,0.0,0.0,0.0,0.0
repeat_2_fold_4,PIP5K1B,0.0,0.0,0.0,0.0,0.0,-6.352432981829303e-05,0.5
repeat_2_fold_4,PIR,-0.06025296952041259,0.06957413634416905,0.034787068172084525,-0.09504003769249711,0.0,-0.00027892230076717595,1.0
repeat_2_fold_4,PITRM1,0.0,0.0,0.0,0.0,0.0,-3.970270613642968e-05,0.5
repeat_2_fold_4,PLA2G10,-0.030126484760206296,0.06025296952041259,0.030126484760206296,-0.06025296952041259,0.0,0.0005275610691904409,0.5
repeat_2_fold_4,PLA2G15,0.0,0.0,0.0,0.0,0.0,0.0,0.0
repeat_2_fold_4,PLA2G4C,0.0,0.0,0.0,0.0,0.0,-0.00032556219031887323,0.5
repeat_2_fold_4,PLA2G6,0.0,0.0,0.0,0.0,0.0,0.0,0.0
repeat_2_fold_4,PLAT,-0.010927896773369028,0.021855793546738056,0.010927896773369028,-0.021855793546738056,0.0,-0.0003277273308607276,0.5
repeat_2_fold_4,PLCG1,0.0,0.0,0.0,0.0,0.0,0.0,0.0
repeat_2_fold_4,PLEC,0.0,0.0,0.0,0.0,0.0,0.0,0.0
repeat_2_fold_4,PLEK,-0.1171154680636608,0.2342309361273216,0.1171154680636608,-0.2342309361273216,0.0,8.919424420666955e-05,1.0
repeat_2_fold_4,PLOD2,0.0,0.0,0.0,0.0,0.0,0.0,0.0
repeat_2_fold_4,PLPP3,0.0,0.0,0.0,0.0,0.0,-0.0001746919070003683,0.5
repeat_2_fold_4,PNMT,0.0,0.0,0.0,0.0,0.0,-3.996674766593156e-05,0.5
repeat_2_fold_4,PNPLA3,-0.010927896773369028,0.021855793546738056,0.010927896773369028,-0.021855793546738056,0.0,8.792684486508273e-05,0.5
repeat_2_fold_4,PNPLA4,0.05247959520657908,0.10495919041315815,0.05247959520657908,0.0,0.25,-0.0008073283028520173,0.5
repeat_2_fold_4,POLDIP3,0.0,0.0,0.0,0.0,0.0,0.0,0.0
repeat_2_fold_4,POLR1D,0.0,0.0,0.0,0.0,0.0,-8.056719500262877e-05,1.0
repeat_2_fold_4,POLR2L,0.0,0.0,0.0,0.0,0.0,7.940541227324793e-06,0.5
repeat_2_fold_4,POP7,0.0,0.0,0.0,0.0,0.0,0.0,0.0
repeat_2_fold_4,PPARGC1A,0.0,0.0,0.0,0.0,0.0,0.00011990024299782243,0.5
repeat_2_fold_4,PPEF1,0.0,0.0,0.0,0.0,0.0,0.0,0.0
repeat_2_fold_4,PPFIBP2,0.021431324676893126,0.04286264935378625,0.021431324676893126,0.0,0.25,0.0009112418467834837,0.5
repeat_2_fold_4,PPP2R5A,0.0,0.0,0.0,0.0,0.0,0.0,0.0
repeat_2_fold_4,PRDM8,0.0,0.0,0.0,0.0,0.0,0.00019184038879652143,0.5
repeat_2_fold_4,PRDX1,0.06565377644481529,0.21495872369579735,0.10747936184789868,-0.041825585403083385,0.5,-0.0004781223394261236,1.0
repeat_2_fold_4,PREX2,0.0,0.0,0.0,0.0,0.0,0.0,0.0
repeat_2_fold_4,PRIM2,-0.03742473654809331,0.07484947309618661,0.03742473654809331,-0.07484947309618661,0.0,-0.000539956803455699,0.5
repeat_2_fold_4,PRKAR1B,0.0,0.0,0.0,0.0,0.0,0.0,0.0
repeat_2_fold_4,PRKCZ,0.0,0.0,0.0,0.0,0.0,7.940541227297038e-06,0.5
repeat_2_fold_4,PRKX,0.0,0.0,0.0,0.0,0.0,-0.00015881082454577422,0.5
repeat_2_fold_4,PRODH2,0.0,0.0,0.0,0.0,0.0,0.0,0.0
repeat_2_fold_4,PRPF19,0.0,0.0,0.0,0.0,0.0,0.0,0.0
repeat_2_fold_4,PRPF40A,0.0,0.0,0.0,0.0,0.0,0.0,0.0
repeat_2_fold_4,PRSS2,0.0,0.0,0.0,0.0,0.0,-3.986113105414191e-05,1.0
repeat_2_fold_4,PSAT1,0.0,0.0,0.0,0.0,0.0,-7.209857071635573e-05,1.0
repeat_2_fold_4,PSG3,-1.5365290496495483,1.774230920865693,0.8871154604328465,-2.423644510082395,0.0,8.861335284177096e-05,1.0
repeat_2_fold_4,PSG6,0.0,0.0,0.0,0.0,0.0,0.00043142964156861474,1.0
repeat_2_fold_4,PSMB9,0.0,0.0,0.0,0.0,0.0,0.0,0.0
repeat_2_fold_4,PSMD10,-0.021855793546738056,0.025236896575124207,0.012618448287562103,-0.03447424183430016,0.0,-0.00027082333462219443,1.0
repeat_2_fold_4,PSMD5,0.0,0.0,0.0,0.0,0.0,-0.0007146487104560673,0.5
repeat_2_fold_4,PTAFR,0.0,0.0,0.0,0.0,0.0,0.0,0.0
repeat_2_fold_4,PTGDR,0.0,0.0,0.0,0.0,0.0,3.970270613648519e-05,0.5
repeat_2_fold_4,PTGER1,-0.1171154680636608,0.2342309361273216,0.1171154680636608,-0.2342309361273216,0.0,0.0009659278941742677,1.0
repeat_2_fold_4,PTGER4,0.0,0.0,0.0,0.0,0.0,7.940541227297038e-06,0.5
repeat_2_fold_4,PTGES,0.0,0.0,0.0,0.0,0.0,7.993349533191862e-06,0.5
repeat_2_fold_4,PTGES2,0.0,0.0,0.0,0.0,0.0,0.0,0.0
repeat_2_fold_4,PTGIS,0.0,0.0,0.0,0.0,0.0,-1.5881082454538564e-05,0.5
repeat_2_fold_4,PTPRK,0.0,0.0,0.0,0.0,0.0,0.0,0.0
repeat_2_fold_4,PTPRO,0.0,0.0,0.0,0.0,0.0,0.0,0.0
repeat_2_fold_4,PYCR1,0.0,0.0,0.0,0.0,0.0,0.0,0.0
repeat_2_fold_4,PYGL,-0.16891990308664795,0.24112591930848992,0.12056295965424496,-0.2894828627408929,0.0,-0.0004380499751483746,1.0
repeat_2_fold_4,RAB1A,-0.7682645248247741,1.5365290496495483,0.7682645248247741,-1.5365290496495483,0.0,-0.0005556794609925808,1.0
repeat_2_fold_4,RAB25,0.0,0.0,0.0,0.0,0.0,0.0,0.0
repeat_2_fold_4,RAB27A,0.0,0.0,0.0,0.0,0.0,0.0,0.0
repeat_2_fold_4,RAB31,0.0,0.0,0.0,0.0,0.0,-0.0003357206803938917,0.5
repeat_2_fold_4,RAB38,0.0,0.0,0.0,0.0,0.0,-0.00015187364113056212,0.5
repeat_2_fold_4,RAB3B,0.0,0.0,0.0,0.0,0.0,0.00012704865963666934,0.5
repeat_2_fold_4,RAD51,-0.7682645248247741,1.5365290496495483,0.7682645248247741,-1.5365290496495483,0.0,-0.000770232499047091,0.5
repeat_2_fold_4,RAG1,0.0,0.0,0.0,0.0,0.0,0.0,0.0
repeat_2_fold_4,RASA2,-0.0977390367928681,0.1954780735857362,0.0977390367928681,-0.1954780735857362,0.0,0.00044762757385855,0.5
repeat_2_fold_4,RBM7,0.0,0.0,0.0,0.0,0.0,-0.0002078270878628774,0.5
repeat_2_fold_4,RCE1,-0.26887460237907845,0.32973637844412035,0.16486818922206017,-0.4337427916011386,0.0,-0.0013340109261847088,0.5
repeat_2_fold_4,RECK,-0.010927896773369028,0.021855793546738056,0.010927896773369028,-0.021855793546738056,0.0,0.00021582043739609702,0.5
repeat_2_fold_4,REPS2,-0.041054381533575324,0.05683465849263734,0.02841732924631867,-0.06947171077989399,0.0,0.0005469467951768892,1.0
repeat_2_fold_4,RETN,0.0,0.0,0.0,0.0,0.0,0.0,0.0
repeat_2_fold_4,REXO2,0.0,0.0,0.0,0.0,0.0,0.0,0.5
repeat_2_fold_4,RGS11,-0.09568414338676767,0.2517826651513762,0.1258913325756881,-0.22157547596245578,0.25,0.0009006608902613067,1.0
repeat_2_fold_4,RGS2,-0.7682645248247741,1.5365290496495483,0.7682645248247741,-1.5365290496495483,0.0,8.73459535002119e-05,0.5
repeat_2_fold_4,RHOH,-0.2342309361273216,0.27046658805129437,0.13523329402564718,-0.3694642301529688,0.0,2.7755575615628914e-17,0.5
repeat_2_fold_4,RIDA,-0.7682645248247741,1.5365290496495483,0.7682645248247741,-1.5365290496495483,0.0,0.0004062350019334027,1.0
repeat_2_fold_4,RIGI,0.0,0.0,0.0,0.0,0.0,0.0,0.0
repeat_2_fold_4,RIPOR2,-1.0197282767497118,1.7001737222340763,0.8500868611170381,-1.86981513786675,0.0,-0.0008655189937745722,0.5
repeat_2_fold_4,RMND5A,0.0,0.0,0.0,0.0,0.0,0.0,0.0
repeat_2_fold_4,RNASE6,0.0,0.0,0.0,0.0,0.0,0.00024636801126962093,1.0
repeat_2_fold_4,RNF40,0.0,0.0,0.0,0.0,0.0,0.0,0.0
repeat_2_fold_4,RNMT,0.0,0.0,0.0,0.0,0.0,0.0,0.0
repeat_2_fold_4,RNPS1,0.0,0.0,0.0,0.0,0.0,-0.0001428241254793905,1.0
repeat_2_fold_4,RORC,0.0,0.0,0.0,0.0,0.0,0.0,0.0
repeat_2_fold_4,RPE,0.0,0.0,0.0,0.0,0.0,-0.00032772733086069983,0.5
repeat_2_fold_4,RPL10,0.0,0.0,0.0,0.0,0.0,0.0,0.0
repeat_2_fold_4,RPL24,-0.05416209508104863,0.10832419016209727,0.05416209508104863,-0.10832419016209727,0.0,-0.00010322703595475047,0.5
repeat_2_fold_4,RPL27,0.0,0.0,0.0,0.0,0.0,0.0,0.0
repeat_2_fold_4,RPL36,-0.8892129465285379,1.4781474227404745,0.7390737113702373,-1.6282866578987751,0.0,-0.0005081946385465386,0.5
repeat_2_fold_4,RPRD2,0.0,0.0,0.0,0.0,0.0,7.993349533191862e-06,0.5
repeat_2_fold_4,RPS24,-0.1171154680636608,0.2342309361273216,0.1171154680636608,-0.2342309361273216,0.0,-0.00015087028331847718,0.5
repeat_2_fold_4,RPS3,0.0,0.0,0.0,0.0,0.0,0.0,0.0
repeat_2_fold_4,RPS3A,0.0,0.0,0.0,0.0,0.0,-0.000222335154364095,0.5
repeat_2_fold_4,RSAD2,0.0,0.0,0.0,0.0,0.0,0.0,0.0
repeat_2_fold_4,RTCB,0.0,0.0,0.0,0.0,0.0,1.588108245462183e-05,0.5
repeat_2_fold_4,RXYLT1,0.0,0.0,0.0,0.0,0.0,-8.734595350018415e-05,0.5
repeat_2_fold_4,S100P,0.0,0.0,0.0,0.0,0.0,0.00017469190700039605,0.5
repeat_2_fold_4,SCN11A,0.12590674596522788,0.1453845873516283,0.07269229367581415,0.05321445228941374,0.5,-0.00015870520793398457,1.0
repeat_2_fold_4,SCN3A,0.0,0.0,0.0,0.0,0.0,0.0,0.0
repeat_2_fold_4,SDK2,0.0,0.0,0.0,0.0,0.0,0.0,0.0
repeat_2_fold_4,SEC31B,0.0,0.0,0.0,0.0,0.0,0.0,0.0
repeat_2_fold_4,SELPLG,0.0,0.0,0.0,0.0,0.0,0.0,0.0
repeat_2_fold_4,SEMA6D,0.0,0.0,0.0,0.0,0.0,1.5986699066383725e-05,0.5
repeat_2_fold_4,SEPTIN2,0.04702527772714227,0.1249030595034385,0.06245152975171925,-0.01542625202457698,0.25,0.0002631468349244548,1.0
repeat_2_fold_4,SERPINA4,0.0,0.0,0.0,0.0,0.0,3.996674766595931e-05,0.5
repeat_2_fold_4,SERPINA6,0.0,0.0,0.0,0.0,0.0,-0.00023980048599564485,0.5
repeat_2_fold_4,SERPINC1,0.0,0.0,0.0,0.0,0.0,0.0,0.0
repeat_2_fold_4,SFTPB,0.049258014417198126,0.0578290973232163,0.02891454866160815,0.020343465755589978,0.5,0.000751374856119702,0.5
repeat_2_fold_4,SH2B2,0.0,0.0,0.0,0.0,0.0,0.0,0.0
repeat_2_fold_4,SIRPA,-0.2256045583459425,0.2651103591952646,0.1325551795976323,-0.3581597379435748,0.0,0.0003277273308607276,0.5
repeat_2_fold_4,SKA1,-0.2342309361273216,0.27046658805129437,0.13523329402564718,-0.3694642301529688,0.0,0.00040496760259181586,0.5
repeat_2_fold_4,SLC10A2,-0.0977390367928681,0.1954780735857362,0.0977390367928681,-0.1954780735857362,0.0,-0.00019184038879652143,0.5
repeat_2_fold_4,SLC12A2,0.0,0.0,0.0,0.0,0.0,0.0,0.0
repeat_2_fold_4,SLC15A3,0.0,0.0,0.0,0.0,0.0,0.0,0.0
repeat_2_fold_4,SLC16A3,0.0,0.0,0.0,0.0,0.0,-1.584249176844743e-07,1.0
repeat_2_fold_4,SLC24A2,0.0,0.0,0.0,0.0,0.0,0.0,0.0
repeat_2_fold_4,SLC25A1,0.0,0.0,0.0,0.0,0.0,0.0,0.0
repeat_2_fold_4,SLC25A16,0.0,0.0,0.0,0.0,0.0,0.0,0.0
repeat_2_fold_4,SLC25A21,0.021431324676893126,0.04286264935378625,0.021431324676893126,0.0,0.25,0.00011190689346465832,0.5
repeat_2_fold_4,SLC25A22,0.0,0.0,0.0,0.0,0.0,0.0,0.0
repeat_2_fold_4,SLC2A1,-0.7682645248247741,1.5365290496495483,0.7682645248247741,-1.5365290496495483,0.0,7.940541227324793e-06,0.5
repeat_2_fold_4,SLC33A1,-1.5365290496495483,1.774230920865693,0.8871154604328465,-2.423644510082395,0.0,9.528649472748119e-05,0.5
repeat_2_fold_4,SLC38A1,0.0,0.0,0.0,0.0,0.0,0.0,0.0
repeat_2_fold_4,SLC39A6,0.0,0.0,0.0,0.0,0.0,0.0,0.0
repeat_2_fold_4,SLC47A1,0.0,0.0,0.0,0.0,0.0,0.0,0.0
repeat_2_fold_4,SLC52A2,-0.0821087630671471,0.09481103291928916,0.04740551645964458,-0.12951427952679168,0.0,-0.00048759432152448157,0.5
repeat_2_fold_4,SLC5A7,0.0,0.0,0.0,0.0,0.0,0.0,0.0
repeat_2_fold_4,SLC6A12,0.0,0.0,0.0,0.0,0.0,0.0,0.0
repeat_2_fold_4,SLC7A5,0.0,0.0,0.0,0.0,0.0,-3.1234081850156636e-05,1.0
repeat_2_fold_4,SLC9A1,0.0,0.0,0.0,0.0,0.0,-0.00022381378692926113,0.5
repeat_2_fold_4,SLC9A5,0.0,0.0,0.0,0.0,0.0,0.0,0.0
repeat_2_fold_4,SMG1,0.0,0.0,0.0,0.0,0.0,0.0,0.0
repeat_2_fold_4,SMPD4,0.0,0.0,0.0,0.0,0.0,0.0,0.0
repeat_2_fold_4,SNRPG,0.0,0.0,0.0,0.0,0.0,0.0,0.0
repeat_2_fold_4,SOCS5,0.0,0.0,0.0,0.0,0.0,-0.0002858594841824158,0.5
repeat_2_fold_4,SOX1,-0.06025296952041259,0.06957413634416905,0.034787068172084525,-0.09504003769249711,0.0,5.595344673231528e-05,0.5
repeat_2_fold_4,SPATA2,0.0,0.0,0.0,0.0,0.0,6.352432981834855e-05,0.5
repeat_2_fold_4,SPDL1,0.0,0.0,0.0,0.0,0.0,7.940541227324793e-06,0.5
repeat_2_fold_4,SPPL2B,-0.010927896773369028,0.021855793546738056,0.010927896773369028,-0.021855793546738056,0.0,0.00022381378692926113,0.5
repeat_2_fold_4,SPTB,0.0,0.0,0.0,0.0,0.0,0.0,0.0
repeat_2_fold_4,SPTSSA,0.0,0.0,0.0,0.0,0.0,7.993349533191862e-06,0.5
repeat_2_fold_4,SRSF7,0.0,0.0,0.0,0.0,0.0,0.0,0.0
repeat_2_fold_4,SSR1,0.0,0.0,0.0,0.0,0.0,-0.0003597007289934673,0.5
repeat_2_fold_4,ST8SIA2,0.0,0.0,0.0,0.0,0.0,0.0,0.0
repeat_2_fold_4,STARD13,0.0,0.0,0.0,0.0,0.0,0.0,0.0
repeat_2_fold_4,STK3,0.0,0.0,0.0,0.0,0.0,0.0,0.0
repeat_2_fold_4,STK4,0.0,0.0,0.0,0.0,0.0,0.0,0.0
repeat_2_fold_4,SUGP1,0.0,0.0,0.0,0.0,0.0,0.0,0.0
repeat_2_fold_4,SUMO1,0.0,0.0,0.0,0.0,0.0,7.940541227297038e-06,0.5
repeat_2_fold_4,SUN2,0.0,0.0,0.0,0.0,0.0,-0.00036769407852665914,0.5
repeat_2_fold_4,SWAP70,-0.030126484760206296,0.06025296952041259,0.030126484760206296,-0.06025296952041259,0.0,5.595344673231528e-05,0.5
repeat_2_fold_4,SYNE1,0.0,0.0,0.0,0.0,0.0,-0.0012069622665480673,0.5
repeat_2_fold_4,SYNJ1,-0.030126484760206296,0.06025296952041259,0.030126484760206296,-0.06025296952041259,0.0,0.00028744373335945483,1.0
repeat_2_fold_4,SYTL2,0.0,0.0,0.0,0.0,0.0,-7.940541227288711e-05,0.5
repeat_2_fold_4,TAC3,0.0,0.0,0.0,0.0,0.0,0.0,0.0
repeat_2_fold_4,TACO1,0.0,0.0,0.0,0.0,0.0,0.0,0.0
repeat_2_fold_4,TAF2,-0.1171154680636608,0.2342309361273216,0.1171154680636608,-0.2342309361273216,0.0,-2.3821623681835602e-05,0.5
repeat_2_fold_4,TAF4,0.0,0.0,0.0,0.0,0.0,-8.76628033355531e-05,1.0
repeat_2_fold_4,TAL1,0.0,0.0,0.0,0.0,0.0,0.00011116757718207526,0.5
repeat_2_fold_4,TANK,0.0,0.0,0.0,0.0,0.0,0.0,0.0
repeat_2_fold_4,TARBP2,0.0,0.0,0.0,0.0,0.0,0.0,0.0
repeat_2_fold_4,TBCC,0.0,0.0,0.0,0.0,0.0,0.0,0.0
repeat_2_fold_4,TBL1X,0.0,0.0,0.0,0.0,0.0,0.0,0.0
repeat_2_fold_4,TBL1XR1,-1.5175511229750551,1.6853706237996124,0.8426853118998062,-2.3602364348748615,0.0,0.0002689750439158478,1.0
repeat_2_fold_4,TCTN1,0.0,0.0,0.0,0.0,0.0,2.3821623681891113e-05,0.5
repeat_2_fold_4,TFG,0.0,0.0,0.0,0.0,0.0,-1.704286518433573e-05,1.0
repeat_2_fold_4,TGFB2,0.0,0.0,0.0,0.0,0.0,0.0,0.0
repeat_2_fold_4,TGFBR1,0.0,0.0,0.0,0.0,0.0,0.0,0.0
repeat_2_fold_4,TGFBR3,-0.7321010251985403,1.4642020503970805,0.7321010251985403,-1.4642020503970805,0.0,0.0005717189683649149,0.5
repeat_2_fold_4,THBS2,-0.0977390367928681,0.1954780735857362,0.0977390367928681,-0.1954780735857362,0.0,0.0001278935925310143,0.5
repeat_2_fold_4,TIMP1,0.0,0.0,0.0,0.0,0.0,6.405241287732455e-05,1.0
repeat_2_fold_4,TIMP2,-0.1954780735857362,0.22571863681078858,0.11285931840539429,-0.3083373919911305,0.0,-0.0003517073794602754,0.5
repeat_2_fold_4,TK2,0.0,0.0,0.0,0.0,0.0,-0.00016759629866744397,1.0
repeat_2_fold_4,TLE4,0.0,0.0,0.0,0.0,0.0,0.0,0.0
repeat_2_fold_4,TLR2,0.0,0.0,0.0,0.0,0.0,0.0,0.0
repeat_2_fold_4,TLR3,0.0,0.0,0.0,0.0,0.0,0.0,0.0
repeat_2_fold_4,TMED3,0.0,0.0,0.0,0.0,0.0,0.0,0.0
repeat_2_fold_4,TMOD1,0.0,0.0,0.0,0.0,0.0,0.0,0.0
repeat_2_fold_4,TMT1A,0.0,0.0,0.0,0.0,0.0,0.0,0.0
repeat_2_fold_4,TNFAIP8,0.0,0.0,0.0,0.0,0.0,2.3821623681891113e-05,0.5
repeat_2_fold_4,TNFRSF6B,-0.0977390367928681,0.1954780735857362,0.0977390367928681,-0.1954780735857362,0.0,7.993349533191862e-06,0.5
repeat_2_fold_4,TNFRSF8,-0.06025296952041259,0.06957413634416905,0.034787068172084525,-0.09504003769249711,0.0,0.0003113709736530801,1.0
repeat_2_fold_4,TNFSF11,-0.030126484760206296,0.06025296952041259,0.030126484760206296,-0.06025296952041259,0.0,-4.0230789195433436e-05,1.0
repeat_2_fold_4,TOLLIP,0.0,0.0,0.0,0.0,0.0,0.0,0.0
repeat_2_fold_4,TOMM7,0.0,0.0,0.0,0.0,0.0,0.00012704865963664158,0.5
repeat_2_fold_4,TOR4A,0.0,0.0,0.0,0.0,0.0,0.0003652648964553862,0.5
repeat_2_fold_4,TP53I3,-0.06580428421245088,0.19303612346601867,0.09651806173300934,-0.16232234594546022,0.25,0.0007114081084537704,0.5
repeat_2_fold_4,TRAT1,-0.06025296952041259,0.06957413634416905,0.034787068172084525,-0.09504003769249711,0.0,0.00026594567513710254,1.0
repeat_2_fold_4,TREML2,0.0,0.0,0.0,0.0,0.0,0.0,0.0
repeat_2_fold_4,TRIB3,-0.030126484760206296,0.06025296952041259,0.030126484760206296,-0.06025296952041259,0.0,7.1940145798699e-05,0.5
repeat_2_fold_4,TRIM2,-0.7682645248247741,1.5365290496495483,0.7682645248247741,-1.5365290496495483,0.0,-0.00015087028331850494,0.5
repeat_2_fold_4,TRIM26,0.0,0.0,0.0,0.0,0.0,0.0,0.0
repeat_2_fold_4,TRIM9,-0.07673218098581991,0.18255105669459842,0.09127552834729921,-0.16800770933311912,0.25,-8.792684486508273e-05,0.5
repeat_2_fold_4,TRIP10,0.021431324676893126,0.04286264935378625,0.021431324676893126,0.0,0.25,-0.00011894969349163231,1.0
repeat_2_fold_4,TRMU,0.0,0.0,0.0,0.0,0.0,0.0,0.0
repeat_2_fold_4,TRRAP,0.0,0.0,0.0,0.0,0.0,4.764324736375447e-05,0.5
repeat_2_fold_4,TSFM,0.06295337298261394,0.12590674596522788,0.06295337298261394,0.0,0.25,-0.00015881082454577422,0.5
repeat_2_fold_4,TSR1,0.0,0.0,0.0,0.0,0.0,0.0,0.0
repeat_2_fold_4,TST,0.0,0.0,0.0,0.0,0.0,0.0,0.0
repeat_2_fold_4,TTLL12,0.0,0.0,0.0,0.0,0.0,-7.940541227285935e-05,0.5
repeat_2_fold_4,TTN,0.0,0.0,0.0,0.0,0.0,5.611187165005527e-05,1.0
repeat_2_fold_4,TUBA1B,-0.017232815797610712,0.034465631595221424,0.017232815797610712,-0.034465631595221424,0.0,-0.0006511243806377742,0.5
repeat_2_fold_4,TUBG2,0.0,0.0,0.0,0.0,0.0,0.0,0.0
repeat_2_fold_4,TUBGCP2,0.0,0.0,0.0,0.0,0.0,0.0,0.0
repeat_2_fold_4,TXNRD1,0.0,0.0,0.0,0.0,0.0,8.73459535002119e-05,0.5
repeat_2_fold_4,UBE2D4,0.0,0.0,0.0,0.0,0.0,-0.0003176216490915762,0.5
repeat_2_fold_4,UBE3C,0.0,0.0,0.0,0.0,0.0,0.0,0.0
repeat_2_fold_4,UBN1,0.021431324676893126,0.04286264935378625,0.021431324676893126,0.0,0.25,0.0001758536897301377,0.5
repeat_2_fold_4,UBOX5,-1.5365290496495483,1.774230920865693,0.8871154604328465,-2.423644510082395,0.0,3.970270613645743e-05,0.5
repeat_2_fold_4,UCHL1,0.0,0.0,0.0,0.0,0.0,0.00026203786050060796,0.5
repeat_2_fold_4,UCHL3,0.06295337298261394,0.12590674596522788,0.06295337298261394,0.0,0.25,-3.176216490913264e-05,0.5
repeat_2_fold_4,UCKL1,0.0,0.0,0.0,0.0,0.0,0.0,0.0
repeat_2_fold_4,UFD1,0.0,0.0,0.0,0.0,0.0,0.0,0.0
repeat_2_fold_4,UGCG,0.0,0.0,0.0,0.0,0.0,0.0,0.0
repeat_2_fold_4,UNC13B,-0.12147015648966253,0.17224047870532375,0.08612023935266187,-0.20759039584232442,0.0,0.0015584919257481955,1.0
repeat_2_fold_4,UPP1,0.0,0.0,0.0,0.0,0.0,7.993349533186311e-05,0.5
repeat_2_fold_4,USP16,0.0,0.0,0.0,0.0,0.0,0.0,0.0
repeat_2_fold_4,UTP11,0.0,0.0,0.0,0.0,0.0,0.0,0.0
repeat_2_fold_4,UTP6,0.0,0.0,0.0,0.0,0.0,-0.0001599197989696488,1.0
repeat_2_fold_4,UTS2,0.0,0.0,0.0,0.0,0.0,0.0,0.0
repeat_2_fold_4,VCAM1,0.0,0.0,0.0,0.0,0.0,0.0,0.0
repeat_2_fold_4,VDAC2,0.0,0.0,0.0,0.0,0.0,-8.574240898034935e-06,1.0
repeat_2_fold_4,VPS11,0.0,0.0,0.0,0.0,0.0,-7.940541227288711e-05,0.5
repeat_2_fold_4,VWA1,0.0,0.0,0.0,0.0,0.0,0.0,0.0
repeat_2_fold_4,WDR1,0.0,0.0,0.0,0.0,0.0,0.0,0.0
repeat_2_fold_4,WDR12,0.0,0.0,0.0,0.0,0.0,0.0007661997724563718,1.0
repeat_2_fold_4,WDR19,0.0,0.0,0.0,0.0,0.0,0.0,0.0
repeat_2_fold_4,WLS,-0.010927896773369028,0.021855793546738056,0.010927896773369028,-0.021855793546738056,0.0,0.0002477938355288367,0.5
repeat_2_fold_4,WNT16,-0.07118086629377984,0.08410749932565827,0.04205374966282913,-0.11323461595660897,0.0,0.0004375218920894264,1.0
repeat_2_fold_4,WT1,0.0,0.0,0.0,0.0,0.0,-6.394679626550714e-05,0.5
repeat_2_fold_4,XCL2,-0.7682645248247741,1.5365290496495483,0.7682645248247741,-1.5365290496495483,0.0,-0.0010005081946385386,0.5
repeat_2_fold_4,XPO1,0.0,0.0,0.0,0.0,0.0,0.0,0.0
repeat_2_fold_4,ZC3H3,-0.7682645248247741,1.5365290496495483,0.7682645248247741,-1.5365290496495483,0.0,-0.0006352432981831801,0.5
repeat_2_fold_4,ZEB1,-1.7345964861506395,2.0038098935699393,1.0019049467849697,-2.736501432935609,0.0,-0.0010481514420022375,0.5
repeat_2_fold_4,ZMYM2,0.0,0.0,0.0,0.0,0.0,0.0,0.0
repeat_2_fold_4,ZNF143,0.0,0.0,0.0,0.0,0.0,-0.0006295207058036323,1.0
repeat_2_fold_4,ZNF189,0.0,0.0,0.0,0.0,0.0,0.0,0.0
repeat_2_fold_4,ZNF254,0.0,0.0,0.0,0.0,0.0,0.00020782708786290516,0.5
repeat_2_fold_4,ZNF266,0.0,0.0,0.0,0.0,0.0,-0.0001278935925310143,0.5
repeat_2_fold_4,ZNF267,0.0,0.0,0.0,0.0,0.0,0.0,0.0
repeat_2_fold_4,ZNF3,0.0,0.0,0.0,0.0,0.0,-0.00044583209145795943,1.0
repeat_2_fold_4,ZNF350,0.0,0.0,0.0,0.0,0.0,-0.00016675136577307126,0.5
repeat_2_fold_4,ZNF415,0.0,0.0,0.0,0.0,0.0,0.0,0.0
repeat_2_fold_4,ZNF443,-0.038821644843519465,0.056870888430657004,0.028435444215328502,-0.06725708905884797,0.0,7.1940145798699e-05,0.5
repeat_2_fold_4,ZNF45,0.0,0.0,0.0,0.0,0.0,0.0,0.0
repeat_2_fold_4,ZNF468,0.0,0.0,0.0,0.0,0.0,0.0,0.0
repeat_2_fold_4,ZNF480,-0.030126484760206296,0.06025296952041259,0.030126484760206296,-0.06025296952041259,0.0,-0.00022339132048207477,1.0
repeat_2_fold_4,ZNF550,0.0,0.0,0.0,0.0,0.0,0.0,0.0
repeat_2_fold_4,ZNF669,0.0,0.0,0.0,0.0,0.0,0.0,0.0
repeat_2_fold_4,ZNF675,0.0,0.0,0.0,0.0,0.0,0.0,0.0
repeat_2_fold_4,ZNF74,0.0,0.0,0.0,0.0,0.0,0.0,0.0
repeat_2_fold_4,ZRSR2,-0.0977390367928681,0.1954780735857362,0.0977390367928681,-0.1954780735857362,0.0,-0.00031174063179434386,0.5
full_development,A1CF,0.0037133248285616816,0.007426649657123363,0.0037133248285616816,0.0,0.25,0.0002974499218638682,0.5
full_development,A2M,0.0,0.0,0.0,0.0,0.0,0.0,0.0
full_development,A4GALT,0.0,0.0,0.0,0.0,0.0,8.925383791491548e-06,0.5
full_development,A4GNT,0.0,0.0,0.0,0.0,0.0,5.3274612871134774e-05,0.5
full_development,AAAS,0.0,0.0,0.0,0.0,0.0,-0.00025305441113795957,0.5
full_development,AACS,0.0,0.0,0.0,0.0,0.0,0.0,0.0
full_development,AADAC,0.0519704000873773,0.06001024896067966,0.03000512448033983,0.02196527560703747,0.5,-4.462691895751325e-05,0.5
full_development,AAK1,-0.10640592930936066,0.1298948251514781,0.06494741257573905,-0.1713533418850997,0.0,-0.0002811495894323446,0.5
full_development,AAMP,0.0,0.0,0.0,0.0,0.0,0.0,0.0
full_development,AANAT,0.0,0.0,0.0,0.0,0.0,-2.2313459478756625e-05,0.5
full_development,AARS1,0.0,0.0,0.0,0.0,0.0,0.0,0.0
full_development,AASDHPPT,0.034205912353485246,0.06841182470697049,0.034205912353485246,0.0,0.25,7.14030703320434e-05,0.5
full_development,AATF,0.0,0.0,0.0,0.0,0.0,-0.00026329882184933373,0.5
full_development,ABCA12,0.0,0.0,0.0,0.0,0.0,0.0,0.0
full_development,ABCA2,-0.0017676796823380414,0.10042272470267698,0.05021136235133849,-0.05197904203367653,0.25,-8.881416227510264e-05,1.0
full_development,ABCA3,0.0,0.0,0.0,0.0,0.0,0.0,0.0
full_development,ABCA4,0.0,0.0,0.0,0.0,0.0,0.0,0.0
full_development,ABCA5,-0.04311313353137436,0.08622626706274872,0.04311313353137436,-0.08622626706274872,0.0,-0.0008237467348615746,1.0
full_development,ABCA6,0.0,0.0,0.0,0.0,0.0,-0.0003614780435558518,0.5
full_development,ABCA7,0.0,0.0,0.0,0.0,0.0,-8.879102145226136e-06,0.5
full_development,ABCA8,0.0,0.0,0.0,0.0,0.0,0.0,0.0
full_development,ABCB1,0.0,0.0,0.0,0.0,0.0,0.0,0.0
full_development,ABCB11,-0.06805473638578796,0.08303968989374884,0.04151984494687442,-0.10957458133266237,0.0,-7.586576222778918e-05,0.5
full_development,ABCB6,0.0,0.0,0.0,0.0,0.0,0.0,0.0
full_development,ABCB7,0.0,0.0,0.0,0.0,0.0,0.00010710460549806511,0.5
full_development,ABCB8,0.0,0.0,0.0,0.0,0.0,6.24776865405241e-05,0.5
full_development,ABCB9,0.0,0.0,0.0,0.0,0.0,0.0,0.0
full_development,ABCC1,0.0,0.0,0.0,0.0,0.0,4.9089610853259025e-05,0.5
full_development,ABCC10,0.0,0.0,0.0,0.0,0.0,0.0,0.0
full_development,ABCC2,0.07305162729010028,0.08711856169579302,0.04355928084789651,0.029492346442203776,0.5,-0.00013834344876828553,0.5
full_development,ABCC3,0.0,0.0,0.0,0.0,0.0,0.0,0.0
full_development,ABCC4,0.0,0.0,0.0,0.0,0.0,0.0,0.0
full_development,ABCC6,0.008682855368340014,0.017365710736680032,0.008682855368340016,-1.734723475976807e-18,0.25,3.2362282684494925e-06,1.0
full_development,ABCC8,0.0,0.0,0.0,0.0,0.0,-0.00018646114504902722,0.5
full_development,ABCD1,0.010145609442366421,0.020291218884732842,0.010145609442366421,0.0,0.25,-7.547236823415848e-05,0.5
full_development,ABCD2,0.0,0.0,0.0,0.0,0.0,3.123884327024817e-05,1.0
full_development,ABCD3,0.0,0.0,0.0,0.0,0.0,0.0,0.0
full_development,ABCD4,0.0,0.0,0.0,0.0,0.0,0.0,0.0
full_development,ABCE1,-0.05161932600608665,0.05960486353000236,0.02980243176500118,-0.08142175777108783,0.0,0.00016488819191123882,1.0
full_development,ABCF1,0.0,0.0,0.0,0.0,0.0,-0.00012088607517896088,1.0
full_development,ABCF2,0.0,0.0,0.0,0.0,0.0,-1.3318653217797571e-05,0.5
full_development,ABCG1,0.0,0.0,0.0,0.0,0.0,-2.6637306435595143e-05,0.5
full_development,ABCG2,0.0,0.0,0.0,0.0,0.0,0.0,0.0
full_development,ABCG4,0.0,0.0,0.0,0.0,0.0,0.0,0.0
full_development,ABCG5,0.0,0.0,0.0,0.0,0.0,-4.462691895745774e-06,0.5
full_development,ABHD10,0.0,0.0,0.0,0.0,0.0,0.0,0.0
full_development,ABHD17A,0.0,0.0,0.0,0.0,0.0,-1.785076758301085e-05,0.5
full_development,ABHD17B,0.0,0.0,0.0,0.0,0.0,-0.00014206563432309083,0.5
full_development,ABHD3,0.0,0.0,0.0,0.0,0.0,0.00028413126864607063,0.5
full_development,ABHD4,0.0,0.0,0.0,0.0,0.0,4.462691895751325e-05,0.5
full_development,ABHD5,0.0,0.0,0.0,0.0,0.0,-8.925383791491548e-06,0.5
full_development,ABHD6,0.0,0.0,0.0,0.0,0.0,0.0,0.0
full_development,ABI1,0.0,0.0,0.0,0.0,0.0,-0.00023529620684759056,0.5
full_development,ABI2,-0.008583714060446113,0.04088043135265733,0.020440215676328664,-0.029023929736774777,0.25,-0.00026329882184933373,0.5
full_development,ABL1,0.0,0.0,0.0,0.0,0.0,0.0,0.0
full_development,ABL2,0.03137865036299203,0.06116237263323549,0.030581186316617746,0.0007974640463742876,0.5,0.0007229560871117591,0.5
full_development,ABLIM1,-0.09191745915924443,0.12488233592493182,0.06244116796246591,-0.15435862712171033,0.0,-9.371652981077228e-05,0.5
full_development,ABLIM3,0.0,0.0,0.0,0.0,0.0,0.00011142845245482036,1.0
full_development,ABR,0.0,0.0,0.0,0.0,0.0,0.00016511960014281568,0.5
full_development,ACAA1,0.0,0.0,0.0,0.0,0.0,-0.0001022253787855143,1.0
full_development,ACAA2,-0.020170429443615134,0.04034085888723027,0.020170429443615134,-0.04034085888723027,0.0,0.00013388075687253975,0.5
full_development,ACACA,0.0,0.0,0.0,0.0,0.0,0.0,0.0
full_development,ACACB,-0.1620703492232618,0.13574628306251124,0.06787314153125562,-0.22994349075451742,0.0,-0.0008504303229434351,1.0
full_development,ACAD10,0.0,0.0,0.0,0.0,0.0,-6.694037843626988e-05,0.5
full_development,ACAD8,0.05265700516542715,0.07414599504232776,0.03707299752116388,0.015584007644263272,0.5,-0.00022759728668333978,0.5
full_development,ACADL,0.1020584566640288,0.14461915437642872,0.07230957718821436,0.029748879475814435,0.5,-0.0001606569082470699,0.5
full_development,ACADM,0.008822761515359545,0.09784037356745606,0.04892018678372803,-0.040097425268368486,0.25,0.0003428867696318172,1.0
full_development,ACADS,0.0,0.0,0.0,0.0,0.0,-0.0002486148600653604,0.5
full_development,ACAN,0.0,0.0,0.0,0.0,0.0,-0.0002766868975365988,0.5
full_development,ACAT1,0.0,0.0,0.0,0.0,0.0,0.0,0.0
full_development,ACAT2,0.0,0.0,0.0,0.0,0.0,-8.879102145198381e-06,0.5
full_development,ACBD3,0.0,0.0,0.0,0.0,0.0,8.479114601925297e-05,1.0
full_development,ACBD4,0.0,0.0,0.0,0.0,0.0,0.0,0.0
full_development,ACD,0.0037133248285616816,0.007426649657123363,0.0037133248285616816,0.0,0.25,-2.7755575615628914e-17,0.5
full_development,ACE,0.0,0.0,0.0,0.0,0.0,0.0,0.0
full_development,ACE2,0.0,0.0,0.0,0.0,0.0,0.0,0.0
full_development,ACHE,-0.08059626630631911,0.09306455209526421,0.046532276047632104,-0.1271285423539512,0.0,-0.00015700414516178762,1.0
full_development,ACIN1,0.0,0.0,0.0,0.0,0.0,-0.0005256257291261501,1.0
full_development,ACKR2,0.0,0.0,0.0,0.0,0.0,-7.586576222776142e-05,0.5
full_development,ACKR3,0.0,0.0,0.0,0.0,0.0,0.00014726883255980483,0.5
full_development,ACKR4,0.09559434369990072,0.13137414996886815,0.06568707498443407,0.029907268715466645,0.5,0.0003704034273473711,0.5
full_development,ACO1,0.0,0.0,0.0,0.0,0.0,0.0,0.0
full_development,ACO2,-0.06325108409390623,0.07303606085630485,0.03651803042815242,-0.09976911452205865,0.0,-0.0001913403717616058,1.0
full_development,ACOT11,-0.014053282947461554,0.03864832503479608,0.01932416251739804,-0.033377445464859594,0.25,0.00017346646335539284,1.0
full_development,ACOT13,0.0,0.0,0.0,0.0,0.0,-0.00031685112459833853,0.5
full_development,ACOT2,0.0,0.0,0.0,0.0,0.0,0.00020421934933936847,0.5
full_development,ACOT7,0.0037133248285616816,0.007426649657123363,0.0037133248285616816,0.0,0.25,-1.7758204290396762e-05,0.5
full_development,ACOT8,0.007299819339619873,0.018588675559962402,0.009294337779981201,-0.001994518440361328,0.25,-7.991191930675767e-05,0.5
full_development,ACOT9,0.0,0.0,0.0,0.0,0.0,-0.00023205997857908556,0.5
full_development,ACOX1,0.0,0.0,0.0,0.0,0.0,0.0,0.0
full_development,ACOX2,0.0,0.0,0.0,0.0,0.0,0.0,0.0
full_development,ACOX3,0.007426649657123363,0.00857555635743443,0.004287778178717215,0.0031388714784061477,0.5,-4.4025257555480035e-05,1.0
full_development,ACOXL,0.0,0.0,0.0,0.0,0.0,-0.00014726883255980483,0.5
full_development,ACP3,0.0,0.0,0.0,0.0,0.0,0.0,0.0
full_development,ACP5,0.0,0.0,0.0,0.0,0.0,-0.00016426338968605902,0.5
full_development,ACP6,0.0,0.0,0.0,0.0,0.0,2.67761513745024e-05,0.5
full_development,ACR,0.0,0.0,0.0,0.0,0.0,0.0,0.0
full_development,ACSBG1,0.0,0.0,0.0,0.0,0.0,0.0,0.0
full_development,ACSBG2,0.0,0.0,0.0,0.0,0.0,0.0,0.0
full_development,ACSF2,0.0,0.0,0.0,0.0,0.0,-0.00010710460549803735,0.5
full_development,ACSL1,0.0,0.0,0.0,0.0,0.0,0.0,0.0
full_development,ACSL3,0.0,0.0,0.0,0.0,0.0,0.0,0.0
full_development,ACSL4,0.0,0.0,0.0,0.0,0.0,0.00012430743003263856,0.5
full_development,ACSL5,0.09286504052514566,0.1190196934475631,0.05950984672378155,0.03335519380136411,0.5,-0.00024440671722433804,1.0
full_development,ACSL6,0.0,0.0,0.0,0.0,0.0,0.0001600783876681,1.0
full_development,ACSM1,0.0,0.0,0.0,0.0,0.0,0.0,0.0
full_development,ACSM2A,0.0,0.0,0.0,0.0,0.0,0.0,0.0
full_development,ACSM3,0.0,0.0,0.0,0.0,0.0,-9.371652981077228e-05,0.5
full_development,ACSM5,0.0,0.0,0.0,0.0,0.0,0.0,0.0
full_development,ACSS3,-0.048742085419521075,0.12174438969306998,0.06087219484653499,-0.10961428026605607,0.25,-0.0005444484112816783,0.5
full_development,ACTA1,0.024004543713292747,0.028373595270912974,0.014186797635456487,0.00981774607783626,0.5,-0.000643734905526383,0.5
full_development,ACTA2,-0.045830911603811586,0.10180509562466815,0.050902547812334074,-0.09673345941614567,0.25,0.0002841312686460984,0.5
full_development,ACTB,0.0,0.0,0.0,0.0,0.0,6.21537150163054e-05,0.5
full_development,ACTC1,0.0,0.0,0.0,0.0,0.0,0.0,0.0
full_development,ACTG1,0.0,0.0,0.0,0.0,0.0,-0.0002574939622105865,0.5
full_development,ACTG2,0.0,0.0,0.0,0.0,0.0,-0.00011542832788749569,0.5
full_development,ACTL6B,0.0,0.0,0.0,0.0,0.0,-8.92538379150265e-05,0.5
full_development,ACTN1,0.0,0.0,0.0,0.0,0.0,0.0,0.0
full_development,ACTN2,0.0,0.0,0.0,0.0,0.0,5.327461287110702e-05,0.5
full_development,ACTN3,0.013858934270926326,0.027717868541852653,0.013858934270926326,0.0,0.25,-0.00047059241369515337,0.5
full_development,ACTN4,0.0,0.0,0.0,0.0,0.0,0.0,0.0
full_development,ACTR10,0.0,0.0,0.0,0.0,0.0,0.0,0.0
full_development,ACTR1A,0.0,0.0,0.0,0.0,0.0,3.123884327024817e-05,0.5
full_development,ACTR1B,0.0,0.0,0.0,0.0,0.0,-3.5516408580793524e-05,0.5
full_development,ACTR2,0.0,0.0,0.0,0.0,0.0,4.462691895745774e-06,0.5
full_development,ACTR3,0.0,0.0,0.0,0.0,0.0,-8.879102145198381e-06,0.5
full_development,ACTR5,0.0,0.0,0.0,0.0,0.0,0.0,0.0
full_development,ACTR8,0.0,0.0,0.0,0.0,0.0,0.0003238558200678865,1.0
full_development,ACVR1B,0.0,0.0,0.0,0.0,0.0,-0.0003168511245983663,0.5
full_development,ACVR2A,0.0,0.0,0.0,0.0,0.0,0.0,0.0
full_development,ACVR2B,0.0,0.0,0.0,0.0,0.0,0.0002218849903371234,1.0
full_development,ACVRL1,0.0,0.0,0.0,0.0,0.0,0.0,0.0
full_development,ACY1,0.0,0.0,0.0,0.0,0.0,-0.00019635844341306385,0.5
full_development,ADA,0.0,0.0,0.0,0.0,0.0,0.0,0.0
full_development,ADA2,0.0,0.0,0.0,0.0,0.0,-4.439551072626946e-06,0.5
full_development,ADAM11,0.0,0.0,0.0,0.0,0.0,-1.7758204290396762e-05,0.5
full_development,ADAM12,0.0,0.0,0.0,0.0,0.0,0.0,0.0
full_development,ADAM17,-0.003635803407705751,0.21698612858306002,0.10849306429153001,-0.11212886769923576,0.25,0.0008917978728092968,1.0
full_development,ADAM19,0.0,0.0,0.0,0.0,0.0,0.0,0.0
full_development,ADAM2,0.0,0.0,0.0,0.0,0.0,-0.00014650518539566226,0.5
full_development,ADAM20,0.0,0.0,0.0,0.0,0.0,0.0,0.0
full_development,ADAM21,0.0,0.0,0.0,0.0,0.0,-2.67761513745024e-05,0.5
full_development,ADAM22,0.0,0.0,0.0,0.0,0.0,4.462691895745774e-06,0.5
full_development,ADAM23,-0.05161932600608665,0.05960486353000236,0.02980243176500118,-0.08142175777108783,0.0,-0.0001517315244555506,0.5
full_development,ADAM8,0.0,0.0,0.0,0.0,0.0,0.0,0.0
full_development,ADAM9,-0.06325108409390623,0.07303606085630485,0.03651803042815242,-0.09976911452205865,0.0,-0.0002930103707913245,0.5
full_development,ADAMTS1,-0.08059626630631911,0.09306455209526421,0.046532276047632104,-0.1271285423539512,0.0,0.00039292515423453023,1.0
full_development,ADAMTS12,0.034205912353485246,0.06841182470697049,0.034205912353485246,0.0,0.25,-1.3364934864118494e-05,1.0
full_development,ADAMTS13,0.0,0.0,0.0,0.0,0.0,0.0,0.0
full_development,ADAMTS2,0.0,0.0,0.0,0.0,0.0,0.0,0.0
full_development,ADAMTS3,0.0,0.0,0.0,0.0,0.0,-0.00014726883255980483,0.5
full_development,ADAMTS5,0.0,0.0,0.0,0.0,0.0,-6.24776865405241e-05,0.5
full_development,ADAMTS6,0.0,0.0,0.0,0.0,0.0,0.00020865890041196766,0.5
full_development,ADAMTS7,0.0,0.0,0.0,0.0,0.0,0.0,0.0
full_development,ADAMTS9,0.018240792774399495,0.03648158554879899,0.018240792774399495,0.0,0.25,-9.33694174634625e-05,1.0
full_development,ADAMTSL2,-0.11568917664752476,0.11542103648897652,0.05771051824448826,-0.173399694892013,0.0,-1.6369754901018885e-05,1.0
full_development,ADAMTSL4,0.0,0.0,0.0,0.0,0.0,0.0,0.0
full_development,ADAP1,-0.03926098843348491,0.08805802528790482,0.04402901264395241,-0.08329000107743732,0.5,0.00019591876777308448,1.0
full_development,ADAR,0.0519704000873773,0.06001024896067966,0.03000512448033983,0.02196527560703747,0.5,-2.231345947872887e-05,0.5
full_development,ADAT1,0.0,0.0,0.0,0.0,0.0,0.0,0.0
full_development,ADCY1,0.0,0.0,0.0,0.0,0.0,-8.879102145198381e-06,0.5
full_development,ADCY10,-0.10026099623420315,0.1308634226677946,0.0654317113338973,-0.16569270756810045,0.0,4.9089610853259025e-05,0.5
full_development,ADCY2,0.0,0.0,0.0,0.0,0.0,0.0,0.0
full_development,ADCY3,0.0,0.0,0.0,0.0,0.0,0.0,0.0
full_development,ADCY6,-0.040298133153159554,0.08059626630631911,0.040298133153159554,-0.08059626630631911,0.0,1.3388075687265077e-05,0.5
full_development,ADCY7,0.0,0.0,0.0,0.0,0.0,0.000332966330444634,0.5
full_development,ADCY8,0.0,0.0,0.0,0.0,0.0,0.0,0.0
full_development,ADCY9,0.08174772726783885,0.09687368757086322,0.04843684378543161,0.033310883482407246,0.5,-0.0003748661192431446,0.5
full_development,ADCYAP1,0.0,0.0,0.0,0.0,0.0,-8.009704589198585e-05,1.0
full_development,ADCYAP1R1,0.0,0.0,0.0,0.0,0.0,0.0,0.0
full_development,ADD1,0.0,0.0,0.0,0.0,0.0,0.0,0.0
full_development,ADD2,0.028113691553810938,0.0733780959509705,0.03668904797548525,-0.008575356421674313,0.25,0.00016525844508172294,1.0
full_development,ADD3,-0.031625542046953115,0.06325108409390623,0.031625542046953115,-0.06325108409390623,0.0,-8.879102145198381e-06,0.5
full_development,ADGRE1,0.0,0.0,0.0,0.0,0.0,0.0,0.0
full_development,ADGRE2,-0.040298133153159554,0.08059626630631911,0.040298133153159554,-0.08059626630631911,0.0,-0.0003077406142216188,1.0
full_development,ADGRE5,0.0,0.0,0.0,0.0,0.0,-0.0002752521665009555,0.5
full_development,ADGRF5,0.12718748564505766,0.15325701531134528,0.07662850765567264,0.05055897798938502,0.5,-0.0001375103791347032,1.0
full_development,ADGRG3,0.0,0.0,0.0,0.0,0.0,0.0,0.0
full_development,ADGRG6,0.0,0.0,0.0,0.0,0.0,0.0,0.0
full_development,ADGRV1,0.0,0.0,0.0,0.0,0.0,-2.2313459478756625e-05,0.5
full_development,ADH1A,0.0,0.0,0.0,0.0,0.0,-9.817922170651805e-05,0.5
full_development,ADH1B,0.0,0.0,0.0,0.0,0.0,0.0,0.0
full_development,ADH1C,0.016375819137399716,0.04645612546681978,0.02322806273340989,-0.006852243596010173,0.25,-6.942246952301723e-08,1.0
full_development,ADH5,0.0,0.0,0.0,0.0,0.0,0.0,0.0
full_development,ADH6,0.0,0.0,0.0,0.0,0.0,0.0,0.0
full_development,ADH7,0.010145609442366421,0.020291218884732842,0.010145609442366421,0.0,0.25,0.00017758204290380109,0.5
full_development,ADI1,0.0519704000873773,0.06001024896067966,0.03000512448033983,0.02196527560703747,0.5,-0.00023652267047483133,0.5
full_development,ADIPOQ,-0.0253831508381257,0.050766301676251395,0.025383150838125697,-0.0507663016762514,0.0,-0.00023652267047483133,0.5
full_development,ADIPOR1,0.034205912353485246,0.06841182470697049,0.034205912353485246,0.0,0.25,-0.00018297036772579878,0.5
full_development,ADIPOR2,0.0,0.0,0.0,0.0,0.0,0.0,0.0
full_development,ADIRF,0.0,0.0,0.0,0.0,0.0,-0.000563869267865974,1.0
full_development,ADK,0.0,0.0,0.0,0.0,0.0,0.0,0.0
full_development,ADM,0.0,0.0,0.0,0.0,0.0,0.0,0.0
full_development,ADM2,0.0,0.0,0.0,0.0,0.0,0.0,0.0
full_development,ADORA1,0.00035107408129064765,0.000405385430677312,0.000202692715338656,0.00014838136595199167,0.5,-0.0001874330596215723,0.5
full_development,ADORA2A,0.0,0.0,0.0,0.0,0.0,-0.0004507318814708783,0.5
full_development,ADORA2B,-0.031625542046953115,0.06325108409390623,0.031625542046953115,-0.06325108409390623,0.0,0.00036404318795280055,0.5
full_development,ADORA3,0.0,0.0,0.0,0.0,0.0,-3.123884327024817e-05,0.5
full_development,ADPGK,-0.006410256372728185,0.11634337811191484,0.05817168905595742,-0.0645819454286856,0.5,0.00017878536570792303,1.0
full_development,ADPRM,0.0,0.0,0.0,0.0,0.0,-1.785076758301085e-05,1.0
full_development,ADRA1A,0.35671883852804953,0.41190343489836007,0.20595171744918003,0.1507671210788695,0.5,-0.000357015351660106,1.0
full_development,ADRA1B,0.0,0.0,0.0,0.0,0.0,-7.140307033201565e-05,0.5
full_development,ADRA1D,0.15768919387124036,0.3153783877424807,0.15768919387124036,0.0,0.25,-0.00019090069612165417,0.5
full_development,ADRA2A,0.0,0.0,0.0,0.0,0.0,-8.925383791491548e-06,0.5
full_development,ADRA2B,0.1142622962415274,0.1319387349865412,0.0659693674932706,0.04829292874825679,0.5,-0.00023046326178133292,1.0
full_development,ADRA2C,0.0,0.0,0.0,0.0,0.0,-0.0002142092109960747,0.5
full_development,ADRB1,0.0,0.0,0.0,0.0,0.0,0.0,0.0
full_development,ADRB3,0.0,0.0,0.0,0.0,0.0,-9.15679202309616e-06,1.0
full_development,ADRM1,0.0,0.0,0.0,0.0,0.0,6.659326608890459e-05,0.5
full_development,ADSL,0.0,0.0,0.0,0.0,0.0,0.0,0.0
full_development,ADSS2,-0.08059626630631911,0.09306455209526421,0.046532276047632104,-0.1271285423539512,0.0,-0.0004103825278239104,1.0
full_development,AFDN,0.0,0.0,0.0,0.0,0.0,0.0,0.0
full_development,AFF4,0.0,0.0,0.0,0.0,0.0,-0.00037736184117065363,0.5
full_development,AFG3L2,0.0,0.0,0.0,0.0,0.0,0.0,0.0
full_development,AFP,0.03599298335857348,0.07198596671714697,0.03599298335857348,0.0,0.25,-5.771416394376172e-05,0.5
full_development,AGA,0.0,0.0,0.0,0.0,0.0,-1.3318653217797571e-05,0.5
full_development,AGAP2,0.0,0.0,0.0,0.0,0.0,-0.00035960363688025687,0.5
full_development,AGBL2,0.0,0.0,0.0,0.0,0.0,0.0,0.0
full_development,AGBL3,0.0,0.0,0.0,0.0,0.0,0.0,0.0
full_development,AGBL5,0.0,0.0,0.0,0.0,0.0,7.549550905724955e-05,1.0
full_development,AGER,0.059715724729230146,0.06895377949454923,0.034476889747274614,0.025238834981955532,0.5,0.0002098853640392362,1.0
full_development,AGFG1,0.0,0.0,0.0,0.0,0.0,3.570153516599395e-05,0.5
full_development,AGK,0.0,0.0,0.0,0.0,0.0,-1.3318653217825327e-05,0.5
full_development,AGL,0.0519704000873773,0.06001024896067966,0.03000512448033983,0.02196527560703747,0.5,-7.58426214046426e-05,1.0
full_development,AGMAT,-0.08059626630631911,0.09306455209526421,0.046532276047632104,-0.1271285423539512,0.0,0.0,0.5
full_development,AGO1,0.0,0.0,0.0,0.0,0.0,0.0,0.0
full_development,AGO2,0.0,0.0,0.0,0.0,0.0,0.0,0.0
full_development,AGO3,0.1179756210700873,0.13636140572971334,0.06818070286485667,0.04979491820523063,0.5,0.0006881304162522917,0.5
full_development,AGO4,0.0,0.0,0.0,0.0,0.0,0.0,0.0
full_development,AGPAT1,0.0,0.0,0.0,0.0,0.0,0.0,0.0
full_development,AGPAT4,0.0,0.0,0.0,0.0,0.0,0.00010654922574226955,0.5
full_development,AGPAT5,0.0,0.0,0.0,0.0,0.0,0.0,0.0
full_development,AGPS,0.0,0.0,0.0,0.0,0.0,0.00011986787896003936,0.5
full_development,AGRN,-0.05753123228812207,0.11506246457624414,0.05753123228812207,-0.11506246457624414,0.0,-0.00010691947891280917,1.0
full_development,AGRP,0.0,0.0,0.0,0.0,0.0,0.0,0.0
full_development,AGT,0.0,0.0,0.0,0.0,0.0,2.663730643553963e-05,0.5
full_development,AGTPBP1,0.0,0.0,0.0,0.0,0.0,0.0,0.5
full_development,AGTR1,-0.005289359610515021,0.09370405531181736,0.04685202765590868,-0.0521413872664237,0.25,-0.00021420921099604695,0.5
full_development,AGTR2,0.0,0.0,0.0,0.0,0.0,0.0,0.0
full_development,AHCTF1,0.007426649657123363,0.00857555635743443,0.004287778178717215,0.0031388714784061477,0.5,-0.0001651658817891366,1.0
full_development,AHCY,0.0,0.0,0.0,0.0,0.0,0.0,0.0
full_development,AHCYL2,0.0,0.0,0.0,0.0,0.0,-5.3552302749032554e-05,0.5
full_development,AHI1,0.010145609442366421,0.020291218884732842,0.010145609442366421,0.0,0.25,-3.500731047134664e-05,1.0
full_development,AHR,-0.025809663003043326,0.05161932600608665,0.025809663003043326,-0.05161932600608665,0.0,-0.00015526858342509997,1.0
full_development,AHSG,0.0,0.0,0.0,0.0,0.0,-1.3318653217797571e-05,0.5
full_development,AICDA,0.0,0.0,0.0,0.0,0.0,-0.00011986787896012263,0.5
full_development,AIM2,0.0,0.0,0.0,0.0,0.0,-0.00011986787896009488,0.5
full_development,AIMP2,-0.1117648272465317,0.14352682132937328,0.07176341066468664,-0.18352823791121833,0.0,-0.000825756499502811,0.5
full_development,AIP,0.0,0.0,0.0,0.0,0.0,-4.439551072626946e-06,0.5
full_development,AK1,0.0,0.0,0.0,0.0,0.0,-0.0005815811905100499,0.5
full_development,AK2,0.0037133248285616816,0.007426649657123363,0.0037133248285616816,0.0,0.25,-7.991191930675767e-05,0.5
full_development,AK5,0.0,0.0,0.0,0.0,0.0,0.0,0.0
full_development,AK6,0.0,0.0,0.0,0.0,0.0,0.0,0.0
full_development,AKAP1,0.0,0.0,0.0,0.0,0.0,0.0,0.0
full_development,AKAP10,0.0037133248285616816,0.007426649657123363,0.0037133248285616816,0.0,0.25,-4.8835061798591095e-05,0.5
full_development,AKAP12,0.02187179968254327,0.14071700792835876,0.07035850396417938,-0.04848670428163611,0.25,8.032845412353495e-05,0.5
full_development,AKAP13,-0.08593087259843735,0.10386837169176355,0.051934185845881775,-0.13786505844431912,0.0,3.90731213997797e-06,1.0
full_development,AKAP5,-0.09908847286474654,0.11441751296410069,0.057208756482050344,-0.15629722934679688,0.0,0.000954503480608021,0.5
full_development,AKAP8L,0.0,0.0,0.0,0.0,0.0,0.0,0.0
full_development,AKAP9,-0.02862586621894181,0.03305430313458454,0.01652715156729227,-0.04515301778623408,0.0,-2.67761513745024e-05,0.5
full_development,AKR1B1,0.0,0.0,0.0,0.0,0.0,0.0,0.0
full_development,AKR1B10,0.0,0.0,0.0,0.0,0.0,-0.00029900035701535543,0.5
full_development,AKR1C1,0.0,0.0,0.0,0.0,0.0,-5.3552302749032554e-05,0.5
full_development,AKR1C2,0.0,0.0,0.0,0.0,0.0,0.0,0.0
full_development,AKR1C4,0.0,0.0,0.0,0.0,0.0,-0.00019547909213318837,1.0
full_development,AKR7A2,0.0,0.0,0.0,0.0,0.0,0.0,0.0
full_development,AKR7A3,0.0,0.0,0.0,0.0,0.0,-4.016422706176748e-05,0.5
full_development,AKT1,0.06901387391253344,0.07969642165874954,0.03984821082937477,0.02916566308315867,0.5,7.972679272147398e-05,1.0
full_development,AKT2,0.028733826118919836,0.0865941278726517,0.04329706393632585,-0.01456323781740601,0.25,0.0003117867713005318,1.0
full_development,ALAD,0.0,0.0,0.0,0.0,0.0,0.00019977979826676928,0.5
full_development,ALAS1,0.02598520004368865,0.0519704000873773,0.02598520004368865,0.0,0.25,-0.000221977553629793,1.0
full_development,ALAS2,0.0,0.0,0.0,0.0,0.0,-3.9955959653392714e-05,0.5
full_development,ALB,0.0,0.0,0.0,0.0,0.0,0.00013781120983569206,1.0
full_development,ALCAM,0.010559848404948724,0.05278544701672264,0.02639272350836132,-0.015832875103412598,0.25,-3.570153516599395e-05,0.5
full_development,ALDH1A1,0.0,0.0,0.0,0.0,0.0,0.0,0.0
full_development,ALDH1A2,0.0,0.0,0.0,0.0,0.0,3.57015351660217e-05,0.5
full_development,ALDH1A3,-0.0253831508381257,0.050766301676251395,0.025383150838125697,-0.0507663016762514,0.0,0.00020974651910032893,0.5
full_development,ALDH1B1,-0.014354671205857983,0.039241278648902034,0.019620639324451017,-0.033975310530309,0.25,-0.0005771416394374507,0.5
full_development,ALDH1L1,0.0,0.0,0.0,0.0,0.0,0.0,0.0
full_development,ALDH3A2,0.059715724729230146,0.06895377949454923,0.034476889747274614,0.025238834981955532,0.5,-0.0005739285519920923,1.0
full_development,ALDH3B1,0.0,0.0,0.0,0.0,0.0,-1.7758204290424517e-05,0.5
full_development,ALDH3B2,0.0,0.0,0.0,0.0,0.0,-0.00020017319226048325,1.0
full_development,ALDH5A1,0.0,0.0,0.0,0.0,0.0,0.0,0.0
full_development,ALDH6A1,0.06841182470697049,0.0789951708206458,0.0394975854103229,0.02891423929664759,0.5,-0.00015619421635129638,0.5
full_development,ALDH8A1,0.0,0.0,0.0,0.0,0.0,-5.801499464477833e-05,0.5
full_development,ALDH9A1,-0.05973871461841718,0.1352939129336277,0.06764695646681385,-0.12738567108523102,0.25,-0.0005533737950731976,0.5
full_development,ALDOA,-0.06860742762614791,0.23736197433548806,0.11868098716774403,-0.18728841479389194,0.25,-9.371652981080003e-05,0.5
full_development,ALDOB,0.0,0.0,0.0,0.0,0.0,-0.00019094697776794733,1.0
full_development,ALDOC,0.0,0.0,0.0,0.0,0.0,-0.0002981210057354522,1.0
full_development,ALG12,-0.031625542046953115,0.06325108409390623,0.031625542046953115,-0.06325108409390623,0.0,0.0003152081261542372,0.5
full_development,ALG13,0.0,0.0,0.0,0.0,0.0,0.0,0.0
full_development,ALG3,0.0,0.0,0.0,0.0,0.0,-0.00013388075687253975,0.5
full_development,ALG5,-0.16089353978856913,0.20042211477758243,0.10021105738879121,-0.26110459717736034,0.0,4.555255188387619e-06,1.0
full_development,ALG6,0.027717868541852653,0.03200583772800258,0.01600291886400129,0.011714949677851364,0.5,-0.0001109887768148965,0.5
full_development,ALG8,0.0,0.0,0.0,0.0,0.0,0.0003347018921813494,0.5
full_development,ALG9,0.0,0.0,0.0,0.0,0.0,8.032845412353495e-05,0.5
full_development,ALOX12,0.0,0.0,0.0,0.0,0.0,0.0,0.0
full_development,ALOX12B,0.02598520004368865,0.0519704000873773,0.02598520004368865,0.0,0.25,-0.00017776716948911253,1.0
full_development,ALOX15B,0.0,0.0,0.0,0.0,0.0,0.00010208653384652377,1.0
full_development,ALOX5,0.05521088490338322,0.11042176980676643,0.05521088490338322,0.0,0.25,0.0005489111031774518,0.5
full_development,ALOX5AP,0.007426649657123363,0.00857555635743443,0.004287778178717215,0.0031388714784061477,0.5,-0.0002486148600653604,0.5
full_development,ALOXE3,0.0,0.0,0.0,0.0,0.0,-8.879102145226136e-06,0.5
full_development,ALPG,0.0,0.0,0.0,0.0,0.0,0.0,0.0
full_development,ALPI,0.0,0.0,0.0,0.0,0.0,-6.710236419837923e-05,1.0
full_development,ALPK1,0.010145609442366421,0.020291218884732842,0.010145609442366421,0.0,0.25,0.0005398005928006488,1.0
full_development,ALPL,0.17956859061161978,0.20734794825524078,0.10367397412762039,0.0758946164839994,0.5,-0.00033010035534669635,1.0
full_development,ALPP,0.0,0.0,0.0,0.0,0.0,0.0,0.0
full_development,ALS2CL,0.0,0.0,0.0,0.0,0.0,0.0001243074300326663,0.5
full_development,AMACR,0.0,0.0,0.0,0.0,0.0,-0.0005416252308566849,0.5
full_development,AMBN,0.0,0.0,0.0,0.0,0.0,7.586576222778918e-05,0.5
full_development,AMBP,-0.06325108409390623,0.07303606085630485,0.03651803042815242,-0.09976911452205865,0.0,-0.0001731424918312574,0.5
full_development,AMBRA1,-0.015640029869139482,0.05595651112781941,0.027978255563909704,-0.043618285433049186,0.25,0.00036147804355587954,0.5
full_development,AMD1,0.0,0.0,0.0,0.0,0.0,0.0,0.5
full_development,AMDHD2,0.0,0.0,0.0,0.0,0.0,1.3388075687237322e-05,0.5
full_development,AMELX,-0.031625542046953115,0.06325108409390623,0.031625542046953115,-0.06325108409390623,0.0,0.0003063290240090666,0.5
full_development,AMFR,0.0,0.0,0.0,0.0,0.0,-0.00016854095499657662,1.0
full_development,AMH,0.0,0.0,0.0,0.0,0.0,5.771416394370621e-05,0.5
full_development,AMIGO2,0.0,0.0,0.0,0.0,0.0,0.0,0.0
full_development,AMN,0.0,0.0,0.0,0.0,0.0,4.439551072571435e-06,1.0
full_development,AMOT,-0.031625542046953115,0.06325108409390623,0.031625542046953115,-0.06325108409390623,0.0,-2.2197755362995952e-05,0.5
full_development,AMOTL2,0.0,0.0,0.0,0.0,0.0,0.0,0.0
full_development,AMPD1,-0.031625542046953115,0.06325108409390623,0.031625542046953115,-0.06325108409390623,0.0,-0.00011538204624117476,1.0
full_development,AMPD2,0.0,0.0,0.0,0.0,0.0,0.00013304768723890192,1.0
full_development,AMPD3,-0.02178132086297957,0.04356264172595914,0.02178132086297957,-0.04356264172595914,0.0,-0.00040843869867879246,0.5
full_development,AMPH,0.0,0.0,0.0,0.0,0.0,0.00014206563432300756,0.5
full_development,AMT,0.013858934270926326,0.027717868541852653,0.013858934270926326,0.0,0.25,0.0001284461504042489,1.0
full_development,AMY1A,0.09286504052514566,0.1190196934475631,0.05950984672378155,0.03335519380136411,0.5,0.00020421934933936847,0.5
full_development,ANAPC1,0.030619749239095384,0.1573151221581677,0.07865756107908385,-0.04803781183998847,0.25,-0.0001420887751462374,1.0
full_development,ANAPC10,0.0,0.0,0.0,0.0,0.0,0.0,0.0
full_development,ANAPC13,0.0,0.0,0.0,0.0,0.0,0.0,0.0
full_development,ANAPC15,0.0,0.0,0.0,0.0,0.0,0.0,0.0
full_development,ANAPC2,0.1651158435283655,0.32040600392129165,0.16020300196064582,0.004912841567719678,0.5,-0.00020865890041202317,0.5
full_development,ANAPC5,0.0037133248285616816,0.007426649657123363,0.0037133248285616816,0.0,0.25,-3.553954940394011e-05,1.0
full_development,ANG,0.0,0.0,0.0,0.0,0.0,-0.00014650518539566226,0.5
full_development,ANGPT1,0.0,0.0,0.0,0.0,0.0,-0.00023652267047483133,0.5
full_development,ANGPT2,-0.025634125962398002,0.05173740950192127,0.025868704750960637,-0.051502830713358635,0.25,0.0011736879685826374,1.0
full_development,ANGPT4,0.0,0.0,0.0,0.0,0.0,-0.00016511960014281568,1.0
full_development,ANGPTL3,0.0,0.0,0.0,0.0,0.0,0.00019090069612159866,0.5
full_development,ANGPTL4,0.0,0.0,0.0,0.0,0.0,0.0,0.0
full_development,ANGPTL8,-0.031625542046953115,0.06325108409390623,0.031625542046953115,-0.06325108409390623,0.0,0.0001687029407586027,0.5
full_development,ANK1,0.0,0.0,0.0,0.0,0.0,0.0,0.0
full_development,ANK2,0.0,0.0,0.0,0.0,0.0,0.0,0.0
full_development,ANK3,0.0,0.0,0.0,0.0,0.0,0.0,0.0
full_development,ANKLE2,0.043623943612525196,0.08724788722505038,0.04362394361252519,6.938893903907228e-18,0.25,0.00016958229203856146,0.5
full_development,ANKRD1,0.0,0.0,0.0,0.0,0.0,0.0,0.0
full_development,ANKRD26,0.0,0.0,0.0,0.0,0.0,0.0,0.0
full_development,ANKRD27,0.0,0.0,0.0,0.0,0.0,0.0,0.0
full_development,ANKRD28,-0.031625542046953115,0.06325108409390623,0.031625542046953115,-0.06325108409390623,0.0,3.0683463514508125e-05,1.0
full_development,ANKZF1,0.0,0.0,0.0,0.0,0.0,0.0005519390640374988,1.0
full_development,ANO1,0.0,0.0,0.0,0.0,0.0,3.140082903232977e-05,1.0
full_development,ANO10,0.1854070624130948,0.3348781719176445,0.16743908595882226,0.017967976454272533,0.5,0.00012430743003263856,0.5
full_development,ANO2,0.0,0.0,0.0,0.0,0.0,0.0,0.0
full_development,ANO3,0.0,0.0,0.0,0.0,0.0,-5.3274612871190286e-05,1.0
full_development,ANOS1,0.004474711526487596,0.008949423052975192,0.004474711526487596,0.0,0.25,-6.24776865405241e-05,0.5
full_development,ANP32A,0.0,0.0,0.0,0.0,0.0,0.0,0.0
full_development,ANTXR1,0.0,0.0,0.0,0.0,0.0,0.0,0.0
full_development,ANXA1,0.0,0.0,0.0,0.0,0.0,-0.00018646114504902722,0.5
full_development,ANXA2,0.030174551951869688,0.06034910390373937,0.030174551951869685,3.469446951953614e-18,0.25,0.00022315773561068508,1.0
full_development,ANXA3,0.0,0.0,0.0,0.0,0.0,0.0,0.0
full_development,ANXA5,-0.007620998333660367,0.05837523036005502,0.02918761518002751,-0.036808613513687874,0.25,-0.0005727020883648515,0.5
full_development,ANXA6,0.0,0.0,0.0,0.0,0.0,0.0,0.0
full_development,AP2S1,0.0,0.0,0.0,0.0,0.0,0.0,0.0
full_development,APBA1,0.0,0.0,0.0,0.0,0.0,0.0,0.0
full_development,AQP4,0.0,0.0,0.0,0.0,0.0,1.2809555108322934e-05,1.0
full_development,ARAF,0.0,0.0,0.0,0.0,0.0,0.0,0.0
full_development,ARC,0.0,0.0,0.0,0.0,0.0,0.0,0.0
full_development,ARHGAP8,0.0,0.0,0.0,0.0,0.0,0.0,0.0
full_development,ARHGEF11,0.0,0.0,0.0,0.0,0.0,0.0,0.0
full_development,ARHGEF6,-0.040298133153159554,0.08059626630631911,0.040298133153159554,-0.08059626630631911,0.0,0.0004373438057836687,0.5
full_development,ARPC4,-0.08067592402753299,0.0974053715912444,0.0487026857956222,-0.1293786098231552,0.0,-0.0001908544144753055,1.0
full_development,ARSB,-0.07511319858267029,0.08887003335664768,0.04443501667832384,-0.11954821526099413,0.0,-9.762384195080576e-05,1.0
full_development,ASGR1,0.0,0.0,0.0,0.0,0.0,-0.00011156729739378313,0.5
full_development,ASH1L,0.0,0.0,0.0,0.0,0.0,-6.65932660889601e-05,0.5
full_development,ASPA,-0.012184441599348617,0.014069381274618396,0.007034690637309198,-0.019219132236657815,0.0,-0.0005444484112816783,0.5
full_development,ATG14,0.0,0.0,0.0,0.0,0.0,0.000676015085838616,1.0
full_development,ATG16L1,0.23367722038572758,0.26989533993695836,0.13494766996847918,0.0987295504172484,0.5,-0.000239735757920162,0.5
full_development,ATG4B,0.0,0.0,0.0,0.0,0.0,8.879102145170625e-06,0.5
full_development,ATP11B,-0.06325108409390623,0.07303606085630485,0.03651803042815242,-0.09976911452205865,0.0,-0.0015357838404170265,1.0
full_development,ATP6V1G1,0.0,0.0,0.0,0.0,0.0,0.0,0.0
full_development,ATP7A,-0.031625542046953115,0.06325108409390623,0.031625542046953115,-0.06325108409390623,0.0,-0.0003374058815172887,0.5
full_development,AURKA,-0.05269037582658953,0.06524783411567373,0.03262391705783686,-0.0853142928844264,0.0,-0.00012049268118530243,0.5
full_development,AUTS2,-0.0014509900950834265,0.10093303792635788,0.05046651896317894,-0.05191750905826237,0.25,1.831358404613681e-05,1.0
full_development,AXIN1,0.0,0.0,0.0,0.0,0.0,0.0,0.0
full_development,B3GALT2,0.0,0.0,0.0,0.0,0.0,0.0,0.0
full_development,B3GNT4,0.0,0.0,0.0,0.0,0.0,-0.00026699786658093694,1.0
full_development,B3GNTL1,0.0,0.0,0.0,0.0,0.0,1.775820429034125e-05,0.5
full_development,B9D2,0.007426649657123363,0.00857555635743443,0.004287778178717215,0.0031388714784061477,0.5,-2.2197755362995952e-05,0.5
full_development,BAIAP2,0.0,0.0,0.0,0.0,0.0,0.0,0.0
full_development,BCAS2,0.0,0.0,0.0,0.0,0.0,0.0,0.0
full_development,BCAT1,0.0,0.0,0.0,0.0,0.0,0.0,0.0
full_development,BCAT2,0.0,0.0,0.0,0.0,0.0,0.0004660602993298846,1.0
full_development,BCS1L,0.0,0.0,0.0,0.0,0.0,0.0,0.0
full_development,BHMT2,0.0,0.0,0.0,0.0,0.0,-0.00029007497322383613,0.5
full_development,BICD2,0.0,0.0,0.0,0.0,0.0,0.0,0.0
full_development,BIN2,0.0,0.0,0.0,0.0,0.0,0.0,0.0
full_development,BLNK,0.0,0.0,0.0,0.0,0.0,0.0,0.0
full_development,BLVRA,0.0,0.0,0.0,0.0,0.0,0.00014726883255980483,0.5
full_development,BMP2,0.03554100394756432,0.04103921639279162,0.02051960819639581,0.01502139575116851,0.5,-0.00015619421635129638,0.5
full_development,BPHL,-0.040298133153159554,0.08059626630631911,0.040298133153159554,-0.08059626630631911,0.0,-6.196858843110498e-05,1.0
full_development,BRD8,-0.13336566702426822,0.07291298728875036,0.03645649364437518,-0.1698221606686434,0.0,-2.804540967477065e-05,1.0
full_development,BTNL8,0.0,0.0,0.0,0.0,0.0,0.0,0.0
full_development,BUB1,0.0025803703065321315,0.1075435979056731,0.05377179895283655,-0.05119142864630442,0.25,0.0002536329317168462,1.0
full_development,BUB1B,0.0,0.0,0.0,0.0,0.0,0.0,0.0
full_development,C1QA,0.0,0.0,0.0,0.0,0.0,0.00010654922574226955,0.5
full_development,C2orf49,-0.1345766413892573,0.19420107330495567,0.09710053665247784,-0.23167717804173513,0.0,-0.00034628498366248706,0.5
full_development,C3,-0.031625542046953115,0.06325108409390623,0.031625542046953115,-0.06325108409390623,0.0,2.663730643553963e-05,0.5
full_development,C4BPA,-0.21566931818625434,0.15533176237192736,0.07766588118596368,-0.293335199372218,0.0,-0.001052894456696346,1.0
full_development,C4BPB,0.0,0.0,0.0,0.0,0.0,0.0,0.0
full_development,C8G,0.0,0.0,0.0,0.0,0.0,0.0,0.0
full_development,CA12,0.0,0.0,0.0,0.0,0.0,0.0,0.0
full_development,CA2,0.0,0.0,0.0,0.0,0.0,0.0,0.0
full_development,CACNA2D2,0.0,0.0,0.0,0.0,0.0,0.0,0.0
full_development,CAMK1,0.0,0.0,0.0,0.0,0.0,8.925383791491548e-06,0.5
full_development,CAPN3,0.0,0.0,0.0,0.0,0.0,0.0,0.0
full_development,CARD8,0.0,0.0,0.0,0.0,0.0,0.0,0.0
full_development,CASP1,0.0,0.0,0.0,0.0,0.0,-0.00018297036772582653,0.5
full_development,CASP8AP2,0.0,0.0,0.0,0.0,0.0,-0.0005638229862196809,0.5
full_development,CASQ1,0.0,0.0,0.0,0.0,0.0,2.2313459478756625e-05,0.5
full_development,CBY1,0.0,0.0,0.0,0.0,0.0,0.0,0.0
full_development,CCL7,0.3500445908569052,0.42497958182602963,0.21248979091301481,0.1375547999438904,0.5,3.57015351660217e-05,0.5
full_development,CCND1,0.0,0.0,0.0,0.0,0.0,-2.7755575615628914e-17,0.5
full_development,CCRL2,0.0,0.0,0.0,0.0,0.0,0.00013318653217783694,0.5
full_development,CCS,-0.016355830294607188,0.0971640582342164,0.0485820291171082,-0.06493785941171538,0.25,0.0002454480542663229,0.5
full_development,CD207,0.0,0.0,0.0,0.0,0.0,0.0,0.0
full_development,CD209,0.055210884903384994,0.06729805777495218,0.03364902888747609,0.021561856015908903,0.5,0.00035271464552644183,1.0
full_development,CD3D,0.02598520004368865,0.0519704000873773,0.02598520004368865,0.0,0.25,0.0004227524072922817,1.0
full_development,CD48,-0.053406862909932684,0.06372974593095787,0.031864872965478935,-0.08527173587541162,0.0,-0.000443955107259586,0.5
full_development,CD55,0.0,0.0,0.0,0.0,0.0,0.0,0.0
full_development,CD63,0.0,0.0,0.0,0.0,0.0,0.0,0.0
full_development,CD96,0.0,0.0,0.0,0.0,0.0,-2.2313459478756625e-05,0.5
full_development,CDC25A,0.0,0.0,0.0,0.0,0.0,-0.00012430743003269407,0.5
full_development,CDIPT,0.06603410314918357,0.08069776767003334,0.04034888383501667,0.025685219314166896,0.5,0.0008021934355735838,1.0
full_development,CDKN2C,0.0,0.0,0.0,0.0,0.0,0.0,0.0
full_development,CEMIP,0.0,0.0,0.0,0.0,0.0,0.0,0.0
full_development,CENPF,0.007426649657123363,0.00857555635743443,0.004287778178717215,0.0031388714784061477,0.5,-5.7714163943789476e-05,0.5
full_development,CENPT,0.0,0.0,0.0,0.0,0.0,0.0,0.0
full_development,CEP164,0.0,0.0,0.0,0.0,0.0,0.0,0.0
full_development,CEP43,-0.07554502421556641,0.0873230432081364,0.0436615216040682,-0.11920654581963461,0.0,0.0001853503855374916,1.0
full_development,CEP57,0.0,0.0,0.0,0.0,0.0,0.0,0.0
full_development,CES1,0.0,0.0,0.0,0.0,0.0,0.0,0.0
full_development,CHCHD3,-0.00016178873991812281,0.22328509792653028,0.11164254896326514,-0.11180433770318327,0.25,-0.0018743305962156398,0.5
full_development,CHGB,0.0,0.0,0.0,0.0,0.0,-9.323057252452749e-05,0.5
full_development,CHMP1A,0.0,0.0,0.0,0.0,0.0,-1.7850767582983096e-05,0.5
full_development,CHRNA10,-0.054528369702911306,0.06573688660004766,0.03286844330002383,-0.08739681300293514,0.0,-0.00035516408580768544,0.5
full_development,CHRNA5,0.0,0.0,0.0,0.0,0.0,-5.771416394376172e-05,0.5
full_development,CHST1,0.004791401113743987,0.009582802227487974,0.004791401113743987,0.0,0.25,-0.00012049268118527467,0.5
full_development,CHST5,0.00839624935044192,0.01679249870088384,0.00839624935044192,0.0,0.25,0.00012141831411149884,1.0
full_development,CIAO3,0.030174551951869688,0.06034910390373937,0.030174551951869685,3.469446951953614e-18,0.25,-0.00011952076661272959,1.0
full_development,CLCN3,-0.05161932600608665,0.05960486353000236,0.02980243176500118,-0.08142175777108783,0.0,-0.00012049268118527467,0.5
full_development,CLDN16,0.0,0.0,0.0,0.0,0.0,0.0,0.0
full_development,CLDN9,0.0,0.0,0.0,0.0,0.0,-2.7755575615628914e-17,0.5
full_development,CLU,0.0,0.0,0.0,0.0,0.0,0.0,0.0
full_development,CNTRL,0.0,0.0,0.0,0.0,0.0,9.81792217065458e-05,0.5
full_development,COL15A1,0.016855759958462002,0.033711519916924004,0.016855759958462002,0.0,0.25,-2.7755575615628914e-17,0.5
full_development,COL19A1,-0.025809663003043326,0.05161932600608665,0.025809663003043326,-0.05161932600608665,0.0,-0.00022290318655601715,1.0
full_development,COL21A1,0.0,0.0,0.0,0.0,0.0,-0.00011591428517379598,1.0
full_development,COL4A5,0.0,0.0,0.0,0.0,0.0,-5.771416394376172e-05,0.5
full_development,COL5A1,0.007426649657123363,0.00857555635743443,0.004287778178717215,0.0031388714784061477,0.5,4.441865154908298e-05,1.0
full_development,COL5A3,0.0,0.0,0.0,0.0,0.0,0.00029744992186389596,0.5
full_development,COLEC10,0.0,0.0,0.0,0.0,0.0,0.0,0.0
full_development,COMMD3,0.0,0.0,0.0,0.0,0.0,6.22231374857729e-05,1.0
full_development,COMMD9,0.0037133248285616816,0.007426649657123363,0.0037133248285616816,0.0,0.25,-0.0003063290240091221,0.5
full_development,COPA,0.0,0.0,0.0,0.0,0.0,-8.925383791491548e-06,0.5
full_development,COQ4,0.0,0.0,0.0,0.0,0.0,0.0,0.0
full_development,COQ8B,0.0,0.0,0.0,0.0,0.0,-8.007390506881151e-05,1.0
full_development,CORT,-0.025809663003043326,0.05161932600608665,0.025809663003043326,-0.05161932600608665,0.0,5.225641665226877e-05,1.0
full_development,COX11,0.0,0.0,0.0,0.0,0.0,0.0,0.0
full_development,COX7A1,0.0,0.0,0.0,0.0,0.0,6.659326608890459e-05,0.5
full_development,CPA2,0.15006819553758532,0.34912506051333897,0.17456253025666948,-0.02449433471908416,0.25,-0.0004972297201307208,0.5
full_development,CPN2,0.0,0.0,0.0,0.0,0.0,0.0,0.0
full_development,CPS1,0.043623943612525196,0.08724788722505038,0.04362394361252519,6.938893903907228e-18,0.25,0.00038025444406511455,1.0
full_development,CPSF1,0.0,0.0,0.0,0.0,0.0,-1.785076758301085e-05,0.5
full_development,CREB3,0.0,0.0,0.0,0.0,0.0,0.0,0.0
full_development,CRH,0.020291218884732842,0.023430281370572247,0.011715140685286124,0.008576078199446719,0.5,-3.565525351975629e-05,1.0
full_development,CRIPTO,0.0,0.0,0.0,0.0,0.0,0.0,0.0
full_development,CRLF1,0.0,0.0,0.0,0.0,0.0,0.0,0.0
full_development,CSNK2B,0.0,0.0,0.0,0.0,0.0,0.0,0.0
full_development,CTDP1,0.0,0.0,0.0,0.0,0.0,-0.0005330006777661822,1.0
full_development,CTSC,-0.0019085819060560283,0.09856154588861364,0.04928077294430682,-0.05118935485036285,0.25,-0.0004798186281876615,1.0
full_development,CTSD,0.0,0.0,0.0,0.0,0.0,0.0,0.0
full_development,CTSE,0.0,0.0,0.0,0.0,0.0,0.0,0.0
full_development,CTSF,0.22538573252866456,0.26617993239499066,0.13308996619749533,0.09229576633116923,0.5,0.0004017348339102611,1.0
full_development,CTSS,0.0,0.0,0.0,0.0,0.0,1.3388075687237322e-05,0.5
full_development,CTSW,0.0,0.0,0.0,0.0,0.0,0.0,0.0
full_development,CXCL1,0.0,0.0,0.0,0.0,0.0,0.0,0.0
full_development,CYC1,0.05958232611291692,0.11916465222583385,0.059582326112916924,-6.938893903907228e-18,0.25,-9.36008256950116e-05,1.0
full_development,CYP27A1,0.0,0.0,0.0,0.0,0.0,0.0,0.0
full_development,CYP2W1,-0.04348765653571718,0.08697531307143436,0.04348765653571718,-0.08697531307143436,0.0,-0.00022197755362982075,0.5
full_development,CYP4F8,0.0,0.0,0.0,0.0,0.0,4.439551072571435e-06,0.5
full_development,CYTH1,0.022604573279387807,0.11222850359837779,0.05611425179918889,-0.033509678519801085,0.5,0.00020095998024771689,1.0
full_development,CYTH2,0.0,0.0,0.0,0.0,0.0,-4.9089610853259025e-05,0.5
full_development,DAPK1,0.0,0.0,0.0,0.0,0.0,0.0,0.0
full_development,DDC,0.0,0.0,0.0,0.0,0.0,0.0,0.0
full_development,DDRGK1,0.0,0.0,0.0,0.0,0.0,0.0,0.0
full_development,DDX46,0.1153073522909569,0.23061470458191377,0.11530735229095689,1.3877787807814457e-17,0.25,-0.0003470023491803087,1.0
full_development,DECR1,0.0,0.0,0.0,0.0,0.0,4.908961085328678e-05,0.5
full_development,DHCR24,0.0,0.0,0.0,0.0,0.0,0.0,0.0
full_development,DHFR,0.0,0.0,0.0,0.0,0.0,-3.9817114714429946e-05,1.0
full_development,DHX15,0.0,0.0,0.0,0.0,0.0,0.00011986787896006712,0.5
full_development,DIABLO,0.0,0.0,0.0,0.0,0.0,-9.767012359712668e-05,0.5
full_development,DKK2,-0.025809663003043326,0.05161932600608665,0.025809663003043326,-0.05161932600608665,0.0,4.69410012726712e-06,1.0
full_development,DLD,0.0,0.0,0.0,0.0,0.0,0.0001509447364682337,0.5
full_development,DLX6,0.0,0.0,0.0,0.0,0.0,-0.00014206563432306307,0.5
full_development,DNAJC11,0.0,0.0,0.0,0.0,0.0,4.016422706176748e-05,0.5
full_development,DNM1L,-0.031625542046953115,0.06325108409390623,0.031625542046953115,-0.06325108409390623,0.0,-3.0868590099791815e-05,1.0
full_development,DNM2,0.0,0.0,0.0,0.0,0.0,0.0,0.0
full_development,DNMT3A,0.0,0.0,0.0,0.0,0.0,0.00026184094999048835,1.0
full_development,DPAGT1,-0.025809663003043326,0.05161932600608665,0.025809663003043326,-0.05161932600608665,0.0,-0.00010710460549803735,0.5
full_development,DPF1,-0.0014509900950834265,0.10093303792635787,0.050466518963178934,-0.05191750905826236,0.25,-0.00020889030864357228,1.0
full_development,DPF2,0.0,0.0,0.0,0.0,0.0,-4.016422706176748e-05,0.5
full_development,DPYD,0.0,0.0,0.0,0.0,0.0,0.0,0.0
full_development,DRP2,0.0,0.0,0.0,0.0,0.0,-0.00023180542952436212,1.0
full_development,DSC1,0.0,0.0,0.0,0.0,0.0,-3.107685750819433e-05,0.5
full_development,DSCC1,-0.09191745915924443,0.12488233592493182,0.06244116796246591,-0.15435862712171033,0.0,0.0001606569082470699,0.5
full_development,DSP,-0.09196018489331692,0.10618647500576857,0.053093237502884284,-0.1450534223962012,0.0,-0.0002409853623705771,0.5
full_development,DUSP4,0.0,0.0,0.0,0.0,0.0,0.0,0.0
full_development,DUSP7,0.0,0.0,0.0,0.0,0.0,-0.00014280614066405906,0.5
full_development,DYNC2I1,-0.01603457810788278,0.06098804539749565,0.030494022698747826,-0.046528600806630606,0.25,0.0006070186611148165,1.0
full_development,E2F2,0.0,0.0,0.0,0.0,0.0,0.0,0.0
full_development,EGLN3,-0.020170429443615134,0.04034085888723027,0.020170429443615134,-0.04034085888723027,0.0,-2.67761513745024e-05,0.5
full_development,EIF2B5,-0.040298133153159554,0.08059626630631911,0.040298133153159554,-0.08059626630631911,0.0,3.5724675989168286e-05,1.0
full_development,EIF2S1,0.04782007498258878,0.07400690726621473,0.037003453633107364,0.010816621349481415,0.5,0.0005846126383434458,0.5
full_development,EIF3G,0.0,0.0,0.0,0.0,0.0,0.0,0.0
full_development,EIF3L,0.0,0.0,0.0,0.0,0.0,0.0,0.0
full_development,EIF4B,0.0,0.0,0.0,0.0,0.0,0.0,0.0
full_development,ELF3,0.0037133248285616816,0.007426649657123363,0.0037133248285616816,0.0,0.25,0.00035953421441073385,1.0
full_development,ELOC,0.0,0.0,0.0,0.0,0.0,0.0,0.0
full_development,ENO3,0.0,0.0,0.0,0.0,0.0,-0.000221977553629793,0.5
full_development,ENTPD4,0.0,0.0,0.0,0.0,0.0,-2.2197755362995952e-05,0.5
full_development,EPAS1,0.0,0.0,0.0,0.0,0.0,0.0,0.0
full_development,EPB41L1,0.0,0.0,0.0,0.0,0.0,0.0,0.0
full_development,EPHA4,-0.07765893599766471,0.15531787199532943,0.07765893599766471,-0.15531787199532943,0.0,-1.785076758301085e-05,0.5
full_development,EPRS1,0.0,0.0,0.0,0.0,0.0,0.0,0.0
full_development,ETNK1,0.02598520004368865,0.0519704000873773,0.02598520004368865,0.0,0.25,-5.35523027490048e-05,0.5
full_development,EVC,0.0,0.0,0.0,0.0,0.0,0.0,0.0
full_development,EXOSC2,-0.0253831508381257,0.050766301676251395,0.025383150838125697,-0.0507663016762514,0.0,-0.0002983524139670013,1.0
full_development,EYA4,0.0,0.0,0.0,0.0,0.0,9.824864417601331e-05,1.0
full_development,F12,0.0,0.0,0.0,0.0,0.0,-0.00010654922574232506,0.5
full_development,F2R,-0.0928090701336064,0.09035253769858417,0.04517626884929209,-0.1379853389828985,0.0,8.811993758037207e-05,1.0
full_development,FAM13B,0.16014179808827755,0.18660923338349875,0.09330461669174937,0.06683718139652818,0.5,-0.00012430743003272182,0.5
full_development,FARP2,0.0,0.0,0.0,0.0,0.0,-5.801499464477833e-05,0.5
full_development,FAS,0.0,0.0,0.0,0.0,0.0,0.0,0.0
full_development,FBL,0.0,0.0,0.0,0.0,0.0,0.00018202159397640028,0.5
full_development,FBLN1,0.0,0.0,0.0,0.0,0.0,1.7850767582983096e-05,0.5
full_development,FBP2,0.0,0.0,0.0,0.0,0.0,9.304544593921604e-05,1.0
full_development,FBXL8,0.024004543713292747,0.028373595270912974,0.014186797635456487,0.00981774607783626,0.5,-0.00026193351328315795,0.5
full_development,FBXO2,0.0,0.0,0.0,0.0,0.0,4.439551072571435e-06,0.5
full_development,FCGR1A,0.020291218884732842,0.023430281370572247,0.011715140685286124,0.008576078199446719,0.5,-0.0002885708197187531,0.5
full_development,FCGR1BP,0.02598520004368865,0.0519704000873773,0.02598520004368865,0.0,0.25,0.0002798999849819017,1.0
full_development,FFAR2,0.0,0.0,0.0,0.0,0.0,-0.00018743305962154455,0.5
full_development,FGF12,-0.031625542046953115,0.06325108409390623,0.031625542046953115,-0.06325108409390623,0.0,-0.0009500639295354496,0.5
full_development,FGF18,-0.025809663003043326,0.05161932600608665,0.025809663003043326,-0.05161932600608665,0.0,-8.925383791491548e-06,0.5
full_development,FIP1L1,0.007426649657123363,0.00857555635743443,0.004287778178717215,0.0031388714784061477,0.5,0.0006392953544537283,0.5
full_development,FKBP8,0.0,0.0,0.0,0.0,0.0,0.0,0.0
full_development,FN3KRP,-0.06290019338969444,0.07263088717123921,0.036315443585619604,-0.09921563697531405,0.0,0.00029900035701535543,0.5
full_development,FOLH1,0.0,0.0,0.0,0.0,0.0,0.0,0.0
full_development,FOXA2,-0.031625542046953115,0.06325108409390623,0.031625542046953115,-0.06325108409390623,0.0,1.3272371571448893e-05,1.0
full_development,FOXL2,0.018868323833359568,0.021910816352811377,0.010955408176405688,0.00791291565695388,0.5,-0.0005904371518320461,1.0
full_development,FRAT1,-0.08616618881591798,0.07087467334988054,0.03543733667494027,-0.12160352549085825,0.0,0.0006011443790065463,1.0
full_development,FTCD,0.0,0.0,0.0,0.0,0.0,0.0,0.0
full_development,FTL,0.0,0.0,0.0,0.0,0.0,0.0,0.0
full_development,FUZ,0.0,0.0,0.0,0.0,0.0,0.0,0.0
full_development,G3BP2,0.0,0.0,0.0,0.0,0.0,0.0,0.0
full_development,GABBR1,0.0,0.0,0.0,0.0,0.0,0.0,0.0
full_development,GALNT10,-0.08870985639273776,0.11076531364334524,0.05538265682167262,-0.14409251321441038,0.0,-0.00038379150303463616,0.5
full_development,GALNT14,0.028847804056209014,0.03331057487476371,0.016655287437381854,0.01219251661882716,0.5,-0.00023085665577499137,0.5
full_development,GAPDH,0.24177526644039204,0.279183037024745,0.1395915185123725,0.10218374792801954,0.5,0.000451472387811902,1.0
full_development,GAPDHS,0.0,0.0,0.0,0.0,0.0,0.0,0.0
full_development,GAS6,0.0,0.0,0.0,0.0,0.0,0.00024417530899273343,0.5
full_development,GATAD2A,0.010145609442366421,0.020291218884732842,0.010145609442366421,0.0,0.25,-8.918441544558675e-05,1.0
full_development,GCG,0.034205912353485246,0.06841182470697049,0.034205912353485246,0.0,0.25,0.00017404498393433498,0.5
full_development,GCH1,0.0,0.0,0.0,0.0,0.0,0.0,0.0
full_development,GCHFR,0.0,0.0,0.0,0.0,0.0,5.3552302749032554e-05,0.5
full_development,GCNT1,0.0,0.0,0.0,0.0,0.0,-6.215371501636091e-05,0.5
full_development,GDNF,0.0,0.0,0.0,0.0,0.0,-0.0002007748536624887,1.0
full_development,GEMIN6,0.0,0.0,0.0,0.0,0.0,0.0,0.0
full_development,GFPT2,0.0,0.0,0.0,0.0,0.0,0.0,0.5
full_development,GHR,-0.09255595490479962,0.159305578729134,0.079652789364567,-0.1722087442693666,0.25,-1.4578718588731387e-06,1.0
full_development,GHRHR,0.0,0.0,0.0,0.0,0.0,0.0,0.0
full_development,GJA1,-0.0253831508381257,0.050766301676251395,0.025383150838125697,-0.0507663016762514,0.0,0.0001249553730810482,0.5
full_development,GK,0.0,0.0,0.0,0.0,0.0,-1.8128457460880876e-05,1.0
full_development,GLB1L2,0.0,0.0,0.0,0.0,0.0,0.0,0.0
full_development,GLI2,0.0,0.0,0.0,0.0,0.0,0.0,0.0
full_development,GLTP,-0.025809663003043326,0.05161932600608665,0.025809663003043326,-0.05161932600608665,0.0,-2.2313459478756625e-05,0.5
full_development,GLUD2,0.0,0.0,0.0,0.0,0.0,0.00013318653217783694,0.5
full_development,GMPS,0.0,0.0,0.0,0.0,0.0,0.0,0.0
full_development,GNA14,0.0,0.0,0.0,0.0,0.0,-9.735312601982793e-06,1.0
full_development,GOT2,0.0,0.0,0.0,0.0,0.0,0.0,0.0
full_development,GP5,0.0,0.0,0.0,0.0,0.0,0.00026193351328310244,0.5
full_development,GP6,0.0,0.0,0.0,0.0,0.0,-3.107685750819433e-05,0.5
full_development,GPC3,-0.0233253199346386,0.0466506398692772,0.0233253199346386,-0.0466506398692772,0.0,-0.00015173152445552285,0.5
full_development,GPKOW,0.0,0.0,0.0,0.0,0.0,0.0,0.0
full_development,GPR18,-0.09191745915924443,0.12488233592493182,0.06244116796246591,-0.15435862712171033,0.0,0.0005132095680114301,0.5
full_development,GPX2,0.0,0.0,0.0,0.0,0.0,0.0002048672923877226,1.0
full_development,GRIA3,0.0,0.0,0.0,0.0,0.0,0.0002752521665009,0.5
full_development,GSTA3,0.0,0.0,0.0,0.0,0.0,0.0,0.0
full_development,GTF2E1,0.0,0.0,0.0,0.0,0.0,1.775820429034125e-05,0.5
full_development,GTF2E2,0.0,0.0,0.0,0.0,0.0,4.4395510725936393e-05,0.5
full_development,GTF2F1,0.0,0.0,0.0,0.0,0.0,0.00013318653217783694,0.5
full_development,GTF2H1,-0.0976841652147371,0.10773417599962487,0.053867087999812435,-0.15155125321454954,0.0,0.0006911155824393944,1.0
full_development,GTF2H2,0.0,0.0,0.0,0.0,0.0,-0.00014576467905469404,1.0
full_development,GTPBP3,0.0,0.0,0.0,0.0,0.0,0.0,0.0
full_development,H1-3,0.06432274641903746,0.08272958287747997,0.04136479143873999,0.02295795498029747,0.5,-0.0001781374226595689,1.0
full_development,H2AC14,-0.031625542046953115,0.06325108409390623,0.031625542046953115,-0.06325108409390623,0.0,-0.00012400659933167746,1.0
full_development,H2AC4,0.0,0.0,0.0,0.0,0.0,0.0,0.0
full_development,H2AC6,0.0,0.0,0.0,0.0,0.0,0.0,0.0
full_development,H2AC7,0.0,0.0,0.0,0.0,0.0,-0.00010264191360229158,0.5
full_development,H2BC14,0.11203576831949569,0.14768484596399759,0.07384242298199879,0.038193345337496895,0.5,-0.00027668689753657105,0.5
full_development,H2BC5,0.0,0.0,0.0,0.0,0.0,0.0,0.0
full_development,H3C11,-0.034471332149697886,0.06520350256135804,0.03260175128067902,-0.0670730834303769,0.0,-0.00039118959249787033,1.0
full_development,H3C8,0.0,0.0,0.0,0.0,0.0,0.0,0.0
full_development,H4C4,-0.03658480832459787,0.08336638065392382,0.04168319032696191,-0.07826799865155978,0.25,0.00011935878085062024,1.0
full_development,HCRTR1,0.03278301730211197,0.06941229533366142,0.03470614766683071,-0.0019231303647187364,0.25,-0.00019610389435836817,1.0
full_development,HDAC2,0.027001369400828423,0.03304796896265203,0.016523984481326016,0.010477384919502408,0.5,-0.00010654922574232506,0.5
full_development,HDC,0.0,0.0,0.0,0.0,0.0,0.0,0.0
full_development,HDGF,0.0,0.0,0.0,0.0,0.0,0.0,0.0
full_development,HEATR1,0.0,0.0,0.0,0.0,0.0,-0.00012874698110529326,0.5
full_development,HELLS,0.0,0.0,0.0,0.0,0.0,0.0,0.0
full_development,HERC6,0.0622452912860485,0.124490582572097,0.0622452912860485,0.0,0.25,0.00018646114504899947,0.5
full_development,HLA-DMA,0.0519704000873773,0.06001024896067966,0.03000512448033983,0.02196527560703747,0.5,5.7089361718498655e-05,1.0
full_development,HLTF,0.0,0.0,0.0,0.0,0.0,2.2197755362968197e-05,0.5
full_development,HMGA2,0.0,0.0,0.0,0.0,0.0,0.0,0.0
full_development,HMGCL,0.15396916821124051,0.18314849332648522,0.09157424666324261,0.0623949215479979,0.5,0.00016958229203856146,0.5
full_development,HOXA2,0.034205912353485246,0.06841182470697049,0.034205912353485246,0.0,0.25,9.81792217065458e-05,0.5
full_development,HSD17B8,0.0,0.0,0.0,0.0,0.0,0.0,0.0
full_development,HSPA6,-0.025809663003043326,0.05161932600608665,0.025809663003043326,-0.05161932600608665,0.0,6.24776865405241e-05,0.5
full_development,HTR1B,0.0,0.0,0.0,0.0,0.0,2.219775536294044e-05,0.5
full_development,HTR2B,0.0,0.0,0.0,0.0,0.0,0.0,0.0
full_development,HTR2C,0.0,0.0,0.0,0.0,0.0,0.0,0.0
full_development,ICAM4,-0.031625542046953115,0.06325108409390623,0.031625542046953115,-0.06325108409390623,0.0,-0.00014650518539569002,0.5
full_development,IFI16,0.0,0.0,0.0,0.0,0.0,0.0,0.0
full_development,IFI35,0.0,0.0,0.0,0.0,0.0,0.0,0.0
full_development,IFITM2,0.0,0.0,0.0,0.0,0.0,0.0,0.0
full_development,IFNA1,0.0,0.0,0.0,0.0,0.0,0.0,0.0
full_development,IFNA14,0.0,0.0,0.0,0.0,0.0,0.0,0.0
full_development,IFNA5,0.0,0.0,0.0,0.0,0.0,0.0,0.0
full_development,IFNGR2,0.0,0.0,0.0,0.0,0.0,0.0,0.0
full_development,IFT81,0.0,0.0,0.0,0.0,0.0,0.0,0.0
full_development,IGLV6-57,0.033183672823980714,0.09624298900663643,0.048121494503318214,-0.0149378216793375,0.25,0.00017404498393433498,0.5
full_development,IL12RB2,0.13286706983410035,0.18057099047551614,0.09028549523775807,0.04258157459634228,0.5,-0.00020974651910032893,0.5
full_development,IL18,0.0,0.0,0.0,0.0,0.0,2.2313459478756625e-05,0.5
full_development,IL18BP,0.0,0.0,0.0,0.0,0.0,0.0,0.0
full_development,IL24,0.0,0.0,0.0,0.0,0.0,-4.4395510725991905e-06,0.5
full_development,IL25,0.0,0.0,0.0,0.0,0.0,0.0,0.0
full_development,IL2RB,0.060822396234675224,0.12164479246935045,0.060822396234675224,0.0,0.25,-0.00016870294075863046,0.5
full_development,IL2RG,0.0,0.0,0.0,0.0,0.0,-3.9955959653392714e-05,0.5
full_development,INO80D,0.0,0.0,0.0,0.0,0.0,0.0,0.0
full_development,INPP5F,0.0,0.0,0.0,0.0,0.0,0.0,0.0
full_development,INSR,0.22493780894025583,0.25986545489080665,0.12993272744540332,0.09500508149485251,0.5,0.0003107685750816658,0.5
full_development,INTS8,0.0,0.0,0.0,0.0,0.0,0.00029453766511960966,0.5
full_development,ITFG2,0.0,0.0,0.0,0.0,0.0,0.0,0.0
full_development,ITGAE,0.0,0.0,0.0,0.0,0.0,-2.7755575615628914e-17,0.5
full_development,ITGB1,0.0,0.0,0.0,0.0,0.0,-0.00018662313081113657,1.0
full_development,ITGB4,0.0,0.0,0.0,0.0,0.0,0.0,0.0
full_development,ITGB7,0.0,0.0,0.0,0.0,0.0,0.0,0.0
full_development,ITIH4,0.0,0.0,0.0,0.0,0.0,0.0,0.0
full_development,ITM2B,0.0,0.0,0.0,0.0,0.0,0.0,0.0
full_development,ITPR2,0.0,0.0,0.0,0.0,0.0,0.0,0.0
full_development,IVL,0.0,0.0,0.0,0.0,0.0,0.0,0.0
full_development,KAT2A,0.0,0.0,0.0,0.0,0.0,-0.00014206563432306307,0.5
full_development,KCND2,0.0,0.0,0.0,0.0,0.0,0.0,0.0
full_development,KCND3,0.0,0.0,0.0,0.0,0.0,3.99559596533372e-05,0.5
full_development,KCNK12,0.0,0.0,0.0,0.0,0.0,0.0,0.0
full_development,KCNMB1,-0.11463092129277008,0.143559342417565,0.0717796712087825,-0.18641059250155256,0.0,-0.001628740210037033,1.0
full_development,KCNMB4,0.0,0.0,0.0,0.0,0.0,0.0,0.0
full_development,KDM5A,-0.05461106626263046,0.07600727860727066,0.03800363930363533,-0.09261470556626579,0.0,-0.00018743305962154455,0.5
full_development,KHDRBS1,-0.037360802844506935,0.07472160568901387,0.037360802844506935,-0.07472160568901387,0.0,0.0005492315877282661,1.0
full_development,KIF13B,0.07186780746441457,0.09624943732968526,0.04812471866484263,0.02374308879957194,0.5,3.123884327024817e-05,0.5
full_development,KIF24,0.0,0.0,0.0,0.0,0.0,-0.00016511960014281568,0.5
full_development,KIF3A,0.0,0.0,0.0,0.0,0.0,-4.4395510725991905e-05,0.5
full_development,KIF5B,0.0,0.0,0.0,0.0,0.0,0.0,0.0
full_development,KIFC1,0.043623943612525196,0.08724788722505038,0.04362394361252519,6.938893903907228e-18,0.25,-0.00019189575151731808,0.5
full_development,KIR2DS4,0.15768919387124036,0.3153783877424808,0.1576891938712404,-2.7755575615628914e-17,0.25,0.0007058886205426607,0.5
full_development,KLHDC10,0.02598520004368865,0.0519704000873773,0.02598520004368865,0.0,0.25,-0.0001602866550765858,1.0
full_development,KLHDC3,-0.024198892389827975,0.05871894881463108,0.02935947440731554,-0.053558366797143514,0.25,-0.00027085889707467725,1.0
full_development,KLHL25,0.0,0.0,0.0,0.0,0.0,0.0,0.0
full_development,KLHL41,0.0,0.0,0.0,0.0,0.0,0.0,0.0
full_development,KLK7,0.0,0.0,0.0,0.0,0.0,-4.439551072626946e-06,0.5
full_development,KNL1,0.09779424323216368,0.1667618367322024,0.0833809183661012,0.014413324866062477,0.75,0.0001774200571417195,1.0
full_development,KRAS,0.0,0.0,0.0,0.0,0.0,0.0,0.0
full_development,KRT14,0.0,0.0,0.0,0.0,0.0,-0.0002530544111379873,0.5
full_development,KRT36,-0.04227632952437688,0.04881650046249662,0.02440825023124831,-0.0666845797556252,0.0,0.0006659326608892957,0.5
full_development,KRT38,-0.0842472652331363,0.1248974112612923,0.06244870563064615,-0.14669597086378244,0.0,0.0008124876149046278,1.0
full_development,KRTAP5-8,0.0,0.0,0.0,0.0,0.0,0.00011098877681484098,0.5
full_development,LAG3,0.0,0.0,0.0,0.0,0.0,0.0,0.0
full_development,LAIR1,0.0,0.0,0.0,0.0,0.0,0.0,0.0
full_development,LALBA,0.0,0.0,0.0,0.0,0.0,0.0,0.0
full_development,LAMA2,-0.05953775926534277,0.0690151900275368,0.0345075950137684,-0.09404535427911118,0.0,-0.0003326886405668472,1.0
full_development,LAMA3,0.293506317848534,0.38216123206143815,0.19108061603071907,0.10242570181781491,0.5,-0.00014726883255980483,0.5
full_development,LAMA5,-0.038335717410562964,0.045156873529187375,0.022578436764593687,-0.06091415417515665,0.0,0.00010264191360229158,0.5
full_development,LAMC2,0.04703109869769939,0.08445076681971106,0.04222538340985553,0.004805715287843862,0.5,0.0005890290485928706,1.0
full_development,LAS1L,0.0,0.0,0.0,0.0,0.0,2.663730643553963e-05,1.0
full_development,LGALS3,-0.02206002227447712,0.1277520476112148,0.0638760238056074,-0.08593604608008452,0.5,-9.33694174634625e-05,1.0
full_development,LGALS3BP,-0.03994705907186713,0.08036289856851862,0.04018144928425931,-0.08012850835612645,0.25,-0.00018297036772579878,0.5
full_development,LGALS7,0.010145609442366421,0.020291218884732842,0.010145609442366421,0.0,0.25,9.843377076124149e-05,1.0
full_development,LGMN,0.0,0.0,0.0,0.0,0.0,0.0,0.0
full_development,LIAS,0.0,0.0,0.0,0.0,0.0,-2.2197755362995952e-05,0.5
full_development,LILRA3,0.043623943612525196,0.08724788722505038,0.04362394361252519,6.938893903907228e-18,0.25,-7.586576222776142e-05,0.5
full_development,LIN7B,0.0,0.0,0.0,0.0,0.0,-8.92538379150265e-05,0.5
full_development,LIN7C,0.0,0.0,0.0,0.0,0.0,0.0,0.0
full_development,LMF2,0.0037133248285616816,0.007426649657123363,0.0037133248285616816,0.0,0.25,3.947000236706466e-05,1.0
full_development,LSM5,0.0,0.0,0.0,0.0,0.0,0.0,0.0
full_development,LTBP2,-0.09689384795317046,0.11276816739582506,0.05638408369791253,-0.153277931651083,0.0,-8.435147037932911e-05,0.5
full_development,LZTFL1,0.0,0.0,0.0,0.0,0.0,0.0,0.0
full_development,MAGOH,0.0,0.0,0.0,0.0,0.0,8.925383791491548e-06,0.5
full_development,MAN2A1,-0.016989132052492195,0.02112820259268247,0.010564101296341236,-0.02755323334883343,0.0,-0.0005533737950731699,0.5
full_development,MANEA,0.0,0.0,0.0,0.0,0.0,-0.0003211055490857373,1.0
full_development,MAP3K7,0.24731471159859275,0.3530588173579173,0.17652940867895864,0.07078530291963411,0.5,-0.0005941824782099703,1.0
full_development,MAPK14,-0.06948464908517771,0.14218124272204488,0.07109062136102244,-0.14057527044620016,0.25,-0.001043294502059977,0.5
full_development,MAPK6,0.0,0.0,0.0,0.0,0.0,0.0,0.0
full_development,MAPKAPK2,0.0,0.0,0.0,0.0,0.0,0.0,0.0
full_development,MARK4,0.0,0.0,0.0,0.0,0.0,0.0,0.0
full_development,MBIP,0.0,0.0,0.0,0.0,0.0,0.0,0.0
full_development,MBTPS1,0.0,0.0,0.0,0.0,0.0,0.0,0.0
full_development,MCM4,0.0,0.0,0.0,0.0,0.0,0.0,0.0
full_development,MDC1,0.048574213397916566,0.05608867036192291,0.028044335180961454,0.02052987821695511,0.5,-0.0002722242056408253,0.5
full_development,MDH2,0.0,0.0,0.0,0.0,0.0,0.0,0.0
full_development,ME1,0.007426649657123363,0.00857555635743443,0.004287778178717215,0.0031388714784061477,0.5,-5.299692299326475e-05,1.0
full_development,ME2,0.0,0.0,0.0,0.0,0.0,0.0,0.0
full_development,MED16,-0.13336566702426822,0.07291298728875036,0.03645649364437518,-0.1698221606686434,0.0,-8.407378050148684e-05,1.0
full_development,MED25,0.0,0.0,0.0,0.0,0.0,0.0,0.0
full_development,MED7,0.0,0.0,0.0,0.0,0.0,0.0,0.0
full_development,MEF2A,0.0,0.0,0.0,0.0,0.0,0.0,0.0
full_development,MEFV,-0.04356264172595914,0.05030180585418746,0.02515090292709373,-0.06871354465305288,0.0,0.0008035587441397873,0.5
full_development,MEN1,0.0,0.0,0.0,0.0,0.0,0.0,0.0
full_development,METAP2,0.0,0.0,0.0,0.0,0.0,0.0,0.0
full_development,METTL3,0.0,0.0,0.0,0.0,0.0,0.0,0.0
full_development,MEX3C,0.15565971193202088,0.1797403531718637,0.08987017658593185,0.06578953534608903,0.5,-0.00012941806497679398,0.5
full_development,MFN2,0.007426649657123363,0.00857555635743443,0.004287778178717215,0.0031388714784061477,0.5,-0.0001723557038439405,1.0
full_development,MGLL,0.0,0.0,0.0,0.0,0.0,0.0004173178008239631,0.5
full_development,MIEF1,0.0,0.0,0.0,0.0,0.0,0.0,0.0
full_development,MME,0.0,0.0,0.0,0.0,0.0,0.0,0.0
full_development,MMP11,0.0,0.0,0.0,0.0,0.0,0.0,0.0
full_development,MMP16,0.0,0.0,0.0,0.0,0.0,0.0,0.0
full_development,MOB1A,0.0,0.0,0.0,0.0,0.0,-7.586576222778918e-05,0.5
full_development,MOGS,0.0,0.0,0.0,0.0,0.0,-1.7758204290424517e-05,0.5
full_development,MPC1,-0.021479932604586693,0.04295986520917339,0.021479932604586693,-0.04295986520917339,0.0,0.00020421934933936847,0.5
full_development,MPL,0.15768919387124036,0.3153783877424807,0.15768919387124036,0.0,0.25,6.659326608890459e-05,0.5
full_development,MRM1,0.0,0.0,0.0,0.0,0.0,9.767012359707117e-05,0.5
full_development,MRPL16,0.010004122508254554,0.020008245016509107,0.010004122508254554,0.0,0.25,-3.5400704465005095e-05,1.0
full_development,MRPL28,0.0,0.0,0.0,0.0,0.0,-0.0001913403717616058,1.0
full_development,MRPL40,0.0,0.0,0.0,0.0,0.0,0.0,0.0
full_development,MRPL41,0.0,0.0,0.0,0.0,0.0,-0.00016511960014278793,0.5
full_development,MTHFS,0.0,0.0,0.0,0.0,0.0,-0.0001249553730810482,0.5
full_development,MTM1,-0.08254320653590419,0.10786382599848628,0.05393191299924314,-0.13647511953514732,0.0,-0.00038379150303463616,0.5
full_development,MTMR7,0.11544385562049975,0.25078585868715875,0.12539292934357937,-0.009949073723079627,0.25,0.0008334357658171809,1.0
full_development,MTRR,-0.02862586621894181,0.03305430313458454,0.01652715156729227,-0.04515301778623408,0.0,-0.0003477428555213047,1.0
full_development,MUC13,0.0,0.0,0.0,0.0,0.0,-0.00011986787896009488,0.5
full_development,MUC3A,0.0,0.0,0.0,0.0,0.0,0.0,0.0
full_development,MXRA8,0.0959568112029725,0.150362505037273,0.0751812525186365,0.020775558684336004,0.5,-0.0003641126104223513,1.0
full_development,MYBPC1,0.0,0.0,0.0,0.0,0.0,0.0,0.0
full_development,MYL11,0.0,0.0,0.0,0.0,0.0,0.0,0.0
full_development,MYO3A,0.0,0.0,0.0,0.0,0.0,0.0,0.0
full_development,MYRIP,0.010145609442366421,0.020291218884732842,0.010145609442366421,0.0,0.25,5.7714163943733965e-05,0.5
full_development,NAT10,0.0,0.0,0.0,0.0,0.0,0.0,0.0
full_development,NBEA,0.0,0.0,0.0,0.0,0.0,0.0,0.0
full_development,NCAPD3,0.0,0.0,0.0,0.0,0.0,0.0,0.0
full_development,NCF1,0.0,0.0,0.0,0.0,0.0,0.0,0.0
full_development,NCK1,0.0,0.0,0.0,0.0,0.0,-0.00012430743003269407,0.5
full_development,NDOR1,0.0006020492055629489,0.0838870463411391,0.04194352317056955,-0.0413414739650066,0.25,-0.00029354260972389024,1.0
full_development,NDST2,0.0,0.0,0.0,0.0,0.0,0.0,0.0
full_development,NDUFA8,0.0,0.0,0.0,0.0,0.0,-0.00013388075687253975,0.5
full_development,NDUFAB1,0.0,0.0,0.0,0.0,0.0,0.0,0.0
full_development,NEDD8,-0.007417693631039057,0.0827630995932946,0.0413815497966473,-0.04879924342768636,0.5,-0.00010213281549287245,1.0
full_development,NEIL1,-0.1005653777902431,0.12920441672527408,0.06460220836263704,-0.16516758615288013,0.0,-1.3388075687237322e-05,0.5
full_development,NEK2,0.06349210604054534,0.09577751628813731,0.047888758144068656,0.015603347896476681,0.5,-0.00031243471434894143,1.0
full_development,NELFB,0.0,0.0,0.0,0.0,0.0,0.0,0.0
full_development,NF1,0.0,0.0,0.0,0.0,0.0,0.0,0.0
full_development,NFATC3,0.0,0.0,0.0,0.0,0.0,5.671910854801454e-05,1.0
full_development,NGB,0.0037133248285616816,0.007426649657123363,0.0037133248285616816,0.0,0.25,0.0001247933873189111,1.0
full_development,NKX6-1,0.0,0.0,0.0,0.0,0.0,0.0,0.0
full_development,NLGN4Y,0.3374841678716951,0.4008268182176817,0.20041340910884084,0.13707075876285427,0.5,0.0004266365786091131,1.0
full_development,NLK,0.0,0.0,0.0,0.0,0.0,-1.3388075687237322e-05,0.5
full_development,NLRP3,0.20067658635750973,0.20367626839609734,0.10183813419804867,0.09883845215946106,0.75,-5.664968607857479e-05,1.0
full_development,NMRK1,0.060349103903739376,0.06968514276835325,0.034842571384176624,0.025506532519562752,0.5,1.810531663767878e-05,1.0
full_development,NOD2,0.0,0.0,0.0,0.0,0.0,0.0,0.0
full_development,NPHS2,0.0,0.0,0.0,0.0,0.0,9.323057252447198e-05,0.5
full_development,NPR1,0.0,0.0,0.0,0.0,0.0,0.0,0.0
full_development,NPY1R,0.02152760543804355,0.1147081279990878,0.0573540639995439,-0.03582645856150035,0.5,-0.00037620480001282486,1.0
full_development,NR2C1,0.0,0.0,0.0,0.0,0.0,0.0,0.0
full_development,NR3C1,0.0,0.0,0.0,0.0,0.0,0.0,0.0
full_development,NR4A1,0.0,0.0,0.0,0.0,0.0,0.0,0.0
full_development,NRG2,0.0,0.0,0.0,0.0,0.0,0.00015982383861340432,0.5
full_development,NRP1,0.0,0.0,0.0,0.0,0.0,0.0,0.0
full_development,NRP2,0.0,0.0,0.0,0.0,0.0,-0.0001732119143007249,1.0
full_development,NRXN2,0.0,0.0,0.0,0.0,0.0,-1.785076758301085e-05,0.5
full_development,NUDT9,0.0,0.0,0.0,0.0,0.0,0.0,0.0
full_development,NUP43,0.0,0.0,0.0,0.0,0.0,0.0,0.0
full_development,OMG,0.0,0.0,0.0,0.0,0.0,0.0,0.0
full_development,OPN1MW,0.0,0.0,0.0,0.0,0.0,0.0,0.0
full_development,OPN3,0.12606365182428902,0.25212730364857805,0.12606365182428902,0.0,0.25,-3.5516408580793524e-05,0.5
full_development,OR10H2,-0.005377115513123698,0.07576804457282733,0.03788402228641367,-0.043261137799537365,0.25,-8.486056848874823e-05,1.0
full_development,OR12D2,0.04389334527448341,0.08778669054896682,0.04389334527448341,0.0,0.25,-0.000953141659015222,1.0
full_development,OR2F1,-0.051578817159688484,0.10869767001822404,0.05434883500911202,-0.10592765216880051,0.25,-0.0003658018905126903,1.0
full_development,OR2W1,0.0,0.0,0.0,0.0,0.0,0.00013799633642092024,1.0
full_development,OR7A17,0.0,0.0,0.0,0.0,0.0,0.0,0.0
full_development,OR7C1,0.0,0.0,0.0,0.0,0.0,0.0,0.0
full_development,OR7C2,0.04806484662441335,0.06150162022436664,0.03075081011218332,0.017314036512230027,0.75,-0.00015621735717447072,1.0
full_development,ORMDL2,0.22004226080542466,0.262538460670118,0.131269230335059,0.08877303047036567,0.5,0.00017404498393430723,0.5
full_development,OTUD3,-0.024198892389827975,0.05871894881463108,0.02935947440731554,-0.053558366797143514,0.25,0.00011542832788746793,0.5
full_development,OXSM,-0.010123581201289866,0.11567359588177031,0.05783679794088516,-0.06796037914217502,0.25,-0.0005705997604310287,1.0
full_development,OXTR,0.0,0.0,0.0,0.0,0.0,9.13365119986631e-06,1.0
full_development,P2RY10,0.3016676285683282,0.21602440498790312,0.10801220249395156,0.19365542607437664,1.0,0.0007772454092283831,1.0
full_development,PACS1,-0.040298133153159554,0.08059626630631911,0.040298133153159554,-0.08059626630631911,0.0,-0.00029442196100382123,1.0
full_development,PACSIN3,-0.037672609744449304,0.044349155056304226,0.022174577528152113,-0.05984718727260142,0.0,-0.00015094473646826145,0.5
full_development,PANK2,0.01736571073668003,0.02005219553698278,0.01002609776849139,0.007339612968188639,0.5,-0.0002187181845381414,1.0
full_development,PARP16,-0.02476314673091018,0.05235420602699047,0.026177103013495236,-0.05094024974440542,0.25,-0.0002499107461620964,0.5
full_development,PCBP2,-0.11501973884217165,0.14822244272075508,0.07411122136037754,-0.1891309602025492,0.0,0.00011602998928955666,0.5
full_development,PCMT1,0.022671611471977826,0.06686492691615652,0.03343246345807826,-0.010760851986100432,0.25,4.462691895751325e-05,0.5
full_development,PCSK6,-0.007620998333656814,0.04642216935466266,0.02321108467733133,-0.030832083010988144,0.25,-0.00014206563432306307,0.5
full_development,PDE10A,0.0,0.0,0.0,0.0,0.0,0.00015094473646820594,0.5
full_development,PDE8A,0.0,0.0,0.0,0.0,0.0,0.0,0.0
full_development,PDK3,0.030174551951869688,0.06034910390373937,0.030174551951869685,3.469446951953614e-18,0.25,0.0006934030369585009,1.0
full_development,PDK4,0.0,0.0,0.0,0.0,0.0,0.0,0.0
full_development,PEA15,0.0,0.0,0.0,0.0,0.0,0.0,0.0
full_development,PELI2,0.0,0.0,0.0,0.0,0.0,-2.2313459478756625e-05,0.5
full_development,PEX11B,0.034205912353485246,0.06841182470697049,0.034205912353485246,0.0,0.25,0.00029900035701535543,0.5
full_development,PFKFB3,0.0,0.0,0.0,0.0,0.0,3.99559596533372e-05,0.5
full_development,PGGT1B,0.16140251869980382,0.32280503739960764,0.16140251869980382,0.0,0.25,-6.215371501636091e-05,0.5
full_development,PHKG1,0.0,0.0,0.0,0.0,0.0,-0.00027522902567780894,1.0
full_development,PIGB,0.0,0.0,0.0,0.0,0.0,4.439551072571435e-06,0.5
full_development,PIGG,0.0,0.0,0.0,0.0,0.0,0.0,0.0
full_development,PIGR,0.0448236084113347,0.1644547260580381,0.08222736302901905,-0.037403754617684346,0.25,-0.0004284184219921494,0.5
full_development,PIK3C2A,0.00839624935044192,0.09848340350133529,0.049241701750667645,-0.040845452400225725,0.25,-0.0002764786301281963,1.0
full_development,PIK3CA,0.0,0.0,0.0,0.0,0.0,0.0,0.0
full_development,PIKFYVE,-0.024198892389827975,0.05871894881463108,0.02935947440731554,-0.053558366797143514,0.25,-0.00012430743003269407,0.5
full_development,PIPOX,0.0,0.0,0.0,0.0,0.0,9.371652981080003e-05,0.5
full_development,PITPNM3,0.034205912353485246,0.06841182470697049,0.034205912353485246,0.0,0.25,0.00016958229203856146,0.5
full_development,PKM,0.0037133248285616816,0.007426649657123363,0.0037133248285616816,0.0,0.25,0.00010645666244965546,1.0
full_development,PLA2G4C,0.0,0.0,0.0,0.0,0.0,0.0,0.0
full_development,PLAAT1,0.0,0.0,0.0,0.0,0.0,0.0,0.0
full_development,PLD3,0.0,0.0,0.0,0.0,0.0,-2.7755575615628914e-17,0.5
full_development,PLIN2,0.0,0.0,0.0,0.0,0.0,0.0,0.0
full_development,PLK1,0.11710574958966546,0.1437439412145826,0.0718719706072913,0.04523377898237417,0.5,-0.00014280614066405906,0.5
full_development,PLPPR1,-0.08488476944408596,0.11041740297513519,0.055208701487567596,-0.14009347093165356,0.0,0.00012941806497679398,0.5
full_development,PLXNA3,0.007426649657123363,0.00857555635743443,0.004287778178717215,0.0031388714784061477,0.5,-0.00011542832788749569,0.5
full_development,PMP22,-0.05161932600608665,0.05960486353000236,0.02980243176500118,-0.08142175777108783,0.0,-8.92538379150265e-05,0.5
full_development,PNLIPRP2,-0.057259759697890544,0.0667563636429611,0.03337818182148055,-0.0906379415193711,0.0,-0.00010710460549803735,0.5
full_development,POLA2,0.06958220398047033,0.11511544289329745,0.057557721446648724,0.012024482533821601,0.5,0.0001249553730810482,0.5
full_development,POLD1,0.0,0.0,0.0,0.0,0.0,-0.00014726883255980483,0.5
full_development,POLD3,0.0,0.0,0.0,0.0,0.0,-5.801499464475057e-05,0.5
full_development,POLM,0.0,0.0,0.0,0.0,0.0,0.0,0.0
full_development,POLR2H,0.0,0.0,0.0,0.0,0.0,0.0,0.0
full_development,POU3F2,0.0,0.0,0.0,0.0,0.0,0.0,0.0
full_development,PPFIA1,-0.05161932600608665,0.05960486353000236,0.02980243176500118,-0.08142175777108783,0.0,-0.0001474076774987676,1.0
full_development,PPID,-0.012711055378286318,0.12215798988882365,0.061078994944411824,-0.07379005032269814,0.25,-0.00012028441377689991,1.0
full_development,PPM1D,0.0,0.0,0.0,0.0,0.0,0.0,0.0
full_development,PPOX,0.0,0.0,0.0,0.0,0.0,0.0,0.0
full_development,PPP1R15A,-0.025809663003043326,0.05161932600608665,0.025809663003043326,-0.05161932600608665,0.0,0.00011156729739381088,0.5
full_development,PPP3CB,0.010145609442366421,0.020291218884732842,0.010145609442366421,0.0,0.25,2.277627594185483e-05,1.0
full_development,PPP5C,0.0,0.0,0.0,0.0,0.0,0.0,0.0
full_development,PRDM1,0.10046713553436959,0.19550652614516922,0.09775326307258461,0.0027138724617849774,0.5,0.00026674331752624125,1.0
full_development,PRDX1,0.0,0.0,0.0,0.0,0.0,1.785076758301085e-05,0.5
full_development,PRKAG1,0.060191112397173896,0.07078728919205861,0.035393644596029304,0.024797467801144592,0.5,-6.694037843626988e-05,0.5
full_development,PRKD3,0.0,0.0,0.0,0.0,0.0,-0.000603964072458274,1.0
full_development,PRKG1,0.016855759958462002,0.033711519916924004,0.016855759958462002,0.0,0.25,9.323057252447198e-05,0.5
full_development,PROM1,0.0,0.0,0.0,0.0,0.0,0.0,0.0
full_development,PRSS8,0.0,0.0,0.0,0.0,0.0,0.0,0.0
full_development,PSG4,0.0,0.0,0.0,0.0,0.0,0.0,0.0
full_development,PSMD9,0.0,0.0,0.0,0.0,0.0,-0.00013388075687253975,0.5
full_development,PTAFR,0.0,0.0,0.0,0.0,0.0,-2.6637306435595143e-05,0.5
full_development,PTBP1,0.0,0.0,0.0,0.0,0.0,0.0,0.0
full_development,PTGES2,0.0,0.0,0.0,0.0,0.0,0.000266535050117811,1.0
full_development,PTP4A2,0.0,0.0,0.0,0.0,0.0,0.0,0.0
full_development,PTPRN2,-0.03145009669484722,0.06290019338969445,0.031450096694847225,-0.06290019338969444,0.0,-4.016422706176748e-05,0.5
full_development,PYGO1,0.0,0.0,0.0,0.0,0.0,0.0,0.0
full_development,RAB1A,0.0,0.0,0.0,0.0,0.0,-0.00026637306435575714,0.5
full_development,RAB26,0.0,0.0,0.0,0.0,0.0,-0.00011098877681492425,0.5
full_development,RAB30,-0.03161527778481954,0.08792269530671323,0.04396134765335662,-0.07557662543817616,0.25,0.0004551945733666518,0.5
full_development,RAB38,0.17342419966591116,0.20789754498993232,0.10394877249496616,0.069475427170945,0.5,0.0002006128679004071,1.0
full_development,RAB4A,-0.061409948472023856,0.07116890082895662,0.03558445041447831,-0.09699439888650216,0.0,-0.00011052596035179829,1.0
full_development,RALB,0.0,0.0,0.0,0.0,0.0,0.0,0.0
full_development,RANGAP1,-0.017766607776025012,0.04597177093322791,0.022985885466613953,-0.040752493242638965,0.25,-0.0006703722119619504,0.5
full_development,RARS2,-0.06716455799502086,0.044343185101424744,0.022171592550712372,-0.08933615054573323,0.0,-7.791483456892623e-06,1.0
full_development,RASGRP2,-0.0253831508381257,0.050766301676251395,0.025383150838125697,-0.0507663016762514,0.0,2.2313459478756625e-05,0.5
full_development,RB1,0.0037133248285616816,0.007426649657123363,0.0037133248285616816,0.0,0.25,-0.0001559165264734541,1.0
full_development,RBM10,0.0,0.0,0.0,0.0,0.0,-0.00014206563432309083,0.5
full_development,RBM26,0.0,0.0,0.0,0.0,0.0,0.0,0.0
full_development,RBM4,0.010145609442366421,0.020291218884732842,0.010145609442366421,0.0,0.25,-3.9955959653392714e-05,0.5
full_development,RCC1,0.0,0.0,0.0,0.0,0.0,0.0,0.0
full_development,RELN,0.0,0.0,0.0,0.0,0.0,0.0,0.0
full_development,RETREG1,0.0,0.0,0.0,0.0,0.0,-0.0003107685750817213,0.5
full_development,RFC1,0.0,0.0,0.0,0.0,0.0,0.0,0.0
full_development,RGS12,0.0,0.0,0.0,0.0,0.0,0.0,0.0
full_development,RGS13,0.0,0.0,0.0,0.0,0.0,0.0,0.0
full_development,RGS20,0.07405004666810022,0.11240023323727874,0.05620011661863937,0.017849930049460852,0.75,0.0004093411907818423,1.0
full_development,RIOX2,-0.031625542046953115,0.06325108409390623,0.031625542046953115,-0.06325108409390623,0.0,-0.00022715761104338816,1.0
full_development,RLN1,0.0,0.0,0.0,0.0,0.0,-0.00023654581129800567,1.0
full_development,RNF128,0.0,0.0,0.0,0.0,0.0,3.107685750813882e-05,0.5
full_development,RNF146,-0.05161932600608665,0.05960486353000236,0.02980243176500118,-0.08142175777108783,0.0,-0.00033470189218137714,0.5
full_development,RNF2,0.0,0.0,0.0,0.0,0.0,0.0,0.0
full_development,RNLS,0.059715724729230146,0.06895377949454923,0.034476889747274614,0.025238834981955532,0.5,0.00022759728668333978,0.5
full_development,ROCK2,0.0,0.0,0.0,0.0,0.0,2.67761513745024e-05,0.5
full_development,ROR1,0.0,0.0,0.0,0.0,0.0,3.99559596533372e-05,0.5
full_development,RPA2,0.0571311481207637,0.1142622962415274,0.0571311481207637,0.0,0.25,0.0002619335132831302,0.5
full_development,RPL10A,0.008881407648456019,0.1369077893086116,0.0684538946543058,-0.059572487005849786,0.25,-0.0003078794591605538,1.0
full_development,RPL26L1,-0.18904883984537868,0.23720455278703453,0.11860227639351727,-0.30765111623889596,0.0,-0.0004284184219921494,0.5
full_development,RPL27A,0.09439702475065737,0.11696871105497725,0.058484355527488624,0.03591266922316874,0.5,0.0001733507592396044,1.0
full_development,RPL37A,0.0,0.0,0.0,0.0,0.0,0.0,0.0
full_development,RPL38,0.0,0.0,0.0,0.0,0.0,1.775820429034125e-05,0.5
full_development,RPL39,0.0,0.0,0.0,0.0,0.0,0.0,0.0
full_development,RPL7A,0.0,0.0,0.0,0.0,0.0,0.0,0.0
full_development,RPS11,0.0,0.0,0.0,0.0,0.0,-3.5516408580793524e-05,0.5
full_development,RPS26,0.0,0.0,0.0,0.0,0.0,-3.498416964820006e-05,1.0
full_development,RPS28,0.0,0.0,0.0,0.0,0.0,-4.8904484268030846e-05,1.0
full_development,RPS3A,0.0,0.0,0.0,0.0,0.0,-4.016422706176748e-05,0.5
full_development,RPS6KA5,0.0,0.0,0.0,0.0,0.0,0.00043641817285738904,1.0
full_development,RPS6KB1,0.0,0.0,0.0,0.0,0.0,0.0,0.0
full_development,RSAD2,-0.07657596467929473,0.09795342958246993,0.048976714791234964,-0.1255526794705297,0.0,-0.00028561228132809036,0.5
full_development,RYBP,-0.006881376075016377,0.013762752150032753,0.006881376075016377,-0.013762752150032753,0.0,0.0007318814709032506,0.5
full_development,S100A12,0.0,0.0,0.0,0.0,0.0,-8.925383791491548e-06,0.5
full_development,S100A7,-0.009898826126319094,0.04703177009422847,0.023515885047114236,-0.03341471117343333,0.25,-0.001362942179286869,0.5
full_development,SAMHD1,0.0,0.0,0.0,0.0,0.0,-7.55186498804794e-05,1.0
full_development,SAP18,0.33129833595870295,0.39550349502490956,0.19775174751245478,0.13354658844624817,0.5,-0.0002945376651195819,0.5
full_development,SAP30,0.0,0.0,0.0,0.0,0.0,0.0,0.0
full_development,SATB1,-0.027912217218391433,0.06609854152841177,0.033049270764205885,-0.06096148798259732,0.25,0.0004350760051143321,0.5
full_development,SCN2A,-0.040298133153159554,0.08059626630631911,0.040298133153159554,-0.08059626630631911,0.0,-0.00016500389602702725,1.0
full_development,SCT,0.0,0.0,0.0,0.0,0.0,0.0002548131136977938,1.0
full_development,SEC16A,0.0,0.0,0.0,0.0,0.0,3.551640858073801e-05,0.5
full_development,SEC23A,0.19823256509817178,0.32262881263234605,0.16131440631617303,0.03691815878199875,0.5,0.0013164941092466964,0.5
full_development,SEC61G,-0.06470847944128266,0.053145647183348695,0.026572823591674347,-0.091281303032957,0.0,0.00023353750428770081,1.0
full_development,SEMG1,-0.011334323162220272,0.053276845515637675,0.026638422757818837,-0.03797274592003911,0.25,-0.00014650518539569002,0.5
full_development,SENP5,0.0,0.0,0.0,0.0,0.0,0.00014280614066405906,0.5
full_development,SEPTIN4,0.0037133248285616816,0.007426649657123363,0.0037133248285616816,0.0,0.25,-0.00011986787896009488,0.5
full_development,SERPINA1,0.06841182470697049,0.0789951708206458,0.0394975854103229,0.02891423929664759,0.5,-4.016422706176748e-05,0.5
full_development,SERPINA5,0.0,0.0,0.0,0.0,0.0,0.00034184543258983235,0.5
full_development,SERPINB2,-0.0253831508381257,0.050766301676251395,0.025383150838125697,-0.0507663016762514,0.0,3.123884327027593e-05,0.5
full_development,SETD1B,-0.0737546234880675,0.11336217960375097,0.05668108980187549,-0.13043571328994297,0.0,0.0004589398997445482,1.0
full_development,SF3B5,0.0,0.0,0.0,0.0,0.0,-0.00013390389769574185,1.0
full_development,SFTPC,-0.04954423643237327,0.09908847286474654,0.04954423643237327,-0.09908847286474654,0.0,-4.439551072626946e-06,0.5
full_development,SGCA,0.06473153838664558,0.07503488784360816,0.03751744392180408,0.0272140944648415,0.5,-8.92538379150265e-05,0.5
full_development,SHARPIN,-0.031625542046953115,0.06325108409390623,0.031625542046953115,-0.06325108409390623,0.0,-0.0011276459724393062,0.5
full_development,SHB,0.0,0.0,0.0,0.0,0.0,3.123884327024817e-05,0.5
full_development,SIGIRR,0.0,0.0,0.0,0.0,0.0,0.0,0.0
full_development,SIGLEC15,0.0,0.0,0.0,0.0,0.0,1.3388075687237322e-05,0.5
full_development,SIKE1,0.0,0.0,0.0,0.0,0.0,0.0,0.0
full_development,SLC12A5,0.0,0.0,0.0,0.0,0.0,8.032845412353495e-05,0.5
full_development,SLC13A4,0.0,0.0,0.0,0.0,0.0,-5.771416394376172e-05,0.5
full_development,SLC16A8,0.0,0.0,0.0,0.0,0.0,0.0,0.0
full_development,SLC18A2,0.0,0.0,0.0,0.0,0.0,0.0,0.0
full_development,SLC20A2,-0.025809663003043326,0.05161932600608665,0.025809663003043326,-0.05161932600608665,0.0,-0.0002666276134104806,1.0
full_development,SLC22A5,0.054195518556490185,0.11659368771420242,0.05829684385710121,-0.004101325300611025,0.25,0.0005815811905099944,0.5
full_development,SLC22A6,0.0,0.0,0.0,0.0,0.0,-8.03284541235072e-05,0.5
full_development,SLC24A1,0.13386685839704526,0.15493445713681778,0.07746722856840889,0.056399629828636375,0.5,0.00016426338968603127,0.5
full_development,SLC25A11,-0.031625542046953115,0.06325108409390623,0.031625542046953115,-0.06325108409390623,0.0,-0.0002841312686461539,0.5
full_development,SLC25A21,0.0,0.0,0.0,0.0,0.0,-2.2313459478756625e-05,0.5
full_development,SLC25A4,0.0006020492055611726,0.0012040984111223452,0.0006020492055611726,0.0,0.25,-0.0002049829965035388,1.0
full_development,SLC28A3,0.0,0.0,0.0,0.0,0.0,0.0,0.0
full_development,SLC30A3,0.0,0.0,0.0,0.0,0.0,0.0001909006961215709,0.5
full_development,SLC44A4,0.0,0.0,0.0,0.0,0.0,-0.00020865890041199542,0.5
full_development,SLC4A8,0.0,0.0,0.0,0.0,0.0,0.0,0.0
full_development,SLC6A13,0.0,0.0,0.0,0.0,0.0,0.0,0.0
full_development,SLC6A14,0.0,0.0,0.0,0.0,0.0,-8.879102145198381e-06,0.5
full_development,SLC6A4,-0.05310547465153981,0.06351963706738682,0.03175981853369341,-0.08486529318523323,0.0,-4.4395510725991905e-05,0.5
full_development,SLC6A5,-0.040298133153159554,0.08059626630631911,0.040298133153159554,-0.08059626630631911,0.0,-6.24776865405241e-05,0.5
full_development,SLC9A2,0.0,0.0,0.0,0.0,0.0,0.0,0.0
full_development,SLCO1A2,0.0,0.0,0.0,0.0,0.0,0.0003773618411705981,0.5
full_development,SLCO3A1,0.0,0.0,0.0,0.0,0.0,0.0,0.0
full_development,SLIT2,0.060191112397173896,0.07078728919205861,0.035393644596029304,0.024797467801144592,0.5,-0.0005176722599071759,0.5
full_development,SMPD4,0.0,0.0,0.0,0.0,0.0,5.801499464475057e-05,0.5
full_development,SMURF1,0.0,0.0,0.0,0.0,0.0,-0.00015982383861345983,0.5
full_development,SNAPC3,0.0,0.0,0.0,0.0,0.0,6.659326608890459e-05,0.5
full_development,SNCB,0.0,0.0,0.0,0.0,0.0,-2.6637306435595143e-05,0.5
full_development,SNRPN,-0.031625542046953115,0.06325108409390623,0.031625542046953115,-0.06325108409390623,0.0,-9.323057252452749e-05,0.5
full_development,SOX13,0.0,0.0,0.0,0.0,0.0,0.0,0.0
full_development,SPCS3,0.0,0.0,0.0,0.0,0.0,3.107685750813882e-05,0.5
full_development,SPOCK3,0.0,0.0,0.0,0.0,0.0,0.0,0.0
full_development,SPON1,-0.025809663003043326,0.05161932600608665,0.025809663003043326,-0.05161932600608665,0.0,-0.00034808996786861446,0.5
full_development,SPTBN2,0.0,0.0,0.0,0.0,0.0,0.0,0.0
full_development,SPTBN4,-0.031625542046953115,0.06325108409390623,0.031625542046953115,-0.06325108409390623,0.0,-4.4835186365943525e-05,1.0
full_development,SPTLC1,-0.01852057405485752,0.12187208932880311,0.060936044664401556,-0.07945661871925908,0.5,-0.0005057385691054073,1.0
full_development,SPTSSA,0.0,0.0,0.0,0.0,0.0,0.0,0.0
full_development,SQOR,0.0,0.0,0.0,0.0,0.0,0.0,0.0
full_development,SQSTM1,0.0,0.0,0.0,0.0,0.0,0.0,0.0
full_development,SRP14,0.0,0.0,0.0,0.0,0.0,0.0,0.0
full_development,SRPK1,-0.06325108409390623,0.07303606085630485,0.03651803042815242,-0.09976911452205865,0.0,-0.00014627377716414092,1.0
full_development,SRRM1,-0.08870985639273776,0.11076531364334524,0.05538265682167262,-0.14409251321441038,0.0,-0.0003213138164940843,0.5
full_development,SRSF2,0.0,0.0,0.0,0.0,0.0,0.0,0.0
full_development,SSR1,-0.11841504380621615,0.08898183578534598,0.04449091789267299,-0.16290596169888913,0.0,0.00022743530092120268,1.0
full_development,ST6GAL1,0.0,0.0,0.0,0.0,0.0,0.0,0.0
full_development,ST6GALNAC5,0.0,0.0,0.0,0.0,0.0,-0.0001820215939764558,0.5
full_development,STAP2,-0.0025510894859550604,0.002945744402885956,0.001472872201442978,-0.004023961687398038,0.0,6.24776865405241e-05,0.5
full_development,STAT2,0.0037133248285616816,0.007426649657123363,0.0037133248285616816,0.0,0.25,-0.0005682625372922523,0.5
full_development,STOM,0.0,0.0,0.0,0.0,0.0,0.0,0.0
full_development,STRA6,0.033711519916924004,0.038926710197655014,0.019463355098827507,0.014248164818096497,0.5,0.0005378799044787053,1.0
full_development,STS,0.011672266934217745,0.06717262226674582,0.03358631113337291,-0.021914044199155165,0.25,-7.137992950889682e-05,1.0
full_development,STX5,0.010145609442366421,0.020291218884732842,0.010145609442366421,0.0,0.25,-4.4395510725991905e-05,0.5
full_development,SUPT3H,0.0,0.0,0.0,0.0,0.0,6.694037843626988e-05,0.5
full_development,SUPT4H1,0.0,0.0,0.0,0.0,0.0,0.0,0.0
full_development,SWAP70,0.020291218884732842,0.023430281370572247,0.011715140685286124,0.008576078199446719,0.5,-0.0002796917175735547,0.5
full_development,SYP,-0.05161932600608665,0.05960486353000236,0.02980243176500118,-0.08142175777108783,0.0,0.0005756872545519542,0.5
full_development,TAAR2,0.06841182470697049,0.0789951708206458,0.0394975854103229,0.02891423929664759,0.5,-0.0004237243218648268,1.0
full_development,TACO1,0.0,0.0,0.0,0.0,0.0,0.0,0.0
full_development,TACR1,0.0,0.0,0.0,0.0,0.0,0.0,0.0
full_development,TBCA,0.0,0.0,0.0,0.0,0.0,-7.991191930672992e-05,0.5
full_development,TBCE,0.0,0.0,0.0,0.0,0.0,0.0,0.0
full_development,TBL1XR1,-0.2032358993285026,0.24567882041898792,0.12283941020949396,-0.32607530953799657,0.0,-0.0014961287114647337,0.5
full_development,TBL3,0.0,0.0,0.0,0.0,0.0,0.0,0.0
full_development,TBXAS1,0.0,0.0,0.0,0.0,0.0,0.0,0.0
full_development,TBXT,0.0,0.0,0.0,0.0,0.0,-2.7755575615628914e-17,0.5
full_development,TCF4,0.0,0.0,0.0,0.0,0.0,-0.00020421934933939623,0.5
full_development,TDO2,0.0,0.0,0.0,0.0,0.0,0.0,0.0
full_development,TDRD12,0.0519704000873773,0.06001024896067966,0.03000512448033983,0.02196527560703747,0.5,-0.00016511960014278793,0.5
full_development,TFAP2B,0.0,0.0,0.0,0.0,0.0,-0.0001247239648494991,1.0
full_development,TFEB,0.04876624209055436,0.41779043407131883,0.20889521703565941,-0.16012897494510506,0.25,-0.0011379864334166434,0.5
full_development,TFEC,0.0,0.0,0.0,0.0,0.0,0.0,0.0
full_development,TGFBR1,0.0037133248285616816,0.007426649657123363,0.0037133248285616816,0.0,0.25,0.0001243074300326663,0.5
full_development,TGOLN2,0.0,0.0,0.0,0.0,0.0,0.0,0.0
full_development,THPO,0.0,0.0,0.0,0.0,0.0,0.0,0.0
full_development,TIMM13,-0.0015397399552270485,0.03149599533932905,0.015747997669664525,-0.017287737624891573,0.25,-0.00033470189218137714,0.5
full_development,TIMM22,0.0,0.0,0.0,0.0,0.0,-2.205891042406094e-05,1.0
full_development,TIMP2,-0.040298133153159554,0.08059626630631911,0.040298133153159554,-0.08059626630631911,0.0,0.000270858897074594,1.0
full_development,TIMP3,0.09455501625722462,0.12264170024518654,0.06132085012259327,0.03323416613463135,0.5,-1.3388075687237322e-05,0.5
full_development,TMEM223,0.0,0.0,0.0,0.0,0.0,-2.67761513745024e-05,0.5
full_development,TMEM258,0.0,0.0,0.0,0.0,0.0,0.0,0.0
full_development,TMEM30A,0.02536986149872611,0.05073972299745222,0.02536986149872611,0.0,0.25,0.0007059383891623583,1.0
full_development,TMPRSS6,0.0,0.0,0.0,0.0,0.0,0.0,0.0
full_development,TMSB4X,0.02598520004368865,0.0519704000873773,0.02598520004368865,0.0,0.25,-4.462691895745774e-06,0.5
full_development,TNFRSF10C,0.0,0.0,0.0,0.0,0.0,0.0,0.0
full_development,TNFSF10,-0.037360802844506935,0.07472160568901387,0.037360802844506935,-0.07472160568901387,0.0,-0.0001561710755281498,1.0
full_development,TNFSF4,0.0,0.0,0.0,0.0,0.0,0.0,0.0
full_development,TNIP1,0.0037133248285616816,0.007426649657123363,0.0037133248285616816,0.0,0.25,-4.883506179856334e-05,0.5
full_development,TNN,0.0,0.0,0.0,0.0,0.0,-3.1123139154515256e-05,1.0
full_development,TOMM70,0.042602161703927166,0.0647788194860932,0.0323894097430466,0.010212751960880569,0.5,-0.0003468635042413737,1.0
full_development,TP53I3,-0.00799538239355968,0.07183335392640487,0.035916676963202436,-0.043912059356762116,0.25,-0.0005042841842199108,0.5
full_development,TPD52,0.0,0.0,0.0,0.0,0.0,0.0,0.0
full_development,TPM1,0.0,0.0,0.0,0.0,0.0,0.0,0.0
full_development,TPO,0.0,0.0,0.0,0.0,0.0,-0.00015062076494409826,1.0
full_development,TPP2,0.0,0.0,0.0,0.0,0.0,0.0,0.0
full_development,TRA2B,-0.04270724609265919,0.08541449218531838,0.04270724609265919,-0.08541449218531838,0.0,-0.0003018894729365229,0.5
full_development,TRIM14,0.07494634613972195,0.11846922259686506,0.05923461129843253,0.015711734841289425,0.5,6.661640691207893e-05,1.0
full_development,TRIM62,0.034205912353485246,0.06841182470697049,0.034205912353485246,0.0,0.25,-0.0001160299892895289,0.5
full_development,TRIP12,0.0,0.0,0.0,0.0,0.0,-2.66373064356229e-05,0.5
full_development,TRMT112,0.0,0.0,0.0,0.0,0.0,0.0,0.0
full_development,TRMT12,0.0,0.0,0.0,0.0,0.0,0.0,0.0
full_development,TSPAN5,0.0,0.0,0.0,0.0,0.0,0.0,0.0
full_development,TSPAN7,-0.0394454790884069,0.13078312264539557,0.06539156132269779,-0.10483704041110468,0.25,-0.00043288111388786743,0.5
full_development,TSR1,-0.040298133153159554,0.08059626630631911,0.040298133153159554,-0.08059626630631911,0.0,0.0004908961085326735,0.5
full_development,TSR3,0.0,0.0,0.0,0.0,0.0,8.479114601928073e-05,0.5
full_development,TST,0.0,0.0,0.0,0.0,0.0,0.0,0.0
full_development,TTC19,-0.031625542046953115,0.06325108409390623,0.031625542046953115,-0.06325108409390623,0.0,0.00011542832788746793,0.5
full_development,TUBB2B,0.0,0.0,0.0,0.0,0.0,0.00021753800255716604,0.5
full_development,TUT4,0.027717868541852653,0.03200583772800258,0.01600291886400129,0.011714949677851364,0.5,2.2197755362968197e-05,0.5
full_development,TYROBP,0.013858934270926326,0.027717868541852653,0.013858934270926326,0.0,0.25,-0.0005371856797840857,0.5
full_development,U2AF1,0.0,0.0,0.0,0.0,0.0,0.0,0.0
full_development,UBE2M,0.0,0.0,0.0,0.0,0.0,0.00031685112459833853,0.5
full_development,UBE2W,0.0,0.0,0.0,0.0,0.0,0.0,0.0
full_development,UCKL1,0.014035482909870112,0.09026308123098413,0.045131540615492065,-0.031096057705621953,0.25,-8.012018671516019e-05,1.0
full_development,UCP2,-0.01662377446127472,0.07851124726567833,0.039255623632839166,-0.05587939809411389,0.5,-0.00012037697706954176,1.0
full_development,UFD1,0.0,0.0,0.0,0.0,0.0,-4.9089610853259025e-05,0.5
full_development,UGT1A1,0.0,0.0,0.0,0.0,0.0,8.879102145170625e-06,0.5
full_development,UGT2B17,0.0,0.0,0.0,0.0,0.0,0.0,0.0
full_development,UNC119B,0.0,0.0,0.0,0.0,0.0,-8.032845412353495e-05,0.5
full_development,UNC5C,0.0,0.0,0.0,0.0,0.0,2.219775536294044e-05,0.5
full_development,UPB1,0.0,0.0,0.0,0.0,0.0,0.0,0.0
full_development,UPF3B,0.0,0.0,0.0,0.0,0.0,0.0,0.0
full_development,USP48,0.3762228606918061,0.44564221925080744,0.22282110962540372,0.1534017510664024,0.5,-9.256329264184515e-08,1.0
full_development,UTS2,0.0,0.0,0.0,0.0,0.0,0.0,0.0
full_development,VAV2,-0.01523754139575928,0.06062747762002337,0.030313738810011686,-0.04555128020577097,0.25,0.00047739232872964776,1.0
full_development,VEGFA,0.0,0.0,0.0,0.0,0.0,-0.00010710460549803735,0.5
full_development,VPS33A,-0.05213058493299627,0.07060034299306649,0.03530017149653324,-0.08743075642952952,0.0,-5.244154323755246e-05,1.0
full_development,VPS4A,0.007426649657123363,0.00857555635743443,0.004287778178717215,0.0031388714784061477,0.5,7.535666411831454e-05,1.0
full_development,WBP11,0.0,0.0,0.0,0.0,0.0,-7.103281716155929e-05,0.5
full_development,WDCP,0.0,0.0,0.0,0.0,0.0,0.0,0.0
full_development,WDR12,-0.006092220799674308,0.012184441599348617,0.006092220799674308,-0.012184441599348617,0.0,-8.03284541235072e-05,0.5
full_development,WDR26,0.0,0.0,0.0,0.0,0.0,0.0,0.0
full_development,WDR3,-0.07329404704883657,0.12110580098488885,0.060552900492444425,-0.13384694754128101,0.0,-0.0005667618707604349,0.5
full_development,WDR45,0.0,0.0,0.0,0.0,0.0,0.0,0.0
full_development,WDR70,-0.009560251830562194,0.03954965021008182,0.01977482510504091,-0.029335076935603104,0.5,0.0002633451034956269,1.0
full_development,WDR82,0.0,0.0,0.0,0.0,0.0,0.0002663730643557294,0.5
full_development,WHRN,0.12606365182428725,0.3417058828541017,0.17085294142705085,-0.0447892896027636,0.25,0.00022641710470236442,0.5
full_development,WIPF1,0.0,0.0,0.0,0.0,0.0,-4.439551072626946e-06,0.5
full_development,WIPF2,0.0,0.0,0.0,0.0,0.0,0.0,0.0
full_development,WIPI2,0.0,0.0,0.0,0.0,0.0,-5.771416394376172e-05,0.5
full_development,WT1,0.0,0.0,0.0,0.0,0.0,-0.0006037789458730181,0.5
full_development,XRCC5,0.0,0.0,0.0,0.0,0.0,0.0004528342094047011,0.5
full_development,XYLT2,-0.025809663003043326,0.05161932600608665,0.025809663003043326,-0.05161932600608665,0.0,0.0003347018921813494,0.5
full_development,YAP1,0.0,0.0,0.0,0.0,0.0,0.0,0.0
full_development,YARS1,0.0,0.0,0.0,0.0,0.0,0.0,0.0
full_development,YBX1,0.0,0.0,0.0,0.0,0.0,8.879102145170625e-06,0.5
full_development,YOD1,0.0,0.0,0.0,0.0,0.0,0.0,0.0
full_development,YWHAE,0.0,0.0,0.0,0.0,0.0,-1.3318653217797571e-05,0.5
full_development,YWHAQ,0.0,0.0,0.0,0.0,0.0,6.21537150163054e-05,0.5
full_development,ZAP70,-0.08397945804142992,0.11730068175470706,0.05865034087735353,-0.14262979891878347,0.0,-0.00015538428754086064,1.0
full_development,ZBTB17,0.0,0.0,0.0,0.0,0.0,-0.0004306364540417884,0.5
full_development,ZC3H11A,0.0,0.0,0.0,0.0,0.0,0.0,0.0
full_development,ZFAND6,0.0,0.0,0.0,0.0,0.0,-6.65932660889601e-05,0.5
full_development,ZFP69B,0.0,0.0,0.0,0.0,0.0,0.0,0.0
full_development,ZNF197,0.0,0.0,0.0,0.0,0.0,0.0,0.0
full_development,ZNF26,0.0,0.0,0.0,0.0,0.0,8.879102145170625e-06,0.5
full_development,ZNF274,0.0,0.0,0.0,0.0,0.0,0.0,0.0
full_development,ZNF324B,0.033711519916924004,0.038926710197655014,0.019463355098827507,0.014248164818096497,0.5,-5.327461287116253e-05,0.5
full_development,ZNF41,0.29328204956800086,0.40052767502237835,0.20026383751118917,0.09301821205681168,0.5,-3.5817239281782376e-05,1.0
full_development,ZNF423,0.0,0.0,0.0,0.0,0.0,0.0,0.0
full_development,ZNF432,0.0,0.0,0.0,0.0,0.0,0.0,0.0
full_development,ZNF442,-0.06325108409390623,0.07303606085630485,0.03651803042815242,-0.09976911452205865,0.0,-8.435147037932911e-05,0.5
full_development,ZNF493,0.028113691553810938,0.0733780959509705,0.03668904797548525,-0.008575356421674313,0.25,-0.00010264191360229158,0.5
full_development,ZNF562,-0.031625542046953115,0.06325108409390623,0.031625542046953115,-0.06325108409390623,0.0,-5.327461287116253e-05,0.5
full_development,ZNF571,0.0,0.0,0.0,0.0,0.0,0.0,0.0
full_development,ZNF587,0.0,0.0,0.0,0.0,0.0,0.00041865996856702004,1.0
full_development,ZNF671,0.0,0.0,0.0,0.0,0.0,-0.00010654922574232506,0.5
full_development,ZNF750,0.02421752036135061,0.11361397573527195,0.05680698786763597,-0.032589467506285365,0.5,4.9413582377422216e-05,1.0
full_development,ZNF75D,0.0,0.0,0.0,0.0,0.0,0.0,0.0
full_development,ZZZ3,0.0,0.0,0.0,0.0,0.0,0.0,0.0
