feature,training_median
Adjuvant Chemo,0.0
Age,65.26
IS_MALE,1.0
Stage_IA,0.0
Stage_IB,0.0
Stage_II,0.0
Stage_III,0.0
Histology_Adenocarcinoma,1.0
Histology_Adenosquamous Carcinoma,0.0
Histology_Large Cell Carcinoma,0.0
Histology_Squamous Cell Carcinoma,0.0
Race_African American,0.0
Race_Asian,0.0
Race_Caucasian,0.0
Race_Native Hawaiian or Other Pacific Islander,0.0
Race_Unknown,1.0
Smoked?_No,0.0
Smoked?_Unknown,0.0
Smoked?_Yes,0.0
A1CF,5.1245456
A2M,9.495792
A4GALT,6.55561
A4GNT,4.8693967
AAAS,7.373823
AACS,8.304769
AADAC,5.798217
AAK1,5.4427705
AAMP,9.139617
AANAT,4.354198
AARS1,9.765882
AASDHPPT,8.522633
AASS,5.46711
AATF,9.034671
ABAT,6.3848467
ABCA1,7.0892076
ABCA12,4.259363
ABCA2,5.8289447
ABCA3,8.1129675
ABCA4,5.6155896
ABCA5,5.90863
ABCA6,5.032928
ABCA7,7.0221295
ABCA8,4.7328043
ABCB1,4.917752
ABCB11,4.3351307
ABCB4,4.7562613
ABCB6,6.355243
ABCB7,7.624733
ABCB8,5.8513074
ABCB9,5.5343246
ABCC1,8.147635
ABCC10,8.054078
ABCC2,5.232751
ABCC3,7.9962797
ABCC4,5.410579
ABCC5,7.8633504
ABCC6,5.94933
ABCC8,5.6031065
ABCC9,4.4328814
ABCD1,6.756032
ABCD2,3.745454
ABCD3,7.933873
ABCD4,6.4825034
ABCE1,8.789773
ABCF1,9.245912
ABCF2,6.822148
ABCG1,6.799835
ABCG2,5.8662534
ABCG4,5.6304846
ABCG5,4.318045
ABHD10,8.030886
ABHD17A,8.999288
ABHD17B,5.9506145
ABHD3,8.375753
ABHD4,7.3814964
ABHD5,5.6906347
ABHD6,5.6700153
ABI1,8.57992
ABI2,7.490051
ABL1,9.046162
ABL2,6.741079
ABLIM1,8.678126
ABLIM3,6.574921
ABR,6.554143
ABRAXAS2,7.603469
ACAA1,8.574686
ACAA2,6.8575635
ACACA,7.7663465
ACACB,6.5101995
ACAD10,5.9032483
ACAD8,7.7619457
ACADL,4.7642994
ACADM,9.087056
ACADS,6.9387436
ACADSB,5.539871
ACADVL,9.7247715
ACAN,5.905704
ACAT1,5.8120594
ACAT2,7.5187845
ACBD3,8.963916
ACBD4,6.7259145
ACD,7.061153
ACE,5.6822395
ACE2,4.8766494
ACHE,5.5032353
ACIN1,7.8396764
ACKR1,6.090787
ACKR2,5.1693974
ACKR3,7.1622224
ACKR4,4.2439904
ACLY,8.350703
ACO1,7.292583
ACO2,7.6843514
ACOT11,5.466012
ACOT13,8.735687
ACOT2,7.3016467
ACOT7,7.250852
ACOT8,7.0402894
ACOT9,8.840239
ACOX1,6.935567
ACOX2,6.622967
ACOX3,6.5899115
ACOXL,4.4010506
ACP3,5.53093
ACP5,8.979626
ACP6,7.3108473
ACR,5.715931
ACSBG1,4.457974
ACSBG2,5.212079
ACSF2,7.647682
ACSL1,9.054514
ACSL3,8.733053
ACSL4,5.458618
ACSL5,8.453134
ACSL6,4.468765
ACSM1,4.791353
ACSM2A,4.5610247
ACSM3,5.2084794
ACSM5,5.739941
ACSS3,6.034201
ACTA1,4.559214
ACTA2,6.457585
ACTB,13.44565
ACTC1,6.3916755
ACTG1,13.462252
ACTG2,6.9782147
ACTL6A,8.088835
ACTL6B,5.3329425
ACTN1,8.908121
ACTN2,4.813891
ACTN3,5.438961
ACTN4,9.436805
ACTR10,10.184872
ACTR1A,8.134748
ACTR1B,8.615341
ACTR2,8.879724
ACTR3,10.699313
ACTR5,6.87466
ACTR8,6.1788225
ACVR1B,5.208881
ACVR2A,7.1413145
ACVR2B,6.756806
ACVRL1,6.6497507
ACY1,7.1993985
ADA,7.111944
ADA2,9.569548
ADAM10,6.6407213
ADAM11,6.1566753
ADAM12,5.933054
ADAM15,7.3322554
ADAM17,7.2432094
ADAM19,6.3609295
ADAM2,3.7488565
ADAM20,5.092425
ADAM21,4.693076
ADAM22,4.618862
ADAM23,4.77507
ADAM30,4.7704773
ADAM8,6.148714
ADAM9,8.017652
ADAMTS1,7.471723
ADAMTS12,6.7005076
ADAMTS13,6.382206
ADAMTS2,6.2356806
ADAMTS20,4.053399
ADAMTS3,4.5428815
ADAMTS5,5.88287
ADAMTS6,4.836096
ADAMTS7,5.5051146
ADAMTS8,5.070363
ADAMTS9,5.3681483
ADAMTSL2,5.449717
ADAMTSL3,5.159068
ADAMTSL4,5.8685384
ADAP1,7.6123815
ADAR,11.27695
ADARB1,5.847075
ADAT1,7.5530643
ADCY1,5.5590596
ADCY10,4.308912
ADCY2,4.928199
ADCY3,7.147762
ADCY6,7.449827
ADCY7,6.7510843
ADCY8,4.7460613
ADCY9,6.2018237
ADCYAP1,5.036041
ADCYAP1R1,5.173625
ADD1,8.504493
ADD2,5.797915
ADD3,9.599371
ADGRE1,5.932285
ADGRE2,5.3742547
ADGRE3,4.9854217
ADGRE5,8.25271
ADGRF5,8.7818575
ADGRG3,5.7757893
ADGRG6,5.0603623
ADGRV1,4.150287
ADH1A,4.424919
ADH1B,5.5691586
ADH1C,5.2048903
ADH5,9.620564
ADH6,4.878171
ADH7,4.670951
ADI1,10.153708
ADIPOQ,4.0090256
ADIPOR1,9.580211
ADIPOR2,9.220363
ADIRF,7.2241797
ADK,7.31336
ADM,9.362479
ADM2,7.0645885
ADO,8.187749
ADORA1,5.9286027
ADORA2A,6.6034017
ADORA2B,7.384104
ADORA3,6.5130496
ADPGK,8.464796
ADPRM,6.4513855
ADRA1A,4.3326817
ADRA1B,4.549045
ADRA1D,4.6221976
ADRA2A,6.170345
ADRA2B,6.077628
ADRA2C,6.1037154
ADRB1,4.448745
ADRB2,6.949328
ADRB3,5.1964498
ADRM1,9.222477
ADSL,9.410208
ADSS2,7.285364
AFDN,4.6745124
AFF4,5.3454046
AFG3L2,8.265418
AFP,4.9004264
AGA,7.5975347
AGAP2,5.27407
AGBL2,4.591184
AGBL3,3.6471508
AGBL5,6.8046203
AGER,5.906441
AGFG1,7.2955556
AGGF1,6.6989083
AGK,7.531221
AGL,8.448848
AGMAT,5.3955245
AGO1,7.1316805
AGO2,7.0628963
AGO3,6.150642
AGO4,5.5768685
AGPAT1,8.702895
AGPAT2,7.9702964
AGPAT3,7.277787
AGPAT4,6.1553793
AGPAT5,7.124434
AGPS,7.370324
AGRN,7.298932
AGRP,5.590252
AGT,6.400736
AGTPBP1,6.1750693
AGTR1,4.8370476
AGTR2,4.522956
AGXT,4.6725626
AHCTF1,6.913469
AHCY,9.722638
AHCYL1,9.504191
AHCYL2,7.0068426
AHI1,5.5730224
AHR,8.389488
AHSG,4.670672
AICDA,4.5053277
AIM2,6.798289
AIMP1,8.175073
AIMP2,9.375435
AIP,8.192319
AK1,7.718524
AK2,7.8305655
AK4,7.131838
AK5,5.0236235
AK6,8.369952
AKAP1,8.32935
AKAP10,6.6737785
AKAP12,6.043872
AKAP13,7.2955556
AKAP5,4.6503468
AKAP8L,6.3180523
AKAP9,6.1791244
AKR1A1,10.776689
AKR1B1,9.922683
AKR1B10,6.1508555
AKR1C1,7.6598687
AKR1C2,9.902811
AKR1C3,9.396289
AKR1C4,4.028307
AKR1D1,3.625102
AKR7A2,8.872902
AKR7A3,7.4360905
AKT1,8.415298
AKT2,5.4846005
AKT3,5.8077
ALAD,7.0584607
ALAS1,8.938578
ALAS2,5.086043
ALB,4.0631166
ALCAM,9.317679
ALDH18A1,8.938532
ALDH1A1,8.6732855
ALDH1A2,5.724418
ALDH1A3,7.6278205
ALDH1B1,5.9271946
ALDH1L1,6.0941286
ALDH2,10.846707
ALDH3A1,6.2905927
ALDH3A2,9.33799
ALDH3B1,7.452307
ALDH3B2,4.9449253
ALDH4A1,6.656149
ALDH5A1,6.62469
ALDH6A1,7.012222
ALDH7A1,7.340236
ALDH8A1,4.257678
ALDH9A1,10.389169
ALDOA,12.348753
ALDOB,4.673996
ALDOC,7.934928
ALG12,6.7010384
ALG13,6.928864
ALG3,8.084025
ALG5,5.973692
ALG6,8.281352
ALG8,8.964926
ALG9,7.207574
ALK,5.535568
ALMS1,6.7935495
ALOX12,5.082688
ALOX12B,5.1401105
ALOX15,4.5550165
ALOX15B,6.535671
ALOX5,6.341073
ALOX5AP,8.943304
ALOXE3,5.1629634
ALPG,6.158419
ALPI,4.9246774
ALPK1,6.6757627
ALPL,5.5986905
ALPP,5.4366913
ALS2CL,7.167191
ALX3,5.437093
AMACR,5.4222054
AMBN,5.5011296
AMBP,5.3791385
AMBRA1,4.7213745
AMD1,8.572512
AMDHD2,6.292334
AMELX,4.1853743
AMFR,7.4363213
AMH,5.3171825
AMHR2,6.473236
AMIGO2,9.477194
AMN,6.2351236
AMOT,5.2071886
AMOTL2,8.628184
AMPD1,5.2189045
AMPD2,8.189833
AMPD3,6.6573176
AMPH,5.4791613
AMT,7.557615
AMY1A,6.931607
ANAPC1,7.741695
ANAPC10,6.1338263
ANAPC13,6.9776855
ANAPC15,7.928282
ANAPC2,6.917016
ANAPC5,8.805454
ANG,6.6544213
ANGPT1,5.8128123
ANGPT2,5.0228305
ANGPT4,5.832184
ANGPTL3,3.942257
ANGPTL4,7.0348735
ANGPTL8,4.879277
ANK1,5.7072725
ANK2,4.872837
ANK3,6.542739
ANKFY1,6.1369243
ANKH,5.4770303
ANKLE2,7.125686
ANKRD1,4.276317
ANKRD26,5.1567345
ANKRD27,8.59974
ANKRD28,7.53229
ANKZF1,7.7619853
ANO1,5.717262
ANO10,7.4670486
ANO2,4.964477
ANO3,4.3804193
ANOS1,6.9845877
ANP32A,8.338305
ANPEP,5.02848
ANTXR1,5.5165253
ANXA1,9.011597
ANXA2,12.725989
ANXA3,8.108875
ANXA5,11.197463
ANXA6,7.417191
AOC1,4.798871
AOC2,5.0237765
AOC3,7.8163147
AOX1,5.807368
AP1B1,8.497374
AP1G1,8.082949
AP1G2,5.8669586
AP1M2,8.0506
AP1S1,6.7590756
AP1S2,7.501196
AP2A2,8.383386
AP2B1,8.554405
AP2M1,9.580423
AP2S1,9.744983
AP3B1,6.9470997
AP3S1,10.665482
AP4E1,4.187253
AP4M1,6.6719627
AP4S1,5.198114
APAF1,5.8062367
APBA1,5.9700375
APBA2,6.82827
APBA3,6.8792634
APBB1,6.708166
APBB1IP,5.202133
APC,5.5699573
APCS,5.0128446
APEH,7.545228
APEX1,10.798398
APH1A,8.162469
APH1B,7.339723
APIP,6.57465
APLNR,6.974138
APLP2,10.249914
APOA1,5.605662
APOA2,4.2467914
APOA4,5.8299875
APOB,4.480557
APOBEC1,4.6909776
APOBEC2,5.7013106
APOBEC3A,4.9400387
APOBEC3B,6.987731
APOBEC3C,8.188385
APOBEC3G,6.653771
APOBR,6.1333075
APOC1,9.837064
APOC2,6.5085983
APOC3,4.7112293
APOC4,6.373994
APOD,7.6744747
APOE,9.112894
APOF,3.7166617
APOH,5.1378856
APOL1,8.881304
APOM,6.6474943
APOO,8.1689415
APOOL,6.9951324
APP,10.167284
APPL1,7.58677
APRT,9.027136
AQP1,8.494022
AQP2,6.178926
AQP3,8.823465
AQP4,4.96868
AQP5,6.4996057
AQP6,5.7837663
AQP7,6.5048137
AQP8,5.4089236
AQP9,6.9767976
AQR,6.8134985
AR,5.794164
ARAF,7.4026747
ARAP1,7.507102
ARAP2,5.4854617
ARAP3,6.616712
ARC,5.3133483
ARCN1,9.859565
AREG,4.2727494
AREL1,6.2289233
ARF1,9.447384
ARF3,9.442376
ARF4,10.82501
ARF5,9.246275
ARF6,9.638605
ARFGAP1,7.865387
ARFGAP2,7.6326995
ARFGAP3,9.005862
ARFGEF2,6.5279565
ARFIP2,8.840988
ARFRP1,6.903599
ARG1,4.22648
ARG2,6.2313366
ARHGAP1,6.9100614
ARHGAP10,6.728199
ARHGAP11A,4.232862
ARHGAP12,7.718291
ARHGAP15,7.2252965
ARHGAP17,9.111351
ARHGAP19,6.820998
ARHGAP22,5.0436745
ARHGAP24,5.50836
ARHGAP25,7.6702876
ARHGAP26,5.618691
ARHGAP28,4.755048
ARHGAP29,5.660299
ARHGAP32,6.908461
ARHGAP33,6.210866
ARHGAP35,6.3192744
ARHGAP4,6.5446424
ARHGAP44,5.765329
ARHGAP45,6.9517303
ARHGAP5,7.0400724
ARHGAP6,5.1221247
ARHGAP8,7.1841726
ARHGDIA,7.3097463
ARHGDIB,9.829231
ARHGDIG,5.8019614
ARHGEF1,7.487067
ARHGEF10,5.9870076
ARHGEF10L,7.015019
ARHGEF11,6.0206976
ARHGEF12,4.723348
ARHGEF15,6.331161
ARHGEF16,7.637486
ARHGEF17,7.959954
ARHGEF18,9.393697
ARHGEF2,7.8095493
ARHGEF26,4.623715
ARHGEF28,6.5716705
ARHGEF3,8.007356
ARHGEF38,5.6334634
ARHGEF4,5.390807
ARHGEF40,6.0841894
ARHGEF5,7.803464
ARHGEF6,8.437554
ARHGEF7,6.334847
ARHGEF9,6.2174306
ARID1A,8.0483675
ARID3A,6.180878
ARID4A,6.727179
ARID4B,6.4104156
ARID5B,6.29092
ARIH1,7.5771923
ARIH2,7.2355256
ARL1,8.869353
ARL2,8.545396
ARL2BP,6.7551403
ARL3,6.9113116
ARL4C,8.941472
ARL6IP5,10.6971655
ARMC8,6.4228992
ARMCX3,8.739365
ARNT,6.0819006
ARNT2,6.1208897
ARPC1A,10.065131
ARPC1B,10.632287
ARPC2,11.529085
ARPC3,10.375598
ARPC4,7.9027796
ARPC5,8.930123
ARPP19,8.618261
ARRB1,7.44992
ARRB2,7.6664724
ARSA,6.9122972
ARSB,5.283334
ARSD,7.001678
ARSF,6.5659156
ARSJ,5.2289257
ARSL,5.895973
ART1,5.916125
ART3,4.498426
ART4,4.7200713
ARTN,5.6227007
ASAH1,10.104598
ASAP1,7.392271
ASB1,5.631366
ASB13,7.9999385
ASB4,4.147085
ASB6,7.172944
ASB7,6.3173394
ASB8,7.415228
ASB9,5.446278
ASCC1,7.5385838
ASCC2,7.2877283
ASCC3,6.9715033
ASCL1,4.6587114
ASF1A,7.587135
ASGR1,5.3701425
ASGR2,6.642213
ASH1L,8.236694
ASH2L,8.945541
ASIC1,5.9620037
ASIC2,5.5747585
ASIC3,4.6039586
ASIC4,6.007307
ASL,8.070237
ASMT,4.507116
ASNS,6.9763083
ASPA,4.8029876
ASPH,6.6796403
ASPN,7.8313284
ASPSCR1,6.6737976
ASRGL1,7.994845
ASS1,9.254677
ASXL1,7.834422
ASXL2,7.194057
ATAD2,6.3119454
ATAT1,6.49768
ATF1,7.508086
ATF2,6.2643285
ATF3,7.3118024
ATF4,11.030854
ATF5,6.1873326
ATF6,7.6933813
ATF6B,5.8819556
ATF7IP,7.5419226
ATG10,5.642823
ATG101,8.715819
ATG12,6.9162893
ATG13,8.043405
ATG14,8.050663
ATG16L1,5.6272445
ATG3,7.2333922
ATG4A,7.4108
ATG4B,8.234102
ATG5,7.7021346
ATG7,6.9905167
ATG9A,7.946222
ATIC,9.822349
ATM,6.0458302
ATN1,6.8173914
ATOX1,9.388197
ATP10A,6.074175
ATP10B,6.248589
ATP10D,7.4817586
ATP11A,5.5416064
ATP11B,6.7536383
ATP12A,5.851001
ATP13A1,8.3863
ATP13A2,6.946469
ATP1A1,10.943941
ATP1A2,4.838254
ATP1A3,4.6590805
ATP1B1,11.669277
ATP1B2,5.965026
ATP1B3,7.068589
ATP1B4,3.8516037
ATP2A1,4.856902
ATP2A2,8.345743
ATP2A3,5.8964424
ATP2B1,7.316308
ATP2B2,4.635134
ATP2B3,4.402686
ATP2B4,8.869493
ATP2C1,7.2981215
ATP2C2,6.151987
ATP4A,5.1273623
ATP4B,5.106873
ATP5F1A,9.601474
ATP5F1B,11.1894245
ATP5F1C,10.993996
ATP5F1D,8.153538
ATP5F1E,9.189333
ATP5MC1,9.24338
ATP5MC2,8.120513
ATP5MC3,10.8643265
ATP5ME,10.324091
ATP5MF,9.358917
ATP5MG,11.520946
ATP5MJ,9.9503355
ATP5PB,9.259207
ATP5PD,9.790837
ATP5PF,10.508702
ATP5PO,9.306435
ATP6AP1,9.82111
ATP6AP2,9.899274
ATP6V0A1,7.554947
ATP6V0A2,5.4414315
ATP6V0A4,5.0341063
ATP6V0B,10.069401
ATP6V0C,9.7181225
ATP6V0D1,9.983348
ATP6V0E1,8.0451
ATP6V0E2,8.037227
ATP6V1A,8.489017
ATP6V1B1,5.0428863
ATP6V1B2,9.719754
ATP6V1C1,7.606281
ATP6V1D,7.7837787
ATP6V1E1,10.221666
ATP6V1F,9.899557
ATP6V1G1,9.389822
ATP6V1G2,5.2645564
ATP6V1H,7.1942277
ATP7A,6.6243753
ATP7B,5.9696193
ATP8A1,5.278879
ATP8A2,5.2327876
ATP8B1,9.230801
ATP8B2,7.4399486
ATP8B3,4.3689218
ATP8B4,4.7149806
ATP9A,7.2756486
ATP9B,5.704299
ATR,7.298526
ATRX,7.965507
ATXN3,5.0127077
ATXN3L,4.017216
ATXN7,6.9290214
AUH,7.946569
AUP1,9.475241
AURKA,7.419078
AURKAIP1,8.237596
AURKB,5.482214
AUTS2,6.579155
AVEN,7.375798
AVP,4.849974
AVPR1A,4.5703735
AVPR1B,7.0240164
AVPR2,5.4715843
AXIN1,7.795202
AXL,7.466159
AZGP1,5.52118
AZIN1,9.715005
AZU1,4.711697
B2M,13.231822
B3GALNT1,5.177846
B3GALT1,4.3343062
B3GALT2,3.9416428
B3GALT4,5.956647
B3GALT5,4.801524
B3GAT1,6.4475
B3GAT3,7.10086
B3GNT2,7.130712
B3GNT3,6.853059
B3GNT4,7.183531
B3GNTL1,6.303655
B4GALNT1,6.087766
B4GALT1,5.5565405
B4GALT2,7.4623256
B4GALT3,7.394522
B4GALT4,7.1070952
B4GALT5,9.432291
B4GALT6,4.8652363
B4GALT7,7.1104527
B4GAT1,7.9879875
B9D1,6.1056237
B9D2,6.819807
BAAT,5.4579344
BABAM1,8.982523
BABAM2,8.301205
BACE1,7.2491007
BACH1,5.2696295
BAD,7.119367
BAG1,8.659801
BAG2,5.254424
BAG3,9.852472
BAG4,5.6638603
BAG5,7.3957357
BAG6,9.713832
BAIAP2,6.545404
BAIAP2L2,4.8698063
BAK1,7.706262
BAMBI,7.763698
BANF1,9.442705
BANP,8.961502
BAP1,7.943865
BARD1,7.4223003
BASP1,8.896853
BATF,7.7014422
BAX,6.512402
BAZ1B,6.141901
BAZ2A,6.484803
BBC3,6.8009324
BBIP1,5.8795433
BBOX1,4.524256
BBS1,6.533649
BBS10,5.698464
BBS4,6.8065696
BBS7,4.9863944
BBS9,5.211609
BCAN,5.859011
BCAP31,10.629175
BCAS2,8.927995
BCAT1,6.735859
BCAT2,7.248054
BCHE,4.8086133
BCKDHA,8.531529
BCKDHB,5.992558
BCKDK,8.246632
BCL10,6.746235
BCL11A,7.0271716
BCL11B,6.233263
BCL2,5.8598022
BCL2A1,7.1116924
BCL2L1,5.899
BCL2L11,6.0142627
BCL2L14,5.0972395
BCL6,7.9742045
BCL7A,6.595777
BCL7B,7.845672
BCL7C,8.358697
BCL9,5.7857914
BCO1,4.918105
BCR,7.486143
BCS1L,7.937852
BDH1,6.1625824
BDH2,7.5416493
BDKRB1,5.551248
BDKRB2,6.523786
BDNF,4.8464427
BECN1,8.589106
BEGAIN,5.8713527
BEST1,5.9185944
BEST2,5.4741416
BET1,8.390893
BET1L,6.660701
BEX3,11.696684
BGLAP,5.8705688
BGN,9.72535
BHLHE40,9.067289
BHLHE41,5.7484746
BHMT,6.1280375
BHMT2,4.721544
BICD1,6.1685886
BICD2,7.9346333
BICRA,7.583707
BICRAL,7.5424848
BID,7.5289407
BIN1,8.330617
BIN2,6.944921
BIRC2,10.44633
BIRC3,7.027112
BIRC5,6.813818
BIRC7,6.2227807
BLK,5.0855756
BLM,6.930733
BLMH,7.834518
BLNK,7.741626
BLOC1S1,8.422799
BLTP3B,4.530486
BLVRA,7.814052
BLVRB,9.602419
BLZF1,4.568759
BMAL1,6.8129854
BMAL2,6.2622185
BMI1,9.603894
BMP1,6.703116
BMP10,5.0419083
BMP15,5.6613975
BMP2,7.027578
BMP4,7.1372914
BMP7,6.2090755
BMPR1A,6.51477
BMPR1B,5.1423345
BMPR2,6.9687457
BMS1,8.50359
BMX,5.031297
BNIP1,6.4716325
BNIP2,7.859216
BNIP3L,9.941106
BOLA2,7.1566343
BOP1,6.8572593
BORA,6.2691293
BPGM,7.2339344
BPHL,7.000885
BPI,5.431107
BPIFA1,7.029207
BPNT1,5.5337434
BPNT2,7.439658
BRAF,6.2587557
BRAP,6.9548745
BRCA1,6.130243
BRCA2,4.3722777
BRCC3,6.9066243
BRD1,8.560944
BRD2,10.022339
BRD4,7.603231
BRD7,7.140872
BRD8,5.8734627
BRD9,8.993778
BRF1,5.8370275
BRF2,7.288752
BRIP1,4.694448
BRMS1,8.2111845
BRPF1,7.4588203
BRS3,4.3336587
BRWD1,5.271778
BSG,8.4376135
BSN,5.167134
BST1,5.751018
BST2,9.36943
BTBD1,10.040952
BTC,4.464435
BTD,5.826478
BTF3,11.66386
BTG1,10.578251
BTG2,8.699506
BTG4,4.4841537
BTK,7.0727572
BTN1A1,4.6868634
BTN2A1,8.155934
BTN2A2,5.5954404
BTN3A1,7.7460985
BTN3A2,8.291102
BTN3A3,7.4123445
BTNL2,5.5354304
BTNL8,5.706576
BTRC,5.6471786
BUB1,4.8662415
BUB1B,7.2181697
BUB3,8.903962
BUD23,7.9481616
BUD31,9.337799
BYSL,7.4240837
C1D,8.570765
C1GALT1,6.3954067
C1GALT1C1,7.3661566
C1QA,9.356585
C1QB,9.77522
C1QBP,9.67946
C1R,10.154856
C1S,9.851116
C1orf35,7.6093817
C2,7.075394
C2CD3,6.6366243
C2CD5,8.882952
C2orf49,6.4408927
C3,11.291802
C3AR1,8.097248
C4A,9.285475
C4BPA,9.757814
C4BPB,5.803129
C5,5.996111
C5AR1,6.472531
C5AR2,4.4790974
C6,5.374662
C6orf120,7.805406
C7,5.887691
C8A,4.9752107
C8B,5.838667
C8G,4.7912226
C9,3.739341
C9orf78,7.81506
CA1,5.225837
CA12,6.910574
CA14,6.082129
CA2,7.3327494
CA3,3.978354
CA4,5.392701
CA5A,5.35419
CA5B,6.0666885
CA6,4.7279716
CA7,6.300199
CA9,6.6033897
CAB39,8.844846
CAB39L,6.1899605
CABIN1,7.765819
CABP1,4.8358564
CABP2,4.989274
CACNA1A,5.0176635
CACNA1B,5.202325
CACNA1C,5.004289
CACNA1D,5.4168158
CACNA1E,4.69546
CACNA1G,4.6782756
CACNA1H,6.392479
CACNA1I,5.861726
CACNA1S,5.2770715
CACNA2D1,6.131797
CACNA2D2,7.5977306
CACNA2D3,5.43372
CACNB1,5.755349
CACNB2,4.742702
CACNB3,7.1013417
CACNB4,5.1842785
CACNG2,5.152027
CACNG3,5.0769506
CACNG4,7.0039907
CACTIN,6.44272
CAD,6.9448757
CADM1,7.7363853
CADM3,5.783925
CALB1,4.3104005
CALCA,5.081231
CALCB,4.753928
CALCR,4.634744
CALCRL,6.1182485
CALD1,6.359335
CALM1,10.025609
CALM2,10.604511
CALM3,8.319233
CALML5,4.7767916
CALR,9.557998
CALU,8.3521595
CAMK1,5.8073473
CAMK2A,5.536843
CAMK2B,5.3394704
CAMK2G,7.0143247
CAMK4,5.225679
CAMKK2,6.502645
CAMKMT,5.009973
CAMLG,9.296653
CAMP,6.2683825
CAND1,7.492395
CANT1,9.203235
CANX,9.58183
CAP1,11.446989
CAP2,6.67319
CAPN1,8.229082
CAPN10,5.4493256
CAPN11,4.4717417
CAPN15,6.0517726
CAPN2,9.157169
CAPN3,5.8712335
CAPN5,5.8289633
CAPN6,4.3046737
CAPN7,7.421722
CAPN9,5.051992
CAPNS1,10.374564
CAPZA1,8.780695
CAPZA2,9.207774
CAPZB,9.761855
CARD8,6.8863044
CARD9,5.3109207
CARM1,7.673991
CARMIL1,6.2410173
CARS1,7.857638
CARS2,6.4040685
CASC3,9.35993
CASK,7.1887784
CASP1,7.887958
CASP10,6.4260993
CASP2,5.994223
CASP3,7.9153843
CASP4,7.090085
CASP5,5.302785
CASP6,7.10311
CASP7,7.798474
CASP8,6.4177423
CASP8AP2,5.8777847
CASP9,7.506214
CASQ1,4.5800633
CASQ2,5.9809985
CASR,5.334492
CAST,8.107658
CAT,8.280697
CATSPER2,5.4442835
CATSPERB,4.2849793
CATSPERG,4.7218137
CAV1,9.748159
CAV2,8.639027
CAV3,6.710807
CAVIN1,7.6494837
CBFA2T2,6.230983
CBFB,8.499995
CBL,6.7139463
CBLB,6.0954247
CBLIF,4.401152
CBLL1,5.9505463
CBR1,8.433122
CBR3,7.757052
CBR4,7.2912126
CBS,5.903232
CBX1,9.5795965
CBX2,5.5238876
CBX3,9.200845
CBX4,7.162748
CBX5,6.6735115
CBX6,8.996223
CBX8,5.5815024
CBY1,7.2720757
CCAR2,5.347642
CCDC22,6.450005
CCDC59,7.8468857
CCDC88A,5.129274
CCDC88C,5.735427
CCK,4.871633
CCKAR,5.46997
CCKBR,5.2072396
CCL1,5.2575088
CCL11,6.0794992
CCL13,6.0655594
CCL16,5.1754994
CCL17,5.188254
CCL19,8.002958
CCL2,8.436046
CCL20,7.9441967
CCL21,7.13969
CCL22,7.241855
CCL23,4.4666805
CCL25,5.171407
CCL27,4.464527
CCL3,7.520098
CCL4,8.273705
CCL5,8.73251
CCL7,4.999648
CCN1,9.953186
CCN2,10.273026
CCNA1,4.797482
CCNA2,6.6897774
CCNB1,7.6086783
CCNB2,5.847557
CCNC,7.9511924
CCND1,8.361751
CCND2,6.237907
CCND3,8.674467
CCNE1,6.2643676
CCNE2,5.22174
CCNF,6.080271
CCNG1,9.605303
CCNG2,7.236237
CCNH,8.379033
CCNK,6.3939095
CCNT1,7.5251064
CCNT2,6.297679
CCP110,6.609245
CCR1,7.352688
CCR10,5.3446946
CCR2,5.77857
CCR3,4.8085732
CCR4,5.918125
CCR5,7.639313
CCR6,4.5689707
CCR7,5.646077
CCR8,5.0782976
CCR9,4.40826
CCRL2,6.4522443
CCS,8.022267
CCT2,9.876292
CCT3,10.975648
CCT4,9.499218
CCT5,9.378937
CCT6A,9.454102
CCT6B,5.765688
CCT7,10.466763
CCT8,7.886653
CCZ1,8.262261
CCZ1B,6.2986107
CD101,5.6151032
CD14,9.519871
CD151,8.9273
CD160,4.8038955
CD163,9.2611885
CD177,5.8573494
CD180,7.218519
CD19,6.343547
CD1A,6.6417203
CD1B,5.6579347
CD1C,7.294805
CD1D,5.249455
CD2,8.45918
CD200,6.452021
CD207,5.5051384
CD209,6.0070753
CD22,5.149456
CD226,4.3638587
CD24,9.94985
CD244,5.3549576
CD247,7.1500397
CD27,7.431141
CD28,4.728105
CD2AP,7.7718425
CD2BP2,8.471475
CD300A,5.4222417
CD300C,6.031155
CD320,7.882304
CD33,6.5010853
CD34,7.078123
CD36,5.4148927
CD38,7.8418775
CD3D,8.333847
CD3E,6.745763
CD3G,6.4785695
CD4,5.7327733
CD40,7.0968566
CD40LG,5.612913
CD44,8.329078
CD46,8.784749
CD47,8.845346
CD48,7.5772195
CD52,8.613835
CD53,8.300429
CD55,10.157174
CD58,7.0344973
CD59,10.469366
CD5L,4.922827
CD63,12.377021
CD68,6.6741996
CD70,6.341315
CD72,5.7624106
CD74,9.301785
CD79A,6.993404
CD79B,5.6651325
CD80,6.1731644
CD81,11.556365
CD84,5.767441
CD86,6.7838645
CD8A,7.696444
CD8B,5.2083273
CD9,8.55949
CD93,8.490014
CD96,4.9989653
CD99,10.216313
CDA,5.5495167
CDC14A,4.8171725
CDC14B,6.016454
CDC16,8.918338
CDC20,7.968921
CDC23,7.150016
CDC25A,5.686221
CDC25B,9.223769
CDC25C,4.9914107
CDC27,7.5350766
CDC34,7.5788975
CDC37,8.869025
CDC37L1,6.3600135
CDC40,6.9497027
CDC42,8.315333
CDC42BPA,6.459876
CDC42BPB,6.9489317
CDC42EP1,6.846888
CDC42EP2,6.7756343
CDC42EP3,7.8672495
CDC42EP4,7.677166
CDC45,6.6682134
CDC5L,7.0633183
CDC6,5.4868813
CDC7,6.7369566
CDC73,7.166993
CDCA8,7.3655105
CDH1,8.51224
CDH10,4.437868
CDH11,7.6983094
CDH12,3.9294376
CDH13,5.415018
CDH15,5.993076
CDH17,4.7790318
CDH18,5.0426617
CDH19,4.1145477
CDH2,5.9246025
CDH3,8.864107
CDH4,5.1524982
CDH5,6.5832286
CDH6,5.229212
CDH7,4.552438
CDH8,4.324113
CDH9,3.9455652
CDIPT,10.789421
CDK1,7.3260684
CDK11A,6.6116405
CDK11B,7.5248027
CDK12,6.5775566
CDK13,5.4004374
CDK19,6.928357
CDK2,6.0701265
CDK4,9.984974
CDK5,7.737938
CDK5R1,5.2108555
CDK5R2,4.8665104
CDK5RAP2,7.2750754
CDK6,5.8796296
CDK7,8.141851
CDK8,6.011475
CDK9,6.276393
CDKAL1,4.4602118
CDKN1A,9.483429
CDKN1B,9.757939
CDKN1C,6.640663
CDKN2A,5.6831
CDKN2B,5.311856
CDKN2C,7.040079
CDKN2D,5.551027
CDO1,5.587282
CDON,5.6414948
CDS1,6.573374
CDS2,7.760132
CDSN,5.854694
CDT1,5.6627874
CDX2,5.168078
CEACAM1,6.516414
CEACAM3,6.3815775
CEACAM5,7.3935103
CEACAM6,11.730214
CEACAM7,4.9109793
CEACAM8,4.125369
CEBPA,8.088422
CEBPB,11.725342
CEBPD,8.780371
CEBPE,5.737825
CEBPG,7.5047956
CEL,4.7746296
CELA3B,5.6843405
CEMIP,6.5501175
CENPA,6.6360483
CENPC,6.722234
CENPE,6.194793
CENPF,4.93651
CENPI,4.575283
CENPM,6.829315
CENPN,5.651309
CENPO,6.081039
CENPQ,5.1009
CENPS,7.111946
CENPT,5.755066
CENPU,6.0807977
CENPX,9.3822975
CEP131,6.009244
CEP135,5.271456
CEP152,4.534918
CEP162,5.4235063
CEP164,6.762239
CEP192,7.2105083
CEP250,6.297875
CEP290,5.0189886
CEP41,5.3201265
CEP43,6.409331
CEP57,7.357965
CEP63,6.0425825
CEP70,6.417991
CEP72,6.6068854
CEP76,6.20102
CEP83,5.3720956
CEP97,5.3152924
CEPT1,7.2233458
CER1,5.434478
CERK,8.684046
CERS2,10.09017
CERS4,6.2844114
CERS6,7.865228
CERT1,8.468488
CES1,8.588918
CES2,8.199863
CES3,6.2062745
CETN1,5.625593
CETN2,9.697448
CETP,5.2439914
CFB,7.2560086
CFD,8.4463825
CFH,8.309403
CFHR1,8.82965
CFHR2,5.097985
CFHR4,4.6650887
CFHR5,3.7409215
CFI,7.9662538
CFL1,9.995073
CFLAR,7.833165
CFP,5.5030513
CFTR,4.007434
CGA,5.044655
CGB3,5.6902204
CH25H,7.02905
CHAC1,6.770176
CHAT,5.497431
CHCHD2,11.945265
CHCHD3,7.5333366
CHCHD7,8.084815
CHD1,8.114452
CHD1L,7.7624645
CHD3,7.7099185
CHD4,9.352987
CHD8,8.277143
CHD9,6.65666
CHEK1,5.2988434
CHEK2,7.162129
CHERP,7.4280505
CHGA,6.3442287
CHGB,4.867119
CHI3L1,8.388132
CHIA,6.1187267
CHIT1,6.6423225
CHKA,7.4367166
CHKB,8.846109
CHL1,5.000917
CHM,4.7894573
CHML,4.5991507
CHMP1A,8.70866
CHMP2A,9.680124
CHMP2B,8.275756
CHMP3,9.716088
CHMP4A,8.899672
CHMP5,9.85592
CHMP6,7.354468
CHMP7,8.098
CHN1,8.426669
CHN2,5.470608
CHP1,8.170016
CHPF,7.993914
CHPF2,8.319637
CHPT1,7.5550065
CHRDL1,6.8892365
CHRM2,5.349867
CHRM3,5.337065
CHRM4,5.383271
CHRM5,5.344505
CHRNA1,4.7384024
CHRNA10,4.9770846
CHRNA2,6.759584
CHRNA3,5.5242105
CHRNA4,4.955216
CHRNA5,4.7482724
CHRNA6,5.921036
CHRNA7,5.0771275
CHRNA9,4.705693
CHRNB2,7.118154
CHRNB3,4.659297
CHRNB4,3.89911
CHRND,5.7546945
CHRNE,5.207263
CHRNG,6.007545
CHST1,5.939436
CHST10,7.480426
CHST11,7.257467
CHST12,6.538297
CHST15,6.1284804
CHST2,6.1703153
CHST3,7.2231474
CHST4,5.925884
CHST5,6.4127345
CHST6,7.886905
CHST7,6.620623
CHST8,5.8790026
CHSY1,9.370291
CHTOP,9.183529
CHUK,7.285925
CIAO1,7.142575
CIAO2B,9.930281
CIAO3,7.3235226
CIAPIN1,8.101276
CIB2,6.611856
CIDEA,5.4310555
CIDEC,6.9733095
CIITA,5.592136
CILP,7.6084023
CISH,8.328605
CIT,7.33174
CITED1,6.118264
CITED2,7.308543
CKAP4,9.963212
CKAP5,8.507572
CKB,8.970677
CKM,4.967436
CKMT1B,7.161038
CKMT2,5.3003616
CKS1B,9.671999
CLASP1,7.4438696
CLASP2,6.684394
CLCA1,5.195187
CLCA2,4.5056987
CLCA4,4.1879334
CLCF1,7.0425596
CLCN1,5.3566585
CLCN2,5.561352
CLCN3,7.810822
CLCN4,4.9294567
CLCN5,4.9364705
CLCN6,7.135954
CLCN7,7.745362
CLCNKA,5.108003
CLCNKB,5.953867
CLDN1,6.473839
CLDN10,6.0019364
CLDN11,6.48453
CLDN14,4.9001536
CLDN15,7.3217382
CLDN16,5.6654897
CLDN17,6.874917
CLDN18,5.3741274
CLDN3,7.1614404
CLDN4,7.5293074
CLDN5,7.5725975
CLDN6,6.060571
CLDN7,9.000574
CLDN8,4.520985
CLDN9,6.4110947
CLEC10A,6.4081798
CLEC1B,5.1397424
CLEC2B,7.58996
CLEC2D,4.7819896
CLEC3B,7.1373434
CLEC4A,6.375937
CLEC4E,5.026132
CLEC4M,4.9646344
CLEC5A,5.827227
CLEC7A,6.6944556
CLIC2,6.866731
CLIC5,5.4362774
CLINT1,8.474861
CLIP1,6.876444
CLIP3,6.5929546
CLN3,8.374358
CLNS1A,8.82062
CLOCK,7.3303156
CLP1,7.504278
CLPP,8.195749
CLPS,5.29714
CLPX,7.2158628
CLSPN,4.55935
CLTA,9.313232
CLTB,8.283288
CLTC,5.6806097
CLTCL1,6.3994303
CLU,8.765699
CLUAP1,5.661718
CMA1,4.6992292
CMAS,6.408449
CMC2,9.276589
CMC4,8.606706
CMKLR1,5.9544272
CMPK1,10.148541
CMTM6,8.488248
CNBP,10.555831
CNDP2,7.9309573
CNGA1,5.376684
CNGB1,4.820471
CNIH1,9.545069
CNIH3,4.608171
CNKSR1,6.7113338
CNKSR2,4.315458
CNN1,6.8750033
CNN2,8.820311
CNOT1,8.04113
CNOT2,7.44302
CNOT3,5.2648425
CNOT4,5.0320687
CNOT6,7.656072
CNOT7,8.951899
CNOT8,8.555137
CNOT9,6.5947595
CNPY3,7.404583
CNR1,4.9915123
CNR2,6.5515423
CNTF,4.5766287
CNTFR,6.237645
CNTN1,5.215773
CNTN2,6.13402
CNTN5,4.2410793
CNTN6,4.243845
CNTNAP1,6.889938
CNTRL,6.773561
COA1,6.0872197
COA3,8.578112
COA4,8.922159
COASY,9.056103
COG2,7.6406093
COG4,8.488163
COG5,7.682153
COG7,7.3039365
COL10A1,8.349505
COL11A1,8.091079
COL11A2,6.505785
COL13A1,6.2899947
COL14A1,5.30837
COL15A1,8.530024
COL16A1,7.745732
COL17A1,5.843646
COL18A1,8.17289
COL19A1,4.4781713
COL1A1,8.824401
COL1A2,12.404833
COL21A1,6.3978653
COL2A1,4.5438538
COL3A1,12.289407
COL4A1,10.204568
COL4A2,9.6481285
COL4A3,4.4508457
COL4A4,5.3808355
COL4A5,5.9207554
COL4A6,4.85302
COL5A1,9.147525
COL5A2,9.901871
COL5A3,6.6668873
COL6A1,5.5682397
COL6A2,8.059102
COL6A3,12.1657505
COL7A1,6.7223444
COL8A1,4.5743747
COL8A2,6.9472117
COL9A1,4.9348397
COL9A2,6.1428876
COL9A3,5.7827144
COLEC10,4.766321
COLEC11,6.220224
COLEC12,7.2032733
COLGALT1,7.9278226
COLGALT2,5.308384
COMMD10,6.6761746
COMMD3,9.169034
COMMD4,8.4524765
COMMD8,8.61254
COMMD9,8.442822
COMP,6.8104115
COMT,7.3607817
COPA,5.589843
COPB1,10.55315
COPB2,10.174024
COPE,6.9758773
COPG1,8.989164
COPS2,8.150879
COPS3,8.795729
COPS4,7.092158
COPS5,9.304756
COPS6,8.936402
COPS7A,8.788321
COPS7B,7.3480744
COPS8,7.4407086
COPZ1,9.736652
COPZ2,7.337976
COQ10B,7.347648
COQ2,6.565504
COQ3,7.562348
COQ4,7.557285
COQ6,7.0729012
COQ7,6.7811074
COQ8A,7.158409
COQ8B,5.512412
COQ9,8.141397
CORIN,4.521256
CORO1A,8.1942
CORT,5.4110622
COX10,6.791342
COX11,6.6653824
COX15,6.806629
COX16,7.7294383
COX17,8.15512
COX4I1,10.024851
COX5A,9.323915
COX5B,10.575151
COX6A1,9.638691
COX6A2,5.9413433
COX6B1,11.203115
COX6C,11.679475
COX7A1,7.322779
COX7A2,11.029627
COX7A2L,10.798937
COX7B,9.307604
COX7C,10.273789
COX8A,11.224729
CP,8.328861
CPA1,3.9958255
CPA2,5.856985
CPA3,8.485275
CPB1,4.8038554
CPB2,4.5809236
CPD,8.104088
CPE,8.431979
CPM,6.603252
CPN1,5.2428346
CPN2,4.5672
CPNE1,8.763984
CPNE3,9.198335
CPNE6,5.96867
CPNE7,7.478074
CPOX,7.2791953
CPPED1,5.492277
CPS1,5.1586547
CPSF1,8.495042
CPSF4,8.649647
CPSF6,7.757348
CPSF7,8.83166
CPT1A,5.159542
CPT1B,6.9206014
CPT2,7.138864
CPTP,7.4200125
CR1,5.0069094
CR2,5.0643926
CRABP1,4.8215184
CRABP2,8.161855
CRADD,7.0158277
CRAT,7.676156
CRBN,8.482426
CRCP,7.4315863
CREB1,7.463977
CREB3,8.654207
CREB3L1,6.774217
CREB3L2,7.8182783
CREBBP,6.8406672
CREG1,10.719324
CREM,6.9404817
CRH,4.9220514
CRHBP,4.882845
CRHR1,5.2560134
CRHR2,4.9519653
CRIPTO,4.916651
CRISP3,3.7691631
CRISPLD2,8.254195
CRK,8.5401325
CRKL,7.7721734
CRLF1,6.636903
CRLF2,5.4589896
CRMP1,7.2152824
CRNKL1,7.503045
CROT,5.557335
CRP,4.485478
CRTAM,4.833283
CRTAP,7.6307693
CRTC1,7.18869
CRTC3,8.102463
CRY1,8.123607
CRY2,7.464303
CRYAB,7.229626
CRYBA4,4.9926605
CRYL1,7.6287847
CRYM,7.646544
CS,10.007628
CSAD,5.630838
CSF1,6.0313196
CSF1R,8.297331
CSF2,5.5968337
CSF2RA,5.5826917
CSF2RB,8.025602
CSF3,5.896703
CSF3R,6.607931
CSGALNACT1,6.611832
CSGALNACT2,7.6466484
CSH1,4.7519994
CSK,8.775944
CSN1S1,4.2101145
CSN2,4.2869954
CSN3,4.480227
CSNK1A1,8.797049
CSNK1D,8.727728
CSNK1E,7.844373
CSNK1G2,8.42625
CSNK2A1,8.060428
CSNK2A2,8.173437
CSNK2B,10.436808
CSPG4,5.267815
CSPG5,5.9970617
CSRP1,10.190621
CST3,8.078999
CSTA,8.89825
CSTB,10.307333
CSTF1,6.6717753
CSTF2,6.902598
CSTF2T,6.8898735
CSTF3,8.083593
CTBP1,9.601864
CTBP2,9.880565
CTC1,6.3127084
CTCF,9.150063
CTDNEP1,8.715939
CTDP1,7.0484915
CTDSP2,9.26859
CTF1,6.613569
CTH,5.382467
CTLA4,5.9985666
CTNNA1,10.366918
CTNNA2,4.5544615
CTNNB1,8.785964
CTNNBIP1,8.502012
CTNNBL1,8.244019
CTNND1,9.482178
CTNS,7.0582886
CTPS1,7.5889773
CTPS2,6.9254513
CTR9,8.840405
CTRB1,4.8675127
CTRB2,6.2747355
CTRC,5.484026
CTRL,5.256514
CTSA,10.493315
CTSB,11.167014
CTSC,10.416222
CTSD,9.412157
CTSE,8.86331
CTSF,7.982023
CTSG,6.3553414
CTSH,11.419745
CTSK,9.788024
CTSL,9.925217
CTSO,8.607816
CTSS,8.855495
CTSV,7.128915
CTSW,6.4197464
CTSZ,7.1837277
CTTN,6.627316
CUBN,5.411355
CUL1,7.888466
CUL2,6.370302
CUL3,6.94567
CUL4A,7.44971
CUL4B,6.7502685
CUL5,6.4981303
CUL7,6.9271755
CUL9,6.6604347
CUTC,7.477861
CUX1,8.121029
CWC25,7.477775
CX3CL1,7.623831
CX3CR1,5.782639
CXADR,8.687045
CXCL1,7.6933994
CXCL10,8.365257
CXCL11,4.648549
CXCL12,7.9065237
CXCL13,8.353442
CXCL2,5.954523
CXCL3,5.8083286
CXCL5,4.2446933
CXCL6,4.8262396
CXCL8,7.83282
CXCL9,9.097007
CXCR1,7.2906466
CXCR2,4.9218483
CXCR3,5.8723607
CXCR4,9.535529
CXCR5,5.463314
CXCR6,6.1849627
CXXC1,8.667828
CXXC4,5.7505507
CYB5A,10.231335
CYB5B,6.6461
CYB5R1,7.510042
CYB5R2,6.198
CYB5R3,10.10517
CYB5R4,6.408777
CYBA,9.373695
CYBB,6.2665925
CYBRD1,7.591958
CYC1,9.741958
CYCS,8.338786
CYFIP1,10.77245
CYFIP2,7.4377947
CYLD,6.8157167
CYP11A1,4.979346
CYP11B1,4.680651
CYP11B2,6.134032
CYP17A1,4.9919667
CYP19A1,4.550514
CYP1A1,5.2914767
CYP1A2,6.1801553
CYP1B1,8.550184
CYP21A2,5.515532
CYP24A1,4.6632037
CYP26A1,5.77691
CYP26B1,5.4197884
CYP27A1,8.392001
CYP27B1,6.3731704
CYP2A13,5.2384844
CYP2A6,6.2721677
CYP2A7,6.0757794
CYP2B6,5.0902514
CYP2C18,4.9091063
CYP2C19,4.841428
CYP2C8,4.1595163
CYP2C9,5.552318
CYP2D6,5.955018
CYP2E1,5.1252847
CYP2F1,4.546421
CYP2J2,6.746267
CYP2R1,4.853731
CYP2W1,5.5391893
CYP39A1,4.7117805
CYP3A4,5.149326
CYP3A43,4.9097376
CYP3A5,5.015945
CYP3A7,4.9639916
CYP46A1,5.6022124
CYP4A11,4.422053
CYP4B1,6.9828715
CYP4F11,4.1972117
CYP4F12,6.6090193
CYP4F2,5.632353
CYP4F3,4.590423
CYP4F8,4.1681013
CYP51A1,8.042111
CYP7A1,3.6413624
CYP7B1,4.5013027
CYRIB,6.9529114
CYSLTR1,4.8331804
CYSLTR2,4.9362407
CYTH1,7.461609
CYTH2,7.038531
CYTH3,5.1997523
CYTH4,6.673353
DAAM1,6.976071
DAB1,5.6751018
DAB2,8.36607
DACT1,6.8436
DAD1,10.915001
DAG1,8.056204
DAGLA,6.191281
DAO,5.569264
DAP3,8.616388
DAPK1,7.2791877
DAPK2,6.3579664
DAPK3,5.7363844
DAPP1,7.534474
DARS1,9.488667
DARS2,6.888242
DAXX,6.9686356
DBF4,6.6607637
DBH,5.702803
DBI,11.388723
DBN1,7.681645
DBP,6.044383
DBT,5.6367006
DCAF1,5.8868856
DCAF10,6.8721275
DCAF11,7.84872
DCAF13,5.759164
DCAF16,7.0540676
DCAF17,5.166127
DCAF4,6.2448235
DCAF6,7.489964
DCAF7,7.577827
DCAF8,6.422624
DCAKD,5.3429513
DCC,4.714033
DCK,7.6798606
DCLRE1A,6.6530194
DCLRE1B,6.20422
DCLRE1C,6.598818
DCN,9.924596
DCP1A,7.997399
DCP2,6.7817645
DCPS,7.7454476
DCSTAMP,5.6774154
DCT,4.6353583
DCTD,9.1955385
DCTN1,8.192287
DCTN2,5.762738
DCTN3,9.279186
DCTN4,7.4106874
DCTN5,7.311205
DCTN6,8.969714
DCTPP1,9.620359
DCUN1D1,7.013822
DCUN1D2,6.6175246
DCUN1D4,6.9059687
DCX,4.138973
DCXR,8.995735
DDA1,6.668581
DDAH1,7.4069395
DDB1,9.79685
DDB2,7.786759
DDC,5.009757
DDHD2,8.41439
DDIT3,8.406387
DDIT4,10.719615
DDO,5.414784
DDOST,10.570498
DDR1,9.789784
DDR2,7.0254736
DDRGK1,9.047978
DDX1,9.989343
DDX11,7.304277
DDX17,8.518577
DDX21,10.116229
DDX23,8.479366
DDX39A,9.1662035
DDX39B,8.302193
DDX3X,7.6229124
DDX4,4.2122393
DDX41,8.869464
DDX42,7.677961
DDX46,8.472035
DDX47,10.106708
DDX49,6.6499324
DDX5,11.018576
DDX52,6.336745
DDX6,5.9181595
DECR1,9.476294
DECR2,8.126349
DEF6,6.674495
DEFA1,5.2654095
DEFA4,5.120158
DEFA5,4.74945
DEFA6,5.4896984
DEFB1,5.6992106
DEFB126,4.4289346
DEFB4A,6.389811
DEGS1,8.942162
DEK,10.75745
DELE1,7.525661
DENND1A,6.262025
DENND1B,6.8439803
DENND1C,6.6466513
DENND2A,5.8400464
DENND2B,8.507209
DENND2D,7.655145
DENND3,6.7098184
DENND4A,5.585673
DENND4B,8.892601
DENND4C,7.4921184
DENND5A,9.14995
DENND5B,4.856086
DENND6B,6.17206
DEPDC5,6.9954586
DERA,9.079071
DERL1,8.779302
DERL2,8.403098
DES,6.3585267
DET1,6.8295326
DFFA,7.907724
DFFB,5.9719014
DGAT1,7.5974946
DGCR8,6.7827315
DGKA,6.61594
DGKB,3.8131647
DGKD,8.549487
DGKE,4.2007537
DGKG,5.096602
DGKH,5.0696125
DGKI,4.313353
DGKQ,6.3440285
DGKZ,6.516801
DGUOK,7.7077665
DHCR24,10.373786
DHCR7,7.7783513
DHDDS,7.559801
DHFR,7.204415
DHODH,5.18031
DHPS,7.856302
DHRS3,9.078102
DHRS4,8.076326
DHRS7B,7.779502
DHRS9,7.180375
DHTKD1,8.089404
DHX15,10.540462
DHX16,8.618956
DHX35,5.2933784
DHX38,7.368308
DHX58,6.8544984
DHX8,7.541402
DHX9,7.089602
DIABLO,9.720387
DIAPH1,7.8526015
DIAPH2,6.941308
DIAPH3,4.4639897
DICER1,5.9957027
DIDO1,7.4634986
DIMT1,7.7670875
DIO1,4.255283
DIO2,5.8400755
DIO3,5.775925
DIS3,6.29198
DKC1,9.012378
DKK1,5.6794643
DKK2,4.220269
DKK4,5.261549
DLAT,7.3660045
DLC1,5.127401
DLD,8.745246
DLG1,5.872425
DLG2,4.493483
DLG3,7.104909
DLG4,5.40147
DLG5,7.552606
DLGAP1,4.154415
DLGAP2,4.941712
DLGAP4,6.6320195
DLGAP5,5.9780407
DLK1,4.9763265
DLL3,5.2353487
DLX5,5.379989
DLX6,4.686457
DMAC2,8.600679
DMAC2L,6.05705
DMBT1,8.528915
DMC1,4.6448874
DMD,4.8108068
DMP1,3.7573142
DMPK,6.1660123
DMRT1,4.2505703
DMTN,6.9989
DNA2,5.8480577
DNAJA1,10.18926
DNAJA2,8.416452
DNAJA4,7.298454
DNAJB1,9.304141
DNAJB6,8.278402
DNAJB9,7.920534
DNAJC10,7.27092
DNAJC11,7.8263807
DNAJC13,5.520314
DNAJC2,7.0071864
DNAJC24,6.3101087
DNAJC3,6.7901525
DNAJC6,4.848868
DNAJC7,8.683421
DNAJC8,8.25236
DNAL4,7.301951
DNASE1L1,8.237565
DNASE2,8.52041
DNM1,6.089441
DNM1L,7.8710637
DNM2,6.5170565
DNM3,5.007442
DNMBP,6.5608187
DNMT1,9.412069
DNMT3A,6.3714066
DNMT3B,6.020661
DNMT3L,5.104013
DNPH1,7.7782736
DOCK1,6.1911187
DOCK10,5.794874
DOCK2,6.067962
DOCK3,4.7822433
DOCK4,6.3425336
DOCK5,5.319404
DOCK6,7.3517694
DOCK9,5.087948
DOHH,5.22993
DOK1,7.007628
DOK2,7.2493176
DOK3,6.5734396
DOK4,5.80386
DOK5,6.424767
DOLK,7.589381
DOLPP1,7.95586
DOT1L,5.594273
DPAGT1,8.416475
DPEP1,6.323582
DPEP2,6.16045
DPF1,6.132781
DPF2,8.932316
DPF3,5.4191256
DPH1,7.3733683
DPH2,7.6760426
DPH5,7.816911
DPM1,10.038674
DPM2,7.7795362
DPM3,8.639826
DPP3,8.48458
DPP4,6.9432755
DPPA4,3.996966
DPYD,5.6680017
DPYS,4.518119
DPYSL2,10.339327
DPYSL3,7.618131
DPYSL4,5.627074
DR1,7.364086
DRAP1,7.4293876
DRD1,3.9121351
DRD2,6.255895
DRD3,4.1261554
DRD4,4.789842
DRD5,5.702909
DRG1,9.864538
DRG2,7.4546757
DROSHA,9.43271
DRP2,5.2517457
DSC1,4.2307425
DSC2,5.7120996
DSC3,4.5882626
DSCAM,5.452509
DSCC1,6.239866
DSE,4.9126663
DSG1,3.8720608
DSG2,8.96508
DSG3,5.473552
DSN1,5.816834
DSP,10.572
DSPP,4.4558816
DST,6.0025144
DTL,6.8698044
DTNA,5.3604465
DTNB,5.309732
DTX2,6.150317
DTX4,8.616341
DTYMK,6.5146832
DUOX1,5.391289
DUOX2,5.043675
DUS2,7.1371007
DUSP1,7.993078
DUSP10,7.308665
DUSP2,6.672193
DUSP3,7.322916
DUSP4,6.845906
DUSP5,8.300576
DUSP6,10.178131
DUSP7,6.556921
DUSP8,6.686145
DUSP9,5.588541
DUT,9.686452
DVL1,8.446141
DVL2,7.318443
DVL3,7.3326955
DXO,7.447855
DYNC1H1,7.092519
DYNC1I1,5.658347
DYNC1I2,8.1881
DYNC1LI1,7.2875714
DYNC1LI2,8.389168
DYNC2H1,5.6921396
DYNC2I1,5.588944
DYNC2LI1,5.930346
DYNLL1,11.324019
DYNLRB1,8.192743
DYNLT1,11.133898
DYRK1A,5.2267666
DYRK2,7.0341597
DYSF,7.828272
DZIP1,5.7289143
DZIP3,6.0647173
E2F1,6.9526267
E2F2,4.942702
E2F3,7.76844
E2F4,8.175353
E2F5,6.10491
E2F6,7.7234926
E2F8,5.3182893
EAF2,4.2129254
EBAG9,8.583189
EBF2,4.6227064
EBI3,5.5992684
EBNA1BP2,8.760969
EBP,7.5171733
ECE1,7.547001
ECH1,9.448615
ECHS1,10.330294
ECI1,8.494289
ECI2,8.541692
ECM1,8.07547
ECSIT,7.2475467
ECT2,5.7755837
EDA,5.2074676
EDA2R,5.641641
EDAR,6.283526
EDC3,6.6846514
EDC4,7.940102
EDEM1,9.3210535
EDEM2,7.76634
EDEM3,6.9387217
EDIL3,5.2856283
EDN1,7.571482
EDN2,6.1315794
EDN3,4.8452945
EDNRA,6.794915
EDNRB,5.971713
EEA1,4.8401113
EED,6.771719
EEF1A1,13.672688
EEF1A2,6.303515
EEF1AKMT2,5.8796115
EEF1B2,11.863349
EEF1D,8.854963
EEF1E1,6.719441
EEF1G,13.020253
EEF2,12.509353
EEF2KMT,7.152965
EFEMP1,7.7921014
EFEMP2,8.266795
EFHD2,8.279224
EFNA1,10.323815
EFNA2,4.8313684
EFNA3,6.6968765
EFNA4,6.714495
EFNA5,6.5617957
EFNB1,6.3769765
EFNB2,8.311592
EFNB3,6.8115244
EGF,5.037716
EGFR,6.759522
EGLN1,6.552744
EGLN2,7.4405756
EGLN3,6.4035134
EGR1,9.5116415
EGR2,7.642302
EGR3,6.1738915
EGR4,5.188996
EHD1,7.6494346
EHD2,8.626113
EHD3,6.9141297
EHHADH,5.424387
EHMT1,5.742619
EHMT2,6.843885
EIF1AX,8.798009
EIF2AK1,8.423148
EIF2AK2,7.4536905
EIF2AK3,6.8327694
EIF2B1,9.255847
EIF2B2,8.407464
EIF2B3,8.143882
EIF2B4,8.738308
EIF2B5,7.2639513
EIF2S1,8.192342
EIF2S2,8.803091
EIF2S3,9.184998
EIF3A,9.548173
EIF3B,8.871038
EIF3C,10.943079
EIF3D,10.830428
EIF3E,10.046243
EIF3F,6.440458
EIF3G,10.093543
EIF3H,9.667483
EIF3I,10.530818
EIF3J,8.076476
EIF3K,10.426289
EIF3L,11.948294
EIF3M,7.2404323
EIF4A1,11.893241
EIF4A2,8.85687
EIF4A3,10.63487
EIF4B,10.155741
EIF4E,7.0623465
EIF4E2,8.2058
EIF4EBP1,8.696108
EIF4G1,9.063274
EIF4G2,6.9169016
EIF4G3,6.371133
EIF4H,10.849649
EIF5,9.102587
EIF5A,9.223437
EIF5A2,4.839853
EIF5B,7.355565
ELAC2,6.535997
ELANE,4.883442
ELAVL1,7.7506313
ELAVL2,4.344872
ELF1,9.082309
ELF2,7.0465174
ELF3,8.672286
ELF5,5.1749516
ELK1,7.016588
ELL,5.754164
ELL2,6.911672
ELL3,6.4867177
ELMO1,6.6088223
ELMO2,7.0170293
ELN,6.541179
ELOA,7.7520833
ELOA2,4.3722835
ELOB,9.339345
ELOC,8.532063
ELOVL1,8.721478
ELOVL2,4.8555202
ELOVL4,4.5519757
ELOVL5,6.178129
ELOVL6,5.1315017
ELP1,6.576807
ELP3,7.429683
ELP4,7.2707295
ELP5,7.4862
ELP6,6.5060935
EMC3,6.907855
EMD,8.368527
EMG1,7.873379
EMID1,6.6073594
EMILIN1,7.2049766
EMILIN2,5.2231956
EML4,7.3549986
EMX2,3.9814682
ENAH,7.60915
ENDOD1,7.844196
ENGASE,8.724924
ENO1,10.603292
ENO2,8.160477
ENO3,5.429907
ENOPH1,9.169357
ENPEP,4.8546576
ENPP1,4.7659073
ENPP2,8.873579
ENPP3,4.8436613
ENPP4,6.8305793
ENSA,8.579411
ENTPD1,6.9819827
ENTPD2,5.5972166
ENTPD3,6.628237
ENTPD4,7.0534196
ENTPD5,5.8055286
ENTPD6,7.597156
ENTPD7,6.54162
ENY2,8.136238
EP300,7.9370804
EP400,7.263627
EPAS1,8.49047
EPB41,4.762015
EPB41L1,5.850945
EPB41L2,7.135531
EPB41L3,6.3412104
EPB41L5,6.1513834
EPCAM,11.088499
EPHA1,5.6323233
EPHA2,7.8216066
EPHA3,4.3064322
EPHA4,6.944977
EPHA5,4.2854185
EPHA7,3.8751276
EPHB1,5.6589518
EPHB2,6.468419
EPHB3,7.124162
EPHB4,7.685017
EPHB6,5.6920633
EPHX1,8.657543
EPHX2,6.0112123
EPM2A,5.236155
EPN1,6.674624
EPN2,7.0304794
EPO,5.1532636
EPOR,5.888274
EPPIN,4.1548986
EPRS1,9.240438
EPS15,8.735056
EPS15L1,6.3618493
EPS8,9.795838
EPS8L2,6.3059897
EPX,5.4297256
ERAL1,7.683602
ERAP1,5.654809
ERAP2,5.9181614
ERBB2,5.558321
ERBB3,6.8958817
ERBB4,4.768067
ERBIN,8.984203
ERCC1,8.221675
ERCC2,6.678185
ERCC3,8.149551
ERCC4,6.465148
ERCC5,8.006806
ERCC6,5.731474
ERCC6L,5.4572773
ERCC8,6.0048466
EREG,4.3991604
ERF,6.353234
ERLIN1,7.6627645
ERLIN2,7.3550963
ERN1,6.973536
ERO1A,8.2865095
ERO1B,5.6551347
ERP44,7.189863
ESD,8.72426
ESPL1,7.377731
ESR1,5.306119
ESR2,4.8877726
ESRP1,8.833451
ESRP2,8.322814
ESRRA,7.4350915
ESRRB,4.9208217
ESRRG,4.8081217
ESYT1,9.114343
ETF1,9.286653
ETFA,9.233431
ETFB,9.02458
ETFDH,6.020075
ETHE1,8.48897
ETNK1,6.731584
ETNK2,5.873362
ETNPPL,3.9427364
ETS1,6.163631
ETS2,8.630824
ETV4,6.841483
ETV6,6.8001113
EVC,6.6936026
EVL,8.510025
EVPL,6.8500824
EXO1,5.9821715
EXOC1,9.176235
EXOC2,6.7923827
EXOC3,7.8358717
EXOC5,6.537736
EXOC7,7.1575165
EXOG,5.520291
EXOSC1,4.4168663
EXOSC10,6.863242
EXOSC2,6.6604447
EXOSC4,7.8961167
EXOSC5,7.9550567
EXOSC7,7.8041787
EXOSC8,7.7755237
EXOSC9,7.8880854
EXT1,6.314874
EXT2,8.319572
EXTL1,5.8311357
EXTL2,8.032425
EXTL3,6.4672403
EYA1,4.978537
EYA2,6.3767715
EYA3,5.285086
EYA4,4.5816607
EZH1,6.6340327
EZH2,6.8972926
EZR,9.164315
F10,5.428965
F11,4.44406
F11R,8.471141
F12,6.274284
F13A1,8.708259
F13B,3.7751455
F2,5.6541433
F2R,6.1548047
F2RL1,6.9910007
F2RL2,4.3363585
F2RL3,4.313569
F3,8.661059
F5,6.0319495
F7,5.43302
F8,7.2849345
F9,4.098355
FA2H,5.918586
FAAH,6.6529374
FAAP100,6.857867
FAAP24,6.0293574
FABP1,4.300367
FABP2,4.788353
FABP3,5.4535084
FABP4,5.5357537
FABP5,9.8221855
FABP6,4.80731
FABP7,4.637388
FADD,8.513674
FADS1,7.9311233
FADS2,6.6372333
FAF2,8.033818
FAH,6.177817
FAM114A2,6.63591
FAM131B,5.2088656
FAM135A,4.230894
FAM13A,7.971642
FAM13B,7.644672
FAM169A,4.753422
FAM20B,7.5876665
FAM32A,9.307338
FAM3C,7.0859466
FAM50A,9.378123
FAN1,6.996383
FANCA,6.159883
FANCC,5.9385033
FANCE,6.5690494
FANCF,6.712386
FANCG,7.5078273
FANCI,6.7726626
FANCL,8.396797
FAR2,5.81034
FARP1,7.443903
FARP2,6.4468975
FARS2,7.0772266
FARSA,7.7075787
FAS,6.503878
FASLG,5.259346
FASN,6.649194
FASTK,8.663951
FASTKD2,6.2588506
FASTKD5,7.939586
FAU,12.498523
FBL,10.686033
FBLN1,7.9943333
FBLN2,7.156109
FBLN5,7.715059
FBN1,7.923589
FBN2,4.3274946
FBP1,9.057415
FBP2,5.1563044
FBXL12,7.346757
FBXL14,5.7799664
FBXL15,6.910202
FBXL18,5.9753623
FBXL4,5.564503
FBXL5,8.476382
FBXL7,6.703456
FBXL8,4.959702
FBXO11,6.034797
FBXO17,6.8676624
FBXO2,6.361979
FBXO21,8.85609
FBXO22,5.532811
FBXO31,6.843853
FBXO4,3.9845045
FBXO40,4.651658
FBXO41,6.0582657
FBXO5,5.8895826
FBXO7,9.469104
FBXO9,7.611506
FBXW11,7.195793
FBXW12,8.303786
FBXW2,6.3850727
FBXW4,8.455968
FBXW7,7.502706
FCAR,4.423896
FCER1A,4.8444905
FCER1G,9.0095215
FCER2,5.195919
FCF1,4.815112
FCGR1A,5.7490273
FCGR1BP,7.468727
FCGR2A,5.7712064
FCGR2B,7.8282733
FCGR3B,7.155081
FCHO1,6.371566
FCN1,5.505674
FCN2,4.8406315
FCN3,6.6768346
FDFT1,9.716453
FDPS,9.830507
FDX1,8.058736
FDXR,6.4981794
FECH,6.704786
FEM1B,6.7283697
FEM1C,7.262458
FEN1,8.134127
FER,5.838334
FERMT2,7.2552385
FES,6.5201855
FFAR2,4.9701266
FGA,5.110737
FGB,4.7955966
FGD1,6.6852674
FGD2,5.7096243
FGF1,5.0983086
FGF12,4.438178
FGF13,5.669811
FGF14,4.6839485
FGF16,5.2320933
FGF17,5.128656
FGF18,5.262798
FGF2,4.85286
FGF20,4.0863743
FGF21,5.2882414
FGF22,4.827246
FGF23,5.179088
FGF3,4.7472906
FGF4,5.0026746
FGF5,5.1952825
FGF6,6.166071
FGF7,3.97409
FGF8,4.2051063
FGF9,4.9583373
FGFBP1,6.769982
FGFR1,6.9950256
FGFR2,5.1940885
FGFR3,6.4169006
FGFR4,5.4784927
FGG,6.365026
FGL2,7.645541
FGR,7.1012955
FH,9.27538
FHL2,9.275425
FIG4,8.2245455
FIP1L1,5.917458
FIRRM,5.486858
FIS1,9.6181135
FKBP14,6.403872
FKBP1A,8.853429
FKBP1B,6.3464603
FKBP4,6.7590833
FKBP5,7.3425574
FKBP6,5.839154
FKBP8,6.78962
FKBP9,9.741553
FKBPL,6.654799
FKRP,5.3566556
FKTN,6.405402
FLAD1,7.6625085
FLCN,5.8976636
FLG,3.8036296
FLI1,5.827048
FLNA,9.001098
FLNB,8.805764
FLNC,6.8466763
FLOT1,8.374977
FLOT2,7.278065
FLRT1,5.521974
FLRT2,5.826984
FLRT3,7.8417993
FLT1,5.870703
FLT3,5.3462677
FLT3LG,5.2781568
FLT4,5.0102873
FMNL1,6.35705
FMO1,6.3576937
FMO2,7.852574
FMO3,6.207744
FMOD,9.0118265
FN1,12.734094
FN3K,4.6203213
FN3KRP,8.8176365
FNBP1,8.046152
FNBP1L,8.572164
FNTA,8.803461
FNTB,6.556056
FOLH1,5.350804
FOLR1,8.811162
FOLR2,7.2115364
FOLR3,5.5375614
FOS,10.158496
FOSB,7.791567
FOSL1,6.268875
FOXA1,5.8158445
FOXA2,5.4437666
FOXC1,7.50465
FOXC2,5.352405
FOXD3,4.032043
FOXF1,6.4726415
FOXG1,5.433009
FOXH1,5.6296115
FOXJ2,7.092246
FOXK2,7.183028
FOXL2,4.2900095
FOXM1,7.373648
FOXO1,7.830321
FOXO3,7.972633
FOXO4,5.9012218
FOXP3,5.7227407
FPGS,7.950992
FPGT,6.5281606
FPR1,6.099813
FPR2,5.026578
FPR3,7.0743084
FRAT1,6.8234043
FRAT2,7.3542995
FRK,5.435292
FRS2,5.5808206
FRS3,6.1613264
FSCN1,6.9945025
FSCN2,4.376029
FSHB,4.8108478
FSHR,4.9032664
FST,6.3075447
FSTL1,7.9801035
FSTL3,7.540692
FTCD,6.151013
FTH1,11.972935
FTL,13.46131
FTO,9.101803
FTSJ1,7.9336014
FTSJ3,8.487711
FUCA1,8.27638
FURIN,7.8529587
FUS,7.964603
FUT1,6.6314526
FUT2,6.5732274
FUT3,6.327182
FUT4,6.256142
FUT5,6.0607
FUT6,5.526239
FUT7,5.348054
FUT8,7.4612365
FUT9,3.8896158
FUZ,6.576284
FXN,5.821189
FXR1,8.189364
FXYD1,6.007124
FXYD2,5.3004613
FXYD3,9.1100645
FXYD6,7.769182
FXYD7,5.048407
FYB1,6.2038136
FYN,7.2931604
FZD1,5.8790894
FZD10,5.061216
FZD2,6.4051237
FZD3,5.4652243
FZD4,7.1268153
FZD5,6.7700925
FZD6,8.589281
FZD7,7.3667636
FZD8,5.4821754
FZD9,5.594273
FZR1,6.6200986
G0S2,8.273013
G3BP1,7.516735
G3BP2,8.10689
G6PC1,4.092183
G6PC2,6.0012236
G6PC3,8.079347
G6PD,7.4485817
GAA,8.556094
GAB1,5.532723
GAB2,7.8018446
GABARAP,11.598206
GABARAPL1,7.5438466
GABARAPL2,10.183736
GABBR1,6.8582306
GABBR2,5.252621
GABPA,6.0539145
GABPB1,6.6813173
GABRA1,4.5581536
GABRA2,3.845168
GABRA3,4.4409146
GABRA4,5.0132647
GABRA5,3.9993422
GABRA6,3.9806528
GABRB1,3.8841114
GABRB2,5.1798573
GABRB3,4.4720087
GABRG2,4.538386
GABRG3,4.068708
GABRQ,5.3356814
GABRR1,4.027608
GABRR2,5.998865
GAD1,4.830021
GAD2,4.72804
GADD45A,9.426015
GADD45GIP1,5.470788
GAK,8.421699
GAL,4.9406767
GAL3ST1,5.566957
GALC,7.240815
GALE,7.5335097
GALK1,5.397204
GALNS,6.9429846
GALNT1,9.431454
GALNT10,7.4490247
GALNT11,9.100556
GALNT12,6.8547926
GALNT14,6.859054
GALNT2,7.5770407
GALNT3,6.6839404
GALNT4,6.3449616
GALNT6,7.048206
GALNT7,8.789248
GALNT8,5.0434628
GALR1,3.9961083
GALR2,4.5682507
GALR3,7.264103
GALT,5.937818
GAMT,6.7414494
GAN,4.995303
GANAB,9.715252
GAP43,4.671805
GAPDH,13.112435
GAPDHS,4.7757826
GAPVD1,7.952457
GAR1,8.658965
GARRE1,8.522271
GARS1,10.518266
GART,5.4639983
GAS1,6.2540827
GAS2,4.4116917
GAS6,9.124232
GAS8,8.021662
GAST,5.9184
GATA1,5.657995
GATA2,6.421846
GATA3,5.226653
GATA4,4.5502515
GATA6,6.1411967
GATAD2A,7.1793747
GATM,4.997079
GBA1,6.4447002
GBA3,4.340764
GBE1,9.249732
GBF1,7.3154545
GBP1,8.607919
GBP2,8.287478
GBX2,4.5007944
GC,3.9481678
GCA,8.145387
GCC1,6.069804
GCC2,6.8083534
GCDH,7.2633314
GCFC2,5.911094
GCG,3.9106781
GCGR,6.006287
GCH1,8.706818
GCHFR,7.997333
GCK,5.385708
GCKR,5.863402
GCLC,8.354285
GCLM,7.9568477
GCN1,8.33846
GCNT1,6.073697
GCNT3,6.6835127
GCNT4,4.380201
GCSH,8.668851
GDAP1,5.7285433
GDE1,8.860022
GDF1,5.3888116
GDF2,6.273277
GDF5,6.7260966
GDI1,9.409191
GDI2,10.628193
GDNF,4.908691
GDPD3,6.473845
GDPD5,7.1626973
GEM,9.086609
GEMIN2,6.009592
GEMIN4,7.397925
GEMIN6,7.222843
GEMIN7,6.918911
GEMIN8,5.9726343
GET1,8.626454
GET3,8.064129
GFAP,5.072687
GFER,6.4025784
GFI1,5.970876
GFM1,6.021352
GFOD1,7.0179095
GFPT1,8.644903
GFPT2,7.291546
GFRA1,4.578964
GFRA2,5.5093894
GFRA3,6.0874567
GFRA4,5.7478256
GFUS,8.711629
GGA1,8.205401
GGA2,7.238535
GGA3,7.2018185
GGCT,10.523536
GGCX,7.5615726
GGH,7.620204
GGPS1,7.5858855
GGT1,7.6414757
GGT5,7.104143
GH1,5.1318607
GH2,4.775557
GHR,5.133818
GHRH,5.0475187
GHRHR,5.192992
GHSR,4.6819916
GID4,6.182956
GID8,9.059571
GINS1,7.7504177
GINS2,6.5298595
GINS3,5.847708
GINS4,4.962076
GIP,4.599266
GIPC1,8.212782
GIPR,5.6244617
GIT1,7.6434255
GIT2,6.4368157
GJA1,10.530225
GJA3,4.983933
GJA4,6.6830144
GJA5,5.786604
GJA8,5.7368364
GJA9,4.858324
GJB1,6.868967
GJB3,6.293368
GJB4,6.4818416
GJB5,5.353354
GJC1,5.672586
GJC2,6.4172254
GJD2,6.257011
GK,6.1880846
GK2,4.8812656
GK3,5.12153
GLA,8.835192
GLB1,9.70513
GLB1L,6.338431
GLB1L2,7.5091176
GLCE,6.034827
GLDC,5.818098
GLE1,6.004644
GLG1,9.306774
GLI1,6.488595
GLI2,5.272878
GLI3,7.4442115
GLIPR1,7.2776604
GLMN,6.320901
GLO1,10.757281
GLP1R,5.4142146
GLP2R,4.440916
GLRA1,4.3717685
GLRA2,5.327459
GLRA3,3.9421477
GLRB,5.218359
GLRX,8.7411585
GLRX3,7.295495
GLRX5,10.16837
GLS,6.6909895
GLS2,5.0024447
GLTP,8.038609
GLUD1,9.117999
GLUD2,5.838539
GLUL,9.779247
GLYAT,5.022162
GM2A,6.9519515
GMDS,7.298885
GMFG,8.321671
GMIP,6.487723
GML,4.9427147
GMNN,8.471132
GMPPA,7.687059
GMPPB,6.9788456
GMPR,6.0584297
GMPR2,8.839541
GMPS,8.049734
GNA11,8.123376
GNA12,7.423162
GNA13,6.9753146
GNA14,5.8062377
GNA15,7.67262
GNAI1,6.7556267
GNAI2,9.066075
GNAI3,8.079415
GNAL,4.657555
GNAO1,5.3167286
GNAQ,8.421609
GNAS,10.635968
GNAT1,5.0280566
GNAT2,4.4102025
GNAT3,3.8810904
GNAZ,6.3904366
GNB1,10.448623
GNB2,9.718663
GNB3,6.504573
GNB5,6.57141
GNE,7.778091
GNG11,6.625471
GNG12,8.7754965
GNG13,4.904058
GNG3,5.7959523
GNG4,5.5924754
GNG5,11.32534
GNG7,6.316728
GNGT1,3.8499925
GNL3,7.624069
GNLY,6.2403235
GNMT,5.242855
GNPAT,9.600635
GNPDA1,8.779903
GNRH1,4.161595
GNRH2,6.1331186
GNRHR,3.984601
GNS,9.041907
GOLGA1,6.957445
GOLGA2,7.6319256
GOLGA3,8.01399
GOLGA4,8.168962
GOLGA5,9.1927185
GOLGA7,9.476243
GOLGB1,8.498676
GOLIM4,6.652974
GOLM1,7.690902
GORASP1,7.136068
GORASP2,10.073923
GOSR1,7.9671583
GOSR2,6.7706933
GOT1,8.345795
GOT2,9.8316765
GP1BA,5.8689923
GP1BB,5.369675
GP2,5.101296
GP5,4.1369457
GP6,4.788261
GP9,6.532144
GPAA1,9.14081
GPATCH1,6.771283
GPC1,6.9801426
GPC3,5.908325
GPC4,7.735166
GPC5,4.0658484
GPD1,5.4358664
GPD1L,8.85723
GPD2,5.551469
GPER1,5.103227
GPHN,6.1932864
GPI,10.407611
GPKOW,7.9659734
GPLD1,4.962297
GPNMB,10.437285
GPR132,5.5847106
GPR143,5.9518633
GPR15,5.4531054
GPR161,5.855546
GPR17,4.4421954
GPR176,6.235371
GPR18,5.0165415
GPR183,7.2833066
GPR20,5.755682
GPR25,4.7900944
GPR27,6.2334538
GPR31,5.3745914
GPR32,4.908921
GPR35,6.229977
GPR37,4.468536
GPR37L1,5.1441116
GPR39,5.574618
GPR4,6.178687
GPR45,4.6703367
GPR65,5.833701
GPR68,5.457777
GPS1,7.8656697
GPS2,8.165277
GPSM2,6.6109643
GPSM3,7.3074965
GPT,6.602031
GPX1,11.472846
GPX2,6.850051
GPX3,9.559603
GPX4,10.901831
GPX5,4.6783953
GPX7,7.15202
GRAP,5.371874
GRAP2,5.4107437
GRB10,7.5087357
GRB14,5.5359354
GRB2,8.92471
GRB7,7.378984
GREB1,4.3952065
GREM1,7.823031
GREM2,4.407271
GRHPR,9.147081
GRIA1,4.4728923
GRIA2,4.0526867
GRIA3,4.350256
GRIA4,4.1936245
GRIK1,4.6615343
GRIK2,3.9745739
GRIK3,4.6786313
GRIK4,4.3873453
GRIK5,5.958351
GRIN1,5.8195004
GRIN2A,5.1116123
GRIN2B,4.745434
GRIN2C,5.8132057
GRIN2D,4.613915
GRIP1,4.6436477
GRIP2,6.2968445
GRK1,5.2461567
GRK2,6.80301
GRK3,6.232579
GRK4,4.5655828
GRK5,6.7538753
GRK6,7.5498514
GRM1,4.4744453
GRM2,6.204462
GRM3,4.8131824
GRM4,6.5581656
GRM5,4.6146307
GRM6,5.279391
GRM7,4.6545086
GRM8,4.0420713
GRN,10.610039
GRP,5.8270555
GRPEL1,8.504405
GRPR,6.539432
GRSF1,7.413458
GSDMD,7.821963
GSDME,7.870234
GSK3A,7.869367
GSK3B,6.949115
GSN,6.960604
GSPT1,8.517085
GSPT2,7.3704543
GSR,7.9244776
GSS,8.886027
GSTA1,6.079318
GSTA2,6.563576
GSTA3,5.2652698
GSTA4,8.781889
GSTK1,9.38838
GSTM1,8.161661
GSTM2,8.532773
GSTM3,7.996109
GSTM4,5.826491
GSTM5,7.064124
GSTO1,10.5010395
GSTP1,10.98569
GSTT1,7.083847
GSTT2,6.086857
GSTZ1,7.282607
GTF2A1,6.592908
GTF2A2,6.810726
GTF2B,8.961347
GTF2E1,8.100013
GTF2E2,8.445289
GTF2F1,7.333532
GTF2F2,4.9786534
GTF2H1,7.2770557
GTF2H2,6.6716
GTF2H3,8.8364
GTF2H4,6.698196
GTF2H5,5.5150285
GTF3A,10.630599
GTF3C1,8.550965
GTF3C2,9.606271
GTF3C3,6.5222797
GTF3C4,7.3160925
GTF3C5,6.5869374
GTPBP2,6.6887383
GTPBP3,7.174383
GTSE1,5.893404
GUCA1A,5.2640185
GUCA1B,5.8981714
GUCA2B,5.270661
GUCY1A1,8.225634
GUCY1A2,5.700731
GUCY1B1,6.8855863
GUCY2C,4.384709
GUCY2D,5.5405316
GUCY2F,4.652876
GUK1,7.3948283
GUSB,8.7449875
GYG1,9.402019
GYG2,5.8624024
GYPA,4.344419
GYPB,5.745331
GYPC,8.050907
GYS1,8.116115
GYS2,3.7664683
GZMB,7.357684
GZMH,6.708985
GZMM,5.743753
H1-0,9.906212
H1-1,5.2218385
H1-2,8.5465765
H1-3,6.632951
H1-4,4.9554586
H1-5,4.4321566
H2AC11,4.4332004
H2AC13,6.1701555
H2AC14,7.321768
H2AC15,4.232889
H2AC16,4.2743225
H2AC17,4.706469
H2AC18,9.010763
H2AC25,7.1518297
H2AC4,5.0101156
H2AC6,8.935631
H2AC7,5.8801665
H2AC8,5.037942
H2AJ,6.2373233
H2AX,6.5641136
H2AZ1,11.239707
H2AZ2,9.277775
H2BC10,6.550268
H2BC11,4.2048054
H2BC12,10.415553
H2BC12L,8.741877
H2BC13,4.6306396
H2BC14,4.3981857
H2BC15,4.9662824
H2BC17,4.088055
H2BC21,8.167812
H2BC3,4.3166966
H2BC4,5.1968794
H2BC5,8.559572
H2BC6,7.594679
H2BC7,7.8727016
H2BC8,5.2498837
H2BC9,6.9523826
H3-3A,12.560441
H3-3B,11.93361
H3-4,4.719348
H3C1,4.2425365
H3C10,5.619169
H3C11,4.3301067
H3C12,5.082908
H3C2,4.1802363
H3C3,4.4014945
H3C4,4.7879667
H3C6,5.435222
H3C7,4.0227423
H3C8,5.8460016
H4C1,4.5023565
H4C11,6.7559843
H4C12,7.1089582
H4C13,4.121683
H4C14,5.004014
H4C2,4.362679
H4C3,11.138688
H4C4,4.786491
H4C5,5.245267
H4C6,4.0053906
H4C8,4.638272
H4C9,5.6136227
HAAO,6.3128815
HABP4,5.8714256
HACD1,6.1665525
HACD2,8.8628645
HACD3,9.349592
HADH,8.26366
HADHA,9.155582
HADHB,10.585825
HAGH,8.365739
HAL,5.094554
HAND1,5.628596
HAND2,5.093943
HAO1,4.3286924
HAO2,5.26596
HAPLN1,4.4646316
HARS1,8.8287525
HARS2,8.106893
HAS1,5.6602607
HAS2,5.32716
HAT1,8.770098
HAUS2,7.919907
HAUS3,7.1872287
HAUS4,8.748289
HAUS5,6.7813916
HAUS6,4.682808
HAUS7,6.18511
HAVCR1,4.098104
HBA1,9.461296
HBA2,9.436836
HBB,9.793904
HBD,5.3229465
HBE1,5.1884456
HBEGF,6.5764394
HBG1,6.4709306
HBG2,6.272072
HBS1L,5.5749583
HCAR3,7.345928
HCCS,7.8898883
HCFC1,6.7298136
HCFC2,5.9943247
HCK,7.804815
HCN2,5.2227244
HCN4,5.0125637
HCRT,5.1635537
HCRTR1,4.244985
HCRTR2,4.5630608
HDAC1,10.157492
HDAC11,7.3401833
HDAC2,7.655222
HDAC3,8.893731
HDAC4,6.060322
HDAC5,7.2359686
HDAC6,6.9854155
HDAC7,6.4352098
HDAC9,5.126089
HDC,5.879261
HDGF,10.9068985
HDLBP,9.218306
HEATR1,7.3921413
HEBP1,9.643878
HEBP2,8.580177
HECTD3,7.5919194
HECW1,5.4332643
HELLS,5.9611897
HEPH,5.502355
HERC1,5.2274785
HERC2,5.2776365
HERC3,5.2571306
HERC4,4.8099966
HERC5,7.2778854
HERC6,6.229387
HERPUD1,9.29638
HES1,8.140265
HEXA,7.1653028
HEXB,10.792967
HEY1,8.522726
HEY2,5.1512423
HEYL,6.8520436
HFE,6.5302315
HGD,5.096379
HGF,4.752544
HGFAC,5.428356
HGS,8.06338
HGSNAT,7.5873747
HHAT,5.941237
HHEX,5.926881
HIBCH,7.383938
HIC1,5.1348057
HIF1A,11.776183
HIF1AN,6.562206
HIF3A,5.243515
HIGD1A,9.890347
HIGD2A,7.751566
HIKESHI,7.306477
HILPDA,8.626745
HINT1,11.54307
HIP1,6.0817857
HIP1R,7.943838
HIPK1,6.485522
HIPK2,6.7380557
HIRA,6.2184176
HIVEP3,6.912087
HJURP,7.177541
HK1,10.749861
HK2,9.393269
HK3,7.1450825
HKDC1,5.3072376
HLA-A,12.91394
HLA-B,12.466939
HLA-C,13.154648
HLA-DMA,10.55759
HLA-DMB,10.037109
HLA-DOA,6.3070326
HLA-DOB,6.5566893
HLA-DPA1,11.131055
HLA-DPB1,9.749165
HLA-DQA1,8.953319
HLA-DQB1,9.087364
HLA-DQB2,7.129504
HLA-DRA,12.168039
HLA-DRB1,12.354484
HLA-DRB4,6.826049
HLA-DRB5,12.399977
HLA-E,11.985061
HLA-F,11.1236515
HLA-G,11.10781
HLCS,6.0560637
HLTF,8.805266
HMBS,8.143145
HMG20B,6.717947
HMGA1,7.2761207
HMGA2,4.6305695
HMGB1,11.5434265
HMGB2,8.201941
HMGCL,8.861991
HMGCR,7.7536044
HMGCS1,6.715964
HMGCS2,5.3833904
HMMR,6.432417
HMOX1,7.98821
HMOX2,7.830983
HNF1A,5.7901783
HNF1B,7.0594945
HNF4A,5.4319334
HNF4G,4.346918
HNMT,5.7749424
HNRNPA0,8.64356
HNRNPA1,10.506036
HNRNPA2B1,10.360371
HNRNPA3,9.421218
HNRNPC,10.778252
HNRNPD,7.6666703
HNRNPDL,10.046306
HNRNPF,8.730037
HNRNPH1,6.299808
HNRNPH2,9.611737
HNRNPK,11.421903
HNRNPL,8.561696
HNRNPM,6.6007605
HNRNPR,9.5707035
HNRNPU,7.4868283
HNRNPUL1,8.388512
HOMER1,7.2113104
HOMER2,6.064456
HOMER3,7.1897297
HOPX,7.36356
HOXA1,5.41948
HOXA11,5.5702143
HOXA2,4.7335296
HOXA3,6.41688
HOXA4,5.796953
HOXA6,5.4249372
HOXB1,5.4039283
HOXB2,7.926919
HOXB3,6.0100603
HOXC11,6.7086425
HOXC4,6.573634
HOXC8,5.5968137
HOXD1,5.515203
HOXD11,5.049094
HOXD3,4.3005548
HOXD4,5.766908
HP,5.682887
HPD,4.535452
HPGD,6.6170845
HPGDS,6.233163
HPN,7.056291
HPR,5.5775776
HPRT1,7.574592
HPS1,6.396945
HPS4,6.304267
HPSE,6.4030194
HPSE2,5.270814
HPX,7.2505226
HRAS,7.756005
HRC,5.2053127
HRG,5.1414175
HRH1,6.3578277
HRH2,6.0985746
HRH3,5.736302
HRH4,4.1312194
HS2ST1,6.2716475
HS3ST1,5.753867
HS3ST2,7.112008
HS3ST3A1,5.229125
HS3ST3B1,5.0221896
HS6ST1,5.76683
HSBP1,9.770195
HSD11B1,7.1015778
HSD11B2,5.480907
HSD17B1,5.85786
HSD17B10,9.740252
HSD17B11,9.594603
HSD17B12,6.3972464
HSD17B14,6.766315
HSD17B2,4.8585267
HSD17B3,5.37594
HSD17B4,7.5523367
HSD17B6,6.4154305
HSD17B7,9.017481
HSD17B8,8.406871
HSD3B1,4.20481
HSD3B2,4.460514
HSF1,6.4209824
HSP90AA1,12.268347
HSP90AB1,10.968474
HSP90B1,10.027603
HSPA12A,5.61797
HSPA13,7.7709827
HSPA14,7.483148
HSPA1A,11.3049
HSPA1B,8.1307535
HSPA1L,6.0823836
HSPA2,7.1142254
HSPA4,7.691203
HSPA4L,5.2639704
HSPA5,10.523701
HSPA6,7.498382
HSPA8,12.324125
HSPA9,8.677664
HSPB1,11.504351
HSPB2,6.067691
HSPB8,7.050339
HSPD1,7.6039543
HSPE1,10.355502
HSPG2,7.3608303
HSPH1,8.52949
HTATSF1,7.520109
HTN1,3.8294098
HTN3,3.8731444
HTR1A,5.155618
HTR1B,5.18447
HTR1D,4.7992067
HTR1E,5.30367
HTR1F,4.727802
HTR2A,4.5785747
HTR2B,4.903718
HTR2C,3.923497
HTR3A,5.5815525
HTR3B,5.4798527
HTR4,4.508885
HTR5A,5.3031073
HTR6,6.134638
HTR7,4.5822024
HTRA1,10.155516
HTRA2,7.938017
HTT,7.498096
HUS1,5.636675
HUWE1,6.4985313
HYAL1,6.714556
HYAL2,8.217494
HYAL3,5.367286
HYAL4,4.8596983
HYOU1,9.602295
IAPP,4.2389903
IARS1,10.052665
IARS2,10.074288
IBSP,5.061863
ICAM1,8.975837
ICAM2,8.128677
ICAM3,8.399347
ICAM4,5.3540587
ICAM5,5.412697
ICE1,9.142623
ICE2,6.112828
ICMT,7.54327
ICOS,5.454846
ICOSLG,6.3160443
ID1,9.523631
ID2,7.809171
ID3,8.834576
ID4,6.125324
IDE,7.477476
IDH1,10.422248
IDH2,8.224205
IDH3A,7.5529437
IDH3B,9.01773
IDH3G,8.564256
IDI1,8.477575
IDO1,7.9258184
IDS,6.5706234
IDUA,5.497517
IER3,10.97616
IFI16,9.943003
IFI27,10.895481
IFI30,11.238071
IFI35,8.269192
IFI44,7.118612
IFI44L,7.6190114
IFI6,9.141214
IFIH1,4.570775
IFIT1,7.585365
IFIT2,7.1199746
IFIT3,7.958592
IFIT5,7.696377
IFITM1,11.515038
IFITM2,12.036979
IFITM3,12.599754
IFNA1,3.7674813
IFNA10,4.608332
IFNA13,5.882924
IFNA14,4.792845
IFNA16,4.2963777
IFNA17,6.3780704
IFNA2,3.9269187
IFNA21,5.2321444
IFNA4,4.8846416
IFNA5,3.890725
IFNA6,4.006995
IFNA7,4.9892435
IFNA8,3.702125
IFNAR1,6.5189557
IFNAR2,7.6077576
IFNB1,4.4533916
IFNG,4.9804926
IFNGR1,9.530981
IFNGR2,10.237888
IFT122,7.1564755
IFT140,4.753654
IFT20,9.4108925
IFT22,6.921723
IFT25,6.983303
IFT27,6.444875
IFT46,7.739533
IFT52,7.552069
IFT56,5.455296
IFT57,7.1307416
IFT70A,4.754111
IFT74,4.0833073
IFT81,5.6293
IFT88,7.238795
IGF1,6.529509
IGF1R,6.673846
IGF2,5.694392
IGF2BP2,7.530486
IGF2BP3,5.8485346
IGF2R,8.514899
IGFALS,6.3046074
IGFBP1,4.043997
IGFBP2,9.343907
IGFBP3,10.451125
IGFBP4,9.120547
IGFBP5,6.5435004
IGFBP6,7.503434
IGFBP7,11.192821
IGHA1,6.6785793
IGHD,6.7495575
IGHG1,5.309447
IGHM,8.931235
IGHV1-69,6.627958
IGKV1-17,10.552436
IGKV1-5,5.3177066
IGKV1D-39,11.897032
IGKV2D-28,10.099287
IGKV4-1,9.784449
IGLC2,13.219221
IGLL1,4.5409565
IGLV2-14,11.028879
IGLV3-19,7.5085154
IGLV3-25,8.283695
IGLV6-57,5.2169123
IHH,6.7860694
IK,9.079478
IKBKB,6.6441894
IKBKE,7.1736255
IKBKG,7.8916163
IKZF1,5.268577
IL10,4.477889
IL10RA,8.459996
IL10RB,8.180853
IL11,5.5007553
IL11RA,6.411144
IL12A,4.725521
IL12B,3.778771
IL12RB1,6.194468
IL12RB2,4.6512856
IL13,6.26913
IL13RA1,7.752726
IL13RA2,4.778975
IL15,5.565669
IL15RA,7.6563964
IL16,6.124911
IL17A,4.027645
IL17RA,7.765687
IL17RB,6.357572
IL17RC,7.187582
IL18,5.9306345
IL18BP,6.2817464
IL18R1,5.367293
IL18RAP,5.971185
IL19,5.7918625
IL1A,4.778014
IL1B,7.2942023
IL1R1,7.2533855
IL1R2,5.913546
IL1RAP,5.6368365
IL1RAPL1,4.528619
IL1RAPL2,5.5858893
IL1RL1,5.936173
IL1RL2,5.167938
IL1RN,6.402857
IL2,3.7717857
IL20RA,4.888041
IL21,4.7047834
IL21R,6.0536957
IL22,5.0506377
IL22RA1,5.73703
IL23A,5.8452396
IL24,4.8468275
IL25,5.585054
IL26,3.7179885
IL27RA,6.869326
IL2RA,5.665412
IL2RB,7.779316
IL2RG,7.68829
IL3,4.019537
IL32,8.186114
IL33,5.3853674
IL36A,5.251916
IL36G,4.887542
IL36RN,4.957003
IL37,4.873214
IL3RA,6.636966
IL4,3.9914644
IL4R,8.886588
IL5,4.041018
IL5RA,4.940797
IL6,6.975354
IL6R,6.8114166
IL6ST,7.373602
IL7,4.562159
IL7R,8.849005
IL9,4.005068
IL9R,5.4544644
ILF2,10.295819
ILF3,8.414298
ILK,9.62214
IMMT,9.405581
IMP3,8.942747
IMP4,9.044672
IMPA1,9.164326
IMPA2,9.233553
IMPACT,6.6816616
IMPDH1,8.060761
IMPDH2,10.480583
INCENP,5.771247
ING2,6.0328774
ING3,6.7049737
ING4,7.526035
INHA,5.333225
INHBA,7.827463
INHBB,7.5123467
INHBC,6.039187
INHBE,3.9968066
INO80B,5.9494305
INO80D,6.666693
INPP1,8.682004
INPP4A,6.275218
INPP4B,5.0373025
INPP5A,7.4209685
INPP5B,6.1398625
INPP5D,5.9975634
INPP5E,7.520728
INPP5F,5.989407
INPP5J,6.833998
INPP5K,7.6879244
INPPL1,8.255921
INS,4.633233
INSIG1,7.603601
INSIG2,7.655733
INSL3,5.273228
INSL5,4.6763215
INSM1,4.209351
INSR,7.3582993
INTS1,6.613755
INTS11,8.511583
INTS12,7.676378
INTS13,8.480366
INTS14,7.0825357
INTS3,6.9314837
INTS5,7.851854
INTS6,6.077047
INTS7,5.806821
INTS8,9.13126
INTS9,7.0829015
IP6K1,8.066023
IP6K2,8.213066
IPO5,8.0117
IPO7,9.45255
IPO8,6.7944307
IPPK,6.7730656
IQCB1,7.8578672
IQCE,5.7744985
IQGAP1,9.791352
IQGAP2,6.206182
IQSEC3,5.4444695
IRAG2,6.7114916
IRAK1,9.356238
IRAK3,5.1763783
IRAK4,6.160896
IREB2,5.217025
IRF1,8.534024
IRF2,8.09464
IRF3,8.445328
IRF4,5.639777
IRF5,6.6405635
IRF6,7.9594893
IRF7,8.146638
IRF8,8.425334
IRF9,9.560129
IRS1,6.4119096
IRS2,9.417526
IRS4,4.825865
ISCA1,7.9334507
ISCU,10.627044
ISG15,9.796951
ISG20,8.547347
ISG20L2,8.28884
ISL1,4.7678313
ISLR,7.458531
IST1,8.816362
ISYNA1,6.4832573
ITCH,6.7636123
ITFG2,6.141051
ITGA1,4.628314
ITGA10,6.2975373
ITGA2,7.5577235
ITGA2B,5.0615225
ITGA3,8.086536
ITGA4,5.29528
ITGA5,8.000441
ITGA6,7.769669
ITGA7,6.3704567
ITGA8,6.1229672
ITGA9,5.5977535
ITGAE,9.573857
ITGAL,6.79731
ITGAM,6.648731
ITGAV,10.4720745
ITGAX,6.500089
ITGB1,4.1089983
ITGB2,8.747792
ITGB3,4.9411826
ITGB3BP,7.8654747
ITGB4,5.4810505
ITGB5,6.6667285
ITGB6,5.686253
ITGB7,6.9471383
ITGB8,4.6796756
ITGBL1,7.24067
ITIH2,5.458888
ITIH3,5.3519588
ITIH4,5.7596493
ITK,6.2477016
ITM2B,11.994398
ITPA,9.492061
ITPK1,5.9222727
ITPKA,5.536864
ITPKB,6.3102055
ITPKC,7.558168
ITPR1,6.660811
ITPR2,5.8014946
ITPR3,7.40701
ITSN1,4.7754493
ITSN2,7.9861994
IVD,7.239785
IVL,6.284025
IZUMO4,5.5186305
JADE1,7.6578636
JADE2,6.577762
JADE3,6.4870086
JAG1,6.156001
JAG2,7.9694395
JAK1,8.679445
JAK2,5.468321
JAK3,5.062343
JAM2,6.7118387
JAM3,5.791236
JARID2,8.306941
JCHAIN,10.300609
JMJD1C,6.8274293
JMJD4,6.5406227
JMJD6,6.6935773
JMJD7,6.9043784
JOSD1,9.29089
JUN,8.687884
JUNB,9.796704
JUND,6.0674872
JUP,9.783963
KALRN,4.8890758
KANK1,5.575092
KANSL2,8.637575
KANSL3,5.69907
KARS1,10.947794
KAT2A,8.212172
KAT2B,7.4342747
KAT5,7.7855268
KAT6A,7.1487746
KAT6B,6.8057246
KAT7,8.429267
KAT8,7.1908126
KAZN,6.464778
KCMF1,8.116004
KCNA1,4.891168
KCNA10,4.9873548
KCNA2,5.002356
KCNA3,5.2684774
KCNA4,4.8591413
KCNA5,5.708593
KCNA6,5.864406
KCNAB1,5.3346677
KCNAB2,6.3617673
KCNAB3,5.3234096
KCNB1,5.047197
KCNB2,4.870919
KCNC1,5.101427
KCNC2,4.7310257
KCNC3,5.1266665
KCNC4,5.6588864
KCND1,5.883135
KCND2,4.2807727
KCND3,5.0470853
KCNE1,4.921595
KCNE2,5.4958305
KCNE4,5.574793
KCNE5,5.069613
KCNF1,6.0329175
KCNG1,5.4136896
KCNG2,5.347761
KCNH1,4.858188
KCNH2,6.2517223
KCNH4,5.6201215
KCNH6,4.347749
KCNIP1,5.5275927
KCNIP2,4.6804876
KCNJ1,4.753166
KCNJ10,4.957722
KCNJ12,4.499531
KCNJ14,5.207806
KCNJ15,6.7130938
KCNJ16,4.2308655
KCNJ2,7.346287
KCNJ3,4.2042384
KCNJ4,5.2156086
KCNJ5,6.1656055
KCNJ6,5.184837
KCNJ8,6.828252
KCNJ9,4.975117
KCNK1,7.083661
KCNK10,4.892712
KCNK12,4.427506
KCNK13,4.492581
KCNK15,4.4595103
KCNK2,4.378267
KCNK3,5.7243857
KCNK4,5.899689
KCNK5,6.49789
KCNK7,5.756641
KCNMA1,4.892278
KCNMB1,6.101894
KCNMB2,5.204092
KCNMB3,6.1863346
KCNMB4,6.4526644
KCNN1,6.5427747
KCNN2,5.0060873
KCNN3,5.4917817
KCNN4,7.097226
KCNQ1,6.694338
KCNQ2,5.422591
KCNQ3,5.661995
KCNQ4,5.2801
KCNS1,6.943568
KCNS3,8.67465
KCNV1,4.019261
KCNV2,4.0016885
KCTD13,6.340557
KCTD15,6.540228
KCTD3,6.6131144
KCTD7,6.240908
KDELR1,9.129656
KDELR2,10.837411
KDELR3,8.164807
KDM1A,8.722393
KDM2A,8.272632
KDM3A,7.2804365
KDM3B,8.807121
KDM4A,7.7731595
KDM4B,6.646796
KDM4C,5.9172635
KDM4D,4.758166
KDM5A,6.8550363
KDM5B,8.471203
KDM5C,7.19776
KDM5D,6.9792013
KDM6A,5.5849576
KDM6B,7.7160826
KDM7A,8.08287
KDM8,5.8335886
KDR,6.2575917
KDSR,6.7503095
KEAP1,8.664184
KEL,5.7957444
KERA,3.800075
KHDRBS1,10.327514
KHDRBS2,5.2330246
KHDRBS3,6.2591534
KHK,6.252935
KHSRP,7.5326886
KIAA0319,5.144525
KIDINS220,7.3812814
KIF11,6.1768646
KIF13A,5.8882065
KIF13B,7.9112105
KIF14,5.59592
KIF15,5.5743165
KIF16B,5.9349785
KIF17,5.591823
KIF18A,4.6336565
KIF18B,6.9594874
KIF1A,4.799982
KIF1B,7.8688765
KIF1C,6.475645
KIF20A,6.797027
KIF20B,5.639074
KIF21B,6.797373
KIF22,6.318844
KIF23,4.784621
KIF24,4.0442543
KIF25,5.553786
KIF26B,6.2208123
KIF2A,5.937025
KIF2C,7.0947313
KIF3A,5.9743576
KIF3B,8.171906
KIF3C,6.930751
KIF4A,7.1264935
KIF5A,5.726713
KIF5B,9.818117
KIF5C,5.427064
KIFAP3,8.359483
KIFC1,7.558048
KIFC3,6.686242
KIN,4.784345
KIR2DL1,5.5027575
KIR2DL2,5.7693887
KIR2DL3,5.7956195
KIR2DL4,5.143852
KIR2DS1,6.409145
KIR2DS2,5.3559175
KIR2DS4,5.368727
KIR2DS5,6.265319
KIR3DL1,5.398499
KIR3DL2,5.092327
KIR3DS1,5.3717117
KIRREL1,5.906203
KISS1,5.201483
KIT,8.358954
KITLG,4.270757
KL,4.076353
KLC1,7.6968527
KLC2,6.9430933
KLF15,6.56426
KLF4,7.9727306
KLF5,8.166362
KLF9,5.635654
KLHDC10,7.8144746
KLHDC3,7.762734
KLHL11,6.4430156
KLHL12,7.3274446
KLHL2,8.2905245
KLHL20,6.387848
KLHL21,8.15645
KLHL22,5.8139896
KLHL25,7.2138777
KLHL3,6.293884
KLHL41,4.0942855
KLHL5,5.501611
KLHL9,6.600631
KLK1,6.578944
KLK12,6.6906233
KLK13,5.497804
KLK14,5.548484
KLK2,5.075043
KLK3,5.608748
KLK5,5.2000628
KLK7,5.952283
KLK8,5.893659
KLKB1,6.357983
KLRB1,6.920533
KLRC2,5.0517673
KLRD1,5.4781084
KLRF1,4.622914
KLRG1,6.306598
KLRK1,7.08413
KMO,6.116767
KMT2A,6.341088
KMT2B,5.5586467
KMT2D,6.361637
KMT5A,6.2998347
KMT5B,8.341266
KNG1,4.3491383
KNL1,4.2087893
KNTC1,6.9181128
KPNA1,7.471594
KPNA2,10.350939
KPNA3,8.342557
KPNA4,7.484096
KPNA5,5.4596195
KPNA6,8.081445
KPNB1,9.260851
KPTN,6.696924
KRAS,6.905588
KRBOX4,5.991151
KREMEN2,6.898264
KRR1,5.8735094
KRT1,5.7972865
KRT10,10.119069
KRT12,4.215991
KRT13,4.6154227
KRT14,5.1712155
KRT15,7.708266
KRT16,5.539759
KRT17,7.362354
KRT18,11.600251
KRT19,9.276521
KRT2,5.421832
KRT20,4.0882235
KRT23,5.173765
KRT24,4.5369835
KRT3,4.9864073
KRT31,4.7539163
KRT32,5.683743
KRT33A,5.2292614
KRT33B,5.493737
KRT34,4.763422
KRT35,4.53724
KRT36,4.7255144
KRT37,4.677653
KRT38,4.9570866
KRT4,5.4995637
KRT5,6.316839
KRT6A,5.6200886
KRT6B,6.4039936
KRT7,9.441732
KRT75,6.0155516
KRT76,5.304503
KRT8,10.391619
KRT81,5.8777227
KRT83,5.47889
KRT84,5.021509
KRT85,5.5793676
KRT86,6.255044
KRT9,5.9228983
KRTAP1-1,4.4145913
KRTAP1-3,4.6940207
KRTAP2-1,4.140532
KRTAP4-7,3.7387466
KRTAP5-8,7.6446877
KRTAP5-9,5.8245077
KRTAP9-9,3.7302082
KSR1,5.8392673
KTN1,9.82502
KYAT1,6.138541
KYAT3,8.556893
KYNU,6.918894
L1CAM,5.718503
L2HGDH,4.704793
L3MBTL1,5.5998993
LAG3,5.826932
LAGE3,8.416068
LAIR1,7.475214
LAIR2,6.0935473
LALBA,5.4815636
LAMA1,5.183117
LAMA2,6.585439
LAMA3,5.947174
LAMA4,5.946235
LAMA5,8.238763
LAMB1,8.209167
LAMB2,8.014979
LAMB3,8.957855
LAMC1,9.351416
LAMC2,6.446793
LAMC3,6.193166
LAMP1,9.666946
LAMP2,9.574911
LAMTOR2,8.401379
LAMTOR3,8.444427
LAMTOR5,10.208119
LARGE1,4.8986497
LARP1,8.337854
LARS1,8.998815
LARS2,7.023248
LAS1L,7.4916883
LAT,6.7428374
LAT2,6.6152744
LATS1,4.1727796
LBP,5.2680206
LBR,9.762463
LCAT,5.5705442
LCE2B,4.3562098
LCK,7.245769
LCMT1,8.80641
LCMT2,6.0690994
LCN1,4.9375567
LCN2,8.963307
LCP1,9.070387
LCP2,6.141359
LCT,5.305564
LDB1,7.463216
LDHA,12.711717
LDHAL6B,3.965775
LDHB,11.97988
LDHC,5.741113
LDLR,6.358764
LDLRAP1,7.7530203
LEF1,5.3273215
LEFTY1,5.0716405
LEFTY2,5.6359034
LEMD3,8.743568
LEP,4.9752545
LEPR,4.945642
LETM1,6.1185427
LFNG,6.3284307
LGALS1,11.648093
LGALS3,10.314379
LGALS3BP,11.063714
LGALS7,5.64592
LGALS9,7.5428996
LGI1,4.022487
LGI2,7.2990623
LGMN,9.998665
LGR4,5.407182
LGR5,4.929449
LHB,6.6496363
LHCGR,3.8943675
LHFPL2,8.659439
LHX1,4.5144334
LHX2,4.5646996
LHX3,5.9907966
LIAS,6.186672
LIF,7.456591
LIFR,5.268677
LIG1,7.0315576
LIG3,6.810904
LIG4,5.8844867
LILRA1,4.7982783
LILRA2,5.6937284
LILRA3,5.251609
LILRA4,6.11897
LILRA5,4.941627
LILRA6,6.61779
LILRB1,7.208725
LILRB2,6.092467
LILRB3,7.619245
LILRB4,4.974975
LILRB5,5.129674
LIMD1,5.956064
LIMK1,5.7186074
LIMK2,7.6347966
LIMS1,7.0224876
LIMS2,7.08992
LIN28A,4.2301025
LIN37,5.786859
LIN7A,4.401188
LIN7B,6.2720165
LIN7C,7.7106357
LIPA,8.66779
LIPC,4.994538
LIPE,5.5535994
LIPF,4.416276
LIPG,5.4310017
LIPT1,7.0922956
LMAN1,5.8605275
LMAN1L,5.462427
LMAN2,6.5605807
LMAN2L,8.52459
LMBRD1,8.028601
LMCD1,6.675932
LMF1,5.73548
LMF2,9.07677
LMNA,8.813686
LMNB1,6.9287276
LMO1,5.1104307
LMO2,6.5198903
LMO7,4.9968424
LMOD1,6.2298617
LNPEP,4.9834127
LONP1,8.735622
LONP2,7.8607945
LONRF1,6.187476
LORICRIN,5.0087595
LOX,5.999989
LOXL1,8.289465
LOXL2,5.596027
LPA,3.9362462
LPAR1,7.0585
LPAR2,7.1162972
LPAR3,5.746812
LPAR4,4.066405
LPAR6,6.5226326
LPCAT1,10.953276
LPCAT3,7.1911173
LPCAT4,5.9239984
LPGAT1,7.832143
LPIN1,8.13691
LPIN2,7.9504027
LPL,7.3824773
LPO,5.5095754
LRAT,4.1065073
LRFN3,5.4615927
LRFN4,7.028557
LRIG1,5.9632316
LRP1,6.806371
LRP10,8.641481
LRP12,4.9681234
LRP2,5.029288
LRP4,6.2125297
LRP5,5.900485
LRP6,6.4066033
LRP8,6.1420913
LRPPRC,8.7211895
LRRC1,6.494922
LRRC14,6.8775973
LRRC41,6.442139
LRRC49,5.7542763
LRRC8B,5.683576
LRRC8D,8.932503
LRRC8E,5.996829
LRRFIP1,8.424555
LRRTM2,4.5652275
LRRTM4,3.8226576
LSAMP,5.6956577
LSM1,9.383056
LSM2,8.117264
LSM3,7.5788627
LSM4,8.686249
LSM5,6.43735
LSM6,8.366506
LSM7,9.458273
LSM8,6.914093
LSR,8.944056
LSS,5.662843
LTA,5.5996237
LTA4H,10.928299
LTB,7.396142
LTB4R,6.206082
LTB4R2,5.234466
LTBP1,8.59045
LTBP2,9.263094
LTBP3,8.292289
LTBP4,6.1670012
LTBR,7.1280484
LTC4S,5.5125976
LTF,8.519983
LTK,5.7411947
LTN1,7.402173
LUC7L3,9.332985
LUM,10.249278
LUZP4,6.217148
LY6D,5.8042593
LY6E,9.259366
LY6G6C,6.0715256
LY6G6D,5.1156583
LY6H,4.5708065
LY86,8.161667
LY96,8.671602
LYL1,7.0445547
LYN,9.158495
LYPD1,5.814171
LYPD3,7.148022
LYPLA1,9.513522
LYPLA2,8.604046
LYRM2,6.178223
LYRM4,7.720784
LYVE1,5.4336214
LYZ,10.731793
LZTFL1,6.104529
M6PR,9.233063
MACO1,6.63094
MAD1L1,6.3840823
MAD2L1,6.1416035
MADCAM1,6.588868
MADD,8.151826
MAEA,9.274286
MAF,5.1436934
MAFB,10.059463
MAFF,8.38672
MAFG,8.030462
MAFK,6.1322584
MAG,4.9554996
MAGED1,11.072013
MAGED2,9.144972
MAGI2,5.1631994
MAGOH,7.8937864
MAGOHB,5.559044
MAGT1,7.9385123
MAIP1,8.561504
MALT1,6.9930973
MAML1,9.098437
MAML3,5.4563327
MAMLD1,6.399192
MAN1A1,7.414838
MAN1A2,5.594068
MAN1B1,8.233168
MAN1C1,6.817141
MAN2A1,9.005287
MAN2A2,7.490005
MAN2B1,9.016845
MAN2B2,8.090326
MAN2C1,6.788391
MANBA,8.163889
MANEA,4.7614284
MANF,10.120885
MAOA,7.242342
MAOB,5.399749
MAP1B,7.229613
MAP1LC3B,9.384787
MAP1LC3C,5.363061
MAP2K1,9.540003
MAP2K2,6.574337
MAP2K3,8.3982525
MAP2K4,7.2877517
MAP2K5,5.9034505
MAP2K6,5.618997
MAP2K7,5.924361
MAP3K1,6.1329722
MAP3K11,7.0623336
MAP3K14,6.569595
MAP3K3,8.099752
MAP3K5,8.28456
MAP3K7,7.4333944
MAP3K8,6.1196637
MAP4K4,7.5534787
MAPK1,7.379849
MAPK10,5.519173
MAPK11,6.2182126
MAPK12,6.31369
MAPK13,8.7431135
MAPK14,6.9502635
MAPK3,7.996817
MAPK4,4.551155
MAPK6,7.8292246
MAPK7,7.234408
MAPK8,6.7984834
MAPK9,7.8688064
MAPKAP1,7.4088492
MAPKAPK2,7.2666297
MAPKAPK3,7.760034
MAPKAPK5,6.3466344
MAPRE1,9.646979
MAPRE3,5.060229
MAPT,5.8335123
MARCHF6,7.10546
MARCKS,9.148172
MARCO,7.459754
MARK3,7.818925
MARK4,8.129448
MARS1,8.915207
MAS1,5.419962
MASP1,5.2838287
MASP2,5.6021657
MAT1A,6.503939
MAT2A,9.074427
MAT2B,8.510608
MATK,6.3852353
MATN1,5.401455
MATN3,3.9927096
MATN4,5.3085117
MAU2,4.780961
MAVS,6.798076
MAX,7.2191043
MB,6.597528
MBD1,7.178691
MBD2,5.0265913
MBD3,7.7750874
MBD4,8.385906
MBD5,6.0805593
MBIP,7.0216627
MBL2,3.8168843
MBOAT2,8.05519
MBOAT7,7.5922117
MBP,5.7666535
MBTPS1,8.278
MBTPS2,5.874856
MC1R,6.5015445
MC2R,4.2403007
MC3R,4.607322
MC4R,4.85494
MC5R,4.9558897
MCAM,8.1419115
MCAT,7.5326633
MCCC1,8.838479
MCCC2,6.600787
MCF2,4.273402
MCF2L,6.5762677
MCFD2,7.440736
MCHR1,5.307836
MCL1,6.8654947
MCM10,5.447344
MCM2,9.0996895
MCM3,8.841727
MCM4,6.4762487
MCM5,7.856394
MCM6,7.476819
MCM7,8.829907
MCOLN1,7.525823
MCOLN3,5.276562
MCPH1,5.467067
MCRS1,7.8837013
MCUB,8.504367
MDC1,7.252237
MDH1,10.786126
MDH2,9.575498
MDK,8.232833
MDM2,4.935832
MDM4,5.3161902
ME1,6.8347325
ME2,8.379812
ME3,6.6482835
MEAF6,7.3311467
MECOM,5.3659635
MECP2,6.8761415
MECR,7.4718575
MED1,7.6772327
MED12,7.262389
MED13,8.26834
MED13L,7.4594088
MED14,5.367011
MED15,8.23002
MED16,7.36069
MED17,6.9672356
MED18,5.4909005
MED20,6.751524
MED21,7.3755617
MED22,7.1907563
MED23,6.4460616
MED24,6.6275887
MED25,6.7897162
MED27,6.9017534
MED28,7.045748
MED31,5.8902555
MED4,7.290101
MED6,7.3435616
MED7,6.68796
MED8,7.9119315
MED9,7.042576
MEF2A,6.954524
MEF2C,7.042151
MEF2D,6.3224745
MEFV,5.6681685
MEIS1,7.1282163
MELTF,5.236954
MEMO1,8.662252
MEN1,7.985667
MEPE,6.0044417
MERTK,5.949966
MET,7.259133
METAP1,9.127959
METAP2,6.3765244
METTL1,7.7519464
METTL22,6.6561313
METTL3,7.549828
MEX3C,6.1265426
MFAP1,8.955435
MFAP2,8.894841
MFAP3,6.067583
MFAP4,7.870711
MFAP5,4.8500443
MFGE8,6.953649
MFN1,7.4865475
MFN2,6.747673
MFNG,6.1529016
MGA,7.2692547
MGAM,4.343901
MGAT1,9.035513
MGAT2,8.249078
MGAT3,5.9603133
MGAT4A,5.715559
MGAT4B,8.502548
MGAT4C,3.5934253
MGAT5,7.1481714
MGLL,9.402061
MGMT,7.35993
MGRN1,8.951874
MGST2,9.471469
MGST3,7.644844
MIA2,5.2251406
MIA3,6.976754
MICA,7.428476
MICAL1,7.970281
MICB,7.4331436
MICU1,8.879176
MICU2,9.228577
MID1,7.894597
MID1IP1,8.50303
MIEF1,7.6716385
MIF,12.058698
MINK1,7.0056906
MINPP1,7.7051835
MIOS,8.152328
MIP,4.670466
MIS12,8.101765
MIS18A,7.1596103
MIS18BP1,4.9946237
MITF,7.7872963
MKKS,8.346457
MKLN1,6.6124983
MKNK1,8.385986
MKRN1,9.167371
MKS1,6.811105
MLANA,4.3833666
MLEC,9.4304695
MLH1,9.026436
MLH3,6.702927
MLLT1,5.6556687
MLLT3,6.303758
MLN,5.947153
MLNR,4.0711584
MLPH,10.069345
MLST8,7.7646956
MLX,8.456796
MLXIPL,6.453802
MLYCD,6.652364
MMACHC,5.9127
MMADHC,10.860096
MME,6.0951242
MMP1,8.25907
MMP10,4.918733
MMP11,6.3138638
MMP12,8.822547
MMP13,5.1536775
MMP14,7.6116195
MMP15,6.347575
MMP16,4.394304
MMP17,6.191242
MMP19,7.068523
MMP2,7.083442
MMP20,3.8640168
MMP24,5.607135
MMP25,6.2175493
MMP3,4.767057
MMP7,8.709393
MMP8,4.26047
MMP9,9.2249775
MMRN1,4.17677
MMRN2,6.3252997
MMS19,8.4200735
MMUT,8.105767
MNAT1,7.199721
MNDA,7.2809772
MOB1A,8.432653
MOBP,4.6155205
MOCOS,5.9894304
MOCS1,5.729226
MOCS2,6.273054
MOCS3,5.798299
MOGAT2,5.290227
MOGS,7.738855
MON1B,7.390356
MORC2,7.7346435
MORF4L1,11.735855
MORF4L2,9.108133
MOSPD2,7.091671
MPC1,7.787429
MPC2,8.631501
MPDU1,7.3285327
MPG,8.030161
MPHOSPH10,8.599195
MPHOSPH6,7.5891848
MPHOSPH8,7.8173895
MPI,6.5150576
MPIG6B,4.8383737
MPL,4.7091312
MPO,4.9847684
MPP1,8.185789
MPRIP,7.8076873
MPST,8.432786
MPV17,8.495726
MPZ,5.9712534
MRAS,6.5698943
MRC1,9.470407
MRC2,8.656038
MRE11,4.8292255
MRGBP,7.440503
MRM1,6.5165687
MRM2,8.362681
MRM3,7.575281
MRPL11,8.442438
MRPL12,7.5982037
MRPL13,8.196543
MRPL15,9.43599
MRPL16,8.743011
MRPL17,8.969917
MRPL18,9.70827
MRPL19,5.600106
MRPL2,7.4304614
MRPL20,7.3459907
MRPL22,8.247261
MRPL23,7.5628605
MRPL24,9.521141
MRPL28,8.500164
MRPL3,10.777469
MRPL33,10.238805
MRPL34,8.514175
MRPL35,7.467525
MRPL39,7.0851455
MRPL4,7.696379
MRPL40,8.691047
MRPL41,5.3521657
MRPL42,8.3781595
MRPL44,5.942845
MRPL46,8.103154
MRPL48,8.253005
MRPL49,9.713613
MRPL52,6.5101285
MRPL57,9.33748
MRPL58,8.225617
MRPL9,9.201681
MRPS10,8.440057
MRPS11,6.4812307
MRPS12,5.797795
MRPS14,7.691563
MRPS15,7.180534
MRPS16,8.071799
MRPS17,8.615538
MRPS18A,8.150993
MRPS18B,8.851286
MRPS18C,4.036382
MRPS2,7.7386713
MRPS22,8.979481
MRPS27,7.1919684
MRPS28,8.492425
MRPS30,7.4882045
MRPS31,6.463743
MRPS33,7.7649264
MRPS34,8.587228
MRPS35,9.770763
MRPS7,8.749627
MRS2,6.2911267
MRTFA,5.991205
MS4A2,4.654733
MS4A3,4.0017204
MSH2,7.307989
MSH3,6.460305
MSH4,4.0418663
MSH5,5.9009027
MSH6,5.835042
MSI1,4.6807337
MSL1,9.303886
MSL2,7.8838377
MSL3,6.5387087
MSLN,5.5406547
MSMO1,9.391675
MSN,9.318889
MSR1,5.17513
MSRA,7.041195
MSRB1,9.422828
MSRB2,7.8416862
MST1,7.8191047
MST1R,7.05856
MSTN,3.5527492
MSX1,5.682597
MSX2,4.6522994
MT1E,10.196168
MT1F,9.402842
MT1G,7.5036197
MT1H,10.692618
MT1M,5.9756603
MT1X,10.596726
MT2A,11.56592
MT3,6.2275
MT4,6.496645
MTA1,7.204182
MTA2,5.253448
MTAP,5.1408076
MTARC1,8.103761
MTARC2,6.863944
MTERF1,6.145793
MTERF3,7.998837
MTERF4,7.1348443
MTF1,7.531435
MTF2,7.324518
MTHFD1,7.4506893
MTHFD2,8.378119
MTHFD2L,4.61047
MTHFR,5.8128076
MTHFS,6.771791
MTIF2,9.042519
MTM1,5.3315578
MTMR1,7.178873
MTMR10,6.1445847
MTMR12,7.3734493
MTMR14,7.55179
MTMR2,7.009929
MTMR3,6.242198
MTMR4,8.510615
MTMR6,6.7793336
MTMR7,3.9170432
MTMR8,4.191808
MTMR9,7.404947
MTNR1A,4.534956
MTNR1B,4.975203
MTO1,7.6122622
MTOR,5.9828997
MTPAP,7.7986007
MTR,7.7355847
MTREX,8.594627
MTRF1,5.0227814
MTRF1L,5.8067408
MTRR,7.8756557
MTTP,4.03604
MTX1,8.923516
MTX2,8.861969
MUC1,10.404611
MUC13,5.519461
MUC16,5.283502
MUC3A,6.816425
MUC4,6.115114
MUC5AC,5.991248
MUC5B,5.752649
MUC6,5.4924254
MUC7,4.052391
MUL1,8.1537
MUS81,8.552159
MUSK,4.0901313
MUTYH,7.703349
MVB12B,5.929707
MVD,6.130096
MVK,6.812046
MVP,9.288203
MX1,9.197524
MX2,8.592405
MXD4,7.746967
MXRA8,8.931142
MYB,5.169735
MYBBP1A,6.8339047
MYBL1,5.500258
MYBL2,7.3465605
MYBPC1,4.611523
MYBPC2,5.0248322
MYBPC3,6.741598
MYC,9.498717
MYCN,4.9105945
MYD88,9.884557
MYDGF,9.31542
MYF5,4.0424566
MYF6,4.978411
MYH10,8.657602
MYH11,6.189249
MYH14,6.423051
MYH2,4.0998187
MYH3,4.3087697
MYH6,4.418022
MYH8,4.1505694
MYH9,10.500265
MYL1,4.767892
MYL10,5.8883677
MYL11,5.998774
MYL12A,7.601483
MYL12B,11.591413
MYL2,4.365872
MYL3,6.223685
MYL4,6.641171
MYL5,6.1740203
MYL6,9.722347
MYL6B,8.603548
MYL7,5.61691
MYL9,7.6558833
MYLIP,8.549109
MYLK,6.226945
MYO10,6.679945
MYO15A,5.616036
MYO18A,7.876661
MYO19,6.649348
MYO1C,9.330638
MYO3A,4.458689
MYO5A,5.198035
MYO6,8.697573
MYO7A,5.7760844
MYO9A,7.974075
MYO9B,6.826212
MYOD1,6.124667
MYOG,6.257182
MYRIP,4.6322675
MZT2A,10.086838
MZT2B,9.179184
N4BP1,8.550325
NAA35,7.15738
NAAA,6.898687
NAALAD2,3.626248
NAB1,6.765233
NAB2,6.905805
NABP1,6.159923
NABP2,7.10228
NACA,12.472369
NADK,6.8791327
NADSYN1,5.5502286
NAE1,9.557273
NAGK,9.650246
NAGLU,6.254332
NAMPT,9.537479
NANOG,5.135606
NANS,6.425256
NAPA,7.5904613
NAPG,6.7376466
NARS1,10.821586
NARS2,8.183406
NAT1,7.193086
NAT10,8.6723585
NAT2,5.3621426
NAT8,4.611791
NAXD,9.141064
NBAS,6.1921916
NBEA,5.5439997
NBEAL2,6.550508
NBN,7.6224823
NBR1,7.390025
NCALD,6.1367865
NCAM1,5.121986
NCAN,4.979013
NCAPD2,7.680731
NCAPD3,7.772061
NCAPG,5.5867925
NCAPG2,7.4523096
NCAPH,6.706853
NCAPH2,6.7065573
NCBP1,5.3605323
NCBP2,8.445413
NCF1,6.6001043
NCF2,8.464235
NCF4,6.9530663
NCK1,7.565819
NCK2,9.4072
NCKAP1,7.2199016
NCKAP1L,7.337626
NCKIPSD,6.0317817
NCL,9.2014675
NCOA1,8.219861
NCOA2,6.1043196
NCOA3,7.777228
NCOA6,7.731295
NCOR1,6.958664
NCOR2,5.7943397
NCR1,5.6787534
NCR2,6.4712315
NCR3,6.4630027
NCSTN,7.4982057
NDC1,6.942051
NDC80,5.7469
NDE1,6.8079987
NDEL1,7.467923
NDN,8.38714
NDOR1,6.583311
NDRG1,11.235835
NDST1,6.511325
NDST2,7.221475
NDST3,4.1058817
NDST4,4.318498
NDUFA1,11.050003
NDUFA10,6.371041
NDUFA13,10.234761
NDUFA2,5.649929
NDUFA3,9.7806015
NDUFA4,11.284509
NDUFA5,6.841632
NDUFA6,9.439279
NDUFA7,7.666893
NDUFA8,9.631202
NDUFA9,9.382858
NDUFAB1,10.789416
NDUFAF1,7.920633
NDUFAF3,8.511052
NDUFAF4,7.234405
NDUFAF5,6.291842
NDUFAF7,5.3828454
NDUFB1,9.414623
NDUFB11,10.082859
NDUFB2,10.289147
NDUFB3,10.174334
NDUFB4,9.452521
NDUFB5,10.527915
NDUFB6,8.267384
NDUFB7,6.0433445
NDUFB8,10.062964
NDUFC1,8.976682
NDUFC2,9.636875
NDUFS1,7.64771
NDUFS2,9.95728
NDUFS3,9.544505
NDUFS4,7.5076838
NDUFS5,11.303925
NDUFS6,11.053214
NDUFS7,7.451818
NDUFS8,8.952596
NDUFV1,8.666681
NDUFV2,9.9418745
NEB,4.650397
NECAP1,8.278531
NECAP2,8.404412
NECTIN1,5.514367
NECTIN2,7.4691277
NECTIN3,5.3012977
NEDD4,6.438836
NEDD4L,7.64953
NEDD8,10.261445
NEFL,4.27345
NEIL1,6.5485325
NEIL3,5.2380457
NEK1,5.3896794
NEK11,5.8411045
NEK2,5.6207366
NEK7,9.713452
NEK9,6.6875763
NELFA,7.1278815
NELFB,8.210719
NELFCD,9.330818
NELFE,9.645551
NELL2,7.0698276
NEMF,8.290417
NEO1,7.3863535
NET1,9.553213
NEU1,8.7400465
NEU2,5.210294
NEU3,5.8161297
NEURL1,5.351625
NEUROD1,4.1251554
NEUROG3,4.5923
NF1,5.8145537
NF2,4.511548
NFASC,5.2393785
NFATC1,6.2906613
NFATC3,7.2932606
NFE2,4.781955
NFE2L2,8.120484
NFIB,7.6004972
NFIC,7.8894687
NFIX,6.4689927
NFKB1,8.522872
NFKB2,5.4285226
NFKBIA,9.565659
NFKBIB,7.3574147
NFKBIE,7.6912136
NFRKB,6.977525
NFS1,7.160365
NFU1,8.400782
NFYA,6.2770886
NFYB,6.413474
NFYC,7.348622
NGB,5.816722
NGF,5.9266663
NGFR,5.1716657
NGLY1,7.6463146
NGRN,9.471654
NHEJ1,7.0169415
NHERF4,6.3550205
NHLRC2,4.9874554
NHP2,10.41849
NID1,6.612177
NID2,7.4146166
NINL,7.5815067
NIP7,7.0404673
NIPA2,8.380671
NIPAL2,7.101954
NIPAL3,6.140995
NIPBL,7.9242945
NIPSNAP2,9.243765
NISCH,8.5089
NIT2,8.877131
NKIRAS2,8.083798
NKX2-2,3.9478738
NKX2-5,6.087891
NKX3-2,4.967282
NKX6-1,4.867456
NLGN1,3.8680851
NLGN3,5.600819
NLGN4X,4.756185
NLGN4Y,4.1299977
NLK,6.2913537
NLRP1,5.979938
NLRP3,4.784225
NLRX1,7.630851
NMB,7.513704
NMBR,4.271985
NME1,10.527761
NME2,11.595824
NME3,8.4639
NME4,8.62027
NME7,7.719599
NMI,8.9888
NMNAT2,5.4623523
NMRK1,6.83306
NMRK2,5.3193502
NMT1,7.876133
NMT2,5.404967
NMU,6.312047
NMUR1,5.271036
NNMT,9.929609
NNT,6.7715054
NOC2L,6.902907
NOC4L,7.0664673
NOCT,5.8212237
NOD1,7.531828
NOD2,6.023257
NODAL,5.8113313
NOL11,9.40672
NOL12,6.4992394
NOL6,6.59692
NOL9,7.7015266
NOP10,10.731993
NOP14,7.8206787
NOP2,8.408402
NOP56,8.362441
NOS1,5.3123794
NOS2,5.2141714
NOS3,5.2897406
NOSIP,8.668256
NOTCH1,6.885072
NOTCH2,8.625192
NOTCH2NLA,10.419161
NOTCH3,7.1093235
NOTCH4,6.3099017
NOX1,5.3371215
NOX3,4.092933
NOX4,5.1470184
NOX5,5.8165965
NPAS2,5.4284062
NPBWR2,4.2137275
NPC1,5.9972315
NPC1L1,5.305175
NPC2,12.359271
NPDC1,7.427999
NPEPPS,8.090703
NPFF,6.3116293
NPFFR1,6.523992
NPHP1,4.6623507
NPHP4,6.110934
NPHS1,4.728906
NPHS2,5.8138967
NPIPB3,6.5477114
NPL,7.287903
NPLOC4,9.016441
NPM1,11.1348295
NPPA,6.6684723
NPPC,4.435984
NPR1,6.8634267
NPR2,5.704132
NPRL2,7.3778734
NPRL3,6.951853
NPTN,11.413938
NPY,5.3183875
NPY1R,4.2998805
NPY2R,4.6826296
NPY4R,4.8326926
NPY5R,4.792421
NQO1,9.213491
NQO2,7.3858805
NR0B1,4.329089
NR0B2,6.4443483
NR1D1,7.449636
NR1D2,7.2148576
NR1H2,7.1810427
NR1H3,7.7361345
NR1H4,4.649069
NR1I2,5.4792767
NR1I3,4.624682
NR2C1,5.7108374
NR2C2,6.1058445
NR2E1,4.872488
NR2E3,4.718733
NR2F1,7.4499936
NR2F2,6.7264132
NR2F6,5.668074
NR3C1,9.344486
NR3C2,6.7639155
NR4A1,6.9329147
NR4A2,7.5097356
NR4A3,5.3343015
NR5A1,5.249904
NR5A2,4.343937
NR6A1,6.133698
NRAS,8.244523
NRBF2,7.114448
NRBP1,8.03608
NRCAM,5.6396327
NRF1,5.72698
NRG1,5.383144
NRG2,4.7768035
NRGN,6.693365
NRIP1,8.315557
NRN1,6.416616
NRP1,6.282908
NRP2,5.69213
NRTN,4.189212
NRXN1,4.4765496
NRXN2,5.0031123
NRXN3,5.3936424
NSD1,6.330866
NSD2,6.872529
NSD3,6.2049866
NSDHL,7.2534666
NSF,7.3988037
NSFL1C,8.225209
NSL1,6.345188
NSMAF,7.1888056
NSMCE4A,6.918635
NT5C2,9.227681
NT5E,5.972182
NT5M,5.9441276
NTF3,6.1694427
NTHL1,6.9680796
NTM,5.8059435
NTN1,5.121707
NTN3,4.50342
NTNG1,5.2804594
NTRK1,4.605413
NTRK2,4.9187856
NTRK3,5.817273
NTS,4.7582407
NTSR1,5.8225713
NTSR2,5.3180337
NUAK1,8.825178
NUBP1,7.9198875
NUBP2,7.9837146
NUBPL,5.884332
NUCB1,7.9151425
NUDC,9.326396
NUDT1,7.313958
NUDT11,6.0984674
NUDT13,5.2683516
NUDT15,7.5638795
NUDT18,6.810862
NUDT2,6.9616313
NUDT21,7.6973667
NUDT3,8.131623
NUDT4,7.1309557
NUDT7,6.181352
NUDT9,8.61894
NUMA1,5.433575
NUMB,6.6711664
NUP107,9.201954
NUP133,6.446894
NUP153,8.039366
NUP155,7.48846
NUP160,5.3608136
NUP188,5.02223
NUP205,6.6453795
NUP210,6.956648
NUP214,6.7717433
NUP37,7.300791
NUP42,7.51456
NUP43,7.3294315
NUP50,6.5337467
NUP54,4.5980167
NUP58,6.7563887
NUP62,6.2766676
NUP85,8.70766
NUP88,6.9758763
NUP93,7.4039783
NUP98,7.4776316
NXF1,9.12864
NXF2,5.298223
NXT1,8.885319
OAS1,7.833158
OAS2,6.453369
OAS3,7.204348
OASL,6.6775694
OAT,10.834675
OAZ1,11.661355
OAZ2,9.030062
OAZ3,5.3544545
OBI1,6.0119004
OBSCN,5.530517
OBSL1,6.3858476
OCA2,6.4790235
OCLN,6.1226864
OCRL,7.535891
ODAM,4.5652924
ODC1,10.469385
ODF2,6.2569785
OFD1,8.135933
OGDH,7.070844
OGFOD1,7.3556447
OGG1,5.675716
OGN,4.4275117
OGT,8.32568
OIP5,5.9156747
OLA1,8.580443
OLAH,4.1209173
OLFM4,4.220795
OLR1,6.0959525
OMD,4.5389543
OMG,5.3278303
ONECUT1,4.9837403
OPA1,7.2365026
OPCML,4.8543777
OPHN1,10.033895
OPLAH,6.6800714
OPN1MW,4.7667837
OPN1SW,5.010349
OPN3,8.366534
OPRD1,5.577523
OPRK1,4.804872
OPRL1,5.4870214
OPRM1,3.979714
OPTN,8.31521
OR10C1,4.9427066
OR10H1,6.0347185
OR10H2,4.379538
OR10H3,5.404383
OR10J1,5.8673706
OR11A1,4.5077143
OR12D2,5.0705266
OR12D3,4.9687114
OR1A1,5.0861936
OR1A2,4.62235
OR1D2,5.315601
OR1D4,4.8706493
OR1E1,4.181232
OR1E2,4.918638
OR1E3,5.418845
OR1F1,6.45831
OR1G1,5.3406787
OR2B2,4.14006
OR2B6,4.729079
OR2C1,5.4685407
OR2F1,4.4569287
OR2F2,4.2136483
OR2H1,5.1340456
OR2H2,4.7976704
OR2J2,4.097235
OR2J3,4.260682
OR2S2,5.622361
OR2W1,4.2436347
OR3A1,4.5236716
OR3A2,4.1914783
OR3A3,5.593612
OR51E2,4.5354714
OR52A1,4.9256616
OR5I1,4.848592
OR5V1,4.313298
OR6A2,5.0719795
OR7A10,4.0862994
OR7A17,4.668643
OR7A5,6.071667
OR7C1,4.944684
OR7C2,5.798344
OR7E24,4.0013905
ORAI2,6.116713
ORC1,5.156452
ORC2,7.2285037
ORC3,8.17341
ORC4,6.8946967
ORC5,5.1819835
ORC6,6.9944706
ORM1,5.027746
ORM2,4.903824
ORMDL2,9.6579275
OS9,9.894308
OSBP,8.161055
OSBPL10,5.822788
OSBPL11,7.6466217
OSBPL1A,7.822854
OSBPL2,7.9181476
OSBPL3,7.166715
OSBPL7,5.3317156
OSBPL8,8.658485
OSBPL9,8.225936
OSGEP,7.403353
OSGEPL1,6.9077044
OSM,5.569759
OSMR,7.088808
OSTF1,8.215935
OSTM1,6.441178
OTC,4.53417
OTOF,4.424987
OTUB1,8.568002
OTUB2,5.787744
OTUD3,6.777911
OTUD7B,5.6721234
OVGP1,7.436192
OXA1L,9.659041
OXCT1,8.10498
OXCT2,5.6820574
OXSM,7.674729
OXT,5.801486
OXTR,5.1560454
P2RX1,6.4119234
P2RX2,6.0020614
P2RX3,4.4307394
P2RX4,8.336075
P2RX5,6.82108
P2RX6,5.6121254
P2RX7,6.185276
P2RY1,4.7345443
P2RY10,4.8918295
P2RY11,5.355966
P2RY13,6.0894494
P2RY14,5.7052884
P2RY2,6.165623
P2RY4,5.5109878
P2RY6,6.830405
P3H1,7.8704915
P3H2,7.208826
P3H3,6.1155148
P4HA1,9.880263
P4HA2,7.5749574
P4HB,11.041435
PA2G4,7.845417
PAAF1,7.439622
PABPC1,12.290368
PABPN1,8.348313
PACS1,6.0515246
PACSIN2,8.447306
PACSIN3,6.367618
PADI1,6.288984
PADI2,6.3319974
PADI3,5.7791085
PADI4,4.5262
PAF1,7.9294386
PAFAH1B1,8.21409
PAFAH1B2,5.863701
PAFAH1B3,8.244101
PAFAH2,5.933788
PAGR1,7.888197
PAH,3.9317517
PAICS,8.465649
PAIP1,9.114645
PAK1,6.270841
PAK2,6.9834323
PAK3,4.859302
PAK4,8.345604
PAK5,4.7145853
PAK6,6.9060535
PALB2,7.7357025
PALS1,6.554885
PAM16,7.4611287
PAN2,7.670765
PANK2,6.1670065
PANK3,7.478209
PANK4,7.450245
PANX1,6.626046
PAOX,6.1854324
PAPOLA,8.213309
PAPOLG,5.7591066
PAPPA,5.4104524
PAPPA2,5.6917486
PAPSS1,10.015106
PAPSS2,8.411103
PAQR3,5.6699615
PARD3,7.784546
PARD6A,6.81518
PARD6B,4.23915
PARG,5.5419865
PARK7,11.564766
PARL,8.096338
PARN,8.793978
PARP1,9.644761
PARP16,7.4621167
PARP2,8.291079
PARP4,9.326653
PARP6,8.49604
PARP8,7.13123
PARVA,6.946362
PARVB,6.4868026
PATJ,5.135555
PAX2,4.9068766
PAX3,4.780247
PAX4,4.640583
PAX5,5.754314
PAX6,5.28075
PAX7,5.166429
PAX8,5.4338346
PAXIP1,7.736595
PBRM1,5.4027815
PBX1,7.6764483
PC,7.062668
PCBD1,8.083108
PCBP1,10.893425
PCBP2,8.008667
PCBP4,7.2382236
PCCA,4.664939
PCCB,7.2379727
PCDH7,5.161805
PCF11,7.2486286
PCGF2,7.5771937
PCK1,3.9706995
PCK2,8.190755
PCLAF,8.427603
PCLO,5.072905
PCM1,7.975093
PCMT1,9.000788
PCNA,9.704097
PCNT,7.5774665
PCOLCE,8.670069
PCOLCE2,5.273538
PCSK1,4.4417124
PCSK2,4.735405
PCSK5,5.938787
PCSK6,5.538054
PCSK7,7.654035
PCTP,8.166618
PCYOX1L,7.5563188
PCYT1A,6.5156236
PCYT1B,4.6524034
PCYT2,6.8022003
PDAP1,6.2496123
PDCD1,6.333216
PDCD11,7.4835825
PDCD1LG2,4.895276
PDCD4,6.9614763
PDCD6IP,9.292712
PDCL,6.4587092
PDE10A,4.376725
PDE11A,4.8439965
PDE12,5.3756194
PDE1A,4.627759
PDE1B,5.919427
PDE1C,5.0467415
PDE2A,6.3971004
PDE3A,5.413124
PDE3B,5.5208797
PDE4A,5.355567
PDE4B,6.4759765
PDE4C,6.399995
PDE4D,4.966197
PDE5A,4.440415
PDE6A,5.155346
PDE6B,5.6597896
PDE6D,7.3250465
PDE6G,7.031126
PDE7B,5.1281595
PDE8A,7.31885
PDE8B,4.858264
PDE9A,6.0730476
PDGFA,7.0277114
PDGFB,5.6960974
PDGFC,8.652273
PDGFD,6.278401
PDGFRA,5.4939218
PDGFRB,7.987823
PDHA1,8.785917
PDHA2,4.8377805
PDHB,9.428896
PDHX,8.682412
PDIA2,4.8594933
PDIA3,9.23674
PDIA5,8.92501
PDIA6,10.979723
PDK1,6.4186983
PDK2,6.7196317
PDK3,6.1433973
PDK4,5.0034795
PDLIM5,5.9904914
PDLIM7,5.714295
PDP1,8.05391
PDPK1,6.9956384
PDPN,6.076211
PDPR,7.208964
PDS5A,7.5766606
PDS5B,5.233214
PDSS1,5.9134417
PDSS2,5.7268267
PDX1,4.8634553
PDXK,8.257426
PDYN,5.2740088
PEA15,9.390797
PEAK1,6.5972915
PEBP1,10.451219
PECAM1,8.2663145
PECR,7.657708
PELI1,8.526485
PELI2,6.2211695
PELO,6.8338733
PELP1,5.5548096
PEMT,7.8059707
PENK,5.467322
PER1,7.6990614
PER2,6.833098
PER3,5.2683387
PERP,7.1223273
PES1,7.066143
PEX1,6.0388584
PEX10,6.4926014
PEX11A,6.124402
PEX11B,8.935187
PEX12,6.787974
PEX13,6.7492175
PEX14,6.3479667
PEX16,7.00824
PEX19,8.111672
PEX2,7.337786
PEX26,6.0160165
PEX3,6.868368
PEX5,6.930114
PEX6,6.424413
PEX7,6.9748173
PF4,6.2789497
PF4V1,3.6804254
PFAS,6.9165354
PFDN1,8.7280655
PFDN2,9.788711
PFDN4,6.6071615
PFDN5,11.266917
PFDN6,6.9610896
PFKFB1,5.342742
PFKFB2,5.6106324
PFKFB3,9.874713
PFKFB4,6.2753954
PFKL,8.195614
PFKM,8.902435
PFKP,8.014951
PFN1,10.495676
PFN2,10.109871
PGA5,5.721655
PGAM1,11.805955
PGAM2,5.115789
PGAP1,5.4353757
PGD,6.808304
PGF,8.293305
PGGT1B,5.9198956
PGK1,10.222895
PGK2,5.017922
PGLS,7.874895
PGLYRP1,6.0810037
PGLYRP4,6.730565
PGM1,10.40486
PGM3,6.9909153
PGR,4.0885925
PGRMC1,10.058676
PGRMC2,7.6898723
PGS1,7.497557
PHACTR2,7.9378
PHB1,8.749199
PHB2,10.966987
PHC1,7.664816
PHC2,7.984727
PHC3,5.293174
PHF1,8.103978
PHF10,8.563864
PHF2,6.325343
PHF20,6.844032
PHF20L1,5.84298
PHF21A,6.939674
PHF8,5.1360574
PHGDH,9.105664
PHIP,8.7906065
PHKA1,6.874797
PHKA2,6.7775307
PHKB,7.9184146
PHKG1,5.425713
PHKG2,5.7122865
PHLDA1,7.057003
PHLPP1,4.8614135
PHLPP2,6.1317925
PHYH,8.202892
PI3,6.2840867
PI4K2A,7.0696464
PI4KA,7.9912014
PI4KB,7.7555776
PIAS1,7.7314405
PIAS2,4.8413353
PIAS3,8.155937
PIAS4,6.47157
PICALM,7.62626
PICK1,6.840742
PIDD1,6.7654305
PIEZO1,7.0085683
PIGA,7.1114583
PIGB,6.9311485
PIGC,7.94832
PIGF,8.315644
PIGG,6.4972982
PIGH,7.4759583
PIGK,6.96712
PIGL,5.780234
PIGN,6.7144117
PIGO,6.384803
PIGP,9.442519
PIGQ,6.5013037
PIGR,8.135746
PIGT,8.635364
PIGV,7.317293
PIGZ,6.7990594
PIK3C2A,6.3358507
PIK3C2B,8.700538
PIK3C2G,4.8807306
PIK3C3,6.005211
PIK3CA,6.235024
PIK3CB,6.673016
PIK3CD,7.0353136
PIK3CG,4.856353
PIK3R1,7.829097
PIK3R2,6.714621
PIK3R3,6.797575
PIK3R4,4.016806
PIK3R5,6.4360456
PIKFYVE,6.1528525
PILRA,6.061194
PILRB,8.03912
PIM1,8.176006
PIN1,7.22518
PINK1,8.408578
PIP,6.323287
PIP4K2A,7.2495375
PIP4K2B,6.797976
PIP4K2C,9.049271
PIP5K1A,6.1328087
PIP5K1B,5.275457
PIP5K1C,8.175549
PIPOX,5.3727155
PIR,7.2955675
PISD,7.7655025
PITPNA,8.445483
PITPNB,10.124745
PITPNM1,6.921817
PITPNM3,5.3058596
PITRM1,7.516066
PITX2,4.0720515
PIWIL1,3.947803
PIWIL2,5.2195983
PJA1,8.519731
PJA2,9.058897
PKD1,5.982348
PKD2,7.767175
PKLR,5.3397655
PKM,8.551563
PKMYT1,8.08294
PKN1,6.8401017
PKN2,6.82618
PKNOX1,5.468897
PKP1,5.9165306
PKP2,4.8627043
PKP3,7.1922865
PKP4,6.8950815
PLA1A,6.000792
PLA2G10,6.9499846
PLA2G12A,6.7527604
PLA2G15,6.537832
PLA2G1B,4.686908
PLA2G2A,6.4359126
PLA2G2D,6.512452
PLA2G2E,5.1611633
PLA2G2F,5.1847415
PLA2G3,6.2348614
PLA2G4A,6.998164
PLA2G4C,5.928896
PLA2G5,5.2483764
PLA2G6,7.2988276
PLA2G7,7.189418
PLA2R1,4.2179728
PLAAT1,4.9066195
PLAAT2,5.204515
PLAAT3,7.9606977
PLAAT4,9.808928
PLAC8,8.204539
PLAGL1,6.902403
PLAT,8.729039
PLAU,8.77479
PLAUR,8.362166
PLBD1,7.691951
PLCB1,5.9194074
PLCB2,6.538468
PLCB3,7.115787
PLCB4,5.111091
PLCD1,8.200885
PLCE1,4.4749923
PLCG1,7.763631
PLCG2,6.81101
PLCH1,4.477328
PLCH2,5.935668
PLD1,4.9915934
PLD2,7.425151
PLD3,9.285397
PLEC,6.937974
PLEK,7.9949474
PLEKHA1,8.558064
PLEKHA2,6.3304234
PLEKHA4,6.0189986
PLEKHA5,8.570931
PLEKHA6,6.1615806
PLEKHG3,6.407543
PLEKHG6,6.742697
PLEKHO2,8.182493
PLG,4.944483
PLIN1,5.948887
PLIN2,7.2217946
PLIN3,8.995292
PLK1,5.707665
PLK2,8.010618
PLK3,6.7513075
PLK4,4.7260427
PLN,5.1187887
PLOD1,8.235122
PLOD2,8.701113
PLOD3,9.464602
PLPP1,8.843567
PLPP2,8.195425
PLPP3,8.653907
PLPPR1,5.0912437
PLPPR2,7.034174
PLPPR3,5.7279997
PLPPR4,5.056336
PLS1,8.709205
PLTP,8.739617
PLXNA1,7.462515
PLXNA2,6.8119264
PLXNA3,6.2892156
PLXNB1,6.7519207
PLXNB3,5.5384007
PLXNC1,5.8518314
PLXND1,8.085275
PMAIP1,7.5762234
PMCH,4.904392
PMEL,6.033632
PMEPA1,8.71675
PMF1,8.458562
PML,6.0766973
PMM1,7.8400736
PMM2,8.220313
PMP22,6.948944
PMPCA,8.285301
PMPCB,7.8394403
PMS2,7.530347
PMVK,8.529363
PNKP,7.6672153
PNLIP,4.268127
PNLIPRP1,5.161814
PNLIPRP2,3.9014835
PNMT,6.505845
PNN,9.443931
PNO1,8.373347
PNOC,6.286875
PNP,8.583069
PNPLA2,8.821041
PNPLA3,5.4783998
PNPLA4,6.8175364
PNPLA6,7.7239857
PNPO,7.712064
PNRC2,9.269359
PODXL2,5.2221775
POFUT1,5.6186357
POFUT2,6.173355
POGLUT1,7.7786646
POLA1,7.2139025
POLA2,6.2228813
POLB,5.647503
POLD1,7.4874773
POLD2,8.41933
POLD3,7.0705266
POLD4,8.203535
POLDIP3,5.540266
POLE,7.2032495
POLE2,6.532727
POLE3,8.577798
POLG,6.636798
POLG2,7.410932
POLH,4.7419734
POLI,6.0718417
POLL,7.1181974
POLM,6.7068725
POLQ,6.095174
POLR1B,8.036564
POLR1C,8.061791
POLR1D,9.046852
POLR1E,5.991932
POLR1F,5.017198
POLR1G,6.8952193
POLR2A,4.42327
POLR2B,10.071533
POLR2C,8.942357
POLR2D,6.9460735
POLR2E,9.059809
POLR2F,7.864623
POLR2G,10.006368
POLR2H,9.951831
POLR2I,9.168577
POLR2J,10.170565
POLR2K,8.946519
POLR2L,8.179907
POLR3B,5.0140786
POLR3C,7.300721
POLR3D,6.9671702
POLR3E,7.315604
POLR3F,5.925172
POLR3G,4.4177084
POLR3K,6.5642004
POLRMT,5.627786
POM121,8.4224615
POMC,5.226939
POMGNT1,5.815619
POMP,9.709905
POMT1,6.9686875
POMT2,6.5604367
PON1,4.6472464
PON2,9.969561
PON3,8.312793
POP1,6.268986
POP4,8.070404
POP5,8.925417
POP7,9.040957
POR,8.232004
PORCN,6.8815413
POT1,7.3491974
POU2F1,7.2041507
POU2F2,6.1240497
POU3F1,4.9574804
POU3F2,4.740628
POU3F3,4.505503
POU4F1,4.4640083
POU4F2,4.233624
POU5F1,7.3761635
PPA1,11.521314
PPA2,8.192236
PPARA,4.953946
PPARD,5.944697
PPARG,6.0873427
PPARGC1A,4.644843
PPAT,7.1821375
PPBP,4.6177893
PPCDC,6.92461
PPCS,6.877158
PPEF1,4.8642073
PPFIA1,7.254394
PPFIA2,4.9967017
PPFIA3,6.0202837
PPFIA4,5.2166357
PPFIBP1,6.0013747
PPFIBP2,6.8131347
PPIA,13.09796
PPIB,11.324612
PPID,7.989608
PPIE,7.3692727
PPIG,8.319431
PPIH,7.2298317
PPIL2,7.5843897
PPIL6,4.881171
PPIP5K1,6.3365636
PPIP5K2,7.4359097
PPL,9.235902
PPM1A,7.035652
PPM1B,8.232854
PPM1D,6.5969744
PPM1E,4.533942
PPM1F,7.7923226
PPME1,8.852849
PPOX,6.0372763
PPP1CA,9.891877
PPP1CB,9.150157
PPP1CC,10.956466
PPP1R10,7.9437165
PPP1R12A,7.4743724
PPP1R12B,5.8239756
PPP1R13B,7.325014
PPP1R13L,7.644746
PPP1R15A,7.388031
PPP1R3C,6.1965523
PPP1R8,9.27266
PPP2CA,8.0506525
PPP2CB,7.7625875
PPP2R1A,8.89751
PPP2R1B,6.1134887
PPP2R2A,8.263553
PPP2R2D,7.359626
PPP2R3B,5.212509
PPP2R5A,7.0891094
PPP2R5B,6.7922454
PPP2R5C,7.834341
PPP2R5D,7.5635047
PPP2R5E,8.609701
PPP3CA,9.386026
PPP3CB,8.529915
PPP3CC,5.2262316
PPP3R1,6.467556
PPP4C,9.403433
PPP4R2,6.503187
PPP5C,6.491128
PPP6C,8.61599
PPP6R1,7.8500133
PPP6R3,8.518784
PPRC1,7.2106137
PPT1,11.19854
PPT2,7.643879
PPWD1,6.196153
PPY,4.7248945
PQBP1,7.8390307
PRC1,8.165739
PRCC,7.267922
PRCP,6.2584186
PRDM1,7.4719973
PRDM14,6.032771
PRDM16,5.2685866
PRDM4,7.8605103
PRDM8,5.0829177
PRDM9,4.3970747
PRDX1,11.995977
PRDX2,8.2153015
PRDX3,8.23137
PRDX4,11.036
PRDX6,11.224149
PREB,7.6410136
PRELID3A,5.3961883
PRELP,8.005673
PREX2,4.9015083
PRF1,7.016286
PRG2,5.4380255
PRG3,5.3237534
PRIM1,7.393772
PRIM2,4.67421
PRKAA1,5.9795623
PRKAA2,4.892224
PRKAB1,7.5856686
PRKAB2,6.4601536
PRKACA,6.8633003
PRKACB,7.1022162
PRKACG,5.3625493
PRKAG1,9.044691
PRKAG2,6.072514
PRKAR1A,10.001856
PRKAR1B,6.4634857
PRKAR2A,9.362581
PRKAR2B,6.9605665
PRKCA,5.4966035
PRKCB,5.8310676
PRKCD,7.494264
PRKCE,5.514758
PRKCG,5.3874226
PRKCH,6.6305676
PRKCI,8.918652
PRKCQ,6.7222304
PRKCSH,8.881215
PRKCZ,6.9299793
PRKD1,5.144298
PRKD2,8.082304
PRKD3,6.849
PRKDC,7.6879086
PRKG1,5.154318
PRKG2,4.9548006
PRKN,4.381494
PRKRA,7.865141
PRKRIP1,7.7467303
PRKX,7.1066656
PRL,5.184119
PRLH,5.626573
PRLR,4.1218944
PRM1,4.922758
PRM2,4.5920143
PRMT1,8.423461
PRMT3,6.771302
PRMT5,8.690081
PRMT7,6.50217
PRND,4.6095443
PRNP,9.151381
PROC,5.61437
PROCR,6.3510804
PRODH,8.098446
PRODH2,6.701771
PROM1,5.5544057
PRORP,6.773179
PROS1,7.9648094
PROZ,5.74552
PRP4K,8.239253
PRPF18,6.1790805
PRPF19,9.279583
PRPF3,7.9556713
PRPF31,6.89722
PRPF4,8.120568
PRPF40A,8.859342
PRPF6,8.06006
PRPF8,9.8964
PRPS1,8.1295185
PRPS1L1,4.3389244
PRPS2,7.9360237
PRR5,6.817478
PRSS1,4.4558887
PRSS2,6.413092
PRSS21,5.3606844
PRSS23,7.9504275
PRSS3,6.088365
PRSS8,8.303259
PRTN3,4.528487
PRX,5.51879
PSAP,11.792531
PSAT1,7.3139977
PSCA,5.2205625
PSEN1,6.1523204
PSEN2,6.7910404
PSENEN,8.566763
PSG1,4.566344
PSG11,4.7896905
PSG2,4.801372
PSG3,4.959965
PSG4,5.4877744
PSG5,4.8594003
PSG6,5.311103
PSG7,5.732683
PSG9,5.5655932
PSIP1,6.9650793
PSMA1,11.028341
PSMA2,9.433612
PSMA3,6.99358
PSMA4,10.699232
PSMA5,8.434885
PSMA6,11.303443
PSMA7,9.811139
PSMB1,10.9063425
PSMB10,8.891235
PSMB2,7.4071956
PSMB3,10.718808
PSMB4,10.971755
PSMB5,10.251153
PSMB6,10.523788
PSMB7,9.045352
PSMB8,9.648577
PSMB9,9.889367
PSMC1,10.670157
PSMC2,8.62109
PSMC3,8.903565
PSMC3IP,6.174487
PSMC4,9.081442
PSMC5,10.235366
PSMC6,9.925392
PSMD1,9.563491
PSMD10,9.208601
PSMD11,8.440466
PSMD12,8.805844
PSMD13,8.486888
PSMD14,10.347111
PSMD2,10.942231
PSMD3,8.923078
PSMD4,10.15985
PSMD5,6.533681
PSMD6,7.885949
PSMD7,9.432865
PSMD8,9.960598
PSMD9,7.5101814
PSME1,10.920664
PSME2,10.751061
PSME3,8.120716
PSME4,8.014703
PSMF1,7.6186695
PSMG1,8.090419
PSMG2,10.613596
PSPH,5.086064
PSPN,5.1702924
PSTPIP1,6.1727166
PTAFR,7.1638556
PTBP1,10.2686205
PTCD3,8.076899
PTCH1,4.6457295
PTCH2,5.82112
PTCRA,7.307079
PTDSS1,9.939938
PTDSS2,6.883753
PTEN,6.8135905
PTGDR,4.307921
PTGDR2,5.5958867
PTGDS,9.023292
PTGER1,6.8783984
PTGER2,5.453435
PTGER3,4.4768815
PTGER4,7.058609
PTGES,7.1918225
PTGES2,7.780205
PTGES3,11.805835
PTGFR,4.2083783
PTGIR,7.1052904
PTGIS,4.901791
PTGS1,6.946719
PTGS2,7.5043488
PTH,3.6544971
PTH1R,6.2419376
PTH2R,4.528936
PTHLH,4.5051737
PTK2,7.76197
PTK2B,6.5203724
PTK6,5.7171087
PTN,6.2296395
PTP4A2,10.660194
PTPN1,5.3119483
PTPN11,5.9076962
PTPN12,5.312793
PTPN13,6.2531705
PTPN14,5.922837
PTPN18,8.07409
PTPN2,5.513455
PTPN20,3.942052
PTPN22,4.404603
PTPN3,7.2524824
PTPN4,5.7566557
PTPN6,7.9807677
PTPN7,6.451103
PTPN9,6.3739767
PTPRA,6.627182
PTPRB,5.193555
PTPRC,7.841699
PTPRD,5.062431
PTPRF,8.5312605
PTPRJ,4.573589
PTPRK,8.548598
PTPRN2,5.704266
PTPRO,7.355834
PTPRS,5.223102
PTPRU,7.2586155
PTPRZ1,5.2538238
PTRH2,8.722575
PTS,8.844067
PTTG1,9.690295
PTX3,4.94647
PUDP,8.465862
PUF60,9.888849
PUM1,9.879668
PUM2,9.701175
PUS1,7.261834
PUS3,7.475557
PUS7,8.256878
PVALB,4.892773
PVR,5.9010334
PXDN,9.23687
PXMP2,7.8356314
PXMP4,7.157162
PXN,7.018088
PYCARD,8.555567
PYCR1,8.116362
PYCR3,6.4342823
PYGB,7.749157
PYGL,7.6426272
PYGM,5.4022436
PYGO1,4.7715383
PYY,4.849229
QARS1,10.647234
QDPR,7.503761
QKI,7.484087
QPCT,6.6730976
QPRT,6.8588324
QSOX1,8.41375
QTRT1,7.5767922
QTRT2,4.255563
RAB11A,8.932828
RAB11B,5.6372204
RAB11FIP2,7.457208
RAB11FIP3,6.682599
RAB13,10.906288
RAB14,8.861961
RAB15,8.094229
RAB17,7.1867414
RAB1A,9.007716
RAB1B,9.794066
RAB20,7.4907703
RAB21,7.402847
RAB22A,8.31012
RAB23,6.502459
RAB25,9.310099
RAB26,6.258325
RAB27A,8.655726
RAB27B,4.6079593
RAB29,6.603278
RAB2A,8.64792
RAB30,6.163246
RAB31,10.204305
RAB32,7.402864
RAB33A,5.422749
RAB33B,6.037078
RAB35,7.00705
RAB36,6.828702
RAB38,8.219053
RAB3A,6.243887
RAB3B,4.797119
RAB3D,6.6738787
RAB3GAP1,7.3375278
RAB3GAP2,7.8063903
RAB3IL1,7.302587
RAB40A,4.4280806
RAB40B,6.7874436
RAB40C,6.226945
RAB4A,7.83735
RAB4B,7.7922435
RAB5A,7.66993
RAB5B,8.398806
RAB5C,8.269202
RAB5IF,11.430772
RAB6A,5.752835
RAB6B,6.3664527
RAB7A,6.863286
RAB8A,9.333846
RAB8B,6.354062
RAB9A,8.951115
RABEP1,6.0479703
RABEPK,6.9969263
RABGAP1,7.1532903
RABGEF1,7.334942
RABGGTA,7.310379
RABGGTB,8.638176
RAC1,11.33589
RAC2,8.234329
RAC3,5.53769
RACGAP1,8.797127
RACK1,9.643091
RAD1,7.932638
RAD17,7.6317477
RAD21,9.3072815
RAD23A,8.813086
RAD23B,8.849953
RAD50,6.3692966
RAD51,5.2016687
RAD51AP1,6.439756
RAD51B,4.6521134
RAD51C,7.1902447
RAD51D,5.8461704
RAD52,5.3696985
RAD9A,7.227956
RAE1,8.371474
RAF1,8.758424
RAG1,4.0428786
RAG2,3.5434308
RAI1,6.357493
RALA,8.8031645
RALB,8.183713
RALBP1,8.517353
RALGAPA1,5.1714354
RALGAPB,7.285335
RALGDS,8.316748
RAMP1,7.4320364
RAMP2,6.133034
RAMP3,7.220528
RAN,9.808187
RANBP1,5.339721
RANBP10,5.9281507
RANBP2,8.116445
RANBP9,7.70649
RANGAP1,7.3622427
RANGRF,7.488369
RAP1A,7.053769
RAP1B,11.055205
RAP1GAP,7.0588884
RAP1GAP2,7.479111
RAP1GDS1,7.231656
RAP2B,6.5117254
RAP2C,8.147928
RAPGEF1,6.7716575
RAPGEF2,6.0078573
RAPGEF3,6.086134
RAPGEF4,4.461662
RARA,6.7283063
RARB,5.1580386
RARG,6.293877
RARRES2,9.38248
RARS1,8.692059
RARS2,4.498849
RASA1,8.614629
RASA2,6.987717
RASA3,5.6227303
RASA4,6.1978197
RASAL1,6.385312
RASAL2,4.969336
RASGRF1,5.6733284
RASGRP1,7.4122562
RASGRP2,5.5296273
RASGRP3,5.8688455
RB1,6.6042576
RB1CC1,8.172984
RBBP4,8.200505
RBBP5,6.189683
RBBP6,7.404916
RBBP7,10.912672
RBBP8,8.842611
RBCK1,8.740747
RBFOX1,5.3853803
RBFOX2,7.904547
RBKS,7.0203633
RBL1,4.2365856
RBL2,8.246983
RBM10,8.588524
RBM14,7.0348263
RBM17,7.3131013
RBM22,8.272753
RBM25,8.382818
RBM26,5.298732
RBM28,7.4936066
RBM39,9.845792
RBM4,7.9041696
RBM42,8.19651
RBM5,8.136294
RBM7,7.891557
RBM8A,7.896596
RBMX,8.747196
RBMX2,7.5476303
RBP1,6.564921
RBP3,5.046776
RBP4,5.3865576
RBPJ,9.248109
RBX1,10.138946
RCAN3,5.8200183
RCC1,7.492661
RCC1L,6.6710896
RCE1,6.308264
RCHY1,6.9466643
RCL1,6.8371964
RCN1,9.997648
RCOR1,7.1250453
RCVRN,5.534393
RDH11,7.254865
RDH14,8.71855
RDH16,6.2820024
RDH5,6.275746
RDH8,5.6402454
RDX,6.5340877
REC8,6.617803
RECK,5.016909
REEP1,5.736028
REG1A,4.9577837
REG3A,4.671949
REL,6.5676875
RELA,8.089885
RELB,6.752113
RELN,5.8896728
REN,5.435835
RENBP,6.612224
REPS1,5.3095016
REPS2,6.2110887
REST,6.4365945
RET,5.736272
RETN,5.8106575
RETREG1,5.1346855
RETSAT,7.709751
REV1,7.4315224
REV3L,7.427677
REXO2,7.7120085
RFC1,7.778631
RFC2,6.960952
RFC3,5.787218
RFC4,8.177067
RFC5,7.2701564
RFK,8.003589
RFNG,7.760737
RGCC,8.3445
RGL1,9.090666
RGL2,8.914013
RGP1,7.6768947
RGR,5.409204
RGS1,8.123712
RGS10,5.925953
RGS11,4.9127774
RGS12,5.2225184
RGS13,3.7640052
RGS14,6.2997065
RGS16,7.567303
RGS17,5.7746263
RGS19,8.539344
RGS2,10.418421
RGS20,4.894761
RGS3,6.3096814
RGS4,5.913403
RGS5,7.5525546
RGS6,5.72116
RGS7,4.165511
RGS9,4.4718328
RGSL1,5.537922
RHAG,5.3234262
RHBDF2,7.5115876
RHBG,6.7716985
RHCE,5.880078
RHCG,5.365515
RHD,6.3550034
RHEB,7.2103796
RHO,5.5142198
RHOA,10.802942
RHOB,6.915801
RHOBTB1,6.9300466
RHOBTB2,7.3578773
RHOBTB3,7.3610277
RHOD,8.44975
RHOF,6.4297194
RHOG,9.064828
RHOH,7.105224
RHOQ,8.581091
RHOT1,8.9668
RHOT2,8.450707
RIDA,6.8270044
RIF1,5.3230953
RIGI,6.642056
RIMS1,5.2066054
RIN1,6.4554377
RIN2,8.453218
RIN3,5.686477
RING1,8.924227
RINT1,6.7293034
RIOK2,6.5770245
RIOK3,8.604853
RIOX1,8.032322
RIOX2,7.0090766
RIPK1,7.030172
RIPK2,7.0440445
RIPOR2,6.135482
RIT1,7.2483706
RIT2,4.169432
RLBP1,5.473443
RLN1,4.365375
RLN2,4.47794
RMI1,7.818271
RMND5A,7.299628
RMND5B,7.0490174
RNASE1,7.395533
RNASE2,5.3569617
RNASE3,6.1888614
RNASE6,8.220222
RNASEH1,7.6888523
RNASEL,7.283067
RNASET2,7.567468
RND1,6.887341
RND2,5.096705
RND3,9.140876
RNF103,8.224697
RNF111,8.375197
RNF113A,8.316696
RNF114,8.842821
RNF115,8.31181
RNF123,7.5686193
RNF125,5.755088
RNF126,6.984263
RNF128,6.880868
RNF130,6.2443037
RNF138,8.048849
RNF139,9.429992
RNF14,7.3399434
RNF144A,6.0702443
RNF146,7.6413116
RNF19A,7.647986
RNF19B,7.3797183
RNF2,5.2875195
RNF216,6.9971266
RNF220,8.5228405
RNF25,6.276098
RNF31,5.916294
RNF34,7.1500707
RNF4,9.542217
RNF40,6.609853
RNF41,6.7665944
RNF43,7.3059845
RNF5,7.301152
RNF6,4.153608
RNF7,9.291772
RNF8,6.2658334
RNGTT,6.2248445
RNLS,4.8420596
RNMT,6.432223
RNPS1,9.396252
ROBO1,8.319514
ROBO3,6.4457045
ROCK1,7.1379414
ROCK2,7.465904
ROPN1,4.965406
ROR1,5.8277144
ROR2,5.0537066
RORA,5.9665446
RORB,4.391227
RORC,6.897389
RP2,5.0042925
RPA1,8.759131
RPA2,8.782673
RPA3,9.137317
RPA4,4.948415
RPAP2,6.499751
RPE,6.5470495
RPE65,3.5670881
RPGRIP1L,4.4491405
RPIA,8.513409
RPL10,7.7543573
RPL10A,12.121659
RPL10L,6.8294415
RPL11,12.402672
RPL12,13.101733
RPL13,12.529496
RPL13A,13.428915
RPL14,10.057303
RPL15,10.960347
RPL17,12.538742
RPL18,9.608022
RPL18A,12.067811
RPL19,12.748737
RPL21,12.873953
RPL22,12.218873
RPL23,8.8928585
RPL23A,13.533345
RPL24,12.678355
RPL26L1,9.101943
RPL27,10.576794
RPL27A,9.143438
RPL28,10.229184
RPL29,12.136714
RPL3,13.174577
RPL30,13.277998
RPL31,7.558803
RPL32,13.109524
RPL34,12.577915
RPL35,12.376279
RPL35A,7.2392416
RPL36,11.438919
RPL36A,10.08239
RPL36AL,10.962348
RPL37,9.856089
RPL37A,8.661377
RPL38,9.617067
RPL39,13.435575
RPL39L,7.54833
RPL3L,5.8657146
RPL4,12.686398
RPL41,14.023115
RPL5,8.485648
RPL6,12.340898
RPL7,12.995637
RPL7A,13.050226
RPL8,12.801315
RPL9,13.171277
RPLP0,13.522245
RPLP1,10.531377
RPLP2,6.0347123
RPN1,10.289486
RPN2,11.833457
RPP14,7.609636
RPP21,8.434746
RPP25,6.1867075
RPP30,6.5596128
RPP38,7.91848
RPP40,7.581911
RPRD1A,7.095691
RPRD2,7.98446
RPS10,13.199421
RPS11,11.023857
RPS12,13.094935
RPS13,12.888274
RPS14,4.9171357
RPS15,10.361959
RPS15A,9.93614
RPS16,12.961765
RPS17,13.0332775
RPS18,13.715005
RPS19,11.077154
RPS2,12.920844
RPS20,12.910827
RPS21,10.717525
RPS23,11.36483
RPS24,11.650439
RPS25,12.193111
RPS26,12.148554
RPS27,11.232614
RPS27A,9.280969
RPS27L,8.341143
RPS28,7.3352003
RPS29,11.0157
RPS3,12.733823
RPS3A,13.454422
RPS4X,13.242399
RPS4Y1,9.213801
RPS5,12.56783
RPS6,12.748794
RPS6KA1,7.7747617
RPS6KA2,8.380553
RPS6KA3,8.715931
RPS6KA4,6.5305476
RPS6KA5,6.1636257
RPS6KA6,5.1506977
RPS6KB1,6.983028
RPS6KB2,7.299181
RPS7,12.180091
RPS8,8.42935
RPS9,11.754391
RPSA,12.783866
RRAD,6.4651613
RRAGA,9.918386
RRAGB,5.5153923
RRAGC,9.237904
RRAGD,8.147384
RRAS,8.151044
RRAS2,7.8482347
RRBP1,6.4774985
RRH,4.5263214
RRM1,8.278422
RRM2,8.988563
RRN3,6.2684994
RRP1,7.3072553
RRP7A,7.1647468
RRP8,4.862711
RRP9,6.4392476
RSAD2,6.533445
RSF1,6.3541164
RSU1,6.016162
RTCB,9.513076
RTEL1,6.9050736
RTF1,7.6921206
RTN3,9.611593
RTN4,11.678418
RTRAF,11.040404
RUFY1,7.387924
RUNX1,5.9450297
RUNX2,5.157063
RUNX3,7.432955
RUVBL1,8.0940275
RUVBL2,8.966693
RWDD1,7.7948127
RWDD3,6.6897635
RXFP3,4.3832994
RXRA,7.7531075
RXRB,5.464742
RXRG,4.741573
RXYLT1,7.259791
RYBP,8.911593
RYK,7.9588156
RYR1,5.500252
RYR2,4.586377
RYR3,4.334534
S100A1,6.214934
S100A10,10.766467
S100A11,11.714405
S100A12,4.9422593
S100A7,4.676548
S100A8,7.111137
S100A9,8.809133
S100B,4.962501
S100P,9.116213
S1PR1,6.1575804
S1PR2,5.841087
S1PR4,7.063961
S1PR5,5.342895
SACM1L,8.840873
SAE1,8.313967
SAFB,6.0384035
SAG,5.711365
SALL1,3.7648158
SAMHD1,8.390138
SAMM50,7.569892
SAP130,8.197885
SAP18,7.302519
SAP30,5.584629
SAP30BP,7.8383355
SAP30L,5.957457
SAR1B,7.942689
SARDH,5.2025
SARM1,6.231947
SARS1,8.667207
SARS2,6.904257
SART1,7.299816
SAT1,11.4092455
SATB1,6.830646
SATB2,4.788852
SAV1,7.3098645
SBF1,5.913122
SBSPON,4.3431835
SC5D,7.135696
SCAI,4.9288864
SCAMP1,6.235925
SCAP,8.374777
SCARB1,5.6075764
SCARB2,7.940781
SCARF1,5.200218
SCCPDH,7.9659696
SCD,7.829496
SCD5,6.1256104
SCFD1,7.598612
SCG2,5.0122547
SCG3,3.735558
SCLY,5.9483113
SCMH1,7.5881963
SCN10A,6.1229124
SCN11A,4.2496057
SCN1A,4.1046715
SCN1B,6.766421
SCN2A,4.785886
SCN2B,5.0201364
SCN3A,4.375157
SCN3B,4.975797
SCN4A,5.3030567
SCN5A,5.4832983
SCN7A,4.731713
SCN8A,4.935134
SCN9A,4.325441
SCNN1A,6.967538
SCNN1B,6.5063396
SCNN1D,5.3305492
SCNN1G,5.1609774
SCO2,8.799967
SCP2,10.580489
SCRIB,8.555158
SCT,4.96207
SCTR,5.278014
SCUBE2,6.368789
SCUBE3,6.3639355
SDC1,10.35026
SDC2,7.675115
SDC3,6.612148
SDC4,10.809825
SDCBP,11.417561
SDHA,9.508464
SDHAF1,7.62862
SDHAF3,5.7219005
SDHB,6.977402
SDHC,9.016689
SDHD,7.589004
SDK2,5.8519993
SDS,6.3985705
SEC11A,10.645782
SEC13,10.266257
SEC16A,9.378337
SEC22A,6.123533
SEC22B,8.537352
SEC23A,7.905587
SEC23IP,7.1945863
SEC24A,7.202923
SEC24B,9.019673
SEC24C,9.0252
SEC24D,5.23325
SEC31A,10.717971
SEC31B,7.048465
SEC61A1,9.108727
SEC61A2,5.7450714
SEC61B,9.437418
SEC61G,11.22295
SECISBP2,7.7951274
SEH1L,7.9354067
SEL1L,6.947682
SELE,4.4598646
SELENOP,9.033532
SELL,7.435536
SELP,6.8767633
SELPLG,7.706706
SEM1,10.264161
SEMA3A,4.3689823
SEMA3E,3.950653
SEMA4A,7.7270164
SEMA4D,7.4691014
SEMA4F,7.234561
SEMA5A,6.7905464
SEMA6A,5.4544053
SEMA6D,5.4812884
SEMA7A,6.3618774
SEMG1,3.9241812
SENP2,7.4842525
SENP3,6.627397
SENP5,5.8293214
SEPHS2,10.352527
SEPTIN2,9.430105
SEPTIN4,5.259467
SEPTIN7,6.827007
SERINC1,10.323481
SERINC2,5.2590566
SERINC3,9.882807
SERINC5,9.417454
SERP1,10.110063
SERPINA1,9.094042
SERPINA10,4.735441
SERPINA3,8.129009
SERPINA4,5.7454047
SERPINA5,5.901677
SERPINA6,5.3832707
SERPINB1,9.058259
SERPINB10,4.863471
SERPINB13,4.555486
SERPINB2,4.3992386
SERPINB3,4.7555127
SERPINB6,6.90352
SERPINB8,6.41733
SERPINC1,4.455282
SERPIND1,4.7613287
SERPINE1,8.033115
SERPINE2,7.365386
SERPINF2,6.189131
SERPING1,9.985899
SERPINH1,9.805901
SESN1,8.120649
SET,10.5385475
SETD1A,5.91788
SETD1B,9.610344
SETD2,6.9301796
SETD3,6.981916
SETD6,6.7081347
SETDB1,7.32359
SF1,7.5596857
SF3A1,8.591202
SF3A2,7.18345
SF3A3,8.156936
SF3B1,9.736861
SF3B2,8.63406
SF3B3,7.718997
SF3B4,9.044666
SF3B5,9.967564
SFI1,6.8402376
SFN,11.605015
SFPQ,9.348427
SFRP1,5.0945106
SFTPA2,12.229356
SFTPB,11.745545
SFTPC,9.0972595
SFTPD,8.579257
SGCA,5.4457326
SGCB,6.465638
SGCD,5.4193025
SGCE,7.724024
SGCG,4.980064
SGF29,7.5591516
SGK1,11.013612
SGK2,6.0544024
SGK3,6.5428524
SGMS1,7.208654
SGPL1,8.621477
SGPP1,7.072338
SGSH,8.2370615
SGTA,7.7533035
SH2B1,7.465771
SH2B2,8.045781
SH2B3,8.359119
SH2D1A,5.8305583
SH2D2A,6.7785544
SH3BP1,6.8906
SH3BP4,7.747484
SH3GL1,8.199398
SH3GL2,4.1689925
SH3GL3,5.2983212
SH3PXD2A,6.0875287
SHANK1,4.788774
SHANK2,5.0906863
SHARPIN,7.7564263
SHB,6.646171
SHC1,8.979108
SHC2,7.15096
SHC3,6.4658856
SHH,5.33573
SHMT1,5.8092113
SHMT2,8.098754
SHOC2,9.208324
SHPK,6.0519996
SHQ1,7.9972677
SHTN1,8.423144
SI,3.539445
SIAH1,6.9915037
SIAH2,7.9687843
SIGIRR,7.914144
SIGLEC1,7.2140713
SIGLEC15,5.931489
SIGLEC5,6.166174
SIGLEC6,5.7705336
SIGLEC7,6.3112507
SIGLEC8,4.7138796
SIGLEC9,5.777723
SIGMAR1,7.124497
SIKE1,5.0946407
SIN3B,7.067969
SIPA1,7.3531146
SIPA1L1,6.8848176
SIRPA,6.623139
SIRPB1,5.101917
SIRPG,5.2070384
SIRT1,7.6595616
SIRT2,7.555999
SIRT3,7.172232
SIRT4,4.7531996
SIRT5,5.446749
SIRT6,7.481257
SIX1,6.3034678
SIX2,5.420701
SKA1,4.377454
SKAP2,6.934656
SKI,6.5044384
SKIC2,8.669808
SKIC3,7.692902
SKIC8,7.8648868
SKIL,5.057374
SKP1,10.169586
SKP2,5.5189
SLA,8.433507
SLAMF7,6.947428
SLBP,9.459554
SLC10A1,5.472297
SLC10A2,4.6712604
SLC11A1,6.402845
SLC11A2,7.413717
SLC12A1,4.0285516
SLC12A2,7.286526
SLC12A3,5.1571326
SLC12A4,5.5871806
SLC12A5,4.95357
SLC12A6,5.844803
SLC12A7,9.714645
SLC13A1,3.493993
SLC13A2,5.455363
SLC13A3,5.754091
SLC13A4,5.6386514
SLC14A1,4.077034
SLC14A2,4.8797026
SLC15A1,4.762307
SLC15A3,8.002154
SLC16A1,5.5820875
SLC16A10,5.1213098
SLC16A2,6.6586804
SLC16A3,8.162833
SLC16A7,5.5702796
SLC16A8,6.0234213
SLC17A1,4.343224
SLC17A3,4.8774014
SLC17A5,8.064606
SLC17A6,3.9678295
SLC17A7,6.364443
SLC18A2,5.0902114
SLC18A3,5.0432634
SLC19A1,5.683117
SLC19A2,8.165132
SLC19A3,4.582469
SLC1A1,6.1649594
SLC1A2,4.721833
SLC1A3,6.4417763
SLC1A4,7.977165
SLC1A5,8.324653
SLC1A6,4.7060785
SLC1A7,5.567715
SLC20A1,9.245547
SLC20A2,6.5333295
SLC22A1,4.833515
SLC22A11,5.131968
SLC22A13,5.172684
SLC22A17,5.5965853
SLC22A2,5.287913
SLC22A3,5.745365
SLC22A4,5.6086335
SLC22A5,6.393857
SLC22A6,5.146115
SLC22A7,5.583642
SLC22A8,5.4902573
SLC23A2,6.153438
SLC24A1,5.089713
SLC24A2,5.454584
SLC24A3,6.806804
SLC25A1,8.260018
SLC25A10,6.5922503
SLC25A11,8.124871
SLC25A12,7.032387
SLC25A13,6.644274
SLC25A14,7.401787
SLC25A15,6.745316
SLC25A16,6.1556425
SLC25A17,6.9114847
SLC25A20,7.801319
SLC25A21,3.8580065
SLC25A22,7.3801513
SLC25A28,7.6226187
SLC25A32,8.208935
SLC25A37,6.5118084
SLC25A4,6.6048584
SLC25A42,4.392504
SLC25A44,8.04673
SLC25A5,11.865093
SLC25A6,11.699006
SLC26A1,5.0255847
SLC26A2,7.6272426
SLC26A3,3.8685994
SLC26A4,3.9867277
SLC26A6,6.4594097
SLC27A2,5.649633
SLC27A3,7.764969
SLC27A5,6.585496
SLC27A6,4.0427537
SLC28A1,5.222523
SLC28A2,5.166588
SLC28A3,5.677923
SLC29A1,7.058052
SLC29A2,5.7288404
SLC29A3,7.8098545
SLC2A1,6.6478314
SLC2A10,7.998139
SLC2A11,5.6524277
SLC2A14,7.615135
SLC2A2,3.8490965
SLC2A3,7.864279
SLC2A4,4.749416
SLC2A5,6.1380825
SLC2A6,6.301981
SLC2A8,6.439426
SLC2A9,6.2604194
SLC30A1,7.7934146
SLC30A10,4.2042
SLC30A3,7.7418747
SLC30A5,7.202756
SLC31A1,7.1837416
SLC33A1,6.968651
SLC34A1,5.2356524
SLC34A2,7.418113
SLC35A1,8.934105
SLC35A2,5.931968
SLC35A3,7.3202686
SLC35C1,7.3983006
SLC35D1,7.2433467
SLC35D2,6.578005
SLC36A1,6.456534
SLC37A1,6.131234
SLC37A4,7.051243
SLC38A1,8.591556
SLC38A2,10.639653
SLC38A3,5.6974354
SLC38A4,3.7687497
SLC39A1,8.460459
SLC39A14,6.0846734
SLC39A2,6.022449
SLC39A4,8.344764
SLC39A6,8.332312
SLC39A7,7.9331756
SLC39A8,5.543382
SLC3A1,4.1724033
SLC3A2,8.944844
SLC43A1,6.5797243
SLC44A1,6.257998
SLC44A4,6.3543224
SLC45A2,4.994773
SLC47A1,6.712703
SLC4A1,6.1087036
SLC4A10,3.6502018
SLC4A2,7.997469
SLC4A3,6.008984
SLC4A4,5.6633315
SLC4A5,4.885274
SLC4A7,5.273008
SLC4A8,4.7836113
SLC50A1,8.19432
SLC52A1,5.0713687
SLC52A2,8.008203
SLC5A1,5.489863
SLC5A12,3.751766
SLC5A2,6.4914546
SLC5A3,7.964434
SLC5A4,5.2661
SLC5A5,6.7902126
SLC5A6,7.917689
SLC5A7,4.923217
SLC66A1,6.416951
SLC6A1,4.4751067
SLC6A11,5.329986
SLC6A12,5.489036
SLC6A13,6.414896
SLC6A14,7.6852574
SLC6A15,4.4400883
SLC6A2,4.622106
SLC6A20,4.9243507
SLC6A3,6.2253
SLC6A4,4.9032283
SLC6A5,4.8630033
SLC6A6,5.2717447
SLC6A7,5.384704
SLC6A8,7.611575
SLC6A9,4.7461863
SLC7A1,6.2685504
SLC7A10,4.884989
SLC7A11,5.9252877
SLC7A2,4.98268
SLC7A5,8.985769
SLC7A6,6.2045293
SLC7A7,8.413804
SLC7A8,6.290613
SLC7A9,5.9140463
SLC8A1,4.793176
SLC8A2,5.84734
SLC8B1,6.929722
SLC9A1,6.8303027
SLC9A2,4.834427
SLC9A3,6.2230477
SLC9A5,5.3487015
SLC9A6,8.640431
SLC9A7,5.0444183
SLC9A8,6.7852516
SLCO1A2,4.394302
SLCO1B1,4.2104664
SLCO1B3,4.2324667
SLCO1C1,4.446387
SLCO2A1,7.8550487
SLCO2B1,7.541579
SLCO3A1,7.4953876
SLCO4A1,6.2111335
SLCO4C1,5.061881
SLIRP,10.20758
SLIT1,5.548884
SLIT2,7.721364
SLIT3,6.057768
SLITRK3,4.53713
SLITRK5,4.1745496
SLK,8.568008
SLN,6.1100206
SLPI,10.929413
SLX1B,7.6583195
SMAD1,8.632846
SMAD2,8.273091
SMAD3,6.8889437
SMAD4,5.884321
SMAD5,6.929304
SMAD6,5.3431478
SMAD7,7.8720746
SMAD9,5.465041
SMARCA2,6.7773123
SMARCA4,8.270212
SMARCA5,8.252356
SMARCB1,6.054143
SMARCC1,7.8869653
SMARCC2,7.627406
SMARCD1,7.13442
SMARCD2,8.40414
SMARCD3,6.499389
SMARCE1,8.321316
SMC1A,5.7485304
SMC2,6.129591
SMC3,7.4127855
SMC4,8.192008
SMC5,6.3479915
SMC6,7.4454913
SMG1,5.3824987
SMG5,7.6164713
SMG6,5.9768305
SMG7,6.7806087
SMG8,8.2343445
SMG9,6.85116
SMN1,6.7186
SMNDC1,9.048924
SMO,7.165061
SMOX,6.0120935
SMPD1,5.5451317
SMPD2,7.422795
SMPD3,5.7071304
SMPD4,8.547706
SMS,9.1335125
SMU1,6.7436066
SMUG1,6.3543434
SMURF1,6.4671044
SMURF2,7.9036813
SMYD2,6.579407
SMYD3,8.570965
SNAI1,5.6317034
SNAI2,7.619969
SNAP23,6.262542
SNAP25,5.1869903
SNAP29,7.219799
SNAP91,4.427539
SNAPC1,6.7950907
SNAPC2,6.304122
SNAPC3,5.7780514
SNAPC4,7.423605
SNAPC5,7.702839
SNCA,6.250905
SNCAIP,5.7301135
SNCB,5.7962875
SND1,10.261562
SNF8,9.134958
SNIP1,6.7685804
SNRNP200,5.8071537
SNRNP25,8.926045
SNRNP27,8.574434
SNRNP35,6.9921985
SNRNP40,8.071366
SNRNP70,7.746686
SNRPA,8.649977
SNRPA1,8.344972
SNRPB,10.166568
SNRPB2,8.037623
SNRPC,9.930671
SNRPD1,8.34935
SNRPD2,11.299986
SNRPD3,10.291539
SNRPE,8.344094
SNRPF,9.045677
SNRPG,11.084931
SNRPN,6.0768747
SNTA1,7.214886
SNTB1,5.630666
SNTB2,5.2691464
SNTG2,4.1895285
SNU13,9.318944
SNUPN,8.226281
SNW1,9.129947
SNX2,8.333446
SNX3,10.596578
SNX5,8.4366045
SOAT1,7.073586
SOAT2,5.7576036
SOCS1,5.7722106
SOCS2,5.8296957
SOCS3,6.5063424
SOCS5,7.0899982
SOCS6,5.4334784
SOD1,11.511661
SOD2,8.37545
SOD3,7.171827
SORBS1,6.0766783
SORBS3,7.160025
SORD,7.7482395
SORL1,9.447747
SORT1,7.2547274
SOS1,7.0979657
SOS2,5.6601787
SOWAHC,7.757194
SOX1,4.4635735
SOX10,6.165465
SOX13,6.7952156
SOX17,4.9681454
SOX2,5.8830295
SOX3,4.4807906
SOX4,8.836275
SOX9,7.5119123
SP1,6.2500763
SP100,5.9582376
SP3,7.5876555
SPAG9,7.3480415
SPAM1,4.2043157
SPARC,11.296196
SPARCL1,10.779471
SPAST,6.54565
SPATA2,6.900097
SPC25,4.7421675
SPCS1,11.065261
SPCS2,10.604395
SPCS3,8.157479
SPDL1,5.9176927
SPEN,7.7776275
SPG7,7.781454
SPHK1,7.8044043
SPHK2,7.0956626
SPI1,5.5433817
SPIDR,5.5484133
SPINK1,6.7441254
SPINK5,7.018873
SPINT1,8.177738
SPINT2,11.145631
SPN,6.7405553
SPO11,3.7830257
SPOCK3,4.118543
SPON1,6.2203174
SPON2,8.647224
SPOP,8.607983
SPP1,9.224317
SPP2,5.57188
SPPL2B,6.418616
SPR,8.532367
SPRED2,4.7149305
SPRR1A,5.6607723
SPRR1B,4.908614
SPRR2D,5.8637667
SPRR3,5.875133
SPRY1,8.064775
SPRY2,8.105268
SPSB1,6.948571
SPSB3,8.566554
SPTA1,4.483427
SPTAN1,6.876633
SPTB,6.474999
SPTBN1,5.970545
SPTBN2,6.2132316
SPTBN4,6.4546504
SPTBN5,6.3635836
SPTLC1,7.376456
SPTLC2,7.2291994
SPTLC3,4.6654763
SPTSSA,9.103297
SQLE,7.6859517
SQOR,10.030389
SQSTM1,7.717379
SRC,5.5353293
SRD5A1,7.3203454
SRD5A2,5.04334
SRD5A3,5.4411526
SREBF1,7.443201
SREBF2,7.756171
SRF,6.45302
SRGAP2,6.7316747
SRGAP3,5.5116487
SRGN,10.619344
SRI,8.76621
SRM,8.515406
SRP14,11.706037
SRP19,7.3008556
SRP54,9.011729
SRP72,8.116273
SRP9,11.685551
SRPK1,8.359316
SRPK2,7.1138325
SRPRA,8.58345
SRPRB,9.0697775
SRR,6.057356
SRRM1,9.228401
SRRM2,8.836936
SRRT,5.9133005
SRSF1,8.380588
SRSF10,8.326183
SRSF11,6.981378
SRSF2,10.465514
SRSF3,9.122644
SRSF4,7.042437
SRSF5,10.251383
SRSF6,8.52797
SRSF7,9.249389
SRSF8,8.421193
SRSF9,10.697711
SRY,4.627572
SS18,6.7854533
SS18L1,7.830403
SSB,8.680008
SSBP1,7.3582487
SSNA1,7.981271
SSPN,6.856687
SSR1,9.0851145
SSR2,11.23725
SSR3,7.3855214
SSR4,12.040021
SSRP1,8.890993
SST,4.975478
SSTR1,4.5890117
SSTR2,5.1083593
SSTR3,6.230825
SSTR4,5.1482415
SSTR5,4.9135704
ST13,10.171134
ST14,7.919258
ST3GAL1,7.3377285
ST3GAL2,6.036506
ST3GAL4,5.7688494
ST3GAL5,7.206112
ST3GAL6,5.5079527
ST6GAL1,4.9004583
ST6GALNAC2,7.666106
ST6GALNAC4,6.7198424
ST6GALNAC5,5.283962
ST8SIA1,4.3036633
ST8SIA2,4.762524
ST8SIA3,4.391031
ST8SIA4,5.904573
ST8SIA5,4.990228
STAB1,7.166621
STAB2,5.481303
STAG1,7.492888
STAG2,9.179759
STAG3,6.262259
STAM,8.314591
STAM2,6.0569696
STAMBP,7.3192754
STAP2,7.7671814
STAR,4.8070407
STARD13,5.854515
STARD3,7.4792733
STARD5,6.7767005
STARD7,11.040611
STARD8,6.589995
STAT1,8.68393
STAT2,6.6535416
STAT3,9.773212
STAT4,7.2571306
STAT5A,7.8928366
STAT5B,7.0097857
STAT6,8.316803
STBD1,6.1283307
STC2,6.2474933
STEAP3,7.654061
STEAP4,5.1078553
STEEP1,5.3984103
STIM1,6.624261
STIP1,8.312289
STK10,7.040057
STK11,7.209826
STK24,6.945463
STK26,6.817026
STK3,5.126585
STK38,6.0639734
STK4,5.502887
STMN1,6.087886
STMN2,4.555075
STN1,6.5255895
STOM,10.043993
STOML2,8.72004
STON1,4.5468554
STRA6,5.9798875
STRADA,8.218933
STRAP,9.534691
STRN,5.947868
STS,6.1049633
STT3A,8.996566
STUB1,9.4902
STX10,8.335102
STX16,7.9296656
STX17,7.0699162
STX18,8.176529
STX1A,6.924402
STX3,6.3935986
STX4,8.077784
STX5,6.6549606
STX6,6.528474
STXBP1,8.75436
STXBP2,7.174345
STXBP3,6.865723
SUCLA2,8.313128
SUCLG1,8.265976
SUCLG2,9.187871
SUGP1,7.3627887
SULT1A1,8.885041
SULT1A2,8.19728
SULT1A3,8.745717
SULT1B1,5.4364476
SULT1C2,5.199901
SULT1C4,9.137899
SULT1E1,4.1946507
SULT2A1,4.2525315
SULT2B1,6.0080104
SULT4A1,6.2906284
SUMO1,9.790747
SUMO2,11.343134
SUMO3,9.5381565
SUN1,5.7487855
SUN2,8.929362
SUOX,7.2932105
SUPT16H,8.972526
SUPT20H,7.114385
SUPT3H,6.1202354
SUPT4H1,8.820831
SUPT5H,8.684694
SUPT6H,7.5907836
SUPT7L,6.6781898
SUPV3L1,7.3889556
SURF1,8.050619
SUV39H1,7.128252
SUV39H2,4.6931787
SUZ12,7.3669033
SV2A,6.422125
SV2B,5.3728666
SV2C,4.319489
SWAP70,7.975874
SYCP1,3.9356022
SYCP2,3.8695219
SYDE1,6.2684517
SYF2,7.6941986
SYK,7.1176395
SYMPK,6.3081393
SYN1,6.078654
SYN2,4.9012938
SYN3,5.4684334
SYNE1,5.3767233
SYNE2,6.2840567
SYNGR1,6.555033
SYNJ1,4.664113
SYNJ2,6.129408
SYP,5.5874777
SYT1,5.0144777
SYT11,5.66818
SYT12,5.7629147
SYT2,7.3165674
SYT5,5.0665975
SYTL2,6.7043505
SZT2,5.6859946
TAAR2,4.688715
TAAR5,5.732495
TAB1,5.8201966
TAB2,7.758015
TAC1,3.7118735
TAC3,6.713773
TACC3,6.4702086
TACO1,6.9139185
TACR1,4.53099
TACR2,6.0973215
TACR3,4.885301
TADA2A,5.5253463
TADA3,6.5181975
TAF1,5.8042192
TAF10,7.186694
TAF11,7.5141935
TAF12,7.5681434
TAF13,5.5951314
TAF15,7.7722926
TAF1A,5.7118936
TAF1B,5.6984925
TAF1C,6.7996054
TAF1D,8.756414
TAF2,7.9913435
TAF4,6.3329306
TAF4B,5.8952894
TAF5,6.583502
TAF5L,7.184334
TAF6,8.527271
TAF6L,5.4054275
TAF7,9.758399
TAF7L,4.509643
TAF9,8.861457
TAF9B,6.0207367
TAFAZZIN,7.4562087
TAGLN2,10.641339
TAL1,5.564727
TALDO1,11.322588
TANK,6.7518997
TAOK1,7.65299
TAOK3,6.585689
TAP1,9.609527
TAP2,6.6142635
TAPBP,7.730388
TARBP2,7.9093604
TARS1,8.127208
TARS2,7.815802
TAS2R1,5.829649
TAS2R10,4.1156588
TAS2R13,4.276296
TAS2R14,4.8872905
TAS2R16,4.3050838
TAS2R3,4.7366557
TAS2R4,4.618405
TAS2R7,4.492803
TAS2R8,4.24681
TAS2R9,4.1461244
TASL,6.606633
TASOR,8.264917
TASP1,6.106386
TAT,4.7237844
TATDN2,7.3196254
TAX1BP1,10.453525
TAX1BP3,7.421125
TBC1D1,6.5012407
TBC1D10B,8.109474
TBC1D13,7.7050815
TBC1D15,7.394723
TBC1D16,6.842746
TBC1D17,6.5972915
TBC1D2,7.041616
TBC1D4,7.791513
TBC1D8B,6.1632013
TBCA,10.760743
TBCB,9.870858
TBCC,8.354233
TBCD,6.2709656
TBCE,7.2263265
TBK1,8.674033
TBL1X,6.1893153
TBL1XR1,7.2433944
TBL3,6.762929
TBP,7.5173655
TBRG4,6.3317304
TBX1,4.8327065
TBX2,6.528495
TBX21,5.984074
TBX3,5.050654
TBX5,5.291784
TBX6,4.986352
TBXA2R,6.640848
TBXAS1,6.235149
TBXT,6.660132
TCAP,6.2923574
TCEA1,7.528473
TCERG1,6.190796
TCF12,7.027046
TCF25,9.008206
TCF3,6.1693664
TCF4,8.815879
TCF7,7.558464
TCF7L1,7.504256
TCF7L2,7.882676
TCHH,4.53643
TCIRG1,9.100609
TCN1,5.8004766
TCN2,7.6954207
TCP1,7.5318785
TCTN1,7.788546
TCTN2,6.8746147
TCTN3,8.546824
TDG,8.210514
TDO2,5.6396227
TDP1,6.6531672
TDP2,9.5511465
TDRD1,4.3787465
TDRD12,5.2476745
TDRKH,5.2266827
TEAD1,5.703771
TEAD3,6.508272
TEAD4,6.984688
TEC,5.580631
TECR,7.5499926
TECTA,4.754678
TEK,6.1470723
TENT4A,9.160417
TERF1,7.783878
TERF2,6.7999983
TERF2IP,9.34268
TERT,5.5091166
TESK1,7.702185
TET1,4.5479527
TET3,6.4784083
TEX10,7.0514507
TEX12,3.6922388
TEX15,4.421275
TEX2,8.330868
TEX264,7.218345
TF,5.392207
TFAM,6.878738
TFAP2A,4.915516
TFAP2B,4.381232
TFAP2C,6.705242
TFB1M,7.169012
TFB2M,5.978363
TFDP1,7.3241262
TFDP2,6.878711
TFE3,6.6556635
TFEB,7.640902
TFEC,4.7040334
TFF1,5.966791
TFF3,7.501213
TFG,6.439086
TFIP11,6.7824492
TFPI,6.2649646
TFPI2,6.2046247
TFPT,7.349658
TFR2,5.4475374
TFRC,7.9323773
TGFA,6.1349835
TGFB1,6.3585863
TGFB2,4.803358
TGFB3,6.407304
TGFBI,10.777802
TGFBR1,6.4298873
TGFBR2,7.860159
TGFBR3,7.338219
TGIF1,8.214691
TGIF2,7.1737375
TGM1,5.9584126
TGM5,6.5451336
TGOLN2,8.548422
TGS1,7.3215456
TH,4.611168
THADA,5.718915
THBD,7.364169
THBS1,8.037264
THBS2,10.18752
THBS3,7.722068
THBS4,6.5779395
THG1L,6.653796
THOC1,8.275061
THOC2,8.463576
THOC5,6.0676737
THOC6,6.727446
THOC7,9.06351
THOP1,6.4180565
THPO,3.9765954
THRA,5.7313704
THRAP3,6.573546
THRB,6.4177604
THSD1,6.5750675
THSD4,4.9033284
THSD7A,4.955565
THTPA,7.407079
THUMPD1,8.215416
THY1,8.041046
TIA1,8.234261
TIAL1,6.7070413
TIAM1,6.947569
TIAM2,5.5019336
TICAM1,6.478213
TIGAR,7.429384
TIMELESS,6.514781
TIMM10,8.54741
TIMM10B,7.2618127
TIMM13,7.1727843
TIMM17A,6.7269053
TIMM17B,7.5836225
TIMM22,7.2350354
TIMM23,8.243819
TIMM44,7.225625
TIMM50,6.4031196
TIMM8A,4.8211136
TIMM8B,9.655427
TIMM9,8.283387
TIMP1,12.052178
TIMP2,9.965628
TIMP3,8.732313
TINF2,8.404159
TIPIN,6.176557
TJP1,8.323068
TJP2,6.772234
TK1,7.7722745
TK2,6.767391
TKFC,5.989239
TKT,10.034708
TLE1,6.692148
TLE2,7.510508
TLE3,6.7696795
TLE4,4.771449
TLE5,8.159696
TLL1,3.743804
TLL2,4.0957947
TLN1,6.229509
TLR1,6.155398
TLR2,8.25528
TLR3,5.648269
TLR4,5.767901
TLR5,7.1208096
TLR6,5.513699
TLR7,5.291959
TLR8,5.823475
TM7SF2,7.3694425
TMBIM1,9.625475
TMC6,8.094557
TMED10,10.621724
TMED2,8.988915
TMED3,6.556158
TMED5,7.045057
TMED7,8.091836
TMED9,9.935169
TMEM11,8.156023
TMEM115,7.2070556
TMEM126B,7.990328
TMEM132A,5.4861827
TMEM177,5.9998817
TMEM186,7.549159
TMEM223,6.092205
TMEM258,11.498652
TMEM30A,9.072179
TMEM59,7.9749904
TMEM63A,6.877099
TMEM87A,8.155059
TMF1,6.5085354
TMLHE,5.369699
TMOD1,6.6325283
TMOD2,4.464098
TMOD3,5.3493795
TMPO,6.6089735
TMPRSS2,6.9299197
TMPRSS6,7.1112094
TMSB4X,13.151828
TMT1A,7.631398
TNC,6.3262773
TNF,5.6400642
TNFAIP1,8.214302
TNFAIP3,9.24758
TNFAIP6,6.999953
TNFAIP8,8.851671
TNFAIP8L1,9.454128
TNFRSF10B,7.058049
TNFRSF10C,5.292658
TNFRSF10D,5.274318
TNFRSF11A,5.4180264
TNFRSF11B,4.732663
TNFRSF12A,8.835726
TNFRSF13B,6.545452
TNFRSF14,7.530727
TNFRSF17,6.163295
TNFRSF1A,9.428272
TNFRSF1B,7.499299
TNFRSF21,9.470774
TNFRSF25,6.400894
TNFRSF4,5.7809734
TNFRSF6B,6.900491
TNFRSF8,6.0102825
TNFRSF9,5.0766897
TNFSF10,9.176881
TNFSF11,4.8989058
TNFSF12,7.0635886
TNFSF13,8.240795
TNFSF14,5.6249657
TNFSF15,5.223071
TNFSF18,4.8112373
TNFSF4,6.1171994
TNFSF8,5.950844
TNFSF9,5.0690155
TNIK,6.3705215
TNIP1,8.309977
TNIP2,8.745631
TNIP3,4.1935825
TNK2,5.7023153
TNKS,5.0372853
TNKS2,6.839576
TNN,5.4351325
TNNC1,4.960596
TNNC2,5.5770106
TNNI1,4.850287
TNNI2,5.377223
TNNI3,5.2441707
TNNT1,6.0392904
TNNT2,4.881309
TNNT3,5.670681
TNPO1,9.301564
TNR,5.1488476
TNRC6B,7.5813065
TNS3,8.595747
TNS4,6.564163
TNXB,5.898857
TOLLIP,7.0188646
TOM1,7.3770285
TOMM20,10.1281185
TOMM22,7.956498
TOMM40,7.6997256
TOMM7,11.535737
TOMM70,8.837628
TOP1,9.795936
TOP2A,7.7154927
TOP2B,10.013513
TOP3A,6.4459467
TOPBP1,8.492029
TOPORS,6.580676
TOR1A,8.243985
TOR1AIP1,6.325303
TOR1B,8.240079
TOR4A,6.1171403
TP53,6.3175354
TP53AIP1,4.629982
TP53BP1,6.9765325
TP53BP2,8.2974825
TP53I3,8.610361
TP63,4.978193
TP73,4.909813
TPCN1,7.587883
TPD52,8.52361
TPD52L1,7.8842616
TPGS2,6.8576617
TPH1,3.8993533
TPI1,11.630747
TPK1,6.0276747
TPM1,8.468767
TPM2,5.9075384
TPM3,5.180125
TPM4,8.368114
TPMT,6.689204
TPO,4.8059297
TPP1,8.489612
TPP2,6.858178
TPR,7.8268476
TPRKB,8.321043
TPSAB1,7.45215
TPST1,7.8717847
TPST2,6.977058
TPTE,3.9453988
TPX2,7.922613
TRA2B,9.020068
TRADD,8.482758
TRAF1,5.8800893
TRAF2,7.0184207
TRAF3,7.12122
TRAF3IP1,5.679213
TRAF6,7.131162
TRAIP,5.699342
TRAK1,7.6226797
TRAK2,8.088866
TRAM1,10.206124
TRAP1,7.342116
TRAPPC10,6.7967386
TRAPPC11,6.8831105
TRAPPC12,6.9468775
TRAPPC13,4.965634
TRAPPC2,6.0441008
TRAPPC2L,7.418776
TRAPPC3,8.9821615
TRAPPC4,9.089487
TRAPPC6A,7.8621097
TRAPPC8,9.344304
TRAPPC9,6.912156
TRAT1,4.7651043
TRDMT1,4.7068744
TRDN,3.7079527
TREH,4.4342914
TREM1,7.8178864
TREM2,7.782519
TREML2,6.2617135
TREX1,8.138284
TRH,5.9062862
TRHR,4.834304
TRIAP1,9.134269
TRIB1,6.143179
TRIB3,7.341901
TRIM10,4.673409
TRIM13,7.232862
TRIM14,6.4311953
TRIM17,5.585462
TRIM2,6.8171115
TRIM21,6.994887
TRIM22,10.021701
TRIM24,6.7502284
TRIM25,7.533947
TRIM26,8.26313
TRIM27,8.760447
TRIM28,9.084376
TRIM29,5.970356
TRIM3,5.066227
TRIM31,4.7574763
TRIM32,7.050606
TRIM33,8.172481
TRIM34,6.414043
TRIM36,4.5474625
TRIM37,7.8557262
TRIM38,8.095709
TRIM45,6.6530175
TRIM46,5.223951
TRIM48,4.6215663
TRIM5,5.5269156
TRIM56,7.287078
TRIM62,6.6353693
TRIM68,7.7747717
TRIM8,7.4830565
TRIM9,4.5889173
TRIO,7.175923
TRIOBP,8.041431
TRIP10,7.0498133
TRIP11,6.0986633
TRIP12,9.1851635
TRIP4,8.184668
TRIT1,8.117677
TRMT1,7.1561623
TRMT11,7.5776696
TRMT112,11.291464
TRMT12,7.420602
TRMT13,6.955602
TRMT44,4.669072
TRMT5,9.958094
TRMT61A,7.746511
TRMT61B,7.999002
TRMT9B,4.434351
TRMU,6.733032
TRPA1,4.732716
TRPC1,5.529598
TRPC3,4.105536
TRPC4,4.476323
TRPC4AP,7.8406324
TRPC5,3.6916077
TRPC6,4.702463
TRPC7,4.21252
TRPM1,3.8742673
TRPM2,6.8613076
TRPM3,4.7276583
TRPM4,6.703957
TRPM6,5.521029
TRPM8,5.010446
TRPV1,5.7051716
TRPV2,6.503362
TRPV4,5.929589
TRPV5,5.4677467
TRPV6,5.845164
TRRAP,7.298066
TSC1,7.959091
TSC2,6.780666
TSC22D1,7.631793
TSC22D3,7.6015735
TSEN2,5.371417
TSEN34,9.481818
TSFM,5.620819
TSG101,10.117105
TSHB,4.844547
TSHR,4.0702705
TSN,7.922847
TSNAX,9.128474
TSPAN14,8.256017
TSPAN15,6.6397696
TSPAN5,7.3226175
TSPAN7,7.4201245
TSPO,9.900045
TSPOAP1,6.180165
TSPYL2,8.115473
TSR1,7.3302693
TSR3,6.213329
TST,9.251508
TTBK2,4.5491033
TTC19,9.014194
TTC21B,4.8516645
TTF1,7.280823
TTLL1,6.528063
TTLL12,8.462537
TTLL3,5.9446893
TTLL4,6.3142786
TTLL5,5.6233754
TTLL7,5.1645317
TTN,4.5911684
TTPA,4.2651424
TTR,6.4735856
TTYH1,4.6965213
TUBA1A,12.851319
TUBA1B,12.846608
TUBA1C,12.967964
TUBA3C,7.884668
TUBA3D,7.914486
TUBA4A,9.527722
TUBA4B,6.97996
TUBA8,5.5709014
TUBAL3,4.6493936
TUBB,11.646402
TUBB1,4.4626074
TUBB2A,8.496803
TUBB2B,4.922389
TUBB3,10.365341
TUBB4A,5.392671
TUBB4B,10.947241
TUBB6,9.517913
TUBG1,8.255366
TUBG2,6.2522674
TUBGCP2,6.772172
TUBGCP3,5.2742953
TUBGCP4,6.995289
TUBGCP5,5.225069
TUFM,8.732222
TULP3,7.7553844
TULP4,7.9623065
TUSC3,6.331531
TUT1,6.784934
TUT4,5.959347
TUT7,7.476102
TWF1,5.1651564
TWF2,7.6104813
TWIST1,5.3419456
TWNK,6.7673435
TXK,4.3045917
TXLNA,6.8715568
TXN,8.803207
TXN2,8.468224
TXNDC5,11.314215
TXNIP,11.048556
TXNL1,7.897329
TXNL4A,6.8223305
TXNRD1,7.9314537
TXNRD2,6.4493446
TYK2,8.452455
TYMP,7.8821125
TYMS,7.0208836
TYR,4.7490067
TYRO3,5.9939632
TYROBP,9.601532
TYRP1,4.7339783
TYW1,8.228192
U2AF1,8.778957
U2AF2,6.5376544
U2SURP,7.4326663
UAP1,9.356551
UBA1,8.616544
UBA2,8.77219
UBA3,9.320225
UBA5,7.6003675
UBA52,12.3850355
UBA6,6.034671
UBA7,7.9375
UBAC1,8.400481
UBAP1,8.461759
UBB,13.10821
UBC,13.335286
UBD,9.056005
UBE2A,9.409217
UBE2B,8.260924
UBE2C,8.920708
UBE2D1,5.7031116
UBE2D2,9.411932
UBE2D3,9.560298
UBE2D4,8.007021
UBE2E1,10.581907
UBE2E3,9.978481
UBE2G1,8.756846
UBE2G2,7.891274
UBE2H,7.9633765
UBE2I,6.542825
UBE2J1,8.131358
UBE2K,8.478712
UBE2L3,8.527595
UBE2L6,9.608457
UBE2M,8.351773
UBE2N,9.256118
UBE2O,7.247325
UBE2Q1,7.7520685
UBE2S,7.3677135
UBE2V1,8.896022
UBE2V2,6.695752
UBE2W,6.0365005
UBE2Z,9.264506
UBE3A,6.4300165
UBE3B,5.869297
UBE3C,5.653169
UBE4A,9.660719
UBIAD1,6.3679667
UBL4A,8.224462
UBL5,10.205415
UBN1,8.3932
UBOX5,7.156911
UBQLN2,8.260857
UBR2,6.9078975
UBR4,5.74835
UBTF,6.186821
UBXN1,7.1958675
UBXN7,7.5977435
UCHL1,7.142256
UCHL3,8.4582
UCHL5,5.8686748
UCK2,7.2510233
UCKL1,6.613153
UCN,5.4188795
UCP1,4.8251753
UCP2,9.562645
UCP3,5.454264
UFD1,9.471761
UFL1,7.400292
UGCG,8.959638
UGDH,9.521555
UGGT1,7.4365163
UGGT2,5.378813
UGP2,9.683713
UGT1A1,6.4654527
UGT1A10,5.1658435
UGT1A3,6.1923327
UGT1A6,6.2483907
UGT1A8,4.3694935
UGT1A9,7.255679
UGT2A1,4.1325464
UGT2A3,3.6128335
UGT2B15,4.365797
UGT2B17,3.883854
UGT2B28,5.791645
UGT2B4,3.6096597
UGT8,5.5303717
UIMC1,8.117206
ULBP1,4.84626
ULBP2,5.825545
ULK1,7.1481004
UMOD,5.2550087
UMPS,7.173114
UNC119B,6.6268387
UNC13B,8.665467
UNC5B,7.7258625
UNC5C,4.527548
UNC93B1,6.787176
UNG,8.365737
UNKL,6.3504047
UPB1,4.9310026
UPF1,7.65146
UPF2,8.408683
UPF3A,7.307478
UPF3B,6.8022833
UPK1A,5.401197
UPP1,8.533674
UQCC1,7.1135116
UQCR10,10.0024185
UQCR11,9.74668
UQCRB,9.938988
UQCRC1,10.236113
UQCRC2,9.531996
UQCRFS1,10.784577
UQCRH,11.192277
UQCRQ,11.041113
URM1,7.3210926
UROD,8.2556715
UROS,6.5556874
USE1,6.998418
USF2,8.988442
USH1C,5.4615088
USO1,9.17973
USP1,8.792749
USP10,8.087059
USP11,9.146939
USP12,6.26468
USP13,7.519307
USP14,8.986887
USP15,7.091511
USP16,9.086282
USP18,7.2215395
USP19,6.6254244
USP2,5.4087157
USP20,7.204345
USP21,7.9892936
USP22,4.9504766
USP24,6.685863
USP25,7.2491913
USP3,8.736429
USP33,8.095834
USP34,6.9705772
USP39,8.157863
USP4,8.571963
USP47,8.215712
USP48,6.821031
USP49,4.63112
USP5,7.1769094
USP6NL,5.428469
USP7,9.170701
USP8,7.3927107
USP9X,9.145594
UST,5.607336
UTP11,6.5833364
UTP14A,7.4879193
UTP14C,8.467331
UTP18,6.866658
UTP20,7.595026
UTP25,7.2122645
UTP3,8.569797
UTP6,7.260266
UTRN,6.2879114
UTS2,4.004579
UTY,5.6119814
UVRAG,7.6073856
UXS1,8.987229
UXT,10.110421
VAC14,5.8012576
VAMP1,6.1709595
VAMP2,5.999982
VAMP3,9.251677
VAMP4,6.256746
VAMP7,9.313013
VAMP8,10.918072
VANGL1,6.4365916
VAPA,8.604586
VAPB,7.581419
VARS1,7.159522
VASH1,6.1715775
VASH2,4.906698
VASP,8.27415
VAT1,9.600943
VAV1,7.303589
VAV2,6.646039
VAV3,5.9747624
VBP1,10.022888
VCAM1,8.759554
VCAN,9.072402
VCL,7.596776
VCP,9.390491
VCPIP1,5.256309
VCPKMT,6.159049
VDAC1,8.967091
VDAC2,10.825029
VDAC3,9.208296
VDR,6.9029527
VEGFA,8.543019
VEGFB,7.285428
VEGFC,6.7675576
VEGFD,5.818801
VENTX,5.7574134
VGF,6.1105022
VHL,4.807143
VIM,10.457506
VIP,4.0270925
VIPR1,7.160991
VIPR2,6.73175
VKORC1,9.200768
VLDLR,6.607526
VNN1,4.702941
VNN2,5.969323
VPREB1,4.116846
VPREB3,5.9776874
VPS11,8.273481
VPS16,6.585333
VPS26A,8.026142
VPS28,9.621414
VPS33A,5.4667716
VPS33B,7.6636972
VPS35,10.207804
VPS35L,6.5921144
VPS37B,8.20586
VPS37C,9.427803
VPS39,8.029839
VPS41,6.8159847
VPS45,6.835133
VPS4A,8.581176
VPS4B,9.354088
VPS51,9.865882
VPS52,9.366656
VPS53,5.6119223
VPS54,7.974436
VPS72,9.078787
VRK1,7.5880914
VRK2,8.351163
VRK3,7.112629
VTI1B,8.329854
VTN,5.808176
VWA1,6.5313444
VWF,7.8519573
WAC,8.444401
WAPL,7.8282065
WARS1,9.686231
WARS2,5.972486
WAS,7.205923
WASF1,6.5621796
WASF2,9.011199
WASF3,6.4815655
WASL,6.771003
WBP11,7.9736342
WBP4,6.1849833
WDCP,6.1774364
WDR1,7.6966176
WDR11,8.212836
WDR12,6.415784
WDR18,6.9150987
WDR19,5.6851864
WDR26,8.850055
WDR3,6.607129
WDR33,5.6295934
WDR4,6.372771
WDR43,7.3338375
WDR45,8.667492
WDR45B,10.442882
WDR46,7.714114
WDR48,7.486363
WDR59,6.261606
WDR6,7.8351
WDR70,7.8591948
WDR77,7.8176394
WDR82,10.062633
WDR91,6.9095097
WDTC1,7.914837
WEE1,7.646387
WFDC2,7.012571
WFS1,7.6670294
WHRN,5.5612817
WIF1,5.8368063
WIPF1,7.219293
WIPF2,8.828349
WIPI1,8.026871
WIPI2,8.109624
WLS,8.261995
WNK1,6.7229033
WNT1,4.6658015
WNT10B,6.91854
WNT11,5.9942536
WNT16,4.7351217
WNT2,7.2994184
WNT2B,5.022001
WNT3,5.5725427
WNT4,5.3057985
WNT5A,7.361741
WNT5B,5.751036
WNT6,5.0586314
WNT7A,5.283791
WNT7B,5.8545136
WNT8B,5.0520606
WRAP53,7.604102
WRN,6.161222
WSB1,8.036657
WSB2,9.63507
WT1,4.8599844
WTAP,6.8712444
WWC1,6.402212
WWOX,6.467546
WWP1,7.839184
WWP2,6.4118285
WWTR1,7.9475474
XAB2,5.3941565
XAF1,7.3186903
XBP1,9.2514925
XCL1,5.5108905
XCL2,6.1882215
XCR1,5.0714397
XDH,6.998907
XIAP,6.763843
XK,5.3054338
XPA,7.5284824
XPC,8.315288
XPNPEP2,5.3691244
XPO1,10.02266
XPOT,8.932486
XRCC1,7.285648
XRCC2,6.395872
XRCC3,5.457094
XRCC4,5.2619767
XRCC5,9.907977
XRCC6,7.8281755
XYLB,4.1629567
XYLT1,5.8163824
XYLT2,6.2365875
YAF2,5.5184884
YAP1,8.357565
YARS1,8.806883
YARS2,6.9814496
YBX1,11.081094
YEATS2,7.459914
YEATS4,5.4988008
YES1,8.760514
YIF1A,9.735262
YIPF6,7.755212
YJU2,7.114526
YKT6,7.547194
YME1L1,6.9310694
YOD1,5.236325
YPEL5,10.016197
YRDC,7.792423
YTHDC1,6.692187
YTHDC2,6.14413
YWHAB,10.654784
YWHAE,8.410733
YWHAH,6.5323887
YWHAQ,11.678295
YWHAZ,11.172953
YY1,8.849915
ZAP70,6.0627136
ZBED1,8.444159
ZBP1,5.705597
ZBTB16,6.142556
ZBTB17,6.6166515
ZBTB33,5.3107786
ZC3H11A,8.39587
ZC3H12A,7.358459
ZC3H15,9.136628
ZC3H3,6.0728393
ZC3H4,7.531386
ZC3HAV1,8.169241
ZCCHC8,7.299647
ZDHHC11,6.8931823
ZDHHC3,6.9793973
ZDHHC7,9.409184
ZEB1,7.2331443
ZEB2,5.4274983
ZFAND6,9.568833
ZFC3H1,5.8284206
ZFHX3,5.631191
ZFP2,4.6433625
ZFP30,4.929785
ZFP36,10.918655
ZFP36L1,5.8982105
ZFP36L2,7.0359783
ZFP37,4.8762746
ZFP69B,4.456751
ZFPM2,6.0070796
ZFYVE16,6.1197505
ZFYVE9,6.1019163
ZIC1,4.5958085
ZIC3,4.7010217
ZIM2,6.0846434
ZKSCAN1,7.5876775
ZKSCAN3,5.5388045
ZKSCAN4,6.9496
ZKSCAN5,6.222531
ZKSCAN7,5.3437157
ZKSCAN8,4.1168084
ZMAT5,6.552727
ZMYM2,5.7012506
ZNF10,5.5172815
ZNF112,5.308584
ZNF12,8.055058
ZNF124,5.760641
ZNF131,7.457911
ZNF133,6.997509
ZNF135,5.1323533
ZNF136,6.8788576
ZNF14,6.494399
ZNF140,7.0960593
ZNF141,4.6862903
ZNF143,6.1381874
ZNF154,4.482815
ZNF155,4.7534394
ZNF157,3.70389
ZNF160,6.786962
ZNF175,5.231144
ZNF180,5.4933286
ZNF184,6.504703
ZNF189,7.886076
ZNF195,7.154284
ZNF197,5.5739427
ZNF20,6.3769345
ZNF200,6.5601277
ZNF202,6.245887
ZNF205,6.096333
ZNF208,4.032268
ZNF211,7.390954
ZNF212,7.8933415
ZNF214,4.347835
ZNF215,5.594363
ZNF217,9.24028
ZNF221,4.548645
ZNF222,5.837951
ZNF223,5.1475577
ZNF224,5.544946
ZNF225,4.682951
ZNF226,5.654868
ZNF227,5.6892877
ZNF23,6.3412933
ZNF230,4.642578
ZNF234,4.4643755
ZNF235,5.220056
ZNF248,6.1576977
ZNF250,5.1976705
ZNF253,5.543195
ZNF254,4.9816585
ZNF257,3.9623854
ZNF26,7.203284
ZNF263,7.3526807
ZNF264,7.17043
ZNF266,8.428097
ZNF267,7.5295787
ZNF268,5.579473
ZNF273,5.634857
ZNF274,7.779867
ZNF282,7.3224707
ZNF286A,5.445405
ZNF287,4.7917347
ZNF3,5.2912326
ZNF302,6.792114
ZNF304,6.258012
ZNF324,7.3555956
ZNF324B,5.12959
ZNF331,7.8628325
ZNF334,4.460623
ZNF335,5.9330263
ZNF337,7.7746863
ZNF33B,5.378744
ZNF34,5.814175
ZNF343,5.7930784
ZNF350,5.2280173
ZNF354A,6.2756257
ZNF37A,4.865157
ZNF394,7.3874693
ZNF41,4.276274
ZNF415,4.9987726
ZNF419,7.86407
ZNF423,5.992865
ZNF426,5.754814
ZNF43,5.7565002
ZNF430,6.5356016
ZNF432,6.888491
ZNF440,4.655503
ZNF442,4.537779
ZNF443,4.570175
ZNF446,7.34951
ZNF45,6.0347967
ZNF460,4.6233625
ZNF467,6.0907865
ZNF468,6.2471833
ZNF471,4.231409
ZNF473,6.3583584
ZNF480,4.313468
ZNF484,4.467903
ZNF492,4.2305155
ZNF493,5.2903543
ZNF500,6.607934
ZNF506,5.068298
ZNF510,6.185707
ZNF514,6.426983
ZNF528,5.55489
ZNF529,5.1240673
ZNF544,6.6894293
ZNF549,3.980643
ZNF550,5.668428
ZNF551,4.8734508
ZNF552,6.2091823
ZNF556,4.7441072
ZNF557,5.201507
ZNF562,6.341941
ZNF571,4.88751
ZNF573,6.7840037
ZNF586,6.402646
ZNF587,6.9635286
ZNF589,6.162495
ZNF606,6.621343
ZNF611,8.058945
ZNF613,4.1920505
ZNF614,5.1172767
ZNF638,8.194984
ZNF665,7.3846855
ZNF667,4.5031524
ZNF668,5.321153
ZNF669,6.3780227
ZNF671,6.394649
ZNF675,4.242327
ZNF682,4.4961987
ZNF688,5.434091
ZNF692,7.823889
ZNF696,5.962487
ZNF701,5.912765
ZNF706,9.519154
ZNF710,6.41085
ZNF711,4.4320917
ZNF717,4.7413797
ZNF721,9.392441
ZNF74,5.95756
ZNF747,7.2967534
ZNF749,4.0533533
ZNF750,5.5259585
ZNF75D,5.6341066
ZNF764,6.6210165
ZNF770,4.4424744
ZNF771,4.944502
ZNF778,6.080177
ZNF79,5.746241
ZNF816,5.101007
ZNF839,6.521149
ZNF93,5.924571
ZP2,5.1622243
ZRSR2,7.759983
ZSCAN32,6.950037
ZSWIM8,6.5611963
ZW10,7.7543454
ZWILCH,6.8981485
ZWINT,9.314541
ZZZ3,8.005463
