context,gene,observation_policy_pfi_mean,observation_policy_pfi_sd,observation_policy_pfi_se,observation_selection_score,observation_positive_fraction,observation_cindex_pfi_mean,observation_split_use_fraction
repeat_1_fold_1,A1CF,-0.07025246362186621,0.08112055756663769,0.040560278783318846,-0.11081274240518506,0.0,-4.678289617315867e-05,0.5
repeat_1_fold_1,A2M,0.0,0.0,0.0,0.0,0.0,5.847862021646222e-05,0.5
repeat_1_fold_1,A4GALT,0.0,0.0,0.0,0.0,0.0,0.0,0.0
repeat_1_fold_1,A4GNT,0.0,0.0,0.0,0.0,0.0,0.00014034868851947602,0.5
repeat_1_fold_1,AAAS,0.09804235766146263,0.1194901380387984,0.0597450690193992,0.03829728864206343,0.5,0.00031214657175523963,1.0
repeat_1_fold_1,AACS,0.0,0.0,0.0,0.0,0.0,7.12167333297431e-05,1.0
repeat_1_fold_1,AADAC,0.0,0.0,0.0,0.0,0.0,0.0001902587519026222,0.5
repeat_1_fold_1,AAK1,-0.02962262626847334,0.05924525253694668,0.02962262626847334,-0.05924525253694668,0.0,7.797149362193112e-05,0.5
repeat_1_fold_1,AAMP,0.053487813007873086,0.10697562601574617,0.053487813007873086,0.0,0.25,-0.0005390664637239806,0.5
repeat_1_fold_1,AANAT,0.0,0.0,0.0,0.0,0.0,-1.5594298724386224e-05,0.5
repeat_1_fold_1,AARS1,-0.05953325163007861,0.06874307770871922,0.03437153885435961,-0.09390479048443823,0.0,4.054933041594544e-05,1.0
repeat_1_fold_1,AASDHPPT,0.0,0.0,0.0,0.0,0.0,0.00011891171993913541,0.5
repeat_1_fold_1,AASS,0.0,0.0,0.0,0.0,0.0,0.0,0.0
repeat_1_fold_1,AATF,0.0,0.0,0.0,0.0,0.0,-0.00014034868851947602,0.5
repeat_1_fold_1,ABAT,-0.010602833916694365,0.08037072323942131,0.040185361619710654,-0.05078819553640502,0.25,0.00016374013660605535,0.5
repeat_1_fold_1,ABCA1,0.0,0.0,0.0,0.0,0.0,3.96372399797118e-05,0.5
repeat_1_fold_1,ABCA12,-0.02190284803035425,0.0438056960607085,0.02190284803035425,-0.0438056960607085,0.0,0.00022196854388636944,0.5
repeat_1_fold_1,ABCA2,0.0,0.0,0.0,0.0,0.0,0.0,0.0
repeat_1_fold_1,ABCA3,0.0,0.0,0.0,0.0,0.0,0.0,0.0
repeat_1_fold_1,ABCA4,0.0,0.0,0.0,0.0,0.0,0.0,0.0
repeat_1_fold_1,ABCA5,0.0,0.0,0.0,0.0,0.0,0.0,0.0
repeat_1_fold_1,ABCA6,0.060277901312783655,0.06960292509824267,0.03480146254912134,0.025476438763662318,0.5,0.0004756468797564861,0.5
repeat_1_fold_1,ABCA7,0.0,0.0,0.0,0.0,0.0,0.0,0.0
repeat_1_fold_1,ABCA8,-0.00014080627846801974,0.04837381937220061,0.024186909686100305,-0.024327715964568324,0.25,-0.0002467828926127902,1.0
repeat_1_fold_1,ABCB1,0.0,0.0,0.0,0.0,0.0,0.0,0.0
repeat_1_fold_1,ABCB11,0.008723848186569683,0.01007343219777087,0.005036716098885435,0.003687132087684248,0.5,0.00021597480673396507,1.0
repeat_1_fold_1,ABCB4,0.0,0.0,0.0,0.0,0.0,9.512937595129722e-05,0.5
repeat_1_fold_1,ABCB6,0.0,0.0,0.0,0.0,0.0,6.103267123469536e-06,1.0
repeat_1_fold_1,ABCB7,0.0,0.0,0.0,0.0,0.0,0.0,0.0
repeat_1_fold_1,ABCB8,0.0,0.0,0.0,0.0,0.0,0.0,0.0
repeat_1_fold_1,ABCB9,0.0,0.0,0.0,0.0,0.0,3.96372399797118e-05,0.5
repeat_1_fold_1,ABCC1,0.0,0.0,0.0,0.0,0.0,0.0,0.0
repeat_1_fold_1,ABCC10,0.0,0.0,0.0,0.0,0.0,0.0,0.0
repeat_1_fold_1,ABCC2,0.18160734591806005,0.03734752580246824,0.01867376290123412,0.16293358301682592,1.0,0.00047369240025027515,1.0
repeat_1_fold_1,ABCC3,0.0,0.0,0.0,0.0,0.0,1.585489599192913e-05,0.5
repeat_1_fold_1,ABCC4,0.030138950656391827,0.060277901312783655,0.030138950656391827,0.0,0.25,-0.000523211567732107,0.5
repeat_1_fold_1,ABCC5,0.0,0.0,0.0,0.0,0.0,0.0,0.0
repeat_1_fold_1,ABCC6,-0.06154770553611222,0.12309541107222444,0.06154770553611222,-0.12309541107222444,0.0,0.00021404109589043263,0.5
repeat_1_fold_1,ABCC8,0.0,0.0,0.0,0.0,0.0,0.0,0.0
repeat_1_fold_1,ABCC9,0.0,0.0,0.0,0.0,0.0,-0.0005458004553535178,0.5
repeat_1_fold_1,ABCD1,0.0,0.0,0.0,0.0,0.0,0.0,0.0
repeat_1_fold_1,ABCD2,0.0,0.0,0.0,0.0,0.0,0.0,0.0
repeat_1_fold_1,ABCD3,0.023720426571689046,0.04744085314337809,0.023720426571689046,0.0,0.25,0.0005185104325858558,0.5
repeat_1_fold_1,ABCD4,0.0,0.0,0.0,0.0,0.0,0.00045108274396618575,1.0
repeat_1_fold_1,ABCE1,0.033794362814383305,0.06758872562876661,0.033794362814383305,0.0,0.25,0.00048357432775242293,0.5
repeat_1_fold_1,ABCF1,0.0,0.0,0.0,0.0,0.0,7.927447995964565e-06,0.5
repeat_1_fold_1,ABCF2,0.0,0.0,0.0,0.0,0.0,-0.00018233130390662988,0.5
repeat_1_fold_1,ABCG2,0.0,0.0,0.0,0.0,0.0,0.0,0.0
repeat_1_fold_1,ABCG4,-0.07025246362186621,0.08112055756663769,0.040560278783318846,-0.11081274240518506,0.0,7.407291894084844e-05,0.5
repeat_1_fold_1,ABCG5,0.0,0.0,0.0,0.0,0.0,0.0,0.0
repeat_1_fold_1,ABHD10,0.0,0.0,0.0,0.0,0.0,0.0,0.0
repeat_1_fold_1,ABHD17A,0.0,0.0,0.0,0.0,0.0,0.00017440385591074858,0.5
repeat_1_fold_1,ABHD17B,-0.03475390696957881,0.16029108197476874,0.08014554098738437,-0.11489944795696318,0.25,0.0009638704209984361,1.0
repeat_1_fold_1,ABHD3,0.0,0.0,0.0,0.0,0.0,0.0,0.0
repeat_1_fold_1,ABHD4,0.0,0.0,0.0,0.0,0.0,-2.3782343987810428e-05,0.5
repeat_1_fold_1,ABHD5,0.0,0.0,0.0,0.0,0.0,0.0,0.0
repeat_1_fold_1,ABI1,0.10963338427808544,0.15423248315505997,0.07711624157752998,0.03251714270055546,0.5,-0.0002923931010822278,0.5
repeat_1_fold_1,ABI2,-0.02962262626847334,0.05924525253694668,0.02962262626847334,-0.05924525253694668,0.0,9.746436702745553e-05,1.0
repeat_1_fold_1,ABL1,0.0,0.0,0.0,0.0,0.0,0.0,0.0
repeat_1_fold_1,ABL2,0.0,0.0,0.0,0.0,0.0,0.0,0.0
repeat_1_fold_1,ABLIM1,0.0,0.0,0.0,0.0,0.0,0.0,0.0
repeat_1_fold_1,ABLIM3,0.0,0.0,0.0,0.0,0.0,0.0,0.0
repeat_1_fold_1,ABR,0.0,0.0,0.0,0.0,0.0,0.0,0.0
repeat_1_fold_1,ABRAXAS2,-0.03062229010884998,0.06124458021769997,0.030622290108849985,-0.06124458021769996,0.0,-0.0002573059289523727,0.5
repeat_1_fold_1,ACAA1,0.0,0.0,0.0,0.0,0.0,7.13470319634868e-05,0.5
repeat_1_fold_1,ACAA2,0.0,0.0,0.0,0.0,0.0,2.729002276768977e-05,0.5
repeat_1_fold_1,ACACA,0.0,0.0,0.0,0.0,0.0,0.0,0.0
repeat_1_fold_1,ACAD10,0.0,0.0,0.0,0.0,0.0,-2.3782343987810428e-05,0.5
repeat_1_fold_1,ACAD8,-0.03062229010884998,0.06124458021769997,0.030622290108849985,-0.06124458021769996,0.0,-3.118859744877245e-05,0.5
repeat_1_fold_1,ACADL,0.0,0.0,0.0,0.0,0.0,0.0,0.0
repeat_1_fold_1,ACADM,-0.0891558778985484,0.11374691519886737,0.056873457599433686,-0.14602933549798208,0.0,-0.00025730592895234494,0.5
repeat_1_fold_1,ACADS,0.0,0.0,0.0,0.0,0.0,0.0,0.0
repeat_1_fold_1,ACADSB,0.0,0.0,0.0,0.0,0.0,0.0,0.0
repeat_1_fold_1,ACADVL,0.02341063775915231,0.04682127551830462,0.02341063775915231,0.0,0.25,0.0002495087795901796,0.5
repeat_1_fold_1,ACAN,0.0,0.0,0.0,0.0,0.0,0.0,0.0
repeat_1_fold_1,ACAT1,0.0,0.0,0.0,0.0,0.0,5.549213597161318e-05,0.5
repeat_1_fold_1,ACAT2,-0.02962262626847334,0.05924525253694668,0.02962262626847334,-0.05924525253694668,0.0,4.678289617315867e-05,0.5
repeat_1_fold_1,ACBD3,0.0,0.0,0.0,0.0,0.0,0.0,0.0
repeat_1_fold_1,ACBD4,0.033794362814383305,0.06758872562876661,0.033794362814383305,0.0,0.25,0.0004189820560811519,1.0
repeat_1_fold_1,ACD,-0.04774327806108758,0.05550290928155922,0.02775145464077961,-0.07549473270186718,0.0,0.0004042998477929993,0.5
repeat_1_fold_1,ACE,0.0,0.0,0.0,0.0,0.0,0.0,0.0
repeat_1_fold_1,ACE2,0.0,0.0,0.0,0.0,0.0,0.000229895991882334,0.5
repeat_1_fold_1,ACHE,0.0,0.0,0.0,0.0,0.0,-3.118859744877245e-05,0.5
repeat_1_fold_1,ACIN1,0.0,0.0,0.0,0.0,0.0,0.0,0.0
repeat_1_fold_1,ACKR1,0.0,0.0,0.0,0.0,0.0,0.0,0.0
repeat_1_fold_1,ACKR2,0.0,0.0,0.0,0.0,0.0,0.0,0.0
repeat_1_fold_1,ACKR3,0.0,0.0,0.0,0.0,0.0,0.0,0.0
repeat_1_fold_1,ACKR4,0.0,0.0,0.0,0.0,0.0,0.0,0.0
repeat_1_fold_1,ACO1,0.033794362814383305,0.06758872562876661,0.033794362814383305,0.0,0.25,6.341958396754999e-05,0.5
repeat_1_fold_1,ACO2,0.06758872562876661,0.07804473787190432,0.03902236893595216,0.028566356692814453,0.5,0.0007134703196347292,0.5
repeat_1_fold_1,ACOT11,0.0,0.0,0.0,0.0,0.0,-0.00010916009107070357,0.5
repeat_1_fold_1,ACOT2,0.0,0.0,0.0,0.0,0.0,0.0,0.0
repeat_1_fold_1,ACOT7,0.0,0.0,0.0,0.0,0.0,0.0,0.0
repeat_1_fold_1,ACOT8,0.04682127551830462,0.054064552048589606,0.027032276024294803,0.019788999494009814,0.5,-0.00013645011383836558,0.5
repeat_1_fold_1,ACOT9,0.0,0.0,0.0,0.0,0.0,0.0,0.0
repeat_1_fold_1,ACOX1,0.0,0.0,0.0,0.0,0.0,0.0,0.0
repeat_1_fold_1,ACOX2,0.0,0.0,0.0,0.0,0.0,0.00022196854388636944,0.5
repeat_1_fold_1,ACOX3,0.0,0.0,0.0,0.0,0.0,-6.341958396749448e-05,0.5
repeat_1_fold_1,ACOXL,-0.02190284803035425,0.0438056960607085,0.02190284803035425,-0.0438056960607085,0.0,-6.446197303747181e-05,1.0
repeat_1_fold_1,ACP3,-0.035126231810933106,0.07025246362186621,0.035126231810933106,-0.07025246362186621,0.0,-5.4580045535351784e-05,0.5
repeat_1_fold_1,ACP5,0.0,0.0,0.0,0.0,0.0,0.0,0.0
repeat_1_fold_1,ACP6,0.02611603729209655,0.057003477998279616,0.028501738999139808,-0.0023857017070432578,0.25,-0.0005169676176435267,1.0
repeat_1_fold_1,ACR,0.0,0.0,0.0,0.0,0.0,0.0,0.0
repeat_1_fold_1,ACSBG1,0.0,0.0,0.0,0.0,0.0,0.0,0.0
repeat_1_fold_1,ACSBG2,0.0,0.0,0.0,0.0,0.0,0.0,0.0
repeat_1_fold_1,ACSF2,-0.09465948344100994,0.12344025344427105,0.061720126722135525,-0.15637961016314547,0.0,-0.00017933443533044158,0.5
repeat_1_fold_1,ACSL1,0.0,0.0,0.0,0.0,0.0,0.0,0.5
repeat_1_fold_1,ACSL3,0.0,0.0,0.0,0.0,0.0,0.0,0.0
repeat_1_fold_1,ACSL4,0.0,0.0,0.0,0.0,0.0,-7.797149362193112e-06,0.5
repeat_1_fold_1,ACSL5,0.0,0.0,0.0,0.0,0.0,-0.00012683916793504446,0.5
repeat_1_fold_1,ACSL6,0.0,0.0,0.0,0.0,0.0,-7.927447995939585e-05,0.5
repeat_1_fold_1,ACSM1,0.0,0.0,0.0,0.0,0.0,0.0,0.0
repeat_1_fold_1,ACSM2A,0.0,0.0,0.0,0.0,0.0,-0.00037843272566520647,1.0
repeat_1_fold_1,ACSM3,-0.01338475756808144,0.16793094521532181,0.08396547260766091,-0.09735023017574235,0.25,0.00015503089680768412,1.0
repeat_1_fold_1,ACSM5,0.0,0.0,0.0,0.0,0.0,0.00042808219178086526,0.5
repeat_1_fold_1,ACSS3,0.0,0.0,0.0,0.0,0.0,0.0,0.0
repeat_1_fold_1,ACTA1,0.0,0.0,0.0,0.0,0.0,0.0,0.0
repeat_1_fold_1,ACTA2,-0.02190284803035425,0.0438056960607085,0.02190284803035425,-0.0438056960607085,0.0,-5.184377422662312e-05,1.0
repeat_1_fold_1,ACTB,-0.02962262626847334,0.05924525253694668,0.02962262626847334,-0.05924525253694668,0.0,-2.924450227384523e-05,1.0
repeat_1_fold_1,ACTC1,0.0,0.0,0.0,0.0,0.0,0.0,0.0
repeat_1_fold_1,ACTG1,0.0,0.0,0.0,0.0,0.0,0.0,0.0
repeat_1_fold_1,ACTG2,0.0,0.0,0.0,0.0,0.0,0.00014424726320058645,0.5
repeat_1_fold_1,ACTL6A,0.0,0.0,0.0,0.0,0.0,0.0,0.0
repeat_1_fold_1,ACTL6B,0.0,0.0,0.0,0.0,0.0,0.0,0.0
repeat_1_fold_1,ACTN2,0.0,0.0,0.0,0.0,0.0,0.0,0.0
repeat_1_fold_1,ACTN3,0.0,0.0,0.0,0.0,0.0,0.0,0.0
repeat_1_fold_1,ACTN4,0.0,0.0,0.0,0.0,0.0,0.0,0.0
repeat_1_fold_1,ACTR10,0.0,0.0,0.0,0.0,0.0,0.0,0.0
repeat_1_fold_1,ACTR2,-0.017540923937069408,0.04743220455877958,0.02371610227938979,-0.0412570262164592,0.25,0.00018024652576667521,1.0
repeat_1_fold_1,ACTR3,0.0,0.0,0.0,0.0,0.0,1.5854895991901374e-05,0.5
repeat_1_fold_1,ACVR1B,0.0,0.0,0.0,0.0,0.0,-7.797149362193112e-05,0.5
repeat_1_fold_1,ACVR2B,0.0,0.0,0.0,0.0,0.0,-0.00029967944024075766,1.0
repeat_1_fold_1,ADA,0.0,0.0,0.0,0.0,0.0,-1.5333701456871074e-05,1.0
repeat_1_fold_1,ADAM15,0.0,0.0,0.0,0.0,0.0,0.0,0.0
repeat_1_fold_1,ADAMTS5,0.0,0.0,0.0,0.0,0.0,0.00016647640791478402,0.5
repeat_1_fold_1,ADCY9,-0.0891558778985484,0.11374691519886737,0.056873457599433686,-0.14602933549798208,0.0,-0.00012475438979506204,0.5
repeat_1_fold_1,ADCYAP1,0.0,0.0,0.0,0.0,0.0,0.0,0.0
repeat_1_fold_1,ADGRF5,-0.2220486143522411,0.26619465983424107,0.13309732991712053,-0.35514594426936164,0.0,0.000720225079926945,1.0
repeat_1_fold_1,ADH1C,0.020584652635013967,0.024249493165074278,0.012124746582537139,0.008459906052476828,0.5,0.0004519740657397131,1.0
repeat_1_fold_1,ADH5,0.0,0.0,0.0,0.0,0.0,-0.0002612045036334554,0.5
repeat_1_fold_1,ADI1,0.0,0.0,0.0,0.0,0.0,0.0,0.0
repeat_1_fold_1,ADRA1B,-0.09465948344100994,0.12344025344427105,0.061720126722135525,-0.15637961016314547,0.0,7.797149362193112e-05,0.5
repeat_1_fold_1,AGER,0.0,0.0,0.0,0.0,0.0,0.0,0.5
repeat_1_fold_1,AGK,-0.029766625815039305,0.05953325163007861,0.029766625815039305,-0.05953325163007861,0.0,-7.017434425973801e-05,0.5
repeat_1_fold_1,AGTR1,0.0,0.0,0.0,0.0,0.0,0.0001247543897950898,0.5
repeat_1_fold_1,AK4,-0.02962262626847334,0.05924525253694668,0.02962262626847334,-0.05924525253694668,0.0,-0.00016374013660605535,0.5
repeat_1_fold_1,AKR1C4,0.13364044435630973,0.15431469304747325,0.07715734652373663,0.056483097832573104,0.5,0.0004992989251105806,1.0
repeat_1_fold_1,AKR7A3,0.0,0.0,0.0,0.0,0.0,7.927447995964565e-06,0.5
repeat_1_fold_1,ALDH1A2,0.0,0.0,0.0,0.0,0.0,-0.00011695724043289668,0.5
repeat_1_fold_1,ALG9,0.0,0.0,0.0,0.0,0.0,0.0,0.0
repeat_1_fold_1,ALOX12,-0.0361226138709263,0.0565798450975673,0.02828992254878365,-0.06441253641970995,0.0,0.0,0.5
repeat_1_fold_1,ALPP,0.0,0.0,0.0,0.0,0.0,-4.678289617315867e-05,0.5
repeat_1_fold_1,AMPD3,0.0,0.0,0.0,0.0,0.0,0.0,0.0
repeat_1_fold_1,ANKFY1,0.0,0.0,0.0,0.0,0.0,0.00015569277430774187,1.0
repeat_1_fold_1,ANKRD26,0.0,0.0,0.0,0.0,0.0,0.0,0.0
repeat_1_fold_1,ANKRD28,0.0,0.0,0.0,0.0,0.0,0.0,0.0
repeat_1_fold_1,ANOS1,0.0,0.0,0.0,0.0,0.0,-5.4580045535351784e-05,0.5
repeat_1_fold_1,ANPEP,0.016472205252075156,0.019020464272864718,0.009510232136432359,0.006961973115642797,0.5,0.0001426940639269736,0.5
repeat_1_fold_1,AP2A2,0.06758872562876661,0.07804473787190432,0.03902236893595216,0.028566356692814453,0.5,0.00024575088787417987,0.5
repeat_1_fold_1,AP4M1,0.0,0.0,0.0,0.0,0.0,0.0,0.0
repeat_1_fold_1,APCS,0.0,0.0,0.0,0.0,0.0,0.0,0.0
repeat_1_fold_1,APLP2,-0.05953325163007861,0.06874307770871922,0.03437153885435961,-0.09390479048443823,0.0,3.898574681110434e-06,0.5
repeat_1_fold_1,APOA2,0.030138950656391827,0.060277901312783655,0.030138950656391827,0.0,0.25,0.0001109842719431986,0.5
repeat_1_fold_1,AQP8,0.0,0.0,0.0,0.0,0.0,0.0,0.0
repeat_1_fold_1,AREG,-0.0891558778985484,0.11374691519886737,0.056873457599433686,-0.14602933549798208,0.0,0.00020272588341704867,0.5
repeat_1_fold_1,ARHGAP45,-0.12318265176641141,0.16644188307129462,0.08322094153564731,-0.2064035933020587,0.0,0.0002378130555469038,0.5
repeat_1_fold_1,ARHGAP5,0.0,0.0,0.0,0.0,0.0,0.0,0.0
repeat_1_fold_1,ARHGDIB,0.0,0.0,0.0,0.0,0.0,4.7173792074445275e-05,1.0
repeat_1_fold_1,ARL1,0.0,0.0,0.0,0.0,0.0,0.0002457508878742076,0.5
repeat_1_fold_1,ARL2BP,-0.1532343617286145,0.18365722531466963,0.09182861265733482,-0.24506297438594932,0.0,-0.0001664764079147285,0.5
repeat_1_fold_1,ARPC1A,0.0,0.0,0.0,0.0,0.0,-6.341958396752223e-05,0.5
repeat_1_fold_1,ART4,0.0,0.0,0.0,0.0,0.0,-3.170979198374724e-05,0.5
repeat_1_fold_1,ASF1A,0.0,0.0,0.0,0.0,0.0,0.0,0.0
repeat_1_fold_1,ASH2L,0.08410557132068774,0.11462393324338799,0.057311966621693994,0.02679360469899375,0.5,0.0005302061566291594,0.5
repeat_1_fold_1,ASPA,0.0,0.0,0.0,0.0,0.0,-1.9492873405468902e-05,0.5
repeat_1_fold_1,ATG5,0.0,0.0,0.0,0.0,0.0,0.0,0.0
repeat_1_fold_1,ATP13A1,-0.48979331949254146,0.8975036187873459,0.44875180939367293,-0.9385451288862143,0.0,-0.000994136543679608,0.5
repeat_1_fold_1,ATP1A1,0.0,0.0,0.0,0.0,0.0,7.017434425973801e-05,0.5
repeat_1_fold_1,ATP1B4,0.0,0.0,0.0,0.0,0.0,0.0,0.0
repeat_1_fold_1,ATP2A3,0.0,0.0,0.0,0.0,0.0,0.0,0.0
repeat_1_fold_1,ATP5F1A,-0.02962262626847334,0.05924525253694668,0.02962262626847334,-0.05924525253694668,0.0,0.0007941469315713434,1.0
repeat_1_fold_1,ATP5MC3,0.053487813007873086,0.10697562601574617,0.053487813007873086,0.0,0.25,8.266224443689851e-05,1.0
repeat_1_fold_1,ATP5ME,0.0,0.0,0.0,0.0,0.0,0.0001325515391572829,0.5
repeat_1_fold_1,ATP6V1A,0.0,0.0,0.0,0.0,0.0,0.00012475438979511755,0.5
repeat_1_fold_1,ATP6V1D,-0.09290850006748741,0.11653548067748302,0.05826774033874151,-0.15117624040622893,0.0,0.00010526151638962089,0.5
repeat_1_fold_1,ATP6V1H,0.0,0.0,0.0,0.0,0.0,0.0,0.0
repeat_1_fold_1,ATP7B,0.0,0.0,0.0,0.0,0.0,0.0,0.0
repeat_1_fold_1,ATP9A,0.01112301133341731,0.09061307612114498,0.04530653806057249,-0.03418352672715518,0.25,0.00022196854388636944,0.5
repeat_1_fold_1,AURKB,0.0,0.0,0.0,0.0,0.0,1.5594298724386224e-05,0.5
repeat_1_fold_1,AVEN,0.0,0.0,0.0,0.0,0.0,7.13470319634868e-05,0.5
repeat_1_fold_1,B4GALT3,0.0,0.0,0.0,0.0,0.0,0.0,0.0
repeat_1_fold_1,B4GALT7,-0.02409793056373566,0.1522874304507931,0.07614371522539655,-0.10024164578913221,0.25,-0.00035921083385853647,1.0
repeat_1_fold_1,BBIP1,0.027869331780284057,0.055738663560568114,0.027869331780284057,0.0,0.25,2.3391448086607092e-05,0.5
repeat_1_fold_1,BBOX1,0.0,0.0,0.0,0.0,0.0,0.0,0.0
repeat_1_fold_1,BBS9,0.0,0.0,0.0,0.0,0.0,-4.301462012576418e-05,1.0
repeat_1_fold_1,BCKDK,-0.06124458021769996,0.0707191497501894,0.0353595748750947,-0.09660415509279466,0.0,-0.0006120762249321454,0.5
repeat_1_fold_1,BCL6,0.0,0.0,0.0,0.0,0.0,-0.0001902587519025667,0.5
repeat_1_fold_1,BLVRA,0.02341063775915231,0.04682127551830462,0.02341063775915231,0.0,0.25,0.00010916009107070357,0.5
repeat_1_fold_1,BMI1,0.015153060754151682,0.49216368088028756,0.24608184044014378,-0.2309287796859921,0.25,-0.00036466260781325976,0.5
repeat_1_fold_1,BMP2,0.0,0.0,0.0,0.0,0.0,0.0,0.0
repeat_1_fold_1,BRF1,0.08901507162007505,0.10278575112356829,0.051392875561784145,0.0376221960582909,0.5,-7.017434425973801e-05,0.5
repeat_1_fold_1,BSG,0.250573493310311,0.3040308312809017,0.15201541564045085,0.09855807766986013,0.5,0.0005400880841313072,1.0
repeat_1_fold_1,BST2,0.0,0.0,0.0,0.0,0.0,3.170979198380275e-05,0.5
repeat_1_fold_1,BTN3A2,0.0,0.0,0.0,0.0,0.0,0.0,0.0
repeat_1_fold_1,C1QB,0.0,0.0,0.0,0.0,0.0,0.0,0.0
repeat_1_fold_1,C2,-0.13049737999918776,0.15069423719235767,0.07534711859617883,-0.20584449859536658,0.0,-0.0002923931010822278,0.5
repeat_1_fold_1,C2CD5,-0.06303984060645007,0.07279213788761009,0.036396068943805045,-0.09943590955025511,0.0,-7.017434425973801e-05,0.5
repeat_1_fold_1,C5AR1,0.0,0.0,0.0,0.0,0.0,0.0,0.0
repeat_1_fold_1,C6,0.0,0.0,0.0,0.0,0.0,0.0,0.0
repeat_1_fold_1,C8A,0.0,0.0,0.0,0.0,0.0,0.0,0.0
repeat_1_fold_1,C9,-0.05924525253694668,0.06841052500082705,0.03420526250041352,-0.09345051503736021,0.0,-7.797149362193112e-06,0.5
repeat_1_fold_1,CABIN1,-0.035126231810933106,0.07025246362186621,0.035126231810933106,-0.07025246362186621,0.0,0.0004690224180980418,1.0
repeat_1_fold_1,CACNA1C,0.0,0.0,0.0,0.0,0.0,0.0,0.0
repeat_1_fold_1,CACNA1D,0.0,0.0,0.0,0.0,0.0,0.0,0.0
repeat_1_fold_1,CACNA1H,0.0,0.0,0.0,0.0,0.0,0.0,0.0
repeat_1_fold_1,CACNA2D3,0.0,0.0,0.0,0.0,0.0,-7.797149362193112e-06,0.5
repeat_1_fold_1,CALCB,0.026916721861297788,0.053833443722595575,0.026916721861297788,0.0,0.25,-0.0003170979198376389,0.5
repeat_1_fold_1,CALD1,0.0,0.0,0.0,0.0,0.0,0.0,0.0
repeat_1_fold_1,CALML5,0.0,0.0,0.0,0.0,0.0,4.756468797567637e-05,0.5
repeat_1_fold_1,CALU,0.0,0.0,0.0,0.0,0.0,-0.00017933443533044158,0.5
repeat_1_fold_1,CAMK1,0.0,0.0,0.0,0.0,0.0,-0.00022196854388634168,0.5
repeat_1_fold_1,CAPN3,0.0,0.0,0.0,0.0,0.0,0.0,0.0
repeat_1_fold_1,CAPZA2,-0.03683427861816568,0.07366855723633137,0.03683427861816568,-0.07366855723633137,0.0,-0.00021052303277918627,0.5
repeat_1_fold_1,CARD8,0.0,0.0,0.0,0.0,0.0,0.0003040888251255591,0.5
repeat_1_fold_1,CASP8,0.0,0.0,0.0,0.0,0.0,0.0,0.0
repeat_1_fold_1,CASP9,0.08961210084983584,0.2564521230879679,0.12822606154398394,-0.0386139606941481,0.25,0.00016647640791478402,0.5
repeat_1_fold_1,CBFA2T2,0.0,0.0,0.0,0.0,0.0,0.00013450601866352163,1.0
repeat_1_fold_1,CBX8,0.0,0.0,0.0,0.0,0.0,0.0,0.0
repeat_1_fold_1,CCDC59,-0.06394464738186123,0.08010345752837515,0.040051728764187576,-0.10399637614604881,0.0,1.559429872441398e-05,0.5
repeat_1_fold_1,CCKBR,0.0,0.0,0.0,0.0,0.0,0.0,0.0
repeat_1_fold_1,CCL27,-0.0438056960607085,0.05058246082537796,0.02529123041268898,-0.06909692647339748,0.0,-7.92744799593681e-06,0.5
repeat_1_fold_1,CCN2,0.0,0.0,0.0,0.0,0.0,0.0,0.0
repeat_1_fold_1,CCR5,0.0,0.0,0.0,0.0,0.0,0.0,0.0
repeat_1_fold_1,CCRL2,-0.0018972940347534717,0.003794588069506944,0.001897294034753472,-0.0037945880695069434,0.0,0.00030408882512553137,0.5
repeat_1_fold_1,CCS,-0.11115169299334404,0.31655815075344607,0.15827907537672303,-0.2694307683700671,0.25,0.0005152841197361979,0.5
repeat_1_fold_1,CCT7,0.0,0.0,0.0,0.0,0.0,-0.00014269406392691808,0.5
repeat_1_fold_1,CCZ1B,0.0,0.0,0.0,0.0,0.0,-0.0002061136478944403,0.5
repeat_1_fold_1,CD2,0.0,0.0,0.0,0.0,0.0,0.0,0.0
repeat_1_fold_1,CD247,0.0,0.0,0.0,0.0,0.0,0.0,0.0
repeat_1_fold_1,CD300A,0.11950290334507763,0.15894900953369018,0.07947450476684509,0.04002839857823254,0.5,0.0004994292237442965,0.5
repeat_1_fold_1,CD300C,0.0,0.0,0.0,0.0,0.0,-4.7564687975620856e-05,0.5
repeat_1_fold_1,CD33,0.0,0.0,0.0,0.0,0.0,-7.927447995939585e-05,0.5
repeat_1_fold_1,CD46,0.0,0.0,0.0,0.0,0.0,0.0,0.0
repeat_1_fold_1,CD81,0.08862590973006057,0.1781605865543972,0.0890802932771986,-0.000454383547138032,0.5,0.0009562451075953993,1.0
repeat_1_fold_1,CDC34,0.0,0.0,0.0,0.0,0.0,0.0,0.0
repeat_1_fold_1,CDC42EP1,0.08901507162007505,0.10278575112356829,0.051392875561784145,0.0376221960582909,0.5,-0.0002339144808657656,0.5
repeat_1_fold_1,CDC42EP4,-0.05133528675145271,0.10267057350290543,0.05133528675145271,-0.10267057350290543,0.0,0.00023782343987824306,0.5
repeat_1_fold_1,CDC5L,0.056335652302934136,0.11267130460586827,0.056335652302934136,0.0,0.25,0.00035724597002104175,1.0
repeat_1_fold_1,CEACAM7,0.0,0.0,0.0,0.0,0.0,0.0,0.0
repeat_1_fold_1,CENPX,0.0,0.0,0.0,0.0,0.0,0.0,0.0
repeat_1_fold_1,CEP164,0.01876260799821239,0.021665193556934696,0.010832596778467348,0.00793001121974504,0.5,0.00012085581511400711,0.5
repeat_1_fold_1,CERS2,0.0,0.0,0.0,0.0,0.0,-7.797149362193112e-06,0.5
repeat_1_fold_1,CERS4,-0.12077783184776791,0.13946222745889633,0.06973111372944817,-0.1905089455772161,0.0,0.00023391448086579336,0.5
repeat_1_fold_1,CETN1,-0.035126231810933106,0.07025246362186621,0.035126231810933106,-0.07025246362186621,0.0,0.00010136294170851046,0.5
repeat_1_fold_1,CFD,0.0,0.0,0.0,0.0,0.0,1.5854895991901374e-05,0.5
repeat_1_fold_1,CFHR5,-0.13149704383956262,0.151839707316823,0.0759198536584115,-0.20741689749797412,0.0,0.0004333932827705056,1.0
repeat_1_fold_1,CHML,0.0,0.0,0.0,0.0,0.0,-0.00013645011383836558,0.5
repeat_1_fold_1,CHPT1,0.0,0.0,0.0,0.0,0.0,-2.3391448086579336e-05,0.5
repeat_1_fold_1,CHRM5,0.23804025217011748,0.3547140299595889,0.17735701497979445,0.060683237190323036,0.5,-0.0007610350076103223,0.5
repeat_1_fold_1,CHRNA5,-0.029766625815039305,0.05953325163007861,0.029766625815039305,-0.05953325163007861,0.0,0.00030188413268317227,1.0
repeat_1_fold_1,CHST15,0.0,0.0,0.0,0.0,0.0,0.0,0.0
repeat_1_fold_1,CHST4,0.0,0.0,0.0,0.0,0.0,0.0,0.0
repeat_1_fold_1,CIAO2B,0.0,0.0,0.0,0.0,0.0,0.0,0.0
repeat_1_fold_1,CKS1B,0.0,0.0,0.0,0.0,0.0,0.0,0.0
repeat_1_fold_1,CLDN10,0.045685877598410585,0.06373558833826615,0.031867794169133074,0.013818083429277511,0.5,-8.720192795533266e-05,0.5
repeat_1_fold_1,CLDN17,0.0,0.0,0.0,0.0,0.0,-0.0001585489599187917,0.5
repeat_1_fold_1,CLDN6,0.0,0.0,0.0,0.0,0.0,0.0,0.0
repeat_1_fold_1,CLEC7A,0.030138950656391827,0.060277901312783655,0.030138950656391827,0.0,0.25,-0.00036466260781325976,0.5
repeat_1_fold_1,COL4A4,0.0,0.0,0.0,0.0,0.0,0.0003250253678336035,0.5
repeat_1_fold_1,COLGALT2,0.0,0.0,0.0,0.0,0.0,0.0,0.0
repeat_1_fold_1,COPE,0.0,0.0,0.0,0.0,0.0,0.0,0.0
repeat_1_fold_1,COPS8,-0.11592806285042556,0.16091356811215735,0.08045678405607867,-0.19638484690650423,0.0,-0.0001325515391572829,0.5
repeat_1_fold_1,CORT,0.10697562601574617,0.12352481295383957,0.06176240647691979,0.045213219538826385,0.5,-0.00010305682394720628,0.5
repeat_1_fold_1,COX11,-0.029766625815039305,0.05953325163007861,0.029766625815039305,-0.05953325163007861,0.0,5.055117222052541e-05,1.0
repeat_1_fold_1,COX6B1,0.0,0.0,0.0,0.0,0.0,0.0,0.0
repeat_1_fold_1,COX7C,0.0,0.0,0.0,0.0,0.0,0.00021052303277921403,0.5
repeat_1_fold_1,CPB1,0.0,0.0,0.0,0.0,0.0,0.0,0.0
repeat_1_fold_1,CPNE6,0.023720426571689046,0.04744085314337809,0.023720426571689046,0.0,0.25,0.0013255153915728568,0.5
repeat_1_fold_1,CPNE7,0.0,0.0,0.0,0.0,0.0,0.0,0.0
repeat_1_fold_1,CPS1,-0.01077983669693694,0.05534882898663546,0.02767441449331773,-0.03845425119025467,0.25,0.0015987489068365335,1.0
repeat_1_fold_1,CPSF7,-0.18337331238500454,0.21174126253535142,0.10587063126767571,-0.28924394365268025,0.0,0.0001394469824146094,1.0
repeat_1_fold_1,CRIPTO,0.0,0.0,0.0,0.0,0.0,5.4580045535351784e-05,0.5
repeat_1_fold_1,CRTC1,0.0,0.0,0.0,0.0,0.0,0.0,0.0
repeat_1_fold_1,CRYAB,-0.24055278521960055,0.29304067227193764,0.14652033613596882,-0.38707312135556937,0.0,0.00035997185699837564,1.0
repeat_1_fold_1,CSH1,0.0,0.0,0.0,0.0,0.0,0.0,0.0
repeat_1_fold_1,CSNK1D,0.02467173245314136,0.03249593115851816,0.01624796557925908,0.008423766873882278,0.5,-3.8985746810937805e-05,0.5
repeat_1_fold_1,CSNK2A1,0.018526954701568954,0.03705390940313791,0.018526954701568954,0.0,0.25,2.7755575615628914e-17,0.5
repeat_1_fold_1,CSPG4,-0.02190284803035425,0.0438056960607085,0.02190284803035425,-0.0438056960607085,0.0,8.720192795536041e-05,0.5
repeat_1_fold_1,CTC1,0.0,0.0,0.0,0.0,0.0,0.0,0.0
repeat_1_fold_1,CTNNB1,0.0,0.0,0.0,0.0,0.0,0.00014346547139812427,1.0
repeat_1_fold_1,CTSC,-0.08144748587650597,0.05480070178908805,0.027400350894544026,-0.10884783677104999,0.0,0.0003143720328603328,1.0
repeat_1_fold_1,CTSD,0.0,0.0,0.0,0.0,0.0,0.0,0.0
repeat_1_fold_1,CTSO,0.08362676366426491,0.10381890866424193,0.05190945433212096,0.03171730933214395,0.5,-0.00021404109589040488,0.5
repeat_1_fold_1,CUL7,-0.019350166730781382,0.022343647941761545,0.011171823970880772,-0.030521990701662154,0.0,0.00047916494286767697,1.0
repeat_1_fold_1,CXCL1,0.0,0.0,0.0,0.0,0.0,-1.585489599187362e-05,0.5
repeat_1_fold_1,CXCL10,0.0,0.0,0.0,0.0,0.0,7.13470319634868e-05,0.5
repeat_1_fold_1,CYB5R2,-0.03062229010884998,0.06124458021769997,0.030622290108849985,-0.06124458021769996,0.0,0.0001871315846926347,0.5
repeat_1_fold_1,CYBB,0.0,0.0,0.0,0.0,0.0,-1.4682208288152587e-05,1.0
repeat_1_fold_1,CYP11B1,-0.07025246362186621,0.08112055756663769,0.040560278783318846,-0.11081274240518506,0.0,-3.118859744877245e-05,0.5
repeat_1_fold_1,CYP1A1,-0.035126231810933106,0.07025246362186621,0.035126231810933106,-0.07025246362186621,0.0,3.898574681096556e-05,0.5
repeat_1_fold_1,CYP27A1,0.0,0.0,0.0,0.0,0.0,0.00020611364789449582,0.5
repeat_1_fold_1,CYP3A5,0.0,0.0,0.0,0.0,0.0,0.00026953323186201805,0.5
repeat_1_fold_1,CYP51A1,0.0,0.0,0.0,0.0,0.0,0.0,0.0
repeat_1_fold_1,CYTH4,-0.02190284803035425,0.0438056960607085,0.02190284803035425,-0.0438056960607085,0.0,-7.92744799593681e-05,0.5
repeat_1_fold_1,DAAM1,0.0,0.0,0.0,0.0,0.0,0.0,0.0
repeat_1_fold_1,DAO,0.0,0.0,0.0,0.0,0.0,5.549213597161318e-05,0.5
repeat_1_fold_1,DARS1,0.0,0.0,0.0,0.0,0.0,0.00018207070663917024,1.0
repeat_1_fold_1,DBI,0.0,0.0,0.0,0.0,0.0,0.00017153728596827622,0.5
repeat_1_fold_1,DDB1,0.0,0.0,0.0,0.0,0.0,0.0,0.0
repeat_1_fold_1,DDB2,0.02341063775915231,0.04682127551830462,0.02341063775915231,0.0,0.25,-0.00022611733150360025,0.5
repeat_1_fold_1,DDC,0.0,0.0,0.0,0.0,0.0,6.341958396754999e-05,0.5
repeat_1_fold_1,DDX42,0.0,0.0,0.0,0.0,0.0,0.00034697314661760736,0.5
repeat_1_fold_1,DEFB1,0.10073881256656492,0.11632316110629902,0.05816158055314951,0.04257723201341541,0.5,0.00020611364789446807,0.5
repeat_1_fold_1,DELE1,0.03815628690766815,0.06520162706275276,0.03260081353137638,0.005555473376291767,0.5,0.0007372526636225396,0.5
repeat_1_fold_1,DERL2,-0.63860273503645,0.8160944068712304,0.4080472034356152,-1.0466499384720653,0.0,0.0005224090072669663,0.5
repeat_1_fold_1,DET1,0.0,0.0,0.0,0.0,0.0,0.00037908421883398047,1.0
repeat_1_fold_1,DFFA,0.0,0.0,0.0,0.0,0.0,0.0,0.0
repeat_1_fold_1,DHRS3,0.04682127551830462,0.054064552048589606,0.027032276024294803,0.019788999494009814,0.5,3.508717212988288e-05,0.5
repeat_1_fold_1,DHRS4,0.02341063775915231,0.04682127551830462,0.02341063775915231,0.0,0.25,-9.356579234631734e-05,0.5
repeat_1_fold_1,DHRS7B,0.0,0.0,0.0,0.0,0.0,0.0,0.0
repeat_1_fold_1,DIO1,-0.031663919849792777,0.058378113798619215,0.029189056899309607,-0.06085297674910238,0.0,-0.0001442472632005587,0.5
repeat_1_fold_1,DLL3,0.0,0.0,0.0,0.0,0.0,0.0,0.0
repeat_1_fold_1,DMAC2,0.0,0.0,0.0,0.0,0.0,0.0,0.0
repeat_1_fold_1,DMD,0.0,0.0,0.0,0.0,0.0,7.927447995964565e-06,0.5
repeat_1_fold_1,DNAJC13,0.0,0.0,0.0,0.0,0.0,-3.170979198374724e-05,0.5
repeat_1_fold_1,DNAJC7,0.0,0.0,0.0,0.0,0.0,5.4580045535351784e-05,0.5
repeat_1_fold_1,DNMBP,-0.0017532944881892831,0.09390580047489062,0.04695290023744531,-0.048706194725634595,0.25,0.0004949990701968721,1.0
repeat_1_fold_1,DNMT3A,0.0,0.0,0.0,0.0,0.0,0.0,0.0
repeat_1_fold_1,DOK1,0.0,0.0,0.0,0.0,0.0,1.5594298724386224e-05,0.5
repeat_1_fold_1,DPAGT1,0.0,0.0,0.0,0.0,0.0,0.00010136294170851046,0.5
repeat_1_fold_1,DPPA4,0.044507535810037524,0.08901507162007505,0.044507535810037524,0.0,0.25,0.00022611733150360025,0.5
repeat_1_fold_1,DPYSL2,-0.02962262626847334,0.05924525253694668,0.02962262626847334,-0.05924525253694668,0.0,0.0001637401366060831,0.5
repeat_1_fold_1,DPYSL4,0.0,0.0,0.0,0.0,0.0,-3.963723997968405e-05,0.5
repeat_1_fold_1,DR1,-0.07025246362186621,0.08112055756663769,0.040560278783318846,-0.11081274240518506,0.0,-0.00011839052540410511,1.0
repeat_1_fold_1,DSN1,0.0,0.0,0.0,0.0,0.0,0.0,0.0
repeat_1_fold_1,DSP,-0.1064243729194061,0.18866501749633416,0.09433250874816708,-0.20075688166757316,0.25,0.0007516638903118655,1.0
repeat_1_fold_1,DSPP,-0.05527286875183357,0.11054573750366714,0.05527286875183357,-0.11054573750366714,0.0,0.0004915017757483597,0.5
repeat_1_fold_1,DUSP3,0.0,0.0,0.0,0.0,0.0,0.0,0.0
repeat_1_fold_1,DUSP4,0.0,0.0,0.0,0.0,0.0,0.0,0.0
repeat_1_fold_1,DUSP6,0.04682127551830462,0.054064552048589606,0.027032276024294803,0.019788999494009814,0.5,0.0007272404374866204,1.0
repeat_1_fold_1,DYNC1LI1,0.014859052563050312,0.029718105126100625,0.014859052563050312,0.0,0.25,-0.0005146118579047176,0.5
repeat_1_fold_1,DYNLRB1,-0.10333894769078711,0.018160616883341266,0.009080308441670633,-0.11241925613245773,0.0,0.00038753286136489207,1.0
repeat_1_fold_1,DYSF,0.0,0.0,0.0,0.0,0.0,0.0003859588934285729,0.5
repeat_1_fold_1,E2F2,-0.06124458021769996,0.0707191497501894,0.0353595748750947,-0.09660415509279466,0.0,0.00038336330508498273,1.0
repeat_1_fold_1,E2F6,0.060277901312783655,0.06960292509824267,0.03480146254912134,0.025476438763662318,0.5,9.512937595132498e-05,0.5
repeat_1_fold_1,EED,0.0,0.0,0.0,0.0,0.0,0.0,0.0
repeat_1_fold_1,EEF1G,0.06076097468735142,0.11564750357850383,0.05782375178925191,0.0029372228980995077,0.5,0.0002929246799485974,1.0
repeat_1_fold_1,EIF2AK2,-0.034416878178356924,0.0638745729959896,0.0319372864979948,-0.06635416467635172,0.0,0.0011840355526750446,1.0
repeat_1_fold_1,EIF3K,0.0,0.0,0.0,0.0,0.0,-0.00010136294170851046,0.5
repeat_1_fold_1,EIF3L,0.0,0.0,0.0,0.0,0.0,4.756468797564861e-05,0.5
repeat_1_fold_1,EIF4G3,0.0,0.0,0.0,0.0,0.0,0.0,0.0
repeat_1_fold_1,ELAC2,0.0,0.0,0.0,0.0,0.0,7.017434425973801e-05,0.5
repeat_1_fold_1,ELMO2,0.0,0.0,0.0,0.0,0.0,0.00016647640791478402,0.5
repeat_1_fold_1,ELN,0.0,0.0,0.0,0.0,0.0,0.0,0.0
repeat_1_fold_1,ENPP2,0.0,0.0,0.0,0.0,0.0,0.0,0.0
repeat_1_fold_1,EPHX1,-0.02190284803035425,0.0438056960607085,0.02190284803035425,-0.0438056960607085,0.0,0.00020611364789449582,0.5
repeat_1_fold_1,ERCC8,0.0,0.0,0.0,0.0,0.0,0.0,0.0
repeat_1_fold_1,ESRRA,0.0,0.0,0.0,0.0,0.0,0.0,0.0
repeat_1_fold_1,ETFA,0.0,0.0,0.0,0.0,0.0,0.0,0.0
repeat_1_fold_1,ETS2,-0.025060856364262918,0.1350810688037696,0.0675405344018848,-0.09260139076614772,0.25,5.4580045535351784e-05,0.5
repeat_1_fold_1,EXOSC7,0.0,0.0,0.0,0.0,0.0,0.00023001590618471068,0.5
repeat_1_fold_1,EXTL3,0.14475373518064316,0.16714721594549625,0.08357360797274813,0.061180127207895035,0.5,0.0005139603647360269,1.0
repeat_1_fold_1,EYA1,0.0,0.0,0.0,0.0,0.0,0.0,0.0
repeat_1_fold_1,F2R,0.060774335974826954,0.041682914771759505,0.020841457385879752,0.0399328785889472,0.75,-4.884690565043481e-05,1.0
repeat_1_fold_1,F2RL1,0.0,0.0,0.0,0.0,0.0,0.0,0.0
repeat_1_fold_1,F3,0.0,0.0,0.0,0.0,0.0,0.0,0.0
repeat_1_fold_1,F7,0.0,0.0,0.0,0.0,0.0,2.3391448086579336e-05,0.5
repeat_1_fold_1,F9,0.0,0.0,0.0,0.0,0.0,8.746252522287556e-05,1.0
repeat_1_fold_1,FABP5,0.0,0.0,0.0,0.0,0.0,0.0,0.0
repeat_1_fold_1,FAM32A,0.0,0.0,0.0,0.0,0.0,0.0001109842719431986,0.5
repeat_1_fold_1,FAM3C,-0.09101120603273394,0.11578798814129924,0.05789399407064962,-0.14890520010338357,0.0,-0.00020974124097666857,1.0
repeat_1_fold_1,FANCA,0.13389234787704396,0.16073240972309347,0.08036620486154673,0.05352614301549723,0.5,-0.00021404109589037712,0.5
repeat_1_fold_1,FANCF,0.0,0.0,0.0,0.0,0.0,0.0,0.0
repeat_1_fold_1,FANCL,0.0,0.0,0.0,0.0,0.0,-7.797149362193112e-06,0.5
repeat_1_fold_1,FASLG,0.0,0.0,0.0,0.0,0.0,-2.3782343987810428e-05,0.5
repeat_1_fold_1,FBP2,0.0,0.0,0.0,0.0,0.0,0.0008561643835616473,0.5
repeat_1_fold_1,FBXW12,0.0,0.0,0.0,0.0,0.0,0.00036646602002307627,0.5
repeat_1_fold_1,FBXW4,-0.02962262626847334,0.05924525253694668,0.02962262626847334,-0.05924525253694668,0.0,-0.00010916009107070357,0.5
repeat_1_fold_1,FEM1B,0.0,0.0,0.0,0.0,0.0,0.0,0.0
repeat_1_fold_1,FGF13,0.030138950656391827,0.060277901312783655,0.030138950656391827,0.0,0.25,0.0003884449518011257,0.5
repeat_1_fold_1,FGF23,0.0,0.0,0.0,0.0,0.0,0.0,0.0
repeat_1_fold_1,FGF5,0.0,0.0,0.0,0.0,0.0,0.0,0.0
repeat_1_fold_1,FIP1L1,-0.009485908462512072,0.02436202311785415,0.012181011558927075,-0.02166692002143915,0.25,0.0008810778779278217,0.5
repeat_1_fold_1,FKBP9,0.0,0.0,0.0,0.0,0.0,2.7755575615628914e-17,0.5
repeat_1_fold_1,FKRP,0.0,0.0,0.0,0.0,0.0,0.00021052303277921403,0.5
repeat_1_fold_1,FLT3,0.0,0.0,0.0,0.0,0.0,0.0,0.0
repeat_1_fold_1,FMO2,0.21832771288275232,0.11101698153264433,0.055508490766322166,0.16281922211643016,1.0,0.0009545304566939694,1.0
repeat_1_fold_1,FMO3,0.0,0.0,0.0,0.0,0.0,-0.0001949287340548278,0.5
repeat_1_fold_1,FMOD,-0.035126231810933106,0.07025246362186621,0.035126231810933106,-0.07025246362186621,0.0,-3.898574681096556e-05,0.5
repeat_1_fold_1,FOXF1,0.0,0.0,0.0,0.0,0.0,0.00030124302384579305,0.5
repeat_1_fold_1,FOXL2,0.0,0.0,0.0,0.0,0.0,2.378234398786594e-05,0.5
repeat_1_fold_1,FOXO4,0.0,0.0,0.0,0.0,0.0,0.00019025875190259445,0.5
repeat_1_fold_1,FSCN1,-0.057892293378118964,0.11578458675623793,0.057892293378118964,-0.11578458675623793,0.0,-0.00037259005580922433,0.5
repeat_1_fold_1,FSHR,0.0,0.0,0.0,0.0,0.0,0.0,0.0
repeat_1_fold_1,FXR1,-0.02057223780961337,0.06324768082412924,0.03162384041206462,-0.05219607822167799,0.25,-0.002046751707575706,0.5
repeat_1_fold_1,FYN,0.0,0.0,0.0,0.0,0.0,0.0,0.0
repeat_1_fold_1,G3BP2,0.0,0.0,0.0,0.0,0.0,2.3782343987838184e-05,0.5
repeat_1_fold_1,G6PC3,0.0,0.0,0.0,0.0,0.0,9.746436702742778e-05,0.5
repeat_1_fold_1,GABARAP,0.038375053282429405,0.05694575451674318,0.02847287725837159,0.009902176024057817,0.5,-0.0002822713449752434,1.0
repeat_1_fold_1,GABPA,0.0,0.0,0.0,0.0,0.0,0.0,0.0
repeat_1_fold_1,GABRA1,0.0,0.0,0.0,0.0,0.0,7.927447995964565e-06,0.5
repeat_1_fold_1,GABRB3,-0.08986754264579133,0.11519041930191715,0.05759520965095857,-0.1474627522967499,0.0,-2.9625013843764814e-05,1.0
repeat_1_fold_1,GADD45GIP1,0.0,0.0,0.0,0.0,0.0,-0.0004994292237442688,0.5
repeat_1_fold_1,GAL,0.0,0.0,0.0,0.0,0.0,0.0,0.0
repeat_1_fold_1,GALNS,0.0,0.0,0.0,0.0,0.0,-0.0005628488077118188,0.5
repeat_1_fold_1,GALNT4,0.0,0.0,0.0,0.0,0.0,-3.170979198371948e-05,0.5
repeat_1_fold_1,GALR1,0.06758872562876661,0.07804473787190432,0.03902236893595216,0.028566356692814453,0.5,0.0004677194317605493,0.5
repeat_1_fold_1,GANAB,0.0,0.0,0.0,0.0,0.0,6.341958396754999e-05,0.5
repeat_1_fold_1,GAPVD1,0.0,0.0,0.0,0.0,0.0,-0.00014814583788166913,0.5
repeat_1_fold_1,GAS6,0.027869331780284057,0.055738663560568114,0.027869331780284057,0.0,0.25,0.0001894769601001045,1.0
repeat_1_fold_1,GCA,0.0,0.0,0.0,0.0,0.0,-0.00019882730873591048,0.5
repeat_1_fold_1,GCC1,0.0,0.0,0.0,0.0,0.0,0.0,0.0
repeat_1_fold_1,GCK,0.0,0.0,0.0,0.0,0.0,0.00012683916793507222,0.5
repeat_1_fold_1,GCLC,0.0,0.0,0.0,0.0,0.0,0.0,0.0
repeat_1_fold_1,GEMIN8,-0.013178999843784567,0.03886996339187127,0.019434981695935636,-0.0326139815397202,0.25,-0.0002612148879647669,1.0
repeat_1_fold_1,GFAP,0.0,0.0,0.0,0.0,0.0,0.0,0.0
repeat_1_fold_1,GFI1,-0.0891558778985484,0.11374691519886737,0.056873457599433686,-0.14602933549798208,0.0,-1.559429872435847e-05,0.5
repeat_1_fold_1,GFPT1,0.0,0.0,0.0,0.0,0.0,0.0,0.0
repeat_1_fold_1,GFRA3,-0.05924525253694668,0.06841052500082705,0.03420526250041352,-0.09345051503736021,0.0,0.0006549605464242492,0.5
repeat_1_fold_1,GGT1,0.0,0.0,0.0,0.0,0.0,0.0,0.0
repeat_1_fold_1,GH2,-0.029766625815039305,0.05953325163007861,0.029766625815039305,-0.05953325163007861,0.0,7.407291894084844e-05,0.5
repeat_1_fold_1,GINS2,0.08113519598501107,0.10275132230047969,0.051375661150239844,0.02975953483477122,0.5,0.00021404109589043263,0.5
repeat_1_fold_1,GJA3,0.024055374286774622,0.13822781835635853,0.06911390917817926,-0.04505853489140464,0.25,3.96372399797118e-05,0.5
repeat_1_fold_1,GJA9,-0.06409237760273534,0.09231793457273414,0.04615896728636707,-0.1102513448891024,0.0,0.0005307481198268404,1.0
repeat_1_fold_1,GLI1,0.0,0.0,0.0,0.0,0.0,0.00017933443533044158,0.5
repeat_1_fold_1,GNA12,0.027869331780284057,0.055738663560568114,0.027869331780284057,0.0,0.25,0.00022729001920734904,1.0
repeat_1_fold_1,GNAT2,0.0,0.0,0.0,0.0,0.0,-3.5087172129855126e-05,0.5
repeat_1_fold_1,GNG3,0.0,0.0,0.0,0.0,0.0,0.00012865296447620023,0.5
repeat_1_fold_1,GNG4,0.006774180726186074,0.40487258989962616,0.20243629494981308,-0.195662114223627,0.25,-0.00019221323140880542,1.0
repeat_1_fold_1,GOLGA3,0.0,0.0,0.0,0.0,0.0,0.0,0.0
repeat_1_fold_1,GORASP2,0.0,0.0,0.0,0.0,0.0,-7.134703196345904e-05,0.5
repeat_1_fold_1,GOSR2,-0.029766625815039305,0.05953325163007861,0.029766625815039305,-0.05953325163007861,0.0,0.00011124486921068599,1.0
repeat_1_fold_1,GP5,0.22287823257180328,0.3596862533557544,0.1798431266778772,0.04303510589392609,0.5,9.512937595129722e-05,0.5
repeat_1_fold_1,GPATCH1,0.0,0.0,0.0,0.0,0.0,0.0,0.0
repeat_1_fold_1,GPI,-0.05953325163007861,0.06874307770871922,0.03437153885435961,-0.09390479048443823,0.0,9.188229443898854e-05,1.0
repeat_1_fold_1,GPR18,0.044507535810037524,0.08901507162007505,0.044507535810037524,0.0,0.25,0.00044172201099901276,1.0
repeat_1_fold_1,GPR27,0.0,0.0,0.0,0.0,0.0,0.00021052303277921403,0.5
repeat_1_fold_1,GPR35,0.0,0.0,0.0,0.0,0.0,-1.5854895991845863e-05,0.5
repeat_1_fold_1,GPR37,-0.07025246362186621,0.08112055756663769,0.040560278783318846,-0.11081274240518506,0.0,-0.00029629167576333826,0.5
repeat_1_fold_1,GREM2,0.0,0.0,0.0,0.0,0.0,-0.00011098427194317084,0.5
repeat_1_fold_1,GRIN2A,0.0,0.0,0.0,0.0,0.0,-0.0003170979198376389,0.5
repeat_1_fold_1,GSDMD,0.030138950656391827,0.060277901312783655,0.030138950656391827,0.0,0.25,0.0005287936403206295,1.0
repeat_1_fold_1,GSTK1,-0.035126231810933106,0.07025246362186621,0.035126231810933106,-0.07025246362186621,0.0,0.00011760873360167068,1.0
repeat_1_fold_1,GTF2H1,0.0,0.0,0.0,0.0,0.0,-2.3782343987810428e-05,0.5
repeat_1_fold_1,GTF3C1,0.0,0.0,0.0,0.0,0.0,0.0,0.0
repeat_1_fold_1,GYPC,0.0,0.0,0.0,0.0,0.0,0.0,0.0
repeat_1_fold_1,GZMH,-0.02584043003073333,0.05168086006146666,0.02584043003073333,-0.05168086006146666,0.0,-0.00041222729578893613,0.5
repeat_1_fold_1,H2AC16,-0.05953325163007861,0.06874307770871922,0.03437153885435961,-0.09390479048443823,0.0,1.5594298724386224e-05,0.5
repeat_1_fold_1,H2AJ,0.0,0.0,0.0,0.0,0.0,0.00014424726320058645,0.5
repeat_1_fold_1,H2AX,0.0,0.0,0.0,0.0,0.0,0.0,0.0
repeat_1_fold_1,H2BC12,-0.0361226138709263,0.0565798450975673,0.02828992254878365,-0.06441253641970995,0.0,-0.00029629167576333826,0.5
repeat_1_fold_1,H2BC15,-0.02190284803035425,0.0438056960607085,0.02190284803035425,-0.0438056960607085,0.0,7.927447995964565e-06,0.5
repeat_1_fold_1,H2BC21,0.0,0.0,0.0,0.0,0.0,-0.0001520444125627518,0.5
repeat_1_fold_1,H2BC7,0.0,0.0,0.0,0.0,0.0,-7.92744799593681e-06,0.5
repeat_1_fold_1,H3C3,0.0,0.0,0.0,0.0,0.0,1.5854895991901374e-05,0.5
repeat_1_fold_1,H4C12,0.0,0.0,0.0,0.0,0.0,0.0,0.0
repeat_1_fold_1,H4C3,0.0,0.0,0.0,0.0,0.0,0.0,0.0
repeat_1_fold_1,H4C5,0.0,0.0,0.0,0.0,0.0,0.0,0.0
repeat_1_fold_1,HARS1,0.0,0.0,0.0,0.0,0.0,0.0,0.0
repeat_1_fold_1,HCAR3,0.0,0.0,0.0,0.0,0.0,0.0,0.0
repeat_1_fold_1,HDAC5,0.0,0.0,0.0,0.0,0.0,2.3391448086579336e-05,0.5
repeat_1_fold_1,HERC5,-0.18337331238500454,0.21174126253535142,0.10587063126767571,-0.28924394365268025,0.0,0.00029331557584985624,0.5
repeat_1_fold_1,HERPUD1,0.0,0.0,0.0,0.0,0.0,5.4580045535351784e-05,0.5
repeat_1_fold_1,HEYL,0.04682127551830462,0.054064552048589606,0.027032276024294803,0.019788999494009814,0.5,-1.5594298724386224e-05,1.0
repeat_1_fold_1,HHAT,0.0,0.0,0.0,0.0,0.0,2.7755575615628914e-17,0.5
repeat_1_fold_1,HJURP,-0.09609113656274815,0.11552298753620505,0.05776149376810252,-0.15385263033085067,0.0,0.00023418546246467553,1.0
repeat_1_fold_1,HLA-DOB,-0.02962262626847334,0.05924525253694668,0.02962262626847334,-0.05924525253694668,0.0,9.005811356652127e-05,1.0
repeat_1_fold_1,HLA-DRB4,0.0,0.0,0.0,0.0,0.0,0.0,1.0
repeat_1_fold_1,HMBS,-0.02190284803035425,0.0438056960607085,0.02190284803035425,-0.0438056960607085,0.0,0.00026160578386608124,0.5
repeat_1_fold_1,HMGCS1,0.0,0.0,0.0,0.0,0.0,0.0,0.0
repeat_1_fold_1,HNRNPA0,0.0,0.0,0.0,0.0,0.0,3.5478068031169485e-05,1.0
repeat_1_fold_1,HNRNPDL,0.0,0.0,0.0,0.0,0.0,0.0,0.0
repeat_1_fold_1,HOMER1,0.02920657740708421,0.04432575388243822,0.02216287694121911,0.0070437004658651,0.5,-0.0001520444125627518,0.5
repeat_1_fold_1,HOXA1,0.0,0.0,0.0,0.0,0.0,0.0,0.0
repeat_1_fold_1,HOXA3,-0.23499277797039397,0.007249429769151893,0.0036247148845759466,-0.23861749285496991,0.0,-0.0008986785778151152,1.0
repeat_1_fold_1,HOXA4,0.0,0.0,0.0,0.0,0.0,0.0004915017757483875,0.5
repeat_1_fold_1,HPN,-0.029766625815039305,0.05953325163007861,0.029766625815039305,-0.05953325163007861,0.0,8.875512722900103e-05,1.0
repeat_1_fold_1,HS3ST1,0.0,0.0,0.0,0.0,0.0,-1.585489599187362e-05,0.5
repeat_1_fold_1,HSD11B2,-0.05953325163007861,0.06874307770871922,0.03437153885435961,-0.09390479048443823,0.0,5.0681470854269106e-05,0.5
repeat_1_fold_1,HSD17B11,-0.12681288800343538,0.17312681970631913,0.08656340985315956,-0.21337629785659495,0.0,0.00031735851710515406,1.0
repeat_1_fold_1,HSD17B6,-0.006966674197848022,0.013933348395696044,0.006966674197848022,-0.013933348395696044,0.0,0.0011155343219913239,1.0
repeat_1_fold_1,HTN1,0.033794362814383305,0.06758872562876661,0.033794362814383305,0.0,0.25,0.0001961014217585766,1.0
repeat_1_fold_1,HTR2B,0.0,0.0,0.0,0.0,0.0,0.0,0.0
repeat_1_fold_1,ID1,0.0,0.0,0.0,0.0,0.0,0.0,0.0
repeat_1_fold_1,IDH2,-0.029766625815039305,0.05953325163007861,0.029766625815039305,-0.05953325163007861,0.0,-6.23771948975449e-05,0.5
repeat_1_fold_1,IDH3A,0.08901507162007505,0.10278575112356829,0.051392875561784145,0.0376221960582909,0.5,7.017434425973801e-05,0.5
repeat_1_fold_1,IDUA,0.0,0.0,0.0,0.0,0.0,0.0,0.0
repeat_1_fold_1,IFI30,0.0,0.0,0.0,0.0,0.0,0.0001512730050916289,1.0
repeat_1_fold_1,IFITM1,0.055738663560568114,0.06436146482192798,0.03218073241096399,0.023557931149604125,0.5,4.678289617318643e-05,0.5
repeat_1_fold_1,IFNA10,-0.0895565144582573,0.13593863257557928,0.06796931628778964,-0.15752583074604692,0.0,3.508717212988288e-05,0.5
repeat_1_fold_1,IFT20,-0.02409793056373566,0.1522874304507931,0.07614371522539655,-0.10024164578913221,0.25,0.0006072863284775354,1.0
repeat_1_fold_1,IFT27,0.0,0.0,0.0,0.0,0.0,0.0,0.0
repeat_1_fold_1,IFT52,0.1769897852184883,0.2123339024173793,0.10616695120868964,0.07082283400979865,0.5,0.0004128787889576824,1.0
repeat_1_fold_1,IK,0.09076100208731042,0.11142392497385908,0.05571196248692954,0.035049039600380874,0.5,-0.0002298959918822785,0.5
repeat_1_fold_1,IKBKE,0.0,0.0,0.0,0.0,0.0,0.0,0.0
repeat_1_fold_1,IL10,0.1255025807173169,0.14804230867214843,0.07402115433607422,0.05148142638124269,0.5,-0.00030943106910916174,1.0
repeat_1_fold_1,IL18,-0.03420621603394913,0.04392134864547803,0.021960674322739016,-0.05616689035668815,0.0,0.001805040077347747,0.5
repeat_1_fold_1,IL18RAP,0.0,0.0,0.0,0.0,0.0,0.0,0.0
repeat_1_fold_1,IL5RA,0.0,0.0,0.0,0.0,0.0,0.0,0.0
repeat_1_fold_1,IL6ST,0.06758872562876661,0.07804473787190432,0.03902236893595216,0.028566356692814453,0.5,-0.00012683916793504446,0.5
repeat_1_fold_1,IL7R,-0.042334602380245556,0.06877226701490047,0.034386133507450234,-0.07672073588769579,0.0,0.0003898574681096556,0.5
repeat_1_fold_1,IL9,-0.26054136972808273,0.6528428603975315,0.32642143019876574,-0.5869627999268485,0.25,0.0006237719489754767,0.5
repeat_1_fold_1,INHA,0.0166422478212489,0.12511269987826207,0.06255634993913103,-0.04591410211788213,0.25,0.0009830035514967472,0.5
repeat_1_fold_1,INHBB,0.030138950656391827,0.060277901312783655,0.030138950656391827,0.0,0.25,-3.170979198371948e-05,0.5
repeat_1_fold_1,INPP4B,0.0,0.0,0.0,0.0,0.0,4.2884321492075994e-05,0.5
repeat_1_fold_1,INPP5F,-0.05953325163007861,0.06874307770871922,0.03437153885435961,-0.09390479048443823,0.0,-7.797149362193112e-06,0.5
repeat_1_fold_1,INTS1,0.0,0.0,0.0,0.0,0.0,0.0,0.0
repeat_1_fold_1,ISCU,0.0,0.0,0.0,0.0,0.0,0.0,0.0
repeat_1_fold_1,ITFG2,-0.02190284803035425,0.0438056960607085,0.02190284803035425,-0.0438056960607085,0.0,3.066740291379766e-05,1.0
repeat_1_fold_1,ITGAL,0.06758872562876661,0.07804473787190432,0.03902236893595216,0.028566356692814453,0.5,3.963723997973956e-05,0.5
repeat_1_fold_1,ITGAM,0.0,0.0,0.0,0.0,0.0,0.0,0.0
repeat_1_fold_1,ITGAV,0.0,0.0,0.0,0.0,0.0,0.00016036275645997522,1.0
repeat_1_fold_1,ITPK1,0.0,0.0,0.0,0.0,0.0,0.0,0.0
repeat_1_fold_1,ITPR3,0.0,0.0,0.0,0.0,0.0,0.0,0.0
repeat_1_fold_1,KANK1,0.07711802953810931,0.17331242435605518,0.08665621217802759,-0.009538182639918277,0.25,0.0017629998536462244,1.0
repeat_1_fold_1,KANSL3,0.0,0.0,0.0,0.0,0.0,0.0,0.0
repeat_1_fold_1,KAT6A,0.0,0.0,0.0,0.0,0.0,0.0001823313039066854,0.5
repeat_1_fold_1,KCNA3,-0.059389252083512645,0.0685772045194595,0.03428860225972975,-0.0936778543432424,0.0,0.0006393662476998629,0.5
repeat_1_fold_1,KCNA5,0.0,0.0,0.0,0.0,0.0,0.0,0.0
repeat_1_fold_1,KCNC2,0.0,0.0,0.0,0.0,0.0,-4.847677841185449e-05,1.0
repeat_1_fold_1,KCNF1,-0.09101120603273394,0.11578798814129924,0.05789399407064962,-0.14890520010338357,0.0,0.00017153728596824847,0.5
repeat_1_fold_1,KCNJ14,0.030138950656391827,0.060277901312783655,0.030138950656391827,0.0,0.25,-0.00015062151192288264,0.5
repeat_1_fold_1,KCNJ5,-0.02962262626847334,0.05924525253694668,0.02962262626847334,-0.05924525253694668,0.0,0.00030408882512553137,0.5
repeat_1_fold_1,KCNN1,0.0,0.0,0.0,0.0,0.0,0.0,0.0
repeat_1_fold_1,KDM1A,0.0,0.0,0.0,0.0,0.0,0.00022963539461481886,1.0
repeat_1_fold_1,KDR,0.04682127551830462,0.054064552048589606,0.027032276024294803,0.019788999494009814,0.5,0.00017153728596827622,0.5
repeat_1_fold_1,KHDRBS1,0.003098428478189419,0.09344220664003076,0.04672110332001538,-0.04362267484182596,0.25,0.0005866311516996847,0.5
repeat_1_fold_1,KIF13B,0.0,0.0,0.0,0.0,0.0,0.0,0.0
repeat_1_fold_1,KIF2C,-0.04254780600673236,0.27698343980406603,0.13849171990203302,-0.18103952590876538,0.25,-0.00011891171993910765,0.5
repeat_1_fold_1,KIF3B,0.0,0.0,0.0,0.0,0.0,0.0,0.0
repeat_1_fold_1,KIFAP3,0.0,0.0,0.0,0.0,0.0,0.0,0.0
repeat_1_fold_1,KIN,-0.001331868996549801,0.11255736671901048,0.05627868335950524,-0.05761055235605504,0.25,0.0004328824725668423,1.0
repeat_1_fold_1,KIR2DL4,0.0,0.0,0.0,0.0,0.0,0.0,0.0
repeat_1_fold_1,KLF9,0.0,0.0,0.0,0.0,0.0,0.0,0.0
repeat_1_fold_1,KLRF1,0.0,0.0,0.0,0.0,0.0,0.0,0.0
repeat_1_fold_1,KMT2D,0.0,0.0,0.0,0.0,0.0,0.0,0.0
repeat_1_fold_1,KPNA2,0.07463171990231388,0.08617728715137134,0.04308864357568567,0.03154307632662821,0.5,0.0006315690983376698,0.5
repeat_1_fold_1,KPNA3,0.0,0.0,0.0,0.0,0.0,-0.0004994292237442688,0.5
repeat_1_fold_1,KRBOX4,0.09407226412716696,0.12183983362908213,0.060919916814541064,0.033152347312625896,0.5,0.0008085996955859986,0.5
repeat_1_fold_1,KRT32,0.0,0.0,0.0,0.0,0.0,-0.00012683916793504446,0.5
repeat_1_fold_1,KRT36,0.01189151478402728,0.02378302956805456,0.01189151478402728,0.0,0.25,0.00028538812785389167,0.5
repeat_1_fold_1,KRTAP4-7,-0.02190284803035425,0.0438056960607085,0.02190284803035425,-0.0438056960607085,0.0,0.0002853881278539194,0.5
repeat_1_fold_1,KYNU,0.04774158529484396,0.08441050189967803,0.04220525094983901,0.005536334345004945,0.5,-0.00011098427194317084,0.5
repeat_1_fold_1,LAMC2,-0.15993919465506856,0.2311128436263634,0.1155564218131817,-0.27549561646825027,0.0,0.0011614362807222944,1.0
repeat_1_fold_1,LARP1,0.0,0.0,0.0,0.0,0.0,9.356579234631734e-05,0.5
repeat_1_fold_1,LATS1,0.0,0.0,0.0,0.0,0.0,0.00017114639006704513,1.0
repeat_1_fold_1,LDLRAP1,0.6228540531901636,0.6263406575666083,0.31317032878330414,0.3096837244068595,0.75,0.003368232539176119,1.0
repeat_1_fold_1,LGMN,0.0,0.0,0.0,0.0,0.0,0.0,0.0
repeat_1_fold_1,LILRA1,0.0,0.0,0.0,0.0,0.0,0.0,0.0
repeat_1_fold_1,LIMS2,0.02611603729209655,0.057003477998279616,0.028501738999139808,-0.0023857017070432578,0.25,-0.0002690016529956485,0.5
repeat_1_fold_1,LMAN1,0.0,0.0,0.0,0.0,0.0,0.0001621869373324425,1.0
repeat_1_fold_1,LMF2,0.033794362814383305,0.06758872562876661,0.033794362814383305,0.0,0.25,6.341958396754999e-05,0.5
repeat_1_fold_1,LMNB1,0.0,0.0,0.0,0.0,0.0,-7.92744799593681e-06,0.5
repeat_1_fold_1,LPAR1,-0.035126231810933106,0.07025246362186621,0.035126231810933106,-0.07025246362186621,0.0,0.00027316082494430183,1.0
repeat_1_fold_1,LPCAT4,0.0,0.0,0.0,0.0,0.0,0.0,0.0
repeat_1_fold_1,LPGAT1,0.0,0.0,0.0,0.0,0.0,0.0001585489599188472,0.5
repeat_1_fold_1,LRIG1,0.0,0.0,0.0,0.0,0.0,0.0,0.0
repeat_1_fold_1,LRP8,0.0,0.0,0.0,0.0,0.0,0.0001680399915197639,1.0
repeat_1_fold_1,LRPPRC,0.0,0.0,0.0,0.0,0.0,-7.92744799593681e-06,0.5
repeat_1_fold_1,LRRC1,0.0,0.0,0.0,0.0,0.0,4.756468797567637e-05,0.5
repeat_1_fold_1,LRRC14,0.49529175051567265,0.9454687965357712,0.4727343982678856,0.022557352247787044,0.5,0.0030898909218759485,1.0
repeat_1_fold_1,LRRC8E,-0.07025246362186621,0.08112055756663769,0.040560278783318846,-0.11081274240518506,0.0,0.00014814583788166913,0.5
repeat_1_fold_1,LSM2,0.0,0.0,0.0,0.0,0.0,0.0,0.0
repeat_1_fold_1,LTB4R,-0.05953325163007861,0.06874307770871922,0.03437153885435961,-0.09390479048443823,0.0,-0.0003196831238499176,0.5
repeat_1_fold_1,LYPD1,-0.05168086006146666,0.05967591693687831,0.029837958468439153,-0.0815188185299058,0.0,0.00039637239979709027,0.5
repeat_1_fold_1,LYRM2,0.0,0.0,0.0,0.0,0.0,0.0,0.0
repeat_1_fold_1,MAD1L1,0.0,0.0,0.0,0.0,0.0,0.0,0.0
repeat_1_fold_1,MAGED1,-0.3185707403346534,0.43823102155849764,0.21911551077924882,-0.5376862511139022,0.0,0.0008849764526089321,0.5
repeat_1_fold_1,MAN1C1,0.23343625435791893,0.46196361228414795,0.23098180614207398,0.002454448215844951,0.5,0.0009865008459452318,1.0
repeat_1_fold_1,MAPK9,-0.09551354554813507,0.43257815808624106,0.21628907904312053,-0.31180262459125563,0.25,-0.00030124302384573753,0.5
repeat_1_fold_1,MAPKAP1,0.0,0.0,0.0,0.0,0.0,0.0,0.0
repeat_1_fold_1,MARCKS,0.0,0.0,0.0,0.0,0.0,0.0,0.0
repeat_1_fold_1,MAT2A,0.0,0.0,0.0,0.0,0.0,2.7755575615628914e-17,0.5
repeat_1_fold_1,MAVS,0.0,0.0,0.0,0.0,0.0,0.0,0.0
repeat_1_fold_1,MC2R,0.01836158119693998,0.14625113352199182,0.07312556676099591,-0.05476398556405593,0.25,0.00025613324124865167,1.0
repeat_1_fold_1,MCFD2,0.0,0.0,0.0,0.0,0.0,0.00026953323186201805,0.5
repeat_1_fold_1,MCPH1,-0.03892081988044005,0.07287006283000333,0.036435031415001665,-0.07535585129544171,0.0,-5.847862021643446e-05,0.5
repeat_1_fold_1,MDM2,0.0,0.0,0.0,0.0,0.0,0.0,0.0
repeat_1_fold_1,MED21,0.0,0.0,0.0,0.0,0.0,-3.170979198374724e-05,0.5
repeat_1_fold_1,MIA3,0.03705390940313791,0.04278616913685935,0.021393084568429675,0.015660824834708233,0.5,0.00017440385591072083,0.5
repeat_1_fold_1,MICA,0.0,0.0,0.0,0.0,0.0,-0.00030124302384573753,0.5
repeat_1_fold_1,MICB,0.03621844160161025,0.08976967038299961,0.04488483519149981,-0.008666393589889555,0.25,0.00047172753641269716,0.5
repeat_1_fold_1,MKNK1,0.0,0.0,0.0,0.0,0.0,2.3391448086579336e-05,0.5
repeat_1_fold_1,MLANA,0.0,0.0,0.0,0.0,0.0,0.0,0.0
repeat_1_fold_1,MLH3,-0.02962262626847334,0.05924525253694668,0.02962262626847334,-0.05924525253694668,0.0,-0.00011072367467562794,1.0
repeat_1_fold_1,MMP1,-0.09465948344100994,0.12344025344427105,0.061720126722135525,-0.15637961016314547,0.0,7.797149362193112e-06,0.5
repeat_1_fold_1,MMP15,0.0,0.0,0.0,0.0,0.0,-0.00012683916793504446,0.5
repeat_1_fold_1,MPHOSPH8,-0.06489285762597241,0.0754412241304639,0.03772061206523195,-0.10261346969120436,0.0,0.00011695724043289668,0.5
repeat_1_fold_1,MRPL22,0.0,0.0,0.0,0.0,0.0,1.5594298724386224e-05,0.5
repeat_1_fold_1,MRPL57,-0.05152547429882759,0.06081737091556015,0.030408685457780076,-0.08193415975660767,0.0,0.0002555025167426117,1.0
repeat_1_fold_1,MRPS15,0.0,0.0,0.0,0.0,0.0,4.756468797567637e-05,0.5
repeat_1_fold_1,MRPS17,0.0,0.0,0.0,0.0,0.0,4.678289617315867e-05,0.5
repeat_1_fold_1,MRPS18C,0.0,0.0,0.0,0.0,0.0,0.0,0.0
repeat_1_fold_1,MRPS33,-0.02962262626847334,0.05924525253694668,0.02962262626847334,-0.05924525253694668,0.0,0.00014814583788166913,0.5
repeat_1_fold_1,MS4A3,0.0,0.0,0.0,0.0,0.0,0.0,0.0
repeat_1_fold_1,MSH3,0.0,0.0,0.0,0.0,0.0,0.0,0.0
repeat_1_fold_1,MSH6,-0.47004682144322274,0.7897027928640745,0.39485139643203726,-0.86489821787526,0.0,0.0004371719431492116,1.0
repeat_1_fold_1,MSRB2,0.0,0.0,0.0,0.0,0.0,0.0,0.0
repeat_1_fold_1,MSTN,-0.035126231810933106,0.07025246362186621,0.035126231810933106,-0.07025246362186621,0.0,0.00025795742212111894,1.0
repeat_1_fold_1,MSX2,0.0,0.0,0.0,0.0,0.0,0.0001426940639269736,0.5
repeat_1_fold_1,MT1M,0.0,0.0,0.0,0.0,0.0,7.13470319634868e-05,0.5
repeat_1_fold_1,MT3,0.0,0.0,0.0,0.0,0.0,0.0,0.0
repeat_1_fold_1,MTARC2,-0.060988666516678336,0.45210749393202426,0.22605374696601213,-0.28704241348269044,0.5,0.0009714277417558481,1.0
repeat_1_fold_1,MTHFD1,0.030138950656391827,0.060277901312783655,0.030138950656391827,0.0,0.25,0.0005722095406789918,1.0
repeat_1_fold_1,MTMR10,0.0,0.0,0.0,0.0,0.0,0.0,0.0
repeat_1_fold_1,MTRF1,-0.05168086006146666,0.05967591693687831,0.029837958468439153,-0.0815188185299058,0.0,-6.341958396752223e-05,0.5
repeat_1_fold_1,MX2,0.0,0.0,0.0,0.0,0.0,0.00021832018214140714,0.5
repeat_1_fold_1,MXD4,0.0,0.0,0.0,0.0,0.0,0.0,0.0
repeat_1_fold_1,MYBPC1,0.03731585995115694,0.07463171990231388,0.03731585995115694,0.0,0.25,-0.0005068147085425523,0.5
repeat_1_fold_1,MYO6,0.0,0.0,0.0,0.0,0.0,0.0,0.0
repeat_1_fold_1,NADK,-0.09168665619250227,0.18337331238500454,0.09168665619250227,-0.18337331238500454,0.0,-0.00022976569324850704,1.0
repeat_1_fold_1,NANS,0.0,0.0,0.0,0.0,0.0,-0.0001189117199390799,0.5
repeat_1_fold_1,NAT2,-0.11435894566919202,0.13205033613269962,0.06602516806634981,-0.18038411373554183,0.0,3.989783724722695e-05,1.0
repeat_1_fold_1,NCAM1,0.03705390940313791,0.04278616913685935,0.021393084568429675,0.015660824834708233,0.5,-8.720192795533266e-05,0.5
repeat_1_fold_1,NCAN,0.060277901312783655,0.06960292509824267,0.03480146254912134,0.025476438763662318,0.5,-0.0003250253678335757,0.5
repeat_1_fold_1,NCAPG,0.0,0.0,0.0,0.0,0.0,-0.0005847862021644834,0.5
repeat_1_fold_1,NCBP2,0.033794362814383305,0.06758872562876661,0.033794362814383305,0.0,0.25,0.00033269221856208064,1.0
repeat_1_fold_1,NCKAP1,0.347276489655437,0.43215108386091006,0.21607554193045503,0.13120094772498198,0.5,0.0004994292237442965,0.5
repeat_1_fold_1,NCOA1,0.0,0.0,0.0,0.0,0.0,-0.00012683916793504446,0.5
repeat_1_fold_1,NCOA2,0.006375664853766949,0.046102037700252986,0.023051018850126493,-0.016675353996359544,0.25,7.797149362193112e-05,0.5
repeat_1_fold_1,NCOR2,0.0,0.0,0.0,0.0,0.0,0.0,0.0
repeat_1_fold_1,NCR1,0.0,0.0,0.0,0.0,0.0,-0.0003820603187474625,0.5
repeat_1_fold_1,NDST2,-0.05924525253694668,0.06841052500082705,0.03420526250041352,-0.09345051503736021,0.0,-1.5594298724386224e-05,0.5
repeat_1_fold_1,NDUFA6,-0.05991213551986263,0.09402717820954219,0.047013589104771096,-0.10692572462463373,0.25,0.0007836238952317609,1.0
repeat_1_fold_1,NDUFA7,0.0,0.0,0.0,0.0,0.0,3.963723997973956e-05,0.5
repeat_1_fold_1,NDUFAF7,-0.029766625815039305,0.05953325163007861,0.029766625815039305,-0.05953325163007861,0.0,-2.3391448086579336e-05,0.5
repeat_1_fold_1,NDUFB1,0.0,0.0,0.0,0.0,0.0,-0.000158418661285048,1.0
repeat_1_fold_1,NDUFB4,0.0,0.0,0.0,0.0,0.0,0.0,0.0
repeat_1_fold_1,NDUFB8,0.08901507162007505,0.10278575112356829,0.051392875561784145,0.0376221960582909,0.5,-5.4580045535351784e-05,0.5
repeat_1_fold_1,NDUFS3,-0.0438056960607085,0.05058246082537796,0.02529123041268898,-0.06909692647339748,0.0,0.00012683916793509997,0.5
repeat_1_fold_1,NEB,0.065185191731441,0.07683387282556146,0.03841693641278073,0.026768255318660263,0.5,0.0006478148902308023,1.0
repeat_1_fold_1,NECTIN2,0.0,0.0,0.0,0.0,0.0,0.00021052303277921403,0.5
repeat_1_fold_1,NFRKB,0.0359468890708019,0.04601590724772889,0.023007953623864444,0.012938935446937458,0.5,0.0007905193384890874,1.0
repeat_1_fold_1,NFYB,0.0,0.0,0.0,0.0,0.0,-7.92744799593681e-06,0.5
repeat_1_fold_1,NME1,0.0,0.0,0.0,0.0,0.0,0.0,0.0
repeat_1_fold_1,NME3,0.0,0.0,0.0,0.0,0.0,0.0001109842719431986,0.5
repeat_1_fold_1,NMRK1,0.0,0.0,0.0,0.0,0.0,0.00010305682394723403,0.5
repeat_1_fold_1,NMRK2,0.0,0.0,0.0,0.0,0.0,2.7755575615628914e-17,0.5
repeat_1_fold_1,NOL11,0.0,0.0,0.0,0.0,0.0,-3.898574681096556e-05,0.5
repeat_1_fold_1,NOS2,0.0,0.0,0.0,0.0,0.0,0.0,0.0
repeat_1_fold_1,NOTCH2,0.060277901312783655,0.06960292509824267,0.03480146254912134,0.025476438763662318,0.5,0.0004986474319418066,1.0
repeat_1_fold_1,NPC1,-0.07323813478180696,0.09727186153224068,0.04863593076612034,-0.1218740655479273,0.0,-0.0001902587519025667,0.5
repeat_1_fold_1,NPC1L1,0.0,0.0,0.0,0.0,0.0,-0.000459791983764557,0.5
repeat_1_fold_1,NPEPPS,-0.10972307719823249,0.2838258896437662,0.1419129448218831,-0.2516360220201156,0.5,-0.00048783264534069115,1.0
repeat_1_fold_1,NPFF,0.07113989749005611,0.08866819904983436,0.04433409952491718,0.026805797965138933,0.5,-4.092984198580951e-05,1.0
repeat_1_fold_1,NPHS2,0.04806335292340336,0.2975359317219265,0.14876796586096325,-0.10070461293755989,0.25,0.0020611364789447084,0.5
repeat_1_fold_1,NPTN,-0.14335613003789582,0.15721721166428648,0.07860860583214324,-0.22196473587003906,0.0,-0.00014008809125196087,1.0
repeat_1_fold_1,NR0B1,0.0,0.0,0.0,0.0,0.0,0.0005549213597159097,0.5
repeat_1_fold_1,NR2C2,0.0,0.0,0.0,0.0,0.0,0.0,0.0
repeat_1_fold_1,NR2E3,0.0,0.0,0.0,0.0,0.0,-3.3403674222470814e-05,1.0
repeat_1_fold_1,NR2F1,0.05491634978203841,0.1543219543528071,0.07716097717640355,-0.02224462739436514,0.25,0.002029426686960961,0.5
repeat_1_fold_1,NR4A2,0.0,0.0,0.0,0.0,0.0,5.549213597161318e-05,0.5
repeat_1_fold_1,NRP2,0.0,0.0,0.0,0.0,0.0,0.0,0.0
repeat_1_fold_1,NRXN2,0.0,0.0,0.0,0.0,0.0,7.927447995964565e-06,0.5
repeat_1_fold_1,NRXN3,0.033794362814383305,0.06758872562876661,0.033794362814383305,0.0,0.25,0.0006341958396753056,0.5
repeat_1_fold_1,NSD3,0.0,0.0,0.0,0.0,0.0,0.0,0.0
repeat_1_fold_1,NTS,-0.11896025330643312,0.10154141520889079,0.050770707604445395,-0.16973096091087853,0.0,-0.00045964091646813476,1.0
repeat_1_fold_1,NUBP2,0.0,0.0,0.0,0.0,0.0,7.13470319634868e-05,0.5
repeat_1_fold_1,NUDT15,-0.027518898614509624,0.05503779722901924,0.02751889861450962,-0.05503779722901925,0.0,0.0004054517668340418,0.5
repeat_1_fold_1,NUP205,0.0,0.0,0.0,0.0,0.0,-6.341958396749448e-05,0.5
repeat_1_fold_1,NUP214,0.0,0.0,0.0,0.0,0.0,7.92744799594236e-05,0.5
repeat_1_fold_1,NXT1,0.0,0.0,0.0,0.0,0.0,-0.00013281213642474254,1.0
repeat_1_fold_1,OASL,0.048110748573549245,0.05555350727970612,0.02777675363985306,0.020333994933696184,0.5,0.0003250253678336035,0.5
repeat_1_fold_1,OAT,0.04239214144097048,0.17304108708703048,0.08652054354351524,-0.04412840210254476,0.25,0.0003377530966155451,1.0
repeat_1_fold_1,OAZ3,0.0,0.0,0.0,0.0,0.0,0.0,0.0
repeat_1_fold_1,OCA2,0.0,0.0,0.0,0.0,0.0,-0.00020727595126682208,1.0
repeat_1_fold_1,OLR1,-0.09015554173892326,0.11549009198056329,0.05774504599028164,-0.1479005877292049,0.0,0.0005068147085425523,0.5
repeat_1_fold_1,ONECUT1,0.0,0.0,0.0,0.0,0.0,-3.170979198374724e-05,0.5
repeat_1_fold_1,OPN3,0.0,0.0,0.0,0.0,0.0,0.00010136294170851046,0.5
repeat_1_fold_1,OR10H3,0.0,0.0,0.0,0.0,0.0,0.0,0.0
repeat_1_fold_1,OR2B6,-0.09168665619250227,0.18337331238500454,0.09168665619250227,-0.18337331238500454,0.0,-0.0007063038947785205,1.0
repeat_1_fold_1,OR2S2,0.0,0.0,0.0,0.0,0.0,0.0,0.0
repeat_1_fold_1,ORC1,0.29006625654544216,0.3937972776795435,0.19689863883977174,0.09316761770567042,0.75,0.00029655227303088116,1.0
repeat_1_fold_1,ORC5,0.0,0.0,0.0,0.0,0.0,0.0,0.0
repeat_1_fold_1,OSBPL7,0.06843449795710832,0.16697967152958948,0.08348983576479474,-0.01505533780768642,0.5,-0.00018804367512881281,1.0
repeat_1_fold_1,OSGEP,0.0,0.0,0.0,0.0,0.0,-4.678289617315867e-05,0.5
repeat_1_fold_1,OSMR,0.053487813007873086,0.10697562601574617,0.053487813007873086,0.0,0.25,-3.170979198374724e-05,0.5
repeat_1_fold_1,OSTF1,0.0,0.0,0.0,0.0,0.0,-2.3391448086579336e-05,0.5
repeat_1_fold_1,P2RX4,0.045685877598410585,0.06373558833826615,0.031867794169133074,0.013818083429277511,0.5,0.00027746067985795486,0.5
repeat_1_fold_1,P2RY13,0.0,0.0,0.0,0.0,0.0,0.0,0.0
repeat_1_fold_1,P2RY6,-0.1607265594113496,0.35387493789173113,0.17693746894586557,-0.3376640283572152,0.25,-0.0005073566717402056,0.5
repeat_1_fold_1,P4HA2,0.0,0.0,0.0,0.0,0.0,0.00014814583788166913,0.5
repeat_1_fold_1,PAFAH1B2,0.0,0.0,0.0,0.0,0.0,0.0,0.0
repeat_1_fold_1,PAFAH1B3,0.0,0.0,0.0,0.0,0.0,3.898574681096556e-05,0.5
repeat_1_fold_1,PAM16,0.0,0.0,0.0,0.0,0.0,0.0,0.0
repeat_1_fold_1,PANX1,-0.035126231810933106,0.07025246362186621,0.035126231810933106,-0.07025246362186621,0.0,0.0007264586456841582,1.0
repeat_1_fold_1,PAPPA,-0.029766625815039305,0.05953325163007861,0.029766625815039305,-0.05953325163007861,0.0,-2.3391448086579336e-05,0.5
repeat_1_fold_1,PARG,0.0,0.0,0.0,0.0,0.0,0.0,0.0
repeat_1_fold_1,PARP1,0.0,0.0,0.0,0.0,0.0,8.720192795538817e-05,0.5
repeat_1_fold_1,PARP6,0.01112301133341731,0.02224602266683462,0.01112301133341731,0.0,0.25,-0.00038051750380516114,0.5
repeat_1_fold_1,PAX5,-0.035126231810933106,0.07025246362186621,0.035126231810933106,-0.07025246362186621,0.0,-3.8985746810937805e-05,0.5
repeat_1_fold_1,PAX6,-0.1336760496111591,0.18735144919675964,0.09367572459837982,-0.2273517742095389,0.25,-0.0005482761293947036,1.0
repeat_1_fold_1,PBRM1,0.0,0.0,0.0,0.0,0.0,0.0,0.0
repeat_1_fold_1,PCK1,0.0,0.0,0.0,0.0,0.0,0.00047642867155903157,1.0
repeat_1_fold_1,PCLAF,0.0,0.0,0.0,0.0,0.0,0.0,0.0
repeat_1_fold_1,PCTP,0.0,0.0,0.0,0.0,0.0,0.0,0.0
repeat_1_fold_1,PCYOX1L,-0.02962262626847334,0.05924525253694668,0.02962262626847334,-0.05924525253694668,0.0,-0.00011695724043289668,0.5
repeat_1_fold_1,PDE12,0.0,0.0,0.0,0.0,0.0,0.0,0.0
repeat_1_fold_1,PDE1B,0.0,0.0,0.0,0.0,0.0,0.00017933443533044158,0.5
repeat_1_fold_1,PDE3A,-0.15040045811623948,0.18027866494460845,0.09013933247230423,-0.2405397905885437,0.0,8.966721766523467e-05,0.5
repeat_1_fold_1,PDE3B,0.0,0.0,0.0,0.0,0.0,0.0,0.0
repeat_1_fold_1,PER2,0.040286978849593424,0.08057395769918685,0.040286978849593424,0.0,0.25,-0.0004122272957889084,0.5
repeat_1_fold_1,PFDN1,-0.05938925208350909,0.1187785041670182,0.0593892520835091,-0.11877850416701818,0.0,3.508717212988288e-05,0.5
repeat_1_fold_1,PFDN5,0.0,0.0,0.0,0.0,0.0,0.0,0.0
repeat_1_fold_1,PFN2,-0.035126231810933106,0.07025246362186621,0.035126231810933106,-0.07025246362186621,0.0,-8.576864298412423e-05,0.5
repeat_1_fold_1,PGD,-0.05953325163007861,0.06874307770871922,0.03437153885435961,-0.09390479048443823,0.0,7.797149362193112e-06,0.5
repeat_1_fold_1,PGLYRP1,0.0,0.0,0.0,0.0,0.0,0.0,0.0
repeat_1_fold_1,PGM1,0.0,0.0,0.0,0.0,0.0,0.0003884449518011257,0.5
repeat_1_fold_1,PHB2,0.0,0.0,0.0,0.0,0.0,0.00027746067985795486,0.5
repeat_1_fold_1,PHC1,0.0,0.0,0.0,0.0,0.0,0.0,0.0
repeat_1_fold_1,PHF1,0.0,0.0,0.0,0.0,0.0,0.0,0.0
repeat_1_fold_1,PIAS4,0.0,0.0,0.0,0.0,0.0,0.00030408882512553137,0.5
repeat_1_fold_1,PIGA,-0.049090978542842834,0.1589250522082919,0.07946252610414595,-0.12855350464698878,0.5,0.0004083287211078812,1.0
repeat_1_fold_1,PIGV,0.0,0.0,0.0,0.0,0.0,7.407291894084844e-05,0.5
repeat_1_fold_1,PIK3C2G,0.0,0.0,0.0,0.0,0.0,0.0,0.0
repeat_1_fold_1,PILRA,0.0,0.0,0.0,0.0,0.0,0.0,0.0
repeat_1_fold_1,PIM1,-0.05168086006146666,0.05967591693687831,0.029837958468439153,-0.0815188185299058,0.0,-7.927447995909054e-06,0.5
repeat_1_fold_1,PITPNA,-0.05924525253694668,0.06841052500082705,0.03420526250041352,-0.09345051503736021,0.0,-6.88505892593172e-06,1.0
repeat_1_fold_1,PITRM1,0.10396183256784042,0.1770435155047408,0.0885217577523704,0.015440074815470023,0.5,0.0013047714534866472,1.0
repeat_1_fold_1,PLA2G2E,0.0,0.0,0.0,0.0,0.0,4.678289617315867e-05,0.5
repeat_1_fold_1,PLA2G3,-0.06837930368326539,0.254066622773674,0.127033311386837,-0.19541261507010238,0.25,-0.0005341047313102143,0.5
repeat_1_fold_1,PLA2G5,0.0,0.0,0.0,0.0,0.0,-8.576864298412423e-05,0.5
repeat_1_fold_1,PLAU,0.030138950656391827,0.060277901312783655,0.030138950656391827,0.0,0.25,0.0004201547437849007,0.5
repeat_1_fold_1,PLBD1,0.0,0.0,0.0,0.0,0.0,-0.0002573059289523727,0.5
repeat_1_fold_1,PLCG2,-0.009862577032260234,0.01540855148071478,0.00770427574035739,-0.017566852772617624,0.0,0.00038507795598638483,1.0
repeat_1_fold_1,PLIN2,-0.02962262626847334,0.05924525253694668,0.02962262626847334,-0.05924525253694668,0.0,0.00037634794752527956,1.0
repeat_1_fold_1,PLK2,-0.052930188144546975,0.10586037628909395,0.052930188144546975,-0.10586037628909395,0.0,0.00025340735427129,0.5
repeat_1_fold_1,PLK3,0.33105598443527207,0.3833648454236872,0.1916824227118436,0.13937356172342846,0.5,-0.0004951189844992487,0.5
repeat_1_fold_1,PLOD2,0.08841291073032842,0.156863090370705,0.0784315451853525,0.009981365544975918,0.75,0.001540890626794772,1.0
repeat_1_fold_1,PLPPR3,0.011695043707369734,0.058929091511616516,0.029464545755808258,-0.017769502048438524,0.25,0.0001247543897950898,0.5
repeat_1_fold_1,PLXNB1,0.0,0.0,0.0,0.0,0.0,3.96372399797118e-05,0.5
repeat_1_fold_1,PMEL,0.0,0.0,0.0,0.0,0.0,0.0,0.0
repeat_1_fold_1,PMP22,-0.06474885807940645,0.12949771615881292,0.06474885807940646,-0.1294977161588129,0.0,0.0001247543897950898,0.5
repeat_1_fold_1,PNOC,0.0,0.0,0.0,0.0,0.0,0.00016647640791478402,0.5
repeat_1_fold_1,POLQ,0.3203509928642223,0.38120426460711226,0.19060213230355613,0.12974886056066617,0.5,-0.00038844495180109795,0.5
repeat_1_fold_1,POLR1C,0.0,0.0,0.0,0.0,0.0,4.678289617315867e-05,0.5
repeat_1_fold_1,POLR1G,0.0,0.0,0.0,0.0,0.0,0.0,0.0
repeat_1_fold_1,POLR2B,0.0,0.0,0.0,0.0,0.0,-2.3521746720323033e-05,1.0
repeat_1_fold_1,POLR2I,0.0,0.0,0.0,0.0,0.0,0.0,0.0
repeat_1_fold_1,PON3,0.12786662694155027,0.147647662970147,0.0738238314850735,0.054042795456476764,0.5,0.0009116565195332604,0.5
repeat_1_fold_1,POP1,0.0,0.0,0.0,0.0,0.0,-3.170979198374724e-05,0.5
repeat_1_fold_1,PPARD,0.0,0.0,0.0,0.0,0.0,0.0,0.0
repeat_1_fold_1,PPFIBP2,0.03253837841651297,0.5393084098650466,0.2696542049325233,-0.23711582651601032,0.75,0.0004765485858613805,1.0
repeat_1_fold_1,PPL,0.0,0.0,0.0,0.0,0.0,0.0,0.0
repeat_1_fold_1,PPP2R5A,0.030138950656391827,0.060277901312783655,0.030138950656391827,0.0,0.25,0.0002740729153805077,1.0
repeat_1_fold_1,PPP2R5D,0.06758872562876661,0.07804473787190432,0.03902236893595216,0.028566356692814453,0.5,0.00023092799662097208,1.0
repeat_1_fold_1,PPP6R3,-0.02962262626847334,0.05924525253694668,0.02962262626847334,-0.05924525253694668,0.0,2.3391448086579336e-05,0.5
repeat_1_fold_1,PRCC,0.0,0.0,0.0,0.0,0.0,0.0,0.0
repeat_1_fold_1,PRDM16,0.018654530973662986,0.4011401205672574,0.2005700602836287,-0.1819155293099657,0.25,-0.00022155687932237655,1.0
repeat_1_fold_1,PRDM4,-0.09416533258171889,0.12293529020150425,0.06146764510075212,-0.155632977682471,0.0,-0.0004600318123693936,0.5
repeat_1_fold_1,PRDM9,0.0,0.0,0.0,0.0,0.0,0.00048448641818865656,1.0
repeat_1_fold_1,PRKAR1B,0.0,0.0,0.0,0.0,0.0,0.0,0.0
repeat_1_fold_1,PRLR,0.0,0.0,0.0,0.0,0.0,0.0,0.0
repeat_1_fold_1,PRPF40A,-0.08255281441302031,0.1026414604255972,0.0513207302127986,-0.1338735446258189,0.0,-0.00036256744534196583,0.5
repeat_1_fold_1,PRPF8,0.0,0.0,0.0,0.0,0.0,0.0,0.0
repeat_1_fold_1,PSG1,0.0,0.0,0.0,0.0,0.0,0.00020259558478330497,1.0
repeat_1_fold_1,PSMA4,0.0,0.0,0.0,0.0,0.0,0.0,0.0
repeat_1_fold_1,PSMD12,0.0,0.0,0.0,0.0,0.0,2.3391448086579336e-05,0.5
repeat_1_fold_1,PSMD4,0.0,0.0,0.0,0.0,0.0,3.898574681096556e-05,0.5
repeat_1_fold_1,PSMD6,0.0,0.0,0.0,0.0,0.0,0.0,0.0
repeat_1_fold_1,PSMD9,0.0,0.0,0.0,0.0,0.0,5.4580045535351784e-05,0.5
repeat_1_fold_1,PSMG1,0.0,0.0,0.0,0.0,0.0,0.00016374013660605535,0.5
repeat_1_fold_1,PTCH1,0.0,0.0,0.0,0.0,0.0,-0.00045979198376458474,0.5
repeat_1_fold_1,PTGER3,0.05939244535160704,0.08392427172895249,0.041962135864476245,0.017430309487130792,0.5,-0.00021221691501790985,1.0
repeat_1_fold_1,PTGS1,0.0,0.0,0.0,0.0,0.0,0.0,0.0
repeat_1_fold_1,PTGS2,-0.05876985181251193,0.19183671150682755,0.09591835575341377,-0.15468820756592572,0.25,-0.001639225546932993,1.0
repeat_1_fold_1,PTPN18,0.0,0.0,0.0,0.0,0.0,0.0,0.0
repeat_1_fold_1,PTPRU,0.0,0.0,0.0,0.0,0.0,0.0,0.0
repeat_1_fold_1,PTRH2,0.0,0.0,0.0,0.0,0.0,0.0,0.0
repeat_1_fold_1,PUS7,0.0,0.0,0.0,0.0,0.0,0.00017153728596824847,0.5
repeat_1_fold_1,PYCR3,0.0,0.0,0.0,0.0,0.0,0.0,0.0
repeat_1_fold_1,QPRT,0.0,0.0,0.0,0.0,0.0,0.0,0.0
repeat_1_fold_1,RAB15,0.044507535810037524,0.08901507162007505,0.044507535810037524,0.0,0.25,6.627576957865533e-05,0.5
repeat_1_fold_1,RAB3B,-0.09168665619250227,0.18337331238500454,0.09168665619250227,-0.18337331238500454,0.0,-0.0007848173515981327,0.5
repeat_1_fold_1,RAB6B,0.0,0.0,0.0,0.0,0.0,-0.0004054517668340418,0.5
repeat_1_fold_1,RAB8B,0.0,0.0,0.0,0.0,0.0,0.0,0.0
repeat_1_fold_1,RABGAP1,0.046137620265042756,0.07073431446380889,0.03536715723190444,0.010770463033138312,0.5,-0.00014814583788164137,0.5
repeat_1_fold_1,RAD51D,0.0,0.0,0.0,0.0,0.0,-0.00021052303277921403,0.5
repeat_1_fold_1,RALBP1,0.0,0.0,0.0,0.0,0.0,0.0,0.0
repeat_1_fold_1,RAMP1,-0.029766625815039305,0.05953325163007861,0.029766625815039305,-0.05953325163007861,0.0,3.118859744877245e-05,0.5
repeat_1_fold_1,RAP1A,-0.08201787336532362,0.4284704744993446,0.2142352372496723,-0.29625311061499593,0.25,0.0003866207709286862,1.0
repeat_1_fold_1,RAP1GAP2,0.0,0.0,0.0,0.0,0.0,0.0,0.0
repeat_1_fold_1,RAP2B,0.011962368874819163,0.05187867348750971,0.025939336743754857,-0.013976967868935694,0.25,0.0004990175591803592,0.5
repeat_1_fold_1,RASGRF1,0.0,0.0,0.0,0.0,0.0,-0.0001507518105565986,1.0
repeat_1_fold_1,RBM28,-0.07025246362186621,0.08112055756663769,0.040560278783318846,-0.11081274240518506,0.0,7.407291894084844e-05,0.5
repeat_1_fold_1,RBM42,0.0,0.0,0.0,0.0,0.0,0.0,0.0
repeat_1_fold_1,RBM7,-0.06128654611826434,0.07082550217005874,0.03541275108502937,-0.0966992972032937,0.0,-9.356579234631734e-05,0.5
repeat_1_fold_1,RBM8A,-0.07025246362186621,0.08112055756663769,0.040560278783318846,-0.11081274240518506,0.0,4.2884321492075994e-05,0.5
repeat_1_fold_1,RBPJ,-0.09168665619250227,0.18337331238500454,0.09168665619250227,-0.18337331238500454,0.0,-0.0002695332318619903,0.5
repeat_1_fold_1,REG3A,0.0,0.0,0.0,0.0,0.0,0.0,0.0
repeat_1_fold_1,REPS1,-0.02962262626847334,0.05924525253694668,0.02962262626847334,-0.05924525253694668,0.0,-0.0001247543897950898,0.5
repeat_1_fold_1,REPS2,-0.09168665619250227,0.18337331238500454,0.09168665619250227,-0.18337331238500454,0.0,0.0004122272957889639,0.5
repeat_1_fold_1,RET,-0.09101120603273394,0.11578798814129924,0.05789399407064962,-0.14890520010338357,0.0,-4.678289617315867e-05,0.5
repeat_1_fold_1,RFK,0.0,0.0,0.0,0.0,0.0,8.576864298412423e-05,0.5
repeat_1_fold_1,RGS10,-0.035126231810933106,0.07025246362186621,0.035126231810933106,-0.07025246362186621,0.0,0.0002573059289523727,0.5
repeat_1_fold_1,RGS20,0.09227363067951622,0.2683879680972403,0.13419398404862015,-0.041920353369103935,0.5,-2.612771939525249e-05,1.0
repeat_1_fold_1,RGS3,-0.02962262626847334,0.05924525253694668,0.02962262626847334,-0.05924525253694668,0.0,-8.18700683030138e-05,0.5
repeat_1_fold_1,RHEB,0.0,0.0,0.0,0.0,0.0,0.0,0.0
repeat_1_fold_1,RIPK1,-0.12873851161703342,0.20330853626944598,0.10165426813472299,-0.23039277975175643,0.0,0.0006738330796550174,0.5
repeat_1_fold_1,RIPK2,0.0,0.0,0.0,0.0,0.0,0.0,0.0
repeat_1_fold_1,RIPOR2,-0.08757779202386473,0.11146737988203011,0.055733689941015054,-0.14331148196487978,0.0,0.00016362022230367868,1.0
repeat_1_fold_1,RMND5A,0.0,0.0,0.0,0.0,0.0,0.0,0.0
repeat_1_fold_1,RNASE1,0.0,0.0,0.0,0.0,0.0,0.0,0.0
repeat_1_fold_1,RNASE2,0.0,0.0,0.0,0.0,0.0,0.0002806973770389798,0.5
repeat_1_fold_1,RND2,0.0,0.0,0.0,0.0,0.0,0.00017440385591072083,0.5
repeat_1_fold_1,RNF128,0.0,0.0,0.0,0.0,0.0,0.0,0.0
repeat_1_fold_1,RNF138,0.0,0.0,0.0,0.0,0.0,0.0001506215119229104,0.5
repeat_1_fold_1,RNF139,-0.05953325163007861,0.06874307770871922,0.03437153885435961,-0.09390479048443823,0.0,-9.356579234628959e-05,0.5
repeat_1_fold_1,RNF4,0.0,0.0,0.0,0.0,0.0,0.0,0.5
repeat_1_fold_1,ROBO1,-0.02190284803035425,0.0438056960607085,0.02190284803035425,-0.0438056960607085,0.0,0.00019025875190259445,0.5
repeat_1_fold_1,RPL10A,0.0,0.0,0.0,0.0,0.0,0.0,0.0
repeat_1_fold_1,RPL22,0.0,0.0,0.0,0.0,0.0,0.00017401296000948974,1.0
repeat_1_fold_1,RPL34,-0.2361209259349053,0.2173668779499804,0.1086834389749902,-0.3448043649098955,0.0,-0.0006122376765599347,1.0
repeat_1_fold_1,RPP21,-0.02190284803035425,0.0438056960607085,0.02190284803035425,-0.0438056960607085,0.0,2.547622622656176e-05,1.0
repeat_1_fold_1,RPP40,0.0,0.0,0.0,0.0,0.0,-0.0007173377413217663,0.5
repeat_1_fold_1,RPS10,0.0,0.0,0.0,0.0,0.0,0.0,0.0
repeat_1_fold_1,RPS11,0.033794362814383305,0.06758872562876661,0.033794362814383305,0.0,0.25,0.00010357801848226433,1.0
repeat_1_fold_1,RPS12,0.060277901312783655,0.06960292509824267,0.03480146254912134,0.025476438763662318,0.5,-0.0006738330796549619,0.5
repeat_1_fold_1,RPS20,-0.06887621068852212,0.09680255034429644,0.04840127517214822,-0.11727748586067034,0.0,-0.0001664764079147285,0.5
repeat_1_fold_1,RPS27L,0.0,0.0,0.0,0.0,0.0,0.0,0.0
repeat_1_fold_1,RPS6KA2,0.0,0.0,0.0,0.0,0.0,0.00010305682394726179,0.5
repeat_1_fold_1,RPS6KA4,0.0,0.0,0.0,0.0,0.0,0.0,0.0
repeat_1_fold_1,RPSA,0.0,0.0,0.0,0.0,0.0,0.0,0.0
repeat_1_fold_1,RRM1,0.025972037745530585,0.057115681086489525,0.028557840543244763,-0.0025858027977141776,0.25,0.0003079873998066418,0.5
repeat_1_fold_1,RTF1,0.12280943443445835,0.08432828388358873,0.04216414194179437,0.08064529249266399,0.75,0.00024704348988036084,1.0
repeat_1_fold_1,S100A9,0.0,0.0,0.0,0.0,0.0,7.407291894084844e-05,0.5
repeat_1_fold_1,S100B,0.0,0.0,0.0,0.0,0.0,0.0,0.0
repeat_1_fold_1,S1PR2,0.033794362814383305,0.06758872562876661,0.033794362814383305,0.0,0.25,0.0002933155758498285,0.5
repeat_1_fold_1,SAE1,0.018526954701568954,0.03705390940313791,0.018526954701568954,0.0,0.25,0.0005152841197361979,0.5
repeat_1_fold_1,SCD5,0.0,0.0,0.0,0.0,0.0,0.0,0.0
repeat_1_fold_1,SCMH1,-0.12145328200754157,0.17289333912095553,0.08644666956047777,-0.20789995156801933,0.0,-9.888726766726919e-05,1.0
repeat_1_fold_1,SCN3A,0.0,0.0,0.0,0.0,0.0,2.729002276768977e-05,0.5
repeat_1_fold_1,SCTR,0.0,0.0,0.0,0.0,0.0,-0.00013137885145353412,1.0
repeat_1_fold_1,SDC1,0.06393331347077513,0.12786662694155027,0.06393331347077513,0.0,0.25,0.0004915017757483875,0.5
repeat_1_fold_1,SDHAF1,-0.02190284803035425,0.0438056960607085,0.02190284803035425,-0.0438056960607085,0.0,0.0004677194317605493,0.5
repeat_1_fold_1,SDS,-0.16631866268173923,0.2364838881380916,0.1182419440690458,-0.28456060675078504,0.25,0.0005030464324952411,1.0
repeat_1_fold_1,SEC61B,-0.0438056960607085,0.05058246082537796,0.02529123041268898,-0.06909692647339748,0.0,0.0001426940639269736,0.5
repeat_1_fold_1,SEL1L,0.044507535810037524,0.08901507162007505,0.044507535810037524,0.0,0.25,0.0004096420917766852,1.0
repeat_1_fold_1,SEMA4D,0.0,0.0,0.0,0.0,0.0,0.0,0.0
repeat_1_fold_1,SEPHS2,0.0,0.0,0.0,0.0,0.0,0.00018895576556512972,1.0
repeat_1_fold_1,SERINC3,-0.05168086006146666,0.05967591693687831,0.029837958468439153,-0.0815188185299058,0.0,0.00013476661593100903,0.5
repeat_1_fold_1,SERINC5,0.0,0.0,0.0,0.0,0.0,0.0,0.0
repeat_1_fold_1,SERP1,-0.07025246362186621,0.08112055756663769,0.040560278783318846,-0.11081274240518506,0.0,-5.4580045535351784e-05,0.5
repeat_1_fold_1,SERPINA3,0.0,0.0,0.0,0.0,0.0,0.0,0.0
repeat_1_fold_1,SERPIND1,0.09170113616969466,0.13583045585054676,0.06791522792527338,0.023785908244421283,0.5,-0.00010201443487722894,1.0
repeat_1_fold_1,SERPING1,0.0,0.0,0.0,0.0,0.0,0.0,0.0
repeat_1_fold_1,SF3A3,0.0,0.0,0.0,0.0,0.0,0.00012683916793507222,0.5
repeat_1_fold_1,SGK1,0.0,0.0,0.0,0.0,0.0,0.0,0.0
repeat_1_fold_1,SH3BP1,0.0,0.0,0.0,0.0,0.0,-0.0001189117199390799,0.5
repeat_1_fold_1,SH3GL3,-0.08901187835198243,0.11369678103079156,0.05684839051539578,-0.1458602688673782,0.0,0.0004990175591803592,0.5
repeat_1_fold_1,SHC1,0.0,0.0,0.0,0.0,0.0,0.0,0.0
repeat_1_fold_1,SHMT1,0.0,0.0,0.0,0.0,0.0,0.0,0.0
repeat_1_fold_1,SHMT2,0.0,0.0,0.0,0.0,0.0,0.00010916009107070357,0.5
repeat_1_fold_1,SIGLEC9,0.0,0.0,0.0,0.0,0.0,0.0,0.0
repeat_1_fold_1,SIKE1,0.0,0.0,0.0,0.0,0.0,1.5594298724386224e-05,0.5
repeat_1_fold_1,SLA,0.0,0.0,0.0,0.0,0.0,-0.00024171163022798647,0.5
repeat_1_fold_1,SLC11A2,-0.05924525253694668,0.06841052500082705,0.03420526250041352,-0.09345051503736021,0.0,3.898574681096556e-05,0.5
repeat_1_fold_1,SLC12A3,0.0,0.0,0.0,0.0,0.0,0.0,0.0
repeat_1_fold_1,SLC15A1,0.04744085314337809,0.05477997866582969,0.027389989332914845,0.020050863810463247,0.5,0.0001411304803219937,1.0
repeat_1_fold_1,SLC1A7,0.0,0.0,0.0,0.0,0.0,0.0,0.0
repeat_1_fold_1,SLC20A2,0.0,0.0,0.0,0.0,0.0,0.00010292652531351809,1.0
repeat_1_fold_1,SLC22A4,0.0,0.0,0.0,0.0,0.0,0.0,0.0
repeat_1_fold_1,SLC25A15,-0.02320499551413846,0.026794820813263797,0.013397410406631899,-0.03660240592077036,0.0,2.3391448086579336e-05,0.5
repeat_1_fold_1,SLC25A17,0.0,0.0,0.0,0.0,0.0,0.0,0.0
repeat_1_fold_1,SLC25A42,-0.14943835293571794,0.19693932444549317,0.09846966222274658,-0.24790801515846453,0.0,0.0003115158472491719,1.0
repeat_1_fold_1,SLC25A6,0.06758872562876661,0.07804473787190432,0.03902236893595216,0.028566356692814453,0.5,5.549213597161318e-05,0.5
repeat_1_fold_1,SLC27A6,0.0,0.0,0.0,0.0,0.0,0.0,0.0
repeat_1_fold_1,SLC2A11,0.0,0.0,0.0,0.0,0.0,0.0,0.0
repeat_1_fold_1,SLC34A2,-0.019706565156521805,0.06507913996150952,0.03253956998075476,-0.052246135137276564,0.25,-0.000491501775748332,0.5
repeat_1_fold_1,SLC38A2,0.0,0.0,0.0,0.0,0.0,-7.134703196343128e-05,0.5
repeat_1_fold_1,SLCO3A1,0.0,0.0,0.0,0.0,0.0,0.000187001286058891,1.0
repeat_1_fold_1,SMARCA2,0.0,0.0,0.0,0.0,0.0,0.0005390664637240083,0.5
repeat_1_fold_1,SMC6,0.0,0.0,0.0,0.0,0.0,0.00018233130390665764,0.5
repeat_1_fold_1,SMS,0.0,0.0,0.0,0.0,0.0,0.0,0.0
repeat_1_fold_1,SNAPC2,0.0,0.0,0.0,0.0,0.0,0.0,0.0
repeat_1_fold_1,SNCAIP,0.09508616788037827,0.14803233460006934,0.07401616730003467,0.021070000580343598,0.5,-0.000872259108158302,1.0
repeat_1_fold_1,SNRPD1,0.0,0.0,0.0,0.0,0.0,0.0,0.0
repeat_1_fold_1,SNX3,0.0,0.0,0.0,0.0,0.0,0.0,0.0
repeat_1_fold_1,SNX5,0.0,0.0,0.0,0.0,0.0,-0.00010136294170851046,0.5
repeat_1_fold_1,SOCS5,0.0,0.0,0.0,0.0,0.0,0.0,0.0
repeat_1_fold_1,SOD2,0.2362071313336891,0.4015495728859168,0.2007747864429584,0.03543234489073069,0.5,0.000917468036395197,1.0
repeat_1_fold_1,SOS2,-0.447395612617294,0.7790715215863296,0.3895357607931648,-0.8369313734104589,0.0,-0.00012475438979506204,1.0
repeat_1_fold_1,SOX1,0.0,0.0,0.0,0.0,0.0,0.0,0.0
repeat_1_fold_1,SOX13,0.0,0.0,0.0,0.0,0.0,-2.3391448086579336e-05,0.5
repeat_1_fold_1,SPAST,0.0,0.0,0.0,0.0,0.0,-6.23771948975449e-05,0.5
repeat_1_fold_1,SPCS1,0.0,0.0,0.0,0.0,0.0,-7.134703196345904e-05,0.5
repeat_1_fold_1,SPDL1,0.0,0.0,0.0,0.0,0.0,7.017434425973801e-05,0.5
repeat_1_fold_1,SPHK2,-0.017511622228145285,0.14568304225866627,0.07284152112933313,-0.09035314335747842,0.25,-0.0008576864298412146,0.5
repeat_1_fold_1,SPO11,0.0,0.0,0.0,0.0,0.0,0.00023782343987824306,0.5
repeat_1_fold_1,SPP1,0.004027736999344,0.10389880471840579,0.051949402359202895,-0.047921665359858895,0.25,0.00017153728596830398,1.0
repeat_1_fold_1,SPTBN5,0.0,0.0,0.0,0.0,0.0,3.898574681096556e-05,0.5
repeat_1_fold_1,SQLE,-0.011715594051780798,0.09654280806714022,0.04827140403357011,-0.05998699808535091,0.25,7.797149362193112e-06,0.5
repeat_1_fold_1,SRD5A3,-0.05717947283459601,0.11435894566919202,0.05717947283459601,-0.11435894566919202,0.0,0.0007927447995941528,0.5
repeat_1_fold_1,SRI,0.0,0.0,0.0,0.0,0.0,0.0003049905312304535,1.0
repeat_1_fold_1,SRPK2,0.0,0.0,0.0,0.0,0.0,0.0,0.0
repeat_1_fold_1,SRPRA,-0.02962262626847334,0.05924525253694668,0.02962262626847334,-0.05924525253694668,0.0,2.3391448086579336e-05,0.5
repeat_1_fold_1,SRRM1,0.03302585936377156,0.06605171872754312,0.03302585936377156,0.0,0.25,0.00043600963977680207,0.5
repeat_1_fold_1,ST6GALNAC4,0.0,0.0,0.0,0.0,0.0,0.0,0.0
repeat_1_fold_1,STEAP3,-0.09465948344100994,0.12344025344427105,0.061720126722135525,-0.15637961016314547,0.0,0.00039765461747187647,0.5
repeat_1_fold_1,STN1,0.0,0.0,0.0,0.0,0.0,0.0,0.0
repeat_1_fold_1,STX16,0.08183847465589977,0.07342767809448972,0.03671383904724486,0.045124635608654914,0.75,0.00041078362648638844,1.0
repeat_1_fold_1,STX1A,0.0,0.0,0.0,0.0,0.0,0.0,0.0
repeat_1_fold_1,SULT1A2,0.0,0.0,0.0,0.0,0.0,0.0,0.0
repeat_1_fold_1,SUMO1,-0.11662683641488236,0.13905382588082216,0.06952691294041108,-0.18615374935529344,0.0,-0.0003313788478931934,0.5
repeat_1_fold_1,SWAP70,0.4041171915551196,0.6348035297043513,0.31740176485217564,0.08671542670294397,0.5,-0.0001993588876022523,1.0
repeat_1_fold_1,SYCP1,0.0,0.0,0.0,0.0,0.0,0.0,0.0
repeat_1_fold_1,SYF2,0.0,0.0,0.0,0.0,0.0,0.0,0.0
repeat_1_fold_1,SYK,0.0,0.0,0.0,0.0,0.0,0.00031709791983766666,0.5
repeat_1_fold_1,SYTL2,0.0,0.0,0.0,0.0,0.0,0.0,0.0
repeat_1_fold_1,TAB2,-0.02962262626847334,0.05924525253694668,0.02962262626847334,-0.05924525253694668,0.0,0.00032930445408460574,1.0
repeat_1_fold_1,TAF1,0.0,0.0,0.0,0.0,0.0,0.0,0.0
repeat_1_fold_1,TAF2,0.0,0.0,0.0,0.0,0.0,0.0,0.0
repeat_1_fold_1,TAF5L,0.0,0.0,0.0,0.0,0.0,0.0,0.0
repeat_1_fold_1,TAL1,-0.03062229010884998,0.06124458021769997,0.030622290108849985,-0.06124458021769996,0.0,0.000113058665751814,0.5
repeat_1_fold_1,TARBP2,0.0,0.0,0.0,0.0,0.0,0.0,0.0
repeat_1_fold_1,TAS2R13,0.0,0.0,0.0,0.0,0.0,0.0,0.0
repeat_1_fold_1,TBCE,0.0,0.0,0.0,0.0,0.0,0.0,0.0
repeat_1_fold_1,TBL1X,0.0,0.0,0.0,0.0,0.0,0.0,0.0
repeat_1_fold_1,TBX21,0.02341063775915231,0.04682127551830462,0.02341063775915231,0.0,0.25,-0.00036256744534196583,0.5
repeat_1_fold_1,TBXAS1,0.0,0.0,0.0,0.0,0.0,8.188045263479715e-06,1.0
repeat_1_fold_1,TCF3,0.033794362814383305,0.06758872562876661,0.033794362814383305,0.0,0.25,0.0001426940639269736,0.5
repeat_1_fold_1,TDRD1,0.044702967250984216,0.051734317957211125,0.025867158978605562,0.018835808272378653,0.5,-0.00011695724043286893,0.5
repeat_1_fold_1,TFAP2B,-0.035126231810933106,0.07025246362186621,0.035126231810933106,-0.07025246362186621,0.0,1.598519462564507e-05,1.0
repeat_1_fold_1,TFAP2C,-0.02962262626847334,0.05924525253694668,0.02962262626847334,-0.05924525253694668,0.0,-0.00024171163022798647,0.5
repeat_1_fold_1,TFB2M,0.0,0.0,0.0,0.0,0.0,0.0,0.0
repeat_1_fold_1,TFR2,0.0,0.0,0.0,0.0,0.0,0.0,0.0
repeat_1_fold_1,THBS4,0.0,0.0,0.0,0.0,0.0,0.0,0.0
repeat_1_fold_1,THSD7A,0.0,0.0,0.0,0.0,0.0,0.0,0.0
repeat_1_fold_1,TIAM1,0.0,0.0,0.0,0.0,0.0,0.0,0.0
repeat_1_fold_1,TLR2,-0.02962262626847334,0.05924525253694668,0.02962262626847334,-0.05924525253694668,0.0,-0.00019103015937371737,0.5
repeat_1_fold_1,TM7SF2,0.0,0.0,0.0,0.0,0.0,-9.356579234631734e-05,0.5
repeat_1_fold_1,TMC6,0.0,0.0,0.0,0.0,0.0,-0.00017440385591066532,0.5
repeat_1_fold_1,TMED7,-0.05717947283459601,0.11435894566919202,0.05717947283459601,-0.11435894566919202,0.0,-0.00021404109589040488,0.5
repeat_1_fold_1,TNFRSF10C,0.0,0.0,0.0,0.0,0.0,0.0,0.0
repeat_1_fold_1,TNFRSF10D,0.0,0.0,0.0,0.0,0.0,-7.797149362193112e-06,0.5
repeat_1_fold_1,TNFRSF21,0.0,0.0,0.0,0.0,0.0,0.0,0.0
repeat_1_fold_1,TNFRSF4,0.0,0.0,0.0,0.0,0.0,0.0,0.0
repeat_1_fold_1,TNFSF15,-0.05133528675145271,0.10267057350290543,0.05133528675145271,-0.10267057350290543,0.0,-0.0009275114155250785,0.5
repeat_1_fold_1,TNFSF8,0.0,0.0,0.0,0.0,0.0,0.00025367833587014443,0.5
repeat_1_fold_1,TNKS2,0.0,0.0,0.0,0.0,0.0,0.0,0.0
repeat_1_fold_1,TNS3,0.0,0.0,0.0,0.0,0.0,0.0,0.0
repeat_1_fold_1,TOMM40,0.0,0.0,0.0,0.0,0.0,9.512937595132498e-05,1.0
repeat_1_fold_1,TOMM70,0.0,0.0,0.0,0.0,0.0,0.0,0.0
repeat_1_fold_1,TOP1,0.0,0.0,0.0,0.0,0.0,3.963723997973956e-05,0.5
repeat_1_fold_1,TOP2A,0.09533633207551162,0.35653125041430095,0.17826562520715047,-0.08292929313163885,0.25,-0.00015594298724383449,0.5
repeat_1_fold_1,TOP3A,0.0561052836702185,0.10354755614464366,0.05177377807232183,0.004331505597896669,0.5,-0.0001442472632005587,0.5
repeat_1_fold_1,TP53BP1,0.0,0.0,0.0,0.0,0.0,0.0,0.0
repeat_1_fold_1,TPM1,0.0,0.0,0.0,0.0,0.0,3.963723997973956e-05,0.5
repeat_1_fold_1,TPP1,0.0,0.0,0.0,0.0,0.0,9.512937595132498e-05,0.5
repeat_1_fold_1,TRAPPC2,0.0,0.0,0.0,0.0,0.0,0.0,0.0
repeat_1_fold_1,TRDMT1,0.030138950656391827,0.060277901312783655,0.030138950656391827,0.0,0.25,0.0002853881278539194,0.5
repeat_1_fold_1,TREM2,-0.020095895083947823,0.05655752262946956,0.02827876131473478,-0.0483746563986826,0.25,-0.00032502536783354796,0.5
repeat_1_fold_1,TRHR,0.0,0.0,0.0,0.0,0.0,0.0,0.0
repeat_1_fold_1,TRIM34,0.0,0.0,0.0,0.0,0.0,0.0003803768208401337,1.0
repeat_1_fold_1,TRIM37,0.0,0.0,0.0,0.0,0.0,3.96372399797118e-05,0.5
repeat_1_fold_1,TRIM46,0.0,0.0,0.0,0.0,0.0,0.0,0.0
repeat_1_fold_1,TRIP11,-0.043235514355009386,0.05657493181161405,0.028287465905807024,-0.07152298026081641,0.0,-1.2858027415657558e-05,1.0
repeat_1_fold_1,TRPC3,0.0,0.0,0.0,0.0,0.0,-0.00014814583788166913,0.5
repeat_1_fold_1,TRPM8,0.0,0.0,0.0,0.0,0.0,0.0,0.0
repeat_1_fold_1,TTBK2,-0.035126231810933106,0.07025246362186621,0.035126231810933106,-0.07025246362186621,0.0,5.0681470854269106e-05,0.5
repeat_1_fold_1,TTN,0.0,0.0,0.0,0.0,0.0,0.0,0.5
repeat_1_fold_1,TTPA,0.0761958716112261,0.04806316007847558,0.02403158003923779,0.052164291571988305,1.0,0.0003893570422373871,1.0
repeat_1_fold_1,TUBG1,0.0,0.0,0.0,0.0,0.0,0.0,0.0
repeat_1_fold_1,TWF1,0.0,0.0,0.0,0.0,0.0,0.0,0.0
repeat_1_fold_1,TXLNA,0.025972037745530585,0.057115681086489525,0.028557840543244763,-0.0025858027977141776,0.25,-0.0007875120855815043,0.5
repeat_1_fold_1,TXN2,0.0,0.0,0.0,0.0,0.0,0.0,0.0
repeat_1_fold_1,TXNIP,0.0,0.0,0.0,0.0,0.0,0.00021430169315792003,1.0
repeat_1_fold_1,TXNL1,0.0,0.0,0.0,0.0,0.0,0.0,0.0
repeat_1_fold_1,TYMS,-0.0884207593617301,0.13493501004226982,0.06746750502113491,-0.15588826438286502,0.0,0.0013159563673262598,0.5
repeat_1_fold_1,UBB,0.0,0.0,0.0,0.0,0.0,-8.576864298412423e-05,0.5
repeat_1_fold_1,UBC,0.0,0.0,0.0,0.0,0.0,0.0,0.0
repeat_1_fold_1,UBD,0.06758872562876661,0.07804473787190432,0.03902236893595216,0.028566356692814453,0.5,0.00029331557584985624,0.5
repeat_1_fold_1,UBE2E3,0.0,0.0,0.0,0.0,0.0,-0.0001902587519025667,0.5
repeat_1_fold_1,UBE2G2,0.0,0.0,0.0,0.0,0.0,0.0,0.0
repeat_1_fold_1,UBE2I,0.0,0.0,0.0,0.0,0.0,-2.3261149452807883e-05,1.0
repeat_1_fold_1,UBL4A,0.0,0.0,0.0,0.0,0.0,0.0001109842719431986,0.5
repeat_1_fold_1,UCHL3,0.0,0.0,0.0,0.0,0.0,0.00026692725918706084,1.0
repeat_1_fold_1,UCN,0.0,0.0,0.0,0.0,0.0,8.720192795538817e-05,0.5
repeat_1_fold_1,UFL1,-0.09168665619250227,0.18337331238500454,0.09168665619250227,-0.18337331238500454,0.0,-0.00047837276673379225,1.0
repeat_1_fold_1,UGCG,0.044507535810037524,0.08901507162007505,0.044507535810037524,0.0,0.25,6.432129007244436e-05,1.0
repeat_1_fold_1,UGT1A6,-0.0017532944881875068,0.003506588976375014,0.001753294488187507,-0.0035065889763750135,0.0,-0.000245500674938004,1.0
repeat_1_fold_1,UGT2B15,0.0,0.0,0.0,0.0,0.0,0.0,0.0
repeat_1_fold_1,UIMC1,-0.5287076357735057,0.43840138669156364,0.21920069334578182,-0.7479083291192875,0.25,-0.0003338337532717006,1.0
repeat_1_fold_1,UNC5C,-0.02704052217820241,0.05408104435640482,0.02704052217820241,-0.05408104435640482,0.0,0.0008244545915779,0.5
repeat_1_fold_1,UNG,-0.06474885807940645,0.0753037756514338,0.0376518878257169,-0.10240074590512335,0.0,5.4580045535351784e-05,0.5
repeat_1_fold_1,UQCC1,-0.061142546571698375,0.0706692809319666,0.0353346404659833,-0.09647718703768168,0.0,-0.0002729002276767589,0.5
repeat_1_fold_1,UQCR10,0.014884909541569513,0.029769819083139026,0.014884909541569513,0.0,0.25,-0.00012865296447617247,0.5
repeat_1_fold_1,UROD,0.019019792351778975,0.03803958470355795,0.019019792351778975,0.0,0.25,-0.00016763871128713803,1.0
repeat_1_fold_1,USP14,0.02341063775915231,0.04682127551830462,0.02341063775915231,0.0,0.25,-6.23771948975449e-05,0.5
repeat_1_fold_1,USP33,0.08901507162007505,0.10278575112356829,0.051392875561784145,0.0376221960582909,0.5,-0.00015425948933645017,1.0
repeat_1_fold_1,USP7,0.49577395453372475,0.58994708285466,0.29497354142733,0.20080041310639474,0.5,0.000753107559614441,0.5
repeat_1_fold_1,UTP18,0.0,0.0,0.0,0.0,0.0,2.3782343987838184e-05,0.5
repeat_1_fold_1,UTRN,0.0,0.0,0.0,0.0,0.0,0.0008482369355657382,0.5
repeat_1_fold_1,VCAN,-0.05717947283459601,0.11435894566919202,0.05717947283459601,-0.11435894566919202,0.0,0.00025367833587014443,0.5
repeat_1_fold_1,VDAC1,0.033794362814383305,0.06758872562876661,0.033794362814383305,0.0,0.25,-0.0004844656495259503,1.0
repeat_1_fold_1,VDAC3,0.0,0.0,0.0,0.0,0.0,0.0,0.0
repeat_1_fold_1,VNN2,-0.3800498598642239,0.7600997197284479,0.38004985986422396,-0.7600997197284478,0.0,-0.0012241524498642908,0.5
repeat_1_fold_1,VPS33A,0.13754981343008765,0.09177844808979307,0.04588922404489654,0.09166058938519112,0.75,0.00048369424205482736,1.0
repeat_1_fold_1,VPS72,-0.001897294034755248,0.09414461882666932,0.04707230941333466,-0.048969603448089906,0.25,0.00024171163022798647,0.5
repeat_1_fold_1,WAPL,0.0,0.0,0.0,0.0,0.0,0.0,0.0
repeat_1_fold_1,WDR70,0.0,0.0,0.0,0.0,0.0,0.0,0.0
repeat_1_fold_1,WDTC1,0.0,0.0,0.0,0.0,0.0,-0.0001247543897950898,0.5
repeat_1_fold_1,WIPF2,0.0,0.0,0.0,0.0,0.0,0.0,0.0
repeat_1_fold_1,WNT2B,-0.029766625815039305,0.05953325163007861,0.029766625815039305,-0.05953325163007861,0.0,0.00015594298724386224,0.5
repeat_1_fold_1,WNT5A,-0.18337331238500454,0.21174126253535142,0.10587063126767571,-0.28924394365268025,0.0,0.00012683916793507222,0.5
repeat_1_fold_1,WNT7B,0.0,0.0,0.0,0.0,0.0,0.0,0.0
repeat_1_fold_1,WTAP,0.0,0.0,0.0,0.0,0.0,0.00018233130390665764,0.5
repeat_1_fold_1,WWOX,0.0,0.0,0.0,0.0,0.0,-0.00023703126374435834,1.0
repeat_1_fold_1,WWTR1,0.0,0.0,0.0,0.0,0.0,-1.1304828141989187e-05,1.0
repeat_1_fold_1,XDH,0.0,0.0,0.0,0.0,0.0,0.0,0.0
repeat_1_fold_1,XRCC6,0.0,0.0,0.0,0.0,0.0,0.0,0.0
repeat_1_fold_1,YWHAQ,0.0,0.0,0.0,0.0,0.0,-7.927447995909054e-06,0.5
repeat_1_fold_1,ZC3H15,-0.07875620244583992,0.09532997604679787,0.047664988023398934,-0.12642119046923886,0.0,-0.0007446277640894283,0.5
repeat_1_fold_1,ZKSCAN4,0.0,0.0,0.0,0.0,0.0,-0.00022611733150360025,0.5
repeat_1_fold_1,ZNF175,0.0,0.0,0.0,0.0,0.0,0.0005613947540779041,0.5
repeat_1_fold_1,ZNF211,-0.09168665619250227,0.18337331238500454,0.09168665619250227,-0.18337331238500454,0.0,-6.341958396749448e-05,0.5
repeat_1_fold_1,ZNF230,0.0,0.0,0.0,0.0,0.0,9.35657923463451e-05,0.5
repeat_1_fold_1,ZNF250,0.0,0.0,0.0,0.0,0.0,0.00010305682394726179,0.5
repeat_1_fold_1,ZNF263,0.0,0.0,0.0,0.0,0.0,7.797149362193112e-06,0.5
repeat_1_fold_1,ZNF268,0.0,0.0,0.0,0.0,0.0,0.0,0.0
repeat_1_fold_1,ZNF394,0.02341063775915231,0.04682127551830462,0.02341063775915231,0.0,0.25,0.00021910197394392483,1.0
repeat_1_fold_1,ZNF443,0.06758872562876661,0.07804473787190432,0.03902236893595216,0.028566356692814453,0.5,0.00023782343987824306,0.5
repeat_1_fold_1,ZNF446,-0.09168665619250227,0.18337331238500454,0.09168665619250227,-0.18337331238500454,0.0,-0.00020611364789446807,0.5
repeat_1_fold_1,ZNF467,-0.05953325163007861,0.06874307770871922,0.03437153885435961,-0.09390479048443823,0.0,8.576864298412423e-05,0.5
repeat_1_fold_1,ZNF473,-0.10591877928471582,0.12468825494706087,0.062344127473530436,-0.16826290675824626,0.0,-0.0001871315846926347,0.5
repeat_1_fold_1,ZNF480,-0.0438056960607085,0.05058246082537796,0.02529123041268898,-0.06909692647339748,0.0,-8.72019279553049e-05,0.5
repeat_1_fold_1,ZNF552,0.027869331780284057,0.055738663560568114,0.027869331780284057,0.0,0.25,0.00018856486966389863,1.0
repeat_1_fold_1,ZNF614,0.0,0.0,0.0,0.0,0.0,0.0,0.0
repeat_1_fold_1,ZNF667,0.0,0.0,0.0,0.0,0.0,3.118859744877245e-05,0.5
repeat_1_fold_1,ZNF668,0.0,0.0,0.0,0.0,0.0,-0.00010305682394720628,0.5
repeat_1_fold_1,ZNF671,0.10697562601574617,0.12352481295383957,0.06176240647691979,0.045213219538826385,0.5,1.0794017938409173e-05,1.0
repeat_1_fold_1,ZNF747,-0.02962262626847334,0.05924525253694668,0.02962262626847334,-0.05924525253694668,0.0,-0.00013385452549474763,1.0
repeat_1_fold_2,A1CF,0.0,0.0,0.0,0.0,0.0,0.00012485173856047194,0.5
repeat_1_fold_2,A2M,0.0,0.0,0.0,0.0,0.0,0.0,0.0
repeat_1_fold_2,A4GALT,0.0,0.0,0.0,0.0,0.0,0.0,0.0
repeat_1_fold_2,A4GNT,0.0,0.0,0.0,0.0,0.0,0.00036711917504245184,0.5
repeat_1_fold_2,AAAS,0.0,0.0,0.0,0.0,0.0,-8.15820388980204e-06,0.5
repeat_1_fold_2,AACS,0.0,0.0,0.0,0.0,0.0,0.0,0.0
repeat_1_fold_2,AADAC,0.0,0.0,0.0,0.0,0.0,0.00015606467320058992,0.5
repeat_1_fold_2,AAK1,0.0,0.0,0.0,0.0,0.0,-2.340970098008155e-05,0.5
repeat_1_fold_2,AAMP,0.0,0.0,0.0,0.0,0.0,0.00017947437418067147,0.5
repeat_1_fold_2,AARS1,0.0,0.0,0.0,0.0,0.0,0.0,0.0
repeat_1_fold_2,AASDHPPT,0.0,0.0,0.0,0.0,0.0,0.0,0.0
repeat_1_fold_2,AASS,0.0,0.0,0.0,0.0,0.0,0.0,0.0
repeat_1_fold_2,AATF,0.0,0.0,0.0,0.0,0.0,5.462263562019953e-05,0.5
repeat_1_fold_2,ABAT,0.0,0.0,0.0,0.0,0.0,-0.00010605665056778735,0.5
repeat_1_fold_2,ABCA1,0.0,0.0,0.0,0.0,0.0,0.0,0.0
repeat_1_fold_2,ABCA12,0.0,0.0,0.0,0.0,0.0,-0.00023409700980084325,0.5
repeat_1_fold_2,ABCA2,-0.049070109994181266,0.05985327167071428,0.02992663583535714,-0.0789967458295384,0.0,-0.00013868946612710653,0.5
repeat_1_fold_2,ABCA3,-0.050402662374899876,0.06608137953259934,0.03304068976629967,-0.08344335214119955,0.0,-0.0004994069542418322,0.5
repeat_1_fold_2,ABCA4,0.0,0.0,0.0,0.0,0.0,0.0,0.0
repeat_1_fold_2,ABCA5,0.0,0.0,0.0,0.0,0.0,0.0,0.0
repeat_1_fold_2,ABCA6,0.0,0.0,0.0,0.0,0.0,0.0,0.0
repeat_1_fold_2,ABCA7,0.0,0.0,0.0,0.0,0.0,2.340970098008155e-05,0.5
repeat_1_fold_2,ABCA8,0.0,0.0,0.0,0.0,0.0,0.0,0.0
repeat_1_fold_2,ABCB1,0.0,0.0,0.0,0.0,0.0,-3.1212934640117984e-05,0.5
repeat_1_fold_2,ABCB11,0.0,0.0,0.0,0.0,0.0,0.0,0.0
repeat_1_fold_2,ABCB4,0.0,0.0,0.0,0.0,0.0,0.0,0.0
repeat_1_fold_2,ABCB6,0.0,0.0,0.0,0.0,0.0,0.0,0.0
repeat_1_fold_2,ABCB7,0.0,0.0,0.0,0.0,0.0,0.0,0.0
repeat_1_fold_2,ABCB8,0.0,0.0,0.0,0.0,0.0,0.0,0.0
repeat_1_fold_2,ABCB9,0.0,0.0,0.0,0.0,0.0,0.0,0.0
repeat_1_fold_2,ABCC1,0.0,0.0,0.0,0.0,0.0,-0.00010924527124039907,0.5
repeat_1_fold_2,ABCC10,0.0,0.0,0.0,0.0,0.0,0.00012237305834750245,0.5
repeat_1_fold_2,ABCC2,0.0,0.0,0.0,0.0,0.0,0.0,0.0
repeat_1_fold_2,ABCC3,0.0,0.0,0.0,0.0,0.0,0.0,0.0
repeat_1_fold_2,ABCC4,0.0,0.0,0.0,0.0,0.0,0.0,0.0
repeat_1_fold_2,ABCC5,0.0,0.0,0.0,0.0,0.0,1.6316407779687347e-05,0.5
repeat_1_fold_2,ABCC6,-0.009315681083904792,0.010756821962954273,0.005378410981477137,-0.014694092065381928,0.0,0.0001716711405206628,0.5
repeat_1_fold_2,ABCC8,-0.03744873160189499,0.0631467934630312,0.0315733967315156,-0.06902212833341059,0.0,0.0005058086411696139,0.5
repeat_1_fold_2,ABCC9,0.0,0.0,0.0,0.0,0.0,0.0,0.0
repeat_1_fold_2,ABCD1,0.0,0.0,0.0,0.0,0.0,0.0,0.0
repeat_1_fold_2,ABCD2,0.0,0.0,0.0,0.0,0.0,-7.342383500846816e-05,0.5
repeat_1_fold_2,ABCD3,0.0,0.0,0.0,0.0,0.0,-0.0004447843186216327,0.5
repeat_1_fold_2,ABCD4,0.0,0.0,0.0,0.0,0.0,0.0003766911484558433,1.0
repeat_1_fold_2,ABCE1,0.0,0.0,0.0,0.0,0.0,-0.0005139668450593604,0.5
repeat_1_fold_2,ABCF1,0.0,0.0,0.0,0.0,0.0,7.803233660030884e-05,0.5
repeat_1_fold_2,ABCF2,0.0,0.0,0.0,0.0,0.0,0.0,0.0
repeat_1_fold_2,ABCG1,0.0,0.0,0.0,0.0,0.0,3.901616830015442e-05,0.5
repeat_1_fold_2,ABCG2,0.0,0.0,0.0,0.0,0.0,0.0,0.0
repeat_1_fold_2,ABCG4,0.0,0.0,0.0,0.0,0.0,0.0,0.0
repeat_1_fold_2,ABCG5,0.0,0.0,0.0,0.0,0.0,0.0,0.0
repeat_1_fold_2,ABHD10,0.0,0.0,0.0,0.0,0.0,0.0005058086411695861,0.5
repeat_1_fold_2,ABHD17A,0.0,0.0,0.0,0.0,0.0,0.0003426445633729347,0.5
repeat_1_fold_2,ABHD17B,0.0,0.0,0.0,0.0,0.0,0.0003681718629406361,1.0
repeat_1_fold_2,ABHD3,0.0,0.0,0.0,0.0,0.0,-5.710742722880857e-05,0.5
repeat_1_fold_2,ABHD5,0.0,0.0,0.0,0.0,0.0,0.00010144203758039039,0.5
repeat_1_fold_2,ABHD6,0.0,0.0,0.0,0.0,0.0,0.0,0.0
repeat_1_fold_2,ABI1,0.0,0.0,0.0,0.0,0.0,0.0,0.0
repeat_1_fold_2,ABI2,0.019165505031439878,0.038331010062879756,0.019165505031439878,0.0,0.25,-0.0001170485049004355,0.5
repeat_1_fold_2,ABL1,-0.0841824798473354,0.10181793694546168,0.05090896847273084,-0.13509144832006625,0.0,0.0003057582164516237,1.0
repeat_1_fold_2,ABL2,0.0,0.0,0.0,0.0,0.0,-8.583557026028976e-05,0.5
repeat_1_fold_2,ABLIM1,0.0,0.0,0.0,0.0,0.0,-0.00047317582561021143,0.5
repeat_1_fold_2,ABLIM3,0.0,0.0,0.0,0.0,0.0,0.0,0.0
repeat_1_fold_2,ABRAXAS2,0.0,0.0,0.0,0.0,0.0,0.0,0.0
repeat_1_fold_2,ACAA1,-0.07677593652051229,0.09050276217903465,0.045251381089517324,-0.1220273176100296,0.0,-0.00025290432058475143,0.5
repeat_1_fold_2,ACAA2,-0.06897226900595399,0.09700789243691088,0.04850394621845544,-0.11747621522440943,0.0,8.158203889857552e-06,0.5
repeat_1_fold_2,ACACA,-0.06547570007590764,0.07560482612840895,0.037802413064204475,-0.10327811314011212,0.0,-0.00021211330113560245,0.5
repeat_1_fold_2,ACAD10,0.04278187504232278,0.08556375008464556,0.04278187504232278,0.0,0.25,0.00010924527124042682,0.5
repeat_1_fold_2,ACADL,0.0,0.0,0.0,0.0,0.0,0.0,0.0
repeat_1_fold_2,ACADS,0.0,0.0,0.0,0.0,0.0,0.0,0.0
repeat_1_fold_2,ACADSB,0.0,0.0,0.0,0.0,0.0,7.803233660036435e-06,0.5
repeat_1_fold_2,ACADVL,0.0,0.0,0.0,0.0,0.0,0.0,0.0
repeat_1_fold_2,ACAN,0.14070719443052937,0.1624746731627663,0.08123733658138314,0.059469857849146227,0.5,-0.0002422552136906453,1.0
repeat_1_fold_2,ACAT1,0.0,0.0,0.0,0.0,0.0,-0.00018727760784068015,0.5
repeat_1_fold_2,ACAT2,0.0,0.0,0.0,0.0,0.0,-0.0005306198888819502,0.5
repeat_1_fold_2,ACBD3,0.0,0.0,0.0,0.0,0.0,0.0,0.0
repeat_1_fold_2,ACBD4,0.0,0.0,0.0,0.0,0.0,0.0005465996606187351,0.5
repeat_1_fold_2,ACD,0.0,0.0,0.0,0.0,0.0,0.0,0.0
repeat_1_fold_2,ACE,0.0,0.0,0.0,0.0,0.0,0.00013053126223733225,0.5
repeat_1_fold_2,ACE2,0.0,0.0,0.0,0.0,0.0,0.0,0.0
repeat_1_fold_2,ACHE,0.0,0.0,0.0,0.0,0.0,0.0,0.0
repeat_1_fold_2,ACIN1,0.0,0.0,0.0,0.0,0.0,2.340970098008155e-05,0.5
repeat_1_fold_2,ACKR1,0.0,0.0,0.0,0.0,0.0,0.00033553904738123363,0.5
repeat_1_fold_2,ACKR2,0.0,0.0,0.0,0.0,0.0,9.789844667801306e-05,0.5
repeat_1_fold_2,ACKR3,0.0,0.0,0.0,0.0,0.0,0.0,0.0
repeat_1_fold_2,ACKR4,0.0,0.0,0.0,0.0,0.0,0.0,0.0
repeat_1_fold_2,ACO2,0.0,0.0,0.0,0.0,0.0,0.0,0.0
repeat_1_fold_2,ACOT11,0.07096192689559544,0.08533870985373047,0.04266935492686524,0.028292571968730203,0.5,0.0005423400178611038,1.0
repeat_1_fold_2,ACOT13,0.0,0.0,0.0,0.0,0.0,-7.803233660028108e-05,0.5
repeat_1_fold_2,ACOT2,0.0,0.0,0.0,0.0,0.0,7.803233660036435e-06,0.5
repeat_1_fold_2,ACOT7,0.0,0.0,0.0,0.0,0.0,0.0,0.0
repeat_1_fold_2,ACOT9,0.0,0.0,0.0,0.0,0.0,0.0,0.0
repeat_1_fold_2,ACOX1,0.0,0.0,0.0,0.0,0.0,0.00031816995170347306,0.5
repeat_1_fold_2,ACOX2,0.0,0.0,0.0,0.0,0.0,-5.462263562019953e-05,0.5
repeat_1_fold_2,ACOX3,0.0,0.0,0.0,0.0,0.0,0.0,0.0
repeat_1_fold_2,ACOXL,0.0,0.0,0.0,0.0,0.0,3.2632815559374695e-05,0.5
repeat_1_fold_2,ACP3,0.0,0.0,0.0,0.0,0.0,6.526563111866612e-05,0.5
repeat_1_fold_2,ACP5,0.0,0.0,0.0,0.0,0.0,0.0,0.0
repeat_1_fold_2,ACP6,0.12172168533501448,0.24344337067002894,0.12172168533501447,1.3877787807814457e-17,0.25,-0.00023658791280509184,0.5
repeat_1_fold_2,ACR,0.0,0.0,0.0,0.0,0.0,0.0,0.0
repeat_1_fold_2,ACSBG1,0.0,0.0,0.0,0.0,0.0,0.0,0.0
repeat_1_fold_2,ACSBG2,0.0,0.0,0.0,0.0,0.0,1.3831616171106065e-05,1.0
repeat_1_fold_2,ACSF2,0.0,0.0,0.0,0.0,0.0,0.0,0.0
repeat_1_fold_2,ACSL1,0.0,0.0,0.0,0.0,0.0,0.0002855371361441539,0.5
repeat_1_fold_2,ACSL3,0.0,0.0,0.0,0.0,0.0,-0.00020288407516075302,0.5
repeat_1_fold_2,ACSL4,0.10335734400581487,0.2580204908996445,0.12901024544982226,-0.025652901444007392,0.25,-0.0006338551117981983,1.0
repeat_1_fold_2,ACSL5,-0.11516621549495909,0.07948083946076143,0.03974041973038071,-0.15490663522533982,0.0,-0.0011694384725017548,1.0
repeat_1_fold_2,ACSL6,0.0,0.0,0.0,0.0,0.0,-1.5606467320045114e-05,0.5
repeat_1_fold_2,ACSM1,0.0,0.0,0.0,0.0,0.0,0.0,0.0
repeat_1_fold_2,ACSM2A,0.0,0.0,0.0,0.0,0.0,0.0,0.0
repeat_1_fold_2,ACSM5,0.0,0.0,0.0,0.0,0.0,0.0,0.0
repeat_1_fold_2,ACTA1,0.0,0.0,0.0,0.0,0.0,0.0,0.0
repeat_1_fold_2,ACTA2,0.0,0.0,0.0,0.0,0.0,5.462263562022729e-05,0.5
repeat_1_fold_2,ACTB,0.0,0.0,0.0,0.0,0.0,0.00020288407516075302,0.5
repeat_1_fold_2,ACTC1,0.015286752531013192,0.03057350506202639,0.015286752531013194,-1.734723475976807e-18,0.25,-0.00010605665056778735,0.5
repeat_1_fold_2,ACTG1,0.0,0.0,0.0,0.0,0.0,0.0,0.0
repeat_1_fold_2,ACTG2,0.0,0.0,0.0,0.0,0.0,0.0,0.0
repeat_1_fold_2,ACTL6A,0.0,0.0,0.0,0.0,0.0,0.00019579689335599837,0.5
repeat_1_fold_2,ACTL6B,0.0,0.0,0.0,0.0,0.0,0.0002724093490370505,1.0
repeat_1_fold_2,ACTN1,0.0,0.0,0.0,0.0,0.0,0.0,0.0
repeat_1_fold_2,ACTN2,0.0,0.0,0.0,0.0,0.0,0.0,0.0
repeat_1_fold_2,ACTN3,0.0,0.0,0.0,0.0,0.0,0.0,0.0
repeat_1_fold_2,ACTN4,0.0,0.0,0.0,0.0,0.0,0.0,0.5
repeat_1_fold_2,ACTR10,0.0,0.0,0.0,0.0,0.0,0.0,0.0
repeat_1_fold_2,ACTR1A,0.43432345914643555,0.5278453416206624,0.2639226708103312,0.17040078833610434,0.5,-0.00018941965201071942,1.0
repeat_1_fold_2,ACTR1B,0.0,0.0,0.0,0.0,0.0,0.0,0.0
repeat_1_fold_2,ACTR2,0.0,0.0,0.0,0.0,0.0,-0.0005256625284559557,1.0
repeat_1_fold_2,ACTR3,-0.06562878345516765,0.0757815915888574,0.0378907957944287,-0.10351957924959634,0.0,-8.974024278812776e-05,0.5
repeat_1_fold_2,ACVR1B,0.0002658967525963618,0.0005317935051927236,0.0002658967525963618,0.0,0.25,0.0003096567775838499,1.0
repeat_1_fold_2,ACVR2A,0.0,0.0,0.0,0.0,0.0,4.68194019601631e-05,0.5
repeat_1_fold_2,ACVR2B,0.0,0.0,0.0,0.0,0.0,0.0,0.0
repeat_1_fold_2,ACVRL1,0.0,0.0,0.0,0.0,0.0,7.4482634302708295e-06,1.0
repeat_1_fold_2,ADA,0.0,0.0,0.0,0.0,0.0,-0.00034334228104127007,0.5
repeat_1_fold_2,ADAM11,-0.0842590215369654,0.10193955236534859,0.050969776182674294,-0.1352287977196397,0.0,2.7755575615628914e-17,0.5
repeat_1_fold_2,ADAM12,0.0,0.0,0.0,0.0,0.0,0.0,0.0
repeat_1_fold_2,ADAM15,0.0,0.0,0.0,0.0,0.0,0.0,0.0
repeat_1_fold_2,ADAM17,-0.03273785003795382,0.06547570007590764,0.03273785003795382,-0.06547570007590764,0.0,0.00026992455742844146,1.0
repeat_1_fold_2,ADAM19,0.13700843786602768,0.23502652868268212,0.11751326434134106,0.019495173524686618,0.5,-0.00021211330113560245,0.5
repeat_1_fold_2,ADAM2,-0.03726047616359196,0.04302469188636691,0.021512345943183454,-0.05877282210677541,0.0,-8.158203889829796e-05,0.5
repeat_1_fold_2,ADAM20,0.0,0.0,0.0,0.0,0.0,-0.00025290432058475143,0.5
repeat_1_fold_2,ADAM21,0.13087295479470562,0.26501451396347825,0.13250725698173912,-0.001634302187033504,0.25,8.088432123004585e-05,1.0
repeat_1_fold_2,ADAM22,0.0,0.0,0.0,0.0,0.0,0.00023977042208209176,1.0
repeat_1_fold_2,ADAM23,0.0,0.0,0.0,0.0,0.0,0.0,0.0
repeat_1_fold_2,ADAM30,0.0,0.0,0.0,0.0,0.0,0.0,0.0
repeat_1_fold_2,ADAM8,0.0,0.0,0.0,0.0,0.0,0.0,0.0
repeat_1_fold_2,ADAM9,0.0,0.0,0.0,0.0,0.0,-0.00015500587390676612,0.5
repeat_1_fold_2,ADAMTS1,-0.032814391727583825,0.06562878345516765,0.032814391727583825,-0.06562878345516765,0.0,0.00037527737893228164,0.5
repeat_1_fold_2,ADAMTS12,0.0,0.0,0.0,0.0,0.0,4.6819401960190854e-05,0.5
repeat_1_fold_2,ADAMTS13,0.0,0.0,0.0,0.0,0.0,0.0,0.0
repeat_1_fold_2,ADAMTS2,0.0,0.0,0.0,0.0,0.0,-3.9016168300126663e-05,0.5
repeat_1_fold_2,ADAMTS3,0.06194738007376266,0.12389476014752532,0.06194738007376266,0.0,0.25,0.00033553904738123363,0.5
repeat_1_fold_2,ADAMTS5,0.0,0.0,0.0,0.0,0.0,-8.15820388980204e-06,0.5
repeat_1_fold_2,ADAMTS6,0.11029248085623244,0.19303745321013355,0.09651872660506677,0.01377375425116567,0.5,0.00030255737298776064,1.0
repeat_1_fold_2,ADAMTS7,0.0,0.0,0.0,0.0,0.0,0.0,0.0
repeat_1_fold_2,ADAMTS8,0.0,0.0,0.0,0.0,0.0,0.0005774392908421411,0.5
repeat_1_fold_2,ADAMTS9,0.0,0.0,0.0,0.0,0.0,0.0,0.0
repeat_1_fold_2,ADAMTSL2,0.018549751081787136,0.021587527104444545,0.010793763552222273,0.007755987529564863,0.5,0.00013868946612716204,0.5
repeat_1_fold_2,ADAMTSL3,0.0,0.0,0.0,0.0,0.0,-6.242586928023597e-05,0.5
repeat_1_fold_2,ADAMTSL4,0.0,0.0,0.0,0.0,0.0,-0.0002965228790810792,0.5
repeat_1_fold_2,ADAP1,0.0,0.0,0.0,0.0,0.0,0.0006037070878475714,0.5
repeat_1_fold_2,ADAR,0.0,0.0,0.0,0.0,0.0,-1.914394682675513e-05,1.0
repeat_1_fold_2,ADARB1,0.0,0.0,0.0,0.0,0.0,0.0001872776078407079,0.5
repeat_1_fold_2,ADAT1,0.0,0.0,0.0,0.0,0.0,0.0,0.0
repeat_1_fold_2,ADCY1,0.0,0.0,0.0,0.0,0.0,6.845425179127784e-05,1.0
repeat_1_fold_2,ADCY10,0.35109499983486003,0.45151601857244283,0.22575800928622142,0.12533699054863862,0.5,0.000620023495627231,0.5
repeat_1_fold_2,ADCY2,0.0,0.0,0.0,0.0,0.0,0.0,0.0
repeat_1_fold_2,ADCY3,0.0,0.0,0.0,0.0,0.0,-2.3409700980053794e-05,0.5
repeat_1_fold_2,ADCY6,0.0,0.0,0.0,0.0,0.0,-0.000234097009800871,0.5
repeat_1_fold_2,ADCY8,0.0,0.0,0.0,0.0,0.0,0.00023587797234553287,1.0
repeat_1_fold_2,ADCY9,-0.01245000950848052,0.02490001901696104,0.01245000950848052,-0.02490001901696104,0.0,0.000511837023680628,1.0
repeat_1_fold_2,ADCYAP1,0.0,0.0,0.0,0.0,0.0,0.0,0.0
repeat_1_fold_2,ADCYAP1R1,0.29534095054462384,0.5292617561006231,0.26463087805031155,0.03071007249431229,0.5,0.0005799301938464174,1.0
repeat_1_fold_2,ADD1,0.0,0.0,0.0,0.0,0.0,7.342383500852367e-05,0.5
repeat_1_fold_2,ADD2,-0.01863023808179598,0.03726047616359196,0.01863023808179598,-0.03726047616359196,0.0,3.2632815559374695e-05,0.5
repeat_1_fold_2,ADD3,0.0,0.0,0.0,0.0,0.0,0.0,0.0
repeat_1_fold_2,ADGRE1,0.0,0.0,0.0,0.0,0.0,0.0,0.0
repeat_1_fold_2,ADGRE2,0.0,0.0,0.0,0.0,0.0,5.462263562022729e-05,0.5
repeat_1_fold_2,ADGRE3,-0.032814391727583825,0.06562878345516765,0.032814391727583825,-0.06562878345516765,0.0,-2.4474611669461632e-05,0.5
repeat_1_fold_2,ADGRE5,0.0,0.0,0.0,0.0,0.0,0.00014684767001699184,0.5
repeat_1_fold_2,ADGRF5,-0.034784083703170765,0.06956816740634153,0.034784083703170765,-0.06956816740634153,0.0,-0.0008792806119745644,1.0
repeat_1_fold_2,ADGRG3,0.0,0.0,0.0,0.0,0.0,-9.363880392035395e-05,0.5
repeat_1_fold_2,ADGRG6,0.0,0.0,0.0,0.0,0.0,-0.00010073209712074815,1.0
repeat_1_fold_2,ADGRV1,0.0,0.0,0.0,0.0,0.0,0.0,0.0
repeat_1_fold_2,ADH1A,0.0,0.0,0.0,0.0,0.0,0.0,0.0
repeat_1_fold_2,ADH1B,0.0,0.0,0.0,0.0,0.0,0.00042422660227128817,0.5
repeat_1_fold_2,ADH5,0.0,0.0,0.0,0.0,0.0,0.0,0.0
repeat_1_fold_2,ADH6,0.0,0.0,0.0,0.0,0.0,0.0,0.0
repeat_1_fold_2,ADH7,0.03233339114769507,0.03733538416587042,0.01866769208293521,0.013665699064759857,0.5,0.0007831875734238547,0.5
repeat_1_fold_2,ADI1,-0.06311262293074194,0.07565895978420113,0.037829479892100566,-0.1009421028228425,0.0,0.0007792829008960722,1.0
repeat_1_fold_2,ADIPOQ,0.0,0.0,0.0,0.0,0.0,0.0,0.0
repeat_1_fold_2,ADIPOR1,0.0,0.0,0.0,0.0,0.0,0.0,0.0
repeat_1_fold_2,ADIPOR2,0.0,0.0,0.0,0.0,0.0,7.022910294024465e-05,0.5
repeat_1_fold_2,ADIRF,0.0,0.0,0.0,0.0,0.0,-8.583557026031752e-05,0.5
repeat_1_fold_2,ADK,0.0,0.0,0.0,0.0,0.0,-8.158203889829796e-05,0.5
repeat_1_fold_2,ADM,0.0,0.0,0.0,0.0,0.0,0.0,0.0
repeat_1_fold_2,ADM2,0.0,0.0,0.0,0.0,0.0,-7.803233660036435e-06,0.5
repeat_1_fold_2,ADO,-0.03273785003795382,0.06547570007590764,0.03273785003795382,-0.06547570007590764,0.0,0.00024757976713776775,1.0
repeat_1_fold_2,ADORA1,0.0,0.0,0.0,0.0,0.0,5.710742722886408e-05,0.5
repeat_1_fold_2,ADORA2A,0.0,0.0,0.0,0.0,0.0,8.583557026031752e-05,0.5
repeat_1_fold_2,ADORA2B,0.0,0.0,0.0,0.0,0.0,0.0,0.0
repeat_1_fold_2,ADORA3,0.0,0.0,0.0,0.0,0.0,-1.5606467320045114e-05,0.5
repeat_1_fold_2,ADPGK,0.0,0.0,0.0,0.0,0.0,0.0,0.0
repeat_1_fold_2,ADPRM,0.015286752531013192,0.03057350506202639,0.015286752531013194,-1.734723475976807e-18,0.25,0.00037527737893228164,0.5
repeat_1_fold_2,ADRA1A,-0.06547570007590764,0.07560482612840895,0.037802413064204475,-0.10327811314011212,0.0,-0.00012237305834744694,0.5
repeat_1_fold_2,ADRA1B,0.009549813771476678,0.07723216454889126,0.03861608227444563,-0.02906626850296895,0.25,-0.0004976504372797008,0.5
repeat_1_fold_2,ADRA1D,0.0,0.0,0.0,0.0,0.0,0.0,0.0
repeat_1_fold_2,ADRA2B,0.0,0.0,0.0,0.0,0.0,0.0,0.0
repeat_1_fold_2,ADRA2C,0.0,0.0,0.0,0.0,0.0,-0.00020359401562031199,1.0
repeat_1_fold_2,ADRB1,0.1030914472532185,0.206182894506437,0.1030914472532185,0.0,0.25,1.4541556630692787e-05,1.0
repeat_1_fold_2,ADRB2,0.0,0.0,0.0,0.0,0.0,-9.789844667795755e-05,0.5
repeat_1_fold_2,ADRB3,0.0,0.0,0.0,0.0,0.0,0.00021849054248079813,0.5
repeat_1_fold_2,ADRM1,0.2315428910523618,0.46308578210472356,0.23154289105236178,2.7755575615628914e-17,0.25,-0.00021849054248079813,0.5
repeat_1_fold_2,ADSL,0.0,0.0,0.0,0.0,0.0,2.340970098008155e-05,0.5
repeat_1_fold_2,ADSS2,0.0,0.0,0.0,0.0,0.0,0.0,0.0
repeat_1_fold_2,AFDN,0.0,0.0,0.0,0.0,0.0,0.0002039550972458004,0.5
repeat_1_fold_2,AFF4,0.0,0.0,0.0,0.0,0.0,-1.6671378009452953e-05,1.0
repeat_1_fold_2,AFG3L2,0.0,0.0,0.0,0.0,0.0,0.0,0.0
repeat_1_fold_2,AFP,0.0,0.0,0.0,0.0,0.0,0.0,0.0
repeat_1_fold_2,AGA,0.0,0.0,0.0,0.0,0.0,0.0,0.0
repeat_1_fold_2,AGBL2,0.0,0.0,0.0,0.0,0.0,0.0,0.0
repeat_1_fold_2,AGBL3,0.0,0.0,0.0,0.0,0.0,0.0,0.0
repeat_1_fold_2,AGBL5,0.0,0.0,0.0,0.0,0.0,-0.00016316407779659592,0.5
repeat_1_fold_2,AGER,0.0,0.0,0.0,0.0,0.0,0.0,0.0
repeat_1_fold_2,AGFG1,0.0,0.0,0.0,0.0,0.0,0.0,0.0
repeat_1_fold_2,AGGF1,0.0,0.0,0.0,0.0,0.0,3.1212934640117984e-05,0.5
repeat_1_fold_2,AGK,0.0,0.0,0.0,0.0,0.0,-8.158203889829796e-05,0.5
repeat_1_fold_2,AGL,0.0,0.0,0.0,0.0,0.0,0.0,0.0
repeat_1_fold_2,AGMAT,0.0,0.0,0.0,0.0,0.0,0.0,0.0
repeat_1_fold_2,AGO1,-0.06562878345516765,0.0757815915888574,0.0378907957944287,-0.10351957924959634,0.0,8.158203889857552e-06,0.5
repeat_1_fold_2,AGO2,0.0,0.0,0.0,0.0,0.0,0.0,0.0
repeat_1_fold_2,AGO3,-0.03505527839314482,0.04047834883359886,0.02023917441679943,-0.055294452809944244,0.0,0.00011421485445767265,0.5
repeat_1_fold_2,AGO4,-0.01752763919657241,0.03505527839314482,0.01752763919657241,-0.03505527839314482,0.0,8.974024278818327e-05,0.5
repeat_1_fold_2,AGPAT1,0.0,0.0,0.0,0.0,0.0,-7.022910294024465e-05,0.5
repeat_1_fold_2,AGPAT2,0.0,0.0,0.0,0.0,0.0,0.00029652287908110697,0.5
repeat_1_fold_2,AGPAT3,0.0,0.0,0.0,0.0,0.0,0.0,0.0
repeat_1_fold_2,AGPAT4,0.04278187504232278,0.08556375008464556,0.04278187504232278,0.0,0.25,-0.0005774392908421133,0.5
repeat_1_fold_2,AGPAT5,0.0,0.0,0.0,0.0,0.0,0.0,0.0
repeat_1_fold_2,AGPS,0.0,0.0,0.0,0.0,0.0,0.00013868946612716204,0.5
repeat_1_fold_2,AGRN,0.12172168533501448,0.24344337067002894,0.12172168533501447,1.3877787807814457e-17,0.25,0.00024474611669497714,0.5
repeat_1_fold_2,AGRP,0.0,0.0,0.0,0.0,0.0,0.0,0.0
repeat_1_fold_2,AGT,0.0,0.0,0.0,0.0,0.0,2.7755575615628914e-17,0.5
repeat_1_fold_2,AGTPBP1,0.0,0.0,0.0,0.0,0.0,8.583557026031752e-05,0.5
repeat_1_fold_2,AGTR1,0.0,0.0,0.0,0.0,0.0,0.0,0.0
repeat_1_fold_2,AGTR2,0.0,0.0,0.0,0.0,0.0,-0.00011846227442399715,1.0
repeat_1_fold_2,AGXT,0.08556375008464556,0.09880050828848795,0.049400254144243975,0.03616349594040159,0.5,0.00012485173856044418,0.5
repeat_1_fold_2,AHCTF1,0.019165505031439878,0.038331010062879756,0.019165505031439878,0.0,0.25,-0.0003277358137211972,0.5
repeat_1_fold_2,AHCY,0.0,0.0,0.0,0.0,0.0,0.0,0.0
repeat_1_fold_2,AHCYL1,0.0,0.0,0.0,0.0,0.0,0.0,0.0
repeat_1_fold_2,AHI1,0.0,0.0,0.0,0.0,0.0,0.0,0.0
repeat_1_fold_2,AHR,-0.02166301755777944,0.04332603511555888,0.02166301755777944,-0.04332603511555888,0.0,0.0006710780947624673,0.5
repeat_1_fold_2,AHSG,0.0,0.0,0.0,0.0,0.0,0.00017947437418067147,0.5
repeat_1_fold_2,AICDA,0.0,0.0,0.0,0.0,0.0,-2.4474611669461632e-05,0.5
repeat_1_fold_2,AIM2,0.0,0.0,0.0,0.0,0.0,0.00017096120006107607,1.0
repeat_1_fold_2,AIMP1,0.0,0.0,0.0,0.0,0.0,0.0,0.5
repeat_1_fold_2,AIMP2,0.04278187504232278,0.08556375008464556,0.04278187504232278,0.0,0.25,-4.894311194331147e-05,1.0
repeat_1_fold_2,AIP,0.0,0.0,0.0,0.0,0.0,0.0,0.0
repeat_1_fold_2,AK1,0.0,0.0,0.0,0.0,0.0,0.0005948389434981549,1.0
repeat_1_fold_2,AK2,0.0,0.0,0.0,0.0,0.0,-0.00013265497222048062,0.5
repeat_1_fold_2,AK5,0.0,0.0,0.0,0.0,0.0,0.0,0.0
repeat_1_fold_2,AK6,0.0,0.0,0.0,0.0,0.0,0.0,0.0
repeat_1_fold_2,AKAP1,0.0,0.0,0.0,0.0,0.0,2.340970098008155e-05,0.5
repeat_1_fold_2,AKAP10,-0.03273785003795382,0.06547570007590764,0.03273785003795382,-0.06547570007590764,0.0,-8.12270686685046e-05,1.0
repeat_1_fold_2,AKAP12,0.0,0.0,0.0,0.0,0.0,0.0,0.0
repeat_1_fold_2,AKAP8L,0.0,0.0,0.0,0.0,0.0,-7.803233660028108e-05,0.5
repeat_1_fold_2,AKAP9,0.0,0.0,0.0,0.0,0.0,0.00016316407779665143,0.5
repeat_1_fold_2,AKR1A1,0.0,0.0,0.0,0.0,0.0,0.0007285649378036829,1.0
repeat_1_fold_2,AKR1B1,0.0,0.0,0.0,0.0,0.0,0.0,0.0
repeat_1_fold_2,AKR1B10,0.12172168533501448,0.24344337067002894,0.12172168533501447,1.3877787807814457e-17,0.25,8.868144349472029e-06,1.0
repeat_1_fold_2,AKR1C1,-0.02490001901696104,0.028752065364538514,0.014376032682269257,-0.0392760516992303,0.0,-0.0002149469515783653,1.0
repeat_1_fold_2,AKR1C2,0.0,0.0,0.0,0.0,0.0,0.0,0.0
repeat_1_fold_2,AKR1C3,-0.03726047616359196,0.04302469188636691,0.021512345943183454,-0.05877282210677541,0.0,0.00010605665056784286,0.5
repeat_1_fold_2,AKR1C4,0.0,0.0,0.0,0.0,0.0,3.901616830015442e-05,0.5
repeat_1_fold_2,AKR1D1,0.0,0.0,0.0,0.0,0.0,-0.00012237305834744694,0.5
repeat_1_fold_2,AKR7A2,0.0,0.0,0.0,0.0,0.0,-2.7314373507891787e-05,1.0
repeat_1_fold_2,AKR7A3,0.0,0.0,0.0,0.0,0.0,7.803233660036435e-06,0.5
repeat_1_fold_2,AKT1,0.0,0.0,0.0,0.0,0.0,0.0,0.0
repeat_1_fold_2,AKT2,0.1894097972115638,0.21952970662899962,0.10976485331449981,0.079644943897064,0.5,-0.00043593450845907933,1.0
repeat_1_fold_2,AKT3,0.0,0.0,0.0,0.0,0.0,-1.5606467320045114e-05,0.5
repeat_1_fold_2,ALAD,0.0,0.0,0.0,0.0,0.0,0.0,0.0
repeat_1_fold_2,ALAS1,-0.02839229813801758,0.06886198750285281,0.03443099375142641,-0.062823291889444,0.25,-0.00024474611669492163,0.5
repeat_1_fold_2,ALAS2,0.0,0.0,0.0,0.0,0.0,0.00013265497222048062,0.5
repeat_1_fold_2,ALB,0.0,0.0,0.0,0.0,0.0,0.0,0.0
repeat_1_fold_2,ALCAM,-0.01863023808179598,0.03726047616359196,0.01863023808179598,-0.03726047616359196,0.0,-0.0002121133011355747,0.5
repeat_1_fold_2,ALDH18A1,0.08924973204966236,0.1784994640993247,0.08924973204966236,0.0,0.25,8.158203889857552e-06,0.5
repeat_1_fold_2,ALDH1A2,0.0,0.0,0.0,0.0,0.0,-0.00013265497222048062,0.5
repeat_1_fold_2,ALDH1B1,0.0,0.0,0.0,0.0,0.0,0.00042352277320731324,1.0
repeat_1_fold_2,ALDH1L1,0.0,0.0,0.0,0.0,0.0,-0.0002887196454210428,0.5
repeat_1_fold_2,ALDH2,-0.034784083703170765,0.06956816740634153,0.034784083703170765,-0.06956816740634153,0.0,7.02291029402724e-05,0.5
repeat_1_fold_2,ALDH3A1,0.0,0.0,0.0,0.0,0.0,-4.8949223338978776e-05,0.5
repeat_1_fold_2,ALDH3A2,0.0,0.0,0.0,0.0,0.0,0.0,0.0
repeat_1_fold_2,ALDH3B1,0.0,0.0,0.0,0.0,0.0,-0.00015606467320058992,0.5
repeat_1_fold_2,ALDH3B2,0.06390073252686612,0.08182808219584445,0.040914041097922224,0.022986691428943898,0.5,-6.242586928020821e-05,0.5
repeat_1_fold_2,ALDH5A1,0.0,0.0,0.0,0.0,0.0,0.0,0.0
repeat_1_fold_2,ALDH6A1,0.0,0.0,0.0,0.0,0.0,0.0002497034771209439,0.5
repeat_1_fold_2,ALDH7A1,0.0,0.0,0.0,0.0,0.0,0.0,0.0
repeat_1_fold_2,ALDH8A1,0.020088050008737923,0.1744053344168969,0.08720266720844845,-0.06711461719971053,0.5,2.198982006088035e-05,1.0
repeat_1_fold_2,ALDH9A1,0.02818005185327266,0.05636010370654531,0.028180051853272655,3.469446951953614e-18,0.25,0.0019320561067840136,1.0
repeat_1_fold_2,ALDOA,0.2315428910523618,0.46308578210472356,0.23154289105236178,2.7755575615628914e-17,0.25,-1.5606467320045114e-05,0.5
repeat_1_fold_2,ALDOB,0.0,0.0,0.0,0.0,0.0,0.0,0.0
repeat_1_fold_2,ALDOC,0.0,0.0,0.0,0.0,0.0,6.526563111869388e-05,0.5
repeat_1_fold_2,ALG12,0.0,0.0,0.0,0.0,0.0,-0.0004937335419605837,1.0
repeat_1_fold_2,ALG13,0.0,0.0,0.0,0.0,0.0,-7.803233660028108e-05,0.5
repeat_1_fold_2,ALG3,0.0,0.0,0.0,0.0,0.0,-0.0003589487483613152,0.5
repeat_1_fold_2,ALG5,0.0,0.0,0.0,0.0,0.0,3.901616830015442e-05,0.5
repeat_1_fold_2,ALG6,0.0,0.0,0.0,0.0,0.0,-0.00026530994444096123,0.5
repeat_1_fold_2,ALG8,0.0,0.0,0.0,0.0,0.0,-2.3409700980053794e-05,0.5
repeat_1_fold_2,ALMS1,0.0,0.0,0.0,0.0,0.0,0.0,0.0
repeat_1_fold_2,ALOX12,0.0,0.0,0.0,0.0,0.0,0.00017948048557633878,0.5
repeat_1_fold_2,ALOX12B,0.0,0.0,0.0,0.0,0.0,0.0,0.0
repeat_1_fold_2,ALOX15,0.0,0.0,0.0,0.0,0.0,0.0,0.0
repeat_1_fold_2,ALOX15B,0.0,0.0,0.0,0.0,0.0,0.0,0.0
repeat_1_fold_2,ALOX5,0.0,0.0,0.0,0.0,0.0,0.0,0.0
repeat_1_fold_2,ALOXE3,0.0,0.0,0.0,0.0,0.0,0.0,0.0
repeat_1_fold_2,ALPG,0.0,0.0,0.0,0.0,0.0,0.0,0.0
repeat_1_fold_2,ALPK1,-0.03273785003795382,0.06547570007590764,0.03273785003795382,-0.06547570007590764,0.0,-0.0004976504372797008,0.5
repeat_1_fold_2,ALPL,0.0,0.0,0.0,0.0,0.0,0.00035114551470127875,0.5
repeat_1_fold_2,ALPP,0.0,0.0,0.0,0.0,0.0,-0.00047317582561021143,0.5
repeat_1_fold_2,ALS2CL,0.0,0.0,0.0,0.0,0.0,0.0,0.0
repeat_1_fold_2,ALX3,0.0,0.0,0.0,0.0,0.0,0.0,0.0
repeat_1_fold_2,AMACR,0.0,0.0,0.0,0.0,0.0,-0.0005143218152891538,1.0
repeat_1_fold_2,AMBN,0.0,0.0,0.0,0.0,0.0,0.0,0.0
repeat_1_fold_2,AMBP,0.0,0.0,0.0,0.0,0.0,0.00016316407779665143,0.5
repeat_1_fold_2,AMD1,0.0,0.0,0.0,0.0,0.0,-0.00010144203758036263,0.5
repeat_1_fold_2,AMDHD2,0.0,0.0,0.0,0.0,0.0,0.0,0.0
repeat_1_fold_2,AMELX,0.08512810883645727,0.25523885186968975,0.12761942593484488,-0.042491317098387604,0.25,-0.00014684767001696408,0.5
repeat_1_fold_2,AMFR,0.0,0.0,0.0,0.0,0.0,0.0,0.0
repeat_1_fold_2,AMH,0.0,0.0,0.0,0.0,0.0,5.462263562019953e-05,0.5
repeat_1_fold_2,AMHR2,0.0,0.0,0.0,0.0,0.0,-0.00014045820588051705,0.5
repeat_1_fold_2,AMIGO2,-0.05807216232691914,0.06263629274839883,0.03131814637419941,-0.08939030870111855,0.0,-0.0001489652686044729,1.0
repeat_1_fold_2,AMOTL2,0.03708340193789006,0.07416680387578012,0.03708340193789006,0.0,0.25,-0.0002479408487631729,1.0
repeat_1_fold_2,AMPD1,0.05128073326482152,0.05921389030937221,0.029606945154686103,0.021673788110135418,0.5,0.0003809507912135024,1.0
repeat_1_fold_2,AMPD2,0.0,0.0,0.0,0.0,0.0,0.0,0.0
repeat_1_fold_2,AMPD3,0.0,0.0,0.0,0.0,0.0,0.0,0.0
repeat_1_fold_2,AMPH,0.0,0.0,0.0,0.0,0.0,0.0,0.0
repeat_1_fold_2,AMT,0.0,0.0,0.0,0.0,0.0,0.00014045820588051705,0.5
repeat_1_fold_2,ANAPC1,0.019165505031439878,0.038331010062879756,0.019165505031439878,0.0,0.25,3.1212934640117984e-05,0.5
repeat_1_fold_2,ANAPC10,0.0,0.0,0.0,0.0,0.0,-0.00010924527124039907,0.5
repeat_1_fold_2,ANAPC13,0.0,0.0,0.0,0.0,0.0,8.158203889857552e-06,0.5
repeat_1_fold_2,ANAPC15,0.0,0.0,0.0,0.0,0.0,-3.2632815559319184e-05,0.5
repeat_1_fold_2,ANAPC2,0.0,0.0,0.0,0.0,0.0,-7.803233660036435e-06,0.5
repeat_1_fold_2,ANG,0.0,0.0,0.0,0.0,0.0,0.0,0.0
repeat_1_fold_2,ANGPT1,0.0,0.0,0.0,0.0,0.0,-4.68194019601631e-05,0.5
repeat_1_fold_2,ANGPT2,0.0,0.0,0.0,0.0,0.0,-0.0001170485049004355,0.5
repeat_1_fold_2,ANGPT4,0.0,0.0,0.0,0.0,0.0,0.0,0.0
repeat_1_fold_2,ANGPTL3,0.0,0.0,0.0,0.0,0.0,0.0,0.0
repeat_1_fold_2,ANGPTL4,0.0,0.0,0.0,0.0,0.0,0.00012485173856047194,0.5
repeat_1_fold_2,ANGPTL8,0.0,0.0,0.0,0.0,0.0,0.0,0.0
repeat_1_fold_2,ANK1,0.0,0.0,0.0,0.0,0.0,0.0,0.0
repeat_1_fold_2,ANK2,-0.06547570007590764,0.07560482612840895,0.037802413064204475,-0.10327811314011212,0.0,-2.4474611669489388e-05,0.5
repeat_1_fold_2,ANK3,0.0,0.0,0.0,0.0,0.0,0.0,0.0
repeat_1_fold_2,APEH,0.0,0.0,0.0,0.0,0.0,0.0,0.0
repeat_1_fold_2,APOF,0.0,0.0,0.0,0.0,0.0,7.732850753636167e-05,1.0
repeat_1_fold_2,AQP5,0.0,0.0,0.0,0.0,0.0,-3.1212934640117984e-05,0.5
repeat_1_fold_2,ARAP1,0.0,0.0,0.0,0.0,0.0,0.0,0.0
repeat_1_fold_2,ARCN1,0.0,0.0,0.0,0.0,0.0,3.1212934640117984e-05,0.5
repeat_1_fold_2,ARF6,0.0,0.0,0.0,0.0,0.0,0.0,0.0
repeat_1_fold_2,ARFGEF2,0.0,0.0,0.0,0.0,0.0,3.121293464014574e-05,0.5
repeat_1_fold_2,ARHGAP35,0.038331010062879756,0.04426083795622776,0.02213041897811388,0.016200591084765875,0.5,0.0001872776078407079,0.5
repeat_1_fold_2,ARHGAP8,0.0,0.0,0.0,0.0,0.0,8.832036186895431e-05,1.0
repeat_1_fold_2,ARHGEF18,0.0,0.0,0.0,0.0,0.0,-2.340970098008155e-05,0.5
repeat_1_fold_2,ARHGEF2,-0.10131373269168087,0.13752209672361634,0.06876104836180817,-0.17007478105348905,0.0,0.0006001573855495268,1.0
repeat_1_fold_2,ARHGEF6,-0.05328060712222715,0.06685419246067535,0.033427096230337676,-0.08670770335256484,0.0,-0.00016316407779662367,0.5
repeat_1_fold_2,ARSJ,0.0,0.0,0.0,0.0,0.0,0.0,0.0
repeat_1_fold_2,ASAH1,0.0,0.0,0.0,0.0,0.0,0.0,0.0
repeat_1_fold_2,ASF1A,0.0,0.0,0.0,0.0,0.0,2.3409700980109305e-05,0.5
repeat_1_fold_2,ASNS,0.4630857821047236,0.5347254019121012,0.2673627009560506,0.19572308114867304,0.5,0.0002543119787127568,1.0
repeat_1_fold_2,ASS1,0.3345030026515303,0.40114403631465695,0.20057201815732847,0.13393098449420185,0.5,-0.0030348518470173225,0.5
repeat_1_fold_2,ATG4A,0.0,0.0,0.0,0.0,0.0,9.789844667801306e-05,0.5
repeat_1_fold_2,ATP1B4,0.24344337067002897,0.28110419117754215,0.14055209558877108,0.1028912750812579,0.5,0.0003263281555932751,0.5
repeat_1_fold_2,ATP2B4,-0.02166301755777944,0.04332603511555888,0.02166301755777944,-0.04332603511555888,0.0,0.0004916037205818236,0.5
repeat_1_fold_2,ATP5F1C,0.019165505031439878,0.038331010062879756,0.019165505031439878,0.0,0.25,6.242586928023597e-05,0.5
repeat_1_fold_2,ATP6V1D,0.0,0.0,0.0,0.0,0.0,0.0,0.0
repeat_1_fold_2,AURKB,-0.003825038004954706,0.004416773443642297,0.0022083867218211485,-0.006033424726775855,0.0,0.0002270159393917559,1.0
repeat_1_fold_2,B3GALNT1,0.0,0.0,0.0,0.0,0.0,0.0,0.0
repeat_1_fold_2,B3GALT4,0.0,0.0,0.0,0.0,0.0,0.00010924527124039907,0.5
repeat_1_fold_2,B4GALT1,0.0,0.0,0.0,0.0,0.0,0.0,0.0
repeat_1_fold_2,B4GAT1,0.09868805585126061,0.15044666151122668,0.07522333075561334,0.023464725095647274,0.5,-0.0002500645587463213,1.0
repeat_1_fold_2,BAG1,0.07416680387578012,0.08564044836523166,0.04282022418261583,0.03134657969316429,0.5,0.00013868946612716204,0.5
repeat_1_fold_2,BCAP31,0.0,0.0,0.0,0.0,0.0,0.000234097009800871,0.5
repeat_1_fold_2,BCAT2,0.0,0.0,0.0,0.0,0.0,1.560646732007287e-05,0.5
repeat_1_fold_2,BDH2,0.0,0.0,0.0,0.0,0.0,0.00010286191849961934,1.0
repeat_1_fold_2,BGN,0.019165505031439878,0.038331010062879756,0.019165505031439878,0.0,0.25,0.0005093400092807399,1.0
repeat_1_fold_2,BHMT2,0.0,0.0,0.0,0.0,0.0,0.0,0.0
repeat_1_fold_2,BID,0.0,0.0,0.0,0.0,0.0,0.0,0.0
repeat_1_fold_2,BLNK,0.42582530594113166,0.5777500937984681,0.28887504689923404,0.13695025904189762,0.5,0.000783163127841352,1.0
repeat_1_fold_2,BMAL2,0.0,0.0,0.0,0.0,0.0,0.0,0.0
repeat_1_fold_2,BMPR2,0.0,0.0,0.0,0.0,0.0,0.00022523497684706628,1.0
repeat_1_fold_2,BOLA2,-0.03726047616359196,0.04302469188636691,0.021512345943183454,-0.05877282210677541,0.0,-0.0002936953400339004,0.5
repeat_1_fold_2,BRCA1,0.198805041014408,0.48882452823787165,0.24441226411893582,-0.04560722310452783,0.25,0.0008037452897742547,1.0
repeat_1_fold_2,BSG,0.0,0.0,0.0,0.0,0.0,8.158203889832571e-05,0.5
repeat_1_fold_2,BTBD1,0.0,0.0,0.0,0.0,0.0,0.0,0.0
repeat_1_fold_2,BTRC,0.0,0.0,0.0,0.0,0.0,-0.00032632815559324735,0.5
repeat_1_fold_2,BUB1,0.07132002194216014,0.15616627297346974,0.07808313648673487,-0.006763114544574733,0.25,8.406071911132296e-05,1.0
repeat_1_fold_2,BYSL,-0.03273785003795382,0.06547570007590764,0.03273785003795382,-0.06547570007590764,0.0,-6.526563111863837e-05,0.5
repeat_1_fold_2,C4A,0.0005804582133190905,0.006361140060918097,0.0031805700304590487,-0.002600111817139958,0.25,0.0010935542914672913,1.0
repeat_1_fold_2,C8B,0.0,0.0,0.0,0.0,0.0,0.0,0.0
repeat_1_fold_2,C9orf78,0.0,0.0,0.0,0.0,0.0,0.0,0.0
repeat_1_fold_2,CA6,-0.05765336124323284,0.0731945499301839,0.03659727496509195,-0.09425063620832479,0.0,-9.789844667795755e-05,0.5
repeat_1_fold_2,CACNB4,0.027967805568529513,0.06862997932773063,0.034314989663865314,-0.0063471840953358005,0.25,3.263281555934694e-05,0.5
repeat_1_fold_2,CALCA,0.0,0.0,0.0,0.0,0.0,0.0,0.0
repeat_1_fold_2,CBFB,0.08556375008464556,0.09880050828848795,0.049400254144243975,0.03616349594040159,0.5,9.36388039203262e-05,0.5
repeat_1_fold_2,CCK,0.0,0.0,0.0,0.0,0.0,0.0,0.0
repeat_1_fold_2,CCL21,0.0,0.0,0.0,0.0,0.0,0.0,0.0
repeat_1_fold_2,CCL3,0.08556375008464556,0.09880050828848795,0.049400254144243975,0.03616349594040159,0.5,2.766934373774066e-05,1.0
repeat_1_fold_2,CCND3,0.0,0.0,0.0,0.0,0.0,0.0002121133011356302,1.0
repeat_1_fold_2,CCNG2,0.0,0.0,0.0,0.0,0.0,0.0008346032541845794,1.0
repeat_1_fold_2,CCT4,0.19592148383980934,0.47395440439913417,0.23697720219956708,-0.04105571835975774,0.25,0.0009583839706600039,1.0
repeat_1_fold_2,CCZ1,0.0,0.0,0.0,0.0,0.0,0.0,0.5
repeat_1_fold_2,CD1A,-0.034784083703170765,0.06956816740634153,0.034784083703170765,-0.06956816740634153,0.0,-0.0002096285095269379,1.0
repeat_1_fold_2,CD209,0.0,0.0,0.0,0.0,0.0,0.0008310657746778138,1.0
repeat_1_fold_2,CD320,0.0,0.0,0.0,0.0,0.0,3.085796441032462e-05,1.0
repeat_1_fold_2,CD38,0.0,0.0,0.0,0.0,0.0,9.789844667801306e-05,0.5
repeat_1_fold_2,CD58,0.0,0.0,0.0,0.0,0.0,0.0002855371361441539,0.5
repeat_1_fold_2,CD8A,-0.01863023808179598,0.03726047616359196,0.01863023808179598,-0.03726047616359196,0.0,0.0003589609711525943,0.5
repeat_1_fold_2,CDC14A,0.015286752531013192,0.03057350506202639,0.015286752531013194,-1.734723475976807e-18,0.25,0.0002592876733256144,1.0
repeat_1_fold_2,CDC6,0.019348305952817668,0.038696611905635336,0.019348305952817668,0.0,0.25,0.00023019539297086666,0.5
repeat_1_fold_2,CDH13,0.0,0.0,0.0,0.0,0.0,-3.2632815559319184e-05,0.5
repeat_1_fold_2,CDK8,0.0,0.0,0.0,0.0,0.0,0.0002724093490370505,1.0
repeat_1_fold_2,CDKN1B,0.03708340193789006,0.07416680387578012,0.03708340193789006,0.0,0.25,5.710742722886408e-05,1.0
repeat_1_fold_2,CDON,0.0,0.0,0.0,0.0,0.0,0.0,0.0
repeat_1_fold_2,CDT1,0.0,0.0,0.0,0.0,0.0,-0.00010144203758036263,0.5
repeat_1_fold_2,CEACAM1,0.0,0.0,0.0,0.0,0.0,0.0,0.0
repeat_1_fold_2,CEBPD,0.0,0.0,0.0,0.0,0.0,0.0003181699517034453,0.5
repeat_1_fold_2,CEBPG,-0.01863023808179598,0.03726047616359196,0.01863023808179598,-0.03726047616359196,0.0,-0.00028695701706324406,1.0
repeat_1_fold_2,CEP290,0.0,0.0,0.0,0.0,0.0,0.0,0.0
repeat_1_fold_2,CERS4,0.0,0.0,0.0,0.0,0.0,-0.0004994252884287509,1.0
repeat_1_fold_2,CES2,0.0,0.0,0.0,0.0,0.0,0.0,0.0
repeat_1_fold_2,CES3,0.0,0.0,0.0,0.0,0.0,-0.0003752773789322261,0.5
repeat_1_fold_2,CHD4,0.0,0.0,0.0,0.0,0.0,5.462263562019953e-05,0.5
repeat_1_fold_2,CHKB,0.0,0.0,0.0,0.0,0.0,4.008107898956226e-05,1.0
repeat_1_fold_2,CHRNB2,-0.03273785003795382,0.06547570007590764,0.03273785003795382,-0.06547570007590764,0.0,0.0006771309228560674,0.5
repeat_1_fold_2,CHRNB4,0.12172168533501448,0.24344337067002894,0.12172168533501447,1.3877787807814457e-17,0.25,-2.4474611669461632e-05,0.5
repeat_1_fold_2,CHST2,0.0,0.0,0.0,0.0,0.0,0.00039016168300143317,0.5
repeat_1_fold_2,CHST5,0.0,0.0,0.0,0.0,0.0,-7.980718774924789e-05,1.0
repeat_1_fold_2,CHST8,0.12172168533501448,0.24344337067002894,0.12172168533501447,1.3877787807814457e-17,0.25,1.5251497090307264e-05,1.0
repeat_1_fold_2,CKAP5,-0.02839229813801758,0.06886198750285281,0.03443099375142641,-0.062823291889444,0.25,0.0003695978552554491,1.0
repeat_1_fold_2,CKM,0.0,0.0,0.0,0.0,0.0,0.0,0.0
repeat_1_fold_2,CLCN6,-0.03726047616359196,0.04302469188636691,0.021512345943183454,-0.05877282210677541,0.0,0.0005004779763269351,1.0
repeat_1_fold_2,CLPS,-0.06547570007590764,0.07560482612840895,0.037802413064204475,-0.10327811314011212,0.0,-0.00030185354392375796,0.5
repeat_1_fold_2,CLPX,0.0,0.0,0.0,0.0,0.0,0.0,0.0
repeat_1_fold_2,CLUAP1,0.0,0.0,0.0,0.0,0.0,0.0,0.0
repeat_1_fold_2,CMA1,0.0,0.0,0.0,0.0,0.0,0.0,0.0
repeat_1_fold_2,CNOT2,0.0,0.0,0.0,0.0,0.0,0.00010144203758039039,0.5
repeat_1_fold_2,CNOT4,0.0,0.0,0.0,0.0,0.0,0.0,0.0
repeat_1_fold_2,CNOT9,0.0,0.0,0.0,0.0,0.0,0.0,0.0
repeat_1_fold_2,CNTN5,-0.032814391727583825,0.06562878345516765,0.032814391727583825,-0.06562878345516765,0.0,0.0002936953400339837,0.5
repeat_1_fold_2,CNTN6,0.0,0.0,0.0,0.0,0.0,0.0,0.0
repeat_1_fold_2,CNTNAP1,0.0,0.0,0.0,0.0,0.0,0.0,0.0
repeat_1_fold_2,CNTRL,0.0,0.0,0.0,0.0,0.0,0.000234097009800871,0.5
repeat_1_fold_2,COG7,0.19475911970434723,0.2272463142532945,0.11362315712664725,0.08113596257769998,0.5,8.158203889832571e-05,0.5
repeat_1_fold_2,COL4A4,0.1692464926009425,0.5122974397814325,0.25614871989071625,-0.08690222728977376,0.25,-0.000492680854062455,1.0
repeat_1_fold_2,COL4A5,0.0,0.0,0.0,0.0,0.0,-5.817233791821641e-05,1.0
repeat_1_fold_2,COL6A1,0.0,0.0,0.0,0.0,0.0,8.583557026031752e-05,0.5
repeat_1_fold_2,COL7A1,0.0,0.0,0.0,0.0,0.0,0.0,0.0
repeat_1_fold_2,COL8A2,0.0,0.0,0.0,0.0,0.0,0.00029652287908110697,0.5
repeat_1_fold_2,COMMD3,0.0,0.0,0.0,0.0,0.0,0.0,0.0
repeat_1_fold_2,COMT,0.15323756510446174,0.3064751302089235,0.15323756510446174,0.0,0.25,0.000962668059000138,0.5
repeat_1_fold_2,COPZ1,0.0,0.0,0.0,0.0,0.0,0.0,0.0
repeat_1_fold_2,COQ6,0.0,0.0,0.0,0.0,0.0,0.0,0.0
repeat_1_fold_2,CORT,0.0,0.0,0.0,0.0,0.0,0.0004845104273814016,1.0
repeat_1_fold_2,COX17,0.09662105146131239,0.11340566158125787,0.05670283079062893,0.03991822067068346,0.5,-0.00014684767001693633,0.5
repeat_1_fold_2,COX5B,0.0,0.0,0.0,0.0,0.0,-0.00014826143954052573,0.5
repeat_1_fold_2,COX6A1,-0.03814179966251352,0.04406586500100078,0.02203293250050039,-0.06017473216301391,0.0,0.00032632815559330286,0.5
repeat_1_fold_2,CPSF6,0.0,0.0,0.0,0.0,0.0,0.0,0.0
repeat_1_fold_2,CRAT,0.0,0.0,0.0,0.0,0.0,0.0,0.0
repeat_1_fold_2,CREB3L2,0.0,0.0,0.0,0.0,0.0,-8.15820388980204e-06,0.5
repeat_1_fold_2,CRK,0.08556375008464556,0.09880050828848795,0.049400254144243975,0.03616349594040159,0.5,0.00041924479626276323,1.0
repeat_1_fold_2,CRMP1,0.0,0.0,0.0,0.0,0.0,0.0,0.0
repeat_1_fold_2,CROT,0.0,0.0,0.0,0.0,0.0,-0.00014045820588051705,0.5
repeat_1_fold_2,CRYM,0.10584426875671404,0.24966590580325654,0.12483295290162827,-0.018988684144914225,0.25,-0.00014684767001693633,0.5
repeat_1_fold_2,CSTF3,0.0,0.0,0.0,0.0,0.0,-3.9016168300126663e-05,0.5
repeat_1_fold_2,CTDSP2,0.0115122726998802,0.07719763426702832,0.03859881713351416,-0.02708654443363396,0.25,0.0003018535439237857,0.5
repeat_1_fold_2,CTNNA2,0.0,0.0,0.0,0.0,0.0,-1.6316407779631836e-05,0.5
repeat_1_fold_2,CTNNBL1,0.0,0.0,0.0,0.0,0.0,-2.340970098008155e-05,0.5
repeat_1_fold_2,CTSF,-0.03424881675352509,0.03985175251388626,0.01992587625694313,-0.05417469301046822,0.0,0.0002160118622678564,1.0
repeat_1_fold_2,CXADR,0.12172168533501448,0.24344337067002894,0.12172168533501447,1.3877787807814457e-17,0.25,-0.0006448530775264583,1.0
repeat_1_fold_2,CXCL3,0.0,0.0,0.0,0.0,0.0,-0.0005384414567288776,0.5
repeat_1_fold_2,CXCR3,0.02818005185327266,0.05636010370654531,0.028180051853272655,3.469446951953614e-18,0.25,-0.00016316407779659592,0.5
repeat_1_fold_2,CYB5A,0.0,0.0,0.0,0.0,0.0,0.0008349460016230659,0.5
repeat_1_fold_2,CYB5R1,0.0,0.0,0.0,0.0,0.0,0.0,0.0
repeat_1_fold_2,CYP17A1,0.033466193958419765,0.07983786739249922,0.03991893369624961,-0.006452739737829845,0.25,0.00013265497222048062,0.5
repeat_1_fold_2,CYP1B1,0.0,0.0,0.0,0.0,0.0,0.0,0.0
repeat_1_fold_2,CYP24A1,0.0,0.0,0.0,0.0,0.0,0.0,0.0
repeat_1_fold_2,CYP27B1,0.0,0.0,0.0,0.0,0.0,0.0,0.0
repeat_1_fold_2,CYP2R1,0.038331010062879756,0.04426083795622776,0.02213041897811388,0.016200591084765875,0.5,0.00043273366499529953,1.0
repeat_1_fold_2,CYP2W1,0.0,0.0,0.0,0.0,0.0,2.7755575615628914e-17,0.5
repeat_1_fold_2,CYP4F3,0.0,0.0,0.0,0.0,0.0,0.0,0.0
repeat_1_fold_2,CYP51A1,0.0,0.0,0.0,0.0,0.0,0.00016316407779665143,0.5
repeat_1_fold_2,DARS1,0.0,0.0,0.0,0.0,0.0,0.0,0.0
repeat_1_fold_2,DBF4,0.0,0.0,0.0,0.0,0.0,0.0,0.0
repeat_1_fold_2,DBP,0.24344337067002897,0.28110419117754215,0.14055209558877108,0.1028912750812579,0.5,0.00010428179941882054,1.0
repeat_1_fold_2,DBT,0.0,0.0,0.0,0.0,0.0,6.242586928023597e-05,1.0
repeat_1_fold_2,DCAF1,0.08898383529706244,0.17796767059412488,0.08898383529706244,0.0,0.25,1.6316407779687347e-05,0.5
repeat_1_fold_2,DCAF10,0.0,0.0,0.0,0.0,0.0,7.803233660036435e-06,0.5
repeat_1_fold_2,DCAF17,0.0,0.0,0.0,0.0,0.0,0.0,0.0
repeat_1_fold_2,DCAF6,0.0,0.0,0.0,0.0,0.0,0.00012485173856047194,0.5
repeat_1_fold_2,DCT,0.0,0.0,0.0,0.0,0.0,-0.00017947437418064371,0.5
repeat_1_fold_2,DCTN5,0.0,0.0,0.0,0.0,0.0,0.0001376245554377542,1.0
repeat_1_fold_2,DDX17,0.0,0.0,0.0,0.0,0.0,0.00027737893225429633,0.5
repeat_1_fold_2,DENND1A,0.0,0.0,0.0,0.0,0.0,0.0,0.0
repeat_1_fold_2,DENND2B,0.0,0.0,0.0,0.0,0.0,2.7755575615628914e-17,0.5
repeat_1_fold_2,DGKH,0.0,0.0,0.0,0.0,0.0,2.340970098008155e-05,0.5
repeat_1_fold_2,DHODH,0.0,0.0,0.0,0.0,0.0,0.0,0.0
repeat_1_fold_2,DIAPH2,0.030573505062026385,0.035303242755262636,0.017651621377631318,0.012921883684395067,0.5,0.00017948048557631102,0.5
repeat_1_fold_2,DKC1,0.0,0.0,0.0,0.0,0.0,0.0,0.0
repeat_1_fold_2,DLC1,-0.1327807586367875,0.15388241573578285,0.07694120786789142,-0.20972196650467895,0.0,-0.0005987436160259096,1.0
repeat_1_fold_2,DLGAP5,0.0,0.0,0.0,0.0,0.0,0.0001596021527073832,1.0
repeat_1_fold_2,DLX5,0.0,0.0,0.0,0.0,0.0,0.0,0.0
repeat_1_fold_2,DMP1,0.0,0.0,0.0,0.0,0.0,6.526563111869388e-05,0.5
repeat_1_fold_2,DMRT1,0.0,0.0,0.0,0.0,0.0,-7.803233660025333e-05,0.5
repeat_1_fold_2,DNAJC10,0.0,0.0,0.0,0.0,0.0,-0.00012237305834744694,0.5
repeat_1_fold_2,DNAJC7,0.0,0.0,0.0,0.0,0.0,0.0002121133011356302,0.5
repeat_1_fold_2,DNMBP,0.01510967830531662,0.0872816783881157,0.04364083919405785,-0.028531160888741226,0.25,0.0002798637238629331,1.0
repeat_1_fold_2,DNMT1,0.0,0.0,0.0,0.0,0.0,0.0,0.0
repeat_1_fold_2,DOCK10,0.0,0.0,0.0,0.0,0.0,0.0,0.0
repeat_1_fold_2,DOCK6,0.0,0.0,0.0,0.0,0.0,0.00047599725326177844,0.5
repeat_1_fold_2,DPP4,0.0,0.0,0.0,0.0,0.0,-4.68194019601631e-05,0.5
repeat_1_fold_2,DRG2,0.0,0.0,0.0,0.0,0.0,0.0,0.0
repeat_1_fold_2,DSC2,0.0,0.0,0.0,0.0,0.0,0.00018798754830035014,1.0
repeat_1_fold_2,DSCC1,0.0,0.0,0.0,0.0,0.0,-5.710742722880857e-05,0.5
repeat_1_fold_2,DSG2,0.0,0.0,0.0,0.0,0.0,-0.00012237305834744694,0.5
repeat_1_fold_2,DTL,0.08556375008464556,0.09880050828848795,0.049400254144243975,0.03616349594040159,0.5,0.0007594106794227007,1.0
repeat_1_fold_2,DTYMK,0.0,0.0,0.0,0.0,0.0,-7.342383500846816e-05,0.5
repeat_1_fold_2,DUSP1,0.0,0.0,0.0,0.0,0.0,0.00023267712888169756,1.0
repeat_1_fold_2,DUSP7,0.0,0.0,0.0,0.0,0.0,0.0,0.0
repeat_1_fold_2,DYNC1I1,0.0,0.0,0.0,0.0,0.0,5.462263562019953e-05,0.5
repeat_1_fold_2,DYNC1LI1,0.0,0.0,0.0,0.0,0.0,0.0,0.0
repeat_1_fold_2,DYNLRB1,0.19588848921079993,0.3011193286542393,0.15055966432711965,0.045328824883680285,0.5,0.00038343558282211143,0.5
repeat_1_fold_2,ECH1,0.0,0.0,0.0,0.0,0.0,8.158203889857552e-06,0.5
repeat_1_fold_2,EFEMP2,0.0,0.0,0.0,0.0,0.0,0.0,0.0
repeat_1_fold_2,EGLN1,-0.022693825033584858,0.14320279436171696,0.07160139718085848,-0.09429522221444334,0.25,2.093102076713982e-05,1.0
repeat_1_fold_2,EGR1,0.002389207876031918,0.0848582520641526,0.0424291260320763,-0.04003991815604438,0.25,-0.00020288407516075302,0.5
repeat_1_fold_2,EGR4,0.0,0.0,0.0,0.0,0.0,0.0,0.0
repeat_1_fold_2,EIF2S2,0.0,0.0,0.0,0.0,0.0,0.0,0.0
repeat_1_fold_2,EIF3F,0.0,0.0,0.0,0.0,0.0,0.00017167114052063503,0.5
repeat_1_fold_2,EIF3G,0.0,0.0,0.0,0.0,0.0,-0.00020395509724577265,0.5
repeat_1_fold_2,EIF4EBP1,0.0,0.0,0.0,0.0,0.0,0.0,0.0
repeat_1_fold_2,EIF5A2,0.0,0.0,0.0,0.0,0.0,0.0,0.0
repeat_1_fold_2,ELAVL1,0.0,0.0,0.0,0.0,0.0,0.00012237305834750245,0.5
repeat_1_fold_2,ELL,0.0,0.0,0.0,0.0,0.0,0.0,0.0
repeat_1_fold_2,ELOVL2,0.21070552063207693,0.2491060017343339,0.12455300086716695,0.08615251976490998,0.5,-0.00023658791280509184,0.5
repeat_1_fold_2,EMC3,0.0,0.0,0.0,0.0,0.0,0.0,0.0
repeat_1_fold_2,ENPP1,0.0,0.0,0.0,0.0,0.0,-7.02291029402724e-05,0.5
repeat_1_fold_2,EPO,-0.01863023808179598,0.03726047616359196,0.01863023808179598,-0.03726047616359196,0.0,3.263281555934694e-05,0.5
repeat_1_fold_2,EPX,0.0,0.0,0.0,0.0,0.0,8.158203889857552e-06,0.5
repeat_1_fold_2,ERBIN,0.0,0.0,0.0,0.0,0.0,-0.00031001174781356,0.5
repeat_1_fold_2,ERCC1,0.0,0.0,0.0,0.0,0.0,-0.000265309944440989,0.5
repeat_1_fold_2,ERCC5,0.0,0.0,0.0,0.0,0.0,0.0,0.5
repeat_1_fold_2,ERCC8,-0.03273785003795382,0.06547570007590764,0.03273785003795382,-0.06547570007590764,0.0,0.00017948048557633878,0.5
repeat_1_fold_2,ESR1,0.0,0.0,0.0,0.0,0.0,0.0,0.0
repeat_1_fold_2,ESRP1,0.0,0.0,0.0,0.0,0.0,8.158203889835347e-05,0.5
repeat_1_fold_2,ETNK1,0.0,0.0,0.0,0.0,0.0,0.0,0.0
repeat_1_fold_2,ETV4,0.0,0.0,0.0,0.0,0.0,7.342383500849592e-05,0.5
repeat_1_fold_2,EXOSC4,0.0,0.0,0.0,0.0,0.0,0.0006164554591422677,0.5
repeat_1_fold_2,EYA1,0.02818005185327266,0.05636010370654531,0.028180051853272655,3.469446951953614e-18,0.25,0.00013230611338638232,1.0
repeat_1_fold_2,F11R,-0.01863023808179598,0.03726047616359196,0.01863023808179598,-0.03726047616359196,0.0,0.0007711185856105751,1.0
repeat_1_fold_2,F2RL2,0.0,0.0,0.0,0.0,0.0,0.0,0.0
repeat_1_fold_2,F2RL3,0.0,0.0,0.0,0.0,0.0,0.0,0.0
repeat_1_fold_2,F3,0.0,0.0,0.0,0.0,0.0,0.0,0.0
repeat_1_fold_2,FADS1,0.0,0.0,0.0,0.0,0.0,-8.158203889829796e-06,0.5
repeat_1_fold_2,FAM169A,0.0,0.0,0.0,0.0,0.0,0.0,0.0
repeat_1_fold_2,FAM32A,0.0,0.0,0.0,0.0,0.0,4.68194019601631e-05,0.5
repeat_1_fold_2,FAN1,0.023622253668591497,0.06001715886420472,0.03000857943210236,-0.006386325763510864,0.25,-4.0791019449121224e-05,0.5
repeat_1_fold_2,FBN1,0.0373492986904882,0.0746985973809764,0.0373492986904882,0.0,0.25,-0.00045685941783055184,0.5
repeat_1_fold_2,FCN3,0.12172168533501448,0.24344337067002894,0.12172168533501447,1.3877787807814457e-17,0.25,9.61297069246303e-05,1.0
repeat_1_fold_2,FGG,0.0,0.0,0.0,0.0,0.0,0.0,0.0
repeat_1_fold_2,FIP1L1,0.0,0.0,0.0,0.0,0.0,5.710742722883633e-05,0.5
repeat_1_fold_2,FKBP1A,0.0,0.0,0.0,0.0,0.0,0.00010924527124039907,0.5
repeat_1_fold_2,FKBP4,-0.052143596930324776,0.10192217866457058,0.05096108933228529,-0.10310468626261007,0.25,0.0011744325013016421,1.0
repeat_1_fold_2,FKBPL,0.0,0.0,0.0,0.0,0.0,0.00030078863323440563,1.0
repeat_1_fold_2,FKRP,0.0,0.0,0.0,0.0,0.0,0.0,0.0
repeat_1_fold_2,FLG,0.06964613761014249,0.23208439167908662,0.11604219583954331,-0.04639605822940082,0.25,-0.00023942767464349424,1.0
repeat_1_fold_2,FLRT3,0.0,0.0,0.0,0.0,0.0,0.0,0.0
repeat_1_fold_2,FN3K,0.0,0.0,0.0,0.0,0.0,0.0,0.0
repeat_1_fold_2,FOSB,0.0,0.0,0.0,0.0,0.0,0.0,0.0
repeat_1_fold_2,FOXO1,-0.03430663017181601,0.044526401864785306,0.022263200932392653,-0.056569831104208664,0.0,0.00035080276726279225,0.5
repeat_1_fold_2,FOXO4,0.0,0.0,0.0,0.0,0.0,0.0,0.0
repeat_1_fold_2,FTSJ3,0.0,0.0,0.0,0.0,0.0,-1.6316407779631836e-05,0.5
repeat_1_fold_2,FUT6,0.0,0.0,0.0,0.0,0.0,0.0,0.0
repeat_1_fold_2,FUT7,0.0,0.0,0.0,0.0,0.0,0.0,0.0
repeat_1_fold_2,FXR1,0.0,0.0,0.0,0.0,0.0,0.0,0.0
repeat_1_fold_2,FXYD2,0.0,0.0,0.0,0.0,0.0,0.00029652287908110697,0.5
repeat_1_fold_2,FZD10,0.0,0.0,0.0,0.0,0.0,0.0,0.0
repeat_1_fold_2,GABBR2,0.0,0.0,0.0,0.0,0.0,0.0,0.0
repeat_1_fold_2,GADD45GIP1,0.0,0.0,0.0,0.0,0.0,0.00021849054248079813,0.5
repeat_1_fold_2,GALNT12,0.0,0.0,0.0,0.0,0.0,0.0,0.0
repeat_1_fold_2,GALNT7,0.0,0.0,0.0,0.0,0.0,0.0,0.0
repeat_1_fold_2,GCFC2,0.0,0.0,0.0,0.0,0.0,5.710742722883633e-05,0.5
repeat_1_fold_2,GCK,0.08556375008464556,0.09880050828848795,0.049400254144243975,0.03616349594040159,0.5,1.560646732007287e-05,0.5
repeat_1_fold_2,GCLC,-0.06956816740634153,0.08033040035816047,0.040165200179080235,-0.10973336758542176,0.0,-0.00044550648187249853,1.0
repeat_1_fold_2,GDI1,0.0,0.0,0.0,0.0,0.0,0.0,0.0
repeat_1_fold_2,GEMIN7,0.0,0.0,0.0,0.0,0.0,0.0,0.0
repeat_1_fold_2,GFRA2,0.0,0.0,0.0,0.0,0.0,0.0,0.0
repeat_1_fold_2,GINS3,0.0,0.0,0.0,0.0,0.0,0.0,0.0
repeat_1_fold_2,GJA8,0.0,0.0,0.0,0.0,0.0,0.0,0.0
repeat_1_fold_2,GLRA1,0.0,0.0,0.0,0.0,0.0,-0.00026530994444096123,0.5
repeat_1_fold_2,GLUL,0.0,0.0,0.0,0.0,0.0,8.583557026031752e-05,0.5
repeat_1_fold_2,GOLGA3,0.0,0.0,0.0,0.0,0.0,-0.00015606467320056217,0.5
repeat_1_fold_2,GP1BB,0.0,0.0,0.0,0.0,0.0,0.0,0.0
repeat_1_fold_2,GPC3,0.0,0.0,0.0,0.0,0.0,0.00017167114052063503,0.5
repeat_1_fold_2,GPC4,0.0,0.0,0.0,0.0,0.0,9.363880392035395e-05,0.5
repeat_1_fold_2,GPKOW,0.0,0.0,0.0,0.0,0.0,-0.00021068730882078945,0.5
repeat_1_fold_2,GPR32,0.04278187504232278,0.08556375008464556,0.04278187504232278,0.0,0.25,1.5606467320045114e-05,0.5
repeat_1_fold_2,GPR39,0.0,0.0,0.0,0.0,0.0,0.0,0.0
repeat_1_fold_2,GPX4,0.0,0.0,0.0,0.0,0.0,0.0,0.0
repeat_1_fold_2,GRB10,0.0,0.0,0.0,0.0,0.0,0.0001060505391722033,1.0
repeat_1_fold_2,GRB2,0.0,0.0,0.0,0.0,0.0,0.000639865160122377,0.5
repeat_1_fold_2,GRHPR,0.0,0.0,0.0,0.0,0.0,0.0,0.0
repeat_1_fold_2,GSDME,0.0,0.0,0.0,0.0,0.0,0.0,0.0
repeat_1_fold_2,GSPT1,-0.06547570007590764,0.07560482612840895,0.037802413064204475,-0.10327811314011212,0.0,-0.00011421485445761714,0.5
repeat_1_fold_2,GSPT2,-0.04332603511555888,0.0500285960737742,0.0250142980368871,-0.06834033315244598,0.0,0.00029652287908110697,0.5
repeat_1_fold_2,GSR,0.0,0.0,0.0,0.0,0.0,0.0,0.0
repeat_1_fold_2,GSTA4,0.0,0.0,0.0,0.0,0.0,0.00014826143954055349,0.5
repeat_1_fold_2,GTF2E2,0.0,0.0,0.0,0.0,0.0,0.0,0.0
repeat_1_fold_2,GTF2H1,0.16835490104438655,0.3879840879802912,0.1939920439901456,-0.025637142945759056,0.25,0.0014829876998221636,1.0
repeat_1_fold_2,GUCA1B,0.0,0.0,0.0,0.0,0.0,-0.00020395509724577265,0.5
repeat_1_fold_2,GUK1,-0.03273785003795382,0.06547570007590764,0.03273785003795382,-0.06547570007590764,0.0,1.6316407779687347e-05,0.5
repeat_1_fold_2,GYG2,0.12744115987930726,0.31208396863291726,0.15604198431645863,-0.028600824437151368,0.25,-0.00037492240870243276,1.0
repeat_1_fold_2,GZMM,0.0,0.0,0.0,0.0,0.0,0.0,0.0
repeat_1_fold_2,H2AC11,0.0,0.0,0.0,0.0,0.0,8.583557026031752e-05,0.5
repeat_1_fold_2,H2AC14,0.14236163051630513,0.1643850514017256,0.0821925257008628,0.060169104815442326,0.5,1.7736288698888547e-05,1.0
repeat_1_fold_2,H3C11,0.0,0.0,0.0,0.0,0.0,0.00039939702037197766,1.0
repeat_1_fold_2,H3C6,0.0,0.0,0.0,0.0,0.0,3.86611980703333e-05,1.0
repeat_1_fold_2,HACD2,0.0,0.0,0.0,0.0,0.0,0.00019579689335599837,0.5
repeat_1_fold_2,HAPLN1,-0.05467101239092109,0.08280489683387188,0.04140244841693594,-0.09607346080785703,0.0,0.0002936953400339559,0.5
repeat_1_fold_2,HAS2,0.0,0.0,0.0,0.0,0.0,0.0,0.0
repeat_1_fold_2,HAUS6,0.0,0.0,0.0,0.0,0.0,0.0,0.0
repeat_1_fold_2,HCFC1,0.0,0.0,0.0,0.0,0.0,0.0,0.0
repeat_1_fold_2,HDC,0.0,0.0,0.0,0.0,0.0,7.803233660036435e-06,0.5
repeat_1_fold_2,HERPUD1,0.0,0.0,0.0,0.0,0.0,0.0,0.0
repeat_1_fold_2,HJURP,-0.034784083703170765,0.06956816740634153,0.034784083703170765,-0.06956816740634153,0.0,-7.803233660028108e-05,0.5
repeat_1_fold_2,HLA-DOB,0.0,0.0,0.0,0.0,0.0,-7.803233660028108e-05,0.5
repeat_1_fold_2,HMG20B,0.0,0.0,0.0,0.0,0.0,0.0,0.0
repeat_1_fold_2,HMOX1,0.0,0.0,0.0,0.0,0.0,9.363880392035395e-05,0.5
repeat_1_fold_2,HNF4G,0.0,0.0,0.0,0.0,0.0,0.0,0.0
repeat_1_fold_2,HNRNPA3,0.0,0.0,0.0,0.0,0.0,8.974024278818327e-05,0.5
repeat_1_fold_2,HNRNPR,0.0,0.0,0.0,0.0,0.0,0.0,0.0
repeat_1_fold_2,HS3ST1,0.0,0.0,0.0,0.0,0.0,-0.00014826143954052573,0.5
repeat_1_fold_2,HSPA1L,0.0,0.0,0.0,0.0,0.0,0.0,0.0
repeat_1_fold_2,HSPA6,0.0,0.0,0.0,0.0,0.0,0.0,0.0
repeat_1_fold_2,HSPE1,0.0,0.0,0.0,0.0,0.0,0.0005224800191790946,1.0
repeat_1_fold_2,HTR4,0.0,0.0,0.0,0.0,0.0,0.0,0.0
repeat_1_fold_2,ICAM3,0.0,0.0,0.0,0.0,0.0,0.00033553904738123363,0.5
repeat_1_fold_2,ICAM4,-0.03273785003795382,0.06547570007590764,0.03273785003795382,-0.06547570007590764,0.0,0.0003280968953466856,1.0
repeat_1_fold_2,ICAM5,0.0,0.0,0.0,0.0,0.0,0.0,0.0
repeat_1_fold_2,IFIT5,0.24344337067002897,0.28110419117754215,0.14055209558877108,0.1028912750812579,0.5,-0.00034086971222385687,1.0
repeat_1_fold_2,IFT74,0.0,0.0,0.0,0.0,0.0,-0.00047422851350834017,1.0
repeat_1_fold_2,IGF2R,0.0,0.0,0.0,0.0,0.0,0.0,0.0
repeat_1_fold_2,IGLV2-14,0.0,0.0,0.0,0.0,0.0,0.0,0.0
repeat_1_fold_2,IKZF1,0.0,0.0,0.0,0.0,0.0,0.0,0.0
repeat_1_fold_2,IL18R1,0.0,0.0,0.0,0.0,0.0,0.0,0.0
repeat_1_fold_2,IL4,0.0,0.0,0.0,0.0,0.0,0.0,0.0
repeat_1_fold_2,IL5,0.0,0.0,0.0,0.0,0.0,0.0,0.0
repeat_1_fold_2,IL7,0.0,0.0,0.0,0.0,0.0,0.0,0.0
repeat_1_fold_2,IL9,0.0,0.0,0.0,0.0,0.0,9.363880392035395e-05,0.5
repeat_1_fold_2,INTS3,0.12172168533501448,0.24344337067002894,0.12172168533501447,1.3877787807814457e-17,0.25,0.00018763868946616857,0.5
repeat_1_fold_2,IP6K2,0.09332938719700046,0.2808285028318399,0.14041425141591996,-0.0470848642189195,0.25,0.0005295733123795165,1.0
repeat_1_fold_2,IRAG2,0.0,0.0,0.0,0.0,0.0,0.0,0.0
repeat_1_fold_2,IRAK3,0.0,0.0,0.0,0.0,0.0,0.0,0.0
repeat_1_fold_2,IRF3,0.0,0.0,0.0,0.0,0.0,0.0,0.0
repeat_1_fold_2,IRF6,0.0,0.0,0.0,0.0,0.0,0.00027737893225429633,0.5
repeat_1_fold_2,IST1,0.019165505031439878,0.038331010062879756,0.019165505031439878,0.0,0.25,0.0001170485049004355,0.5
repeat_1_fold_2,JAK2,0.0,0.0,0.0,0.0,0.0,0.0,0.0
repeat_1_fold_2,KCNA10,0.03708340193789006,0.07416680387578012,0.03708340193789006,0.0,0.25,0.00016316407779667919,0.5
repeat_1_fold_2,KCNE4,-0.06562878345516765,0.0757815915888574,0.0378907957944287,-0.10351957924959634,0.0,0.0002117705536971437,1.0
repeat_1_fold_2,KCNJ15,0.0,0.0,0.0,0.0,0.0,-0.00010924527124039907,0.5
repeat_1_fold_2,KCNK10,0.0,0.0,0.0,0.0,0.0,0.00021211330113565796,0.5
repeat_1_fold_2,KCNK5,-0.03944192424512316,0.06704074822748472,0.03352037411374236,-0.07296229835886553,0.0,-0.0007725201323428299,0.5
repeat_1_fold_2,KCNS3,-0.06562878345516765,0.0757815915888574,0.0378907957944287,-0.10351957924959634,0.0,-8.974024278812776e-05,0.5
repeat_1_fold_2,KDM2A,0.0,0.0,0.0,0.0,0.0,0.0,0.0
repeat_1_fold_2,KDM5D,0.0,0.0,0.0,0.0,0.0,-6.526563111863837e-05,0.5
repeat_1_fold_2,KDM6A,0.0,0.0,0.0,0.0,0.0,-0.00011421485445761714,0.5
repeat_1_fold_2,KDM8,0.08699477460495508,0.17398954920991017,0.08699477460495508,0.0,0.25,8.974024278818327e-05,0.5
repeat_1_fold_2,KIDINS220,0.0,0.0,0.0,0.0,0.0,-0.00017132228168645347,0.5
repeat_1_fold_2,KIF17,0.0,0.0,0.0,0.0,0.0,0.00038875402487351107,1.0
repeat_1_fold_2,KIF18A,0.0,0.0,0.0,0.0,0.0,-0.00031001174781356,0.5
repeat_1_fold_2,KIF23,-0.06547570007590764,0.07560482612840895,0.037802413064204475,-0.10327811314011212,0.0,0.0004093300754108298,1.0
repeat_1_fold_2,KIF5B,0.0,0.0,0.0,0.0,0.0,0.0,0.0
repeat_1_fold_2,KLHDC3,0.0,0.0,0.0,0.0,0.0,0.0,0.0
repeat_1_fold_2,KLHL20,0.0,0.0,0.0,0.0,0.0,-0.00013868946612710653,0.5
repeat_1_fold_2,KLHL21,0.0,0.0,0.0,0.0,0.0,0.0002936953400339837,0.5
repeat_1_fold_2,KLHL5,0.0,0.0,0.0,0.0,0.0,0.0,0.0
repeat_1_fold_2,KLK1,0.0,0.0,0.0,0.0,0.0,0.0,0.0
repeat_1_fold_2,KLK12,0.07416680387578012,0.08564044836523166,0.04282022418261583,0.03134657969316429,0.5,8.158203889832571e-05,0.5
repeat_1_fold_2,KLRB1,-0.08357414465250912,0.10118503971350346,0.05059251985675173,-0.13416666450926085,0.0,0.0008317696037417888,1.0
repeat_1_fold_2,KPNA6,0.0,0.0,0.0,0.0,0.0,0.0005228166552219415,0.5
repeat_1_fold_2,KRT14,-0.06547570007590764,0.07560482612840895,0.037802413064204475,-0.10327811314011212,0.0,-0.00023516192049022333,1.0
repeat_1_fold_2,KRT32,0.0,0.0,0.0,0.0,0.0,0.0002667298253602457,1.0
repeat_1_fold_2,KRT35,0.0,0.0,0.0,0.0,0.0,6.242586928023597e-05,0.5
repeat_1_fold_2,KRT38,-0.04374270205925335,0.0874854041185067,0.04374270205925335,-0.0874854041185067,0.0,0.00023658791280514735,0.5
repeat_1_fold_2,KRT4,0.0,0.0,0.0,0.0,0.0,0.0,0.0
repeat_1_fold_2,KRTAP2-1,0.0,0.0,0.0,0.0,0.0,0.0,0.0
repeat_1_fold_2,KRTAP5-8,0.0,0.0,0.0,0.0,0.0,0.00041925701905404233,1.0
repeat_1_fold_2,KYNU,0.0,0.0,0.0,0.0,0.0,0.0,0.0
repeat_1_fold_2,L1CAM,0.0,0.0,0.0,0.0,0.0,0.0,0.0
repeat_1_fold_2,LAMA1,0.0,0.0,0.0,0.0,0.0,0.00015500587390682163,0.5
repeat_1_fold_2,LAMB1,-0.05799261505945452,0.06806992996579328,0.03403496498289664,-0.09202758004235116,0.0,2.7755575615628914e-17,0.5
repeat_1_fold_2,LAMP1,0.0,0.0,0.0,0.0,0.0,-0.0002479408487631174,1.0
repeat_1_fold_2,LAMTOR2,0.0,0.0,0.0,0.0,0.0,0.0,0.0
repeat_1_fold_2,LAMTOR3,0.0,0.0,0.0,0.0,0.0,0.0,0.0
repeat_1_fold_2,LAMTOR5,0.0,0.0,0.0,0.0,0.0,0.0,0.0
repeat_1_fold_2,LARGE1,0.0,0.0,0.0,0.0,0.0,-0.00029334036980410705,1.0
repeat_1_fold_2,LCP2,0.0,0.0,0.0,0.0,0.0,0.0,0.0
repeat_1_fold_2,LDHA,0.0,0.0,0.0,0.0,0.0,3.263281555934694e-05,0.5
repeat_1_fold_2,LEMD3,-0.032814391727583825,0.06562878345516765,0.032814391727583825,-0.06562878345516765,0.0,-8.15820388980204e-06,0.5
repeat_1_fold_2,LHX2,0.0,0.0,0.0,0.0,0.0,-0.0002106873088207617,0.5
repeat_1_fold_2,LIF,0.0,0.0,0.0,0.0,0.0,-0.00022842970891523429,0.5
repeat_1_fold_2,LILRA1,0.0,0.0,0.0,0.0,0.0,0.0,0.0
repeat_1_fold_2,LILRB4,0.0,0.0,0.0,0.0,0.0,-2.340970098008155e-05,0.5
repeat_1_fold_2,LIMS2,-0.053414321784966745,0.06708187264794557,0.033540936323972786,-0.08695525810893953,0.0,0.0003553990460633538,1.0
repeat_1_fold_2,LMF2,0.0,0.0,0.0,0.0,0.0,0.0,0.0
repeat_1_fold_2,LMO7,0.0,0.0,0.0,0.0,0.0,0.0,0.0
repeat_1_fold_2,LPCAT4,0.12172168533501448,0.24344337067002894,0.12172168533501447,1.3877787807814457e-17,0.25,8.158203889857552e-06,0.5
repeat_1_fold_2,LPIN1,0.18821685593679938,0.4361189526608574,0.2180594763304287,-0.02984262039362931,0.25,0.0007558548657290443,1.0
repeat_1_fold_2,LRRC1,0.0,0.0,0.0,0.0,0.0,4.6819401960190854e-05,0.5
repeat_1_fold_2,LRRTM2,0.0,0.0,0.0,0.0,0.0,0.0005302832528390755,0.5
repeat_1_fold_2,LRRTM4,0.0,0.0,0.0,0.0,0.0,0.0,0.0
repeat_1_fold_2,LSM6,0.05624598525910862,0.2091122448809452,0.1045561224404726,-0.04831013718136398,0.25,2.6959403278153937e-05,1.0
repeat_1_fold_2,LTBP3,0.019165505031439878,0.038331010062879756,0.019165505031439878,0.0,0.25,0.000299717611149386,1.0
repeat_1_fold_2,LZTFL1,0.0,0.0,0.0,0.0,0.0,0.0,0.0
repeat_1_fold_2,MAML1,0.0,0.0,0.0,0.0,0.0,0.0,0.0
repeat_1_fold_2,MAN2A1,0.0,0.0,0.0,0.0,0.0,-0.00021849054248079813,0.5
repeat_1_fold_2,MAN2A2,0.04278187504232278,0.08556375008464556,0.04278187504232278,0.0,0.25,0.0003667519820213516,0.5
repeat_1_fold_2,MAP3K7,0.0,0.0,0.0,0.0,0.0,-0.0003277358137211972,0.5
repeat_1_fold_2,MARK3,0.0,0.0,0.0,0.0,0.0,0.0,0.0
repeat_1_fold_2,MAT2A,0.0,0.0,0.0,0.0,0.0,0.0,0.0
repeat_1_fold_2,MCHR1,-0.051368088119751576,0.10273617623950315,0.051368088119751576,-0.10273617623950315,0.0,0.00030185354392381347,0.5
repeat_1_fold_2,MCM5,0.019165505031439878,0.038331010062879756,0.019165505031439878,0.0,0.25,-3.3342756018905906e-05,1.0
repeat_1_fold_2,MCM7,0.0,0.0,0.0,0.0,0.0,0.0,0.0
repeat_1_fold_2,MDH2,0.0,0.0,0.0,0.0,0.0,-7.80323366000868e-06,1.0
repeat_1_fold_2,MED20,0.0,0.0,0.0,0.0,0.0,3.901616830015442e-05,0.5
repeat_1_fold_2,MED22,0.0,0.0,0.0,0.0,0.0,-0.00011421485445761714,0.5
repeat_1_fold_2,METTL1,0.0,0.0,0.0,0.0,0.0,0.0,0.0
repeat_1_fold_2,MEX3C,0.0,0.0,0.0,0.0,0.0,0.0,0.0
repeat_1_fold_2,MFAP3,0.0,0.0,0.0,0.0,0.0,0.0,0.0
repeat_1_fold_2,MICA,0.015286752531013192,0.03057350506202639,0.015286752531013194,-1.734723475976807e-18,0.25,0.0006125752321970157,1.0
repeat_1_fold_2,MIOS,0.0,0.0,0.0,0.0,0.0,0.0,0.0
repeat_1_fold_2,MLANA,0.0,0.0,0.0,0.0,0.0,-5.462263562019953e-05,0.5
repeat_1_fold_2,MLEC,0.12172168533501448,0.24344337067002894,0.12172168533501447,1.3877787807814457e-17,0.25,0.00015500587390682163,0.5
repeat_1_fold_2,MLLT1,0.0,0.0,0.0,0.0,0.0,0.0,0.0
repeat_1_fold_2,MLLT3,0.0,0.0,0.0,0.0,0.0,0.0,0.0
repeat_1_fold_2,MMP11,-0.06547570007590764,0.07560482612840895,0.037802413064204475,-0.10327811314011212,0.0,0.00019579689335599837,1.0
repeat_1_fold_2,MRPS18A,0.0,0.0,0.0,0.0,0.0,0.00019508084150071658,0.5
repeat_1_fold_2,MRS2,0.0,0.0,0.0,0.0,0.0,0.00019508084150074434,0.5
repeat_1_fold_2,MTA2,-0.004657840541952396,0.009315681083904792,0.004657840541952396,-0.009315681083904792,0.0,-5.462263562019953e-05,0.5
repeat_1_fold_2,MTAP,-0.06547570007590764,0.07560482612840895,0.037802413064204475,-0.10327811314011212,0.0,-6.732211574933533e-06,1.0
repeat_1_fold_2,MTARC1,-0.06547570007590764,0.07560482612840895,0.037802413064204475,-0.10327811314011212,0.0,0.0003571861200036275,1.0
repeat_1_fold_2,MTF2,-0.004657840541952396,0.009315681083904792,0.004657840541952396,-0.009315681083904792,0.0,9.363880392035395e-05,0.5
repeat_1_fold_2,MTNR1A,0.0826985621735794,0.22051875066811572,0.11025937533405786,-0.027560813160478453,0.25,0.00026922072836446653,0.5
repeat_1_fold_2,MTRF1,0.0,0.0,0.0,0.0,0.0,6.242586928023597e-05,0.5
repeat_1_fold_2,MUC3A,0.0,0.0,0.0,0.0,0.0,0.0,0.0
repeat_1_fold_2,MVD,0.0,0.0,0.0,0.0,0.0,0.0,0.0
repeat_1_fold_2,MYH14,0.0,0.0,0.0,0.0,0.0,0.00010924527124039907,0.5
repeat_1_fold_2,MYL1,0.0,0.0,0.0,0.0,0.0,2.4474611669517143e-05,0.5
repeat_1_fold_2,MYO10,0.0,0.0,0.0,0.0,0.0,0.0,0.0
repeat_1_fold_2,MYO15A,0.0,0.0,0.0,0.0,0.0,0.00034334228104127007,0.5
repeat_1_fold_2,MYO3A,0.0,0.0,0.0,0.0,0.0,-0.0002575067107809248,0.5
repeat_1_fold_2,MYRIP,-0.004657840541952396,0.009315681083904792,0.004657840541952396,-0.009315681083904792,0.0,0.00037527126753666984,1.0
repeat_1_fold_2,NABP1,0.0,0.0,0.0,0.0,0.0,-3.9016168300126663e-05,0.5
repeat_1_fold_2,NARS1,0.0,0.0,0.0,0.0,0.0,0.0,0.0
repeat_1_fold_2,NAT10,-0.032814391727583825,0.06562878345516765,0.032814391727583825,-0.06562878345516765,0.0,5.710742722886408e-05,0.5
repeat_1_fold_2,NCALD,0.0,0.0,0.0,0.0,0.0,0.0,0.0
repeat_1_fold_2,NCAM1,0.0,0.0,0.0,0.0,0.0,0.0,0.0
repeat_1_fold_2,NCAN,0.05624598525910862,0.2091122448809452,0.1045561224404726,-0.04831013718136398,0.25,0.0009016376250566005,1.0
repeat_1_fold_2,NCF1,0.0,0.0,0.0,0.0,0.0,0.0,0.0
repeat_1_fold_2,NCR3,-0.07807879296364817,0.09242152263178201,0.046210761315891004,-0.12428955427953917,0.0,-3.2632815559319184e-05,0.5
repeat_1_fold_2,NDUFA10,0.0,0.0,0.0,0.0,0.0,-0.00032632815559324735,0.5
repeat_1_fold_2,NDUFA4,-0.06547570007590764,0.07560482612840895,0.037802413064204475,-0.10327811314011212,0.0,0.00048133402950009674,0.5
repeat_1_fold_2,NDUFA6,0.0,0.0,0.0,0.0,0.0,0.0,0.0
repeat_1_fold_2,NDUFA7,0.0,0.0,0.0,0.0,0.0,0.0,0.0
repeat_1_fold_2,NDUFAF7,0.0,0.0,0.0,0.0,0.0,-3.1212934640117984e-05,0.5
repeat_1_fold_2,NDUFC1,0.0,0.0,0.0,0.0,0.0,-0.00018514778646183672,1.0
repeat_1_fold_2,NDUFS1,0.0,0.0,0.0,0.0,0.0,-0.000250774499205908,1.0
repeat_1_fold_2,NDUFV2,0.0,0.0,0.0,0.0,0.0,0.0,0.0
repeat_1_fold_2,NEDD4,0.0,0.0,0.0,0.0,0.0,-4.68194019601631e-05,0.5
repeat_1_fold_2,NEK9,0.12172168533501448,0.24344337067002894,0.12172168533501447,1.3877787807814457e-17,0.25,0.00013053126223733225,0.5
repeat_1_fold_2,NFYB,0.0,0.0,0.0,0.0,0.0,1.560646732007287e-05,0.5
repeat_1_fold_2,NHP2,0.0,0.0,0.0,0.0,0.0,0.0,0.0
repeat_1_fold_2,NIPAL3,0.12172168533501448,0.24344337067002894,0.12172168533501447,1.3877787807814457e-17,0.25,-0.0003795370216898575,1.0
repeat_1_fold_2,NKX3-2,0.0,0.0,0.0,0.0,0.0,-7.80323366000868e-06,0.5
repeat_1_fold_2,NLGN3,-0.06547570007590764,0.07560482612840895,0.037802413064204475,-0.10327811314011212,0.0,9.789844667801306e-05,0.5
repeat_1_fold_2,NLK,0.0,0.0,0.0,0.0,0.0,0.0,0.0
repeat_1_fold_2,NMBR,0.0,0.0,0.0,0.0,0.0,0.0,0.0
repeat_1_fold_2,NMI,-0.03726047616359196,0.04302469188636691,0.021512345943183454,-0.05877282210677541,0.0,0.0003135553387160206,1.0
repeat_1_fold_2,NMRK1,0.0,0.0,0.0,0.0,0.0,0.0,0.0
repeat_1_fold_2,NMUR1,0.0,0.0,0.0,0.0,0.0,0.0,0.0
repeat_1_fold_2,NNT,0.0,0.0,0.0,0.0,0.0,0.0,0.0
repeat_1_fold_2,NOL9,0.03151587976944725,0.06303175953889449,0.031515879769447246,6.938893903907228e-18,0.25,-0.0006608145150763522,0.5
repeat_1_fold_2,NOP56,0.0,0.0,0.0,0.0,0.0,0.0,0.0
repeat_1_fold_2,NPC1L1,0.0,0.0,0.0,0.0,0.0,0.0,0.0
repeat_1_fold_2,NPHP1,0.0,0.0,0.0,0.0,0.0,0.0,0.0
repeat_1_fold_2,NPHS2,0.0,0.0,0.0,0.0,0.0,0.00030432611274111565,0.5
repeat_1_fold_2,NR0B2,0.0,0.0,0.0,0.0,0.0,-3.2632815559319184e-05,0.5
repeat_1_fold_2,NRAS,0.0,0.0,0.0,0.0,0.0,-7.803233660036435e-06,0.5
repeat_1_fold_2,NRN1,0.0,0.0,0.0,0.0,0.0,0.0,0.0
repeat_1_fold_2,NSD3,0.0,0.0,0.0,0.0,0.0,0.00016316407779665143,0.5
repeat_1_fold_2,NSL1,-0.02166301755777944,0.04332603511555888,0.02166301755777944,-0.04332603511555888,0.0,-0.00011704850490040775,0.5
repeat_1_fold_2,NSMCE4A,0.0,0.0,0.0,0.0,0.0,0.0,0.0
repeat_1_fold_2,NT5E,-0.01863023808179598,0.03726047616359196,0.01863023808179598,-0.03726047616359196,0.0,-8.15820388980204e-06,0.5
repeat_1_fold_2,NUDT18,0.0,0.0,0.0,0.0,0.0,-2.340970098008155e-05,0.5
repeat_1_fold_2,NUDT9,0.0,0.0,0.0,0.0,0.0,0.0,0.0
repeat_1_fold_2,NUP88,0.0,0.0,0.0,0.0,0.0,-0.00013265497222048062,0.5
repeat_1_fold_2,NXF1,0.0,0.0,0.0,0.0,0.0,0.0,0.0
repeat_1_fold_2,OAT,0.0,0.0,0.0,0.0,0.0,0.0,0.0
repeat_1_fold_2,OAZ1,0.038331010062879756,0.04426083795622776,0.02213041897811388,0.016200591084765875,0.5,0.00031141940594156536,1.0
repeat_1_fold_2,OGFOD1,0.0,0.0,0.0,0.0,0.0,0.00025290432058480694,0.5
repeat_1_fold_2,OR10H2,0.0,0.0,0.0,0.0,0.0,0.0,0.0
repeat_1_fold_2,OR11A1,0.0,0.0,0.0,0.0,0.0,0.0,0.0
repeat_1_fold_2,OR1D2,0.0,0.0,0.0,0.0,0.0,0.00012379293926670365,1.0
repeat_1_fold_2,OR1E1,0.0,0.0,0.0,0.0,0.0,-4.079101944914898e-05,0.5
repeat_1_fold_2,OR1F1,0.0,0.0,0.0,0.0,0.0,-0.00010144203758039039,0.5
repeat_1_fold_2,OR2F1,0.0,0.0,0.0,0.0,0.0,0.0,0.0
repeat_1_fold_2,ORC5,0.0,0.0,0.0,0.0,0.0,0.0,0.0
repeat_1_fold_2,OSTF1,0.0,0.0,0.0,0.0,0.0,0.0,0.0
repeat_1_fold_2,OSTM1,0.0,0.0,0.0,0.0,0.0,-2.340970098008155e-05,0.5
repeat_1_fold_2,P2RX7,0.1549205534123974,0.2900354997742441,0.14501774988712204,0.009902803525275367,0.5,-0.0003923037271715002,1.0
repeat_1_fold_2,P2RY10,0.080238669972859,0.11164260445128753,0.055821302225643764,0.024417367747215236,0.5,0.0005792324761780543,0.5
repeat_1_fold_2,P2RY2,0.0,0.0,0.0,0.0,0.0,0.0,0.0
repeat_1_fold_2,P4HA2,0.0,0.0,0.0,0.0,0.0,7.803233660036435e-06,0.5
repeat_1_fold_2,PAFAH1B1,0.0,0.0,0.0,0.0,0.0,-6.242586928018046e-05,1.0
repeat_1_fold_2,PAFAH1B2,-0.06999832620154756,0.09690751137886473,0.048453755689432366,-0.11845208189097992,0.0,8.974024278818327e-05,0.5
repeat_1_fold_2,PAFAH2,0.0,0.0,0.0,0.0,0.0,7.803233660028108e-05,0.5
repeat_1_fold_2,PAGR1,0.0,0.0,0.0,0.0,0.0,-2.340970098008155e-05,0.5
repeat_1_fold_2,PAK4,0.0,0.0,0.0,0.0,0.0,0.0,0.0
repeat_1_fold_2,PAK6,0.0,0.0,0.0,0.0,0.0,0.0,0.0
repeat_1_fold_2,PANK2,0.0,0.0,0.0,0.0,0.0,0.0,0.0
repeat_1_fold_2,PAPSS1,-0.03726047616359196,0.04302469188636691,0.021512345943183454,-0.05877282210677541,0.0,0.00014436287840841056,1.0
repeat_1_fold_2,PAQR3,0.0,0.0,0.0,0.0,0.0,-7.02291029402724e-05,0.5
repeat_1_fold_2,PAX3,0.0,0.0,0.0,0.0,0.0,0.0,0.0
repeat_1_fold_2,PAX6,0.0,0.0,0.0,0.0,0.0,0.0,0.0
repeat_1_fold_2,PDE6B,0.0,0.0,0.0,0.0,0.0,7.02291029402724e-05,0.5
repeat_1_fold_2,PDE9A,0.0,0.0,0.0,0.0,0.0,0.0,0.0
repeat_1_fold_2,PDHX,0.0,0.0,0.0,0.0,0.0,-0.00015606467320056217,0.5
repeat_1_fold_2,PDPK1,0.0,0.0,0.0,0.0,0.0,-2.340970098008155e-05,0.5
repeat_1_fold_2,PELI2,0.0,0.0,0.0,0.0,0.0,0.0,0.0
repeat_1_fold_2,PEMT,0.0,0.0,0.0,0.0,0.0,0.0,0.0
repeat_1_fold_2,PEX16,0.0,0.0,0.0,0.0,0.0,0.0,0.0
repeat_1_fold_2,PGGT1B,0.0,0.0,0.0,0.0,0.0,0.0,0.0
repeat_1_fold_2,PGK1,-0.05814569843871453,0.06824383117081338,0.03412191558540669,-0.09226761402412123,0.0,-0.0001308862324670701,1.0
repeat_1_fold_2,PHC1,-0.032814391727583825,0.06562878345516765,0.032814391727583825,-0.06562878345516765,0.0,0.00024474611669497714,0.5
repeat_1_fold_2,PHF21A,0.0,0.0,0.0,0.0,0.0,1.560646732007287e-05,0.5
repeat_1_fold_2,PHGDH,0.08556375008464556,0.09880050828848795,0.049400254144243975,0.03616349594040159,0.5,0.0001404582058805448,0.5
repeat_1_fold_2,PHLPP2,0.0,0.0,0.0,0.0,0.0,-0.00020395509724577265,0.5
repeat_1_fold_2,PIK3CD,0.0,0.0,0.0,0.0,0.0,0.0,0.0
repeat_1_fold_2,PIK3R1,0.024911519661589665,0.028765345165082896,0.014382672582541448,0.010528847079048217,0.5,0.0013379454379323918,0.5
repeat_1_fold_2,PINK1,0.0,0.0,0.0,0.0,0.0,-0.00012237305834744694,0.5
repeat_1_fold_2,PKM,0.0,0.0,0.0,0.0,0.0,0.0009942176296831862,1.0
repeat_1_fold_2,PLA2G12A,0.0,0.0,0.0,0.0,0.0,0.0002039550972458004,0.5
repeat_1_fold_2,PLA2G5,0.0,0.0,0.0,0.0,0.0,0.0,0.0
repeat_1_fold_2,PLAAT3,-0.057306170683720126,0.05340778578155637,0.026703892890778184,-0.0840100635744983,0.0,0.00012132037044940147,1.0
repeat_1_fold_2,PLD3,0.08556375008464556,0.09880050828848795,0.049400254144243975,0.03616349594040159,0.5,4.68194019601631e-05,0.5
repeat_1_fold_2,PLN,0.0,0.0,0.0,0.0,0.0,-0.00012485784995608373,1.0
repeat_1_fold_2,PLXNB1,0.0,0.0,0.0,0.0,0.0,0.00010605665056784286,0.5
repeat_1_fold_2,PMM2,0.0,0.0,0.0,0.0,0.0,0.0,0.0
repeat_1_fold_2,PNO1,-0.06547570007590764,0.07560482612840895,0.037802413064204475,-0.10327811314011212,0.0,0.0003185188105376269,1.0
repeat_1_fold_2,POLD1,0.019165505031439878,0.038331010062879756,0.019165505031439878,0.0,0.25,0.00031993869145685583,1.0
repeat_1_fold_2,POLM,0.0,0.0,0.0,0.0,0.0,0.0,0.0
repeat_1_fold_2,POLR1B,0.0,0.0,0.0,0.0,0.0,0.0,0.0
repeat_1_fold_2,POLR1F,0.05128073326482152,0.05921389030937221,0.029606945154686103,0.021673788110135418,0.5,0.00024474611669497714,0.5
repeat_1_fold_2,POMT1,-0.03273785003795382,0.06547570007590764,0.03273785003795382,-0.06547570007590764,0.0,0.00011421485445767265,0.5
repeat_1_fold_2,POP4,0.0,0.0,0.0,0.0,0.0,0.0,0.0
repeat_1_fold_2,POU5F1,0.0,0.0,0.0,0.0,0.0,0.0,0.0
repeat_1_fold_2,PPIH,-0.03597315481281882,0.06078592880352992,0.03039296440176496,-0.06636611921458378,0.0,-0.0009289703327513554,1.0
repeat_1_fold_2,PPL,0.15938919451425093,0.30893532879460445,0.15446766439730222,0.004921530116948708,0.5,0.00039549234784413967,1.0
repeat_1_fold_2,PPP1R12A,0.0,0.0,0.0,0.0,0.0,-0.0002262937761408068,0.5
repeat_1_fold_2,PPY,0.0,0.0,0.0,0.0,0.0,0.0,0.0
repeat_1_fold_2,PRIM2,0.4294443954228111,0.5002105369986597,0.25010526849932985,0.17933912692348125,0.5,0.001706827241332587,1.0
repeat_1_fold_2,PRKACB,0.0,0.0,0.0,0.0,0.0,0.0,0.0
repeat_1_fold_2,PRKAG1,0.02818005185327266,0.05636010370654531,0.028180051853272655,3.469446951953614e-18,0.25,0.0002936953400339559,0.5
repeat_1_fold_2,PRLH,0.0,0.0,0.0,0.0,0.0,0.0,0.0
repeat_1_fold_2,PRODH,-0.04048184111376685,0.07101467557414097,0.035507337787070485,-0.07598917890083734,0.0,0.000723240384356616,1.0
repeat_1_fold_2,PRPF8,0.0,0.0,0.0,0.0,0.0,0.0001667076686990565,1.0
repeat_1_fold_2,PRPS1,0.0,0.0,0.0,0.0,0.0,0.0,0.0
repeat_1_fold_2,PRSS2,0.0,0.0,0.0,0.0,0.0,0.0,0.0
repeat_1_fold_2,PSEN2,0.0,0.0,0.0,0.0,0.0,0.0,0.0
repeat_1_fold_2,PSMA1,0.0,0.0,0.0,0.0,0.0,2.7755575615628914e-17,0.5
repeat_1_fold_2,PSMB6,0.0,0.0,0.0,0.0,0.0,0.0,0.0
repeat_1_fold_2,PSMD12,0.0,0.0,0.0,0.0,0.0,0.0,0.0
repeat_1_fold_2,PSME3,0.10049214888530322,0.13525424464367553,0.06762712232183776,0.03286502656346546,0.5,0.0008023437430419444,1.0
repeat_1_fold_2,PTDSS2,0.0,0.0,0.0,0.0,0.0,0.0012556473471788676,1.0
repeat_1_fold_2,PTGDR2,0.0,0.0,0.0,0.0,0.0,0.00013868946612716204,0.5
repeat_1_fold_2,PTPRJ,0.0,0.0,0.0,0.0,0.0,0.0,0.0
repeat_1_fold_2,PTPRO,0.004037859701238489,0.018444881652366605,0.009222440826183302,-0.005184581124944814,0.25,0.00039123881648214787,1.0
repeat_1_fold_2,PTS,0.0,0.0,0.0,0.0,0.0,0.0,0.0
repeat_1_fold_2,PYCR3,-0.02490001901696104,0.028752065364538514,0.014376032682269257,-0.0392760516992303,0.0,0.0005547578645085649,0.5
repeat_1_fold_2,QARS1,0.0,0.0,0.0,0.0,0.0,5.4977605850048406e-05,1.0
repeat_1_fold_2,RAB11FIP2,0.0,0.0,0.0,0.0,0.0,-0.0007342383500848204,0.5
repeat_1_fold_2,RAB3A,0.0,0.0,0.0,0.0,0.0,0.0,0.0
repeat_1_fold_2,RAB40B,0.0,0.0,0.0,0.0,0.0,-8.15820388980204e-06,0.5
repeat_1_fold_2,RAB6A,0.0,0.0,0.0,0.0,0.0,-0.00014826143954055349,0.5
repeat_1_fold_2,RABGGTB,0.0,0.0,0.0,0.0,0.0,0.0,0.0
repeat_1_fold_2,RAC3,0.0,0.0,0.0,0.0,0.0,-0.0003979649166614696,0.5
repeat_1_fold_2,RACK1,0.0,0.0,0.0,0.0,0.0,0.0,0.0
repeat_1_fold_2,RAD1,0.0,0.0,0.0,0.0,0.0,1.6316407779687347e-05,0.5
repeat_1_fold_2,RAD9A,0.0,0.0,0.0,0.0,0.0,0.0,0.0
repeat_1_fold_2,RANBP1,-0.06547570007590764,0.07560482612840895,0.037802413064204475,-0.10327811314011212,0.0,0.00035080276726279225,0.5
repeat_1_fold_2,RANGRF,-0.06956816740634153,0.08033040035816047,0.040165200179080235,-0.10973336758542176,0.0,-0.00020288407516075302,0.5
repeat_1_fold_2,RAP1GAP,0.09845710737890556,0.347897534722972,0.173948767361486,-0.07549165998258045,0.25,-0.0008442057845760853,1.0
repeat_1_fold_2,RAPGEF4,0.0,0.0,0.0,0.0,0.0,0.0,0.0
repeat_1_fold_2,RARS2,0.0,0.0,0.0,0.0,0.0,-5.745628606296238e-05,1.0
repeat_1_fold_2,RBM4,0.0,0.0,0.0,0.0,0.0,0.0,0.0
repeat_1_fold_2,RBP4,0.0,0.0,0.0,0.0,0.0,0.0,0.0
repeat_1_fold_2,RCC1,-0.06547570007590764,0.07560482612840895,0.037802413064204475,-0.10327811314011212,0.0,-0.0005547578645085371,1.0
repeat_1_fold_2,RDH16,0.0,0.0,0.0,0.0,0.0,0.0,0.0
repeat_1_fold_2,REST,0.08556375008464556,0.09880050828848795,0.049400254144243975,0.03616349594040159,0.5,-0.00019508084150071658,0.5
repeat_1_fold_2,REXO2,0.0,0.0,0.0,0.0,0.0,-5.462263562019953e-05,0.5
repeat_1_fold_2,RFC2,0.0,0.0,0.0,0.0,0.0,0.0007835119866754781,1.0
repeat_1_fold_2,RGCC,-0.0513680881197498,0.06363154256906906,0.03181577128453453,-0.08318385940428433,0.0,0.00022027150502546,0.5
repeat_1_fold_2,RGL2,-0.017771680005047585,0.057263906729188664,0.028631953364594332,-0.046403633369641914,0.25,0.00039159378671194123,0.5
repeat_1_fold_2,RGS2,0.0,0.0,0.0,0.0,0.0,0.0,0.0
repeat_1_fold_2,RGS20,-0.03729564822263498,0.06302587850772419,0.031512939253862095,-0.06880858747649707,0.0,0.0007938244575266817,1.0
repeat_1_fold_2,RGS3,0.0,0.0,0.0,0.0,0.0,0.0,0.0
repeat_1_fold_2,RGS6,0.0,0.0,0.0,0.0,0.0,-7.342383500846816e-05,0.5
repeat_1_fold_2,RGSL1,0.0,0.0,0.0,0.0,0.0,-7.803233660036435e-06,0.5
repeat_1_fold_2,RHBDF2,0.0,0.0,0.0,0.0,0.0,0.0,0.0
repeat_1_fold_2,RHCE,0.0,0.0,0.0,0.0,0.0,0.0,0.0
repeat_1_fold_2,RHOBTB2,0.46991211542752787,0.4732281504671151,0.23661407523355754,0.23329804019397032,1.0,0.0036012076125923886,1.0
repeat_1_fold_2,RHOQ,0.10081247221345357,0.2731540500342703,0.13657702501713515,-0.03576455280368157,0.25,2.7755575615628914e-17,0.5
repeat_1_fold_2,RHOT1,0.0,0.0,0.0,0.0,0.0,0.0,0.0
repeat_1_fold_2,RIN1,0.0,0.0,0.0,0.0,0.0,0.0,0.0
repeat_1_fold_2,RIOK2,0.0,0.0,0.0,0.0,0.0,0.0,0.0
repeat_1_fold_2,RNF123,0.0,0.0,0.0,0.0,0.0,0.0,0.0
repeat_1_fold_2,RNF128,0.0,0.0,0.0,0.0,0.0,4.6109461500576376e-05,1.0
repeat_1_fold_2,RNF144A,0.0,0.0,0.0,0.0,0.0,0.0001638679068605986,0.5
repeat_1_fold_2,RNF2,0.12172168533501448,0.24344337067002894,0.12172168533501447,1.3877787807814457e-17,0.25,0.00019508695289641165,1.0
repeat_1_fold_2,RNPS1,0.0,0.0,0.0,0.0,0.0,0.0,0.0
repeat_1_fold_2,RPL10A,0.0,0.0,0.0,0.0,0.0,0.00031816995170347306,0.5
repeat_1_fold_2,RPL32,0.0,0.0,0.0,0.0,0.0,-0.0001876386894660853,0.5
repeat_1_fold_2,RPL35,0.0,0.0,0.0,0.0,0.0,0.0,0.0
repeat_1_fold_2,RPL35A,-0.01808186518744037,0.03616373037488074,0.01808186518744037,-0.03616373037488074,0.0,4.008719038520181e-05,1.0
repeat_1_fold_2,RPL36A,-0.04108551416855022,0.047441465330013304,0.023720732665006652,-0.06480624683355687,0.0,0.0006994634903554897,1.0
repeat_1_fold_2,RPL37A,0.0,0.0,0.0,0.0,0.0,0.0,0.0
repeat_1_fold_2,RPRD2,0.0,0.0,0.0,0.0,0.0,0.0,0.0
repeat_1_fold_2,RPS15,0.0,0.0,0.0,0.0,0.0,0.0,0.0
repeat_1_fold_2,RPS4Y1,0.0,0.0,0.0,0.0,0.0,0.0,0.0
repeat_1_fold_2,RPS6KA5,0.0,0.0,0.0,0.0,0.0,0.0,0.5
repeat_1_fold_2,RPS7,0.0,0.0,0.0,0.0,0.0,0.0,0.0
repeat_1_fold_2,RRM1,-0.01951156158071754,0.03902312316143508,0.01951156158071754,-0.03902312316143508,0.0,0.0001844439573979173,1.0
repeat_1_fold_2,RTF1,0.0,0.0,0.0,0.0,0.0,0.0,0.0
repeat_1_fold_2,RXFP3,0.0,0.0,0.0,0.0,0.0,0.00045258755228166914,0.5
repeat_1_fold_2,S1PR1,0.08446120917142252,0.22140771807170995,0.11070385903585497,-0.02624264986443245,0.25,0.000682449364907467,1.0
repeat_1_fold_2,SALL1,-0.01863023808179598,0.03726047616359196,0.01863023808179598,-0.03726047616359196,0.0,-4.894922333895102e-05,0.5
repeat_1_fold_2,SAP30,-0.06547570007590764,0.07560482612840895,0.037802413064204475,-0.10327811314011212,0.0,8.158203889835347e-05,0.5
repeat_1_fold_2,SCD5,0.0,0.0,0.0,0.0,0.0,0.0,0.0
repeat_1_fold_2,SDCBP,0.0,0.0,0.0,0.0,0.0,0.0,0.0
repeat_1_fold_2,SDHAF1,0.10057904529376671,0.29499039819804385,0.14749519909902192,-0.04691615380525521,0.25,-6.526563111863837e-05,0.5
repeat_1_fold_2,SDHAF3,0.0,0.0,0.0,0.0,0.0,0.0,0.0
repeat_1_fold_2,SEC23IP,0.0,0.0,0.0,0.0,0.0,7.200395408932247e-05,1.0
repeat_1_fold_2,SERP1,0.0,0.0,0.0,0.0,0.0,0.0,0.0
repeat_1_fold_2,SERPINB13,-0.06562878345516765,0.0757815915888574,0.0378907957944287,-0.10351957924959634,0.0,-0.00017132228168645347,0.5
repeat_1_fold_2,SERPINB2,-0.06562878345516765,0.0757815915888574,0.0378907957944287,-0.10351957924959634,0.0,0.00012237305834750245,0.5
repeat_1_fold_2,SGCD,0.0,0.0,0.0,0.0,0.0,0.0,0.0
repeat_1_fold_2,SGPP1,-0.06547570007590764,0.07560482612840895,0.037802413064204475,-0.10327811314011212,0.0,-0.00011421485445761714,0.5
repeat_1_fold_2,SGSH,0.03309043911726306,0.06618087823452612,0.03309043911726306,0.0,0.25,0.0002575128221766476,1.0
repeat_1_fold_2,SH2B1,0.0,0.0,0.0,0.0,0.0,0.00022027150502548776,0.5
repeat_1_fold_2,SHMT1,0.0,0.0,0.0,0.0,0.0,5.462263562022729e-05,0.5
repeat_1_fold_2,SHPK,0.24344337067002897,0.28110419117754215,0.14055209558877108,0.1028912750812579,0.5,0.00031675007078427186,1.0
repeat_1_fold_2,SI,0.0,0.0,0.0,0.0,0.0,0.0,0.0
repeat_1_fold_2,SIGLEC5,0.0,0.0,0.0,0.0,0.0,0.0,0.0
repeat_1_fold_2,SIPA1L1,0.0,0.0,0.0,0.0,0.0,0.0,0.0
repeat_1_fold_2,SKA1,0.08588814911972875,0.25775476197114505,0.12887738098557253,-0.042989231865843774,0.25,0.0007044391849683473,1.0
repeat_1_fold_2,SKIC3,0.0,0.0,0.0,0.0,0.0,-0.0004405430100508645,0.5
repeat_1_fold_2,SKIC8,0.0,0.0,0.0,0.0,0.0,0.0,0.0
repeat_1_fold_2,SLAMF7,0.0,0.0,0.0,0.0,0.0,0.0,0.0
repeat_1_fold_2,SLC10A2,0.0,0.0,0.0,0.0,0.0,0.0,0.0
repeat_1_fold_2,SLC15A1,0.0,0.0,0.0,0.0,0.0,0.0,0.0
repeat_1_fold_2,SLC16A10,0.0,0.0,0.0,0.0,0.0,0.0,0.0
repeat_1_fold_2,SLC17A7,0.04278187504232278,0.08556375008464556,0.04278187504232278,0.0,0.25,1.560646732007287e-05,0.5
repeat_1_fold_2,SLC19A2,0.0,0.0,0.0,0.0,0.0,0.0002472186855123071,1.0
repeat_1_fold_2,SLC1A4,0.0002658967525963618,0.0005317935051927236,0.0002658967525963618,0.0,0.25,0.0006260335439513265,1.0
repeat_1_fold_2,SLC20A1,0.019165505031439878,0.038331010062879756,0.019165505031439878,0.0,0.25,-7.022910294024465e-05,0.5
repeat_1_fold_2,SLC20A2,0.0,0.0,0.0,0.0,0.0,0.0,0.0
repeat_1_fold_2,SLC22A5,-0.01863023808179598,0.03726047616359196,0.01863023808179598,-0.03726047616359196,0.0,0.00046607642101420543,1.0
repeat_1_fold_2,SLC25A12,0.0,0.0,0.0,0.0,0.0,0.00012237305834750245,0.5
repeat_1_fold_2,SLC25A17,0.0,0.0,0.0,0.0,0.0,0.0,0.0
repeat_1_fold_2,SLC27A5,0.0,0.0,0.0,0.0,0.0,0.00010605665056784286,0.5
repeat_1_fold_2,SLC28A1,0.04278187504232278,0.08556375008464556,0.04278187504232278,0.0,0.25,0.0006086522254822313,0.5
repeat_1_fold_2,SLC30A10,0.03242556139593766,0.07776957142193623,0.038884785710968116,-0.006459224315030453,0.25,0.00045649222480950713,1.0
repeat_1_fold_2,SLC44A1,0.24344337067002897,0.28110419117754215,0.14055209558877108,0.1028912750812579,0.5,0.0010931993212374425,0.5
repeat_1_fold_2,SLC5A7,0.0,0.0,0.0,0.0,0.0,0.0,0.0
repeat_1_fold_2,SLITRK3,0.0,0.0,0.0,0.0,0.0,1.560646732007287e-05,0.5
repeat_1_fold_2,SMARCD1,0.0,0.0,0.0,0.0,0.0,0.0,0.0
repeat_1_fold_2,SMO,0.00370978310669301,0.08707531696053995,0.043537658480269976,-0.03982787537357697,0.25,-0.001381172357825089,0.5
repeat_1_fold_2,SMYD2,0.0,0.0,0.0,0.0,0.0,0.0,0.0
repeat_1_fold_2,SNAP91,0.0,0.0,0.0,0.0,0.0,7.803233660036435e-06,0.5
repeat_1_fold_2,SNAPC1,0.16726025315097637,0.2839484901584233,0.14197424507921164,0.025286008071764732,0.5,0.00034264456337296245,0.5
repeat_1_fold_2,SND1,0.0,0.0,0.0,0.0,0.0,-4.184981874288951e-05,1.0
repeat_1_fold_2,SNRPA1,0.0,0.0,0.0,0.0,0.0,0.0,0.0
repeat_1_fold_2,SOAT1,0.0,0.0,0.0,0.0,0.0,0.0,0.0
repeat_1_fold_2,SOCS2,0.0,0.0,0.0,0.0,0.0,0.0,0.5
repeat_1_fold_2,SOX9,0.0,0.0,0.0,0.0,0.0,0.0,0.0
repeat_1_fold_2,SP1,0.0,0.0,0.0,0.0,0.0,-3.1212934640117984e-05,0.5
repeat_1_fold_2,SPARC,0.0,0.0,0.0,0.0,0.0,0.0,0.0
repeat_1_fold_2,SPCS1,0.0,0.0,0.0,0.0,0.0,0.0,0.0
repeat_1_fold_2,SPEN,0.03708340193789006,0.07416680387578012,0.03708340193789006,0.0,0.25,0.0003937113852994778,1.0
repeat_1_fold_2,SPIDR,0.0,0.0,0.0,0.0,0.0,0.00025290432058480694,0.5
repeat_1_fold_2,SPOCK3,0.0,0.0,0.0,0.0,0.0,0.0,0.0
repeat_1_fold_2,SPPL2B,-0.03273785003795382,0.06547570007590764,0.03273785003795382,-0.06547570007590764,0.0,0.0003018535439237857,0.5
repeat_1_fold_2,SPRY2,-0.11203389383986284,0.15651500297921825,0.07825750148960912,-0.19029139532947198,0.0,0.0008895686372432932,0.5
repeat_1_fold_2,SRD5A1,0.0,0.0,0.0,0.0,0.0,0.00013868946612716204,0.5
repeat_1_fold_2,SRPK1,0.02097034762929262,0.041940695258585244,0.020970347629292622,-3.469446951953614e-18,0.25,0.0007587129617543653,0.5
repeat_1_fold_2,SRRM2,0.0,0.0,0.0,0.0,0.0,-0.0002106873088207617,0.5
repeat_1_fold_2,SRSF11,0.0,0.0,0.0,0.0,0.0,0.0,0.0
repeat_1_fold_2,SRSF4,0.0,0.0,0.0,0.0,0.0,0.00039016168300143317,0.5
repeat_1_fold_2,SRSF5,0.0,0.0,0.0,0.0,0.0,0.0,0.0
repeat_1_fold_2,SS18L1,0.0,0.0,0.0,0.0,0.0,0.0,0.0
repeat_1_fold_2,SSTR5,0.0,0.0,0.0,0.0,0.0,0.00014684767001699184,0.5
repeat_1_fold_2,ST3GAL2,0.0,0.0,0.0,0.0,0.0,-0.00013939940658669325,1.0
repeat_1_fold_2,ST3GAL4,0.0,0.0,0.0,0.0,0.0,-0.0002610625244745812,0.5
repeat_1_fold_2,STAM2,0.0,0.0,0.0,0.0,0.0,0.00026922072836446653,0.5
repeat_1_fold_2,STARD3,0.0,0.0,0.0,0.0,0.0,0.0,0.0
repeat_1_fold_2,STK4,0.0,0.0,0.0,0.0,0.0,-5.7107427228780816e-05,0.5
repeat_1_fold_2,STN1,0.0,0.0,0.0,0.0,0.0,-0.00017167114052060728,0.5
repeat_1_fold_2,STUB1,0.0,0.0,0.0,0.0,0.0,0.0,0.0
repeat_1_fold_2,STX1A,0.0,0.0,0.0,0.0,0.0,0.00046501762172043715,0.5
repeat_1_fold_2,SUCLA2,0.0,0.0,0.0,0.0,0.0,0.0,0.0
repeat_1_fold_2,SULT1A1,0.0,0.0,0.0,0.0,0.0,0.0,0.0
repeat_1_fold_2,SULT1C4,0.0,0.0,0.0,0.0,0.0,6.242586928023597e-05,1.0
repeat_1_fold_2,SURF1,0.0,0.0,0.0,0.0,0.0,0.0,0.0
repeat_1_fold_2,SYNJ1,0.09548900316125497,0.22809173703903463,0.11404586851951731,-0.018556865358262342,0.25,0.0010524083017882935,0.5
repeat_1_fold_2,SYT12,0.04278187504232278,0.08556375008464556,0.04278187504232278,0.0,0.25,0.0002883707865869445,1.0
repeat_1_fold_2,TACC3,-0.034784083703170765,0.06956816740634153,0.034784083703170765,-0.06956816740634153,0.0,8.903030232854103e-05,1.0
repeat_1_fold_2,TAF10,0.0,0.0,0.0,0.0,0.0,0.0002039550972458004,0.5
repeat_1_fold_2,TAF5L,0.0,0.0,0.0,0.0,0.0,-7.803233660025333e-05,0.5
repeat_1_fold_2,TAF7L,0.0,0.0,0.0,0.0,0.0,0.0,0.0
repeat_1_fold_2,TAP1,0.0,0.0,0.0,0.0,0.0,7.342383500852367e-05,0.5
repeat_1_fold_2,TAPBP,0.0,0.0,0.0,0.0,0.0,0.0,0.0
repeat_1_fold_2,TBC1D4,-0.03726047616359196,0.04302469188636691,0.021512345943183454,-0.05877282210677541,0.0,4.894922333900653e-05,0.5
repeat_1_fold_2,TBCD,0.0,0.0,0.0,0.0,0.0,0.0,0.0
repeat_1_fold_2,TBX1,0.0,0.0,0.0,0.0,0.0,0.0,0.0
repeat_1_fold_2,TCF12,0.0,0.0,0.0,0.0,0.0,0.0,0.0
repeat_1_fold_2,TCF7,-0.03273785003795382,0.06547570007590764,0.03273785003795382,-0.06547570007590764,0.0,0.00021778060202123917,1.0
repeat_1_fold_2,TCF7L1,-0.04200855792194247,0.05861649471187963,0.029308247355939815,-0.07131680527788228,0.0,-0.0003046994171577999,1.0
repeat_1_fold_2,TCTN1,0.0,0.0,0.0,0.0,0.0,-0.0002486446778270923,1.0
repeat_1_fold_2,TEX12,-0.06547570007590764,0.07560482612840895,0.037802413064204475,-0.10327811314011212,0.0,0.0004079101944916008,0.5
repeat_1_fold_2,TFAM,0.0,0.0,0.0,0.0,0.0,0.00010144203758036263,0.5
repeat_1_fold_2,TFR2,0.0,0.0,0.0,0.0,0.0,0.0,0.0
repeat_1_fold_2,THSD4,0.0,0.0,0.0,0.0,0.0,0.0001429491088847934,1.0
repeat_1_fold_2,THSD7A,0.0,0.0,0.0,0.0,0.0,0.00017983545580613214,1.0
repeat_1_fold_2,THUMPD1,0.04278187504232278,0.08556375008464556,0.04278187504232278,0.0,0.25,-0.0002575067107809248,0.5
repeat_1_fold_2,TIMM13,0.4906095680606537,0.5797101068172199,0.28985505340860995,0.20075451465204375,0.5,0.00035896097115262204,0.5
repeat_1_fold_2,TJP1,0.0,0.0,0.0,0.0,0.0,0.0,0.0
repeat_1_fold_2,TK2,0.0,0.0,0.0,0.0,0.0,-8.158203889829796e-05,0.5
repeat_1_fold_2,TLE3,0.0,0.0,0.0,0.0,0.0,0.000399751990601771,0.5
repeat_1_fold_2,TMEM115,0.0,0.0,0.0,0.0,0.0,0.0,0.0
repeat_1_fold_2,TMEM63A,0.0,0.0,0.0,0.0,0.0,-0.00012840144085846106,1.0
repeat_1_fold_2,TMLHE,0.0,0.0,0.0,0.0,0.0,0.0,0.0
repeat_1_fold_2,TMPO,0.0,0.0,0.0,0.0,0.0,0.0,0.0
repeat_1_fold_2,TNFRSF10C,-0.004657840541952396,0.009315681083904792,0.004657840541952396,-0.009315681083904792,0.0,5.462263562019953e-05,0.5
repeat_1_fold_2,TNFRSF11A,0.0,0.0,0.0,0.0,0.0,0.0,0.0
repeat_1_fold_2,TNNI1,0.02818005185327266,0.05636010370654531,0.028180051853272655,3.469446951953614e-18,0.25,0.0002532531794189885,1.0
repeat_1_fold_2,TNPO1,0.22158675000670058,0.2558663395304458,0.1279331697652229,0.09365358024147769,0.5,-0.00030185354392375796,0.5
repeat_1_fold_2,TOLLIP,0.0,0.0,0.0,0.0,0.0,0.0,0.0
repeat_1_fold_2,TOMM70,0.0,0.0,0.0,0.0,0.0,0.0,0.0
repeat_1_fold_2,TPX2,-0.005202000615192048,0.07770125730286888,0.03885062865143444,-0.04405262926662649,0.25,-0.0010218625278382854,1.0
repeat_1_fold_2,TRAP1,0.0,0.0,0.0,0.0,0.0,0.00013868946612716204,0.5
repeat_1_fold_2,TRAPPC11,0.035663136869725776,0.07132627373945155,0.035663136869725776,0.0,0.25,-4.894922333895102e-05,0.5
repeat_1_fold_2,TRIM37,0.0,0.0,0.0,0.0,0.0,0.00014684767001699184,0.5
repeat_1_fold_2,TRIM56,0.28065404776466707,0.3240713800521772,0.1620356900260886,0.11861835773857846,0.5,0.0005302832528390755,0.5
repeat_1_fold_2,TRIP4,0.0,0.0,0.0,0.0,0.0,0.0,0.0
repeat_1_fold_2,TRPC4,0.0,0.0,0.0,0.0,0.0,0.0,0.0
repeat_1_fold_2,TRPV4,0.0,0.0,0.0,0.0,0.0,0.00024474611669497714,0.5
repeat_1_fold_2,TSPOAP1,0.0,0.0,0.0,0.0,0.0,0.0009754042075036107,0.5
repeat_1_fold_2,TTLL5,0.0,0.0,0.0,0.0,0.0,0.0,0.0
repeat_1_fold_2,TUBAL3,0.0,0.0,0.0,0.0,0.0,0.00012485173856047194,0.5
repeat_1_fold_2,TUBB,0.0,0.0,0.0,0.0,0.0,-0.00037455521568138805,0.5
repeat_1_fold_2,TUBG2,0.0,0.0,0.0,0.0,0.0,0.0,0.0
repeat_1_fold_2,TUT7,0.0,0.0,0.0,0.0,0.0,4.894922333900653e-05,0.5
repeat_1_fold_2,TXNDC5,0.0,0.0,0.0,0.0,0.0,0.0004916037205818236,0.5
repeat_1_fold_2,UBC,-0.08433226069229605,0.11273446767581484,0.05636723383790742,-0.14069949453020347,0.0,0.0005082812099869438,1.0
repeat_1_fold_2,UBE2H,0.0,0.0,0.0,0.0,0.0,0.0006632748611024308,0.5
repeat_1_fold_2,UBE2V1,-0.06547570007590764,0.07560482612840895,0.037802413064204475,-0.10327811314011212,0.0,0.0001542959334472349,1.0
repeat_1_fold_2,UGT1A10,-0.05264171619947078,0.06078541803673668,0.03039270901836834,-0.08303442521783912,0.0,-0.0017716890110563155,1.0
repeat_1_fold_2,UGT1A3,0.0,0.0,0.0,0.0,0.0,0.0,0.0
repeat_1_fold_2,UPF3A,0.017336980545110237,0.0200190207693094,0.0100095103846547,0.007327470160455537,0.5,0.0004472813330215486,1.0
repeat_1_fold_2,UPP1,0.0,0.0,0.0,0.0,0.0,-3.227784532952582e-05,1.0
repeat_1_fold_2,USP10,0.0,0.0,0.0,0.0,0.0,-7.803233660036435e-06,0.5
repeat_1_fold_2,USP18,-0.03726047616359196,0.04302469188636691,0.021512345943183454,-0.05877282210677541,0.0,-1.6316407779631836e-05,0.5
repeat_1_fold_2,USP20,0.0,0.0,0.0,0.0,0.0,0.00013053126223736,0.5
repeat_1_fold_2,USP3,-0.023433569089505113,0.046867138179010226,0.023433569089505113,-0.046867138179010226,0.0,-0.0003979649166614696,0.5
repeat_1_fold_2,USP33,0.0,0.0,0.0,0.0,0.0,0.0,0.0
repeat_1_fold_2,USP5,0.0,0.0,0.0,0.0,0.0,-0.00013868946612710653,0.5
repeat_1_fold_2,UTP18,-0.03726047616359196,0.04302469188636691,0.021512345943183454,-0.05877282210677541,0.0,2.7755575615628914e-17,0.5
repeat_1_fold_2,VHL,0.0,0.0,0.0,0.0,0.0,0.0,0.0
repeat_1_fold_2,VPS11,0.0,0.0,0.0,0.0,0.0,0.0,0.0
repeat_1_fold_2,VPS37C,0.0,0.0,0.0,0.0,0.0,-0.0001638679068605986,0.5
repeat_1_fold_2,VRK2,0.04278187504232278,0.08556375008464556,0.04278187504232278,0.0,0.25,8.725545117954647e-05,1.0
repeat_1_fold_2,VTN,0.0,0.0,0.0,0.0,0.0,0.0,0.0
repeat_1_fold_2,WDR6,0.0,0.0,0.0,0.0,0.0,5.710742722886408e-05,0.5
repeat_1_fold_2,WNT11,0.0,0.0,0.0,0.0,0.0,8.158203889835347e-05,0.5
repeat_1_fold_2,WNT3,0.0,0.0,0.0,0.0,0.0,0.0,0.0
repeat_1_fold_2,WTAP,0.0871562323812114,0.27918652803877597,0.13959326401938799,-0.05243703163817659,0.25,-0.0005029811021223518,1.0
repeat_1_fold_2,XBP1,0.07403422758085476,0.15133040818736104,0.07566520409368052,-0.0016309765128257603,0.5,0.0009012948776180862,1.0
repeat_1_fold_2,XPA,0.0,0.0,0.0,0.0,0.0,0.000234097009800871,0.5
repeat_1_fold_2,XPC,0.0,0.0,0.0,0.0,0.0,0.0002486385664315083,1.0
repeat_1_fold_2,XYLT2,0.0,0.0,0.0,0.0,0.0,0.0,0.0
repeat_1_fold_2,YRDC,-0.03273785003795382,0.06547570007590764,0.03273785003795382,-0.06547570007590764,0.0,-0.0002887196454210428,1.0
repeat_1_fold_2,YWHAH,0.0,0.0,0.0,0.0,0.0,0.00018763868946616857,0.5
repeat_1_fold_2,ZC3H12A,0.0,0.0,0.0,0.0,0.0,8.158203889835347e-05,0.5
repeat_1_fold_2,ZDHHC11,0.0,0.0,0.0,0.0,0.0,0.0,0.0
repeat_1_fold_2,ZFPM2,0.09442172623929146,0.23534028448408026,0.11767014224204013,-0.02324841600274867,0.25,-0.0004976504372797008,0.5
repeat_1_fold_2,ZKSCAN7,0.0,0.0,0.0,0.0,0.0,0.0004894922333899265,0.5
repeat_1_fold_2,ZNF211,0.0,0.0,0.0,0.0,0.0,0.0009144043305382432,1.0
repeat_1_fold_2,ZNF212,0.0,0.0,0.0,0.0,0.0,0.0,0.0
repeat_1_fold_2,ZNF248,0.0,0.0,0.0,0.0,0.0,0.0,0.0
repeat_1_fold_2,ZNF264,0.0,0.0,0.0,0.0,0.0,-0.00039016168300143317,0.5
repeat_1_fold_2,ZNF266,0.04223771496908668,0.04877191221471376,0.02438595610735688,0.0178517588617298,0.5,5.462263562019953e-05,0.5
repeat_1_fold_2,ZNF286A,0.0,0.0,0.0,0.0,0.0,0.0,0.0
repeat_1_fold_2,ZNF324,0.0,0.0,0.0,0.0,0.0,0.0,0.0
repeat_1_fold_2,ZNF33B,-0.020396192469060992,0.03587405725184556,0.01793702862592278,-0.03833322109498377,0.0,-0.0006494615791182434,1.0
repeat_1_fold_2,ZNF343,0.0,0.0,0.0,0.0,0.0,0.0,0.5
repeat_1_fold_2,ZNF41,-0.046239652882619,0.06274694191391594,0.03137347095695797,-0.07761312383957697,0.0,8.442180073678363e-05,1.0
repeat_1_fold_2,ZNF426,0.0,0.0,0.0,0.0,0.0,0.0,0.0
repeat_1_fold_2,ZNF460,-0.03729564822263498,0.06302587850772419,0.031512939253862095,-0.06880858747649707,0.0,0.0009545098551103082,0.5
repeat_1_fold_2,ZNF500,-0.034784083703170765,0.06956816740634153,0.034784083703170765,-0.06956816740634153,0.0,-0.00012485173856047194,0.5
repeat_1_fold_2,ZNF510,0.0,0.0,0.0,0.0,0.0,9.363880392035395e-05,0.5
repeat_1_fold_2,ZNF682,0.0,0.0,0.0,0.0,0.0,0.00024190024346090744,0.5
repeat_1_fold_2,ZNF717,0.0,0.0,0.0,0.0,0.0,-3.2632815559319184e-05,0.5
repeat_1_fold_2,ZW10,0.0,0.0,0.0,0.0,0.0,0.0,0.0
repeat_1_fold_2,ZWILCH,0.0,0.0,0.0,0.0,0.0,0.0004564922248095349,1.0
repeat_1_fold_2,ZZZ3,0.0,0.0,0.0,0.0,0.0,0.0,0.0
repeat_1_fold_3,A1CF,0.0,0.0,0.0,0.0,0.0,-0.0001862949048343221,0.5
repeat_1_fold_3,A2M,0.0,0.0,0.0,0.0,0.0,0.0,0.0
repeat_1_fold_3,A4GALT,0.035359201595882794,0.048030416778986305,0.024015208389493153,0.011343993206389642,0.5,-0.00013972117862573463,0.5
repeat_1_fold_3,AAAS,0.0,0.0,0.0,0.0,0.0,0.00029496693265440577,0.5
repeat_1_fold_3,AACS,0.0,0.0,0.0,0.0,0.0,0.0,0.0
repeat_1_fold_3,AADAC,0.0,0.0,0.0,0.0,0.0,-0.00012935355560589334,0.5
repeat_1_fold_3,AAK1,0.0,0.0,0.0,0.0,0.0,0.0,0.0
repeat_1_fold_3,AAMP,-0.2278442546785584,0.26314304996295396,0.13157152498147698,-0.35941577966003535,0.0,-0.0009469990995746025,0.5
repeat_1_fold_3,AANAT,0.021310670820824384,0.17139049119743063,0.08569524559871532,-0.06438457477789093,0.25,0.00026620080764319654,1.0
repeat_1_fold_3,AASDHPPT,0.0,0.0,0.0,0.0,0.0,0.00020211493063412855,0.5
repeat_1_fold_3,ABCA7,0.02988076408754381,0.03450333437907024,0.01725166718953512,0.012629096898008691,0.5,-9.373835321097035e-06,1.0
repeat_1_fold_3,ABCC6,0.0014686048754395387,0.0029372097508790773,0.0014686048754395387,0.0,0.25,-0.0003557222779161373,0.5
repeat_1_fold_3,ABCD1,0.0,0.0,0.0,0.0,0.0,0.0,0.0
repeat_1_fold_3,ABCD2,0.0,0.0,0.0,0.0,0.0,0.0,0.0
repeat_1_fold_3,ABCG2,0.0,0.0,0.0,0.0,0.0,0.0,0.0
repeat_1_fold_3,ABHD10,-0.09750759722237667,0.13377361587174946,0.06688680793587473,-0.1643944051582514,0.0,-4.042298612685902e-05,0.5
repeat_1_fold_3,ABHD4,0.0,0.0,0.0,0.0,0.0,0.0,0.0
repeat_1_fold_3,ABL1,0.1379690251130743,0.10280256938617816,0.05140128469308908,0.08656774041998522,0.75,0.0003922506906287315,1.0
repeat_1_fold_3,ACKR4,0.0,0.0,0.0,0.0,0.0,0.0,0.0
repeat_1_fold_3,ACLY,-0.006355181795420606,0.007338331840670192,0.003669165920335096,-0.010024347715755702,0.0,-0.00025615549414723104,0.5
repeat_1_fold_3,ACO1,0.0,0.0,0.0,0.0,0.0,0.0001778611389580409,0.5
repeat_1_fold_3,ACP5,0.05001062887545338,0.10002125775090676,0.05001062887545338,0.0,0.25,-0.0007114445558322469,0.5
repeat_1_fold_3,ACSBG1,0.0,0.0,0.0,0.0,0.0,0.0,0.0
repeat_1_fold_3,ACSL3,-0.05779664346345115,0.11559328692690231,0.057796643463451154,-0.1155932869269023,0.0,-5.659218057757487e-05,0.5
repeat_1_fold_3,ACSM3,-0.06974915055507225,0.08053938169743739,0.040269690848718696,-0.11001884140379095,0.0,0.0005123109882944898,0.5
repeat_1_fold_3,ACSM5,0.0,0.0,0.0,0.0,0.0,0.0,0.0
repeat_1_fold_3,ACTB,0.0,0.0,0.0,0.0,0.0,0.0,0.0
repeat_1_fold_3,ACTG1,-0.016521580318112683,0.033043160636225366,0.016521580318112683,-0.033043160636225366,0.0,-0.0002910455001132184,0.5
repeat_1_fold_3,ACTN3,0.10456268791831036,0.1227899381095992,0.0613949690547996,0.04316771886351076,0.5,-2.3286863104265976e-05,0.5
repeat_1_fold_3,ACTR5,0.0,0.0,0.0,0.0,0.0,0.0,0.0
repeat_1_fold_3,ACVR2B,-0.0689052491371207,0.1378104982742414,0.0689052491371207,-0.1378104982742414,0.0,-0.0009523709249735224,1.0
repeat_1_fold_3,ADAM12,0.08961774912082632,0.10348166315815485,0.051740831579077426,0.03787691754174889,0.5,-6.986058931285344e-05,0.5
repeat_1_fold_3,ADAM8,0.0,0.0,0.0,0.0,0.0,-4.850758335223082e-05,0.5
repeat_1_fold_3,ADAM9,0.0,0.0,0.0,0.0,0.0,-8.893056947903433e-05,0.5
repeat_1_fold_3,ADAMTS2,0.0,0.0,0.0,0.0,0.0,0.0,0.0
repeat_1_fold_3,ADAMTSL3,0.0,0.0,0.0,0.0,0.0,0.0,0.0
repeat_1_fold_3,ADAT1,-0.08660536784266526,0.17321073568533052,0.08660536784266526,-0.17321073568533052,0.0,0.00010252128773827196,1.0
repeat_1_fold_3,ADD1,-0.1279716016025496,0.14776887726771912,0.07388443863385956,-0.20185604023640918,0.0,0.00022636872231024396,0.5
repeat_1_fold_3,ADH1C,-0.1042793028015172,0.16159475225229125,0.08079737612614563,-0.18507667892766283,0.0,0.0005820910002263258,0.5
repeat_1_fold_3,AFF4,0.12866567345011148,0.20314519762373834,0.10157259881186917,0.027093074638242315,0.5,0.0004333720140574371,1.0
repeat_1_fold_3,AGO1,0.0,0.0,0.0,0.0,0.0,0.0,0.0
repeat_1_fold_3,AGO3,0.05762279782767621,0.11524559565535242,0.05762279782767621,0.0,0.25,6.502594645385606e-05,1.0
repeat_1_fold_3,AGTR1,-0.003177590897710303,0.006355181795420606,0.003177590897710303,-0.006355181795420606,0.0,0.00010090974011861542,0.5
repeat_1_fold_3,AK4,0.1302051094489194,0.0903660240621347,0.04518301203106735,0.08502209741785204,0.75,-0.0002568001131951214,1.0
repeat_1_fold_3,AKR1A1,0.2860118667722915,0.2968649731085235,0.14843248655426175,0.13757938021802976,0.75,0.0018993700245481804,1.0
repeat_1_fold_3,AKR1B1,0.0,0.0,0.0,0.0,0.0,0.0,0.0
repeat_1_fold_3,AKR7A2,0.0,0.0,0.0,0.0,0.0,-7.276137502831848e-05,0.5
repeat_1_fold_3,AKR7A3,-0.032371310296461786,0.03737916942736623,0.018689584713683115,-0.0510608950101449,0.0,-6.7953591296188165e-06,1.0
repeat_1_fold_3,ALAD,0.0,0.0,0.0,0.0,0.0,0.0,0.0
repeat_1_fold_3,ALAS1,-0.006838447295795191,0.09687287380052838,0.04843643690026419,-0.05527488419605938,0.25,6.661063494653452e-05,1.0
repeat_1_fold_3,ALDH1A1,-0.15363769729519916,0.17740553178211493,0.08870276589105747,-0.24234046318625663,0.0,-6.467677780297443e-05,0.5
repeat_1_fold_3,ALDH1B1,0.059124871658900346,0.11824974331780068,0.05912487165890034,6.938893903907228e-18,0.25,3.104915080576198e-05,0.5
repeat_1_fold_3,ALDH2,0.0,0.0,0.0,0.0,0.0,-1.6169194450743607e-05,0.5
repeat_1_fold_3,ALDH3B2,-0.016322264628044536,0.03264452925608907,0.016322264628044536,-0.03264452925608907,0.0,-0.00039426512515330914,1.0
repeat_1_fold_3,ALDH7A1,0.0,0.0,0.0,0.0,0.0,0.00030272922035584626,0.5
repeat_1_fold_3,ALDH9A1,0.37426992458894404,0.2463780948565748,0.1231890474282874,0.25108087716065663,1.0,0.0022442680742854604,1.0
repeat_1_fold_3,ALG12,0.0,0.0,0.0,0.0,0.0,0.0,0.0
repeat_1_fold_3,ALG6,0.0,0.0,0.0,0.0,0.0,0.0,0.0
repeat_1_fold_3,ALOX15B,0.05762279782767621,0.11524559565535242,0.05762279782767621,0.0,0.25,-7.76228770141274e-06,0.5
repeat_1_fold_3,ALOX5AP,0.014940382043771905,0.029880764087543806,0.014940382043771903,1.734723475976807e-18,0.25,0.0003395530834653382,0.5
repeat_1_fold_3,ALPG,0.0,0.0,0.0,0.0,0.0,3.104915080573423e-05,0.5
repeat_1_fold_3,ALPK1,0.0,0.0,0.0,0.0,0.0,0.0,0.0
repeat_1_fold_3,AMACR,0.0,0.0,0.0,0.0,0.0,0.0004465867045387317,1.0
repeat_1_fold_3,AMPD2,-0.2394959524049174,0.28008375558321913,0.14004187779160956,-0.379537830196527,0.0,-0.0002587071112117312,0.5
repeat_1_fold_3,ANAPC15,0.0,0.0,0.0,0.0,0.0,0.0,0.0
repeat_1_fold_3,ANAPC5,0.0802005087404094,0.1564896417090149,0.07824482085450744,0.0019556878859019605,0.75,0.0002050962937305556,1.0
repeat_1_fold_3,ANKFY1,0.04885827064193293,0.1637321222606813,0.08186606113034064,-0.03300779048840771,0.25,0.0011256928714695191,1.0
repeat_1_fold_3,ANKLE2,0.0,0.0,0.0,0.0,0.0,-0.0004424503989815809,0.5
repeat_1_fold_3,ANKRD28,-0.07998805892255412,0.09553023675901856,0.04776511837950928,-0.1277531773020634,0.0,-0.00021828412508489992,0.5
repeat_1_fold_3,ANO1,-0.07292674145278255,0.08436827039234925,0.04218413519617462,-0.11511087664895717,0.0,-0.00013972117862573463,0.5
repeat_1_fold_3,ANO3,0.06749741931151299,0.09431508714500758,0.04715754357250379,0.020339875739009194,0.5,0.00012126895838046603,0.5
repeat_1_fold_3,ANOS1,-0.034874575277536124,0.06974915055507225,0.034874575277536124,-0.06974915055507225,0.0,0.00010867202782005592,0.5
repeat_1_fold_3,ANTXR1,0.04480887456041316,0.08961774912082632,0.04480887456041316,0.0,0.25,0.0002483932064458183,0.5
repeat_1_fold_3,ANXA1,0.045236827140684,0.090473654281368,0.045236827140684,0.0,0.25,-0.00031825379575867174,0.5
repeat_1_fold_3,ANXA5,0.0,0.0,0.0,0.0,0.0,0.0,0.0
repeat_1_fold_3,AOC3,0.024250296381364222,0.1560336242536455,0.07801681212682275,-0.05376651574545853,0.25,0.00046348109541835547,1.0
repeat_1_fold_3,AP2S1,0.0,0.0,0.0,0.0,0.0,0.0,0.0
repeat_1_fold_3,AP3S1,0.05084980462601152,0.05871629677813526,0.02935814838906763,0.02149165623694389,0.5,0.0002639177818486993,0.5
repeat_1_fold_3,APEH,0.0,0.0,0.0,0.0,0.0,0.0,0.0
repeat_1_fold_3,APLP2,0.0,0.0,0.0,0.0,0.0,0.0,0.0
repeat_1_fold_3,APOBEC3B,0.0,0.0,0.0,0.0,0.0,-0.00031825379575867174,0.5
repeat_1_fold_3,APOBEC3G,-0.031812000423762754,0.03693800547986216,0.01846900273993108,-0.050281003163693834,0.0,-7.276137502831848e-05,0.5
repeat_1_fold_3,APOC1,0.0,0.0,0.0,0.0,0.0,0.0,0.0
repeat_1_fold_3,APOM,0.0,0.0,0.0,0.0,0.0,0.0,0.0
repeat_1_fold_3,AQP4,0.08275311371782479,0.1655062274356496,0.0827531137178248,-1.3877787807814457e-17,0.25,-7.243906550435941e-05,1.0
repeat_1_fold_3,AQR,-0.08306531795844307,0.0982450708862062,0.0491225354431031,-0.13218785340154618,0.0,-0.0004123144584937122,0.5
repeat_1_fold_3,AREG,0.0,0.0,0.0,0.0,0.0,0.0,0.0
repeat_1_fold_3,ARF4,0.014940382043771905,0.029880764087543806,0.014940382043771903,1.734723475976807e-18,0.25,0.00029913009733850693,0.5
repeat_1_fold_3,ARFRP1,-0.14079988645392838,0.147436844270883,0.0737184221354415,-0.21451830858936988,0.0,0.0007018021292412024,1.0
repeat_1_fold_3,ARG1,-0.03989622629613088,0.11494952536337583,0.05747476268168791,-0.09737098897781879,0.25,-0.00039936835928228165,1.0
repeat_1_fold_3,ARHGAP24,-0.08660536784266526,0.17321073568533052,0.08660536784266526,-0.17321073568533052,0.0,0.0001778611389580409,0.5
repeat_1_fold_3,ARHGAP25,0.13936441291951773,0.18209425594499065,0.09104712797249533,0.04831728494702241,0.75,-1.101224206778717e-05,1.0
repeat_1_fold_3,ARHGEF16,0.0,0.0,0.0,0.0,0.0,0.0,0.0
repeat_1_fold_3,ARHGEF18,0.0,0.0,0.0,0.0,0.0,-7.76228770141274e-06,0.5
repeat_1_fold_3,ARHGEF38,0.0,0.0,0.0,0.0,0.0,-1.552457540282548e-05,0.5
repeat_1_fold_3,ARHGEF4,0.0,0.0,0.0,0.0,0.0,0.0,0.0
repeat_1_fold_3,ARID5B,-0.05779664346345115,0.11559328692690231,0.057796643463451154,-0.1155932869269023,0.0,9.701516670437837e-05,0.5
repeat_1_fold_3,ARL1,0.0,0.0,0.0,0.0,0.0,-2.750374604243433e-05,1.0
repeat_1_fold_3,ARL2BP,-0.0874506020996133,0.10690191442928593,0.05345095721464296,-0.14090155931425627,0.0,-0.0002639177818486438,0.5
repeat_1_fold_3,ARMCX3,-0.05510091901723513,0.11358923033176209,0.056794615165881045,-0.11189553418311618,0.25,0.0007451796193374272,0.5
repeat_1_fold_3,ARPC2,0.0,0.0,0.0,0.0,0.0,0.0,0.0
repeat_1_fold_3,ASB1,-0.16524283471413348,0.1151610886851355,0.05758054434256775,-0.22282337905670124,0.0,0.0005164472938516407,1.0
repeat_1_fold_3,ASB6,-0.19771946395722573,0.25563217924579457,0.12781608962289728,-0.325535553580123,0.0,8.084597225363477e-05,0.5
repeat_1_fold_3,ASB8,0.09988302318937592,0.11626913889669056,0.05813456944834528,0.04174845374103064,0.5,0.00029496693265440577,0.5
repeat_1_fold_3,ASCC2,0.01986859856575407,0.02294228146071745,0.011471140730358724,0.008397457835395345,0.5,4.657372620861522e-05,0.5
repeat_1_fold_3,ASPH,0.0,0.0,0.0,0.0,0.0,0.0,0.0
repeat_1_fold_3,ASRGL1,0.05001062887545338,0.10002125775090676,0.05001062887545338,0.0,0.25,0.0002736139266936999,1.0
repeat_1_fold_3,ATAD2,0.0,0.0,0.0,0.0,0.0,0.0,0.0
repeat_1_fold_3,ATF6,0.07387006402389673,0.08529780269850334,0.04264890134925167,0.03122116267464506,0.5,0.0002241125556427248,1.0
repeat_1_fold_3,ATG10,0.0,0.0,0.0,0.0,0.0,4.850758335217531e-05,0.5
repeat_1_fold_3,ATP10B,0.0,0.0,0.0,0.0,0.0,-8.084597225399559e-06,0.5
repeat_1_fold_3,ATP13A1,0.0,0.0,0.0,0.0,0.0,7.762287701432169e-05,0.5
repeat_1_fold_3,ATP2A3,0.059124871658900346,0.11824974331780069,0.059124871658900346,0.0,0.25,-3.881143850714697e-05,0.5
repeat_1_fold_3,ATP5MC2,0.090473654281368,0.1044699773078339,0.05223498865391695,0.03823866562745105,0.5,-1.552457540282548e-05,0.5
repeat_1_fold_3,ATP6V0D1,-0.12320010680987892,0.16403411157033518,0.08201705578516759,-0.20521716259504652,0.0,-5.6592180577602624e-05,0.5
repeat_1_fold_3,ATP6V1G1,0.0,0.0,0.0,0.0,0.0,5.6914490101506177e-05,1.0
repeat_1_fold_3,ATP8A1,0.033489048557340695,0.11532323323961392,0.05766161661980696,-0.024172568062466267,0.25,-2.425379167611541e-05,0.5
repeat_1_fold_3,B3GNT2,-0.062483173458769414,0.3262557650625136,0.1631278825312568,-0.2256110559900262,0.25,-0.0002865331667780968,1.0
repeat_1_fold_3,B4GALNT1,-0.10312694816077794,0.20625389632155589,0.10312694816077794,-0.20625389632155589,0.0,0.000672659976452078,1.0
repeat_1_fold_3,B4GALT4,0.0,0.0,0.0,0.0,0.0,-0.00017853261713290935,0.5
repeat_1_fold_3,B4GAT1,0.0,0.0,0.0,0.0,0.0,-0.0007994350558664376,1.0
repeat_1_fold_3,BAG4,0.09290904086898344,0.13326665811166014,0.06663332905583007,0.02627571181315337,0.5,0.0006132207284130775,0.5
repeat_1_fold_3,BAMBI,0.090473654281368,0.1044699773078339,0.05223498865391695,0.03823866562745105,0.5,0.000341540658863021,0.5
repeat_1_fold_3,BASP1,0.08927853087049797,0.10274949442083929,0.051374747210419645,0.03790378366007833,0.75,0.0008851693892331092,1.0
repeat_1_fold_3,BCKDHA,-0.033043160636225366,0.03815495537640152,0.01907747768820076,-0.05212063832442612,0.0,8.084597225363477e-05,0.5
repeat_1_fold_3,BEST1,0.0,0.0,0.0,0.0,0.0,-4.592910716069709e-05,1.0
repeat_1_fold_3,BGLAP,0.08682887889281865,0.1736577577856373,0.08682887889281865,0.0,0.25,0.0006305985835785566,0.5
repeat_1_fold_3,BHMT2,0.0,0.0,0.0,0.0,0.0,0.0,0.0
repeat_1_fold_3,BMAL2,0.0,0.0,0.0,0.0,0.0,0.0,0.0
repeat_1_fold_3,BMP10,0.026086468019535403,0.071039779285139,0.0355198896425695,-0.009433421623034094,0.25,-0.00042848365294442803,0.5
repeat_1_fold_3,BMPR1B,0.0,0.0,0.0,0.0,0.0,0.0,0.0
repeat_1_fold_3,BNIP2,0.0,0.0,0.0,0.0,0.0,0.0,0.0
repeat_1_fold_3,BOP1,0.0,0.0,0.0,0.0,0.0,0.00018629490483434985,0.5
repeat_1_fold_3,BRCC3,0.0,0.0,0.0,0.0,0.0,2.328686310429373e-05,0.5
repeat_1_fold_3,BTG2,0.1758725411454769,0.22382113212100405,0.11191056606050202,0.06396197508497488,0.5,0.0006830813177259587,0.5
repeat_1_fold_3,BTN3A3,-0.034874575277536124,0.06974915055507225,0.034874575277536124,-0.06974915055507225,0.0,-0.0005433601391001963,0.5
repeat_1_fold_3,BTNL2,0.0,0.0,0.0,0.0,0.0,0.0,0.0
repeat_1_fold_3,BUB1,0.13281134732173783,0.11891613995744038,0.05945806997872019,0.07335327734301764,0.75,-0.0003301792481442689,1.0
repeat_1_fold_3,BUB1B,-0.1583829470404634,0.18522941249459224,0.09261470624729612,-0.2509976532877595,0.0,0.00010509976392975018,0.5
repeat_1_fold_3,BUB3,0.0,0.0,0.0,0.0,0.0,-0.0001837164286428994,1.0
repeat_1_fold_3,BUD23,0.059124871658900346,0.11824974331780068,0.05912487165890034,6.938893903907228e-18,0.25,-1.8774529769227666e-05,1.0
repeat_1_fold_3,C2orf49,0.0,0.0,0.0,0.0,0.0,1.552457540288099e-05,0.5
repeat_1_fold_3,C4A,0.0,0.0,0.0,0.0,0.0,2.7755575615628914e-17,0.5
repeat_1_fold_3,C8A,0.0,0.0,0.0,0.0,0.0,0.0,0.0
repeat_1_fold_3,C9orf78,0.0,0.0,0.0,0.0,0.0,0.0,0.0
repeat_1_fold_3,CA5B,0.0,0.0,0.0,0.0,0.0,0.0,0.0
repeat_1_fold_3,CA6,-0.016521580318112683,0.033043160636225366,0.016521580318112683,-0.033043160636225366,0.0,-0.0004042298612683404,0.5
repeat_1_fold_3,CACNA1B,0.0,0.0,0.0,0.0,0.0,0.0,0.0
repeat_1_fold_3,CACNA1D,0.20872339759916514,0.24101301958010257,0.12050650979005129,0.08821688780911385,0.5,-0.00017077032943146886,0.5
repeat_1_fold_3,CACNG2,0.0,0.0,0.0,0.0,0.0,0.0,0.0
repeat_1_fold_3,CALM1,-0.015052975442673144,0.030105950885346292,0.015052975442673146,-0.03010595088534629,0.0,0.0004883257878882941,1.0
repeat_1_fold_3,CALML5,0.0,0.0,0.0,0.0,0.0,-0.0001319588909243219,0.5
repeat_1_fold_3,CALU,0.339173759648558,0.48360075069630554,0.24180037534815277,0.09737338430040524,0.5,0.0008383270717546021,0.5
repeat_1_fold_3,CAMK4,0.014940382043771905,0.029880764087543806,0.014940382043771903,1.734723475976807e-18,0.25,-0.00024253791676098757,0.5
repeat_1_fold_3,CAMKK2,0.0,0.0,0.0,0.0,0.0,9.314745241720268e-05,0.5
repeat_1_fold_3,CAPN11,-0.009826631969181321,0.18163942799206964,0.09081971399603482,-0.10064634596521614,0.25,-0.0001513511806144341,1.0
repeat_1_fold_3,CAPN2,0.0,0.0,0.0,0.0,0.0,0.0,0.0
repeat_1_fold_3,CAPZA1,0.0,0.0,0.0,0.0,0.0,-2.328686310429373e-05,0.5
repeat_1_fold_3,CARD8,0.142119610564297,0.19985205293887973,0.09992602646943986,0.04219358409485714,0.5,0.0014947909946289029,1.0
repeat_1_fold_3,CARS2,0.12226222154696664,0.16678925881007528,0.08339462940503764,0.038867592141929,0.5,0.000462809617243487,1.0
repeat_1_fold_3,CAST,0.0,0.0,0.0,0.0,0.0,0.0,0.0
repeat_1_fold_3,CBLL1,0.0,0.0,0.0,0.0,0.0,0.0,0.0
repeat_1_fold_3,CBS,0.01696640962006768,0.11001951407743472,0.05500975703871736,-0.03804334741864968,0.25,0.0002406309187443778,0.5
repeat_1_fold_3,CBX2,0.0018647851802668924,0.04580054689680045,0.022900273448400225,-0.021035488268133333,0.25,-4.850758335223082e-05,0.5
repeat_1_fold_3,CBX4,0.0,0.0,0.0,0.0,0.0,7.762287701440496e-06,0.5
repeat_1_fold_3,CCKAR,-0.016185655148230893,0.032371310296461786,0.016185655148230893,-0.032371310296461786,0.0,-0.00025870711121175893,0.5
repeat_1_fold_3,CCL19,-0.09016795375991471,0.14052835479732959,0.07026417739866479,-0.16043213115857952,0.0,-4.850758335223082e-05,0.5
repeat_1_fold_3,CCL4,0.0,0.0,0.0,0.0,0.0,5.755910914936879e-05,1.0
repeat_1_fold_3,CCND1,0.0,0.0,0.0,0.0,0.0,0.0,0.0
repeat_1_fold_3,CCNE1,0.0,0.0,0.0,0.0,0.0,0.0,0.0
repeat_1_fold_3,CCNG1,0.03948144040423607,0.07233200310883706,0.03616600155441853,0.0033154388498175397,0.5,-0.00014648967862840312,1.0
repeat_1_fold_3,CCR10,0.059124871658900346,0.11824974331780069,0.059124871658900346,0.0,0.25,0.00023544710723441553,1.0
repeat_1_fold_3,CCT6A,0.0,0.0,0.0,0.0,0.0,0.00011643431552146866,0.5
repeat_1_fold_3,CD14,0.0,0.0,0.0,0.0,0.0,0.0,0.5
repeat_1_fold_3,CD163,-0.05779664346345115,0.11559328692690231,0.057796643463451154,-0.1155932869269023,0.0,-0.0002991300973385902,1.0
repeat_1_fold_3,CD177,-0.021487283144919544,0.04297456628983909,0.021487283144919544,-0.04297456628983909,0.0,-0.00014748346632717513,0.5
repeat_1_fold_3,CD1D,0.0,0.0,0.0,0.0,0.0,0.0,0.0
repeat_1_fold_3,CD200,0.0,0.0,0.0,0.0,0.0,0.0,0.0
repeat_1_fold_3,CD2BP2,0.0,0.0,0.0,0.0,0.0,0.0,0.0
repeat_1_fold_3,CD36,0.0,0.0,0.0,0.0,0.0,0.00013972117862579014,0.5
repeat_1_fold_3,CD48,0.0,0.0,0.0,0.0,0.0,0.0,0.0
repeat_1_fold_3,CD55,0.05506766335068036,0.13912186683103855,0.06956093341551928,-0.014493270064838915,0.5,-0.0007612950955341313,1.0
repeat_1_fold_3,CD68,0.0,0.0,0.0,0.0,0.0,-8.893056947906208e-05,0.5
repeat_1_fold_3,CD72,0.04842943060111615,0.06359785957836177,0.031798929789180884,0.01663050081193527,0.5,-0.0002021149306341563,0.5
repeat_1_fold_3,CDC20,0.0,0.0,0.0,0.0,0.0,0.00021828412508487216,0.5
repeat_1_fold_3,CDH11,0.0,0.0,0.0,0.0,0.0,-3.881143850714697e-05,0.5
repeat_1_fold_3,CDK1,0.0,0.0,0.0,0.0,0.0,-9.314745241714717e-05,0.5
repeat_1_fold_3,CDK12,0.0,0.0,0.0,0.0,0.0,0.0,0.0
repeat_1_fold_3,CDK5R1,0.052409852565704185,0.10094141812705283,0.050470709063526416,0.001939143502177769,0.5,0.00046890663907123153,0.5
repeat_1_fold_3,CDK6,0.0,0.0,0.0,0.0,0.0,0.0,0.0
repeat_1_fold_3,CDK8,0.0,0.0,0.0,0.0,0.0,0.0,0.0
repeat_1_fold_3,CDKN1A,-0.011552983862040733,0.16574882950093592,0.08287441475046796,-0.09442739861250869,0.25,-0.0006132207284130775,0.5
repeat_1_fold_3,CDKN1C,0.046049274795395334,0.12933857902879828,0.06466928951439914,-0.018620014719003805,0.25,0.0003958766727730212,1.0
repeat_1_fold_3,CDKN2B,0.0,0.0,0.0,0.0,0.0,0.00010090974011861542,0.5
repeat_1_fold_3,CEBPB,0.0,0.0,0.0,0.0,0.0,0.0,0.0
repeat_1_fold_3,CEBPE,0.041631283662702856,0.09193160873701553,0.045965804368507765,-0.004334520705804909,0.25,3.881143850717472e-05,0.5
repeat_1_fold_3,CEP131,0.0,0.0,0.0,0.0,0.0,0.0,0.0
repeat_1_fold_3,CEP162,0.0,0.0,0.0,0.0,0.0,-8.893056947903433e-05,0.5
repeat_1_fold_3,CEP164,0.014940382043771905,0.029880764087543806,0.014940382043771903,1.734723475976807e-18,0.25,0.0002667917084370752,0.5
repeat_1_fold_3,CEP97,0.02542490231300576,0.05084980462601152,0.02542490231300576,0.0,0.25,-7.762287701429393e-05,0.5
repeat_1_fold_3,CERT1,0.0,0.0,0.0,0.0,0.0,0.00023286863104296507,0.5
repeat_1_fold_3,CES3,0.0,0.0,0.0,0.0,0.0,0.0,0.0
repeat_1_fold_3,CHCHD3,0.0,0.0,0.0,0.0,0.0,0.0,0.0
repeat_1_fold_3,CHI3L1,0.0,0.0,0.0,0.0,0.0,0.0,0.0
repeat_1_fold_3,CHIA,0.0,0.0,0.0,0.0,0.0,0.0,0.0
repeat_1_fold_3,CHL1,0.0,0.0,0.0,0.0,0.0,0.0,0.0
repeat_1_fold_3,CHMP5,0.0,0.0,0.0,0.0,0.0,0.0,0.0
repeat_1_fold_3,CHMP6,0.0,0.0,0.0,0.0,0.0,0.0,0.0
repeat_1_fold_3,CHST10,0.0,0.0,0.0,0.0,0.0,-8.084597225399559e-06,0.5
repeat_1_fold_3,CHST11,-0.05485943371257207,0.11366888438821869,0.056834442194109346,-0.11169387590668142,0.25,0.00021828412508487216,0.5
repeat_1_fold_3,CHTOP,0.0,0.0,0.0,0.0,0.0,0.0,0.0
repeat_1_fold_3,CIB2,0.14824914820809276,0.17805519193766264,0.08902759596883132,0.05922155223926144,0.5,8.538516471576219e-05,0.5
repeat_1_fold_3,CKM,-0.07802016759431574,0.13922217676832926,0.06961108838416463,-0.14763125597848037,0.0,-0.00040132907555287534,1.0
repeat_1_fold_3,CLCN3,0.06746282800837555,0.1349256560167511,0.06746282800837555,0.0,0.25,-0.0001616919445073528,0.5
repeat_1_fold_3,CLCNKA,0.0,0.0,0.0,0.0,0.0,-7.276137502831848e-05,0.5
repeat_1_fold_3,CLPS,0.05762279782767621,0.11524559565535242,0.05762279782767621,0.0,0.25,3.104915080573423e-05,0.5
repeat_1_fold_3,COL21A1,0.0,0.0,0.0,0.0,0.0,2.42537916760599e-05,0.5
repeat_1_fold_3,COL3A1,0.0,0.0,0.0,0.0,0.0,4.657372620861522e-05,0.5
repeat_1_fold_3,COMMD3,0.0,0.0,0.0,0.0,0.0,0.0,0.0
repeat_1_fold_3,COMT,0.0,0.0,0.0,0.0,0.0,0.0,0.0
repeat_1_fold_3,COPG1,0.0,0.0,0.0,0.0,0.0,0.0,0.0
repeat_1_fold_3,COQ10B,0.0,0.0,0.0,0.0,0.0,-0.0001571258929182473,1.0
repeat_1_fold_3,COQ8B,0.0,0.0,0.0,0.0,0.0,0.0,0.0
repeat_1_fold_3,COX16,-0.013075596863505012,0.026151193727010025,0.013075596863505012,-0.026151193727010025,0.0,0.0001940303334087845,0.5
repeat_1_fold_3,CPNE3,0.0,0.0,0.0,0.0,0.0,4.657372620858746e-05,0.5
repeat_1_fold_3,CPNE6,0.039317334336487875,0.22096090984605832,0.11048045492302916,-0.07116312058654128,0.25,0.00038806066681754126,0.5
repeat_1_fold_3,CPS1,0.0,0.0,0.0,0.0,0.0,3.881143850717472e-05,0.5
repeat_1_fold_3,CRADD,0.0,0.0,0.0,0.0,0.0,-6.370984923112499e-05,1.0
repeat_1_fold_3,CREB1,0.0,0.0,0.0,0.0,0.0,0.0,0.0
repeat_1_fold_3,CREB3,0.0,0.0,0.0,0.0,0.0,0.00010867202782005592,0.5
repeat_1_fold_3,CRYM,0.0,0.0,0.0,0.0,0.0,0.0004284836529443725,0.5
repeat_1_fold_3,CSAD,0.0,0.0,0.0,0.0,0.0,0.0,0.0
repeat_1_fold_3,CSF2RB,0.0,0.0,0.0,0.0,0.0,0.0,0.0
repeat_1_fold_3,CSNK1D,-0.021487283144919544,0.04297456628983909,0.021487283144919544,-0.04297456628983909,0.0,0.00027944235725155253,0.5
repeat_1_fold_3,CSRP1,0.026405843540732832,0.08329043982952226,0.04164521991476113,-0.0152393763740283,0.25,-0.00018594573618344046,0.5
repeat_1_fold_3,CSTA,0.0,0.0,0.0,0.0,0.0,0.0,0.0
repeat_1_fold_3,CTBP2,-0.034874575277536124,0.06974915055507225,0.034874575277536124,-0.06974915055507225,0.0,5.433601391002796e-05,0.5
repeat_1_fold_3,CTCF,0.0,0.0,0.0,0.0,0.0,0.0,0.0
repeat_1_fold_3,CTDP1,0.0,0.0,0.0,0.0,0.0,6.113137303964677e-05,1.0
repeat_1_fold_3,CTPS2,-0.001411849201677029,0.002823698403354058,0.001411849201677029,-0.002823698403354058,0.0,-0.0002328686310429373,0.5
repeat_1_fold_3,CTSB,0.0,0.0,0.0,0.0,0.0,0.0,0.0
repeat_1_fold_3,CTSE,0.017877591794650982,0.03195910552782302,0.01597955276391151,0.0018980390307394707,0.5,-0.00012935355560589334,0.5
repeat_1_fold_3,CTSK,0.0,0.0,0.0,0.0,0.0,2.3286863104321487e-05,0.5
repeat_1_fold_3,CTSL,-0.04746422048316212,0.09492844096632425,0.04746422048316212,-0.09492844096632425,0.0,2.8470674614228253e-05,1.0
repeat_1_fold_3,CTSW,0.0,0.0,0.0,0.0,0.0,0.0,0.0
repeat_1_fold_3,CXCL9,0.0,0.0,0.0,0.0,0.0,0.0,0.0
repeat_1_fold_3,CYP2R1,-0.05010831724215947,0.057860100896799875,0.028930050448399938,-0.07903836769055941,0.0,0.00045273744462048793,0.5
repeat_1_fold_3,CYP3A5,-0.19402745669088617,0.12096714198224584,0.06048357099112292,-0.25451102768200906,0.0,0.00012615731949347508,1.0
repeat_1_fold_3,CYP4B1,0.0,0.0,0.0,0.0,0.0,3.23383889014317e-05,0.5
repeat_1_fold_3,CYP4F3,-0.2222336342470772,0.2786898429074633,0.13934492145373165,-0.3615785557008089,0.0,0.0001616919445072973,0.5
repeat_1_fold_3,DAG1,0.0,0.0,0.0,0.0,0.0,0.0,0.0
repeat_1_fold_3,DAPK2,0.05001062887545338,0.10002125775090676,0.05001062887545338,0.0,0.25,1.616919445071585e-05,1.0
repeat_1_fold_3,DAPK3,-0.06785623475488478,0.13571246950976956,0.06785623475488478,-0.13571246950976956,0.0,-0.0001164343155214409,0.5
repeat_1_fold_3,DARS2,0.09734359209591759,0.15738801838306596,0.07869400919153298,0.018649582904384607,0.5,-0.0009701516670439503,0.5
repeat_1_fold_3,DCAF4,0.02041345169383746,0.04082690338767492,0.02041345169383746,0.0,0.25,0.00039614526404291306,0.5
repeat_1_fold_3,DCAKD,-0.23337445262964884,0.30322746568049835,0.15161373284024918,-0.384988185469898,0.0,0.0016330886395239663,0.5
repeat_1_fold_3,DCLRE1C,0.0,0.0,0.0,0.0,0.0,0.0,0.0
repeat_1_fold_3,DCTN4,0.045236827140684,0.090473654281368,0.045236827140684,0.0,0.25,-3.881143850714697e-05,0.5
repeat_1_fold_3,DDX3X,0.0,0.0,0.0,0.0,0.0,-0.0001164343155214409,0.5
repeat_1_fold_3,DDX5,0.0,0.0,0.0,0.0,0.0,0.00010867202782005592,0.5
repeat_1_fold_3,DEFA5,0.058834803390166,0.13397615435280022,0.06698807717640011,-0.008153273786234108,0.5,0.0006348691847707089,1.0
repeat_1_fold_3,DEK,0.0,0.0,0.0,0.0,0.0,0.0,0.0
repeat_1_fold_3,DENND5A,0.0,0.0,0.0,0.0,0.0,0.0,0.0
repeat_1_fold_3,DES,0.0,0.0,0.0,0.0,0.0,0.0,0.0
repeat_1_fold_3,DFFB,0.03128240671855842,0.07129062685842621,0.03564531342921311,-0.004362906710654688,0.25,-0.0001319588909243219,0.5
repeat_1_fold_3,DHCR24,0.0365127037785733,0.04287392074375319,0.021436960371876593,0.015075743406696703,0.5,-0.0006131401510321155,1.0
repeat_1_fold_3,DHDDS,0.0,0.0,0.0,0.0,0.0,0.0,0.0
repeat_1_fold_3,DHPS,0.0,0.0,0.0,0.0,0.0,0.0,0.0
repeat_1_fold_3,DHRS3,-0.033043160636225366,0.03815495537640152,0.01907747768820076,-0.05212063832442612,0.0,-4.850758335223082e-05,0.5
repeat_1_fold_3,DIO1,0.0,0.0,0.0,0.0,0.0,6.467677780289116e-05,0.5
repeat_1_fold_3,DKK1,0.03281797383842289,0.0378949320597431,0.01894746602987155,0.013870507808551338,0.5,9.701516670437837e-05,0.5
repeat_1_fold_3,DLAT,0.0,0.0,0.0,0.0,0.0,0.0,0.0
repeat_1_fold_3,DLG5,0.0,0.0,0.0,0.0,0.0,0.0,0.0
repeat_1_fold_3,DMRT1,-0.013075596863505012,0.026151193727010025,0.013075596863505012,-0.026151193727010025,0.0,0.00041231445849365667,0.5
repeat_1_fold_3,DNM1,-0.04746422048316212,0.09492844096632425,0.04746422048316212,-0.09492844096632425,0.0,8.084597225366252e-05,0.5
repeat_1_fold_3,DNM1L,0.0,0.0,0.0,0.0,0.0,0.0,0.0
repeat_1_fold_3,DNMT1,0.0,0.0,0.0,0.0,0.0,8.084597225344048e-06,0.5
repeat_1_fold_3,DOCK3,0.0,0.0,0.0,0.0,0.0,0.0,0.0
repeat_1_fold_3,DOHH,0.0,0.0,0.0,0.0,0.0,0.0,0.0
repeat_1_fold_3,DPH1,0.0,0.0,0.0,0.0,0.0,9.701516670435062e-05,0.5
repeat_1_fold_3,DPM1,0.0,0.0,0.0,0.0,0.0,0.0,0.0
repeat_1_fold_3,DPM3,0.0,0.0,0.0,0.0,0.0,9.701516670435062e-05,0.5
repeat_1_fold_3,DRD1,0.0,0.0,0.0,0.0,0.0,0.0,0.0
repeat_1_fold_3,DRD4,0.0,0.0,0.0,0.0,0.0,0.0,0.0
repeat_1_fold_3,DSC2,0.0,0.0,0.0,0.0,0.0,0.0,0.0
repeat_1_fold_3,DVL3,0.0,0.0,0.0,0.0,0.0,-8.538516471573443e-05,0.5
repeat_1_fold_3,DYNC1H1,-0.03588482636405388,0.034494826039388485,0.017247413019694242,-0.05313223938374812,0.0,-4.3968390890103404e-05,1.0
repeat_1_fold_3,DYNC1I2,0.0,0.0,0.0,0.0,0.0,0.0,0.0
repeat_1_fold_3,DYNC1LI1,0.0,0.0,0.0,0.0,0.0,0.00012419660322290915,0.5
repeat_1_fold_3,EBAG9,-0.03252383843939022,0.10860613180921723,0.054303065904608615,-0.08682690434399884,0.25,-7.276137502831848e-05,0.5
repeat_1_fold_3,EBF2,0.0,0.0,0.0,0.0,0.0,0.0,0.0
repeat_1_fold_3,ECSIT,0.0,0.0,0.0,0.0,0.0,0.0,0.0
repeat_1_fold_3,EDA2R,-0.03973775301148841,0.05096767865727387,0.025483839328636935,-0.06522159234012534,0.0,-4.042298612685902e-05,0.5
repeat_1_fold_3,EDC3,0.0,0.0,0.0,0.0,0.0,0.0,0.0
repeat_1_fold_3,EDIL3,0.0,0.0,0.0,0.0,0.0,0.0,0.0
repeat_1_fold_3,EEA1,0.0,0.0,0.0,0.0,0.0,0.0,0.0
repeat_1_fold_3,EEF1D,0.045236827140684,0.090473654281368,0.045236827140684,0.0,0.25,-9.314745241714717e-05,0.5
repeat_1_fold_3,EEF1E1,0.0,0.0,0.0,0.0,0.0,5.4336013910055714e-05,0.5
repeat_1_fold_3,EGF,0.014940382043771905,0.029880764087543806,0.014940382043771903,1.734723475976807e-18,0.25,-7.276137502831848e-05,0.5
repeat_1_fold_3,EGLN1,0.09783022773901884,0.2439606605952596,0.1219803302976298,-0.024150102558610956,0.25,0.0011237590143258758,0.5
repeat_1_fold_3,EIF1AX,-0.16740847092439992,0.27463777696668945,0.13731888848334473,-0.30472735940774465,0.0,0.00045273744462048793,0.5
repeat_1_fold_3,EIF2AK2,0.0,0.0,0.0,0.0,0.0,0.0,0.0
repeat_1_fold_3,EIF3B,0.0,0.0,0.0,0.0,0.0,0.0,0.0
repeat_1_fold_3,EIF3F,0.10455813116459822,0.08961502243700628,0.04480751121850314,0.05975061994609508,0.75,-6.792673216929335e-05,1.0
repeat_1_fold_3,EIF4A2,0.1349256560167511,0.1557987276437162,0.0778993638218581,0.05702629219489301,0.5,2.879298413815956e-05,1.0
repeat_1_fold_3,EIF4EBP1,0.05028090784804817,0.07919385007927246,0.03959692503963623,0.010683982808411943,0.5,0.00012419660322290915,0.5
repeat_1_fold_3,ELF3,-0.06596331895469376,0.07616787991026717,0.03808393995513359,-0.10404725890982736,0.0,0.00036482752196728696,0.5
repeat_1_fold_3,ELMO2,0.045236827140684,0.090473654281368,0.045236827140684,0.0,0.25,0.00020181948023720309,1.0
repeat_1_fold_3,ENO1,-0.043605938373522335,0.06601427065692697,0.033007135328463486,-0.07661307370198582,0.0,0.0002639177818486993,0.5
repeat_1_fold_3,ENPP3,0.0,0.0,0.0,0.0,0.0,0.0003298569386203376,1.0
repeat_1_fold_3,ENSA,0.0,0.0,0.0,0.0,0.0,0.0,0.0
repeat_1_fold_3,ENTPD2,0.0,0.0,0.0,0.0,0.0,0.0003799760695921972,0.5
repeat_1_fold_3,ENTPD7,0.014940382043771905,0.029880764087543806,0.014940382043771903,1.734723475976807e-18,0.25,-1.6169194450743607e-05,0.5
repeat_1_fold_3,EPHA1,0.1445875287494811,0.20170591685988887,0.10085295842994443,0.043734570319536675,0.5,0.00027168006955011204,0.5
repeat_1_fold_3,EPOR,0.0,0.0,0.0,0.0,0.0,0.0,0.0
repeat_1_fold_3,EPRS1,0.0,0.0,0.0,0.0,0.0,0.0,0.0
repeat_1_fold_3,EPS15L1,-0.0354770007063383,0.12155707645213303,0.06077853822606651,-0.09625553893240482,0.25,-0.00019403033340881226,0.5
repeat_1_fold_3,EPS8L2,0.0,0.0,0.0,0.0,0.0,-8.084597225369028e-05,0.5
repeat_1_fold_3,ERCC1,0.0,0.0,0.0,0.0,0.0,0.0,0.0
repeat_1_fold_3,ERCC2,-0.032371310296461786,0.03737916942736623,0.018689584713683115,-0.0510608950101449,0.0,9.314745241714717e-05,1.0
repeat_1_fold_3,ERN1,0.0,0.0,0.0,0.0,0.0,3.104915080573423e-05,0.5
repeat_1_fold_3,ESRP1,0.0,0.0,0.0,0.0,0.0,0.0,0.0
repeat_1_fold_3,ETNK1,0.0,0.0,0.0,0.0,0.0,-2.425379167611541e-05,0.5
repeat_1_fold_3,ETV4,0.0,0.0,0.0,0.0,0.0,0.0,0.0
repeat_1_fold_3,EYA3,0.0,0.0,0.0,0.0,0.0,0.00021895560325974062,1.0
repeat_1_fold_3,EYA4,0.0,0.0,0.0,0.0,0.0,-0.00039587667277299343,0.5
repeat_1_fold_3,EZH1,0.0,0.0,0.0,0.0,0.0,0.0,0.0
repeat_1_fold_3,F2RL3,-0.0948439100631866,0.13363978608954807,0.06681989304477404,-0.16166380310796064,0.0,-0.0002991300973385902,0.5
repeat_1_fold_3,FAM114A2,0.0,0.0,0.0,0.0,0.0,0.0,0.0
repeat_1_fold_3,FAM131B,0.0,0.0,0.0,0.0,0.0,0.0,0.0
repeat_1_fold_3,FANCA,0.0,0.0,0.0,0.0,0.0,0.0,0.0
repeat_1_fold_3,FANCI,0.08694566088740174,0.10264170961047538,0.05132085480523769,0.035624806082164055,0.5,-0.0001697765417327246,0.5
repeat_1_fold_3,FARP2,0.13159313786992932,0.3791841741746592,0.1895920870873296,-0.057998949217400286,0.25,0.00024253791676095982,0.5
repeat_1_fold_3,FBXL12,0.0,0.0,0.0,0.0,0.0,0.0,0.0
repeat_1_fold_3,FBXO2,0.0,0.0,0.0,0.0,0.0,0.0,0.0
repeat_1_fold_3,FBXW4,0.014940382043771905,0.029880764087543806,0.014940382043771903,1.734723475976807e-18,0.25,0.0006529185181110564,1.0
repeat_1_fold_3,FBXW7,-0.017345129244841218,0.04446079694531731,0.022230398472658654,-0.03957552771749987,0.25,0.00041534953984406764,1.0
repeat_1_fold_3,FCGR2A,0.0,0.0,0.0,0.0,0.0,0.0,0.0
repeat_1_fold_3,FDXR,-0.07526155298745962,0.09264897426041738,0.04632448713020869,-0.12158604011766831,0.0,-0.0001975757381720844,1.0
repeat_1_fold_3,FGF1,0.0,0.0,0.0,0.0,0.0,0.0,0.0
repeat_1_fold_3,FGF3,0.059124871658900346,0.11824974331780069,0.059124871658900346,0.0,0.25,0.0005187034605191598,1.0
repeat_1_fold_3,FGF9,-0.03252383843939022,0.10860613180921723,0.054303065904608615,-0.08682690434399884,0.25,-0.00011318436115514974,0.5
repeat_1_fold_3,FGG,0.0,0.0,0.0,0.0,0.0,0.0,0.0
repeat_1_fold_3,FOLH1,0.0,0.0,0.0,0.0,0.0,0.0,0.0
repeat_1_fold_3,FOXG1,0.204611594359406,0.29189167389187193,0.14594583694593596,0.05866575741347005,0.5,-0.00021828412508489992,0.5
repeat_1_fold_3,FOXO1,-0.006355181795420606,0.007338331840670192,0.003669165920335096,-0.010024347715755702,0.0,0.00046246044859254987,1.0
repeat_1_fold_3,FPGS,0.0,0.0,0.0,0.0,0.0,0.0,0.0
repeat_1_fold_3,FRAT2,0.0,0.0,0.0,0.0,0.0,3.881143850717472e-05,0.5
repeat_1_fold_3,FSCN1,0.03645936887274637,0.09415455479877126,0.04707727739938563,-0.010617908526639262,0.25,-0.0008460893594560148,0.5
repeat_1_fold_3,FUCA1,-0.022880545325786983,0.026520582968503154,0.013260291484251577,-0.03614083681003856,0.0,0.00021734405564011183,0.5
repeat_1_fold_3,FURIN,0.08961774912082632,0.10348166315815485,0.051740831579077426,0.03787691754174889,0.5,-7.76228770141274e-06,0.5
repeat_1_fold_3,FUS,-0.03010595088534629,0.034763357695728664,0.017381678847864332,-0.04748762973321062,0.0,-0.00023445331953564352,0.5
repeat_1_fold_3,FZD2,0.0,0.0,0.0,0.0,0.0,0.0,0.0
repeat_1_fold_3,FZR1,-0.04746422048316212,0.09492844096632425,0.04746422048316212,-0.09492844096632425,0.0,0.0005093296251980628,0.5
repeat_1_fold_3,G3BP1,0.0,0.0,0.0,0.0,0.0,0.0,0.0
repeat_1_fold_3,G6PC2,-0.031238630590905814,0.06247726118181163,0.031238630590905814,-0.06247726118181163,0.0,0.00012126895838046603,0.5
repeat_1_fold_3,GAB1,0.05234931367968976,0.1456997764333351,0.07284988821666755,-0.02050057453697779,0.25,0.00045083044660387817,1.0
repeat_1_fold_3,GABARAPL2,0.0,0.0,0.0,0.0,0.0,0.0,0.0
repeat_1_fold_3,GABPA,0.0,0.0,0.0,0.0,0.0,0.0,0.0
repeat_1_fold_3,GABRR1,0.0,0.0,0.0,0.0,0.0,0.0,0.0
repeat_1_fold_3,GAD2,0.055947280761190044,0.12051717391203169,0.060258586956015846,-0.004311306194825802,0.25,2.7755575615628914e-17,0.5
repeat_1_fold_3,GAL,0.23186414289321888,0.1525772686601947,0.07628863433009735,0.15557550856312152,1.0,0.0011435004726669251,1.0
repeat_1_fold_3,GALNS,0.0,0.0,0.0,0.0,0.0,0.0,0.0
repeat_1_fold_3,GALNT8,0.0368955429531308,0.06372479632428212,0.03186239816214106,0.005033144790989742,0.5,-0.00018339411911896808,1.0
repeat_1_fold_3,GAMT,0.0,0.0,0.0,0.0,0.0,0.0,0.0
repeat_1_fold_3,GARS1,-0.08660536784266526,0.17321073568533052,0.08660536784266526,-0.17321073568533052,0.0,0.00047699123629660334,0.5
repeat_1_fold_3,GAS1,0.0029372097508790773,0.003391597680672858,0.001695798840336429,0.0012414109105426483,0.5,0.00014552275005658144,0.5
repeat_1_fold_3,GCGR,0.0,0.0,0.0,0.0,0.0,0.0,0.0
repeat_1_fold_3,GCN1,0.0,0.0,0.0,0.0,0.0,0.0,0.0
repeat_1_fold_3,GDI2,0.0,0.0,0.0,0.0,0.0,1.6169194450688096e-05,0.5
repeat_1_fold_3,GDPD3,-0.062035455145124985,0.08647404754620704,0.04323702377310352,-0.1052724789182285,0.0,-9.701516670440613e-05,0.5
repeat_1_fold_3,GFPT2,0.0,0.0,0.0,0.0,0.0,0.0008984646570954213,1.0
repeat_1_fold_3,GID4,0.0,0.0,0.0,0.0,0.0,2.3286863104321487e-05,0.5
repeat_1_fold_3,GIT2,-0.033043160636225366,0.03815495537640152,0.01907747768820076,-0.05212063832442612,0.0,0.00048120811923474394,1.0
repeat_1_fold_3,GJA8,0.0,0.0,0.0,0.0,0.0,3.104915080573423e-05,0.5
repeat_1_fold_3,GJA9,0.0,0.0,0.0,0.0,0.0,-8.538516471573443e-05,0.5
repeat_1_fold_3,GLA,0.0,0.0,0.0,0.0,0.0,4.657372620861522e-05,0.5
repeat_1_fold_3,GLYAT,-0.012077630689196539,0.08664246791599124,0.04332123395799562,-0.05539886464719216,0.25,0.0010944825659018331,0.5
repeat_1_fold_3,GNA14,0.0,0.0,0.0,0.0,0.0,0.0,0.0
repeat_1_fold_3,GNAI3,0.2600012399077851,0.3199939839615788,0.1599969919807894,0.10000424792699572,0.5,-0.0006753190300245182,0.5
repeat_1_fold_3,GNB5,-0.0711609997567475,0.0822019831286842,0.0411009915643421,-0.1122619913210896,0.0,5.433601391002796e-05,0.5
repeat_1_fold_3,GNPDA1,-0.05867503216640202,0.0860880133614559,0.04304400668072795,-0.10171903884712996,0.0,0.00010509976392972242,0.5
repeat_1_fold_3,GORASP2,-0.09555722330623873,0.11521386513044657,0.057606932565223284,-0.153164155871462,0.0,-0.0004931604307473747,0.5
repeat_1_fold_3,GPKOW,0.0,0.0,0.0,0.0,0.0,0.0,0.0
repeat_1_fold_3,GPR143,0.0420592362429737,0.09278571083476932,0.04639285541738466,-0.004333619174410962,0.25,1.552457540288099e-05,0.5
repeat_1_fold_3,GPR37,0.0,0.0,0.0,0.0,0.0,0.0,0.0
repeat_1_fold_3,GRAP,-0.04523617402465874,0.07123888843971063,0.035619444219855315,-0.08085561824451405,0.0,-9.701516670443389e-05,0.5
repeat_1_fold_3,GRIA1,0.06495101091922528,0.09436438766893261,0.047182193834466306,0.017768817084758977,0.5,-0.00020700329174716536,1.0
repeat_1_fold_3,GRIK3,0.0858026221938939,0.10341585420518336,0.05170792710259168,0.03409469509130222,0.5,-0.000695275361381531,0.5
repeat_1_fold_3,GRIK4,0.023321591415493614,0.11156019409049636,0.05578009704524818,-0.03245850562975457,0.25,0.00027168006955011204,0.5
repeat_1_fold_3,GRIP2,0.0,0.0,0.0,0.0,0.0,-3.104915080570647e-05,0.5
repeat_1_fold_3,GRK3,0.0,0.0,0.0,0.0,0.0,0.0,0.0
repeat_1_fold_3,GRM6,-0.045965005175565565,0.2073539807951216,0.1036769903975608,-0.14964199557312635,0.25,6.467677780289116e-05,0.5
repeat_1_fold_3,GRM7,0.0,0.0,0.0,0.0,0.0,0.0,0.0
repeat_1_fold_3,GSTM2,0.0,0.0,0.0,0.0,0.0,0.00013743815283120964,0.5
repeat_1_fold_3,GTF3C4,-0.15730668092619382,0.24864984170762494,0.12432492085381247,-0.2816316017800063,0.0,0.00018594573618338495,0.5
repeat_1_fold_3,GUCY1B1,0.06746282800837555,0.1349256560167511,0.06746282800837555,0.0,0.25,-0.000266791708437103,0.5
repeat_1_fold_3,GUSB,0.0,0.0,0.0,0.0,0.0,0.0,0.5
repeat_1_fold_3,H1-2,0.059124871658900346,0.11824974331780068,0.05912487165890034,6.938893903907228e-18,0.25,-2.3931482152184103e-05,1.0
repeat_1_fold_3,H1-4,0.0,0.0,0.0,0.0,0.0,0.0,0.0
repeat_1_fold_3,H2AC4,0.055947280761190044,0.11189456152238009,0.055947280761190044,0.0,0.25,0.0002483932064458183,0.5
repeat_1_fold_3,H2AC6,0.0,0.0,0.0,0.0,0.0,0.0,0.0
repeat_1_fold_3,H2AC8,-0.032371310296461786,0.03737916942736623,0.018689584713683115,-0.0510608950101449,0.0,0.0008315317126249278,1.0
repeat_1_fold_3,H2AX,0.0,0.0,0.0,0.0,0.0,0.0,0.0
repeat_1_fold_3,H2BC21,0.0,0.0,0.0,0.0,0.0,0.0,0.0
repeat_1_fold_3,H2BC3,0.16998876949864083,0.2043808658925418,0.1021904329462709,0.06779833655236993,0.5,0.00015524575402864338,0.5
repeat_1_fold_3,H2BC4,-0.06364987563139302,0.08950235726292294,0.04475117863146147,-0.10840105426285448,0.0,-4.850758335223082e-05,0.5
repeat_1_fold_3,H2BC8,0.0,0.0,0.0,0.0,0.0,0.0,0.0
repeat_1_fold_3,H2BC9,-0.003177590897710303,0.006355181795420606,0.003177590897710303,-0.006355181795420606,0.0,-0.00014748346632717513,0.5
repeat_1_fold_3,H3C1,-0.013075596863505012,0.026151193727010025,0.013075596863505012,-0.026151193727010025,0.0,-0.0003366522977499842,1.0
repeat_1_fold_3,H3C2,0.0,0.0,0.0,0.0,0.0,0.0,0.0
repeat_1_fold_3,H3C7,0.13303351596339397,0.22410078639031358,0.11205039319515679,0.020983122768237175,0.5,-0.00025870711121175893,0.5
repeat_1_fold_3,HARS2,0.0,0.0,0.0,0.0,0.0,-4.042298612685902e-05,0.5
repeat_1_fold_3,HBA2,0.0,0.0,0.0,0.0,0.0,0.0,0.0
repeat_1_fold_3,HEBP2,0.0,0.0,0.0,0.0,0.0,0.0,0.0
repeat_1_fold_3,HERC1,0.0,0.0,0.0,0.0,0.0,5.659218057754711e-05,0.5
repeat_1_fold_3,HES1,0.0,0.0,0.0,0.0,0.0,0.0,0.0
repeat_1_fold_3,HEY2,0.0,0.0,0.0,0.0,0.0,0.0,0.0
repeat_1_fold_3,HIKESHI,0.0,0.0,0.0,0.0,0.0,0.0,0.0
repeat_1_fold_3,HLA-DMA,0.0,0.0,0.0,0.0,0.0,0.0,0.0
repeat_1_fold_3,HMGA1,0.044188341487719995,0.15636495795117203,0.07818247897558601,-0.03399413748786602,0.25,0.0004446528473951161,0.5
repeat_1_fold_3,HNF4A,0.0,0.0,0.0,0.0,0.0,0.0,0.0
repeat_1_fold_3,HNRNPC,0.07020234474336107,0.13319951577414482,0.06659975788707241,0.003602586856288656,0.5,0.0006153694585726288,1.0
repeat_1_fold_3,HNRNPH1,0.0,0.0,0.0,0.0,0.0,0.0,0.0
repeat_1_fold_3,HNRNPR,0.0,0.0,0.0,0.0,0.0,0.0,0.0
repeat_1_fold_3,HOMER3,-0.010624278896171901,0.09732677740085385,0.04866338870042693,-0.05928766759659883,0.25,0.0003881143850715807,0.5
repeat_1_fold_3,HOXA3,0.0,0.0,0.0,0.0,0.0,0.0,0.0
repeat_1_fold_3,HPS1,0.0,0.0,0.0,0.0,0.0,0.0,0.0
repeat_1_fold_3,HSD17B3,-0.018563555026407386,0.024758839426764215,0.012379419713382108,-0.03094297473978949,0.0,-8.084597225366252e-05,0.5
repeat_1_fold_3,HSP90AB1,0.0014686048754395387,0.0029372097508790773,0.0014686048754395387,0.0,0.25,-0.00028296090288781883,0.5
repeat_1_fold_3,HSPA4L,-0.030044449726467803,0.06797788748697357,0.03398894374348679,-0.0640333934699546,0.5,-0.0002458147302543401,1.0
repeat_1_fold_3,HTATSF1,-0.032523838439391994,0.06504767687878399,0.032523838439391994,-0.06504767687878399,0.0,0.00022636872231024396,0.5
repeat_1_fold_3,IARS1,0.04480887456041316,0.08961774912082632,0.04480887456041316,0.0,0.25,-0.00014748346632717513,0.5
repeat_1_fold_3,ID3,-0.006355181795420606,0.007338331840670192,0.003669165920335096,-0.010024347715755702,0.0,7.762287701440496e-06,0.5
repeat_1_fold_3,IDS,-0.1582703536415604,0.18437619106255632,0.09218809553127816,-0.25045844917283855,0.0,-6.048675399178416e-05,1.0
repeat_1_fold_3,IDUA,0.0,0.0,0.0,0.0,0.0,0.0,0.0
repeat_1_fold_3,IFITM3,0.0,0.0,0.0,0.0,0.0,0.0,0.0
repeat_1_fold_3,IFNA17,0.0,0.0,0.0,0.0,0.0,-0.0007842059308605653,0.5
repeat_1_fold_3,IFT122,0.021882056569276997,0.03994394141203665,0.019971970706018326,0.0019100858632586717,0.5,0.00011318436115509423,0.5
repeat_1_fold_3,IFT74,0.0,0.0,0.0,0.0,0.0,0.0,0.0
repeat_1_fold_3,IGFBP2,0.0,0.0,0.0,0.0,0.0,0.0,0.0
repeat_1_fold_3,IGLL1,-0.04922881578445626,0.06268893755355179,0.031344468776775894,-0.08057328456123215,0.0,1.6169194450688096e-05,0.5
repeat_1_fold_3,IGLV3-19,0.0,0.0,0.0,0.0,0.0,-2.425379167611541e-05,0.5
repeat_1_fold_3,IGLV3-25,-0.021487283144919544,0.04297456628983909,0.021487283144919544,-0.04297456628983909,0.0,3.881143850717472e-05,0.5
repeat_1_fold_3,IL17RB,0.0,0.0,0.0,0.0,0.0,0.0001778611389580409,0.5
repeat_1_fold_3,IL1R2,0.0,0.0,0.0,0.0,0.0,0.0005335834168741505,0.5
repeat_1_fold_3,IL2RB,-0.032371310296461786,0.03737916942736623,0.018689584713683115,-0.0510608950101449,0.0,-0.00019403033340881226,0.5
repeat_1_fold_3,ING2,-0.013075596863505012,0.026151193727010025,0.013075596863505012,-0.026151193727010025,0.0,0.00010509976392975018,0.5
repeat_1_fold_3,INHA,-0.012678030711683164,0.21138557369170988,0.10569278684585494,-0.1183708175575381,0.5,0.0004657372620858746,1.0
repeat_1_fold_3,INSIG2,0.0,0.0,0.0,0.0,0.0,0.0,0.0
repeat_1_fold_3,INTS3,0.0,0.0,0.0,0.0,0.0,0.0,0.0
repeat_1_fold_3,INTS7,0.0,0.0,0.0,0.0,0.0,4.0422986126803506e-05,0.5
repeat_1_fold_3,IPPK,0.03452753999796343,0.0479580881393608,0.0239790440696804,0.010548495928283032,0.5,-3.558834326780613e-05,1.0
repeat_1_fold_3,IQCB1,0.0,0.0,0.0,0.0,0.0,0.0,0.0
repeat_1_fold_3,IQCE,-0.013075596863505012,0.026151193727010025,0.013075596863505012,-0.026151193727010025,0.0,0.0001138289802029846,1.0
repeat_1_fold_3,IQGAP2,-0.08660536784266526,0.17321073568533052,0.08660536784266526,-0.17321073568533052,0.0,0.00012126895838046603,0.5
repeat_1_fold_3,IRAK3,0.07989139296299541,0.12320584764587575,0.061602923822937874,0.018288469140057537,0.5,8.893056947900657e-05,0.5
repeat_1_fold_3,IRF7,0.0,0.0,0.0,0.0,0.0,0.0,0.0
repeat_1_fold_3,ISCA1,0.0,0.0,0.0,0.0,0.0,0.0,0.0
repeat_1_fold_3,ITGA10,-0.08660536784266526,0.17321073568533052,0.08660536784266526,-0.17321073568533052,0.0,-6.467677780294667e-05,0.5
repeat_1_fold_3,ITGA8,-0.036356844056737,0.09182553102344257,0.045912765511721285,-0.08226960956845829,0.25,0.0007742411947455341,1.0
repeat_1_fold_3,ITGA9,0.0,0.0,0.0,0.0,0.0,0.0,0.0
repeat_1_fold_3,ITPA,-0.033043160636225366,0.03815495537640152,0.01907747768820076,-0.05212063832442612,0.0,-0.00030721469456393424,0.5
repeat_1_fold_3,KAT8,0.0,0.0,0.0,0.0,0.0,0.0002981900278937466,1.0
repeat_1_fold_3,KCNA5,0.0,0.0,0.0,0.0,0.0,9.768664487924683e-05,1.0
repeat_1_fold_3,KCNB1,-0.14485453893863998,0.16734069987581132,0.08367034993790566,-0.22852488887654565,0.0,-0.0009135594864664309,0.5
repeat_1_fold_3,KCNG2,-0.09968096470617027,0.16633119236530583,0.08316559618265291,-0.18284656088882317,0.0,-4.8507583352203065e-05,0.5
repeat_1_fold_3,KCNJ15,0.09716983354503128,0.12070677970582361,0.060353389852911804,0.03681644369211948,0.5,-0.0006063447919024967,0.5
repeat_1_fold_3,KCNK7,0.0,0.0,0.0,0.0,0.0,-0.00020181948023720309,0.5
repeat_1_fold_3,KCNQ1,0.0,0.0,0.0,0.0,0.0,0.0,0.0
repeat_1_fold_3,KDM3A,-0.021487283144919544,0.04297456628983909,0.021487283144919544,-0.04297456628983909,0.0,0.00010090974011861542,0.5
repeat_1_fold_3,KDM5D,0.0,0.0,0.0,0.0,0.0,0.0,0.0
repeat_1_fold_3,KIF14,0.15712287428354088,0.20398949922124712,0.10199474961062356,0.05512812467291732,0.5,0.00039101517078696246,1.0
repeat_1_fold_3,KIF1A,0.0,0.0,0.0,0.0,0.0,0.0,0.0
repeat_1_fold_3,KIF2C,0.0,0.0,0.0,0.0,0.0,7.762287701468251e-06,0.5
repeat_1_fold_3,KIF3A,0.0,0.0,0.0,0.0,0.0,0.0,0.0
repeat_1_fold_3,KIF4A,0.0,0.0,0.0,0.0,0.0,0.0001241966032229369,0.5
repeat_1_fold_3,KIR2DS4,0.022054505936209168,0.21384662418668385,0.10692331209334192,-0.08486880615713276,0.25,0.0001940303334087845,0.5
repeat_1_fold_3,KIR3DS1,-0.021487283144919544,0.04297456628983909,0.021487283144919544,-0.04297456628983909,0.0,0.0005588847145030773,0.5
repeat_1_fold_3,KLC1,0.058362092240273,0.14788632037206162,0.07394316018603081,-0.01558106794575781,0.25,-0.00010867202782002816,0.5
repeat_1_fold_3,KLHDC10,0.0,0.0,0.0,0.0,0.0,1.391302778316894e-05,1.0
repeat_1_fold_3,KLHDC3,0.036135514682756664,0.07227102936551333,0.036135514682756664,0.0,0.25,-0.0005976961530101965,0.5
repeat_1_fold_3,KLHL21,0.03972398942141986,0.10862483737801015,0.054312418689005076,-0.014588429267585218,0.25,-2.7755575615628914e-17,0.5
repeat_1_fold_3,KLHL5,-0.11161818236822896,0.1478679439856628,0.0739339719928314,-0.18555215436106037,0.0,-0.00030721469456393424,0.5
repeat_1_fold_3,KLHL9,-0.034874575277536124,0.06974915055507225,0.034874575277536124,-0.06974915055507225,0.0,-5.43360139100002e-05,0.5
repeat_1_fold_3,KLK13,-0.1155932869269023,0.13347563064752138,0.06673781532376069,-0.18233110225066299,0.0,-0.0002926570477328472,1.0
repeat_1_fold_3,KLK2,0.0,0.0,0.0,0.0,0.0,-0.00044465284739517164,0.5
repeat_1_fold_3,KLRB1,0.11649310305258176,0.08919015577305872,0.04459507788652936,0.0718980251660524,1.0,0.0002086148393668219,1.0
repeat_1_fold_3,KNL1,0.06955857882583949,0.13846455089281104,0.06923227544640552,0.00032630337943397036,0.5,4.657372620861522e-05,1.0
repeat_1_fold_3,KPNA2,-0.16580068129328573,0.20490586435501593,0.10245293217750796,-0.2682536134707937,0.0,0.00011318436115509423,0.5
repeat_1_fold_3,KPNA6,-0.01810277859245346,0.03212767496505394,0.01606383748252697,-0.034166616074980435,0.0,8.084597225363477e-05,0.5
repeat_1_fold_3,KRT36,-0.06974915055507225,0.08053938169743739,0.040269690848718696,-0.11001884140379095,0.0,-0.0004711896648657843,1.0
repeat_1_fold_3,KRT5,0.0,0.0,0.0,0.0,0.0,0.0,0.0
repeat_1_fold_3,KRT85,0.0,0.0,0.0,0.0,0.0,0.0,0.0
repeat_1_fold_3,KYAT1,-0.004114070481302079,0.16154618643711288,0.08077309321855644,-0.08488716369985852,0.5,0.0006801805320105492,1.0
repeat_1_fold_3,KYAT3,0.0,0.0,0.0,0.0,0.0,0.0,0.0
repeat_1_fold_3,L2HGDH,0.0,0.0,0.0,0.0,0.0,0.0,0.0
repeat_1_fold_3,LAMTOR5,0.0,0.0,0.0,0.0,0.0,-2.328686310429373e-05,0.5
repeat_1_fold_3,LARS1,0.0,0.0,0.0,0.0,0.0,-0.00040363896047440617,0.5
repeat_1_fold_3,LETM1,-0.013075596863505012,0.026151193727010025,0.013075596863505012,-0.026151193727010025,0.0,0.0005497526113248941,0.5
repeat_1_fold_3,LHX3,0.0,0.0,0.0,0.0,0.0,0.0,0.0
repeat_1_fold_3,LIMK2,0.0,0.0,0.0,0.0,0.0,0.0001616919445072973,0.5
repeat_1_fold_3,LMAN2L,0.0,0.0,0.0,0.0,0.0,0.0,0.0
repeat_1_fold_3,LOX,0.0,0.0,0.0,0.0,0.0,0.0,0.0
repeat_1_fold_3,LOXL2,0.0,0.0,0.0,0.0,0.0,0.00014748346632720288,0.5
repeat_1_fold_3,LPCAT3,0.0,0.0,0.0,0.0,0.0,7.762287701434945e-05,0.5
repeat_1_fold_3,LRP5,0.0,0.0,0.0,0.0,0.0,0.0,0.0
repeat_1_fold_3,LSM3,-0.06541447093268715,0.07553412480376775,0.03776706240188388,-0.10318153333457103,0.0,-0.00031529929178930605,0.5
repeat_1_fold_3,LSM4,0.7063351452675981,1.3593753132540378,0.6796876566270189,0.026647488640579198,0.5,0.0007521898514829817,1.0
repeat_1_fold_3,LTBP2,0.0,0.0,0.0,0.0,0.0,0.0,0.0
repeat_1_fold_3,LY6D,-0.016521580318112683,0.033043160636225366,0.016521580318112683,-0.033043160636225366,0.0,0.0001697765417326691,0.5
repeat_1_fold_3,LYPD1,0.04260329134078766,0.13296521763974772,0.06648260881987386,-0.0238793174790862,0.25,0.0008428125459626901,1.0
repeat_1_fold_3,LYZ,-0.09123643369999002,0.11104049416432073,0.055520247082160364,-0.14675668078215037,0.0,0.0002858885477302342,1.0
repeat_1_fold_3,MAD2L1,0.3656897908283341,0.4251434424877726,0.2125717212438863,0.1531180695844478,0.5,0.0018513727646088385,0.5
repeat_1_fold_3,MAF,0.0,0.0,0.0,0.0,0.0,0.0,0.0
repeat_1_fold_3,MAFF,0.0,0.0,0.0,0.0,0.0,0.0,0.0
repeat_1_fold_3,MAGI2,0.10278979165351032,0.11869142776219946,0.05934571388109973,0.04344407777241059,0.5,0.0006529990954920184,1.0
repeat_1_fold_3,MAML3,0.019462278453334036,0.29878428663666057,0.14939214331833028,-0.12992986486499625,0.5,-5.7908277800278185e-05,1.0
repeat_1_fold_3,MAN2A2,0.0,0.0,0.0,0.0,0.0,-1.6169194450743607e-05,0.5
repeat_1_fold_3,MAN2B1,0.16766814085912074,0.2008539970109617,0.10042699850548086,0.06724114235363989,0.5,0.000622513986353157,0.5
repeat_1_fold_3,MAP3K8,0.11824974331780069,0.13654304227227276,0.06827152113613638,0.04997822218166431,0.5,-7.76228770141274e-06,0.5
repeat_1_fold_3,MAPK10,0.0,0.0,0.0,0.0,0.0,0.0,0.0
repeat_1_fold_3,MAPK11,0.0,0.0,0.0,0.0,0.0,6.98605893128812e-05,0.5
repeat_1_fold_3,MAPK14,0.014940382043771905,0.029880764087543806,0.014940382043771903,1.734723475976807e-18,0.25,0.0001697765417326691,0.5
repeat_1_fold_3,MAPK6,0.0,0.0,0.0,0.0,0.0,0.0,0.0
repeat_1_fold_3,MAPKAP1,0.0,0.0,0.0,0.0,0.0,-5.43360139100002e-05,0.5
repeat_1_fold_3,MAPT,-0.010581493213759785,0.054290457912445626,0.027145228956222813,-0.0377267221699826,0.25,0.0001785326171329371,0.5
repeat_1_fold_3,MAS1,0.0,0.0,0.0,0.0,0.0,0.0,0.0
repeat_1_fold_3,MAT1A,0.0,0.0,0.0,0.0,0.0,0.0,0.0
repeat_1_fold_3,MATN1,0.0,0.0,0.0,0.0,0.0,0.0,0.0
repeat_1_fold_3,MAVS,0.0,0.0,0.0,0.0,0.0,0.0,0.0
repeat_1_fold_3,MBD2,0.05001062887545338,0.10002125775090676,0.05001062887545338,0.0,0.25,-0.0001616919445073528,0.5
repeat_1_fold_3,MBTPS2,-0.05332431229596679,0.0615736121168562,0.0307868060584281,-0.08411111835439489,0.0,-0.0003363568473530032,1.0
repeat_1_fold_3,MCAM,0.0,0.0,0.0,0.0,0.0,-0.000371918331493859,1.0
repeat_1_fold_3,MCAT,-0.04746422048316212,0.09492844096632425,0.04746422048316212,-0.09492844096632425,0.0,-0.00020211493063418406,0.5
repeat_1_fold_3,MCCC1,0.0,0.0,0.0,0.0,0.0,-3.104915080570647e-05,0.5
repeat_1_fold_3,MCM3,-0.05794305669679645,0.08437274487947383,0.04218637243973691,-0.10012942913653336,0.25,-0.00018014416475259365,1.0
repeat_1_fold_3,MCM4,0.14105592710106762,0.10938981372815976,0.05469490686407988,0.08636102023698775,0.75,0.0010788505539909843,1.0
repeat_1_fold_3,ME1,0.1630586178782103,0.20200258527419312,0.10100129263709656,0.06205732524111374,0.5,4.267915279437817e-05,1.0
repeat_1_fold_3,MECR,0.0,0.0,0.0,0.0,0.0,-0.00014552275005663695,0.5
repeat_1_fold_3,MED25,-0.013075596863505012,0.026151193727010025,0.013075596863505012,-0.026151193727010025,0.0,-3.362762699718469e-05,1.0
repeat_1_fold_3,MED31,0.0,0.0,0.0,0.0,0.0,0.0,0.0
repeat_1_fold_3,MEX3C,0.0,0.0,0.0,0.0,0.0,0.0,0.0
repeat_1_fold_3,MFAP4,0.0,0.0,0.0,0.0,0.0,0.0,0.0
repeat_1_fold_3,MFN1,-0.026151193727010025,0.03019679747583858,0.01509839873791929,-0.04124959246492932,0.0,-0.0002528786806539063,1.0
repeat_1_fold_3,MGAT4C,-0.033043160636225366,0.03815495537640152,0.01907747768820076,-0.05212063832442612,0.0,-5.659218057757487e-05,0.5
repeat_1_fold_3,MGAT5,0.0,0.0,0.0,0.0,0.0,0.0,0.0
repeat_1_fold_3,MGLL,0.0,0.0,0.0,0.0,0.0,-7.76228770141274e-06,1.0
repeat_1_fold_3,MGST2,0.0,0.0,0.0,0.0,0.0,0.0,0.0
repeat_1_fold_3,MICAL1,0.09608663176669552,0.13329357005637738,0.06664678502818869,0.02943984673850683,0.5,0.00010090974011864318,0.5
repeat_1_fold_3,MITF,0.0,0.0,0.0,0.0,0.0,0.0,0.0
repeat_1_fold_3,MMP3,0.0,0.0,0.0,0.0,0.0,0.0,0.0
repeat_1_fold_3,MMP7,0.131763259468066,0.15214710664638081,0.07607355332319041,0.05568970614487559,0.5,-0.0006386831808039561,0.5
repeat_1_fold_3,MPIG6B,0.0,0.0,0.0,0.0,0.0,0.0,0.0
repeat_1_fold_3,MRM2,0.04097934118299307,0.10740082077785136,0.05370041038892568,-0.012721069205932613,0.25,-0.0006144293891278685,0.5
repeat_1_fold_3,MRPL20,0.0,0.0,0.0,0.0,0.0,0.0,0.0
repeat_1_fold_3,MRPL39,0.0,0.0,0.0,0.0,0.0,0.0,0.0
repeat_1_fold_3,MRPL46,-0.006355181795420606,0.007338331840670192,0.003669165920335096,-0.010024347715755702,0.0,0.00010090974011864318,0.5
repeat_1_fold_3,MRPS31,0.03274248484237141,0.06548496968474282,0.03274248484237141,0.0,0.25,9.701516670437837e-05,0.5
repeat_1_fold_3,MSMO1,0.0,0.0,0.0,0.0,0.0,-2.3286863104265976e-05,0.5
repeat_1_fold_3,MSRA,0.0,0.0,0.0,0.0,0.0,0.0,0.0
repeat_1_fold_3,MST1R,-0.20161797504435697,0.26254194492329574,0.13127097246164787,-0.33288894750600484,0.0,0.00046890663907123153,0.5
repeat_1_fold_3,MT1E,-0.09016795375991471,0.14052835479732959,0.07026417739866479,-0.16043213115857952,0.0,-0.00023670948620316268,1.0
repeat_1_fold_3,MT1G,0.0,0.0,0.0,0.0,0.0,-2.425379167611541e-05,0.5
repeat_1_fold_3,MT2A,-0.04171302257333309,0.16087994820534252,0.08043997410267126,-0.12215299667600435,0.25,-0.00041140124817584667,0.5
repeat_1_fold_3,MTERF1,0.0,0.0,0.0,0.0,0.0,0.0,0.0
repeat_1_fold_3,MTERF3,0.0,0.0,0.0,0.0,0.0,0.0,0.0
repeat_1_fold_3,MTF2,-0.016521580318112683,0.033043160636225366,0.016521580318112683,-0.033043160636225366,0.0,7.276137502831848e-05,1.0
repeat_1_fold_3,MTHFD2,-0.08835478745869274,0.3231960658117794,0.1615980329058897,-0.24995282036458244,0.25,0.001277366361607829,0.5
repeat_1_fold_3,MTMR2,0.0,0.0,0.0,0.0,0.0,-0.00011318436115514974,0.5
repeat_1_fold_3,MTMR4,-0.09642328103947762,0.1829824596195786,0.0914912298097893,-0.1879145108492669,0.0,-0.00017106577982844984,1.0
repeat_1_fold_3,MTMR7,-0.17254017354597195,0.17213852618979802,0.08606926309489901,-0.258609436640871,0.0,-9.99159524197879e-05,1.0
repeat_1_fold_3,MTNR1A,0.0,0.0,0.0,0.0,0.0,0.0,0.0
repeat_1_fold_3,MTTP,0.0,0.0,0.0,0.0,0.0,-3.881143850711921e-05,0.5
repeat_1_fold_3,MUC5AC,0.07335910160292158,0.0952421400355036,0.0476210700177518,0.025738031585169782,0.5,-4.042298612683126e-05,0.5
repeat_1_fold_3,MUL1,0.0,0.0,0.0,0.0,0.0,0.0,0.0
repeat_1_fold_3,MUSK,0.0,0.0,0.0,0.0,0.0,1.616919445071585e-05,0.5
repeat_1_fold_3,MYBPC1,0.0,0.0,0.0,0.0,0.0,0.0,0.0
repeat_1_fold_3,MYL10,0.0,0.0,0.0,0.0,0.0,0.0,0.0
repeat_1_fold_3,MYO9B,0.0,0.0,0.0,0.0,0.0,0.0,0.0
repeat_1_fold_3,NAGK,0.0,0.0,0.0,0.0,0.0,0.0,0.0
repeat_1_fold_3,NARS2,0.08223070209803929,0.16835844770255967,0.08417922385127984,-0.001948521753240548,0.25,-0.0005740064030010095,0.5
repeat_1_fold_3,NAT8,0.03888164534525984,0.08644476775580404,0.04322238387790202,-0.004340738532642177,0.25,7.762287701468251e-06,0.5
repeat_1_fold_3,NBR1,0.0,0.0,0.0,0.0,0.0,0.00010090974011864318,0.5
repeat_1_fold_3,NCAN,0.0,0.0,0.0,0.0,0.0,0.0,0.0
repeat_1_fold_3,NCOA1,0.041022093066446885,0.13367642969467242,0.06683821484733621,-0.025816121780889323,0.25,-0.00010346135718311555,1.0
repeat_1_fold_3,NDN,0.05457435059093285,0.06653622781709267,0.03326811390854634,0.021306236682386515,0.5,-0.0003718914723668809,0.5
repeat_1_fold_3,NDRG1,-0.1655585794605141,0.2743313607878678,0.1371656803939339,-0.302724259854448,0.25,-0.0001458719187075186,1.0
repeat_1_fold_3,NDUFB11,0.0,0.0,0.0,0.0,0.0,0.0001076782401212284,1.0
repeat_1_fold_3,NDUFB3,0.0,0.0,0.0,0.0,0.0,0.0,0.0
repeat_1_fold_3,NDUFC2,0.01797229408769141,0.09622685512516978,0.04811342756258489,-0.03014113347489348,0.25,-0.00019403033340881226,0.5
repeat_1_fold_3,NEB,0.0,0.0,0.0,0.0,0.0,-4.657372620855971e-05,0.5
repeat_1_fold_3,NECAP1,0.0,0.0,0.0,0.0,0.0,0.0,0.0
repeat_1_fold_3,NEDD4L,0.0,0.0,0.0,0.0,0.0,0.0,0.0
repeat_1_fold_3,NEIL3,-0.14810114344289538,0.1710126154365352,0.0855063077182676,-0.233607451161163,0.0,-0.00012126895838052154,0.5
repeat_1_fold_3,NEK9,0.07290874678010972,0.18387016321086683,0.09193508160543341,-0.01902633482532369,0.5,-0.0002506225139863316,1.0
repeat_1_fold_3,NF1,0.0,0.0,0.0,0.0,0.0,0.0,0.0
repeat_1_fold_3,NFIB,0.0,0.0,0.0,0.0,0.0,0.0,0.0
repeat_1_fold_3,NGRN,0.04480887456041316,0.08961774912082632,0.04480887456041316,0.0,0.25,0.00035674292474191516,1.0
repeat_1_fold_3,NHP2,-0.03884996934700169,0.04492413929909383,0.022462069649546914,-0.06131203899654861,0.0,4.0422986126803506e-05,0.5
repeat_1_fold_3,NIPAL3,-0.03597981696985819,0.05638971048687457,0.028194855243437286,-0.06417467221329548,0.0,-0.0001697765417327246,0.5
repeat_1_fold_3,NIPBL,0.0,0.0,0.0,0.0,0.0,0.0,0.0
repeat_1_fold_3,NISCH,0.0,0.0,0.0,0.0,0.0,-1.6169194450743607e-05,0.5
repeat_1_fold_3,NLRP3,-0.05005464342697152,0.08908271135051554,0.04454135567525777,-0.0945959991022293,0.0,-0.00024218874811007818,1.0
repeat_1_fold_3,NMU,-0.17321073568533052,0.2000065297489174,0.1000032648744587,-0.2732140005597892,0.0,-7.276137502831848e-05,0.5
repeat_1_fold_3,NOTCH2,0.14416490318152242,0.11845961223883647,0.059229806119418235,0.08493509706210418,0.75,9.80089544032059e-05,1.0
repeat_1_fold_3,NPC1,0.0,0.0,0.0,0.0,0.0,-4.657372620858746e-05,0.5
repeat_1_fold_3,NPEPPS,0.014940382043771905,0.029880764087543806,0.014940382043771903,1.734723475976807e-18,0.25,0.0002470771092230595,1.0
repeat_1_fold_3,NPHS2,0.0,0.0,0.0,0.0,0.0,0.0,0.0
repeat_1_fold_3,NPLOC4,0.0,0.0,0.0,0.0,0.0,0.0,0.0
repeat_1_fold_3,NPM1,-0.044093084400678606,0.08489791878059978,0.04244895939029989,-0.08654204379097849,0.0,-0.0002719218016930536,1.0
repeat_1_fold_3,NPRL3,0.0,0.0,0.0,0.0,0.0,0.0,0.0
repeat_1_fold_3,NR1H3,0.0,0.0,0.0,0.0,0.0,0.0,0.0
repeat_1_fold_3,NR1I2,-0.024664874042631624,0.04932974808526325,0.024664874042631624,-0.04932974808526325,0.0,0.00045021268668304915,0.5
repeat_1_fold_3,NR2F6,0.0,0.0,0.0,0.0,0.0,-0.00019403033340881226,0.5
repeat_1_fold_3,NR3C2,0.3889064167074814,0.45052783665750934,0.22526391832875467,0.16364249837872671,0.5,-0.0003085307917866653,1.0
repeat_1_fold_3,NRP2,0.014940382043771905,0.029880764087543806,0.014940382043771903,1.734723475976807e-18,0.25,8.893056947900657e-05,0.5
repeat_1_fold_3,NRXN3,0.0,0.0,0.0,0.0,0.0,0.0,0.0
repeat_1_fold_3,NSL1,0.0832625673253986,0.09614333131747645,0.04807166565873822,0.03519090166666038,0.5,0.00012516353179467532,1.0
repeat_1_fold_3,NSMAF,0.068130465975905,0.08614071486425753,0.04307035743212877,0.02506010854377623,0.5,-0.00015524575402861562,0.5
repeat_1_fold_3,NUBP2,0.0,0.0,0.0,0.0,0.0,-5.659218057757487e-05,0.5
repeat_1_fold_3,NUDT4,0.14898464711753867,0.17413538912448978,0.08706769456224489,0.06191695255529378,0.5,0.0002587071112117034,0.5
repeat_1_fold_3,NUP58,0.0,0.0,0.0,0.0,0.0,2.3286863104321487e-05,0.5
repeat_1_fold_3,ODC1,0.0,0.0,0.0,0.0,0.0,0.0,0.0
repeat_1_fold_3,OIP5,0.10002125775090676,0.1154946001743419,0.05774730008717095,0.0422739576637358,0.5,-6.467677780294667e-05,0.5
repeat_1_fold_3,OPN1SW,-0.006085627818118056,0.12540317270011106,0.06270158635005553,-0.06878721416817359,0.25,-0.00035926768267940945,1.0
repeat_1_fold_3,OR10H3,0.0,0.0,0.0,0.0,0.0,0.0,0.0
repeat_1_fold_3,OR2B2,0.0,0.0,0.0,0.0,0.0,0.0,0.0
repeat_1_fold_3,OR3A3,0.0,0.0,0.0,0.0,0.0,0.0,0.0
repeat_1_fold_3,ORC3,0.059124871658900346,0.11824974331780068,0.05912487165890034,6.938893903907228e-18,0.25,0.00027944235725155253,0.5
repeat_1_fold_3,ORMDL2,0.0011807040254421253,0.19638784120087613,0.09819392060043806,-0.09701321657499594,0.25,-0.0004269258235786999,0.5
repeat_1_fold_3,OSBPL10,0.05001062887545338,0.10002125775090676,0.05001062887545338,0.0,0.25,0.0002829609028877911,0.5
repeat_1_fold_3,OSBPL7,0.2145974298737663,0.2477957678100416,0.1238978839050208,0.09069954596874549,0.5,0.00039587667277299343,0.5
repeat_1_fold_3,OSMR,0.023725808303460383,0.04751493286545434,0.02375746643272717,-3.1658129266788626e-05,0.25,-0.00024063091874435005,0.5
repeat_1_fold_3,OSTF1,0.0,0.0,0.0,0.0,0.0,0.0,0.0
repeat_1_fold_3,OTUB1,0.014940382043771905,0.029880764087543806,0.014940382043771903,1.734723475976807e-18,0.25,0.00041231445849365667,0.5
repeat_1_fold_3,OTUD3,-0.10312694816077794,0.20625389632155589,0.10312694816077794,-0.20625389632155589,0.0,-0.00010509976392977793,0.5
repeat_1_fold_3,OXSM,0.0,0.0,0.0,0.0,0.0,0.0,0.0
repeat_1_fold_3,P2RX6,0.0,0.0,0.0,0.0,0.0,0.0,0.0
repeat_1_fold_3,P2RY14,0.0,0.0,0.0,0.0,0.0,0.0,0.0
repeat_1_fold_3,P3H2,0.10002125775090676,0.1154946001743419,0.05774730008717095,0.0422739576637358,0.5,-0.00013743815283126515,0.5
repeat_1_fold_3,P4HB,0.0,0.0,0.0,0.0,0.0,0.00010867202782005592,0.5
repeat_1_fold_3,PACSIN2,-0.1563545183977375,0.14275905827453128,0.07137952913726564,-0.22773404753500315,0.0,4.270601192135626e-05,1.0
repeat_1_fold_3,PACSIN3,0.0,0.0,0.0,0.0,0.0,0.0,0.0
repeat_1_fold_3,PAF1,-0.07398229861168382,0.14796459722336763,0.07398229861168382,-0.14796459722336763,0.0,-0.00023445331953564352,0.5
repeat_1_fold_3,PALS1,0.0,0.0,0.0,0.0,0.0,0.0,0.0
repeat_1_fold_3,PAPOLG,0.0,0.0,0.0,0.0,0.0,0.0,0.0
repeat_1_fold_3,PAPPA2,-0.04615215718755117,0.053543948066248986,0.026771974033124493,-0.07292413122067566,0.0,0.00011643431552149641,0.5
repeat_1_fold_3,PAPSS1,0.0,0.0,0.0,0.0,0.0,0.0,0.0
repeat_1_fold_3,PARP1,0.0,0.0,0.0,0.0,0.0,-3.2338388901487214e-05,0.5
repeat_1_fold_3,PARP2,0.11027617748981022,0.1319713712478453,0.06598568562392265,0.04429049186588757,0.5,0.0005578372085502381,0.5
repeat_1_fold_3,PARVA,0.0,0.0,0.0,0.0,0.0,0.0,0.0
repeat_1_fold_3,PCBP2,-0.0666143879518657,0.08133410557576123,0.04066705278788062,-0.10728144073974631,0.0,-0.0003062209068651067,1.0
repeat_1_fold_3,PCDH7,0.12321613912373941,0.0854558642583018,0.0427279321291509,0.0804882069945885,0.75,0.0002037533373808187,1.0
repeat_1_fold_3,PCK2,0.1349256560167511,0.1557987276437162,0.0778993638218581,0.05702629219489301,0.5,0.00032338388901462234,0.5
repeat_1_fold_3,PCMT1,0.05540358852056215,0.1387328923475681,0.06936644617378405,-0.013962857653221902,0.5,-0.00044430367874420673,1.0
repeat_1_fold_3,PCYOX1L,-0.020213786417135893,0.1541755787364039,0.07708778936820194,-0.09730157578533784,0.25,-0.0005335834168741782,0.5
repeat_1_fold_3,PDAP1,0.05706404222374317,0.08554694049152294,0.04277347024576147,0.014290571977981704,0.5,0.00012419660322290915,0.5
repeat_1_fold_3,PDCD11,-0.12320010680987892,0.16403411157033518,0.08201705578516759,-0.20521716259504652,0.0,6.467677780289116e-05,0.5
repeat_1_fold_3,PDCD4,0.0,0.0,0.0,0.0,0.0,-0.0001940571925357626,0.5
repeat_1_fold_3,PDE10A,0.05001062887545338,0.10002125775090676,0.05001062887545338,0.0,0.25,8.084597225366252e-05,0.5
repeat_1_fold_3,PDE4B,0.0,0.0,0.0,0.0,0.0,0.0,0.0
repeat_1_fold_3,PDIA2,-0.10588864920021201,0.4068564212152802,0.2034282106076401,-0.3093168598078521,0.5,0.0003311730358430687,1.0
repeat_1_fold_3,PDS5B,0.059124871658900346,0.11824974331780069,0.059124871658900346,0.0,0.25,2.7755575615628914e-17,0.5
repeat_1_fold_3,PDSS1,-0.058522504023475364,0.06757596690320893,0.03378798345160446,-0.09231048747507983,0.0,-2.4253791676143166e-05,0.5
repeat_1_fold_3,PEA15,0.0,0.0,0.0,0.0,0.0,0.0,0.0
repeat_1_fold_3,PES1,-0.1155932869269023,0.13347563064752138,0.06673781532376069,-0.18233110225066299,0.0,0.00011318436115509423,0.5
repeat_1_fold_3,PEX11A,0.26464117737409154,0.33532527754275765,0.16766263877137882,0.09697853860271272,0.5,0.0,0.5
repeat_1_fold_3,PEX2,0.04480887456041316,0.08961774912082632,0.04480887456041316,0.0,0.25,0.00021734405564008408,0.5
repeat_1_fold_3,PEX6,-0.02494027599465909,0.0786357666326755,0.03931788331633775,-0.06425815931099685,0.25,-0.0003493029465643782,0.5
repeat_1_fold_3,PGK2,0.0,0.0,0.0,0.0,0.0,0.0,0.0
repeat_1_fold_3,PGM3,-0.015677061016857508,0.09975621147920614,0.04987810573960307,-0.06555516675646059,0.25,-6.760442264533428e-05,1.0
repeat_1_fold_3,PHB2,0.0,0.0,0.0,0.0,0.0,0.00012419660322290915,0.5
repeat_1_fold_3,PHLPP1,-0.06596331895469376,0.07616787991026717,0.03808393995513359,-0.10404725890982736,0.0,0.0006057538911085902,1.0
repeat_1_fold_3,PHLPP2,0.0,0.0,0.0,0.0,0.0,0.0,0.0
repeat_1_fold_3,PI4KA,0.0,0.0,0.0,0.0,0.0,-0.0007033599586069028,0.5
repeat_1_fold_3,PI4KB,-0.0975916154954124,0.1180255909476376,0.0590127954738188,-0.1566044109692312,0.0,-0.00045797497438443413,0.5
repeat_1_fold_3,PIAS4,0.0,0.0,0.0,0.0,0.0,0.0,0.0
repeat_1_fold_3,PIGR,0.024250296381364222,0.1560336242536455,0.07801681212682275,-0.05376651574545853,0.25,-7.76228770141274e-06,0.5
repeat_1_fold_3,PIGT,0.0,0.0,0.0,0.0,0.0,3.104915080576198e-05,0.5
repeat_1_fold_3,PIK3C2A,-0.025815118707139817,0.07202014829290576,0.03601007414645288,-0.0618251928535927,0.25,-3.8139960332306266e-05,1.0
repeat_1_fold_3,PIK3C2G,0.0,0.0,0.0,0.0,0.0,0.0,0.0
repeat_1_fold_3,PIK3R3,-0.039590061737373006,0.042915289834638576,0.021457644917319288,-0.061047706654692294,0.0,0.0009194147761511784,1.0
repeat_1_fold_3,PIKFYVE,0.0,0.0,0.0,0.0,0.0,0.0,0.0
repeat_1_fold_3,PIM1,-0.026662156147983396,0.05332431229596679,0.026662156147983396,-0.05332431229596679,0.0,0.00033955308346536595,0.5
repeat_1_fold_3,PIP5K1A,-0.22414560100820324,0.2591174636425995,0.12955873182129976,-0.353704332829503,0.0,0.0005578372085502659,0.5
repeat_1_fold_3,PITX2,0.0,0.0,0.0,0.0,0.0,0.0,0.0
repeat_1_fold_3,PJA1,0.0,0.0,0.0,0.0,0.0,0.0,0.0
repeat_1_fold_3,PKLR,0.0,0.0,0.0,0.0,0.0,8.538516471576219e-05,0.5
repeat_1_fold_3,PKM,0.8294209238318917,1.5281231335795231,0.7640615667897616,0.06535935704213014,0.5,-0.0005750539089537932,1.0
repeat_1_fold_3,PKN1,0.0,0.0,0.0,0.0,0.0,0.0,0.0
repeat_1_fold_3,PKN2,0.0,0.0,0.0,0.0,0.0,0.0,0.0
repeat_1_fold_3,PLA2G4C,0.02988076408754381,0.03450333437907024,0.01725166718953512,0.012629096898008691,0.5,6.467677780291892e-05,0.5
repeat_1_fold_3,PLA2G5,0.02988076408754381,0.03450333437907024,0.01725166718953512,0.012629096898008691,0.5,-9.701516670443389e-05,0.5
repeat_1_fold_3,PLA2R1,0.0,0.0,0.0,0.0,0.0,0.0,0.0
repeat_1_fold_3,PLAC8,0.0,0.0,0.0,0.0,0.0,0.0,0.0
repeat_1_fold_3,PLCB3,0.0,0.0,0.0,0.0,0.0,0.0,0.0
repeat_1_fold_3,PLCB4,0.0,0.0,0.0,0.0,0.0,0.0,0.0
repeat_1_fold_3,PLCG2,0.18834873783763406,0.23211931290639562,0.11605965645319781,0.07228908138443625,0.5,-0.00021019952785955587,0.5
repeat_1_fold_3,PLEKHG6,0.0,0.0,0.0,0.0,0.0,0.0,0.0
repeat_1_fold_3,PLIN3,0.0,0.0,0.0,0.0,0.0,0.0,0.0
repeat_1_fold_3,PLPP1,-0.05779664346345115,0.11559328692690231,0.057796643463451154,-0.1155932869269023,0.0,-8.893056947906208e-05,0.5
repeat_1_fold_3,PLXNA2,-0.013075596863505012,0.026151193727010025,0.013075596863505012,-0.026151193727010025,0.0,0.0002748763056624193,0.5
repeat_1_fold_3,PMEL,0.0,0.0,0.0,0.0,0.0,-4.657372620855971e-05,0.5
repeat_1_fold_3,PMF1,0.0,0.0,0.0,0.0,0.0,0.0,0.0
repeat_1_fold_3,PMM1,0.0,0.0,0.0,0.0,0.0,0.0,0.0
repeat_1_fold_3,PMPCB,-0.002286322546696695,0.19297527781928053,0.09648763890964027,-0.09877396145633696,0.25,-0.0006283424169110097,1.0
repeat_1_fold_3,PMVK,0.0,0.0,0.0,0.0,0.0,0.0,0.0
repeat_1_fold_3,PODXL2,0.06898637113644668,0.08704424986925216,0.04352212493462608,0.025464246201820598,0.5,0.00025615549414723104,0.5
repeat_1_fold_3,POFUT1,0.045236827140684,0.090473654281368,0.045236827140684,0.0,0.25,0.00027944235725155253,0.5
repeat_1_fold_3,POFUT2,0.0,0.0,0.0,0.0,0.0,0.0,0.0
repeat_1_fold_3,POLH,0.05084980462601152,0.05871629677813526,0.02935814838906763,0.02149165623694389,0.5,-9.314745241714717e-05,0.5
repeat_1_fold_3,POLR2G,0.0,0.0,0.0,0.0,0.0,0.00013195889092434965,0.5
repeat_1_fold_3,POLR3E,-0.0874506020996133,0.10690191442928593,0.05345095721464296,-0.14090155931425627,0.0,-0.00015589037307647824,1.0
repeat_1_fold_3,POLR3F,0.0,0.0,0.0,0.0,0.0,0.0,0.0
repeat_1_fold_3,POLR3G,0.0832625673253986,0.09614333131747645,0.04807166565873822,0.03519090166666038,0.5,0.00020181948023723084,0.5
repeat_1_fold_3,POLR3K,0.0,0.0,0.0,0.0,0.0,-3.2338388901487214e-05,0.5
repeat_1_fold_3,POMGNT1,-0.03805216617524643,0.06789565512047058,0.03394782756023529,-0.07199999373548172,0.0,0.00019405719253579035,0.5
repeat_1_fold_3,PON3,0.0,0.0,0.0,0.0,0.0,0.0,0.0
repeat_1_fold_3,PPFIBP2,0.25169934755027157,0.1654813238731155,0.08274066193655776,0.1689586856137138,1.0,0.0008260255915910619,1.0
repeat_1_fold_3,PPIL6,0.0,0.0,0.0,0.0,0.0,0.0,0.0
repeat_1_fold_3,PPIP5K1,0.0,0.0,0.0,0.0,0.0,-0.0001862949048343221,0.5
repeat_1_fold_3,PPM1A,0.0,0.0,0.0,0.0,0.0,-5.6592180577602624e-05,0.5
repeat_1_fold_3,PPM1D,0.0,0.0,0.0,0.0,0.0,0.0,0.0
repeat_1_fold_3,PPP1CA,-0.010813336012661878,0.07890866792650282,0.03945433396325141,-0.05026766997591329,0.25,-0.0001539565159328904,1.0
repeat_1_fold_3,PPP1R13B,-0.06504767687878399,0.07511058751225147,0.037555293756125735,-0.10260297063490972,0.0,0.0005025879843224279,1.0
repeat_1_fold_3,PPP2CB,-0.18826371112800366,0.21936428896331334,0.10968214448165667,-0.29794585560966036,0.0,-0.0005901755974517531,0.5
repeat_1_fold_3,PPP6C,0.0,0.0,0.0,0.0,0.0,3.233838890145946e-05,0.5
repeat_1_fold_3,PRF1,0.10002125775090676,0.1154946001743419,0.05774730008717095,0.0422739576637358,0.5,-0.00044465284739517164,0.5
repeat_1_fold_3,PRKAG2,0.0,0.0,0.0,0.0,0.0,0.0001536073472819255,0.5
repeat_1_fold_3,PRKCZ,-0.08660536784266526,0.17321073568533052,0.08660536784266526,-0.17321073568533052,0.0,0.00017557811316354366,1.0
repeat_1_fold_3,PRKD1,0.0,0.0,0.0,0.0,0.0,-0.00024253791676101533,0.5
repeat_1_fold_3,PRKD3,0.0,0.0,0.0,0.0,0.0,0.0,0.0
repeat_1_fold_3,PRKRIP1,-0.04297456628983909,0.049622754831492026,0.024811377415746013,-0.0677859437055851,0.0,0.00019405719253579035,0.5
repeat_1_fold_3,PRND,0.0,0.0,0.0,0.0,0.0,7.762287701434945e-05,0.5
repeat_1_fold_3,PRNP,0.0,0.0,0.0,0.0,0.0,-3.881143850714697e-05,0.5
repeat_1_fold_3,PROZ,0.02542490231300576,0.05084980462601152,0.02542490231300576,0.0,0.25,0.00015524575402867113,0.5
repeat_1_fold_3,PRPF18,0.10002125775090676,0.1154946001743419,0.05774730008717095,0.0422739576637358,0.5,0.00035572227791610955,0.5
repeat_1_fold_3,PRPF31,-0.05636185842245389,0.11272371684490778,0.05636185842245389,-0.11272371684490778,0.0,-0.0003745236668123153,1.0
repeat_1_fold_3,PRPF4,0.0,0.0,0.0,0.0,0.0,0.0,0.0
repeat_1_fold_3,PRPF40A,0.0,0.0,0.0,0.0,0.0,0.0,0.0
repeat_1_fold_3,PSMD2,0.0,0.0,0.0,0.0,0.0,-4.657372620855971e-05,0.5
repeat_1_fold_3,PTEN,0.0,0.0,0.0,0.0,0.0,6.467677780291892e-05,0.5
repeat_1_fold_3,PTH,0.0,0.0,0.0,0.0,0.0,0.0,0.0
repeat_1_fold_3,PTK2B,0.0,0.0,0.0,0.0,0.0,5.433601391002796e-05,0.5
repeat_1_fold_3,PTP4A2,-0.032523838439391994,0.06504767687878399,0.032523838439391994,-0.06504767687878399,0.0,3.0726841281775163e-05,1.0
repeat_1_fold_3,PTPN2,0.0,0.0,0.0,0.0,0.0,0.0,0.0
repeat_1_fold_3,PTPN7,-0.05779664346345115,0.11559328692690231,0.057796643463451154,-0.1155932869269023,0.0,-0.0001859457361834682,0.5
repeat_1_fold_3,PTRH2,0.055947280761190044,0.12051717391203169,0.060258586956015846,-0.004311306194825802,0.25,0.0002483932064458183,0.5
repeat_1_fold_3,PXMP2,0.0,0.0,0.0,0.0,0.0,0.0,0.0
repeat_1_fold_3,QPRT,-0.07398229861168382,0.14796459722336763,0.07398229861168382,-0.14796459722336763,0.0,-1.5202265878921928e-05,1.0
repeat_1_fold_3,QTRT1,0.07989139296299541,0.12320584764587575,0.061602923822937874,0.018288469140057537,0.5,-0.0004020005537277438,1.0
repeat_1_fold_3,RAB11A,0.0,0.0,0.0,0.0,0.0,0.0,0.0
repeat_1_fold_3,RAB38,-0.024838037192148832,0.24772357984495855,0.12386178992247927,-0.1486998271146281,0.5,-0.00037613521443197184,1.0
repeat_1_fold_3,RAB3GAP1,0.0,0.0,0.0,0.0,0.0,2.42537916760599e-05,0.5
repeat_1_fold_3,RAB5A,0.18182420966051538,0.4475097200838569,0.22375486004192846,-0.04193065038141308,0.5,0.00045271058549350984,1.0
repeat_1_fold_3,RAC1,0.0,0.0,0.0,0.0,0.0,-0.0005123109882944343,0.5
repeat_1_fold_3,RAG1,0.0,0.0,0.0,0.0,0.0,0.0,0.0
repeat_1_fold_3,RALB,-0.0490454187575029,0.14077943873581497,0.07038971936790749,-0.11943513812541039,0.25,0.00021019952785950036,0.5
repeat_1_fold_3,RAMP2,-0.05779664346345115,0.11559328692690231,0.057796643463451154,-0.1155932869269023,0.0,0.0002263687223102162,0.5
repeat_1_fold_3,RAP1A,0.0,0.0,0.0,0.0,0.0,6.98605893128812e-05,0.5
repeat_1_fold_3,RAP2B,-0.034874575277536124,0.06974915055507225,0.034874575277536124,-0.06974915055507225,0.0,-0.00017302649609907128,1.0
repeat_1_fold_3,RASA3,0.021909742213816585,0.11342419026242595,0.056712095131212975,-0.03480235291739639,0.25,0.00025615549414723104,0.5
repeat_1_fold_3,RASA4,0.0,0.0,0.0,0.0,0.0,0.0,0.0
repeat_1_fold_3,RASGRP1,0.29916071075096795,0.11821557799618818,0.05910778899809409,0.24005292175287385,1.0,0.0013169298556708897,1.0
repeat_1_fold_3,RB1,0.0,0.0,0.0,0.0,0.0,0.0,0.0
repeat_1_fold_3,RBM25,0.0027630132364464544,0.005526026472892909,0.0027630132364464544,0.0,0.25,0.00039587667277299343,0.5
repeat_1_fold_3,RBP1,0.049372501330200436,0.20119969383966427,0.10059984691983213,-0.0512273455896317,0.25,-0.0005291248017930683,1.0
repeat_1_fold_3,RBP4,0.0,0.0,0.0,0.0,0.0,7.114982740860643e-05,1.0
repeat_1_fold_3,RCAN3,0.0,0.0,0.0,0.0,0.0,-0.000333778371161525,0.5
repeat_1_fold_3,REN,0.0,0.0,0.0,0.0,0.0,0.0,0.0
repeat_1_fold_3,REST,0.16027947857450897,0.18788129579736113,0.09394064789868056,0.06633883067582841,0.5,0.0006597944546216927,0.5
repeat_1_fold_3,RFC4,0.0,0.0,0.0,0.0,0.0,0.0,0.0
repeat_1_fold_3,RFC5,-0.03252383843939022,0.10860613180921723,0.054303065904608615,-0.08682690434399884,0.25,0.0001616919445072973,0.5
repeat_1_fold_3,RGCC,0.0,0.0,0.0,0.0,0.0,0.0,0.0
repeat_1_fold_3,RGS11,0.0,0.0,0.0,0.0,0.0,0.0,0.0
repeat_1_fold_3,RGS20,1.4617133342185298,1.8645541428084311,0.9322770714042156,0.5294362628143142,0.5,0.000763551262201706,1.0
repeat_1_fold_3,RHO,0.0,0.0,0.0,0.0,0.0,0.0,0.0
repeat_1_fold_3,RHOA,-0.010975916325804747,0.012673896490612357,0.006336948245306178,-0.017312864571110927,0.0,0.0009782362642692943,0.5
repeat_1_fold_3,RHOBTB2,0.0,0.0,0.0,0.0,0.0,0.0,0.0
repeat_1_fold_3,RHOBTB3,0.0,0.0,0.0,0.0,0.0,-2.7755575615628914e-17,0.5
repeat_1_fold_3,RHOD,-0.048615189812220905,0.05613598584958098,0.02806799292479049,-0.0766831827370114,0.0,0.00023445331953561577,0.5
repeat_1_fold_3,RHOQ,0.10436169879958435,0.12262201943324362,0.06131100971662181,0.043050689082962536,0.5,-0.0002872046449529375,0.5
repeat_1_fold_3,RHOT2,-0.033043160636225366,0.03815495537640152,0.01907747768820076,-0.05212063832442612,0.0,-0.00030721469456393424,0.5
repeat_1_fold_3,RIOX1,0.0,0.0,0.0,0.0,0.0,0.0,0.0
repeat_1_fold_3,RIT2,0.0,0.0,0.0,0.0,0.0,0.0,0.0
repeat_1_fold_3,RLN1,0.0,0.0,0.0,0.0,0.0,0.00031049150805728676,0.5
repeat_1_fold_3,RMND5A,0.0,0.0,0.0,0.0,0.0,0.0,0.0
repeat_1_fold_3,RND3,-0.032371310296461786,0.03737916942736623,0.018689584713683115,-0.0510608950101449,0.0,-0.00020211493063418406,0.5
repeat_1_fold_3,RNF115,0.0007818130909971188,0.05524332752473476,0.02762166376236738,-0.02683985067137026,0.25,6.467677780289116e-05,0.5
repeat_1_fold_3,RNF139,0.0,0.0,0.0,0.0,0.0,0.0,0.0
repeat_1_fold_3,RNF2,0.0,0.0,0.0,0.0,0.0,-0.00015524575402858787,0.5
repeat_1_fold_3,RNF7,0.11524559565535242,0.13307415134907297,0.06653707567453648,0.048708519980815934,0.5,-0.0005045487005930216,0.5
repeat_1_fold_3,RNLS,0.0,0.0,0.0,0.0,0.0,-4.657372620855971e-05,0.5
repeat_1_fold_3,ROPN1,-0.03805216617524643,0.06789565512047058,0.03394782756023529,-0.07199999373548172,0.0,6.209830161146845e-05,0.5
repeat_1_fold_3,RPA2,0.02542490231300576,0.05084980462601152,0.02542490231300576,0.0,0.25,-0.0002716800695500843,0.5
repeat_1_fold_3,RPA3,-0.061103467239108866,0.1290866879050891,0.06454334395254455,-0.1256468111916534,0.25,0.0004123144584936289,0.5
repeat_1_fold_3,RPAP2,0.0,0.0,0.0,0.0,0.0,2.3286863104321487e-05,0.5
repeat_1_fold_3,RPL18,0.0,0.0,0.0,0.0,0.0,0.0,0.0
repeat_1_fold_3,RPL21,0.0,0.0,0.0,0.0,0.0,0.00011643431552146866,1.0
repeat_1_fold_3,RPL22,-0.19805538912710396,0.2840100280769463,0.14200501403847315,-0.3400604031655771,0.0,-0.00046890663907128705,0.5
repeat_1_fold_3,RPL35,-0.016521580318112683,0.033043160636225366,0.016521580318112683,-0.033043160636225366,0.0,0.00010509976392975018,0.5
repeat_1_fold_3,RPL37A,0.014940382043771905,0.029880764087543806,0.014940382043771903,1.734723475976807e-18,0.25,8.860825995513077e-05,1.0
repeat_1_fold_3,RPL4,0.03274248484237141,0.06548496968474282,0.03274248484237141,0.0,0.25,0.0006322101311982131,1.0
repeat_1_fold_3,RPLP2,0.024579637191450843,0.14076500362024844,0.07038250181012422,-0.045802864618673375,0.25,0.0006928043216979929,1.0
repeat_1_fold_3,RPP25,0.024790053963252845,0.14010143210974732,0.07005071605487366,-0.045260662091620815,0.25,-0.000816544319761997,0.5
repeat_1_fold_3,RPRD2,0.0,0.0,0.0,0.0,0.0,0.0,0.0
repeat_1_fold_3,RPS10,0.0,0.0,0.0,0.0,0.0,0.0,0.0
repeat_1_fold_3,RPS3A,0.0,0.0,0.0,0.0,0.0,0.00021828412508487216,0.5
repeat_1_fold_3,RPS4X,0.687469691581537,1.4233355169846775,0.7116677584923388,-0.02419806691080173,0.25,-0.001321871935037855,1.0
repeat_1_fold_3,RPS6KA1,0.05231840950145106,0.05707090898599998,0.02853545449299999,0.023782955008451068,0.75,0.0007196097304385807,1.0
repeat_1_fold_3,RPS6KA5,0.0,0.0,0.0,0.0,0.0,0.0,0.0
repeat_1_fold_3,RPS8,0.0,0.0,0.0,0.0,0.0,0.0,0.0
repeat_1_fold_3,RTCB,-0.046085386960774244,0.06771386603694121,0.033856933018470606,-0.07994231997924485,0.25,-0.0004217151529417873,1.0
repeat_1_fold_3,RUFY1,-0.10312694816077794,0.20625389632155589,0.10312694816077794,-0.20625389632155589,0.0,1.616919445071585e-05,0.5
repeat_1_fold_3,RXFP3,0.06905917094177383,0.2402905722237383,0.12014528611186916,-0.05108611517009533,0.25,0.00012032888893565019,1.0
repeat_1_fold_3,S100A10,0.08729606338365414,0.10093428126003197,0.050467140630015984,0.03682892275363816,0.5,0.0006132207284131053,0.5
repeat_1_fold_3,S100A12,0.0708934792123479,0.17396427772598275,0.08698213886299137,-0.016088659650643475,0.25,0.0003803520973701402,0.5
repeat_1_fold_3,S100A7,0.0,0.0,0.0,0.0,0.0,0.0,0.0
repeat_1_fold_3,SAP30,0.16472349253475294,0.20549691994570427,0.10274845997285213,0.0619750325619008,0.75,0.001139068716712821,1.0
repeat_1_fold_3,SARS2,-0.07431822378156205,0.1486364475631241,0.07431822378156205,-0.1486364475631241,0.0,0.00014552275005655368,0.5
repeat_1_fold_3,SBF1,0.014940382043771905,0.029880764087543806,0.014940382043771903,1.734723475976807e-18,0.25,-2.7755575615628914e-17,0.5
repeat_1_fold_3,SCLY,-0.01758345639562009,0.08012392394256507,0.040061961971282534,-0.05764541836690262,0.25,0.00022411255564269705,1.0
repeat_1_fold_3,SCN11A,0.0,0.0,0.0,0.0,0.0,3.23383889014317e-05,0.5
repeat_1_fold_3,SCN4A,0.0,0.0,0.0,0.0,0.0,0.0,0.0
repeat_1_fold_3,SCNN1B,0.018020749201577146,0.08025336424047091,0.04012668212023546,-0.02210593291865831,0.25,0.00013743815283118188,0.5
repeat_1_fold_3,SDC1,0.0,0.0,0.0,0.0,0.0,-6.986058931285344e-05,0.5
repeat_1_fold_3,SDHAF3,0.0,0.0,0.0,0.0,0.0,4.850758335217531e-05,0.5
repeat_1_fold_3,SEC11A,-0.09492844096632425,0.1096139218913176,0.0548069609456588,-0.14973540191198303,0.0,-0.00011318436115514974,0.5
repeat_1_fold_3,SEC22B,0.0,0.0,0.0,0.0,0.0,3.104915080573423e-05,0.5
repeat_1_fold_3,SEC23A,0.43632588729369814,0.1006468972924738,0.0503234486462369,0.38600243864746125,1.0,0.00137309229021651,1.0
repeat_1_fold_3,SEC24B,-0.13406958832582916,0.2681391766516583,0.13406958832582916,-0.2681391766516583,0.0,-0.0001455227500566092,0.5
repeat_1_fold_3,SELL,0.08848739313999232,0.1666399621897125,0.08331998109485625,0.005167412045136072,0.5,0.0006753190300245737,0.5
repeat_1_fold_3,SEMA4A,0.0,0.0,0.0,0.0,0.0,0.0,0.0
repeat_1_fold_3,SENP2,-0.003177590897710303,0.006355181795420606,0.003177590897710303,-0.006355181795420606,0.0,3.526603374384707e-05,1.0
repeat_1_fold_3,SEPTIN4,-0.14332997159779026,0.16550319536985125,0.08275159768492563,-0.2260815692827159,0.0,-0.00043656825016979983,0.5
repeat_1_fold_3,SERPINB1,-0.17321073568533052,0.2000065297489174,0.1000032648744587,-0.2732140005597892,0.0,-0.00016169194450732505,0.5
repeat_1_fold_3,SERPINB10,0.0,0.0,0.0,0.0,0.0,0.0,0.0
repeat_1_fold_3,SERPINB8,0.0,0.0,0.0,0.0,0.0,0.0,0.0
repeat_1_fold_3,SERPIND1,-0.032707235466343576,0.06541447093268715,0.032707235466343576,-0.06541447093268715,0.0,4.042298612683126e-05,0.5
repeat_1_fold_3,SESN1,0.0,0.0,0.0,0.0,0.0,-0.00012935355560589334,0.5
repeat_1_fold_3,SFRP1,0.0,0.0,0.0,0.0,0.0,1.552457540288099e-05,0.5
repeat_1_fold_3,SGPP1,0.0,0.0,0.0,0.0,0.0,0.0,0.0
repeat_1_fold_3,SH2D2A,0.0029372097508790773,0.003391597680672858,0.001695798840336429,0.0012414109105426483,0.5,2.42537916760599e-05,0.5
repeat_1_fold_3,SH3BP4,-0.19469801883025006,0.178674425421145,0.0893372127105725,-0.28403523154082255,0.0,0.0003690175457784217,1.0
repeat_1_fold_3,SHB,0.0,0.0,0.0,0.0,0.0,0.0,0.0
repeat_1_fold_3,SI,0.0029372097508790773,0.003391597680672858,0.001695798840336429,0.0012414109105426483,0.5,-0.00042848365294442803,0.5
repeat_1_fold_3,SIN3B,0.0,0.0,0.0,0.0,0.0,0.0,0.0
repeat_1_fold_3,SKA1,0.03145291220659452,0.21995931784024805,0.10997965892012403,-0.07852674671352951,0.25,0.000980519290063847,1.0
repeat_1_fold_3,SKIC2,-0.07998805892255412,0.09553023675901856,0.04776511837950928,-0.1277531773020634,0.0,0.00021828412508487216,0.5
repeat_1_fold_3,SLBP,0.0,0.0,0.0,0.0,0.0,-7.76228770141274e-06,0.5
repeat_1_fold_3,SLC12A5,0.0,0.0,0.0,0.0,0.0,0.0,0.0
repeat_1_fold_3,SLC13A2,0.0,0.0,0.0,0.0,0.0,-2.328686310429373e-05,0.5
repeat_1_fold_3,SLC15A3,0.0,0.0,0.0,0.0,0.0,0.0,0.0
repeat_1_fold_3,SLC16A3,0.0029372097508790773,0.003391597680672858,0.001695798840336429,0.0012414109105426483,0.5,-0.0002101995278595281,0.5
repeat_1_fold_3,SLC1A3,0.0,0.0,0.0,0.0,0.0,-3.2338388901487214e-05,0.5
repeat_1_fold_3,SLC22A11,0.0,0.0,0.0,0.0,0.0,0.0,0.0
repeat_1_fold_3,SLC25A6,0.0,0.0,0.0,0.0,0.0,0.0,0.0
repeat_1_fold_3,SLC28A3,-0.003177590897710303,0.006355181795420606,0.003177590897710303,-0.006355181795420606,0.0,7.762287701434945e-05,0.5
repeat_1_fold_3,SLC29A2,-0.04746422048316212,0.09492844096632425,0.04746422048316212,-0.09492844096632425,0.0,-7.276137502831848e-05,0.5
repeat_1_fold_3,SLC2A10,-0.032371310296461786,0.03737916942736623,0.018689584713683115,-0.0510608950101449,0.0,-0.000153607347281981,0.5
repeat_1_fold_3,SLC30A1,0.08349967743279763,0.10012073620582113,0.05006036810291056,0.03343930932988706,0.5,0.00019403033340875675,0.5
repeat_1_fold_3,SLC35D2,0.0,0.0,0.0,0.0,0.0,0.0,0.0
repeat_1_fold_3,SLC38A2,0.0,0.0,0.0,0.0,0.0,0.0,0.0
repeat_1_fold_3,SLC39A6,0.05001062887545338,0.10002125775090676,0.05001062887545338,0.0,0.25,0.00024253791676095982,0.5
repeat_1_fold_3,SLC52A1,-0.0397188750658195,0.048834281344024844,0.024417140672012422,-0.06413601573783193,0.0,0.00026848383343772153,1.0
repeat_1_fold_3,SLC6A1,0.0,0.0,0.0,0.0,0.0,2.42537916760599e-05,0.5
repeat_1_fold_3,SLC6A11,0.0,0.0,0.0,0.0,0.0,0.0,0.0
repeat_1_fold_3,SLC6A13,0.0,0.0,0.0,0.0,0.0,0.0002483932064458183,0.5
repeat_1_fold_3,SLC6A15,-0.08660536784266526,0.17321073568533052,0.08660536784266526,-0.17321073568533052,0.0,3.233838890145946e-05,0.5
repeat_1_fold_3,SLC7A5,0.0867648577089053,0.12736857550978886,0.06368428775489443,0.023080569954010866,0.5,0.0011560974032273352,0.5
repeat_1_fold_3,SLC7A7,0.0,0.0,0.0,0.0,0.0,-0.00021828412508489992,0.5
repeat_1_fold_3,SLC9A5,0.0,0.0,0.0,0.0,0.0,0.0,0.0
repeat_1_fold_3,SLCO1A2,0.0,0.0,0.0,0.0,0.0,-2.7755575615628914e-17,0.5
repeat_1_fold_3,SLIT3,-0.06630851861147313,0.07761497868132677,0.03880748934066339,-0.10511600795213652,0.0,1.616919445071585e-05,0.5
repeat_1_fold_3,SMAD5,0.1758725411454769,0.22382113212100405,0.11191056606050202,0.06396197508497488,0.5,0.000931474524171777,0.5
repeat_1_fold_3,SMARCB1,-0.06294913945769132,0.05805843095810883,0.029029215479054415,-0.09197835493674573,0.0,-0.0004744127601051529,1.0
repeat_1_fold_3,SMG9,-0.014723762804891294,0.07479676311829395,0.03739838155914697,-0.05212214436403827,0.25,-0.0004203990557190562,0.5
repeat_1_fold_3,SMURF1,0.0,0.0,0.0,0.0,0.0,2.4253791676087655e-05,0.5
repeat_1_fold_3,SNCA,0.0,0.0,0.0,0.0,0.0,0.0,0.0
repeat_1_fold_3,SND1,-0.09083980409967474,0.14110409396446513,0.07055204698223257,-0.1613918510819073,0.0,0.00046890663907123153,0.5
repeat_1_fold_3,SNIP1,-0.020581827453597157,0.05851213262945565,0.029256066314727824,-0.04983789376832498,0.25,5.17306785915439e-05,1.0
repeat_1_fold_3,SNRNP200,0.10684461933460376,0.13017231654494477,0.06508615827247238,0.04175846106213138,0.5,0.0008551677443801864,1.0
repeat_1_fold_3,SNX5,0.0,0.0,0.0,0.0,0.0,-4.657372620858746e-05,0.5
repeat_1_fold_3,SOAT2,-0.04746422048316212,0.09492844096632425,0.04746422048316212,-0.09492844096632425,0.0,0.0006066671014264002,1.0
repeat_1_fold_3,SPINK5,0.1250626107928916,0.17149123805415228,0.08574561902707614,0.03931699176581546,0.5,0.0004850758335219474,0.5
repeat_1_fold_3,SPOCK3,0.0,0.0,0.0,0.0,0.0,0.0,0.0
repeat_1_fold_3,SRD5A3,0.0,0.0,0.0,0.0,0.0,0.00020181948023723084,0.5
repeat_1_fold_3,SRP9,0.0,0.0,0.0,0.0,0.0,0.0,0.0
repeat_1_fold_3,SRPRB,0.11507215242009039,0.13297515773215654,0.06648757886607827,0.04858457355401212,0.5,0.00017885492665686842,1.0
repeat_1_fold_3,SRRM2,0.1015102472361864,0.2030204944723728,0.1015102472361864,0.0,0.25,-0.00013972117862573463,0.5
repeat_1_fold_3,SRY,0.0,0.0,0.0,0.0,0.0,0.0,0.0
repeat_1_fold_3,SSB,0.12594844136498473,0.167952464156142,0.083976232078071,0.041972209286913725,0.5,0.0007063681808302802,0.5
repeat_1_fold_3,ST8SIA3,0.0,0.0,0.0,0.0,0.0,0.0,0.0
repeat_1_fold_3,STARD5,0.0,0.0,0.0,0.0,0.0,0.0,0.0
repeat_1_fold_3,STC2,0.0,0.0,0.0,0.0,0.0,0.0,0.0
repeat_1_fold_3,STXBP1,0.1520814464752842,0.1785638675386475,0.08928193376932375,0.06279951270596046,0.5,-0.00040363896047440617,0.5
repeat_1_fold_3,SUCLG1,0.0,0.0,0.0,0.0,0.0,0.0,0.0
repeat_1_fold_3,SUZ12,0.0,0.0,0.0,0.0,0.0,0.0,0.0
repeat_1_fold_3,SYN3,0.0,0.0,0.0,0.0,0.0,0.0,0.0
repeat_1_fold_3,TAB2,-0.04503234166342551,0.07551703964484788,0.03775851982242394,-0.08279086148584945,0.5,-0.00037511456760622175,1.0
repeat_1_fold_3,TAC3,0.014940382043771905,0.029880764087543806,0.014940382043771903,1.734723475976807e-18,0.25,-0.00024253791676101533,0.5
repeat_1_fold_3,TACO1,0.0,0.0,0.0,0.0,0.0,0.0002470771092230595,1.0
repeat_1_fold_3,TACR1,0.0,0.0,0.0,0.0,0.0,-1.552457540282548e-05,0.5
repeat_1_fold_3,TAF1,0.0,0.0,0.0,0.0,0.0,-2.328686310429373e-05,0.5
repeat_1_fold_3,TAF1C,0.0,0.0,0.0,0.0,0.0,0.0,0.0
repeat_1_fold_3,TAF5L,-0.04746422048316212,0.09492844096632425,0.04746422048316212,-0.09492844096632425,0.0,-0.00010509976392977793,0.5
repeat_1_fold_3,TANK,0.06621916907338665,0.14618698525537907,0.07309349262768954,-0.006874323554302883,0.75,0.00016335721038099327,1.0
repeat_1_fold_3,TAOK3,0.0029372097508790773,0.003391597680672858,0.001695798840336429,0.0012414109105426483,0.5,8.084597225344048e-06,0.5
repeat_1_fold_3,TARS1,0.14428947624855404,0.1710655339375275,0.08553276696876375,0.05875670927979029,0.5,-0.0001455227500566092,0.5
repeat_1_fold_3,TAS2R14,0.0,0.0,0.0,0.0,0.0,0.0,0.0
repeat_1_fold_3,TAS2R3,0.0,0.0,0.0,0.0,0.0,2.914215278909671e-05,1.0
repeat_1_fold_3,TATDN2,0.0,0.0,0.0,0.0,0.0,0.0,0.0
repeat_1_fold_3,TBCE,0.0,0.0,0.0,0.0,0.0,7.762287701432169e-05,0.5
repeat_1_fold_3,TBK1,0.02542490231300576,0.05084980462601152,0.02542490231300576,0.0,0.25,0.0001241966032229369,0.5
repeat_1_fold_3,TBX2,0.0,0.0,0.0,0.0,0.0,0.0,0.0
repeat_1_fold_3,TCF12,0.0,0.0,0.0,0.0,0.0,0.0,0.0
repeat_1_fold_3,TERF1,0.0,0.0,0.0,0.0,0.0,0.0,0.0
repeat_1_fold_3,TEX2,-0.06914090985240584,0.08000549633656391,0.040002748168281956,-0.10914365802068779,0.0,0.00020958176793864358,0.5
repeat_1_fold_3,TFAP2A,0.0,0.0,0.0,0.0,0.0,0.0,0.0
repeat_1_fold_3,TFDP1,0.2272477554082286,0.28573371565816674,0.14286685782908337,0.08438089757914524,0.5,0.00025615549414723104,0.5
repeat_1_fold_3,TFEB,0.0,0.0,0.0,0.0,0.0,0.0,0.0
repeat_1_fold_3,TFG,0.0,0.0,0.0,0.0,0.0,-5.659218057757487e-05,0.5
repeat_1_fold_3,TFRC,0.017303393409108025,0.08460857664917677,0.042304288324588386,-0.02500089491548036,0.25,-2.7755575615628914e-17,0.5
repeat_1_fold_3,TGFA,0.05630117325554629,0.11639772625106795,0.058198863125533976,-0.001897689869987687,0.25,0.001474995818033925,1.0
repeat_1_fold_3,THBS4,0.021236867538778625,0.08043639998356344,0.04021819999178172,-0.018981332453003097,0.25,0.0005976961530102243,0.5
repeat_1_fold_3,THRA,0.0,0.0,0.0,0.0,0.0,0.0,0.0
repeat_1_fold_3,THSD4,0.11023374557641752,0.21548801947039714,0.10774400973519857,0.0024897358412189485,0.5,0.0005067242898795787,1.0
repeat_1_fold_3,TIMELESS,-0.06596331895469376,0.07616787991026717,0.03808393995513359,-0.10404725890982736,0.0,-0.0005200732759959026,0.5
repeat_1_fold_3,TIMM13,-0.0639858008012748,0.08951034699927439,0.044755173499637195,-0.10874097430091201,0.0,-0.00031529929178930605,1.0
repeat_1_fold_3,TLL2,0.0772252088840144,0.12264977144654708,0.06132488572327354,0.015900323160740866,0.75,0.000522624893060375,1.0
repeat_1_fold_3,TLR6,0.0,0.0,0.0,0.0,0.0,0.0,0.0
repeat_1_fold_3,TLR8,0.0,0.0,0.0,0.0,0.0,-0.0001319588909243219,0.5
repeat_1_fold_3,TMBIM1,0.0,0.0,0.0,0.0,0.0,0.00017077032943152437,0.5
repeat_1_fold_3,TMOD2,0.0,0.0,0.0,0.0,0.0,7.762287701432169e-05,0.5
repeat_1_fold_3,TMPO,0.0,0.0,0.0,0.0,0.0,0.0,0.0
repeat_1_fold_3,TMT1A,0.1352825288417776,0.1724994032398081,0.08624970161990406,0.04903282722187355,0.5,0.0005355978513987558,0.5
repeat_1_fold_3,TNFRSF10B,-0.09016795375991471,0.14052835479732959,0.07026417739866479,-0.16043213115857952,0.0,-0.00037997606959222496,0.5
repeat_1_fold_3,TNFRSF12A,-0.006355181795420606,0.007338331840670192,0.003669165920335096,-0.010024347715755702,0.0,2.3286863104321487e-05,0.5
repeat_1_fold_3,TNFRSF1A,0.0,0.0,0.0,0.0,0.0,0.0005245318910770125,1.0
repeat_1_fold_3,TNFSF13,0.0,0.0,0.0,0.0,0.0,0.0,0.0
repeat_1_fold_3,TNFSF15,0.060593476534339885,0.11730336509710658,0.05865168254855329,0.0019417939857865954,0.5,0.00036189987712484384,1.0
repeat_1_fold_3,TNFSF8,0.0,0.0,0.0,0.0,0.0,0.0,0.0
repeat_1_fold_3,TNIK,0.0,0.0,0.0,0.0,0.0,0.0,0.0
repeat_1_fold_3,TNKS2,-0.013075596863505012,0.026151193727010025,0.013075596863505012,-0.026151193727010025,0.0,6.82490416931969e-05,1.0
repeat_1_fold_3,TNN,0.05001062887545338,0.10002125775090676,0.05001062887545338,0.0,0.25,-0.00010509976392977793,0.5
repeat_1_fold_3,TNNI2,0.11824974331780069,0.13654304227227276,0.06827152113613638,0.04997822218166431,0.5,-0.00045021268668299363,0.5
repeat_1_fold_3,TNPO1,0.0019526131407339165,0.17236471527713787,0.08618235763856893,-0.08422974449783502,0.5,-6.824904169322465e-05,1.0
repeat_1_fold_3,TOMM22,0.0,0.0,0.0,0.0,0.0,-1.6169194450743607e-05,0.5
repeat_1_fold_3,TOMM70,-0.08660536784266526,0.17321073568533052,0.08660536784266526,-0.17321073568533052,0.0,-9.183135519444385e-05,1.0
repeat_1_fold_3,TPK1,0.0,0.0,0.0,0.0,0.0,0.0,0.0
repeat_1_fold_3,TPST1,0.0,0.0,0.0,0.0,0.0,0.0,0.0
repeat_1_fold_3,TPTE,0.0,0.0,0.0,0.0,0.0,2.1997625008540744e-05,1.0
repeat_1_fold_3,TRA2B,0.32976276169319085,0.3821491700890516,0.1910745850445258,0.13868817664866506,0.5,-0.000970285962678924,0.5
repeat_1_fold_3,TRAF3,0.0,0.0,0.0,0.0,0.0,-0.0001455227500566092,0.5
repeat_1_fold_3,TRIB3,0.14959852594026657,0.19789296723519698,0.09894648361759849,0.05065204232266808,0.5,0.0001785326171329371,0.5
repeat_1_fold_3,TRIM14,0.0,0.0,0.0,0.0,0.0,0.0,0.0
repeat_1_fold_3,TRIM21,0.0,0.0,0.0,0.0,0.0,0.0,0.0
repeat_1_fold_3,TRIM25,0.0,0.0,0.0,0.0,0.0,0.00033377837116155273,0.5
repeat_1_fold_3,TRIM26,-0.07166498579889513,0.14332997159779026,0.07166498579889513,-0.14332997159779026,0.0,-8.017449407879407e-05,1.0
repeat_1_fold_3,TRIM33,0.0,0.0,0.0,0.0,0.0,0.0,0.0
repeat_1_fold_3,TRIM36,0.006829081126603853,0.06082794893228277,0.030413974466141386,-0.023584893339537533,0.25,0.0005578372085502381,0.5
repeat_1_fold_3,TRIM37,0.0,0.0,0.0,0.0,0.0,-2.425379167611541e-05,0.5
repeat_1_fold_3,TRIM68,1.550087308668651,1.7990736462230652,0.8995368231115326,0.6505504855571185,0.5,0.0012807774707362107,0.5
repeat_1_fold_3,TRPC4AP,0.0,0.0,0.0,0.0,0.0,0.0,0.0
repeat_1_fold_3,TRPV2,0.059124871658900346,0.11824974331780069,0.059124871658900346,0.0,0.25,0.00010867202782005592,0.5
repeat_1_fold_3,TSC22D1,0.0,0.0,0.0,0.0,0.0,-0.0004133082461924842,1.0
repeat_1_fold_3,TSFM,0.0,0.0,0.0,0.0,0.0,0.0,0.0
repeat_1_fold_3,TTPA,0.00907222548319453,0.21800985034148318,0.10900492517074159,-0.09993269968754706,0.5,-0.00012062433933263117,1.0
repeat_1_fold_3,TUBA1C,0.0,0.0,0.0,0.0,0.0,0.0,0.0
repeat_1_fold_3,TWIST1,0.017868145148662862,0.057675533054184526,0.028837766527092263,-0.010969621378429401,0.25,-1.5524575402853236e-05,0.5
repeat_1_fold_3,TYMP,-0.034874575277536124,0.06974915055507225,0.034874575277536124,-0.06974915055507225,0.0,-0.00016300804173005612,0.5
repeat_1_fold_3,U2AF2,0.045236827140684,0.090473654281368,0.045236827140684,0.0,0.25,0.0004172028196066935,1.0
repeat_1_fold_3,UBAC1,0.0,0.0,0.0,0.0,0.0,8.538516471576219e-05,0.5
repeat_1_fold_3,UBE2D2,0.0,0.0,0.0,0.0,0.0,0.0,0.0
repeat_1_fold_3,UBE2I,0.0,0.0,0.0,0.0,0.0,0.0,0.0
repeat_1_fold_3,UBR2,0.0,0.0,0.0,0.0,0.0,0.0,0.0
repeat_1_fold_3,UCP2,0.02542490231300576,0.05084980462601152,0.02542490231300576,0.0,0.25,-0.00020958176793861583,0.5
repeat_1_fold_3,UGGT2,-0.015576221729538986,0.024934012883672394,0.012467006441836197,-0.02804322817137518,0.0,-0.00012126895838052154,0.5
repeat_1_fold_3,UNC5C,-0.01059198900645697,0.2865383004070603,0.14326915020353015,-0.15386113920998712,0.5,-0.00026708715883402845,1.0
repeat_1_fold_3,UNC93B1,-0.016521580318112683,0.033043160636225366,0.016521580318112683,-0.033043160636225366,0.0,-1.6169194450743607e-05,0.5
repeat_1_fold_3,UPF3B,-0.003177590897710303,0.006355181795420606,0.003177590897710303,-0.006355181795420606,0.0,0.0003725898096686997,0.5
repeat_1_fold_3,UQCC1,0.0,0.0,0.0,0.0,0.0,0.0,0.0
repeat_1_fold_3,USO1,-0.026214630309048914,0.030270047731271826,0.015135023865635913,-0.04134965417468483,0.0,-0.0008488827086634843,0.5
repeat_1_fold_3,USP20,0.0,0.0,0.0,0.0,0.0,0.0,0.0
repeat_1_fold_3,USP7,0.18026849807935896,0.2772201804368353,0.13861009021841764,0.04165840786094133,0.5,0.0006144562482548188,1.0
repeat_1_fold_3,UTP6,0.0,0.0,0.0,0.0,0.0,0.0,0.0
repeat_1_fold_3,UTRN,0.0,0.0,0.0,0.0,0.0,0.0,0.0
repeat_1_fold_3,VCAN,0.0,0.0,0.0,0.0,0.0,0.00021828412508487216,0.5
repeat_1_fold_3,VCPIP1,0.0,0.0,0.0,0.0,0.0,1.552457540288099e-05,0.5
repeat_1_fold_3,VEGFA,0.1929053266694538,0.2785604903161705,0.13928024515808524,0.05362508151136858,0.5,-0.0001300250337807063,1.0
repeat_1_fold_3,VPS16,0.0,0.0,0.0,0.0,0.0,-3.104915080570647e-05,0.5
repeat_1_fold_3,WAC,0.10127824490770898,0.12460326200506695,0.06230163100253348,0.038976613905175504,0.5,3.58837936647316e-05,1.0
repeat_1_fold_3,WNT5A,-0.14311592058206557,0.17885206752727528,0.08942603376363764,-0.2325419543457032,0.25,0.0006235614923059685,1.0
repeat_1_fold_3,XCL1,0.0,0.0,0.0,0.0,0.0,0.0,0.0
repeat_1_fold_3,XPC,0.0,0.0,0.0,0.0,0.0,0.0,0.0
repeat_1_fold_3,YKT6,0.07040185220508022,0.09697493509235913,0.048487467546179566,0.02191438465890065,0.5,-0.0009081876610674555,0.5
repeat_1_fold_3,YWHAB,0.0,0.0,0.0,0.0,0.0,0.0002748763056624193,0.5
repeat_1_fold_3,YWHAZ,-0.08660536784266526,0.17321073568533052,0.08660536784266526,-0.17321073568533052,0.0,-0.00015656185125137445,1.0
repeat_1_fold_3,YY1,0.0,0.0,0.0,0.0,0.0,0.0008538516471574553,0.5
repeat_1_fold_3,ZBED1,0.0,0.0,0.0,0.0,0.0,0.0,0.0
repeat_1_fold_3,ZC3H12A,0.0,0.0,0.0,0.0,0.0,0.0,0.0
repeat_1_fold_3,ZC3H15,0.06685307069235158,0.2400188483057927,0.12000942415289635,-0.05315635346054477,0.25,0.0003560983056940248,1.0
repeat_1_fold_3,ZFP2,0.0,0.0,0.0,0.0,0.0,2.42537916760599e-05,0.5
repeat_1_fold_3,ZFYVE9,0.0,0.0,0.0,0.0,0.0,0.0,0.0
repeat_1_fold_3,ZIC1,0.0,0.0,0.0,0.0,0.0,4.850758335217531e-05,0.5
repeat_1_fold_3,ZKSCAN1,0.0,0.0,0.0,0.0,0.0,0.0,0.0
repeat_1_fold_3,ZKSCAN5,0.0,0.0,0.0,0.0,0.0,0.0,0.0
repeat_1_fold_3,ZKSCAN7,0.0,0.0,0.0,0.0,0.0,0.0,0.0
repeat_1_fold_3,ZNF140,0.0,0.0,0.0,0.0,0.0,0.0,0.0
repeat_1_fold_3,ZNF154,-0.06724588557399791,0.057023250663129105,0.028511625331564552,-0.09575751090556246,0.0,-6.889366074105951e-05,1.0
repeat_1_fold_3,ZNF175,0.017639318578989815,0.08416865260469523,0.04208432630234762,-0.024445007723357802,0.25,-0.00026547561121434415,1.0
repeat_1_fold_3,ZNF221,0.0,0.0,0.0,0.0,0.0,0.0,0.0
repeat_1_fold_3,ZNF266,0.0,0.0,0.0,0.0,0.0,0.0002483932064458183,0.5
repeat_1_fold_3,ZNF268,0.0,0.0,0.0,0.0,0.0,0.0,0.0
repeat_1_fold_3,ZNF282,0.05762279782767621,0.11524559565535242,0.05762279782767621,0.0,0.25,1.552457540288099e-05,0.5
repeat_1_fold_3,ZNF304,0.09261392021624104,0.14833190730615,0.074165953653075,0.018447966563166038,0.5,0.00014200420442028738,1.0
repeat_1_fold_3,ZNF34,0.06893143288381509,0.1339752087179087,0.06698760435895434,0.0019438285248607468,0.5,0.0001536073472819255,0.5
repeat_1_fold_3,ZNF419,0.0,0.0,0.0,0.0,0.0,-1.6169194450771363e-05,0.5
repeat_1_fold_3,ZNF45,0.09119561881765037,0.10704123884351564,0.05352061942175782,0.03767499939589255,0.5,0.0002182841250848444,0.5
repeat_1_fold_3,ZNF460,-0.016185655148230893,0.032371310296461786,0.016185655148230893,-0.032371310296461786,0.0,-0.0001293535556058656,0.5
repeat_1_fold_3,ZNF473,0.059124871658900346,0.11824974331780069,0.059124871658900346,0.0,0.25,-7.762287701429393e-05,0.5
repeat_1_fold_3,ZNF528,0.14010762654272746,0.16239302901001337,0.08119651450500669,0.05891111203772077,0.5,-0.0006952753613815033,0.5
repeat_1_fold_3,ZNF589,0.0,0.0,0.0,0.0,0.0,7.762287701440496e-06,0.5
repeat_1_fold_3,ZNF675,0.0,0.0,0.0,0.0,0.0,-4.042298612685902e-05,0.5
repeat_1_fold_3,ZNF682,0.1075464198948346,0.2051900492517195,0.10259502462585975,0.004951395268974854,0.5,-0.000939236811873162,0.5
repeat_1_fold_3,ZNF696,0.0,0.0,0.0,0.0,0.0,0.0,0.0
repeat_1_fold_3,ZNF747,0.014940382043771905,0.029880764087543806,0.014940382043771903,1.734723475976807e-18,0.25,-4.850758335223082e-05,0.5
repeat_1_fold_3,ZWILCH,0.0,0.0,0.0,0.0,0.0,4.657372620861522e-05,0.5
repeat_1_fold_4,A1CF,0.02359804286636802,0.16927472404718394,0.08463736202359197,-0.06103931915722395,0.25,0.00042538846795942,0.5
repeat_1_fold_4,A2M,0.0,0.0,0.0,0.0,0.0,-4.697187950145065e-05,0.5
repeat_1_fold_4,A4GNT,0.0,0.0,0.0,0.0,0.0,-1.565729316715947e-05,0.5
repeat_1_fold_4,AAAS,0.0,0.0,0.0,0.0,0.0,0.0,0.0
repeat_1_fold_4,AACS,0.0,0.0,0.0,0.0,0.0,-8.026197508670396e-06,0.5
repeat_1_fold_4,AADAC,0.0,0.0,0.0,0.0,0.0,-2.3485939750739204e-05,0.5
repeat_1_fold_4,AAK1,0.0,0.0,0.0,0.0,0.0,0.0,0.0
repeat_1_fold_4,AAMP,-0.03935464598643357,0.07870929197286713,0.03935464598643357,-0.07870929197286713,0.0,0.00025795023540792217,1.0
repeat_1_fold_4,AANAT,0.0,0.0,0.0,0.0,0.0,5.6183382560692774e-05,0.5
repeat_1_fold_4,AARS1,0.0,0.0,0.0,0.0,0.0,0.0,0.0
repeat_1_fold_4,AASDHPPT,0.0,0.0,0.0,0.0,0.0,0.0,0.0
repeat_1_fold_4,AASS,0.0,0.0,0.0,0.0,0.0,0.0,0.0
repeat_1_fold_4,ABCA1,0.0,0.0,0.0,0.0,0.0,-0.0004024217905639338,1.0
repeat_1_fold_4,ABCA12,0.0,0.0,0.0,0.0,0.0,0.0,0.0
repeat_1_fold_4,ABCA2,0.0,0.0,0.0,0.0,0.0,0.0,0.0
repeat_1_fold_4,ABCA3,-0.03594236583095167,0.04150266917562391,0.020751334587811955,-0.05669370041876363,0.0,-0.001179851033774243,0.5
repeat_1_fold_4,ABCA4,0.0,0.0,0.0,0.0,0.0,0.0,0.0
repeat_1_fold_4,ABCA5,0.0,0.0,0.0,0.0,0.0,0.0,0.0
repeat_1_fold_4,ABCA6,0.38087582887166427,0.553437942325264,0.276718971162632,0.10415685770903227,0.5,-0.0001017724055865088,0.5
repeat_1_fold_4,ABCA7,0.0,0.0,0.0,0.0,0.0,0.0,0.0
repeat_1_fold_4,ABCA8,0.0,0.0,0.0,0.0,0.0,-0.0004227469155132224,0.5
repeat_1_fold_4,ABCB1,-0.030488503606889594,0.08625572609753789,0.04312786304876894,-0.07361636665565854,0.25,-0.0002006549377167044,0.5
repeat_1_fold_4,ABCB4,0.0,0.0,0.0,0.0,0.0,0.0,0.0
repeat_1_fold_4,ABCB6,0.0,0.0,0.0,0.0,0.0,0.0,0.0
repeat_1_fold_4,ABCB7,0.0,0.0,0.0,0.0,0.0,0.0,0.0
repeat_1_fold_4,ABCB8,0.0,0.0,0.0,0.0,0.0,-4.815718505202238e-05,0.5
repeat_1_fold_4,ABCB9,0.0,0.0,0.0,0.0,0.0,0.0,0.0
repeat_1_fold_4,ABCC1,0.0,0.0,0.0,0.0,0.0,0.0,0.0
repeat_1_fold_4,ABCC10,0.0,0.0,0.0,0.0,0.0,0.0,0.0
repeat_1_fold_4,ABCC2,0.0,0.0,0.0,0.0,0.0,-2.407859252601119e-05,0.5
repeat_1_fold_4,ABCC3,0.0,0.0,0.0,0.0,0.0,0.0,0.0
repeat_1_fold_4,ABCC4,0.0,0.0,0.0,0.0,0.0,0.0,0.0
repeat_1_fold_4,ABCC5,0.0,0.0,0.0,0.0,0.0,0.0009629235297801964,0.5
repeat_1_fold_4,ABCC6,0.014239394171527309,0.02847878834305462,0.01423939417152731,-1.734723475976807e-18,0.25,-0.00039328367792476615,0.5
repeat_1_fold_4,ABCC8,0.0,0.0,0.0,0.0,0.0,0.0010426662425116195,1.0
repeat_1_fold_4,ABCC9,0.0,0.0,0.0,0.0,0.0,-3.2104790034681585e-05,0.5
repeat_1_fold_4,ABCD1,0.0,0.0,0.0,0.0,0.0,0.0,0.0
repeat_1_fold_4,ABCD2,0.0,0.0,0.0,0.0,0.0,4.815718505202238e-05,0.5
repeat_1_fold_4,ABCD3,0.0,0.0,0.0,0.0,0.0,-4.815718505202238e-05,0.5
repeat_1_fold_4,ABCD4,0.0,0.0,0.0,0.0,0.0,-0.00027289071529473796,0.5
repeat_1_fold_4,ABCF2,0.0,0.0,0.0,0.0,0.0,-2.407859252601119e-05,0.5
repeat_1_fold_4,ABCG2,0.014239394171527309,0.02847878834305462,0.01423939417152731,-1.734723475976807e-18,0.25,-4.815718505202238e-05,0.5
repeat_1_fold_4,ABCG4,0.0,0.0,0.0,0.0,0.0,-0.00017223022483869865,0.5
repeat_1_fold_4,ABCG5,0.06879423630936898,0.07943674170381781,0.03971837085190891,0.029075865457460076,0.5,0.00010960105217011629,0.5
repeat_1_fold_4,ABHD10,0.0,0.0,0.0,0.0,0.0,-0.00011742969875366827,0.5
repeat_1_fold_4,ABHD17A,-0.025497619191680698,0.09174670075658002,0.04587335037829001,-0.07137096956997072,0.25,-4.7886243706912746e-05,1.0
repeat_1_fold_4,ABHD17B,0.028478788343054617,0.032884472232113916,0.016442236116056958,0.01203655222699766,0.5,0.00029657420597056783,1.0
repeat_1_fold_4,ABHD3,0.0,0.0,0.0,0.0,0.0,0.0,0.0
repeat_1_fold_4,ABHD4,0.03439711815468449,0.06879423630936898,0.03439711815468449,0.0,0.25,-0.0007202354856891968,0.5
repeat_1_fold_4,ABHD5,0.0,0.0,0.0,0.0,0.0,6.262917266863788e-05,0.5
repeat_1_fold_4,ABHD6,0.0,0.0,0.0,0.0,0.0,0.0,0.0
repeat_1_fold_4,ABI1,0.0,0.0,0.0,0.0,0.0,0.0,0.0
repeat_1_fold_4,ABI2,0.13260661915489358,0.27884592434900435,0.13942296217450217,-0.006816343019608595,0.25,0.0003219622645521947,1.0
repeat_1_fold_4,ABL1,0.0,0.0,0.0,0.0,0.0,0.0002488121227687268,0.5
repeat_1_fold_4,ABL2,0.028478788343054617,0.032884472232113916,0.016442236116056958,0.01203655222699766,0.5,-0.00013644535764736898,0.5
repeat_1_fold_4,ABLIM1,0.0,0.0,0.0,0.0,0.0,0.0,0.0
repeat_1_fold_4,ABLIM3,0.0,0.0,0.0,0.0,0.0,0.0,0.0
repeat_1_fold_4,ABR,0.0,0.0,0.0,0.0,0.0,0.0,0.0
repeat_1_fold_4,ABRAXAS2,0.0,0.0,0.0,0.0,0.0,0.0,0.0
repeat_1_fold_4,ACAA2,0.1858786455392547,0.2596121451221481,0.12980607256107404,0.05607257297818066,0.5,-0.0008387263294883374,1.0
repeat_1_fold_4,ACACA,0.0,0.0,0.0,0.0,0.0,0.0,0.0
repeat_1_fold_4,ACACB,0.0,0.0,0.0,0.0,0.0,0.0,0.0
repeat_1_fold_4,ACAD10,0.014239394171527309,0.02847878834305462,0.01423939417152731,-1.734723475976807e-18,0.25,0.0002648645177860398,0.5
repeat_1_fold_4,ACADM,-0.005051238018385362,0.010102476036770724,0.005051238018385362,-0.010102476036770724,0.0,3.131458633431894e-05,0.5
repeat_1_fold_4,ACADS,-0.03594236583095167,0.04150266917562391,0.020751334587811955,-0.05669370041876363,0.0,0.00025683832027739717,0.5
repeat_1_fold_4,ACADSB,0.0,0.0,0.0,0.0,0.0,0.0005088620279326272,0.5
repeat_1_fold_4,ACADVL,0.0,0.0,0.0,0.0,0.0,0.0,0.0
repeat_1_fold_4,ACAN,0.0,0.0,0.0,0.0,0.0,0.0,0.0
repeat_1_fold_4,ACAT2,0.0,0.0,0.0,0.0,0.0,-1.6052395017340793e-05,0.5
repeat_1_fold_4,ACBD3,-0.03935464598643357,0.07870929197286713,0.03935464598643357,-0.07870929197286713,0.0,4.815718505202238e-05,0.5
repeat_1_fold_4,ACBD4,-0.01087585764337895,0.06548140296719436,0.03274070148359718,-0.04361655912697613,0.25,-0.00023275972775138598,0.5
repeat_1_fold_4,ACD,0.0,0.0,0.0,0.0,0.0,0.0,0.0
repeat_1_fold_4,ACE,0.0,0.0,0.0,0.0,0.0,0.0,0.0
repeat_1_fold_4,ACE2,0.028478788343054617,0.032884472232113916,0.016442236116056958,0.01203655222699766,0.5,0.00018460254269939136,0.5
repeat_1_fold_4,ACHE,-0.02511525181490626,0.05023050362981252,0.02511525181490626,-0.05023050362981252,0.0,-0.000288943110312051,0.5
repeat_1_fold_4,ACIN1,0.0,0.0,0.0,0.0,0.0,-0.00024268804409091627,0.5
repeat_1_fold_4,ACKR1,0.0,0.0,0.0,0.0,0.0,0.0,0.0
repeat_1_fold_4,ACKR2,0.0,0.0,0.0,0.0,0.0,-0.000288943110312051,0.5
repeat_1_fold_4,ACKR3,0.20129274684646603,0.2324328431554527,0.11621642157772635,0.08507632526873968,0.5,-0.00023485939750733653,0.5
repeat_1_fold_4,ACKR4,0.0,0.0,0.0,0.0,0.0,0.0,0.0
repeat_1_fold_4,ACLY,0.17698797710570524,0.2599010885235175,0.12995054426175875,0.047037432843946486,0.5,0.0006549139904893642,1.0
repeat_1_fold_4,ACO1,0.0,0.0,0.0,0.0,0.0,0.0,0.0
repeat_1_fold_4,ACO2,0.0,0.0,0.0,0.0,0.0,0.0,0.0
repeat_1_fold_4,ACOT11,0.0,0.0,0.0,0.0,0.0,-8.026197508670396e-05,0.5
repeat_1_fold_4,ACOT2,0.0,0.0,0.0,0.0,0.0,4.815718505202238e-05,0.5
repeat_1_fold_4,ACOT7,0.0,0.0,0.0,0.0,0.0,-0.00011841745337914933,1.0
repeat_1_fold_4,ACOT9,0.1431565094545384,0.1653028985396499,0.08265144926982496,0.06050506018471344,0.5,0.0002035448111730731,0.5
repeat_1_fold_4,ACOX1,0.0,0.0,0.0,0.0,0.0,-0.00014091563850440747,0.5
repeat_1_fold_4,ACOX2,0.0,0.0,0.0,0.0,0.0,0.0,0.0
repeat_1_fold_4,ACOX3,0.0,0.0,0.0,0.0,0.0,0.0007280641322728321,0.5
repeat_1_fold_4,ACOXL,0.05035475772930731,0.10070951545861462,0.05035475772930731,0.0,0.25,0.0003210479003467326,0.5
repeat_1_fold_4,ACP3,0.0,0.0,0.0,0.0,0.0,-8.026197508667621e-05,0.5
repeat_1_fold_4,ACP5,0.0,0.0,0.0,0.0,0.0,-0.00011236676512135779,0.5
repeat_1_fold_4,ACP6,0.0,0.0,0.0,0.0,0.0,0.0,0.0
repeat_1_fold_4,ACR,0.0,0.0,0.0,0.0,0.0,0.0,0.0
repeat_1_fold_4,ACSBG1,0.0,0.0,0.0,0.0,0.0,0.0,0.0
repeat_1_fold_4,ACSBG2,-0.07415150121092218,0.14830300242184435,0.07415150121092218,-0.14830300242184435,0.0,-0.0002648645177860398,0.5
repeat_1_fold_4,ACSF2,-0.05991210703939487,0.11982421407878974,0.05991210703939487,-0.11982421407878974,0.0,-3.2104790034681585e-05,0.5
repeat_1_fold_4,ACSL1,0.05408654647325584,0.10817309294651167,0.05408654647325584,0.0,0.25,-0.0005363723766051709,1.0
repeat_1_fold_4,ACSL3,0.20645209348264437,0.3276620986859121,0.16383104934295606,0.04262104413968831,0.5,-0.00015657293167153918,0.5
repeat_1_fold_4,ACSL4,0.0,0.0,0.0,0.0,0.0,6.262917266863788e-05,0.5
repeat_1_fold_4,ACSL6,0.0,0.0,0.0,0.0,0.0,0.0002270307509238123,0.5
repeat_1_fold_4,ACSM1,0.0,0.0,0.0,0.0,0.0,0.0,0.0
repeat_1_fold_4,ACSM2A,0.06879423630936898,0.07943674170381781,0.03971837085190891,0.029075865457460076,0.5,6.262917266863788e-05,0.5
repeat_1_fold_4,ACSM3,-0.03594236583095167,0.04150266917562391,0.020751334587811955,-0.05669370041876363,0.0,-0.00025683832027739717,0.5
repeat_1_fold_4,ACSM5,0.0,0.0,0.0,0.0,0.0,0.0,0.0
repeat_1_fold_4,ACSS3,0.0,0.0,0.0,0.0,0.0,-1.6052395017340793e-05,0.5
repeat_1_fold_4,ACTA1,0.0,0.0,0.0,0.0,0.0,-7.223577757803357e-05,0.5
repeat_1_fold_4,ACTA2,-0.03935464598643357,0.07870929197286713,0.03935464598643357,-0.07870929197286713,0.0,1.6052395017340793e-05,0.5
repeat_1_fold_4,ACTB,0.0,0.0,0.0,0.0,0.0,0.0,0.0
repeat_1_fold_4,ACTC1,0.0,0.0,0.0,0.0,0.0,0.0,0.0
repeat_1_fold_4,ACTG1,0.0,0.0,0.0,0.0,0.0,0.0,0.0
repeat_1_fold_4,ACTG2,0.0,0.0,0.0,0.0,0.0,1.6052395017340793e-05,0.5
repeat_1_fold_4,ACTL6A,0.0,0.0,0.0,0.0,0.0,0.0,0.0
repeat_1_fold_4,ACTL6B,0.0,0.0,0.0,0.0,0.0,0.0,0.0
repeat_1_fold_4,ACTN1,0.0,0.0,0.0,0.0,0.0,0.0,0.0
repeat_1_fold_4,ACTN2,0.0,0.0,0.0,0.0,0.0,0.0,0.0
repeat_1_fold_4,ACTN3,0.0,0.0,0.0,0.0,0.0,0.0,0.0
repeat_1_fold_4,ACTN4,0.03439711815468449,0.06879423630936898,0.03439711815468449,0.0,0.25,0.00022703075092378455,0.5
repeat_1_fold_4,ACTR10,-0.05991210703939487,0.1600639927983895,0.08003199639919475,-0.13994410343858962,0.25,-0.0005778862206241298,0.5
repeat_1_fold_4,ACTR1A,0.0,0.0,0.0,0.0,0.0,0.0,0.0
repeat_1_fold_4,ACTR1B,0.0,0.0,0.0,0.0,0.0,0.0,0.0
repeat_1_fold_4,ACTR2,0.0,0.0,0.0,0.0,0.0,0.0,0.0
repeat_1_fold_4,ACTR3,0.0,0.0,0.0,0.0,0.0,-0.00022473353024271558,0.5
repeat_1_fold_4,ACTR5,0.0,0.0,0.0,0.0,0.0,-0.00015815333907226448,1.0
repeat_1_fold_4,ACTR8,0.0,0.0,0.0,0.0,0.0,0.00033663180309390084,0.5
repeat_1_fold_4,ACVR1B,0.0,0.0,0.0,0.0,0.0,0.0,0.0
repeat_1_fold_4,ACVR2A,0.0,0.0,0.0,0.0,0.0,-5.6183382560692774e-05,0.5
repeat_1_fold_4,ACVR2B,0.0,0.0,0.0,0.0,0.0,0.00015249775266468202,0.5
repeat_1_fold_4,ACVRL1,0.0,0.0,0.0,0.0,0.0,0.0,0.0
repeat_1_fold_4,ACY1,0.0,0.0,0.0,0.0,0.0,0.0,0.0
repeat_1_fold_4,ADA,-0.03935464598643357,0.07870929197286713,0.03935464598643357,-0.07870929197286713,0.0,-8.026197508670396e-06,0.5
repeat_1_fold_4,ADA2,0.0,0.0,0.0,0.0,0.0,-0.00045406150184754135,0.5
repeat_1_fold_4,ADAM10,-0.009789106807348347,0.22647450237261493,0.11323725118630747,-0.12302635799365581,0.25,0.00032124545127182325,1.0
repeat_1_fold_4,ADAM11,0.0,0.0,0.0,0.0,0.0,0.0,0.0
repeat_1_fold_4,ADAM12,0.0,0.0,0.0,0.0,0.0,0.0,0.0
repeat_1_fold_4,ADAM15,0.0,0.0,0.0,0.0,0.0,7.045781925221761e-05,0.5
repeat_1_fold_4,ADAM17,0.0032010316319492915,0.04144356117581919,0.020721780587909595,-0.017520748955960303,0.25,-0.0003065759127301171,1.0
repeat_1_fold_4,ADAM2,0.0,0.0,0.0,0.0,0.0,0.0,0.0
repeat_1_fold_4,ADAM20,0.0,0.0,0.0,0.0,0.0,0.0,0.0
repeat_1_fold_4,ADAM22,0.12793810354419222,0.25587620708838443,0.12793810354419222,0.0,0.25,-0.0008768084173607915,0.5
repeat_1_fold_4,ADAM23,0.0,0.0,0.0,0.0,0.0,0.00016380892547990245,1.0
repeat_1_fold_4,ADAM30,-0.07415150121092218,0.14830300242184435,0.07415150121092218,-0.14830300242184435,0.0,-0.00036078378603990324,1.0
repeat_1_fold_4,ADAM8,-0.09832773724085087,0.19665547448170173,0.09832773724085087,-0.19665547448170173,0.0,0.000391432329178959,0.5
repeat_1_fold_4,ADAM9,-0.02253733549717296,0.04507467099434592,0.02253733549717296,-0.04507467099434592,0.0,0.0012489033762158874,1.0
repeat_1_fold_4,ADAMTS12,-0.03935464598643357,0.07870929197286713,0.03935464598643357,-0.07870929197286713,0.0,-0.0003451264928727438,0.5
repeat_1_fold_4,ADAMTS13,0.13765785717327894,0.2753157143465579,0.13765785717327894,0.0,0.25,-0.00020413746394828958,1.0
repeat_1_fold_4,ADAMTS20,0.0,0.0,0.0,0.0,0.0,0.0005088620279326272,0.5
repeat_1_fold_4,ADAMTS3,0.0,0.0,0.0,0.0,0.0,-0.00026617398384165547,0.5
repeat_1_fold_4,ADAMTS5,0.0,0.0,0.0,0.0,0.0,0.0,0.0
repeat_1_fold_4,ADAMTS6,-0.14830300242184435,0.17124555673976313,0.08562277836988157,-0.23392578079172593,0.0,0.0002728907152947102,0.5
repeat_1_fold_4,ADAMTS7,-0.11009386704187207,0.17556594135879416,0.08778297067939708,-0.19787683772126916,0.0,-0.0010409616746057948,1.0
repeat_1_fold_4,ADAMTS8,0.0,0.0,0.0,0.0,0.0,0.0,0.0
repeat_1_fold_4,ADAMTS9,0.0,0.0,0.0,0.0,0.0,0.0,0.0
repeat_1_fold_4,ADAMTSL2,0.01385702679475287,0.02771405358950574,0.01385702679475287,0.0,0.25,-0.00028183127700881494,0.5
repeat_1_fold_4,ADAMTSL3,0.0,0.0,0.0,0.0,0.0,-0.0002601232955838917,1.0
repeat_1_fold_4,ADAMTSL4,-0.14830300242184435,0.17124555673976313,0.08562277836988157,-0.23392578079172593,0.0,-0.00015249775266468202,0.5
repeat_1_fold_4,ADAP1,0.0,0.0,0.0,0.0,0.0,0.0,0.0
repeat_1_fold_4,ADAR,-0.07415150121092218,0.14830300242184435,0.07415150121092218,-0.14830300242184435,0.0,-0.0005201224306627394,1.0
repeat_1_fold_4,ADARB1,0.0,0.0,0.0,0.0,0.0,0.00031176300686749925,1.0
repeat_1_fold_4,ADAT1,-0.11982421407878974,0.1383610845076492,0.0691805422538246,-0.18900475633261432,0.0,-0.0005136766405547666,0.5
repeat_1_fold_4,ADCY1,0.0,0.0,0.0,0.0,0.0,0.0,0.0
repeat_1_fold_4,ADCY10,0.0,0.0,0.0,0.0,0.0,0.0,0.0
repeat_1_fold_4,ADCY2,0.0,0.0,0.0,0.0,0.0,-0.00016440157825511892,0.5
repeat_1_fold_4,ADCY3,0.0,0.0,0.0,0.0,0.0,0.0,0.0
repeat_1_fold_4,ADCY6,0.0,0.0,0.0,0.0,0.0,0.0,0.0
repeat_1_fold_4,ADCY7,-0.07415150121092218,0.14830300242184435,0.07415150121092218,-0.14830300242184435,0.0,-0.00019262874020806176,0.5
repeat_1_fold_4,ADCY8,0.0,0.0,0.0,0.0,0.0,0.0,1.0
repeat_1_fold_4,ADCY9,0.0,0.0,0.0,0.0,0.0,-0.0002969693078207214,0.5
repeat_1_fold_4,ADCYAP1,0.0,0.0,0.0,0.0,0.0,0.0,0.0
repeat_1_fold_4,ADCYAP1R1,0.03439711815468449,0.06879423630936898,0.03439711815468449,0.0,0.25,-0.00010960105217008853,0.5
repeat_1_fold_4,ADD1,0.0,0.0,0.0,0.0,0.0,0.0,0.0
repeat_1_fold_4,ADD2,0.0,0.0,0.0,0.0,0.0,0.0,0.0
repeat_1_fold_4,ADD3,0.0,0.0,0.0,0.0,0.0,0.0,0.0
repeat_1_fold_4,ADGRE1,0.0,0.0,0.0,0.0,0.0,0.0,0.0
repeat_1_fold_4,ADGRE2,0.028478788343054617,0.032884472232113916,0.016442236116056958,0.01203655222699766,0.5,-0.00016538933288054447,1.0
repeat_1_fold_4,ADGRE3,0.06879423630936898,0.07943674170381781,0.03971837085190891,0.029075865457460076,0.5,-0.0015265860837978262,0.5
repeat_1_fold_4,ADGRE5,0.01385702679475287,0.02771405358950574,0.01385702679475287,0.0,0.25,0.00028965992359242243,0.5
repeat_1_fold_4,ADGRF5,-0.1434412803155496,0.24135018577245215,0.12067509288622608,-0.26411637320177567,0.0,0.000248812122768699,0.5
repeat_1_fold_4,ADGRG3,-0.07415150121092218,0.14830300242184435,0.07415150121092218,-0.14830300242184435,0.0,4.013098754335198e-05,0.5
repeat_1_fold_4,ADGRG6,0.0,0.0,0.0,0.0,0.0,0.0,0.0
repeat_1_fold_4,ADGRV1,0.0,0.0,0.0,0.0,0.0,0.0,0.0
repeat_1_fold_4,ADH1A,0.0,0.0,0.0,0.0,0.0,0.0,0.0
repeat_1_fold_4,ADH1B,0.05408654647325584,0.10817309294651167,0.05408654647325584,0.0,0.25,-0.00037723128290742536,0.5
repeat_1_fold_4,ADH1C,0.0,0.0,0.0,0.0,0.0,-8.026197508670396e-06,0.5
repeat_1_fold_4,ADH5,-0.03935464598643357,0.07870929197286713,0.03935464598643357,-0.07870929197286713,0.0,0.0005417570216676715,1.0
repeat_1_fold_4,ADH6,0.0,0.0,0.0,0.0,0.0,8.026197508670396e-06,0.5
repeat_1_fold_4,ADH7,0.2753157143465579,0.3179072035802386,0.1589536017901193,0.11636211255643858,0.5,0.0001487442850879872,0.5
repeat_1_fold_4,ADI1,0.0,0.0,0.0,0.0,0.0,5.6183382560692774e-05,0.5
repeat_1_fold_4,ADIPOQ,-0.0016285244266747156,0.0032570488533494313,0.0016285244266747156,-0.0032570488533494313,0.0,1.6052395017313037e-05,0.5
repeat_1_fold_4,ADIPOR2,0.0,0.0,0.0,0.0,0.0,0.0,0.0
repeat_1_fold_4,ADIRF,0.0,0.0,0.0,0.0,0.0,0.0,0.0
repeat_1_fold_4,ADK,0.0,0.0,0.0,0.0,0.0,0.00011742969875369602,0.5
repeat_1_fold_4,ADM,0.0,0.0,0.0,0.0,0.0,0.0,0.0
repeat_1_fold_4,ADM2,0.0,0.0,0.0,0.0,0.0,5.480052608505814e-05,0.5
repeat_1_fold_4,ADO,0.0,0.0,0.0,0.0,0.0,0.0,0.0
repeat_1_fold_4,ADORA2A,0.0,0.0,0.0,0.0,0.0,0.0,0.0
repeat_1_fold_4,ADORA2B,0.0,0.0,0.0,0.0,0.0,-3.914323291787092e-05,0.5
repeat_1_fold_4,ADPGK,0.0,0.0,0.0,0.0,0.0,9.6314370104017e-05,0.5
repeat_1_fold_4,ADPRM,0.0,0.0,0.0,0.0,0.0,0.0,0.0
repeat_1_fold_4,ADRA1B,0.0,0.0,0.0,0.0,0.0,4.697187950147841e-05,0.5
repeat_1_fold_4,ADRA1D,-0.03935464598643357,0.07870929197286713,0.03935464598643357,-0.07870929197286713,0.0,5.618338256066502e-05,0.5
repeat_1_fold_4,ADRA2A,0.0,0.0,0.0,0.0,0.0,-0.00012039296263002819,0.5
repeat_1_fold_4,ADRA2B,0.0,0.0,0.0,0.0,0.0,0.0,0.0
repeat_1_fold_4,ADRA2C,0.01385702679475287,0.02771405358950574,0.01385702679475287,0.0,0.25,9.315355530259417e-05,1.0
repeat_1_fold_4,ADRB1,-0.010102476036770724,0.011665334518622643,0.005832667259311321,-0.015935143296082047,0.0,-4.697187950145065e-05,0.5
repeat_1_fold_4,ADRB2,0.0,0.0,0.0,0.0,0.0,0.0,0.0
repeat_1_fold_4,ADRB3,-0.03935464598643357,0.07870929197286713,0.03935464598643357,-0.07870929197286713,0.0,3.2104790034681585e-05,0.5
repeat_1_fold_4,ADRM1,0.0,0.0,0.0,0.0,0.0,-0.00033663180309384533,0.5
repeat_1_fold_4,ADSL,0.0,0.0,0.0,0.0,0.0,-8.611511241934933e-05,0.5
repeat_1_fold_4,ADSS2,0.0,0.0,0.0,0.0,0.0,-4.013098754335198e-05,0.5
repeat_1_fold_4,AFDN,0.33742688609073745,0.39365505531549855,0.19682752765774927,0.14059935843298818,0.5,-0.00036794638942816427,0.5
repeat_1_fold_4,AFF4,0.0,0.0,0.0,0.0,0.0,-6.420958006936317e-05,0.5
repeat_1_fold_4,AFG3L2,0.0,0.0,0.0,0.0,0.0,0.0005401766142669462,0.5
repeat_1_fold_4,AFP,-0.01087585764337895,0.06548140296719436,0.03274070148359718,-0.04361655912697613,0.25,-0.0004895980480287832,0.5
repeat_1_fold_4,AGA,0.0,0.0,0.0,0.0,0.0,0.0,0.0
repeat_1_fold_4,AGAP2,0.0,0.0,0.0,0.0,0.0,0.0,0.0
repeat_1_fold_4,AGBL3,0.0,0.0,0.0,0.0,0.0,-0.00015657293167153918,0.5
repeat_1_fold_4,AGBL5,0.0,0.0,0.0,0.0,0.0,0.0,0.0
repeat_1_fold_4,AGER,0.0,0.0,0.0,0.0,0.0,-0.00016052395017338017,0.5
repeat_1_fold_4,AGFG1,0.0,0.0,0.0,0.0,0.0,0.0,0.0
repeat_1_fold_4,AGGF1,0.0,0.0,0.0,0.0,0.0,0.0,0.0
repeat_1_fold_4,AGK,-0.03935464598643357,0.07870929197286713,0.03935464598643357,-0.07870929197286713,0.0,-2.4078592525983433e-05,0.5
repeat_1_fold_4,AGL,0.0,0.0,0.0,0.0,0.0,2.407859252601119e-05,0.5
repeat_1_fold_4,AGMAT,0.0,0.0,0.0,0.0,0.0,8.026197508670396e-06,0.5
repeat_1_fold_4,AGO1,0.0,0.0,0.0,0.0,0.0,0.0006822267882368171,0.5
repeat_1_fold_4,AGO2,0.0,0.0,0.0,0.0,0.0,0.0,0.0
repeat_1_fold_4,AGO3,-0.07870929197286713,0.09088566181651939,0.04544283090825969,-0.12415212288112683,0.0,0.0006082638224180759,1.0
repeat_1_fold_4,AGO4,0.0,0.0,0.0,0.0,0.0,4.815718505199462e-05,0.5
repeat_1_fold_4,AGPAT1,0.0,0.0,0.0,0.0,0.0,0.0,0.0
repeat_1_fold_4,AGPAT2,0.0,0.0,0.0,0.0,0.0,0.0,0.0
repeat_1_fold_4,AGPAT3,0.0,0.0,0.0,0.0,0.0,4.6971879501506164e-05,0.5
repeat_1_fold_4,AGPAT4,0.0,0.0,0.0,0.0,0.0,0.0,0.0
repeat_1_fold_4,AGPAT5,0.0,0.0,0.0,0.0,0.0,-0.00017223022483869865,0.5
repeat_1_fold_4,AGPS,0.32299307113030373,0.702452436421739,0.3512262182108695,-0.02823314708056579,0.25,0.0011579455014242568,1.0
repeat_1_fold_4,AGRN,0.0,0.0,0.0,0.0,0.0,0.0,0.0
repeat_1_fold_4,AGRP,0.0,0.0,0.0,0.0,0.0,0.0,0.0
repeat_1_fold_4,AGTPBP1,-0.017971182915475836,0.03594236583095167,0.017971182915475836,-0.03594236583095167,0.0,-8.026197508667621e-05,0.5
repeat_1_fold_4,AGTR1,0.0,0.0,0.0,0.0,0.0,-9.631437010404476e-05,0.5
repeat_1_fold_4,AGTR2,0.0,0.0,0.0,0.0,0.0,0.0,0.0
repeat_1_fold_4,AGXT,0.0,0.0,0.0,0.0,0.0,0.00013328454284594615,1.0
repeat_1_fold_4,AHCTF1,0.0,0.0,0.0,0.0,0.0,0.0,0.0
repeat_1_fold_4,AHCY,0.0,0.0,0.0,0.0,0.0,-0.00041736227045077734,0.5
repeat_1_fold_4,AHCYL1,0.0,0.0,0.0,0.0,0.0,-0.0002270307509237568,0.5
repeat_1_fold_4,AHCYL2,0.0,0.0,0.0,0.0,0.0,0.0,0.0
repeat_1_fold_4,AHI1,-0.02511525181490626,0.09219846820587566,0.04609923410293783,-0.07121448591784409,0.25,-5.618338256066502e-05,0.5
repeat_1_fold_4,AHR,0.0,0.0,0.0,0.0,0.0,0.0,0.0
repeat_1_fold_4,AHSG,0.0,0.0,0.0,0.0,0.0,7.690360936016272e-05,1.0
repeat_1_fold_4,AICDA,0.0,0.0,0.0,0.0,0.0,8.611511241937708e-05,0.5
repeat_1_fold_4,AIM2,0.0,0.0,0.0,0.0,0.0,0.0,0.0
repeat_1_fold_4,AIMP1,0.0,0.0,0.0,0.0,0.0,0.0,0.0
repeat_1_fold_4,AIMP2,0.0,0.0,0.0,0.0,0.0,0.0,0.0
repeat_1_fold_4,AIP,0.0,0.0,0.0,0.0,0.0,0.0,0.0
repeat_1_fold_4,AK1,0.0,0.0,0.0,0.0,0.0,-0.0006340696031847948,0.5
repeat_1_fold_4,AK2,0.0,0.0,0.0,0.0,0.0,0.0,0.0
repeat_1_fold_4,AK4,-0.03594236583095167,0.04150266917562391,0.020751334587811955,-0.05669370041876363,0.0,-0.00014447155515603938,0.5
repeat_1_fold_4,AK5,0.028478788343054617,0.032884472232113916,0.016442236116056958,0.01203655222699766,0.5,-0.000434204869168453,1.0
repeat_1_fold_4,AK6,0.0,0.0,0.0,0.0,0.0,0.0,0.0
repeat_1_fold_4,AKAP1,0.0,0.0,0.0,0.0,0.0,-0.00014091563850437971,0.5
repeat_1_fold_4,AKAP10,0.0,0.0,0.0,0.0,0.0,0.0,0.0
repeat_1_fold_4,AKAP13,0.0,0.0,0.0,0.0,0.0,0.00043057556209685766,0.5
repeat_1_fold_4,AKAP5,0.02771405358950574,0.03200143260047371,0.016000716300236854,0.011713337289268884,0.5,-0.00024268804409091627,0.5
repeat_1_fold_4,AKAP8L,0.0,0.0,0.0,0.0,0.0,8.026197508670396e-06,0.5
repeat_1_fold_4,AKAP9,-0.03935464598643357,0.07870929197286713,0.03935464598643357,-0.07870929197286713,0.0,0.000195987105934603,1.0
repeat_1_fold_4,AKR1A1,-0.01087585764337895,0.06548140296719436,0.03274070148359718,-0.04361655912697613,0.25,0.0010193270836008905,0.5
repeat_1_fold_4,AKR1B1,0.0,0.0,0.0,0.0,0.0,0.0,0.0
repeat_1_fold_4,AKR1B10,0.0,0.0,0.0,0.0,0.0,0.0,0.0
repeat_1_fold_4,AKR1C1,0.0,0.0,0.0,0.0,0.0,0.000192628740208034,0.5
repeat_1_fold_4,AKR1C2,0.0,0.0,0.0,0.0,0.0,0.0,0.0
repeat_1_fold_4,AKR1C3,0.028478788343054617,0.032884472232113916,0.016442236116056958,0.01203655222699766,0.5,-0.0003451264928727438,0.5
repeat_1_fold_4,AKR1C4,0.1350434915779175,0.18978820569195787,0.09489410284597893,0.04014938873193857,0.5,-4.637922672617867e-05,1.0
repeat_1_fold_4,AKR1D1,0.0,0.0,0.0,0.0,0.0,0.0,0.0
repeat_1_fold_4,AKR7A2,0.0,0.0,0.0,0.0,0.0,0.0,0.0
repeat_1_fold_4,AKR7A3,0.0,0.0,0.0,0.0,0.0,0.0,0.0
repeat_1_fold_4,AKT1,0.0,0.0,0.0,0.0,0.0,-7.223577757803357e-05,0.5
repeat_1_fold_4,AKT2,-0.03594236583095167,0.04150266917562391,0.020751334587811955,-0.05669370041876363,0.0,0.0001043405676126874,0.5
repeat_1_fold_4,AKT3,0.13765785717327894,0.2753157143465579,0.13765785717327894,0.0,0.25,-0.0001722302248387264,0.5
repeat_1_fold_4,ALAD,0.0,0.0,0.0,0.0,0.0,0.0,0.0
repeat_1_fold_4,ALAS1,0.0,0.0,0.0,0.0,0.0,0.0,0.0
repeat_1_fold_4,ALB,0.10064637342323302,0.20129274684646603,0.10064637342323302,0.0,0.25,5.480052608505814e-05,0.5
repeat_1_fold_4,ALCAM,0.13765785717327894,0.2753157143465579,0.13765785717327894,0.0,0.25,8.611511241937708e-05,0.5
repeat_1_fold_4,ALDH18A1,0.0,0.0,0.0,0.0,0.0,0.0,0.0
repeat_1_fold_4,ALDH1A1,0.0,0.0,0.0,0.0,0.0,0.0,0.0
repeat_1_fold_4,ALDH1A2,0.0,0.0,0.0,0.0,0.0,0.0,0.0
repeat_1_fold_4,ALDH1A3,-0.07415150121092218,0.14830300242184435,0.07415150121092218,-0.14830300242184435,0.0,-7.223577757800581e-05,0.5
repeat_1_fold_4,ALDH1B1,0.0,0.0,0.0,0.0,0.0,0.0,0.0
repeat_1_fold_4,ALDH1L1,0.0,0.0,0.0,0.0,0.0,0.0,0.0
repeat_1_fold_4,ALDH2,0.0,0.0,0.0,0.0,0.0,-0.00012466569256197602,1.0
repeat_1_fold_4,ALDH3A1,0.03439711815468449,0.06879423630936898,0.03439711815468449,0.0,0.25,-0.00026617398384165547,0.5
repeat_1_fold_4,ALDH3A2,0.0,0.0,0.0,0.0,0.0,0.0,0.0
repeat_1_fold_4,ALDH3B1,0.0,0.0,0.0,0.0,0.0,0.0,0.0
repeat_1_fold_4,ALDH3B2,0.0,0.0,0.0,0.0,0.0,-4.815718505202238e-05,0.5
repeat_1_fold_4,ALDH4A1,0.0,0.0,0.0,0.0,0.0,0.00026459357644095793,1.0
repeat_1_fold_4,ALDH5A1,0.014239394171527309,0.02847878834305462,0.01423939417152731,-1.734723475976807e-18,0.25,8.026197508670396e-06,0.5
repeat_1_fold_4,ALDH6A1,0.0,0.0,0.0,0.0,0.0,0.0,0.0
repeat_1_fold_4,ALDH7A1,0.0,0.0,0.0,0.0,0.0,4.815718505202238e-05,0.5
repeat_1_fold_4,ALDH8A1,0.0,0.0,0.0,0.0,0.0,-0.0001846025426993636,0.5
repeat_1_fold_4,ALDH9A1,0.20599793844442438,0.4131901219097657,0.20659506095488284,-0.0005971225104584588,0.75,0.0001559068884763315,1.0
repeat_1_fold_4,ALDOA,0.0,0.0,0.0,0.0,0.0,1.565729316715947e-05,0.5
repeat_1_fold_4,ALDOB,0.0,0.0,0.0,0.0,0.0,0.0,0.0
repeat_1_fold_4,ALDOC,0.02771405358950574,0.03200143260047371,0.016000716300236854,0.011713337289268884,0.5,0.0005170857763663883,1.0
repeat_1_fold_4,ALG12,0.20645209348264437,0.3276620986859121,0.16383104934295606,0.04262104413968831,0.5,-0.0003444604496774528,0.5
repeat_1_fold_4,ALG13,0.0,0.0,0.0,0.0,0.0,0.00011742969875369602,0.5
repeat_1_fold_4,ALG3,0.0,0.0,0.0,0.0,0.0,0.0,0.0
repeat_1_fold_4,ALG5,0.0,0.0,0.0,0.0,0.0,0.0,0.0
repeat_1_fold_4,ALG6,0.0,0.0,0.0,0.0,0.0,0.00024268804409097178,0.5
repeat_1_fold_4,ALG8,-0.005051238018385362,0.010102476036770724,0.005051238018385362,-0.010102476036770724,0.0,-0.00019887697939086069,1.0
repeat_1_fold_4,ALG9,0.0,0.0,0.0,0.0,0.0,0.0,0.0
repeat_1_fold_4,ALK,0.0,0.0,0.0,0.0,0.0,0.0,0.0
repeat_1_fold_4,ALMS1,0.0,0.0,0.0,0.0,0.0,-0.0004149182689296427,0.5
repeat_1_fold_4,ALOX12,0.0,0.0,0.0,0.0,0.0,-2.407859252601119e-05,0.5
repeat_1_fold_4,ALOX12B,0.0,0.0,0.0,0.0,0.0,-1.8225455193310314e-05,1.0
repeat_1_fold_4,ALOX15,0.0,0.0,0.0,0.0,0.0,0.0,0.0
repeat_1_fold_4,ALOX15B,0.12872478880714766,0.14863858293836885,0.07431929146918442,0.05440549733796324,0.5,0.0003049955053293918,0.5
repeat_1_fold_4,ALOX5,0.0,0.0,0.0,0.0,0.0,0.0,0.0
repeat_1_fold_4,ALOX5AP,0.0,0.0,0.0,0.0,0.0,-0.0004625561916263843,1.0
repeat_1_fold_4,ALOXE3,0.20129274684646603,0.2324328431554527,0.11621642157772635,0.08507632526873968,0.5,-0.00014348380053058607,1.0
repeat_1_fold_4,ALPG,0.0,0.0,0.0,0.0,0.0,0.0,0.0
repeat_1_fold_4,ALPK1,0.0,0.0,0.0,0.0,0.0,0.0,0.0
repeat_1_fold_4,ALPL,0.0,0.0,0.0,0.0,0.0,0.0,0.0
repeat_1_fold_4,ALPP,0.0,0.0,0.0,0.0,0.0,0.0,0.0
repeat_1_fold_4,ALS2CL,0.0,0.0,0.0,0.0,0.0,0.0,0.0
repeat_1_fold_4,AMACR,0.0,0.0,0.0,0.0,0.0,-3.914323291787092e-05,0.5
repeat_1_fold_4,AMBN,-0.03935464598643357,0.07870929197286713,0.03935464598643357,-0.07870929197286713,0.0,-0.0001685501476820228,0.5
repeat_1_fold_4,AMBP,0.0,0.0,0.0,0.0,0.0,-0.00021920210434017706,0.5
repeat_1_fold_4,AMBRA1,0.0,0.0,0.0,0.0,0.0,-8.611511241934933e-05,0.5
repeat_1_fold_4,AMD1,0.0,0.0,0.0,0.0,0.0,-5.480052608503039e-05,0.5
repeat_1_fold_4,AMDHD2,0.0,0.0,0.0,0.0,0.0,-2.407859252601119e-05,0.5
repeat_1_fold_4,AMELX,0.0,0.0,0.0,0.0,0.0,-2.407859252601119e-05,0.5
repeat_1_fold_4,AMFR,0.0,0.0,0.0,0.0,0.0,0.0,0.0
repeat_1_fold_4,AMH,0.0,0.0,0.0,0.0,0.0,2.7755575615628914e-17,0.5
repeat_1_fold_4,AMHR2,0.0,0.0,0.0,0.0,0.0,-7.828646583579735e-06,0.5
repeat_1_fold_4,AMIGO2,0.0,0.0,0.0,0.0,0.0,-0.0001043405676126874,0.5
repeat_1_fold_4,AMN,0.0,0.0,0.0,0.0,0.0,0.0,0.0
repeat_1_fold_4,AMOT,0.0,0.0,0.0,0.0,0.0,0.0005010333813490753,0.5
repeat_1_fold_4,AMOTL2,0.0,0.0,0.0,0.0,0.0,0.0,0.0
repeat_1_fold_4,AMPD1,0.0,0.0,0.0,0.0,0.0,-0.00012841916013869858,0.5
repeat_1_fold_4,AMPD2,0.0,0.0,0.0,0.0,0.0,0.0,0.0
repeat_1_fold_4,AMPH,0.15701353624928416,0.18271028049414142,0.09135514024707071,0.06565839600221345,0.5,2.1832141930022697e-05,1.0
repeat_1_fold_4,AMT,0.02771405358950574,0.03200143260047371,0.016000716300236854,0.011713337289268884,0.5,0.0002818312770088427,0.5
repeat_1_fold_4,AMY1A,-0.03632587831266498,0.04195018631398918,0.02097509315699459,-0.057300971469659574,0.0,-0.000192628740208034,0.5
repeat_1_fold_4,ANAPC1,-0.025497619191680698,0.09174670075658002,0.04587335037829001,-0.07137096956997072,0.25,0.0007073439054733344,1.0
repeat_1_fold_4,ANAPC10,0.0,0.0,0.0,0.0,0.0,0.0,0.0
repeat_1_fold_4,ANAPC15,0.02771405358950574,0.03200143260047371,0.016000716300236854,0.011713337289268884,0.5,0.00029748857017600217,0.5
repeat_1_fold_4,ANAPC2,0.0,0.0,0.0,0.0,0.0,1.565729316715947e-05,0.5
repeat_1_fold_4,ANAPC5,0.0,0.0,0.0,0.0,0.0,-0.00035315269038141417,0.5
repeat_1_fold_4,ANG,0.0,0.0,0.0,0.0,0.0,4.697187950147841e-05,0.5
repeat_1_fold_4,ANGPT1,0.13765785717327894,0.2753157143465579,0.13765785717327894,0.0,0.25,0.00011742969875369602,0.5
repeat_1_fold_4,ANGPT2,0.0,0.0,0.0,0.0,0.0,0.0007384101707974822,0.5
repeat_1_fold_4,ANGPT4,0.0,0.0,0.0,0.0,0.0,0.0,0.0
repeat_1_fold_4,ANGPTL4,0.0,0.0,0.0,0.0,0.0,-3.9143232917898674e-05,0.5
repeat_1_fold_4,ANGPTL8,0.0,0.0,0.0,0.0,0.0,-0.0003076878278606143,1.0
repeat_1_fold_4,ANK1,-0.14830300242184435,0.17124555673976313,0.08562277836988157,-0.23392578079172593,0.0,-2.3683490675829866e-05,1.0
repeat_1_fold_4,ANK3,0.0,0.0,0.0,0.0,0.0,-8.82881725953466e-05,0.5
repeat_1_fold_4,ANKH,-0.017971182915475836,0.03594236583095167,0.017971182915475836,-0.03594236583095167,0.0,0.0002167073327340452,0.5
repeat_1_fold_4,ANKLE2,-0.19665547448170173,0.22707818225924817,0.11353909112962408,-0.3101945656113258,0.0,-0.0009230634835818985,1.0
repeat_1_fold_4,ANKRD1,0.0,0.0,0.0,0.0,0.0,0.0,0.0
repeat_1_fold_4,ANKRD26,0.0,0.0,0.0,0.0,0.0,0.0,0.0
repeat_1_fold_4,ANKRD27,0.0,0.0,0.0,0.0,0.0,0.00016440157825517443,0.5
repeat_1_fold_4,ANKRD28,0.0,0.0,0.0,0.0,0.0,0.0,0.0
repeat_1_fold_4,ANKZF1,0.0,0.0,0.0,0.0,0.0,0.0,0.0
repeat_1_fold_4,ANO1,0.06879423630936898,0.07943674170381781,0.03971837085190891,0.029075865457460076,0.5,0.0001763787942656303,1.0
repeat_1_fold_4,ANO10,0.3037945026896125,0.28502273134812467,0.14251136567406233,0.16128313701555017,1.0,0.00011387378210206411,1.0
repeat_1_fold_4,ANO2,-0.005051238018385362,0.010102476036770724,0.005051238018385362,-0.010102476036770724,0.0,-7.045781925218986e-05,0.5
repeat_1_fold_4,ANO3,0.0,0.0,0.0,0.0,0.0,0.0,0.0
repeat_1_fold_4,ANOS1,0.0,0.0,0.0,0.0,0.0,0.0,0.0
repeat_1_fold_4,ANP32A,0.0,0.0,0.0,0.0,0.0,0.0,0.0
repeat_1_fold_4,ANPEP,0.0,0.0,0.0,0.0,0.0,-0.0002035448111730176,0.5
repeat_1_fold_4,ANXA1,0.0,0.0,0.0,0.0,0.0,-7.223577757800581e-05,0.5
repeat_1_fold_4,ANXA2,0.10064637342323302,0.20129274684646603,0.10064637342323302,0.0,0.25,0.0007517476229486619,1.0
repeat_1_fold_4,ANXA3,0.0,0.0,0.0,0.0,0.0,0.0,0.0
repeat_1_fold_4,ANXA5,0.0,0.0,0.0,0.0,0.0,-0.00016440157825514667,0.5
repeat_1_fold_4,ANXA6,0.0,0.0,0.0,0.0,0.0,-8.026197508670396e-05,0.5
repeat_1_fold_4,AOC1,0.0,0.0,0.0,0.0,0.0,0.0,0.0
repeat_1_fold_4,AOC2,0.0,0.0,0.0,0.0,0.0,0.0,0.0
repeat_1_fold_4,AOC3,0.0,0.0,0.0,0.0,0.0,-0.0004735456530114146,0.5
repeat_1_fold_4,AOX1,-0.03935464598643357,0.07870929197286713,0.03935464598643357,-0.07870929197286713,0.0,5.6183382560692774e-05,0.5
repeat_1_fold_4,AP1B1,0.0,0.0,0.0,0.0,0.0,0.0,0.0
repeat_1_fold_4,AP1G1,0.0,0.0,0.0,0.0,0.0,-5.480052608503039e-05,0.5
repeat_1_fold_4,AP1G2,0.0,0.0,0.0,0.0,0.0,0.0,0.0
repeat_1_fold_4,AP1M2,0.0,0.0,0.0,0.0,0.0,0.0,0.0
repeat_1_fold_4,AP1S1,-0.010102476036770724,0.011665334518622643,0.005832667259311321,-0.015935143296082047,0.0,-0.0003601177428446123,0.5
repeat_1_fold_4,AP1S2,0.0,0.0,0.0,0.0,0.0,0.0,0.0
repeat_1_fold_4,AP2A2,0.0,0.0,0.0,0.0,0.0,0.0,0.0
repeat_1_fold_4,AP2B1,0.0,0.0,0.0,0.0,0.0,0.0,0.0
repeat_1_fold_4,AP2S1,0.0,0.0,0.0,0.0,0.0,4.0130987543324226e-05,0.5
repeat_1_fold_4,AP3B1,-0.017971182915475836,0.03594236583095167,0.017971182915475836,-0.03594236583095167,0.0,-9.631437010404476e-05,0.5
repeat_1_fold_4,AP3S1,0.0,0.0,0.0,0.0,0.0,0.00016052395017335241,0.5
repeat_1_fold_4,AP4E1,0.03611536355778355,0.0722307271155671,0.03611536355778355,0.0,0.25,3.210479003465383e-05,0.5
repeat_1_fold_4,AP4M1,0.0,0.0,0.0,0.0,0.0,0.00015249775266468202,0.5
repeat_1_fold_4,AP4S1,0.0,0.0,0.0,0.0,0.0,0.0,0.0
repeat_1_fold_4,APAF1,0.0,0.0,0.0,0.0,0.0,0.0,0.0
repeat_1_fold_4,APBA1,0.0,0.0,0.0,0.0,0.0,0.0,0.0
repeat_1_fold_4,APBA2,0.0,0.0,0.0,0.0,0.0,0.0,0.0
repeat_1_fold_4,APBA3,0.2753157143465579,0.3179072035802386,0.1589536017901193,0.11636211255643858,0.5,-0.00016440157825514667,0.5
repeat_1_fold_4,APBB1,0.0,0.0,0.0,0.0,0.0,0.0,0.0
repeat_1_fold_4,APC,0.0,0.0,0.0,0.0,0.0,0.0,0.0
repeat_1_fold_4,APEH,0.0,0.0,0.0,0.0,0.0,-0.00043057556209680214,0.5
repeat_1_fold_4,APEX1,0.0,0.0,0.0,0.0,0.0,0.0,0.0
repeat_1_fold_4,APH1A,0.395148114023252,0.4804353739235763,0.24021768696178816,0.15493042706146384,0.5,-0.0017863876679515278,1.0
repeat_1_fold_4,APIP,0.0,0.0,0.0,0.0,0.0,0.0,0.0
repeat_1_fold_4,APLNR,0.0,0.0,0.0,0.0,0.0,-0.00049320473476544,0.5
repeat_1_fold_4,APLP2,0.0,0.0,0.0,0.0,0.0,0.0,0.0
repeat_1_fold_4,APOA1,0.0,0.0,0.0,0.0,0.0,0.0,0.0
repeat_1_fold_4,APOA2,0.0,0.0,0.0,0.0,0.0,0.0,0.0
repeat_1_fold_4,APOB,0.0,0.0,0.0,0.0,0.0,-0.0002061129731991962,1.0
repeat_1_fold_4,APOBEC1,0.0,0.0,0.0,0.0,0.0,1.6052395017340793e-05,0.5
repeat_1_fold_4,APOBEC2,0.0,0.0,0.0,0.0,0.0,0.00025683832027739717,0.5
repeat_1_fold_4,APOBEC3A,0.0,0.0,0.0,0.0,0.0,3.1314586334346695e-05,0.5
repeat_1_fold_4,APOBEC3B,0.0,0.0,0.0,0.0,0.0,2.407859252601119e-05,0.5
repeat_1_fold_4,APOBEC3C,0.0,0.0,0.0,0.0,0.0,-0.00014874428508795945,0.5
repeat_1_fold_4,APOBEC3G,0.17930661328808384,0.2643488768914783,0.13217443844573915,0.04713217484234469,0.5,-0.0005714912006012096,0.5
repeat_1_fold_4,APOBR,0.0,0.0,0.0,0.0,0.0,-0.00010960105217008853,0.5
repeat_1_fold_4,APOC1,0.0,0.0,0.0,0.0,0.0,0.0,0.0
repeat_1_fold_4,APOC2,0.0,0.0,0.0,0.0,0.0,1.975509251184171e-07,1.0
repeat_1_fold_4,APOC3,0.0,0.0,0.0,0.0,0.0,-4.815718505202238e-05,0.5
repeat_1_fold_4,APOC4,0.03439711815468449,0.06879423630936898,0.03439711815468449,0.0,0.25,-0.000250516690674496,0.5
repeat_1_fold_4,APOD,0.0,0.0,0.0,0.0,0.0,0.0,0.0
repeat_1_fold_4,APOE,0.17205497532795988,0.34410995065591976,0.17205497532795988,0.0,0.25,-0.0002270307509237568,0.5
repeat_1_fold_4,APOF,0.0,0.0,0.0,0.0,0.0,0.0,0.0
repeat_1_fold_4,APOH,0.21855665910602795,0.3323694571112054,0.1661847285556027,0.052371930550425244,0.5,0.00041526260069479903,1.0
repeat_1_fold_4,APOL1,0.0,0.0,0.0,0.0,0.0,-5.6183382560692774e-05,0.5
repeat_1_fold_4,APOM,0.0,0.0,0.0,0.0,0.0,-0.00010960105217008853,0.5
repeat_1_fold_4,APOO,0.0,0.0,0.0,0.0,0.0,0.0,0.0
repeat_1_fold_4,APOOL,0.03439711815468449,0.06879423630936898,0.03439711815468449,0.0,0.25,-0.0005088620279325995,0.5
repeat_1_fold_4,APP,0.13765785717327894,0.2753157143465579,0.13765785717327894,0.0,0.25,-0.0005311626621327947,1.0
repeat_1_fold_4,APPL1,0.0,0.0,0.0,0.0,0.0,-0.0007464363683061526,0.5
repeat_1_fold_4,APRT,0.0,0.0,0.0,0.0,0.0,-2.3485939750739204e-05,0.5
repeat_1_fold_4,AQP1,0.0,0.0,0.0,0.0,0.0,0.0,0.0
repeat_1_fold_4,AQP2,0.008866142379543973,0.017732284759087946,0.008866142379543973,0.0,0.25,0.0001685501476820228,0.5
repeat_1_fold_4,AQP3,0.0,0.0,0.0,0.0,0.0,0.0,0.0
repeat_1_fold_4,AQP4,0.0,0.0,0.0,0.0,0.0,0.00010960105217011629,0.5
repeat_1_fold_4,AQP5,0.0,0.0,0.0,0.0,0.0,0.0,0.0
repeat_1_fold_4,AQP6,0.0,0.0,0.0,0.0,0.0,0.0,0.0
repeat_1_fold_4,AQP7,0.0,0.0,0.0,0.0,0.0,-0.00023275972775135823,0.5
repeat_1_fold_4,AQP8,-0.09926675302582844,0.1398236783283259,0.06991183916416295,-0.16917859218999137,0.0,-0.0004976242455374535,0.5
repeat_1_fold_4,AQP9,0.0,0.0,0.0,0.0,0.0,0.0,0.0
repeat_1_fold_4,AR,0.0,0.0,0.0,0.0,0.0,-0.0001445449455760306,1.0
repeat_1_fold_4,ARAF,0.0,0.0,0.0,0.0,0.0,1.2298927440673735e-05,1.0
repeat_1_fold_4,ARAP2,-0.03935464598643357,0.07870929197286713,0.03935464598643357,-0.07870929197286713,0.0,-0.00046729741382856016,1.0
repeat_1_fold_4,ARAP3,0.03439711815468449,0.06879423630936898,0.03439711815468449,0.0,0.25,-0.000250516690674496,0.5
repeat_1_fold_4,ARC,0.0,0.0,0.0,0.0,0.0,-0.0005166906745161792,0.5
repeat_1_fold_4,ARCN1,0.0,0.0,0.0,0.0,0.0,0.0,0.0
repeat_1_fold_4,AREL1,0.0,0.0,0.0,0.0,0.0,0.0,0.0
repeat_1_fold_4,ARF1,0.0,0.0,0.0,0.0,0.0,-0.00015249775266468202,0.5
repeat_1_fold_4,ARF3,0.0,0.0,0.0,0.0,0.0,0.0,0.0
repeat_1_fold_4,ARF4,0.0,0.0,0.0,0.0,0.0,-0.00011236676512135779,0.5
repeat_1_fold_4,ARF5,0.0,0.0,0.0,0.0,0.0,0.0004059043167955745,1.0
repeat_1_fold_4,ARF6,0.0,0.0,0.0,0.0,0.0,0.0,0.0
repeat_1_fold_4,ARFGAP1,0.0,0.0,0.0,0.0,0.0,0.0002488121227687268,0.5
repeat_1_fold_4,ARG1,0.0,0.0,0.0,0.0,0.0,-0.0002006549377167044,0.5
repeat_1_fold_4,ARHGAP32,0.028478788343054617,0.032884472232113916,0.016442236116056958,0.01203655222699766,0.5,8.026197508670396e-06,0.5
repeat_1_fold_4,ARHGAP45,0.09822773009416075,0.1303649404857319,0.06518247024286596,0.03304525985129479,0.5,0.0009166910838940001,1.0
repeat_1_fold_4,ARHGDIG,0.0,0.0,0.0,0.0,0.0,0.0,0.0
repeat_1_fold_4,ARHGEF1,0.13758237608059432,0.1588664437317589,0.07943322186587945,0.058149154214714865,0.5,0.0002728907152947102,0.5
repeat_1_fold_4,ARHGEF2,0.0,0.0,0.0,0.0,0.0,1.6052395017313037e-05,0.5
repeat_1_fold_4,ARL4C,0.0,0.0,0.0,0.0,0.0,0.00014703971718224573,1.0
repeat_1_fold_4,ARPC1A,-0.07023131627457069,0.18044318512264498,0.09022159256132249,-0.1604529088358932,0.25,-0.0005650454104932923,1.0
repeat_1_fold_4,ARSA,0.0,0.0,0.0,0.0,0.0,0.0,0.0
repeat_1_fold_4,ARSL,0.0,0.0,0.0,0.0,0.0,0.0,0.0
repeat_1_fold_4,ASGR2,0.0,0.0,0.0,0.0,0.0,0.0006501219982021356,0.5
repeat_1_fold_4,ATP1A3,0.0,0.0,0.0,0.0,0.0,-0.0002006549377167044,0.5
repeat_1_fold_4,ATP5PF,0.0,0.0,0.0,0.0,0.0,0.0,0.0
repeat_1_fold_4,ATP6V0E1,0.0,0.0,0.0,0.0,0.0,0.0,0.0
repeat_1_fold_4,AURKA,-0.03594236583095167,0.04150266917562391,0.020751334587811955,-0.05669370041876363,0.0,0.0,0.5
repeat_1_fold_4,BACH1,0.0,0.0,0.0,0.0,0.0,0.000266173983841711,0.5
repeat_1_fold_4,BAG3,0.0,0.0,0.0,0.0,0.0,-8.421299358823964e-06,1.0
repeat_1_fold_4,BAG6,0.13765785717327894,0.2753157143465579,0.13765785717327894,0.0,0.25,6.262917266863788e-05,0.5
repeat_1_fold_4,BANF1,0.19971995247821006,0.26157853592579133,0.13078926796289567,0.0689306845153144,0.5,-4.697187950145065e-05,0.5
repeat_1_fold_4,BAX,0.0,0.0,0.0,0.0,0.0,0.0002006549377167044,0.5
repeat_1_fold_4,BAZ2A,0.0,0.0,0.0,0.0,0.0,0.00048537608818188804,0.5
repeat_1_fold_4,BCL11A,0.0,0.0,0.0,0.0,0.0,-8.026197508670396e-06,0.5
repeat_1_fold_4,BCL2,0.048254144949435585,0.09650828989887117,0.048254144949435585,0.0,0.25,0.00011742969875369602,0.5
repeat_1_fold_4,BHLHE41,0.0,0.0,0.0,0.0,0.0,0.0,0.0
repeat_1_fold_4,BICRAL,0.014239394171527309,0.02847878834305462,0.01423939417152731,-1.734723475976807e-18,0.25,8.026197508670396e-06,0.5
repeat_1_fold_4,BIRC5,0.13765785717327894,0.2753157143465579,0.13765785717327894,0.0,0.25,0.0007358927788564118,0.5
repeat_1_fold_4,BMAL2,0.02842002857262571,0.06716114344750675,0.03358057172375337,-0.0051605431511276625,0.25,-0.000618017208167454,0.5
repeat_1_fold_4,BMI1,0.0,0.0,0.0,0.0,0.0,-0.00026486451778606757,0.5
repeat_1_fold_4,BRD9,0.0,0.0,0.0,0.0,0.0,0.0,0.0
repeat_1_fold_4,BTN3A1,0.133054033417757,0.15363756402101494,0.07681878201050747,0.05623525140724954,0.5,-0.00011742969875366827,1.0
repeat_1_fold_4,BTN3A3,0.2753157143465579,0.3179072035802386,0.1589536017901193,0.11636211255643858,0.5,-0.000125258345337248,0.5
repeat_1_fold_4,BUB1,0.014609595640225237,0.17855973062710753,0.08927986531355377,-0.07467026967332853,0.5,0.0011542935740176952,1.0
repeat_1_fold_4,BUD31,0.0,0.0,0.0,0.0,0.0,-0.0002654571705613118,1.0
repeat_1_fold_4,C1GALT1C1,-0.07415150121092218,0.14830300242184435,0.07415150121092218,-0.14830300242184435,0.0,-0.00015249775266468202,0.5
repeat_1_fold_4,C1QA,0.2753157143465579,0.3179072035802386,0.1589536017901193,0.11636211255643858,0.5,0.0001266412018129104,1.0
repeat_1_fold_4,C5AR2,0.0,0.0,0.0,0.0,0.0,-7.82864658355198e-06,0.5
repeat_1_fold_4,C8G,0.0,0.0,0.0,0.0,0.0,0.0,0.0
repeat_1_fold_4,CA2,-0.11982421407878974,0.1383610845076492,0.0691805422538246,-0.18900475633261432,0.0,0.00014447155515601162,0.5
repeat_1_fold_4,CA4,0.0,0.0,0.0,0.0,0.0,-7.848401676086025e-05,1.0
repeat_1_fold_4,CACNA1C,0.0,0.0,0.0,0.0,0.0,0.0,0.0
repeat_1_fold_4,CAMK2A,0.0,0.0,0.0,0.0,0.0,8.026197508667621e-05,0.5
repeat_1_fold_4,CANX,0.0,0.0,0.0,0.0,0.0,0.00028965992359242243,0.5
repeat_1_fold_4,CAPN7,0.0,0.0,0.0,0.0,0.0,0.0,0.0
repeat_1_fold_4,CASP5,0.0,0.0,0.0,0.0,0.0,0.0,0.0
repeat_1_fold_4,CASP8,-0.015676474136734342,0.139122745266658,0.069561372633329,-0.08523784677006334,0.25,-0.0008533224776100801,0.5
repeat_1_fold_4,CATSPER2,0.0,0.0,0.0,0.0,0.0,0.0,0.0
repeat_1_fold_4,CCK,0.0,0.0,0.0,0.0,0.0,0.0,0.0
repeat_1_fold_4,CCNA2,0.0,0.0,0.0,0.0,0.0,0.000566823368819136,1.0
repeat_1_fold_4,CCND1,0.0,0.0,0.0,0.0,0.0,-0.00035228909626103255,0.5
repeat_1_fold_4,CCNT1,0.0,0.0,0.0,0.0,0.0,0.0002190045534151419,1.0
repeat_1_fold_4,CCR2,0.0,0.0,0.0,0.0,0.0,0.0,0.0
repeat_1_fold_4,CCR7,-0.03594236583095167,0.04150266917562391,0.020751334587811955,-0.05669370041876363,0.0,-0.000577886220624102,0.5
repeat_1_fold_4,CD1C,0.0,0.0,0.0,0.0,0.0,0.0,0.0
repeat_1_fold_4,CD209,0.0,0.0,0.0,0.0,0.0,-9.6314370104017e-05,0.5
repeat_1_fold_4,CD226,0.01385702679475287,0.02771405358950574,0.01385702679475287,0.0,0.25,0.0,0.5
repeat_1_fold_4,CD244,0.0,0.0,0.0,0.0,0.0,0.0,0.0
repeat_1_fold_4,CD2BP2,0.0,0.0,0.0,0.0,0.0,0.0,0.0
repeat_1_fold_4,CD34,0.34436630678444935,0.4524954925058798,0.2262477462529399,0.11811856053150946,0.5,0.000757600760281335,1.0
repeat_1_fold_4,CD52,-0.03935464598643357,0.07870929197286713,0.03935464598643357,-0.07870929197286713,0.0,-0.00042025214390709054,1.0
repeat_1_fold_4,CD70,-0.03935464598643357,0.07870929197286713,0.03935464598643357,-0.07870929197286713,0.0,-6.914282378117642e-06,1.0
repeat_1_fold_4,CD79A,-0.01087585764337895,0.06548140296719436,0.03274070148359718,-0.04361655912697613,0.25,0.000481571850520085,0.5
repeat_1_fold_4,CD79B,-0.07415150121092218,0.14830300242184435,0.07415150121092218,-0.14830300242184435,0.0,0.0004895980480287554,0.5
repeat_1_fold_4,CDC25C,0.0,0.0,0.0,0.0,0.0,-7.045781925218986e-05,0.5
repeat_1_fold_4,CDC6,-0.03594236583095167,0.04150266917562391,0.020751334587811955,-0.05669370041876363,0.0,9.6314370104017e-05,0.5
repeat_1_fold_4,CDKAL1,0.014239394171527309,0.02847878834305462,0.01423939417152731,-1.734723475976807e-18,0.25,-0.0002006549377167044,0.5
repeat_1_fold_4,CDO1,0.0,0.0,0.0,0.0,0.0,-0.0012119558238089245,0.5
repeat_1_fold_4,CENPS,-0.21012965945238093,0.3239281808435824,0.1619640904217912,-0.3720937498741721,0.0,0.0003431509836218649,1.0
repeat_1_fold_4,CEP192,0.02771405358950574,0.03200143260047371,0.016000716300236854,0.011713337289268884,0.5,2.7755575615628914e-17,0.5
repeat_1_fold_4,CETP,0.0,0.0,0.0,0.0,0.0,-2.3485939750739204e-05,0.5
repeat_1_fold_4,CGA,0.0,0.0,0.0,0.0,0.0,-3.131458633431894e-05,0.5
repeat_1_fold_4,CH25H,0.0,0.0,0.0,0.0,0.0,0.0,0.0
repeat_1_fold_4,CHKB,0.0,0.0,0.0,0.0,0.0,0.0,0.0
repeat_1_fold_4,CHM,-0.09832773724085087,0.19665547448170173,0.09832773724085087,-0.19665547448170173,0.0,0.0006028057869355841,0.5
repeat_1_fold_4,CHRNB4,0.0,0.0,0.0,0.0,0.0,0.00012039296263002819,0.5
repeat_1_fold_4,CHST10,0.0,0.0,0.0,0.0,0.0,0.0,0.0
repeat_1_fold_4,CIDEA,-0.025930712844944637,0.05186142568988927,0.025930712844944637,-0.05186142568988927,0.0,-0.00015249775266470977,0.5
repeat_1_fold_4,CKS1B,0.0,0.0,0.0,0.0,0.0,0.0,0.0
repeat_1_fold_4,CLEC4M,0.014239394171527309,0.02847878834305462,0.01423939417152731,-1.734723475976807e-18,0.25,-0.00013644535764736898,0.5
repeat_1_fold_4,CLINT1,0.13765785717327894,0.2753157143465579,0.13765785717327894,0.0,0.25,-0.0016127011962171756,0.5
repeat_1_fold_4,CLNS1A,0.0,0.0,0.0,0.0,0.0,0.0,0.0
repeat_1_fold_4,CMTM6,0.0,0.0,0.0,0.0,0.0,0.0,0.0
repeat_1_fold_4,CNOT1,-0.09832773724085087,0.19665547448170173,0.09832773724085087,-0.19665547448170173,0.0,0.0003053172167595819,0.5
repeat_1_fold_4,CNTN2,-0.03935464598643357,0.07870929197286713,0.03935464598643357,-0.07870929197286713,0.0,-0.0003692050853987272,0.5
repeat_1_fold_4,COL17A1,0.0,0.0,0.0,0.0,0.0,-0.0002969693078207214,0.5
repeat_1_fold_4,COPZ2,0.0,0.0,0.0,0.0,0.0,0.0,0.0
repeat_1_fold_4,COQ8A,0.0,0.0,0.0,0.0,0.0,0.0,0.0
repeat_1_fold_4,CORO1A,0.0,0.0,0.0,0.0,0.0,0.0004895980480287554,0.5
repeat_1_fold_4,CORT,0.2753157143465579,0.3179072035802386,0.1589536017901193,0.11636211255643858,0.5,4.697187950147841e-05,1.0
repeat_1_fold_4,CPA2,0.0,0.0,0.0,0.0,0.0,-8.828817259537436e-05,0.5
repeat_1_fold_4,CPE,0.20129274684646603,0.2324328431554527,0.11621642157772635,0.08507632526873968,0.5,3.131458633431894e-05,0.5
repeat_1_fold_4,CPOX,0.0,0.0,0.0,0.0,0.0,0.0003522890962610603,0.5
repeat_1_fold_4,CPT1A,0.0,0.0,0.0,0.0,0.0,0.0,0.0
repeat_1_fold_4,CPT1B,0.0,0.0,0.0,0.0,0.0,-0.00024268804409091627,0.5
repeat_1_fold_4,CREG1,0.1911902708096953,0.22076750863683006,0.11038375431841503,0.08080651649128028,0.5,0.00021137345775665284,0.5
repeat_1_fold_4,CRISP3,0.0,0.0,0.0,0.0,0.0,0.0,0.0
repeat_1_fold_4,CRK,0.0,0.0,0.0,0.0,0.0,0.0,0.0
repeat_1_fold_4,CSAD,0.0,0.0,0.0,0.0,0.0,-4.815718505202238e-05,0.5
repeat_1_fold_4,CSPG4,0.0,0.0,0.0,0.0,0.0,0.0,0.0
repeat_1_fold_4,CTDNEP1,0.0,0.0,0.0,0.0,0.0,0.0,0.0
repeat_1_fold_4,CTDSP2,0.14694687143939866,0.23657284443699678,0.11828642221849839,0.028660449220900275,0.5,0.0013278785055818865,1.0
repeat_1_fold_4,CTSW,0.0,0.0,0.0,0.0,0.0,-0.00010177240558648104,0.5
repeat_1_fold_4,CUL5,0.0,0.0,0.0,0.0,0.0,0.0,0.0
repeat_1_fold_4,CUX1,0.0,0.0,0.0,0.0,0.0,7.223577757800581e-05,0.5
repeat_1_fold_4,CYP27B1,0.0,0.0,0.0,0.0,0.0,6.420958006936317e-05,0.5
repeat_1_fold_4,CYP2A13,0.01385702679475287,0.02771405358950574,0.01385702679475287,0.0,0.25,-0.00016440157825511892,0.5
repeat_1_fold_4,CYP2B6,0.02771405358950574,0.03200143260047371,0.016000716300236854,0.011713337289268884,0.5,-3.914323291787092e-05,0.5
repeat_1_fold_4,DCAF11,0.20645209348264437,0.3276620986859121,0.16383104934295606,0.04262104413968831,0.5,0.00024268804409094402,0.5
repeat_1_fold_4,DCAF16,-0.026908545496894476,0.1264174386042985,0.06320871930214925,-0.09011726479904372,0.25,-0.0013230412726247809,0.5
repeat_1_fold_4,DCLRE1C,0.0,0.0,0.0,0.0,0.0,0.0,0.0
repeat_1_fold_4,DDIT4,0.0,0.0,0.0,0.0,0.0,-9.394375900292906e-05,0.5
repeat_1_fold_4,DDX6,0.0,0.0,0.0,0.0,0.0,0.0,0.0
repeat_1_fold_4,DEFA1,0.2753157143465579,0.3179072035802386,0.1589536017901193,0.11636211255643858,0.5,0.0002552579128766719,1.0
repeat_1_fold_4,DENND1A,0.0,0.0,0.0,0.0,0.0,4.815718505202238e-05,0.5
repeat_1_fold_4,DFFB,0.1419193750913621,0.2673295196424957,0.13366475982124784,0.008254615270114257,0.5,0.00032532063027870817,1.0
repeat_1_fold_4,DGKH,0.0,0.0,0.0,0.0,0.0,0.0,0.0
repeat_1_fold_4,DGKI,0.0,0.0,0.0,0.0,0.0,0.0,0.0
repeat_1_fold_4,DGKQ,0.0,0.0,0.0,0.0,0.0,0.0,0.0
repeat_1_fold_4,DGUOK,0.0,0.0,0.0,0.0,0.0,4.815718505202238e-05,0.5
repeat_1_fold_4,DIAPH2,0.0,0.0,0.0,0.0,0.0,0.0,0.0
repeat_1_fold_4,DIMT1,-0.18211601387231724,0.264582514742386,0.132291257371193,-0.3144072712435102,0.0,-0.0008476668912024421,1.0
repeat_1_fold_4,DNAJC8,0.0,0.0,0.0,0.0,0.0,0.0006810922527713537,0.5
repeat_1_fold_4,DOCK2,0.0,0.0,0.0,0.0,0.0,0.0,0.0
repeat_1_fold_4,DOCK9,0.028478788343054617,0.032884472232113916,0.016442236116056958,0.01203655222699766,0.5,0.0001765763451906932,0.5
repeat_1_fold_4,DPF3,-0.09703320835002494,0.49210028392997746,0.24605014196498873,-0.3430833503150137,0.25,-0.0008086704391245814,1.0
repeat_1_fold_4,DPM3,0.0,0.0,0.0,0.0,0.0,-4.697187950147841e-05,0.5
repeat_1_fold_4,DSC3,-0.09832773724085087,0.19665547448170173,0.09832773724085087,-0.19665547448170173,0.0,-0.00037577503601177176,0.5
repeat_1_fold_4,DTNA,0.13765785717327894,0.2753157143465579,0.13765785717327894,0.0,0.25,-3.131458633431894e-05,0.5
repeat_1_fold_4,DTNB,0.0,0.0,0.0,0.0,0.0,0.0,0.0
repeat_1_fold_4,DUOX2,0.0,0.0,0.0,0.0,0.0,0.00014874428508801496,0.5
repeat_1_fold_4,DYNC1H1,0.0,0.0,0.0,0.0,0.0,-0.0002006549377167044,0.5
repeat_1_fold_4,DYNC1LI1,0.0,0.0,0.0,0.0,0.0,8.026197508670396e-06,0.5
repeat_1_fold_4,DYNC2LI1,0.0,0.0,0.0,0.0,0.0,0.0,0.0
repeat_1_fold_4,ECT2,-0.017971182915475836,0.03594236583095167,0.017971182915475836,-0.03594236583095167,0.0,0.00013861841782336626,1.0
repeat_1_fold_4,EDEM1,0.0,0.0,0.0,0.0,0.0,-0.0009755667889858877,1.0
repeat_1_fold_4,EEF1AKMT2,0.23596106836012432,0.368989633085682,0.184494816542841,0.051466251817283315,0.5,7.322353220348687e-05,1.0
repeat_1_fold_4,EFNA3,0.03439711815468449,0.06879423630936898,0.03439711815468449,0.0,0.25,0.0003773554434125248,1.0
repeat_1_fold_4,EIF2AK2,0.42847770107924354,0.5184608437091963,0.25923042185459816,0.16924727922464539,0.75,-0.0005362255957651052,1.0
repeat_1_fold_4,EIF2S1,-0.02511525181490626,0.05023050362981252,0.02511525181490626,-0.05023050362981252,0.0,0.00011236676512135779,0.5
repeat_1_fold_4,ELF2,-0.031595780985337996,0.06319156197067599,0.031595780985337996,-0.06319156197067599,0.0,-0.0002740026304252352,0.5
repeat_1_fold_4,ELOVL1,0.0,0.0,0.0,0.0,0.0,0.0,0.0
repeat_1_fold_4,ENO1,0.0,0.0,0.0,0.0,0.0,0.0,0.0
repeat_1_fold_4,ENOPH1,0.0,0.0,0.0,0.0,0.0,-0.000250516690674496,0.5
repeat_1_fold_4,ERF,0.0,0.0,0.0,0.0,0.0,0.0,0.0
repeat_1_fold_4,ERN1,-0.07415150121092218,0.14830300242184435,0.07415150121092218,-0.14830300242184435,0.0,-3.388274836046978e-05,1.0
repeat_1_fold_4,ESYT1,0.014239394171527309,0.02847878834305462,0.01423939417152731,-1.734723475976807e-18,0.25,-0.00023426674473206455,1.0
repeat_1_fold_4,ETHE1,0.028478788343054617,0.032884472232113916,0.016442236116056958,0.01203655222699766,0.5,-0.00017321797946415196,1.0
repeat_1_fold_4,EXOC5,0.0,0.0,0.0,0.0,0.0,0.0,0.0
repeat_1_fold_4,F8,0.05408654647325584,0.10817309294651167,0.05408654647325584,0.0,0.25,6.966761555185497e-05,1.0
repeat_1_fold_4,FAM114A2,0.280814366627812,0.39455642568611826,0.19727821284305913,0.08353615378475288,0.5,0.0002505166906745515,0.5
repeat_1_fold_4,FANCI,0.0,0.0,0.0,0.0,0.0,9.394375900295682e-05,0.5
repeat_1_fold_4,FBXO21,0.0,0.0,0.0,0.0,0.0,0.0,0.0
repeat_1_fold_4,FCER1A,0.0,0.0,0.0,0.0,0.0,0.0,0.0
repeat_1_fold_4,FDX1,0.0,0.0,0.0,0.0,0.0,0.0,0.0
repeat_1_fold_4,FGF9,0.0,0.0,0.0,0.0,0.0,0.0,0.0
repeat_1_fold_4,FGFR3,0.0,0.0,0.0,0.0,0.0,0.0001800588714223339,0.5
repeat_1_fold_4,FKBP1A,0.0,0.0,0.0,0.0,0.0,-0.0004940683288858216,1.0
repeat_1_fold_4,FN1,0.0,0.0,0.0,0.0,0.0,-1.565729316715947e-05,0.5
repeat_1_fold_4,FSHB,0.0,0.0,0.0,0.0,0.0,0.0,0.0
repeat_1_fold_4,FUCA1,-0.03935464598643357,0.07870929197286713,0.03935464598643357,-0.07870929197286713,0.0,0.00016052395017335241,0.5
repeat_1_fold_4,G3BP1,0.0,0.0,0.0,0.0,0.0,-2.3485939750739204e-05,0.5
repeat_1_fold_4,GABRR1,0.0,0.0,0.0,0.0,0.0,9.6314370104017e-05,0.5
repeat_1_fold_4,GALK1,0.0,0.0,0.0,0.0,0.0,0.0,0.0
repeat_1_fold_4,GALNT1,0.2393733485156062,0.3594098727558625,0.17970493637793125,0.05966841213767496,0.5,-0.00036110549747003784,1.0
repeat_1_fold_4,GALNT2,0.03439711815468449,0.06879423630936898,0.03439711815468449,0.0,0.25,0.0005010333813490475,0.5
repeat_1_fold_4,GALR3,0.0,0.0,0.0,0.0,0.0,-0.0005068865186816929,1.0
repeat_1_fold_4,GARRE1,-0.03935464598643357,0.07870929197286713,0.03935464598643357,-0.07870929197286713,0.0,-9.6314370104017e-05,0.5
repeat_1_fold_4,GARS1,0.0,0.0,0.0,0.0,0.0,0.0,0.0
repeat_1_fold_4,GAST,0.0,0.0,0.0,0.0,0.0,-4.815718505202238e-05,0.5
repeat_1_fold_4,GATAD2A,-0.14830300242184435,0.17124555673976313,0.08562277836988157,-0.23392578079172593,0.0,0.00015249775266470977,0.5
repeat_1_fold_4,GBX2,0.0,0.0,0.0,0.0,0.0,1.565729316715947e-05,0.5
repeat_1_fold_4,GCH1,0.0,0.0,0.0,0.0,0.0,-3.2104790034681585e-05,0.5
repeat_1_fold_4,GCHFR,0.0,0.0,0.0,0.0,0.0,-0.00012039296263000043,0.5
repeat_1_fold_4,GCNT1,0.06879423630936898,0.07943674170381781,0.03971837085190891,0.029075865457460076,0.5,2.6375813207080157e-05,1.0
repeat_1_fold_4,GEM,0.22401319896382432,0.2613661803042421,0.13068309015212104,0.09333010881170328,0.5,-0.00011742969875366827,0.5
repeat_1_fold_4,GEMIN8,0.0,0.0,0.0,0.0,0.0,0.0,0.0
repeat_1_fold_4,GFER,0.0,0.0,0.0,0.0,0.0,0.0,0.0
repeat_1_fold_4,GFPT1,0.0,0.0,0.0,0.0,0.0,2.7755575615628914e-17,0.5
repeat_1_fold_4,GGA2,0.0,0.0,0.0,0.0,0.0,0.0,0.0
repeat_1_fold_4,GGH,0.0,0.0,0.0,0.0,0.0,0.0,0.0
repeat_1_fold_4,GGPS1,0.0,0.0,0.0,0.0,0.0,0.0,0.0
repeat_1_fold_4,GHR,-0.01493741702124396,0.08066433691017068,0.04033216845508534,-0.0552695854763293,0.25,-0.0006654349596041664,0.5
repeat_1_fold_4,GID8,0.0,0.0,0.0,0.0,0.0,0.0,0.0
repeat_1_fold_4,GINS3,0.0,0.0,0.0,0.0,0.0,-0.00014447155515601162,0.5
repeat_1_fold_4,GINS4,-0.0027326018360032123,0.012441715008492213,0.0062208575042461065,-0.008953459340249319,0.25,0.0003291982583605024,1.0
repeat_1_fold_4,GJA5,0.0,0.0,0.0,0.0,0.0,0.0,0.0
repeat_1_fold_4,GLTP,0.0,0.0,0.0,0.0,0.0,-5.6183382560692774e-05,0.5
repeat_1_fold_4,GLUD2,0.0,0.0,0.0,0.0,0.0,9.374620807786616e-05,1.0
repeat_1_fold_4,GMDS,0.13765785717327894,0.2753157143465579,0.13765785717327894,0.0,0.25,-0.0001722302248387264,0.5
repeat_1_fold_4,GMPPB,0.02771405358950574,0.03200143260047371,0.016000716300236854,0.011713337289268884,0.5,0.0005636625540176576,0.5
repeat_1_fold_4,GNB1,0.0,0.0,0.0,0.0,0.0,0.0,0.0
repeat_1_fold_4,GNG13,0.0,0.0,0.0,0.0,0.0,0.00010960105217011629,0.5
repeat_1_fold_4,GNRHR,-0.11350614719735574,0.14285324739566746,0.07142662369783373,-0.18493277089518947,0.0,-0.0008026197508668453,0.5
repeat_1_fold_4,GP2,0.3097128325012388,0.36200987480202723,0.18100493740101362,0.1287078951002252,0.5,0.0017980205521969383,1.0
repeat_1_fold_4,GPD2,0.0,0.0,0.0,0.0,0.0,-0.00013308699192079998,0.5
repeat_1_fold_4,GPR25,0.13765785717327894,0.2753157143465579,0.13765785717327894,0.0,0.25,-0.00025834533725807574,0.5
repeat_1_fold_4,GPR65,0.133054033417757,0.15363756402101494,0.07681878201050747,0.05623525140724954,0.5,0.000516690674516207,0.5
repeat_1_fold_4,GRIA1,0.014239394171527309,0.02847878834305462,0.01423939417152731,-1.734723475976807e-18,0.25,0.00016052395017335241,0.5
repeat_1_fold_4,GRK3,0.0,0.0,0.0,0.0,0.0,-9.394375900292906e-05,0.5
repeat_1_fold_4,GRK4,0.0,0.0,0.0,0.0,0.0,0.0,0.0
repeat_1_fold_4,GRPR,0.0,0.0,0.0,0.0,0.0,-7.828646583576959e-05,0.5
repeat_1_fold_4,GSTT2,0.0,0.0,0.0,0.0,0.0,4.736698135165973e-05,1.0
repeat_1_fold_4,GTF2H3,0.20129274684646603,0.2324328431554527,0.11621642157772635,0.08507632526873968,0.5,-0.00014190339312986078,1.0
repeat_1_fold_4,GTF3A,0.0,0.0,0.0,0.0,0.0,-6.262917266861012e-05,0.5
repeat_1_fold_4,GUCY2C,0.0,0.0,0.0,0.0,0.0,0.0,0.0
repeat_1_fold_4,GYPA,0.0,0.0,0.0,0.0,0.0,0.0,0.0
repeat_1_fold_4,GYS1,0.02101332474157047,0.6754368540979647,0.33771842704898236,-0.3167051023074119,0.5,-0.00013032127896955847,1.0
repeat_1_fold_4,GZMH,0.1619524992911856,0.25180461333341386,0.12590230666670693,0.03605019262447867,0.5,-0.00028183127700881494,0.5
repeat_1_fold_4,H1-1,0.0,0.0,0.0,0.0,0.0,0.00016440157825517443,0.5
repeat_1_fold_4,H2AX,0.0,0.0,0.0,0.0,0.0,0.0,0.0
repeat_1_fold_4,H2BC10,0.0,0.0,0.0,0.0,0.0,0.0,0.0
repeat_1_fold_4,H2BC17,0.20129274684646603,0.2324328431554527,0.11621642157772635,0.08507632526873968,0.5,3.1314586334346695e-05,0.5
repeat_1_fold_4,H2BC3,0.25284571772370334,0.3446386520213163,0.17231932601065816,0.08052639171304518,0.5,0.0011237184212986862,1.0
repeat_1_fold_4,H3C11,0.0,0.0,0.0,0.0,0.0,0.0,0.0
repeat_1_fold_4,H3C8,0.0,0.0,0.0,0.0,0.0,0.0,0.0
repeat_1_fold_4,H4C5,0.0,0.0,0.0,0.0,0.0,9.394375900295682e-05,0.5
repeat_1_fold_4,HAO1,0.0,0.0,0.0,0.0,0.0,0.0,0.0
repeat_1_fold_4,HARS2,0.0,0.0,0.0,0.0,0.0,-0.00016052395017335241,1.0
repeat_1_fold_4,HAS1,0.0,0.0,0.0,0.0,0.0,0.0,0.0
repeat_1_fold_4,HERPUD1,-0.2543023896049874,0.4104234841086191,0.20521174205430956,-0.459514131659297,0.0,0.0007480675457919861,1.0
repeat_1_fold_4,HIPK1,0.2652132383097765,0.30624186906160367,0.15312093453080183,0.11209230377897467,0.5,0.00014091563850443523,0.5
repeat_1_fold_4,HLA-DPA1,0.0,0.0,0.0,0.0,0.0,0.0,0.0
repeat_1_fold_4,HLA-DPB1,0.0,0.0,0.0,0.0,0.0,0.0,0.0
repeat_1_fold_4,HOXA11,0.0,0.0,0.0,0.0,0.0,-0.0001043405676126874,0.5
repeat_1_fold_4,HOXB1,0.01385702679475287,0.02771405358950574,0.01385702679475287,0.0,0.25,-0.00012525834533722024,0.5
repeat_1_fold_4,HOXD1,0.010768354245612954,0.14664449437901617,0.07332224718950808,-0.06255389294389513,0.25,0.000561833825606789,0.5
repeat_1_fold_4,HOXD11,0.0,0.0,0.0,0.0,0.0,0.0,0.0
repeat_1_fold_4,HRG,0.0,0.0,0.0,0.0,0.0,-0.000516171412160954,1.0
repeat_1_fold_4,HS3ST3A1,0.0,0.0,0.0,0.0,0.0,9.394375900295682e-05,0.5
repeat_1_fold_4,HS3ST3B1,0.0,0.0,0.0,0.0,0.0,0.0,0.0
repeat_1_fold_4,HSD17B14,0.01385702679475287,0.02771405358950574,0.01385702679475287,0.0,0.25,0.0003768361810572163,1.0
repeat_1_fold_4,HSD17B6,0.0,0.0,0.0,0.0,0.0,1.1311172815220427e-05,1.0
repeat_1_fold_4,HSPB1,0.0,0.0,0.0,0.0,0.0,-2.348593975071145e-05,0.5
repeat_1_fold_4,HTR1B,0.1722246281505022,0.20445450542235238,0.10222725271117619,0.06999737543932602,0.5,-0.00021137345775662508,0.5
repeat_1_fold_4,HTR3B,-0.03935464598643357,0.07870929197286713,0.03935464598643357,-0.07870929197286713,0.0,-8.82881725953466e-05,0.5
repeat_1_fold_4,ICAM2,-0.01087585764337895,0.06548140296719436,0.03274070148359718,-0.04361655912697613,0.25,-0.00019262874020806176,0.5
repeat_1_fold_4,ID3,-0.11350614719735219,0.22701229439470438,0.11350614719735219,-0.22701229439470438,0.0,0.0005226172022688991,1.0
repeat_1_fold_4,IDH3A,0.0,0.0,0.0,0.0,0.0,-0.00014447155515603938,0.5
repeat_1_fold_4,IFIT3,0.0,0.0,0.0,0.0,0.0,7.82864658360749e-06,0.5
repeat_1_fold_4,IFNAR1,0.0,0.0,0.0,0.0,0.0,0.0,0.0
repeat_1_fold_4,IFT25,0.0,0.0,0.0,0.0,0.0,6.420958006933541e-05,0.5
repeat_1_fold_4,IGFBP3,0.0,0.0,0.0,0.0,0.0,-0.0001017724055865088,0.5
repeat_1_fold_4,IGLC2,0.13365606988799783,0.13012244321002106,0.06506122160501053,0.0685948482829873,0.75,0.001025699483288789,1.0
repeat_1_fold_4,IL17A,0.0,0.0,0.0,0.0,0.0,0.0,0.0
repeat_1_fold_4,IL18,-0.03935464598643357,0.07870929197286713,0.03935464598643357,-0.07870929197286713,0.0,1.6052395017340793e-05,0.5
repeat_1_fold_4,IL1R2,0.1429821885610405,0.17307037190934607,0.08653518595467304,0.056447002606367466,1.0,0.0008267491134779648,1.0
repeat_1_fold_4,IL1RAP,0.0,0.0,0.0,0.0,0.0,0.0,0.0
repeat_1_fold_4,IL6,-0.07415150121092218,0.14830300242184435,0.07415150121092218,-0.14830300242184435,0.0,9.6314370104017e-05,0.5
repeat_1_fold_4,INHA,-0.07870929197286713,0.09088566181651939,0.04544283090825969,-0.12415212288112683,0.0,0.0012968630103428191,1.0
repeat_1_fold_4,INPP5F,0.0,0.0,0.0,0.0,0.0,-3.2104790034681585e-05,0.5
repeat_1_fold_4,INTS14,0.0,0.0,0.0,0.0,0.0,-0.00014874428508795945,0.5
repeat_1_fold_4,ITGA2B,0.0,0.0,0.0,0.0,0.0,0.0,0.0
repeat_1_fold_4,ITGAM,0.0,0.0,0.0,0.0,0.0,0.0,0.0
repeat_1_fold_4,JUN,0.20841909341061182,0.240661639369749,0.1203308196848745,0.08808827372573733,0.5,-0.0007464363683061526,0.5
repeat_1_fold_4,KANK1,0.0,0.0,0.0,0.0,0.0,-3.1314586334291183e-05,0.5
repeat_1_fold_4,KCNA3,0.08240536432344747,0.16757583722330602,0.08378791861165301,-0.001382554288205537,0.25,-0.0010999615402027818,1.0
repeat_1_fold_4,KCNC2,0.0,0.0,0.0,0.0,0.0,0.0,0.0
repeat_1_fold_4,KCND1,0.0,0.0,0.0,0.0,0.0,0.0005793198471848449,0.5
repeat_1_fold_4,KCNH2,0.0,0.0,0.0,0.0,0.0,1.6052395017340793e-05,0.5
repeat_1_fold_4,KCNJ15,0.0,0.0,0.0,0.0,0.0,0.0,0.0
repeat_1_fold_4,KCNJ16,0.01385702679475287,0.02771405358950574,0.01385702679475287,0.0,0.25,0.0004932047347654678,0.5
repeat_1_fold_4,KDSR,0.17698797710570524,0.2599010885235175,0.12995054426175875,0.047037432843946486,0.5,0.0003679463894282198,0.5
repeat_1_fold_4,KIF13A,0.0,0.0,0.0,0.0,0.0,-2.3485939750739204e-05,0.5
repeat_1_fold_4,KIF13B,0.0,0.0,0.0,0.0,0.0,-0.00021920210434020482,0.5
repeat_1_fold_4,KIF16B,0.0,0.0,0.0,0.0,0.0,0.0,0.0
repeat_1_fold_4,KIF3A,0.0,0.0,0.0,0.0,0.0,0.0,0.0
repeat_1_fold_4,KIR2DL4,0.0,0.0,0.0,0.0,0.0,4.013098754335198e-05,0.5
repeat_1_fold_4,KIR2DS4,0.0,0.0,0.0,0.0,0.0,0.0002448611042669413,1.0
repeat_1_fold_4,KL,0.0,0.0,0.0,0.0,0.0,0.0,0.0
repeat_1_fold_4,KLHL2,0.0,0.0,0.0,0.0,0.0,0.0,0.0
repeat_1_fold_4,KLHL21,-0.007398683964309427,0.34055369087399295,0.17027684543699648,-0.1776755294013059,0.25,0.0007124068391056726,0.5
repeat_1_fold_4,KMT2D,0.0,0.0,0.0,0.0,0.0,0.0,0.0
repeat_1_fold_4,KRT1,0.0,0.0,0.0,0.0,0.0,0.0,0.0
repeat_1_fold_4,KRT2,0.0,0.0,0.0,0.0,0.0,0.0,0.0
repeat_1_fold_4,KRT76,0.0,0.0,0.0,0.0,0.0,0.0,0.0
repeat_1_fold_4,KRTAP1-1,0.0,0.0,0.0,0.0,0.0,0.0,0.0
repeat_1_fold_4,KYNU,0.09729723530312562,0.12943120859651955,0.06471560429825977,0.032581631004865844,0.5,0.000754462565814823,0.5
repeat_1_fold_4,LAMA3,0.022016712788216708,0.17609831578722426,0.08804915789361213,-0.06603244510539542,0.25,0.00025182615673016717,1.0
repeat_1_fold_4,LARS1,0.3288481279829689,0.4412715906876065,0.22063579534380326,0.10821233263916566,0.5,0.00029380849301929857,1.0
repeat_1_fold_4,LDLRAP1,0.014239394171527309,0.02847878834305462,0.01423939417152731,-1.734723475976807e-18,0.25,0.000350189426505082,1.0
repeat_1_fold_4,LHX3,0.0,0.0,0.0,0.0,0.0,-0.0002974885701759744,0.5
repeat_1_fold_4,LILRA3,0.0,0.0,0.0,0.0,0.0,0.0,0.0
repeat_1_fold_4,LIPA,0.0,0.0,0.0,0.0,0.0,0.0,0.0
repeat_1_fold_4,LIPF,0.0,0.0,0.0,0.0,0.0,0.0,0.0
repeat_1_fold_4,LMAN1,0.030511274667984978,0.046286740379398374,0.023143370189699187,0.007367904478285791,0.5,0.0009237802968622977,0.5
repeat_1_fold_4,LMAN2L,0.0,0.0,0.0,0.0,0.0,0.0,0.0
repeat_1_fold_4,LPCAT1,0.0,0.0,0.0,0.0,0.0,-0.00017361308131436104,1.0
repeat_1_fold_4,LRPPRC,-0.07870929197286713,0.09088566181651939,0.04544283090825969,-0.12415212288112683,0.0,-0.00015249775266470977,0.5
repeat_1_fold_4,LTF,0.0,0.0,0.0,0.0,0.0,0.0,0.0
repeat_1_fold_4,LYZ,0.0,0.0,0.0,0.0,0.0,0.0,0.0
repeat_1_fold_4,MAGI2,0.0,0.0,0.0,0.0,0.0,0.0,0.0
repeat_1_fold_4,MAGT1,0.0,0.0,0.0,0.0,0.0,0.0,0.0
repeat_1_fold_4,MAML3,0.0,0.0,0.0,0.0,0.0,0.0,0.0
repeat_1_fold_4,MAN1C1,0.0,0.0,0.0,0.0,0.0,0.0005603041882911719,1.0
repeat_1_fold_4,MAN2C1,0.0,0.0,0.0,0.0,0.0,0.0,0.0
repeat_1_fold_4,MAP2K7,0.03931216168036933,0.0725731075452647,0.03628655377263235,0.0030256079077369755,0.5,-7.065537017728052e-05,1.0
repeat_1_fold_4,MAP3K3,0.19530435318725203,0.25512210475135816,0.12756105237567908,0.06774330081157295,0.5,-0.00024268804409091627,0.5
repeat_1_fold_4,MAPK1,0.10064637342323302,0.20129274684646603,0.10064637342323302,0.0,0.25,-0.00010038954911090192,1.0
repeat_1_fold_4,MARCKS,0.0,0.0,0.0,0.0,0.0,4.697187950147841e-05,0.5
repeat_1_fold_4,MAT2A,0.0,0.0,0.0,0.0,0.0,0.00014874428508801496,1.0
repeat_1_fold_4,MAU2,0.0,0.0,0.0,0.0,0.0,0.000288943110312051,0.5
repeat_1_fold_4,MB,0.0,0.0,0.0,0.0,0.0,0.0,0.0
repeat_1_fold_4,MBD1,0.09910413411456354,0.323364739976731,0.1616823699883655,-0.06257823587380196,0.5,0.0001271604641681634,1.0
repeat_1_fold_4,MBD4,0.0,0.0,0.0,0.0,0.0,-0.0001765763451906932,1.0
repeat_1_fold_4,MCCC1,-0.05991210703939487,0.1600639927983895,0.08003199639919475,-0.13994410343858962,0.25,-0.00035315269038141417,0.5
repeat_1_fold_4,MCCC2,0.0,0.0,0.0,0.0,0.0,0.0003444604496774806,0.5
repeat_1_fold_4,MCFD2,0.0,0.0,0.0,0.0,0.0,0.0,0.0
repeat_1_fold_4,MCM2,0.01385702679475287,0.02771405358950574,0.01385702679475287,0.0,0.25,-0.0003413730252960212,1.0
repeat_1_fold_4,MCM4,0.014239394171527309,0.02847878834305462,0.01423939417152731,-1.734723475976807e-18,0.25,0.0003692050853987272,0.5
repeat_1_fold_4,MECOM,0.028096420966280178,0.032448960553173783,0.016224480276586892,0.011871940689693286,0.5,1.0520969114830026e-05,1.0
repeat_1_fold_4,MED15,0.0,0.0,0.0,0.0,0.0,0.0,0.0
repeat_1_fold_4,MED24,0.048220788365975764,0.09644157673195153,0.048220788365975764,0.0,0.25,-0.00018460254269939136,0.5
repeat_1_fold_4,MED31,-0.17193117198678287,0.20265292433882903,0.10132646216941452,-0.2732576341561974,0.0,-0.0005088620279325995,0.5
repeat_1_fold_4,MED9,0.0,0.0,0.0,0.0,0.0,0.0,0.0
repeat_1_fold_4,MELTF,0.0,0.0,0.0,0.0,0.0,5.618338256066502e-05,0.5
repeat_1_fold_4,MEN1,0.0,0.0,0.0,0.0,0.0,0.0,0.0
repeat_1_fold_4,MET,0.0,0.0,0.0,0.0,0.0,0.0,0.0
repeat_1_fold_4,MLEC,0.028478788343054617,0.032884472232113916,0.016442236116056958,0.01203655222699766,0.5,-3.388274836046978e-05,1.0
repeat_1_fold_4,MMP10,0.028478788343054617,0.032884472232113916,0.016442236116056958,0.01203655222699766,0.5,0.00014447155515601162,0.5
repeat_1_fold_4,MMRN2,-0.23581379328897967,0.1926998128035909,0.09634990640179544,-0.3321636996907751,0.0,-0.000239403068784394,1.0
repeat_1_fold_4,MNAT1,-0.09832773724085087,0.19665547448170173,0.09832773724085087,-0.19665547448170173,0.0,0.0004227469155132779,1.0
repeat_1_fold_4,MOCS3,0.0,0.0,0.0,0.0,0.0,0.0002270307509238123,0.5
repeat_1_fold_4,MPL,-0.16042962985542353,0.2620558643717566,0.1310279321858783,-0.2914575620413018,0.0,-0.0003371002953640734,0.5
repeat_1_fold_4,MRPL40,-0.03935464598643357,0.07870929197286713,0.03935464598643357,-0.07870929197286713,0.0,4.0130987543324226e-05,0.5
repeat_1_fold_4,MRPS16,0.0,0.0,0.0,0.0,0.0,0.0,0.0
repeat_1_fold_4,MRPS35,0.0,0.0,0.0,0.0,0.0,-0.00013308699192082774,0.5
repeat_1_fold_4,MSL1,0.0,0.0,0.0,0.0,0.0,0.0003210479003467326,0.5
repeat_1_fold_4,MSRA,0.0,0.0,0.0,0.0,0.0,0.0,0.0
repeat_1_fold_4,MTAP,0.0,0.0,0.0,0.0,0.0,0.0,0.0
repeat_1_fold_4,MTF2,-0.03935464598643357,0.07870929197286713,0.03935464598643357,-0.07870929197286713,0.0,-0.0001846025426993636,0.5
repeat_1_fold_4,MTM1,0.0,0.0,0.0,0.0,0.0,1.6052395017340793e-05,0.5
repeat_1_fold_4,MUC5AC,-0.09201658887291231,0.023246266360126267,0.011623133180063134,-0.10363972205297545,0.0,0.00033433458241283187,1.0
repeat_1_fold_4,MYBPC3,0.08265126310412008,0.09808340448065873,0.04904170224032937,0.03360956086379071,0.5,3.9143232917898674e-05,0.5
repeat_1_fold_4,MYH2,0.0,0.0,0.0,0.0,0.0,0.00011742969875369602,0.5
repeat_1_fold_4,MYL7,0.0,0.0,0.0,0.0,0.0,-9.651192102910766e-05,1.0
repeat_1_fold_4,MYO3A,0.0,0.0,0.0,0.0,0.0,0.0,0.5
repeat_1_fold_4,MZT2B,0.0,0.0,0.0,0.0,0.0,0.00024268804409097178,0.5
repeat_1_fold_4,NAAA,0.0,0.0,0.0,0.0,0.0,0.0,0.0
repeat_1_fold_4,NABP2,0.0,0.0,0.0,0.0,0.0,0.0,0.0
repeat_1_fold_4,NBR1,0.0,0.0,0.0,0.0,0.0,0.0,0.0
repeat_1_fold_4,NCF4,0.0,0.0,0.0,0.0,0.0,0.0,0.0
repeat_1_fold_4,NCK1,0.0,0.0,0.0,0.0,0.0,6.262917266863788e-05,0.5
repeat_1_fold_4,NCOA1,0.014239394171527309,0.02847878834305462,0.01423939417152731,-1.734723475976807e-18,0.25,0.0004294636469663049,1.0
repeat_1_fold_4,NCOR2,0.0,0.0,0.0,0.0,0.0,8.611511241937708e-05,0.5
repeat_1_fold_4,NDST1,0.0,0.0,0.0,0.0,0.0,0.00011710798732350591,1.0
repeat_1_fold_4,NDUFAF3,0.0,0.0,0.0,0.0,0.0,0.0,0.0
repeat_1_fold_4,NDUFB4,0.0,0.0,0.0,0.0,0.0,-4.0130987543324226e-05,0.5
repeat_1_fold_4,NEFL,0.0,0.0,0.0,0.0,0.0,0.0,0.0
repeat_1_fold_4,NFIB,0.15701353624928416,0.18271028049414142,0.09135514024707071,0.06565839600221345,0.5,0.0006312304998135343,1.0
repeat_1_fold_4,NHP2,0.0,0.0,0.0,0.0,0.0,0.00013716217092771266,1.0
repeat_1_fold_4,NLRP3,0.16735376101753907,0.5341579891428963,0.2670789945714481,-0.09972523355390905,0.25,0.0003010218664926956,1.0
repeat_1_fold_4,NMUR1,0.0,0.0,0.0,0.0,0.0,-0.000125258345337248,0.5
repeat_1_fold_4,NOTCH2NLA,0.0,0.0,0.0,0.0,0.0,0.0,0.0
repeat_1_fold_4,NOTCH3,0.0,0.0,0.0,0.0,0.0,0.0,0.0
repeat_1_fold_4,NPC1,0.0,0.0,0.0,0.0,0.0,0.0003594009295642686,1.0
repeat_1_fold_4,NPR1,0.0,0.0,0.0,0.0,0.0,5.48005260850859e-05,0.5
repeat_1_fold_4,NR2C1,0.0,0.0,0.0,0.0,0.0,-0.00024078592526005638,0.5
repeat_1_fold_4,NR4A2,-0.03935464598643357,0.07870929197286713,0.03935464598643357,-0.07870929197286713,0.0,-5.618338256066502e-05,0.5
repeat_1_fold_4,NRF1,-0.007463577487897055,0.008618196943509992,0.004309098471754996,-0.011772675959652052,0.0,-0.0006734103870277564,1.0
repeat_1_fold_4,NRP2,0.0,0.0,0.0,0.0,0.0,0.0,0.0
repeat_1_fold_4,NRXN3,0.13765785717327894,0.2753157143465579,0.13765785717327894,0.0,0.25,0.0001565729316715947,0.5
repeat_1_fold_4,NTN3,0.0,0.0,0.0,0.0,0.0,0.00032097450992674137,0.5
repeat_1_fold_4,NUDC,0.0,0.0,0.0,0.0,0.0,-2.3485939750739204e-05,0.5
repeat_1_fold_4,NUP188,0.0,0.0,0.0,0.0,0.0,0.0,0.0
repeat_1_fold_4,NUP98,0.0,0.0,0.0,0.0,0.0,0.0,0.0
repeat_1_fold_4,OAT,0.0,0.0,0.0,0.0,0.0,-0.00016637708750602553,1.0
repeat_1_fold_4,OBSL1,0.13765785717327894,0.2753157143465579,0.13765785717327894,0.0,0.25,0.00014091563850443523,0.5
repeat_1_fold_4,OLA1,0.0,0.0,0.0,0.0,0.0,-0.0001765763451906932,0.5
repeat_1_fold_4,OPRL1,0.1431565094545384,0.1653028985396499,0.08265144926982496,0.06050506018471344,0.5,-6.262917266861012e-05,0.5
repeat_1_fold_4,OR1D2,0.16084152166428645,0.18617736266744797,0.09308868133372399,0.06775284033056246,0.5,-0.0009230127134968735,0.5
repeat_1_fold_4,OR1G1,-0.0037317887439485276,0.007463577487897055,0.0037317887439485276,-0.007463577487897055,0.0,-0.00035880827678899663,1.0
repeat_1_fold_4,OR3A2,0.0,0.0,0.0,0.0,0.0,-0.0002488121227687268,0.5
repeat_1_fold_4,OR5V1,0.0,0.0,0.0,0.0,0.0,-0.00010960105217006078,0.5
repeat_1_fold_4,ORC4,0.0,0.0,0.0,0.0,0.0,-0.0001957161645894656,0.5
repeat_1_fold_4,OSBP,0.0,0.0,0.0,0.0,0.0,0.0,0.0
repeat_1_fold_4,OSBPL1A,0.0,0.0,0.0,0.0,0.0,0.0,0.0
repeat_1_fold_4,OSBPL2,0.0,0.0,0.0,0.0,0.0,0.0,0.0
repeat_1_fold_4,OSGEPL1,0.0,0.0,0.0,0.0,0.0,0.0,0.0
repeat_1_fold_4,OSTM1,0.0,0.0,0.0,0.0,0.0,0.0,0.0
repeat_1_fold_4,P2RX2,0.0,0.0,0.0,0.0,0.0,-1.6052395017340793e-05,0.5
repeat_1_fold_4,PADI2,0.0,0.0,0.0,0.0,0.0,0.0,0.0
repeat_1_fold_4,PAFAH1B1,0.029537311650148723,0.497281922521226,0.248640961260613,-0.21910364961046427,0.75,0.0011479945647497325,1.0
repeat_1_fold_4,PAPPA,0.0,0.0,0.0,0.0,0.0,0.0004462328552640171,0.5
repeat_1_fold_4,PARG,0.09650828989887117,0.11143817430428742,0.05571908715214371,0.04078920274672746,0.5,0.0002583453372581035,0.5
repeat_1_fold_4,PCBP1,0.0,0.0,0.0,0.0,0.0,0.0,0.0
repeat_1_fold_4,PCGF2,0.0,0.0,0.0,0.0,0.0,-8.611511241934933e-05,0.5
repeat_1_fold_4,PCNA,0.023750824139785465,0.1355108712431455,0.06775543562157275,-0.04400461148178729,0.5,0.0010183393289754372,1.0
repeat_1_fold_4,PCNT,0.0,0.0,0.0,0.0,0.0,-0.00025834533725807574,0.5
repeat_1_fold_4,PCSK2,0.0,0.0,0.0,0.0,0.0,0.0,0.0
repeat_1_fold_4,PCSK5,0.15405896486941728,0.20806150493057193,0.10403075246528597,0.050028212404131314,0.5,-0.0007075414563983695,1.0
repeat_1_fold_4,PCYOX1L,0.10064637342323302,0.20129274684646603,0.10064637342323302,0.0,0.25,0.0004326752318528082,1.0
repeat_1_fold_4,PDCD11,0.0,0.0,0.0,0.0,0.0,0.0,0.0
repeat_1_fold_4,PDCD1LG2,0.13765785717327894,0.2753157143465579,0.13765785717327894,0.0,0.25,0.0009536612566359015,1.0
repeat_1_fold_4,PDE8A,0.0,0.0,0.0,0.0,0.0,0.0,0.0
repeat_1_fold_4,PDGFD,0.0,0.0,0.0,0.0,0.0,8.026197508670396e-06,0.5
repeat_1_fold_4,PDSS2,0.0,0.0,0.0,0.0,0.0,0.0,0.0
repeat_1_fold_4,PEA15,-0.03306645586332024,0.07374103075426476,0.03687051537713238,-0.06993697124045262,0.25,-0.0010991939568373577,1.0
repeat_1_fold_4,PEAK1,0.13765785717327894,0.2753157143465579,0.13765785717327894,0.0,0.25,0.00014874428508801496,0.5
repeat_1_fold_4,PEX19,0.0,0.0,0.0,0.0,0.0,0.0,0.0
repeat_1_fold_4,PFAS,0.0,0.0,0.0,0.0,0.0,0.0,0.0
repeat_1_fold_4,PFKFB1,0.09644157673195153,0.11136114057452833,0.05568057028726416,0.040761006444687366,0.5,-0.00044946706048543117,0.5
repeat_1_fold_4,PFKL,0.014239394171527309,0.02847878834305462,0.01423939417152731,-1.734723475976807e-18,0.25,-8.82881725953466e-05,0.5
repeat_1_fold_4,PFKP,-0.11350614719735574,0.14285324739566746,0.07142662369783373,-0.18493277089518947,0.0,-0.0001846025426993636,0.5
repeat_1_fold_4,PHF10,0.028478788343054617,0.032884472232113916,0.016442236116056958,0.01203655222699766,0.5,-0.000521702838063437,0.5
repeat_1_fold_4,PHF2,0.17087056304402992,0.1973043311401072,0.0986521655700536,0.07221839747397632,0.5,-0.0007828646583578347,0.5
repeat_1_fold_4,PHLPP2,0.0,0.0,0.0,0.0,0.0,0.0,0.0
repeat_1_fold_4,PI4KA,0.028478788343054617,0.032884472232113916,0.016442236116056958,0.01203655222699766,0.5,-0.0002568383202773694,0.5
repeat_1_fold_4,PIGR,0.0,0.0,0.0,0.0,0.0,0.0,0.0
repeat_1_fold_4,PIK3R1,0.28975350534484434,0.4680956819767497,0.23404784098837486,0.05570566435646948,0.5,0.0014201232260942498,1.0
repeat_1_fold_4,PJA1,-0.14830300242184435,0.17124555673976313,0.08562277836988157,-0.23392578079172593,0.0,0.0002006549377167044,0.5
repeat_1_fold_4,PKP3,0.0,0.0,0.0,0.0,0.0,-0.0003049955053293918,0.5
repeat_1_fold_4,PLA2G4C,0.2891727411413054,0.33467378864073427,0.16733689432036714,0.12183584682093829,0.5,5.709774676612711e-05,1.0
repeat_1_fold_4,PLAAT3,-0.15286079318378576,0.21405081127757758,0.10702540563878879,-0.2598861988225746,0.0,0.00011236676512135779,0.5
repeat_1_fold_4,PLD3,0.010507605427578781,0.031756082936127666,0.015878041468063833,-0.005370436040485052,0.25,-0.00040933607294210694,0.5
repeat_1_fold_4,PLEKHG3,0.0,0.0,0.0,0.0,0.0,0.0,0.0
repeat_1_fold_4,PLPP3,0.0,0.0,0.0,0.0,0.0,0.0,0.0
repeat_1_fold_4,PNLIPRP1,0.0,0.0,0.0,0.0,0.0,3.131458633431894e-05,0.5
repeat_1_fold_4,PNO1,0.0,0.0,0.0,0.0,0.0,0.0,0.0
repeat_1_fold_4,PNOC,0.02771405358950574,0.03200143260047371,0.016000716300236854,0.011713337289268884,0.5,0.00013059222031469586,1.0
repeat_1_fold_4,PNPLA3,0.0,0.0,0.0,0.0,0.0,0.0,0.0
repeat_1_fold_4,POLA2,0.0,0.0,0.0,0.0,0.0,0.0,0.0
repeat_1_fold_4,POLR1D,-0.19665547448170173,0.22707818225924817,0.11353909112962408,-0.3101945656113258,0.0,0.00018788751800588588,0.5
repeat_1_fold_4,POLR2C,0.0,0.0,0.0,0.0,0.0,-0.00015657293167156694,0.5
repeat_1_fold_4,POP1,0.0,0.0,0.0,0.0,0.0,-1.6052395017340793e-05,0.5
repeat_1_fold_4,PPCDC,-0.06161198290378245,0.23171685501187897,0.11585842750593948,-0.17747041040972195,0.25,0.0001377548237030124,1.0
repeat_1_fold_4,PPID,-0.056834139596904976,0.06562641159086771,0.032813205795433856,-0.08964734539233883,0.0,-0.0005949771403519488,0.5
repeat_1_fold_4,PPL,-0.044286524606309996,0.08857304921261999,0.044286524606309996,-0.08857304921261999,0.0,0.0003595250900693958,1.0
repeat_1_fold_4,PPP1CA,0.0,0.0,0.0,0.0,0.0,0.0,0.0
repeat_1_fold_4,PPP1CB,0.01385702679475287,0.02771405358950574,0.01385702679475287,0.0,0.25,3.9143232917898674e-05,0.5
repeat_1_fold_4,PPP1R3C,0.0,0.0,0.0,0.0,0.0,0.0,0.0
repeat_1_fold_4,PPP2R1A,0.0,0.0,0.0,0.0,0.0,0.0,0.0
repeat_1_fold_4,PPP4C,0.0,0.0,0.0,0.0,0.0,-0.00031302170283803443,1.0
repeat_1_fold_4,PPRC1,0.0,0.0,0.0,0.0,0.0,0.0,0.0
repeat_1_fold_4,PPT1,0.0,0.0,0.0,0.0,0.0,0.0,0.0
repeat_1_fold_4,PRDM9,0.0715782547272692,0.1431565094545384,0.0715782547272692,0.0,0.25,-3.2104790034681585e-05,1.0
repeat_1_fold_4,PREX2,0.0,0.0,0.0,0.0,0.0,0.0,0.0
repeat_1_fold_4,PRG2,0.0,0.0,0.0,0.0,0.0,0.0,0.0
repeat_1_fold_4,PRKAR1B,0.0,0.0,0.0,0.0,0.0,0.0002169048836591081,1.0
repeat_1_fold_4,PRKCG,0.0,0.0,0.0,0.0,0.0,4.697187950147841e-05,0.5
repeat_1_fold_4,PRKD2,0.0,0.0,0.0,0.0,0.0,5.618338256066502e-05,0.5
repeat_1_fold_4,PRPS1L1,-0.04424119076759503,0.25408006801191146,0.12704003400595573,-0.17128122477355076,0.25,-0.0009028117490526288,1.0
repeat_1_fold_4,PRSS1,-0.1755930976321185,0.351186195264237,0.1755930976321185,-0.351186195264237,0.0,8.026197508670396e-06,0.5
repeat_1_fold_4,PRSS3,0.0,0.0,0.0,0.0,0.0,0.0,0.0
repeat_1_fold_4,PSEN1,0.1989495846100784,0.5082910461630286,0.2541455230815143,-0.05519593847143589,0.25,0.0009774689078168308,1.0
repeat_1_fold_4,PSMC6,-0.02511525181490626,0.09219846820587566,0.04609923410293783,-0.07121448591784409,0.25,-4.013098754335198e-05,0.5
repeat_1_fold_4,PSMD9,0.0,0.0,0.0,0.0,0.0,-8.611511241934933e-05,0.5
repeat_1_fold_4,PTGS1,0.0,0.0,0.0,0.0,0.0,0.00010177240558653655,0.5
repeat_1_fold_4,PTGS2,-0.07870929197286713,0.09088566181651939,0.04544283090825969,-0.12415212288112683,0.0,-0.00014447155515603938,0.5
repeat_1_fold_4,PTH1R,0.0,0.0,0.0,0.0,0.0,0.0,0.0
repeat_1_fold_4,PTPRU,0.0,0.0,0.0,0.0,0.0,0.0,0.0
repeat_1_fold_4,PUDP,0.0,0.0,0.0,0.0,0.0,0.00014874428508801496,0.5
repeat_1_fold_4,PUF60,0.01385702679475287,0.02771405358950574,0.01385702679475287,0.0,0.25,-0.000610634433519136,0.5
repeat_1_fold_4,PUS3,0.0,0.0,0.0,0.0,0.0,0.0,0.0
repeat_1_fold_4,PYCR3,0.0,0.0,0.0,0.0,0.0,0.0,0.0
repeat_1_fold_4,RAB22A,0.0,0.0,0.0,0.0,0.0,-4.815718505202238e-05,0.5
repeat_1_fold_4,RAB29,0.0,0.0,0.0,0.0,0.0,-0.0002713103078939849,1.0
repeat_1_fold_4,RAB32,-0.10337897525923267,0.20675795051846535,0.10337897525923267,-0.20675795051846535,0.0,1.5657293167187225e-05,0.5
repeat_1_fold_4,RAB7A,0.0,0.0,0.0,0.0,0.0,-0.000125258345337248,0.5
repeat_1_fold_4,RAMP1,0.0,0.0,0.0,0.0,0.0,0.0,0.0
repeat_1_fold_4,RANBP1,0.0,0.0,0.0,0.0,0.0,0.0,0.0
repeat_1_fold_4,RAP1B,0.0,0.0,0.0,0.0,0.0,-0.00015657293167156694,0.5
repeat_1_fold_4,RAP1GAP,0.0,0.0,0.0,0.0,0.0,0.0,0.0
repeat_1_fold_4,RARG,0.0,0.0,0.0,0.0,0.0,0.0,0.0
repeat_1_fold_4,RASA1,0.0,0.0,0.0,0.0,0.0,0.0,0.0
repeat_1_fold_4,RASAL2,0.0,0.0,0.0,0.0,0.0,0.00011742969875369602,0.5
repeat_1_fold_4,RBM7,0.0,0.0,0.0,0.0,0.0,0.0,0.0
repeat_1_fold_4,REG1A,0.0,0.0,0.0,0.0,0.0,-0.0003371002953640734,0.5
repeat_1_fold_4,RET,0.0,0.0,0.0,0.0,0.0,0.0,0.0
repeat_1_fold_4,RGP1,0.0,0.0,0.0,0.0,0.0,0.0,0.0
repeat_1_fold_4,RGS20,0.04351343132919361,0.11830782415030144,0.05915391207515072,-0.015640480745957114,0.25,-0.0003531526903813864,0.5
repeat_1_fold_4,RHCE,0.0,0.0,0.0,0.0,0.0,0.0,0.0
repeat_1_fold_4,RHOA,0.17205497532796343,0.2605851747648963,0.13029258738244814,0.04176238794551529,0.5,-0.0006581989657958587,1.0
repeat_1_fold_4,RHOBTB2,0.0,0.0,0.0,0.0,0.0,-0.00023485939750733653,0.5
repeat_1_fold_4,RNF14,-0.03935464598643357,0.07870929197286713,0.03935464598643357,-0.07870929197286713,0.0,0.00033801465956953547,1.0
repeat_1_fold_4,RNF31,0.0,0.0,0.0,0.0,0.0,0.0,0.0
repeat_1_fold_4,RNF34,0.0,0.0,0.0,0.0,0.0,-0.00025683832027739717,0.5
repeat_1_fold_4,RNF8,0.06879423630936898,0.07943674170381781,0.03971837085190891,0.029075865457460076,0.5,0.0002704467137736588,1.0
repeat_1_fold_4,ROBO3,0.20129274684646603,0.2324328431554527,0.11621642157772635,0.08507632526873968,0.5,0.0001330869919208555,0.5
repeat_1_fold_4,RPA4,0.34410995065591976,0.3973439452840482,0.1986719726420241,0.14543797801389566,0.5,-9.39437590029013e-05,0.5
repeat_1_fold_4,RPL37A,-0.03935464598643357,0.07870929197286713,0.03935464598643357,-0.07870929197286713,0.0,-0.000248812122768699,0.5
repeat_1_fold_4,RPLP2,-0.19833153994614072,0.26538080860751684,0.13269040430375842,-0.33102194424989917,0.0,0.00020124759049200414,1.0
repeat_1_fold_4,RPP25,0.0,0.0,0.0,0.0,0.0,0.0,0.0
repeat_1_fold_4,RPRD2,-0.01087585764337895,0.06548140296719436,0.03274070148359718,-0.04361655912697613,0.25,-0.0009274096039338653,1.0
repeat_1_fold_4,RPS21,0.014239394171527309,0.02847878834305462,0.01423939417152731,-1.734723475976807e-18,0.25,-3.2104790034681585e-05,0.5
repeat_1_fold_4,RPS28,0.01385702679475287,0.02771405358950574,0.01385702679475287,0.0,0.25,-0.00015657293167156694,0.5
repeat_1_fold_4,RPS6KB1,0.0,0.0,0.0,0.0,0.0,0.0,0.0
repeat_1_fold_4,RRM2,0.0,0.0,0.0,0.0,0.0,0.0,0.0
repeat_1_fold_4,RRP7A,0.0,0.0,0.0,0.0,0.0,0.0,0.0
repeat_1_fold_4,RXRA,0.0,0.0,0.0,0.0,0.0,0.0,0.0
repeat_1_fold_4,RXRG,0.0,0.0,0.0,0.0,0.0,0.0,0.0
repeat_1_fold_4,S100A1,0.0,0.0,0.0,0.0,0.0,9.394375900295682e-05,0.5
repeat_1_fold_4,S100A10,0.0,0.0,0.0,0.0,0.0,0.00023485939750739204,0.5
repeat_1_fold_4,S1PR2,0.0,0.0,0.0,0.0,0.0,-0.0004976242455374535,0.5
repeat_1_fold_4,S1PR5,0.0393301199324263,0.07866023986485259,0.03933011993242629,6.938893903907228e-18,0.25,-0.00047754744159828055,0.5
repeat_1_fold_4,SAE1,0.028096420966280178,0.032448960553173783,0.016224480276586892,0.011871940689693286,0.5,0.00014676877583710835,1.0
repeat_1_fold_4,SAG,0.0,0.0,0.0,0.0,0.0,0.0,0.0
repeat_1_fold_4,SAP30BP,0.0,0.0,0.0,0.0,0.0,0.0,0.0
repeat_1_fold_4,SARM1,0.13318084136365016,0.153888413003987,0.0769442065019935,0.056236634861656656,0.5,-8.026197508670396e-05,0.5
repeat_1_fold_4,SCFD1,0.06459415190083462,0.09508623054616859,0.047543115273084295,0.017051036627750323,0.5,7.223577757800581e-05,0.5
repeat_1_fold_4,SCG2,0.0,0.0,0.0,0.0,0.0,0.0,0.0
repeat_1_fold_4,SDC3,0.014239394171527309,0.02847878834305462,0.01423939417152731,-1.734723475976807e-18,0.25,0.00039637110230619776,1.0
repeat_1_fold_4,SEC24D,-0.06463240269753712,0.12926480539507423,0.06463240269753712,-0.12926480539507423,0.0,0.00021097835590647152,1.0
repeat_1_fold_4,SEMA6D,-0.07415150121092218,0.14830300242184435,0.07415150121092218,-0.14830300242184435,0.0,-0.0002620988048347428,1.0
repeat_1_fold_4,SERINC3,0.0,0.0,0.0,0.0,0.0,-7.045781925218986e-05,0.5
repeat_1_fold_4,SERINC5,0.0,0.0,0.0,0.0,0.0,0.0005871484937684246,0.5
repeat_1_fold_4,SERPINA5,0.1431565094545384,0.1653028985396499,0.08265144926982496,0.06050506018471344,0.5,-0.00010960105217008853,0.5
repeat_1_fold_4,SERPINB10,0.0,0.0,0.0,0.0,0.0,0.0,0.0
repeat_1_fold_4,SERPINB8,-0.01125822502015339,0.06495562208833758,0.03247781104416879,-0.04373603606432218,0.25,-2.625165270198071e-05,1.0
repeat_1_fold_4,SERPIND1,0.02111345477699622,0.07462404656796917,0.037312023283984586,-0.016198568506988364,0.25,0.00021631223088386387,1.0
repeat_1_fold_4,SETD3,0.0,0.0,0.0,0.0,0.0,0.0003053172167595819,0.5
repeat_1_fold_4,SGCD,-0.20133523115253027,0.16548672929363403,0.08274336464681702,-0.2840785957993473,0.0,-0.0016147500958881011,1.0
repeat_1_fold_4,SGMS1,-0.03935464598643357,0.07870929197286713,0.03935464598643357,-0.07870929197286713,0.0,3.2104790034681585e-05,0.5
repeat_1_fold_4,SH3GL3,0.10064637342323302,0.20129274684646603,0.10064637342323302,0.0,0.25,0.00028965992359242243,0.5
repeat_1_fold_4,SLC13A1,-0.14830300242184435,0.17124555673976313,0.08562277836988157,-0.23392578079172593,0.0,0.000311170354092255,1.0
repeat_1_fold_4,SLC16A10,0.0,0.0,0.0,0.0,0.0,-0.00011236676512135779,0.5
repeat_1_fold_4,SLC16A3,0.03439711815468449,0.06879423630936898,0.03439711815468449,0.0,0.25,-9.591926825383568e-05,1.0
repeat_1_fold_4,SLC22A8,0.014239394171527309,0.02847878834305462,0.01423939417152731,-1.734723475976807e-18,0.25,0.0001765763451906932,0.5
repeat_1_fold_4,SLC25A16,0.07017322081743416,0.06081387742626279,0.030406938713131396,0.03976628210430276,0.75,0.0008026705209519258,1.0
repeat_1_fold_4,SLC29A2,0.0,0.0,0.0,0.0,0.0,0.0,0.0
repeat_1_fold_4,SLC2A1,0.0,0.0,0.0,0.0,0.0,0.0,0.0
repeat_1_fold_4,SLC38A2,-0.010102476036770724,0.011665334518622643,0.005832667259311321,-0.015935143296082047,0.0,0.0001330869919208555,0.5
repeat_1_fold_4,SLC3A2,0.0,0.0,0.0,0.0,0.0,-0.00017657634519072096,0.5
repeat_1_fold_4,SLC52A1,0.0,0.0,0.0,0.0,0.0,-1.6052395017340793e-05,0.5
repeat_1_fold_4,SLC6A13,0.028478788343054617,0.032884472232113916,0.016442236116056958,0.01203655222699766,0.5,0.0001043405676126874,0.5
repeat_1_fold_4,SLC7A11,-0.02527775671110355,0.0505555134222071,0.02527775671110355,-0.0505555134222071,0.0,-3.4723722145912905e-05,1.0
repeat_1_fold_4,SLITRK5,0.0,0.0,0.0,0.0,0.0,0.0,0.0
repeat_1_fold_4,SMARCA2,0.0,0.0,0.0,0.0,0.0,-0.000250516690674496,0.5
repeat_1_fold_4,SMARCA4,0.0,0.0,0.0,0.0,0.0,0.0,0.0
repeat_1_fold_4,SMARCD3,0.0,0.0,0.0,0.0,0.0,0.0,0.0
repeat_1_fold_4,SMYD2,0.0,0.0,0.0,0.0,0.0,0.0,0.0
repeat_1_fold_4,SNU13,0.0,0.0,0.0,0.0,0.0,0.0002006549377167044,0.5
repeat_1_fold_4,SOX4,0.0,0.0,0.0,0.0,0.0,0.0,0.0
repeat_1_fold_4,SPRR1B,0.0,0.0,0.0,0.0,0.0,-5.6183382560692774e-05,0.5
repeat_1_fold_4,SPTLC2,0.0,0.0,0.0,0.0,0.0,0.0,0.0
repeat_1_fold_4,SRSF8,0.0,0.0,0.0,0.0,0.0,0.0,0.0
repeat_1_fold_4,ST8SIA3,-0.03935464598643357,0.07870929197286713,0.03935464598643357,-0.07870929197286713,0.0,-0.0006501219982021356,0.5
repeat_1_fold_4,STAG1,-0.19665547448170173,0.22707818225924817,0.11353909112962408,-0.3101945656113258,0.0,0.0004540615018475691,0.5
repeat_1_fold_4,STARD7,0.0,0.0,0.0,0.0,0.0,8.82881725953466e-05,0.5
repeat_1_fold_4,STX5,0.2753157143465579,0.3179072035802386,0.1589536017901193,0.11636211255643858,0.5,-0.0007128019409557984,1.0
repeat_1_fold_4,STX6,0.048254144949435585,0.09650828989887117,0.048254144949435585,0.0,0.25,-0.0002740026304252352,0.5
repeat_1_fold_4,SULT1A1,0.0,0.0,0.0,0.0,0.0,0.00019571616458949337,0.5
repeat_1_fold_4,SULT1B1,0.0,0.0,0.0,0.0,0.0,7.223577757803357e-05,0.5
repeat_1_fold_4,SUMO3,0.0,0.0,0.0,0.0,0.0,0.0,0.0
repeat_1_fold_4,SUV39H2,0.0,0.0,0.0,0.0,0.0,-7.828646583579735e-06,0.5
repeat_1_fold_4,SYT2,0.0,0.0,0.0,0.0,0.0,-2.407859252601119e-05,0.5
repeat_1_fold_4,TAB2,0.1515148839680318,0.26735756648770653,0.13367878324385327,0.017836100724178544,0.5,-0.0001017724055865088,0.5
repeat_1_fold_4,TAF1,0.002801337169346496,0.10781448859806506,0.05390724429903253,-0.05110590712968603,0.25,-0.00035228909626103255,0.5
repeat_1_fold_4,TAF1C,0.2636751219496194,0.4005407398646312,0.2002703699323156,0.0634047520173038,0.5,-0.0013915462029610304,1.0
repeat_1_fold_4,TAF7,0.0,0.0,0.0,0.0,0.0,0.0,0.0
repeat_1_fold_4,TAPBP,0.10064637342323302,0.20129274684646603,0.10064637342323302,0.0,0.25,-0.0011508110477860545,0.5
repeat_1_fold_4,TBX5,0.0,0.0,0.0,0.0,0.0,0.0,0.0
repeat_1_fold_4,TCN1,0.0,0.0,0.0,0.0,0.0,-1.6052395017340793e-05,0.5
repeat_1_fold_4,TFB1M,-0.036709390794378294,0.042388353313842955,0.021194176656921478,-0.05790356745129977,0.0,-0.0004976242455374258,0.5
repeat_1_fold_4,TFDP1,0.13765785717327894,0.2753157143465579,0.13765785717327894,0.0,0.25,0.00023275972775138598,1.0
repeat_1_fold_4,TFF1,0.0,0.0,0.0,0.0,0.0,-1.565729316715947e-05,0.5
repeat_1_fold_4,TGFBI,-0.05991210703939487,0.1600639927983895,0.08003199639919475,-0.13994410343858962,0.25,1.6052395017340793e-05,0.5
repeat_1_fold_4,TGFBR3,0.2753157143465579,0.3179072035802386,0.1589536017901193,0.11636211255643858,0.5,-0.001141943876491941,1.0
repeat_1_fold_4,THY1,0.0,0.0,0.0,0.0,0.0,-0.00037577503601177176,0.5
repeat_1_fold_4,TJP2,0.0,0.0,0.0,0.0,0.0,0.0,0.0
repeat_1_fold_4,TLR8,0.0,0.0,0.0,0.0,0.0,0.0,0.0
repeat_1_fold_4,TMEM115,0.0,0.0,0.0,0.0,0.0,0.0,0.0
repeat_1_fold_4,TMPRSS6,0.0,0.0,0.0,0.0,0.0,0.0,0.0
repeat_1_fold_4,TNFAIP8,0.3501193175239248,0.42412853459900157,0.21206426729950079,0.138055050224424,0.5,-0.0021028637472710887,0.5
repeat_1_fold_4,TNFRSF14,-0.03594236583095167,0.04150266917562391,0.020751334587811955,-0.05669370041876363,0.0,-0.00022473353024271558,0.5
repeat_1_fold_4,TNFRSF21,0.014239394171527309,0.02847878834305462,0.01423939417152731,-1.734723475976807e-18,0.25,-0.0002969693078207214,0.5
repeat_1_fold_4,TNNI1,0.0,0.0,0.0,0.0,0.0,0.0,0.0
repeat_1_fold_4,TNS3,0.0,0.0,0.0,0.0,0.0,0.0,0.0
repeat_1_fold_4,TOMM20,-0.007463577487897055,0.008618196943509992,0.004309098471754996,-0.011772675959652052,0.0,0.00015249775266468202,0.5
repeat_1_fold_4,TPD52L1,0.0,0.0,0.0,0.0,0.0,-3.973588569317066e-05,1.0
repeat_1_fold_4,TPM1,0.0,0.0,0.0,0.0,0.0,0.0,0.0
repeat_1_fold_4,TPST1,0.048220788365975764,0.09644157673195153,0.048220788365975764,0.0,0.25,0.00014447155515601162,0.5
repeat_1_fold_4,TRA2B,0.0,0.0,0.0,0.0,0.0,-0.0001043405676126874,0.5
repeat_1_fold_4,TRIM28,0.0,0.0,0.0,0.0,0.0,0.0,0.0
repeat_1_fold_4,TSHR,0.0,0.0,0.0,0.0,0.0,0.0,0.0
repeat_1_fold_4,TSNAX,0.0,0.0,0.0,0.0,0.0,4.013098754335198e-05,0.5
repeat_1_fold_4,TSR1,0.0,0.0,0.0,0.0,0.0,9.394375900295682e-05,0.5
repeat_1_fold_4,TSR3,0.17205497532796343,0.2605851747648963,0.13029258738244814,0.04176238794551529,0.5,-0.00025051669067452376,0.5
repeat_1_fold_4,TST,0.014239394171527309,0.02847878834305462,0.01423939417152731,-1.734723475976807e-18,0.25,0.000345126492872716,0.5
repeat_1_fold_4,TTPA,0.0,0.0,0.0,0.0,0.0,0.0,0.5
repeat_1_fold_4,TUBB6,0.0,0.0,0.0,0.0,0.0,-0.0003371002953640734,0.5
repeat_1_fold_4,UBA5,0.0,0.0,0.0,0.0,0.0,-0.00013308699192082774,0.5
repeat_1_fold_4,UBA7,0.0,0.0,0.0,0.0,0.0,-0.00017223022483869865,0.5
repeat_1_fold_4,UBE2D2,0.16193810086003246,0.2852104345887014,0.1426052172943507,0.019332883565681774,0.5,-4.954004152762925e-05,1.0
repeat_1_fold_4,UCHL5,0.01385702679475287,0.02771405358950574,0.01385702679475287,0.0,0.25,0.0011194964614517633,0.5
repeat_1_fold_4,UCP3,0.05815867756092885,0.07696587267317419,0.038482936336587094,0.019675741224341757,0.5,-0.0002728907152947102,0.5
repeat_1_fold_4,UGGT1,0.0,0.0,0.0,0.0,0.0,0.0,0.0
repeat_1_fold_4,UNC119B,0.0,0.0,0.0,0.0,0.0,-0.0002133489670074762,1.0
repeat_1_fold_4,UQCC1,0.014239394171527309,0.02847878834305462,0.01423939417152731,-1.734723475976807e-18,0.25,-0.0008474185701922987,1.0
repeat_1_fold_4,UQCRH,-0.24663073966269522,0.17062322996091805,0.08531161498045903,-0.33194235464315425,0.0,-0.00019769167384037223,1.0
repeat_1_fold_4,USP6NL,0.10153290874505316,0.13551865716708095,0.06775932858354047,0.03377358016151269,0.5,-7.045781925218986e-05,0.5
repeat_1_fold_4,UTY,0.0,0.0,0.0,0.0,0.0,0.00048157185052011275,0.5
repeat_1_fold_4,VAV1,0.0715782547272692,0.1431565094545384,0.0715782547272692,0.0,0.25,-0.00014111318942949813,1.0
repeat_1_fold_4,VCAM1,0.0,0.0,0.0,0.0,0.0,1.6052395017340793e-05,0.5
repeat_1_fold_4,VDAC2,0.0,0.0,0.0,0.0,0.0,0.0,0.0
repeat_1_fold_4,VIP,0.0,0.0,0.0,0.0,0.0,0.0,0.0
repeat_1_fold_4,VIPR2,0.0,0.0,0.0,0.0,0.0,0.0,0.0
repeat_1_fold_4,VPS35L,0.0,0.0,0.0,0.0,0.0,0.0,0.0
repeat_1_fold_4,VPS45,0.0,0.0,0.0,0.0,0.0,0.00010177240558653655,0.5
repeat_1_fold_4,WDR18,0.0,0.0,0.0,0.0,0.0,0.0,0.0
repeat_1_fold_4,WNT2,0.0,0.0,0.0,0.0,0.0,0.00012039296263002819,0.5
repeat_1_fold_4,WWC1,0.0,0.0,0.0,0.0,0.0,-7.828646583576959e-05,0.5
repeat_1_fold_4,XAB2,0.03439711815468449,0.06879423630936898,0.03439711815468449,0.0,0.25,-0.00026617398384165547,0.5
repeat_1_fold_4,XPC,-0.07870929197286713,0.09088566181651939,0.04544283090825969,-0.12415212288112683,0.0,-0.0005039232548053607,1.0
repeat_1_fold_4,YES1,0.0,0.0,0.0,0.0,0.0,0.0,0.0
repeat_1_fold_4,YWHAB,0.13765785717327894,0.2753157143465579,0.13765785717327894,0.0,0.25,-7.045781925218986e-05,0.5
repeat_1_fold_4,YWHAQ,-0.05991210703939487,0.11982421407878974,0.05991210703939487,-0.11982421407878974,0.0,-1.6645047792612777e-05,1.0
repeat_1_fold_4,ZBTB16,0.0,0.0,0.0,0.0,0.0,0.0002974885701760299,0.5
repeat_1_fold_4,ZNF225,0.0,0.0,0.0,0.0,0.0,0.0,0.0
repeat_1_fold_4,ZNF274,0.0,0.0,0.0,0.0,0.0,0.0,0.0
repeat_1_fold_4,ZNF337,0.0,0.0,0.0,0.0,0.0,-0.000610634433519136,0.5
repeat_1_fold_4,ZNF34,0.014239394171527309,0.02847878834305462,0.01423939417152731,-1.734723475976807e-18,0.25,-0.0002809169128033806,0.5
repeat_1_fold_4,ZNF717,0.0,0.0,0.0,0.0,0.0,0.0,0.0
repeat_2_fold_1,A1CF,-0.1385196537894231,0.1981612540832829,0.09908062704164144,-0.23760028083106455,0.0,-9.464020947033691e-05,0.5
repeat_2_fold_1,A2M,0.0,0.0,0.0,0.0,0.0,0.0,0.0
repeat_2_fold_1,A4GALT,0.0,0.0,0.0,0.0,0.0,0.0,0.0
repeat_2_fold_1,A4GNT,0.0,0.0,0.0,0.0,0.0,0.0001419603142054915,0.5
repeat_2_fold_1,AAAS,0.0,0.0,0.0,0.0,0.0,0.0,0.0
repeat_2_fold_1,AACS,0.0,0.0,0.0,0.0,0.0,0.0,0.0
repeat_2_fold_1,AAK1,0.0,0.0,0.0,0.0,0.0,-7.78597900896738e-06,0.5
repeat_2_fold_1,AAMP,0.021277334291028183,0.042554668582056365,0.021277334291028183,0.0,0.25,6.228783207204436e-05,0.5
repeat_2_fold_1,AANAT,0.0,0.0,0.0,0.0,0.0,-0.0002681472601659407,0.5
repeat_2_fold_1,AARS1,0.0,0.0,0.0,0.0,0.0,0.0,0.0
repeat_2_fold_1,AASDHPPT,0.0,0.0,0.0,0.0,0.0,-2.366005236756341e-05,0.5
repeat_2_fold_1,AASS,0.0,0.0,0.0,0.0,0.0,0.0,0.0
repeat_2_fold_1,AATF,0.0,0.0,0.0,0.0,0.0,0.0,0.0
repeat_2_fold_1,ABAT,-0.7300572302445225,0.49312029595635326,0.24656014797817663,-0.9766173782226991,0.0,-0.0005879766302160916,1.0
repeat_2_fold_1,ABCA1,0.0,0.0,0.0,0.0,0.0,0.0,0.0
repeat_2_fold_1,ABCA12,0.0,0.0,0.0,0.0,0.0,3.892989504503119e-05,0.5
repeat_2_fold_1,ABCA2,0.0,0.0,0.0,0.0,0.0,0.00013236164315302834,0.5
repeat_2_fold_1,ABCA3,0.08673125691886341,0.2699465296977212,0.1349732648488606,-0.048242007929997194,0.25,0.00026420391810466626,0.5
repeat_2_fold_1,ABCA4,0.3870280570445903,0.44735980406998777,0.22367990203499388,0.16334815500959643,0.5,-0.00021294047130823723,0.5
repeat_2_fold_1,ABCA5,0.0,0.0,0.0,0.0,0.0,0.0,0.0
repeat_2_fold_1,ABCA6,0.0,0.0,0.0,0.0,0.0,0.0,0.0
repeat_2_fold_1,ABCA7,0.0,0.0,0.0,0.0,0.0,-0.0003347970973870129,0.5
repeat_2_fold_1,ABCA8,0.0,0.0,0.0,0.0,0.0,3.154673649014006e-05,0.5
repeat_2_fold_1,ABCB1,-0.19434589688998827,0.20988925442970083,0.10494462721485041,-0.2992905241048387,0.0,-0.0001033325345010383,1.0
repeat_2_fold_1,ABCB11,-0.0464182415374097,0.05359916849386512,0.02679958424693256,-0.07321782578434226,0.0,1.5773368245042274e-05,0.5
repeat_2_fold_1,ABCB4,0.0,0.0,0.0,0.0,0.0,0.0,0.0
repeat_2_fold_1,ABCB6,0.0,0.0,0.0,0.0,0.0,0.0,0.0
repeat_2_fold_1,ABCB7,0.0,0.0,0.0,0.0,0.0,0.0,0.0
repeat_2_fold_1,ABCB8,0.0,0.0,0.0,0.0,0.0,0.0,0.0
repeat_2_fold_1,ABCB9,0.0,0.0,0.0,0.0,0.0,3.1546736490112304e-05,0.5
repeat_2_fold_1,ABCC10,-0.015660233383897548,0.07521242903703401,0.037606214518517006,-0.053266447902414554,0.5,0.0001466244346951806,1.0
repeat_2_fold_1,ABCC2,-0.5759631771801761,0.665521198061371,0.3327605990306855,-0.9087237762108615,0.0,7.007381108101174e-05,0.5
repeat_2_fold_1,ABCC3,0.021277334291028183,0.042554668582056365,0.021277334291028183,0.0,0.25,-1.5571958017990273e-05,0.5
repeat_2_fold_1,ABCC4,-0.06171969461287219,0.12343938922574436,0.06171969461287218,-0.12343938922574438,0.0,9.787861573695711e-05,1.0
repeat_2_fold_1,ABCC5,0.0,0.0,0.0,0.0,0.0,0.0,0.0
repeat_2_fold_1,ABCC8,0.0,0.0,0.0,0.0,0.0,0.0,0.0
repeat_2_fold_1,ABCC9,-0.28355288822201885,0.5180573930226359,0.25902869651131794,-0.5425815847333368,0.0,-0.00013236164315300059,0.5
repeat_2_fold_1,ABCD1,0.0697639156490446,0.0805564309593965,0.04027821547969825,0.029485700169346353,0.5,0.00012618694596044921,0.5
repeat_2_fold_1,ABCD2,0.0,0.0,0.0,0.0,0.0,0.00042044286648607043,0.5
repeat_2_fold_1,ABCD3,-0.17463210714309518,0.2024609592692574,0.1012304796346287,-0.2758625867777239,0.0,0.0002366005236758284,0.5
repeat_2_fold_1,ABCD4,0.0,0.0,0.0,0.0,0.0,7.886684122529464e-05,0.5
repeat_2_fold_1,ABCF1,0.0,0.0,0.0,0.0,0.0,-5.4501853062965955e-05,0.5
repeat_2_fold_1,ABCF2,0.011739706463805177,0.023479412927610355,0.011739706463805177,0.0,0.25,-0.0003347970973870129,0.5
repeat_2_fold_1,ABCG1,-0.23256646124308844,0.501184546272575,0.2505922731362875,-0.48315873437937595,0.25,0.0002180074122520581,0.5
repeat_2_fold_1,ABCG2,0.0,0.0,0.0,0.0,0.0,0.0002366005236758284,0.5
repeat_2_fold_1,ABCG4,-0.30859366971617774,0.5069441698921096,0.2534720849460548,-0.5620657546622325,0.0,-0.00013236164315300059,0.5
repeat_2_fold_1,ABCG5,0.042554668582056365,0.049137898722251105,0.024568949361125553,0.017985719220930813,0.5,-0.0003036531813510046,1.0
repeat_2_fold_1,ABHD10,0.0,0.0,0.0,0.0,0.0,0.0,0.0
repeat_2_fold_1,ABHD17A,-0.011756315923850735,0.02351263184770147,0.011756315923850735,-0.02351263184770147,0.0,0.00029586720234203723,0.5
repeat_2_fold_1,ABHD17B,0.0,0.0,0.0,0.0,0.0,0.0,0.0
repeat_2_fold_1,ABHD3,-0.1135551282880396,0.2271102565760792,0.1135551282880396,-0.2271102565760792,0.0,-0.0003154673649010953,0.5
repeat_2_fold_1,ABHD4,0.0,0.0,0.0,0.0,0.0,8.564576909902977e-05,0.5
repeat_2_fold_1,ABHD5,0.0,0.0,0.0,0.0,0.0,0.0,0.0
repeat_2_fold_1,ABHD6,0.0,0.0,0.0,0.0,0.0,-5.4501853062965955e-05,0.5
repeat_2_fold_1,ABI1,0.016320381564099762,0.07258137774536692,0.03629068887268346,-0.0199703073085837,0.25,0.000537232551621053,0.5
repeat_2_fold_1,ABI2,-0.02504078149415534,0.05008156298831068,0.02504078149415534,-0.05008156298831068,0.0,0.0005726219250589137,1.0
repeat_2_fold_1,ABL1,-0.007239518792175659,0.18993764032755095,0.09496882016377547,-0.10220833895595113,0.25,0.0006012165279893067,1.0
repeat_2_fold_1,ABL2,0.0,0.0,0.0,0.0,0.0,0.0,0.0
repeat_2_fold_1,ABLIM1,0.0,0.0,0.0,0.0,0.0,-1.5571958017962517e-05,0.5
repeat_2_fold_1,ABLIM3,0.0,0.0,0.0,0.0,0.0,0.0,0.0
repeat_2_fold_1,ABR,-0.02504078149415534,0.05008156298831068,0.02504078149415534,-0.05008156298831068,0.0,0.00014793360117104637,0.5
repeat_2_fold_1,ABRAXAS2,-0.25384379553411307,0.5076875910682261,0.25384379553411307,-0.5076875910682261,0.0,0.00010121772711702004,0.5
repeat_2_fold_1,ACAA1,0.0,0.0,0.0,0.0,0.0,0.0,0.0
repeat_2_fold_1,ACACA,-0.49170185362678254,0.5677683951049217,0.28388419755246086,-0.7755860511792434,0.0,-0.0004515867825220232,0.5
repeat_2_fold_1,ACACB,0.012617304504829008,0.1730650892714367,0.08653254463571836,-0.07391524013088935,0.75,0.0004802130707198815,1.0
repeat_2_fold_1,ACAD10,0.0,0.0,0.0,0.0,0.0,0.0,0.0
repeat_2_fold_1,ACAD8,0.0,0.0,0.0,0.0,0.0,0.00012224360389917477,0.5
repeat_2_fold_1,ACADL,0.0,0.0,0.0,0.0,0.0,0.0,0.0
repeat_2_fold_1,ACADM,-0.31126126966246837,0.4851257752315768,0.2425628876157884,-0.5538241572782567,0.0,-4.591023314576281e-05,1.0
repeat_2_fold_1,ACADS,0.0,0.0,0.0,0.0,0.0,0.0,0.0
repeat_2_fold_1,ACADSB,-0.34017423980554184,0.6523545782074885,0.3261772891037443,-0.6663515289092861,0.25,0.0011675630507421153,1.0
repeat_2_fold_1,ACADVL,-0.08855743140122563,0.11705224257983153,0.058526121289915765,-0.1470835526911414,0.0,-0.0001419603142054915,0.5
repeat_2_fold_1,ACAN,0.0,0.0,0.0,0.0,0.0,0.0,0.0
repeat_2_fold_1,ACAT1,0.0,0.0,0.0,0.0,0.0,0.00024136534927904352,0.5
repeat_2_fold_1,ACAT2,0.0,0.0,0.0,0.0,0.0,1.557195801801803e-05,0.5
repeat_2_fold_1,ACBD3,-0.12938675726758575,0.1628800207825305,0.08144001039126525,-0.210826767658851,0.0,-0.0005638979147607193,0.5
repeat_2_fold_1,ACBD4,0.025024172034109782,0.050048344068219563,0.025024172034109782,0.0,0.25,4.0037651293789445e-05,1.0
repeat_2_fold_1,ACD,0.0,0.0,0.0,0.0,0.0,0.0,0.0
repeat_2_fold_1,ACE,0.0,0.0,0.0,0.0,0.0,0.0,0.0
repeat_2_fold_1,ACE2,0.0,0.0,0.0,0.0,0.0,0.0,0.0
repeat_2_fold_1,ACHE,0.0,0.0,0.0,0.0,0.0,0.0,0.0
repeat_2_fold_1,ACIN1,-0.2936291750775446,0.33905376654589625,0.16952688327294813,-0.4631560583504927,0.0,9.464020947033691e-05,0.5
repeat_2_fold_1,ACKR1,0.0,0.0,0.0,0.0,0.0,-0.00042822884549501006,0.5
repeat_2_fold_1,ACKR2,-0.040091880653125855,0.04629411617480112,0.02314705808740056,-0.06323893874052641,0.0,0.0004915237287023422,1.0
repeat_2_fold_1,ACKR3,0.0,0.0,0.0,0.0,0.0,0.0,0.0
repeat_2_fold_1,ACKR4,0.0,0.0,0.0,0.0,0.0,0.0,0.0
repeat_2_fold_1,ACO1,-0.2320098842355982,0.26790193823615305,0.13395096911807652,-0.36596085335367473,0.0,-3.943342061263344e-05,0.5
repeat_2_fold_1,ACO2,0.0,0.0,0.0,0.0,0.0,0.0,0.0
repeat_2_fold_1,ACOT11,0.00015258185474031905,0.1551384383771075,0.07756921918855375,-0.07741663733381343,0.25,0.000297377779044955,1.0
repeat_2_fold_1,ACOT13,-0.1468145875387723,0.2936291750775446,0.1468145875387723,-0.2936291750775446,0.0,-0.00026804655505238695,1.0
repeat_2_fold_1,ACOT2,-0.02320912076870485,0.0464182415374097,0.02320912076870485,-0.0464182415374097,0.0,-4.732010473515458e-05,0.5
repeat_2_fold_1,ACOT8,-0.21789934509479814,0.32108239304977637,0.16054119652488819,-0.3784405416196863,0.0,0.00010252689359285805,0.5
repeat_2_fold_1,ACOT9,0.0,0.0,0.0,0.0,0.0,0.00015571958018001375,0.5
repeat_2_fold_1,ACOX1,0.0,0.0,0.0,0.0,0.0,2.7755575615628914e-17,0.5
repeat_2_fold_1,ACOX2,-0.5167426351209379,0.5980825276692249,0.29904126383461244,-0.8157838989555504,0.0,5.4501853063021466e-05,0.5
repeat_2_fold_1,ACOX3,0.0,0.0,0.0,0.0,0.0,0.00047494471954906414,0.5
repeat_2_fold_1,ACOXL,-0.02320912076870485,0.0464182415374097,0.02320912076870485,-0.0464182415374097,0.0,-2.7603394428837857e-05,0.5
repeat_2_fold_1,ACP3,0.0,0.0,0.0,0.0,0.0,0.0,0.0
repeat_2_fold_1,ACP5,-0.043867295890581914,0.35269046058713843,0.17634523029356922,-0.22021252618415113,0.25,-0.0006624814662923029,0.5
repeat_2_fold_1,ACP6,0.0,0.0,0.0,0.0,0.0,0.0,0.0
repeat_2_fold_1,ACR,-0.05248903321818155,0.06390072917290694,0.03195036458645347,-0.08443939780463502,0.0,-0.0002287138395532795,0.5
repeat_2_fold_1,ACSBG1,0.0,0.0,0.0,0.0,0.0,-0.0003192251393689949,0.5
repeat_2_fold_1,ACSBG2,0.0,0.0,0.0,0.0,0.0,5.4501853063021466e-05,0.5
repeat_2_fold_1,ACSF2,0.0348819578245223,0.0697639156490446,0.0348819578245223,0.0,0.25,0.0004770595269331379,1.0
repeat_2_fold_1,ACSL1,-0.005766540489325678,0.006658627407610113,0.0033293137038050563,-0.009095854193130734,0.0,0.00014590365626676594,0.5
repeat_2_fold_1,ACSL3,0.0,0.0,0.0,0.0,0.0,0.0,0.0
repeat_2_fold_1,ACSL4,0.0,0.0,0.0,0.0,0.0,-0.0006151613615571483,0.5
repeat_2_fold_1,ACSL5,0.0,0.0,0.0,0.0,0.0,-2.366005236756341e-05,0.5
repeat_2_fold_1,ACSL6,0.021277334291028183,0.042554668582056365,0.021277334291028183,0.0,0.25,9.343174810805266e-05,0.5
repeat_2_fold_1,ACSM1,-0.004551847224636418,0.005256020440907774,0.002628010220453887,-0.007179857445090305,0.0,-0.000583614625067036,0.5
repeat_2_fold_1,ACSM2A,0.0,0.0,0.0,0.0,0.0,0.0,0.0
repeat_2_fold_1,ACSM3,-0.324452622900516,0.30760801929120984,0.15380400964560492,-0.47825663254612094,0.0,0.00024571151179442197,1.0
repeat_2_fold_1,ACSM5,0.0,0.0,0.0,0.0,0.0,0.0,0.0
repeat_2_fold_1,ACTA1,-0.10697628655801594,0.12352557568235409,0.061762787841177044,-0.168739074399193,0.0,-2.366005236756341e-05,0.5
repeat_2_fold_1,ACTB,0.0,0.0,0.0,0.0,0.0,0.0,0.0
repeat_2_fold_1,ACTC1,0.0,0.0,0.0,0.0,0.0,0.0,0.0
repeat_2_fold_1,ACTG1,0.0,0.0,0.0,0.0,0.0,-0.00014014762216196797,0.5
repeat_2_fold_1,ACTG2,-0.30329401563600733,0.4244153722459044,0.2122076861229522,-0.5155017017589596,0.0,-0.00019716710306319496,0.5
repeat_2_fold_1,ACTL6A,0.0,0.0,0.0,0.0,0.0,3.11439160360083e-05,0.5
repeat_2_fold_1,ACTL6B,0.0,0.0,0.0,0.0,0.0,0.0,0.0
repeat_2_fold_1,ACTN1,-0.03151217054443123,0.04659303382999457,0.023296516914997286,-0.05480868745942852,0.0,-0.00041799425849395333,0.5
repeat_2_fold_1,ACTN2,0.0,0.0,0.0,0.0,0.0,0.0,0.0
repeat_2_fold_1,ACTN3,0.001231393964465255,0.06749560362312418,0.03374780181156209,-0.032516407847096834,0.25,0.00029009532560358986,1.0
repeat_2_fold_1,ACTN4,0.0,0.0,0.0,0.0,0.0,-0.00021688381336951168,0.5
repeat_2_fold_1,ACTR10,0.0,0.0,0.0,0.0,0.0,0.0,0.0
repeat_2_fold_1,ACTR1A,0.0,0.0,0.0,0.0,0.0,0.0002366005236758284,0.5
repeat_2_fold_1,ACTR2,0.0,0.0,0.0,0.0,0.0,3.11439160360083e-05,0.5
repeat_2_fold_1,ACTR3,0.0,0.0,0.0,0.0,0.0,0.00024136534927904352,0.5
repeat_2_fold_1,ACTR5,0.0,0.0,0.0,0.0,0.0,0.0,0.0
repeat_2_fold_1,ACTR8,0.0,0.0,0.0,0.0,0.0,0.0,0.0
repeat_2_fold_1,ACVR1B,0.0,0.0,0.0,0.0,0.0,0.0,0.0
repeat_2_fold_1,ACVR2A,0.0,0.0,0.0,0.0,0.0,0.0,0.0
repeat_2_fold_1,ACVR2B,-0.05008156298831068,0.05782920774547674,0.02891460387273837,-0.07899616686104904,0.0,-2.335793702698541e-05,0.5
repeat_2_fold_1,ACVRL1,0.0,0.0,0.0,0.0,0.0,0.000496861099719248,0.5
repeat_2_fold_1,ACY1,-0.040091880653125855,0.04629411617480112,0.02314705808740056,-0.06323893874052641,0.0,8.675352534778802e-05,0.5
repeat_2_fold_1,ADA,-0.28265920247436505,0.8657880099946146,0.4328940049973073,-0.7155532074716724,0.5,1.5874073358568275e-05,1.0
repeat_2_fold_1,ADA2,0.0,0.0,0.0,0.0,0.0,0.00014014762216202348,0.5
repeat_2_fold_1,ADAM10,-0.2624148843088303,0.3072680380454053,0.15363401902270266,-0.416048903331533,0.0,0.0003549007855137565,0.5
repeat_2_fold_1,ADAM11,0.0,0.0,0.0,0.0,0.0,0.0,0.0
repeat_2_fold_1,ADAM12,0.0,0.0,0.0,0.0,0.0,0.0,0.0
repeat_2_fold_1,ADAM15,0.0,0.0,0.0,0.0,0.0,0.0,0.0
repeat_2_fold_1,ADAM19,0.0,0.0,0.0,0.0,0.0,0.0,0.0
repeat_2_fold_1,ADAM20,0.0,0.0,0.0,0.0,0.0,0.0,0.0
repeat_2_fold_1,ADAM21,0.023479412927610355,0.027111690748340436,0.013555845374170218,0.009923567553440137,0.5,0.0003503690554050587,0.5
repeat_2_fold_1,ADAM22,-0.32888950081139967,0.43571243232378265,0.21785621616189133,-0.546745716973291,0.0,-2.7603394428837857e-05,0.5
repeat_2_fold_1,ADAM23,-0.015985737441447156,0.01845873963002839,0.009229369815014194,-0.025215107256461353,0.0,-0.0006851661527920161,0.5
repeat_2_fold_1,ADAM30,0.023333398229912206,0.14240036411011267,0.07120018205505634,-0.04786678382514413,0.25,-0.00010252689359285805,0.5
repeat_2_fold_1,ADAM8,0.0,0.0,0.0,0.0,0.0,0.0,0.0
repeat_2_fold_1,ADAM9,-0.18119443309223016,0.5485266799924533,0.27426333999622665,-0.4554577730884568,0.25,0.0002502590845368524,1.0
repeat_2_fold_1,ADAMTS1,0.0,0.0,0.0,0.0,0.0,-3.892989504500344e-05,0.5
repeat_2_fold_1,ADAMTS12,0.0,0.0,0.0,0.0,0.0,0.0,0.0
repeat_2_fold_1,ADAMTS13,0.0,0.0,0.0,0.0,0.0,0.0,0.5
repeat_2_fold_1,ADAMTS2,0.0,0.0,0.0,0.0,0.0,0.0,0.0
repeat_2_fold_1,ADAMTS20,-0.13344783719679043,0.16212766726700603,0.08106383363350302,-0.21451167083029343,0.0,-0.00027714170053724785,1.0
repeat_2_fold_1,ADAMTS3,0.0,0.0,0.0,0.0,0.0,0.0,0.0
repeat_2_fold_1,ADAMTS5,0.0,0.0,0.0,0.0,0.0,1.5773368245042274e-05,0.5
repeat_2_fold_1,ADAMTS7,-0.06171969461287219,0.12343938922574436,0.06171969461287218,-0.12343938922574438,0.0,-7.098015710274574e-05,0.5
repeat_2_fold_1,ADAMTS8,0.0,0.0,0.0,0.0,0.0,0.0,0.0
repeat_2_fold_1,ADAMTS9,-0.23411122034958787,0.46822244069917573,0.23411122034958787,-0.46822244069917573,0.0,0.0001868634962160498,0.5
repeat_2_fold_1,ADAMTSL2,-0.030823447822971417,0.061646895645942834,0.030823447822971417,-0.061646895645942834,0.0,0.0003425830763960358,0.5
repeat_2_fold_1,ADAMTSL3,0.0,0.0,0.0,0.0,0.0,-0.00017129153819800402,0.5
repeat_2_fold_1,ADAMTSL4,0.0,0.0,0.0,0.0,0.0,-0.00013236164315300059,0.5
repeat_2_fold_1,ADAP1,0.0,0.0,0.0,0.0,0.0,-0.0001301302880216959,0.5
repeat_2_fold_1,ADAR,0.0,0.0,0.0,0.0,0.0,0.0,0.0
repeat_2_fold_1,ADARB1,0.0,0.0,0.0,0.0,0.0,0.0,0.0
repeat_2_fold_1,ADCY1,0.0,0.0,0.0,0.0,0.0,4.671587405402633e-05,0.5
repeat_2_fold_1,ADCY10,0.0,0.0,0.0,0.0,0.0,-8.281018328654133e-05,0.5
repeat_2_fold_1,ADCY2,0.0,0.0,0.0,0.0,0.0,0.0,0.0
repeat_2_fold_1,ADCY3,0.0,0.0,0.0,0.0,0.0,3.114391603603606e-05,0.5
repeat_2_fold_1,ADCY6,0.0,0.0,0.0,0.0,0.0,3.892989504503119e-05,0.5
repeat_2_fold_1,ADCY7,0.0,0.0,0.0,0.0,0.0,0.0,0.0
repeat_2_fold_1,ADCY8,0.0,0.0,0.0,0.0,0.0,0.0,0.0
repeat_2_fold_1,ADCY9,0.0,0.0,0.0,0.0,0.0,0.0,0.0
repeat_2_fold_1,ADCYAP1,0.0,0.0,0.0,0.0,0.0,0.0,0.0
repeat_2_fold_1,ADCYAP1R1,0.0,0.0,0.0,0.0,0.0,0.0,0.0
repeat_2_fold_1,ADD1,0.0,0.0,0.0,0.0,0.0,7.785979009022892e-06,0.5
repeat_2_fold_1,ADD2,-0.054355898359489174,0.06408927604643726,0.03204463802321863,-0.08640053638270781,0.0,0.00037067415375879875,0.5
repeat_2_fold_1,ADD3,0.0,0.0,0.0,0.0,0.0,0.0,0.0
repeat_2_fold_1,ADGRE1,0.0,0.0,0.0,0.0,0.0,0.0,0.0
repeat_2_fold_1,ADGRE2,0.0,0.0,0.0,0.0,0.0,0.0,0.0
repeat_2_fold_1,ADGRE3,0.0,0.0,0.0,0.0,0.0,0.0,0.0
repeat_2_fold_1,ADGRE5,0.0,0.0,0.0,0.0,0.0,-3.943342061263344e-05,0.5
repeat_2_fold_1,ADGRF5,-0.08269276856338692,0.10595411581347453,0.05297705790673726,-0.13566982647012418,0.0,0.0009245864196466558,1.0
repeat_2_fold_1,ADGRG3,0.0,0.0,0.0,0.0,0.0,0.0,0.0
repeat_2_fold_1,ADGRG6,0.0,0.0,0.0,0.0,0.0,0.0,0.0
repeat_2_fold_1,ADGRV1,0.0,0.0,0.0,0.0,0.0,0.00011678968513503807,0.5
repeat_2_fold_1,ADH1A,0.0,0.0,0.0,0.0,0.0,-8.564576909900201e-05,0.5
repeat_2_fold_1,ADH1B,0.23608967881221865,0.44378903575418727,0.22189451787709363,0.014195160935125017,0.5,-9.85835515315836e-05,0.5
repeat_2_fold_1,ADH1C,-0.4119891765977819,0.4808379096936981,0.24041895484684905,-0.652408131444631,0.0,-0.00012224360389917477,0.5
repeat_2_fold_1,ADH5,0.042478456530302466,0.0533220171440062,0.0266610085720031,0.015817447958299365,0.5,0.0002366005236758284,0.5
repeat_2_fold_1,ADH6,0.0,0.0,0.0,0.0,0.0,0.0,0.0
repeat_2_fold_1,ADH7,-0.061696642232833554,0.7058001977091588,0.3529000988545794,-0.41459674108741296,0.25,0.00024136534927904352,0.5
repeat_2_fold_1,ADI1,0.0,0.0,0.0,0.0,0.0,0.0,0.0
repeat_2_fold_1,ADIPOQ,0.10728154089747655,0.16060031270858438,0.08030015635429219,0.026981384543184356,0.5,-0.00024448720779834954,0.5
repeat_2_fold_1,ADIPOR1,0.0,0.0,0.0,0.0,0.0,0.0,0.0
repeat_2_fold_1,ADIPOR2,-0.24256586111341427,0.36868639466092196,0.18434319733046098,-0.4269090584438753,0.0,-0.0001340736300829426,0.5
repeat_2_fold_1,ADIRF,-0.5337619550998021,0.5648503526534259,0.28242517632671293,-0.816187131426515,0.0,0.0003451007042342136,1.0
repeat_2_fold_1,ADK,0.0,0.0,0.0,0.0,0.0,-5.450185306299371e-05,0.5
repeat_2_fold_1,ADM,0.0,0.0,0.0,0.0,0.0,0.0,0.0
repeat_2_fold_1,ADO,-0.015038320994365861,0.022998074721246174,0.011499037360623087,-0.02653735835498895,0.0,-0.0001973685132902192,1.0
repeat_2_fold_1,ADORA1,-0.07179527590463053,0.13601053607869593,0.06800526803934796,-0.1398005439439785,0.0,-0.0002089971292469628,0.5
repeat_2_fold_1,ADORA2A,-0.03467853507360452,0.06983779617966794,0.03491889808983397,-0.0695974331634385,0.25,0.00017887610697997491,1.0
repeat_2_fold_1,ADORA2B,0.0,0.0,0.0,0.0,0.0,9.343174810805266e-05,0.5
repeat_2_fold_1,ADORA3,0.0,0.0,0.0,0.0,0.0,0.0001245756641440332,0.5
repeat_2_fold_1,ADPGK,0.0,0.0,0.0,0.0,0.0,0.0,0.0
repeat_2_fold_1,ADPRM,0.0,0.0,0.0,0.0,0.0,0.0,0.0
repeat_2_fold_1,ADRA1A,0.0,0.0,0.0,0.0,0.0,0.0,0.0
repeat_2_fold_1,ADRA1B,0.0,0.0,0.0,0.0,0.0,0.0,0.0
repeat_2_fold_1,ADRA1D,-0.040091880653125855,0.04629411617480112,0.02314705808740056,-0.06323893874052641,0.0,4.732010473515458e-05,0.5
repeat_2_fold_1,ADRA2B,0.0,0.0,0.0,0.0,0.0,0.0,0.0
repeat_2_fold_1,ADRA2C,-0.2553970403453327,0.43252111371850904,0.21626055685925452,-0.4716575972045872,0.0,-7.78597900896738e-06,0.5
repeat_2_fold_1,ADRB1,0.0,0.0,0.0,0.0,0.0,6.228783207204436e-05,0.5
repeat_2_fold_1,ADRB2,-0.3281242277415526,0.3830497376713641,0.19152486883568204,-0.5196490965772347,0.0,-0.0003470141013912076,0.5
repeat_2_fold_1,ADRB3,0.0,0.0,0.0,0.0,0.0,0.0,0.0
repeat_2_fold_1,ADRM1,0.03152296380822506,0.036399583280667135,0.018199791640333567,0.01332317216789149,0.5,0.0006416569997372001,1.0
repeat_2_fold_1,ADSL,0.0,0.0,0.0,0.0,0.0,0.0,0.0
repeat_2_fold_1,ADSS2,-0.4672220419338693,0.5395477285791302,0.2697738642895651,-0.7369959062234344,0.0,-0.00033124073314613756,0.5
repeat_2_fold_1,AFDN,0.0,0.0,0.0,0.0,0.0,0.0,0.0
repeat_2_fold_1,AFF4,0.0,0.0,0.0,0.0,0.0,0.0,0.0
repeat_2_fold_1,AFG3L2,0.0,0.0,0.0,0.0,0.0,0.0,0.0
repeat_2_fold_1,AFP,0.03564172298559498,0.04115551672023067,0.020577758360115335,0.015063964625479646,0.5,0.00020455026161811385,1.0
repeat_2_fold_1,AGBL2,0.0,0.0,0.0,0.0,0.0,0.0,0.0
repeat_2_fold_1,AGBL3,0.0,0.0,0.0,0.0,0.0,0.0001245756641440332,0.5
repeat_2_fold_1,AGBL5,0.0,0.0,0.0,0.0,0.0,0.0,0.0
repeat_2_fold_1,AGER,0.01715577699027726,0.11496467719286398,0.05748233859643199,-0.04032656160615473,0.75,-0.00016976511886138135,1.0
repeat_2_fold_1,AGFG1,0.0,0.0,0.0,0.0,0.0,0.00017907751720702692,0.5
repeat_2_fold_1,AGGF1,0.0,0.0,0.0,0.0,0.0,0.0,0.0
repeat_2_fold_1,AGK,-0.12343938922574438,0.14253552919617302,0.07126776459808651,-0.1947071538238309,0.0,-0.00016409394723643222,1.0
repeat_2_fold_1,AGL,0.0,0.0,0.0,0.0,0.0,0.0,0.0
repeat_2_fold_1,AGMAT,-0.056353903543447714,0.0961123351109844,0.0480561675554922,-0.1044100710989399,0.25,0.0002621739732004691,1.0
repeat_2_fold_1,AGO1,0.0,0.0,0.0,0.0,0.0,7.785979009022892e-06,0.5
repeat_2_fold_1,AGO3,-0.4454029727317348,0.5456855129569678,0.2728427564784839,-0.7182457292102187,0.0,0.00033912741726868645,1.0
repeat_2_fold_1,AGO4,0.0,0.0,0.0,0.0,0.0,0.0,0.0
repeat_2_fold_1,AGPAT1,0.0,0.0,0.0,0.0,0.0,0.0,0.0
repeat_2_fold_1,AGPAT2,-0.25406820389598295,0.5200122544616312,0.2600061272308156,-0.5140743311267986,0.25,-0.00021294047130823723,0.5
repeat_2_fold_1,AGPAT3,0.11824193456377152,0.41241739439499453,0.20620869719749726,-0.08796676263372574,0.25,-0.0016088835609956165,0.5
repeat_2_fold_1,AGPAT4,-0.35898300262869576,0.28437505713281047,0.14218752856640524,-0.501170531195101,0.0,6.621533149958614e-05,1.0
repeat_2_fold_1,AGPAT5,0.0,0.0,0.0,0.0,0.0,0.0,0.0
repeat_2_fold_1,AGPS,-0.02504078149415534,0.05008156298831068,0.02504078149415534,-0.05008156298831068,0.0,0.0002725092653150518,0.5
repeat_2_fold_1,AGRN,-0.3954407503435444,0.46760671286666855,0.23380335643333428,-0.6292441067768787,0.0,-0.00011830026183790032,0.5
repeat_2_fold_1,AGRP,0.0,0.0,0.0,0.0,0.0,0.0,0.0
repeat_2_fold_1,AGT,0.0,0.0,0.0,0.0,0.0,-0.0006151613615571483,0.5
repeat_2_fold_1,AGTPBP1,0.0,0.0,0.0,0.0,0.0,0.0,0.0
repeat_2_fold_1,AGTR1,-0.193232829076182,0.32751177579062124,0.16375588789531062,-0.3569887169714926,0.0,-4.732010473515458e-05,0.5
repeat_2_fold_1,AGXT,0.021277334291028183,0.042554668582056365,0.021277334291028183,0.0,0.25,0.0009109595440530971,0.5
repeat_2_fold_1,AHCTF1,0.0,0.0,0.0,0.0,0.0,0.0,0.0
repeat_2_fold_1,AHCY,-0.031146777590784325,0.06229355518156865,0.031146777590784325,-0.06229355518156865,0.0,-0.00064420631284276,1.0
repeat_2_fold_1,AHCYL1,0.0,0.0,0.0,0.0,0.0,0.0,0.0
repeat_2_fold_1,AHCYL2,-0.24575768801520326,0.31701791553631986,0.15850895776815993,-0.4042666457833632,0.25,-3.094250580890079e-05,1.0
repeat_2_fold_1,AHI1,0.0,0.0,0.0,0.0,0.0,0.0,0.0
repeat_2_fold_1,AHR,-0.020045940326562928,0.040091880653125855,0.020045940326562928,-0.040091880653125855,0.0,-0.00011041357771537919,0.5
repeat_2_fold_1,AHSG,-0.3081444819949599,0.4539877606432285,0.22699388032161424,-0.5351383623165742,0.0,0.0006294241530993283,1.0
repeat_2_fold_1,AICDA,-0.020045940326562928,0.040091880653125855,0.020045940326562928,-0.040091880653125855,0.0,8.591619917230897e-06,1.0
repeat_2_fold_1,AIM2,0.0,0.0,0.0,0.0,0.0,-0.00013236164315300059,0.5
repeat_2_fold_1,AIMP1,0.0,0.0,0.0,0.0,0.0,6.309347298022461e-05,0.5
repeat_2_fold_1,AIMP2,0.021277334291028183,0.042554668582056365,0.021277334291028183,0.0,0.25,-0.0002102214332429797,0.5
repeat_2_fold_1,AK1,-0.18992163104968895,0.22599996406253384,0.11299998203126692,-0.3029216130809559,0.0,8.675352534778802e-05,0.5
repeat_2_fold_1,AK2,0.0,0.0,0.0,0.0,0.0,0.0,0.0
repeat_2_fold_1,AK4,0.0,0.0,0.0,0.0,0.0,-2.7804804655862103e-05,1.0
repeat_2_fold_1,AK6,0.0,0.0,0.0,0.0,0.0,0.0,0.0
repeat_2_fold_1,AKAP1,0.0,0.0,0.0,0.0,0.0,0.0,0.0
repeat_2_fold_1,AKAP10,0.02400799540732379,0.16489265403367856,0.08244632701683928,-0.05843833160951549,0.25,-7.886684122526688e-05,0.5
repeat_2_fold_1,AKAP12,0.0,0.0,0.0,0.0,0.0,0.0,0.0
repeat_2_fold_1,AKAP13,0.11701832693096215,0.13951697027858184,0.06975848513929092,0.047259841791671225,0.5,0.0008372286636177118,1.0
repeat_2_fold_1,AKAP9,0.0,0.0,0.0,0.0,0.0,3.892989504500344e-05,0.5
repeat_2_fold_1,AKR1A1,0.06819273487158384,0.21289648947425371,0.10644824473712686,-0.03825550986554302,0.25,-0.001888860847345325,0.5
repeat_2_fold_1,AKR1B1,-0.10181157526599982,0.15485149128270045,0.07742574564135023,-0.17923732090735006,0.0,6.703681504149905e-05,0.5
repeat_2_fold_1,AKR1B10,0.0,0.0,0.0,0.0,0.0,1.577336824507003e-05,0.5
repeat_2_fold_1,AKR1C1,0.0,0.0,0.0,0.0,0.0,0.0,0.0
repeat_2_fold_1,AKR1C2,-0.11562233679148903,0.13350917454179953,0.06675458727089977,-0.1823769240623888,0.0,-0.00018555432974012853,1.0
repeat_2_fold_1,AKR1C3,0.0,0.0,0.0,0.0,0.0,-0.0001419603142054915,0.5
repeat_2_fold_1,AKR1C4,-0.23411122034958787,0.46822244069917573,0.23411122034958787,-0.46822244069917573,0.0,-4.671587405397082e-05,0.5
repeat_2_fold_1,AKR1D1,-0.15609682277092318,0.19198120084972148,0.09599060042486074,-0.2520874231957839,0.0,-0.000299693996656053,0.5
repeat_2_fold_1,AKR7A2,0.0,0.0,0.0,0.0,0.0,0.0,0.0
repeat_2_fold_1,AKR7A3,0.0,0.0,0.0,0.0,0.0,0.0,0.0
repeat_2_fold_1,AKT1,0.0,0.0,0.0,0.0,0.0,-7.886684122521137e-06,0.5
repeat_2_fold_1,AKT2,0.0,0.0,0.0,0.0,0.0,0.0,0.0
repeat_2_fold_1,AKT3,0.0,0.0,0.0,0.0,0.0,0.0,0.0
repeat_2_fold_1,ALAD,0.0,0.0,0.0,0.0,0.0,0.0,0.0
repeat_2_fold_1,ALAS1,0.0,0.0,0.0,0.0,0.0,0.0,0.0
repeat_2_fold_1,ALAS2,0.0,0.0,0.0,0.0,0.0,7.785979009022892e-06,0.5
repeat_2_fold_1,ALB,0.021277334291028183,0.042554668582056365,0.021277334291028183,0.0,0.25,-1.5068432450332514e-05,1.0
repeat_2_fold_1,ALCAM,0.0,0.0,0.0,0.0,0.0,0.0,0.0
repeat_2_fold_1,ALDH18A1,-0.05008156298831068,0.05782920774547674,0.02891460387273837,-0.07899616686104904,0.0,-7.785979008995136e-06,0.5
repeat_2_fold_1,ALDH1A1,0.004789440512876553,0.11137750042265925,0.05568875021132962,-0.05089930969845307,0.5,3.862777970448095e-05,1.0
repeat_2_fold_1,ALDH1A2,0.0,0.0,0.0,0.0,0.0,0.0,0.0
repeat_2_fold_1,ALDH1B1,0.0,0.0,0.0,0.0,0.0,0.0004926314849511282,1.0
repeat_2_fold_1,ALDH1L1,0.0,0.0,0.0,0.0,0.0,0.0,0.0
repeat_2_fold_1,ALDH2,0.0,0.0,0.0,0.0,0.0,0.0,0.0
repeat_2_fold_1,ALDH3A1,0.0,0.0,0.0,0.0,0.0,0.0,0.0
repeat_2_fold_1,ALDH3A2,-0.04790584042115498,0.4011405016870303,0.20057025084351515,-0.24847609126467013,0.25,-0.0006664248083535773,0.5
repeat_2_fold_1,ALDH3B1,0.0,0.0,0.0,0.0,0.0,0.0,0.0
repeat_2_fold_1,ALDH3B2,0.0,0.0,0.0,0.0,0.0,-0.0003891982453365084,1.0
repeat_2_fold_1,ALDH4A1,0.0,0.0,0.0,0.0,0.0,0.0,0.0
repeat_2_fold_1,ALDH5A1,0.0,0.0,0.0,0.0,0.0,0.0,0.0
repeat_2_fold_1,ALDH6A1,0.0,0.0,0.0,0.0,0.0,0.0,0.0
repeat_2_fold_1,ALDH7A1,0.0,0.0,0.0,0.0,0.0,5.8848015578399915e-05,1.0
repeat_2_fold_1,ALDH8A1,0.0,0.0,0.0,0.0,0.0,0.00011819955672440208,1.0
repeat_2_fold_1,ALDOA,0.0,0.0,0.0,0.0,0.0,0.0,0.0
repeat_2_fold_1,ALDOB,0.0,0.0,0.0,0.0,0.0,0.0,0.0
repeat_2_fold_1,ALDOC,-0.0925200900558032,0.11813142585031865,0.059065712925159324,-0.15158580298096253,0.0,0.0001557195801800415,0.5
repeat_2_fold_1,ALG12,0.05448017582069653,0.10896035164139306,0.05448017582069653,0.0,0.25,0.0001971671030631672,0.5
repeat_2_fold_1,ALG13,-0.30329401563600733,0.4244153722459044,0.2122076861229522,-0.5155017017589596,0.0,0.0002509640203315622,1.0
repeat_2_fold_1,ALG5,-0.1286041005177765,0.17947202595836032,0.08973601297918016,-0.21834011349695664,0.0,2.3660052367591167e-05,0.5
repeat_2_fold_1,ALG6,0.0,0.0,0.0,0.0,0.0,0.0,0.0
repeat_2_fold_1,ALG8,0.0,0.0,0.0,0.0,0.0,0.0,0.0
repeat_2_fold_1,ALG9,0.0,0.0,0.0,0.0,0.0,0.0002880812233330421,0.5
repeat_2_fold_1,ALK,0.3251624769434045,0.3763308633458382,0.1881654316729191,0.1369970452704854,0.5,-0.0012058570298384697,1.0
repeat_2_fold_1,ALMS1,0.0,0.0,0.0,0.0,0.0,0.0,0.0
repeat_2_fold_1,ALOX12,0.0,0.0,0.0,0.0,0.0,-3.154673649008455e-05,0.5
repeat_2_fold_1,ALOX12B,0.0,0.0,0.0,0.0,0.0,0.0,0.0
repeat_2_fold_1,ALOX15,0.010674697266209066,0.09582609082257708,0.04791304541128854,-0.037238348145079474,0.25,0.00018928041894064607,0.5
repeat_2_fold_1,ALOX15B,0.0,0.0,0.0,0.0,0.0,0.0,0.0
repeat_2_fold_1,ALOX5,0.0,0.0,0.0,0.0,0.0,0.0,0.0
repeat_2_fold_1,ALOX5AP,-0.06229355518156865,0.07193040170571494,0.03596520085285747,-0.09825875603442612,0.0,-0.0001735070506956038,0.5
repeat_2_fold_1,ALOXE3,-0.0689592134050514,0.11939599227417232,0.05969799613708616,-0.12865720954213755,0.0,7.098015710274574e-05,0.5
repeat_2_fold_1,ALPG,0.0,0.0,0.0,0.0,0.0,0.0,0.0
repeat_2_fold_1,ALPI,-0.09365662134662855,0.11540327405557176,0.05770163702778588,-0.15135825837441444,0.0,0.0002050537871857161,0.5
repeat_2_fold_1,ALPK1,0.0,0.0,0.0,0.0,0.0,0.0,0.0
repeat_2_fold_1,ALPP,0.0,0.0,0.0,0.0,0.0,9.34317481080249e-05,0.5
repeat_2_fold_1,ALS2CL,0.0,0.0,0.0,0.0,0.0,0.0,0.0
repeat_2_fold_1,ALX3,0.0,0.0,0.0,0.0,0.0,-0.00011769603115674432,1.0
repeat_2_fold_1,AMACR,0.0,0.0,0.0,0.0,0.0,0.0,0.0
repeat_2_fold_1,AMBN,0.0,0.0,0.0,0.0,0.0,0.0,0.0
repeat_2_fold_1,AMBP,0.16686417243241358,0.42467259405761704,0.21233629702880852,-0.045472124596394936,0.25,9.069686740909022e-05,0.5
repeat_2_fold_1,AMBRA1,0.0,0.0,0.0,0.0,0.0,0.0,0.0
repeat_2_fold_1,AMD1,0.0,0.0,0.0,0.0,0.0,0.00021951798895494812,1.0
repeat_2_fold_1,AMDHD2,0.0,0.0,0.0,0.0,0.0,0.00019464947522504494,0.5
repeat_2_fold_1,AMELX,-0.24585092681339127,0.49170185362678254,0.24585092681339127,-0.49170185362678254,0.0,-0.0001427659551136995,1.0
repeat_2_fold_1,AMFR,0.0,0.0,0.0,0.0,0.0,-0.0002681472601659407,0.5
repeat_2_fold_1,AMH,0.0,0.0,0.0,0.0,0.0,2.3357937027013165e-05,0.5
repeat_2_fold_1,AMHR2,0.0,0.0,0.0,0.0,0.0,0.0,0.0
repeat_2_fold_1,AMIGO2,-0.2936291750775446,0.33905376654589625,0.16952688327294813,-0.4631560583504927,0.0,0.00012618694596042146,0.5
repeat_2_fold_1,AMN,0.019682411213292283,0.03936482242658457,0.019682411213292283,0.0,0.25,3.943342061263344e-05,0.5
repeat_2_fold_1,AMOT,0.0,0.0,0.0,0.0,0.0,-8.675352534778802e-05,0.5
repeat_2_fold_1,AMOTL2,-0.030823447822971417,0.06164689564594284,0.03082344782297142,-0.061646895645942834,0.0,-0.00037372699243201635,0.5
repeat_2_fold_1,AMPD1,0.054294375045859766,0.06555934286159387,0.032779671430796936,0.02151470361506283,0.5,0.0008019558379270819,0.5
repeat_2_fold_1,AMPD2,0.0,0.0,0.0,0.0,0.0,7.886684122521137e-06,0.5
repeat_2_fold_1,AMPD3,0.0,0.0,0.0,0.0,0.0,0.0,0.0
repeat_2_fold_1,AMPH,0.0,0.0,0.0,0.0,0.0,6.22878320720166e-05,0.5
repeat_2_fold_1,AMT,0.16978013280189685,0.508184280746062,0.254092140373031,-0.08431200757113416,0.25,-0.0019970057353507487,1.0
repeat_2_fold_1,AMY1A,0.0,0.0,0.0,0.0,0.0,0.0,0.0
repeat_2_fold_1,ANAPC1,-0.046276862586656975,0.12292834912189371,0.061464174560946855,-0.10774103714760383,0.5,-0.00047231054396359995,1.0
repeat_2_fold_1,ANAPC10,-0.11168191700107144,0.14826321002800683,0.07413160501400341,-0.18581352201507484,0.0,-0.00014984699832801263,0.5
repeat_2_fold_1,ANAPC13,0.0,0.0,0.0,0.0,0.0,3.943342061263344e-05,0.5
repeat_2_fold_1,ANAPC15,0.0,0.0,0.0,0.0,0.0,1.5773368245042274e-05,0.5
repeat_2_fold_1,ANAPC2,-0.1468145875387723,0.2936291750775446,0.1468145875387723,-0.2936291750775446,0.0,2.3760757481144923e-05,1.0
repeat_2_fold_1,ANAPC5,0.021277334291028183,0.042554668582056365,0.021277334291028183,0.0,0.25,-6.228783207196109e-05,0.5
repeat_2_fold_1,ANG,0.0,0.0,0.0,0.0,0.0,0.0,0.0
repeat_2_fold_1,ANGPT1,0.0,0.0,0.0,0.0,0.0,0.0,0.0
repeat_2_fold_1,ANGPT2,0.0,0.0,0.0,0.0,0.0,0.0003036373387172997,0.5
repeat_2_fold_1,ANGPT4,0.0,0.0,0.0,0.0,0.0,0.0,0.0
repeat_2_fold_1,ANGPTL3,0.0,0.0,0.0,0.0,0.0,0.00024915132828803865,0.5
repeat_2_fold_1,ANGPTL4,0.0,0.0,0.0,0.0,0.0,0.0,0.0
repeat_2_fold_1,ANGPTL8,0.0,0.0,0.0,0.0,0.0,0.0,0.0
repeat_2_fold_1,ANK1,-0.35828893986500887,0.431873405317923,0.2159367026589615,-0.5742256425239703,0.0,0.0006306642997290779,0.5
repeat_2_fold_1,ANK2,0.0,0.0,0.0,0.0,0.0,2.3660052367591167e-05,0.5
repeat_2_fold_1,ANK3,-0.49170185362678254,0.5677683951049217,0.28388419755246086,-0.7755860511792434,0.0,-0.000241365349278988,0.5
repeat_2_fold_1,ANKFY1,-0.7598189278575038,0.5439227404623358,0.2719613702311679,-1.0317802980886717,0.0,0.003945265651743274,1.0
repeat_2_fold_1,ANKH,0.0,0.0,0.0,0.0,0.0,0.00018139373481815269,0.5
repeat_2_fold_1,ANKLE2,0.2303497379376651,0.3353882745523991,0.16769413727619956,0.06265560066146555,0.75,4.297394221983164e-05,1.0
repeat_2_fold_1,ANKRD1,0.2712122690551517,0.5424245381103034,0.2712122690551517,0.0,0.25,0.0002080907832252843,1.0
repeat_2_fold_1,ANKRD26,0.0,0.0,0.0,0.0,0.0,9.464020947033691e-05,0.5
repeat_2_fold_1,ANKRD27,0.0,0.0,0.0,0.0,0.0,-0.00010900370612598742,0.5
repeat_2_fold_1,ANKRD28,-0.05807443170903426,0.0683170210035608,0.0341585105017804,-0.09223294221081466,0.0,3.11439160360083e-05,0.5
repeat_2_fold_1,ANKZF1,-0.09286647220365829,0.18573294440731658,0.09286647220365829,-0.18573294440731658,0.0,-0.0002602605760433918,0.5
repeat_2_fold_1,ANO1,0.011739706463805177,0.023479412927610355,0.011739706463805177,0.0,0.25,-0.00021022143324300746,0.5
repeat_2_fold_1,ANO10,0.0,0.0,0.0,0.0,0.0,0.0006672621345292784,1.0
repeat_2_fold_1,ANO2,0.0,0.0,0.0,0.0,0.0,0.0,0.0
repeat_2_fold_1,ANO3,0.0,0.0,0.0,0.0,0.0,0.0,0.0
repeat_2_fold_1,ANOS1,-0.02504078149415534,0.05008156298831068,0.02504078149415534,-0.05008156298831068,0.0,7.007381108101174e-05,0.5
repeat_2_fold_1,ANPEP,0.0,0.0,0.0,0.0,0.0,0.0,0.0
repeat_2_fold_1,ANTXR1,0.0,0.0,0.0,0.0,0.0,9.464020947033691e-05,0.5
repeat_2_fold_1,ANXA1,0.0,0.0,0.0,0.0,0.0,-0.00026026057604341957,0.5
repeat_2_fold_1,ANXA2,0.0,0.0,0.0,0.0,0.0,-3.1143916035980546e-05,0.5
repeat_2_fold_1,ANXA3,0.0,0.0,0.0,0.0,0.0,0.0,0.0
repeat_2_fold_1,ANXA5,0.0,0.0,0.0,0.0,0.0,0.0,0.0
repeat_2_fold_1,ANXA6,0.0,0.0,0.0,0.0,0.0,-4.337676267388013e-05,0.5
repeat_2_fold_1,AOC1,0.01782086149279749,0.03564172298559498,0.01782086149279749,0.0,0.25,7.886684122521137e-06,0.5
repeat_2_fold_1,AOC2,-0.08458572425574573,0.00952715565042172,0.00476357782521086,-0.0893493020809566,0.0,-0.00024468861802534603,1.0
repeat_2_fold_1,AOC3,-0.2055259504078517,0.36134155183158984,0.18067077591579492,-0.38619672632364666,0.0,-0.0003982775481876366,0.5
repeat_2_fold_1,AP1B1,0.011739706463805177,0.023479412927610355,0.011739706463805177,0.0,0.25,3.892989504500344e-05,0.5
repeat_2_fold_1,AP1G1,0.0,0.0,0.0,0.0,0.0,0.0,0.0
repeat_2_fold_1,AP1G2,0.0,0.0,0.0,0.0,0.0,0.0,0.0
repeat_2_fold_1,AP1M2,0.05145372392376224,0.10290744784752448,0.05145372392376224,0.0,0.25,-0.0008438752011104278,0.5
repeat_2_fold_1,AP1S1,0.0,0.0,0.0,0.0,0.0,0.0,0.0
repeat_2_fold_1,AP1S2,0.0,0.0,0.0,0.0,0.0,0.0,0.0
repeat_2_fold_1,AP2A2,0.0,0.0,0.0,0.0,0.0,0.0,0.0
repeat_2_fold_1,AP2B1,0.39304028885003994,0.428097228889408,0.214048614444704,0.17899167440533595,0.75,8.46228753300371e-05,1.0
repeat_2_fold_1,AP2M1,-0.5050029286571345,0.5835315417309893,0.29176577086549466,-0.7967686995226291,0.0,9.081341515632113e-05,1.0
repeat_2_fold_1,AP2S1,0.023794231720607684,0.15410067806955274,0.07705033903477637,-0.05325610731416869,0.25,-0.000241365349278988,0.5
repeat_2_fold_1,AP3B1,-0.5426794912838719,0.47445047213420705,0.23722523606710352,-0.7799047273509755,0.0,0.0008569453739240007,1.0
repeat_2_fold_1,AP3S1,0.0,0.0,0.0,0.0,0.0,0.0,0.0
repeat_2_fold_1,AP4M1,-0.14405919012100377,0.21330506595771062,0.10665253297885531,-0.25071172309985906,0.0,7.886684122521137e-06,0.5
repeat_2_fold_1,AP4S1,0.0,0.0,0.0,0.0,0.0,0.0,0.0
repeat_2_fold_1,APBA1,0.0,0.0,0.0,0.0,0.0,6.22878320720166e-05,0.5
repeat_2_fold_1,APBA2,0.0,0.0,0.0,0.0,0.0,0.0,0.0
repeat_2_fold_1,APBA3,0.0,0.0,0.0,0.0,0.0,0.0,0.0
repeat_2_fold_1,APBB1,-0.051498344493678516,0.061831973246940446,0.030915986623470223,-0.08241433111714874,0.0,-1.1830026183767828e-05,0.5
repeat_2_fold_1,APBB1IP,0.0,0.0,0.0,0.0,0.0,-3.1143916035980546e-05,0.5
repeat_2_fold_1,APC,0.0,0.0,0.0,0.0,0.0,0.0,0.0
repeat_2_fold_1,APCS,0.0,0.0,0.0,0.0,0.0,0.00025997430333657423,1.0
repeat_2_fold_1,APEH,0.0,0.0,0.0,0.0,0.0,-0.00010252689359285805,0.5
repeat_2_fold_1,APEX1,0.4395170902627683,0.5075106207533007,0.25375531037665033,0.18576177988611797,0.5,-0.00024448720779834954,0.5
repeat_2_fold_1,APH1A,0.0828823800141052,0.1389874350340866,0.0694937175170433,0.013388662497061901,0.5,-8.675352534781577e-05,0.5
repeat_2_fold_1,APIP,0.0,0.0,0.0,0.0,0.0,7.785979009022892e-06,0.5
repeat_2_fold_1,APLNR,0.0,0.0,0.0,0.0,0.0,0.0,0.0
repeat_2_fold_1,APLP2,0.0,0.0,0.0,0.0,0.0,0.0,0.0
repeat_2_fold_1,APOA1,0.0,0.0,0.0,0.0,0.0,0.0,0.0
repeat_2_fold_1,APOA2,0.0,0.0,0.0,0.0,0.0,-4.337676267388013e-05,0.5
repeat_2_fold_1,ARF3,0.0,0.0,0.0,0.0,0.0,0.00011678968513503807,0.5
repeat_2_fold_1,ARHGAP1,0.0,0.0,0.0,0.0,0.0,0.0005450185306300759,0.5
repeat_2_fold_1,ARHGAP19,0.0029367991082889233,0.20639931118967933,0.10319965559483966,-0.10026285648655074,0.25,7.584568781998646e-06,1.0
repeat_2_fold_1,ARHGAP28,-0.03344220295245215,0.0668844059049043,0.03344220295245215,-0.0668844059049043,0.0,6.309347298022461e-05,0.5
repeat_2_fold_1,ARHGEF38,-0.24585092681339127,0.4917018536267826,0.2458509268133913,-0.49170185362678254,0.0,-0.00014793360117099086,0.5
repeat_2_fold_1,ARHGEF6,0.0,0.0,0.0,0.0,0.0,0.0,0.0
repeat_2_fold_1,ARPC4,0.0,0.0,0.0,0.0,0.0,1.971671030631672e-05,1.0
repeat_2_fold_1,ASB1,-0.020045940326562928,0.040091880653125855,0.020045940326562928,-0.040091880653125855,0.0,0.00018533707687939938,0.5
repeat_2_fold_1,ASPH,0.0,0.0,0.0,0.0,0.0,0.0,0.0
repeat_2_fold_1,ASRGL1,-0.4704245193357526,0.5443095667005904,0.2721547833502952,-0.7425793026860478,0.0,0.0009073024746986957,1.0
repeat_2_fold_1,ATF1,0.0,0.0,0.0,0.0,0.0,0.0,0.0
repeat_2_fold_1,ATF6,-0.031146777590784325,0.06229355518156865,0.031146777590784325,-0.06229355518156865,0.0,0.00030758068077857414,0.5
repeat_2_fold_1,ATP5F1E,0.0,0.0,0.0,0.0,0.0,0.0,0.0
repeat_2_fold_1,ATP5MC3,0.0,0.0,0.0,0.0,0.0,0.000519227828244706,1.0
repeat_2_fold_1,ATP5PO,-0.19769777809030487,0.1787072589499012,0.0893536294749506,-0.2870514075652555,0.0,-1.657900915325028e-05,1.0
repeat_2_fold_1,ATP6V0D1,0.0,0.0,0.0,0.0,0.0,0.0,0.0
repeat_2_fold_1,ATP6V0E2,0.0,0.0,0.0,0.0,0.0,0.00011678968513503807,0.5
repeat_2_fold_1,ATP8B2,0.0,0.0,0.0,0.0,0.0,0.0,0.0
repeat_2_fold_1,B4GALT3,0.0,0.0,0.0,0.0,0.0,0.0,0.0
repeat_2_fold_1,BACE1,0.0,0.0,0.0,0.0,0.0,0.00017129153819803178,0.5
repeat_2_fold_1,BANF1,0.0,0.0,0.0,0.0,0.0,0.0,0.0
repeat_2_fold_1,BATF,0.0,0.0,0.0,0.0,0.0,0.0,0.0
repeat_2_fold_1,BBS1,0.0,0.0,0.0,0.0,0.0,0.0,0.0
repeat_2_fold_1,BIRC5,-0.19282871190693918,0.23043568300835607,0.11521784150417803,-0.3080465534111172,0.0,0.001167229250134072,0.5
repeat_2_fold_1,BLTP3B,0.0,0.0,0.0,0.0,0.0,0.0,0.0
repeat_2_fold_1,BMP15,-0.020045940326562928,0.040091880653125855,0.020045940326562928,-0.040091880653125855,0.0,0.00014682584492226036,1.0
repeat_2_fold_1,BMP2,0.16203779488205683,0.5216250170075121,0.26081250850375604,-0.0987747136216992,0.25,-0.00041587945110987956,1.0
repeat_2_fold_1,BOLA2,-0.1078770760000527,0.1300253011820356,0.0650126505910178,-0.1728897265910705,0.0,0.0006929521318010667,0.5
repeat_2_fold_1,BRF1,0.0,0.0,0.0,0.0,0.0,0.0,0.0
repeat_2_fold_1,BTF3,-0.49904588852214893,0.5784427009621059,0.28922135048105296,-0.788267239003202,0.0,0.0004360148245040607,0.5
repeat_2_fold_1,C2CD3,-0.05205104321074927,0.11432674911533473,0.05716337455766737,-0.10921441776841664,0.5,0.0004008110186595748,1.0
repeat_2_fold_1,C9orf78,0.048514123082116,0.1934696539165483,0.09673482695827415,-0.04822070387615815,0.25,-0.00016004990006163178,1.0
repeat_2_fold_1,CA14,0.0,0.0,0.0,0.0,0.0,0.0,0.0
repeat_2_fold_1,CA9,0.0,0.0,0.0,0.0,0.0,0.0,0.0
repeat_2_fold_1,CAB39,-0.02504078149415534,0.05008156298831068,0.02504078149415534,-0.05008156298831068,0.0,-0.00023357937027002063,0.5
repeat_2_fold_1,CABP1,-0.3956284273540813,0.46541455591844316,0.23270727795922158,-0.628335705313303,0.0,-7.098015710274574e-05,0.5
repeat_2_fold_1,CACNA1G,0.0,0.0,0.0,0.0,0.0,-7.007381108098398e-05,0.5
repeat_2_fold_1,CACNA1H,0.0,0.0,0.0,0.0,0.0,0.0,0.0
repeat_2_fold_1,CAMK2A,-0.09408998853756145,0.0628009622862778,0.0314004811431389,-0.12549046968070035,0.0,0.00047977856499839544,1.0
repeat_2_fold_1,CAMKMT,0.0,0.0,0.0,0.0,0.0,-0.00012224360389917477,0.5
repeat_2_fold_1,CASP7,0.0,0.0,0.0,0.0,0.0,0.0001012177271170478,0.5
repeat_2_fold_1,CASP9,0.0,0.0,0.0,0.0,0.0,0.0,0.0
repeat_2_fold_1,CBX6,0.0,0.0,0.0,0.0,0.0,0.00010900370612604293,0.5
repeat_2_fold_1,CBX8,0.0,0.0,0.0,0.0,0.0,0.0,0.0
repeat_2_fold_1,CCL2,0.0,0.0,0.0,0.0,0.0,0.0,0.0
repeat_2_fold_1,CCL22,0.0,0.0,0.0,0.0,0.0,0.0,0.0
repeat_2_fold_1,CCL25,-0.06171969461287219,0.12343938922574436,0.06171969461287218,-0.12343938922574438,0.0,-0.00012618694596044921,0.5
repeat_2_fold_1,CCT4,-0.14841749381395353,0.1930938686577854,0.0965469343288927,-0.24496442814284625,0.0,1.567266313154403e-05,1.0
repeat_2_fold_1,CCT5,0.03912497228574985,0.2011331336953729,0.10056656684768644,-0.0614415945619366,0.25,0.001510479927746139,0.5
repeat_2_fold_1,CCT6A,0.0,0.0,0.0,0.0,0.0,0.0,0.0
repeat_2_fold_1,CD1C,-0.42852021284731734,0.4960667831553484,0.2480333915776742,-0.6765536044249916,0.0,-2.7804804655862103e-05,1.0
repeat_2_fold_1,CD22,-0.16888365818144457,0.21434510838257892,0.10717255419128946,-0.27605621237273403,0.0,-0.00017745039275687824,0.5
repeat_2_fold_1,CD9,0.0,0.0,0.0,0.0,0.0,2.3357937027013165e-05,0.5
repeat_2_fold_1,CDC25C,0.0,0.0,0.0,0.0,0.0,0.00017745039275687824,0.5
repeat_2_fold_1,CDC42BPB,-0.2818894686137394,0.353130372958822,0.176565186479411,-0.4584546550931504,0.25,9.33310429944989e-05,1.0
repeat_2_fold_1,CDH15,0.0,0.0,0.0,0.0,0.0,0.0,0.0
repeat_2_fold_1,CDK5R2,-0.03449505266400621,0.06899010532801242,0.03449505266400621,-0.06899010532801242,0.0,3.277104048615698e-05,1.0
repeat_2_fold_1,CDKN1B,-0.08695091254735487,0.2822517268476092,0.1411258634238046,-0.22807677597115947,0.25,0.0004850310735354524,0.5
repeat_2_fold_1,CDX2,0.0,0.0,0.0,0.0,0.0,-0.00016562036657308266,0.5
repeat_2_fold_1,CENPE,0.0,0.0,0.0,0.0,0.0,0.0,0.0
repeat_2_fold_1,CENPO,0.0,0.0,0.0,0.0,0.0,0.0,0.0
repeat_2_fold_1,CEP250,0.0,0.0,0.0,0.0,0.0,0.0,0.0
repeat_2_fold_1,CEP290,-0.07823971404861929,0.15647942809723855,0.07823971404861928,-0.15647942809723858,0.0,-0.00024084598107762534,1.0
repeat_2_fold_1,CEP57,0.0,0.0,0.0,0.0,0.0,0.0,0.0
repeat_2_fold_1,CETN2,-0.13921406288650573,0.16320433399918416,0.08160216699959208,-0.2208162298860978,0.0,-0.0001131326157805812,1.0
repeat_2_fold_1,CFP,0.0,0.0,0.0,0.0,0.0,0.0,0.0
repeat_2_fold_1,CHAC1,-0.3453358494954468,0.46490552915259425,0.23245276457629713,-0.577788614071744,0.0,-8.655211512073602e-05,1.0
repeat_2_fold_1,CHD1,0.0,0.0,0.0,0.0,0.0,0.0,0.0
repeat_2_fold_1,CHGA,-0.2891462356743659,0.42238914125929833,0.21119457062964916,-0.5003408063040151,0.25,-0.00043096372619394474,1.0
repeat_2_fold_1,CHL1,0.0,0.0,0.0,0.0,0.0,0.0,0.0
repeat_2_fold_1,CHPT1,-0.33698693130163804,0.43074078386401987,0.21537039193200994,-0.552357323233648,0.0,0.00011244352261965962,1.0
repeat_2_fold_1,CHST15,0.0,0.0,0.0,0.0,0.0,7.886684122521137e-06,0.5
repeat_2_fold_1,CIAO3,0.0,0.0,0.0,0.0,0.0,0.0,0.0
repeat_2_fold_1,CLCN2,0.0,0.0,0.0,0.0,0.0,0.0,0.0
repeat_2_fold_1,CLU,-0.24585092681339127,0.4917018536267826,0.2458509268133913,-0.49170185362678254,0.0,0.0004598604444649712,1.0
repeat_2_fold_1,CMTM6,0.0,0.0,0.0,0.0,0.0,0.0002180074122520581,0.5
repeat_2_fold_1,CNKSR2,-0.24961437401651665,0.43502340330805644,0.21751170165402822,-0.46712607567054487,0.0,0.00017129153819803178,0.5
repeat_2_fold_1,COG5,-0.28270000693184016,0.33037259254331225,0.16518629627165612,-0.4478863032034963,0.0,-0.00022082715543078613,0.5
repeat_2_fold_1,COL4A4,0.0,0.0,0.0,0.0,0.0,0.0,0.0
repeat_2_fold_1,COL6A2,-0.24585092681339127,0.4917018536267826,0.2458509268133913,-0.49170185362678254,0.0,-7.785979008995136e-06,0.5
repeat_2_fold_1,COL9A2,0.04475674721863676,0.062274835267087096,0.031137417633543548,0.013619329585093213,0.5,0.0003114391603600275,0.5
repeat_2_fold_1,COMMD3,0.0,0.0,0.0,0.0,0.0,0.0,0.0
repeat_2_fold_1,COQ10B,0.0,0.0,0.0,0.0,0.0,0.0,0.0
repeat_2_fold_1,CORT,-0.024650256493179867,0.03555894913294088,0.01777947456647044,-0.04242973105965031,0.0,0.00047494471954906414,0.5
repeat_2_fold_1,COX16,0.0,0.0,0.0,0.0,0.0,0.0,0.0
repeat_2_fold_1,CPA3,-0.3052488664096682,0.42910645124570806,0.21455322562285403,-0.5198020920325223,0.0,0.0005644331255958146,1.0
repeat_2_fold_1,CPSF4,0.0,0.0,0.0,0.0,0.0,0.0,0.0
repeat_2_fold_1,CREB3,-0.015985737441447156,0.01845873963002839,0.009229369815014194,-0.025215107256461353,0.0,0.000467158740540069,0.5
repeat_2_fold_1,CREG1,0.0,0.0,0.0,0.0,0.0,0.0,0.0
repeat_2_fold_1,CRLF1,-0.22336383400213933,0.25791833937672404,0.12895916968836202,-0.35232300369050135,0.0,-0.00036278746963624986,0.5
repeat_2_fold_1,CRY2,-0.001683493195203667,0.31809174928716166,0.15904587464358083,-0.1607293678387845,0.25,0.0002681472601659407,0.5
repeat_2_fold_1,CRYBA4,0.0,0.0,0.0,0.0,0.0,0.00029586720234203723,0.5
repeat_2_fold_1,CSF1R,0.0,0.0,0.0,0.0,0.0,0.0,0.0
repeat_2_fold_1,CSNK2A1,0.0,0.0,0.0,0.0,0.0,-0.00034258307639600805,0.5
repeat_2_fold_1,CSPG4,0.0,0.0,0.0,0.0,0.0,0.0,0.0
repeat_2_fold_1,CSPG5,0.0,0.0,0.0,0.0,0.0,0.0,0.0
repeat_2_fold_1,CSTF2,-0.030823447822971417,0.06164689564594284,0.03082344782297142,-0.061646895645942834,0.0,-5.450185306299371e-05,0.5
repeat_2_fold_1,CTLA4,0.0,0.0,0.0,0.0,0.0,0.0,0.0
repeat_2_fold_1,CTSE,-0.47804291314117897,0.5525079635311342,0.2762539817655671,-0.7542968949067461,0.0,-0.0005047477838417691,0.5
repeat_2_fold_1,CTSF,0.4499264506046057,0.7291354521971714,0.3645677260985857,0.08535872450602,0.75,0.00017585495357416714,1.0
repeat_2_fold_1,CUL1,0.0,0.0,0.0,0.0,0.0,0.0,0.0
repeat_2_fold_1,CXCL6,0.0,0.0,0.0,0.0,0.0,0.0,0.0
repeat_2_fold_1,CXCR2,0.0,0.0,0.0,0.0,0.0,0.0,0.0
repeat_2_fold_1,CYB5A,-0.28973827298624677,0.39415640777212674,0.19707820388606337,-0.4868164768723101,0.0,0.0006269913877409161,0.5
repeat_2_fold_1,CYB5R1,-0.07823971404861929,0.15647942809723855,0.07823971404861928,-0.15647942809723858,0.0,-0.0003233540490236164,0.5
repeat_2_fold_1,CYLD,0.0,0.0,0.0,0.0,0.0,0.0,0.0
repeat_2_fold_1,CYP11B1,-0.37757878414102386,0.4482614354161936,0.2241307177080968,-0.6017095018491206,0.0,-0.0003289086729013069,1.0
repeat_2_fold_1,CYP21A2,0.0,0.0,0.0,0.0,0.0,0.0,0.0
repeat_2_fold_1,CYP3A5,-0.009546113531943234,0.08579130707591666,0.04289565353795833,-0.052441767069901564,0.25,-0.00014793360117099086,0.5
repeat_2_fold_1,CYP46A1,0.0,0.0,0.0,0.0,0.0,0.00014570224603976945,1.0
repeat_2_fold_1,DCAF6,-0.06171969461287219,0.12343938922574436,0.06171969461287218,-0.12343938922574438,0.0,2.3660052367591167e-05,0.5
repeat_2_fold_1,DCTN6,0.0,0.0,0.0,0.0,0.0,0.0,0.0
repeat_2_fold_1,DCTPP1,-0.2936291750775446,0.33905376654589625,0.16952688327294813,-0.4631560583504927,0.0,4.641375871344833e-05,1.0
repeat_2_fold_1,DCXR,0.0,0.0,0.0,0.0,0.0,0.0,0.0
repeat_2_fold_1,DDR1,0.0,0.0,0.0,0.0,0.0,0.0,0.0
repeat_2_fold_1,DDX49,0.0,0.0,0.0,0.0,0.0,0.0,0.0
repeat_2_fold_1,DET1,0.021277334291028183,0.042554668582056365,0.021277334291028183,0.0,0.25,-0.0002180074122520026,0.5
repeat_2_fold_1,DGKI,-0.015985737441447156,0.01845873963002839,0.009229369815014194,-0.025215107256461353,0.0,-0.00028029524432399144,0.5
repeat_2_fold_1,DHRS9,-0.03344220295245215,0.0668844059049043,0.03344220295245215,-0.0668844059049043,0.0,0.0005796712830057615,0.5
repeat_2_fold_1,DHX58,-0.24585092681339127,0.4917018536267826,0.2458509268133913,-0.49170185362678254,0.0,-0.00011678968513501031,1.0
repeat_2_fold_1,DKC1,0.0,0.0,0.0,0.0,0.0,0.0,0.0
repeat_2_fold_1,DLK1,0.0,0.0,0.0,0.0,0.0,0.0,0.0
repeat_2_fold_1,DMPK,0.0,0.0,0.0,0.0,0.0,8.564576909902977e-05,0.5
repeat_2_fold_1,DMRT1,0.0,0.0,0.0,0.0,0.0,7.886684122526688e-05,0.5
repeat_2_fold_1,DNAJA2,0.0,0.0,0.0,0.0,0.0,6.228783207204436e-05,0.5
repeat_2_fold_1,DNAJB9,0.0,0.0,0.0,0.0,0.0,0.0,0.0
repeat_2_fold_1,DNAJC7,0.0,0.0,0.0,0.0,0.0,0.0,0.0
repeat_2_fold_1,DNAJC8,-0.20842153666247398,0.24873977196789773,0.12436988598394887,-0.33279142264642286,0.0,-0.0012460960913593389,0.5
repeat_2_fold_1,DNASE1L1,0.0,0.0,0.0,0.0,0.0,0.0,0.0
repeat_2_fold_1,DNMT3B,0.0,0.0,0.0,0.0,0.0,0.0,0.0
repeat_2_fold_1,DOCK9,0.0,0.0,0.0,0.0,0.0,0.0001557195801800415,0.5
repeat_2_fold_1,DOLK,-0.1468145875387723,0.2936291750775446,0.1468145875387723,-0.2936291750775446,0.0,8.281018328654133e-05,0.5
repeat_2_fold_1,DPF1,0.5829857746922364,0.6736475332030208,0.3368237666015104,0.24616200809072603,0.5,3.659783480020051e-05,1.0
repeat_2_fold_1,DPF3,0.0,0.0,0.0,0.0,0.0,-8.490914803677141e-06,1.0
repeat_2_fold_1,DPM3,-0.17754904643084934,0.2608927224339594,0.1304463612169797,-0.30799540764782907,0.0,0.00020111044512444165,0.5
repeat_2_fold_1,DPYS,0.0,0.0,0.0,0.0,0.0,-0.00010900370612598742,0.5
repeat_2_fold_1,DRD1,0.0,0.0,0.0,0.0,0.0,0.0,0.0
repeat_2_fold_1,DSCAM,0.0,0.0,0.0,0.0,0.0,0.0,0.0
repeat_2_fold_1,DUOX1,0.13916807979052237,0.26941015188075496,0.13470507594037748,0.004463003850144892,0.5,-0.00035884412757500317,0.5
repeat_2_fold_1,DUOX2,0.0,0.0,0.0,0.0,0.0,0.0,0.0
repeat_2_fold_1,EBAG9,-0.01182734255725748,0.04440537254843358,0.02220268627421679,-0.03403002883147427,0.25,-0.0003901045913582146,1.0
repeat_2_fold_1,EEF1D,0.0,0.0,0.0,0.0,0.0,0.0,0.0
repeat_2_fold_1,EFNA1,0.0,0.0,0.0,0.0,0.0,-0.00021294047130823723,0.5
repeat_2_fold_1,EFNB3,0.0,0.0,0.0,0.0,0.0,0.0,0.0
repeat_2_fold_1,EHMT2,-0.14262470542415784,0.11481514206315492,0.05740757103157746,-0.2000322764557353,0.0,0.00016199498248614663,1.0
repeat_2_fold_1,EIF2AK2,0.0,0.0,0.0,0.0,0.0,0.0,0.0
repeat_2_fold_1,EIF2AK3,0.0,0.0,0.0,0.0,0.0,0.0,0.0
repeat_2_fold_1,EIF3A,0.0,0.0,0.0,0.0,0.0,0.0,0.0
repeat_2_fold_1,EIF3F,0.0,0.0,0.0,0.0,0.0,0.0,0.0
repeat_2_fold_1,EIF3I,0.0,0.0,0.0,0.0,0.0,0.00025693730729706155,0.5
repeat_2_fold_1,EIF3L,0.054294375045859766,0.06555934286159387,0.032779671430796936,0.02151470361506283,0.5,0.00042883307617624933,1.0
repeat_2_fold_1,EIF4A3,-0.02504078149415534,0.05008156298831068,0.02504078149415534,-0.05008156298831068,0.0,0.0005995203836930696,0.5
repeat_2_fold_1,EIF4E2,0.0,0.0,0.0,0.0,0.0,0.0,0.0
repeat_2_fold_1,ELAC2,-0.24585092681339127,0.4917018536267826,0.2458509268133913,-0.49170185362678254,0.0,0.00039708492945905727,0.5
repeat_2_fold_1,ELP5,0.07230103731349047,0.14460207462698094,0.07230103731349047,0.0,0.25,0.00011830026183792808,0.5
repeat_2_fold_1,ENGASE,0.0,0.0,0.0,0.0,0.0,0.0,0.0
repeat_2_fold_1,EPB41L1,0.0,0.0,0.0,0.0,0.0,0.0,0.0
repeat_2_fold_1,ERCC6L,0.0,0.0,0.0,0.0,0.0,0.0,0.0
repeat_2_fold_1,ETS2,0.03040344360609737,0.17651572777232996,0.08825786388616498,-0.05785442028006761,0.25,-0.0008052474214060024,1.0
repeat_2_fold_1,EXTL2,0.0,0.0,0.0,0.0,0.0,0.0,0.0
repeat_2_fold_1,F11R,0.0,0.0,0.0,0.0,0.0,0.0,0.0
repeat_2_fold_1,F12,-0.04527452203567783,0.07833029598964027,0.03916514799482013,-0.08443967003049796,0.25,-0.0008595795495093816,1.0
repeat_2_fold_1,F3,0.0746615362151033,0.3037087142045684,0.1518543571022842,-0.07719282088718091,0.25,0.0006584532617512628,1.0
repeat_2_fold_1,F8,0.0,0.0,0.0,0.0,0.0,0.0,0.0
repeat_2_fold_1,FANCC,0.0,0.0,0.0,0.0,0.0,0.0,0.0
repeat_2_fold_1,FANCG,0.0,0.0,0.0,0.0,0.0,0.0,0.0
repeat_2_fold_1,FAR2,0.0,0.0,0.0,0.0,0.0,0.0,0.0
repeat_2_fold_1,FBXW4,-0.021638253522606732,0.17276388393858047,0.08638194196929024,-0.10802019549189697,0.5,0.0008016537225865317,1.0
repeat_2_fold_1,FCER1A,-0.12396477764529834,0.3063490077866275,0.15317450389331375,-0.2771392815386121,0.25,9.464020947033691e-05,0.5
repeat_2_fold_1,FGR,-0.1468145875387723,0.2936291750775446,0.1468145875387723,-0.2936291750775446,0.0,-0.00013407363008297035,0.5
repeat_2_fold_1,FHL2,-0.15647942809723858,0.18068687986915877,0.09034343993457938,-0.24682286803181797,0.0,9.504302992446867e-05,1.0
repeat_2_fold_1,FOLH1,0.0,0.0,0.0,0.0,0.0,0.0,0.0
repeat_2_fold_1,FOXO4,-0.15647942809723858,0.18068687986915877,0.09034343993457938,-0.24682286803181797,0.0,0.00011981083854084584,1.0
repeat_2_fold_1,FUT9,0.0,0.0,0.0,0.0,0.0,0.0,0.0
repeat_2_fold_1,FXYD6,-0.028436683975144206,0.03582681226537253,0.017913406132686265,-0.04635009010783047,0.0,0.0004179942584939811,0.5
repeat_2_fold_1,G3BP1,0.0,0.0,0.0,0.0,0.0,3.11439160360083e-05,0.5
repeat_2_fold_1,GABRA2,-0.31367511540410753,0.3636770682367026,0.1818385341183513,-0.4955136495224588,0.0,0.0004289337812897476,1.0
repeat_2_fold_1,GABRG3,0.0,0.0,0.0,0.0,0.0,-0.0003815129714410115,0.5
repeat_2_fold_1,GAD2,0.0,0.0,0.0,0.0,0.0,0.0,0.0
repeat_2_fold_1,GALNS,0.0,0.0,0.0,0.0,0.0,8.675352534781577e-05,0.5
repeat_2_fold_1,GALNT14,0.08166633524385958,0.12726397921333843,0.06363198960666921,0.018034345637190363,0.5,0.0003354013280682522,1.0
repeat_2_fold_1,GALNT3,0.0,0.0,0.0,0.0,0.0,0.0,0.0
repeat_2_fold_1,GAMT,0.0,0.0,0.0,0.0,0.0,0.0,0.0
repeat_2_fold_1,GAS2,0.047870496319966094,0.09574099263993219,0.047870496319966094,0.0,0.25,0.00017907751720702692,0.5
repeat_2_fold_1,GATA4,0.05448017582069653,0.10896035164139306,0.05448017582069653,0.0,0.25,0.00017239929444684554,1.0
repeat_2_fold_1,GBA3,0.023479412927610355,0.027111690748340436,0.013555845374170218,0.009923567553440137,0.5,0.00017907751720705467,0.5
repeat_2_fold_1,GCG,0.020933197156388417,0.041866394312776826,0.020933197156388413,3.469446951953614e-18,0.25,-0.0001932237610019205,0.5
repeat_2_fold_1,GDNF,0.0,0.0,0.0,0.0,0.0,0.0,0.0
repeat_2_fold_1,GFPT1,0.0,0.0,0.0,0.0,0.0,0.0,0.0
repeat_2_fold_1,GFRA4,-0.040091880653125855,0.04629411617480112,0.02314705808740056,-0.06323893874052641,0.0,-0.00015379034038925932,0.5
repeat_2_fold_1,GGA2,-0.05720174118037491,0.11440348236074983,0.05720174118037492,-0.11440348236074982,0.0,3.943342061263344e-05,0.5
repeat_2_fold_1,GGT1,0.0,0.0,0.0,0.0,0.0,0.0,0.0
repeat_2_fold_1,GHR,0.30151427386469365,0.5142338176488938,0.2571169088244469,0.04439736504024677,0.5,-0.00013801697214421704,0.5
repeat_2_fold_1,GIT2,0.0,0.0,0.0,0.0,0.0,-3.892989504497568e-05,0.5
repeat_2_fold_1,GJB3,0.0,0.0,0.0,0.0,0.0,0.0,0.0
repeat_2_fold_1,GK2,-0.0072395187921792115,0.014479037584358421,0.007239518792179211,-0.014479037584358423,0.0,-0.00041799425849395333,0.5
repeat_2_fold_1,GLRA1,0.022289534639890363,0.11527436611174421,0.05763718305587211,-0.035347648415981744,0.25,0.00026656766361696227,1.0
repeat_2_fold_1,GLRX5,-0.2684653547208331,0.4785292963138268,0.2392646481569134,-0.5077300028777465,0.0,7.007381108101174e-05,0.5
repeat_2_fold_1,GNAS,0.0,0.0,0.0,0.0,0.0,0.0,0.0
repeat_2_fold_1,GNB1,0.0,0.0,0.0,0.0,0.0,0.0,0.0
repeat_2_fold_1,GNB2,-0.5298693363451221,0.6118404079483692,0.3059202039741846,-0.8357895403193067,0.0,-3.1143916035980546e-05,0.5
repeat_2_fold_1,GNE,0.0,0.0,0.0,0.0,0.0,-2.3660052367591167e-05,0.5
repeat_2_fold_1,GNG11,0.0,0.0,0.0,0.0,0.0,0.0,0.0
repeat_2_fold_1,GNLY,0.0,0.0,0.0,0.0,0.0,0.0001245756641440332,0.5
repeat_2_fold_1,GP2,0.0,0.0,0.0,0.0,0.0,-3.1546736490112304e-05,0.5
repeat_2_fold_1,GPC3,0.13571739484162926,0.36313965060590364,0.18156982530295182,-0.04585243046132256,0.25,-0.00033912741726868645,0.5
repeat_2_fold_1,GPS1,0.0,0.0,0.0,0.0,0.0,0.0,0.0
repeat_2_fold_1,GRIA1,0.0348819578245223,0.0697639156490446,0.0348819578245223,0.0,0.25,-1.365856086094075e-05,1.0
repeat_2_fold_1,GRIK3,-0.020045940326562928,0.040091880653125855,0.020045940326562928,-0.040091880653125855,0.0,0.00019637730478869186,1.0
repeat_2_fold_1,GRK4,0.0,0.0,0.0,0.0,0.0,0.0,0.0
repeat_2_fold_1,GRK6,0.0,0.0,0.0,0.0,0.0,0.0,0.0
repeat_2_fold_1,GTF2E1,-0.031146777590784325,0.06229355518156865,0.031146777590784325,-0.06229355518156865,0.0,5.025639566116902e-05,1.0
repeat_2_fold_1,GTPBP2,-0.1828254298547396,0.29171801531416097,0.14585900765708049,-0.3286844375118201,0.0,-0.00017390987114968004,1.0
repeat_2_fold_1,H2AC16,-0.013301075030350162,0.061994915768035494,0.030997457884017747,-0.04429853291436791,0.25,-0.0006288357650518217,1.0
repeat_2_fold_1,H2AC6,0.0,0.0,0.0,0.0,0.0,0.0,0.0
repeat_2_fold_1,H2AC8,0.0,0.0,0.0,0.0,0.0,0.0,0.0
repeat_2_fold_1,H2AZ1,0.0,0.0,0.0,0.0,0.0,0.0,0.0
repeat_2_fold_1,H2AZ2,-0.49170185362678254,0.5677683951049217,0.28388419755246086,-0.7755860511792434,0.0,-0.00022579339126099773,0.5
repeat_2_fold_1,H2BC17,0.07134990924757645,0.11357217021481492,0.05678608510740746,0.01456382414016899,0.5,-0.00023357937026999287,0.5
repeat_2_fold_1,H2BC3,-0.406881924150273,0.39572973034917036,0.19786486517458518,-0.6047467893248581,0.0,0.000596064724565748,1.0
repeat_2_fold_1,H2BC9,-0.02504078149415534,0.05008156298831068,0.02504078149415534,-0.05008156298831068,0.0,1.557195801801803e-05,0.5
repeat_2_fold_1,H3C1,-0.096877583420925,0.03664354541296465,0.018321772706482324,-0.11519935612740734,0.0,0.0003004147750844677,1.0
repeat_2_fold_1,H3C2,0.006481796212153057,0.07642188548348973,0.038210942741744865,-0.03172914652959181,0.25,2.7755575615628914e-17,0.5
repeat_2_fold_1,H4C5,0.0,0.0,0.0,0.0,0.0,2.3660052367591167e-05,0.5
repeat_2_fold_1,HAND2,-0.28007793957199745,0.578149918330591,0.2890749591652955,-0.5691528987372929,0.25,-0.00037795660720013613,1.0
repeat_2_fold_1,HAUS3,0.0,0.0,0.0,0.0,0.0,0.0,0.0
repeat_2_fold_1,HCAR3,0.0,0.0,0.0,0.0,0.0,0.0,0.0
repeat_2_fold_1,HDAC1,-0.03841499737807652,0.07587129234153332,0.03793564617076666,-0.07635064354884319,0.25,0.0008960449939286463,1.0
repeat_2_fold_1,HDAC6,0.04314749006100982,0.059277566468444516,0.029638783234222258,0.01350870682678756,0.5,0.00031081908704519434,1.0
repeat_2_fold_1,HIF1A,0.21732620670559832,0.4663270808235971,0.23316354041179854,-0.01583733370620022,0.25,-0.00012618694596044921,0.5
repeat_2_fold_1,HIF1AN,0.0,0.0,0.0,0.0,0.0,4.671587405402633e-05,0.5
repeat_2_fold_1,HILPDA,-0.17019479730457832,0.20659833435568123,0.10329916717784061,-0.2734939644824189,0.25,-2.7619237062542767e-05,1.0
repeat_2_fold_1,HIP1,-0.24585092681339127,0.4917018536267826,0.2458509268133913,-0.49170185362678254,0.0,-9.343174810799715e-05,0.5
repeat_2_fold_1,HK2,0.0,0.0,0.0,0.0,0.0,0.0,0.0
repeat_2_fold_1,HLA-DQB2,-0.04990718918213943,0.060732955883653926,0.030366477941826963,-0.0802736671239664,0.0,-7.785979008997912e-05,0.5
repeat_2_fold_1,HLA-DRB4,0.0,0.0,0.0,0.0,0.0,0.0,0.0
repeat_2_fold_1,HMGCL,0.0,0.0,0.0,0.0,0.0,0.0,0.0
repeat_2_fold_1,HNRNPDL,-0.0668844059049043,0.07723145950756939,0.038615729753784696,-0.10550013565868899,0.0,0.00036278746963624986,0.5
repeat_2_fold_1,HNRNPK,-0.009546113531943234,0.08579130707591666,0.04289565353795833,-0.052441767069901564,0.25,0.00019464947522504494,0.5
repeat_2_fold_1,HOXB3,0.0,0.0,0.0,0.0,0.0,0.0,0.0
repeat_2_fold_1,HS6ST1,0.0,0.0,0.0,0.0,0.0,0.00044380080351305584,0.5
repeat_2_fold_1,HSP90AA1,0.0,0.0,0.0,0.0,0.0,0.0,0.0
repeat_2_fold_1,HSPA1L,0.4635007164313052,0.5352045268023968,0.2676022634011984,0.19589845303010678,0.5,-5.520678885770347e-05,0.5
repeat_2_fold_1,HSPA4,0.0,0.0,0.0,0.0,0.0,3.1546736490112304e-05,0.5
repeat_2_fold_1,HSPA9,0.0,0.0,0.0,0.0,0.0,0.00012618694596042146,0.5
repeat_2_fold_1,HSPD1,0.0,0.0,0.0,0.0,0.0,0.0,0.0
repeat_2_fold_1,HSPE1,0.09686989455070538,0.1237679819824871,0.06188399099124355,0.03498590355946183,0.5,-0.00046330026095856014,1.0
repeat_2_fold_1,HTR3B,0.0,0.0,0.0,0.0,0.0,0.0,0.0
repeat_2_fold_1,HYAL1,0.0,0.0,0.0,0.0,0.0,0.0,0.0
repeat_2_fold_1,IAPP,0.011739706463805177,0.023479412927610355,0.011739706463805177,0.0,0.25,0.0003737269924320441,1.0
repeat_2_fold_1,ICAM4,0.0,0.0,0.0,0.0,0.0,0.0,0.0
repeat_2_fold_1,ICAM5,0.2684394372165979,0.62922586404217,0.314612932021085,-0.04617349480448707,0.25,0.0007440990308502649,1.0
repeat_2_fold_1,ID1,-0.25384379553411307,0.5076875910682261,0.25384379553411307,-0.5076875910682261,0.0,-0.00020243545423398457,0.5
repeat_2_fold_1,IDH3G,0.0,0.0,0.0,0.0,0.0,0.0,0.0
repeat_2_fold_1,IFIT3,0.0,0.0,0.0,0.0,0.0,0.00017907751720702692,0.5
repeat_2_fold_1,IFNGR2,0.0,0.0,0.0,0.0,0.0,0.0,0.0
repeat_2_fold_1,IGLV2-14,0.0,0.0,0.0,0.0,0.0,0.0,0.0
repeat_2_fold_1,IGLV6-57,0.0,0.0,0.0,0.0,0.0,0.0,0.0
repeat_2_fold_1,IL18R1,0.0,0.0,0.0,0.0,0.0,0.0,0.0
repeat_2_fold_1,IL1R1,0.0,0.0,0.0,0.0,0.0,0.0,0.0
repeat_2_fold_1,IL27RA,0.0,0.0,0.0,0.0,0.0,0.0,0.0
repeat_2_fold_1,IL36A,0.0,0.0,0.0,0.0,0.0,0.0,0.0
repeat_2_fold_1,ING3,0.1965494243626793,0.45708970609451144,0.22854485304725572,-0.031995428684576416,0.25,0.0004279267301544598,1.0
repeat_2_fold_1,INPP5A,0.0,0.0,0.0,0.0,0.0,0.0,0.0
repeat_2_fold_1,INS,0.0,0.0,0.0,0.0,0.0,0.0,0.0
repeat_2_fold_1,INSL5,0.0,0.0,0.0,0.0,0.0,0.0,0.0
repeat_2_fold_1,INSR,0.026774791567550693,0.0963961633061327,0.04819808165306635,-0.021423290085515655,0.5,0.0002096172025618792,1.0
repeat_2_fold_1,INTS8,0.0,0.0,0.0,0.0,0.0,-7.785979009000688e-05,0.5
repeat_2_fold_1,IP6K2,0.0,0.0,0.0,0.0,0.0,0.0,0.0
repeat_2_fold_1,IPO8,0.0,0.0,0.0,0.0,0.0,0.00011678968513501031,0.5
repeat_2_fold_1,IQCE,0.011739706463805177,0.023479412927610355,0.011739706463805177,0.0,0.25,-0.00013236164315300059,0.5
repeat_2_fold_1,ITIH4,-0.3325475319460889,0.45269107528467234,0.22634553764233617,-0.5588930695884251,0.0,0.0006690906692064513,1.0
repeat_2_fold_1,JMJD7,0.0,0.0,0.0,0.0,0.0,0.0,0.0
repeat_2_fold_1,KANSL3,-0.1467691143822698,0.17694223707238443,0.08847111853619222,-0.23524023291846202,0.0,-1.5773368245042274e-05,0.5
repeat_2_fold_1,KAZN,0.0,0.0,0.0,0.0,0.0,0.0,0.0
repeat_2_fold_1,KCNA10,0.0,0.0,0.0,0.0,0.0,0.0,0.0
repeat_2_fold_1,KCNA2,0.0,0.0,0.0,0.0,0.0,0.0,0.0
repeat_2_fold_1,KCNC2,0.6606078645599798,0.7632445376685838,0.3816222688342919,0.2789855957256879,0.5,0.0004237661352324562,1.0
repeat_2_fold_1,KCNE5,0.0,0.0,0.0,0.0,0.0,0.00011850167206498008,1.0
repeat_2_fold_1,KCNG1,0.0,0.0,0.0,0.0,0.0,0.0,0.0
repeat_2_fold_1,KCNH4,0.0,0.0,0.0,0.0,0.0,6.22878320720166e-05,0.5
repeat_2_fold_1,KCNJ5,0.0,0.0,0.0,0.0,0.0,-3.943342061246691e-06,0.5
repeat_2_fold_1,KDM5D,0.21170441788908967,0.4783604115070273,0.23918020575351365,-0.02747578786442398,0.25,-0.0002918073125335041,0.5
repeat_2_fold_1,KIDINS220,0.0,0.0,0.0,0.0,0.0,0.00028029524432404695,0.5
repeat_2_fold_1,KIF3C,-0.042780370740018725,0.07870524531174561,0.039352622655872804,-0.08213299339589153,0.0,0.0006427647559859861,0.5
repeat_2_fold_1,KIF4A,-0.06650000758481411,0.1657904027792673,0.08289520138963365,-0.14939520897444775,0.25,1.1077562488137627e-06,1.0
repeat_2_fold_1,KISS1,-0.15647942809723858,0.18068687986915877,0.09034343993457938,-0.24682286803181797,0.0,6.977169574043374e-05,1.0
repeat_2_fold_1,KLK1,0.0,0.0,0.0,0.0,0.0,0.0,0.0
repeat_2_fold_1,KLK13,0.0,0.0,0.0,0.0,0.0,0.0,0.0
repeat_2_fold_1,KMT2A,-0.1668854380597793,0.2122480578672407,0.10612402893362036,-0.2730094669933997,0.0,0.00012618694596044921,0.5
repeat_2_fold_1,KREMEN2,0.0,0.0,0.0,0.0,0.0,0.0004048709084680524,0.5
repeat_2_fold_1,KRT32,0.0,0.0,0.0,0.0,0.0,0.0,0.0
repeat_2_fold_1,KRT6A,0.0024263535867135033,0.004852707173427007,0.0024263535867135033,0.0,0.25,0.00028029524432404695,0.5
repeat_2_fold_1,KRT83,0.0,0.0,0.0,0.0,0.0,0.0,0.0
repeat_2_fold_1,KRTAP4-7,0.0,0.0,0.0,0.0,0.0,0.0,0.0
repeat_2_fold_1,KYAT1,-0.02596225494482418,0.03558426801331358,0.01779213400665679,-0.04375438895148097,0.0,0.00031143916036005526,0.5
repeat_2_fold_1,LAMP2,-0.1980097895673527,0.1337746420225552,0.0668873210112776,-0.2648971105786303,0.0,-8.19886997445729e-05,1.0
repeat_2_fold_1,LCN1,0.0,0.0,0.0,0.0,0.0,0.0,0.0
repeat_2_fold_1,LCN2,0.0,0.0,0.0,0.0,0.0,0.0,0.0
repeat_2_fold_1,LEFTY1,-0.28173080300661013,0.39108649822710523,0.19554324911355261,-0.4772740521201627,0.0,0.00065016375717461,1.0
repeat_2_fold_1,LHX1,0.0,0.0,0.0,0.0,0.0,0.0,0.0
repeat_2_fold_1,LIAS,0.021277334291028183,0.042554668582056365,0.021277334291028183,0.0,0.25,0.0001012177271170478,0.5
repeat_2_fold_1,LIN7B,0.0,0.0,0.0,0.0,0.0,0.00017958104277468467,1.0
repeat_2_fold_1,LMAN1,0.00797625926067802,0.05721251021920668,0.02860625510960334,-0.02062999584892532,0.25,0.0001868634962160498,0.5
repeat_2_fold_1,LONP1,0.0,0.0,0.0,0.0,0.0,0.00012618694596044921,0.5
repeat_2_fold_1,LONRF1,-0.020023398059866082,0.44179040540674686,0.22089520270337343,-0.2409186007632395,0.25,0.00025237389192089843,0.5
repeat_2_fold_1,LOXL2,-0.004594776646648313,0.016990554277875245,0.008495277138937623,-0.013090053785585936,0.25,-0.0005560112306381704,0.5
repeat_2_fold_1,LPAR6,0.0,0.0,0.0,0.0,0.0,-0.00026472328630600117,0.5
repeat_2_fold_1,LPCAT1,0.0,0.0,0.0,0.0,0.0,0.0,0.0
repeat_2_fold_1,LTBP1,-0.1887326414045578,0.3517099804752945,0.17585499023764725,-0.3645876316422051,0.25,0.000889398456435847,1.0
repeat_2_fold_1,LTF,0.0,0.0,0.0,0.0,0.0,0.0,0.0
repeat_2_fold_1,LUC7L3,0.0,0.0,0.0,0.0,0.0,0.0,0.0
repeat_2_fold_1,LYPLA1,-0.2746551555106773,0.5393211414484352,0.2696605707242176,-0.544315726234895,0.0,0.0001557195801800415,0.5
repeat_2_fold_1,LYVE1,-0.05008156298831068,0.05782920774547674,0.02891460387273837,-0.07899616686104904,0.0,-0.00017129153819800402,0.5
repeat_2_fold_1,MAD2L1,-0.2986395428793074,0.37242968471714527,0.18621484235857264,-0.48485438523788005,0.25,-0.0009646399135741224,1.0
repeat_2_fold_1,MAMLD1,0.0038199916233523368,0.18313190468365456,0.09156595234182728,-0.08774596071847494,0.25,3.943342061263344e-05,0.5
repeat_2_fold_1,MAP3K3,-0.051805719315579424,0.15691509204854223,0.07845754602427112,-0.13026326533985055,0.25,0.0008859586399422581,1.0
repeat_2_fold_1,MAPKAP1,0.0,0.0,0.0,0.0,0.0,0.0,0.0
repeat_2_fold_1,MBD3,0.0348819578245223,0.0697639156490446,0.0348819578245223,0.0,0.25,0.0003549007855137565,0.5
repeat_2_fold_1,MC1R,0.0,0.0,0.0,0.0,0.0,0.0,0.0
repeat_2_fold_1,MCAT,0.0,0.0,0.0,0.0,0.0,0.0,0.0
repeat_2_fold_1,MCF2L,-0.040091880653125855,0.04629411617480112,0.02314705808740056,-0.06323893874052641,0.0,9.85835515315836e-05,0.5
repeat_2_fold_1,MCM10,-0.09376870126270553,0.24685713867003625,0.12342856933501813,-0.21719727059772365,0.25,0.00013194298006519167,1.0
repeat_2_fold_1,MCM2,0.0,0.0,0.0,0.0,0.0,-0.0009031735650440464,0.5
repeat_2_fold_1,MCM6,0.0,0.0,0.0,0.0,0.0,-4.732010473515458e-05,0.5
repeat_2_fold_1,MDC1,-0.061646895645942834,0.07118370359177972,0.03559185179588986,-0.0972387474418327,0.0,0.0001946494752250172,0.5
repeat_2_fold_1,MDH1,0.0,0.0,0.0,0.0,0.0,0.0,0.0
repeat_2_fold_1,MERTK,0.013312617175268215,0.1900505111112745,0.09502525555563725,-0.08171263838036903,0.25,0.00037067415375879875,0.5
repeat_2_fold_1,MEX3C,-0.0668844059049043,0.07723145950756939,0.038615729753784696,-0.10550013565868899,0.0,1.577336824507003e-05,0.5
repeat_2_fold_1,MGAT4B,0.021277334291028183,0.042554668582056365,0.021277334291028183,0.0,0.25,0.0005528045096390433,0.5
repeat_2_fold_1,MID1,0.0,0.0,0.0,0.0,0.0,0.0,0.0
repeat_2_fold_1,MLXIPL,0.0,0.0,0.0,0.0,0.0,-5.520678885770347e-05,0.5
repeat_2_fold_1,MMP19,0.0,0.0,0.0,0.0,0.0,0.0,0.5
repeat_2_fold_1,MPI,-0.31367511540410753,0.3636770682367026,0.1818385341183513,-0.4955136495224588,0.0,0.0003742305179996741,1.0
repeat_2_fold_1,MPL,0.0,0.0,0.0,0.0,0.0,0.0,0.0
repeat_2_fold_1,MRM1,-0.02320912076870485,0.0464182415374097,0.02320912076870485,-0.0464182415374097,0.0,7.098015710274574e-05,0.5
repeat_2_fold_1,MRM2,0.0,0.0,0.0,0.0,0.0,-2.335793702698541e-05,0.5
repeat_2_fold_1,MRPL20,-0.06171969461287219,0.12343938922574436,0.06171969461287218,-0.12343938922574438,0.0,-2.7190380652020174e-06,1.0
repeat_2_fold_1,MRPL3,0.046666796459817306,0.05388617499658599,0.026943087498292995,0.01972370896152431,0.5,-0.000299693996656053,0.5
repeat_2_fold_1,MSI1,0.0,0.0,0.0,0.0,0.0,-7.78597900896738e-06,0.5
repeat_2_fold_1,MSL1,0.0,0.0,0.0,0.0,0.0,0.00014964558810098838,1.0
repeat_2_fold_1,MSRB1,0.0,0.0,0.0,0.0,0.0,7.785979009000688e-05,0.5
repeat_2_fold_1,MT4,0.0,0.0,0.0,0.0,0.0,0.00013236164315302834,0.5
repeat_2_fold_1,MTX2,0.0,0.0,0.0,0.0,0.0,0.0,0.0
repeat_2_fold_1,MUL1,-0.061646895645942834,0.07118370359177972,0.03559185179588986,-0.0972387474418327,0.0,0.00029586720234203723,0.5
repeat_2_fold_1,MYBL2,-0.29593248980170195,0.5272082383653748,0.2636041191826874,-0.5595366089843894,0.0,0.0001245756641440332,0.5
repeat_2_fold_1,MYCN,-0.20329625823133313,0.46506590936606834,0.23253295468303417,-0.43582921291436727,0.25,0.0001868634962160498,0.5
repeat_2_fold_1,MYL1,-0.2766743746363627,0.4747242610503818,0.2373621305251909,-0.5140365051615536,0.0,7.775908497650863e-05,1.0
repeat_2_fold_1,MYL12A,0.0,0.0,0.0,0.0,0.0,-2.3660052367591167e-05,0.5
repeat_2_fold_1,MYL12B,-0.18837167357997053,0.22342572483197098,0.11171286241598549,-0.300084535995956,0.0,0.0005284078362093603,0.5
repeat_2_fold_1,NAT2,0.0,0.0,0.0,0.0,0.0,0.0,0.0
repeat_2_fold_1,NAT8,0.3306066077524932,0.3817516279635419,0.19087581398177095,0.13973079377072223,0.5,0.0005528045096390433,0.5
repeat_2_fold_1,NCAPD3,0.0,0.0,0.0,0.0,0.0,6.228783207204436e-05,0.5
repeat_2_fold_1,NCBP2,-0.00376344720313071,0.00752689440626142,0.00376344720313071,-0.00752689440626142,0.0,7.785979009003463e-05,0.5
repeat_2_fold_1,NCF4,0.0,0.0,0.0,0.0,0.0,0.0,0.0
repeat_2_fold_1,NCOR1,0.0,0.0,0.0,0.0,0.0,0.0,0.0
repeat_2_fold_1,NCOR2,0.013284465570304604,0.050199157950267546,0.025099578975133773,-0.011815113404829169,0.25,0.0003092236478624555,1.0
repeat_2_fold_1,NCSTN,0.0,0.0,0.0,0.0,0.0,0.0,0.0
repeat_2_fold_1,NDST1,-0.042058832081604436,0.3028445582349109,0.15142227911745545,-0.1934811111990599,0.25,-0.00012910739425270323,1.0
repeat_2_fold_1,NDST3,0.0,0.0,0.0,0.0,0.0,0.0005761624466660842,0.5
repeat_2_fold_1,NDUFA1,0.0,0.0,0.0,0.0,0.0,-1.5571958017990273e-05,0.5
repeat_2_fold_1,NDUFAF1,-0.19221945987297495,0.40503046968683354,0.20251523484341677,-0.3947346947163917,0.25,3.114391603603606e-05,0.5
repeat_2_fold_1,NDUFAF4,0.015486544206886776,0.022139104234974553,0.011069552117487277,0.0044169920893995,0.5,0.00046168897914219964,1.0
repeat_2_fold_1,NDUFAF5,-0.007992868720723578,0.015985737441447156,0.007992868720723578,-0.015985737441447156,0.0,-0.00024136534927901576,1.0
repeat_2_fold_1,NDUFC1,0.0,0.0,0.0,0.0,0.0,0.0,0.0
repeat_2_fold_1,NECTIN1,-0.018850980704312903,0.037701961408625806,0.018850980704312903,-0.037701961408625806,0.0,4.671587405402633e-05,0.5
repeat_2_fold_1,NELFCD,0.0,0.0,0.0,0.0,0.0,0.0,0.0
repeat_2_fold_1,NELFE,-0.3110655949137673,0.36277090630798114,0.18138545315399057,-0.49245104806775786,0.0,0.00021294047130823723,0.5
repeat_2_fold_1,NFATC1,-0.49170185362678254,0.5677683951049217,0.28388419755246086,-0.7755860511792434,0.0,0.00017907751720702692,0.5
repeat_2_fold_1,NFE2,0.01823825218375319,0.10766341503870744,0.05383170751935372,-0.03559345533560053,0.25,0.0001025268935928858,0.5
repeat_2_fold_1,NLGN1,0.0,0.0,0.0,0.0,0.0,0.0,0.0
repeat_2_fold_1,NLRP3,-0.06580403711646632,0.06570216840150471,0.032851084200752355,-0.09865512131721868,0.0,0.00015248117391344906,1.0
repeat_2_fold_1,NOD1,0.0,0.0,0.0,0.0,0.0,0.00010252689359285805,0.5
repeat_2_fold_1,NOL12,-0.13956179228716437,0.031679656445538856,0.015839828222769428,-0.15540162050993378,0.0,0.0006270072303746765,1.0
repeat_2_fold_1,NOTCH2,0.0348819578245223,0.0697639156490446,0.0348819578245223,0.0,0.25,0.00011830026183792808,0.5
repeat_2_fold_1,NOX5,0.0,0.0,0.0,0.0,0.0,0.0,0.0
repeat_2_fold_1,NPEPPS,-0.44877186112685763,0.6266857027777735,0.31334285138888673,-0.7621147125157444,0.25,0.0008040706453111557,1.0
repeat_2_fold_1,NPHP4,0.0,0.0,0.0,0.0,0.0,3.892989504503119e-05,0.5
repeat_2_fold_1,NPIPB3,0.0,0.0,0.0,0.0,0.0,0.0,0.0
repeat_2_fold_1,NPR1,0.021277334291028183,0.042554668582056365,0.021277334291028183,0.0,0.25,-0.0005820191858842971,1.0
repeat_2_fold_1,NR3C2,0.016542606818394034,0.04300701833658848,0.02150350916829424,-0.004960902349900206,0.25,-0.0001876691371242023,1.0
repeat_2_fold_1,NR4A3,0.0,0.0,0.0,0.0,0.0,0.0,0.0
repeat_2_fold_1,NSFL1C,0.0,0.0,0.0,0.0,0.0,0.00010900370612604293,0.5
repeat_2_fold_1,NT5M,0.0,0.0,0.0,0.0,0.0,0.0,0.0
repeat_2_fold_1,NTF3,0.0,0.0,0.0,0.0,0.0,0.00013236164315302834,0.5
repeat_2_fold_1,OAS3,-0.1845798156079521,0.2777366472789704,0.1388683236394852,-0.3234481392474373,0.0,0.0004843419803744753,1.0
repeat_2_fold_1,OCLN,0.0,0.0,0.0,0.0,0.0,0.0,0.0
repeat_2_fold_1,OGG1,-0.037701961408625806,0.043534475136493986,0.021767237568246993,-0.0594691989768728,0.0,0.00011678968513503807,0.5
repeat_2_fold_1,OR2H2,0.3002935607857662,0.3626349540165354,0.1813174770082677,0.11897608377749849,0.5,0.00032729739108489087,0.5
repeat_2_fold_1,OR3A1,0.03213994214602778,0.03894224221051427,0.019471121105257134,0.012668821040770644,0.5,0.00011041357771537919,0.5
repeat_2_fold_1,ORAI2,0.0,0.0,0.0,0.0,0.0,0.0,0.0
repeat_2_fold_1,OSBP,0.0,0.0,0.0,0.0,0.0,7.785979009022892e-06,0.5
repeat_2_fold_1,OTUD3,0.011739706463805177,0.023479412927610355,0.011739706463805177,0.0,0.25,0.00021022143324303522,0.5
repeat_2_fold_1,P2RX2,0.0,0.0,0.0,0.0,0.0,0.0,0.0
repeat_2_fold_1,P2RY10,0.0,0.0,0.0,0.0,0.0,0.0,0.0
repeat_2_fold_1,P2RY6,0.0,0.0,0.0,0.0,0.0,-0.00014793360117099086,0.5
repeat_2_fold_1,PABPC1,0.0,0.0,0.0,0.0,0.0,0.00014984699832801263,0.5
repeat_2_fold_1,PAFAH1B1,-0.286302152722282,0.3146583178367153,0.15732915891835764,-0.4436313116406396,0.25,0.0015324121505500554,1.0
repeat_2_fold_1,PAH,0.011739706463805177,0.023479412927610355,0.011739706463805177,0.0,0.25,-0.0001341743351964686,1.0
repeat_2_fold_1,PAK1,0.0,0.0,0.0,0.0,0.0,0.0,0.0
repeat_2_fold_1,PAPPA,0.0,0.0,0.0,0.0,0.0,0.0,0.0
repeat_2_fold_1,PAPSS1,0.0,0.0,0.0,0.0,0.0,0.0,0.0
repeat_2_fold_1,PARK7,-0.24585092681339127,0.4917018536267826,0.2458509268133913,-0.49170185362678254,0.0,0.00017483205980520222,1.0
repeat_2_fold_1,PARVB,0.0,0.0,0.0,0.0,0.0,0.0,0.0
repeat_2_fold_1,PCBD1,0.0,0.0,0.0,0.0,0.0,0.0,0.0
repeat_2_fold_1,PCNT,0.0,0.0,0.0,0.0,0.0,-0.0001419603142054915,0.5
repeat_2_fold_1,PCYOX1L,0.13992863885458284,0.2974175084597579,0.14870875422987895,-0.008780115375296105,0.5,0.0005474354533546999,1.0
repeat_2_fold_1,PCYT1B,0.0,0.0,0.0,0.0,0.0,0.0,0.0
repeat_2_fold_1,PDCD6IP,-0.12343938922574438,0.14253552919617302,0.07126776459808651,-0.1947071538238309,0.0,-0.00033781825079279293,1.0
repeat_2_fold_1,PDCL,-0.0651326621472812,0.0444314762538035,0.02221573812690175,-0.08734840027418295,0.0,-0.00021770529691139684,1.0
repeat_2_fold_1,PDE3A,0.0,0.0,0.0,0.0,0.0,0.0,0.0
repeat_2_fold_1,PDE3B,0.0,0.0,0.0,0.0,0.0,-2.335793702698541e-05,0.5
repeat_2_fold_1,PDE4A,0.18340926132168178,0.46878765232373404,0.23439382616186702,-0.05098456484018524,0.25,-0.00023660052367580064,0.5
repeat_2_fold_1,PDE9A,0.3343336593288644,0.8341221892817913,0.41706109464089564,-0.08272743531203125,0.25,0.0002171010662303241,1.0
repeat_2_fold_1,PDS5B,0.0,0.0,0.0,0.0,0.0,0.0,0.0
repeat_2_fold_1,PDXK,0.0,0.0,0.0,0.0,0.0,0.0,0.0
repeat_2_fold_1,PEBP1,0.0,0.0,0.0,0.0,0.0,0.00010900370612604293,0.5
repeat_2_fold_1,PF4V1,0.0,0.0,0.0,0.0,0.0,0.0,0.0
repeat_2_fold_1,PHB2,0.0,0.0,0.0,0.0,0.0,0.0,0.0
repeat_2_fold_1,PIAS4,-0.35534886969041857,0.4225185764696757,0.21125928823483786,-0.5666081579252564,0.0,-4.732010473515458e-05,0.5
repeat_2_fold_1,PIGQ,0.14406240392743186,0.3968407634988566,0.1984203817494283,-0.054357977821996445,0.25,0.0007561463098948173,1.0
repeat_2_fold_1,PIGZ,0.0,0.0,0.0,0.0,0.0,0.0,0.0
repeat_2_fold_1,PIK3C2G,0.0,0.0,0.0,0.0,0.0,0.0,0.0
repeat_2_fold_1,PKP1,-0.16686052786533523,0.33372105573067046,0.16686052786533523,-0.33372105573067046,0.0,1.971671030631672e-05,0.5
repeat_2_fold_1,PKP3,-0.001561368566544985,0.040931151095087465,0.020465575547543732,-0.022026944114088717,0.25,0.00018686349621602205,0.5
repeat_2_fold_1,PLCB2,-0.020045940326562928,0.040091880653125855,0.020045940326562928,-0.040091880653125855,0.0,-0.00013801697214421704,0.5
repeat_2_fold_1,PLIN3,0.0,0.0,0.0,0.0,0.0,0.0,0.0
repeat_2_fold_1,PLK4,-0.03244309289161862,0.06488618578323724,0.03244309289161862,-0.06488618578323724,0.0,-3.943342061263344e-05,0.5
repeat_2_fold_1,PLPP3,-0.11535785615164329,0.11176935193173704,0.05588467596586852,-0.1712425321175118,0.0,-0.0004998980957587329,1.0
repeat_2_fold_1,PLS1,0.0,0.0,0.0,0.0,0.0,0.0,0.0
repeat_2_fold_1,POGLUT1,0.0,0.0,0.0,0.0,0.0,0.0,0.0
repeat_2_fold_1,POLA2,0.21975854513138415,0.4395170902627683,0.21975854513138415,0.0,0.25,-0.0005008044417804947,0.5
repeat_2_fold_1,POLD1,0.0,0.0,0.0,0.0,0.0,0.0,0.0
repeat_2_fold_1,POLR3G,0.0,0.0,0.0,0.0,0.0,-0.00014863853696570062,1.0
repeat_2_fold_1,PORCN,0.0,0.0,0.0,0.0,0.0,0.0,0.0
repeat_2_fold_1,PPA2,0.0,0.0,0.0,0.0,0.0,0.0,0.0
repeat_2_fold_1,PPARD,-0.07553045613835963,0.08721505836699431,0.043607529183497154,-0.11913798532185678,0.0,7.08794519892475e-05,1.0
repeat_2_fold_1,PPAT,0.0,0.0,0.0,0.0,0.0,0.0002178060020250061,1.0
repeat_2_fold_1,PPFIBP2,-0.08554167464139972,0.6711908492198609,0.33559542460993047,-0.4211370992513302,0.25,0.0017677725275961342,1.0
repeat_2_fold_1,PRCP,0.0,0.0,0.0,0.0,0.0,-2.335793702698541e-05,0.5
repeat_2_fold_1,PRDX6,0.0,0.0,0.0,0.0,0.0,0.0,0.0
repeat_2_fold_1,PRKAB1,0.0,0.0,0.0,0.0,0.0,0.00019716710306319496,0.5
repeat_2_fold_1,PRKAR1A,0.0,0.0,0.0,0.0,0.0,0.0,0.0
repeat_2_fold_1,PRKCG,0.0,0.0,0.0,0.0,0.0,0.0008541097881115678,1.0
repeat_2_fold_1,PRM2,0.36830856916111543,0.4252861031000318,0.2126430515500159,0.15566551761109954,0.5,0.0003503690554050587,0.5
repeat_2_fold_1,PRORP,0.20300006270817406,0.3208147819831168,0.1604073909915584,0.042592671716615654,0.5,-0.0004132452755244431,1.0
repeat_2_fold_1,PRPF6,0.0,0.0,0.0,0.0,0.0,0.00010900370612604293,0.5
repeat_2_fold_1,PSMB1,-0.0019317864776766669,0.0726803152310044,0.0363401576155022,-0.03827194409317887,0.25,0.0002436974095238742,1.0
repeat_2_fold_1,PSMB3,0.0,0.0,0.0,0.0,0.0,0.0,0.0
repeat_2_fold_1,PSMD1,-0.19566851188358392,0.6668177524049888,0.3334088762024944,-0.5290773880860783,0.25,0.0005138746145940676,0.5
repeat_2_fold_1,PSME2,-0.057800764552895956,0.8290830447793038,0.4145415223896519,-0.4723422869425479,0.25,0.00028422274375158874,1.0
repeat_2_fold_1,PSME3,-0.050060920015503996,0.10250151271327945,0.051250756356639726,-0.10131167637214372,0.25,0.0007728950440077098,0.5
repeat_2_fold_1,PTDSS2,0.0,0.0,0.0,0.0,0.0,-7.785979008995136e-06,0.5
repeat_2_fold_1,PTGDR,0.0,0.0,0.0,0.0,0.0,5.4501853063021466e-05,0.5
repeat_2_fold_1,PTGES,0.0,0.0,0.0,0.0,0.0,0.0,0.0
repeat_2_fold_1,PTGIR,0.16041407556515352,0.20339664713941874,0.10169832356970937,0.058715751995444154,0.5,0.00012224360389917477,0.5
repeat_2_fold_1,PTGIS,0.3297915761620054,0.5766721936989183,0.28833609684945916,0.04145547931254623,0.5,0.0008018551328135837,1.0
repeat_2_fold_1,PTPN13,0.0,0.0,0.0,0.0,0.0,6.309347298022461e-05,0.5
repeat_2_fold_1,PTPRF,0.0,0.0,0.0,0.0,0.0,-2.366005236756341e-05,0.5
repeat_2_fold_1,PTX3,0.0,0.0,0.0,0.0,0.0,-1.5773368245042274e-05,0.5
repeat_2_fold_1,PUS7,0.0,0.0,0.0,0.0,0.0,0.0,0.0
repeat_2_fold_1,PXMP4,0.0,0.0,0.0,0.0,0.0,0.0,0.0
repeat_2_fold_1,PYCR3,0.0,0.0,0.0,0.0,0.0,0.00016350555918903664,0.5
repeat_2_fold_1,QPCT,0.0,0.0,0.0,0.0,0.0,0.0,0.0
repeat_2_fold_1,RAB11B,0.0,0.0,0.0,0.0,0.0,0.0,0.0
repeat_2_fold_1,RAB22A,-0.031146777590784325,0.06229355518156865,0.031146777590784325,-0.06229355518156865,0.0,-5.5206788857675715e-05,0.5
repeat_2_fold_1,RAB33B,-0.275833186956147,0.45654691613241055,0.22827345806620528,-0.5041066450223523,0.0,-0.00029180731253353187,0.5
repeat_2_fold_1,RAB38,-0.05008156298831068,0.05782920774547674,0.02891460387273837,-0.07899616686104904,0.0,0.0003737269924320441,0.5
repeat_2_fold_1,RAB5A,-0.030823447822971417,0.06164689564594284,0.03082344782297142,-0.061646895645942834,0.0,-0.0003347970973870129,0.5
repeat_2_fold_1,RAB6A,0.02943939432654119,0.13423284865165988,0.06711642432582994,-0.03767702999928875,0.25,-4.876829338973376e-07,1.0
repeat_2_fold_1,RABEPK,-0.06450937649145239,0.05111002390948301,0.025555011954741504,-0.09006438844619388,0.25,-2.5488587044736333e-05,1.0
repeat_2_fold_1,RABGAP1,-0.2682622231739966,0.8654232755758908,0.4327116377879454,-0.700973860961942,0.25,0.0007875606560039938,1.0
repeat_2_fold_1,RABGGTA,0.0,0.0,0.0,0.0,0.0,7.785979009022892e-06,0.5
repeat_2_fold_1,RAC2,0.0,0.0,0.0,0.0,0.0,0.0,0.0
repeat_2_fold_1,RAE1,-0.037701961408625806,0.043534475136493986,0.021767237568246993,-0.0594691989768728,0.0,-0.00045937276153101836,0.5
repeat_2_fold_1,RAP1GAP2,0.04475674721863676,0.062274835267087096,0.031137417633543548,0.013619329585093213,0.5,0.0001245756641440332,0.5
repeat_2_fold_1,RBL2,-0.14174184573470328,0.2991352912063735,0.14956764560318675,-0.29130949133789,0.25,0.00010121772711702004,0.5
repeat_2_fold_1,RBM26,0.0,0.0,0.0,0.0,0.0,0.0,0.0
repeat_2_fold_1,RDH11,0.10907573819114802,0.5541124927663273,0.2770562463831637,-0.16798050819201565,0.25,0.00022082715543078613,0.5
repeat_2_fold_1,RDH14,-0.03776522806917981,0.07553045613835963,0.03776522806917981,-0.07553045613835963,0.0,0.0003115240228398486,0.5
repeat_2_fold_1,RDH5,0.0,0.0,0.0,0.0,0.0,0.00011678968513503807,0.5
repeat_2_fold_1,RELB,0.0,0.0,0.0,0.0,0.0,0.0,0.0
repeat_2_fold_1,RELN,0.0,0.0,0.0,0.0,0.0,6.22878320720166e-05,0.5
repeat_2_fold_1,RETSAT,0.0,0.0,0.0,0.0,0.0,5.450185306304922e-05,0.5
repeat_2_fold_1,RFC2,-0.07120743102163374,0.14241486204326748,0.07120743102163374,-0.14241486204326748,0.0,0.00013427504031007786,1.0
repeat_2_fold_1,RGCC,-0.03449505266400621,0.06899010532801242,0.03449505266400621,-0.06899010532801242,0.0,0.0003627874696362776,0.5
repeat_2_fold_1,RGL1,-0.056236304978272145,0.3645759674294917,0.18228798371474586,-0.238524288693018,0.25,0.001854541895577655,1.0
repeat_2_fold_1,RGS11,0.0,0.0,0.0,0.0,0.0,0.0,0.0
repeat_2_fold_1,RGS12,0.0,0.0,0.0,0.0,0.0,0.0,0.0
repeat_2_fold_1,RGS16,-0.43875329503106464,0.522490650135719,0.2612453250678595,-0.6999986200989241,0.0,-0.0005481245465156492,0.5
repeat_2_fold_1,RIOX2,0.0,0.0,0.0,0.0,0.0,0.0,0.0
repeat_2_fold_1,RNASEH1,0.03463337890182849,0.058492382020211404,0.029246191010105702,0.005387187891722791,0.5,-7.785979008997912e-05,0.5
repeat_2_fold_1,ROCK1,-0.0775650191281958,0.1029988718445477,0.05149943592227385,-0.12906445505046965,0.0,-5.915013091895016e-05,0.5
repeat_2_fold_1,RPA4,-0.30754756904622305,0.4653473373513548,0.2326736686756774,-0.5402212377219004,0.0,0.0005138746145940676,0.5
repeat_2_fold_1,RPL10L,0.0,0.0,0.0,0.0,0.0,0.0,0.0
repeat_2_fold_1,RPL22,0.0,0.0,0.0,0.0,0.0,0.0,0.0
repeat_2_fold_1,RPL35,0.0,0.0,0.0,0.0,0.0,0.0,0.0
repeat_2_fold_1,RPL4,0.0,0.0,0.0,0.0,0.0,0.0,0.0
repeat_2_fold_1,RPN2,0.0,0.0,0.0,0.0,0.0,0.0,0.0
repeat_2_fold_1,RPS2,0.0,0.0,0.0,0.0,0.0,0.00011678968513503807,0.5
repeat_2_fold_1,RPS6KA2,-0.015985737441447156,0.01845873963002839,0.009229369815014194,-0.025215107256461353,0.0,-7.007381108098398e-05,0.5
repeat_2_fold_1,RPSA,0.0697639156490446,0.0805564309593965,0.04027821547969825,0.029485700169346353,0.5,4.732010473515458e-05,0.5
repeat_2_fold_1,RRAGC,0.007885098787149047,0.3785562606342619,0.18927813031713095,-0.1813930315299819,0.25,-0.00029969399665602525,0.5
repeat_2_fold_1,RRH,0.0,0.0,0.0,0.0,0.0,0.0,0.0
repeat_2_fold_1,RUNX1,0.0,0.0,0.0,0.0,0.0,0.0,0.0
repeat_2_fold_1,RXFP3,0.0,0.0,0.0,0.0,0.0,0.0,0.0
repeat_2_fold_1,S100P,-0.018850980704312903,0.037701961408625806,0.018850980704312903,-0.037701961408625806,0.0,0.0008654521313614105,1.0
repeat_2_fold_1,SAP130,-0.007992868720723578,0.015985737441447156,0.007992868720723578,-0.015985737441447156,0.0,6.22878320720166e-05,0.5
repeat_2_fold_1,SCNN1G,-0.019165026030815824,0.15702137530039353,0.07851068765019677,-0.09767571368101259,0.5,-9.472507195010249e-05,1.0
repeat_2_fold_1,SDC2,0.0,0.0,0.0,0.0,0.0,0.0,0.0
repeat_2_fold_1,SEC31A,0.0,0.0,0.0,0.0,0.0,0.00013407363008297035,0.5
repeat_2_fold_1,SEPTIN4,0.0,0.0,0.0,0.0,0.0,0.0,0.0
repeat_2_fold_1,SERPINB10,0.0,0.0,0.0,0.0,0.0,0.0,0.0
repeat_2_fold_1,SETD1B,-0.3074978224593341,0.5359605299487877,0.26798026497439387,-0.575478087433728,0.0,7.785979009022892e-06,0.5
repeat_2_fold_1,SF3A1,0.0,0.0,0.0,0.0,0.0,0.0,0.0
repeat_2_fold_1,SGF29,0.0,0.0,0.0,0.0,0.0,0.0,0.0
repeat_2_fold_1,SGK1,-0.1066772337291475,0.13326802919771957,0.06663401459885979,-0.1733112483280073,0.0,-0.0004901828769589833,1.0
repeat_2_fold_1,SH3BP4,0.0,0.0,0.0,0.0,0.0,0.0,0.0
repeat_2_fold_1,SH3GL3,0.0,0.0,0.0,0.0,0.0,5.1263446796429024e-05,0.5
repeat_2_fold_1,SHMT2,0.0,0.0,0.0,0.0,0.0,0.0,0.0
repeat_2_fold_1,SHPK,0.0,0.0,0.0,0.0,0.0,0.0,0.0
repeat_2_fold_1,SIGLEC15,0.0,0.0,0.0,0.0,0.0,-2.3660052367591167e-05,0.5
repeat_2_fold_1,SIGMAR1,0.0,0.0,0.0,0.0,0.0,0.0,0.0
repeat_2_fold_1,SIRPG,0.0,0.0,0.0,0.0,0.0,0.0,0.0
repeat_2_fold_1,SIRT6,-0.018850980704312903,0.037701961408625806,0.018850980704312903,-0.037701961408625806,0.0,-9.343174810799715e-05,0.5
repeat_2_fold_1,SLC12A7,-0.20910814272034273,0.34026511542288496,0.17013255771144248,-0.3792407004317852,0.0,-8.675352534778802e-05,0.5
repeat_2_fold_1,SLC13A3,0.14298595236545353,0.3950234067164138,0.1975117033582069,-0.05452575099275336,0.25,-0.0011080791192151218,0.5
repeat_2_fold_1,SLC19A2,0.0,0.0,0.0,0.0,0.0,0.0003737269924320441,0.5
repeat_2_fold_1,SLC1A3,-0.06229355518156865,0.07193040170571494,0.03596520085285747,-0.09825875603442612,0.0,0.0003050630529403964,1.0
repeat_2_fold_1,SLC25A21,-0.03776522806917981,0.07553045613835963,0.03776522806917981,-0.07553045613835963,0.0,3.1546736490112304e-05,0.5
repeat_2_fold_1,SLC2A8,-0.009546113531943234,0.08579130707591666,0.04289565353795833,-0.052441767069901564,0.25,0.00024136534927904352,0.5
repeat_2_fold_1,SLC5A3,0.0021756661906113806,0.06516833473663781,0.03258416736831891,-0.030408501177707527,0.25,0.00024136534927904352,0.5
repeat_2_fold_1,SLC5A7,0.023479412927610355,0.027111690748340436,0.013555845374170218,0.009923567553440137,0.5,4.671587405402633e-05,0.5
repeat_2_fold_1,SLC6A11,0.0,0.0,0.0,0.0,0.0,0.0,0.0
repeat_2_fold_1,SLC6A15,0.0,0.0,0.0,0.0,0.0,0.0,0.0
repeat_2_fold_1,SLCO1B3,0.0,0.0,0.0,0.0,0.0,-0.00011435691977665363,0.5
repeat_2_fold_1,SLPI,0.0,0.0,0.0,0.0,0.0,0.0,0.0
repeat_2_fold_1,SMAD5,0.4192274430928098,0.49385821053261053,0.24692910526630527,0.17229833782650453,0.5,0.0003397316479498702,1.0
repeat_2_fold_1,SMAD9,-0.1942446561664184,0.23261817455921033,0.11630908727960516,-0.31055374344602354,0.0,1.0822975048563332e-05,1.0
repeat_2_fold_1,SMG8,0.0,0.0,0.0,0.0,0.0,0.0,0.0
repeat_2_fold_1,SNCA,-0.05586422931713031,0.11172845863426062,0.05586422931713031,-0.11172845863426062,0.0,-7.785979008997912e-05,0.5
repeat_2_fold_1,SNIP1,0.0,0.0,0.0,0.0,0.0,0.0,0.0
repeat_2_fold_1,SNRPG,0.0,0.0,0.0,0.0,0.0,0.0,0.0
repeat_2_fold_1,SNU13,-0.02504078149415534,0.05008156298831068,0.02504078149415534,-0.05008156298831068,0.0,7.785979009022892e-06,0.5
repeat_2_fold_1,SOX9,0.0,0.0,0.0,0.0,0.0,0.0,0.0
repeat_2_fold_1,SPC25,0.0,0.0,0.0,0.0,0.0,0.0,0.0
repeat_2_fold_1,SPCS2,0.0,0.0,0.0,0.0,0.0,0.0,0.0
repeat_2_fold_1,SPR,0.0,0.0,0.0,0.0,0.0,0.0,0.0
repeat_2_fold_1,SPRY1,-0.021050280317666648,0.09222648510675288,0.04611324255337644,-0.06716352287104309,0.25,-0.00026814726016591295,0.5
repeat_2_fold_1,SPTA1,0.0,0.0,0.0,0.0,0.0,0.0,0.0
repeat_2_fold_1,SPTSSA,-0.17002370830747715,0.34004741661495425,0.17002370830747712,-0.3400474166149543,0.0,-1.971671030631672e-05,0.5
repeat_2_fold_1,SRD5A3,0.0,0.0,0.0,0.0,0.0,0.0,0.0
repeat_2_fold_1,SRGAP2,0.05145372392376224,0.10290744784752448,0.05145372392376224,0.0,0.25,-4.4786634263216385e-05,1.0
repeat_2_fold_1,SRP72,-0.2766743746363627,0.5533487492727254,0.2766743746363627,-0.5533487492727254,0.0,-0.00016350555918898113,0.5
repeat_2_fold_1,SRP9,0.18861176754059983,0.3772235350811996,0.1886117675405998,2.7755575615628914e-17,0.25,-7.886684122521137e-06,0.5
repeat_2_fold_1,SRRM1,0.0,0.0,0.0,0.0,0.0,0.0008019558379270819,0.5
repeat_2_fold_1,SS18,-0.3593697870726871,0.5204601982851585,0.2602300991425793,-0.6195998862152663,0.0,-0.0002887861591277241,1.0
repeat_2_fold_1,ST3GAL1,0.0,0.0,0.0,0.0,0.0,0.0,0.0
repeat_2_fold_1,ST8SIA3,-0.24585092681339127,0.49170185362678254,0.24585092681339127,-0.49170185362678254,0.0,0.0004126568874770753,0.5
repeat_2_fold_1,STC2,-0.011756315923852512,0.06404019663934984,0.03202009831967492,-0.043776414243527434,0.25,0.0002647232863060567,0.5
repeat_2_fold_1,STEEP1,0.023479412927610355,0.027111690748340436,0.013555845374170218,0.009923567553440137,0.5,1.557195801801803e-05,0.5
repeat_2_fold_1,STK10,0.0,0.0,0.0,0.0,0.0,0.0,0.0
repeat_2_fold_1,STK3,-0.3267559376246787,0.5886332892770434,0.2943166446385217,-0.6210725822632004,0.0,-2.3357937026957654e-05,0.5
repeat_2_fold_1,STX6,0.0,0.0,0.0,0.0,0.0,0.0,0.0
repeat_2_fold_1,STXBP1,-0.007344034895362839,0.051043833710977066,0.025521916855488533,-0.03286595175085137,0.25,-0.00026472328630600117,0.5
repeat_2_fold_1,SUMO2,0.0,0.0,0.0,0.0,0.0,-7.007381108098398e-05,0.5
repeat_2_fold_1,SUN1,0.0,0.0,0.0,0.0,0.0,7.785979009003463e-05,0.5
repeat_2_fold_1,SUN2,-0.49969472234750434,0.5771453744568726,0.2885726872284363,-0.7882674095759407,0.0,0.00036594101342304897,0.5
repeat_2_fold_1,SURF1,0.0,0.0,0.0,0.0,0.0,0.0,0.0
repeat_2_fold_1,SYK,-0.02504078149415534,0.05008156298831068,0.02504078149415534,-0.05008156298831068,0.0,-6.228783207198885e-05,0.5
repeat_2_fold_1,SYT1,0.0,0.0,0.0,0.0,0.0,-0.00044954099498406563,0.5
repeat_2_fold_1,TAL1,0.0,0.0,0.0,0.0,0.0,0.0,0.0
repeat_2_fold_1,TBX6,0.0,0.0,0.0,0.0,0.0,0.0,0.0
repeat_2_fold_1,TBXA2R,0.0,0.0,0.0,0.0,0.0,0.0,0.0
repeat_2_fold_1,TBXT,0.0,0.0,0.0,0.0,0.0,0.0,0.0
repeat_2_fold_1,TCF7L2,0.0859338280121893,0.12191869281100587,0.060959346405502934,0.02497448160668636,0.5,0.0005863653483997311,1.0
repeat_2_fold_1,TEAD1,0.0,0.0,0.0,0.0,0.0,-2.335793702698541e-05,0.5
repeat_2_fold_1,TECR,0.0,0.0,0.0,0.0,0.0,0.0,0.0
repeat_2_fold_1,TEX2,0.0,0.0,0.0,0.0,0.0,0.0001012177271170478,0.5
repeat_2_fold_1,TF,0.0,0.0,0.0,0.0,0.0,-7.785979008995136e-06,0.5
repeat_2_fold_1,TFG,0.008061934283283279,0.08945146840080541,0.044725734200402704,-0.036663799917119426,0.25,0.0001567266313153015,1.0
repeat_2_fold_1,TGIF2,-0.24585092681339127,0.4917018536267826,0.2458509268133913,-0.49170185362678254,0.0,0.0006618082157650862,0.5
repeat_2_fold_1,THG1L,0.0,0.0,0.0,0.0,0.0,-0.00011678968513498256,0.5
repeat_2_fold_1,THOC6,0.0,0.0,0.0,0.0,0.0,0.0,0.0
repeat_2_fold_1,TIAL1,-0.10659203620132196,0.19841810089170392,0.09920905044585196,-0.20580108664717392,0.5,-0.0003384224814739767,1.0
repeat_2_fold_1,TIMM13,0.3800102038172497,0.8194986812307011,0.40974934061535057,-0.029739136798100863,0.25,0.0010489289882961716,0.5
repeat_2_fold_1,TIMM23,-0.38430458932914924,0.5619708650506913,0.28098543252534564,-0.6652900218544948,0.5,-0.0011299898500740369,1.0
repeat_2_fold_1,TLR8,-0.0464182415374097,0.05359916849386512,0.02679958424693256,-0.07321782578434226,0.0,0.0001380169721442448,0.5
repeat_2_fold_1,TMEM11,0.2128993775113397,0.4773932091147713,0.23869660455738564,-0.02579722704604595,0.25,-0.0002771733858046299,1.0
repeat_2_fold_1,TMEM258,0.0,0.0,0.0,0.0,0.0,0.0,0.0
repeat_2_fold_1,TNC,-0.061646895645942834,0.07118370359177972,0.03559185179588986,-0.0972387474418327,0.0,0.0006929521318010667,0.5
repeat_2_fold_1,TNFRSF11B,-0.1468145875387723,0.2936291750775446,0.1468145875387723,-0.2936291750775446,0.0,9.464020947030916e-05,0.5
repeat_2_fold_1,TNNI1,0.0,0.0,0.0,0.0,0.0,0.00020243545423404008,0.5
repeat_2_fold_1,TPCN1,0.2317503582156526,0.46350071643130525,0.23175035821565262,-2.7755575615628914e-17,0.25,-0.0003233540490236164,0.5
repeat_2_fold_1,TPD52L1,-0.00376344720313071,0.00752689440626142,0.00376344720313071,-0.00752689440626142,0.0,-0.0006867774346084599,1.0
repeat_2_fold_1,TPM3,0.0,0.0,0.0,0.0,0.0,0.0,0.0
repeat_2_fold_1,TPP2,0.0,0.0,0.0,0.0,0.0,0.0,0.0
repeat_2_fold_1,TRAF1,0.0,0.0,0.0,0.0,0.0,0.0,0.0
repeat_2_fold_1,TRAK2,-0.07091532847609727,0.051459676362733665,0.025729838181366833,-0.0966451666574641,0.0,0.0004266175636786218,1.0
repeat_2_fold_1,TRAPPC8,-0.1468145875387723,0.2936291750775446,0.1468145875387723,-0.2936291750775446,0.0,1.1830026183795583e-05,0.5
repeat_2_fold_1,TRIM24,-0.26470190751770417,0.4804512474893579,0.24022562374467896,-0.5049275312623831,0.0,0.00122897622205978,1.0
repeat_2_fold_1,TRIM34,0.0,0.0,0.0,0.0,0.0,0.0,0.0
repeat_2_fold_1,TRMT61A,0.0,0.0,0.0,0.0,0.0,0.00026026057604341957,0.5
repeat_2_fold_1,TRPV6,0.45957083763032003,0.9820083171910159,0.49100415859550794,-0.031433320965187916,0.25,-0.0003451007042341858,1.0
repeat_2_fold_1,TSPO,0.0,0.0,0.0,0.0,0.0,0.0,0.0
repeat_2_fold_1,TTC19,0.1946083997093826,0.3892167994187652,0.1946083997093826,0.0,0.25,2.7755575615628914e-17,0.5
repeat_2_fold_1,TTLL4,-0.015509903600587904,0.20045943783692455,0.10022971891846227,-0.11573962251905018,0.25,6.309347298022461e-05,0.5
repeat_2_fold_1,TXNL4A,0.0,0.0,0.0,0.0,0.0,0.0,0.0
repeat_2_fold_1,TYK2,0.0,0.0,0.0,0.0,0.0,0.0,0.0
repeat_2_fold_1,TYMP,-0.30329401563600733,0.4244153722459044,0.2122076861229522,-0.5155017017589596,0.0,-9.85835515315836e-05,0.5
repeat_2_fold_1,UBA3,0.0,0.0,0.0,0.0,0.0,0.0001245756641440332,0.5
repeat_2_fold_1,UBD,-0.10367086735032416,0.11970880634366327,0.05985440317183163,-0.1635252705221558,0.0,0.0003154673649010953,0.5
repeat_2_fold_1,UBE2L3,0.0,0.0,0.0,0.0,0.0,0.0,0.0
repeat_2_fold_1,UBE2Q1,0.0,0.0,0.0,0.0,0.0,0.0,0.0
repeat_2_fold_1,UBE3C,-0.03856165706837977,0.04678686739376556,0.02339343369688278,-0.06195509076526255,0.0,-0.001518186693586554,0.5
repeat_2_fold_1,UBN1,0.013284465570302828,0.026568931140605656,0.013284465570302828,0.0,0.25,0.00020720027983722744,1.0
repeat_2_fold_1,UCKL1,0.0,0.0,0.0,0.0,0.0,0.0,0.0
repeat_2_fold_1,UCP2,0.09059439180235707,0.29222836487797504,0.14611418243898752,-0.055519790636630456,0.25,-7.098015710274574e-05,0.5
repeat_2_fold_1,UGGT2,0.0,0.0,0.0,0.0,0.0,0.0,0.0
repeat_2_fold_1,UIMC1,-0.3132082087410808,0.47626801914413647,0.23813400957206823,-0.551342218313149,0.0,0.0006924486062334367,1.0
repeat_2_fold_1,UNKL,0.0,0.0,0.0,0.0,0.0,0.0,0.0
repeat_2_fold_1,UPF1,-0.139284713741068,0.22105382391636938,0.11052691195818469,-0.2498116256992527,0.0,-0.0006545947821697817,0.5
repeat_2_fold_1,UQCR11,0.0,0.0,0.0,0.0,0.0,-0.00015379034038928707,0.5
repeat_2_fold_1,USP14,0.0,0.0,0.0,0.0,0.0,6.309347298022461e-05,0.5
repeat_2_fold_1,USP21,-0.10053981932596479,0.12844520998040443,0.06422260499020221,-0.164762424316167,0.0,-0.0002566193493226676,1.0
repeat_2_fold_1,UST,-0.14664850999445278,0.1735246843432027,0.08676234217160135,-0.23341085216605412,0.0,-0.00015773368245056152,0.5
repeat_2_fold_1,UTP20,0.0,0.0,0.0,0.0,0.0,0.0,0.0
repeat_2_fold_1,UTP3,-0.02504078149415534,0.05008156298831068,0.02504078149415534,-0.05008156298831068,0.0,-1.5571958017990273e-05,0.5
repeat_2_fold_1,VANGL1,0.0,0.0,0.0,0.0,0.0,0.0,0.0
repeat_2_fold_1,VHL,0.0,0.0,0.0,0.0,0.0,3.1546736490112304e-05,0.5
repeat_2_fold_1,VNN1,-0.2766743746363627,0.4747242610503818,0.2373621305251909,-0.5140365051615536,0.0,0.00024905062317451265,1.0
repeat_2_fold_1,VPS16,0.0,0.0,0.0,0.0,0.0,0.0,0.0
repeat_2_fold_1,VPS33A,0.0,0.0,0.0,0.0,0.0,0.0,0.0
repeat_2_fold_1,VPS35L,0.0,0.0,0.0,0.0,0.0,0.0,0.0
repeat_2_fold_1,WAC,0.0,0.0,0.0,0.0,0.0,0.0,0.0
repeat_2_fold_1,WASF3,0.0,0.0,0.0,0.0,0.0,0.0,0.0
repeat_2_fold_1,WASL,-0.017169085386232297,0.09342298763177034,0.04671149381588517,-0.06388057920211747,0.5,0.0007734302548427774,1.0
repeat_2_fold_1,WDR3,0.0,0.0,0.0,0.0,0.0,0.0002219507543133048,1.0
repeat_2_fold_1,WDR46,0.0,0.0,0.0,0.0,0.0,0.0,0.0
repeat_2_fold_1,WFS1,0.0,0.0,0.0,0.0,0.0,0.0,0.0
repeat_2_fold_1,WLS,0.0,0.0,0.0,0.0,0.0,0.0,0.0
repeat_2_fold_1,WNT1,-0.4254819713422826,0.6237952838624843,0.31189764193124214,-0.7373796132735247,0.25,0.0005467305175600179,1.0
repeat_2_fold_1,WNT5A,0.026891265651979523,0.053782531303959054,0.026891265651979527,-3.469446951953614e-18,0.25,0.0005832434898803973,1.0
repeat_2_fold_1,WT1,-0.07823971404861929,0.15647942809723855,0.07823971404861928,-0.15647942809723858,0.0,0.0001735070506956038,0.5
repeat_2_fold_1,XBP1,0.017513887087897473,0.04561896851974396,0.02280948425987198,-0.005295597171974507,0.25,0.0006773801737830765,0.5
repeat_2_fold_1,YAF2,0.0,0.0,0.0,0.0,0.0,0.0,0.0
repeat_2_fold_1,YBX1,0.0,0.0,0.0,0.0,0.0,0.0,0.0
repeat_2_fold_1,YTHDC1,0.0,0.0,0.0,0.0,0.0,0.00017907751720702692,0.5
repeat_2_fold_1,YWHAB,0.0,0.0,0.0,0.0,0.0,-0.0001301302880216959,0.5
repeat_2_fold_1,ZBED1,0.0,0.0,0.0,0.0,0.0,0.0,0.0
repeat_2_fold_1,ZDHHC3,0.0,0.0,0.0,0.0,0.0,0.0,0.0
repeat_2_fold_1,ZEB1,0.0,0.0,0.0,0.0,0.0,0.0,0.0
repeat_2_fold_1,ZKSCAN5,0.0,0.0,0.0,0.0,0.0,7.785979009003463e-05,0.5
repeat_2_fold_1,ZNF135,0.0,0.0,0.0,0.0,0.0,0.0,0.0
repeat_2_fold_1,ZNF14,-0.09237171964004354,0.11080108641874309,0.055400543209371544,-0.14777226284941508,0.0,0.00021688381336951168,0.5
repeat_2_fold_1,ZNF248,0.0,0.0,0.0,0.0,0.0,0.0,0.0
repeat_2_fold_1,ZNF268,0.0,0.0,0.0,0.0,0.0,0.0002802952443240192,0.5
repeat_2_fold_1,ZNF3,-0.13425466815761666,0.16222845923286497,0.08111422961643248,-0.21536889777404916,0.0,-8.675352534778802e-05,0.5
repeat_2_fold_1,ZNF304,-0.08064188452368981,0.45087208100700427,0.22543604050350213,-0.30607792502719194,0.25,0.0004850310735354524,0.5
repeat_2_fold_1,ZNF335,0.0,0.0,0.0,0.0,0.0,-0.00033912741726868645,0.5
repeat_2_fold_1,ZNF442,0.021277334291028183,0.042554668582056365,0.021277334291028183,0.0,0.25,-7.007381108098398e-05,0.5
repeat_2_fold_1,ZNF544,-0.45868481287195095,0.5323808254996782,0.2661904127498391,-0.7248752256217901,0.0,0.00035815503441405383,0.5
repeat_2_fold_1,ZNF552,-0.030823447822971417,0.061646895645942834,0.030823447822971417,-0.061646895645942834,0.0,4.671587405402633e-05,0.5
repeat_2_fold_1,ZNF665,0.0,0.0,0.0,0.0,0.0,0.0,0.0
repeat_2_fold_1,ZNF717,-0.26227555393099067,0.47561197504774183,0.23780598752387092,-0.5000815414548616,0.0,0.00020243545423404008,0.5
repeat_2_fold_1,ZNF749,0.0,0.0,0.0,0.0,0.0,0.0,0.0
repeat_2_fold_2,A1CF,-0.06374114244747808,0.22357766373429225,0.11178883186714612,-0.1755299743146242,0.5,1.4747874220233381e-05,1.0
repeat_2_fold_2,A2M,-0.057727095901588754,0.08156467636259009,0.04078233818129504,-0.09850943408288379,0.0,0.00012655824843385566,0.5
repeat_2_fold_2,A4GALT,0.0,0.0,0.0,0.0,0.0,-4.74593431626924e-05,0.5
repeat_2_fold_2,A4GNT,0.0,0.0,0.0,0.0,0.0,-7.820564957611298e-05,0.5
repeat_2_fold_2,AAAS,-0.20145674577903172,0.2949370316284021,0.14746851581420106,-0.3489252615932328,0.0,1.581978105422155e-05,0.5
repeat_2_fold_2,AACS,0.08993062205545144,0.10384293770421077,0.051921468852105385,0.03800915320334605,0.5,3.128225983048405e-05,0.5
repeat_2_fold_2,AADAC,0.0,0.0,0.0,0.0,0.0,0.0,0.0
repeat_2_fold_2,AAK1,0.0,0.0,0.0,0.0,0.0,0.0,0.0
repeat_2_fold_2,AAMP,0.12289558655514732,0.15177484624124918,0.07588742312062459,0.04700816343452273,0.5,3.910282478805649e-05,0.5
repeat_2_fold_2,AANAT,0.0,0.0,0.0,0.0,0.0,0.0,0.0
repeat_2_fold_2,AARS1,0.0,0.0,0.0,0.0,0.0,0.0,0.0
repeat_2_fold_2,AASDHPPT,-0.014239961395892564,0.02847992279178513,0.014239961395892564,-0.02847992279178513,0.0,-0.00028936090343165133,0.5
repeat_2_fold_2,AASS,0.047204925895592,0.094409851791184,0.047204925895592,0.0,0.25,4.692338974568444e-05,0.5
repeat_2_fold_2,AATF,0.0,0.0,0.0,0.0,0.0,0.0,0.0
repeat_2_fold_2,ABAT,-0.04433206780763044,0.08866413561526088,0.04433206780763044,-0.08866413561526088,0.0,-4.6923389745656685e-05,0.5
repeat_2_fold_2,ABCA12,-0.1658110641921624,0.19579688076195145,0.09789844038097573,-0.26370950457313813,0.0,-0.0004825033221540209,0.5
repeat_2_fold_2,ABCA2,0.0,0.0,0.0,0.0,0.0,0.0,0.0
repeat_2_fold_2,ABCA3,0.0,0.0,0.0,0.0,0.0,-4.6923389745656685e-05,0.5
repeat_2_fold_2,ABCA4,0.06587722150516839,0.13175444301033679,0.06587722150516839,0.0,0.25,-5.5369233689817055e-05,0.5
repeat_2_fold_2,ABCA5,-0.1574232793830177,0.18177674545699787,0.09088837272849894,-0.24831165211151662,0.0,-3.9549452635595506e-05,0.5
repeat_2_fold_2,ABCA6,0.0,0.0,0.0,0.0,0.0,0.0,0.0
repeat_2_fold_2,ABCA8,-0.3949408468902149,0.45611667389969757,0.22805833694984878,-0.6229991838400637,0.0,-0.0014791495285705059,0.5
repeat_2_fold_2,ABCB1,0.0,0.0,0.0,0.0,0.0,0.0,0.0
repeat_2_fold_2,ABCB11,0.147916447616657,0.27264507710584784,0.13632253855292392,0.011593909063733088,0.5,0.00019774726317789426,0.5
repeat_2_fold_2,ABCB4,0.0,0.0,0.0,0.0,0.0,0.0,0.0
repeat_2_fold_2,ABCB6,0.0,0.0,0.0,0.0,0.0,-6.327912421691395e-05,0.5
repeat_2_fold_2,ABCB7,0.0,0.0,0.0,0.0,0.0,0.0,0.0
repeat_2_fold_2,ABCB8,0.0,0.0,0.0,0.0,0.0,2.7755575615628914e-17,0.5
repeat_2_fold_2,ABCB9,0.0,0.0,0.0,0.0,0.0,0.0,0.0
repeat_2_fold_2,ABCC1,0.036935362456603116,0.11572287371868298,0.05786143685934149,-0.020926074402738373,0.25,7.909890527124652e-06,0.5
repeat_2_fold_2,ABCC10,0.0,0.0,0.0,0.0,0.0,0.0,0.0
repeat_2_fold_2,ABCC2,0.0,0.0,0.0,0.0,0.0,0.0,0.0
repeat_2_fold_2,ABCC3,0.0,0.0,0.0,0.0,0.0,0.0,0.0
repeat_2_fold_2,ABCC4,0.0,0.0,0.0,0.0,0.0,0.0,0.0
repeat_2_fold_2,ABCC5,-0.05844574718562967,0.11689149437125933,0.058445747185629664,-0.11689149437125934,0.0,-0.0003638549642472899,0.5
repeat_2_fold_2,ABCC6,0.0006332432200952809,0.14582384226961892,0.07291192113480946,-0.07227867791471418,0.25,-1.564112991520039e-05,0.5
repeat_2_fold_2,ABCC8,0.0,0.0,0.0,0.0,0.0,0.0,0.0
repeat_2_fold_2,ABCC9,-0.10425911453243053,0.15057537299955973,0.07528768649977986,-0.17954680103221038,0.0,-0.00010282857685250946,0.5
repeat_2_fold_2,ABCD1,-0.04433206780763044,0.08866413561526088,0.04433206780763044,-0.08866413561526088,0.0,-0.00045359276754150524,0.5
repeat_2_fold_2,ABCD2,0.0,0.0,0.0,0.0,0.0,0.0,0.0
repeat_2_fold_2,ABCD3,0.0,0.0,0.0,0.0,0.0,-7.11890147440386e-05,0.5
repeat_2_fold_2,ABCD4,0.0,0.0,0.0,0.0,0.0,8.602621453374093e-05,0.5
repeat_2_fold_2,ABCE1,0.1319052565902119,0.18656360637438607,0.09328180318719304,0.03862345340301887,0.5,0.0010161374910726273,1.0
repeat_2_fold_2,ABCF1,-0.37899649175952277,0.4619425163714668,0.2309712581857334,-0.6099677499452562,0.0,-1.581978105422155e-05,0.5
repeat_2_fold_2,ABCF2,-0.20419919765992312,0.23671550699167274,0.11835775349583637,-0.3225569511557595,0.0,-0.00020279873548090244,1.0
repeat_2_fold_2,ABCG1,0.0,0.0,0.0,0.0,0.0,0.0,0.0
repeat_2_fold_2,ABCG2,0.0,0.0,0.0,0.0,0.0,0.0,0.0
repeat_2_fold_2,ABCG4,0.0,0.0,0.0,0.0,0.0,-7.820564957600196e-06,0.5
repeat_2_fold_2,ABCG5,0.0,0.0,0.0,0.0,0.0,-3.128225983042854e-05,0.5
repeat_2_fold_2,ABHD17B,-0.20042989006123335,0.02667545170125494,0.01333772585062747,-0.21376761591186083,0.0,0.00011020251396259839,1.0
repeat_2_fold_2,ABHD3,-0.04323321968211857,0.055138915355989575,0.027569457677994787,-0.07080267736011336,0.0,1.5819781054249304e-05,0.5
repeat_2_fold_2,ABHD5,0.0,0.0,0.0,0.0,0.0,0.0,0.0
repeat_2_fold_2,ABHD6,0.0,0.0,0.0,0.0,0.0,0.0,0.0
repeat_2_fold_2,ABI1,0.0,0.0,0.0,0.0,0.0,-7.909890527124652e-06,0.5
repeat_2_fold_2,ABI2,-0.2789892851963227,0.37840297531098793,0.18920148765549397,-0.46819077285181665,0.0,8.700879579826015e-05,0.5
repeat_2_fold_2,ABL1,0.014337254023935486,0.028674508047870972,0.014337254023935486,0.0,0.25,-3.954945263556775e-05,0.5
repeat_2_fold_2,ABL2,0.02823122052689442,0.05646244105378884,0.02823122052689442,0.0,0.25,0.00010282857685250946,0.5
repeat_2_fold_2,ABLIM1,0.0,0.0,0.0,0.0,0.0,0.0,0.0
repeat_2_fold_2,ABLIM3,0.0,0.0,0.0,0.0,0.0,7.820564957627951e-06,0.5
repeat_2_fold_2,ABR,0.02823122052689442,0.05646244105378884,0.02823122052689442,0.0,0.25,5.554788482883821e-05,1.0
repeat_2_fold_2,ABRAXAS2,0.0,0.0,0.0,0.0,0.0,-0.0005005161572871897,0.5
repeat_2_fold_2,ACAA1,0.0,0.0,0.0,0.0,0.0,0.0,0.0
repeat_2_fold_2,ACAA2,0.0,0.0,0.0,0.0,0.0,0.0,0.0
repeat_2_fold_2,ACACA,0.044417837399899796,0.09030150543956743,0.045150752719783714,-0.0007329153198839186,0.25,0.0002622769453678453,1.0
repeat_2_fold_2,ACACB,-0.2677926730810789,0.35740696397860006,0.17870348198930003,-0.44649615507037893,0.25,-0.00020949815319357135,1.0
repeat_2_fold_2,ACAD10,0.0,0.0,0.0,0.0,0.0,0.0,0.0
repeat_2_fold_2,ACAD8,0.0,0.0,0.0,0.0,0.0,0.0,0.0
repeat_2_fold_2,ACADL,0.0,0.0,0.0,0.0,0.0,0.0,0.0
repeat_2_fold_2,ACADM,0.04044741287157905,0.0808948257431581,0.04044741287157905,0.0,0.25,0.00013446813896095255,0.5
repeat_2_fold_2,ACADS,0.0,0.0,0.0,0.0,0.0,0.0,0.0
repeat_2_fold_2,ACADSB,-0.06923264972460963,0.13846529944921926,0.06923264972460963,-0.13846529944921926,0.0,0.00022929749971684066,1.0
repeat_2_fold_2,ACADVL,0.0,0.0,0.0,0.0,0.0,0.0,0.0
repeat_2_fold_2,ACAN,0.0,0.0,0.0,0.0,0.0,0.0,0.0
repeat_2_fold_2,ACAT1,-0.026057036586360383,0.052114073172720765,0.026057036586360383,-0.052114073172720765,0.0,5.53692336897893e-05,0.5
repeat_2_fold_2,ACAT2,0.0,0.0,0.0,0.0,0.0,9.366812835234772e-05,1.0
repeat_2_fold_2,ACBD3,0.0,0.0,0.0,0.0,0.0,0.0,0.0
repeat_2_fold_2,ACD,0.0,0.0,0.0,0.0,0.0,0.0,0.0
repeat_2_fold_2,ACE,0.0,0.0,0.0,0.0,0.0,0.0,0.0
repeat_2_fold_2,ACE2,0.0,0.0,0.0,0.0,0.0,3.9549452635595506e-05,0.5
repeat_2_fold_2,ACHE,0.0,0.0,0.0,0.0,0.0,0.0,0.0
repeat_2_fold_2,ACIN1,-0.07895127500280807,0.1266869786100838,0.0633434893050419,-0.14229476430784999,0.25,0.000625685281767624,1.0
repeat_2_fold_2,ACKR1,0.04496531102772572,0.08993062205545144,0.04496531102772572,0.0,0.25,0.0005474395470328741,0.5
repeat_2_fold_2,ACKR2,0.0,0.0,0.0,0.0,0.0,0.00020226278206392223,1.0
repeat_2_fold_2,ACKR3,0.0,0.0,0.0,0.0,0.0,0.0,0.0
repeat_2_fold_2,ACKR4,0.0,0.0,0.0,0.0,0.0,0.0,0.0
repeat_2_fold_2,ACLY,-0.058572029203526554,0.11714405840705311,0.058572029203526554,-0.11714405840705311,0.0,7.820564957627951e-06,0.5
repeat_2_fold_2,ACO1,0.0,0.0,0.0,0.0,0.0,0.0,0.0
repeat_2_fold_2,ACO2,0.0,0.0,0.0,0.0,0.0,-5.5369233689817055e-05,0.5
repeat_2_fold_2,ACOT11,0.022264178057344708,0.044528356114689416,0.022264178057344708,0.0,0.25,0.000118648357906731,0.5
repeat_2_fold_2,ACOT13,0.0,0.0,0.0,0.0,0.0,0.0,0.0
repeat_2_fold_2,ACOT2,0.0,0.0,0.0,0.0,0.0,0.0,0.0
repeat_2_fold_2,ACOT7,-0.2532707353857404,0.30778522066580943,0.15389261033290472,-0.4071633457186451,0.0,-2.37296715813462e-05,0.5
repeat_2_fold_2,ACOT8,-0.05013457954012601,0.06522788878445723,0.032613944392228617,-0.08274852393235463,0.0,7.909890527116326e-05,0.5
repeat_2_fold_2,ACOT9,-0.06854017706904258,0.0791433793622327,0.03957168968111635,-0.10811186675015894,0.0,-0.00030057584003037596,0.5
repeat_2_fold_2,ACOX1,-0.1556711910739974,0.18339359123493734,0.09169679561746867,-0.2473679866914661,0.0,4.74593431626924e-05,0.5
repeat_2_fold_2,ACOX2,-0.0005795688578693614,0.0011591377157387228,0.0005795688578693614,-0.0011591377157387228,0.0,0.000118648357906731,0.5
repeat_2_fold_2,ACOX3,0.0,0.0,0.0,0.0,0.0,2.3640346011877256e-05,1.0
repeat_2_fold_2,ACOXL,0.0,0.0,0.0,0.0,0.0,0.0,0.0
repeat_2_fold_2,ACP3,0.0,0.0,0.0,0.0,0.0,0.0,0.0
repeat_2_fold_2,ACP5,0.0,0.0,0.0,0.0,0.0,0.0,0.0
repeat_2_fold_2,ACP6,0.0,0.0,0.0,0.0,0.0,6.256451966091259e-05,0.5
repeat_2_fold_2,ACR,0.0,0.0,0.0,0.0,0.0,0.0,0.0
repeat_2_fold_2,ACSBG1,-1.0965205419174815,1.0894841995927353,0.5447420997963677,-1.6412626417138492,0.0,1.2505579730648364e-06,1.0
repeat_2_fold_2,ACSF2,0.0,0.0,0.0,0.0,0.0,0.0,0.0
repeat_2_fold_2,ACSL1,0.0,0.0,0.0,0.0,0.0,0.0,0.0
repeat_2_fold_2,ACSL4,0.0,0.0,0.0,0.0,0.0,-0.00014237802948804945,0.5
repeat_2_fold_2,ACSL5,0.045598554247822776,0.0895164239804965,0.04475821199024825,0.0008403422575745251,0.5,-0.0004770544624143336,0.5
repeat_2_fold_2,ACSL6,0.0,0.0,0.0,0.0,0.0,0.0,0.0
repeat_2_fold_2,ACSM1,0.0,0.0,0.0,0.0,0.0,0.0,0.0
repeat_2_fold_2,ACSM3,0.04496531102772572,0.08993062205545144,0.04496531102772572,0.0,0.25,3.128225983048405e-05,0.5
repeat_2_fold_2,ACSM5,0.08993062205545144,0.10384293770421077,0.051921468852105385,0.03800915320334605,0.5,-8.602621453374093e-05,0.5
repeat_2_fold_2,ACSS3,-0.0005474736278259229,0.0010949472556518458,0.0005474736278259229,-0.0010949472556518458,0.0,0.00020565715370499116,0.5
repeat_2_fold_2,ACTA1,0.0,0.0,0.0,0.0,0.0,0.0,0.0
repeat_2_fold_2,ACTA2,0.16555242102371892,0.2613014901513682,0.1306507450756841,0.03490167594803481,0.5,-8.70981213677291e-05,1.0
repeat_2_fold_2,ACTB,0.0991783552470249,0.12844608468332522,0.06422304234166261,0.03495531290536229,0.5,0.0001476081529301343,1.0
repeat_2_fold_2,ACTC1,0.0,0.0,0.0,0.0,0.0,0.0,0.0
repeat_2_fold_2,ACTG1,0.0,0.0,0.0,0.0,0.0,0.0002971814683892793,0.5
repeat_2_fold_2,ACTG2,0.06275462626008377,0.12550925252016754,0.06275462626008377,0.0,0.25,-0.0001407701692369978,0.5
repeat_2_fold_2,ACTL6A,0.0,0.0,0.0,0.0,0.0,5.474395470331239e-05,0.5
repeat_2_fold_2,ACTL6B,0.0,0.0,0.0,0.0,0.0,0.0,0.0
repeat_2_fold_2,ACTN1,-0.12665865264631293,0.25331730529262586,0.12665865264631293,-0.25331730529262586,0.0,7.909890527124652e-06,0.5
repeat_2_fold_2,ACTN2,0.0,0.0,0.0,0.0,0.0,0.0,0.0
repeat_2_fold_2,ACTN3,0.0,0.0,0.0,0.0,0.0,-3.128225983042854e-05,0.5
repeat_2_fold_2,ACTN4,0.0,0.0,0.0,0.0,0.0,0.0,0.0
repeat_2_fold_2,ACTR10,0.0,0.0,0.0,0.0,0.0,0.0,0.0
repeat_2_fold_2,ACTR1A,0.0,0.0,0.0,0.0,0.0,0.0,0.0
repeat_2_fold_2,ACTR1B,0.0,0.0,0.0,0.0,0.0,-8.602621453371317e-05,0.5
repeat_2_fold_2,ACTR2,0.014337254023935486,0.028674508047870972,0.014337254023935486,0.0,0.25,-0.00013446813896095255,0.5
repeat_2_fold_2,ACTR3,-0.026556052205169323,0.053112104410338645,0.026556052205169323,-0.053112104410338645,0.0,-3.954945263556775e-05,0.5
repeat_2_fold_2,ACTR5,0.0,0.0,0.0,0.0,0.0,0.0,0.0
repeat_2_fold_2,ACTR8,-0.02847992279178513,0.032885782180673805,0.016442891090336902,-0.044922813882122034,0.0,-0.00025025807864359484,0.5
repeat_2_fold_2,ACVR1B,0.0,0.0,0.0,0.0,0.0,0.0,0.0
repeat_2_fold_2,ACVR2A,0.0,0.0,0.0,0.0,0.0,0.0,0.0
repeat_2_fold_2,ACVR2B,0.02599943004248928,0.13973225820650517,0.06986612910325259,-0.043866699060763306,0.25,0.0001028285768524817,0.5
repeat_2_fold_2,ACVRL1,0.01842255845245333,0.17616095198288975,0.08808047599144488,-0.06965791753899155,0.25,7.820564957614073e-05,0.5
repeat_2_fold_2,ACY1,0.0,0.0,0.0,0.0,0.0,-0.00014077016923702557,0.5
repeat_2_fold_2,ADA,0.0,0.0,0.0,0.0,0.0,-3.1282259830456294e-05,0.5
repeat_2_fold_2,ADA2,-0.04412799592221006,0.050954620648973374,0.025477310324486687,-0.06960530624669675,0.0,-0.000237296715813462,0.5
repeat_2_fold_2,ADAM10,-0.24130537929985962,0.25014312517386256,0.12507156258693128,-0.36637694188679093,0.0,9.06711441478747e-05,1.0
repeat_2_fold_2,ADAM11,0.0,0.0,0.0,0.0,0.0,0.0,0.0
repeat_2_fold_2,ADAM12,0.0,0.0,0.0,0.0,0.0,5.474395470331239e-05,0.5
repeat_2_fold_2,ADAM15,0.0,0.0,0.0,0.0,0.0,0.0,0.0
repeat_2_fold_2,ADAM17,-0.0278466795716934,0.032171199482770314,0.016085599741385157,-0.043932279313078554,0.0,-0.000148590734194598,0.5
repeat_2_fold_2,ADAM19,0.0,0.0,0.0,0.0,0.0,0.0002267963837707665,0.5
repeat_2_fold_2,ADAM2,0.0,0.0,0.0,0.0,0.0,0.0,0.0
repeat_2_fold_2,ADAM20,0.0,0.0,0.0,0.0,0.0,0.0,0.0
repeat_2_fold_2,ADAM21,-0.08866413561526088,0.1023805251298727,0.05119026256493635,-0.13985439818019724,0.0,-1.5641129915228147e-05,0.5
repeat_2_fold_2,ADAM22,0.0,0.0,0.0,0.0,0.0,0.0,0.0
repeat_2_fold_2,ADAM23,0.0,0.0,0.0,0.0,0.0,0.0,0.0
repeat_2_fold_2,ADAM30,-0.09037567589674644,0.22887097710086401,0.11443548855043201,-0.20481116444717845,0.25,-0.00046668354109979937,0.5
repeat_2_fold_2,ADAM8,-0.06073646403877753,0.20383027179077687,0.10191513589538843,-0.16265159993416595,0.25,7.11890147440386e-05,0.5
repeat_2_fold_2,ADAM9,0.0,0.0,0.0,0.0,0.0,0.00010166734444896908,0.5
repeat_2_fold_2,ADAMTS1,0.08420646459619974,0.13334926878054412,0.06667463439027206,0.017531830205927676,0.5,-4.74593431626924e-05,0.5
repeat_2_fold_2,ADAMTS12,0.04496531102772572,0.08993062205545144,0.04496531102772572,0.0,0.25,-0.0001642318641098539,0.5
repeat_2_fold_2,ADAMTS13,0.0,0.0,0.0,0.0,0.0,-0.00021231648625905097,1.0
repeat_2_fold_2,ADAMTS2,0.08993062205545144,0.10384293770421077,0.051921468852105385,0.03800915320334605,0.5,-0.0003050020333468795,0.5
repeat_2_fold_2,ADAMTS20,0.0,0.0,0.0,0.0,0.0,0.0,0.0
repeat_2_fold_2,ADAMTS3,0.02823122052689442,0.05646244105378884,0.02823122052689442,0.0,0.25,-1.4122595233645452e-05,1.0
repeat_2_fold_2,ADAMTS5,0.0,0.0,0.0,0.0,0.0,0.0,0.0
repeat_2_fold_2,ADAMTS6,0.0,0.0,0.0,0.0,0.0,0.0,0.0
repeat_2_fold_2,ADAMTS7,0.0,0.0,0.0,0.0,0.0,0.0,0.0
repeat_2_fold_2,ADAMTS8,0.0,0.0,0.0,0.0,0.0,0.0,0.0
repeat_2_fold_2,ADAMTS9,-0.05361257659554752,0.062242946248692504,0.031121473124346252,-0.08473404971989378,0.0,0.00039549452635576077,0.5
repeat_2_fold_2,ADAMTSL2,-0.034311565087540075,0.13313373790988456,0.06656686895494228,-0.10087843404248235,0.25,0.0002994146076268911,1.0
repeat_2_fold_2,ADAMTSL3,0.0,0.0,0.0,0.0,0.0,0.0,0.0
repeat_2_fold_2,ADAMTSL4,0.0,0.0,0.0,0.0,0.0,0.0,0.0
repeat_2_fold_2,ADAR,0.0,0.0,0.0,0.0,0.0,0.0,0.0
repeat_2_fold_2,ADARB1,0.006177324337057755,0.12222148948367695,0.061110744741838474,-0.05493342040478072,0.25,-0.000395494526355733,0.5
repeat_2_fold_2,ADAT1,0.0,0.0,0.0,0.0,0.0,-7.038508461851278e-05,0.5
repeat_2_fold_2,ADCY1,-0.2748985018814931,0.1918069080997694,0.0959034540498847,-0.3708019559313778,0.0,7.624048704707453e-05,1.0
repeat_2_fold_2,ADCY2,-0.08866413561526088,0.1023805251298727,0.05119026256493635,-0.13985439818019724,0.0,0.0,0.5
repeat_2_fold_2,ADCY3,0.0,0.0,0.0,0.0,0.0,-0.0003206431632621076,0.5
repeat_2_fold_2,ADCY6,-0.028785236853028806,0.057570473706057605,0.028785236853028803,-0.05757047370605761,0.0,-0.00013446813896095255,0.5
repeat_2_fold_2,ADCY7,0.0,0.0,0.0,0.0,0.0,-7.038508461848503e-05,0.5
repeat_2_fold_2,ADCY8,0.0,0.0,0.0,0.0,0.0,0.0,0.0
repeat_2_fold_2,ADCY9,-0.0653194307135685,0.14117698440281437,0.07058849220140719,-0.13590792291497567,0.25,0.00020565715370499116,0.5
repeat_2_fold_2,ADCYAP1,0.0,0.0,0.0,0.0,0.0,0.0,0.0
repeat_2_fold_2,ADCYAP1R1,0.0,0.0,0.0,0.0,0.0,-7.038508461848503e-05,0.5
repeat_2_fold_2,ADD1,0.0,0.0,0.0,0.0,0.0,-6.256451966088483e-05,0.5
repeat_2_fold_2,ADD3,0.0,0.0,0.0,0.0,0.0,7.065306132703064e-05,1.0
repeat_2_fold_2,ADGRE1,0.0,0.0,0.0,0.0,0.0,0.0,0.0
repeat_2_fold_2,ADGRE2,0.0,0.0,0.0,0.0,0.0,8.602621453376869e-05,0.5
repeat_2_fold_2,ADGRE3,0.0,0.0,0.0,0.0,0.0,0.0,0.0
repeat_2_fold_2,ADGRE5,0.0,0.0,0.0,0.0,0.0,0.0,0.0
repeat_2_fold_2,ADGRF5,0.08159415746665921,0.4787262888172137,0.23936314440860684,-0.15776898694194763,0.25,0.0012010528021484668,1.0
repeat_2_fold_2,ADGRG3,0.0,0.0,0.0,0.0,0.0,0.0,0.0
repeat_2_fold_2,ADGRG6,0.0,0.0,0.0,0.0,0.0,0.0,0.0
repeat_2_fold_2,ADGRV1,0.0,0.0,0.0,0.0,0.0,-7.820564957611298e-05,0.5
repeat_2_fold_2,ADH1A,0.0,0.0,0.0,0.0,0.0,0.0,0.0
repeat_2_fold_2,ADH1B,-0.04433206780763044,0.08866413561526088,0.04433206780763044,-0.08866413561526088,0.0,-0.00015641129915222596,0.5
repeat_2_fold_2,ADH1C,-0.3272495973134948,0.3952511898727528,0.1976255949363764,-0.5248751922498712,0.0,-6.327912421691395e-05,0.5
repeat_2_fold_2,ADH5,-0.014239961395892564,0.02847992279178513,0.014239961395892564,-0.02847992279178513,0.0,0.00011730847436419722,0.5
repeat_2_fold_2,ADH6,-0.014239961395892564,0.02847992279178513,0.014239961395892564,-0.02847992279178513,0.0,-0.0003753871179653645,0.5
repeat_2_fold_2,ADH7,0.0,0.0,0.0,0.0,0.0,0.0002189758188131663,0.5
repeat_2_fold_2,ADORA2A,0.0,0.0,0.0,0.0,0.0,0.0,0.0
repeat_2_fold_2,AGBL2,0.0,0.0,0.0,0.0,0.0,-7.820564957608522e-05,0.5
repeat_2_fold_2,AGO3,0.26702009630390044,0.21773215096492254,0.10886607548246127,0.15815402082143917,1.0,0.003367429465724381,1.0
repeat_2_fold_2,AGPAT1,0.0,0.0,0.0,0.0,0.0,0.0,0.0
repeat_2_fold_2,AKAP10,-0.033015938552045654,0.06603187710409131,0.033015938552045654,-0.06603187710409131,0.0,0.00026102638739478046,0.5
repeat_2_fold_2,AKR1D1,0.1371355479510452,0.1761165090480368,0.0880582545240184,0.04907729342702681,0.5,-6.256451966088483e-05,0.5
repeat_2_fold_2,ALAD,0.055367493798129885,0.06393287489741045,0.031966437448705226,0.02340105634942466,0.5,0.000711890147440386,0.5
repeat_2_fold_2,ALDH7A1,0.0,0.0,0.0,0.0,0.0,0.0,0.0
repeat_2_fold_2,ALG13,0.0,0.0,0.0,0.0,0.0,0.0,0.0
repeat_2_fold_2,ALG9,0.0,0.0,0.0,0.0,0.0,0.0,0.0
repeat_2_fold_2,ALOX12,0.0,0.0,0.0,0.0,0.0,0.0,0.0
repeat_2_fold_2,AMBN,0.0,0.0,0.0,0.0,0.0,0.0,0.0
repeat_2_fold_2,AMH,0.1856502128152293,0.29510910942956503,0.14755455471478252,0.038095658100446794,0.5,0.00035974598805019187,0.5
repeat_2_fold_2,AMPD3,-0.10343861408995458,0.1704858934858212,0.0852429467429106,-0.1886815608328652,0.0,-0.00020565715370499116,0.5
repeat_2_fold_2,ANKH,-0.3203775793707333,0.5557777493385841,0.2778888746692921,-0.5982664540400253,0.25,-7.963485868814346e-05,1.0
repeat_2_fold_2,ANKLE2,0.0,0.0,0.0,0.0,0.0,0.0002111552538555661,0.5
repeat_2_fold_2,ANKRD27,0.0,0.0,0.0,0.0,0.0,0.00010877330485056791,1.0
repeat_2_fold_2,AP2M1,-0.12059496703909645,0.1286271520651803,0.06431357603259015,-0.18490854307168658,0.0,-0.0008060049036402173,1.0
repeat_2_fold_2,AP3S1,0.0,0.0,0.0,0.0,0.0,0.0003519254230925639,0.5
repeat_2_fold_2,APBA2,-0.36240218371669464,0.41857289740793874,0.20928644870396937,-0.571688632420664,0.0,-0.0001977472631778665,0.5
repeat_2_fold_2,APCS,0.0,0.0,0.0,0.0,0.0,-8.602621453371317e-05,0.5
repeat_2_fold_2,AQP5,-0.09801788657763844,0.13104448356775666,0.06552224178387833,-0.16354012836151677,0.0,-0.0002452066063405589,0.5
repeat_2_fold_2,ARF1,-0.26187673941391054,0.4008419182231439,0.20042095911157196,-0.4622976985254825,0.0,-0.00025311649686768356,0.5
repeat_2_fold_2,ARF3,-0.028785236853028806,0.057570473706057605,0.028785236853028803,-0.05757047370605761,0.0,3.954945263556775e-05,0.5
repeat_2_fold_2,ARFGAP1,0.0,0.0,0.0,0.0,0.0,0.0,0.0
repeat_2_fold_2,ARHGAP24,0.0,0.0,0.0,0.0,0.0,0.0,0.0
repeat_2_fold_2,ARHGAP44,-0.025909509355178884,0.10675572683537089,0.053377863417685446,-0.07928737277286432,0.25,0.0002267963837707665,0.5
repeat_2_fold_2,ARHGDIB,-0.09858124711240812,0.18141656354555463,0.09070828177277732,-0.18928952888518544,0.0,0.0004446109701803924,1.0
repeat_2_fold_2,ARHGEF18,-0.12376056127671475,0.19201733060953205,0.09600866530476602,-0.2197692265814808,0.0,-0.0001880508612606968,1.0
repeat_2_fold_2,ARL1,-0.2012032321199051,0.23232948045249993,0.11616474022624997,-0.31736797234615505,0.0,-0.00019774726317789426,0.5
repeat_2_fold_2,ARMC8,0.07502467901974441,0.09637469368319773,0.048187346841598866,0.026837332178145545,0.5,0.0001740175915965203,0.5
repeat_2_fold_2,ARPC4,0.0,0.0,0.0,0.0,0.0,7.820564957614073e-05,0.5
repeat_2_fold_2,ART3,0.0,0.0,0.0,0.0,0.0,0.0,0.0
repeat_2_fold_2,ART4,0.0,0.0,0.0,0.0,0.0,-3.892417364903533e-05,1.0
repeat_2_fold_2,ASB9,0.0,0.0,0.0,0.0,0.0,0.0,0.0
repeat_2_fold_2,ASCC1,0.0,0.0,0.0,0.0,0.0,0.0,0.0
repeat_2_fold_2,ASCC2,-0.2621025236234562,0.3323972576709634,0.1661986288354817,-0.4283011524589379,0.0,-0.0006802505853318874,0.5
repeat_2_fold_2,ASCL1,0.0,0.0,0.0,0.0,0.0,0.0,0.0
repeat_2_fold_2,ATF2,0.0,0.0,0.0,0.0,0.0,-4.74593431626924e-05,0.5
repeat_2_fold_2,ATF7IP,-0.19338193524967728,0.3421264471552508,0.1710632235776254,-0.36444515882730266,0.0,-0.00011431149015969644,1.0
repeat_2_fold_2,ATP10D,0.0,0.0,0.0,0.0,0.0,0.0,0.0
repeat_2_fold_2,ATP11B,-0.2993540458000936,0.28155918841656774,0.14077959420828387,-0.4401336400083775,0.0,-0.00045265027143556735,1.0
repeat_2_fold_2,ATP1A1,0.0,0.0,0.0,0.0,0.0,0.0,0.0
repeat_2_fold_2,ATP2C1,-0.16133808009872475,0.40150402259264356,0.20075201129632178,-0.36209009139504655,0.25,1.581978105422155e-05,0.5
repeat_2_fold_2,ATP5MC3,-0.08866413561526088,0.1023805251298727,0.05119026256493635,-0.13985439818019724,0.0,-0.00016423186410982615,0.5
repeat_2_fold_2,ATP5PF,0.0,0.0,0.0,0.0,0.0,0.0,0.0
repeat_2_fold_2,ATP6V0D1,0.0,0.0,0.0,0.0,0.0,0.0,0.0
repeat_2_fold_2,ATP6V1A,0.15108741317028773,0.192630744664613,0.0963153723323065,0.054772040837981234,0.5,0.0001898373726507696,0.5
repeat_2_fold_2,ATP6V1H,-0.1152163260495378,0.1330684744341078,0.0665342372170539,-0.1817505632665917,0.0,0.000118648357906731,0.5
repeat_2_fold_2,ATP8B2,0.0,0.0,0.0,0.0,0.0,0.0,0.0
repeat_2_fold_2,AURKA,-0.11375270869516996,0.15067857519711877,0.07533928759855939,-0.18909199629372936,0.0,-6.176058953535901e-05,1.0
repeat_2_fold_2,AURKB,-0.4334391983825423,0.5028528419708862,0.2514264209854431,-0.6848656193679854,0.0,-0.00011480735841806755,1.0
repeat_2_fold_2,AXL,0.04835351593115256,0.3737225022367259,0.18686125111836294,-0.13850773518721038,0.25,-0.0004944821037196068,1.0
repeat_2_fold_2,B9D2,0.0,0.0,0.0,0.0,0.0,7.874160299317645e-05,1.0
repeat_2_fold_2,BCL2A1,0.0,0.0,0.0,0.0,0.0,0.0,0.0
repeat_2_fold_2,BEX3,-0.08024997772304232,0.09331244310761001,0.046656221553805007,-0.12690619927684732,0.0,-5.5369233689817055e-05,0.5
repeat_2_fold_2,BIN1,0.0,0.0,0.0,0.0,0.0,-0.00037538711796539226,0.5
repeat_2_fold_2,BLTP3B,0.0,0.0,0.0,0.0,0.0,0.0,0.0
repeat_2_fold_2,BMP4,0.0,0.0,0.0,0.0,0.0,0.0,0.0
repeat_2_fold_2,BMS1,-0.15128859435620612,0.2591252090967272,0.1295626045483636,-0.2808511989045697,0.0,-0.00035594507372016526,0.5
repeat_2_fold_2,BPHL,0.0,0.0,0.0,0.0,0.0,0.0,0.0
repeat_2_fold_2,BUB1,-0.3110648095043498,0.18927276594365855,0.09463638297182927,-0.4057011924761791,0.0,-0.00018058759858108342,1.0
repeat_2_fold_2,BUD31,-0.10988030425673223,0.16164210898009965,0.08082105449004982,-0.19070135874678207,0.0,8.700879579826015e-05,0.5
repeat_2_fold_2,C1QA,0.0,0.0,0.0,0.0,0.0,0.0,0.0
repeat_2_fold_2,C2CD5,0.0,0.0,0.0,0.0,0.0,0.0,0.0
repeat_2_fold_2,C2orf49,-0.2726402376072201,0.26203145742587813,0.13101572871293907,-0.4036559663201592,0.0,-0.0022857797111972278,1.0
repeat_2_fold_2,C4BPB,0.0,0.0,0.0,0.0,0.0,0.0,0.0
repeat_2_fold_2,CA2,0.047204925895592,0.094409851791184,0.047204925895592,0.0,0.25,-4.6923389745656685e-05,0.5
repeat_2_fold_2,CA6,-0.08866413561526088,0.1023805251298727,0.05119026256493635,-0.13985439818019724,0.0,3.9102824788084245e-05,0.5
repeat_2_fold_2,CACNA2D1,0.0,0.0,0.0,0.0,0.0,0.0,0.0
repeat_2_fold_2,CAPN15,-0.27572652457055646,0.3202809403874686,0.1601404701937343,-0.4358669947642908,0.0,-4.74593431626924e-05,0.5
repeat_2_fold_2,CATSPER2,0.0,0.0,0.0,0.0,0.0,0.0,0.0
repeat_2_fold_2,CATSPERG,-0.17113091624125332,0.24928244872875452,0.12464122436437726,-0.29577214060563056,0.0,-7.909890527096897e-06,0.5
repeat_2_fold_2,CAVIN1,0.0,0.0,0.0,0.0,0.0,0.0,0.0
repeat_2_fold_2,CBS,0.0,0.0,0.0,0.0,0.0,5.474395470331239e-05,0.5
repeat_2_fold_2,CBX1,0.06587722150516839,0.13175444301033679,0.06587722150516839,0.0,0.25,-0.0004442937530609592,1.0
repeat_2_fold_2,CBX6,0.13457011577041555,0.23248476804102566,0.11624238402051283,0.018327731749902723,0.5,0.0002047638980099964,1.0
repeat_2_fold_2,CCKAR,-0.2962842421891878,0.3716895657464227,0.18584478287321135,-0.4821290250623992,0.0,0.00028225494303008025,1.0
repeat_2_fold_2,CCL27,-0.13603607316269262,0.15907656083059338,0.07953828041529669,-0.21557435357798932,0.0,0.0003084857305575006,0.5
repeat_2_fold_2,CCND3,-0.04002116100005537,0.17331400119511417,0.08665700059755709,-0.12667816159761247,0.25,-0.0006154529264334185,1.0
repeat_2_fold_2,CCR1,0.0,0.0,0.0,0.0,0.0,0.0,0.0
repeat_2_fold_2,CCR3,0.03270379048606742,0.13671882366476143,0.06835941183238071,-0.035655621346313296,0.25,0.0004333467931707802,1.0
repeat_2_fold_2,CCZ1,0.0,0.0,0.0,0.0,0.0,0.0,0.0
repeat_2_fold_2,CD14,-0.10221196889431639,0.12725728371095563,0.06362864185547781,-0.1658406107497942,0.0,0.00015819781054229876,0.5
repeat_2_fold_2,CD36,0.0566109835313231,0.3619948461099887,0.18099742305499436,-0.12438643952367126,0.25,-0.00037967474530151146,0.5
repeat_2_fold_2,CD3D,0.31663861819736816,0.39390877579094535,0.19695438789547268,0.11968423030189548,0.5,-0.00018192748212364496,0.5
repeat_2_fold_2,CD44,0.0,0.0,0.0,0.0,0.0,1.5641129915255902e-05,0.5
repeat_2_fold_2,CD59,-0.04433206780763044,0.08866413561526088,0.04433206780763044,-0.08866413561526088,0.0,-0.00034410485813493596,0.5
repeat_2_fold_2,CDC16,0.07557064529243362,0.2406245945913674,0.1203122972956837,-0.044741652003250074,0.25,7.909890527124652e-06,0.5
repeat_2_fold_2,CDC25A,-0.026556052205169323,0.053112104410338645,0.026556052205169323,-0.053112104410338645,0.0,5.5369233689817055e-05,0.5
repeat_2_fold_2,CDC37,0.0,0.0,0.0,0.0,0.0,0.0,0.0
repeat_2_fold_2,CDC42BPA,0.047204925895592,0.094409851791184,0.047204925895592,0.0,0.25,0.00018769355898271,0.5
repeat_2_fold_2,CDH12,0.0,0.0,0.0,0.0,0.0,-7.909890527096897e-06,0.5
repeat_2_fold_2,CDKN1C,0.2666912435577711,0.5333824871155421,0.2666912435577711,0.0,0.25,0.00046141333249916094,0.5
repeat_2_fold_2,CDKN2C,0.1978805841810356,0.2284928170886426,0.1142464085443213,0.0836341756367143,0.5,0.00010957723497612148,1.0
repeat_2_fold_2,CEACAM8,-0.08876167346619468,0.1410724392160438,0.0705362196080219,-0.15929789307421657,0.0,7.909890527096897e-06,0.5
repeat_2_fold_2,CENPE,0.05007778398355711,0.09265310875089487,0.046326554375447436,0.0037512296081096755,0.5,-0.0002346169487283667,0.5
repeat_2_fold_2,CENPS,0.0,0.0,0.0,0.0,0.0,-7.038508461851278e-05,0.5
repeat_2_fold_2,CERK,0.0,0.0,0.0,0.0,0.0,0.0,0.0
repeat_2_fold_2,CERS6,-0.280243020596064,0.32448595744572967,0.16224297872286483,-0.44248599931892885,0.0,-0.00015819781054229876,0.5
repeat_2_fold_2,CFHR2,-0.07268570858152756,0.2343538493436801,0.11717692467184004,-0.1898626332533676,0.25,-0.0006887456696869076,1.0
repeat_2_fold_2,CHD9,0.0,0.0,0.0,0.0,0.0,-1.5819781054249304e-05,0.5
repeat_2_fold_2,CHEK1,-0.082223690106483,0.1051075015762558,0.0525537507881279,-0.1347774408946109,0.0,-0.0001415740993625514,1.0
repeat_2_fold_2,CHRNA5,0.0,0.0,0.0,0.0,0.0,-0.00017987299402508206,0.5
repeat_2_fold_2,CHRNB4,-0.04521253162612915,0.0904250632522583,0.04521253162612915,-0.0904250632522583,0.0,-0.00021356704423208805,0.5
repeat_2_fold_2,CHRNE,0.10118724396107837,0.15233272141267418,0.07616636070633709,0.025020883254741277,0.5,0.0011121681693906649,1.0
repeat_2_fold_2,CHST10,-0.04433206780763044,0.08866413561526088,0.04433206780763044,-0.08866413561526088,0.0,-6.256451966088483e-05,0.5
repeat_2_fold_2,CHST11,-0.29622925505417363,0.3914249573205265,0.19571247866026326,-0.4919417337144369,0.0,0.0003364629443163569,1.0
repeat_2_fold_2,CHTOP,-0.3101178538540825,0.4483173279552224,0.2241586639776112,-0.5342765178316937,0.0,-0.0007751692716572722,0.5
repeat_2_fold_2,CLCN6,0.0,0.0,0.0,0.0,0.0,0.0,0.0
repeat_2_fold_2,CLDN17,0.0,0.0,0.0,0.0,0.0,-0.0003284637282197078,0.5
repeat_2_fold_2,CLDN8,-0.16466062760175149,0.2039655798226438,0.1019827899113219,-0.2666434175130734,0.0,0.00022938682528633736,1.0
repeat_2_fold_2,CLEC10A,0.0,0.0,0.0,0.0,0.0,-0.00013294960427939762,0.5
repeat_2_fold_2,CLEC2B,0.0,0.0,0.0,0.0,0.0,0.0,0.0
repeat_2_fold_2,CLIC2,0.0,0.0,0.0,0.0,0.0,-6.256451966088483e-05,0.5
repeat_2_fold_2,CLIC5,0.0,0.0,0.0,0.0,0.0,0.0,0.0
repeat_2_fold_2,CLPP,0.0,0.0,0.0,0.0,0.0,-0.0003910282478806204,0.5
repeat_2_fold_2,CMKLR1,0.0,0.0,0.0,0.0,0.0,0.0,0.0
repeat_2_fold_2,CMTM6,0.10905089854190742,0.2843185682354296,0.1421592841177148,-0.03310838557580739,0.75,-0.00022697503490973214,1.0
repeat_2_fold_2,CNDP2,0.0,0.0,0.0,0.0,0.0,0.0,0.0
repeat_2_fold_2,CNGA1,0.07238423988534848,0.22132372382837154,0.11066186191418577,-0.03827762202883729,0.25,-0.0002135670442321158,0.5
repeat_2_fold_2,CNIH3,0.0,0.0,0.0,0.0,0.0,0.0,0.0
repeat_2_fold_2,COL14A1,-0.28070644162863445,0.32420657100346023,0.16210328550173012,-0.4428097271303646,0.0,-0.0005398377183728487,1.0
repeat_2_fold_2,COL2A1,0.0,0.0,0.0,0.0,0.0,0.0,0.0
repeat_2_fold_2,COL4A1,0.0,0.0,0.0,0.0,0.0,7.909890527124652e-06,0.5
repeat_2_fold_2,COL4A5,0.06587722150516839,0.13175444301033679,0.06587722150516839,0.0,0.25,-7.105960401598832e-06,1.0
repeat_2_fold_2,COL4A6,0.0,0.0,0.0,0.0,0.0,0.0,0.0
repeat_2_fold_2,COMMD3,0.0,0.0,0.0,0.0,0.0,0.0,0.0
repeat_2_fold_2,COPG1,0.0,0.0,0.0,0.0,0.0,0.0,0.0
repeat_2_fold_2,COX4I1,0.0,0.0,0.0,0.0,0.0,-3.954945263556775e-05,0.5
repeat_2_fold_2,COX5B,0.0,0.0,0.0,0.0,0.0,0.0,0.0
repeat_2_fold_2,CPD,-0.007441573912679189,0.17029089305087533,0.08514544652543767,-0.09258702043811685,0.25,-0.0002926659495032513,0.5
repeat_2_fold_2,CRTC3,-0.03427008853452129,0.06854017706904258,0.03427008853452129,-0.06854017706904258,0.0,1.581978105422155e-05,0.5
repeat_2_fold_2,CRYM,-0.08738418327356356,0.3219166871028874,0.1609583435514437,-0.24834252682500726,0.25,0.001502879200151852,0.5
repeat_2_fold_2,CSAD,0.0,0.0,0.0,0.0,0.0,-3.128225983042854e-05,0.5
repeat_2_fold_2,CSF2,0.0704185012388514,0.241047143026365,0.1205235715131825,-0.0501050702743311,0.25,-0.0004983231032082425,0.5
repeat_2_fold_2,CSGALNACT1,-0.060826140739690615,0.07135668256737439,0.035678341283687194,-0.0965044820233778,0.0,-0.0002689362779219051,0.5
repeat_2_fold_2,CSN3,-0.16219436898783712,0.19633672698190585,0.09816836349095293,-0.26036273247879005,0.0,-0.00015819781054229876,0.5
repeat_2_fold_2,CSNK1A1,-0.21731600835245857,0.2648467960423464,0.1324233980211732,-0.34973940637363177,0.0,3.954945263556775e-05,0.5
repeat_2_fold_2,CSNK2A1,-0.6611670336746336,0.8185590000972566,0.4092795000486283,-1.0704465337232618,0.0,-0.000870087957982657,0.5
repeat_2_fold_2,CTBP1,-0.052185079636792864,0.12367215641858195,0.061836078209290976,-0.11402115784608384,0.25,-6.770531753341746e-05,1.0
repeat_2_fold_2,CTBP2,0.0,0.0,0.0,0.0,0.0,0.0,0.0
repeat_2_fold_2,CTR9,0.0,0.0,0.0,0.0,0.0,-0.0001720524290674541,0.5
repeat_2_fold_2,CTSB,0.0,0.0,0.0,0.0,0.0,8.602621453376869e-05,0.5
repeat_2_fold_2,CTSC,0.0,0.0,0.0,0.0,0.0,0.0,0.0
repeat_2_fold_2,CTSD,0.0,0.0,0.0,0.0,0.0,0.0,0.0
repeat_2_fold_2,CX3CR1,0.10753116933624973,0.19469643547983576,0.09734821773991788,0.010182951596331855,0.5,0.0014356296657182521,1.0
repeat_2_fold_2,CXCL11,0.0,0.0,0.0,0.0,0.0,-1.5641129915228147e-05,0.5
repeat_2_fold_2,CXCR1,0.1373212004968245,0.274642400993649,0.1373212004968245,0.0,0.25,-0.00015819781054229876,0.5
repeat_2_fold_2,CXCR6,0.0,0.0,0.0,0.0,0.0,-0.00011073846737963411,0.5
repeat_2_fold_2,CYB5R3,0.03510717954949705,0.10247659421148635,0.05123829710574317,-0.016131117556246126,0.25,7.909890527124652e-06,0.5
repeat_2_fold_2,CYP26B1,0.0,0.0,0.0,0.0,0.0,0.00012512903932182518,0.5
repeat_2_fold_2,CYP2F1,0.0,0.0,0.0,0.0,0.0,0.0,0.0
repeat_2_fold_2,CYP51A1,0.0,0.0,0.0,0.0,0.0,-0.0003312328208742721,1.0
repeat_2_fold_2,DACT1,0.0,0.0,0.0,0.0,0.0,0.0,0.0
repeat_2_fold_2,DAPK2,0.0,0.0,0.0,0.0,0.0,0.0,0.0
repeat_2_fold_2,DBI,-0.04433206780763044,0.08866413561526088,0.04433206780763044,-0.08866413561526088,0.0,-0.0003050020333468795,0.5
repeat_2_fold_2,DBP,0.0,0.0,0.0,0.0,0.0,0.00032846372821976333,0.5
repeat_2_fold_2,DBT,0.0,0.0,0.0,0.0,0.0,0.0,0.0
repeat_2_fold_2,DCAF11,-0.11689149437125934,0.1349746714824484,0.0674873357412242,-0.18437883011248354,0.0,-0.00011073846737960635,0.5
repeat_2_fold_2,DCAF16,-0.006394237903970534,0.05409654551933009,0.027048272759665044,-0.03344251066363558,0.25,-0.00014237802948804945,0.5
repeat_2_fold_2,DCAF8,0.0,0.0,0.0,0.0,0.0,0.0,0.0
repeat_2_fold_2,DCC,-0.04369882458753338,0.08909429957053036,0.04454714978526518,-0.08824597437279856,0.25,-0.0002346169487283667,0.5
repeat_2_fold_2,DEFB126,0.06587722150516839,0.13175444301033679,0.06587722150516839,0.0,0.25,7.909890527116326e-05,0.5
repeat_2_fold_2,DELE1,-0.342289865275891,0.4785025156493515,0.23925125782467574,-0.5815411231005667,0.25,0.0010567096101313234,1.0
repeat_2_fold_2,DENND3,0.0,0.0,0.0,0.0,0.0,0.0,0.0
repeat_2_fold_2,DGKA,0.0,0.0,0.0,0.0,0.0,1.1612324035403798e-06,1.0
repeat_2_fold_2,DGKZ,-0.022174309250173607,0.07992736192248555,0.039963680961242774,-0.06213799021141638,0.25,-0.0005536923368980595,0.5
repeat_2_fold_2,DHRS9,-0.07788313198234498,0.09121669335820332,0.04560834667910166,-0.12349147866144664,0.0,-0.0003084857305575006,0.5
repeat_2_fold_2,DHX38,0.0,0.0,0.0,0.0,0.0,-7.038508461848503e-05,0.5
repeat_2_fold_2,DHX8,0.04496531102772572,0.08993062205545144,0.04496531102772572,0.0,0.25,-0.0009072748606525627,1.0
repeat_2_fold_2,DIAPH2,0.0,0.0,0.0,0.0,0.0,0.0,0.0
repeat_2_fold_2,DNAJC13,-0.10623898188134895,0.12289808121217814,0.06144904060608907,-0.16768802248743803,0.0,-0.00022938682528633736,0.5
repeat_2_fold_2,DNMT3B,-0.02388100430144746,0.04776200860289492,0.02388100430144746,-0.04776200860289492,0.0,-4.74593431626924e-05,0.5
repeat_2_fold_2,DRD4,-0.06856618606080112,0.08308025565296025,0.041540127826480124,-0.11010631388728123,0.0,0.0002214769347592127,0.5
repeat_2_fold_2,DRG1,0.0,0.0,0.0,0.0,0.0,0.0,0.5
repeat_2_fold_2,DSG2,-0.04433206780763044,0.08866413561526088,0.04433206780763044,-0.08866413561526088,0.0,3.262214337301783e-05,1.0
repeat_2_fold_2,DSPP,0.061499012413325005,0.2617824130706569,0.13089120653532846,-0.06939219412200345,0.25,0.0005299626653167133,0.5
repeat_2_fold_2,DTX2,0.0,0.0,0.0,0.0,0.0,0.0,0.0
repeat_2_fold_2,DTX4,0.0,0.0,0.0,0.0,0.0,0.0,0.0
repeat_2_fold_2,DTYMK,0.014337254023935486,0.028674508047870972,0.014337254023935486,0.0,0.25,-4.74593431626924e-05,0.5
repeat_2_fold_2,DYNC1LI1,0.0,0.0,0.0,0.0,0.0,-3.910282478805649e-05,0.5
repeat_2_fold_2,DYNLL1,-0.07281199059941912,0.11094893989129243,0.05547446994564621,-0.12828646054506532,0.0,0.0004457722025839328,0.5
repeat_2_fold_2,E2F5,0.0,0.0,0.0,0.0,0.0,7.820564957614073e-05,0.5
repeat_2_fold_2,ECHS1,0.0,0.0,0.0,0.0,0.0,0.0,0.0
repeat_2_fold_2,EDC3,0.0,0.0,0.0,0.0,0.0,0.0,0.0
repeat_2_fold_2,EDNRB,0.0,0.0,0.0,0.0,0.0,0.0001797836684556131,1.0
repeat_2_fold_2,EEA1,0.0,0.0,0.0,0.0,0.0,-7.909890527124652e-06,0.5
repeat_2_fold_2,EEF1A2,0.0,0.0,0.0,0.0,0.0,0.0,0.0
repeat_2_fold_2,EFNA3,-0.014239961395892564,0.02847992279178513,0.014239961395892564,-0.02847992279178513,0.0,7.820564957627951e-06,0.5
repeat_2_fold_2,EFNB3,0.0,0.0,0.0,0.0,0.0,0.0,0.0
repeat_2_fold_2,EGFR,0.0968737876252419,0.1937475752504838,0.0968737876252419,0.0,0.25,-0.0003163956210845975,0.5
repeat_2_fold_2,EGLN1,-1.1732505479958046,1.324045543770386,0.662022771885193,-1.8352733198809976,0.0,0.0007115820855732313,1.0
repeat_2_fold_2,EIF2AK2,-0.04433206780763044,0.08866413561526088,0.04433206780763044,-0.08866413561526088,0.0,2.7755575615628914e-17,0.5
repeat_2_fold_2,EIF2B2,0.0,0.0,0.0,0.0,0.0,-3.910282478805649e-05,0.5
repeat_2_fold_2,EIF2S3,0.0,0.0,0.0,0.0,0.0,0.0,0.0
repeat_2_fold_2,EIF3L,0.06275462626008377,0.12550925252016754,0.06275462626008377,0.0,0.25,3.128225983048405e-05,0.5
repeat_2_fold_2,EIF4G2,0.0,0.0,0.0,0.0,0.0,-7.038508461848503e-05,0.5
repeat_2_fold_2,ELF1,0.0,0.0,0.0,0.0,0.0,-7.820564957600196e-06,0.5
repeat_2_fold_2,ELOB,-0.06854017706904258,0.0791433793622327,0.03957168968111635,-0.10811186675015894,0.0,-0.0002689362779219051,0.5
repeat_2_fold_2,ELP5,0.2298648420218452,0.2912574289705243,0.14562871448526216,0.08423612753658305,0.5,0.0001265582484338279,0.5
repeat_2_fold_2,EMID1,0.0,0.0,0.0,0.0,0.0,0.0,0.0
repeat_2_fold_2,EMILIN1,0.0,0.0,0.0,0.0,0.0,0.0,0.0
repeat_2_fold_2,EPB41L2,-0.2392758410551128,0.339724278037482,0.169862139018741,-0.4091379800738538,0.0,-0.000513160302997917,1.0
repeat_2_fold_2,EPHA3,0.0,0.0,0.0,0.0,0.0,-9.49186863253848e-05,0.5
repeat_2_fold_2,EPRS1,0.0,0.0,0.0,0.0,0.0,0.0,0.0
repeat_2_fold_2,ERBIN,0.0,0.0,0.0,0.0,0.0,0.0,0.0
repeat_2_fold_2,ESRRB,-0.02388100430144746,0.04776200860289492,0.02388100430144746,-0.04776200860289492,0.0,-0.0003378921534283874,1.0
repeat_2_fold_2,EXOSC1,0.0,0.0,0.0,0.0,0.0,0.0,0.0
repeat_2_fold_2,EXOSC2,0.0,0.0,0.0,0.0,0.0,0.0,0.0
repeat_2_fold_2,EXOSC8,0.0,0.0,0.0,0.0,0.0,0.0,0.0
repeat_2_fold_2,F2R,0.094409851791184,0.1090151066915855,0.05450755334579275,0.03990229844539125,0.5,2.3461694872856098e-05,0.5
repeat_2_fold_2,F5,0.0,0.0,0.0,0.0,0.0,-3.128225983042854e-05,0.5
repeat_2_fold_2,FABP1,-0.09512250946377954,0.17724078759850836,0.08862039379925418,-0.18374290326303372,0.0,-0.00017880108719101062,1.0
repeat_2_fold_2,FABP3,0.0,0.0,0.0,0.0,0.0,0.0,0.0
repeat_2_fold_2,FADS2,0.0,0.0,0.0,0.0,0.0,-0.0001265582484338279,0.5
repeat_2_fold_2,FAF2,-0.0588456176597596,0.09476140658704589,0.047380703293522945,-0.10622632095328255,0.0,0.0001423780294880772,0.5
repeat_2_fold_2,FANCI,0.0,0.0,0.0,0.0,0.0,0.0,0.0
repeat_2_fold_2,FBXO11,-0.11775292141869542,0.23550584283739087,0.11775292141869544,-0.23550584283739084,0.0,-0.0003875846358286361,0.5
repeat_2_fold_2,FBXO31,-0.0904250632522583,0.10441386922036053,0.052206934610180264,-0.14263199786243858,0.0,5.5011931411802495e-05,1.0
repeat_2_fold_2,FBXW11,0.041718084445120596,0.4456209772965134,0.2228104886482567,-0.1810924042031361,0.5,-0.00010904128155903026,1.0
repeat_2_fold_2,FBXW7,0.11705234835338274,0.4052335875394763,0.20261679376973815,-0.08556444541635541,0.25,-0.0006644308042776659,0.5
repeat_2_fold_2,FCN1,-0.14603584298049377,0.17767140220587477,0.08883570110293738,-0.23487154408343114,0.0,-0.00023729671581343426,0.5
repeat_2_fold_2,FDPS,-0.2535219937353137,0.2928987246578619,0.14644936232893094,-0.3999713560642446,0.0,-0.0006795359807758583,1.0
repeat_2_fold_2,FECH,0.0,0.0,0.0,0.0,0.0,0.0,0.0
repeat_2_fold_2,FER,-0.16323921733131108,0.20620757782268634,0.10310378891134317,-0.2663430062426543,0.0,-0.0005299626653167133,0.5
repeat_2_fold_2,FERMT2,0.0,0.0,0.0,0.0,0.0,0.0,0.0
repeat_2_fold_2,FGF7,-0.04433206780763044,0.08866413561526088,0.04433206780763044,-0.08866413561526088,0.0,-0.00013294960427939762,0.5
repeat_2_fold_2,FLRT2,0.0,0.0,0.0,0.0,0.0,4.74593431626924e-05,0.5
repeat_2_fold_2,FMO1,0.0,0.0,0.0,0.0,0.0,0.0,0.0
repeat_2_fold_2,FMOD,0.0,0.0,0.0,0.0,0.0,0.0,0.0
repeat_2_fold_2,FNBP1,0.04981542070876621,0.30039050736124345,0.15019525368062173,-0.10037983297185551,0.5,0.0003624257551352872,1.0
repeat_2_fold_2,FOLR1,-0.053112104410338645,0.06132857555707306,0.03066428777853653,-0.08377639218887517,0.0,-2.37296715813462e-05,0.5
repeat_2_fold_2,FOXA2,0.20911303713550033,0.1556757045395939,0.07783785226979695,0.1312751848657034,0.75,0.00044188196268443725,1.0
repeat_2_fold_2,FOXO1,0.0,0.0,0.0,0.0,0.0,0.0,0.0
repeat_2_fold_2,FSCN1,-0.05200541839931461,0.16833889703197197,0.08416944851598598,-0.1361748669153006,0.25,0.00045122106232362014,1.0
repeat_2_fold_2,FSHR,0.0,0.0,0.0,0.0,0.0,0.0,0.0
repeat_2_fold_2,FST,0.0,0.0,0.0,0.0,0.0,0.0,0.0
repeat_2_fold_2,FTCD,0.0,0.0,0.0,0.0,0.0,-2.3461694872800587e-05,0.5
repeat_2_fold_2,FUS,-0.04433206780763044,0.08866413561526088,0.04433206780763044,-0.08866413561526088,0.0,-2.3461694872828343e-05,0.5
repeat_2_fold_2,FUT9,0.0,0.0,0.0,0.0,0.0,0.0,0.0
repeat_2_fold_2,FYB1,0.0,0.0,0.0,0.0,0.0,1.5641129915255902e-05,0.5
repeat_2_fold_2,FZD4,0.0,0.0,0.0,0.0,0.0,0.0,0.0
repeat_2_fold_2,FZD5,0.0,0.0,0.0,0.0,0.0,0.0,0.0
repeat_2_fold_2,G3BP1,0.06587722150516839,0.13175444301033679,0.06587722150516839,0.0,0.25,0.0001898373726507696,0.5
repeat_2_fold_2,GABPB1,-0.06662782636490583,0.3329670991775908,0.1664835495887954,-0.23311137595370124,0.25,-0.00012655824843385566,0.5
repeat_2_fold_2,GAPVD1,-0.08350776514802583,0.1898881409894429,0.09494407049472145,-0.17845183564274728,0.25,0.00012655824843385566,0.5
repeat_2_fold_2,GAS2,0.0,0.0,0.0,0.0,0.0,0.0,0.0
repeat_2_fold_2,GBP1,-0.08896768456567195,0.17793536913134386,0.08896768456567193,-0.1779353691313439,0.0,-9.491868632535705e-05,1.0
repeat_2_fold_2,GC,0.0,0.0,0.0,0.0,0.0,-1.564112991520039e-05,0.5
repeat_2_fold_2,GDF5,0.0,0.0,0.0,0.0,0.0,0.0,0.0
repeat_2_fold_2,GDNF,0.0,0.0,0.0,0.0,0.0,-0.00011073846737960635,0.5
repeat_2_fold_2,GFER,0.0,0.0,0.0,0.0,0.0,0.0,0.0
repeat_2_fold_2,GFM1,-0.06690356661216335,0.06807773038152393,0.03403886519076196,-0.10094243180292531,0.0,-0.0001563219735827015,1.0
repeat_2_fold_2,GFRA2,0.0,0.0,0.0,0.0,0.0,0.0,0.0
repeat_2_fold_2,GINS4,0.17826765439027703,0.24183355960966957,0.12091677980483478,0.057350874585442246,0.5,0.0003382494557064297,1.0
repeat_2_fold_2,GJA5,0.0,0.0,0.0,0.0,0.0,0.0,0.0
repeat_2_fold_2,GJA9,0.0,0.0,0.0,0.0,0.0,0.0002189758188131663,0.5
repeat_2_fold_2,GLB1,-0.0814422993709929,0.09404571641197178,0.04702285820598589,-0.1284651575769788,0.0,-0.000355945073720193,0.5
repeat_2_fold_2,GMPR,0.02525699873081777,0.059803746005213744,0.029901873002606872,-0.004644874271789102,0.25,0.00013446813896095255,0.5
repeat_2_fold_2,GNAI3,0.0,0.0,0.0,0.0,0.0,6.256451966094034e-05,0.5
repeat_2_fold_2,GNG12,-0.08866413561526088,0.1023805251298727,0.05119026256493635,-0.13985439818019724,0.0,6.256451966091259e-05,0.5
repeat_2_fold_2,GNG5,0.0,0.0,0.0,0.0,0.0,0.0,0.0
repeat_2_fold_2,GNPDA1,0.0,0.0,0.0,0.0,0.0,4.692338974568444e-05,0.5
repeat_2_fold_2,GOSR1,0.08993062205545144,0.10384293770421077,0.051921468852105385,0.03800915320334605,0.5,-4.6923389745656685e-05,0.5
repeat_2_fold_2,GPC4,0.0,0.0,0.0,0.0,0.0,0.0,0.0
repeat_2_fold_2,GPR32,0.0,0.0,0.0,0.0,0.0,0.0,0.0
repeat_2_fold_2,GRB2,-0.14845820476138627,0.2223398945889526,0.1111699472944763,-0.25962815205586254,0.0,-0.0003875846358286361,0.5
repeat_2_fold_2,GRM1,0.0,0.0,0.0,0.0,0.0,-0.00025807864360119503,0.5
repeat_2_fold_2,GRPR,-0.5087447053549816,0.9031474928437206,0.4515737464218603,-0.9603184517768419,0.0,0.00030500203334690723,0.5
repeat_2_fold_2,GSPT1,0.0,0.0,0.0,0.0,0.0,0.0,0.0
repeat_2_fold_2,GSS,0.0,0.0,0.0,0.0,0.0,0.0,0.0
repeat_2_fold_2,GSTA2,-0.014239961395892564,0.02847992279178513,0.014239961395892564,-0.02847992279178513,0.0,-2.3461694872828343e-05,0.5
repeat_2_fold_2,GTF2H3,0.0,0.0,0.0,0.0,0.0,0.0,0.0
repeat_2_fold_2,GUCY1A1,0.021515623016085783,0.12788129920915361,0.06394064960457681,-0.042425026588491024,0.25,-0.0002520445900336121,1.0
repeat_2_fold_2,GYPA,0.0,0.0,0.0,0.0,0.0,-0.00031282259830447967,0.5
repeat_2_fold_2,GZMB,-0.08866413561526088,0.1023805251298727,0.05119026256493635,-0.13985439818019724,0.0,0.00031380517956902665,1.0
repeat_2_fold_2,H2AC14,-0.4331414536818219,0.8318185444363756,0.4159092722181878,-0.8490507259000097,0.0,0.0004379516376263326,0.5
repeat_2_fold_2,H2AC25,0.0,0.0,0.0,0.0,0.0,-3.16395621084431e-05,0.5
repeat_2_fold_2,H2AC4,0.0,0.0,0.0,0.0,0.0,0.0,0.0
repeat_2_fold_2,H2AC6,0.0,0.0,0.0,0.0,0.0,-2.3461694872828343e-05,0.5
repeat_2_fold_2,H2AZ1,-0.09573370843627593,0.6148407574907586,0.3074203787453793,-0.40315408718165524,0.25,0.000612773159348351,1.0
repeat_2_fold_2,H2BC12L,-0.04521253162612915,0.0904250632522583,0.04521253162612915,-0.0904250632522583,0.0,-0.0001423780294880772,0.5
repeat_2_fold_2,H2BC21,-0.06854017706904258,0.0791433793622327,0.03957168968111635,-0.10811186675015894,0.0,0.00031639562108462527,0.5
repeat_2_fold_2,H2BC3,-0.08500179939080255,0.1700035987816051,0.08500179939080255,-0.1700035987816051,0.0,-0.00020521052585745214,1.0
repeat_2_fold_2,H2BC5,0.0,0.0,0.0,0.0,0.0,2.7755575615628914e-17,0.5
repeat_2_fold_2,H2BC6,0.0,0.0,0.0,0.0,0.0,0.0,0.0
repeat_2_fold_2,H2BC7,0.0,0.0,0.0,0.0,0.0,-3.128225983042854e-05,0.5
repeat_2_fold_2,H2BC9,-0.014239961395892564,0.02847992279178513,0.014239961395892564,-0.02847992279178513,0.0,0.0,0.5
repeat_2_fold_2,H3-3B,-0.017535327425365566,0.1225225268414145,0.06126126342070725,-0.07879659084607282,0.25,-8.700879579826015e-05,0.5
repeat_2_fold_2,H3C1,-0.04433206780763044,0.08866413561526088,0.04433206780763044,-0.08866413561526088,0.0,0.0003910282478806204,0.5
repeat_2_fold_2,H3C3,0.0,0.0,0.0,0.0,0.0,0.0,0.0
repeat_2_fold_2,H4C6,0.0,0.0,0.0,0.0,0.0,0.0,0.0
repeat_2_fold_2,HACD1,0.0,0.0,0.0,0.0,0.0,0.0,0.0
repeat_2_fold_2,HACD2,-0.14385778243726044,0.21782580460515993,0.10891290230257997,-0.25277068473984043,0.0,-0.0001423780294880772,0.5
repeat_2_fold_2,HCRTR2,0.0,0.0,0.0,0.0,0.0,0.0,0.0
repeat_2_fold_2,HDAC3,-0.017058613793679456,0.03411722758735891,0.017058613793679456,-0.03411722758735891,0.0,-0.0008759032752525819,0.5
repeat_2_fold_2,HDAC7,0.004899580764138989,0.04373333906166713,0.021866669530833566,-0.016967088766694578,0.25,-9.49186863253848e-05,0.5
repeat_2_fold_2,HDC,0.0,0.0,0.0,0.0,0.0,0.0,0.0
repeat_2_fold_2,HEPH,0.12815875975983992,0.3095360143264958,0.1547680071632479,-0.026609247403407976,0.25,-0.00022742166275727116,1.0
repeat_2_fold_2,HEXA,0.0,0.0,0.0,0.0,0.0,0.0,0.0
repeat_2_fold_2,HGFAC,0.0,0.0,0.0,0.0,0.0,0.0,0.0
repeat_2_fold_2,HGSNAT,0.0,0.0,0.0,0.0,0.0,0.0,0.0
repeat_2_fold_2,HK2,0.0,0.0,0.0,0.0,0.0,0.0,0.0
repeat_2_fold_2,HLA-A,0.0,0.0,0.0,0.0,0.0,5.474395470331239e-05,0.5
repeat_2_fold_2,HLA-B,0.0,0.0,0.0,0.0,0.0,0.0,0.0
repeat_2_fold_2,HLA-DMA,0.08993062205545144,0.10384293770421077,0.051921468852105385,0.03800915320334605,0.5,0.0005630806769481023,0.5
repeat_2_fold_2,HLA-DQB1,-0.01444798282909332,0.07236797308844581,0.036183986544222904,-0.050631969373316224,0.25,0.00046896592074827104,1.0
repeat_2_fold_2,HLA-DRB5,0.0,0.0,0.0,0.0,0.0,0.0,0.0
repeat_2_fold_2,HMOX1,-0.028785236853028806,0.057570473706057605,0.028785236853028803,-0.05757047370605761,0.0,-1.581978105422155e-05,0.5
repeat_2_fold_2,HNRNPL,0.0,0.0,0.0,0.0,0.0,0.0,0.0
repeat_2_fold_2,HOMER1,0.0,0.0,0.0,0.0,0.0,0.0006341803661226719,1.0
repeat_2_fold_2,HPRT1,0.11344019619537704,0.22688039239075408,0.11344019619537704,0.0,0.25,-0.00013446813896095255,0.5
repeat_2_fold_2,HRC,0.0,0.0,0.0,0.0,0.0,0.0,0.0
repeat_2_fold_2,HS3ST3B1,-0.05588287722298624,0.11176575444597248,0.05588287722298624,-0.11176575444597248,0.0,-0.00020565715370499116,0.5
repeat_2_fold_2,HS6ST1,0.0,0.0,0.0,0.0,0.0,0.0,0.0
repeat_2_fold_2,HSD17B7,0.0,0.0,0.0,0.0,0.0,0.00011730847436419722,0.5
repeat_2_fold_2,HSPA2,0.023533633019887645,0.10745626504755232,0.05372813252377616,-0.030194499503888514,0.25,7.775902172862947e-05,1.0
repeat_2_fold_2,HSPA4L,-0.20009753673075714,0.29556488871645115,0.14778244435822557,-0.3478799810889827,0.0,-0.0003875846358286361,0.5
repeat_2_fold_2,HSPB8,0.0,0.0,0.0,0.0,0.0,-0.000336284293177308,0.5
repeat_2_fold_2,HSPD1,-0.057938785983431274,0.08362612941922076,0.04181306470961038,-0.09975185069304165,0.0,5.474395470331239e-05,0.5
repeat_2_fold_2,HTR1B,0.005745716175930227,0.006634581561721007,0.0033172907808605035,0.002428425395069723,0.5,-5.474395470325688e-05,0.5
repeat_2_fold_2,HTR4,0.0,0.0,0.0,0.0,0.0,0.0,0.0
repeat_2_fold_2,HTR7,0.0,0.0,0.0,0.0,0.0,0.0,0.0
repeat_2_fold_2,HTRA1,-0.13303936170010466,0.38208266694973014,0.19104133347486507,-0.32408069517496974,0.25,0.00030057584003037596,0.5
repeat_2_fold_2,ID1,0.06366481237903443,0.15764370857805693,0.07882185428902846,-0.015157041909994035,0.5,0.0010744052281451144,1.0
repeat_2_fold_2,IFI27,0.0,0.0,0.0,0.0,0.0,0.0,0.0
repeat_2_fold_2,IFI44L,0.04496531102772572,0.08993062205545144,0.04496531102772572,0.0,0.25,0.00014859073419465352,0.5
repeat_2_fold_2,IFIT3,0.0,0.0,0.0,0.0,0.0,-8.602621453374093e-05,0.5
repeat_2_fold_2,IFNAR1,0.0,0.0,0.0,0.0,0.0,0.0,0.0
repeat_2_fold_2,IFNAR2,0.15175202560945422,0.1809472905856501,0.09047364529282505,0.061278380316629175,0.5,-0.0007435297095488291,0.5
repeat_2_fold_2,IFT20,-0.33291561843793005,0.5669201152427065,0.28346005762135323,-0.6163756760592833,0.0,-0.00015819781054229876,0.5
repeat_2_fold_2,IFT70A,-0.006038868007626874,0.012077736015253748,0.006038868007626874,-0.012077736015253748,0.0,-0.0001346467900999182,1.0
repeat_2_fold_2,IGF2,0.0,0.0,0.0,0.0,0.0,0.0,0.0
repeat_2_fold_2,IGLC2,0.0,0.0,0.0,0.0,0.0,7.820564957627951e-06,0.5
repeat_2_fold_2,IL12RB2,0.0,0.0,0.0,0.0,0.0,0.00010966656054559043,1.0
repeat_2_fold_2,IL16,-0.23977896644385588,0.08193216057416892,0.04096608028708446,-0.28074504673094036,0.0,-3.029967856588156e-05,1.0
repeat_2_fold_2,IL17RA,0.0,0.0,0.0,0.0,0.0,0.0,0.0
repeat_2_fold_2,IL32,0.04044741287157905,0.0808948257431581,0.04044741287157905,0.0,0.25,3.16395621084431e-05,0.5
repeat_2_fold_2,IL7R,0.1205357614590401,0.3239207906884848,0.1619603953442424,-0.04142463388520229,0.25,-0.00032707460426628643,1.0
repeat_2_fold_2,IMPA1,-0.04433206780763044,0.08866413561526088,0.04433206780763044,-0.08866413561526088,0.0,-4.6923389745656685e-05,0.5
repeat_2_fold_2,INCENP,0.04496531102772572,0.08993062205545144,0.04496531102772572,0.0,0.25,-0.00011730847436416947,0.5
repeat_2_fold_2,INHBE,0.05883082778205306,0.07689565492342534,0.03844782746171267,0.02038300032034039,0.5,0.00024520660634058666,0.5
repeat_2_fold_2,INPP1,0.0,0.0,0.0,0.0,0.0,0.0,0.0
repeat_2_fold_2,INPP5F,-0.17166324077891026,0.16696113540148683,0.08348056770074341,-0.2551438084796537,0.0,0.00011802307892019859,1.0
repeat_2_fold_2,INSR,0.0,0.0,0.0,0.0,0.0,0.0,0.0
repeat_2_fold_2,INTS3,-0.11122416628118437,0.15547026561945093,0.07773513280972547,-0.18895929909090983,0.0,-0.00018733625670469545,1.0
repeat_2_fold_2,INTS6,0.0,0.0,0.0,0.0,0.0,0.0,0.0
repeat_2_fold_2,IP6K2,0.0,0.0,0.0,0.0,0.0,0.0,0.0
repeat_2_fold_2,IQGAP2,0.15032848949233824,0.20733458330700316,0.10366729165350158,0.046661197838836654,0.5,3.954945263556775e-05,0.5
repeat_2_fold_2,IRF2,0.0,0.0,0.0,0.0,0.0,-8.602621453371317e-05,0.5
repeat_2_fold_2,ISG15,0.0,0.0,0.0,0.0,0.0,-8.602621453371317e-05,0.5
repeat_2_fold_2,ITGA3,0.0,0.0,0.0,0.0,0.0,0.0,0.0
repeat_2_fold_2,ITGB2,0.0,0.0,0.0,0.0,0.0,0.0,0.0
repeat_2_fold_2,ITGBL1,0.0,0.0,0.0,0.0,0.0,3.1282259830456294e-05,0.5
repeat_2_fold_2,JAM2,0.0,0.0,0.0,0.0,0.0,-6.256451966088483e-05,0.5
repeat_2_fold_2,JMJD4,-0.03427008853452129,0.06854017706904258,0.03427008853452129,-0.06854017706904258,0.0,-9.49186863253848e-05,0.5
repeat_2_fold_2,JUNB,0.0,0.0,0.0,0.0,0.0,0.0,0.0
repeat_2_fold_2,KAT8,-0.2633549262989625,0.3752216253793084,0.1876108126896542,-0.4509657389886167,0.0,-0.0002371180646744131,1.0
repeat_2_fold_2,KCNA3,0.13019319082495606,0.15731686938337186,0.07865843469168593,0.05153475613327013,0.5,0.0023113943749904498,1.0
repeat_2_fold_2,KCND2,0.08993062205545144,0.10384293770421077,0.051921468852105385,0.03800915320334605,0.5,6.256451966091259e-05,0.5
repeat_2_fold_2,KCNE1,0.0,0.0,0.0,0.0,0.0,-0.00022938682528633736,0.5
repeat_2_fold_2,KCNE2,0.0,0.0,0.0,0.0,0.0,-0.00011730847436416947,0.5
repeat_2_fold_2,KCNJ6,-0.19943628254179302,0.23561575458084466,0.11780787729042233,-0.3172441598322153,0.0,0.00014077016923705332,1.0
repeat_2_fold_2,KCNN3,-0.07726617322227014,0.2011498137228469,0.10057490686142345,-0.1778410800836936,0.25,-0.0006011516800607519,0.5
repeat_2_fold_2,KCNQ3,0.0,0.0,0.0,0.0,0.0,0.0,0.0
repeat_2_fold_2,KCTD7,0.0,0.0,0.0,0.0,0.0,0.0,0.5
repeat_2_fold_2,KDM3A,0.10877494264276599,0.23515379810324147,0.11757689905162073,-0.008801956408854741,0.25,-7.101036360498969e-05,1.0
repeat_2_fold_2,KDM6A,-0.01806632834025379,0.24609243756454927,0.12304621878227463,-0.1411125471225284,0.5,0.00024990077636560803,1.0
repeat_2_fold_2,KDM8,0.047204925895592,0.094409851791184,0.047204925895592,0.0,0.25,-5.4743954703284636e-05,0.5
repeat_2_fold_2,KIF23,-0.1920548859412019,0.23032384934376743,0.11516192467188371,-0.3072168106130856,0.0,0.00024520660634058666,0.5
repeat_2_fold_2,KIF2C,0.0,0.0,0.0,0.0,0.0,0.0,0.0
repeat_2_fold_2,KIF3C,0.1118216084997492,0.1331600936753657,0.06658004683768284,0.04524156166206636,0.5,9.49186863253848e-05,0.5
repeat_2_fold_2,KIRREL1,-0.2854701587737658,0.35017740237302786,0.17508870118651393,-0.46055885996027973,0.0,0.0001750894984306195,1.0
repeat_2_fold_2,KMT5A,-0.014239961395892564,0.02847992279178513,0.014239961395892564,-0.02847992279178513,0.0,4.6923389745712196e-05,0.5
repeat_2_fold_2,KNL1,-0.028785236853028806,0.057570473706057605,0.028785236853028803,-0.05757047370605761,0.0,-2.37296715813462e-05,0.5
repeat_2_fold_2,KRT15,0.0,0.0,0.0,0.0,0.0,0.00022679638377079425,0.5
repeat_2_fold_2,KRT75,-0.04433206780763044,0.08866413561526088,0.04433206780763044,-0.08866413561526088,0.0,-0.0005865423718209306,0.5
repeat_2_fold_2,KRT84,-0.08866413561526088,0.1023805251298727,0.05119026256493635,-0.13985439818019724,0.0,0.00023461694872839445,0.5
repeat_2_fold_2,KRT9,0.0,0.0,0.0,0.0,0.0,0.00030500203334690723,0.5
repeat_2_fold_2,KRTAP9-9,0.0,0.0,0.0,0.0,0.0,0.0,0.0
repeat_2_fold_2,KTN1,0.0,0.0,0.0,0.0,0.0,0.0,0.0
repeat_2_fold_2,LAMA2,0.0,0.0,0.0,0.0,0.0,0.00010166734444896908,0.5
repeat_2_fold_2,LAMA3,-0.2117757480055289,0.319197286559288,0.159598643279644,-0.3713743912851729,0.0,0.0006385573190282878,1.0
repeat_2_fold_2,LAMTOR2,-0.07066237200540293,0.2084527016748458,0.1042263508374229,-0.17488872284282583,0.25,-2.37296715813462e-05,0.5
repeat_2_fold_2,LDHC,0.0006332432200970572,0.0012664864401941145,0.0006332432200970572,0.0,0.25,-3.128225983042854e-05,0.5
repeat_2_fold_2,LDLRAP1,0.016485388235937037,0.07585535724371884,0.03792767862185942,-0.02144229038592238,0.25,0.00037538711796542,0.5
repeat_2_fold_2,LEF1,0.0,0.0,0.0,0.0,0.0,0.0,0.0
repeat_2_fold_2,LEP,0.0,0.0,0.0,0.0,0.0,-7.038508461848503e-05,0.5
repeat_2_fold_2,LETM1,0.0,0.0,0.0,0.0,0.0,0.0,0.0
repeat_2_fold_2,LHX1,-0.014700371454454242,0.02940074290890848,0.01470037145445424,-0.029400742908908484,0.0,0.0002135670442321158,0.5
repeat_2_fold_2,LIG1,0.0,0.0,0.0,0.0,0.0,0.0,0.0
repeat_2_fold_2,LIN7A,0.0012664864401941145,0.0014624125743421658,0.0007312062871710829,0.0005352801530230316,0.5,7.038508461854054e-05,0.5
repeat_2_fold_2,LIPA,0.0,0.0,0.0,0.0,0.0,0.0,0.0
repeat_2_fold_2,LIPC,-0.06329371524304861,0.12658743048609722,0.06329371524304861,-0.12658743048609722,0.0,-2.37296715813462e-05,0.5
repeat_2_fold_2,LOX,0.0,0.0,0.0,0.0,0.0,7.11890147440386e-05,0.5
repeat_2_fold_2,LSM4,0.0,0.0,0.0,0.0,0.0,0.0,0.0
repeat_2_fold_2,LSM6,0.0,0.0,0.0,0.0,0.0,0.0,0.0
repeat_2_fold_2,LSM7,0.0,0.0,0.0,0.0,0.0,7.820564957627951e-06,0.5
repeat_2_fold_2,LTBP3,-0.054574453146083,0.12612468697685011,0.06306234348842506,-0.11763679663450806,0.25,6.327912421691395e-05,0.5
repeat_2_fold_2,LTBP4,0.0,0.0,0.0,0.0,0.0,0.0,0.0
repeat_2_fold_2,LYN,0.0,0.0,0.0,0.0,0.0,0.0,0.0
repeat_2_fold_2,MAGI2,0.0,0.0,0.0,0.0,0.0,0.0,0.0
repeat_2_fold_2,MAN2A1,0.0,0.0,0.0,0.0,0.0,0.0,0.0
repeat_2_fold_2,MAP2K6,0.0,0.0,0.0,0.0,0.0,0.0,0.0
repeat_2_fold_2,MAP2K7,0.04649913293534702,0.10070127724513783,0.050350638622568916,-0.0038515056872218956,0.25,-0.0011163664711572319,1.0
repeat_2_fold_2,MAP3K3,-0.11459022789161999,0.258274492541716,0.129137246270858,-0.243727474162478,0.25,0.001996477203428798,1.0
repeat_2_fold_2,MAP4K4,-0.014239961395892564,0.02847992279178513,0.014239961395892564,-0.02847992279178513,0.0,-7.820564957611298e-05,0.5
repeat_2_fold_2,MAPKAPK3,0.22999440549677175,0.23117904976223694,0.11558952488111847,0.11440488061565328,0.75,-0.0003067885447369245,1.0
repeat_2_fold_2,MATN4,0.0,0.0,0.0,0.0,0.0,0.0,0.0
repeat_2_fold_2,MCAT,0.0,0.0,0.0,0.0,0.0,0.0,0.0
repeat_2_fold_2,MCCC1,0.04496531102772572,0.08993062205545144,0.04496531102772572,0.0,0.25,0.0005787218068633304,0.5
repeat_2_fold_2,MCFD2,0.0,0.0,0.0,0.0,0.0,6.256451966091259e-05,0.5
repeat_2_fold_2,MCM10,-0.08866413561526088,0.1023805251298727,0.05119026256493635,-0.13985439818019724,0.0,0.00020333468889793815,0.5
repeat_2_fold_2,MCM6,0.18690136162362236,0.22726288476659967,0.11363144238329984,0.07326991924032253,0.5,-2.3818997150815147e-05,1.0
repeat_2_fold_2,MCRS1,-0.19120888783772116,0.22139139586834256,0.11069569793417128,-0.30190458577189244,0.0,-0.0011112749136956146,1.0
repeat_2_fold_2,MED23,-0.42385578284614667,0.497477808513358,0.248738904256679,-0.6725946871028257,0.0,9.49186863253848e-05,0.5
repeat_2_fold_2,MELTF,0.0,0.0,0.0,0.0,0.0,6.256451966091259e-05,0.5
repeat_2_fold_2,MERTK,-0.20725839175759297,0.27473438064593453,0.13736719032296726,-0.34462558208056027,0.0,-0.00015055589672369196,1.0
repeat_2_fold_2,MFAP4,-0.10186089787481478,0.3038508182668536,0.1519254091334268,-0.25378630700824156,0.25,0.0004569470540240206,1.0
repeat_2_fold_2,MGAT2,0.0,0.0,0.0,0.0,0.0,0.0,0.0
repeat_2_fold_2,MICB,0.0,0.0,0.0,0.0,0.0,0.0,0.0
repeat_2_fold_2,MIEF1,0.0,0.0,0.0,0.0,0.0,-2.3461694872800587e-05,0.5
repeat_2_fold_2,MIF,0.0,0.0,0.0,0.0,0.0,0.0,0.0
repeat_2_fold_2,MIS18A,0.0,0.0,0.0,0.0,0.0,0.0,0.0
repeat_2_fold_2,MKNK1,0.0,0.0,0.0,0.0,0.0,0.0,0.0
repeat_2_fold_2,MKS1,0.0,0.0,0.0,0.0,0.0,0.0,0.0
repeat_2_fold_2,MMADHC,-0.7176305095176243,1.2420486525637013,0.6210243262818507,-1.338654835799475,0.0,0.0006011516800607242,0.5
repeat_2_fold_2,MOCS2,0.0,0.0,0.0,0.0,0.0,0.0,0.0
repeat_2_fold_2,MORC2,-0.2400177721157295,0.4332271105544248,0.2166135552772124,-0.4566313273929419,0.0,-0.00023729671581343426,0.5
repeat_2_fold_2,MPC2,0.0,0.0,0.0,0.0,0.0,0.0,0.0
repeat_2_fold_2,MRPS10,0.048403936059035146,0.10788236831313021,0.053941184156565104,-0.005537248097529958,0.5,-0.000746883996031289,1.0
repeat_2_fold_2,MRPS15,0.0,0.0,0.0,0.0,0.0,0.0,0.0
repeat_2_fold_2,MRPS34,0.0,0.0,0.0,0.0,0.0,0.00017205242906748186,0.5
repeat_2_fold_2,MRTFA,-0.02366737792859297,0.10960110581907889,0.054800552909539446,-0.07846793083813242,0.25,6.292182193889939e-05,1.0
repeat_2_fold_2,MSL1,-0.09468669099339344,0.1107082363497079,0.05535411817485395,-0.15004080916824739,0.0,-0.0003401252926659437,0.5
repeat_2_fold_2,MT4,-0.04433206780763044,0.08866413561526088,0.04433206780763044,-0.08866413561526088,0.0,0.00011730847436419722,0.5
repeat_2_fold_2,MTAP,-0.025909509355178884,0.10675572683537089,0.053377863417685446,-0.07928737277286432,0.25,-0.0006329298081495793,1.0
repeat_2_fold_2,MTHFD2,-0.029045787126891653,0.1163018283433535,0.05815091417167675,-0.08719670129856841,0.25,4.74593431626924e-05,0.5
repeat_2_fold_2,MTMR2,0.0,0.0,0.0,0.0,0.0,0.0,0.0
repeat_2_fold_2,MYH10,0.04044741287157905,0.0808948257431581,0.04044741287157905,0.0,0.25,6.336844978646616e-05,1.0
repeat_2_fold_2,MYH14,0.0,0.0,0.0,0.0,0.0,0.0,0.5
repeat_2_fold_2,MYL7,-0.1357646619435684,0.17328354207190722,0.08664177103595361,-0.222406432979522,0.0,0.0004113143074099823,0.5
repeat_2_fold_2,MYLIP,0.0,0.0,0.0,0.0,0.0,0.0,0.0
repeat_2_fold_2,NAB1,-0.15523046967182275,0.20021191541638034,0.10010595770819017,-0.25533642738001294,0.0,0.0008418920079261705,1.0
repeat_2_fold_2,NANOG,-1.0187558971501502,1.176357982916316,0.588178991458158,-1.6069348886083081,0.0,-3.9102824788028734e-05,0.5
repeat_2_fold_2,NCAPG2,0.1112692911242732,0.1305700738985846,0.0652850369492923,0.04598425417498089,0.5,1.786511390211576e-07,1.0
repeat_2_fold_2,NCKAP1,-0.2135307567332898,0.3448710254872744,0.1724355127436372,-0.385966269476927,0.0,7.909890527116326e-05,0.5
repeat_2_fold_2,NCL,0.0,0.0,0.0,0.0,0.0,0.0,0.0
repeat_2_fold_2,NCOR1,0.07079969507772432,0.0850388972097863,0.04251944860489315,0.028280246472831172,0.5,0.00011721914879470052,1.0
repeat_2_fold_2,NCR3,0.0,0.0,0.0,0.0,0.0,0.0,0.0
repeat_2_fold_2,NCSTN,0.0,0.0,0.0,0.0,0.0,7.820564957627951e-06,0.5
repeat_2_fold_2,NDUFS6,0.042568474550829905,0.08513694910165981,0.042568474550829905,0.0,0.25,-6.327912421691395e-05,0.5
repeat_2_fold_2,NDUFV1,0.10995955215567221,0.21991910431134443,0.10995955215567221,0.0,0.25,0.00046141333249916094,0.5
repeat_2_fold_2,NDUFV2,0.0,0.0,0.0,0.0,0.0,0.0,0.0
repeat_2_fold_2,NELFB,0.0,0.0,0.0,0.0,0.0,-4.6834064176159984e-05,1.0
repeat_2_fold_2,NEURL1,0.0,0.0,0.0,0.0,0.0,0.0,0.0
repeat_2_fold_2,NFS1,-0.26530042978650314,0.3103707360942503,0.15518536804712516,-0.42048579783362827,0.0,-0.00042713408846420386,0.5
repeat_2_fold_2,NFU1,-0.013309884371647485,0.18561881344809564,0.09280940672404782,-0.1061192910956953,0.25,-0.0004895199569860675,1.0
repeat_2_fold_2,NGLY1,0.0,0.0,0.0,0.0,0.0,0.0,0.0
repeat_2_fold_2,NHERF4,0.0,0.0,0.0,0.0,0.0,-7.820564957600196e-06,0.5
repeat_2_fold_2,NIPA2,0.23491493423563803,0.36776879903502163,0.18388439951751082,0.05103053471812721,0.5,0.0003875846358286916,1.0
repeat_2_fold_2,NKX2-5,-0.3108233218831984,0.1761110981202856,0.0880555490601428,-0.3988788709433412,0.0,7.195285971095533e-06,1.0
repeat_2_fold_2,NLGN4Y,-0.41944732651962546,0.9625437470325309,0.48127187351626544,-0.9007192000358909,0.25,0.0014155222573278836,0.5
repeat_2_fold_2,NMU,0.0,0.0,0.0,0.0,0.0,0.0,0.0
repeat_2_fold_2,NOX4,0.0,0.0,0.0,0.0,0.0,0.0001798729940251098,0.5
repeat_2_fold_2,NOX5,0.08993062205545144,0.10384293770421077,0.051921468852105385,0.03800915320334605,0.5,-0.00010948790940656927,0.5
repeat_2_fold_2,NPR2,0.020167296486008013,0.2866118675223684,0.1433059337611842,-0.12313863727517618,0.5,0.0007724895045722324,1.0
repeat_2_fold_2,NR2F6,0.0,0.0,0.0,0.0,0.0,0.0,0.0
repeat_2_fold_2,NRG2,0.0929896584824057,0.1628860159648306,0.0814430079824153,0.011546650499990402,0.5,0.0006802505853318874,0.5
repeat_2_fold_2,NRXN3,0.061542179919527484,0.08905434758448165,0.044527173792240825,0.01701500612728666,0.5,5.5458559259313756e-05,1.0
repeat_2_fold_2,NSD2,0.0,0.0,0.0,0.0,0.0,0.0,0.0
repeat_2_fold_2,NT5E,0.0,0.0,0.0,0.0,0.0,0.0,0.0
repeat_2_fold_2,NUCB1,-0.10033478787360828,0.21229542438947785,0.10614771219473892,-0.2064825000683472,0.25,-1.3765292955630892e-05,1.0
repeat_2_fold_2,NUDT7,-0.34593883362112265,0.43185520875185407,0.21592760437592703,-0.5618664379970497,0.0,-0.000118648357906731,0.5
repeat_2_fold_2,NUMA1,0.0,0.0,0.0,0.0,0.0,0.0,0.0
repeat_2_fold_2,NUP107,0.0,0.0,0.0,0.0,0.0,-0.0001344681389609803,0.5
repeat_2_fold_2,NUP93,0.0,0.0,0.0,0.0,0.0,0.0,0.0
repeat_2_fold_2,ODF2,-0.09161174164097474,0.116482285447434,0.058241142723717,-0.14985288436469174,0.0,-0.000118648357906731,0.5
repeat_2_fold_2,OGN,0.0,0.0,0.0,0.0,0.0,0.00032846372821976333,0.5
repeat_2_fold_2,OR10H3,0.0,0.0,0.0,0.0,0.0,0.0,0.0
repeat_2_fold_2,OR12D2,0.0,0.0,0.0,0.0,0.0,0.0,0.0
repeat_2_fold_2,OR2B2,0.0,0.0,0.0,0.0,0.0,0.0,0.0
repeat_2_fold_2,OR2F2,-0.16933622815201943,0.1955326338142486,0.0977663169071243,-0.2671025450591437,0.0,-4.790597101020366e-05,1.0
repeat_2_fold_2,OR3A1,0.0,0.0,0.0,0.0,0.0,0.0,0.0
repeat_2_fold_2,OR52A1,0.0,0.0,0.0,0.0,0.0,0.0,0.0
repeat_2_fold_2,OR7E24,0.0,0.0,0.0,0.0,0.0,0.0,0.0
repeat_2_fold_2,OSMR,0.048514664864191204,0.13764691914950336,0.06882345957475168,-0.020308794710560477,0.25,-3.910282478805649e-05,0.5
repeat_2_fold_2,OTOF,0.0,0.0,0.0,0.0,0.0,7.820564957627951e-06,0.5
repeat_2_fold_2,OTUB2,0.0,0.0,0.0,0.0,0.0,8.602621453374093e-05,0.5
repeat_2_fold_2,OVGP1,0.0,0.0,0.0,0.0,0.0,0.0,0.0
repeat_2_fold_2,P2RY6,0.04496531102772572,0.08993062205545144,0.04496531102772572,0.0,0.25,-0.00033628429317733577,0.5
repeat_2_fold_2,PAIP1,0.13175444301033679,0.1521369262778943,0.07606846313894715,0.05568597987138964,0.5,-8.700879579828791e-05,0.5
repeat_2_fold_2,PARD6A,0.04851466486418943,0.09702932972837885,0.04851466486418943,0.0,0.25,-5.4743954703284636e-05,0.5
repeat_2_fold_2,PARK7,0.0,0.0,0.0,0.0,0.0,-0.0001955141239403102,0.5
repeat_2_fold_2,PARP2,0.0,0.0,0.0,0.0,0.0,0.0,0.0
repeat_2_fold_2,PAX2,0.0,0.0,0.0,0.0,0.0,0.0,0.0
repeat_2_fold_2,PDE10A,-0.06862057208616612,0.0831369533756098,0.0415684766878049,-0.11018904877397102,0.0,0.00042713408846420386,0.5
repeat_2_fold_2,PDE1C,0.0,0.0,0.0,0.0,0.0,0.0,0.0
repeat_2_fold_2,PDE3B,0.0,0.0,0.0,0.0,0.0,0.0,0.0
repeat_2_fold_2,PDHA1,0.1640292068421978,0.18940461345060738,0.09470230672530369,0.0693269001168941,0.5,9.49186863253848e-05,0.5
repeat_2_fold_2,PDIA3,-0.028785236853028806,0.057570473706057605,0.028785236853028803,-0.05757047370605761,0.0,-2.37296715813462e-05,0.5
repeat_2_fold_2,PDP1,0.027566475395609302,0.03183102398052845,0.015915511990264225,0.011650963405345077,0.5,-0.00018192748212364496,0.5
repeat_2_fold_2,PDYN,0.0006332432200970572,0.0012664864401941145,0.0006332432200970572,0.0,0.25,4.6923389745712196e-05,0.5
repeat_2_fold_2,PENK,0.0,0.0,0.0,0.0,0.0,0.0,0.0
repeat_2_fold_2,PEX11A,0.03637119679638445,0.08099605019493157,0.040498025097465785,-0.0041268283010813325,0.25,0.00017401759159654806,0.5
repeat_2_fold_2,PFAS,0.08520712732410551,0.24487950440602538,0.12243975220301269,-0.037232624878907175,0.25,-3.954945263556775e-05,0.5
repeat_2_fold_2,PFKP,-0.2747743562455405,0.31896682892085815,0.15948341446042907,-0.43425777070596955,0.0,0.0010264992571349107,1.0
repeat_2_fold_2,PHF21A,-0.033715936260414026,0.08346744187609699,0.041733720938048495,-0.07544965719846253,0.25,0.0,0.5
repeat_2_fold_2,PHKG2,-0.027102052554912603,0.10118838776210697,0.05059419388105348,-0.0776962464359661,0.75,-0.0007494744375468598,1.0
repeat_2_fold_2,PI4KA,0.21459388782011501,0.4135074050008958,0.2067537025004479,0.007840185319667126,0.5,-6.34577753558796e-05,1.0
repeat_2_fold_2,PIEZO1,0.07289169524592332,0.08417282768661868,0.04208641384330934,0.030805281402613974,0.5,0.00039549452635576077,0.5
repeat_2_fold_2,PIGH,0.0,0.0,0.0,0.0,0.0,0.0,0.0
repeat_2_fold_2,PIGO,-0.04433206780763044,0.08866413561526088,0.04433206780763044,-0.08866413561526088,0.0,0.00011730847436422498,0.5
repeat_2_fold_2,PIGQ,0.0,0.0,0.0,0.0,0.0,0.0,0.0
repeat_2_fold_2,PIK3C2A,0.0,0.0,0.0,0.0,0.0,0.0,0.0
repeat_2_fold_2,PIK3CD,-0.2028237378274227,0.1732026166421912,0.0866013083210956,-0.2894250461485183,0.0,-0.00014353926189156208,1.0
repeat_2_fold_2,PIP5K1A,-0.25680343733171007,1.2420817590448148,0.6210408795224074,-0.8778443168541175,0.5,4.5940808481192974e-05,1.0
repeat_2_fold_2,PISD,-0.125181855380049,0.3472411557498859,0.17362057787494295,-0.29880243325499195,0.25,1.2872037260663882e-05,1.0
repeat_2_fold_2,PIWIL1,0.0,0.0,0.0,0.0,0.0,-0.00018769355898268225,0.5
repeat_2_fold_2,PKN1,0.06998137386190884,0.14290346241959168,0.07145173120979584,-0.0014703573478870025,0.5,-0.00024270549039448475,1.0
repeat_2_fold_2,PKP2,-0.2032440641606943,0.24380357129614333,0.12190178564807166,-0.32514584980876593,0.0,3.9549452635595506e-05,0.5
repeat_2_fold_2,PLAAT3,0.08993062205545144,0.10384293770421077,0.051921468852105385,0.03800915320334605,0.5,-0.0003675665530077643,0.5
repeat_2_fold_2,PLAAT4,0.0,0.0,0.0,0.0,0.0,-0.000148590734194598,0.5
repeat_2_fold_2,PLCB3,0.0,0.0,0.0,0.0,0.0,3.1282259830456294e-05,0.5
repeat_2_fold_2,PLEKHA2,0.005359968475625365,0.3613262038987858,0.1806631019493929,-0.17530313347376753,0.25,0.00021995840007768552,1.0
repeat_2_fold_2,PLEKHA5,-0.16127714773386792,0.27680806458397017,0.13840403229198509,-0.299681180025853,0.25,-0.0008568185332853695,1.0
repeat_2_fold_2,PLIN2,-0.146974347796748,0.18024684053708023,0.09012342026854012,-0.23709776806528812,0.0,-0.00035594507372016526,0.5
repeat_2_fold_2,PLK1,-0.4773241905294263,0.6738449220643538,0.3369224610321769,-0.8142466515616031,0.25,-0.00040286846346582195,1.0
repeat_2_fold_2,PLOD3,-0.043613043447823685,0.08722608689564737,0.043613043447823685,-0.08722608689564737,0.0,-0.00011073846737960635,0.5
repeat_2_fold_2,PMM1,-0.15009664062345074,0.14597217842569496,0.07298608921284748,-0.22308272983629823,0.0,-0.00026652448754532765,1.0
repeat_2_fold_2,PMVK,0.0,0.0,0.0,0.0,0.0,0.0,0.0
repeat_2_fold_2,PNPLA4,-0.058572029203526554,0.11714405840705311,0.058572029203526554,-0.11714405840705311,0.0,-0.0002033346888979104,0.5
repeat_2_fold_2,POLQ,-0.24173119823054634,0.2868658322215138,0.1434329161107569,-0.38516411434130327,0.0,-0.00037078227350983983,1.0
repeat_2_fold_2,POLR2F,0.0,0.0,0.0,0.0,0.0,0.0,0.0
repeat_2_fold_2,POMP,0.0,0.0,0.0,0.0,0.0,0.0,0.0
repeat_2_fold_2,POMT1,0.0,0.0,0.0,0.0,0.0,0.0008993649701254658,0.5
repeat_2_fold_2,PON1,0.03050892264317895,0.13382521726781757,0.06691260863390878,-0.03640368599072984,0.25,-0.00010211397229645258,1.0
repeat_2_fold_2,PON3,0.0,0.0,0.0,0.0,0.0,0.0,0.0
repeat_2_fold_2,POU3F3,0.06338786948017727,0.12677573896035454,0.06338786948017727,0.0,0.25,0.0003206431632621354,0.5
repeat_2_fold_2,PPA2,-0.12283963561371536,0.1914179389836493,0.09570896949182466,-0.21854860510554003,0.0,-0.00025329514800667696,1.0
repeat_2_fold_2,PPARGC1A,0.0,0.0,0.0,0.0,0.0,0.0,0.0
repeat_2_fold_2,PPFIBP2,0.04496531102772572,0.08993062205545144,0.04496531102772572,0.0,0.25,-1.564112991520039e-05,0.5
repeat_2_fold_2,PPM1E,0.0,0.0,0.0,0.0,0.0,-0.000118648357906731,0.5
repeat_2_fold_2,PPP1R13B,-0.011367103307936333,0.1269061251195935,0.06345306255979676,-0.07482016586773309,0.25,0.00042222118214160775,1.0
repeat_2_fold_2,PPP2R2A,-0.043613043447823685,0.08722608689564737,0.043613043447823685,-0.08722608689564737,0.0,-0.0007045654507411292,1.0
repeat_2_fold_2,PRC1,-0.2773874291816334,0.3238357274061573,0.16191786370307865,-0.43930529288471204,0.0,2.37296715813462e-05,0.5
repeat_2_fold_2,PRDM9,0.07298832914286812,0.22099326783511022,0.11049663391755511,-0.03750830477468699,0.25,-4.620878518965532e-05,1.0
repeat_2_fold_2,PRELID3A,-0.06770555624144237,0.08109217805223277,0.04054608902611639,-0.10825164526755876,0.0,3.9549452635595506e-05,0.5
repeat_2_fold_2,PRF1,-0.08866413561526088,0.1023805251298727,0.05119026256493635,-0.13985439818019724,0.0,-0.0003206431632621076,0.5
repeat_2_fold_2,PRIM2,0.009564160250041809,0.04828599358900124,0.02414299679450062,-0.014578836544458813,0.25,-0.0002576320157536838,1.0
repeat_2_fold_2,PRKAG1,-0.04433206780763044,0.08866413561526088,0.04433206780763044,-0.08866413561526088,0.0,1.5641129915255902e-05,0.5
repeat_2_fold_2,PRKAR1A,0.02823122052689442,0.05646244105378884,0.02823122052689442,0.0,0.25,-0.000118648357906731,0.5
repeat_2_fold_2,PRKCZ,0.0,0.0,0.0,0.0,0.0,0.0,0.0
repeat_2_fold_2,PRKD3,0.0,0.0,0.0,0.0,0.0,0.0,0.0
repeat_2_fold_2,PRKRA,0.0,0.0,0.0,0.0,0.0,-3.9102824788028734e-05,0.5
repeat_2_fold_2,PRPF3,-0.3124937462284674,0.25158946708331126,0.12579473354165563,-0.438288479770123,0.0,-0.0008811734838532481,1.0
repeat_2_fold_2,PRPF4,0.0,0.0,0.0,0.0,0.0,7.038508461854054e-05,0.5
repeat_2_fold_2,PRPF40A,0.08993062205545144,0.10384293770421077,0.051921468852105385,0.03800915320334605,0.5,0.000641286326524243,0.5
repeat_2_fold_2,PRSS8,0.0,0.0,0.0,0.0,0.0,0.0,0.0
repeat_2_fold_2,PSAP,0.0,0.0,0.0,0.0,0.0,0.0,0.0
repeat_2_fold_2,PSENEN,0.05744584236853356,0.3088531171102619,0.15442655855513096,-0.0969807161865974,0.75,-0.0001009527398929122,1.0
repeat_2_fold_2,PSG1,0.0,0.0,0.0,0.0,0.0,3.128225983048405e-05,0.5
repeat_2_fold_2,PSMA4,-0.11807081376708872,0.15149346951659134,0.07574673475829567,-0.1938175485253844,0.0,-0.00037176485477441457,0.5
repeat_2_fold_2,PSMD7,0.0,0.0,0.0,0.0,0.0,0.0,0.0
repeat_2_fold_2,PSPH,-0.21343932951113587,0.2628863965697602,0.1314431982848801,-0.34488252779601597,0.0,0.00029266594950327907,0.5
repeat_2_fold_2,PTEN,0.0,0.0,0.0,0.0,0.0,-0.00011002386282357723,1.0
repeat_2_fold_2,PTP4A2,0.0,0.0,0.0,0.0,0.0,-5.474395470325688e-05,0.5
repeat_2_fold_2,PTPN18,0.0,0.0,0.0,0.0,0.0,5.474395470331239e-05,0.5
repeat_2_fold_2,PTPN4,-0.0892994557172635,0.1031141295936983,0.05155706479684915,-0.14085652051411265,0.0,-0.00044482970647796716,1.0
repeat_2_fold_2,PTPRB,0.0,0.0,0.0,0.0,0.0,0.0,0.0
repeat_2_fold_2,PTPRK,-0.10959744174273034,0.3342492945770158,0.1671246472885079,-0.27672208903123824,0.5,-0.00041788431439454543,1.0
repeat_2_fold_2,PYCARD,0.0,0.0,0.0,0.0,0.0,0.0,0.0
repeat_2_fold_2,PYCR3,0.0,0.0,0.0,0.0,0.0,0.0,0.0
repeat_2_fold_2,PYGB,0.0,0.0,0.0,0.0,0.0,0.0,0.0
repeat_2_fold_2,QDPR,0.059838353497543295,0.11967670699508659,0.059838353497543295,0.0,0.25,3.9549452635595506e-05,0.5
repeat_2_fold_2,RAB11FIP3,0.0,0.0,0.0,0.0,0.0,-0.00025025807864359484,0.5
repeat_2_fold_2,RAB22A,-0.08951515819349787,0.17757338746179777,0.08878669373089888,-0.17830185192439674,0.0,-0.00015819781054229876,0.5
repeat_2_fold_2,RAB40B,0.07279775269024213,0.09116781926277509,0.045583909631387545,0.02721384305885459,0.5,1.5641129915255902e-05,0.5
repeat_2_fold_2,RAB40C,-0.2022374436139316,0.26431301617800146,0.13215650808900073,-0.3343939517029323,0.0,-0.00017464287058302497,1.0
repeat_2_fold_2,RAB5A,0.012329243085956065,0.07849818171955619,0.039249090859778096,-0.02691984777382203,0.5,-0.0005863144802709941,1.0
repeat_2_fold_2,RAB8B,-0.028785236853028806,0.057570473706057605,0.028785236853028803,-0.05757047370605761,0.0,-6.327912421691395e-05,0.5
repeat_2_fold_2,RABGEF1,-0.3869748802792028,0.5755982125021557,0.28779910625107785,-0.6747739865302806,0.25,-2.5426857401894543e-05,1.0
repeat_2_fold_2,RAC2,0.02823122052689442,0.05646244105378884,0.02823122052689442,0.0,0.25,-2.2925741455792625e-05,1.0
repeat_2_fold_2,RAD21,0.2889796550175845,0.3345053157922922,0.1672526578961461,0.12172699712143839,0.5,0.0003796747453015392,0.5
repeat_2_fold_2,RAD52,0.0,0.0,0.0,0.0,0.0,-7.820564957608522e-05,0.5
repeat_2_fold_2,RANBP2,0.0,0.0,0.0,0.0,0.0,0.0,0.0
repeat_2_fold_2,RANGAP1,0.0,0.0,0.0,0.0,0.0,-1.564112991520039e-05,0.5
repeat_2_fold_2,RBKS,0.21179121544509272,0.2445554304984446,0.1222777152492223,0.08951350019587041,0.5,2.37296715813462e-05,0.5
repeat_2_fold_2,RBM4,0.06330932805427025,0.12427094175154803,0.062135470875774014,0.001173857178496239,0.5,0.001487247225488958,1.0
repeat_2_fold_2,RBM8A,0.0,0.0,0.0,0.0,0.0,0.0003206431632621354,0.5
repeat_2_fold_2,RDH5,-0.11068257811639626,0.12780523254020631,0.06390261627010316,-0.17458519438649941,0.0,7.909890527116326e-05,0.5
repeat_2_fold_2,RECK,0.0,0.0,0.0,0.0,0.0,0.0,0.0
repeat_2_fold_2,REG1A,0.0,0.0,0.0,0.0,0.0,-1.5819781054249304e-05,0.5
repeat_2_fold_2,RGL1,0.15587301813889276,0.4412768647030572,0.2206384323515286,-0.06476541421263585,0.5,0.0002675070688098746,1.0
repeat_2_fold_2,RGS2,0.0,0.0,0.0,0.0,0.0,7.038508461854054e-05,0.5
repeat_2_fold_2,RHCE,0.0,0.0,0.0,0.0,0.0,0.0,0.0
repeat_2_fold_2,RHOA,-0.07625505046910419,0.1621053818436976,0.0810526909218488,-0.157307741390953,0.25,0.0002309053599678923,1.0
repeat_2_fold_2,RNASE2,-0.05697782447863986,0.1125004557961599,0.05625022789807995,-0.11322805237671982,0.0,-0.0006802505853318874,0.5
repeat_2_fold_2,RND1,0.0,0.0,0.0,0.0,0.0,0.0,0.0
repeat_2_fold_2,RNF144A,-0.05757047370605761,0.06647665698313326,0.03323832849156663,-0.09080880219762424,0.0,0.0002900755079877082,1.0
repeat_2_fold_2,RNF19B,0.0802144755291021,0.1604289510582042,0.0802144755291021,0.0,0.25,-0.00015028792001520186,0.5
repeat_2_fold_2,RNF216,0.09702932972837885,0.11203981927593698,0.05601990963796849,0.041009420090410365,0.5,-0.0001955141239403102,0.5
repeat_2_fold_2,RNF5,0.0,0.0,0.0,0.0,0.0,0.0,0.0
repeat_2_fold_2,RPA2,0.0,0.0,0.0,0.0,0.0,-3.910282478805649e-05,0.5
repeat_2_fold_2,RPA4,0.0,0.0,0.0,0.0,0.0,0.0,0.0
repeat_2_fold_2,RPIA,-0.13159186582571714,0.15383376739537874,0.07691688369768937,-0.2085087495234065,0.0,0.0004891626547081085,1.0
repeat_2_fold_2,RPL10,0.0,0.0,0.0,0.0,0.0,-2.37296715813462e-05,0.5
repeat_2_fold_2,RPL10L,-0.1452673366916475,0.16779942496077271,0.08389971248038636,-0.22916704917203384,0.0,-0.0001423780294880772,0.5
repeat_2_fold_2,RPL15,0.0,0.0,0.0,0.0,0.0,0.0002267963837707665,0.5
repeat_2_fold_2,RPL29,0.09446712781174682,0.15443539416360377,0.07721769708180189,0.017249430729944934,0.5,0.00031639562108462527,0.5
repeat_2_fold_2,RPL34,-0.0010949472556518458,0.0012643361855980704,0.0006321680927990352,-0.001727115348450881,0.0,0.00046994850201279026,1.0
repeat_2_fold_2,RPL39,0.0,0.0,0.0,0.0,0.0,0.0,0.0
repeat_2_fold_2,RPLP1,0.0,0.0,0.0,0.0,0.0,0.0,0.0
repeat_2_fold_2,RPLP2,0.07478439808154569,0.10675579368991528,0.05337789684495764,0.02140650123658805,0.5,0.0005060543425964015,1.0
repeat_2_fold_2,RPP25,0.0,0.0,0.0,0.0,0.0,0.0,0.0
repeat_2_fold_2,RPP38,-0.04433206780763044,0.08866413561526088,0.04433206780763044,-0.08866413561526088,0.0,-8.602621453371317e-05,0.5
repeat_2_fold_2,RPS17,-0.0404474128715826,0.0808948257431652,0.0404474128715826,-0.0808948257431652,0.0,0.0002926659495032513,0.5
repeat_2_fold_2,RPS2,0.0,0.0,0.0,0.0,0.0,-6.32791242169417e-05,0.5
repeat_2_fold_2,RPS21,0.06516658298349753,0.17111197605135386,0.08555598802567693,-0.020389405042179398,0.25,-3.954945263556775e-05,0.5
repeat_2_fold_2,RPS27A,0.0,0.0,0.0,0.0,0.0,0.0,0.0
repeat_2_fold_2,RPS28,-0.07821584265712644,0.1067089784517036,0.0533544892258518,-0.13157033188297823,0.0,0.00039549452635576077,0.5
repeat_2_fold_2,RPS3,-0.12466137462546634,0.1541180925467858,0.0770590462733929,-0.20172042089885922,0.0,-0.0005457824463709349,0.5
repeat_2_fold_2,RPS3A,0.0,0.0,0.0,0.0,0.0,0.0,0.0
repeat_2_fold_2,RPS4X,-0.28406950093518546,0.9634521624617323,0.48172608123086613,-0.7657955821660516,0.5,0.0009352921595700281,1.0
repeat_2_fold_2,RRAD,-0.18917656100197533,0.2191186074390353,0.10955930371951765,-0.298735864721493,0.0,-0.00039549452635576077,0.5
repeat_2_fold_2,RRAGA,0.0,0.0,0.0,0.0,0.0,0.0,0.0
repeat_2_fold_2,RRM2,0.0,0.0,0.0,0.0,0.0,1.5641129915255902e-05,0.5
repeat_2_fold_2,RWDD3,-0.2073165576235212,0.23938854070281304,0.11969427035140652,-0.3270108279749277,0.0,0.0001502879200151741,0.5
repeat_2_fold_2,S100A7,-0.07918759248426177,0.19611657563768242,0.09805828781884121,-0.17724588030310298,0.25,-3.16395621084431e-05,0.5
repeat_2_fold_2,S100P,0.0,0.0,0.0,0.0,0.0,-0.00010166734444894132,0.5
repeat_2_fold_2,SAMM50,0.0,0.0,0.0,0.0,0.0,-2.3461694872828343e-05,0.5
repeat_2_fold_2,SAP130,-0.25867484938770957,0.38198814822206395,0.19099407411103198,-0.44966892349874155,0.0,-0.0003084857305575006,0.5
repeat_2_fold_2,SAP30BP,0.0,0.0,0.0,0.0,0.0,0.0,0.0
repeat_2_fold_2,SARM1,0.094409851791184,0.1090151066915855,0.05450755334579275,0.03990229844539125,0.5,0.00022679638377079425,0.5
repeat_2_fold_2,SARS1,0.0,0.0,0.0,0.0,0.0,0.0,0.0
repeat_2_fold_2,SCAP,0.032964964499694105,0.06592992899938821,0.032964964499694105,0.0,0.25,-0.00026670313868432105,1.0
repeat_2_fold_2,SCARB1,0.0,0.0,0.0,0.0,0.0,0.0,0.0
repeat_2_fold_2,SCCPDH,-0.09536843084085689,0.11257491037537472,0.05628745518768736,-0.15165588602854424,0.0,0.0001423780294880772,0.5
repeat_2_fold_2,SCD5,-0.1880092152641275,0.2293853234248272,0.1146926617124136,-0.3027018769765411,0.0,0.0001661077010694234,0.5
repeat_2_fold_2,SCNN1G,-0.043256166377306116,0.08651233275461223,0.043256166377306116,-0.08651233275461223,0.0,-0.00018192748212364496,0.5
repeat_2_fold_2,SCUBE2,-0.08896768456567195,0.17793536913134386,0.08896768456567193,-0.1779353691313439,0.0,-0.00011002386282357723,1.0
repeat_2_fold_2,SDK2,0.0,0.0,0.0,0.0,0.0,0.0,0.0
repeat_2_fold_2,SEC23A,0.2666912435577711,0.5333824871155421,0.2666912435577711,0.0,0.25,0.0012356492633028016,0.5
repeat_2_fold_2,SEC31A,0.0,0.0,0.0,0.0,0.0,-3.1282259830456294e-05,0.5
repeat_2_fold_2,SEMA7A,0.0,0.0,0.0,0.0,0.0,0.0,0.0
repeat_2_fold_2,SEPTIN2,-0.02388100430144746,0.04776200860289492,0.02388100430144746,-0.04776200860289492,0.0,-3.954945263556775e-05,0.5
repeat_2_fold_2,SERINC1,0.0,0.0,0.0,0.0,0.0,0.0,0.0
repeat_2_fold_2,SERINC3,0.1373212004968245,0.274642400993649,0.1373212004968245,0.0,0.25,-0.0001418420760710415,1.0
repeat_2_fold_2,SERP1,0.0,0.0,0.0,0.0,0.0,0.0,0.0
repeat_2_fold_2,SERPINB1,0.0,0.0,0.0,0.0,0.0,-1.564112991520039e-05,0.5
repeat_2_fold_2,SERPIND1,0.0,0.0,0.0,0.0,0.0,-7.065306132700289e-05,1.0
repeat_2_fold_2,SF1,0.0,0.0,0.0,0.0,0.0,0.00010948790940659703,0.5
repeat_2_fold_2,SHOC2,0.0,0.0,0.0,0.0,0.0,0.0,0.0
repeat_2_fold_2,SIGLEC15,0.08405004280049688,0.12394095235168698,0.06197047617584349,0.022079566624653393,0.5,-0.0002346169487283667,0.5
repeat_2_fold_2,SIGLEC9,0.0,0.0,0.0,0.0,0.0,-3.163956210847085e-05,0.5
repeat_2_fold_2,SIRT1,0.043701429673395964,0.0517170804245034,0.0258585402122517,0.017842889461144262,0.5,0.00013446813896095255,0.5
repeat_2_fold_2,SIX2,-0.15213407292654324,0.17672223701478043,0.08836111850739022,-0.24049519143393344,0.0,6.32791242169417e-05,0.5
repeat_2_fold_2,SLC13A1,0.0,0.0,0.0,0.0,0.0,0.0,0.0
repeat_2_fold_2,SLC16A3,0.0,0.0,0.0,0.0,0.0,0.0007116714111427558,0.5
repeat_2_fold_2,SLC18A2,0.07709188028401925,0.11906100326713775,0.05953050163356888,0.017561378650450377,0.5,0.0004535034419720363,1.0
repeat_2_fold_2,SLC19A3,0.0,0.0,0.0,0.0,0.0,0.0,0.0
repeat_2_fold_2,SLC22A17,0.0,0.0,0.0,0.0,0.0,0.0,0.0
repeat_2_fold_2,SLC24A3,0.0,0.0,0.0,0.0,0.0,0.0,0.0
repeat_2_fold_2,SLC25A16,-0.3188516007838107,0.3706490220322228,0.1853245110161114,-0.504176111799922,0.0,0.00011927363689326342,1.0
repeat_2_fold_2,SLC25A32,-0.012834418186340457,0.2365772596975059,0.11828862984875295,-0.1311230480350934,0.25,-0.00013446813896095255,0.5
repeat_2_fold_2,SLC27A5,0.08993062205545144,0.10384293770421077,0.051921468852105385,0.03800915320334605,0.5,0.00016423186410988166,0.5
repeat_2_fold_2,SLC2A14,0.0,0.0,0.0,0.0,0.0,0.0,0.0
repeat_2_fold_2,SLC38A2,-0.02847992279178513,0.032885782180673805,0.016442891090336902,-0.044922813882122034,0.0,-0.0001642318641098539,0.5
repeat_2_fold_2,SLC3A2,0.0,0.0,0.0,0.0,0.0,0.0,0.0
repeat_2_fold_2,SLC43A1,-0.1532046139532568,0.1777622911274932,0.0888811455637466,-0.2420857595170034,0.0,7.900957970166655e-05,1.0
repeat_2_fold_2,SLC5A6,0.0,0.0,0.0,0.0,0.0,0.0,0.0
repeat_2_fold_2,SLC6A6,-0.10833620057174365,0.12975878212106484,0.06487939106053242,-0.17321559163227607,0.0,-0.00014246735505754615,1.0
repeat_2_fold_2,SLC7A1,0.03127118386552574,0.06254236773105148,0.03127118386552574,0.0,0.25,-9.384677949134113e-05,0.5
repeat_2_fold_2,SLC7A11,0.0,0.0,0.0,0.0,0.0,4.692338974568444e-05,0.5
repeat_2_fold_2,SLC7A5,0.3438758144170624,0.4674780706277599,0.23373903531387996,0.11013677910318243,0.5,0.0008463582864013108,0.5
repeat_2_fold_2,SLC9A1,0.013530849072440176,0.07182689428273281,0.035913447141366406,-0.02238259806892623,0.25,-0.00011073846737960635,0.5
repeat_2_fold_2,SLC9A5,0.0,0.0,0.0,0.0,0.0,-0.00010948790940654152,0.5
repeat_2_fold_2,SLCO3A1,-0.06297784640356419,0.0862197331174852,0.0431098665587426,-0.10608771296230679,0.0,-7.909890527124652e-06,0.5
repeat_2_fold_2,SMARCC2,0.0,0.0,0.0,0.0,0.0,0.0,0.5
repeat_2_fold_2,SMC1A,-0.024199225559190296,0.13353335171888758,0.06676667585944379,-0.09096590141863409,0.25,0.00032207237237416586,1.0
repeat_2_fold_2,SMC6,0.0,0.0,0.0,0.0,0.0,0.0,0.0
repeat_2_fold_2,SMPD4,0.0,0.0,0.0,0.0,0.0,-0.0001407701692369978,0.5
repeat_2_fold_2,SMU1,-0.05084923481413384,0.059732679895989245,0.029866339947994622,-0.08071557476212846,0.0,-7.909890527116326e-05,0.5
repeat_2_fold_2,SNAPC3,-0.007379626814529416,0.0210003195156168,0.0105001597578084,-0.017879786572337818,0.25,7.909890527124652e-06,0.5
repeat_2_fold_2,SNCAIP,0.0,0.0,0.0,0.0,0.0,0.00018769355898271,0.5
repeat_2_fold_2,SND1,0.0,0.0,0.0,0.0,0.0,-0.000237296715813462,0.5
repeat_2_fold_2,SNRNP40,0.0,0.0,0.0,0.0,0.0,0.0,0.0
repeat_2_fold_2,SNRPD3,-0.2002887219089189,0.23406327388397505,0.11703163694198752,-0.3173203588509064,0.0,-0.00015028792001520186,0.5
repeat_2_fold_2,SNX5,0.0,0.0,0.0,0.0,0.0,0.0,0.0
repeat_2_fold_2,SOCS2,-0.030789160801910853,0.1820403945392913,0.09102019726964565,-0.1218093580715565,0.25,-0.00013455746453044926,1.0
repeat_2_fold_2,SOX1,-0.16120302972992384,0.18863472484873436,0.09431736242436718,-0.255520392154291,0.0,7.90989052711355e-05,0.5
repeat_2_fold_2,SOX13,0.0,0.0,0.0,0.0,0.0,0.0,0.0
repeat_2_fold_2,SOX9,-0.19899184134161274,0.22977598633023885,0.11488799316511943,-0.3138798345067322,0.0,-0.0001264689228643312,1.0
repeat_2_fold_2,SPATA2,-0.12112570826537272,0.25981194892753495,0.12990597446376748,-0.2510316827291402,0.25,0.00016646500334746572,1.0
repeat_2_fold_2,SPINK1,0.0,0.0,0.0,0.0,0.0,0.0,0.0
repeat_2_fold_2,SPINT2,0.0,0.0,0.0,0.0,0.0,0.0,0.0
repeat_2_fold_2,SPOCK3,0.0,0.0,0.0,0.0,0.0,0.0,0.0
repeat_2_fold_2,SPTAN1,0.0,0.0,0.0,0.0,0.0,0.0,0.0
repeat_2_fold_2,SPTB,0.0,0.0,0.0,0.0,0.0,3.163956210847085e-05,0.5
repeat_2_fold_2,SRD5A1,0.03427470346829686,0.10985470120072136,0.05492735060036068,-0.020652647132063814,0.25,-0.00018769355898268225,0.5
repeat_2_fold_2,SRY,0.15483898087012804,0.1811781027575501,0.09058905137877506,0.06424992949135298,0.5,-0.00022147693475924046,0.5
repeat_2_fold_2,SSB,-0.3385891683030966,0.393303633056986,0.196651816528493,-0.5352409848315896,0.0,0.0002610263873948082,0.5
repeat_2_fold_2,SSR4,-0.023123064746599198,0.13729140684507724,0.06864570342253862,-0.09176876816913782,0.5,0.0006277890102770745,1.0
repeat_2_fold_2,ST6GAL1,-0.05811889901823264,0.3783221575989761,0.18916107879948804,-0.24727997781772068,0.5,-0.00023622480897941833,1.0
repeat_2_fold_2,STAT3,-0.04433206780763044,0.08866413561526088,0.04433206780763044,-0.08866413561526088,0.0,7.820564957614073e-05,0.5
repeat_2_fold_2,STAT5B,-0.044758204775908084,0.07231171505974622,0.03615585752987311,-0.08091406230578119,0.0,-0.0009175473011453494,0.5
repeat_2_fold_2,STK26,-0.6444237382784106,0.8719861751799576,0.4359930875899788,-1.0804168258683893,0.0,7.909890527124652e-06,0.5
repeat_2_fold_2,STMN2,0.0,0.0,0.0,0.0,0.0,-0.00010166734444894132,0.5
repeat_2_fold_2,STOML2,-0.15116158290578063,0.18329830725862892,0.09164915362931446,-0.2428107365350951,0.0,7.909890527116326e-05,0.5
repeat_2_fold_2,STX1A,-0.1128486888671194,0.16815619118213754,0.08407809559106877,-0.19692678445818818,0.0,0.0004034044168828854,0.5
repeat_2_fold_2,STX3,0.0,0.0,0.0,0.0,0.0,0.0,0.0
repeat_2_fold_2,SUMO1,-0.2826388620042799,0.35482097997186185,0.17741048998593092,-0.4600493519902108,0.0,0.00017401759159654806,0.5
repeat_2_fold_2,SUPV3L1,-0.1763562013013722,0.20387723623487147,0.10193861811743574,-0.27829481941880796,0.0,0.00017790783149601586,1.0
repeat_2_fold_2,SWAP70,-0.4644126375473494,1.0521546127496675,0.5260773063748337,-0.9904899439221831,0.25,0.00017205242906750962,0.5
repeat_2_fold_2,SYNE1,-0.1344100053086219,0.29793277104832533,0.14896638552416266,-0.28337639083278454,0.25,-0.00014371791303058323,1.0
repeat_2_fold_2,TAAR5,0.04496531102772572,0.08993062205545144,0.04496531102772572,0.0,0.25,-0.0002971814683892515,0.5
repeat_2_fold_2,TAF2,0.0,0.0,0.0,0.0,0.0,5.4743954703284636e-05,0.5
repeat_2_fold_2,TAF5,0.0,0.0,0.0,0.0,0.0,2.7755575615628914e-17,0.5
repeat_2_fold_2,TAP1,0.0,0.0,0.0,0.0,0.0,0.0,0.0
repeat_2_fold_2,TAP2,-0.008293605187224884,0.035052050097843165,0.017526025048921583,-0.025819630236146467,0.25,-0.00027684616844902976,0.5
repeat_2_fold_2,TAS2R4,0.0,0.0,0.0,0.0,0.0,-6.327912421691395e-05,0.5
repeat_2_fold_2,TATDN2,0.0,0.0,0.0,0.0,0.0,0.0,0.0
repeat_2_fold_2,TBXAS1,-0.10255424034732741,0.12071170017365565,0.060355850086827825,-0.16291009043415522,0.0,4.74593431626924e-05,0.5
repeat_2_fold_2,TCN1,0.0,0.0,0.0,0.0,0.0,0.0,0.0
repeat_2_fold_2,TCN2,-0.09704054338817514,0.11205276769494094,0.05602638384747047,-0.1530669272356456,0.0,-0.00014237802948804945,1.0
repeat_2_fold_2,TCTN2,0.0,0.0,0.0,0.0,0.0,0.0,0.0
repeat_2_fold_2,TDG,0.0,0.0,0.0,0.0,0.0,0.0,0.0
repeat_2_fold_2,TEX12,0.01283164935059844,0.0780896557997639,0.03904482789988195,-0.02621317854928351,0.75,-7.990283539663356e-05,1.0
repeat_2_fold_2,TEX264,0.0,0.0,0.0,0.0,0.0,-6.256451966088483e-05,0.5
repeat_2_fold_2,TFDP2,-0.2145777677626537,0.26653498767318307,0.13326749383659153,-0.3478452615992452,0.0,-0.0003544265390386103,1.0
repeat_2_fold_2,TFIP11,0.0,0.0,0.0,0.0,0.0,0.0002267963837707665,0.5
repeat_2_fold_2,TGFBR3,0.0,0.0,0.0,0.0,0.0,0.0,0.0
repeat_2_fold_2,THBD,0.0,0.0,0.0,0.0,0.0,-3.128225983042854e-05,0.5
repeat_2_fold_2,THOC7,-0.3160539633689208,0.36533757481234314,0.18266878740617157,-0.4987227507750923,0.0,-0.00013446813896095255,0.5
repeat_2_fold_2,THOP1,0.0,0.0,0.0,0.0,0.0,-0.00018769355898268225,0.5
repeat_2_fold_2,THSD4,0.0,0.0,0.0,0.0,0.0,0.0,0.0
repeat_2_fold_2,THSD7A,0.006249849072819558,0.12595824179150575,0.06297912089575287,-0.056729271822933316,0.25,6.32791242169417e-05,0.5
repeat_2_fold_2,THTPA,0.0,0.0,0.0,0.0,0.0,0.0,0.0
repeat_2_fold_2,TIMM10,-0.3240541706580977,0.4401567112850836,0.2200783556425418,-0.5441325263006396,0.0,-0.0001740175915965203,0.5
repeat_2_fold_2,TIMM17B,0.0,0.0,0.0,0.0,0.0,0.0,0.5
repeat_2_fold_2,TIMM22,-0.08866413561526088,0.1023805251298727,0.05119026256493635,-0.13985439818019724,0.0,-0.0002751489826284814,1.0
repeat_2_fold_2,TK1,0.0,0.0,0.0,0.0,0.0,0.0,0.0
repeat_2_fold_2,TK2,0.0,0.0,0.0,0.0,0.0,0.0,0.0
repeat_2_fold_2,TKT,0.0,0.0,0.0,0.0,0.0,0.0,0.0
repeat_2_fold_2,TLE4,-0.08866413561526088,0.1023805251298727,0.05119026256493635,-0.13985439818019724,0.0,3.9102824788084245e-05,0.5
repeat_2_fold_2,TLL2,-0.19971985946120263,0.10654308675853891,0.053271543379269454,-0.25299140284047206,0.0,-0.00010247127457446714,1.0
repeat_2_fold_2,TLR1,0.0,0.0,0.0,0.0,0.0,0.0,0.0
repeat_2_fold_2,TLR8,0.0,0.0,0.0,0.0,0.0,0.0,0.0
repeat_2_fold_2,TMOD3,0.0,0.0,0.0,0.0,0.0,0.0,0.0
repeat_2_fold_2,TMPRSS2,-0.2156925957553799,0.1508587819650472,0.0754293909825236,-0.2911219867379035,0.25,0.00022661773263180085,1.0
repeat_2_fold_2,TNFRSF17,-0.03526874907834632,0.15995623456051913,0.07997811728025957,-0.11524686635860588,0.25,0.0003430329513009478,1.0
repeat_2_fold_2,TNIK,-0.08673594028757314,0.11118748302416274,0.05559374151208137,-0.14232968179965452,0.0,0.0006486110232234443,0.5
repeat_2_fold_2,TNIP3,-0.2012032321199051,0.23232948045249993,0.11616474022624997,-0.31736797234615505,0.0,-7.14569914525287e-05,1.0
repeat_2_fold_2,TNR,-0.04433206780763044,0.08866413561526088,0.04433206780763044,-0.08866413561526088,0.0,-7.909890527096897e-06,1.0
repeat_2_fold_2,TNXB,0.0,0.0,0.0,0.0,0.0,0.0,0.0
repeat_2_fold_2,TOMM7,-0.13099523639268185,0.1976236033552429,0.09881180167762145,-0.22980703807030328,0.0,-1.5819781054249304e-05,0.5
repeat_2_fold_2,TOR1AIP1,0.0,0.0,0.0,0.0,0.0,9.49186863253848e-05,0.5
repeat_2_fold_2,TPD52,-0.2073165576235212,0.23938854070281304,0.11969427035140652,-0.3270108279749277,0.0,-8.700879579828791e-05,0.5
repeat_2_fold_2,TPO,0.347532218559758,0.5310995014012894,0.2655497507006447,0.08198246785911334,0.5,0.0004739681526403916,1.0
repeat_2_fold_2,TRADD,-0.06870429120964872,0.13740858241929743,0.06870429120964872,-0.13740858241929743,0.0,0.00016610770106939565,0.5
repeat_2_fold_2,TRAP1,0.0,0.0,0.0,0.0,0.0,0.0,0.0
repeat_2_fold_2,TRAPPC2,-0.05173700709301876,0.21253280684257717,0.10626640342128858,-0.15800341051430733,0.25,0.00030057584003037596,0.5
repeat_2_fold_2,TREM1,0.0,0.0,0.0,0.0,0.0,0.0,0.0
repeat_2_fold_2,TRIM25,0.0,0.0,0.0,0.0,0.0,0.0,0.0
repeat_2_fold_2,TRIM26,0.08993062205545144,0.10384293770421077,0.051921468852105385,0.03800915320334605,0.5,-0.0003597459880501641,0.5
repeat_2_fold_2,TRIM36,0.0,0.0,0.0,0.0,0.0,0.0,0.0
repeat_2_fold_2,TRIM37,0.0,0.0,0.0,0.0,0.0,-0.0001955141239403102,0.5
repeat_2_fold_2,TRIM68,0.3013261053245806,0.582847376749766,0.291423688374883,0.009902416949697568,0.5,0.0003362842931773635,0.5
repeat_2_fold_2,TRMT112,-0.04605560651577889,0.09935344949953188,0.04967672474976594,-0.09573233126554484,0.25,-0.00023443829758934553,1.0
repeat_2_fold_2,TRRAP,0.0,0.0,0.0,0.0,0.0,0.0,0.0
repeat_2_fold_2,TTLL4,0.0,0.0,0.0,0.0,0.0,0.0005943629367785586,0.5
repeat_2_fold_2,TUBA8,0.0,0.0,0.0,0.0,0.0,0.0,0.0
repeat_2_fold_2,TUBGCP3,0.0,0.0,0.0,0.0,0.0,7.820564957614073e-05,0.5
repeat_2_fold_2,TWF2,-0.0904250632522583,0.10441386922036053,0.052206934610180264,-0.14263199786243858,0.0,-1.581978105422155e-05,0.5
repeat_2_fold_2,TYW1,-0.060710208980928826,0.12840221234329827,0.06420110617164913,-0.12491131515257796,0.25,-0.00022938682528633736,0.5
repeat_2_fold_2,UBE2J1,0.0,0.0,0.0,0.0,0.0,-7.82056495757244e-06,0.5
repeat_2_fold_2,UBE2V2,0.0,0.0,0.0,0.0,0.0,0.0,0.0
repeat_2_fold_2,UBN1,0.058142791025366236,0.2481793758823957,0.12408968794119785,-0.06594689691583161,0.25,0.0001479654552081211,1.0
repeat_2_fold_2,UCK2,-0.1979711309762049,0.260679612385817,0.1303398061929085,-0.3283109371691134,0.0,9.49186863253848e-05,0.5
repeat_2_fold_2,UCN,0.0,0.0,0.0,0.0,0.0,0.0,0.0
repeat_2_fold_2,UGT1A8,-0.0020369758139580085,0.1822675175221238,0.0911337587610619,-0.09317073457501991,0.25,0.00018192748212364496,0.5
repeat_2_fold_2,UIMC1,0.0,0.0,0.0,0.0,0.0,0.0,0.0
repeat_2_fold_2,ULBP1,0.0,0.0,0.0,0.0,0.0,0.00011730847436419722,0.5
repeat_2_fold_2,UMPS,0.0,0.0,0.0,0.0,0.0,0.0,0.0
repeat_2_fold_2,UQCR11,0.0,0.0,0.0,0.0,0.0,-7.11890147440386e-05,0.5
repeat_2_fold_2,URM1,0.0,0.0,0.0,0.0,0.0,0.0,0.0
repeat_2_fold_2,USP11,0.0,0.0,0.0,0.0,0.0,-8.700879579826015e-05,0.5
repeat_2_fold_2,USP2,0.0,0.0,0.0,0.0,0.0,0.0,0.0
repeat_2_fold_2,USP4,0.08993062205545144,0.10384293770421077,0.051921468852105385,0.03800915320334605,0.5,0.00037538711796542,0.5
repeat_2_fold_2,USP48,-0.019804168110978182,0.4177318172524565,0.20886590862622825,-0.22867007673720643,0.25,-9.447205847784579e-05,1.0
repeat_2_fold_2,VARS1,0.0,0.0,0.0,0.0,0.0,0.0,0.0
repeat_2_fold_2,VASP,0.0,0.0,0.0,0.0,0.0,0.0,0.0
repeat_2_fold_2,VCP,-0.04521253162612915,0.0904250632522583,0.04521253162612915,-0.0904250632522583,0.0,3.1728887678023066e-05,1.0
repeat_2_fold_2,VEGFA,-0.09207895209607564,0.18415790419215128,0.09207895209607564,-0.18415790419215128,0.0,-9.49186863253848e-05,0.5
repeat_2_fold_2,VPS39,0.0,0.0,0.0,0.0,0.0,2.7755575615628914e-17,0.5
repeat_2_fold_2,VRK2,0.0,0.0,0.0,0.0,0.0,0.0,0.0
repeat_2_fold_2,WARS2,-0.046994657673607776,0.05429105593652803,0.027145527968264017,-0.07414018564187179,0.0,0.0008220033358334877,1.0
repeat_2_fold_2,WBP4,0.0,0.0,0.0,0.0,0.0,0.0,0.0
repeat_2_fold_2,WDR33,0.0,0.0,0.0,0.0,0.0,0.0,0.0
repeat_2_fold_2,WDR45B,0.08993062205545144,0.10384293770421077,0.051921468852105385,0.03800915320334605,0.5,-0.0005239778521600458,0.5
repeat_2_fold_2,WDR46,0.0,0.0,0.0,0.0,0.0,0.0,0.0
repeat_2_fold_2,WDR82,0.20689108734375772,0.06819091819691273,0.03409545909845636,0.17279562824530137,1.0,-0.0001107384673795786,1.0
repeat_2_fold_2,WEE1,0.0,0.0,0.0,0.0,0.0,0.0,0.0
repeat_2_fold_2,WIPI1,0.0,0.0,0.0,0.0,0.0,0.0,0.0
repeat_2_fold_2,WNT5B,0.0,0.0,0.0,0.0,0.0,0.0,0.0
repeat_2_fold_2,WT1,-0.12643524464877665,0.14682432781214075,0.07341216390607037,-0.199847408554847,0.0,0.0002362248089794461,1.0
repeat_2_fold_2,XBP1,-0.028785236853028806,0.057570473706057605,0.028785236853028803,-0.05757047370605761,0.0,0.00021356704423208805,0.5
repeat_2_fold_2,XPC,0.0006332432200970572,0.0012664864401941145,0.0006332432200970572,0.0,0.25,0.00012530769046084633,1.0
repeat_2_fold_2,XYLT2,-0.28006697093521815,0.32419140311891076,0.16209570155945538,-0.44216267249467356,0.0,0.00035264002764859304,1.0
repeat_2_fold_2,YWHAH,0.0,0.0,0.0,0.0,0.0,-1.564112991520039e-05,0.5
repeat_2_fold_2,YWHAQ,-0.11164404022597196,0.25865966295438386,0.12932983147719193,-0.2409738717031639,0.25,-0.0001661077010694234,0.5
repeat_2_fold_2,ZBTB17,0.002947950559070378,0.12733222223473115,0.06366611111736557,-0.060718160558295195,0.25,0.0001661970266389201,1.0
repeat_2_fold_2,ZFP2,0.0,0.0,0.0,0.0,0.0,-0.00018769355898268225,0.5
repeat_2_fold_2,ZKSCAN4,-0.0904250632522583,0.10441386922036053,0.052206934610180264,-0.14263199786243858,0.0,-0.0001898373726507696,0.5
repeat_2_fold_2,ZMYM2,-0.08866413561526088,0.1023805251298727,0.05119026256493635,-0.13985439818019724,0.0,-3.128225983042854e-05,0.5
repeat_2_fold_2,ZNF133,0.0,0.0,0.0,0.0,0.0,-3.910282478805649e-05,0.5
repeat_2_fold_2,ZNF135,-0.014470929524282639,0.028941859048565277,0.014470929524282639,-0.028941859048565277,0.0,-8.700879579826015e-05,0.5
repeat_2_fold_2,ZNF157,0.0,0.0,0.0,0.0,0.0,-1.5641129915228147e-05,0.5
repeat_2_fold_2,ZNF230,-0.10290409701115699,0.12107741976545328,0.06053870988272664,-0.16344280689388363,0.0,-2.3461694872828343e-05,0.5
repeat_2_fold_2,ZNF264,-0.10060161605995255,0.2012032321199051,0.10060161605995255,-0.2012032321199051,0.0,0.00018192748212364496,0.5
repeat_2_fold_2,ZNF331,-0.22977541338942054,0.2695307063584684,0.1347653531792342,-0.36454076656865475,0.0,-7.909890527124652e-06,0.5
repeat_2_fold_2,ZNF350,-0.0904250632522583,0.10441386922036053,0.052206934610180264,-0.14263199786243858,0.0,7.909890527096897e-06,0.5
repeat_2_fold_2,ZNF41,0.059462631469576976,0.22342345874153255,0.11171172937076627,-0.0522490979011893,0.25,0.000223710073996769,1.0
repeat_2_fold_2,ZNF432,0.0808948257431581,0.09340929883772038,0.04670464941886019,0.034190176324297904,0.5,-0.00021383502094057816,1.0
repeat_2_fold_2,ZNF45,-0.22179792355925088,0.2138650689387383,0.10693253446936915,-0.32873045802862,0.0,7.820564957627951e-06,1.0
repeat_2_fold_2,ZNF467,0.24076293227390622,0.4846493374772867,0.24232466873864336,-0.0015617364647371457,0.5,0.0004153831984485268,1.0
repeat_2_fold_2,ZNF480,0.1086556251592512,0.14725331885955062,0.07362665942977531,0.03502896572947589,0.5,-0.0015562924265648814,0.5
repeat_2_fold_2,ZNF492,0.2592069366422489,0.33812677224746157,0.16906338612373079,0.09014355051851813,0.5,-3.163956210847085e-05,0.5
repeat_2_fold_2,ZNF551,-0.14567183408127704,0.19339801437373025,0.09669900718686512,-0.24237084126814218,0.0,-0.00032341225591669964,1.0
repeat_2_fold_2,ZNF557,0.0,0.0,0.0,0.0,0.0,0.0,0.0
repeat_2_fold_2,ZNF562,0.0,0.0,0.0,0.0,0.0,0.0,0.0
repeat_2_fold_2,ZNF682,-0.08991888709733864,0.1798622290566086,0.0899311145283043,-0.17985000162564294,0.25,5.5458559259313756e-05,1.0
repeat_2_fold_2,ZSCAN32,-0.04521253162612915,0.0904250632522583,0.04521253162612915,-0.0904250632522583,0.0,0.0001502879200151741,0.5
repeat_2_fold_3,A1CF,0.07921614019280554,0.15843228038561108,0.07921614019280554,0.0,0.25,-0.00021560673331841307,0.5
repeat_2_fold_3,A2M,-0.030095727248291126,0.03774193851796317,0.018870969258981584,-0.048966696507272714,0.0,-0.000740049464340975,1.0
repeat_2_fold_3,A4GALT,0.0,0.0,0.0,0.0,0.0,0.0,0.0
repeat_2_fold_3,A4GNT,-0.050969035754814485,0.10193807150962897,0.050969035754814485,-0.10193807150962897,0.0,-0.000231577602453098,0.5
repeat_2_fold_3,AAAS,0.0,0.0,0.0,0.0,0.0,0.0,0.0
repeat_2_fold_3,AADAC,0.022156779847081864,0.04431355969416372,0.02215677984708186,3.469446951953614e-18,0.25,-0.00021620063418853475,0.5
repeat_2_fold_3,AAK1,-0.03846435464103237,0.07692870928206474,0.03846435464103237,-0.07692870928206474,0.0,0.0002081932032926559,0.5
repeat_2_fold_3,AAMP,-0.24257581742011425,0.29133523331011096,0.14566761665505548,-0.3882434340751697,0.0,-0.000472438422856436,0.5
repeat_2_fold_3,AANAT,0.0,0.0,0.0,0.0,0.0,0.0,0.0
repeat_2_fold_3,AARS1,0.0,0.0,0.0,0.0,0.0,-1.5970869134712684e-05,0.5
repeat_2_fold_3,AASS,0.0,0.0,0.0,0.0,0.0,5.5898041971425005e-05,0.5
repeat_2_fold_3,AATF,-0.10099851193174203,0.20199702386348406,0.10099851193174203,-0.20199702386348406,0.0,-0.0004324012683770695,0.5
repeat_2_fold_3,ABCA2,0.0,0.0,0.0,0.0,0.0,0.00024754847158783844,0.5
repeat_2_fold_3,ABCA3,-0.031141988477822125,0.06228397695564424,0.03114198847782212,-0.06228397695564425,0.0,-2.4022292687608804e-05,0.5
repeat_2_fold_3,ABCA4,0.0,0.0,0.0,0.0,0.0,0.0,0.0
repeat_2_fold_3,ABCA5,0.0,0.0,0.0,0.0,0.0,-7.985434567342464e-06,0.5
repeat_2_fold_3,ABCA6,0.0,0.0,0.0,0.0,0.0,0.0,0.0
repeat_2_fold_3,ABCA7,-0.050969035754814485,0.10193807150962897,0.050969035754814485,-0.10193807150962897,0.0,7.186891110616545e-05,0.5
repeat_2_fold_3,ABCA8,0.0,0.0,0.0,0.0,0.0,-0.0001521411870215872,0.5
repeat_2_fold_3,ABCB1,0.0,0.0,0.0,0.0,0.0,0.0,0.0
repeat_2_fold_3,ABCB11,0.0,0.0,0.0,0.0,0.0,0.00027225265045960345,0.5
repeat_2_fold_3,ABCB4,0.0,0.0,0.0,0.0,0.0,0.0,0.0
repeat_2_fold_3,ABCB6,0.0,0.0,0.0,0.0,0.0,-0.00023157760245312575,0.5
repeat_2_fold_3,ABCB7,0.0,0.0,0.0,0.0,0.0,0.0,0.0
repeat_2_fold_3,ABCB8,-0.08148174256154839,0.10624441906651767,0.053122209533258836,-0.13460395209480722,0.0,-0.0003963678293456563,0.5
repeat_2_fold_3,ABCB9,0.0,0.0,0.0,0.0,0.0,-0.00012011146343807177,0.5
repeat_2_fold_3,ABCC2,0.0,0.0,0.0,0.0,0.0,0.0,0.0
repeat_2_fold_3,ABCC3,-0.025128346160132153,0.05025669232026431,0.025128346160132153,-0.05025669232026431,0.0,-0.0001038106493755353,0.5
repeat_2_fold_3,ABCC4,0.0,0.0,0.0,0.0,0.0,0.0,0.0
repeat_2_fold_3,ABCC5,0.0,0.0,0.0,0.0,0.0,-3.194173826939761e-05,0.5
repeat_2_fold_3,ABCC6,-0.027756018765993318,0.04875732011407673,0.024378660057038364,-0.05213467882303168,0.0,-0.0003070103024367943,1.0
repeat_2_fold_3,ABCC8,-0.3199373084555539,0.20718434890634754,0.10359217445317377,-0.42352948290872766,0.0,0.0007990493722909164,1.0
repeat_2_fold_3,ABCC9,0.0,0.0,0.0,0.0,0.0,8.007430895870526e-05,0.5
repeat_2_fold_3,ABCD1,-0.12789895644752036,0.18246020252026962,0.09123010126013481,-0.21912905770765517,0.0,0.00022821178053233915,0.5
repeat_2_fold_3,ABCD2,-0.07609738191494664,0.0974767938999958,0.0487383969499979,-0.12483577886494454,0.0,-0.000495360899117947,1.0
repeat_2_fold_3,ABCD3,0.0,0.0,0.0,0.0,0.0,0.0,0.0
repeat_2_fold_3,ABCD4,0.0,0.0,0.0,0.0,0.0,0.0,0.0
repeat_2_fold_3,ABCE1,0.0,0.0,0.0,0.0,0.0,0.00022876168874538805,1.0
repeat_2_fold_3,ABCF1,0.022156779847081864,0.04431355969416372,0.02215677984708186,3.469446951953614e-18,0.25,-0.0002041894878447581,0.5
repeat_2_fold_3,ABCG1,0.0,0.0,0.0,0.0,0.0,-0.0011898297505350264,0.5
repeat_2_fold_3,ABCG2,0.0,0.0,0.0,0.0,0.0,5.2048300823143157e-05,0.5
repeat_2_fold_3,ABCG4,0.0,0.0,0.0,0.0,0.0,3.992717283674008e-05,0.5
repeat_2_fold_3,ABCG5,0.0,0.0,0.0,0.0,0.0,0.0,0.0
repeat_2_fold_3,ABHD17A,0.0,0.0,0.0,0.0,0.0,-4.003715447936651e-05,0.5
repeat_2_fold_3,ABHD17B,0.0,0.0,0.0,0.0,0.0,0.0,0.0
repeat_2_fold_3,ABHD3,-0.12124226897622492,0.13999851326116894,0.06999925663058447,-0.1912415256068094,0.0,-4.804458537524536e-05,0.5
repeat_2_fold_3,ABHD4,-0.07239225981235897,0.08520558702622569,0.042602793513112844,-0.11499505332547182,0.0,-0.0007341980572971585,1.0
repeat_2_fold_3,ABHD5,0.0,0.0,0.0,0.0,0.0,0.0,0.0
repeat_2_fold_3,ABHD6,0.0,0.0,0.0,0.0,0.0,0.0,0.0
repeat_2_fold_3,ABI1,0.0,0.0,0.0,0.0,0.0,0.0,0.0
repeat_2_fold_3,ABI2,-0.06390307500346282,0.0737889151105882,0.0368944575552941,-0.10079753255875692,0.0,0.0013096112690452744,0.5
repeat_2_fold_3,ABL1,0.022156779847081864,0.04431355969416372,0.02215677984708186,3.469446951953614e-18,0.25,-0.00011210403254222068,0.5
repeat_2_fold_3,ABLIM1,0.0,0.0,0.0,0.0,0.0,0.0,0.0
repeat_2_fold_3,ABLIM3,0.0,0.0,0.0,0.0,0.0,6.388347653879523e-05,0.5
repeat_2_fold_3,ABR,0.0,0.0,0.0,0.0,0.0,0.0,0.0
repeat_2_fold_3,ABRAXAS2,0.0,0.0,0.0,0.0,0.0,0.0,0.5
repeat_2_fold_3,ACAA1,0.0,0.0,0.0,0.0,0.0,0.0,0.0
repeat_2_fold_3,ACAA2,0.0,0.0,0.0,0.0,0.0,0.0,0.0
repeat_2_fold_3,ACACA,0.0,0.0,0.0,0.0,0.0,0.0,0.0
repeat_2_fold_3,ACACB,-0.0032844024762734847,0.12941499672869913,0.06470749836434957,-0.06799190084062305,0.25,0.00019165042961638568,0.5
repeat_2_fold_3,ACAD10,-0.06228397695564425,0.07191934172308331,0.03595967086154166,-0.0982436478171859,0.0,-8.007430895873302e-05,0.5
repeat_2_fold_3,ACAD8,0.0,0.0,0.0,0.0,0.0,7.98543456737022e-06,0.5
repeat_2_fold_3,ACADL,-0.0195560179543115,0.039112035908623,0.0195560179543115,-0.039112035908623,0.0,9.208545530250967e-05,0.5
repeat_2_fold_3,ACADM,0.014300672742589171,0.035951539927136,0.017975769963568,-0.0036750972209788277,0.25,3.202972358348766e-05,0.5
repeat_2_fold_3,ACADSB,0.0,0.0,0.0,0.0,0.0,0.0,0.0
repeat_2_fold_3,ACADVL,0.0,0.0,0.0,0.0,0.0,0.0,0.0
repeat_2_fold_3,ACAN,0.0,0.0,0.0,0.0,0.0,0.0,0.0
repeat_2_fold_3,ACAT2,0.0,0.0,0.0,0.0,0.0,0.00014373782221227538,0.5
repeat_2_fold_3,ACBD3,-0.050969035754814485,0.10193807150962897,0.050969035754814485,-0.10193807150962897,0.0,-0.00015970869134698806,0.5
repeat_2_fold_3,ACBD4,0.0,0.0,0.0,0.0,0.0,0.0,0.5
repeat_2_fold_3,ACD,0.0,0.0,0.0,0.0,0.0,0.0,0.0
repeat_2_fold_3,ACE,0.0,0.0,0.0,0.0,0.0,-4.003715447936651e-05,0.5
repeat_2_fold_3,ACE2,0.0,0.0,0.0,0.0,0.0,5.548011172951117e-05,1.0
repeat_2_fold_3,ACHE,-0.050969035754814485,0.10193807150962897,0.050969035754814485,-0.10193807150962897,0.0,-0.00011181808027141416,1.0
repeat_2_fold_3,ACIN1,0.0,0.0,0.0,0.0,0.0,-1.6014861791757706e-05,0.5
repeat_2_fold_3,ACKR2,-0.0825005426690737,0.0952634210365598,0.0476317105182799,-0.1301322531873536,0.0,-0.0002555339061551809,0.5
repeat_2_fold_3,ACKR3,0.0,0.0,0.0,0.0,0.0,0.0,0.0
repeat_2_fold_3,ACKR4,0.0,0.0,0.0,0.0,0.0,0.0,0.0
repeat_2_fold_3,ACLY,-0.12124226897622492,0.13999851326116894,0.06999925663058447,-0.1912415256068094,0.0,0.0002242080650843581,0.5
repeat_2_fold_3,ACO1,0.0,0.0,0.0,0.0,0.0,3.992717283674008e-05,0.5
repeat_2_fold_3,ACO2,0.0,0.0,0.0,0.0,0.0,-0.00024823035777205016,0.5
repeat_2_fold_3,ACOT11,0.0,0.0,0.0,0.0,0.0,8.783978024082262e-05,0.5
repeat_2_fold_3,ACOT13,0.0,0.0,0.0,0.0,0.0,0.0,0.0
repeat_2_fold_3,ACOT2,-0.002971566313050289,0.07729248768488928,0.03864624384244464,-0.04161781015549493,0.25,-0.00019167242594492206,1.0
repeat_2_fold_3,ACOT7,0.0,0.0,0.0,0.0,0.0,-0.0005204830082316536,0.5
repeat_2_fold_3,ACOT8,0.0,0.0,0.0,0.0,0.0,0.0,0.0
repeat_2_fold_3,ACOT9,0.0,0.0,0.0,0.0,0.0,0.0,0.0
repeat_2_fold_3,ACOX1,0.0,0.0,0.0,0.0,0.0,0.0,0.0
repeat_2_fold_3,ACOX2,0.0,0.0,0.0,0.0,0.0,0.0,0.0
repeat_2_fold_3,ACOX3,-0.0825005426690737,0.0952634210365598,0.0476317105182799,-0.1301322531873536,0.0,0.0001038106493755353,0.5
repeat_2_fold_3,ACOXL,0.0,0.0,0.0,0.0,0.0,-5.5392126415448883e-05,1.0
repeat_2_fold_3,ACP3,0.0,0.0,0.0,0.0,0.0,0.0,0.0
repeat_2_fold_3,ACP5,0.0,0.0,0.0,0.0,0.0,2.3956303702027393e-05,0.5
repeat_2_fold_3,ACP6,0.0,0.0,0.0,0.0,0.0,0.00012011146343804402,0.5
repeat_2_fold_3,ACR,0.0,0.0,0.0,0.0,0.0,0.0,0.5
repeat_2_fold_3,ACSBG1,-0.039112035908623,0.04516268892079559,0.022581344460397796,-0.06169338036902079,0.0,8.007430895870526e-05,0.5
repeat_2_fold_3,ACSBG2,0.0,0.0,0.0,0.0,0.0,0.0,0.0
repeat_2_fold_3,ACSF2,0.0,0.0,0.0,0.0,0.0,2.4022292687581048e-05,0.5
repeat_2_fold_3,ACSL1,0.0,0.0,0.0,0.0,0.0,4.806658170372624e-05,1.0
repeat_2_fold_3,ACSL4,0.0,0.0,0.0,0.0,0.0,-3.194173826939761e-05,0.5
repeat_2_fold_3,ACSL5,-0.09973317039673546,0.1518619951167766,0.0759309975583883,-0.17566416795512374,0.0,-4.0037154479394266e-05,0.5
repeat_2_fold_3,ACSL6,0.0,0.0,0.0,0.0,0.0,0.0,0.0
repeat_2_fold_3,ACSM2A,0.0,0.0,0.0,0.0,0.0,-0.00011179608394287777,0.5
repeat_2_fold_3,ACSM3,0.0,0.0,0.0,0.0,0.0,-7.985434567342464e-06,0.5
repeat_2_fold_3,ACSM5,-0.05326286847642159,0.06324232712062801,0.031621163560314004,-0.08488403203673558,0.0,0.0005164792927836726,0.5
repeat_2_fold_3,ACSS3,-0.031141988477822125,0.06228397695564424,0.03114198847782212,-0.06228397695564425,0.0,-0.00040437526024153514,0.5
repeat_2_fold_3,ACTA1,-0.050969035754814485,0.10193807150962897,0.050969035754814485,-0.10193807150962897,0.0,-0.00025553390615515315,0.5
repeat_2_fold_3,ACTA2,0.15843228038561108,0.18294183945791764,0.09147091972895882,0.06696136065665226,0.5,6.383948388169469e-05,1.0
repeat_2_fold_3,ACTB,0.0,0.0,0.0,0.0,0.0,-3.194173826939761e-05,0.5
repeat_2_fold_3,ACTC1,0.0,0.0,0.0,0.0,0.0,-8.117412538505286e-06,1.0
repeat_2_fold_3,ACTG1,0.0,0.0,0.0,0.0,0.0,8.007430895851098e-06,0.5
repeat_2_fold_3,ACTG2,0.0,0.0,0.0,0.0,0.0,0.0,0.0
repeat_2_fold_3,ACTL6A,0.0,0.0,0.0,0.0,0.0,-8.007430895878853e-06,0.5
repeat_2_fold_3,ACTL6B,0.0,0.0,0.0,0.0,0.0,0.0,0.0
repeat_2_fold_3,ACTN1,0.0,0.0,0.0,0.0,0.0,0.0,0.0
repeat_2_fold_3,ACTN2,0.0,0.0,0.0,0.0,0.0,0.0,0.0
repeat_2_fold_3,ACTN3,0.0,0.0,0.0,0.0,0.0,-7.208887439139056e-05,1.0
repeat_2_fold_3,ACTN4,0.022156779847081864,0.04431355969416372,0.02215677984708186,3.469446951953614e-18,0.25,-6.357552793948007e-05,1.0
repeat_2_fold_3,ACTR10,0.0,0.0,0.0,0.0,0.0,0.0,0.0
repeat_2_fold_3,ACTR1A,0.0,0.0,0.0,0.0,0.0,0.0,0.5
repeat_2_fold_3,ACTR1B,0.0,0.0,0.0,0.0,0.0,-2.395630370205515e-05,0.5
repeat_2_fold_3,ACTR2,-0.10472701540049734,0.1615689690591779,0.08078448452958895,-0.18551149993008628,0.0,0.00032430095128277436,0.5
repeat_2_fold_3,ACTR3,0.0,0.0,0.0,0.0,0.0,0.0,0.0
repeat_2_fold_3,ACTR5,0.0,0.0,0.0,0.0,0.0,-8.808173985461187e-05,0.5
repeat_2_fold_3,ACTR8,0.0,0.0,0.0,0.0,0.0,0.0,0.0
repeat_2_fold_3,ACVR1B,0.0,0.0,0.0,0.0,0.0,-0.00016014861791743829,0.5
repeat_2_fold_3,ACVR2A,-0.04125027133453685,0.0825005426690737,0.04125027133453685,-0.0825005426690737,0.0,0.0007600460452520663,1.0
repeat_2_fold_3,ACVR2B,0.0,0.0,0.0,0.0,0.0,9.608917075043522e-05,0.5
repeat_2_fold_3,ACVRL1,0.0,0.0,0.0,0.0,0.0,0.0,0.0
repeat_2_fold_3,ADA,-0.04125027133453685,0.0825005426690737,0.04125027133453685,-0.0825005426690737,0.0,-0.00016769412591433053,0.5
repeat_2_fold_3,ADAM10,0.0,0.0,0.0,0.0,0.0,0.00010409660164631407,0.5
repeat_2_fold_3,ADAM11,0.0,0.0,0.0,0.0,0.0,0.0,0.0
repeat_2_fold_3,ADAM12,0.0943406383580161,0.10893518590304345,0.054467592951521725,0.03987304540649437,0.5,5.541412274392976e-05,1.0
repeat_2_fold_3,ADAM15,0.0,0.0,0.0,0.0,0.0,0.0,0.0
repeat_2_fold_3,ADAM17,-0.0686698287419567,0.04138197615718348,0.02069098807859174,-0.08936081682054844,0.0,-0.00042824357862950024,1.0
repeat_2_fold_3,ADAM19,0.0943406383580161,0.10893518590304345,0.054467592951521725,0.03987304540649437,0.5,0.00046304522326362507,1.0
repeat_2_fold_3,ADAM2,0.0,0.0,0.0,0.0,0.0,-0.0001038106493755353,0.5
repeat_2_fold_3,ADAM20,0.0,0.0,0.0,0.0,0.0,0.0,0.0
repeat_2_fold_3,ADAM21,-0.09221930708935844,0.18443861417871688,0.09221930708935844,-0.18443861417871688,0.0,-0.00030344651355926344,0.5
repeat_2_fold_3,ADAM22,0.0,0.0,0.0,0.0,0.0,0.0,0.0
repeat_2_fold_3,ADAM23,0.0,0.0,0.0,0.0,0.0,9.608917075043522e-05,0.5
repeat_2_fold_3,ADAM30,0.0,0.0,0.0,0.0,0.0,4.0037154479338755e-05,0.5
repeat_2_fold_3,ADAM8,0.0,0.0,0.0,0.0,0.0,0.0,0.0
repeat_2_fold_3,ADAM9,0.0,0.0,0.0,0.0,0.0,0.0,0.0
repeat_2_fold_3,ADAMTS1,0.0,0.0,0.0,0.0,0.0,-6.005573171907752e-05,0.5
repeat_2_fold_3,ADAMTS12,0.10746324463079127,0.14941679583469183,0.07470839791734592,0.03275484671344535,0.5,-0.0007027182419267197,0.5
repeat_2_fold_3,ADAMTS13,0.0,0.0,0.0,0.0,0.0,0.0,0.0
repeat_2_fold_3,ADAMTS2,0.0,0.0,0.0,0.0,0.0,0.0,0.0
repeat_2_fold_3,ADAMTS3,-0.0195560179543115,0.039112035908623,0.0195560179543115,-0.039112035908623,0.0,0.00024823035777199465,0.5
repeat_2_fold_3,ADAMTS5,-0.04125027133453685,0.0825005426690737,0.04125027133453685,-0.0825005426690737,0.0,-0.0001919583782157286,1.0
repeat_2_fold_3,ADAMTS7,0.0,0.0,0.0,0.0,0.0,-6.405944716700307e-05,0.5
repeat_2_fold_3,ADAMTS8,0.0,0.0,0.0,0.0,0.0,0.0,0.0
repeat_2_fold_3,ADAMTS9,0.0,0.0,0.0,0.0,0.0,-4.791260740408254e-05,0.5
repeat_2_fold_3,ADAMTSL2,0.0,0.0,0.0,0.0,0.0,0.00017567956048170075,0.5
repeat_2_fold_3,ADAMTSL3,0.0,0.0,0.0,0.0,0.0,0.0,0.0
repeat_2_fold_3,ADAMTSL4,0.0,0.0,0.0,0.0,0.0,0.00024022292687614355,0.5
repeat_2_fold_3,ADAP1,-0.16972417445628274,0.27884159195147024,0.13942079597573512,-0.30914497043201783,0.0,0.00025700766016611976,1.0
repeat_2_fold_3,ADAR,0.0,0.0,0.0,0.0,0.0,0.0,0.0
repeat_2_fold_3,ADARB1,0.0,0.0,0.0,0.0,0.0,0.0,0.0
repeat_2_fold_3,ADAT1,-0.1182394137303362,0.13653111469206627,0.06826555734603314,-0.18650497107636932,0.0,-0.0004237559439540517,1.0
repeat_2_fold_3,ADCY1,-0.14702321657655482,0.3017335290876016,0.1508667645438008,-0.2978899811203556,0.25,2.00185772396555e-05,0.5
repeat_2_fold_3,ADCY10,-0.041878805066572156,0.08375761013314433,0.04187880506657216,-0.08375761013314431,0.0,-0.00028826751225136116,0.5
repeat_2_fold_3,ADCY2,0.0,0.0,0.0,0.0,0.0,0.0,0.0
repeat_2_fold_3,ADCY3,-0.041878805066572156,0.08375761013314433,0.04187880506657216,-0.08375761013314431,0.0,-0.0005965536017424333,0.5
repeat_2_fold_3,ADCY6,0.0,0.0,0.0,0.0,0.0,-0.0005589804197144443,0.5
repeat_2_fold_3,ADCY7,0.0,0.0,0.0,0.0,0.0,-0.00025553390615515315,0.5
repeat_2_fold_3,ADCY8,0.0,0.0,0.0,0.0,0.0,0.0,0.0
repeat_2_fold_3,ADCY9,0.0,0.0,0.0,0.0,0.0,0.00038316888126160853,1.0
repeat_2_fold_3,ADCYAP1,0.0,0.0,0.0,0.0,0.0,-1.2011146343832158e-05,0.5
repeat_2_fold_3,ADCYAP1R1,-0.14318834284417292,0.17853504342026677,0.08926752171013339,-0.2324558645543063,0.0,7.985434567342464e-06,0.5
repeat_2_fold_3,ADD1,0.0,0.0,0.0,0.0,0.0,0.0,0.5
repeat_2_fold_3,ADD2,0.0,0.0,0.0,0.0,0.0,6.401545450990254e-05,1.0
repeat_2_fold_3,ADD3,0.0,0.0,0.0,0.0,0.0,-0.00011210403254222068,0.5
repeat_2_fold_3,ADGRE1,0.0,0.0,0.0,0.0,0.0,1.601486179172995e-05,0.5
repeat_2_fold_3,ADGRE2,0.03796586885826869,0.2015464208256195,0.10077321041280975,-0.06280734155454105,0.25,-7.985434567348015e-05,0.5
repeat_2_fold_3,ADGRE3,0.0,0.0,0.0,0.0,0.0,-0.00015970869134698806,0.5
repeat_2_fold_3,ADGRF5,0.013171571216341604,0.053080281097130234,0.026540140548565117,-0.013368569332223513,0.25,0.00042839755292908843,0.5
repeat_2_fold_3,ADGRG3,0.0,0.0,0.0,0.0,0.0,-3.992717283674008e-05,0.5
repeat_2_fold_3,ADGRG6,0.0,0.0,0.0,0.0,0.0,0.0,0.0
repeat_2_fold_3,ADGRV1,0.0,0.0,0.0,0.0,0.0,-0.00023157760245312575,0.5
repeat_2_fold_3,ADH1A,0.0,0.0,0.0,0.0,0.0,0.0,0.0
repeat_2_fold_3,ADH1B,-0.11734765324949059,0.17425217664819997,0.08712608832409999,-0.20447374157359058,0.0,-5.589804197145276e-05,0.5
repeat_2_fold_3,ADH1C,-0.02079285209180526,0.04158570418361052,0.02079285209180526,-0.04158570418361052,0.0,-0.0005211648944158098,1.0
repeat_2_fold_3,ADH5,0.0,0.0,0.0,0.0,0.0,-0.0003603343903142153,0.5
repeat_2_fold_3,ADH7,0.0,0.0,0.0,0.0,0.0,0.00024754847158783844,0.5
repeat_2_fold_3,ADI1,0.0,0.0,0.0,0.0,0.0,0.0,0.0
repeat_2_fold_3,ADIPOQ,0.0,0.0,0.0,0.0,0.0,-0.0005270386814450467,0.5
repeat_2_fold_3,ADIPOR1,0.0,0.0,0.0,0.0,0.0,0.0,0.0
repeat_2_fold_3,ADIPOR2,-0.031141988477822125,0.06228397695564424,0.03114198847782212,-0.06228397695564425,0.0,-8.808173985458412e-05,0.5
repeat_2_fold_3,ADIRF,0.0,0.0,0.0,0.0,0.0,0.0,0.0
repeat_2_fold_3,ADK,0.15843228038561108,0.18294183945791764,0.09147091972895882,0.06696136065665226,0.5,-0.00011978151851024799,0.5
repeat_2_fold_3,ADM,0.0,0.0,0.0,0.0,0.0,-1.597086913468493e-05,0.5
repeat_2_fold_3,ADM2,0.0,0.0,0.0,0.0,0.0,0.0,0.0
repeat_2_fold_3,ADO,0.0,0.0,0.0,0.0,0.0,-0.00027949020985723605,0.5
repeat_2_fold_3,ADORA1,0.0,0.0,0.0,0.0,0.0,0.0,0.0
repeat_2_fold_3,ADORA2A,-0.0195560179543115,0.039112035908623,0.0195560179543115,-0.039112035908623,0.0,2.8026008135534353e-05,0.5
repeat_2_fold_3,ADORA2B,0.0,0.0,0.0,0.0,0.0,0.0,0.0
repeat_2_fold_3,ADORA3,0.0,0.0,0.0,0.0,0.0,0.0,0.0
repeat_2_fold_3,ADRA1A,0.0,0.0,0.0,0.0,0.0,0.000608608740743255,1.0
repeat_2_fold_3,ADRA1B,-0.2310042536330421,0.26833851708562456,0.13416925854281228,-0.36517351217585436,0.0,-3.202972358351541e-05,0.5
repeat_2_fold_3,ADRA1D,0.0,0.0,0.0,0.0,0.0,0.0,0.0
repeat_2_fold_3,ADRA2A,-0.055427797706579796,0.11085559541315959,0.055427797706579796,-0.11085559541315959,0.0,-0.0004604272765126316,0.5
repeat_2_fold_3,ADRA2B,0.022156779847081864,0.04431355969416372,0.02215677984708186,3.469446951953614e-18,0.25,-0.00040037154479358184,0.5
repeat_2_fold_3,ADRA2C,0.0,0.0,0.0,0.0,0.0,0.0,0.0
repeat_2_fold_3,ADRB1,0.0,0.0,0.0,0.0,0.0,0.0,0.0
repeat_2_fold_3,ADRB2,0.021861243212182302,0.043722486424364604,0.021861243212182302,0.0,0.25,-0.0006084767627721477,1.0
repeat_2_fold_3,ADRB3,0.0,0.0,0.0,0.0,0.0,-0.0005509949851470741,0.5
repeat_2_fold_3,ADRM1,0.0,0.0,0.0,0.0,0.0,0.0,0.0
repeat_2_fold_3,ADSL,-0.00644706410257001,0.012894128205140019,0.0064470641025700095,-0.01289412820514002,0.0,-0.00025623778866790126,0.5
repeat_2_fold_3,ADSS2,0.0,0.0,0.0,0.0,0.0,2.395630370205515e-05,0.5
repeat_2_fold_3,AFDN,-0.0591197068651681,0.1182394137303362,0.0591197068651681,-0.1182394137303362,0.0,-0.0004364049838250228,0.5
repeat_2_fold_3,AFF4,0.0,0.0,0.0,0.0,0.0,0.0,0.0
repeat_2_fold_3,AFG3L2,0.0,0.0,0.0,0.0,0.0,0.0,0.0
repeat_2_fold_3,AFP,0.21770262296404397,0.25782237642107947,0.12891118821053973,0.08879143475350423,0.5,-0.0003274028172613186,0.5
repeat_2_fold_3,AGA,0.03796586885826869,0.2015464208256195,0.10077321041280975,-0.06280734155454105,0.25,-1.5970869134712684e-05,0.5
repeat_2_fold_3,AGAP2,0.0,0.0,0.0,0.0,0.0,0.0,0.0
repeat_2_fold_3,AGBL2,0.0,0.0,0.0,0.0,0.0,0.0,0.0
repeat_2_fold_3,AGBL3,0.0,0.0,0.0,0.0,0.0,-6.388347653879523e-05,0.5
repeat_2_fold_3,AGBL5,-0.13986036750529962,0.17328179575331099,0.08664089787665549,-0.2265012653819551,0.0,-0.0005405015854713369,0.5
repeat_2_fold_3,AGER,0.0,0.0,0.0,0.0,0.0,0.0,0.0
repeat_2_fold_3,AGFG1,0.0,0.0,0.0,0.0,0.0,0.0,0.0
repeat_2_fold_3,AGGF1,-0.02272193131682876,0.13199333264402632,0.06599666632201316,-0.08871859763884192,0.25,-3.194173826939761e-05,0.5
repeat_2_fold_3,AGK,0.0,0.0,0.0,0.0,0.0,0.0,0.0
repeat_2_fold_3,AGL,0.0,0.0,0.0,0.0,0.0,0.0,0.0
repeat_2_fold_3,AGMAT,0.0,0.0,0.0,0.0,0.0,-1.6014861791757706e-05,0.5
repeat_2_fold_3,AGO2,0.0,0.0,0.0,0.0,0.0,6.388347653879523e-05,0.5
repeat_2_fold_3,AGO4,-0.10331362808745226,0.12349672829701917,0.06174836414850959,-0.16506199223596185,0.0,0.0009128471221293288,0.5
repeat_2_fold_3,AGPAT1,0.0,0.0,0.0,0.0,0.0,0.0,0.0
repeat_2_fold_3,AGPAT2,0.0,0.0,0.0,0.0,0.0,0.0,0.0
repeat_2_fold_3,AGPAT3,0.0,0.0,0.0,0.0,0.0,0.00017556957883904656,1.0
repeat_2_fold_3,AGPAT4,0.0,0.0,0.0,0.0,0.0,-0.00024754847158783844,0.5
repeat_2_fold_3,AGPAT5,0.0,0.0,0.0,0.0,0.0,0.0,0.0
repeat_2_fold_3,AGPS,-0.18342945773609287,0.2128815925429867,0.10644079627149335,-0.2898702540075862,0.0,-0.00014072394154784895,1.0
repeat_2_fold_3,AGRN,0.0,0.0,0.0,0.0,0.0,0.0,0.5
repeat_2_fold_3,AGRP,0.0,0.0,0.0,0.0,0.0,-1.6014861791757706e-05,0.5
repeat_2_fold_3,AGT,0.0,0.0,0.0,0.0,0.0,0.0,0.0
repeat_2_fold_3,AGTPBP1,-0.12290511144375849,0.1730337551356373,0.08651687756781865,-0.20942198901157713,0.0,-0.00036834182121012193,0.5
repeat_2_fold_3,AGTR1,0.0,0.0,0.0,0.0,0.0,-0.0002402229268761713,0.5
repeat_2_fold_3,AGTR2,0.05408779403267516,0.10817558806535033,0.05408779403267516,0.0,0.25,-0.000590922157983842,0.5
repeat_2_fold_3,AGXT,-0.031141988477822125,0.06228397695564424,0.03114198847782212,-0.06228397695564425,0.0,3.6341387630700606e-05,1.0
repeat_2_fold_3,AHCTF1,0.0,0.0,0.0,0.0,0.0,0.0,0.0
repeat_2_fold_3,AHCY,-0.06062113448811246,0.1212422689762249,0.06062113448811245,-0.12124226897622492,0.0,-0.0002001857723968048,0.5
repeat_2_fold_3,AHCYL1,0.0,0.0,0.0,0.0,0.0,-0.0004152425975021412,0.5
repeat_2_fold_3,AHCYL2,0.0,0.0,0.0,0.0,0.0,0.00012776695307759045,0.5
repeat_2_fold_3,AHI1,0.0,0.0,0.0,0.0,0.0,0.0,0.0
repeat_2_fold_3,AHSG,-0.04555910001119301,0.053650235972332004,0.026825117986166002,-0.07238421799735902,0.0,-8.007430895873302e-05,0.5
repeat_2_fold_3,AICDA,0.0,0.0,0.0,0.0,0.0,0.0,0.0
repeat_2_fold_3,AIM2,0.0,0.0,0.0,0.0,0.0,0.0,0.0
repeat_2_fold_3,AIMP1,-0.01695525606153936,0.041139218830642706,0.020569609415321353,-0.03752486547686071,0.25,-0.0003803529675538986,0.5
repeat_2_fold_3,AK1,0.0,0.0,0.0,0.0,0.0,-3.992717283674008e-05,0.5
repeat_2_fold_3,AK2,0.15843228038561108,0.18294183945791764,0.09147091972895882,0.06696136065665226,0.5,0.0002874756444245785,0.5
repeat_2_fold_3,AK4,-0.09221930708935133,0.10766187417870694,0.05383093708935347,-0.1460502441787048,0.0,-0.00011179608394287777,0.5
repeat_2_fold_3,AK5,0.0,0.0,0.0,0.0,0.0,-7.985434567342464e-06,0.5
repeat_2_fold_3,AKAP1,-0.050969035754814485,0.10193807150962897,0.050969035754814485,-0.10193807150962897,0.0,-0.0001437158258837945,1.0
repeat_2_fold_3,AKAP10,0.0,0.0,0.0,0.0,0.0,4.791260740408254e-05,0.5
repeat_2_fold_3,AKAP12,0.0,0.0,0.0,0.0,0.0,-0.00014373782221227538,0.5
repeat_2_fold_3,AKAP13,0.0,0.0,0.0,0.0,0.0,-0.00012811889433395063,0.5
repeat_2_fold_3,AKAP5,0.0,0.0,0.0,0.0,0.0,0.00014397978182600912,1.0
repeat_2_fold_3,AKAP8L,-0.02459596625736893,0.04919193251473786,0.02459596625736893,-0.04919193251473786,0.0,-0.0008226757310651756,1.0
repeat_2_fold_3,AKAP9,0.0,0.0,0.0,0.0,0.0,0.00014373782221227538,0.5
repeat_2_fold_3,AKR1B1,0.0,0.0,0.0,0.0,0.0,7.985434567342464e-06,0.5
repeat_2_fold_3,AKR1B10,0.0,0.0,0.0,0.0,0.0,0.0,0.0
repeat_2_fold_3,AKR1C1,0.0,0.0,0.0,0.0,0.0,-0.00010409660164634182,0.5
repeat_2_fold_3,AKR1C3,-0.10749378455844649,0.21498756911689298,0.10749378455844649,-0.21498756911689298,0.0,-0.0002482303577720224,0.5
repeat_2_fold_3,AKR1C4,0.07921614019280554,0.15843228038561108,0.07921614019280554,0.0,0.25,9.582521480819284e-05,0.5
repeat_2_fold_3,AKR1D1,0.0,0.0,0.0,0.0,0.0,0.0,0.0
repeat_2_fold_3,AKR7A2,0.0,0.0,0.0,0.0,0.0,0.0,0.0
repeat_2_fold_3,AKR7A3,0.0,0.0,0.0,0.0,0.0,0.0,0.0
repeat_2_fold_3,AKT1,0.0,0.0,0.0,0.0,0.0,0.0,0.0
repeat_2_fold_3,AKT2,0.0,0.0,0.0,0.0,0.0,0.00023956303702049597,0.5
repeat_2_fold_3,AKT3,0.0,0.0,0.0,0.0,0.0,-9.608917075046297e-05,0.5
repeat_2_fold_3,ALAD,0.0,0.0,0.0,0.0,0.0,0.0,0.0
repeat_2_fold_3,ALAS1,0.0,0.0,0.0,0.0,0.0,-8.808173985458412e-05,0.5
repeat_2_fold_3,ALB,-0.09176312296593458,0.11638161845385073,0.058190809226925364,-0.14995393219285996,0.0,-4.003715447953304e-06,0.5
repeat_2_fold_3,ALCAM,0.0,0.0,0.0,0.0,0.0,0.0,0.0
repeat_2_fold_3,ALDH18A1,-0.06228397695564425,0.07191934172308331,0.03595967086154166,-0.0982436478171859,0.0,-4.003715447925549e-06,0.5
repeat_2_fold_3,ALDH1A1,0.0,0.0,0.0,0.0,0.0,-5.5986027285542805e-05,1.0
repeat_2_fold_3,ALDH1A2,-0.0591197068651681,0.1182394137303362,0.0591197068651681,-0.1182394137303362,0.0,-0.0002242080650844136,0.5
repeat_2_fold_3,ALDH1A3,0.0,0.0,0.0,0.0,0.0,5.2048300823143157e-05,0.5
repeat_2_fold_3,ALDH1L1,0.0,0.0,0.0,0.0,0.0,0.0,0.0
repeat_2_fold_3,ALDH2,0.19755556302229138,0.22811751498165603,0.11405875749082801,0.08349680553146337,0.5,0.0001038106493755353,0.5
repeat_2_fold_3,ALDH3A1,0.0,0.0,0.0,0.0,0.0,0.0,0.5
repeat_2_fold_3,ALDH3A2,0.0,0.0,0.0,0.0,0.0,-0.00027949020985723605,0.5
repeat_2_fold_3,ALDH3B1,0.0,0.0,0.0,0.0,0.0,2.395630370205515e-05,0.5
repeat_2_fold_3,ALDH3B2,0.0,0.0,0.0,0.0,0.0,0.00028756362973866856,1.0
repeat_2_fold_3,ALDH4A1,-0.03327101785949438,0.06654203571898876,0.03327101785949438,-0.06654203571898876,0.0,0.00045642356106465054,0.5
repeat_2_fold_3,ALDH5A1,-0.025128346160132153,0.05025669232026431,0.025128346160132153,-0.05025669232026431,0.0,7.98543456737022e-06,0.5
repeat_2_fold_3,ALDH6A1,0.0,0.0,0.0,0.0,0.0,0.0,0.0
repeat_2_fold_3,ALDH7A1,0.0,0.0,0.0,0.0,0.0,0.0,0.0
repeat_2_fold_3,ALDH8A1,0.0,0.0,0.0,0.0,0.0,0.0,0.0
repeat_2_fold_3,ALDH9A1,0.07239294885121161,0.2967004063888415,0.14835020319442074,-0.07595725434320913,0.25,-0.00018366499504901546,0.5
repeat_2_fold_3,ALDOA,-0.053250673020027506,0.1135426662823597,0.05677133314117985,-0.11002200616120736,0.25,0.0002882675122513334,0.5
repeat_2_fold_3,ALDOB,0.0,0.0,0.0,0.0,0.0,-0.00035934455553068845,0.5
repeat_2_fold_3,ALDOC,-0.03327101785949793,0.13239181232370986,0.06619590616185493,-0.09946692402135286,0.25,-0.00011995748913842808,1.0
repeat_2_fold_3,ALG13,-0.031141988477822125,0.06228397695564424,0.03114198847782212,-0.06228397695564425,0.0,-7.206687806285417e-05,0.5
repeat_2_fold_3,ALG3,0.0,0.0,0.0,0.0,0.0,0.0,0.0
repeat_2_fold_3,ALG5,0.0,0.0,0.0,0.0,0.0,0.0,0.0
repeat_2_fold_3,ALG6,0.0,0.0,0.0,0.0,0.0,0.0,0.5
repeat_2_fold_3,ALG8,0.0,0.0,0.0,0.0,0.0,0.0,0.0
repeat_2_fold_3,ALG9,-0.0591197068651681,0.1182394137303362,0.0591197068651681,-0.1182394137303362,0.0,-1.6014861791757706e-05,0.5
repeat_2_fold_3,ALK,0.0,0.0,0.0,0.0,0.0,0.0,0.0
repeat_2_fold_3,ALMS1,0.0,0.0,0.0,0.0,0.0,0.0,0.0
repeat_2_fold_3,ALOX12,-0.13779543168464592,0.1622855782034312,0.0811427891017156,-0.21893822078636152,0.0,-0.0002713288046617135,1.0
repeat_2_fold_3,ALOX12B,-0.1428448583034232,0.1726047524893444,0.0863023762446722,-0.22914723454809538,0.0,0.0004003715447935263,0.5
repeat_2_fold_3,ALOX15,0.0,0.0,0.0,0.0,0.0,-9.582521480819284e-05,0.5
repeat_2_fold_3,ALOX15B,0.0,0.0,0.0,0.0,0.0,-0.00019165042961638568,0.5
repeat_2_fold_3,ALOX5,0.0,0.0,0.0,0.0,0.0,0.0,0.0
repeat_2_fold_3,ALOX5AP,0.0,0.0,0.0,0.0,0.0,0.0,0.0
repeat_2_fold_3,ALOXE3,0.0,0.0,0.0,0.0,0.0,0.0,0.0
repeat_2_fold_3,ALPG,0.0,0.0,0.0,0.0,0.0,3.20297235834599e-05,0.5
repeat_2_fold_3,ALPI,0.10746324463079127,0.14941679583469186,0.07470839791734593,0.032754846713445335,0.5,0.00031145394445511454,1.0
repeat_2_fold_3,ALPK1,0.0,0.0,0.0,0.0,0.0,-0.00015172325677961784,0.5
repeat_2_fold_3,ALPL,0.0,0.0,0.0,0.0,0.0,0.0,0.0
repeat_2_fold_3,ALPP,0.0,0.0,0.0,0.0,0.0,0.0002475484715878107,0.5
repeat_2_fold_3,ALS2CL,0.0,0.0,0.0,0.0,0.0,7.985434567342464e-06,0.5
repeat_2_fold_3,ALX3,0.0,0.0,0.0,0.0,0.0,0.0,0.0
repeat_2_fold_3,AMACR,0.0,0.0,0.0,0.0,0.0,0.0,0.0
repeat_2_fold_3,AMBN,0.0,0.0,0.0,0.0,0.0,4.804458537521761e-05,0.5
repeat_2_fold_3,AMBP,0.0,0.0,0.0,0.0,0.0,0.0,0.0
repeat_2_fold_3,AMBRA1,0.0,0.0,0.0,0.0,0.0,4.003715447897793e-06,0.5
repeat_2_fold_3,AMD1,-0.18352624593187272,0.21191785498425636,0.10595892749212818,-0.28948517342400093,0.0,0.00018417091060501933,0.5
repeat_2_fold_3,AMDHD2,0.07921614019280554,0.15843228038561108,0.07921614019280554,0.0,0.25,7.985434567342464e-06,0.5
repeat_2_fold_3,AMELX,-0.03369465506571956,0.06738931013143912,0.03369465506571956,-0.06738931013143912,0.0,0.00010409660164631407,0.5
repeat_2_fold_3,AMFR,0.0,0.0,0.0,0.0,0.0,-0.00018366499504901546,0.5
repeat_2_fold_3,AMH,0.0,0.0,0.0,0.0,0.0,0.0,0.0
repeat_2_fold_3,AMHR2,0.0,0.0,0.0,0.0,0.0,0.0002076212987510706,0.5
repeat_2_fold_3,AMIGO2,-0.031141988477822125,0.06228397695564424,0.03114198847782212,-0.06228397695564425,0.0,0.0005035443006419504,1.0
repeat_2_fold_3,AMN,0.0,0.0,0.0,0.0,0.0,0.00012811889433395063,0.5
repeat_2_fold_3,AMOT,0.0,0.0,0.0,0.0,0.0,-1.6014861791757706e-05,0.5
repeat_2_fold_3,AMOTL2,0.0,0.0,0.0,0.0,0.0,-0.00016014861791743829,0.5
repeat_2_fold_3,AMPD1,-0.06561497949187434,0.13122995898374867,0.06561497949187434,-0.13122995898374867,0.0,-0.00028826751225136116,0.5
repeat_2_fold_3,AMPD2,-0.050969035754814485,0.10193807150962897,0.050969035754814485,-0.10193807150962897,0.0,-0.000175679560481673,0.5
repeat_2_fold_3,AMPD3,0.0,0.0,0.0,0.0,0.0,0.0,0.0
repeat_2_fold_3,AMPH,0.0,0.0,0.0,0.0,0.0,0.0,0.0
repeat_2_fold_3,AMY1A,0.0,0.0,0.0,0.0,0.0,0.0,0.0
repeat_2_fold_3,ANAPC1,0.0,0.0,0.0,0.0,0.0,0.0,0.0
repeat_2_fold_3,ANAPC10,0.0,0.0,0.0,0.0,0.0,4.0037154479338755e-05,0.5
repeat_2_fold_3,ANAPC13,0.028247104437985726,0.05649420887597145,0.028247104437985726,0.0,0.25,-8.783978024085037e-05,0.5
repeat_2_fold_3,ANAPC2,0.0,0.0,0.0,0.0,0.0,4.0037154479338755e-05,0.5
repeat_2_fold_3,ANAPC5,-0.10193807150962897,0.11770794605351122,0.05885397302675561,-0.16079204453638457,0.0,-0.00019167242594492206,1.0
repeat_2_fold_3,ANG,0.0,0.0,0.0,0.0,0.0,0.0,0.0
repeat_2_fold_3,ANGPT2,0.0,0.0,0.0,0.0,0.0,5.605201627109646e-05,0.5
repeat_2_fold_3,ANGPT4,0.0,0.0,0.0,0.0,0.0,0.0,0.5
repeat_2_fold_3,ANGPTL3,0.0,0.0,0.0,0.0,0.0,0.0,0.0
repeat_2_fold_3,ANGPTL4,0.0,0.0,0.0,0.0,0.0,0.0,0.0
repeat_2_fold_3,ANGPTL8,0.0,0.0,0.0,0.0,0.0,-7.206687806285417e-05,0.5
repeat_2_fold_3,ANK1,0.0,0.0,0.0,0.0,0.0,-0.00037531542466540113,0.5
repeat_2_fold_3,ANK2,-0.14318834284417292,0.17853504342026677,0.08926752171013339,-0.2324558645543063,0.0,-0.0017567956048168132,0.5
repeat_2_fold_3,ANK3,0.0,0.0,0.0,0.0,0.0,0.0002874756444245785,0.5
repeat_2_fold_3,ANKH,0.0,0.0,0.0,0.0,0.0,0.0,0.0
repeat_2_fold_3,ANKLE2,-0.039112035908623,0.04516268892079559,0.022581344460397796,-0.06169338036902079,0.0,0.00010409660164631407,0.5
repeat_2_fold_3,ANKRD1,0.0,0.0,0.0,0.0,0.0,0.0,0.0
repeat_2_fold_3,ANKRD26,0.0,0.0,0.0,0.0,0.0,0.0,0.5
repeat_2_fold_3,ANKRD27,0.0,0.0,0.0,0.0,0.0,0.0,0.0
repeat_2_fold_3,ANO1,0.044145844413222335,0.08829168882644467,0.044145844413222335,0.0,0.25,0.00015970869134698806,0.5
repeat_2_fold_3,ANO10,0.0,0.0,0.0,0.0,0.0,-3.194173826939761e-05,0.5
repeat_2_fold_3,ANTXR1,0.0,0.0,0.0,0.0,0.0,-4.791260740408254e-05,0.5
repeat_2_fold_3,ANXA1,0.0,0.0,0.0,0.0,0.0,8.808173985458412e-05,0.5
repeat_2_fold_3,AP1B1,0.0,0.0,0.0,0.0,0.0,0.000143759818540784,1.0
repeat_2_fold_3,AP1S1,-0.2085427820465071,0.32722382136633393,0.16361191068316697,-0.37215469272967405,0.0,-0.0009809102847442575,0.5
repeat_2_fold_3,AP3B1,-0.22540505099844665,0.26910990479286967,0.13455495239643483,-0.3599600033948815,0.0,-0.0003723455366580475,0.5
repeat_2_fold_3,AP3S1,0.0,0.0,0.0,0.0,0.0,0.0,0.0
repeat_2_fold_3,APAF1,0.0,0.0,0.0,0.0,0.0,-4.793460373261893e-05,1.0
repeat_2_fold_3,APLNR,0.0,0.0,0.0,0.0,0.0,0.0,0.0
repeat_2_fold_3,APOM,0.0,0.0,0.0,0.0,0.0,0.0,0.0
repeat_2_fold_3,AQP8,0.022156779847081864,0.04431355969416372,0.02215677984708186,3.469446951953614e-18,0.25,0.000276256365907529,0.5
repeat_2_fold_3,AR,0.002600761892772141,0.005201523785544283,0.0026007618927721414,-4.336808689942018e-19,0.25,-0.00033230838217868097,0.5
repeat_2_fold_3,ARHGAP10,0.0,0.0,0.0,0.0,0.0,0.00027225265045960345,0.5
repeat_2_fold_3,ARL4C,0.0,0.0,0.0,0.0,0.0,0.00011210403254219292,0.5
repeat_2_fold_3,ARPC1B,0.0,0.0,0.0,0.0,0.0,0.0,0.0
repeat_2_fold_3,ASH2L,0.0,0.0,0.0,0.0,0.0,0.0,0.0
repeat_2_fold_3,ASRGL1,0.0,0.0,0.0,0.0,0.0,0.0,0.0
repeat_2_fold_3,ASS1,0.0,0.0,0.0,0.0,0.0,0.0,0.0
repeat_2_fold_3,ATAT1,0.0,0.0,0.0,0.0,0.0,0.0,0.0
repeat_2_fold_3,ATF1,0.0,0.0,0.0,0.0,0.0,-0.00023956303702046822,0.5
repeat_2_fold_3,ATF7IP,0.0,0.0,0.0,0.0,0.0,1.6014861791702195e-05,0.5
repeat_2_fold_3,ATG14,-0.031141988477822125,0.06228397695564424,0.03114198847782212,-0.06228397695564425,0.0,-0.00031228980493902547,0.5
repeat_2_fold_3,ATG4A,-0.1739868467812471,0.20090270564921436,0.10045135282460718,-0.27443819960585425,0.0,-0.0003002786585951933,0.5
repeat_2_fold_3,ATN1,0.0,0.0,0.0,0.0,0.0,-0.00030344651355926344,0.5
repeat_2_fold_3,ATP1B4,0.05649420887597145,0.06523389340439413,0.032616946702197065,0.023877262173774387,0.5,-0.0006787619382246646,0.5
repeat_2_fold_3,ATP2B3,0.022156779847081864,0.04431355969416372,0.02215677984708186,3.469446951953614e-18,0.25,-0.00024004695624799122,1.0
repeat_2_fold_3,ATP2C1,0.0,0.0,0.0,0.0,0.0,0.0,0.0
repeat_2_fold_3,ATP5F1C,-0.12124226897622492,0.13999851326116894,0.06999925663058447,-0.1912415256068094,0.0,-0.00027625636590755676,0.5
repeat_2_fold_3,ATP7B,0.0,0.0,0.0,0.0,0.0,0.0002874756444245785,0.5
repeat_2_fold_3,ATP8B2,-0.039112035908623,0.04516268892079559,0.022581344460397796,-0.06169338036902079,0.0,-0.0004083789756894607,0.5
repeat_2_fold_3,ATP9A,0.0,0.0,0.0,0.0,0.0,2.395630370205515e-05,0.5
repeat_2_fold_3,AURKAIP1,0.0,0.0,0.0,0.0,0.0,0.0,0.0
repeat_2_fold_3,AURKB,-0.16136946608479263,0.18981376968272523,0.09490688484136262,-0.25627635092615525,0.0,-2.8026008135562108e-05,0.5
repeat_2_fold_3,AUTS2,-0.15219476382989683,0.17573937573288492,0.08786968786644246,-0.24006445169633928,0.0,-0.00042322803206948367,0.5
repeat_2_fold_3,AVEN,0.05309036702347747,0.0910806005033173,0.04554030025165865,0.007550066771818818,0.5,-7.98543456737022e-06,0.5
repeat_2_fold_3,B3GALT1,0.0,0.0,0.0,0.0,0.0,-0.00023157760245312575,0.5
repeat_2_fold_3,B3GALT5,0.1171820090510689,0.15115022556203922,0.07557511278101961,0.04160689627004929,0.5,-0.0017887373430862108,0.5
repeat_2_fold_3,B3GNT2,0.022156779847081864,0.04431355969416372,0.02215677984708186,3.469446951953614e-18,0.25,-8.491350123374097e-06,1.0
repeat_2_fold_3,B4GALT1,0.0,0.0,0.0,0.0,0.0,0.0,0.0
repeat_2_fold_3,B4GALT2,-0.031141988477822125,0.06228397695564424,0.03114198847782212,-0.06228397695564425,0.0,-8.007430895878853e-06,0.5
repeat_2_fold_3,B4GALT5,0.0,0.0,0.0,0.0,0.0,-7.985434567342464e-06,0.5
repeat_2_fold_3,BAK1,0.0,0.0,0.0,0.0,0.0,0.0,0.0
repeat_2_fold_3,BAP1,0.026151916957283916,0.12700182580309402,0.06350091290154701,-0.037348995944263094,0.25,-0.0001641523333653916,0.5
repeat_2_fold_3,BBC3,0.0,0.0,0.0,0.0,0.0,0.000216200634188507,0.5
repeat_2_fold_3,BCKDHB,0.003313993086457856,0.18302000884618086,0.09151000442309043,-0.08819601133663257,0.5,-0.00041656237721351963,1.0
repeat_2_fold_3,BCL6,0.0,0.0,0.0,0.0,0.0,-0.0003161175497587432,1.0
repeat_2_fold_3,BHLHE41,0.0,0.0,0.0,0.0,0.0,0.00019165042961638568,0.5
repeat_2_fold_3,BIRC7,0.0,0.0,0.0,0.0,0.0,0.0,0.0
repeat_2_fold_3,BNIP3L,-0.3823289436181838,0.447168342341829,0.2235841711709145,-0.6059131147890984,0.0,0.00016017061424594692,1.0
repeat_2_fold_3,BRD1,0.0,0.0,0.0,0.0,0.0,0.00033631209762657877,0.5
repeat_2_fold_3,BRD9,0.0,0.0,0.0,0.0,0.0,4.773663677590245e-05,1.0
repeat_2_fold_3,BTD,0.0,0.0,0.0,0.0,0.0,0.0,0.0
repeat_2_fold_3,BTN2A1,-0.04227794927114026,0.13329312269315036,0.06664656134657518,-0.10892451061771544,0.25,-0.0003001686769525669,1.0
repeat_2_fold_3,C2orf49,-0.039112035908623,0.04516268892079559,0.022581344460397796,-0.06169338036902079,0.0,0.0001921783415008982,0.5
repeat_2_fold_3,C4BPA,-0.1316924751838151,0.15206537199524753,0.07603268599762376,-0.20772516118143886,0.0,-7.186891110613769e-05,0.5
repeat_2_fold_3,CA3,0.02496270196170869,0.0880819444288929,0.04404097221444645,-0.019078270252737763,0.25,-0.0004072571629348265,0.5
repeat_2_fold_3,CA5A,0.0,0.0,0.0,0.0,0.0,0.0,0.0
repeat_2_fold_3,CACNA1S,0.0,0.0,0.0,0.0,0.0,0.0,0.0
repeat_2_fold_3,CADM3,0.0,0.0,0.0,0.0,0.0,0.0002396510223345305,1.0
repeat_2_fold_3,CALCA,0.0,0.0,0.0,0.0,0.0,0.00036033439031418757,0.5
repeat_2_fold_3,CALD1,0.0,0.0,0.0,0.0,0.0,-0.0003963678293456563,0.5
repeat_2_fold_3,CALU,-0.05414439953967687,0.07489762455975635,0.037448812279878174,-0.09159321181955504,0.0,4.826454866044272e-05,1.0
repeat_2_fold_3,CAPN7,0.022156779847081864,0.04431355969416372,0.02215677984708186,3.469446951953614e-18,0.25,-0.0002994867907683829,1.0
repeat_2_fold_3,CAPZB,0.0,0.0,0.0,0.0,0.0,-0.00011179608394293328,1.0
repeat_2_fold_3,CASP10,-0.02272193131682876,0.13199333264402632,0.06599666632201316,-0.08871859763884192,0.25,-0.00038330085923277135,0.5
repeat_2_fold_3,CASP3,0.0,0.0,0.0,0.0,0.0,-7.985434567342464e-06,0.5
repeat_2_fold_3,CASP5,0.0,0.0,0.0,0.0,0.0,0.00014813747157360613,0.5
repeat_2_fold_3,CASP9,0.07921614019280554,0.15843228038561108,0.07921614019280554,0.0,0.25,-0.00043919890120419636,0.5
repeat_2_fold_3,CAST,-0.12124226897622492,0.13999851326116894,0.06999925663058447,-0.1912415256068094,0.0,0.00011610774799011847,0.5
repeat_2_fold_3,CCL11,0.0,0.0,0.0,0.0,0.0,-0.00022414207609885994,1.0
repeat_2_fold_3,CCL19,0.0,0.0,0.0,0.0,0.0,0.0,0.0
repeat_2_fold_3,CCN2,0.0,0.0,0.0,0.0,0.0,-1.597086913468493e-05,0.5
repeat_2_fold_3,CCNA2,0.0,0.0,0.0,0.0,0.0,8.808173985455636e-05,0.5
repeat_2_fold_3,CCNB2,0.0,0.0,0.0,0.0,0.0,0.0006473481118398072,1.0
repeat_2_fold_3,CCNG2,-0.06080628928884835,0.07864422908711485,0.039322114543557427,-0.10012840383240577,0.0,0.00011190606558547644,1.0
repeat_2_fold_3,CCZ1,0.0,0.0,0.0,0.0,0.0,0.00012015545609508904,1.0
repeat_2_fold_3,CD22,0.0,0.0,0.0,0.0,0.0,0.0006634509589456272,1.0
repeat_2_fold_3,CD2AP,0.0,0.0,0.0,0.0,0.0,-8.808173985458412e-05,0.5
repeat_2_fold_3,CD300A,-0.43320715707172575,0.500367431701442,0.250183715850721,-0.6833908729224467,0.0,-0.0008408242367235752,1.0
repeat_2_fold_3,CD40LG,0.0,0.0,0.0,0.0,0.0,0.0,0.0
repeat_2_fold_3,CDC16,-0.0591197068651681,0.1182394137303362,0.0591197068651681,-0.1182394137303362,0.0,-0.00017631745400881194,1.0
repeat_2_fold_3,CDC27,0.0,0.0,0.0,0.0,0.0,-0.00015172325677961784,0.5
repeat_2_fold_3,CDC42EP3,0.0,0.0,0.0,0.0,0.0,0.0,0.0
repeat_2_fold_3,CDC42EP4,0.0,0.0,0.0,0.0,0.0,0.0,0.0
repeat_2_fold_3,CDC45,0.0,0.0,0.0,0.0,0.0,0.0,0.0
repeat_2_fold_3,CDH15,0.0,0.0,0.0,0.0,0.0,-0.0005030823777429916,0.5
repeat_2_fold_3,CDK5RAP2,0.0,0.0,0.0,0.0,0.0,0.0,0.0
repeat_2_fold_3,CDKAL1,0.0,0.0,0.0,0.0,0.0,0.0,0.0
repeat_2_fold_3,CDKN1B,0.21898426532799853,0.2588112688441166,0.1294056344220583,0.08957863090594023,0.5,0.0007825725876002276,0.5
repeat_2_fold_3,CDS2,0.0,0.0,0.0,0.0,0.0,-8.007430895906609e-06,0.5
repeat_2_fold_3,CEBPB,0.0,0.0,0.0,0.0,0.0,0.0,0.0
repeat_2_fold_3,CENPE,0.0,0.0,0.0,0.0,0.0,0.0,0.5
repeat_2_fold_3,CEP162,0.0,0.0,0.0,0.0,0.0,0.0007107036764940622,0.5
repeat_2_fold_3,CEP97,0.0,0.0,0.0,0.0,0.0,-9.582521480819284e-05,0.5
repeat_2_fold_3,CFL1,0.021301062873844145,0.31540491108311186,0.15770245554155593,-0.13640139266771178,0.25,-0.000926354402469548,1.0
repeat_2_fold_3,CHMP3,0.0,0.0,0.0,0.0,0.0,0.0,0.0
repeat_2_fold_3,CHPF,0.0,0.0,0.0,0.0,0.0,0.0,0.0
repeat_2_fold_3,CHRNA4,0.09548980042660915,0.14256904945901572,0.07128452472950786,0.02420527569710129,0.5,-0.00033538825182866105,0.5
repeat_2_fold_3,CHST2,-0.010539709293979627,0.021079418587959253,0.010539709293979627,-0.021079418587959253,0.0,-2.3560369788677704e-05,1.0
repeat_2_fold_3,CHTOP,0.10926387419584671,0.126167054359347,0.0630835271796735,0.04618034701617321,0.5,-0.00011179608394287777,0.5
repeat_2_fold_3,CIT,0.07921614019280554,0.15843228038561108,0.07921614019280554,0.0,0.25,0.00026351934072252337,0.5
repeat_2_fold_3,CKB,0.0,0.0,0.0,0.0,0.0,-0.00011210403254222068,0.5
repeat_2_fold_3,CKM,-0.06062113448811246,0.1212422689762249,0.06062113448811245,-0.12124226897622492,0.0,8.095416209968898e-06,1.0
repeat_2_fold_3,CLCF1,0.0,0.0,0.0,0.0,0.0,0.0,0.0
repeat_2_fold_3,CLCN4,0.0,0.0,0.0,0.0,0.0,0.0,0.0
repeat_2_fold_3,CLCN5,0.0,0.0,0.0,0.0,0.0,0.0,0.0
repeat_2_fold_3,CLDN1,0.0,0.0,0.0,0.0,0.0,0.0,0.5
repeat_2_fold_3,CLDN5,-0.10193807150962897,0.11770794605351122,0.05885397302675561,-0.16079204453638457,0.0,-0.0003593445555307162,0.5
repeat_2_fold_3,CLOCK,0.04431355969416373,0.05116889123635196,0.02558444561817598,0.01872911407598775,0.5,0.00014413375612568058,0.5
repeat_2_fold_3,CNDP2,-0.04125027133453685,0.0825005426690737,0.04125027133453685,-0.0825005426690737,0.0,-0.0004950969431756491,0.5
repeat_2_fold_3,CNPY3,0.07489931742900069,0.08648628215950556,0.04324314107975278,0.03165617634924791,0.5,0.0002562377886678735,0.5
repeat_2_fold_3,CNTRL,0.0,0.0,0.0,0.0,0.0,-3.202972358351541e-05,0.5
repeat_2_fold_3,COA4,0.0,0.0,0.0,0.0,0.0,0.0,0.0
repeat_2_fold_3,COASY,0.0,0.0,0.0,0.0,0.0,0.0,0.0
repeat_2_fold_3,COL19A1,-0.06062113448811246,0.1212422689762249,0.06062113448811245,-0.12124226897622492,0.0,-0.00027181272388920874,1.0
repeat_2_fold_3,COL4A5,0.0,0.0,0.0,0.0,0.0,0.0,0.0
repeat_2_fold_3,COPB1,0.0,0.0,0.0,0.0,0.0,-0.0009832202828959635,1.0
repeat_2_fold_3,COPB2,0.016928345348450335,0.03385669069690067,0.016928345348450335,0.0,0.25,-0.0011931072034848667,0.5
repeat_2_fold_3,COPG1,0.04717031917900805,0.0943406383580161,0.04717031917900805,0.0,0.25,8.011830161575029e-05,1.0
repeat_2_fold_3,COPS8,0.0,0.0,0.0,0.0,0.0,0.0,0.0
repeat_2_fold_3,COQ4,0.07921614019280554,0.15843228038561108,0.07921614019280554,0.0,0.25,-0.0002794902098572083,0.5
repeat_2_fold_3,COQ9,0.0,0.0,0.0,0.0,0.0,0.0,0.0
repeat_2_fold_3,CORT,-0.0955549948151404,0.12298877072283379,0.061494385361416895,-0.15704938017655728,0.0,-0.0008810153655025577,1.0
repeat_2_fold_3,COX17,0.0,0.0,0.0,0.0,0.0,-1.1923161029714358e-05,1.0
repeat_2_fold_3,CPB2,0.033918592495057354,0.06783718499011471,0.033918592495057354,0.0,0.25,-0.0006365907562217998,0.5
repeat_2_fold_3,CPOX,-0.02272193131682876,0.13199333264402632,0.06599666632201316,-0.08871859763884192,0.25,-0.00020762129875109836,0.5
repeat_2_fold_3,CRADD,0.0,0.0,0.0,0.0,0.0,0.0,0.0
repeat_2_fold_3,CS,-0.06228397695564425,0.07191934172308331,0.03595967086154166,-0.0982436478171859,0.0,-0.00040402331898517496,1.0
repeat_2_fold_3,CSAD,0.01901749825309018,0.11523594461794844,0.05761797230897422,-0.038600474055884036,0.25,0.000511067812310334,0.5
repeat_2_fold_3,CSF3,0.0,0.0,0.0,0.0,0.0,-3.992717283674008e-05,0.5
repeat_2_fold_3,CTDSP2,-0.05508359864344747,0.10565902785534835,0.052829513927674175,-0.10791311257112166,0.25,-7.67304833664828e-05,1.0
repeat_2_fold_3,CTSH,0.022156779847081864,0.04431355969416372,0.02215677984708186,3.469446951953614e-18,0.25,-0.0006806316261490919,0.5
repeat_2_fold_3,CUL4A,0.0,0.0,0.0,0.0,0.0,0.0,0.0
repeat_2_fold_3,CUL5,0.0,0.0,0.0,0.0,0.0,1.597086913468493e-05,0.5
repeat_2_fold_3,CWC25,0.0,0.0,0.0,0.0,0.0,0.0,0.0
repeat_2_fold_3,CXCL12,-0.13122995898374867,0.1515313042900217,0.07576565214501085,-0.20699561112875953,0.0,1.9578650669233033e-05,1.0
repeat_2_fold_3,CXXC1,0.0,0.0,0.0,0.0,0.0,0.0,0.0
repeat_2_fold_3,CYBA,0.0,0.0,0.0,0.0,0.0,-0.000495316906460902,1.0
repeat_2_fold_3,CYP2D6,0.0,0.0,0.0,0.0,0.0,0.0,0.0
repeat_2_fold_3,CYP46A1,0.0,0.0,0.0,0.0,0.0,0.0,0.0
repeat_2_fold_3,CYP4B1,-0.06228397695564425,0.07191934172308331,0.03595967086154166,-0.0982436478171859,0.0,-0.0003120258489967276,1.0
repeat_2_fold_3,CYTH1,0.0,0.0,0.0,0.0,0.0,-2.402229268763656e-05,0.5
repeat_2_fold_3,CYTH2,0.0,0.0,0.0,0.0,0.0,0.0,0.0
repeat_2_fold_3,CYTH4,0.0,0.0,0.0,0.0,0.0,-0.00015970869134698806,0.5
repeat_2_fold_3,DAP3,0.0,0.0,0.0,0.0,0.0,-0.0002162006341885625,0.5
repeat_2_fold_3,DBP,0.10926387419584671,0.126167054359347,0.0630835271796735,0.04618034701617321,0.5,0.0002714607826328208,1.0
repeat_2_fold_3,DDX42,0.0,0.0,0.0,0.0,0.0,0.0,0.0
repeat_2_fold_3,DDX49,-0.1739868467812471,0.20090270564921436,0.10045135282460718,-0.27443819960585425,0.0,-0.0008968322603375989,0.5
repeat_2_fold_3,DEFA6,0.0,0.0,0.0,0.0,0.0,-0.00030428237404311886,0.5
repeat_2_fold_3,DEK,0.0,0.0,0.0,0.0,0.0,-0.0001038106493755353,0.5
repeat_2_fold_3,DELE1,0.034276190973868026,0.10365208383473423,0.051826041917367116,-0.01754985094349909,0.25,-0.0007678115165342669,1.0
repeat_2_fold_3,DENND1A,0.0,0.0,0.0,0.0,0.0,0.0,0.0
repeat_2_fold_3,DENND5A,0.0,0.0,0.0,0.0,0.0,-7.974436403090923e-05,1.0
repeat_2_fold_3,DENND5B,0.0,0.0,0.0,0.0,0.0,0.0001199134964813553,1.0
repeat_2_fold_3,DFFA,0.0,0.0,0.0,0.0,0.0,-4.804458537524536e-05,0.5
repeat_2_fold_3,DKC1,-0.12124226897622492,0.13999851326116894,0.06999925663058447,-0.1912415256068094,0.0,-2.7755575615628914e-17,0.5
repeat_2_fold_3,DLGAP5,0.0,0.0,0.0,0.0,0.0,0.0,0.0
repeat_2_fold_3,DNAJC10,0.0,0.0,0.0,0.0,0.0,0.0,0.0
repeat_2_fold_3,DNAJC11,0.0,0.0,0.0,0.0,0.0,-0.000176163479709196,0.5
repeat_2_fold_3,DNM1L,-0.04125027133453685,0.0825005426690737,0.04125027133453685,-0.0825005426690737,0.0,0.0007745871530328574,0.5
repeat_2_fold_3,DNMT3A,0.0,0.0,0.0,0.0,0.0,0.0,0.0
repeat_2_fold_3,DOCK3,0.0,0.0,0.0,0.0,0.0,0.0,0.0
repeat_2_fold_3,DOHH,0.0,0.0,0.0,0.0,0.0,-0.000176163479709196,0.5
repeat_2_fold_3,DPEP2,-0.04125027133453685,0.0825005426690737,0.04125027133453685,-0.0825005426690737,0.0,0.0004551697703388813,0.5
repeat_2_fold_3,DPYSL2,-0.0195560179543115,0.039112035908623,0.0195560179543115,-0.039112035908623,0.0,0.000310068175758238,1.0
repeat_2_fold_3,DPYSL3,0.0,0.0,0.0,0.0,0.0,0.0,0.0
repeat_2_fold_3,DRG2,0.0,0.0,0.0,0.0,0.0,0.0,0.0
repeat_2_fold_3,DSCAM,-0.04884770448616038,0.08785797633236837,0.04392898816618419,-0.09277669265234456,0.0,0.00019965786051226453,1.0
repeat_2_fold_3,DSG3,0.0,0.0,0.0,0.0,0.0,0.00022420806508438584,0.5
repeat_2_fold_3,DSN1,0.0,0.0,0.0,0.0,0.0,0.0,0.0
repeat_2_fold_3,DSP,0.0,0.0,0.0,0.0,0.0,-3.992717283674008e-05,0.5
repeat_2_fold_3,DTL,0.0,0.0,0.0,0.0,0.0,0.0,0.0
repeat_2_fold_3,DUSP1,-0.09751695378025715,0.11302370987531675,0.056511854937658375,-0.15402880871791552,0.0,0.0006002273722625073,1.0
repeat_2_fold_3,DUSP10,-0.1764240745130241,0.23057190517300674,0.11528595258650337,-0.2917100270995275,0.0,-0.0006085647480862377,0.5
repeat_2_fold_3,DUSP5,0.0,0.0,0.0,0.0,0.0,-3.992717283676783e-05,0.5
repeat_2_fold_3,DZIP1,0.0,0.0,0.0,0.0,0.0,0.0,0.0
repeat_2_fold_3,EBAG9,0.0068238803804412385,0.11312740448783729,0.05656370224391864,-0.049739821863477404,0.25,0.00043543714537000455,1.0
repeat_2_fold_3,ECI2,-0.0591197068651681,0.1182394137303362,0.0591197068651681,-0.1182394137303362,0.0,0.0006966464879407941,0.5
repeat_2_fold_3,ECM1,0.0,0.0,0.0,0.0,0.0,0.0,0.0
repeat_2_fold_3,EDEM3,0.0,0.0,0.0,0.0,0.0,-7.985434567350791e-05,0.5
repeat_2_fold_3,EEF1A2,0.0,0.0,0.0,0.0,0.0,0.0,0.0
repeat_2_fold_3,EFNA1,0.0,0.0,0.0,0.0,0.0,6.390547286730386e-05,1.0
repeat_2_fold_3,EFNA4,0.0,0.0,0.0,0.0,0.0,0.0,0.0
repeat_2_fold_3,EFNB1,0.0,0.0,0.0,0.0,0.0,0.0,0.0
repeat_2_fold_3,EIF2AK2,0.04431355969416373,0.05116889123635196,0.02558444561817598,0.01872911407598775,0.5,-0.000277224204362575,1.0
repeat_2_fold_3,EIF3C,0.0,0.0,0.0,0.0,0.0,0.0,0.0
repeat_2_fold_3,EIF4G3,0.0,0.0,0.0,0.0,0.0,0.0,0.0
repeat_2_fold_3,ENO1,-0.10472701540049734,0.1615689690591779,0.08078448452958895,-0.18551149993008628,0.0,-1.6410795705162906e-05,1.0
repeat_2_fold_3,ENPEP,0.0,0.0,0.0,0.0,0.0,0.0,0.0
repeat_2_fold_3,ENPP1,0.0,0.0,0.0,0.0,0.0,0.0,0.0
repeat_2_fold_3,ENTPD1,0.0,0.0,0.0,0.0,0.0,0.0,0.0
repeat_2_fold_3,ENTPD3,0.0,0.0,0.0,0.0,0.0,0.0,0.0
repeat_2_fold_3,EPB41L3,0.0,0.0,0.0,0.0,0.0,0.00020018577239674928,0.5
repeat_2_fold_3,EPHA3,0.0,0.0,0.0,0.0,0.0,-4.791260740408254e-05,0.5
repeat_2_fold_3,EPHA4,0.0,0.0,0.0,0.0,0.0,0.00011179608394290552,0.5
repeat_2_fold_3,ERAL1,0.022156779847081864,0.04431355969416372,0.02215677984708186,3.469446951953614e-18,0.25,-0.0006966464879408496,0.5
repeat_2_fold_3,EVL,0.0,0.0,0.0,0.0,0.0,-7.985434567342464e-06,0.5
repeat_2_fold_3,F10,0.0,0.0,0.0,0.0,0.0,0.0,0.0
repeat_2_fold_3,F11,0.0,0.0,0.0,0.0,0.0,0.0,0.0
repeat_2_fold_3,FAAP100,0.0,0.0,0.0,0.0,0.0,-3.992717283674008e-05,0.5
repeat_2_fold_3,FAAP24,-0.11683924009479796,0.16404513982806893,0.08202256991403446,-0.1988618100088324,0.0,-0.00037634925210597303,0.5
repeat_2_fold_3,FAF2,0.0,0.0,0.0,0.0,0.0,-8.407802440668632e-05,0.5
repeat_2_fold_3,FAH,0.0,0.0,0.0,0.0,0.0,0.0,0.0
repeat_2_fold_3,FAN1,0.0,0.0,0.0,0.0,0.0,0.0,0.0
repeat_2_fold_3,FASN,0.0,0.0,0.0,0.0,0.0,0.0,0.0
repeat_2_fold_3,FBXO17,0.0,0.0,0.0,0.0,0.0,6.366351325354236e-05,1.0
repeat_2_fold_3,FCER1G,0.0,0.0,0.0,0.0,0.0,0.0,0.0
repeat_2_fold_3,FCGR2B,0.0,0.0,0.0,0.0,0.0,0.0,0.0
repeat_2_fold_3,FDX1,-0.050969035754814485,0.10193807150962897,0.050969035754814485,-0.10193807150962897,0.0,-0.00033538825182866105,0.5
repeat_2_fold_3,FEN1,0.0,0.0,0.0,0.0,0.0,-0.00023157760245312575,1.0
repeat_2_fold_3,FGF5,0.0,0.0,0.0,0.0,0.0,0.0,0.0
repeat_2_fold_3,FGG,0.0,0.0,0.0,0.0,0.0,0.00014373782221227538,0.5
repeat_2_fold_3,FGR,0.04431355969416373,0.05116889123635196,0.02558444561817598,0.01872911407598775,0.5,5.2048300823143157e-05,0.5
repeat_2_fold_3,FIS1,-0.11159017024292694,0.12981367218574005,0.06490683609287003,-0.17649700633579696,0.0,-0.0002554239245125822,1.0
repeat_2_fold_3,FKBP1A,-0.09176312296593458,0.11638161845385073,0.058190809226925364,-0.14995393219285996,0.0,0.00039539999089063804,1.0
repeat_2_fold_3,FKBP4,-0.07196393478734109,0.21982448426310763,0.10991224213155382,-0.1818761769188949,0.5,-0.00024345677082582284,1.0
repeat_2_fold_3,FLOT1,-0.01589311661120263,0.1774152373188886,0.0887076186594443,-0.10460073527064694,0.25,0.0006221380174119828,1.0
repeat_2_fold_3,FOXJ2,0.0,0.0,0.0,0.0,0.0,0.0,0.0
repeat_2_fold_3,FOXO4,0.0,0.0,0.0,0.0,0.0,0.0,0.0
repeat_2_fold_3,FPR3,-0.14318834284417292,0.17853504342026677,0.08926752171013339,-0.2324558645543063,0.0,0.0002874756444245785,0.5
repeat_2_fold_3,FRAT1,0.0,0.0,0.0,0.0,0.0,0.0001038106493755353,0.5
repeat_2_fold_3,FSCN1,0.0,0.0,0.0,0.0,0.0,-0.00012776695307759045,0.5
repeat_2_fold_3,FUS,-0.08214925262114292,0.20750913179984573,0.10375456589992287,-0.1859038185210658,0.25,-0.00012011146343807177,0.5
repeat_2_fold_3,FUT1,0.0,0.0,0.0,0.0,0.0,0.00023969501499157553,1.0
repeat_2_fold_3,G3BP1,0.0,0.0,0.0,0.0,0.0,-3.202972358351541e-05,0.5
repeat_2_fold_3,GAB1,0.022156779847081864,0.04431355969416372,0.02215677984708186,3.469446951953614e-18,0.25,-0.00022363616054285607,1.0
repeat_2_fold_3,GAP43,0.0,0.0,0.0,0.0,0.0,0.00015970869134698806,0.5
repeat_2_fold_3,GARS1,0.0,0.0,0.0,0.0,0.0,0.0,0.0
repeat_2_fold_3,GART,0.0,0.0,0.0,0.0,0.0,0.0,0.0
repeat_2_fold_3,GAS2,0.0,0.0,0.0,0.0,0.0,0.0,0.0
repeat_2_fold_3,GATA6,0.0,0.0,0.0,0.0,0.0,0.0,0.0
repeat_2_fold_3,GATAD2A,0.0,0.0,0.0,0.0,0.0,1.5904880149103517e-05,1.0
repeat_2_fold_3,GCA,0.0,0.0,0.0,0.0,0.0,-0.0005270386814450467,0.5
repeat_2_fold_3,GCSH,0.0,0.0,0.0,0.0,0.0,7.118702492195372e-05,1.0
repeat_2_fold_3,GDI2,0.05004286803503355,0.15019858852613518,0.07509929426306759,-0.025056426228034043,0.25,-1.2011146343832158e-05,0.5
repeat_2_fold_3,GET3,0.0,0.0,0.0,0.0,0.0,-6.806316261492862e-05,0.5
repeat_2_fold_3,GINS2,0.0,0.0,0.0,0.0,0.0,0.00012011146343804402,0.5
repeat_2_fold_3,GLB1L,-0.0195560179543115,0.039112035908623,0.0195560179543115,-0.039112035908623,0.0,0.00016815604881328938,0.5
repeat_2_fold_3,GLP1R,0.0,0.0,0.0,0.0,0.0,-0.0002242080650844136,0.5
repeat_2_fold_3,GLS2,0.0,0.0,0.0,0.0,0.0,0.0001921783415008982,0.5
repeat_2_fold_3,GLUD2,0.0,0.0,0.0,0.0,0.0,-4.804458537524536e-05,0.5
repeat_2_fold_3,GNAQ,0.0,0.0,0.0,0.0,0.0,0.0,0.0
repeat_2_fold_3,GNE,0.0,0.0,0.0,0.0,0.0,0.0,0.0
repeat_2_fold_3,GNG5,0.0,0.0,0.0,0.0,0.0,-0.000295461078991921,0.5
repeat_2_fold_3,GNMT,0.0,0.0,0.0,0.0,0.0,0.0,0.0
repeat_2_fold_3,GNRH1,0.0,0.0,0.0,0.0,0.0,0.0,0.0
repeat_2_fold_3,GOLGA1,0.0,0.0,0.0,0.0,0.0,0.0,0.0
repeat_2_fold_3,GOLGA5,0.0,0.0,0.0,0.0,0.0,0.0,0.0
repeat_2_fold_3,GPR37L1,0.0,0.0,0.0,0.0,0.0,-9.582521480816508e-05,0.5
repeat_2_fold_3,GPX5,0.0,0.0,0.0,0.0,0.0,-0.00016815604881331714,0.5
repeat_2_fold_3,GRPR,-0.11069009361475679,0.12781391069020942,0.06390695534510471,-0.1745970489598615,0.0,-0.00031941738269394837,0.5
repeat_2_fold_3,GSTA2,0.0,0.0,0.0,0.0,0.0,0.0,0.0
repeat_2_fold_3,GTF2H1,0.022156779847081864,0.04431355969416372,0.02215677984708186,3.469446951953614e-18,0.25,0.0004634191608484939,1.0
repeat_2_fold_3,GTPBP3,0.0,0.0,0.0,0.0,0.0,0.00017616347970916824,0.5
repeat_2_fold_3,GTSE1,-0.050969035754814485,0.10193807150962897,0.050969035754814485,-0.10193807150962897,0.0,-0.0005030823777429916,0.5
repeat_2_fold_3,GUCY1B1,0.0,0.0,0.0,0.0,0.0,3.194173826939761e-05,0.5
repeat_2_fold_3,GUCY2C,0.0,0.0,0.0,0.0,0.0,0.00017592152009537898,1.0
repeat_2_fold_3,GYG1,0.022156779847081864,0.04431355969416372,0.02215677984708186,3.469446951953614e-18,0.25,-0.0003483232439704109,0.5
repeat_2_fold_3,H2AC7,0.0,0.0,0.0,0.0,0.0,0.0,0.0
repeat_2_fold_3,H2AC8,0.0,0.0,0.0,0.0,0.0,0.0,0.0
repeat_2_fold_3,H2BC3,0.0,0.0,0.0,0.0,0.0,0.0,0.0
repeat_2_fold_3,H3C3,-0.050969035754814485,0.10193807150962897,0.050969035754814485,-0.10193807150962897,0.0,-0.0003673299900980864,0.5
repeat_2_fold_3,H3C7,0.0,0.0,0.0,0.0,0.0,-0.0002076212987510706,0.5
repeat_2_fold_3,H4C14,-0.0031511329219267026,0.0775948772275726,0.0387974386137863,-0.041948571535713006,0.25,-0.0008023712015546858,1.0
repeat_2_fold_3,HAND1,0.0,0.0,0.0,0.0,0.0,0.0,0.0
repeat_2_fold_3,HAPLN1,0.0,0.0,0.0,0.0,0.0,0.0,0.0
repeat_2_fold_3,HARS1,0.022156779847081864,0.04431355969416372,0.02215677984708186,3.469446951953614e-18,0.25,-7.206687806288192e-05,0.5
repeat_2_fold_3,HDAC3,0.0,0.0,0.0,0.0,0.0,0.00019165042961638568,0.5
repeat_2_fold_3,HDC,0.0,0.0,0.0,0.0,0.0,0.0,0.0
repeat_2_fold_3,HES1,0.0,0.0,0.0,0.0,0.0,-0.00016798007818513705,1.0
repeat_2_fold_3,HIGD1A,0.0,0.0,0.0,0.0,0.0,4.804458537518985e-05,0.5
repeat_2_fold_3,HLTF,-0.1182394137303362,0.13653111469206627,0.06826555734603314,-0.18650497107636932,0.0,0.0004003715447935541,0.5
repeat_2_fold_3,HNRNPC,0.010992079302525326,0.13043557457697005,0.06521778728848503,-0.0542257079859597,0.25,-0.0002367911159698033,1.0
repeat_2_fold_3,HNRNPUL1,0.0,0.0,0.0,0.0,0.0,-0.000295461078991921,0.5
repeat_2_fold_3,HOXB2,0.0,0.0,0.0,0.0,0.0,0.0,0.0
repeat_2_fold_3,HPRT1,0.03117011987620799,0.15094840164898662,0.07547420082449331,-0.04430408094828532,0.5,-0.0003288545749438043,1.0
repeat_2_fold_3,HPS1,0.0,0.0,0.0,0.0,0.0,-0.00021584869293220232,1.0
repeat_2_fold_3,HRH2,0.0,0.0,0.0,0.0,0.0,0.0,0.0
repeat_2_fold_3,HSPD1,-0.0195560179543115,0.039112035908623,0.0195560179543115,-0.039112035908623,0.0,0.00016014861791741053,0.5
repeat_2_fold_3,HTATSF1,0.0,0.0,0.0,0.0,0.0,0.0,0.0
repeat_2_fold_3,HTN3,0.0,0.0,0.0,0.0,0.0,0.0,0.0
repeat_2_fold_3,HTR2C,-0.04919193251473786,0.056801950958683615,0.028400975479341808,-0.07759290799407967,0.0,-0.0003593445555307162,0.5
repeat_2_fold_3,ICAM4,-2.6910713089023375e-05,0.008538054329449754,0.004269027164724877,-0.0042959378778139,0.25,-0.0005678017147656422,1.0
repeat_2_fold_3,ID1,0.0,0.0,0.0,0.0,0.0,0.00028747564442455076,0.5
repeat_2_fold_3,ID3,0.0,0.0,0.0,0.0,0.0,0.0,0.0
repeat_2_fold_3,IFT22,0.0,0.0,0.0,0.0,0.0,0.0,0.0
repeat_2_fold_3,IFT52,0.0,0.0,0.0,0.0,0.0,6.806316261490086e-05,0.5
repeat_2_fold_3,IGF1R,0.0,0.0,0.0,0.0,0.0,-0.0003443195285224854,0.5
repeat_2_fold_3,IGLV3-19,0.0,0.0,0.0,0.0,0.0,8.007430895870526e-05,0.5
repeat_2_fold_3,IK,0.17355677855082163,0.23852979999720897,0.11926489999860448,0.05429187855221715,0.5,-0.00019165042961638568,0.5
repeat_2_fold_3,IL11RA,0.07921614019280554,0.15843228038561108,0.07921614019280554,0.0,0.25,-2.859522708065221e-07,1.0
repeat_2_fold_3,IL1B,0.0,0.0,0.0,0.0,0.0,0.0,0.0
repeat_2_fold_3,IL1R1,0.0,0.0,0.0,0.0,0.0,-0.00013575238764493291,0.5
repeat_2_fold_3,IL1RAPL2,0.0,0.0,0.0,0.0,0.0,-0.00028026008135551006,0.5
repeat_2_fold_3,IL24,0.0,0.0,0.0,0.0,0.0,0.0,0.0
repeat_2_fold_3,IL26,0.0,0.0,0.0,0.0,0.0,0.0,0.0
repeat_2_fold_3,IMPA2,0.0,0.0,0.0,0.0,0.0,0.0,0.5
repeat_2_fold_3,INPP1,0.0,0.0,0.0,0.0,0.0,-8.007430895878853e-06,0.5
repeat_2_fold_3,ITGA1,0.0,0.0,0.0,0.0,0.0,1.601486179172995e-05,0.5
repeat_2_fold_3,ITGA4,0.0,0.0,0.0,0.0,0.0,-3.194173826936986e-05,0.5
repeat_2_fold_3,ITGA8,-0.13693201445758696,0.31381968073252,0.15690984036626,-0.29384185482384695,0.25,0.0007037960620242811,1.0
repeat_2_fold_3,JADE2,0.0,0.0,0.0,0.0,0.0,0.0,0.0
repeat_2_fold_3,JAG2,0.0,0.0,0.0,0.0,0.0,-3.194173826939761e-05,0.5
repeat_2_fold_3,JUP,0.0,0.0,0.0,0.0,0.0,0.0,0.0
repeat_2_fold_3,KAT2B,-0.15260840288249788,0.179641867270822,0.089820933635411,-0.24242933651790888,0.0,-5.204830082319867e-05,0.5
repeat_2_fold_3,KCMF1,0.0,0.0,0.0,0.0,0.0,-0.00010788035380904226,1.0
repeat_2_fold_3,KCNA2,0.0,0.0,0.0,0.0,0.0,0.00011210403254219292,0.5
repeat_2_fold_3,KCNC3,0.028247104437985726,0.05649420887597145,0.028247104437985726,0.0,0.25,-0.0013015158528353055,1.0
repeat_2_fold_3,KCNIP2,0.0,0.0,0.0,0.0,0.0,-0.00033538825182866105,0.5
repeat_2_fold_3,KDELR1,0.0,0.0,0.0,0.0,0.0,-5.589804197145276e-05,0.5
repeat_2_fold_3,KDELR3,0.0,0.0,0.0,0.0,0.0,-0.0001881746260530004,0.5
repeat_2_fold_3,KDM6A,-0.016307574793950508,0.10076891643036462,0.05038445821518231,-0.06669203300913282,0.25,0.0003202972358348488,0.5
repeat_2_fold_3,KDM7A,-0.16136946608479263,0.18981376968272523,0.09490688484136262,-0.25627635092615525,0.0,-6.405944716697531e-05,0.5
repeat_2_fold_3,KIF13A,0.0,0.0,0.0,0.0,0.0,0.0,0.0
repeat_2_fold_3,KIT,-0.2294146444878269,0.2799418049587665,0.13997090247938326,-0.36938554696721015,0.0,0.0005284684427989683,1.0
repeat_2_fold_3,KLF9,0.0,0.0,0.0,0.0,0.0,7.985434567348015e-05,0.5
repeat_2_fold_3,KLHDC10,0.0,0.0,0.0,0.0,0.0,-4.804458537524536e-05,0.5
repeat_2_fold_3,KLHL21,0.0,0.0,0.0,0.0,0.0,0.0005589804197144443,0.5
repeat_2_fold_3,KLHL5,-0.06228397695564425,0.07191934172308331,0.03595967086154166,-0.0982436478171859,0.0,-0.00028026008135551006,0.5
repeat_2_fold_3,KLK12,0.0,0.0,0.0,0.0,0.0,8.783978024085037e-05,0.5
repeat_2_fold_3,KMT5B,0.0,0.0,0.0,0.0,0.0,0.0002322154959802647,0.5
repeat_2_fold_3,KRT36,0.0,0.0,0.0,0.0,0.0,0.0,0.0
repeat_2_fold_3,KRT38,0.05408779403267516,0.10817558806535033,0.05408779403267516,0.0,0.25,-1.597086913468493e-05,0.5
repeat_2_fold_3,KRT81,0.040192866655274884,0.31947295414998395,0.15973647707499197,-0.11954361041971709,0.5,0.0016460333483144518,1.0
repeat_2_fold_3,KRT83,0.0,0.0,0.0,0.0,0.0,-0.00011210403254222068,0.5
repeat_2_fold_3,KRTAP1-1,0.0,0.0,0.0,0.0,0.0,0.0,0.0
repeat_2_fold_3,KRTAP1-3,-0.050969035754814485,0.10193807150962897,0.050969035754814485,-0.10193807150962897,0.0,0.00011978151851022023,0.5
repeat_2_fold_3,KTN1,0.0,0.0,0.0,0.0,0.0,0.00013612632522980173,0.5
repeat_2_fold_3,KYNU,0.0,0.0,0.0,0.0,0.0,0.00024823035777199465,0.5
repeat_2_fold_3,LAMB1,0.10926387419584671,0.126167054359347,0.0630835271796735,0.04618034701617321,0.5,0.0013021537463624444,1.0
repeat_2_fold_3,LAMC1,0.0,0.0,0.0,0.0,0.0,-0.00019974584582635457,1.0
repeat_2_fold_3,LAMC2,0.20360451255385925,0.23510224026238635,0.11755112013119318,0.08605339242266608,0.5,0.00035135912096337374,0.5
repeat_2_fold_3,LCP2,0.0,0.0,0.0,0.0,0.0,0.0,0.0
repeat_2_fold_3,LDHAL6B,0.0,0.0,0.0,0.0,0.0,0.0,0.0
repeat_2_fold_3,LDLRAP1,-0.10193807150962897,0.11770794605351122,0.05885397302675561,-0.16079204453638457,0.0,-0.000211800984827204,1.0
repeat_2_fold_3,LEMD3,0.0,0.0,0.0,0.0,0.0,0.0,0.0
repeat_2_fold_3,LEP,-0.1675530510015033,0.11506530366806755,0.05753265183403378,-0.22508570283553708,0.0,-9.578122215114782e-05,1.0
repeat_2_fold_3,LETM1,0.0,0.0,0.0,0.0,0.0,0.000295461078991921,0.5
repeat_2_fold_3,LIAS,0.0,0.0,0.0,0.0,0.0,0.0,0.0
repeat_2_fold_3,LIPA,0.0,0.0,0.0,0.0,0.0,0.0,0.0
repeat_2_fold_3,LMO1,-0.10193807150962897,0.11770794605351122,0.05885397302675561,-0.16079204453638457,0.0,-0.0006627910690899796,0.5
repeat_2_fold_3,LOX,-0.1359999808625556,0.38181961034081774,0.19090980517040887,-0.3269097860329645,0.25,-8.421000237779364e-05,1.0
repeat_2_fold_3,LRP8,-0.00644706410257001,0.012894128205140019,0.0064470641025700095,-0.01289412820514002,0.0,0.000452419845616725,0.5
repeat_2_fold_3,LTBP2,0.0025946548641204714,0.13049423894090711,0.06524711947045356,-0.06265246460633309,0.25,-0.0002722086578025862,1.0
repeat_2_fold_3,LTBP3,-0.050969035754814485,0.10193807150962897,0.050969035754814485,-0.10193807150962897,0.0,-0.000255753869440406,1.0
repeat_2_fold_3,LY6E,0.0,0.0,0.0,0.0,0.0,7.206687806282641e-05,0.5
repeat_2_fold_3,LY6H,-0.050969035754814485,0.10193807150962897,0.050969035754814485,-0.10193807150962897,0.0,0.00011978151851024799,0.5
repeat_2_fold_3,LYN,0.0,0.0,0.0,0.0,0.0,0.0003283486593877727,1.0
repeat_2_fold_3,LYRM4,0.0,0.0,0.0,0.0,0.0,-1.597086913468493e-05,1.0
repeat_2_fold_3,MAEA,0.0,0.0,0.0,0.0,0.0,0.0,0.0
repeat_2_fold_3,MAIP1,0.0,0.0,0.0,0.0,0.0,0.0,0.0
repeat_2_fold_3,MAMLD1,0.0,0.0,0.0,0.0,0.0,0.0,0.0
repeat_2_fold_3,MAN1C1,0.13852756810634048,0.16237415060241958,0.08118707530120979,0.05734049280513069,0.5,0.001428380572786575,1.0
repeat_2_fold_3,MAP2K3,0.10746324463079127,0.14941679583469186,0.07470839791734593,0.032754846713445335,0.5,-0.00047941202631174296,1.0
repeat_2_fold_3,MAP4K4,0.005920047844471199,0.14455194508092375,0.07227597254046188,-0.06635592469599068,0.25,0.00044760226601345265,1.0
repeat_2_fold_3,MAPK1,0.08829168882644467,0.101950460622309,0.0509752303111545,0.03731645851529017,0.5,0.00027150477528986583,0.5
repeat_2_fold_3,MAPK14,0.0,0.0,0.0,0.0,0.0,0.00019165042961638568,0.5
repeat_2_fold_3,MAPK6,0.0,0.0,0.0,0.0,0.0,0.0,0.0
repeat_2_fold_3,MAT2A,0.0,0.0,0.0,0.0,0.0,2.8026008135534353e-05,0.5
repeat_2_fold_3,MBD4,0.0,0.0,0.0,0.0,0.0,-0.0002242080650844136,0.5
repeat_2_fold_3,MCCC1,-0.13882486122900417,0.22406733109426308,0.11203366554713154,-0.25085852677613574,0.0,-0.00019165042961638568,0.5
repeat_2_fold_3,MCL1,0.0,0.0,0.0,0.0,0.0,0.0,0.0
repeat_2_fold_3,MCOLN1,0.0,0.0,0.0,0.0,0.0,0.00029627494314724,0.5
repeat_2_fold_3,MDH2,0.0,0.0,0.0,0.0,0.0,-4.003715447936651e-05,0.5
repeat_2_fold_3,MED13,0.0,0.0,0.0,0.0,0.0,-2.395630370205515e-05,0.5
repeat_2_fold_3,MFAP4,-0.12746899553513913,0.14792309923945365,0.07396154961972683,-0.20143054515486597,0.0,-0.0012571666506518142,0.5
repeat_2_fold_3,MIOS,-0.05585143491279965,0.11170286982559931,0.055851434912799654,-0.1117028698255993,0.0,-4.804458537524536e-05,0.5
repeat_2_fold_3,MLEC,0.0,0.0,0.0,0.0,0.0,0.00010376665671849028,1.0
repeat_2_fold_3,MLX,0.0,0.0,0.0,0.0,0.0,9.582521480819284e-05,0.5
repeat_2_fold_3,MLYCD,0.022156779847081864,0.04431355969416372,0.02215677984708186,3.469446951953614e-18,0.25,-0.00012811889433397838,0.5
repeat_2_fold_3,MMACHC,0.0,0.0,0.0,0.0,0.0,0.0,0.0
repeat_2_fold_3,MMP13,0.0,0.0,0.0,0.0,0.0,-0.0002242080650844136,0.5
repeat_2_fold_3,MMP19,-0.05025669232026431,0.05803142967936959,0.029015714839684795,-0.0792724071599491,0.0,-0.000511067812310334,0.5
repeat_2_fold_3,MMP20,0.07921614019280554,0.15843228038561108,0.07921614019280554,0.0,0.25,0.00023956303702046822,0.5
repeat_2_fold_3,MOGAT2,-0.039112035908623,0.04516268892079559,0.022581344460397796,-0.06169338036902079,0.0,0.00086508848902489,1.0
repeat_2_fold_3,MOGS,0.0,0.0,0.0,0.0,0.0,-0.00011179608394287777,0.5
repeat_2_fold_3,MORF4L1,0.0,0.0,0.0,0.0,0.0,0.0,0.0
repeat_2_fold_3,MRC1,0.0,0.0,0.0,0.0,0.0,-0.000175679560481673,0.5
repeat_2_fold_3,MRPL28,0.0,0.0,0.0,0.0,0.0,0.0,0.0
repeat_2_fold_3,MRPL39,0.0,0.0,0.0,0.0,0.0,0.0,0.0
repeat_2_fold_3,MRPS35,0.0,0.0,0.0,0.0,0.0,-9.608917075046297e-05,0.5
repeat_2_fold_3,MSH5,0.0,0.0,0.0,0.0,0.0,0.0,0.0
repeat_2_fold_3,MSL1,0.0,0.0,0.0,0.0,0.0,0.0,0.0
repeat_2_fold_3,MSL3,0.0,0.0,0.0,0.0,0.0,0.0,0.0
repeat_2_fold_3,MSRB1,-0.0195560179543115,0.039112035908623,0.0195560179543115,-0.039112035908623,0.0,-0.00025623778866790126,0.5
repeat_2_fold_3,MT1M,0.0,0.0,0.0,0.0,0.0,0.00031228980493896996,0.5
repeat_2_fold_3,MTERF3,0.0,0.0,0.0,0.0,0.0,0.0,0.0
repeat_2_fold_3,MTHFD2,0.0,0.0,0.0,0.0,0.0,0.0,0.0
repeat_2_fold_3,MTMR2,-0.11647256940091388,0.2329451388018278,0.1164725694009139,-0.23294513880182777,0.0,-0.00021620063418853475,0.5
repeat_2_fold_3,MTO1,0.0,0.0,0.0,0.0,0.0,0.0,0.0
repeat_2_fold_3,MUC13,0.0,0.0,0.0,0.0,0.0,0.0,0.0
repeat_2_fold_3,MUC16,0.0,0.0,0.0,0.0,0.0,0.0,0.0
repeat_2_fold_3,MX1,0.0,0.0,0.0,0.0,0.0,0.0,0.0
repeat_2_fold_3,MYBBP1A,0.1338480772907289,0.2676961545814578,0.1338480772907289,0.0,0.25,-0.00042329402105509284,1.0
repeat_2_fold_3,MYBL1,0.0,0.0,0.0,0.0,0.0,-1.6014861791757706e-05,0.5
repeat_2_fold_3,MYH8,0.0,0.0,0.0,0.0,0.0,3.992717283674008e-05,0.5
repeat_2_fold_3,MYL7,0.0,0.0,0.0,0.0,0.0,-0.00013612632522982948,0.5
repeat_2_fold_3,NAB2,-0.031141988477822125,0.06228397695564424,0.03114198847782212,-0.06228397695564425,0.0,-0.00015240514296382957,1.0
repeat_2_fold_3,NADK,0.0,0.0,0.0,0.0,0.0,0.0,0.0
repeat_2_fold_3,NAMPT,0.0,0.0,0.0,0.0,0.0,0.0,0.0
repeat_2_fold_3,NARS2,0.0,0.0,0.0,0.0,0.0,0.0,0.0
repeat_2_fold_3,NBEAL2,0.0,0.0,0.0,0.0,0.0,-0.0002555339061551809,0.5
repeat_2_fold_3,NCALD,0.0,0.0,0.0,0.0,0.0,0.00016815604881328938,0.5
repeat_2_fold_3,NCAM1,0.0,0.0,0.0,0.0,0.0,-2.7755575615628914e-17,0.5
repeat_2_fold_3,NCAPH2,0.0,0.0,0.0,0.0,0.0,-5.589804197145276e-05,0.5
repeat_2_fold_3,NCOA6,0.0,0.0,0.0,0.0,0.0,0.0,0.0
repeat_2_fold_3,NDUFB2,0.0,0.0,0.0,0.0,0.0,0.0,0.0
repeat_2_fold_3,NDUFS3,0.0,0.0,0.0,0.0,0.0,0.0,0.0
repeat_2_fold_3,NDUFS7,0.0,0.0,0.0,0.0,0.0,0.0,0.0
repeat_2_fold_3,NEK2,0.0,0.0,0.0,0.0,0.0,-3.992717283674008e-05,0.5
repeat_2_fold_3,NFKBIA,0.0,0.0,0.0,0.0,0.0,0.0,0.0
repeat_2_fold_3,NMB,0.0,0.0,0.0,0.0,0.0,0.0,0.0
repeat_2_fold_3,NMRK1,0.0,0.0,0.0,0.0,0.0,0.0,0.0
repeat_2_fold_3,NMRK2,0.0,0.0,0.0,0.0,0.0,0.00012776695307759045,0.5
repeat_2_fold_3,NOP10,0.0,0.0,0.0,0.0,0.0,0.0,0.0
repeat_2_fold_3,NOTCH2,0.0,0.0,0.0,0.0,0.0,0.00014373782221227538,0.5
repeat_2_fold_3,NOTCH2NLA,0.0,0.0,0.0,0.0,0.0,0.0,0.0
repeat_2_fold_3,NOX1,0.0,0.0,0.0,0.0,0.0,0.0,0.0
repeat_2_fold_3,NPHP4,-0.1182394137303362,0.13653111469206627,0.06826555734603314,-0.18650497107636932,0.0,-1.6014861791757706e-05,0.5
repeat_2_fold_3,NPR1,0.0,0.0,0.0,0.0,0.0,0.00015172325677961784,0.5
repeat_2_fold_3,NR1D1,0.0,0.0,0.0,0.0,0.0,0.0,0.0
repeat_2_fold_3,NR4A3,0.0,0.0,0.0,0.0,0.0,0.0,0.0
repeat_2_fold_3,NUDT3,0.0,0.0,0.0,0.0,0.0,0.0,0.0
repeat_2_fold_3,NUP153,0.0,0.0,0.0,0.0,0.0,-0.0002794902098572083,0.5
repeat_2_fold_3,NUP160,0.0,0.0,0.0,0.0,0.0,0.0,0.0
repeat_2_fold_3,OAT,0.0,0.0,0.0,0.0,0.0,0.0,0.0
repeat_2_fold_3,OCRL,0.0,0.0,0.0,0.0,0.0,9.608917075043522e-05,0.5
repeat_2_fold_3,OGG1,0.0,0.0,0.0,0.0,0.0,-4.003715447936651e-05,0.5
repeat_2_fold_3,OGN,0.0,0.0,0.0,0.0,0.0,-0.0005509949851471019,0.5
repeat_2_fold_3,OPTN,0.0,0.0,0.0,0.0,0.0,0.0,0.0
repeat_2_fold_3,OR12D3,0.04717031917900805,0.0943406383580161,0.04717031917900805,0.0,0.25,7.985434567342464e-06,0.5
repeat_2_fold_3,ORC3,-0.09176312296593636,0.18352624593187272,0.09176312296593636,-0.18352624593187272,0.0,-8.007430895878853e-06,0.5
repeat_2_fold_3,OSBPL8,-0.04125027133453685,0.0825005426690737,0.04125027133453685,-0.0825005426690737,0.0,2.395630370205515e-05,0.5
repeat_2_fold_3,OTUB1,0.0,0.0,0.0,0.0,0.0,0.0,0.0
repeat_2_fold_3,OXA1L,0.0,0.0,0.0,0.0,0.0,0.0,0.0
repeat_2_fold_3,OXCT1,-0.031141988477822125,0.06228397695564424,0.03114198847782212,-0.06228397695564425,0.0,-0.00012411517888602508,0.5
repeat_2_fold_3,OXTR,0.0,0.0,0.0,0.0,0.0,0.0,0.0
repeat_2_fold_3,P2RX4,0.0,0.0,0.0,0.0,0.0,-0.00017592152009540674,1.0
repeat_2_fold_3,P2RY13,0.0,0.0,0.0,0.0,0.0,-8.00963052872139e-05,1.0
repeat_2_fold_3,P2RY14,0.0,0.0,0.0,0.0,0.0,0.0,0.0
repeat_2_fold_3,PACSIN3,-0.09675696796969646,0.12510627519352613,0.06255313759676306,-0.15931010556645953,0.0,3.20297235834599e-05,0.5
repeat_2_fold_3,PAK2,0.0,0.0,0.0,0.0,0.0,0.0005645238781589179,0.5
repeat_2_fold_3,PAK5,0.05408779403267516,0.10817558806535033,0.05408779403267516,0.0,0.25,-0.00040725716293479874,0.5
repeat_2_fold_3,PAOX,0.0,0.0,0.0,0.0,0.0,0.0,0.0
repeat_2_fold_3,PARD6B,0.0,0.0,0.0,0.0,0.0,-8.783978024085037e-05,0.5
repeat_2_fold_3,PAX3,0.0,0.0,0.0,0.0,0.0,0.0,0.0
repeat_2_fold_3,PAX7,0.0,0.0,0.0,0.0,0.0,-5.589804197145276e-05,0.5
repeat_2_fold_3,PCF11,0.0,0.0,0.0,0.0,0.0,0.0,0.0
repeat_2_fold_3,PCNT,0.0,0.0,0.0,0.0,0.0,-0.0004871115086082789,0.5
repeat_2_fold_3,PDCD11,0.0,0.0,0.0,0.0,0.0,0.0,0.0
repeat_2_fold_3,PDE6D,0.0,0.0,0.0,0.0,0.0,0.0,0.0
repeat_2_fold_3,PDE8B,0.0,0.0,0.0,0.0,0.0,0.0,0.0
repeat_2_fold_3,PDK1,0.0,0.0,0.0,0.0,0.0,0.0,0.0
repeat_2_fold_3,PDPK1,0.0,0.0,0.0,0.0,0.0,0.0,0.0
repeat_2_fold_3,PELI2,0.0,0.0,0.0,0.0,0.0,0.0,0.0
repeat_2_fold_3,PER2,-0.11889332757116833,0.1045876009723799,0.05229380048618995,-0.17118712805735828,0.25,-0.000723308723708016,1.0
repeat_2_fold_3,PER3,0.05309036702347747,0.0910806005033173,0.04554030025165865,0.007550066771818818,0.5,0.0015669268778107093,1.0
repeat_2_fold_3,PEX5,-0.15393395829839562,0.1855915106495512,0.0927957553247756,-0.24672971362317123,0.0,-0.0005680656707079124,1.0
repeat_2_fold_3,PFKFB4,0.0,0.0,0.0,0.0,0.0,0.0,0.0
repeat_2_fold_3,PFKP,0.11281635460078476,0.13027860919687012,0.06513930459843506,0.0476770500023497,0.5,0.002974694972487507,1.0
repeat_2_fold_3,PGF,0.0,0.0,0.0,0.0,0.0,0.0,0.0
repeat_2_fold_3,PGLS,0.0,0.0,0.0,0.0,0.0,0.0,0.0
repeat_2_fold_3,PGRMC2,0.0,0.0,0.0,0.0,0.0,0.00013575238764493291,0.5
repeat_2_fold_3,PGS1,0.0,0.0,0.0,0.0,0.0,1.601486179172995e-05,1.0
repeat_2_fold_3,PHKG2,0.0,0.0,0.0,0.0,0.0,0.0,0.0
repeat_2_fold_3,PIGV,0.2136367510019319,0.25954836324362923,0.12977418162181462,0.0838625693801173,0.5,-0.0009981793209186685,0.5
repeat_2_fold_3,PIK3R5,0.0,0.0,0.0,0.0,0.0,0.0,0.0
repeat_2_fold_3,PIP5K1B,-0.09273312287777635,0.39142451318103,0.195712256590515,-0.28844537946829135,0.5,0.002350225344252166,1.0
repeat_2_fold_3,PITRM1,0.0,0.0,0.0,0.0,0.0,-0.00015970869134698806,0.5
repeat_2_fold_3,PIWIL1,0.0,0.0,0.0,0.0,0.0,0.0,0.0
repeat_2_fold_3,PKM,0.0,0.0,0.0,0.0,0.0,0.0,0.0
repeat_2_fold_3,PKP3,0.06603353067905893,0.0763058190152389,0.03815290950761945,0.027880621171439475,0.5,-0.0010169437237756707,0.5
repeat_2_fold_3,PLA2G10,0.0036629013431035418,0.0073258026862070835,0.0036629013431035418,0.0,0.25,-0.0009183249752451605,0.5
repeat_2_fold_3,PLA2G2A,0.0,0.0,0.0,0.0,0.0,5.589804197145276e-05,0.5
repeat_2_fold_3,PLA2G6,0.0,0.0,0.0,0.0,0.0,-0.00012776695307759045,0.5
repeat_2_fold_3,PLAUR,0.0,0.0,0.0,0.0,0.0,-2.4022292687608804e-05,0.5
repeat_2_fold_3,PLBD1,0.0,0.0,0.0,0.0,0.0,0.0,0.0
repeat_2_fold_3,PLEKHA2,0.0,0.0,0.0,0.0,0.0,4.0037154479338755e-05,0.5
repeat_2_fold_3,PLOD1,-0.09908548912914483,0.11999877745124922,0.05999938872562461,-0.15908487785476944,0.0,-9.208545530253742e-05,0.5
repeat_2_fold_3,PLOD3,0.0,0.0,0.0,0.0,0.0,0.0,0.5
repeat_2_fold_3,PMPCA,0.0,0.0,0.0,0.0,0.0,3.194173826936986e-05,0.5
repeat_2_fold_3,PNLIP,0.07921614019280554,0.15843228038561108,0.07921614019280554,0.0,0.25,-0.0010382604680550245,1.0
repeat_2_fold_3,POLR2G,0.0,0.0,0.0,0.0,0.0,0.0,0.0
repeat_2_fold_3,POLR3G,-0.039112035908623,0.04516268892079559,0.022581344460397796,-0.06169338036902079,0.0,0.0007150593331983202,1.0
repeat_2_fold_3,POLR3K,-0.08183999490995753,0.0997507590167996,0.0498753795083998,-0.13171537441835732,0.0,-0.00047925805201209926,1.0
repeat_2_fold_3,POMT1,0.0,0.0,0.0,0.0,0.0,0.0,0.0
repeat_2_fold_3,PORCN,0.0,0.0,0.0,0.0,0.0,0.0,0.0
repeat_2_fold_3,POU3F1,0.0,0.0,0.0,0.0,0.0,-7.206687806285417e-05,0.5
repeat_2_fold_3,POU4F1,-0.14318834284417292,0.17853504342026677,0.08926752171013339,-0.2324558645543063,0.0,-0.00023157760245312575,0.5
repeat_2_fold_3,PPA2,0.0,0.0,0.0,0.0,0.0,0.0,0.0
repeat_2_fold_3,PPARD,0.0,0.0,0.0,0.0,0.0,0.0,0.0
repeat_2_fold_3,PPFIBP2,0.19883888327151666,0.12871873605180556,0.06435936802590278,0.13447951524561388,1.0,0.005276611775422213,1.0
repeat_2_fold_3,PPIA,-0.09908548912914483,0.11999877745124922,0.05999938872562461,-0.15908487785476944,0.0,-0.00012811889433395063,0.5
repeat_2_fold_3,PPP1R12B,0.0,0.0,0.0,0.0,0.0,0.0,0.0
repeat_2_fold_3,PPP1R13B,-0.11398630814614918,0.14264169304319047,0.07132084652159523,-0.18530715466774442,0.0,-0.00021303277922443686,1.0
repeat_2_fold_3,PPP1R3C,-0.039112035908623,0.04516268892079559,0.022581344460397796,-0.06169338036902079,0.0,-3.6033439031413206e-05,0.5
repeat_2_fold_3,PPP2CB,0.0,0.0,0.0,0.0,0.0,0.0,0.0
repeat_2_fold_3,PQBP1,0.0,0.0,0.0,0.0,0.0,0.0,0.0
repeat_2_fold_3,PRC1,-0.09176312296593636,0.18352624593187272,0.09176312296593636,-0.18352624593187272,0.0,-0.0003723455366580475,0.5
repeat_2_fold_3,PRCC,0.022156779847081864,0.04431355969416372,0.02215677984708186,3.469446951953614e-18,0.25,-5.605201627109646e-05,0.5
repeat_2_fold_3,PRIM2,0.0026007618927703646,0.06818288116785855,0.034091440583929274,-0.03149067869115891,0.25,4.784661841850113e-05,1.0
repeat_2_fold_3,PRKAR1A,0.0,0.0,0.0,0.0,0.0,-0.00022359216788575553,0.5
repeat_2_fold_3,PRKAR2A,0.0,0.0,0.0,0.0,0.0,0.0,0.0
repeat_2_fold_3,PRKCE,0.0,0.0,0.0,0.0,0.0,0.0,0.0
repeat_2_fold_3,PRKRIP1,0.0,0.0,0.0,0.0,0.0,0.0,0.0
repeat_2_fold_3,PRODH2,0.18047425340448875,0.23951381355167276,0.11975690677583638,0.06071734662865237,0.5,-0.00040725716293479874,0.5
repeat_2_fold_3,PRX,0.0,0.0,0.0,0.0,0.0,-8.808173985461187e-05,0.5
repeat_2_fold_3,PSEN1,0.10368540619156974,0.12007165675912192,0.06003582837956096,0.04364957781200878,0.5,0.00023956303702046822,0.5
repeat_2_fold_3,PSMB1,-0.050969035754814485,0.10193807150962897,0.050969035754814485,-0.10193807150962897,0.0,0.0003912862938001138,0.5
repeat_2_fold_3,PSMD12,0.022156779847081864,0.04431355969416372,0.02215677984708186,3.469446951953614e-18,0.25,-2.4022292687608804e-05,0.5
repeat_2_fold_3,PSME3,-0.0195560179543115,0.039112035908623,0.0195560179543115,-0.039112035908623,0.0,-0.00014697166616198243,1.0
repeat_2_fold_3,PSPN,0.0,0.0,0.0,0.0,0.0,-0.0001277669530775627,0.5
repeat_2_fold_3,PTAFR,0.0,0.0,0.0,0.0,0.0,-2.4195961378925546e-07,1.0
repeat_2_fold_3,PTDSS2,0.0,0.0,0.0,0.0,0.0,0.0,0.0
repeat_2_fold_3,PTGIS,-0.11974084135328411,0.23948168270656825,0.11974084135328412,-0.23948168270656822,0.0,-2.7755575615628914e-17,0.5
repeat_2_fold_3,PTK2,0.0,0.0,0.0,0.0,0.0,0.0,0.0
repeat_2_fold_3,PTPN18,0.0,0.0,0.0,0.0,0.0,0.0,0.0
repeat_2_fold_3,RAB11FIP3,0.0,0.0,0.0,0.0,0.0,7.985434567350791e-05,0.5
repeat_2_fold_3,RAB30,0.0,0.0,0.0,0.0,0.0,0.0,0.0
repeat_2_fold_3,RAB31,0.0,0.0,0.0,0.0,0.0,0.0,0.5
repeat_2_fold_3,RAB38,0.09131616359223038,0.10555843012866212,0.05277921506433106,0.03853694852789932,0.5,0.0004110849077545442,1.0
repeat_2_fold_3,RAB40C,0.0,0.0,0.0,0.0,0.0,0.0,0.0
repeat_2_fold_3,RAB4A,0.0,0.0,0.0,0.0,0.0,-6.388347653876747e-05,0.5
repeat_2_fold_3,RAB5A,0.011621870371996579,0.017029761067959084,0.008514880533979542,0.003106989838017037,0.5,-0.0002611433535852359,1.0
repeat_2_fold_3,RAB6A,-0.17310876405032083,0.21126385656689298,0.10563192828344649,-0.2787406923337673,0.0,-0.0002601975114587818,1.0
repeat_2_fold_3,RAB7A,-0.09221930708935133,0.10766187417870693,0.053830937089353464,-0.1460502441787048,0.0,-0.0004152425975021412,0.5
repeat_2_fold_3,RABGGTA,0.0,0.0,0.0,0.0,0.0,0.0,0.0
repeat_2_fold_3,RAD21,0.0,0.0,0.0,0.0,0.0,0.0002874756444245785,0.5
repeat_2_fold_3,RALBP1,0.0,0.0,0.0,0.0,0.0,0.00028426379680340785,0.5
repeat_2_fold_3,RANBP1,0.0,0.0,0.0,0.0,0.0,0.00040725716293479874,0.5
repeat_2_fold_3,RANBP9,-0.050969035754814485,0.10193807150962897,0.050969035754814485,-0.10193807150962897,0.0,-0.00023157760245312575,0.5
repeat_2_fold_3,RAP1B,0.0,0.0,0.0,0.0,0.0,0.0,0.0
repeat_2_fold_3,RAP1GAP2,0.0,0.0,0.0,0.0,0.0,-1.6014861791757706e-05,0.5
repeat_2_fold_3,RARS2,0.06803014801435836,0.23226053367631067,0.11613026683815533,-0.04810011882379697,0.25,-0.0012537132270738216,0.5
repeat_2_fold_3,RASGRF1,-0.21558261081365337,0.27101417712650955,0.13550708856325477,-0.35108969937690815,0.0,-0.000416012469000443,1.0
repeat_2_fold_3,RBM14,0.0,0.0,0.0,0.0,0.0,-0.00015214118702155943,0.5
repeat_2_fold_3,RBM4,0.04598820458252817,0.09197640916505634,0.04598820458252817,0.0,0.25,-0.0002001857723968048,0.5
repeat_2_fold_3,RBP1,0.04717031917900805,0.0943406383580161,0.04717031917900805,0.0,0.25,0.00041594648001486156,1.0
repeat_2_fold_3,REL,0.0,0.0,0.0,0.0,0.0,0.0,0.0
repeat_2_fold_3,RGL2,-0.039112035908623,0.04516268892079559,0.022581344460397796,-0.06169338036902079,0.0,3.1435822713338224e-05,1.0
repeat_2_fold_3,RGR,0.0,0.0,0.0,0.0,0.0,0.0,0.0
repeat_2_fold_3,RGS10,-0.3886900059995124,0.46258627864506036,0.23129313932253018,-0.6199831453220426,0.0,0.0004074111372344702,1.0
repeat_2_fold_3,RGS20,-0.050969035754814485,0.10193807150962897,0.050969035754814485,-0.10193807150962897,0.0,8.783978024085037e-05,0.5
repeat_2_fold_3,RHD,0.0,0.0,0.0,0.0,0.0,-9.608917075049073e-05,0.5
repeat_2_fold_3,RHOH,0.0,0.0,0.0,0.0,0.0,-0.0003274028172613186,0.5
repeat_2_fold_3,RIDA,0.0,0.0,0.0,0.0,0.0,3.20297235834599e-05,0.5
repeat_2_fold_3,RIGI,-0.05025669232026431,0.05803142967936959,0.029015714839684795,-0.0792724071599491,0.0,-0.0002555339061551809,0.5
repeat_2_fold_3,RIMS1,-0.0591197068651681,0.1182394137303362,0.0591197068651681,-0.1182394137303362,0.0,7.206687806282641e-05,0.5
repeat_2_fold_3,RNASEH1,0.00811453638402071,0.23448810069603854,0.11724405034801927,-0.10912951396399856,0.5,0.0002956590459486097,1.0
repeat_2_fold_3,RNF125,0.03796586885826869,0.2015464208256195,0.10077321041280975,-0.06280734155454105,0.25,6.0451665632399454e-05,1.0
repeat_2_fold_3,RNF216,0.0,0.0,0.0,0.0,0.0,0.0,0.0
repeat_2_fold_3,RNF4,0.0,0.0,0.0,0.0,0.0,0.0,0.0
repeat_2_fold_3,RNF41,0.0,0.0,0.0,0.0,0.0,0.00013575238764493291,0.5
repeat_2_fold_3,ROBO1,-0.10193807150962897,0.11770794605351122,0.05885397302675561,-0.16079204453638457,0.0,6.388347653879523e-05,0.5
repeat_2_fold_3,RPL13A,0.0,0.0,0.0,0.0,0.0,0.0,0.0
repeat_2_fold_3,RPL29,0.0,0.0,0.0,0.0,0.0,3.202972358348766e-05,0.5
repeat_2_fold_3,RPL36AL,-0.08943339039584686,0.10526832646281097,0.05263416323140548,-0.14206755362725235,0.0,-0.0002793802282146096,1.0
repeat_2_fold_3,RPL9,0.15843228038561108,0.18294183945791764,0.09147091972895882,0.06696136065665226,0.5,7.983234934494376e-05,1.0
repeat_2_fold_3,RPLP2,0.0,0.0,0.0,0.0,0.0,-2.7755575615628914e-17,0.5
repeat_2_fold_3,RPP25,0.0,0.0,0.0,0.0,0.0,0.0,0.0
repeat_2_fold_3,RPS14,0.0,0.0,0.0,0.0,0.0,0.0,0.0
repeat_2_fold_3,RPS2,0.0,0.0,0.0,0.0,0.0,0.0,0.0
repeat_2_fold_3,RPS27A,0.0,0.0,0.0,0.0,0.0,0.0007359577635789316,1.0
repeat_2_fold_3,RPS6KA5,-0.08017715244242396,0.16035430488484795,0.08017715244242397,-0.16035430488484792,0.0,-0.00017996922820043282,1.0
repeat_2_fold_3,RPS7,0.0,0.0,0.0,0.0,0.0,5.605201627109646e-05,0.5
repeat_2_fold_3,RRAGC,-0.21226192421149825,0.2451027688377724,0.1225513844188862,-0.33481330863038444,0.0,-0.00012811889433395063,0.5
repeat_2_fold_3,RRAS,0.0,0.0,0.0,0.0,0.0,0.0,0.0
repeat_2_fold_3,RSU1,0.0,0.0,0.0,0.0,0.0,0.0,0.0
repeat_2_fold_3,RXRA,-0.031141988477822125,0.06228397695564424,0.03114198847782212,-0.06228397695564425,0.0,-9.608917075049073e-05,0.5
repeat_2_fold_3,RYR1,0.0,0.0,0.0,0.0,0.0,-0.00013612632522982948,0.5
repeat_2_fold_3,S100A8,-0.3519095908977423,0.40795785068591056,0.20397892534295528,-0.5558885162406976,0.0,0.0002647071424627112,1.0
repeat_2_fold_3,S100A9,0.0,0.0,0.0,0.0,0.0,0.0,0.0
repeat_2_fold_3,SAMM50,-0.040127197108562385,0.058788181739456484,0.029394090869728242,-0.06952128797829063,0.0,0.00018016719515709378,0.5
repeat_2_fold_3,SAP30,-0.17693412041212397,0.3039638946098529,0.15198194730492645,-0.3289160677170504,0.0,0.0002036395796316537,1.0
repeat_2_fold_3,SCFD1,0.026361429673180226,0.11138866514358735,0.055694332571793674,-0.02933290289861345,0.25,-0.0007768087822136172,1.0
repeat_2_fold_3,SCN9A,-0.12124226897622492,0.13999851326116894,0.06999925663058447,-0.1912415256068094,0.0,-0.00045178195208958605,1.0
repeat_2_fold_3,SCUBE2,0.0,0.0,0.0,0.0,0.0,0.00038330085923277135,0.5
repeat_2_fold_3,SDHA,0.0,0.0,0.0,0.0,0.0,0.0,0.0
repeat_2_fold_3,SEC11A,0.0,0.0,0.0,0.0,0.0,-4.010314346494792e-05,1.0
repeat_2_fold_3,SEC23A,0.10468861144711994,0.2827769339997281,0.14138846699986404,-0.036699855552744104,0.25,0.0009248582684731332,0.5
repeat_2_fold_3,SEC61A2,0.0,0.0,0.0,0.0,0.0,0.0,0.0
repeat_2_fold_3,SEL1L,0.0,0.0,0.0,0.0,0.0,0.0,0.0
repeat_2_fold_3,SELENOP,0.0,0.0,0.0,0.0,0.0,0.0,0.0
repeat_2_fold_3,SENP5,0.0,0.0,0.0,0.0,0.0,0.0,0.0
repeat_2_fold_3,SEPTIN2,0.0,0.0,0.0,0.0,0.0,0.0,0.0
repeat_2_fold_3,SERINC1,0.0,0.0,0.0,0.0,0.0,-8.783978024082262e-05,0.5
repeat_2_fold_3,SERPINA3,0.0,0.0,0.0,0.0,0.0,-0.00012011146343807177,0.5
repeat_2_fold_3,SERPINA5,0.0,0.0,0.0,0.0,0.0,0.0,0.0
repeat_2_fold_3,SETD1B,0.20632094299638126,0.25699686523316917,0.12849843261658458,0.07782251037979668,0.5,-0.0009981793209186407,0.5
repeat_2_fold_3,SF3A2,0.0,0.0,0.0,0.0,0.0,0.0,0.0
repeat_2_fold_3,SF3B5,0.0,0.0,0.0,0.0,0.0,0.0,0.0
repeat_2_fold_3,SFPQ,0.0,0.0,0.0,0.0,0.0,0.00036033439031418757,0.5
repeat_2_fold_3,SGPP1,0.0,0.0,0.0,0.0,0.0,7.985434567348015e-05,0.5
repeat_2_fold_3,SH3BP4,0.0,0.0,0.0,0.0,0.0,-0.00011179608394287777,0.5
repeat_2_fold_3,SH3PXD2A,0.07921614019280554,0.15843228038561108,0.07921614019280554,0.0,0.25,-0.00047912607404093643,0.5
repeat_2_fold_3,SHC1,0.0,0.0,0.0,0.0,0.0,0.0001597086913469603,0.5
repeat_2_fold_3,SHC3,0.0,0.0,0.0,0.0,0.0,-0.00023956303702046822,0.5
repeat_2_fold_3,SIGLEC8,0.0,0.0,0.0,0.0,0.0,8.808173985458412e-05,0.5
repeat_2_fold_3,SIX1,-0.039112035908623,0.04516268892079559,0.022581344460397796,-0.06169338036902079,0.0,-1.6014861791757706e-05,0.5
repeat_2_fold_3,SLAMF7,0.0,0.0,0.0,0.0,0.0,0.0,0.0
repeat_2_fold_3,SLC11A2,0.07921614019280554,0.15843228038561108,0.07921614019280554,0.0,0.25,-0.00015953272071883573,1.0
repeat_2_fold_3,SLC1A4,0.0,0.0,0.0,0.0,0.0,0.0,0.0
repeat_2_fold_3,SLC22A1,-0.025985413460400508,0.29651814265186144,0.14825907132593072,-0.17424448478633123,0.5,0.0015391868219459537,1.0
repeat_2_fold_3,SLC22A4,0.0,0.0,0.0,0.0,0.0,0.0,0.0
repeat_2_fold_3,SLC22A6,0.0,0.0,0.0,0.0,0.0,0.0,0.0
repeat_2_fold_3,SLC25A10,0.0,0.0,0.0,0.0,0.0,-9.600118543637293e-05,1.0
repeat_2_fold_3,SLC2A9,0.0,0.0,0.0,0.0,0.0,-1.2011146343804402e-05,0.5
repeat_2_fold_3,SLC35A2,-0.24384931065181803,0.4278553788890094,0.2139276894445047,-0.4577770000963227,0.0,-0.000989379638539123,1.0
repeat_2_fold_3,SLC39A1,0.0,0.0,0.0,0.0,0.0,0.0,0.0
repeat_2_fold_3,SLC47A1,0.1829946460397558,0.2113183438969111,0.10565917194845555,0.07733547409130025,0.5,0.003766352427424291,1.0
repeat_2_fold_3,SLC7A11,0.0,0.0,0.0,0.0,0.0,0.0,0.0
repeat_2_fold_3,SLC9A6,-0.0195560179543115,0.039112035908623,0.0195560179543115,-0.039112035908623,0.0,-0.000420214151405085,1.0
repeat_2_fold_3,SLCO4C1,-0.031141988477822125,0.06228397695564424,0.03114198847782212,-0.06228397695564425,0.0,4.0037154479338755e-05,0.5
repeat_2_fold_3,SLK,0.0,0.0,0.0,0.0,0.0,0.0,0.0
repeat_2_fold_3,SMARCC1,-0.10193807150962897,0.11770794605351122,0.05885397302675561,-0.16079204453638457,0.0,-0.0004032094548298282,1.0
repeat_2_fold_3,SMPD4,0.0,0.0,0.0,0.0,0.0,0.00031583159748793665,1.0
repeat_2_fold_3,SMYD2,0.0,0.0,0.0,0.0,0.0,0.0,0.0
repeat_2_fold_3,SNRNP27,0.0,0.0,0.0,0.0,0.0,0.000295461078991921,0.5
repeat_2_fold_3,SPAST,0.0,0.0,0.0,0.0,0.0,0.0,0.0
repeat_2_fold_3,SPDL1,0.0,0.0,0.0,0.0,0.0,0.0,0.0
repeat_2_fold_3,SPINK5,-0.14390145255363507,0.17886363890696955,0.08943181945348477,-0.23333327200711984,0.0,2.395630370205515e-05,0.5
repeat_2_fold_3,SPINT2,0.0,0.0,0.0,0.0,0.0,0.0,0.0
repeat_2_fold_3,SPON1,0.0,0.0,0.0,0.0,0.0,-2.3956303702027393e-05,0.5
repeat_2_fold_3,SPRY2,-0.05585143491279965,0.11170286982559931,0.055851434912799654,-0.1117028698255993,0.0,0.0004485261118113981,1.0
repeat_2_fold_3,SRD5A2,0.0,0.0,0.0,0.0,0.0,-0.0005110678123103618,0.5
repeat_2_fold_3,SRPK1,0.03499082683936905,0.0699816536787381,0.03499082683936905,0.0,0.25,-0.0002238781201565898,1.0
repeat_2_fold_3,SSRP1,0.0,0.0,0.0,0.0,0.0,0.00015581495754160568,1.0
repeat_2_fold_3,STAT3,-0.20308226388618245,0.23666370396717115,0.11833185198358558,-0.32141411586976804,0.0,-0.00018016719515712154,0.5
repeat_2_fold_3,STAT6,0.0,0.0,0.0,0.0,0.0,0.0,0.0
repeat_2_fold_3,STC2,-0.050969035754814485,0.10193807150962897,0.050969035754814485,-0.10193807150962897,0.0,-0.00013960212879324252,1.0
repeat_2_fold_3,STOML2,-0.12124226897622492,0.13999851326116894,0.06999925663058447,-0.1912415256068094,0.0,0.00016404235172270965,1.0
repeat_2_fold_3,STRADA,0.0,0.0,0.0,0.0,0.0,0.0,0.0
repeat_2_fold_3,STXBP3,0.0,0.0,0.0,0.0,0.0,-0.0002796001914998625,1.0
repeat_2_fold_3,SUPT20H,0.13806846554465402,0.18002617647146368,0.09001308823573184,0.048055377308922176,0.5,0.000356330674866262,0.5
repeat_2_fold_3,SUPT4H1,-0.050969035754814485,0.10193807150962897,0.050969035754814485,-0.10193807150962897,0.0,-0.000175679560481673,0.5
repeat_2_fold_3,SUPT5H,0.0,0.0,0.0,0.0,0.0,0.0,0.0
repeat_2_fold_3,SYF2,0.0,0.0,0.0,0.0,0.0,0.00019963586418372814,0.5
repeat_2_fold_3,SYK,0.0,0.0,0.0,0.0,0.0,0.0,0.0
repeat_2_fold_3,SYNE1,0.014636606871359703,0.1706182103096797,0.08530910515483985,-0.07067249828348014,0.5,9.55612588659227e-05,1.0
repeat_2_fold_3,SYT1,0.0,0.0,0.0,0.0,0.0,-0.0002882675122513889,0.5
repeat_2_fold_3,SYTL2,-0.1460415870887921,0.1686342992371886,0.0843171496185943,-0.2303587367073864,0.0,-6.405944716697531e-05,0.5
repeat_2_fold_3,TADA2A,0.0,0.0,0.0,0.0,0.0,7.206687806282641e-05,0.5
repeat_2_fold_3,TAF1C,0.0,0.0,0.0,0.0,0.0,0.0,0.0
repeat_2_fold_3,TAF9,0.0,0.0,0.0,0.0,0.0,0.0,0.0
repeat_2_fold_3,TAS2R16,-0.17572884932660315,0.22902898790252862,0.11451449395126431,-0.2902433432778675,0.0,-0.0007426454147634876,0.5
repeat_2_fold_3,TAX1BP1,-0.06228397695564425,0.07191934172308331,0.03595967086154166,-0.0982436478171859,0.0,-4.804458537524536e-05,0.5
repeat_2_fold_3,TBX1,0.0,0.0,0.0,0.0,0.0,0.0,0.0
repeat_2_fold_3,TEK,-0.3835778387016546,0.4868044600579432,0.2434022300289716,-0.6269800687306262,0.0,-0.0004604272765126316,0.5
repeat_2_fold_3,TFB2M,0.0,0.0,0.0,0.0,0.0,-0.0001517232567796456,0.5
repeat_2_fold_3,TFF1,0.0,0.0,0.0,0.0,0.0,-0.00024422664232409685,0.5
repeat_2_fold_3,TFG,0.0,0.0,0.0,0.0,0.0,9.582521480819284e-05,0.5
repeat_2_fold_3,TGIF2,0.0,0.0,0.0,0.0,0.0,-0.00023956303702046822,0.5
repeat_2_fold_3,TGOLN2,0.0,0.0,0.0,0.0,0.0,0.0,0.0
repeat_2_fold_3,TGS1,0.07921614019280554,0.15843228038561108,0.07921614019280554,0.0,0.25,-0.00047114063947359397,0.5
repeat_2_fold_3,THOP1,0.0,0.0,0.0,0.0,0.0,0.0,0.0
repeat_2_fold_3,THRA,0.0,0.0,0.0,0.0,0.0,-0.0002001857723968048,0.5
repeat_2_fold_3,TIPIN,-0.01695525606153936,0.041139218830642706,0.020569609415321353,-0.03752486547686071,0.25,-0.0007767207968995549,0.5
repeat_2_fold_3,TKT,0.0,0.0,0.0,0.0,0.0,0.0,0.0
repeat_2_fold_3,TLE4,0.0,0.0,0.0,0.0,0.0,0.0,0.0
repeat_2_fold_3,TLR7,0.0,0.0,0.0,0.0,0.0,0.0,0.0
repeat_2_fold_3,TMEM258,0.002600761892772141,0.005201523785544283,0.0026007618927721414,-4.336808689942018e-19,0.25,-0.0007865103140625995,1.0
repeat_2_fold_3,TNFRSF1A,0.0,0.0,0.0,0.0,0.0,-0.00015214118702155943,0.5
repeat_2_fold_3,TNFRSF8,0.15843228038561108,0.18294183945791764,0.09147091972895882,0.06696136065665226,0.5,0.00023956303702046822,0.5
repeat_2_fold_3,TNNC2,0.0,0.0,0.0,0.0,0.0,0.0,0.0
repeat_2_fold_3,TP53I3,-0.056058156516833435,0.11022288942083795,0.055111444710418976,-0.11116960122725242,0.0,-0.000506976111548374,1.0
repeat_2_fold_3,TPO,0.0,0.0,0.0,0.0,0.0,0.0,0.0
repeat_2_fold_3,TRAP1,-0.04125027133453685,0.0825005426690737,0.04125027133453685,-0.0825005426690737,0.0,-0.0002475484715878107,0.5
repeat_2_fold_3,TRAPPC11,0.0,0.0,0.0,0.0,0.0,1.5970869134712684e-05,0.5
repeat_2_fold_3,TRAPPC2L,0.0,0.0,0.0,0.0,0.0,-2.3956303702027393e-05,0.5
repeat_2_fold_3,TRIM29,0.0,0.0,0.0,0.0,0.0,-0.0002076212987510706,0.5
repeat_2_fold_3,TRIM34,0.0,0.0,0.0,0.0,0.0,-3.603343903144096e-05,0.5
repeat_2_fold_3,TRIT1,0.04431355969416373,0.05116889123635196,0.02558444561817598,0.01872911407598775,0.5,1.601486179172995e-05,0.5
repeat_2_fold_3,TRMT112,0.0,0.0,0.0,0.0,0.0,0.0,0.0
repeat_2_fold_3,TTC19,0.0,0.0,0.0,0.0,0.0,0.0,0.0
repeat_2_fold_3,TUBA4B,0.0,0.0,0.0,0.0,0.0,0.0,0.0
repeat_2_fold_3,TUBB2A,-0.050969035754814485,0.10193807150962897,0.050969035754814485,-0.10193807150962897,0.0,-0.0005190532468777043,0.5
repeat_2_fold_3,TUFM,0.0,0.0,0.0,0.0,0.0,0.00024823035777199465,0.5
repeat_2_fold_3,TUSC3,0.0,0.0,0.0,0.0,0.0,7.987634200198879e-05,1.0
repeat_2_fold_3,TWNK,0.0,0.0,0.0,0.0,0.0,0.0,0.0
repeat_2_fold_3,TXNRD1,0.0,0.0,0.0,0.0,0.0,-3.194173826939761e-05,0.5
repeat_2_fold_3,TYMS,-0.03654202163034981,0.0901935444875515,0.04509677224377575,-0.08163879387412556,0.25,0.0009688991384004253,0.5
repeat_2_fold_3,TYRP1,0.0,0.0,0.0,0.0,0.0,0.0007231327530798082,1.0
repeat_2_fold_3,UBE2V1,0.0,0.0,0.0,0.0,0.0,-4.804458537524536e-05,0.5
repeat_2_fold_3,UBE3C,0.0,0.0,0.0,0.0,0.0,-1.6014861791757706e-05,0.5
repeat_2_fold_3,UBN1,0.06125653615879223,0.041132472781895996,0.020566236390947998,0.04069029976784423,0.75,0.00016787009654251062,1.0
repeat_2_fold_3,UCHL5,-0.0195560179543115,0.039112035908623,0.0195560179543115,-0.039112035908623,0.0,-0.0002081932032926559,0.5
repeat_2_fold_3,UCKL1,0.0,0.0,0.0,0.0,0.0,-0.0006627910690899796,0.5
repeat_2_fold_3,UGDH,0.0,0.0,0.0,0.0,0.0,0.0002874756444245785,0.5
repeat_2_fold_3,UGT1A10,-0.12124226897622492,0.13999851326116894,0.06999925663058447,-0.1912415256068094,0.0,-7.919445581788809e-06,1.0
repeat_2_fold_3,UNC13B,-0.07307458060742178,0.08469617053352,0.04234808526676,-0.11542266587418178,0.0,0.0006966464879407941,0.5
repeat_2_fold_3,UNC5C,-0.0825005426690737,0.0952634210365598,0.0476317105182799,-0.1301322531873536,0.0,-0.0005424596423667105,1.0
repeat_2_fold_3,UPF3B,0.0,0.0,0.0,0.0,0.0,0.0,0.0
repeat_2_fold_3,UQCR10,0.0,0.0,0.0,0.0,0.0,0.0,0.0
repeat_2_fold_3,UQCRQ,-0.12124226897622492,0.13999851326116894,0.06999925663058447,-0.1912415256068094,0.0,-7.985434567348015e-05,1.0
repeat_2_fold_3,USE1,-0.10193807150962897,0.11770794605351122,0.05885397302675561,-0.16079204453638457,0.0,-0.00015167926412260058,1.0
repeat_2_fold_3,USP10,-0.06228397695564425,0.07191934172308331,0.03595967086154166,-0.0982436478171859,0.0,-8.407802440665857e-05,0.5
repeat_2_fold_3,USP4,0.0,0.0,0.0,0.0,0.0,0.0,0.0
repeat_2_fold_3,UTY,0.0,0.0,0.0,0.0,0.0,-0.00011210403254222068,0.5
repeat_2_fold_3,VAMP1,0.0,0.0,0.0,0.0,0.0,-3.1809760298262546e-05,1.0
repeat_2_fold_3,VDAC1,0.0,0.0,0.0,0.0,0.0,1.1813179387087924e-05,1.0
repeat_2_fold_3,VENTX,0.0,0.0,0.0,0.0,0.0,-0.00035934455553068845,0.5
repeat_2_fold_3,VPS33A,-0.3847005485864958,0.44430128967777593,0.22215064483888797,-0.6068511934253837,0.0,-0.0006325870407738465,0.5
repeat_2_fold_3,VPS37B,0.0,0.0,0.0,0.0,0.0,0.0,0.0
repeat_2_fold_3,WASF3,0.0,0.0,0.0,0.0,0.0,1.597086913468493e-05,0.5
repeat_2_fold_3,WDR33,0.0,0.0,0.0,0.0,0.0,-6.405944716700307e-05,1.0
repeat_2_fold_3,WDR43,0.0,0.0,0.0,0.0,0.0,0.0,0.0
repeat_2_fold_3,WDR82,-0.062468217960503836,0.27774954758690257,0.13887477379345128,-0.20134299175395512,0.25,-0.0016695493417892004,0.5
repeat_2_fold_3,WHRN,0.0,0.0,0.0,0.0,0.0,-3.194173826939761e-05,0.5
repeat_2_fold_3,WNT6,0.0,0.0,0.0,0.0,0.0,0.00024823035777199465,0.5
repeat_2_fold_3,WWOX,0.05408779403267516,0.10817558806535033,0.05408779403267516,0.0,0.25,-0.00018351102074942727,1.0
repeat_2_fold_3,XRCC4,0.0,0.0,0.0,0.0,0.0,0.0,0.0
repeat_2_fold_3,YME1L1,0.0,0.0,0.0,0.0,0.0,0.0,0.0
repeat_2_fold_3,YTHDC2,0.0,0.0,0.0,0.0,0.0,0.0004644309919605294,0.5
repeat_2_fold_3,ZC3H15,-0.059683215062873884,0.0690469799975546,0.0345234899987773,-0.09420670506165119,0.0,0.000667806615649913,1.0
repeat_2_fold_3,ZFHX3,0.0,0.0,0.0,0.0,0.0,-4.791260740408254e-05,0.5
repeat_2_fold_3,ZFPM2,-0.0614348230208801,0.12286964604176022,0.06143482302088011,-0.1228696460417602,0.0,6.405944716694756e-05,0.5
repeat_2_fold_3,ZKSCAN8,0.0,0.0,0.0,0.0,0.0,-0.00026424521956375235,0.5
repeat_2_fold_3,ZNF10,0.0,0.0,0.0,0.0,0.0,0.0,0.0
repeat_2_fold_3,ZNF180,0.0,0.0,0.0,0.0,0.0,0.0,0.0
repeat_2_fold_3,ZNF197,0.0,0.0,0.0,0.0,0.0,0.0,0.0
repeat_2_fold_3,ZNF208,0.0,0.0,0.0,0.0,0.0,-7.98543456737022e-06,0.5
repeat_2_fold_3,ZNF248,0.0,0.0,0.0,0.0,0.0,0.0,0.0
repeat_2_fold_3,ZNF473,0.0,0.0,0.0,0.0,0.0,1.601486179172995e-05,0.5
repeat_2_fold_3,ZNF551,0.0,0.0,0.0,0.0,0.0,0.0,0.0
repeat_2_fold_3,ZNF557,0.0,0.0,0.0,0.0,0.0,0.0,0.0
repeat_2_fold_3,ZNF764,0.0,0.0,0.0,0.0,0.0,0.0,0.0
repeat_2_fold_3,ZNF770,0.0,0.0,0.0,0.0,0.0,0.0,0.0
repeat_2_fold_4,A1CF,0.0,0.0,0.0,0.0,0.0,-2.3821623681835602e-05,0.5
repeat_2_fold_4,A2M,-0.02912913094841052,0.05825826189682104,0.02912913094841052,-0.05825826189682104,0.0,-0.00019184038879652143,0.5
repeat_2_fold_4,A4GALT,0.0,0.0,0.0,0.0,0.0,0.0,0.0
repeat_2_fold_4,A4GNT,-0.19206529109393244,0.22177789503013146,0.11088894751506573,-0.30295423860899817,0.0,-1.5881082454538564e-05,1.0
repeat_2_fold_4,AAAS,0.0,0.0,0.0,0.0,0.0,0.0,0.0
repeat_2_fold_4,AACS,0.0,0.0,0.0,0.0,0.0,-0.00011190689346463056,0.5
repeat_2_fold_4,AADAC,-0.00460020454055865,0.20653384888110995,0.10326692444055498,-0.10786712898111363,0.25,0.0007702324990471743,0.5
repeat_2_fold_4,AAK1,0.0,0.0,0.0,0.0,0.0,7.940541227297038e-06,0.5
repeat_2_fold_4,AAMP,0.0,0.0,0.0,0.0,0.0,2.3980048599575587e-05,0.5
repeat_2_fold_4,AANAT,0.0,0.0,0.0,0.0,0.0,0.0001191081184093723,0.5
repeat_2_fold_4,AARS1,0.0,0.0,0.0,0.0,0.0,0.0,0.0
repeat_2_fold_4,AASDHPPT,0.016281771590350047,0.032563543180700094,0.016281771590350047,0.0,0.25,-0.00010953051969916916,1.0
repeat_2_fold_4,AASS,0.0,0.0,0.0,0.0,0.0,0.0,0.0
repeat_2_fold_4,AATF,0.0,0.0,0.0,0.0,0.0,0.0,0.0
repeat_2_fold_4,ABCA1,0.0,0.0,0.0,0.0,0.0,0.0,0.0
repeat_2_fold_4,ABCA12,-0.09603264554696622,0.19206529109393244,0.09603264554696622,-0.19206529109393244,0.0,-8.734595350018415e-05,0.5
repeat_2_fold_4,ABCA2,0.0,0.0,0.0,0.0,0.0,5.558378859105151e-05,0.5
repeat_2_fold_4,ABCA3,-0.02912913094841052,0.05825826189682104,0.02912913094841052,-0.05825826189682104,0.0,0.0004908877318327565,1.0
repeat_2_fold_4,ABCA4,0.0,0.0,0.0,0.0,0.0,0.0,0.0
repeat_2_fold_4,ABCA5,0.0,0.0,0.0,0.0,0.0,0.0,0.0
repeat_2_fold_4,ABCA6,-0.09603264554696622,0.19206529109393244,0.09603264554696622,-0.19206529109393244,0.0,5.558378859105151e-05,0.5
repeat_2_fold_4,ABCA8,0.06523260158127897,0.13046520316255794,0.06523260158127897,0.0,0.25,0.00026203786050060796,0.5
repeat_2_fold_4,ABCB1,0.0,0.0,0.0,0.0,0.0,0.0,0.0
repeat_2_fold_4,ABCB11,0.0,0.0,0.0,0.0,0.0,7.146487104564558e-05,0.5
repeat_2_fold_4,ABCB4,0.0,0.0,0.0,0.0,0.0,0.0001278935925310143,0.5
repeat_2_fold_4,ABCB6,0.0,0.0,0.0,0.0,0.0,0.00011990024299782243,0.5
repeat_2_fold_4,ABCB7,0.0,0.0,0.0,0.0,0.0,4.7643247363782226e-05,0.5
repeat_2_fold_4,ABCB8,0.0,0.0,0.0,0.0,0.0,0.0,0.0
repeat_2_fold_4,ABCB9,0.0,0.0,0.0,0.0,0.0,0.0,0.0
repeat_2_fold_4,ABCC1,0.0,0.0,0.0,0.0,0.0,-0.00016675136577307126,0.5
repeat_2_fold_4,ABCC10,0.0,0.0,0.0,0.0,0.0,0.0005355544187236327,0.5
repeat_2_fold_4,ABCC2,-0.09603264554696622,0.19206529109393244,0.09603264554696622,-0.19206529109393244,0.0,-0.0002699784017278217,0.5
repeat_2_fold_4,ABCC3,0.0,0.0,0.0,0.0,0.0,-0.0004923135560919445,0.5
repeat_2_fold_4,ABCC4,0.0,0.0,0.0,0.0,0.0,0.0,0.0
repeat_2_fold_4,ABCC5,0.0,0.0,0.0,0.0,0.0,0.0,0.0
repeat_2_fold_4,ABCC8,0.0,0.0,0.0,0.0,0.0,1.5986699066383725e-05,0.5
repeat_2_fold_4,ABCC9,0.0,0.0,0.0,0.0,0.0,0.0001191081184093723,1.0
repeat_2_fold_4,ABCD1,0.0,0.0,0.0,0.0,0.0,-0.00012704865963664158,0.5
repeat_2_fold_4,ABCD2,0.0,0.0,0.0,0.0,0.0,-6.394679626550714e-05,0.5
repeat_2_fold_4,ABCD3,0.06821127716350261,0.11222088840542908,0.05611044420271454,0.012100832960788073,0.5,-6.373556304187233e-05,1.0
repeat_2_fold_4,ABCD4,0.0,0.0,0.0,0.0,0.0,0.0,0.0
repeat_2_fold_4,ABCE1,-0.150308315211781,0.22960550008620748,0.11480275004310374,-0.26511106525488476,0.0,-0.0009592019439826072,0.5
repeat_2_fold_4,ABCF1,0.0,0.0,0.0,0.0,0.0,0.0,0.0
repeat_2_fold_4,ABCF2,0.0,0.0,0.0,0.0,0.0,0.0,0.0
repeat_2_fold_4,ABCG4,0.0,0.0,0.0,0.0,0.0,-0.0002461567780459861,0.5
repeat_2_fold_4,ABCG5,0.0,0.0,0.0,0.0,0.0,0.0,0.0
repeat_2_fold_4,ABHD10,0.0,0.0,0.0,0.0,0.0,0.0,0.0
repeat_2_fold_4,ABHD17A,0.0,0.0,0.0,0.0,0.0,0.0,0.0
repeat_2_fold_4,ABHD17B,-0.09603264554696622,0.19206529109393244,0.09603264554696622,-0.19206529109393244,0.0,-0.00021439461313679797,0.5
repeat_2_fold_4,ABHD3,0.0,0.0,0.0,0.0,0.0,-0.0001278935925310143,0.5
repeat_2_fold_4,ABHD4,0.0,0.0,0.0,0.0,0.0,1.5881082454594075e-05,0.5
repeat_2_fold_4,ABHD5,0.0,0.0,0.0,0.0,0.0,0.000663448011254647,0.5
repeat_2_fold_4,ABHD6,0.0,0.0,0.0,0.0,0.0,0.0,0.0
repeat_2_fold_4,ABI2,0.12381365515849474,0.14337971676824848,0.07168985838412424,0.0521237967743705,0.5,2.7755575615628914e-17,0.5
repeat_2_fold_4,ABL1,0.0,0.0,0.0,0.0,0.0,0.0,0.0
repeat_2_fold_4,ABL2,0.0,0.0,0.0,0.0,0.0,0.0,0.0
repeat_2_fold_4,ABLIM1,0.0,0.0,0.0,0.0,0.0,-0.000231807136462453,0.5
repeat_2_fold_4,ABLIM3,0.0,0.0,0.0,0.0,0.0,0.00013588694206420615,0.5
repeat_2_fold_4,ABR,0.0,0.0,0.0,0.0,0.0,2.3821623681891113e-05,0.5
repeat_2_fold_4,ABRAXAS2,0.0,0.0,0.0,0.0,0.0,0.0,0.0
repeat_2_fold_4,ACAA1,0.0,0.0,0.0,0.0,0.0,-0.00011990024299782243,0.5
repeat_2_fold_4,ACAA2,-0.150308315211781,0.22960550008620748,0.11480275004310374,-0.26511106525488476,0.0,0.000143880291597398,0.5
repeat_2_fold_4,ACACA,0.0,0.0,0.0,0.0,0.0,0.0,0.0
repeat_2_fold_4,ACAD8,0.0,0.0,0.0,0.0,0.0,-0.00012683742641300677,1.0
repeat_2_fold_4,ACADL,0.0,0.0,0.0,0.0,0.0,0.0,0.0
repeat_2_fold_4,ACADM,0.0,0.0,0.0,0.0,0.0,1.5881082454594075e-05,0.5
repeat_2_fold_4,ACADS,0.0,0.0,0.0,0.0,0.0,0.0,0.0
repeat_2_fold_4,ACADSB,0.0,0.0,0.0,0.0,0.0,0.0,0.0
repeat_2_fold_4,ACADVL,0.0,0.0,0.0,0.0,0.0,0.0,0.0
repeat_2_fold_4,ACAN,0.0,0.0,0.0,0.0,0.0,2.7755575615628914e-17,0.5
repeat_2_fold_4,ACAT1,0.0,0.0,0.0,0.0,0.0,0.0,0.0
repeat_2_fold_4,ACAT2,0.0,0.0,0.0,0.0,0.0,-3.176216490913264e-05,0.5
repeat_2_fold_4,ACBD3,0.0,0.0,0.0,0.0,0.0,0.0,0.0
repeat_2_fold_4,ACBD4,0.0,0.0,0.0,0.0,0.0,5.558378859105151e-05,0.5
repeat_2_fold_4,ACD,0.0,0.0,0.0,0.0,0.0,0.0,0.0
repeat_2_fold_4,ACE,0.0,0.0,0.0,0.0,0.0,-7.993349533191862e-06,0.5
repeat_2_fold_4,ACE2,0.0,0.0,0.0,0.0,0.0,-6.352432981829303e-05,0.5
repeat_2_fold_4,ACHE,-0.07515071344917779,0.17922859799120458,0.08961429899560229,-0.1647650124447801,0.25,-7.940541227288711e-05,0.5
repeat_2_fold_4,ACIN1,0.0,0.0,0.0,0.0,0.0,0.0,0.0
repeat_2_fold_4,ACKR1,-0.2132292375783269,0.2507687388753611,0.12538436943768055,-0.33861360701600746,0.0,0.0007597906721001357,1.0
repeat_2_fold_4,ACKR2,0.0,0.0,0.0,0.0,0.0,0.0,0.0
repeat_2_fold_4,ACKR3,0.0,0.0,0.0,0.0,0.0,0.0,0.0
repeat_2_fold_4,ACKR4,0.0,0.0,0.0,0.0,0.0,-3.197339813276745e-05,0.5
repeat_2_fold_4,ACLY,0.0,0.0,0.0,0.0,0.0,0.0,0.0
repeat_2_fold_4,ACO1,0.0,0.0,0.0,0.0,0.0,0.0,0.0
repeat_2_fold_4,ACO2,-0.09603264554696622,0.19206529109393244,0.09603264554696622,-0.19206529109393244,0.0,2.2290182810802417e-05,1.0
repeat_2_fold_4,ACOT11,0.0,0.0,0.0,0.0,0.0,0.0,0.0
repeat_2_fold_4,ACOT13,0.010440966048895106,0.020881932097790212,0.010440966048895106,0.0,0.25,0.000492313556092,0.5
repeat_2_fold_4,ACOT2,0.0,0.0,0.0,0.0,0.0,7.940541227297038e-06,0.5
repeat_2_fold_4,ACOT7,0.0,0.0,0.0,0.0,0.0,0.0,0.0
repeat_2_fold_4,ACOT8,0.0,0.0,0.0,0.0,0.0,-0.00036769407852665914,0.5
repeat_2_fold_4,ACOT9,0.0,0.0,0.0,0.0,0.0,-0.0002557871850620286,0.5
repeat_2_fold_4,ACOX1,0.0,0.0,0.0,0.0,0.0,0.0,0.0
repeat_2_fold_4,ACOX2,0.0,0.0,0.0,0.0,0.0,0.0,0.0
repeat_2_fold_4,ACOX3,0.0,0.0,0.0,0.0,0.0,0.0,0.0
repeat_2_fold_4,ACOXL,0.23407896609714562,0.7465394102059448,0.3732697051029724,-0.1391907390058268,0.25,-0.00017374135749417818,1.0
repeat_2_fold_4,ACP3,0.0,0.0,0.0,0.0,0.0,0.0,0.0
repeat_2_fold_4,ACP6,0.0,0.0,0.0,0.0,0.0,0.0,0.0
repeat_2_fold_4,ACR,0.0,0.0,0.0,0.0,0.0,0.0,0.0
repeat_2_fold_4,ACSBG1,0.0,0.0,0.0,0.0,0.0,0.00013498920086396637,0.5
repeat_2_fold_4,ACSBG2,0.0,0.0,0.0,0.0,0.0,-7.940541227269282e-06,0.5
repeat_2_fold_4,ACSF2,0.0,0.0,0.0,0.0,0.0,3.2343056274086734e-05,1.0
repeat_2_fold_4,ACSL1,0.0,0.0,0.0,0.0,0.0,0.0,0.0
repeat_2_fold_4,ACSL3,0.0,0.0,0.0,0.0,0.0,0.0,0.0
repeat_2_fold_4,ACSL4,0.0,0.0,0.0,0.0,0.0,0.0,0.0
repeat_2_fold_4,ACSL5,-0.19206529109393244,0.22177789503013146,0.11088894751506573,-0.30295423860899817,0.0,0.00012704865963666934,0.5
repeat_2_fold_4,ACSL6,0.0,0.0,0.0,0.0,0.0,3.1973398132739694e-05,0.5
repeat_2_fold_4,ACSM1,0.0,0.0,0.0,0.0,0.0,5.595344673231528e-05,0.5
repeat_2_fold_4,ACSM2A,0.0,0.0,0.0,0.0,0.0,6.352432981834855e-05,0.5
repeat_2_fold_4,ACSM3,0.0,0.0,0.0,0.0,0.0,-0.0009301522980167953,1.0
repeat_2_fold_4,ACSM5,0.0,0.0,0.0,0.0,0.0,5.558378859105151e-05,0.5
repeat_2_fold_4,ACSS3,0.0,0.0,0.0,0.0,0.0,0.0,0.0
repeat_2_fold_4,ACTA1,0.0,0.0,0.0,0.0,0.0,0.0,0.0
repeat_2_fold_4,ACTA2,0.0,0.0,0.0,0.0,0.0,0.000287760583194796,0.5
repeat_2_fold_4,ACTB,0.0,0.0,0.0,0.0,0.0,-0.00011190689346465832,0.5
repeat_2_fold_4,ACTC1,0.0,0.0,0.0,0.0,0.0,0.0,0.0
repeat_2_fold_4,ACTG1,0.0,0.0,0.0,0.0,0.0,0.0,0.0
repeat_2_fold_4,ACTG2,0.0,0.0,0.0,0.0,0.0,-0.0001574378085924255,1.0
repeat_2_fold_4,ACTL6A,-0.09603264554696622,0.19206529109393244,0.09603264554696622,-0.19206529109393244,0.0,-0.0002461567780459861,0.5
repeat_2_fold_4,ACTL6B,0.0,0.0,0.0,0.0,0.0,7.146487104561783e-05,0.5
repeat_2_fold_4,ACTN1,0.0,0.0,0.0,0.0,0.0,0.0,0.0
repeat_2_fold_4,ACTN2,0.0,0.0,0.0,0.0,0.0,0.0,0.0
repeat_2_fold_4,ACTN3,0.0,0.0,0.0,0.0,0.0,0.0,0.0
repeat_2_fold_4,ACTN4,0.039403919450620606,0.05463572578533592,0.02731786289266796,0.012086056557952647,0.5,-0.00011069230242893857,1.0
repeat_2_fold_4,ACTR10,0.0,0.0,0.0,0.0,0.0,0.0,0.0
repeat_2_fold_4,ACTR1A,0.020881932097790212,0.02411237823571733,0.012056189117858666,0.008825742979931547,0.5,-0.00021439461313679797,0.5
repeat_2_fold_4,ACTR1B,0.0,0.0,0.0,0.0,0.0,-3.1973398132739694e-05,0.5
repeat_2_fold_4,ACTR2,0.0,0.0,0.0,0.0,0.0,0.0,0.0
repeat_2_fold_4,ACTR3,0.0,0.0,0.0,0.0,0.0,7.940541227324793e-06,0.5
repeat_2_fold_4,ACTR5,0.0,0.0,0.0,0.0,0.0,0.0,0.0
repeat_2_fold_4,ACTR8,-0.09205005331495641,0.18410010662991283,0.09205005331495641,-0.18410010662991283,0.0,0.00019184038879652143,0.5
repeat_2_fold_4,ACVR1B,0.0,0.0,0.0,0.0,0.0,0.0,0.0
repeat_2_fold_4,ACVR2A,0.010440966048895106,0.020881932097790212,0.010440966048895106,0.0,0.25,-0.00022233515436412277,0.5
repeat_2_fold_4,ACVR2B,0.0,0.0,0.0,0.0,0.0,0.0,0.0
repeat_2_fold_4,ACVRL1,0.0,0.0,0.0,0.0,0.0,0.0,0.0
repeat_2_fold_4,ACY1,0.0,0.0,0.0,0.0,0.0,-2.3980048599575587e-05,0.5
repeat_2_fold_4,ADA,0.0,0.0,0.0,0.0,0.0,0.0,0.5
repeat_2_fold_4,ADA2,0.0,0.0,0.0,0.0,0.0,-0.00023821623681866133,0.5
repeat_2_fold_4,ADAM10,0.0,0.0,0.0,0.0,0.0,0.00022381378692928888,0.5
repeat_2_fold_4,ADAM11,0.0,0.0,0.0,0.0,0.0,0.0,0.0
repeat_2_fold_4,ADAM12,0.0,0.0,0.0,0.0,0.0,0.0,0.0
repeat_2_fold_4,ADAM15,0.0,0.0,0.0,0.0,0.0,7.993349533191862e-06,0.5
repeat_2_fold_4,ADAM17,-0.18410010662991283,0.21258049224123796,0.10629024612061898,-0.2903903527505318,0.0,-0.0005726695178710495,1.0
repeat_2_fold_4,ADAM19,0.0,0.0,0.0,0.0,0.0,-0.0004287892262736237,0.5
repeat_2_fold_4,ADAM2,0.0,0.0,0.0,0.0,0.0,0.0,0.0
repeat_2_fold_4,ADAM20,0.0,0.0,0.0,0.0,0.0,0.0,0.0
repeat_2_fold_4,ADAM21,0.0,0.0,0.0,0.0,0.0,0.0,0.0
repeat_2_fold_4,ADAM23,0.0,0.0,0.0,0.0,0.0,-0.0003017405666369821,0.5
repeat_2_fold_4,ADAM30,0.0,0.0,0.0,0.0,0.0,0.0,0.0
repeat_2_fold_4,ADAM8,0.0,0.0,0.0,0.0,0.0,0.0,0.0
repeat_2_fold_4,ADAMTS1,0.0,0.0,0.0,0.0,0.0,3.213182305047968e-05,1.0
repeat_2_fold_4,ADAMTS12,0.0,0.0,0.0,0.0,0.0,0.0,0.5
repeat_2_fold_4,ADAMTS13,0.0,0.0,0.0,0.0,0.0,0.0,0.0
repeat_2_fold_4,ADAMTS2,0.0,0.0,0.0,0.0,0.0,0.0,0.0
repeat_2_fold_4,ADAMTS20,0.0,0.0,0.0,0.0,0.0,0.0,0.0
repeat_2_fold_4,ADAMTS3,0.33011161164411185,0.6602232232882237,0.33011161164411185,0.0,0.25,4.796009719912342e-05,0.5
repeat_2_fold_4,ADAMTS5,-0.19206529109393244,0.22177789503013146,0.11088894751506573,-0.30295423860899817,0.0,-0.00010322703595475047,0.5
repeat_2_fold_4,ADAMTS8,0.0,0.0,0.0,0.0,0.0,-4.8593796869861317e-05,1.0
repeat_2_fold_4,ADAMTS9,0.06960751788636088,0.08037583837862429,0.040187919189312145,0.029419598697048736,0.5,-0.000706708169228798,0.5
repeat_2_fold_4,ADAMTSL2,0.0,0.0,0.0,0.0,0.0,-0.00012704865963661383,0.5
repeat_2_fold_4,ADAMTSL3,0.018521987352833946,0.03704397470566789,0.018521987352833946,0.0,0.25,0.00030174056663703763,1.0
repeat_2_fold_4,ADAMTSL4,0.016281771590350047,0.032563543180700094,0.016281771590350047,0.0,0.25,-0.0003732054376826277,0.5
repeat_2_fold_4,ADAP1,0.33011161164411185,0.6602232232882237,0.33011161164411185,0.0,0.25,0.0002804537416382924,1.0
repeat_2_fold_4,ADAR,0.0,0.0,0.0,0.0,0.0,0.0,0.0
repeat_2_fold_4,ADARB1,0.0,0.0,0.0,0.0,0.0,0.0007833482542524695,0.5
repeat_2_fold_4,ADAT1,0.0,0.0,0.0,0.0,0.0,0.0,0.0
repeat_2_fold_4,ADCY1,0.0,0.0,0.0,0.0,0.0,0.00010417758546096834,1.0
repeat_2_fold_4,ADCY10,0.0,0.0,0.0,0.0,0.0,0.0005161351797738634,0.5
repeat_2_fold_4,ADCY2,0.0,0.0,0.0,0.0,0.0,1.5881082454594075e-05,0.5
repeat_2_fold_4,ADCY3,0.0,0.0,0.0,0.0,0.0,0.0,0.0
repeat_2_fold_4,ADCY6,0.0,0.0,0.0,0.0,0.0,0.00013498920086393862,0.5
repeat_2_fold_4,ADCY7,0.05108553053353049,0.06629086876173414,0.03314543438086707,0.01794009615266342,0.5,0.0003493838140007921,0.5
repeat_2_fold_4,ADCY8,0.0,0.0,0.0,0.0,0.0,-0.0009831819925821828,0.5
repeat_2_fold_4,ADCY9,0.0,0.0,0.0,0.0,0.0,-9.528649472745343e-05,0.5
repeat_2_fold_4,ADCYAP1,0.0,0.0,0.0,0.0,0.0,0.0,0.0
repeat_2_fold_4,ADCYAP1R1,0.010440966048895106,0.020881932097790212,0.010440966048895106,0.0,0.25,-0.00021423618821908574,1.0
repeat_2_fold_4,ADD1,0.0,0.0,0.0,0.0,0.0,0.0,0.0
repeat_2_fold_4,ADD2,0.0,0.0,0.0,0.0,0.0,-3.970270613642968e-05,0.5
repeat_2_fold_4,ADD3,0.0,0.0,0.0,0.0,0.0,0.0,0.0
repeat_2_fold_4,ADGRE2,0.0,0.0,0.0,0.0,0.0,0.0,0.0
repeat_2_fold_4,ADGRE3,0.0,0.0,0.0,0.0,0.0,-0.0004526108499555148,0.5
repeat_2_fold_4,ADGRE5,0.0,0.0,0.0,0.0,0.0,1.5986699066383725e-05,0.5
repeat_2_fold_4,ADGRG3,-0.13116961650165848,0.17438937988928346,0.08719468994464173,-0.21836430644630023,0.0,-0.00038109317060400216,1.0
repeat_2_fold_4,ADGRG6,0.0,0.0,0.0,0.0,0.0,0.0,0.0
repeat_2_fold_4,ADGRV1,0.0,0.0,0.0,0.0,0.0,5.595344673231528e-05,0.5
repeat_2_fold_4,ADH1A,0.0,0.0,0.0,0.0,0.0,0.0,0.0
repeat_2_fold_4,ADH1B,0.06611307666070765,0.1823303872487659,0.09116519362438295,-0.025052116963675305,0.25,-0.0009281455823926532,1.0
repeat_2_fold_4,ADH1C,0.09367265676889502,0.11753378790063614,0.05876689395031807,0.034905762818576956,0.5,-0.0005804516341806343,1.0
repeat_2_fold_4,ADH5,-0.03080004396568725,0.2657357147517216,0.1328678573758608,-0.16366790134154804,0.25,0.00011116757718207526,0.5
repeat_2_fold_4,ADH6,0.0,0.0,0.0,0.0,0.0,0.0,0.0
repeat_2_fold_4,ADH7,-0.02912913094841052,0.05825826189682104,0.02912913094841052,-0.05825826189682104,0.0,-3.1709356603237815e-05,1.0
repeat_2_fold_4,ADI1,0.0,0.0,0.0,0.0,0.0,0.0,0.0
repeat_2_fold_4,ADIPOQ,0.0,0.0,0.0,0.0,0.0,-3.1973398132739694e-05,0.5
repeat_2_fold_4,ADIPOR1,-0.09205005331495641,0.18410010662991283,0.09205005331495641,-0.18410010662991283,0.0,-0.0007433815065865101,0.5
repeat_2_fold_4,ADIPOR2,0.0,0.0,0.0,0.0,0.0,0.0,0.0
repeat_2_fold_4,ADIRF,0.06523260158127897,0.13046520316255794,0.06523260158127897,0.0,0.25,-0.00030968110786427916,0.5
repeat_2_fold_4,ADK,0.0,0.0,0.0,0.0,0.0,-7.1940145798699e-05,0.5
repeat_2_fold_4,ADM,0.0,0.0,0.0,0.0,0.0,0.0,0.0
repeat_2_fold_4,ADM2,0.0,0.0,0.0,0.0,0.0,-0.00018263244822766533,0.5
repeat_2_fold_4,ADO,0.0,0.0,0.0,0.0,0.0,0.0002717738841284123,0.5
repeat_2_fold_4,ADORA1,0.0,0.0,0.0,0.0,0.0,4.7960097199151175e-05,0.5
repeat_2_fold_4,ADORA2A,-0.09205005331495641,0.18410010662991283,0.09205005331495641,-0.18410010662991283,0.0,-0.00046361427292493373,0.5
repeat_2_fold_4,ADORA2B,0.0,0.0,0.0,0.0,0.0,0.0,0.0
repeat_2_fold_4,ADORA3,0.0,0.0,0.0,0.0,0.0,-0.00019041456453725014,1.0
repeat_2_fold_4,ADPGK,-0.02160579212442748,0.04321158424885496,0.02160579212442748,-0.04321158424885496,0.0,0.000303747282261152,0.5
repeat_2_fold_4,ADPRM,0.0,0.0,0.0,0.0,0.0,0.0,0.0
repeat_2_fold_4,ADRA1A,-0.05825826189682104,0.06727084637729869,0.033635423188649344,-0.09189368508547038,0.0,0.00039167412712623473,0.5
repeat_2_fold_4,ADRA1B,0.0,0.0,0.0,0.0,0.0,-4.796009719912342e-05,0.5
repeat_2_fold_4,ADRA1D,-0.21058489552751425,0.27673295284403404,0.13836647642201702,-0.3489513719495313,0.0,-0.001585765384655935,1.0
repeat_2_fold_4,ADRA2B,-0.02867859713780696,0.08744487063300774,0.04372243531650387,-0.07240103245431083,0.25,-0.0004684919324101089,0.5
repeat_2_fold_4,ADRA2C,0.0,0.0,0.0,0.0,0.0,0.0,0.0
repeat_2_fold_4,ADRB1,0.0,0.0,0.0,0.0,0.0,-0.000389086520137194,0.5
repeat_2_fold_4,ADRB2,0.020881932097790212,0.02411237823571733,0.012056189117858666,0.008825742979931547,0.5,0.00016675136577312677,0.5
repeat_2_fold_4,ADRB3,0.0,0.0,0.0,0.0,0.0,0.0,0.0
repeat_2_fold_4,ADRM1,0.0,0.0,0.0,0.0,0.0,-0.00044467030872819,0.5
repeat_2_fold_4,ADSS2,0.0,0.0,0.0,0.0,0.0,-0.00042968696747389123,1.0
repeat_2_fold_4,AFDN,0.0,0.0,0.0,0.0,0.0,-0.0002621962854182647,1.0
repeat_2_fold_4,AFF4,0.0,0.0,0.0,0.0,0.0,0.0006114216745013723,0.5
repeat_2_fold_4,AFG3L2,0.0,0.0,0.0,0.0,0.0,0.0,0.0
repeat_2_fold_4,AFP,0.0,0.0,0.0,0.0,0.0,-6.352432981829303e-05,0.5
repeat_2_fold_4,AGA,0.0,0.0,0.0,0.0,0.0,0.0,0.0
repeat_2_fold_4,AGAP2,0.0,0.0,0.0,0.0,0.0,-0.0003277273308607276,0.5
repeat_2_fold_4,AGBL2,0.0,0.0,0.0,0.0,0.0,0.0,0.0
repeat_2_fold_4,AGBL3,0.0,0.0,0.0,0.0,0.0,-9.592019439824684e-05,0.5
repeat_2_fold_4,AGBL5,0.0,0.0,0.0,0.0,0.0,-5.595344673231528e-05,0.5
repeat_2_fold_4,AGER,0.0,0.0,0.0,0.0,0.0,-0.0001678603401969736,0.5
repeat_2_fold_4,AGFG1,0.0,0.0,0.0,0.0,0.0,0.0,0.0
repeat_2_fold_4,AGGF1,0.0,0.0,0.0,0.0,0.0,0.0,0.0
repeat_2_fold_4,AGK,0.0,0.0,0.0,0.0,0.0,-8.792684486508273e-05,0.5
repeat_2_fold_4,AGL,0.0,0.0,0.0,0.0,0.0,0.0,0.0
repeat_2_fold_4,AGMAT,0.0,0.0,0.0,0.0,0.0,-3.1762164909160395e-05,0.5
repeat_2_fold_4,AGO1,0.0,0.0,0.0,0.0,0.0,0.0,0.0
repeat_2_fold_4,AGO2,0.0,0.0,0.0,0.0,0.0,0.0,0.0
repeat_2_fold_4,AGO3,0.3085058195196808,0.6170116390393616,0.3085058195196808,0.0,0.25,0.0005595344673231806,0.5
repeat_2_fold_4,AGO4,0.0,0.0,0.0,0.0,0.0,-1.588108245456632e-05,0.5
repeat_2_fold_4,AGPAT1,0.0,0.0,0.0,0.0,0.0,0.0,0.0
repeat_2_fold_4,AGPAT2,0.0,0.0,0.0,0.0,0.0,0.0,0.0
repeat_2_fold_4,AGPAT3,0.0,0.0,0.0,0.0,0.0,0.0,0.0
repeat_2_fold_4,AGPAT4,0.0,0.0,0.0,0.0,0.0,0.00011990024299785018,0.5
repeat_2_fold_4,AGPAT5,0.0,0.0,0.0,0.0,0.0,0.0,0.0
repeat_2_fold_4,AGPS,0.0,0.0,0.0,0.0,0.0,-1.5828274148671495e-05,1.0
repeat_2_fold_4,AGRP,0.0,0.0,0.0,0.0,0.0,4.737920583425259e-05,1.0
repeat_2_fold_4,AGTPBP1,0.0,0.0,0.0,0.0,0.0,0.0,0.0
repeat_2_fold_4,AGTR2,0.0,0.0,0.0,0.0,0.0,0.000143880291597398,0.5
repeat_2_fold_4,AGXT,-0.02912913094841052,0.05825826189682104,0.02912913094841052,-0.05825826189682104,0.0,0.00038368077759304287,0.5
repeat_2_fold_4,AHCTF1,0.0,0.0,0.0,0.0,0.0,0.0,0.0
repeat_2_fold_4,AHCY,0.6602232232882237,0.7623601113813967,0.38118005569069835,0.27904316759752534,0.5,-4.8118522116807894e-05,1.0
repeat_2_fold_4,AHCYL1,0.0,0.0,0.0,0.0,0.0,0.0,0.0
repeat_2_fold_4,AHCYL2,-0.18410010662991283,0.21258049224123796,0.10629024612061898,-0.2903903527505318,0.0,0.00011990024299782243,0.5
repeat_2_fold_4,AHI1,0.0,0.0,0.0,0.0,0.0,0.0,0.0
repeat_2_fold_4,AHR,0.0,0.0,0.0,0.0,0.0,0.0,0.0
repeat_2_fold_4,AHSG,0.0,0.0,0.0,0.0,0.0,0.0,0.0
repeat_2_fold_4,AICDA,0.0,0.0,0.0,0.0,0.0,-3.996674766593156e-05,0.5
repeat_2_fold_4,AIM2,0.0,0.0,0.0,0.0,0.0,-0.0001111675771820475,0.5
repeat_2_fold_4,AIMP1,0.0,0.0,0.0,0.0,0.0,0.0,0.0
repeat_2_fold_4,AIMP2,0.0,0.0,0.0,0.0,0.0,0.0,0.0
repeat_2_fold_4,AIP,0.0,0.0,0.0,0.0,0.0,0.0,0.5
repeat_2_fold_4,AK1,0.0,0.0,0.0,0.0,0.0,-7.146487104559007e-05,0.5
repeat_2_fold_4,AK2,0.0,0.0,0.0,0.0,0.0,-4.796009719912342e-05,0.5
repeat_2_fold_4,AK4,-0.18808269886192264,0.21727654787684014,0.10863827393842007,-0.2967209728003427,0.0,-7.1484166387913994e-06,1.0
repeat_2_fold_4,AK5,-0.04321158424885496,0.04989643959637321,0.024948219798186604,-0.06815980404704157,0.0,-7.1940145798699e-05,0.5
repeat_2_fold_4,AK6,0.0,0.0,0.0,0.0,0.0,0.0001692861644562449,1.0
repeat_2_fold_4,AKAP1,0.0,0.0,0.0,0.0,0.0,0.0,0.0
repeat_2_fold_4,AKAP10,0.0,0.0,0.0,0.0,0.0,0.0,0.0
repeat_2_fold_4,AKAP12,0.0,0.0,0.0,0.0,0.0,0.0,0.0
repeat_2_fold_4,AKAP13,0.010440966048895106,0.020881932097790212,0.010440966048895106,0.0,0.25,-8.046157839081136e-05,1.0
repeat_2_fold_4,AKAP5,0.0,0.0,0.0,0.0,0.0,-7.940541227288711e-05,0.5
repeat_2_fold_4,AKAP8L,0.0,0.0,0.0,0.0,0.0,3.176216490918815e-05,0.5
repeat_2_fold_4,AKAP9,0.0,0.0,0.0,0.0,0.0,0.0,0.0
repeat_2_fold_4,AKR1B1,0.0,0.0,0.0,0.0,0.0,0.0004142811597724616,1.0
repeat_2_fold_4,AKR1B10,0.0,0.0,0.0,0.0,0.0,0.0,0.5
repeat_2_fold_4,AKR1C1,-0.05825826189682104,0.06727084637729869,0.033635423188649344,-0.09189368508547038,0.0,-9.59201943982746e-05,0.5
repeat_2_fold_4,AKR1C2,0.0,0.0,0.0,0.0,0.0,0.0,0.0
repeat_2_fold_4,AKR1C4,0.0,0.0,0.0,0.0,0.0,0.0,0.0
repeat_2_fold_4,AKT1,0.0,0.0,0.0,0.0,0.0,0.0,0.0
repeat_2_fold_4,AKT2,0.0,0.0,0.0,0.0,0.0,-0.00038368077759304287,0.5
repeat_2_fold_4,AKT3,0.0,0.0,0.0,0.0,0.0,-0.00023180713646242523,1.0
repeat_2_fold_4,ALAD,0.0,0.0,0.0,0.0,0.0,7.1940145798699e-05,0.5
repeat_2_fold_4,ALAS1,-0.038323377936409386,0.07664675587281877,0.038323377936409386,-0.07664675587281877,0.0,0.0011196163130479386,0.5
repeat_2_fold_4,ALAS2,0.33011161164411185,0.6602232232882237,0.33011161164411185,0.0,0.25,0.00015986699066378174,0.5
repeat_2_fold_4,ALCAM,0.0,0.0,0.0,0.0,0.0,0.0,0.0
repeat_2_fold_4,ALDH18A1,0.0,0.0,0.0,0.0,0.0,0.0,0.0
repeat_2_fold_4,ALDH1A1,0.010440966048895106,0.020881932097790212,0.010440966048895106,0.0,0.25,-7.146487104559007e-05,0.5
repeat_2_fold_4,ALDH1A2,0.0,0.0,0.0,0.0,0.0,-0.00023027569559139205,0.5
repeat_2_fold_4,ALDH1A3,0.0,0.0,0.0,0.0,0.0,3.176216490918815e-05,0.5
repeat_2_fold_4,ALDH1L1,0.0,0.0,0.0,0.0,0.0,0.0,0.0
repeat_2_fold_4,ALDH2,0.044179961128199,0.12799234814891539,0.06399617407445769,-0.019816212946258696,0.25,6.352432981834855e-05,0.5
repeat_2_fold_4,ALDH3B1,0.0,0.0,0.0,0.0,0.0,0.0,0.0
repeat_2_fold_4,ALDH3B2,0.0,0.0,0.0,0.0,0.0,-7.940541227269282e-06,0.5
repeat_2_fold_4,ALDH4A1,0.0,0.0,0.0,0.0,0.0,-0.00019872476390581095,1.0
repeat_2_fold_4,ALDH5A1,0.0,0.0,0.0,0.0,0.0,-0.0006987676280015009,0.5
repeat_2_fold_4,ALDH6A1,0.0,0.0,0.0,0.0,0.0,0.00013588694206420615,0.5
repeat_2_fold_4,ALDH7A1,0.0,0.0,0.0,0.0,0.0,0.0002797672336615764,0.5
repeat_2_fold_4,ALDH8A1,0.6602232232882237,0.7623601113813967,0.38118005569069835,0.27904316759752534,0.5,-0.00023112062848576476,1.0
repeat_2_fold_4,ALDH9A1,-0.09205005331495641,0.18410010662991283,0.09205005331495641,-0.18410010662991283,0.0,0.0003996674766594266,0.5
repeat_2_fold_4,ALDOA,0.0,0.0,0.0,0.0,0.0,0.0,0.0
repeat_2_fold_4,ALDOB,0.0,0.0,0.0,0.0,0.0,0.0,0.0
repeat_2_fold_4,ALDOC,0.0,0.0,0.0,0.0,0.0,0.0,0.0
repeat_2_fold_4,ALG12,0.0,0.0,0.0,0.0,0.0,7.940541227324793e-06,0.5
repeat_2_fold_4,ALG13,0.0,0.0,0.0,0.0,0.0,0.0,0.0
repeat_2_fold_4,ALG3,0.0,0.0,0.0,0.0,0.0,0.0,0.0
repeat_2_fold_4,ALG5,0.0,0.0,0.0,0.0,0.0,-1.5986699066383725e-05,0.5
repeat_2_fold_4,ALG6,0.0,0.0,0.0,0.0,0.0,-0.00046055139118281185,0.5
repeat_2_fold_4,ALG8,0.0,0.0,0.0,0.0,0.0,0.0001191081184093723,0.5
repeat_2_fold_4,ALG9,0.0,0.0,0.0,0.0,0.0,0.0,0.0
repeat_2_fold_4,ALK,0.0,0.0,0.0,0.0,0.0,-0.00011990024299782243,0.5
repeat_2_fold_4,ALMS1,0.0,0.0,0.0,0.0,0.0,6.352432981834855e-05,0.5
repeat_2_fold_4,ALOX12,0.0,0.0,0.0,0.0,0.0,-3.996674766593156e-05,0.5
repeat_2_fold_4,ALOX12B,0.0,0.0,0.0,0.0,0.0,0.0,0.0
repeat_2_fold_4,ALOX15,-0.12117918426337049,0.24235836852674097,0.12117918426337049,-0.24235836852674097,0.0,0.00015187364113058988,0.5
repeat_2_fold_4,ALOX15B,0.0,0.0,0.0,0.0,0.0,0.0,0.0
repeat_2_fold_4,ALOX5,0.0,0.0,0.0,0.0,0.0,0.0,0.0
repeat_2_fold_4,ALOX5AP,0.0,0.0,0.0,0.0,0.0,0.0,0.5
repeat_2_fold_4,ALOXE3,0.0,0.0,0.0,0.0,0.0,0.0007673615551861135,0.5
repeat_2_fold_4,ALPG,0.0,0.0,0.0,0.0,0.0,-0.0001111675771820475,0.5
repeat_2_fold_4,ALPI,0.0,0.0,0.0,0.0,0.0,-7.940541227288711e-05,0.5
repeat_2_fold_4,ALPK1,0.0,0.0,0.0,0.0,0.0,-0.00028776058319476827,1.0
repeat_2_fold_4,ALPL,0.0,0.0,0.0,0.0,0.0,-0.00011990024299782243,0.5
repeat_2_fold_4,ALPP,0.0,0.0,0.0,0.0,0.0,0.0,0.0
repeat_2_fold_4,ALS2CL,0.6602232232882237,0.7623601113813967,0.38118005569069835,0.27904316759752534,0.5,-3.996674766593156e-05,0.5
repeat_2_fold_4,ALX3,0.0,0.0,0.0,0.0,0.0,2.3980048599575587e-05,0.5
repeat_2_fold_4,AMACR,0.0,0.0,0.0,0.0,0.0,0.0,0.0
repeat_2_fold_4,AMBN,0.0,0.0,0.0,0.0,0.0,0.0,0.0
repeat_2_fold_4,AMBRA1,-0.09205005331495641,0.18410010662991283,0.09205005331495641,-0.18410010662991283,0.0,0.00047960097199131746,0.5
repeat_2_fold_4,AMD1,0.0,0.0,0.0,0.0,0.0,1.5881082454594075e-05,0.5
repeat_2_fold_4,AMDHD2,0.0,0.0,0.0,0.0,0.0,-3.996674766595931e-05,0.5
repeat_2_fold_4,AMFR,0.0,0.0,0.0,0.0,0.0,-8.734595350015639e-05,0.5
repeat_2_fold_4,AMHR2,0.0,0.0,0.0,0.0,0.0,-0.00047960097199131746,0.5
repeat_2_fold_4,AMIGO2,0.0,0.0,0.0,0.0,0.0,-0.00011190689346463056,0.5
repeat_2_fold_4,AMN,0.0,0.0,0.0,0.0,0.0,-0.00011116757718201975,0.5
repeat_2_fold_4,AMOTL2,0.0,0.0,0.0,0.0,0.0,0.0,0.0
repeat_2_fold_4,AMPD1,0.0,0.0,0.0,0.0,0.0,0.0,0.5
repeat_2_fold_4,AMPD2,0.0,0.0,0.0,0.0,0.0,0.0,0.0
repeat_2_fold_4,AMPD3,0.0,0.0,0.0,0.0,0.0,0.0,0.0
repeat_2_fold_4,AMPH,0.0,0.0,0.0,0.0,0.0,0.0001054449848025274,1.0
repeat_2_fold_4,AMT,0.020881932097790212,0.02411237823571733,0.012056189117858666,0.008825742979931547,0.5,-0.0004923135560919445,0.5
repeat_2_fold_4,AMY1A,0.0,0.0,0.0,0.0,0.0,-3.176216490913264e-05,0.5
repeat_2_fold_4,ANAPC1,-0.02912913094841052,0.05825826189682104,0.02912913094841052,-0.05825826189682104,0.0,6.394679626550714e-05,0.5
repeat_2_fold_4,ANAPC10,0.0,0.0,0.0,0.0,0.0,-9.528649472745343e-05,0.5
repeat_2_fold_4,ANAPC13,0.0,0.0,0.0,0.0,0.0,0.0,0.0
repeat_2_fold_4,ANAPC15,-0.09205005331495641,0.18410010662991283,0.09205005331495641,-0.18410010662991283,0.0,3.1973398132739694e-05,0.5
repeat_2_fold_4,ANAPC2,0.0,0.0,0.0,0.0,0.0,0.0,0.0
repeat_2_fold_4,ANAPC5,-0.09205005331495641,0.18410010662991283,0.09205005331495641,-0.18410010662991283,0.0,-0.00027177388412838455,0.5
repeat_2_fold_4,ANG,0.0,0.0,0.0,0.0,0.0,0.0,0.0
repeat_2_fold_4,ANGPT1,0.0,0.0,0.0,0.0,0.0,0.0,0.0
repeat_2_fold_4,ANGPT2,0.27185334974728725,0.62380723096521,0.311903615482605,-0.040050265735317725,0.25,-0.0001998337383297133,0.5
repeat_2_fold_4,ANGPT4,0.0,0.0,0.0,0.0,0.0,2.3980048599575587e-05,0.5
repeat_2_fold_4,ANGPTL3,0.0,0.0,0.0,0.0,0.0,-2.3821623681863358e-05,0.5
repeat_2_fold_4,ANGPTL4,-0.12117918426336693,0.17359907696240334,0.08679953848120167,-0.2079787227445686,0.0,0.00013588694206420615,0.5
repeat_2_fold_4,ANGPTL8,0.0,0.0,0.0,0.0,0.0,7.1940145798699e-05,0.5
repeat_2_fold_4,ANK1,0.0,0.0,0.0,0.0,0.0,0.0,0.0
repeat_2_fold_4,ANK2,0.0,0.0,0.0,0.0,0.0,0.0001758536897301377,0.5
repeat_2_fold_4,ANKFY1,0.0,0.0,0.0,0.0,0.0,0.0008954135726348122,1.0
repeat_2_fold_4,ANKH,0.020881932097790212,0.02411237823571733,0.012056189117858666,0.008825742979931547,0.5,0.0012772460595214252,1.0
repeat_2_fold_4,ANKRD1,0.0,0.0,0.0,0.0,0.0,0.0,0.0
repeat_2_fold_4,ANKRD26,0.0,0.0,0.0,0.0,0.0,-0.00042084868504632666,0.5
repeat_2_fold_4,ANKRD27,0.0,0.0,0.0,0.0,0.0,0.0,0.0
repeat_2_fold_4,ANKRD28,0.0,0.0,0.0,0.0,0.0,0.0,0.0
repeat_2_fold_4,ANKZF1,0.0,0.0,0.0,0.0,0.0,1.5881082454594075e-05,0.5
repeat_2_fold_4,ANO1,0.0,0.0,0.0,0.0,0.0,-0.0005034225956731253,1.0
repeat_2_fold_4,ANO10,0.0,0.0,0.0,0.0,0.0,0.00020782708786290516,0.5
repeat_2_fold_4,ANO2,0.0,0.0,0.0,0.0,0.0,-0.00018384703926332957,0.5
repeat_2_fold_4,ANO3,0.0,0.0,0.0,0.0,0.0,-0.00019184038879649368,0.5
repeat_2_fold_4,ANOS1,0.0,0.0,0.0,0.0,0.0,0.0,0.0
repeat_2_fold_4,ANPEP,-0.09603264554696622,0.19206529109393244,0.09603264554696622,-0.19206529109393244,0.0,-0.00029380002540971284,0.5
repeat_2_fold_4,ANTXR1,0.0,0.0,0.0,0.0,0.0,-0.0003493838140007366,0.5
repeat_2_fold_4,ANXA1,0.0,0.0,0.0,0.0,0.0,0.0,0.0
repeat_2_fold_4,ANXA2,0.0,0.0,0.0,0.0,0.0,1.5881082454594075e-05,0.5
repeat_2_fold_4,ANXA3,0.0,0.0,0.0,0.0,0.0,0.00029548989119851377,1.0
repeat_2_fold_4,ANXA6,0.0,0.0,0.0,0.0,0.0,0.0,0.0
repeat_2_fold_4,AOC1,0.0,0.0,0.0,0.0,0.0,-0.0001111675771820475,0.5
repeat_2_fold_4,AOC2,0.0,0.0,0.0,0.0,0.0,0.0,0.0
repeat_2_fold_4,AOX1,0.0,0.0,0.0,0.0,0.0,-0.00015881082454577422,0.5
repeat_2_fold_4,AP1B1,0.0,0.0,0.0,0.0,0.0,0.0,0.0
repeat_2_fold_4,AP1G1,0.0,0.0,0.0,0.0,0.0,-3.1973398132739694e-05,0.5
repeat_2_fold_4,AP1G2,0.0,0.0,0.0,0.0,0.0,-6.394679626550714e-05,0.5
repeat_2_fold_4,AP1M2,0.0,0.0,0.0,0.0,0.0,0.0,0.0
repeat_2_fold_4,AP1S2,0.0,0.0,0.0,0.0,0.0,-1.5986699066383725e-05,0.5
repeat_2_fold_4,AP2A2,0.0,0.0,0.0,0.0,0.0,-1.5986699066383725e-05,0.5
repeat_2_fold_4,AP2B1,0.0,0.0,0.0,0.0,0.0,0.0,0.0
repeat_2_fold_4,AP2M1,0.0,0.0,0.0,0.0,0.0,0.0,0.0
repeat_2_fold_4,AP2S1,-0.03911956318670207,0.07823912637340413,0.03911956318670207,-0.07823912637340413,0.0,-0.0003255621903188455,0.5
repeat_2_fold_4,AP3B1,-0.313944478135765,0.3724909811846014,0.1862454905923007,-0.5001899687280656,0.0,0.0005399568034557545,0.5
repeat_2_fold_4,AP3S1,0.0,0.0,0.0,0.0,0.0,-3.996674766593156e-05,1.0
repeat_2_fold_4,AP4E1,0.0,0.0,0.0,0.0,0.0,0.0,0.0
repeat_2_fold_4,AP4M1,0.0,0.0,0.0,0.0,0.0,0.0,0.0
repeat_2_fold_4,AP4S1,0.0,0.0,0.0,0.0,0.0,0.0,0.0
repeat_2_fold_4,APAF1,-0.05825826189682104,0.06727084637729869,0.033635423188649344,-0.09189368508547038,0.0,-0.0005755211663895643,0.5
repeat_2_fold_4,APBA1,0.0,0.0,0.0,0.0,0.0,0.0,0.0
repeat_2_fold_4,APBA2,-0.09205005331495641,0.18410010662991283,0.09205005331495641,-0.18410010662991283,0.0,0.0004144395846901461,1.0
repeat_2_fold_4,APBA3,0.018521987352833946,0.03704397470566789,0.018521987352833946,0.0,0.25,-0.0002858594841824158,0.5
repeat_2_fold_4,APBB1,-0.19206529109393244,0.22177789503013146,0.11088894751506573,-0.30295423860899817,0.0,-0.00019851353068223165,0.5
repeat_2_fold_4,APBB1IP,0.0,0.0,0.0,0.0,0.0,-1.598669906635597e-05,0.5
repeat_2_fold_4,APC,0.0,0.0,0.0,0.0,0.0,0.0,0.0
repeat_2_fold_4,APCS,-0.07515071344917779,0.17922859799120458,0.08961429899560229,-0.1647650124447801,0.25,-9.528649472745343e-05,0.5
repeat_2_fold_4,APEH,0.0,0.0,0.0,0.0,0.0,3.970270613645743e-05,0.5
repeat_2_fold_4,APEX1,0.0,0.0,0.0,0.0,0.0,0.0,0.0
repeat_2_fold_4,APH1A,-0.02912913094841052,0.05825826189682104,0.02912913094841052,-0.05825826189682104,0.0,-0.00028776058319476827,0.5
repeat_2_fold_4,APH1B,0.0,0.0,0.0,0.0,0.0,0.00010391354393146646,0.5
repeat_2_fold_4,APIP,0.0,0.0,0.0,0.0,0.0,0.0,0.0
repeat_2_fold_4,APLNR,0.0,0.0,0.0,0.0,0.0,0.0,0.0
repeat_2_fold_4,APLP2,0.0,0.0,0.0,0.0,0.0,0.0002546254023323147,1.0
repeat_2_fold_4,APOA1,0.0,0.0,0.0,0.0,0.0,0.0,0.0
repeat_2_fold_4,APOA2,0.0,0.0,0.0,0.0,0.0,-0.0003177272657033936,1.0
repeat_2_fold_4,APOA4,-0.05073492307283978,0.10146984614567955,0.05073492307283978,-0.10146984614567955,0.0,-0.00026504793393675175,1.0
repeat_2_fold_4,APOB,0.0,0.0,0.0,0.0,0.0,0.0,0.0
repeat_2_fold_4,APOBEC1,0.0,0.0,0.0,0.0,0.0,-7.1940145798699e-05,0.5
repeat_2_fold_4,APOBEC2,0.0,0.0,0.0,0.0,0.0,-1.5986699066383725e-05,1.0
repeat_2_fold_4,APOBEC3A,0.018521987352833946,0.03704397470566789,0.018521987352833946,0.0,0.25,0.00022233515436415052,0.5
repeat_2_fold_4,APOBEC3B,0.0,0.0,0.0,0.0,0.0,0.0,0.0
repeat_2_fold_4,APOBEC3C,0.0,0.0,0.0,0.0,0.0,4.7643247363782226e-05,0.5
repeat_2_fold_4,APOBEC3G,0.0,0.0,0.0,0.0,0.0,-0.0004287892262736237,0.5
repeat_2_fold_4,APOBR,0.0,0.0,0.0,0.0,0.0,0.0,0.0
repeat_2_fold_4,APOC1,-0.02160579212442748,0.04321158424885496,0.02160579212442748,-0.04321158424885496,0.0,-0.000375687428059851,0.5
repeat_2_fold_4,APOC2,0.0,0.0,0.0,0.0,0.0,0.0,0.0
repeat_2_fold_4,APOC3,0.0,0.0,0.0,0.0,0.0,2.3821623681891113e-05,0.5
repeat_2_fold_4,APOC4,0.0,0.0,0.0,0.0,0.0,0.0,0.0
repeat_2_fold_4,APOD,0.0,0.0,0.0,0.0,0.0,0.0,0.0
repeat_2_fold_4,APOE,0.0,0.0,0.0,0.0,0.0,0.0,0.0
repeat_2_fold_4,APOF,0.6602232232882237,0.7623601113813967,0.38118005569069835,0.27904316759752534,0.5,3.1973398132739694e-05,0.5
repeat_2_fold_4,APOH,0.0,0.0,0.0,0.0,0.0,-0.0005240757210011049,0.5
repeat_2_fold_4,APOL1,0.010440966048895106,0.020881932097790212,0.010440966048895106,0.0,0.25,3.970270613648519e-05,0.5
repeat_2_fold_4,APOM,0.0,0.0,0.0,0.0,0.0,0.0,0.0
repeat_2_fold_4,APOO,0.0,0.0,0.0,0.0,0.0,-1.5986699066383725e-05,0.5
repeat_2_fold_4,APOOL,0.0,0.0,0.0,0.0,0.0,0.0,0.0
repeat_2_fold_4,APP,0.0,0.0,0.0,0.0,0.0,0.0,0.0
repeat_2_fold_4,APPL1,0.0,0.0,0.0,0.0,0.0,-0.0001111675771820475,0.5
repeat_2_fold_4,APRT,0.0,0.0,0.0,0.0,0.0,0.00016675136577309901,0.5
repeat_2_fold_4,AQP1,0.0,0.0,0.0,0.0,0.0,0.0,0.0
repeat_2_fold_4,AQP2,0.0,0.0,0.0,0.0,0.0,0.0,0.0
repeat_2_fold_4,AQP3,0.0,0.0,0.0,0.0,0.0,0.0003042225570142887,1.0
repeat_2_fold_4,AQP4,0.0,0.0,0.0,0.0,0.0,3.197339813276745e-05,0.5
repeat_2_fold_4,AQP5,-0.02912913094841052,0.05825826189682104,0.02912913094841052,-0.05825826189682104,0.0,0.00012910818356670628,1.0
repeat_2_fold_4,AQP6,0.0,0.0,0.0,0.0,0.0,0.0,0.0
repeat_2_fold_4,AQP7,0.0,0.0,0.0,0.0,0.0,0.0,0.0
repeat_2_fold_4,AQP8,0.0,0.0,0.0,0.0,0.0,0.0,0.0
repeat_2_fold_4,AQP9,0.0,0.0,0.0,0.0,0.0,-0.00013498920086391086,0.5
repeat_2_fold_4,AQR,0.0,0.0,0.0,0.0,0.0,0.0,0.0
repeat_2_fold_4,AR,0.010440966048895106,0.020881932097790212,0.010440966048895106,0.0,0.25,0.00038114597890992474,0.5
repeat_2_fold_4,ARAF,0.0,0.0,0.0,0.0,0.0,0.0,0.0
repeat_2_fold_4,ARAP1,0.020881932097790212,0.02411237823571733,0.012056189117858666,0.008825742979931547,0.5,-0.00015881082454577422,0.5
repeat_2_fold_4,ARAP2,0.0,0.0,0.0,0.0,0.0,0.00015881082454582973,0.5
repeat_2_fold_4,ARAP3,0.0,0.0,0.0,0.0,0.0,0.0,0.0
repeat_2_fold_4,ARC,0.0,0.0,0.0,0.0,0.0,0.0,0.0
repeat_2_fold_4,ARCN1,0.0,0.0,0.0,0.0,0.0,0.00015187364113058988,0.5
repeat_2_fold_4,AREG,0.0,0.0,0.0,0.0,0.0,0.0,0.0
repeat_2_fold_4,AREL1,0.0,0.0,0.0,0.0,0.0,0.000591507865455948,0.5
repeat_2_fold_4,ARF1,-0.08571568741559332,0.10248493379593812,0.05124246689796906,-0.1369581543135624,0.0,-0.0003970270613644633,0.5
repeat_2_fold_4,ARF3,-0.02912913094841052,0.05825826189682104,0.02912913094841052,-0.05825826189682104,0.0,-7.993349533189087e-05,0.5
repeat_2_fold_4,ARF4,0.0,0.0,0.0,0.0,0.0,-3.970270613642968e-05,0.5
repeat_2_fold_4,ARF5,0.06523260158127897,0.13046520316255794,0.06523260158127897,0.0,0.25,-0.0005002540973192693,0.5
repeat_2_fold_4,ARF6,0.0,0.0,0.0,0.0,0.0,0.0,0.0
repeat_2_fold_4,ARFGAP1,0.0,0.0,0.0,0.0,0.0,0.0,0.0
repeat_2_fold_4,ARFGAP2,0.0,0.0,0.0,0.0,0.0,-0.00013498920086391086,0.5
repeat_2_fold_4,ARFGEF2,0.0,0.0,0.0,0.0,0.0,0.0,0.0
repeat_2_fold_4,ARHGAP25,-0.18572404350981486,0.2140072333685504,0.1070036166842752,-0.2927276601940901,0.25,0.0009546604296753747,1.0
repeat_2_fold_4,ARHGAP4,0.0,0.0,0.0,0.0,0.0,0.0,0.0
repeat_2_fold_4,ARHGAP44,0.0,0.0,0.0,0.0,0.0,0.0,0.0
repeat_2_fold_4,ARHGDIB,0.0,0.0,0.0,0.0,0.0,0.0,0.0
repeat_2_fold_4,ARHGEF2,0.0,0.0,0.0,0.0,0.0,0.0,0.0
repeat_2_fold_4,ARRB1,0.0,0.0,0.0,0.0,0.0,-0.00019057298945493462,0.5
repeat_2_fold_4,ARSF,0.0,0.0,0.0,0.0,0.0,0.0,0.0
repeat_2_fold_4,ART3,0.0,0.0,0.0,0.0,0.0,0.0,0.0
repeat_2_fold_4,ART4,-0.01980139058357544,0.09560255351386336,0.04780127675693168,-0.06760266734050713,0.25,-0.0005796595095921564,0.5
repeat_2_fold_4,ASGR1,0.0,0.0,0.0,0.0,0.0,0.0,0.0
repeat_2_fold_4,ASPSCR1,0.0,0.0,0.0,0.0,0.0,0.0,0.0
repeat_2_fold_4,ATF4,0.0,0.0,0.0,0.0,0.0,0.0,0.0
repeat_2_fold_4,ATP10D,0.0,0.0,0.0,0.0,0.0,0.0,0.0
repeat_2_fold_4,ATP1A1,0.0,0.0,0.0,0.0,0.0,0.0,0.0
repeat_2_fold_4,ATP1B3,0.052447493815215296,0.06056114934507157,0.030280574672535785,0.02216691914267951,0.5,3.970270613648519e-05,0.5
repeat_2_fold_4,ATP5F1E,0.0,0.0,0.0,0.0,0.0,-0.00041565417572578256,0.5
repeat_2_fold_4,ATP6V1A,-0.05825826189682104,0.06727084637729869,0.033635423188649344,-0.09189368508547038,0.0,9.592019439824684e-05,0.5
repeat_2_fold_4,ATP8A1,0.0,0.0,0.0,0.0,0.0,0.000287760583194796,0.5
repeat_2_fold_4,ATP8B1,-0.09603264554696622,0.19206529109393244,0.09603264554696622,-0.19206529109393244,0.0,7.940541227297038e-06,0.5
repeat_2_fold_4,AXL,0.0,0.0,0.0,0.0,0.0,2.3980048599575587e-05,0.5
repeat_2_fold_4,B3GALT2,0.0,0.0,0.0,0.0,0.0,0.0,0.0
repeat_2_fold_4,B4GALT2,-0.07515071344917779,0.17922859799120458,0.08961429899560229,-0.1647650124447801,0.25,-0.00015087028331847718,0.5
repeat_2_fold_4,BCAT2,0.0,0.0,0.0,0.0,0.0,0.0,0.0
repeat_2_fold_4,BHLHE41,-0.04321158424885496,0.04989643959637321,0.024948219798186604,-0.06815980404704157,0.0,-0.00022381378692926113,0.5
repeat_2_fold_4,BLMH,-0.05825826189682104,0.06727084637729869,0.033635423188649344,-0.09189368508547038,0.0,5.595344673231528e-05,0.5
repeat_2_fold_4,BLVRA,0.0,0.0,0.0,0.0,0.0,0.0,0.0
repeat_2_fold_4,BMI1,0.0,0.0,0.0,0.0,0.0,-3.970270613642968e-05,0.5
repeat_2_fold_4,BMP4,0.0,0.0,0.0,0.0,0.0,0.0,0.0
repeat_2_fold_4,BMPR1A,0.0,0.0,0.0,0.0,0.0,-0.0002540973192732554,0.5
repeat_2_fold_4,BNIP1,0.0,0.0,0.0,0.0,0.0,0.0002461567780460139,0.5
repeat_2_fold_4,BST2,0.0,0.0,0.0,0.0,0.0,0.0,0.0
repeat_2_fold_4,C1GALT1,0.0,0.0,0.0,0.0,0.0,0.0,0.0
repeat_2_fold_4,C1S,0.0,0.0,0.0,0.0,0.0,0.0,0.0
repeat_2_fold_4,C2CD3,0.0,0.0,0.0,0.0,0.0,-7.993349533191862e-06,0.5
repeat_2_fold_4,CAB39,-0.12117918426336693,0.17359907696240334,0.08679953848120167,-0.2079787227445686,0.0,6.394679626550714e-05,0.5
repeat_2_fold_4,CABP2,0.0,0.0,0.0,0.0,0.0,0.0,0.0
repeat_2_fold_4,CALM3,0.0,0.0,0.0,0.0,0.0,0.00038368077759304287,0.5
repeat_2_fold_4,CALU,0.31917816224628304,0.37873420868876523,0.18936710434438261,0.12981105790190042,0.5,0.00040338335341488785,1.0
repeat_2_fold_4,CANX,0.0,0.0,0.0,0.0,0.0,0.00046361427292493373,0.5
repeat_2_fold_4,CAPN15,-0.09603264554696622,0.19206529109393244,0.09603264554696622,-0.19206529109393244,0.0,-0.00040496760259176035,0.5
repeat_2_fold_4,CARS1,-0.08277196171130718,0.1316871177297608,0.0658435588648804,-0.1486155205761876,0.0,-0.0005240757210011326,0.5
repeat_2_fold_4,CATSPER2,0.06523260158127897,0.13046520316255794,0.06523260158127897,0.0,0.25,0.00033350273154619803,0.5
repeat_2_fold_4,CBX5,0.0,0.0,0.0,0.0,0.0,0.0,0.0
repeat_2_fold_4,CCDC88C,0.0,0.0,0.0,0.0,0.0,0.0014873103915746255,1.0
repeat_2_fold_4,CCK,0.0,0.0,0.0,0.0,0.0,0.0,0.0
repeat_2_fold_4,CCKBR,0.0,0.0,0.0,0.0,0.0,-0.0008337568288654118,1.0
repeat_2_fold_4,CCNC,-0.025694718716120946,0.10487198721958908,0.05243599360979454,-0.07813071232591548,0.5,-0.0009206610205758914,1.0
repeat_2_fold_4,CCNK,0.0,0.0,0.0,0.0,0.0,-0.00021582043739609702,0.5
repeat_2_fold_4,CCR2,-0.09603264554696622,0.19206529109393244,0.09603264554696622,-0.19206529109393244,0.0,-0.00044482873364593,1.0
repeat_2_fold_4,CCR3,0.0,0.0,0.0,0.0,0.0,0.00032556219031892875,0.5
repeat_2_fold_4,CCR5,-0.07897854725653275,0.09184114625049158,0.04592057312524579,-0.12489912038177854,0.0,-0.00023821623681866133,0.5
repeat_2_fold_4,CCS,0.0,0.0,0.0,0.0,0.0,0.0,0.0
repeat_2_fold_4,CCT8,0.0,0.0,0.0,0.0,0.0,0.0,0.0
repeat_2_fold_4,CD27,-0.09603264554696622,0.19206529109393244,0.09603264554696622,-0.19206529109393244,0.0,0.00012826325067236133,1.0
repeat_2_fold_4,CD28,0.0,0.0,0.0,0.0,0.0,0.0,0.0
repeat_2_fold_4,CD300A,-0.09205005331495641,0.18410010662991283,0.09205005331495641,-0.18410010662991283,0.0,5.384111449641127e-05,1.0
repeat_2_fold_4,CD34,0.0,0.0,0.0,0.0,0.0,0.0,0.0
repeat_2_fold_4,CD79B,0.018521987352833946,0.03704397470566789,0.018521987352833946,0.0,0.25,-0.00011116757718201975,0.5
repeat_2_fold_4,CDC25A,0.0,0.0,0.0,0.0,0.0,0.00030174056663703763,0.5
repeat_2_fold_4,CDC42,0.0,0.0,0.0,0.0,0.0,0.0001278935925310143,0.5
repeat_2_fold_4,CDC42EP1,-0.0711681212171662,0.19899768159399062,0.09949884079699531,-0.1706669620141615,0.5,-0.0003108956988999434,1.0
repeat_2_fold_4,CDH19,0.0,0.0,0.0,0.0,0.0,0.0,0.0
repeat_2_fold_4,CDIPT,0.0,0.0,0.0,0.0,0.0,5.72208460739021e-05,1.0
repeat_2_fold_4,CDK12,0.0,0.0,0.0,0.0,0.0,-0.0004448815419517971,1.0
repeat_2_fold_4,CDK2,-0.03911956318670207,0.07823912637340413,0.03911956318670207,-0.07823912637340413,0.0,-0.0003493838140007366,0.5
repeat_2_fold_4,CDK5R2,0.33011161164411185,0.6602232232882237,0.33011161164411185,0.0,0.25,-0.00034028149004367014,1.0
repeat_2_fold_4,CDK5RAP2,-0.032770618199959856,0.06425598490953677,0.032127992454768384,-0.06489861065472824,0.25,-0.0003737335207416037,1.0
repeat_2_fold_4,CDKN1C,0.0,0.0,0.0,0.0,0.0,-0.0005081946385465386,0.5
repeat_2_fold_4,CDKN2A,-0.08559167949807112,0.19999731842146684,0.09999865921073342,-0.18559033870880454,0.25,-3.176216490913264e-05,0.5
repeat_2_fold_4,CDS2,-0.09205005331495641,0.18410010662991283,0.09205005331495641,-0.18410010662991283,0.0,0.00015986699066375398,0.5
repeat_2_fold_4,CDT1,0.0,0.0,0.0,0.0,0.0,0.0,0.0
repeat_2_fold_4,CEACAM6,0.0,0.0,0.0,0.0,0.0,-7.993349533191862e-06,0.5
repeat_2_fold_4,CENPQ,0.0,0.0,0.0,0.0,0.0,0.0001508702833185327,0.5
repeat_2_fold_4,CENPS,0.0,0.0,0.0,0.0,0.0,-1.5986699066383725e-05,0.5
repeat_2_fold_4,CEP43,0.0,0.0,0.0,0.0,0.0,-0.0003597007289934673,0.5
repeat_2_fold_4,CFHR2,0.0,0.0,0.0,0.0,0.0,-0.0002461567780459861,0.5
repeat_2_fold_4,CHD4,0.0,0.0,0.0,0.0,0.0,0.0,0.0
repeat_2_fold_4,CHGA,-0.09205005331495641,0.18410010662991283,0.09205005331495641,-0.18410010662991283,0.0,-6.394679626550714e-05,0.5
repeat_2_fold_4,CHGB,0.0,0.0,0.0,0.0,0.0,-3.1762164909160395e-05,0.5
repeat_2_fold_4,CHMP6,0.0,0.0,0.0,0.0,0.0,0.0,0.0
repeat_2_fold_4,CHRNA1,0.0,0.0,0.0,0.0,0.0,7.940541227324793e-06,0.5
repeat_2_fold_4,CHST4,0.0,0.0,0.0,0.0,0.0,0.0,0.0
repeat_2_fold_4,CKB,0.0,0.0,0.0,0.0,0.0,0.0,0.0
repeat_2_fold_4,CKMT1B,0.0,0.0,0.0,0.0,0.0,0.0,0.0
repeat_2_fold_4,CLDN15,-0.008247198850620308,0.07481638828162682,0.03740819414081341,-0.045655392991433716,0.5,2.2607032646226877e-05,1.0
repeat_2_fold_4,CLDN4,0.0,0.0,0.0,0.0,0.0,0.0,0.0
repeat_2_fold_4,CLNS1A,0.0,0.0,0.0,0.0,0.0,-0.00038241337825145605,1.0
repeat_2_fold_4,CLU,0.0,0.0,0.0,0.0,0.0,0.0,0.0
repeat_2_fold_4,CNOT1,0.0,0.0,0.0,0.0,0.0,0.0,0.0
repeat_2_fold_4,CNR1,0.0,0.0,0.0,0.0,0.0,0.0,0.0
repeat_2_fold_4,COL1A2,0.0,0.0,0.0,0.0,0.0,0.0,0.0
repeat_2_fold_4,COL21A1,0.0,0.0,0.0,0.0,0.0,0.0002064540719095842,0.5
repeat_2_fold_4,COL4A3,-0.22119442204234296,0.1940625494441984,0.0970312747220992,-0.3182256967644422,0.0,0.00030348324073167787,1.0
repeat_2_fold_4,COL6A2,0.0,0.0,0.0,0.0,0.0,0.0,0.0
repeat_2_fold_4,COL8A1,0.0,0.0,0.0,0.0,0.0,0.0,0.0
repeat_2_fold_4,COL9A3,-0.05825826189682104,0.06727084637729869,0.033635423188649344,-0.09189368508547038,0.0,0.0006137452399608834,1.0
repeat_2_fold_4,COLEC12,0.0,0.0,0.0,0.0,0.0,0.0,0.0
repeat_2_fold_4,COQ2,0.0,0.0,0.0,0.0,0.0,-0.00016675136577307126,0.5
repeat_2_fold_4,COQ3,0.0,0.0,0.0,0.0,0.0,0.0,0.0
repeat_2_fold_4,COX5B,0.0,0.0,0.0,0.0,0.0,0.0,0.0
repeat_2_fold_4,CPA2,0.0023346005119453395,0.1316039578327853,0.06580197891639265,-0.06346737840444731,0.25,-0.0003017405666369821,0.5
repeat_2_fold_4,CPNE7,0.0,0.0,0.0,0.0,0.0,0.0005108350538415019,1.0
repeat_2_fold_4,CPSF4,0.05568569104097065,0.08581763190906994,0.04290881595453497,0.012776875086435685,0.5,-0.0001429297420912079,0.5
repeat_2_fold_4,CRBN,0.0,0.0,0.0,0.0,0.0,0.0,0.0
repeat_2_fold_4,CREB3L1,0.0,0.0,0.0,0.0,0.0,0.0,0.0
repeat_2_fold_4,CRNKL1,0.0,0.0,0.0,0.0,0.0,0.0,0.0
repeat_2_fold_4,CROT,0.0,0.0,0.0,0.0,0.0,0.0,0.0
repeat_2_fold_4,CRTAP,0.0,0.0,0.0,0.0,0.0,0.0,0.0
repeat_2_fold_4,CSF2RB,0.13229405070197586,0.15474567212984922,0.07737283606492461,0.054921214637051255,0.5,-0.0022233515436412,0.5
repeat_2_fold_4,CSNK2B,0.0,0.0,0.0,0.0,0.0,3.197339813276745e-05,0.5
repeat_2_fold_4,CSTF2T,0.0,0.0,0.0,0.0,0.0,1.588108245462183e-05,0.5
repeat_2_fold_4,CTCF,0.0,0.0,0.0,0.0,0.0,-3.165654829734299e-05,1.0
repeat_2_fold_4,CTDP1,0.0,0.0,0.0,0.0,0.0,-3.996674766593156e-05,0.5
repeat_2_fold_4,CTLA4,0.0,0.0,0.0,0.0,0.0,9.592019439824684e-05,1.0
repeat_2_fold_4,CTNND1,0.13046520316255794,0.15064824033156407,0.07532412016578204,0.055141082996775906,0.5,-0.0002799256585792609,1.0
repeat_2_fold_4,CTSE,0.0,0.0,0.0,0.0,0.0,0.0,0.0
repeat_2_fold_4,CTSH,-0.19784003094286007,0.2286405419987669,0.11432027099938345,-0.31216030194224353,0.0,-0.0011434379367297187,0.5
repeat_2_fold_4,CTSL,0.0,0.0,0.0,0.0,0.0,0.0,0.0
repeat_2_fold_4,CTSZ,0.0,0.0,0.0,0.0,0.0,-2.3821623681835602e-05,0.5
repeat_2_fold_4,CX3CL1,-0.02912913094841052,0.05825826189682104,0.02912913094841052,-0.05825826189682104,0.0,-3.1973398132739694e-05,0.5
repeat_2_fold_4,CXCL13,0.0,0.0,0.0,0.0,0.0,0.0,0.0
repeat_2_fold_4,CYCS,0.03716370368813848,0.050482116226908215,0.025241058113454107,0.011922645574684376,0.5,0.00015881082454582973,0.5
repeat_2_fold_4,CYFIP2,0.0,0.0,0.0,0.0,0.0,3.970270613648519e-05,0.5
repeat_2_fold_4,CYP11B2,0.018521987352833946,0.03704397470566789,0.018521987352833946,0.0,0.25,-0.00021439461313682573,0.5
repeat_2_fold_4,CYP1B1,0.0,0.0,0.0,0.0,0.0,-0.00023180713646248075,0.5
repeat_2_fold_4,CYP21A2,0.0,0.0,0.0,0.0,0.0,0.0,0.0
repeat_2_fold_4,CYSLTR1,0.0,0.0,0.0,0.0,0.0,0.0002717738841284123,0.5
repeat_2_fold_4,DCAF8,0.0,0.0,0.0,0.0,0.0,0.000143880291597398,0.5
repeat_2_fold_4,DCLRE1B,0.0,0.0,0.0,0.0,0.0,0.0,0.0
repeat_2_fold_4,DCTN2,0.0,0.0,0.0,0.0,0.0,-0.0005081946385465108,0.5
repeat_2_fold_4,DCUN1D1,0.0,0.0,0.0,0.0,0.0,0.0,0.0
repeat_2_fold_4,DDC,0.0,0.0,0.0,0.0,0.0,-0.0010322703595476712,0.5
repeat_2_fold_4,DELE1,0.0,0.0,0.0,0.0,0.0,0.0,0.0
repeat_2_fold_4,DENND5B,0.3371154867363835,0.38982361145413835,0.19491180572706918,0.1422036810093143,0.5,0.00021439461313685348,0.5
repeat_2_fold_4,DGKE,-0.1130167791959984,0.17126690308657508,0.08563345154328754,-0.19865023073928595,0.0,0.0023341829756453603,1.0
repeat_2_fold_4,DHCR24,0.0,0.0,0.0,0.0,0.0,9.401909538594988e-05,1.0
repeat_2_fold_4,DHRS3,-0.09205005331495641,0.18410010662991283,0.09205005331495641,-0.18410010662991283,0.0,-0.000143880291597398,0.5
repeat_2_fold_4,DHX15,0.0,0.0,0.0,0.0,0.0,0.0,0.0
repeat_2_fold_4,DHX16,0.0,0.0,0.0,0.0,0.0,0.0,0.0
repeat_2_fold_4,DIABLO,0.0,0.0,0.0,0.0,0.0,0.0,0.0
repeat_2_fold_4,DIAPH1,0.0,0.0,0.0,0.0,0.0,0.0,0.0
repeat_2_fold_4,DIO1,-0.09205005331495641,0.18410010662991283,0.09205005331495641,-0.18410010662991283,0.0,-0.00039167412712623473,0.5
repeat_2_fold_4,DLC1,0.0,0.0,0.0,0.0,0.0,-2.3821623681863358e-05,0.5
repeat_2_fold_4,DLD,0.0,0.0,0.0,0.0,0.0,0.0,0.0
repeat_2_fold_4,DMBT1,0.0,0.0,0.0,0.0,0.0,0.0,0.0
repeat_2_fold_4,DNAJB6,0.0,0.0,0.0,0.0,0.0,-0.00015087028331847718,0.5
repeat_2_fold_4,DNAJC2,-0.02912913094841052,0.05825826189682104,0.02912913094841052,-0.05825826189682104,0.0,-0.00011990024299782243,0.5
repeat_2_fold_4,DNM1L,0.0,0.0,0.0,0.0,0.0,-0.00020782708786290516,0.5
repeat_2_fold_4,DOK1,0.0,0.0,0.0,0.0,0.0,0.0,0.0
repeat_2_fold_4,DOK3,0.0,0.0,0.0,0.0,0.0,0.0,0.0
repeat_2_fold_4,DPEP2,0.0,0.0,0.0,0.0,0.0,-0.00016675136577307126,0.5
repeat_2_fold_4,DPF2,0.0,0.0,0.0,0.0,0.0,0.0,0.0
repeat_2_fold_4,DPPA4,0.0,0.0,0.0,0.0,0.0,-0.00018263244822763758,0.5
repeat_2_fold_4,DZIP1,-0.02912913094841052,0.05825826189682104,0.02912913094841052,-0.05825826189682104,0.0,0.0003437140299271113,0.5
repeat_2_fold_4,E2F1,0.07567356763017408,0.12506390625865754,0.06253195312932877,0.013141614500845306,0.5,-0.0007622919578198217,0.5
repeat_2_fold_4,ECT2,0.0,0.0,0.0,0.0,0.0,0.0,0.0
repeat_2_fold_4,EIF2AK2,0.0,0.0,0.0,0.0,0.0,0.0,0.0
repeat_2_fold_4,EIF2B1,0.0,0.0,0.0,0.0,0.0,0.0004875943215245093,0.5
repeat_2_fold_4,EIF2B5,-0.05825826189682104,0.06727084637729869,0.033635423188649344,-0.09189368508547038,0.0,-0.0001987247639058387,1.0
repeat_2_fold_4,EIF3B,0.0,0.0,0.0,0.0,0.0,0.0,0.0
repeat_2_fold_4,EIF3D,0.0,0.0,0.0,0.0,0.0,-5.558378859102375e-05,0.5
repeat_2_fold_4,EIF4A3,-0.07515071344917779,0.17922859799120458,0.08961429899560229,-0.1647650124447801,0.25,-0.0005161351797738356,0.5
repeat_2_fold_4,ELF1,0.12469046331362854,0.144288631485704,0.072144315742852,0.05254614757077654,0.5,-0.00046055139118281185,0.5
repeat_2_fold_4,ELOB,0.0,0.0,0.0,0.0,0.0,-7.146487104559007e-05,0.5
repeat_2_fold_4,ELOVL1,0.0,0.0,0.0,0.0,0.0,-5.595344673231528e-05,0.5
repeat_2_fold_4,ELP5,0.0,0.0,0.0,0.0,0.0,0.0,0.0
repeat_2_fold_4,EPB41L2,0.0,0.0,0.0,0.0,0.0,0.0,0.0
repeat_2_fold_4,EPN1,-0.10029725216557672,0.19356117284445942,0.09678058642222971,-0.19707783858780642,0.5,-0.0010288713326276344,1.0
repeat_2_fold_4,EPN2,0.0,0.0,0.0,0.0,0.0,0.0,0.0
repeat_2_fold_4,ERAL1,0.0,0.0,0.0,0.0,0.0,0.0,0.0
repeat_2_fold_4,ERBB2,0.0,0.0,0.0,0.0,0.0,-0.0001111675771820475,0.5
repeat_2_fold_4,ERCC1,0.0,0.0,0.0,0.0,0.0,0.0,0.0
repeat_2_fold_4,ERO1B,0.0,0.0,0.0,0.0,0.0,-7.993349533191862e-06,0.5
repeat_2_fold_4,F10,0.0,0.0,0.0,0.0,0.0,-0.00023027569559139205,0.5
repeat_2_fold_4,F2R,-0.04321158424885496,0.04989643959637321,0.024948219798186604,-0.06815980404704157,0.0,-0.0002477938355288367,0.5
repeat_2_fold_4,F3,-0.09603264554696622,0.19206529109393244,0.09603264554696622,-0.19206529109393244,0.0,-0.0001111675771820475,0.5
repeat_2_fold_4,FABP3,0.0,0.0,0.0,0.0,0.0,0.0,0.0
repeat_2_fold_4,FABP4,0.0,0.0,0.0,0.0,0.0,0.0,0.0
repeat_2_fold_4,FAM32A,0.0,0.0,0.0,0.0,0.0,0.0,0.0
repeat_2_fold_4,FBP1,0.0,0.0,0.0,0.0,0.0,0.0,0.0
repeat_2_fold_4,FGF12,0.0,0.0,0.0,0.0,0.0,-0.00015881082454580198,0.5
repeat_2_fold_4,FGF3,0.0,0.0,0.0,0.0,0.0,-0.0002078270878628774,0.5
repeat_2_fold_4,FLNB,0.0,0.0,0.0,0.0,0.0,-0.00047569315735476736,1.0
repeat_2_fold_4,FMNL1,0.0,0.0,0.0,0.0,0.0,1.5881082454594075e-05,0.5
repeat_2_fold_4,FRAT2,0.0,0.0,0.0,0.0,0.0,0.0,0.0
repeat_2_fold_4,FUT4,0.020881932097790212,0.02411237823571733,0.012056189117858666,0.008825742979931547,0.5,-0.00019057298945493462,0.5
repeat_2_fold_4,FXR1,0.0,0.0,0.0,0.0,0.0,0.0,0.0
repeat_2_fold_4,GABRA1,-0.19206529109393244,0.22177789503013146,0.11088894751506573,-0.30295423860899817,0.0,-0.00011910811840934454,0.5
repeat_2_fold_4,GAD1,0.0,0.0,0.0,0.0,0.0,0.0,0.0
repeat_2_fold_4,GALNT14,0.0,0.0,0.0,0.0,0.0,0.00021439461313685348,0.5
repeat_2_fold_4,GATA3,0.0,0.0,0.0,0.0,0.0,0.0,0.0
repeat_2_fold_4,GDI1,0.0,0.0,0.0,0.0,0.0,-0.00018384703926332957,0.5
repeat_2_fold_4,GDPD3,0.0,0.0,0.0,0.0,0.0,0.0,0.5
repeat_2_fold_4,GEMIN2,0.0,0.0,0.0,0.0,0.0,0.0,0.0
repeat_2_fold_4,GEMIN6,0.0,0.0,0.0,0.0,0.0,-0.0005435477682568246,0.5
repeat_2_fold_4,GGA3,0.0,0.0,0.0,0.0,0.0,0.0,0.0
repeat_2_fold_4,GGCT,0.011870439348772521,0.04333314505183624,0.02166657252591812,-0.009796133177145599,0.25,-0.0002620378605005247,0.5
repeat_2_fold_4,GJB3,0.0,0.0,0.0,0.0,0.0,-0.00011990024299782243,0.5
repeat_2_fold_4,GJB5,0.010440966048895106,0.020881932097790212,0.010440966048895106,0.0,0.25,-3.933304799513815e-05,1.0
repeat_2_fold_4,GJC1,-0.02160579212442748,0.04321158424885496,0.02160579212442748,-0.04321158424885496,0.0,0.0008552884000511685,0.5
repeat_2_fold_4,GLP2R,0.0,0.0,0.0,0.0,0.0,-7.146487104559007e-05,0.5
repeat_2_fold_4,GMPR,0.0,0.0,0.0,0.0,0.0,0.0,0.0
repeat_2_fold_4,GNA11,0.0,0.0,0.0,0.0,0.0,-4.796009719912342e-05,0.5
repeat_2_fold_4,GNG7,0.0,0.0,0.0,0.0,0.0,0.0,0.0
repeat_2_fold_4,GNRHR,0.33011161164411185,0.6602232232882237,0.33011161164411185,0.0,0.25,0.0001758536897301377,0.5
repeat_2_fold_4,GP1BB,0.0,0.0,0.0,0.0,0.0,0.0,0.0
repeat_2_fold_4,GPR17,0.16218411961624035,0.32436823923248065,0.16218411961624032,2.7755575615628914e-17,0.25,-0.0002779189429551465,0.5
repeat_2_fold_4,GPR183,0.018521987352833946,0.03704397470566789,0.018521987352833946,0.0,0.25,-0.0001111675771820475,0.5
repeat_2_fold_4,GPR35,0.0,0.0,0.0,0.0,0.0,0.0,0.0
repeat_2_fold_4,GPR37L1,0.0,0.0,0.0,0.0,0.0,-0.0002620378605005247,0.5
repeat_2_fold_4,GPR4,0.0,0.0,0.0,0.0,0.0,0.0,0.0
repeat_2_fold_4,GPR65,0.0,0.0,0.0,0.0,0.0,0.0002557871850620286,0.5
repeat_2_fold_4,GREB1,0.010440966048895106,0.020881932097790212,0.010440966048895106,0.0,0.25,0.0003176216490916317,0.5
repeat_2_fold_4,GSDME,-0.09205005331495641,0.18410010662991283,0.09205005331495641,-0.18410010662991283,0.0,-0.00019920003865889213,1.0
repeat_2_fold_4,GTF2H1,-0.09205005331495641,0.18410010662991283,0.09205005331495641,-0.18410010662991283,0.0,0.0008918226078337421,1.0
repeat_2_fold_4,H2BC5,0.0,0.0,0.0,0.0,0.0,1.5986699066383725e-05,0.5
repeat_2_fold_4,H3C12,0.0,0.0,0.0,0.0,0.0,0.0,0.0
repeat_2_fold_4,H3C8,0.0,0.0,0.0,0.0,0.0,0.0,0.0
repeat_2_fold_4,HADH,0.0,0.0,0.0,0.0,0.0,0.0,0.0
repeat_2_fold_4,HADHA,0.0,0.0,0.0,0.0,0.0,0.00028776058319476827,0.5
repeat_2_fold_4,HARS1,0.0,0.0,0.0,0.0,0.0,-0.00022391940354105078,1.0
repeat_2_fold_4,HAUS3,0.0,0.0,0.0,0.0,0.0,0.0,0.0
repeat_2_fold_4,HCN4,0.010440966048895106,0.020881932097790212,0.010440966048895106,0.0,0.25,-0.0002620378605005247,0.5
repeat_2_fold_4,HDAC2,-0.02912913094841052,0.05825826189682104,0.02912913094841052,-0.05825826189682104,0.0,-0.0008546018920744525,1.0
repeat_2_fold_4,HHAT,0.0,0.0,0.0,0.0,0.0,-0.00011990024299782243,0.5
repeat_2_fold_4,HINT1,0.0,0.0,0.0,0.0,0.0,-0.00012704865963664158,0.5
repeat_2_fold_4,HIP1R,0.018521987352833946,0.03704397470566789,0.018521987352833946,0.0,0.25,-0.00024615677804595837,0.5
repeat_2_fold_4,HIPK1,0.0,0.0,0.0,0.0,0.0,-0.000679434710321003,0.5
repeat_2_fold_4,HMBS,0.0,0.0,0.0,0.0,0.0,0.0,0.0
repeat_2_fold_4,HMGCS1,0.0,0.0,0.0,0.0,0.0,0.0,0.0
repeat_2_fold_4,HOXA2,0.0,0.0,0.0,0.0,0.0,0.0,0.0
repeat_2_fold_4,HSD17B7,0.0,0.0,0.0,0.0,0.0,0.0,0.0
repeat_2_fold_4,HSPA6,0.0,0.0,0.0,0.0,0.0,0.0,0.0
repeat_2_fold_4,HSPH1,0.0,0.0,0.0,0.0,0.0,0.0,0.0
repeat_2_fold_4,HTT,0.0,0.0,0.0,0.0,0.0,0.0,0.0
repeat_2_fold_4,HYAL4,0.0,0.0,0.0,0.0,0.0,0.0,0.0
repeat_2_fold_4,IARS1,0.0,0.0,0.0,0.0,0.0,0.0,0.0
repeat_2_fold_4,ID1,0.0,0.0,0.0,0.0,0.0,0.0,0.0
repeat_2_fold_4,IFI44L,0.0,0.0,0.0,0.0,0.0,0.0,0.0
repeat_2_fold_4,IFNA1,0.0,0.0,0.0,0.0,0.0,0.0,0.0
repeat_2_fold_4,IFT140,0.0,0.0,0.0,0.0,0.0,0.0,0.0
repeat_2_fold_4,IGF2,0.0,0.0,0.0,0.0,0.0,0.0,0.0
repeat_2_fold_4,IGFBP4,0.0,0.0,0.0,0.0,0.0,0.0,0.0
repeat_2_fold_4,IGFBP6,0.0,0.0,0.0,0.0,0.0,0.0,0.0
repeat_2_fold_4,IGFBP7,0.0,0.0,0.0,0.0,0.0,-7.940541227269282e-06,0.5
repeat_2_fold_4,IGHG1,0.0,0.0,0.0,0.0,0.0,0.0,0.0
repeat_2_fold_4,IGLV2-14,0.6310940923398096,0.730275533321342,0.365137766660671,0.2659563256791386,0.5,0.000463614272924906,0.5
repeat_2_fold_4,IGLV3-19,-0.07823912637340413,0.09034276134569205,0.045171380672846026,-0.12341050704625016,0.0,-7.940541227269282e-06,0.5
repeat_2_fold_4,IL27RA,0.0,0.0,0.0,0.0,0.0,-0.00016675136577307126,0.5
repeat_2_fold_4,IMPDH1,0.0,0.0,0.0,0.0,0.0,-0.00018384703926332957,0.5
repeat_2_fold_4,IP6K1,0.0,0.0,0.0,0.0,0.0,0.0,0.0
repeat_2_fold_4,IPPK,-0.02912913094841052,0.05825826189682104,0.02912913094841052,-0.05825826189682104,0.0,-0.00012789359253098653,1.0
repeat_2_fold_4,IQGAP1,-0.09603264554696622,0.19206529109393244,0.09603264554696622,-0.19206529109393244,0.0,2.7755575615628914e-17,0.5
repeat_2_fold_4,IRF1,-0.12117918426337049,0.24235836852674097,0.12117918426337049,-0.24235836852674097,0.0,-3.996674766593156e-05,0.5
repeat_2_fold_4,IRF8,0.018521987352833946,0.03704397470566789,0.018521987352833946,0.0,0.25,-0.0005081946385465386,0.5
repeat_2_fold_4,IRF9,0.0,0.0,0.0,0.0,0.0,0.0,0.0
repeat_2_fold_4,ITGAE,0.016281771590350047,0.032563543180700094,0.016281771590350047,0.0,0.25,-0.00011910811840934454,0.5
repeat_2_fold_4,ITGB3,-0.13526163756381315,0.21677064754256634,0.10838532377128317,-0.24364696133509633,0.0,0.000231807136462453,0.5
repeat_2_fold_4,ITGB3BP,0.0,0.0,0.0,0.0,0.0,0.0,0.0
repeat_2_fold_4,ITPKA,-0.07515071344917779,0.17922859799120458,0.08961429899560229,-0.1647650124447801,0.25,6.352432981832079e-05,0.5
repeat_2_fold_4,ITPKC,-0.09205005331495641,0.18410010662991283,0.09205005331495641,-0.18410010662991283,0.0,0.0002145002297486709,1.0
repeat_2_fold_4,JUN,0.0,0.0,0.0,0.0,0.0,0.0005893955332200163,1.0
repeat_2_fold_4,KARS1,0.0,0.0,0.0,0.0,0.0,0.0001429297420912634,0.5
repeat_2_fold_4,KCNAB1,0.0,0.0,0.0,0.0,0.0,0.0,0.0
repeat_2_fold_4,KCNJ4,0.0250876614642479,0.036737317611007236,0.018368658805503618,0.006719002658744283,0.5,-0.0010243298183203742,0.5
repeat_2_fold_4,KCNK10,0.0,0.0,0.0,0.0,0.0,0.00010322703595477822,0.5
repeat_2_fold_4,KCNMB1,0.0,0.0,0.0,0.0,0.0,-0.0005449928878585308,1.0
repeat_2_fold_4,KDM3B,0.0,0.0,0.0,0.0,0.0,-0.00011190689346465832,0.5
repeat_2_fold_4,KDM5D,0.0,0.0,0.0,0.0,0.0,-0.0002699784017278495,0.5
repeat_2_fold_4,KDM6A,-0.09205005331495641,0.18410010662991283,0.09205005331495641,-0.18410010662991283,0.0,0.001099702504002542,1.0
repeat_2_fold_4,KIF18A,-0.02912913094841052,0.05825826189682104,0.02912913094841052,-0.05825826189682104,0.0,1.5986699066383725e-05,0.5
repeat_2_fold_4,KIF1B,0.0,0.0,0.0,0.0,0.0,2.7755575615628914e-17,0.5
repeat_2_fold_4,KIF5A,0.33011161164411185,0.6602232232882237,0.33011161164411185,0.0,0.25,9.57089611746953e-05,1.0
repeat_2_fold_4,KIR2DS4,-0.13246246414749763,0.18129643632474932,0.09064821816237466,-0.2231106823098723,0.0,0.0003502287468951648,1.0
repeat_2_fold_4,KLRB1,-4.7733103796687715e-05,0.32158919218206994,0.16079459609103497,-0.16084232919483166,0.5,0.0019116444248102604,1.0
repeat_2_fold_4,KLRC2,0.0,0.0,0.0,0.0,0.0,6.394679626550714e-05,0.5
repeat_2_fold_4,KLRD1,0.33011161164411185,0.6602232232882237,0.33011161164411185,0.0,0.25,7.993349533189087e-05,0.5
repeat_2_fold_4,KNL1,0.0,0.0,0.0,0.0,0.0,6.352432981834855e-05,0.5
repeat_2_fold_4,KPNA2,0.0,0.0,0.0,0.0,0.0,0.0,0.0
repeat_2_fold_4,KPNA3,0.0,0.0,0.0,0.0,0.0,0.0,0.0
repeat_2_fold_4,KRT19,0.0,0.0,0.0,0.0,0.0,-0.00011910811840931679,0.5
repeat_2_fold_4,KRT20,0.0,0.0,0.0,0.0,0.0,5.595344673231528e-05,0.5
repeat_2_fold_4,KRTAP1-3,0.010440966048895106,0.020881932097790212,0.010440966048895106,0.0,0.25,0.001084296696301057,1.0
repeat_2_fold_4,KYAT1,0.321864412793488,0.588373152227191,0.2941865761135955,0.027677836679892487,0.75,0.0005489535108010313,1.0
repeat_2_fold_4,LAMA3,0.0,0.0,0.0,0.0,0.0,0.0,0.0
repeat_2_fold_4,LAMA4,0.0,0.0,0.0,0.0,0.0,0.0,0.0
repeat_2_fold_4,LAMB1,-0.21721182981033316,0.1897189899960034,0.0948594949980017,-0.3120713248083349,0.0,-0.0007108272170888441,1.0
repeat_2_fold_4,LAMP2,0.0,0.0,0.0,0.0,0.0,0.0,0.0
repeat_2_fold_4,LARS2,0.0,0.0,0.0,0.0,0.0,0.0001508702833185327,0.5
repeat_2_fold_4,LDLRAP1,0.4785988982431846,0.9722313319910328,0.4861156659955164,-0.007516767752331843,0.5,-3.223743966221382e-05,1.0
repeat_2_fold_4,LILRB5,0.0,0.0,0.0,0.0,0.0,0.0,0.0
repeat_2_fold_4,LMAN2,0.0,0.0,0.0,0.0,0.0,0.00031174063179434386,0.5
repeat_2_fold_4,LPIN1,0.04340649117951223,0.062170035656727164,0.031085017828363582,0.012321473351148648,0.5,-0.0008021530888739914,1.0
repeat_2_fold_4,LRFN3,0.0,0.0,0.0,0.0,0.0,-6.352432981829303e-05,0.5
repeat_2_fold_4,LRFN4,0.0,0.0,0.0,0.0,0.0,0.0,0.0
repeat_2_fold_4,LRP4,0.0,0.0,0.0,0.0,0.0,0.0,0.0
repeat_2_fold_4,LRRC14,-0.06308709991323092,0.21061268643234002,0.10530634321617001,-0.1683934431294009,0.25,0.00017194587509372639,1.0
repeat_2_fold_4,LRRC8D,-0.09603264554696622,0.19206529109393244,0.09603264554696622,-0.19206529109393244,0.0,-0.00015087028331847718,0.5
repeat_2_fold_4,LTB,0.0,0.0,0.0,0.0,0.0,-5.595344673231528e-05,0.5
repeat_2_fold_4,LTBP1,0.0,0.0,0.0,0.0,0.0,0.0,0.0
repeat_2_fold_4,LYPD1,0.0,0.0,0.0,0.0,0.0,-0.00036769407852665914,0.5
repeat_2_fold_4,LYPLA2,0.0,0.0,0.0,0.0,0.0,-0.00044762757385852225,0.5
repeat_2_fold_4,MAG,0.0,0.0,0.0,0.0,0.0,0.00036769407852665914,0.5
repeat_2_fold_4,MAGED1,0.2518724852707077,0.7161914804705939,0.35809574023529694,-0.10622325496458923,0.25,0.00042037341029332875,1.0
repeat_2_fold_4,MAIP1,0.0,0.0,0.0,0.0,0.0,-0.0002064540719095287,0.5
repeat_2_fold_4,MAN2B2,0.020881932097790212,0.02411237823571733,0.012056189117858666,0.008825742979931547,0.5,0.00039151570220855025,1.0
repeat_2_fold_4,MANBA,0.0,0.0,0.0,0.0,0.0,0.0,0.0
repeat_2_fold_4,MAP2K7,-0.09205005331495641,0.18410010662991283,0.09205005331495641,-0.18410010662991283,0.0,-0.0009581985861705222,1.0
repeat_2_fold_4,MAP3K14,0.0,0.0,0.0,0.0,0.0,0.0,0.0
repeat_2_fold_4,MAP3K5,0.0,0.0,0.0,0.0,0.0,0.0,0.0
repeat_2_fold_4,MBOAT7,0.0,0.0,0.0,0.0,0.0,0.0,0.0
repeat_2_fold_4,MC2R,0.0,0.0,0.0,0.0,0.0,0.0,0.0
repeat_2_fold_4,MCCC2,0.0,0.0,0.0,0.0,0.0,0.0,0.0
repeat_2_fold_4,MCOLN3,0.0,0.0,0.0,0.0,0.0,0.0,0.0
repeat_2_fold_4,MCPH1,0.0,0.0,0.0,0.0,0.0,-3.197339813276745e-05,0.5
repeat_2_fold_4,MCRS1,0.0,0.0,0.0,0.0,0.0,-0.00032508691556579206,1.0
repeat_2_fold_4,MED6,-0.09205005331495641,0.18410010662991283,0.09205005331495641,-0.18410010662991283,0.0,-0.00032772733086069983,0.5
repeat_2_fold_4,MEFV,0.0,0.0,0.0,0.0,0.0,0.0005995012149891399,0.5
repeat_2_fold_4,METAP2,0.0,0.0,0.0,0.0,0.0,0.0,0.0
repeat_2_fold_4,METTL3,0.0,0.0,0.0,0.0,0.0,-0.0006673751212336043,1.0
repeat_2_fold_4,MFN2,0.010440966048895106,0.020881932097790212,0.010440966048895106,0.0,0.25,-0.00013498920086391086,0.5
repeat_2_fold_4,MICU2,0.0,0.0,0.0,0.0,0.0,0.0,0.0
repeat_2_fold_4,MIS18A,0.0,0.0,0.0,0.0,0.0,2.7755575615628914e-17,0.5
repeat_2_fold_4,MLNR,0.0,0.0,0.0,0.0,0.0,0.0,0.0
repeat_2_fold_4,MOB1A,0.0,0.0,0.0,0.0,0.0,0.0,0.0
repeat_2_fold_4,MPC1,0.0,0.0,0.0,0.0,0.0,0.00018384703926335733,0.5
repeat_2_fold_4,MPHOSPH8,0.010440966048895106,0.020881932097790212,0.010440966048895106,0.0,0.25,0.00022296885403494393,1.0
repeat_2_fold_4,MPI,0.0,0.0,0.0,0.0,0.0,0.0001678603401969736,0.5
repeat_2_fold_4,MRPL15,0.13046520316255794,0.15064824033156407,0.07532412016578204,0.055141082996775906,0.5,-0.0005637784271375623,0.5
repeat_2_fold_4,MSL3,0.0,0.0,0.0,0.0,0.0,-0.00013498920086391086,0.5
repeat_2_fold_4,MSR1,0.0,0.0,0.0,0.0,0.0,0.0,0.0
repeat_2_fold_4,MSRA,-0.07352806596212247,0.19952854044475007,0.09976427022237504,-0.17329233618449752,0.25,-5.458043077896657e-05,1.0
repeat_2_fold_4,MT1F,0.0,0.0,0.0,0.0,0.0,0.0,0.0
repeat_2_fold_4,MT2A,0.0,0.0,0.0,0.0,0.0,0.00030374728226117975,0.5
repeat_2_fold_4,MTARC1,-0.18410010662991283,0.21258049224123796,0.10629024612061898,-0.2903903527505318,0.0,-0.00035832771304006306,1.0
repeat_2_fold_4,MTMR12,0.0,0.0,0.0,0.0,0.0,-5.5583788590996e-05,0.5
repeat_2_fold_4,MUC5AC,0.0,0.0,0.0,0.0,0.0,7.940541227297038e-06,0.5
repeat_2_fold_4,MYBBP1A,0.0,0.0,0.0,0.0,0.0,0.0,0.0
repeat_2_fold_4,MYC,-0.22768548002908062,0.22298175538645124,0.11149087769322562,-0.33917635772230625,0.0,0.0005032113624496015,1.0
repeat_2_fold_4,MYF5,0.6602232232882237,0.7623601113813967,0.38118005569069835,0.27904316759752534,0.5,0.00022381378692928888,0.5
repeat_2_fold_4,MYH11,-0.02912913094841052,0.05825826189682104,0.02912913094841052,-0.05825826189682104,0.0,-0.0005755211663895643,0.5
repeat_2_fold_4,MYLIP,-0.02912913094841052,0.05825826189682104,0.02912913094841052,-0.05825826189682104,0.0,-7.993349533191862e-06,0.5
repeat_2_fold_4,MYOG,0.032563543180700094,0.03760114084229041,0.018800570421145205,0.01376297275955489,0.5,0.00023027569559144756,0.5
repeat_2_fold_4,MZT2A,0.0,0.0,0.0,0.0,0.0,0.0,0.0
repeat_2_fold_4,NADSYN1,0.0,0.0,0.0,0.0,0.0,0.0,0.0
repeat_2_fold_4,NAT1,0.0,0.0,0.0,0.0,0.0,-7.1940145798699e-05,0.5
repeat_2_fold_4,NCAPD3,0.0,0.0,0.0,0.0,0.0,2.482498149397605e-05,1.0
repeat_2_fold_4,NCOR1,0.0,0.0,0.0,0.0,0.0,0.0,0.0
repeat_2_fold_4,NDN,0.0,0.0,0.0,0.0,0.0,0.0,0.0
repeat_2_fold_4,NDRG1,0.0,0.0,0.0,0.0,0.0,0.0,0.0
repeat_2_fold_4,NDUFAF4,0.0,0.0,0.0,0.0,0.0,0.0,0.0
repeat_2_fold_4,NDUFB1,-0.09205005331495641,0.18410010662991283,0.09205005331495641,-0.18410010662991283,0.0,-0.00015187364113053436,1.0
repeat_2_fold_4,NEDD8,0.13198970981010305,0.15565219062974478,0.07782609531487239,0.05416361449523066,0.5,-0.0003493838140007366,0.5
repeat_2_fold_4,NELL2,0.0,0.0,0.0,0.0,0.0,-0.0008337568288654118,0.5
repeat_2_fold_4,NET1,0.0,0.0,0.0,0.0,0.0,-0.0006474613121882633,0.5
repeat_2_fold_4,NFE2L2,0.0,0.0,0.0,0.0,0.0,5.5266938755654804e-05,1.0
repeat_2_fold_4,NFRKB,0.3953442132253908,0.628881363347689,0.3144406816738445,0.08090353155154634,0.5,0.001623230846602125,1.0
repeat_2_fold_4,NIT2,0.0,0.0,0.0,0.0,0.0,0.00027976723366160416,0.5
repeat_2_fold_4,NLGN4Y,0.0,0.0,0.0,0.0,0.0,0.0001508702833185327,0.5
repeat_2_fold_4,NLRP3,0.03716370368813848,0.050482116226908215,0.025241058113454107,0.011922645574684376,0.5,0.0014036610194872734,1.0
repeat_2_fold_4,NMUR1,0.0,0.0,0.0,0.0,0.0,-0.00032556219031887323,0.5
repeat_2_fold_4,NOP2,0.018521987352833946,0.03704397470566789,0.018521987352833946,0.0,0.25,-0.0009926732700230312,1.0
repeat_2_fold_4,NOTCH1,0.0,0.0,0.0,0.0,0.0,-0.00033350273154617027,0.5
repeat_2_fold_4,NOTCH3,0.0,0.0,0.0,0.0,0.0,-0.00018231559839226863,1.0
repeat_2_fold_4,NPBWR2,-0.09603264554696622,0.19206529109393244,0.09603264554696622,-0.19206529109393244,0.0,-0.00048437301486464746,0.5
repeat_2_fold_4,NPLOC4,0.0,0.0,0.0,0.0,0.0,0.0,0.0
repeat_2_fold_4,NR1H3,0.0,0.0,0.0,0.0,0.0,0.0,0.0
repeat_2_fold_4,NR2E3,-0.02912913094841052,0.05825826189682104,0.02912913094841052,-0.05825826189682104,0.0,0.00032624869829556147,1.0
repeat_2_fold_4,NR4A1,0.0,0.0,0.0,0.0,0.0,-0.00034371402992708355,0.5
repeat_2_fold_4,NR4A3,0.0,0.0,0.0,0.0,0.0,0.0,0.0
repeat_2_fold_4,NRBP1,0.0,0.0,0.0,0.0,0.0,0.0,0.0
repeat_2_fold_4,NRCAM,0.0,0.0,0.0,0.0,0.0,0.00010322703595477822,0.5
repeat_2_fold_4,NRXN1,0.0,0.0,0.0,0.0,0.0,-0.0002858594841824158,0.5
repeat_2_fold_4,NTF3,0.0,0.0,0.0,0.0,0.0,0.00023180713646248075,0.5
repeat_2_fold_4,NTHL1,0.0,0.0,0.0,0.0,0.0,0.0002957539327279879,0.5
repeat_2_fold_4,NUDC,0.0,0.0,0.0,0.0,0.0,0.0,0.0
repeat_2_fold_4,NUMB,0.0,0.0,0.0,0.0,0.0,0.0,0.0
repeat_2_fold_4,NUP188,0.0,0.0,0.0,0.0,0.0,0.0,0.0
repeat_2_fold_4,OAT,0.0,0.0,0.0,0.0,0.0,0.0001278935925310143,0.5
repeat_2_fold_4,OGFOD1,-0.02912913094841052,0.05825826189682104,0.02912913094841052,-0.05825826189682104,0.0,0.0002477938355288367,0.5
repeat_2_fold_4,OGT,0.0,0.0,0.0,0.0,0.0,0.000287760583194796,0.5
repeat_2_fold_4,OPN1MW,0.0,0.0,0.0,0.0,0.0,0.0002062428386859494,1.0
repeat_2_fold_4,OPN3,0.0,0.0,0.0,0.0,0.0,0.0,0.0
repeat_2_fold_4,OPTN,0.0,0.0,0.0,0.0,0.0,0.0001661176661023056,1.0
repeat_2_fold_4,OR2H1,0.0,0.0,0.0,0.0,0.0,0.0,0.0
repeat_2_fold_4,OR2S2,0.0,0.0,0.0,0.0,0.0,-0.0002858594841824158,0.5
repeat_2_fold_4,OR5V1,0.0,0.0,0.0,0.0,0.0,0.0,0.0
repeat_2_fold_4,OR7C2,-0.08111552690815316,0.09366414259176112,0.04683207129588056,-0.12794759820403373,0.0,-0.0007464108753652277,0.5
repeat_2_fold_4,OR7E24,0.0,0.0,0.0,0.0,0.0,-8.792684486508273e-05,0.5
repeat_2_fold_4,ORMDL2,0.0,0.0,0.0,0.0,0.0,0.0,0.0
repeat_2_fold_4,OSBPL10,0.0,0.0,0.0,0.0,0.0,-0.00011990024299782243,0.5
repeat_2_fold_4,OSGEPL1,0.0,0.0,0.0,0.0,0.0,0.0001508702833185327,0.5
repeat_2_fold_4,OTUB2,0.0,0.0,0.0,0.0,0.0,9.6025811010092e-05,1.0
repeat_2_fold_4,PA2G4,-0.09603264554696622,0.19206529109393244,0.09603264554696622,-0.19206529109393244,0.0,8.73459535002119e-05,0.5
repeat_2_fold_4,PABPC1,0.6310940923398096,0.730275533321342,0.365137766660671,0.2659563256791386,0.5,-0.0004076608261925907,0.5
repeat_2_fold_4,PADI2,-0.1306760561437521,0.15799221717907716,0.07899610858953858,-0.2096721647332907,0.0,-0.0004129081438190574,0.5
repeat_2_fold_4,PAF1,0.0,0.0,0.0,0.0,0.0,-0.00015881082454577422,0.5
repeat_2_fold_4,PANK2,0.0,0.0,0.0,0.0,0.0,-1.5986699066383725e-05,0.5
repeat_2_fold_4,PBRM1,-0.02912913094841052,0.05825826189682104,0.02912913094841052,-0.05825826189682104,0.0,-2.3980048599575587e-05,0.5
repeat_2_fold_4,PDE4A,0.0,0.0,0.0,0.0,0.0,0.0,0.0
repeat_2_fold_4,PDGFB,0.020881932097790212,0.02411237823571733,0.012056189117858666,0.008825742979931547,0.5,-0.0002638861512069546,1.0
repeat_2_fold_4,PDK3,0.0,0.0,0.0,0.0,0.0,1.598669906635597e-05,0.5
repeat_2_fold_4,PELO,-0.02160579212442748,0.04321158424885496,0.02160579212442748,-0.04321158424885496,0.0,0.000200837096141826,1.0
repeat_2_fold_4,PER2,0.0,0.0,0.0,0.0,0.0,6.399960457142972e-05,1.0
repeat_2_fold_4,PEX26,-0.13515220873367007,0.27030441746734013,0.13515220873367007,-0.27030441746734013,0.0,-0.0005876000508194257,0.5
repeat_2_fold_4,PFKL,0.0,0.0,0.0,0.0,0.0,0.0,0.0
repeat_2_fold_4,PGM3,0.0,0.0,0.0,0.0,0.0,0.0,0.0
repeat_2_fold_4,PHF20L1,0.0,0.0,0.0,0.0,0.0,3.176216490918815e-05,0.5
repeat_2_fold_4,PIGZ,0.0,0.0,0.0,0.0,0.0,0.0,0.0
repeat_2_fold_4,PIK3CD,0.0,0.0,0.0,0.0,0.0,-0.00018384703926332957,0.5
repeat_2_fold_4,PIK3R1,0.15789697894065213,0.1921715148062549,0.09608575740312746,0.06181122153752468,0.5,-3.869934832434474e-05,1.0
repeat_2_fold_4,PIP,0.0,0.0,0.0,0.0,0.0,0.0,0.0
repeat_2_fold_4,PIP5K1B,0.013676979508662868,0.1976056564374633,0.09880282821873165,-0.08512584871006879,0.25,-6.352432981829303e-05,0.5
repeat_2_fold_4,PIR,0.007914843757257373,0.09000661050926663,0.045003305254633315,-0.03708846149737594,0.5,-0.00027892230076717595,1.0
repeat_2_fold_4,PITRM1,0.0,0.0,0.0,0.0,0.0,-3.970270613642968e-05,0.5
repeat_2_fold_4,PLA2G10,0.0,0.0,0.0,0.0,0.0,0.0005275610691904409,0.5
repeat_2_fold_4,PLA2G15,0.0,0.0,0.0,0.0,0.0,0.0,0.0
repeat_2_fold_4,PLA2G4C,0.018521987352833946,0.03704397470566789,0.018521987352833946,0.0,0.25,-0.00032556219031887323,0.5
repeat_2_fold_4,PLA2G6,0.0,0.0,0.0,0.0,0.0,0.0,0.0
repeat_2_fold_4,PLAT,-0.02160579212442748,0.04321158424885496,0.02160579212442748,-0.04321158424885496,0.0,-0.0003277273308607276,0.5
repeat_2_fold_4,PLCG1,0.0,0.0,0.0,0.0,0.0,0.0,0.0
repeat_2_fold_4,PLEC,0.0,0.0,0.0,0.0,0.0,0.0,0.0
repeat_2_fold_4,PLEK,-0.05500607860928852,0.21169693022860886,0.10584846511430443,-0.16085454372359295,0.5,8.919424420666955e-05,1.0
repeat_2_fold_4,PLOD2,0.0,0.0,0.0,0.0,0.0,0.0,0.0
repeat_2_fold_4,PLPP3,0.0,0.0,0.0,0.0,0.0,-0.0001746919070003683,0.5
repeat_2_fold_4,PNMT,0.0,0.0,0.0,0.0,0.0,-3.996674766593156e-05,0.5
repeat_2_fold_4,PNPLA3,0.0,0.0,0.0,0.0,0.0,8.792684486508273e-05,0.5
repeat_2_fold_4,PNPLA4,0.3009824806957013,0.6818585151017691,0.34092925755088455,-0.03994677685518322,0.25,-0.0008073283028520173,0.5
repeat_2_fold_4,POLDIP3,0.0,0.0,0.0,0.0,0.0,0.0,0.0
repeat_2_fold_4,POLR1D,0.0,0.0,0.0,0.0,0.0,-8.056719500262877e-05,1.0
repeat_2_fold_4,POLR2L,0.0,0.0,0.0,0.0,0.0,7.940541227324793e-06,0.5
repeat_2_fold_4,POP7,0.0,0.0,0.0,0.0,0.0,0.0,0.0
repeat_2_fold_4,PPARGC1A,0.0,0.0,0.0,0.0,0.0,0.00011990024299782243,0.5
repeat_2_fold_4,PPEF1,0.0,0.0,0.0,0.0,0.0,0.0,0.0
repeat_2_fold_4,PPFIBP2,-0.02912913094841052,0.05825826189682104,0.02912913094841052,-0.05825826189682104,0.0,0.0009112418467834837,0.5
repeat_2_fold_4,PPP2R5A,0.0,0.0,0.0,0.0,0.0,0.0,0.0
repeat_2_fold_4,PRDM8,0.0,0.0,0.0,0.0,0.0,0.00019184038879652143,0.5
repeat_2_fold_4,PRDX1,0.0,0.0,0.0,0.0,0.0,-0.0004781223394261236,1.0
repeat_2_fold_4,PREX2,0.0,0.0,0.0,0.0,0.0,0.0,0.0
repeat_2_fold_4,PRIM2,-0.17427177192037213,0.25512137898071285,0.12756068949035643,-0.30183246141072856,0.0,-0.000539956803455699,0.5
repeat_2_fold_4,PRKAR1B,0.0,0.0,0.0,0.0,0.0,0.0,0.0
repeat_2_fold_4,PRKCZ,0.0,0.0,0.0,0.0,0.0,7.940541227297038e-06,0.5
repeat_2_fold_4,PRKX,0.0,0.0,0.0,0.0,0.0,-0.00015881082454577422,0.5
repeat_2_fold_4,PRODH2,0.0,0.0,0.0,0.0,0.0,0.0,0.0
repeat_2_fold_4,PRPF19,0.0,0.0,0.0,0.0,0.0,0.0,0.0
repeat_2_fold_4,PRPF40A,0.0,0.0,0.0,0.0,0.0,0.0,0.0
repeat_2_fold_4,PRSS2,0.0,0.0,0.0,0.0,0.0,-3.986113105414191e-05,1.0
repeat_2_fold_4,PSAT1,0.3009824806957013,0.6818585151017691,0.34092925755088455,-0.03994677685518322,0.25,-7.209857071635573e-05,1.0
repeat_2_fold_4,PSG3,0.0,0.0,0.0,0.0,0.0,8.861335284177096e-05,1.0
repeat_2_fold_4,PSG6,0.0,0.0,0.0,0.0,0.0,0.00043142964156861474,1.0
repeat_2_fold_4,PSMB9,0.0,0.0,0.0,0.0,0.0,0.0,0.0
repeat_2_fold_4,PSMD10,0.016281771590350047,0.032563543180700094,0.016281771590350047,0.0,0.25,-0.00027082333462219443,1.0
repeat_2_fold_4,PSMD5,0.0,0.0,0.0,0.0,0.0,-0.0007146487104560673,0.5
repeat_2_fold_4,PTAFR,0.0,0.0,0.0,0.0,0.0,0.0,0.0
repeat_2_fold_4,PTGDR,0.0,0.0,0.0,0.0,0.0,3.970270613648519e-05,0.5
repeat_2_fold_4,PTGER1,0.0,0.0,0.0,0.0,0.0,0.0009659278941742677,1.0
repeat_2_fold_4,PTGER4,0.0,0.0,0.0,0.0,0.0,7.940541227297038e-06,0.5
repeat_2_fold_4,PTGES,0.0,0.0,0.0,0.0,0.0,7.993349533191862e-06,0.5
repeat_2_fold_4,PTGES2,0.0,0.0,0.0,0.0,0.0,0.0,0.0
repeat_2_fold_4,PTGIS,0.0,0.0,0.0,0.0,0.0,-1.5881082454538564e-05,0.5
repeat_2_fold_4,PTPRK,0.0,0.0,0.0,0.0,0.0,0.0,0.0
repeat_2_fold_4,PTPRO,0.0,0.0,0.0,0.0,0.0,0.0,0.0
repeat_2_fold_4,PYCR1,0.0,0.0,0.0,0.0,0.0,0.0,0.0
repeat_2_fold_4,PYGL,-0.006167609543187069,0.0926711371327153,0.04633556856635765,-0.05250317810954472,0.5,-0.0004380499751483746,1.0
repeat_2_fold_4,RAB1A,0.0,0.0,0.0,0.0,0.0,-0.0005556794609925808,1.0
repeat_2_fold_4,RAB25,0.0,0.0,0.0,0.0,0.0,0.0,0.0
repeat_2_fold_4,RAB27A,0.0,0.0,0.0,0.0,0.0,0.0,0.0
repeat_2_fold_4,RAB31,0.0,0.0,0.0,0.0,0.0,-0.0003357206803938917,0.5
repeat_2_fold_4,RAB38,0.0,0.0,0.0,0.0,0.0,-0.00015187364113056212,0.5
repeat_2_fold_4,RAB3B,0.13046520316255794,0.15064824033156407,0.07532412016578204,0.055141082996775906,0.5,0.00012704865963666934,0.5
repeat_2_fold_4,RAD51,0.057925906803451,0.06688707577205122,0.03344353788602561,0.02448236891742539,0.5,-0.000770232499047091,0.5
repeat_2_fold_4,RAG1,0.0,0.0,0.0,0.0,0.0,0.0,0.0
repeat_2_fold_4,RASA2,0.0,0.0,0.0,0.0,0.0,0.00044762757385855,0.5
repeat_2_fold_4,RBM7,0.0,0.0,0.0,0.0,0.0,-0.0002078270878628774,0.5
repeat_2_fold_4,RCE1,1.4725483887215294,1.7009268149622412,0.8504634074811206,0.6220849812404088,0.5,-0.0013340109261847088,0.5
repeat_2_fold_4,RECK,0.0,0.0,0.0,0.0,0.0,0.00021582043739609702,0.5
repeat_2_fold_4,REPS2,0.11271754233583664,0.1794741282227481,0.08973706411137405,0.022980478224462586,0.5,0.0005469467951768892,1.0
repeat_2_fold_4,RETN,0.0,0.0,0.0,0.0,0.0,0.0,0.0
repeat_2_fold_4,REXO2,0.0,0.0,0.0,0.0,0.0,0.0,0.5
repeat_2_fold_4,RGS11,0.0,0.0,0.0,0.0,0.0,0.0009006608902613067,1.0
repeat_2_fold_4,RGS2,0.0,0.0,0.0,0.0,0.0,8.73459535002119e-05,0.5
repeat_2_fold_4,RHOH,0.0,0.0,0.0,0.0,0.0,2.7755575615628914e-17,0.5
repeat_2_fold_4,RIDA,0.0,0.0,0.0,0.0,0.0,0.0004062350019334027,1.0
repeat_2_fold_4,RIGI,0.0,0.0,0.0,0.0,0.0,0.0,0.0
repeat_2_fold_4,RIPOR2,0.043190995235217855,0.20194928488995145,0.10097464244497573,-0.05778364720975787,0.25,-0.0008655189937745722,0.5
repeat_2_fold_4,RMND5A,0.0,0.0,0.0,0.0,0.0,0.0,0.0
repeat_2_fold_4,RNASE6,0.0,0.0,0.0,0.0,0.0,0.00024636801126962093,1.0
repeat_2_fold_4,RNF40,0.0,0.0,0.0,0.0,0.0,0.0,0.0
repeat_2_fold_4,RNMT,0.0,0.0,0.0,0.0,0.0,0.0,0.0
repeat_2_fold_4,RNPS1,0.0,0.0,0.0,0.0,0.0,-0.0001428241254793905,1.0
repeat_2_fold_4,RORC,0.0,0.0,0.0,0.0,0.0,0.0,0.0
repeat_2_fold_4,RPE,0.0,0.0,0.0,0.0,0.0,-0.00032772733086069983,0.5
repeat_2_fold_4,RPL10,0.0,0.0,0.0,0.0,0.0,0.0,0.0
repeat_2_fold_4,RPL24,0.0,0.0,0.0,0.0,0.0,-0.00010322703595475047,0.5
repeat_2_fold_4,RPL27,0.0,0.0,0.0,0.0,0.0,0.0,0.0
repeat_2_fold_4,RPL36,0.0,0.0,0.0,0.0,0.0,-0.0005081946385465386,0.5
repeat_2_fold_4,RPRD2,0.0,0.0,0.0,0.0,0.0,7.993349533191862e-06,0.5
repeat_2_fold_4,RPS24,-0.14100757148744059,0.18292773319762445,0.09146386659881223,-0.2324714380862528,0.0,-0.00015087028331847718,0.5
repeat_2_fold_4,RPS3,0.0,0.0,0.0,0.0,0.0,0.0,0.0
repeat_2_fold_4,RPS3A,0.020881932097790212,0.02411237823571733,0.012056189117858666,0.008825742979931547,0.5,-0.000222335154364095,0.5
repeat_2_fold_4,RSAD2,0.0,0.0,0.0,0.0,0.0,0.0,0.0
repeat_2_fold_4,RTCB,0.016281771590350047,0.032563543180700094,0.016281771590350047,0.0,0.25,1.588108245462183e-05,0.5
repeat_2_fold_4,RXYLT1,0.0,0.0,0.0,0.0,0.0,-8.734595350018415e-05,0.5
repeat_2_fold_4,S100P,0.0,0.0,0.0,0.0,0.0,0.00017469190700039605,0.5
repeat_2_fold_4,SCN11A,0.1467469747529062,0.17152207543586778,0.08576103771793389,0.06098593703497232,0.5,-0.00015870520793398457,1.0
repeat_2_fold_4,SCN3A,0.0,0.0,0.0,0.0,0.0,0.0,0.0
repeat_2_fold_4,SDK2,0.0,0.0,0.0,0.0,0.0,0.0,0.0
repeat_2_fold_4,SEC31B,0.0,0.0,0.0,0.0,0.0,0.0,0.0
repeat_2_fold_4,SELPLG,0.0,0.0,0.0,0.0,0.0,0.0,0.0
repeat_2_fold_4,SEMA6D,0.0,0.0,0.0,0.0,0.0,1.5986699066383725e-05,0.5
repeat_2_fold_4,SEPTIN2,-0.150308315211781,0.22960550008620748,0.11480275004310374,-0.26511106525488476,0.0,0.0002631468349244548,1.0
repeat_2_fold_4,SERPINA4,0.0,0.0,0.0,0.0,0.0,3.996674766595931e-05,0.5
repeat_2_fold_4,SERPINA6,0.0,0.0,0.0,0.0,0.0,-0.00023980048599564485,0.5
repeat_2_fold_4,SERPINC1,0.0,0.0,0.0,0.0,0.0,0.0,0.0
repeat_2_fold_4,SFTPB,-0.18410010662991283,0.21258049224123796,0.10629024612061898,-0.2903903527505318,0.0,0.000751374856119702,0.5
repeat_2_fold_4,SH2B2,0.0,0.0,0.0,0.0,0.0,0.0,0.0
repeat_2_fold_4,SIRPA,0.6602232232882237,0.7623601113813967,0.38118005569069835,0.27904316759752534,0.5,0.0003277273308607276,0.5
repeat_2_fold_4,SKA1,0.08290832739729481,0.09573429028177957,0.047867145140889786,0.035041182256405026,0.5,0.00040496760259181586,0.5
repeat_2_fold_4,SLC10A2,0.0,0.0,0.0,0.0,0.0,-0.00019184038879652143,0.5
repeat_2_fold_4,SLC12A2,0.0,0.0,0.0,0.0,0.0,0.0,0.0
repeat_2_fold_4,SLC15A3,0.0,0.0,0.0,0.0,0.0,0.0,0.0
repeat_2_fold_4,SLC16A3,0.0,0.0,0.0,0.0,0.0,-1.584249176844743e-07,1.0
repeat_2_fold_4,SLC24A2,0.0,0.0,0.0,0.0,0.0,0.0,0.0
repeat_2_fold_4,SLC25A1,0.0,0.0,0.0,0.0,0.0,0.0,0.0
repeat_2_fold_4,SLC25A16,0.0,0.0,0.0,0.0,0.0,0.0,0.0
repeat_2_fold_4,SLC25A21,-0.02912913094841052,0.05825826189682104,0.02912913094841052,-0.05825826189682104,0.0,0.00011190689346465832,0.5
repeat_2_fold_4,SLC25A22,0.0,0.0,0.0,0.0,0.0,0.0,0.0
repeat_2_fold_4,SLC2A1,-0.12614944295214947,0.16317593427812013,0.08158796713906007,-0.20773741009120955,0.0,7.940541227324793e-06,0.5
repeat_2_fold_4,SLC33A1,0.0,0.0,0.0,0.0,0.0,9.528649472748119e-05,0.5
repeat_2_fold_4,SLC38A1,0.0,0.0,0.0,0.0,0.0,0.0,0.0
repeat_2_fold_4,SLC39A6,0.0,0.0,0.0,0.0,0.0,0.0,0.0
repeat_2_fold_4,SLC47A1,0.0,0.0,0.0,0.0,0.0,0.0,0.0
repeat_2_fold_4,SLC52A2,0.0,0.0,0.0,0.0,0.0,-0.00048759432152448157,0.5
repeat_2_fold_4,SLC5A7,0.0,0.0,0.0,0.0,0.0,0.0,0.0
repeat_2_fold_4,SLC6A12,0.0,0.0,0.0,0.0,0.0,0.0,0.0
repeat_2_fold_4,SLC7A5,-0.038323377936409386,0.07664675587281877,0.038323377936409386,-0.07664675587281877,0.0,-3.1234081850156636e-05,1.0
repeat_2_fold_4,SLC9A1,0.0,0.0,0.0,0.0,0.0,-0.00022381378692926113,0.5
repeat_2_fold_4,SLC9A5,0.0,0.0,0.0,0.0,0.0,0.0,0.0
repeat_2_fold_4,SMG1,0.0,0.0,0.0,0.0,0.0,0.0,0.0
repeat_2_fold_4,SMPD4,0.0,0.0,0.0,0.0,0.0,0.0,0.0
repeat_2_fold_4,SNRPG,0.0,0.0,0.0,0.0,0.0,0.0,0.0
repeat_2_fold_4,SOCS5,0.0,0.0,0.0,0.0,0.0,-0.0002858594841824158,0.5
repeat_2_fold_4,SOX1,0.0,0.0,0.0,0.0,0.0,5.595344673231528e-05,0.5
repeat_2_fold_4,SPATA2,0.0,0.0,0.0,0.0,0.0,6.352432981834855e-05,0.5
repeat_2_fold_4,SPDL1,0.0,0.0,0.0,0.0,0.0,7.940541227324793e-06,0.5
repeat_2_fold_4,SPPL2B,-0.02912913094841052,0.05825826189682104,0.02912913094841052,-0.05825826189682104,0.0,0.00022381378692926113,0.5
repeat_2_fold_4,SPTB,0.0,0.0,0.0,0.0,0.0,0.0,0.0
repeat_2_fold_4,SPTSSA,0.0,0.0,0.0,0.0,0.0,7.993349533191862e-06,0.5
repeat_2_fold_4,SRSF7,0.0,0.0,0.0,0.0,0.0,0.0,0.0
repeat_2_fold_4,SSR1,0.0,0.0,0.0,0.0,0.0,-0.0003597007289934673,0.5
repeat_2_fold_4,ST8SIA2,0.0,0.0,0.0,0.0,0.0,0.0,0.0
repeat_2_fold_4,STARD13,0.0,0.0,0.0,0.0,0.0,0.0,0.0
repeat_2_fold_4,STK3,0.0,0.0,0.0,0.0,0.0,0.0,0.0
repeat_2_fold_4,STK4,0.0,0.0,0.0,0.0,0.0,0.0,0.0
repeat_2_fold_4,SUGP1,0.0,0.0,0.0,0.0,0.0,0.0,0.0
repeat_2_fold_4,SUMO1,0.0,0.0,0.0,0.0,0.0,7.940541227297038e-06,0.5
repeat_2_fold_4,SUN2,0.0,0.0,0.0,0.0,0.0,-0.00036769407852665914,0.5
repeat_2_fold_4,SWAP70,0.0,0.0,0.0,0.0,0.0,5.595344673231528e-05,0.5
repeat_2_fold_4,SYNE1,0.15277660856022024,0.17804414928136195,0.08902207464068097,0.06375453391953927,0.5,-0.0012069622665480673,0.5
repeat_2_fold_4,SYNJ1,-0.02912913094841052,0.05825826189682104,0.02912913094841052,-0.05825826189682104,0.0,0.00028744373335945483,1.0
repeat_2_fold_4,SYTL2,0.0,0.0,0.0,0.0,0.0,-7.940541227288711e-05,0.5
repeat_2_fold_4,TAC3,0.0,0.0,0.0,0.0,0.0,0.0,0.0
repeat_2_fold_4,TACO1,0.0,0.0,0.0,0.0,0.0,0.0,0.0
repeat_2_fold_4,TAF2,0.0,0.0,0.0,0.0,0.0,-2.3821623681835602e-05,0.5
repeat_2_fold_4,TAF4,0.24778046420855127,0.6606025594617929,0.33030127973089646,-0.08252081552234519,0.25,-8.76628033355531e-05,1.0
repeat_2_fold_4,TAL1,0.0,0.0,0.0,0.0,0.0,0.00011116757718207526,0.5
repeat_2_fold_4,TANK,0.0,0.0,0.0,0.0,0.0,0.0,0.0
repeat_2_fold_4,TARBP2,0.0,0.0,0.0,0.0,0.0,0.0,0.0
repeat_2_fold_4,TBCC,0.0,0.0,0.0,0.0,0.0,0.0,0.0
repeat_2_fold_4,TBL1X,0.0,0.0,0.0,0.0,0.0,0.0,0.0
repeat_2_fold_4,TBL1XR1,-0.03960278116715443,0.04572935273502891,0.022864676367514453,-0.06246745753466888,0.0,0.0002689750439158478,1.0
repeat_2_fold_4,TCTN1,0.0,0.0,0.0,0.0,0.0,2.3821623681891113e-05,0.5
repeat_2_fold_4,TFG,0.05929708194539174,0.3187237383418123,0.15936186917090614,-0.1000647872255144,0.5,-1.704286518433573e-05,1.0
repeat_2_fold_4,TGFB2,0.0,0.0,0.0,0.0,0.0,0.0,0.0
repeat_2_fold_4,TGFBR1,0.0,0.0,0.0,0.0,0.0,0.0,0.0
repeat_2_fold_4,TGFBR3,-0.06295337298261217,0.12590674596522433,0.06295337298261217,-0.12590674596522433,0.0,0.0005717189683649149,0.5
repeat_2_fold_4,THBS2,0.0,0.0,0.0,0.0,0.0,0.0001278935925310143,0.5
repeat_2_fold_4,TIMP1,-0.18410010662991283,0.21258049224123796,0.10629024612061898,-0.2903903527505318,0.0,6.405241287732455e-05,1.0
repeat_2_fold_4,TIMP2,0.0,0.0,0.0,0.0,0.0,-0.0003517073794602754,0.5
repeat_2_fold_4,TK2,0.0,0.0,0.0,0.0,0.0,-0.00016759629866744397,1.0
repeat_2_fold_4,TLE4,0.0,0.0,0.0,0.0,0.0,0.0,0.0
repeat_2_fold_4,TLR2,0.0,0.0,0.0,0.0,0.0,0.0,0.0
repeat_2_fold_4,TLR3,0.0,0.0,0.0,0.0,0.0,0.0,0.0
repeat_2_fold_4,TMED3,0.0,0.0,0.0,0.0,0.0,0.0,0.0
repeat_2_fold_4,TMOD1,0.0,0.0,0.0,0.0,0.0,0.0,0.0
repeat_2_fold_4,TMT1A,0.0,0.0,0.0,0.0,0.0,0.0,0.0
repeat_2_fold_4,TNFAIP8,0.0,0.0,0.0,0.0,0.0,2.3821623681891113e-05,0.5
repeat_2_fold_4,TNFRSF6B,0.0,0.0,0.0,0.0,0.0,7.993349533191862e-06,0.5
repeat_2_fold_4,TNFRSF8,0.010440966048895106,0.020881932097790212,0.010440966048895106,0.0,0.25,0.0003113709736530801,1.0
repeat_2_fold_4,TNFSF11,0.0,0.0,0.0,0.0,0.0,-4.0230789195433436e-05,1.0
repeat_2_fold_4,TOLLIP,0.0,0.0,0.0,0.0,0.0,0.0,0.0
repeat_2_fold_4,TOMM7,0.0,0.0,0.0,0.0,0.0,0.00012704865963664158,0.5
repeat_2_fold_4,TOR4A,0.0,0.0,0.0,0.0,0.0,0.0003652648964553862,0.5
repeat_2_fold_4,TP53I3,-0.09205005331495641,0.18410010662991283,0.09205005331495641,-0.18410010662991283,0.0,0.0007114081084537704,0.5
repeat_2_fold_4,TRAT1,-0.09205005331495641,0.18410010662991283,0.09205005331495641,-0.18410010662991283,0.0,0.00026594567513710254,1.0
repeat_2_fold_4,TREML2,0.0,0.0,0.0,0.0,0.0,0.0,0.0
repeat_2_fold_4,TRIB3,0.0,0.0,0.0,0.0,0.0,7.1940145798699e-05,0.5
repeat_2_fold_4,TRIM2,0.0,0.0,0.0,0.0,0.0,-0.00015087028331850494,0.5
repeat_2_fold_4,TRIM26,0.0,0.0,0.0,0.0,0.0,0.0,0.0
repeat_2_fold_4,TRIM9,-0.05825826189682104,0.06727084637729869,0.033635423188649344,-0.09189368508547038,0.0,-8.792684486508273e-05,0.5
repeat_2_fold_4,TRIP10,0.010440966048895106,0.020881932097790212,0.010440966048895106,0.0,0.25,-0.00011894969349163231,1.0
repeat_2_fold_4,TRMU,0.0,0.0,0.0,0.0,0.0,0.0,0.0
repeat_2_fold_4,TRRAP,-0.09603264554696622,0.19206529109393244,0.09603264554696622,-0.19206529109393244,0.0,4.764324736375447e-05,0.5
repeat_2_fold_4,TSFM,0.0,0.0,0.0,0.0,0.0,-0.00015881082454577422,0.5
repeat_2_fold_4,TSR1,0.0,0.0,0.0,0.0,0.0,0.0,0.0
repeat_2_fold_4,TST,0.0,0.0,0.0,0.0,0.0,0.0,0.0
repeat_2_fold_4,TTLL12,0.0,0.0,0.0,0.0,0.0,-7.940541227285935e-05,0.5
repeat_2_fold_4,TTN,0.6811051553860139,0.7382477331456794,0.3691238665728397,0.3119812888131742,1.0,5.611187165005527e-05,1.0
repeat_2_fold_4,TUBA1B,0.11233828058667505,0.19781613228117076,0.09890806614058538,0.013430214446089675,0.5,-0.0006511243806377742,0.5
repeat_2_fold_4,TUBG2,0.0,0.0,0.0,0.0,0.0,0.0,0.0
repeat_2_fold_4,TUBGCP2,0.0,0.0,0.0,0.0,0.0,0.0,0.0
repeat_2_fold_4,TXNRD1,0.0,0.0,0.0,0.0,0.0,8.73459535002119e-05,0.5
repeat_2_fold_4,UBE2D4,-0.07823912637340413,0.09034276134569205,0.045171380672846026,-0.12341050704625016,0.0,-0.0003176216490915762,0.5
repeat_2_fold_4,UBE3C,0.0,0.0,0.0,0.0,0.0,0.0,0.0
repeat_2_fold_4,UBN1,0.6602232232882237,0.7623601113813967,0.38118005569069835,0.27904316759752534,0.5,0.0001758536897301377,0.5
repeat_2_fold_4,UBOX5,0.0,0.0,0.0,0.0,0.0,3.970270613645743e-05,0.5
repeat_2_fold_4,UCHL1,0.016281771590350047,0.032563543180700094,0.016281771590350047,0.0,0.25,0.00026203786050060796,0.5
repeat_2_fold_4,UCHL3,0.29735761331161825,0.4289814660882265,0.21449073304411326,0.082866880267505,0.5,-3.176216490913264e-05,0.5
repeat_2_fold_4,UCKL1,0.0,0.0,0.0,0.0,0.0,0.0,0.0
repeat_2_fold_4,UFD1,0.0,0.0,0.0,0.0,0.0,0.0,0.0
repeat_2_fold_4,UGCG,0.0,0.0,0.0,0.0,0.0,0.0,0.0
repeat_2_fold_4,UNC13B,-0.10501237419454057,0.16509487007554519,0.08254743503777259,-0.18755980923231316,0.0,0.0015584919257481955,1.0
repeat_2_fold_4,UPP1,0.0,0.0,0.0,0.0,0.0,7.993349533186311e-05,0.5
repeat_2_fold_4,USP16,0.0,0.0,0.0,0.0,0.0,0.0,0.0
repeat_2_fold_4,UTP11,0.0,0.0,0.0,0.0,0.0,0.0,0.0
repeat_2_fold_4,UTP6,-0.18808269886192264,0.21727654787684014,0.10863827393842007,-0.2967209728003427,0.0,-0.0001599197989696488,1.0
repeat_2_fold_4,UTS2,0.0,0.0,0.0,0.0,0.0,0.0,0.0
repeat_2_fold_4,VCAM1,0.0,0.0,0.0,0.0,0.0,0.0,0.0
repeat_2_fold_4,VDAC2,0.13046520316255794,0.15064824033156407,0.07532412016578204,0.055141082996775906,0.5,-8.574240898034935e-06,1.0
repeat_2_fold_4,VPS11,0.0,0.0,0.0,0.0,0.0,-7.940541227288711e-05,0.5
repeat_2_fold_4,VWA1,0.0,0.0,0.0,0.0,0.0,0.0,0.0
repeat_2_fold_4,WDR1,0.0,0.0,0.0,0.0,0.0,0.0,0.0
repeat_2_fold_4,WDR12,0.06523260158127897,0.13046520316255794,0.06523260158127897,0.0,0.25,0.0007661997724563718,1.0
repeat_2_fold_4,WDR19,0.0,0.0,0.0,0.0,0.0,0.0,0.0
repeat_2_fold_4,WLS,-0.02912913094841052,0.05825826189682104,0.02912913094841052,-0.05825826189682104,0.0,0.0002477938355288367,0.5
repeat_2_fold_4,WNT16,-0.09603264554696622,0.19206529109393244,0.09603264554696622,-0.19206529109393244,0.0,0.0004375218920894264,1.0
repeat_2_fold_4,WT1,0.0,0.0,0.0,0.0,0.0,-6.394679626550714e-05,0.5
repeat_2_fold_4,XCL2,-0.036163499626233886,0.07232699925246777,0.036163499626233886,-0.07232699925246777,0.0,-0.0010005081946385386,0.5
repeat_2_fold_4,XPO1,0.0,0.0,0.0,0.0,0.0,0.0,0.0
repeat_2_fold_4,ZC3H3,-0.038106738743517,0.1628768924030901,0.08143844620154506,-0.11954518494506206,0.25,-0.0006352432981831801,0.5
repeat_2_fold_4,ZEB1,0.035798208119899755,0.14788409794153912,0.07394204897076956,-0.038143840850869803,0.25,-0.0010481514420022375,0.5
repeat_2_fold_4,ZMYM2,0.0,0.0,0.0,0.0,0.0,0.0,0.0
repeat_2_fold_4,ZNF143,0.0,0.0,0.0,0.0,0.0,-0.0006295207058036323,1.0
repeat_2_fold_4,ZNF189,0.0,0.0,0.0,0.0,0.0,0.0,0.0
repeat_2_fold_4,ZNF254,0.0,0.0,0.0,0.0,0.0,0.00020782708786290516,0.5
repeat_2_fold_4,ZNF266,0.0,0.0,0.0,0.0,0.0,-0.0001278935925310143,0.5
repeat_2_fold_4,ZNF267,0.0,0.0,0.0,0.0,0.0,0.0,0.0
repeat_2_fold_4,ZNF3,-0.05825826189682104,0.06727084637729869,0.033635423188649344,-0.09189368508547038,0.0,-0.00044583209145795943,1.0
repeat_2_fold_4,ZNF350,0.0,0.0,0.0,0.0,0.0,-0.00016675136577307126,0.5
repeat_2_fold_4,ZNF415,0.0,0.0,0.0,0.0,0.0,0.0,0.0
repeat_2_fold_4,ZNF443,-0.02912913094841052,0.05825826189682104,0.02912913094841052,-0.05825826189682104,0.0,7.1940145798699e-05,0.5
repeat_2_fold_4,ZNF45,0.0,0.0,0.0,0.0,0.0,0.0,0.0
repeat_2_fold_4,ZNF468,0.0,0.0,0.0,0.0,0.0,0.0,0.0
repeat_2_fold_4,ZNF480,0.0,0.0,0.0,0.0,0.0,-0.00022339132048207477,1.0
repeat_2_fold_4,ZNF550,0.0,0.0,0.0,0.0,0.0,0.0,0.0
repeat_2_fold_4,ZNF669,0.0,0.0,0.0,0.0,0.0,0.0,0.0
repeat_2_fold_4,ZNF675,0.0,0.0,0.0,0.0,0.0,0.0,0.0
repeat_2_fold_4,ZNF74,0.0,0.0,0.0,0.0,0.0,0.0,0.0
repeat_2_fold_4,ZRSR2,0.0,0.0,0.0,0.0,0.0,-0.00031174063179434386,0.5
full_development,A1CF,0.01914874160212321,0.03829748320424642,0.01914874160212321,0.0,0.25,0.0002974499218638682,0.5
full_development,A2M,0.0,0.0,0.0,0.0,0.0,0.0,0.0
full_development,A4GALT,0.0,0.0,0.0,0.0,0.0,8.925383791491548e-06,0.5
full_development,A4GNT,0.17138040630861617,0.34276081261723235,0.17138040630861617,0.0,0.25,5.3274612871134774e-05,0.5
full_development,AAAS,-0.020971561575095166,0.04194312315019033,0.020971561575095166,-0.04194312315019033,0.0,-0.00025305441113795957,0.5
full_development,AACS,0.0,0.0,0.0,0.0,0.0,0.0,0.0
full_development,AADAC,-0.26159816801956914,0.5451661024555842,0.2725830512277921,-0.5341812192473612,0.25,-4.462691895751325e-05,0.5
full_development,AAK1,0.03011358722577917,0.040407346905406545,0.020203673452703273,0.009909913773075898,0.5,-0.0002811495894323446,0.5
full_development,AAMP,0.0,0.0,0.0,0.0,0.0,0.0,0.0
full_development,AANAT,0.0,0.0,0.0,0.0,0.0,-2.2313459478756625e-05,0.5
full_development,AARS1,0.0,0.0,0.0,0.0,0.0,0.0,0.0
full_development,AASDHPPT,-0.44297366480522093,0.5148891909869082,0.2574445954934541,-0.700418260298675,0.0,7.14030703320434e-05,0.5
full_development,AATF,-0.028120571163645636,0.041802786304306616,0.020901393152153308,-0.049021964315798944,0.0,-0.00026329882184933373,0.5
full_development,ABCA12,0.0,0.0,0.0,0.0,0.0,0.0,0.0
full_development,ABCA2,0.15524962884861537,0.35482077228604475,0.17741038614302237,-0.022160757294407002,0.25,-8.881416227510264e-05,1.0
full_development,ABCA3,0.0,0.0,0.0,0.0,0.0,0.0,0.0
full_development,ABCA4,0.0,0.0,0.0,0.0,0.0,0.0,0.0
full_development,ABCA5,0.16014537804495887,0.474981747745265,0.2374908738726325,-0.07734549582767364,0.25,-0.0008237467348615746,1.0
full_development,ABCA6,0.0,0.0,0.0,0.0,0.0,-0.0003614780435558518,0.5
full_development,ABCA7,-0.0218454806130719,0.08290341726491376,0.04145170863245688,-0.06329718924552878,0.25,-8.879102145226136e-06,0.5
full_development,ABCA8,0.0,0.0,0.0,0.0,0.0,0.0,0.0
full_development,ABCB1,0.0,0.0,0.0,0.0,0.0,0.0,0.0
full_development,ABCB11,-0.020347815054748253,0.13773208756855992,0.06886604378427996,-0.08921385883902822,0.25,-7.586576222778918e-05,0.5
full_development,ABCB6,0.0,0.0,0.0,0.0,0.0,0.0,0.0
full_development,ABCB7,0.0,0.0,0.0,0.0,0.0,0.00010710460549806511,0.5
full_development,ABCB8,0.0,0.0,0.0,0.0,0.0,6.24776865405241e-05,0.5
full_development,ABCB9,0.0,0.0,0.0,0.0,0.0,0.0,0.0
full_development,ABCC1,0.0,0.0,0.0,0.0,0.0,4.9089610853259025e-05,0.5
full_development,ABCC10,0.0,0.0,0.0,0.0,0.0,0.0,0.0
full_development,ABCC2,0.004282055522304873,0.03646073388998786,0.01823036694499393,-0.013948311422689059,0.25,-0.00013834344876828553,0.5
full_development,ABCC3,0.0,0.0,0.0,0.0,0.0,0.0,0.0
full_development,ABCC4,0.0,0.0,0.0,0.0,0.0,0.0,0.0
full_development,ABCC6,-0.27133743117316556,0.7624668394581852,0.3812334197290926,-0.6525708509022581,0.25,3.2362282684494925e-06,1.0
full_development,ABCC8,0.13427720495157836,0.31305342192644847,0.15652671096322424,-0.02224950601164588,0.25,-0.00018646114504902722,0.5
full_development,ABCD1,0.0,0.0,0.0,0.0,0.0,-7.547236823415848e-05,0.5
full_development,ABCD2,-0.4550838474019159,0.5822250799024097,0.29111253995120484,-0.7461963873531208,0.25,3.123884327024817e-05,1.0
full_development,ABCD3,0.0,0.0,0.0,0.0,0.0,0.0,0.0
full_development,ABCD4,0.0,0.0,0.0,0.0,0.0,0.0,0.0
full_development,ABCE1,-0.20343312248125223,0.5077382966526027,0.25386914832630136,-0.4573022708075536,0.25,0.00016488819191123882,1.0
full_development,ABCF1,-0.505294545991184,0.5246756145134848,0.2623378072567424,-0.7676323532479263,0.0,-0.00012088607517896088,1.0
full_development,ABCF2,0.0,0.0,0.0,0.0,0.0,-1.3318653217797571e-05,0.5
full_development,ABCG1,0.0,0.0,0.0,0.0,0.0,-2.6637306435595143e-05,0.5
full_development,ABCG2,0.0,0.0,0.0,0.0,0.0,0.0,0.0
full_development,ABCG4,0.0,0.0,0.0,0.0,0.0,0.0,0.0
full_development,ABCG5,0.0,0.0,0.0,0.0,0.0,-4.462691895745774e-06,0.5
full_development,ABHD10,0.0,0.0,0.0,0.0,0.0,0.0,0.0
full_development,ABHD17A,0.026403344333665757,0.03048795591709661,0.015243977958548306,0.011159366375117451,0.5,-1.785076758301085e-05,0.5
full_development,ABHD17B,0.384042607827503,0.44345420601898944,0.22172710300949472,0.16231550481800827,0.5,-0.00014206563432309083,0.5
full_development,ABHD3,0.0,0.0,0.0,0.0,0.0,0.00028413126864607063,0.5
full_development,ABHD4,0.13881739409886507,0.16029251970236422,0.08014625985118211,0.05867113424768296,0.5,4.462691895751325e-05,0.5
full_development,ABHD5,0.0,0.0,0.0,0.0,0.0,-8.925383791491548e-06,0.5
full_development,ABHD6,0.0,0.0,0.0,0.0,0.0,0.0,0.0
full_development,ABI1,0.17138040630861617,0.34276081261723235,0.17138040630861617,0.0,0.25,-0.00023529620684759056,0.5
full_development,ABI2,0.0,0.0,0.0,0.0,0.0,-0.00026329882184933373,0.5
full_development,ABL1,0.0,0.0,0.0,0.0,0.0,0.0,0.0
full_development,ABL2,-0.06027557734778988,0.07086350729250013,0.035431753646250064,-0.09570733099403994,0.0,0.0007229560871117591,0.5
full_development,ABLIM1,0.11325413495136694,0.13145129064064606,0.06572564532032303,0.047528489631043905,0.5,-9.371652981077228e-05,0.5
full_development,ABLIM3,0.3094965984054294,0.3614805855898563,0.18074029279492815,0.12875630561050128,0.5,0.00011142845245482036,1.0
full_development,ABR,0.0,0.0,0.0,0.0,0.0,0.00016511960014281568,0.5
full_development,ACAA1,0.023631048888828943,0.048243541686363564,0.024121770843181782,-0.0004907219543528393,0.25,-0.0001022253787855143,1.0
full_development,ACAA2,0.015582497699218933,0.031164995398437867,0.015582497699218933,0.0,0.25,0.00013388075687253975,0.5
full_development,ACACA,0.0,0.0,0.0,0.0,0.0,0.0,0.0
full_development,ACACB,-0.09283029221533212,0.1160083259337995,0.05800416296689975,-0.15083445518223187,0.25,-0.0008504303229434351,1.0
full_development,ACAD10,0.0,0.0,0.0,0.0,0.0,-6.694037843626988e-05,0.5
full_development,ACAD8,-0.298483939832467,0.3772657595659123,0.18863287978295615,-0.4871168196154232,0.0,-0.00022759728668333978,0.5
full_development,ACADL,-0.3507918211468226,0.5876434734248515,0.29382173671242573,-0.6446135578592483,0.0,-0.0001606569082470699,0.5
full_development,ACADM,-0.20091234572838168,0.5027427300853129,0.25137136504265645,-0.4522837107710381,0.25,0.0003428867696318172,1.0
full_development,ACADS,0.3953859034224845,0.46061563598517796,0.23030781799258898,0.1650780854298955,0.5,-0.0002486148600653604,0.5
full_development,ACAN,0.0,0.0,0.0,0.0,0.0,-0.0002766868975365988,0.5
full_development,ACAT1,0.0,0.0,0.0,0.0,0.0,0.0,0.0
full_development,ACAT2,0.0,0.0,0.0,0.0,0.0,-8.879102145198381e-06,0.5
full_development,ACBD3,0.22243608085881483,0.436840951078063,0.2184204755390315,0.004015605319783344,0.5,8.479114601925297e-05,1.0
full_development,ACBD4,0.0,0.0,0.0,0.0,0.0,0.0,0.0
full_development,ACD,-0.02436342560321414,0.04872685120642828,0.02436342560321414,-0.04872685120642828,0.0,-2.7755575615628914e-17,0.5
full_development,ACE,0.0,0.0,0.0,0.0,0.0,0.0,0.0
full_development,ACE2,0.0,0.0,0.0,0.0,0.0,0.0,0.0
full_development,ACHE,-0.051727430816610465,0.10345486163322093,0.051727430816610465,-0.10345486163322093,0.0,-0.00015700414516178762,1.0
full_development,ACIN1,0.193759753694982,0.4498801627757668,0.2249400813878834,-0.03118032769290141,0.25,-0.0005256257291261501,1.0
full_development,ACKR2,0.0,0.0,0.0,0.0,0.0,-7.586576222776142e-05,0.5
full_development,ACKR3,0.0,0.0,0.0,0.0,0.0,0.00014726883255980483,0.5
full_development,ACKR4,0.09552737459784488,0.11038229283378494,0.05519114641689247,0.040336228180952415,0.5,0.0003704034273473711,0.5
full_development,ACO1,0.0,0.0,0.0,0.0,0.0,0.0,0.0
full_development,ACO2,-0.04194312315019033,0.04843174688283202,0.02421587344141601,-0.06615899659160634,0.0,-0.0001913403717616058,1.0
full_development,ACOT11,-0.38733300999605724,0.8356023497480164,0.4178011748740082,-0.8051341848700655,0.25,0.00017346646335539284,1.0
full_development,ACOT13,0.011342534684908756,0.022685069369817516,0.011342534684908758,-1.734723475976807e-18,0.25,-0.00031685112459833853,0.5
full_development,ACOT2,0.0,0.0,0.0,0.0,0.0,0.00020421934933936847,0.5
full_development,ACOT7,-0.07420640271407208,0.0856861731651266,0.0428430865825633,-0.11704948929663539,0.0,-1.7758204290396762e-05,0.5
full_development,ACOT8,0.43276945903393127,0.49971912734057783,0.24985956367028891,0.18290989536364236,0.5,-7.991191930675767e-05,0.5
full_development,ACOT9,0.007671671539400293,0.05191961998551047,0.025959809992755236,-0.018288138453354943,0.25,-0.00023205997857908556,0.5
full_development,ACOX1,0.0,0.0,0.0,0.0,0.0,0.0,0.0
full_development,ACOX2,0.0,0.0,0.0,0.0,0.0,0.0,0.0
full_development,ACOX3,0.0,0.0,0.0,0.0,0.0,-4.4025257555480035e-05,1.0
full_development,ACOXL,0.09171464948940589,0.10603061625755829,0.053015308128779144,0.03869934136062674,0.5,-0.00014726883255980483,0.5
full_development,ACP3,0.0,0.0,0.0,0.0,0.0,0.0,0.0
full_development,ACP5,0.0,0.0,0.0,0.0,0.0,-0.00016426338968605902,0.5
full_development,ACP6,0.0,0.0,0.0,0.0,0.0,2.67761513745024e-05,0.5
full_development,ACR,0.0,0.0,0.0,0.0,0.0,0.0,0.0
full_development,ACSBG1,0.0,0.0,0.0,0.0,0.0,0.0,0.0
full_development,ACSBG2,0.0,0.0,0.0,0.0,0.0,0.0,0.0
full_development,ACSF2,0.0,0.0,0.0,0.0,0.0,-0.00010710460549803735,0.5
full_development,ACSL1,0.0,0.0,0.0,0.0,0.0,0.0,0.0
full_development,ACSL3,0.0,0.0,0.0,0.0,0.0,0.0,0.0
full_development,ACSL4,0.17049030172048418,0.3640301779411032,0.1820150889705516,-0.01152478725006742,0.25,0.00012430743003263856,0.5
full_development,ACSL5,0.14114893060609468,0.2986161957230402,0.1493080978615201,-0.008159167255425426,0.5,-0.00024440671722433804,1.0
full_development,ACSL6,0.0,0.0,0.0,0.0,0.0,0.0001600783876681,1.0
full_development,ACSM1,0.0,0.0,0.0,0.0,0.0,0.0,0.0
full_development,ACSM2A,0.0,0.0,0.0,0.0,0.0,0.0,0.0
full_development,ACSM3,0.0,0.0,0.0,0.0,0.0,-9.371652981077228e-05,0.5
full_development,ACSM5,0.0,0.0,0.0,0.0,0.0,0.0,0.0
full_development,ACSS3,-0.564657303005772,0.6719522050927963,0.33597610254639815,-0.9006334055521701,0.0,-0.0005444484112816783,0.5
full_development,ACTA1,-0.0014153463742694328,0.05763579705436473,0.028817898527182365,-0.030233244901451798,0.25,-0.000643734905526383,0.5
full_development,ACTA2,0.0,0.0,0.0,0.0,0.0,0.0002841312686460984,0.5
full_development,ACTB,-0.05242692268649307,0.060537395851660944,0.030268697925830472,-0.08269562061232355,0.0,6.21537150163054e-05,0.5
full_development,ACTC1,0.0,0.0,0.0,0.0,0.0,0.0,0.0
full_development,ACTG1,0.1905291479107376,0.3810582958214752,0.1905291479107376,0.0,0.25,-0.0002574939622105865,0.5
full_development,ACTG2,-0.00036618835719259835,0.0789737637138464,0.0394868818569232,-0.0398530702141158,0.25,-0.00011542832788749569,0.5
full_development,ACTL6B,0.015582497699218933,0.031164995398437867,0.015582497699218933,0.0,0.25,-8.92538379150265e-05,0.5
full_development,ACTN1,0.0,0.0,0.0,0.0,0.0,0.0,0.0
full_development,ACTN2,0.0,0.0,0.0,0.0,0.0,5.327461287110702e-05,0.5
full_development,ACTN3,-0.06815658449343864,0.08958877251828072,0.04479438625914036,-0.11295097075257901,0.0,-0.00047059241369515337,0.5
full_development,ACTN4,0.0,0.0,0.0,0.0,0.0,0.0,0.0
full_development,ACTR10,0.0,0.0,0.0,0.0,0.0,0.0,0.0
full_development,ACTR1A,0.0,0.0,0.0,0.0,0.0,3.123884327024817e-05,0.5
full_development,ACTR1B,-0.023187785672321937,0.11928398455562665,0.059641992277813326,-0.08282977795013527,0.25,-3.5516408580793524e-05,0.5
full_development,ACTR2,0.0,0.0,0.0,0.0,0.0,4.462691895745774e-06,0.5
full_development,ACTR3,0.0,0.0,0.0,0.0,0.0,-8.879102145198381e-06,0.5
full_development,ACTR5,0.0,0.0,0.0,0.0,0.0,0.0,0.0
full_development,ACTR8,0.21937488080065748,0.3774790513557261,0.18873952567786306,0.030635355122794417,0.5,0.0003238558200678865,1.0
full_development,ACVR1B,-0.3503454706550233,0.40859932602356713,0.20429966301178357,-0.5546451336668069,0.0,-0.0003168511245983663,0.5
full_development,ACVR2A,0.0,0.0,0.0,0.0,0.0,0.0,0.0
full_development,ACVR2B,0.0,0.0,0.0,0.0,0.0,0.0002218849903371234,1.0
full_development,ACVRL1,0.0,0.0,0.0,0.0,0.0,0.0,0.0
full_development,ACY1,-0.03021490081466638,0.06042980162933276,0.03021490081466638,-0.06042980162933276,0.0,-0.00019635844341306385,0.5
full_development,ADA,0.0,0.0,0.0,0.0,0.0,0.0,0.0
full_development,ADA2,0.0,0.0,0.0,0.0,0.0,-4.439551072626946e-06,0.5
full_development,ADAM11,0.0,0.0,0.0,0.0,0.0,-1.7758204290396762e-05,0.5
full_development,ADAM12,0.0,0.0,0.0,0.0,0.0,0.0,0.0
full_development,ADAM17,-0.12435145952597715,0.24907203503408376,0.12453601751704188,-0.24888747704301903,0.25,0.0008917978728092968,1.0
full_development,ADAM19,0.0,0.0,0.0,0.0,0.0,0.0,0.0
full_development,ADAM2,0.0,0.0,0.0,0.0,0.0,-0.00014650518539566226,0.5
full_development,ADAM20,0.0,0.0,0.0,0.0,0.0,0.0,0.0
full_development,ADAM21,0.0,0.0,0.0,0.0,0.0,-2.67761513745024e-05,0.5
full_development,ADAM22,0.0,0.0,0.0,0.0,0.0,4.462691895745774e-06,0.5
full_development,ADAM23,0.013201672166832878,0.026403344333665757,0.013201672166832878,0.0,0.25,-0.0001517315244555506,0.5
full_development,ADAM8,0.0,0.0,0.0,0.0,0.0,0.0,0.0
full_development,ADAM9,0.3877651358255818,0.7755302716511636,0.3877651358255818,0.0,0.25,-0.0002930103707913245,0.5
full_development,ADAMTS1,0.09114788531819151,0.4051832617912793,0.20259163089563964,-0.11144374557744813,0.25,0.00039292515423453023,1.0
full_development,ADAMTS12,-0.08821611427796405,0.06196383016906843,0.030981915084534215,-0.11919802936249826,0.0,-1.3364934864118494e-05,1.0
full_development,ADAMTS13,0.0,0.0,0.0,0.0,0.0,0.0,0.0
full_development,ADAMTS2,0.0,0.0,0.0,0.0,0.0,0.0,0.0
full_development,ADAMTS3,0.0,0.0,0.0,0.0,0.0,-0.00014726883255980483,0.5
full_development,ADAMTS5,0.0,0.0,0.0,0.0,0.0,-6.24776865405241e-05,0.5
full_development,ADAMTS6,0.0,0.0,0.0,0.0,0.0,0.00020865890041196766,0.5
full_development,ADAMTS7,0.0,0.0,0.0,0.0,0.0,0.0,0.0
full_development,ADAMTS9,0.09023148636210898,0.08911261472570203,0.044556307362851016,0.045675178999257965,0.75,-9.33694174634625e-05,1.0
full_development,ADAMTSL2,0.0351116383283987,0.1264767898775122,0.0632383949387561,-0.028126756610357406,0.5,-1.6369754901018885e-05,1.0
full_development,ADAMTSL4,0.0,0.0,0.0,0.0,0.0,0.0,0.0
full_development,ADAP1,-0.09103039009461256,0.02027625792922876,0.01013812896461438,-0.10116851905922694,0.0,0.00019591876777308448,1.0
full_development,ADAR,0.061850537238379744,0.1170755324403718,0.0585377662201859,0.0033127710181938413,0.5,-2.231345947872887e-05,0.5
full_development,ADAT1,0.0,0.0,0.0,0.0,0.0,0.0,0.0
full_development,ADCY1,-0.0322632795638782,0.03725442628229046,0.01862721314114523,-0.05089049270502343,0.0,-8.879102145198381e-06,0.5
full_development,ADCY10,-0.038309049205178525,0.07661809841035705,0.038309049205178525,-0.07661809841035705,0.0,4.9089610853259025e-05,0.5
full_development,ADCY2,0.0,0.0,0.0,0.0,0.0,0.0,0.0
full_development,ADCY3,0.0,0.0,0.0,0.0,0.0,0.0,0.0
full_development,ADCY6,-0.007042478122764706,0.014084956245529412,0.007042478122764706,-0.014084956245529412,0.0,1.3388075687265077e-05,0.5
full_development,ADCY7,0.0,0.0,0.0,0.0,0.0,0.000332966330444634,0.5
full_development,ADCY8,0.0,0.0,0.0,0.0,0.0,0.0,0.0
full_development,ADCY9,0.11100028604568735,0.1391100347580998,0.0695550173790499,0.04144526866663745,0.5,-0.0003748661192431446,0.5
full_development,ADCYAP1,0.07221483968543296,0.08338651426374077,0.04169325713187039,0.030521582553562576,0.5,-8.009704589198585e-05,1.0
full_development,ADCYAP1R1,0.0,0.0,0.0,0.0,0.0,0.0,0.0
full_development,ADD1,0.0,0.0,0.0,0.0,0.0,0.0,0.0
full_development,ADD2,0.14938540654785726,0.30116038602401624,0.15058019301200812,-0.0011947864641508599,0.25,0.00016525844508172294,1.0
full_development,ADD3,0.23162626471077452,0.44316351961794953,0.22158175980897477,0.010044504901799756,0.5,-8.879102145198381e-06,0.5
full_development,ADGRE1,0.0,0.0,0.0,0.0,0.0,0.0,0.0
full_development,ADGRE2,-0.04424257762272177,0.05108692820024265,0.025543464100121326,-0.0697860417228431,0.0,-0.0003077406142216188,1.0
full_development,ADGRE5,0.0,0.0,0.0,0.0,0.0,-0.0002752521665009555,0.5
full_development,ADGRF5,-0.1961939373946695,1.182772881741289,0.5913864408706445,-0.787580378265314,0.5,-0.0001375103791347032,1.0
full_development,ADGRG3,0.0,0.0,0.0,0.0,0.0,0.0,0.0
full_development,ADGRG6,0.0,0.0,0.0,0.0,0.0,0.0,0.0
full_development,ADGRV1,0.0,0.0,0.0,0.0,0.0,-2.2313459478756625e-05,0.5
full_development,ADH1A,0.0,0.0,0.0,0.0,0.0,-9.817922170651805e-05,0.5
full_development,ADH1B,0.0,0.0,0.0,0.0,0.0,0.0,0.0
full_development,ADH1C,0.23199644154943577,0.2906108838815878,0.1453054419407939,0.08669099960864188,0.5,-6.942246952301723e-08,1.0
full_development,ADH5,0.0,0.0,0.0,0.0,0.0,0.0,0.0
full_development,ADH6,0.0,0.0,0.0,0.0,0.0,0.0,0.0
full_development,ADH7,-0.014129439482246653,0.016315271377147264,0.008157635688573632,-0.022287075170820285,0.0,0.00017758204290380109,0.5
full_development,ADI1,0.06230849616393108,0.09615639295635808,0.04807819647817904,0.01423029968575204,0.5,-0.00023652267047483133,0.5
full_development,ADIPOQ,-0.40686624496250445,0.4698086721065483,0.23490433605327415,-0.6417705810157786,0.0,-0.00023652267047483133,0.5
full_development,ADIPOR1,-0.20837554692553084,0.45924533950128255,0.22962266975064127,-0.4379982166761721,0.25,-0.00018297036772579878,0.5
full_development,ADIPOR2,0.0,0.0,0.0,0.0,0.0,0.0,0.0
full_development,ADIRF,-0.009578210194060688,0.06344888809678942,0.03172444404839471,-0.0413026542424554,0.5,-0.000563869267865974,1.0
full_development,ADK,0.0,0.0,0.0,0.0,0.0,0.0,0.0
full_development,ADM,0.0,0.0,0.0,0.0,0.0,0.0,0.0
full_development,ADM2,0.0,0.0,0.0,0.0,0.0,0.0,0.0
full_development,ADORA1,0.03610741984271648,0.07221483968543296,0.03610741984271648,0.0,0.25,-0.0001874330596215723,0.5
full_development,ADORA2A,0.0025207767528687697,0.005041553505737539,0.0025207767528687697,0.0,0.25,-0.0004507318814708783,0.5
full_development,ADORA2B,0.21638472951696563,0.43276945903393127,0.21638472951696563,0.0,0.25,0.00036404318795280055,0.5
full_development,ADORA3,0.0,0.0,0.0,0.0,0.0,-3.123884327024817e-05,0.5
full_development,ADPGK,-0.04054852552337884,0.21394012436490153,0.10697006218245077,-0.1475185877058296,0.25,0.00017878536570792303,1.0
full_development,ADPRM,0.0,0.0,0.0,0.0,0.0,-1.785076758301085e-05,1.0
full_development,ADRA1A,0.15385364811966795,0.250783563793897,0.1253917818969485,0.028461866222719456,0.5,-0.000357015351660106,1.0
full_development,ADRA1B,0.1290554000507953,0.20101196645001898,0.10050598322500949,0.02854941682578581,0.5,-7.140307033201565e-05,0.5
full_development,ADRA1D,-0.04872685120642828,0.05626492132158842,0.02813246066079421,-0.07685931186722249,0.0,-0.00019090069612165417,0.5
full_development,ADRA2A,0.0,0.0,0.0,0.0,0.0,-8.925383791491548e-06,0.5
full_development,ADRA2B,0.21216299695180396,0.3257706033679173,0.16288530168395865,0.04927769526784531,0.75,-0.00023046326178133292,1.0
full_development,ADRA2C,-0.03136814676638977,0.03622081595910965,0.018110407979554825,-0.04947855474594459,0.0,-0.0002142092109960747,0.5
full_development,ADRB1,0.0,0.0,0.0,0.0,0.0,0.0,0.0
full_development,ADRB3,0.17953768142768034,0.33767313615994715,0.16883656807997358,0.010701113347706764,0.5,-9.15679202309616e-06,1.0
full_development,ADRM1,0.21638472951696563,0.43276945903393127,0.21638472951696563,0.0,0.25,6.659326608890459e-05,0.5
full_development,ADSL,0.0,0.0,0.0,0.0,0.0,0.0,0.0
full_development,ADSS2,0.05000032238943497,0.057881958846409,0.0289409794232045,0.02105934296623047,0.5,-0.0004103825278239104,1.0
full_development,AFDN,0.0,0.0,0.0,0.0,0.0,0.0,0.0
full_development,AFF4,0.0,0.0,0.0,0.0,0.0,-0.00037736184117065363,0.5
full_development,AFG3L2,0.0,0.0,0.0,0.0,0.0,0.0,0.0
full_development,AFP,-0.020971561575095166,0.04194312315019033,0.020971561575095166,-0.04194312315019033,0.0,-5.771416394376172e-05,0.5
full_development,AGA,0.0,0.0,0.0,0.0,0.0,-1.3318653217797571e-05,0.5
full_development,AGAP2,0.22400549711387008,0.44801099422774016,0.22400549711387008,0.0,0.25,-0.00035960363688025687,0.5
full_development,AGBL2,0.0,0.0,0.0,0.0,0.0,0.0,0.0
full_development,AGBL3,0.0,0.0,0.0,0.0,0.0,0.0,0.0
full_development,AGBL5,0.0,0.0,0.0,0.0,0.0,7.549550905724955e-05,1.0
full_development,AGER,0.031164995398437867,0.0359862369651631,0.01799311848258155,0.013171876915856317,0.5,0.0002098853640392362,1.0
full_development,AGFG1,-0.04524995164396728,0.05225014352492412,0.02612507176246206,-0.07137502340642934,0.0,3.570153516599395e-05,0.5
full_development,AGK,0.0,0.0,0.0,0.0,0.0,-1.3318653217825327e-05,0.5
full_development,AGL,0.0,0.0,0.0,0.0,0.0,-7.58426214046426e-05,1.0
full_development,AGMAT,-0.042453227983637376,0.06802988713982303,0.03401494356991151,-0.07646817155354889,0.0,0.0,0.5
full_development,AGO1,0.0,0.0,0.0,0.0,0.0,0.0,0.0
full_development,AGO2,0.0,0.0,0.0,0.0,0.0,0.0,0.0
full_development,AGO3,0.1469014393569914,0.3452535121445045,0.17262675607225225,-0.02572531671526085,0.25,0.0006881304162522917,0.5
full_development,AGO4,0.0,0.0,0.0,0.0,0.0,0.0,0.0
full_development,AGPAT1,0.0,0.0,0.0,0.0,0.0,0.0,0.0
full_development,AGPAT4,-0.05242692268649307,0.060537395851660944,0.030268697925830472,-0.08269562061232355,0.0,0.00010654922574226955,0.5
full_development,AGPAT5,0.0,0.0,0.0,0.0,0.0,0.0,0.0
full_development,AGPS,0.0,0.0,0.0,0.0,0.0,0.00011986787896003936,0.5
full_development,AGRN,0.015582497699218933,0.031164995398437867,0.015582497699218933,0.0,0.25,-0.00010691947891280917,1.0
full_development,AGRP,0.0,0.0,0.0,0.0,0.0,0.0,0.0
full_development,AGT,0.21638472951696563,0.43276945903393127,0.21638472951696563,0.0,0.25,2.663730643553963e-05,0.5
full_development,AGTPBP1,0.0,0.0,0.0,0.0,0.0,0.0,0.5
full_development,AGTR1,-0.0040620017021897326,0.1474529709080333,0.07372648545401665,-0.07778848715620638,0.25,-0.00021420921099604695,0.5
full_development,AGTR2,0.0,0.0,0.0,0.0,0.0,0.0,0.0
full_development,AHCTF1,0.28129418565697684,0.32637147196911365,0.16318573598455682,0.11810844967242001,0.5,-0.0001651658817891366,1.0
full_development,AHCY,0.0,0.0,0.0,0.0,0.0,0.0,0.0
full_development,AHCYL2,0.0,0.0,0.0,0.0,0.0,-5.3552302749032554e-05,0.5
full_development,AHI1,0.06571864248314441,0.32314599191345617,0.16157299595672808,-0.09585435347358368,0.25,-3.500731047134664e-05,1.0
full_development,AHR,0.09578675982783835,0.06768750862386172,0.03384375431193086,0.06194300551590749,0.75,-0.00015526858342509997,1.0
full_development,AHSG,0.0,0.0,0.0,0.0,0.0,-1.3318653217797571e-05,0.5
full_development,AICDA,-0.03327818108436986,0.049541712339857345,0.024770856169928673,-0.05804903725429854,0.0,-0.00011986787896012263,0.5
full_development,AIM2,0.007620767596904443,0.015241535193808886,0.007620767596904443,0.0,0.25,-0.00011986787896009488,0.5
full_development,AIMP2,0.40840603343071713,0.473261930516085,0.2366309652580425,0.17177506817267463,0.5,-0.000825756499502811,0.5
full_development,AIP,0.0,0.0,0.0,0.0,0.0,-4.439551072626946e-06,0.5
full_development,AK1,0.21879081311277915,0.4175069452280117,0.20875347261400584,0.010037340498773306,0.5,-0.0005815811905100499,0.5
full_development,AK2,0.0,0.0,0.0,0.0,0.0,-7.991191930675767e-05,0.5
full_development,AK5,0.0,0.0,0.0,0.0,0.0,0.0,0.0
full_development,AK6,0.0,0.0,0.0,0.0,0.0,0.0,0.0
full_development,AKAP1,0.0,0.0,0.0,0.0,0.0,0.0,0.0
full_development,AKAP10,0.21638472951696563,0.43276945903393127,0.21638472951696563,0.0,0.25,-4.8835061798591095e-05,0.5
full_development,AKAP12,0.0019121444755434425,0.01334494271283966,0.00667247135641983,-0.004760326880876388,0.25,8.032845412353495e-05,0.5
full_development,AKAP13,0.16707801217806306,0.19316999977811106,0.09658499988905553,0.07049301228900753,0.5,3.90731213997797e-06,1.0
full_development,AKAP5,0.03829748320424642,0.04422212447451368,0.02211106223725684,0.01618642096698958,0.5,0.000954503480608021,0.5
full_development,AKAP8L,0.0,0.0,0.0,0.0,0.0,0.0,0.0
full_development,AKAP9,-0.04104937894467753,0.10498439410581409,0.052492197052907044,-0.09354157599758457,0.25,-2.67761513745024e-05,0.5
full_development,AKR1B1,0.0,0.0,0.0,0.0,0.0,0.0,0.0
full_development,AKR1B10,0.15443074233494336,0.28752047861389,0.143760239306945,0.010670503027998351,0.5,-0.00029900035701535543,0.5
full_development,AKR1C1,0.04644468128559254,0.05362969848532645,0.026814849242663225,0.019629832042929313,0.5,-5.3552302749032554e-05,0.5
full_development,AKR1C2,0.0,0.0,0.0,0.0,0.0,0.0,0.0
full_development,AKR1C4,-0.04872685120642828,0.05626492132158842,0.02813246066079421,-0.07685931186722249,0.0,-0.00019547909213318837,1.0
full_development,AKR7A2,0.0,0.0,0.0,0.0,0.0,0.0,0.0
full_development,AKR7A3,0.0,0.0,0.0,0.0,0.0,-4.016422706176748e-05,0.5
full_development,AKT1,0.03610741984271648,0.07221483968543296,0.03610741984271648,0.0,0.25,7.972679272147398e-05,1.0
full_development,AKT2,0.39097108538093117,0.41206778498216484,0.20603389249108242,0.18493719288984875,0.75,0.0003117867713005318,1.0
full_development,ALAD,0.034390276795932095,0.050544234725510076,0.025272117362755038,0.009118159433177057,0.5,0.00019977979826676928,0.5
full_development,ALAS1,0.0,0.0,0.0,0.0,0.0,-0.000221977553629793,1.0
full_development,ALAS2,0.0,0.0,0.0,0.0,0.0,-3.9955959653392714e-05,0.5
full_development,ALB,-0.026213461343246536,0.05242692268649307,0.026213461343246536,-0.05242692268649307,0.0,0.00013781120983569206,1.0
full_development,ALCAM,0.0,0.0,0.0,0.0,0.0,-3.570153516599395e-05,0.5
full_development,ALDH1A1,0.0,0.0,0.0,0.0,0.0,0.0,0.0
full_development,ALDH1A2,0.0,0.0,0.0,0.0,0.0,3.57015351660217e-05,0.5
full_development,ALDH1A3,0.0025207767528687697,0.005041553505737539,0.0025207767528687697,0.0,0.25,0.00020974651910032893,0.5
full_development,ALDH1B1,-0.06815658449343864,0.08958877251828072,0.04479438625914036,-0.11295097075257901,0.0,-0.0005771416394374507,0.5
full_development,ALDH1L1,0.0,0.0,0.0,0.0,0.0,0.0,0.0
full_development,ALDH3A2,-0.03710320135703604,0.07420640271407208,0.03710320135703604,-0.07420640271407208,0.0,-0.0005739285519920923,1.0
full_development,ALDH3B1,0.0,0.0,0.0,0.0,0.0,-1.7758204290424517e-05,0.5
full_development,ALDH3B2,0.015582497699218933,0.031164995398437867,0.015582497699218933,0.0,0.25,-0.00020017319226048325,1.0
full_development,ALDH5A1,0.0,0.0,0.0,0.0,0.0,0.0,0.0
full_development,ALDH6A1,0.011342534684908756,0.022685069369817516,0.011342534684908758,-1.734723475976807e-18,0.25,-0.00015619421635129638,0.5
full_development,ALDH8A1,0.0,0.0,0.0,0.0,0.0,-5.801499464477833e-05,0.5
full_development,ALDH9A1,-0.3376584832493741,0.3925018800531942,0.1962509400265971,-0.5339094232759711,0.0,-0.0005533737950731976,0.5
full_development,ALDOA,0.11662323255144358,0.1470077998209357,0.07350389991046785,0.04311933264097573,0.5,-9.371652981080003e-05,0.5
full_development,ALDOB,0.3874344718556202,0.447405080384229,0.2237025401921145,0.1637319316635057,0.5,-0.00019094697776794733,1.0
full_development,ALDOC,-0.03953078844113733,0.06466063414760453,0.03233031707380227,-0.0718611055149396,0.5,-0.0002981210057354522,1.0
full_development,ALG12,-0.03066947610784254,0.035414060573535376,0.017707030286767688,-0.04837650639461023,0.0,0.0003152081261542372,0.5
full_development,ALG13,0.0,0.0,0.0,0.0,0.0,0.0,0.0
full_development,ALG3,0.015582497699218933,0.031164995398437867,0.015582497699218933,0.0,0.25,-0.00013388075687253975,0.5
full_development,ALG5,-0.34976615767770625,0.7214490367521402,0.3607245183760701,-0.7104906760537764,0.25,4.555255188387619e-06,1.0
full_development,ALG6,-0.04194312315019033,0.04843174688283202,0.02421587344141601,-0.06615899659160634,0.0,-0.0001109887768148965,0.5
full_development,ALG8,-0.008135157780007063,0.05970675369394147,0.029853376846970734,-0.037988534626977793,0.25,0.0003347018921813494,0.5
full_development,ALG9,0.08261071876520454,0.09688948658883605,0.04844474329441802,0.034165975470786515,0.5,8.032845412353495e-05,0.5
full_development,ALOX12,0.0,0.0,0.0,0.0,0.0,0.0,0.0
full_development,ALOX12B,-0.26216551814595057,0.5243310362919011,0.26216551814595057,-0.5243310362919011,0.0,-0.00017776716948911253,1.0
full_development,ALOX15B,0.1737864899044279,0.3411869234418845,0.17059346172094225,0.0031930281834856578,0.5,0.00010208653384652377,1.0
full_development,ALOX5,0.1535113972481117,0.2012723625869961,0.10063618129349805,0.05287521595461364,0.5,0.0005489111031774518,0.5
full_development,ALOX5AP,-0.05242692268649307,0.060537395851660944,0.030268697925830472,-0.08269562061232355,0.0,-0.0002486148600653604,0.5
full_development,ALOXE3,0.0,0.0,0.0,0.0,0.0,-8.879102145226136e-06,0.5
full_development,ALPG,0.0,0.0,0.0,0.0,0.0,0.0,0.0
full_development,ALPI,0.31839738701401643,0.36980003438182685,0.18490001719091342,0.133497369823103,0.5,-6.710236419837923e-05,1.0
full_development,ALPK1,0.10406170571165418,0.12788478228082706,0.06394239114041353,0.040119314571240655,0.5,0.0005398005928006488,1.0
full_development,ALPL,-0.4326707590438943,0.505540817310186,0.252770408655093,-0.6854411676989873,0.0,-0.00033010035534669635,1.0
full_development,ALPP,0.0,0.0,0.0,0.0,0.0,0.0,0.0
full_development,ALS2CL,0.0,0.0,0.0,0.0,0.0,0.0001243074300326663,0.5
full_development,AMACR,0.0,0.0,0.0,0.0,0.0,-0.0005416252308566849,0.5
full_development,AMBN,0.0,0.0,0.0,0.0,0.0,7.586576222778918e-05,0.5
full_development,AMBP,0.015241535193808886,0.01759940889401743,0.008799704447008715,0.006441830746800171,0.5,-0.0001731424918312574,0.5
full_development,AMBRA1,5.604496384492563e-05,0.14999695700573656,0.07499847850286828,-0.07494243353902336,0.25,0.00036147804355587954,0.5
full_development,AMD1,0.0,0.0,0.0,0.0,0.0,0.0,0.5
full_development,AMDHD2,0.0,0.0,0.0,0.0,0.0,1.3388075687237322e-05,0.5
full_development,AMELX,0.21638472951696563,0.43276945903393127,0.21638472951696563,0.0,0.25,0.0003063290240090666,0.5
full_development,AMFR,-0.029578109604306846,0.04630641680018038,0.02315320840009019,-0.05273131800439704,0.0,-0.00016854095499657662,1.0
full_development,AMH,0.0,0.0,0.0,0.0,0.0,5.771416394370621e-05,0.5
full_development,AMIGO2,0.0,0.0,0.0,0.0,0.0,0.0,0.0
full_development,AMN,0.0,0.0,0.0,0.0,0.0,4.439551072571435e-06,1.0
full_development,AMOT,0.0,0.0,0.0,0.0,0.0,-2.2197755362995952e-05,0.5
full_development,AMOTL2,0.0,0.0,0.0,0.0,0.0,0.0,0.0
full_development,AMPD1,0.1180040609534867,1.29207248117721,0.646036240588605,-0.5280321796351183,0.5,-0.00011538204624117476,1.0
full_development,AMPD2,-0.10547398178083611,0.1281244907473492,0.0640622453736746,-0.16953622715451072,0.0,0.00013304768723890192,1.0
full_development,AMPD3,0.21638472951696563,0.43276945903393127,0.21638472951696563,0.0,0.25,-0.00040843869867879246,0.5
full_development,AMPH,0.0,0.0,0.0,0.0,0.0,0.00014206563432300756,0.5
full_development,AMT,-0.10258340412683076,0.10094040308953918,0.05047020154476959,-0.15305360567160034,0.0,0.0001284461504042489,1.0
full_development,AMY1A,0.0,0.0,0.0,0.0,0.0,0.00020421934933936847,0.5
full_development,ANAPC1,-0.041106083609523836,0.049069505903975595,0.024534752951987798,-0.06564083656151164,0.0,-0.0001420887751462374,1.0
full_development,ANAPC10,0.0,0.0,0.0,0.0,0.0,0.0,0.0
full_development,ANAPC13,0.0,0.0,0.0,0.0,0.0,0.0,0.0
full_development,ANAPC15,0.0,0.0,0.0,0.0,0.0,0.0,0.0
full_development,ANAPC2,-0.02436342560321414,0.04872685120642828,0.02436342560321414,-0.04872685120642828,0.0,-0.00020865890041202317,0.5
full_development,ANAPC5,0.0,0.0,0.0,0.0,0.0,-3.553954940394011e-05,1.0
full_development,ANG,0.0,0.0,0.0,0.0,0.0,-0.00014650518539566226,0.5
full_development,ANGPT1,0.0,0.0,0.0,0.0,0.0,-0.00023652267047483133,0.5
full_development,ANGPT2,-0.09096697876320547,0.5986196294531168,0.2993098147265584,-0.39027679348976385,0.25,0.0011736879685826374,1.0
full_development,ANGPT4,-0.47214860126084623,0.5516952732204594,0.2758476366102297,-0.7479962378710759,0.0,-0.00016511960014281568,1.0
full_development,ANGPTL3,0.0,0.0,0.0,0.0,0.0,0.00019090069612159866,0.5
full_development,ANGPTL4,0.0,0.0,0.0,0.0,0.0,0.0,0.0
full_development,ANGPTL8,0.128377480616793,0.3547468018619664,0.1773734009309832,-0.0489959203141902,0.25,0.0001687029407586027,0.5
full_development,ANK1,0.0,0.0,0.0,0.0,0.0,0.0,0.0
full_development,ANK2,0.0,0.0,0.0,0.0,0.0,0.0,0.0
full_development,ANK3,0.0,0.0,0.0,0.0,0.0,0.0,0.0
full_development,ANKLE2,0.0025207767528687697,0.005041553505737539,0.0025207767528687697,0.0,0.25,0.00016958229203856146,0.5
full_development,ANKRD1,0.0,0.0,0.0,0.0,0.0,0.0,0.0
full_development,ANKRD26,0.0,0.0,0.0,0.0,0.0,0.0,0.0
full_development,ANKRD27,0.0,0.0,0.0,0.0,0.0,0.0,0.0
full_development,ANKRD28,0.0,0.0,0.0,0.0,0.0,3.0683463514508125e-05,1.0
full_development,ANKZF1,-0.17700708572064983,0.7180935869608324,0.3590467934804162,-0.5360538792010661,0.25,0.0005519390640374988,1.0
full_development,ANO1,0.007620767596904443,0.015241535193808886,0.007620767596904443,0.0,0.25,3.140082903232977e-05,1.0
full_development,ANO10,-0.06658563511716764,0.07788708922954772,0.03894354461477386,-0.10552917973194151,0.0,0.00012430743003263856,0.5
full_development,ANO2,0.0,0.0,0.0,0.0,0.0,0.0,0.0
full_development,ANO3,0.14952737215245726,0.17285496116339397,0.08642748058169698,0.06309989157076028,0.5,-5.3274612871190286e-05,1.0
full_development,ANOS1,0.0,0.0,0.0,0.0,0.0,-6.24776865405241e-05,0.5
full_development,ANP32A,0.0,0.0,0.0,0.0,0.0,0.0,0.0
full_development,ANTXR1,0.0,0.0,0.0,0.0,0.0,0.0,0.0
full_development,ANXA1,0.34276081261723235,0.39578609486442795,0.19789304743221398,0.14486776518501837,0.5,-0.00018646114504902722,0.5
full_development,ANXA2,0.0,0.0,0.0,0.0,0.0,0.00022315773561068508,1.0
full_development,ANXA3,0.0,0.0,0.0,0.0,0.0,0.0,0.0
full_development,ANXA5,-0.018592693746342093,0.037185387492684185,0.018592693746342093,-0.037185387492684185,0.0,-0.0005727020883648515,0.5
full_development,ANXA6,0.0,0.0,0.0,0.0,0.0,0.0,0.0
full_development,AP2S1,0.0,0.0,0.0,0.0,0.0,0.0,0.0
full_development,APBA1,0.0,0.0,0.0,0.0,0.0,0.0,0.0
full_development,AQP4,0.0,0.0,0.0,0.0,0.0,1.2809555108322934e-05,1.0
full_development,ARAF,0.0,0.0,0.0,0.0,0.0,0.0,0.0
full_development,ARC,0.0,0.0,0.0,0.0,0.0,0.0,0.0
full_development,ARHGAP8,0.0,0.0,0.0,0.0,0.0,0.0,0.0
full_development,ARHGEF11,0.0,0.0,0.0,0.0,0.0,0.0,0.0
full_development,ARHGEF6,-0.13168850402030685,0.15206078649060656,0.07603039324530328,-0.20771889726561013,0.0,0.0004373438057836687,0.5
full_development,ARPC4,0.38256029356587895,0.4434773395249487,0.22173866976247436,0.1608216238034046,0.5,-0.0001908544144753055,1.0
full_development,ARSB,0.22400549711387008,0.4279302845563415,0.21396514227817076,0.010040354835699317,0.5,-9.762384195080576e-05,1.0
full_development,ASGR1,0.0,0.0,0.0,0.0,0.0,-0.00011156729739378313,0.5
full_development,ASH1L,-0.034322355553287665,0.04153996129444995,0.020769980647224975,-0.05509233620051264,0.0,-6.65932660889601e-05,0.5
full_development,ASPA,-0.11533678781277246,0.13458546212941486,0.06729273106470743,-0.18262951887747988,0.0,-0.0005444484112816783,0.5
full_development,ATG14,0.0,0.0,0.0,0.0,0.0,0.000676015085838616,1.0
full_development,ATG16L1,-0.04049506538515324,0.08099013077030648,0.04049506538515324,-0.08099013077030648,0.0,-0.000239735757920162,0.5
full_development,ATG4B,0.0,0.0,0.0,0.0,0.0,8.879102145170625e-06,0.5
full_development,ATP11B,-0.020971561575095166,0.04194312315019033,0.020971561575095166,-0.04194312315019033,0.0,-0.0015357838404170265,1.0
full_development,ATP6V1G1,0.0,0.0,0.0,0.0,0.0,0.0,0.0
full_development,ATP7A,-0.0096979145327456,0.036030770850864,0.018015385425432,-0.0277132999581776,0.25,-0.0003374058815172887,0.5
full_development,AURKA,-0.9411906173972042,1.1430650925537846,0.5715325462768923,-1.5127231636740965,0.0,-0.00012049268118530243,0.5
full_development,AUTS2,0.0,0.0,0.0,0.0,0.0,1.831358404613681e-05,1.0
full_development,AXIN1,0.0,0.0,0.0,0.0,0.0,0.0,0.0
full_development,B3GALT2,0.0,0.0,0.0,0.0,0.0,0.0,0.0
full_development,B3GNT4,-0.06811099606968796,0.04955827937158115,0.024779139685790576,-0.09289013575547853,0.0,-0.00026699786658093694,1.0
full_development,B3GNTL1,0.0,0.0,0.0,0.0,0.0,1.775820429034125e-05,0.5
full_development,B9D2,0.007620767596904443,0.015241535193808886,0.007620767596904443,0.0,0.25,-2.2197755362995952e-05,0.5
full_development,BAIAP2,0.0,0.0,0.0,0.0,0.0,0.0,0.0
full_development,BCAS2,0.0,0.0,0.0,0.0,0.0,0.0,0.0
full_development,BCAT1,0.0,0.0,0.0,0.0,0.0,0.0,0.0
full_development,BCAT2,0.21638472951696563,0.43276945903393127,0.21638472951696563,0.0,0.25,0.0004660602993298846,1.0
full_development,BCS1L,0.0,0.0,0.0,0.0,0.0,0.0,0.0
full_development,BHMT2,0.15186365149944336,0.26832252232629483,0.13416126116314742,0.017702390336295948,0.5,-0.00029007497322383613,0.5
full_development,BICD2,0.0,0.0,0.0,0.0,0.0,0.0,0.0
full_development,BIN2,0.0,0.0,0.0,0.0,0.0,0.0,0.0
full_development,BLNK,0.0,0.0,0.0,0.0,0.0,0.0,0.0
full_development,BLVRA,0.016314550238128334,0.01883841994338213,0.009419209971691066,0.006895340266437268,0.5,0.00014726883255980483,0.5
full_development,BMP2,0.13901954736357425,0.17816647296544452,0.08908323648272226,0.049936310880851986,0.5,-0.00015619421635129638,0.5
full_development,BPHL,0.2475497249154035,0.4130392269396841,0.20651961346984204,0.04103011144556146,0.75,-6.196858843110498e-05,1.0
full_development,BRD8,0.01044172772115104,0.06001616458398871,0.030008082291994354,-0.019566354570843315,0.25,-2.804540967477065e-05,1.0
full_development,BTNL8,0.0,0.0,0.0,0.0,0.0,0.0,0.0
full_development,BUB1,-0.044225293071029625,0.15832636668975097,0.07916318334487549,-0.12338847641590511,0.5,0.0002536329317168462,1.0
full_development,BUB1B,0.0,0.0,0.0,0.0,0.0,0.0,0.0
full_development,C1QA,0.0,0.0,0.0,0.0,0.0,0.00010654922574226955,0.5
full_development,C2orf49,-0.04872685120642828,0.05626492132158842,0.02813246066079421,-0.07685931186722249,0.0,-0.00034628498366248706,0.5
full_development,C3,0.0,0.0,0.0,0.0,0.0,2.663730643553963e-05,0.5
full_development,C4BPA,-0.13458592586772689,0.18247111860157658,0.09123555930078829,-0.2258214851685152,0.25,-0.001052894456696346,1.0
full_development,C4BPB,0.0,0.0,0.0,0.0,0.0,0.0,0.0
full_development,C8G,0.0,0.0,0.0,0.0,0.0,0.0,0.0
full_development,CA12,0.0,0.0,0.0,0.0,0.0,0.0,0.0
full_development,CA2,0.0,0.0,0.0,0.0,0.0,0.0,0.0
full_development,CACNA2D2,0.0,0.0,0.0,0.0,0.0,0.0,0.0
full_development,CAMK1,0.013747459402630113,0.027494918805260227,0.013747459402630113,0.0,0.25,8.925383791491548e-06,0.5
full_development,CAPN3,0.0,0.0,0.0,0.0,0.0,0.0,0.0
full_development,CARD8,0.0,0.0,0.0,0.0,0.0,0.0,0.0
full_development,CASP1,0.02146564110667981,0.026812274143042457,0.013406137071521228,0.008059504035158583,0.5,-0.00018297036772582653,0.5
full_development,CASP8AP2,0.0,0.0,0.0,0.0,0.0,-0.0005638229862196809,0.5
full_development,CASQ1,0.0,0.0,0.0,0.0,0.0,2.2313459478756625e-05,0.5
full_development,CBY1,0.0,0.0,0.0,0.0,0.0,0.0,0.0
full_development,CCL7,0.12512103718779954,0.15135701840783805,0.07567850920391903,0.04944252798388052,0.5,3.57015351660217e-05,0.5
full_development,CCND1,0.0,0.0,0.0,0.0,0.0,-2.7755575615628914e-17,0.5
full_development,CCRL2,0.0,0.0,0.0,0.0,0.0,0.00013318653217783694,0.5
full_development,CCS,-0.007042478122764706,0.014084956245529412,0.007042478122764706,-0.014084956245529412,0.0,0.0002454480542663229,0.5
full_development,CD207,0.0,0.0,0.0,0.0,0.0,0.0,0.0
full_development,CD209,0.09403920513073771,0.11343932502819538,0.05671966251409769,0.03731954261664002,0.5,0.00035271464552644183,1.0
full_development,CD3D,-0.13282923465323293,0.7481157002293248,0.3740578501146624,-0.5068870847678953,0.25,0.0004227524072922817,1.0
full_development,CD48,-0.018360413724844094,0.03672082744968819,0.018360413724844094,-0.03672082744968819,0.0,-0.000443955107259586,0.5
full_development,CD55,0.0,0.0,0.0,0.0,0.0,0.0,0.0
full_development,CD63,0.0,0.0,0.0,0.0,0.0,0.0,0.0
full_development,CD96,0.0,0.0,0.0,0.0,0.0,-2.2313459478756625e-05,0.5
full_development,CDC25A,0.0,0.0,0.0,0.0,0.0,-0.00012430743003269407,0.5
full_development,CDIPT,0.07978820294530387,0.07298933600594547,0.036494668002972734,0.04329353494233113,1.0,0.0008021934355735838,1.0
full_development,CDKN2C,0.0,0.0,0.0,0.0,0.0,0.0,0.0
full_development,CEMIP,0.0,0.0,0.0,0.0,0.0,0.0,0.0
full_development,CENPF,-0.0322632795638782,0.03725442628229046,0.01862721314114523,-0.05089049270502343,0.0,-5.7714163943789476e-05,0.5
full_development,CENPT,0.0,0.0,0.0,0.0,0.0,0.0,0.0
full_development,CEP164,0.0,0.0,0.0,0.0,0.0,0.0,0.0
full_development,CEP43,0.5194988219421397,0.7426166877244859,0.37130834386224293,0.14819047807989677,0.5,0.0001853503855374916,1.0
full_development,CEP57,0.0,0.0,0.0,0.0,0.0,0.0,0.0
full_development,CES1,0.0,0.0,0.0,0.0,0.0,0.0,0.0
full_development,CHCHD3,-0.8317664288806714,1.0154253867711498,0.5077126933855749,-1.3394791222662463,0.0,-0.0018743305962156398,0.5
full_development,CHGB,0.22400549711387008,0.4279302845563415,0.21396514227817076,0.010040354835699317,0.5,-9.323057252452749e-05,0.5
full_development,CHMP1A,0.0,0.0,0.0,0.0,0.0,-1.7850767582983096e-05,0.5
full_development,CHRNA10,0.3916633754244092,0.45242509781012197,0.22621254890506098,0.16545082651934823,0.5,-0.00035516408580768544,0.5
full_development,CHRNA5,0.0,0.0,0.0,0.0,0.0,-5.771416394376172e-05,0.5
full_development,CHST1,0.03610741984271648,0.07221483968543296,0.03610741984271648,0.0,0.25,-0.00012049268118527467,0.5
full_development,CHST5,-0.00583570330747385,0.1076994509232923,0.05384972546164615,-0.05968542876912,0.25,0.00012141831411149884,1.0
full_development,CIAO3,0.16790417208875397,0.39843221411483687,0.19921610705741843,-0.03131193496866447,0.25,-0.00011952076661272959,1.0
full_development,CLCN3,0.056207024882599654,0.06996884940864084,0.03498442470432042,0.021222600178279233,0.5,-0.00012049268118527467,0.5
full_development,CLDN16,0.0,0.0,0.0,0.0,0.0,0.0,0.0
full_development,CLDN9,0.0,0.0,0.0,0.0,0.0,-2.7755575615628914e-17,0.5
full_development,CLU,0.0,0.0,0.0,0.0,0.0,0.0,0.0
full_development,CNTRL,-0.04649490048204186,0.05594920291928469,0.027974601459642347,-0.0744695019416842,0.0,9.81792217065458e-05,0.5
full_development,COL15A1,0.0,0.0,0.0,0.0,0.0,-2.7755575615628914e-17,0.5
full_development,COL19A1,-0.4790810846479374,0.5531951863702891,0.27659759318514454,-0.755678677833082,0.0,-0.00022290318655601715,1.0
full_development,COL21A1,0.08016128986927207,0.2609996790727868,0.1304998395363934,-0.05033854966712134,0.5,-0.00011591428517379598,1.0
full_development,COL4A5,0.0,0.0,0.0,0.0,0.0,-5.771416394376172e-05,0.5
full_development,COL5A1,-0.0322632795638782,0.03725442628229046,0.01862721314114523,-0.05089049270502343,0.0,4.441865154908298e-05,1.0
full_development,COL5A3,0.0,0.0,0.0,0.0,0.0,0.00029744992186389596,0.5
full_development,COLEC10,0.0,0.0,0.0,0.0,0.0,0.0,0.0
full_development,COMMD3,0.23553347111908884,0.4215528213243577,0.21077641066217884,0.024757060456910007,0.5,6.22231374857729e-05,1.0
full_development,COMMD9,-0.10041986405731862,0.12360388455858018,0.06180194227929009,-0.1622218063366087,0.0,-0.0003063290240091221,0.5
full_development,COPA,0.0,0.0,0.0,0.0,0.0,-8.925383791491548e-06,0.5
full_development,COQ4,0.0,0.0,0.0,0.0,0.0,0.0,0.0
full_development,COQ8B,0.0,0.0,0.0,0.0,0.0,-8.007390506881151e-05,1.0
full_development,CORT,0.3741551351184498,0.785023197609527,0.3925115988047635,-0.018356463686313718,0.25,5.225641665226877e-05,1.0
full_development,COX11,0.0,0.0,0.0,0.0,0.0,0.0,0.0
full_development,COX7A1,0.0,0.0,0.0,0.0,0.0,6.659326608890459e-05,0.5
full_development,CPA2,-0.050576886946460675,0.05847924711865864,0.02923962355932932,-0.07981651050579,0.0,-0.0004972297201307208,0.5
full_development,CPN2,0.0,0.0,0.0,0.0,0.0,0.0,0.0
full_development,CPS1,-0.37324104660670976,0.5500516205248948,0.2750258102624474,-0.6482668568691572,0.0,0.00038025444406511455,1.0
full_development,CPSF1,0.0,0.0,0.0,0.0,0.0,-1.785076758301085e-05,0.5
full_development,CREB3,0.0,0.0,0.0,0.0,0.0,0.0,0.0
full_development,CRH,-0.0322632795638782,0.03725442628229046,0.01862721314114523,-0.05089049270502343,0.0,-3.565525351975629e-05,1.0
full_development,CRIPTO,0.0,0.0,0.0,0.0,0.0,0.0,0.0
full_development,CRLF1,0.0,0.0,0.0,0.0,0.0,0.0,0.0
full_development,CSNK2B,0.0,0.0,0.0,0.0,0.0,0.0,0.0
full_development,CTDP1,0.17696698788556553,0.35393397577113106,0.17696698788556553,0.0,0.25,-0.0005330006777661822,1.0
full_development,CTSC,0.39495770554081844,0.7299254221874145,0.36496271109370726,0.02999499444711118,0.5,-0.0004798186281876615,1.0
full_development,CTSD,0.0,0.0,0.0,0.0,0.0,0.0,0.0
full_development,CTSE,0.0,0.0,0.0,0.0,0.0,0.0,0.0
full_development,CTSF,-0.7965878558626809,0.9260873877654066,0.4630436938827033,-1.259631549745384,0.0,0.0004017348339102611,1.0
full_development,CTSS,0.0,0.0,0.0,0.0,0.0,1.3388075687237322e-05,0.5
full_development,CTSW,0.0,0.0,0.0,0.0,0.0,0.0,0.0
full_development,CXCL1,0.0,0.0,0.0,0.0,0.0,0.0,0.0
full_development,CYC1,-1.1715877194614404,1.3804774527070474,0.6902387263535237,-1.861826445814964,0.0,-9.36008256950116e-05,1.0
full_development,CYP27A1,0.0,0.0,0.0,0.0,0.0,0.0,0.0
full_development,CYP2W1,-0.04872685120642828,0.05626492132158842,0.02813246066079421,-0.07685931186722249,0.0,-0.00022197755362982075,0.5
full_development,CYP4F8,0.0,0.0,0.0,0.0,0.0,4.439551072571435e-06,0.5
full_development,CYTH1,0.2054831367754968,0.3073709221239495,0.15368546106197475,0.051797675713522034,0.75,0.00020095998024771689,1.0
full_development,CYTH2,0.0,0.0,0.0,0.0,0.0,-4.9089610853259025e-05,0.5
full_development,DAPK1,0.0,0.0,0.0,0.0,0.0,0.0,0.0
full_development,DDC,0.0,0.0,0.0,0.0,0.0,0.0,0.0
full_development,DDRGK1,0.0,0.0,0.0,0.0,0.0,0.0,0.0
full_development,DDX46,-0.0861857007729121,0.002655181317410628,0.001327590658705314,-0.08751329143161742,0.0,-0.0003470023491803087,1.0
full_development,DECR1,0.07423467624592917,0.08941599876554632,0.04470799938277316,0.029526676863156007,0.5,4.908961085328678e-05,0.5
full_development,DHCR24,0.0,0.0,0.0,0.0,0.0,0.0,0.0
full_development,DHFR,0.0,0.0,0.0,0.0,0.0,-3.9817114714429946e-05,1.0
full_development,DHX15,0.0,0.0,0.0,0.0,0.0,0.00011986787896006712,0.5
full_development,DIABLO,0.0,0.0,0.0,0.0,0.0,-9.767012359712668e-05,0.5
full_development,DKK2,0.02322234064279627,0.04644468128559254,0.02322234064279627,0.0,0.25,4.69410012726712e-06,1.0
full_development,DLD,0.0,0.0,0.0,0.0,0.0,0.0001509447364682337,0.5
full_development,DLX6,-0.07796445509938188,0.09016108314548121,0.04508054157274061,-0.12304499667212249,0.0,-0.00014206563432306307,0.5
full_development,DNAJC11,0.03610741984271648,0.07221483968543296,0.03610741984271648,0.0,0.25,4.016422706176748e-05,0.5
full_development,DNM1L,0.07221483968543296,0.08338651426374077,0.04169325713187039,0.030521582553562576,0.5,-3.0868590099791815e-05,1.0
full_development,DNM2,0.0,0.0,0.0,0.0,0.0,0.0,0.0
full_development,DNMT3A,-0.02262497582198364,0.04524995164396728,0.02262497582198364,-0.04524995164396728,0.0,0.00026184094999048835,1.0
full_development,DPAGT1,0.0,0.0,0.0,0.0,0.0,-0.00010710460549803735,0.5
full_development,DPF1,0.20748782615133265,0.32588087749117284,0.16294043874558642,0.044547387405746236,0.5,-0.00020889030864357228,1.0
full_development,DPF2,0.03610741984271648,0.07221483968543296,0.03610741984271648,0.0,0.25,-4.016422706176748e-05,0.5
full_development,DPYD,0.0,0.0,0.0,0.0,0.0,0.0,0.0
full_development,DRP2,0.06010047943833108,0.13948936441968854,0.06974468220984427,-0.009644202771513191,0.5,-0.00023180542952436212,1.0
full_development,DSC1,0.44801099422774016,0.5173185362345953,0.25865926811729767,0.1893517261104425,0.5,-3.107685750819433e-05,0.5
full_development,DSCC1,-0.2395405423239687,0.4790810846479374,0.2395405423239687,-0.4790810846479374,0.0,0.0001606569082470699,0.5
full_development,DSP,-0.25270383895429305,0.4645258622076691,0.23226293110383456,-0.4849667700581276,0.0,-0.0002409853623705771,0.5
full_development,DUSP4,0.0,0.0,0.0,0.0,0.0,0.0,0.0
full_development,DUSP7,-0.05701018034762839,0.06582968594050473,0.032914842970252364,-0.08992502331788076,0.0,-0.00014280614066405906,0.5
full_development,DYNC2I1,0.19053816217765807,0.3596526568057042,0.1798263284028521,0.010711833774805973,0.5,0.0006070186611148165,1.0
full_development,E2F2,0.0,0.0,0.0,0.0,0.0,0.0,0.0
full_development,EGLN3,-0.02636903589194972,0.031932629390908594,0.015966314695454297,-0.04233535058740402,0.0,-2.67761513745024e-05,0.5
full_development,EIF2B5,0.031164995398437867,0.0359862369651631,0.01799311848258155,0.013171876915856317,0.5,3.5724675989168286e-05,1.0
full_development,EIF2S1,0.018835326990997103,0.022135286271272578,0.011067643135636289,0.007767683855360814,0.5,0.0005846126383434458,0.5
full_development,EIF3G,0.0,0.0,0.0,0.0,0.0,0.0,0.0
full_development,EIF3L,0.0,0.0,0.0,0.0,0.0,0.0,0.0
full_development,EIF4B,0.0,0.0,0.0,0.0,0.0,0.0,0.0
full_development,ELF3,0.04799447449204308,0.055419245535191404,0.027709622767595702,0.02028485172444738,0.5,0.00035953421441073385,1.0
full_development,ELOC,0.0,0.0,0.0,0.0,0.0,0.0,0.0
full_development,ENO3,0.0,0.0,0.0,0.0,0.0,-0.000221977553629793,0.5
full_development,ENTPD4,0.0,0.0,0.0,0.0,0.0,-2.2197755362995952e-05,0.5
full_development,EPAS1,0.0,0.0,0.0,0.0,0.0,0.0,0.0
full_development,EPB41L1,0.0,0.0,0.0,0.0,0.0,0.0,0.0
full_development,EPHA4,0.004798711693254631,0.04341105030994452,0.02170552515497226,-0.01690681346171763,0.25,-1.785076758301085e-05,0.5
full_development,EPRS1,0.0,0.0,0.0,0.0,0.0,0.0,0.0
full_development,ETNK1,0.0,0.0,0.0,0.0,0.0,-5.35523027490048e-05,0.5
full_development,EVC,0.0,0.0,0.0,0.0,0.0,0.0,0.0
full_development,EXOSC2,-0.056337715044788794,0.06798551644760026,0.03399275822380013,-0.09033047326858892,0.0,-0.0002983524139670013,1.0
full_development,EYA4,0.005041553505737539,0.00582148454734294,0.00291074227367147,0.0021308112320660693,0.5,9.824864417601331e-05,1.0
full_development,F12,0.0,0.0,0.0,0.0,0.0,-0.00010654922574232506,0.5
full_development,F2R,-0.06589451876771868,0.18589332578817064,0.09294666289408532,-0.158841181661804,0.5,8.811993758037207e-05,1.0
full_development,FAM13B,0.0869164416124999,0.1945699250032795,0.09728496250163975,-0.010368520889139851,0.25,-0.00012430743003272182,0.5
full_development,FARP2,-0.10345486163322093,0.11945938442583118,0.05972969221291559,-0.1631845538461365,0.0,-5.801499464477833e-05,0.5
full_development,FAS,0.0,0.0,0.0,0.0,0.0,0.0,0.0
full_development,FBL,0.0,0.0,0.0,0.0,0.0,0.00018202159397640028,0.5
full_development,FBLN1,0.0,0.0,0.0,0.0,0.0,1.7850767582983096e-05,0.5
full_development,FBP2,0.0,0.0,0.0,0.0,0.0,9.304544593921604e-05,1.0
full_development,FBXL8,-0.026213461343246536,0.05242692268649307,0.026213461343246536,-0.05242692268649307,0.0,-0.00026193351328315795,0.5
full_development,FBXO2,0.0,0.0,0.0,0.0,0.0,4.439551072571435e-06,0.5
full_development,FCGR1A,-0.07420640271407208,0.0856861731651266,0.0428430865825633,-0.11704948929663539,0.0,-0.0002885708197187531,0.5
full_development,FCGR1BP,0.0,0.0,0.0,0.0,0.0,0.0002798999849819017,1.0
full_development,FFAR2,0.031164995398437867,0.0359862369651631,0.01799311848258155,0.013171876915856317,0.5,-0.00018743305962154455,0.5
full_development,FGF12,0.41602680102762335,0.4811637730440784,0.2405818865220392,0.17544491450558414,0.5,-0.0009500639295354496,0.5
full_development,FGF18,-0.09698100711490198,0.11198402112813935,0.055992010564069675,-0.15297301767897165,0.0,-8.925383791491548e-06,0.5
full_development,FIP1L1,-0.0161316397819391,0.0322632795638782,0.0161316397819391,-0.0322632795638782,0.0,0.0006392953544537283,0.5
full_development,FKBP8,0.0,0.0,0.0,0.0,0.0,0.0,0.0
full_development,FN3KRP,-0.1712898948449606,0.4594379436424486,0.2297189718212243,-0.4010088666661849,0.25,0.00029900035701535543,0.5
full_development,FOLH1,0.0,0.0,0.0,0.0,0.0,0.0,0.0
full_development,FOXA2,0.17840475810298528,0.471762688809241,0.2358813444046205,-0.05747658630163521,0.5,1.3272371571448893e-05,1.0
full_development,FOXL2,0.47418272435055364,0.5781001136103283,0.28905005680516416,0.18513266754538948,1.0,-0.0005904371518320461,1.0
full_development,FRAT1,0.3459097967951372,0.41023256662234486,0.20511628331117243,0.1407935134839648,0.75,0.0006011443790065463,1.0
full_development,FTCD,0.0,0.0,0.0,0.0,0.0,0.0,0.0
full_development,FTL,0.0,0.0,0.0,0.0,0.0,0.0,0.0
full_development,FUZ,0.0,0.0,0.0,0.0,0.0,0.0,0.0
full_development,G3BP2,0.0,0.0,0.0,0.0,0.0,0.0,0.0
full_development,GABBR1,0.0,0.0,0.0,0.0,0.0,0.0,0.0
full_development,GALNT10,-0.04722812946249633,0.05864087889891102,0.02932043944945551,-0.07654856891195183,0.0,-0.00038379150303463616,0.5
full_development,GALNT14,-0.04318449688549464,0.061645489475691026,0.030822744737845513,-0.07400724162334016,0.0,-0.00023085665577499137,0.5
full_development,GAPDH,-0.35590134191703804,0.5926185882151594,0.2963092941075797,-0.6522106360246178,0.0,0.000451472387811902,1.0
full_development,GAPDHS,0.0,0.0,0.0,0.0,0.0,0.0,0.0
full_development,GAS6,0.21638472951696563,0.43276945903393127,0.21638472951696563,0.0,0.25,0.00024417530899273343,0.5
full_development,GATAD2A,-0.07339848426159001,0.09141079645712931,0.045705398228564655,-0.11910388249015466,0.0,-8.918441544558675e-05,1.0
full_development,GCG,-0.4790810846479374,0.5531951863702891,0.27659759318514454,-0.755678677833082,0.0,0.00017404498393433498,0.5
full_development,GCH1,0.0,0.0,0.0,0.0,0.0,0.0,0.0
full_development,GCHFR,-0.03576073274819436,0.04129293735717656,0.02064646867858828,-0.05640720142678264,0.0,5.3552302749032554e-05,0.5
full_development,GCNT1,0.0,0.0,0.0,0.0,0.0,-6.215371501636091e-05,0.5
full_development,GDNF,0.3123398040363412,0.3654470225552192,0.1827235112776096,0.1296162927587316,0.5,-0.0002007748536624887,1.0
full_development,GEMIN6,0.0,0.0,0.0,0.0,0.0,0.0,0.0
full_development,GFPT2,0.0,0.0,0.0,0.0,0.0,0.0,0.5
full_development,GHR,-0.018546744603023413,0.12820092132852737,0.06410046066426368,-0.0826472052672871,0.25,-1.4578718588731387e-06,1.0
full_development,GHRHR,0.0,0.0,0.0,0.0,0.0,0.0,0.0
full_development,GJA1,0.0025207767528687697,0.005041553505737539,0.0025207767528687697,0.0,0.25,0.0001249553730810482,0.5
full_development,GK,-0.07909499991205671,0.06295026298606879,0.031475131493034395,-0.1105701314050911,0.25,-1.8128457460880876e-05,1.0
full_development,GLB1L2,0.0,0.0,0.0,0.0,0.0,0.0,0.0
full_development,GLI2,0.0,0.0,0.0,0.0,0.0,0.0,0.0
full_development,GLTP,0.04644468128559254,0.05362969848532645,0.026814849242663225,0.019629832042929313,0.5,-2.2313459478756625e-05,0.5
full_development,GLUD2,0.0,0.0,0.0,0.0,0.0,0.00013318653217783694,0.5
full_development,GMPS,0.0,0.0,0.0,0.0,0.0,0.0,0.0
full_development,GNA14,-0.0005482797607818668,0.05179143112323826,0.02589571556161913,-0.026443995322400996,0.25,-9.735312601982793e-06,1.0
full_development,GOT2,0.0,0.0,0.0,0.0,0.0,0.0,0.0
full_development,GP5,-0.04872685120642828,0.05626492132158842,0.02813246066079421,-0.07685931186722249,0.0,0.00026193351328310244,0.5
full_development,GP6,0.0,0.0,0.0,0.0,0.0,-3.107685750819433e-05,0.5
full_development,GPC3,-0.05294467911498835,0.0708310086098959,0.03541550430494795,-0.08836018341993629,0.0,-0.00015173152445552285,0.5
full_development,GPKOW,0.0,0.0,0.0,0.0,0.0,0.0,0.0
full_development,GPR18,-0.02924526755172252,0.07200476240480753,0.03600238120240377,-0.06524764875412628,0.25,0.0005132095680114301,0.5
full_development,GPX2,0.0,0.0,0.0,0.0,0.0,0.0002048672923877226,1.0
full_development,GRIA3,-0.02436342560321414,0.04872685120642828,0.02436342560321414,-0.04872685120642828,0.0,0.0002752521665009,0.5
full_development,GSTA3,0.0,0.0,0.0,0.0,0.0,0.0,0.0
full_development,GTF2E1,0.007620767596904443,0.015241535193808886,0.007620767596904443,0.0,0.25,1.775820429034125e-05,0.5
full_development,GTF2E2,0.0,0.0,0.0,0.0,0.0,4.4395510725936393e-05,0.5
full_development,GTF2F1,0.0,0.0,0.0,0.0,0.0,0.00013318653217783694,0.5
full_development,GTF2H1,0.3627623138946028,0.24206558542175605,0.12103279271087802,0.24172952118372476,1.0,0.0006911155824393944,1.0
full_development,GTF2H2,-0.01805618622418237,0.05987454563096165,0.029937272815480826,-0.04799345903966319,0.25,-0.00014576467905469404,1.0
full_development,GTPBP3,0.0,0.0,0.0,0.0,0.0,0.0,0.0
full_development,H1-3,-0.2253358490166928,0.440179521631845,0.2200897608159225,-0.44542560983261525,0.0,-0.0001781374226595689,1.0
full_development,H2AC14,-0.04049506538515324,0.08099013077030648,0.04049506538515324,-0.08099013077030648,0.0,-0.00012400659933167746,1.0
full_development,H2AC4,0.0,0.0,0.0,0.0,0.0,0.0,0.0
full_development,H2AC6,0.0,0.0,0.0,0.0,0.0,0.0,0.0
full_development,H2AC7,0.0,0.0,0.0,0.0,0.0,-0.00010264191360229158,0.5
full_development,H2BC14,-0.2835584632923531,0.3314106469330669,0.16570532346653344,-0.44926378675888656,0.0,-0.00027668689753657105,0.5
full_development,H2BC5,0.0,0.0,0.0,0.0,0.0,0.0,0.0
full_development,H3C11,0.17743175765046182,0.346841973538272,0.173420986769136,0.004010770881325815,0.5,-0.00039118959249787033,1.0
full_development,H3C8,0.0,0.0,0.0,0.0,0.0,0.0,0.0
full_development,H4C4,0.0075159502086066254,0.07365009180344957,0.036825045901724786,-0.02930909569311816,0.75,0.00011935878085062024,1.0
full_development,HCRTR1,0.20254540170705404,0.323322024798235,0.1616610123991175,0.04088438930793653,0.75,-0.00019610389435836817,1.0
full_development,HDAC2,0.03829748320424642,0.04422212447451368,0.02211106223725684,0.01618642096698958,0.5,-0.00010654922574232506,0.5
full_development,HDC,0.0,0.0,0.0,0.0,0.0,0.0,0.0
full_development,HDGF,0.0,0.0,0.0,0.0,0.0,0.0,0.0
full_development,HEATR1,0.0,0.0,0.0,0.0,0.0,-0.00012874698110529326,0.5
full_development,HELLS,0.0,0.0,0.0,0.0,0.0,0.0,0.0
full_development,HERC6,0.01914874160212321,0.03829748320424642,0.01914874160212321,0.0,0.25,0.00018646114504899947,0.5
full_development,HLA-DMA,0.16912283563478425,0.3675149728962505,0.18375748644812526,-0.014634650813341005,0.75,5.7089361718498655e-05,1.0
full_development,HLTF,0.0,0.0,0.0,0.0,0.0,2.2197755362968197e-05,0.5
full_development,HMGA2,0.0,0.0,0.0,0.0,0.0,0.0,0.0
full_development,HMGCL,-0.3383913472663558,0.42862498544640315,0.21431249272320158,-0.5527038399895574,0.0,0.00016958229203856146,0.5
full_development,HOXA2,0.03610741984271648,0.07221483968543296,0.03610741984271648,0.0,0.25,9.81792217065458e-05,0.5
full_development,HSD17B8,0.0,0.0,0.0,0.0,0.0,0.0,0.0
full_development,HSPA6,0.09300659784497611,0.10739476860441646,0.05369738430220823,0.03930921354276788,0.5,6.24776865405241e-05,0.5
full_development,HTR1B,0.0,0.0,0.0,0.0,0.0,2.219775536294044e-05,0.5
full_development,HTR2B,0.0,0.0,0.0,0.0,0.0,0.0,0.0
full_development,HTR2C,0.0,0.0,0.0,0.0,0.0,0.0,0.0
full_development,ICAM4,-0.020971561575095166,0.04194312315019033,0.020971561575095166,-0.04194312315019033,0.0,-0.00014650518539569002,0.5
full_development,IFI16,0.0,0.0,0.0,0.0,0.0,0.0,0.0
full_development,IFI35,0.0,0.0,0.0,0.0,0.0,0.0,0.0
full_development,IFITM2,0.0,0.0,0.0,0.0,0.0,0.0,0.0
full_development,IFNA1,0.0,0.0,0.0,0.0,0.0,0.0,0.0
full_development,IFNA14,0.0,0.0,0.0,0.0,0.0,0.0,0.0
full_development,IFNA5,0.0,0.0,0.0,0.0,0.0,0.0,0.0
full_development,IFNGR2,0.0,0.0,0.0,0.0,0.0,0.0,0.0
full_development,IFT81,0.0,0.0,0.0,0.0,0.0,0.0,0.0
full_development,IGLV6-57,-0.07501758390117708,0.09968964076472661,0.049844820382363306,-0.12486240428354038,0.0,0.00017404498393433498,0.5
full_development,IL12RB2,-0.46002387386541166,0.5413293964750973,0.27066469823754863,-0.7306885721029603,0.0,-0.00020974651910032893,0.5
full_development,IL18,0.04198584203288469,0.0547532574410287,0.02737662872051435,0.01460921331237034,0.5,2.2313459478756625e-05,0.5
full_development,IL18BP,0.0,0.0,0.0,0.0,0.0,0.0,0.0
full_development,IL24,-0.04194312315019033,0.04843174688283202,0.02421587344141601,-0.06615899659160634,0.0,-4.4395510725991905e-06,0.5
full_development,IL25,0.0,0.0,0.0,0.0,0.0,0.0,0.0
full_development,IL2RB,0.17138040630861617,0.34276081261723235,0.17138040630861617,0.0,0.25,-0.00016870294075863046,0.5
full_development,IL2RG,0.04799447449204308,0.055419245535191404,0.027709622767595702,0.02028485172444738,0.5,-3.9955959653392714e-05,0.5
full_development,INO80D,0.0,0.0,0.0,0.0,0.0,0.0,0.0
full_development,INPP5F,0.0,0.0,0.0,0.0,0.0,0.0,0.0
full_development,INSR,0.4769815541720206,0.5507708573994043,0.2753854286997022,0.20159612547231842,0.5,0.0003107685750816658,0.5
full_development,INTS8,-0.05443078595786588,0.09544027782016565,0.047720138910082824,-0.1021509248679487,0.0,0.00029453766511960966,0.5
full_development,ITFG2,0.0,0.0,0.0,0.0,0.0,0.0,0.0
full_development,ITGAE,0.0,0.0,0.0,0.0,0.0,-2.7755575615628914e-17,0.5
full_development,ITGB1,-0.020971561575095166,0.04194312315019033,0.020971561575095166,-0.04194312315019033,0.0,-0.00018662313081113657,1.0
full_development,ITGB4,0.0,0.0,0.0,0.0,0.0,0.0,0.0
full_development,ITGB7,0.0,0.0,0.0,0.0,0.0,0.0,0.0
full_development,ITIH4,0.0,0.0,0.0,0.0,0.0,0.0,0.0
full_development,ITM2B,0.0,0.0,0.0,0.0,0.0,0.0,0.0
full_development,ITPR2,0.0,0.0,0.0,0.0,0.0,0.0,0.0
full_development,IVL,0.0,0.0,0.0,0.0,0.0,0.0,0.0
full_development,KAT2A,0.02399723724602154,0.04799447449204308,0.02399723724602154,0.0,0.25,-0.00014206563432306307,0.5
full_development,KCND2,0.0,0.0,0.0,0.0,0.0,0.0,0.0
full_development,KCND3,0.17138040630861617,0.34276081261723235,0.17138040630861617,0.0,0.25,3.99559596533372e-05,0.5
full_development,KCNK12,0.0,0.0,0.0,0.0,0.0,0.0,0.0
full_development,KCNMB1,0.1822381011646783,0.34304776918511315,0.17152388459255657,0.010714216572121738,0.75,-0.001628740210037033,1.0
full_development,KCNMB4,0.0,0.0,0.0,0.0,0.0,0.0,0.0
full_development,KDM5A,0.04995400830680552,0.0618965613042741,0.03094828065213705,0.01900572765466847,0.5,-0.00018743305962154455,0.5
full_development,KHDRBS1,0.11752963717070841,0.09864592596217099,0.049322962981085496,0.06820667418962292,0.75,0.0005492315877282661,1.0
full_development,KIF13B,-0.416048632421095,0.48322187333064565,0.24161093666532282,-0.6576595690864179,0.0,3.123884327024817e-05,0.5
full_development,KIF24,0.051689917541935415,0.06845331677852047,0.034226658389260235,0.01746325915267518,0.5,-0.00016511960014281568,0.5
full_development,KIF3A,-0.020971561575095166,0.04194312315019033,0.020971561575095166,-0.04194312315019033,0.0,-4.4395510725991905e-05,0.5
full_development,KIF5B,0.0,0.0,0.0,0.0,0.0,0.0,0.0
full_development,KIFC1,0.0,0.0,0.0,0.0,0.0,-0.00019189575151731808,0.5
full_development,KIR2DS4,-0.06969841278152522,0.08746413767222955,0.043732068836114774,-0.11343048161764,0.0,0.0007058886205426607,0.5
full_development,KLHDC10,-0.006538791112145503,0.013077582224291007,0.006538791112145503,-0.013077582224291007,0.0,-0.0001602866550765858,1.0
full_development,KLHDC3,-0.03405391132792346,0.03226912151225531,0.016134560756127656,-0.05018847208405111,0.0,-0.00027085889707467725,1.0
full_development,KLHL25,0.0,0.0,0.0,0.0,0.0,0.0,0.0
full_development,KLHL41,0.0,0.0,0.0,0.0,0.0,0.0,0.0
full_development,KLK7,0.0,0.0,0.0,0.0,0.0,-4.439551072626946e-06,0.5
full_development,KNL1,0.042913248641268,0.10964003833092606,0.05482001916546303,-0.011906770524195032,0.75,0.0001774200571417195,1.0
full_development,KRAS,0.0,0.0,0.0,0.0,0.0,0.0,0.0
full_development,KRT14,-0.07944830248222168,0.09213748997134841,0.046068744985674204,-0.12551704746789588,0.0,-0.0002530544111379873,0.5
full_development,KRT36,0.1669751738812213,0.2335245067526546,0.1167622533763273,0.050212920504893996,0.5,0.0006659326608892957,0.5
full_development,KRT38,-0.03184852040984332,0.08392649754795432,0.04196324877397716,-0.07381176918382049,0.25,0.0008124876149046278,1.0
full_development,KRTAP5-8,0.0,0.0,0.0,0.0,0.0,0.00011098877681484098,0.5
full_development,LAG3,0.0,0.0,0.0,0.0,0.0,0.0,0.0
full_development,LAIR1,0.0,0.0,0.0,0.0,0.0,0.0,0.0
full_development,LALBA,0.0,0.0,0.0,0.0,0.0,0.0,0.0
full_development,LAMA2,-0.04414070533110248,0.05271212969506439,0.026356064847532196,-0.07049677017863468,0.0,-0.0003326886405668472,1.0
full_development,LAMA3,-0.5183609716244764,0.7299915668298455,0.3649957834149227,-0.883356755039399,0.0,-0.00014726883255980483,0.5
full_development,LAMA5,0.0,0.0,0.0,0.0,0.0,0.00010264191360229158,0.5
full_development,LAMC2,-0.06496999402262738,0.09741760718813876,0.04870880359406938,-0.11367879761669675,0.25,0.0005890290485928706,1.0
full_development,LAS1L,0.03610741984271648,0.07221483968543296,0.03610741984271648,0.0,0.25,2.663730643553963e-05,1.0
full_development,LGALS3,-0.05725760554772741,0.9530319821398501,0.47651599106992504,-0.5337735966176524,0.5,-9.33694174634625e-05,1.0
full_development,LGALS3BP,-0.0020216837714794877,0.0040433675429589755,0.0020216837714794877,-0.0040433675429589755,0.0,-0.00018297036772579878,0.5
full_development,LGALS7,0.0,0.0,0.0,0.0,0.0,9.843377076124149e-05,1.0
full_development,LGMN,0.0,0.0,0.0,0.0,0.0,0.0,0.0
full_development,LIAS,0.0,0.0,0.0,0.0,0.0,-2.2197755362995952e-05,0.5
full_development,LILRA3,-0.019985413383638573,0.03997082676727714,0.01998541338363857,-0.039970826767277146,0.0,-7.586576222776142e-05,0.5
full_development,LIN7B,0.0,0.0,0.0,0.0,0.0,-8.92538379150265e-05,0.5
full_development,LIN7C,0.0,0.0,0.0,0.0,0.0,0.0,0.0
full_development,LMF2,-0.284875529502278,0.4509222401055069,0.22546112005275346,-0.5103366495550314,0.0,3.947000236706466e-05,1.0
full_development,LSM5,0.0,0.0,0.0,0.0,0.0,0.0,0.0
full_development,LTBP2,0.1889024253827163,0.3577715022708958,0.1788857511354479,0.010016674247268376,0.5,-8.435147037932911e-05,0.5
full_development,LZTFL1,0.0,0.0,0.0,0.0,0.0,0.0,0.0
full_development,MAGOH,0.013201672166832878,0.026403344333665757,0.013201672166832878,0.0,0.25,8.925383791491548e-06,0.5
full_development,MAN2A1,0.0005973648208126292,0.07487153173957377,0.037435765869786884,-0.036838401048974255,0.25,-0.0005533737950731699,0.5
full_development,MANEA,-0.04440682747906166,0.11976231298031857,0.059881156490159286,-0.10428798396922095,0.25,-0.0003211055490857373,1.0
full_development,MAP3K7,0.013201672166832878,0.026403344333665757,0.013201672166832878,0.0,0.25,-0.0005941824782099703,1.0
full_development,MAPK14,0.21061418871114057,0.42122837742228114,0.21061418871114057,0.0,0.25,-0.001043294502059977,0.5
full_development,MAPK6,0.0,0.0,0.0,0.0,0.0,0.0,0.0
full_development,MAPKAPK2,0.0,0.0,0.0,0.0,0.0,0.0,0.0
full_development,MARK4,0.0,0.0,0.0,0.0,0.0,0.0,0.0
full_development,MBIP,0.0,0.0,0.0,0.0,0.0,0.0,0.0
full_development,MBTPS1,0.0,0.0,0.0,0.0,0.0,0.0,0.0
full_development,MCM4,0.0,0.0,0.0,0.0,0.0,0.0,0.0
full_development,MDC1,0.10674804533042526,0.25702739210835135,0.12851369605417567,-0.021765650723750418,0.25,-0.0002722242056408253,0.5
full_development,MDH2,0.0,0.0,0.0,0.0,0.0,0.0,0.0
full_development,ME1,-0.020971561575095166,0.04194312315019033,0.020971561575095166,-0.04194312315019033,0.0,-5.299692299326475e-05,1.0
full_development,ME2,0.0,0.0,0.0,0.0,0.0,0.0,0.0
full_development,MED16,-0.23138326720490454,0.48476335652838604,0.24238167826419302,-0.47376494546909753,0.25,-8.407378050148684e-05,1.0
full_development,MED25,0.0,0.0,0.0,0.0,0.0,0.0,0.0
full_development,MED7,0.0,0.0,0.0,0.0,0.0,0.0,0.0
full_development,MEF2A,0.0,0.0,0.0,0.0,0.0,0.0,0.0
full_development,MEFV,0.31996643106915634,0.37078630974551513,0.18539315487275757,0.13457327619639878,0.5,0.0008035587441397873,0.5
full_development,MEN1,0.0,0.0,0.0,0.0,0.0,0.0,0.0
full_development,METAP2,0.0,0.0,0.0,0.0,0.0,0.0,0.0
full_development,METTL3,0.0,0.0,0.0,0.0,0.0,0.0,0.0
full_development,MEX3C,0.029900734939012352,0.07504970442243622,0.03752485221121811,-0.007624117272205758,0.25,-0.00012941806497679398,0.5
full_development,MFN2,0.0013788225324891101,0.09858759163549555,0.049293795817747774,-0.047914973285258664,0.5,-0.0001723557038439405,1.0
full_development,MGLL,0.3934019593467575,0.786803918693515,0.3934019593467575,0.0,0.25,0.0004173178008239631,0.5
full_development,MIEF1,0.0,0.0,0.0,0.0,0.0,0.0,0.0
full_development,MME,0.0,0.0,0.0,0.0,0.0,0.0,0.0
full_development,MMP11,0.0,0.0,0.0,0.0,0.0,0.0,0.0
full_development,MMP16,0.0,0.0,0.0,0.0,0.0,0.0,0.0
full_development,MOB1A,0.07630662992248105,0.10602008178027793,0.053010040890138964,0.023296589032342087,0.5,-7.586576222778918e-05,0.5
full_development,MOGS,0.0,0.0,0.0,0.0,0.0,-1.7758204290424517e-05,0.5
full_development,MPC1,0.21065470313567758,0.45760451891000137,0.22880225945500068,-0.018147556319323105,0.25,0.00020421934933936847,0.5
full_development,MPL,-0.0161316397819391,0.0322632795638782,0.0161316397819391,-0.0322632795638782,0.0,6.659326608890459e-05,0.5
full_development,MRM1,0.0,0.0,0.0,0.0,0.0,9.767012359707117e-05,0.5
full_development,MRPL16,-0.11619382075315698,0.06270365773091877,0.03135182886545938,-0.14754564961861638,0.0,-3.5400704465005095e-05,1.0
full_development,MRPL28,-0.03614493311739153,0.07228986623478306,0.03614493311739153,-0.07228986623478306,0.0,-0.0001913403717616058,1.0
full_development,MRPL40,0.0,0.0,0.0,0.0,0.0,0.0,0.0
full_development,MRPL41,0.07646037684372686,0.08838474874441743,0.044192374372208715,0.03226800247151815,0.5,-0.00016511960014278793,0.5
full_development,MTHFS,-0.10345486163322093,0.11945938442583118,0.05972969221291559,-0.1631845538461365,0.0,-0.0001249553730810482,0.5
full_development,MTM1,-0.2552246157071618,0.5104492314143236,0.2552246157071618,-0.5104492314143236,0.0,-0.00038379150303463616,0.5
full_development,MTMR7,-0.2530325865900007,0.3407695016515082,0.1703847508257541,-0.4234173374157548,0.25,0.0008334357658171809,1.0
full_development,MTRR,-0.07271800307584542,0.17315621187082075,0.08657810593541038,-0.1592961090112558,0.25,-0.0003477428555213047,1.0
full_development,MUC13,0.0,0.0,0.0,0.0,0.0,-0.00011986787896009488,0.5
full_development,MUC3A,0.0,0.0,0.0,0.0,0.0,0.0,0.0
full_development,MXRA8,0.2025989606271832,0.3851440398556706,0.1925720199278353,0.010026940699347897,0.5,-0.0003641126104223513,1.0
full_development,MYBPC1,0.0,0.0,0.0,0.0,0.0,0.0,0.0
full_development,MYL11,0.0,0.0,0.0,0.0,0.0,0.0,0.0
full_development,MYO3A,0.0,0.0,0.0,0.0,0.0,0.0,0.0
full_development,MYRIP,0.6372732964012027,0.7383500068015951,0.36917500340079756,0.2680982930004051,0.5,5.7714163943733965e-05,0.5
full_development,NAT10,0.0,0.0,0.0,0.0,0.0,0.0,0.0
full_development,NBEA,0.0,0.0,0.0,0.0,0.0,0.0,0.0
full_development,NCAPD3,0.0,0.0,0.0,0.0,0.0,0.0,0.0
full_development,NCF1,0.0,0.0,0.0,0.0,0.0,0.0,0.0
full_development,NCK1,0.0,0.0,0.0,0.0,0.0,-0.00012430743003269407,0.5
full_development,NDOR1,0.015582497699218933,0.031164995398437867,0.015582497699218933,0.0,0.25,-0.00029354260972389024,1.0
full_development,NDST2,0.0,0.0,0.0,0.0,0.0,0.0,0.0
full_development,NDUFA8,0.0,0.0,0.0,0.0,0.0,-0.00013388075687253975,0.5
full_development,NDUFAB1,0.0,0.0,0.0,0.0,0.0,0.0,0.0
full_development,NEDD8,0.26519835959239657,0.41813223599543603,0.20906611799771802,0.056132241594678556,0.75,-0.00010213281549287245,1.0
full_development,NEIL1,-0.13796569129713454,0.2356943833066334,0.1178471916533167,-0.25581288295045124,0.0,-1.3388075687237322e-05,0.5
full_development,NEK2,-0.2341306086332775,0.5008009756743651,0.25040048783718255,-0.48453109647046005,0.25,-0.00031243471434894143,1.0
full_development,NELFB,0.0,0.0,0.0,0.0,0.0,0.0,0.0
full_development,NF1,0.0,0.0,0.0,0.0,0.0,0.0,0.0
full_development,NFATC3,0.053400882246599224,0.0653219975272875,0.03266099876364375,0.020739883482955475,0.5,5.671910854801454e-05,1.0
full_development,NGB,-0.0161316397819391,0.0322632795638782,0.0161316397819391,-0.0322632795638782,0.0,0.0001247933873189111,1.0
full_development,NKX6-1,0.0,0.0,0.0,0.0,0.0,0.0,0.0
full_development,NLGN4Y,0.15493080093428624,0.19180934238174388,0.09590467119087194,0.0590261297434143,0.5,0.0004266365786091131,1.0
full_development,NLK,0.0,0.0,0.0,0.0,0.0,-1.3388075687237322e-05,0.5
full_development,NLRP3,-0.0016442318976661596,0.09939335480547826,0.04969667740273913,-0.05134090930040529,0.5,-5.664968607857479e-05,1.0
full_development,NMRK1,-0.04189753472644142,0.05134380115495834,0.02567190057747917,-0.0675694353039206,0.0,1.810531663767878e-05,1.0
full_development,NOD2,0.0,0.0,0.0,0.0,0.0,0.0,0.0
full_development,NPHS2,0.0,0.0,0.0,0.0,0.0,9.323057252447198e-05,0.5
full_development,NPR1,0.0,0.0,0.0,0.0,0.0,0.0,0.0
full_development,NPY1R,0.009846300016254972,0.04750040521041205,0.023750202605206026,-0.013903902588951054,0.25,-0.00037620480001282486,1.0
full_development,NR2C1,0.0,0.0,0.0,0.0,0.0,0.0,0.0
full_development,NR3C1,0.0,0.0,0.0,0.0,0.0,0.0,0.0
full_development,NR4A1,0.0,0.0,0.0,0.0,0.0,0.0,0.0
full_development,NRG2,0.0,0.0,0.0,0.0,0.0,0.00015982383861340432,0.5
full_development,NRP1,0.0,0.0,0.0,0.0,0.0,0.0,0.0
full_development,NRP2,-0.026213461343246536,0.05242692268649307,0.026213461343246536,-0.05242692268649307,0.0,-0.0001732119143007249,1.0
full_development,NRXN2,0.0,0.0,0.0,0.0,0.0,-1.785076758301085e-05,0.5
full_development,NUDT9,0.0,0.0,0.0,0.0,0.0,0.0,0.0
full_development,NUP43,0.0,0.0,0.0,0.0,0.0,0.0,0.0
full_development,OMG,0.0,0.0,0.0,0.0,0.0,0.0,0.0
full_development,OPN1MW,0.0,0.0,0.0,0.0,0.0,0.0,0.0
full_development,OPN3,-0.01073964612793965,0.0214792922558793,0.01073964612793965,-0.0214792922558793,0.0,-3.5516408580793524e-05,0.5
full_development,OR10H2,-0.1536551758315241,0.17821035467865787,0.08910517733932893,-0.24276035317085304,0.0,-8.486056848874823e-05,1.0
full_development,OR12D2,-0.41589916956744943,0.42571154199108013,0.21285577099554007,-0.6287549405629895,0.0,-0.000953141659015222,1.0
full_development,OR2F1,-0.501940821777815,0.5831110107558941,0.29155550537794706,-0.793496327155762,0.0,-0.0003658018905126903,1.0
full_development,OR2W1,0.0030171018201841093,0.057717860027356516,0.028858930013678258,-0.02584182819349415,0.25,0.00013799633642092024,1.0
full_development,OR7A17,0.0,0.0,0.0,0.0,0.0,0.0,0.0
full_development,OR7C1,0.0,0.0,0.0,0.0,0.0,0.0,0.0
full_development,OR7C2,-0.025247594855501987,0.19372818069041514,0.09686409034520757,-0.12211168520070956,0.5,-0.00015621735717447072,1.0
full_development,ORMDL2,0.07221483968543296,0.08338651426374077,0.04169325713187039,0.030521582553562576,0.5,0.00017404498393430723,0.5
full_development,OTUD3,-0.10381172808543582,0.1673926954191587,0.08369634770957934,-0.18750807579501516,0.0,0.00011542832788746793,0.5
full_development,OXSM,0.04896545803846131,0.0566900898075601,0.02834504490378005,0.020620413134681256,0.5,-0.0005705997604310287,1.0
full_development,OXTR,0.0,0.0,0.0,0.0,0.0,9.13365119986631e-06,1.0
full_development,P2RY10,0.0038441402788382817,0.09853624762995133,0.04926812381497567,-0.045423983536137386,0.25,0.0007772454092283831,1.0
full_development,PACS1,0.03610741984271648,0.07221483968543296,0.03610741984271648,0.0,0.25,-0.00029442196100382123,1.0
full_development,PACSIN3,-0.01939490582053871,0.04091902836226249,0.020459514181131244,-0.03985442000166996,0.25,-0.00015094473646826145,0.5
full_development,PANK2,0.033298209623543684,0.04408082062355632,0.02204041031177816,0.011257799311765525,0.5,-0.0002187181845381414,1.0
full_development,PARP16,0.05922058849856349,0.0810856519616897,0.04054282598084485,0.01867776251771864,0.5,-0.0002499107461620964,0.5
full_development,PCBP2,0.0,0.0,0.0,0.0,0.0,0.00011602998928955666,0.5
full_development,PCMT1,-0.03502068741848241,0.09028218989001338,0.04514109494500669,-0.0801617823634891,0.25,4.462691895751325e-05,0.5
full_development,PCSK6,0.17138040630861617,0.34276081261723235,0.17138040630861617,0.0,0.25,-0.00014206563432306307,0.5
full_development,PDE10A,-0.05579157094755338,0.09817099572283308,0.04908549786141654,-0.10487706880896992,0.0,0.00015094473646820594,0.5
full_development,PDE8A,0.0,0.0,0.0,0.0,0.0,0.0,0.0
full_development,PDK3,0.07968161347203306,0.12662968293554286,0.06331484146777143,0.016366772004261634,0.5,0.0006934030369585009,1.0
full_development,PDK4,0.0,0.0,0.0,0.0,0.0,0.0,0.0
full_development,PEA15,0.0,0.0,0.0,0.0,0.0,0.0,0.0
full_development,PELI2,0.0,0.0,0.0,0.0,0.0,-2.2313459478756625e-05,0.5
full_development,PEX11B,0.015582497699218933,0.031164995398437867,0.015582497699218933,0.0,0.25,0.00029900035701535543,0.5
full_development,PFKFB3,-0.02436342560321414,0.04872685120642828,0.02436342560321414,-0.04872685120642828,0.0,3.99559596533372e-05,0.5
full_development,PGGT1B,0.0,0.0,0.0,0.0,0.0,-6.215371501636091e-05,0.5
full_development,PHKG1,0.0,0.0,0.0,0.0,0.0,-0.00027522902567780894,1.0
full_development,PIGB,0.0,0.0,0.0,0.0,0.0,4.439551072571435e-06,0.5
full_development,PIGG,0.0,0.0,0.0,0.0,0.0,0.0,0.0
full_development,PIGR,0.01915752866806386,0.08057354272650545,0.040286771363252726,-0.021129242695188864,0.25,-0.0004284184219921494,0.5
full_development,PIK3C2A,0.052831699754698036,0.10566339950939607,0.052831699754698036,0.0,0.25,-0.0002764786301281963,1.0
full_development,PIK3CA,0.0,0.0,0.0,0.0,0.0,0.0,0.0
full_development,PIKFYVE,-0.0007323767143851967,0.000845675786397014,0.000422837893198507,-0.0011552146075837037,0.0,-0.00012430743003269407,0.5
full_development,PIPOX,0.0867025090022544,0.12565794145820133,0.06282897072910067,0.023873538273153735,0.5,9.371652981080003e-05,0.5
full_development,PITPNM3,0.040199210079766345,0.04641804952152683,0.023209024760763416,0.01699018531900293,0.5,0.00016958229203856146,0.5
full_development,PKM,0.0,0.0,0.0,0.0,0.0,0.00010645666244965546,1.0
full_development,PLA2G4C,0.0,0.0,0.0,0.0,0.0,0.0,0.0
full_development,PLAAT1,0.0,0.0,0.0,0.0,0.0,0.0,0.0
full_development,PLD3,0.0,0.0,0.0,0.0,0.0,-2.7755575615628914e-17,0.5
full_development,PLIN2,0.0,0.0,0.0,0.0,0.0,0.0,0.0
full_development,PLK1,0.020099605039883173,0.040199210079766345,0.020099605039883173,0.0,0.25,-0.00014280614066405906,0.5
full_development,PLPPR1,-0.20492708534764148,0.27942999828164033,0.13971499914082017,-0.3446420844884617,0.0,0.00012941806497679398,0.5
full_development,PLXNA3,0.19802431579212154,0.446354409553923,0.2231772047769615,-0.02515288898483997,0.25,-0.00011542832788749569,0.5
full_development,PMP22,0.0,0.0,0.0,0.0,0.0,-8.92538379150265e-05,0.5
full_development,PNLIPRP2,0.0626239900757195,0.10402927507378176,0.05201463753689088,0.010609352538828623,0.5,-0.00010710460549803735,0.5
full_development,POLA2,0.04744995452762524,0.0680989207788446,0.0340494603894223,0.013400494138202941,0.5,0.0001249553730810482,0.5
full_development,POLD1,0.0,0.0,0.0,0.0,0.0,-0.00014726883255980483,0.5
full_development,POLD3,0.0,0.0,0.0,0.0,0.0,-5.801499464475057e-05,0.5
full_development,POLM,0.0,0.0,0.0,0.0,0.0,0.0,0.0
full_development,POLR2H,0.0,0.0,0.0,0.0,0.0,0.0,0.0
full_development,POU3F2,0.0,0.0,0.0,0.0,0.0,0.0,0.0
full_development,PPFIA1,0.00031198305193314013,0.08008089130591872,0.04004044565295936,-0.03972846260102622,0.25,-0.0001474076774987676,1.0
full_development,PPID,0.1189534836221231,0.3117529333705382,0.1558764666852691,-0.03692298306314601,0.25,-0.00012028441377689991,1.0
full_development,PPM1D,0.0,0.0,0.0,0.0,0.0,0.0,0.0
full_development,PPOX,0.0,0.0,0.0,0.0,0.0,0.0,0.0
full_development,PPP1R15A,0.0438393778581645,0.087678755716329,0.0438393778581645,0.0,0.25,0.00011156729739381088,0.5
full_development,PPP3CB,0.003017101820182333,0.006034203640364666,0.003017101820182333,0.0,0.25,2.277627594185483e-05,1.0
full_development,PPP5C,0.0,0.0,0.0,0.0,0.0,0.0,0.0
full_development,PRDM1,0.08507539284097909,0.1584895229213363,0.07924476146066815,0.005830631380310938,0.5,0.00026674331752624125,1.0
full_development,PRDX1,0.015582497699218933,0.031164995398437867,0.015582497699218933,0.0,0.25,1.785076758301085e-05,0.5
full_development,PRKAG1,-0.03021490081466638,0.06042980162933276,0.03021490081466638,-0.06042980162933276,0.0,-6.694037843626988e-05,0.5
full_development,PRKD3,0.0,0.0,0.0,0.0,0.0,-0.000603964072458274,1.0
full_development,PRKG1,-0.018360413724844094,0.03672082744968819,0.018360413724844094,-0.03672082744968819,0.0,9.323057252447198e-05,0.5
full_development,PROM1,0.0,0.0,0.0,0.0,0.0,0.0,0.0
full_development,PRSS8,0.0,0.0,0.0,0.0,0.0,0.0,0.0
full_development,PSG4,0.0,0.0,0.0,0.0,0.0,0.0,0.0
full_development,PSMD9,0.04650329892248806,0.09300659784497611,0.04650329892248806,0.0,0.25,-0.00013388075687253975,0.5
full_development,PTAFR,0.0,0.0,0.0,0.0,0.0,-2.6637306435595143e-05,0.5
full_development,PTBP1,0.0,0.0,0.0,0.0,0.0,0.0,0.0
full_development,PTGES2,0.0,0.0,0.0,0.0,0.0,0.000266535050117811,1.0
full_development,PTP4A2,0.0,0.0,0.0,0.0,0.0,0.0,0.0
full_development,PTPRN2,-0.2395405423239687,0.4790810846479374,0.2395405423239687,-0.4790810846479374,0.0,-4.016422706176748e-05,0.5
full_development,PYGO1,0.0,0.0,0.0,0.0,0.0,0.0,0.0
full_development,RAB1A,0.0,0.0,0.0,0.0,0.0,-0.00026637306435575714,0.5
full_development,RAB26,0.0,0.0,0.0,0.0,0.0,-0.00011098877681492425,0.5
full_development,RAB30,-0.33735854224631545,0.6492229037514919,0.32461145187574597,-0.6619699941220614,0.0,0.0004551945733666518,0.5
full_development,RAB38,0.013482444020732842,0.0971649106608757,0.04858245533043785,-0.035100011309705005,0.25,0.0002006128679004071,1.0
full_development,RAB4A,0.015582497699218933,0.031164995398437867,0.015582497699218933,0.0,0.25,-0.00011052596035179829,1.0
full_development,RALB,0.0,0.0,0.0,0.0,0.0,0.0,0.0
full_development,RANGAP1,0.31839738701401643,0.36980003438182685,0.18490001719091342,0.133497369823103,0.5,-0.0006703722119619504,0.5
full_development,RARS2,0.07068425927031186,0.23079743129987848,0.11539871564993924,-0.044714456379627385,0.5,-7.791483456892623e-06,1.0
full_development,RASGRP2,-0.02262497582198364,0.04524995164396728,0.02262497582198364,-0.04524995164396728,0.0,2.2313459478756625e-05,0.5
full_development,RB1,-0.03690156964445279,0.054253231430174964,0.027126615715087482,-0.06402818535954027,0.5,-0.0001559165264734541,1.0
full_development,RBM10,0.0,0.0,0.0,0.0,0.0,-0.00014206563432309083,0.5
full_development,RBM26,0.0,0.0,0.0,0.0,0.0,0.0,0.0
full_development,RBM4,-0.034322355553287665,0.041539961294449944,0.020769980647224972,-0.05509233620051264,0.0,-3.9955959653392714e-05,0.5
full_development,RCC1,0.0,0.0,0.0,0.0,0.0,0.0,0.0
full_development,RELN,0.0,0.0,0.0,0.0,0.0,0.0,0.0
full_development,RETREG1,-0.04194312315019033,0.04843174688283202,0.02421587344141601,-0.06615899659160634,0.0,-0.0003107685750817213,0.5
full_development,RFC1,0.0,0.0,0.0,0.0,0.0,0.0,0.0
full_development,RGS12,0.0,0.0,0.0,0.0,0.0,0.0,0.0
full_development,RGS13,0.0,0.0,0.0,0.0,0.0,0.0,0.0
full_development,RGS20,0.1617913638293622,0.38656949954253067,0.19328474977126534,-0.031493385941903124,0.25,0.0004093411907818423,1.0
full_development,RIOX2,0.0,0.0,0.0,0.0,0.0,-0.00022715761104338816,1.0
full_development,RLN1,-0.19621859664128927,0.39243719328257853,0.19621859664128927,-0.39243719328257853,0.0,-0.00023654581129800567,1.0
full_development,RNF128,0.0,0.0,0.0,0.0,0.0,3.107685750813882e-05,0.5
full_development,RNF146,-0.386445834929642,0.4487231072943817,0.22436155364719085,-0.6108073885768328,0.0,-0.00033470189218137714,0.5
full_development,RNF2,0.0,0.0,0.0,0.0,0.0,0.0,0.0
full_development,RNLS,0.0,0.0,0.0,0.0,0.0,0.00022759728668333978,0.5
full_development,ROCK2,0.0,0.0,0.0,0.0,0.0,2.67761513745024e-05,0.5
full_development,ROR1,0.0,0.0,0.0,0.0,0.0,3.99559596533372e-05,0.5
full_development,RPA2,0.04512018345322488,0.053565948790685124,0.026782974395342562,0.01833720905788232,0.5,0.0002619335132831302,0.5
full_development,RPL10A,0.24469897712910793,0.33735670324792555,0.16867835162396277,0.07602062550514516,0.5,-0.0003078794591605538,1.0
full_development,RPL26L1,0.0025207767528687697,0.005041553505737539,0.0025207767528687697,0.0,0.25,-0.0004284184219921494,0.5
full_development,RPL27A,0.04650329892248806,0.09300659784497611,0.04650329892248806,0.0,0.25,0.0001733507592396044,1.0
full_development,RPL37A,0.0,0.0,0.0,0.0,0.0,0.0,0.0
full_development,RPL38,0.0,0.0,0.0,0.0,0.0,1.775820429034125e-05,0.5
full_development,RPL39,0.0,0.0,0.0,0.0,0.0,0.0,0.0
full_development,RPL7A,0.0,0.0,0.0,0.0,0.0,0.0,0.0
full_development,RPS11,0.0,0.0,0.0,0.0,0.0,-3.5516408580793524e-05,0.5
full_development,RPS26,0.03610741984271648,0.07221483968543296,0.03610741984271648,0.0,0.25,-3.498416964820006e-05,1.0
full_development,RPS28,-0.0741287723598667,0.09808237297101126,0.04904118648550563,-0.12316995884537232,0.0,-4.8904484268030846e-05,1.0
full_development,RPS3A,0.05200651050884808,0.07317304942572711,0.036586524712863555,0.015419985795984525,0.5,-4.016422706176748e-05,0.5
full_development,RPS6KA5,0.038666765163073435,0.05530463783332111,0.027652318916660555,0.01101444624641288,0.5,0.00043641817285738904,1.0
full_development,RPS6KB1,0.0,0.0,0.0,0.0,0.0,0.0,0.0
full_development,RSAD2,0.008157275119064167,0.016314550238128334,0.008157275119064167,0.0,0.25,-0.00028561228132809036,0.5
full_development,RYBP,0.18980025091650177,0.21937384615535138,0.10968692307767569,0.08011332783882608,0.5,0.0007318814709032506,0.5
full_development,S100A12,0.0,0.0,0.0,0.0,0.0,-8.925383791491548e-06,0.5
full_development,S100A7,0.06358626356577801,0.27724360842164786,0.13862180421082393,-0.07503554064504592,0.25,-0.001362942179286869,0.5
full_development,SAMHD1,0.0,0.0,0.0,0.0,0.0,-7.55186498804794e-05,1.0
full_development,SAP18,-0.4763463471578895,0.5528494139514908,0.2764247069757454,-0.7527710541336349,0.0,-0.0002945376651195819,0.5
full_development,SAP30,0.0,0.0,0.0,0.0,0.0,0.0,0.0
full_development,SATB1,0.15040884473351745,0.3008176894670349,0.15040884473351745,0.0,0.25,0.0004350760051143321,0.5
full_development,SCN2A,-0.2395405423239687,0.4790810846479374,0.2395405423239687,-0.4790810846479374,0.0,-0.00016500389602702725,1.0
full_development,SCT,0.007620767596904443,0.015241535193808886,0.007620767596904443,0.0,0.25,0.0002548131136977938,1.0
full_development,SEC16A,0.0,0.0,0.0,0.0,0.0,3.551640858073801e-05,0.5
full_development,SEC23A,-0.5386443601863622,0.6355128002645535,0.31775640013227674,-0.856400760318639,0.0,0.0013164941092466964,0.5
full_development,SEC61G,0.7403933489970491,0.16069209709193763,0.08034604854596882,0.6600473004510803,1.0,0.00023353750428770081,1.0
full_development,SEMG1,0.0,0.0,0.0,0.0,0.0,-0.00014650518539569002,0.5
full_development,SENP5,0.0,0.0,0.0,0.0,0.0,0.00014280614066405906,0.5
full_development,SEPTIN4,-0.0161316397819391,0.0322632795638782,0.0161316397819391,-0.0322632795638782,0.0,-0.00011986787896009488,0.5
full_development,SERPINA1,0.02508999408753887,0.029236395790374018,0.014618197895187009,0.01047179619235186,0.5,-4.016422706176748e-05,0.5
full_development,SERPINA5,0.0,0.0,0.0,0.0,0.0,0.00034184543258983235,0.5
full_development,SERPINB2,-0.10093408488035216,0.11662131378388624,0.05831065689194312,-0.15924474177229528,0.0,3.123884327027593e-05,0.5
full_development,SETD1B,-0.3451738350230791,0.4616826937946355,0.23084134689731775,-0.5760151819203968,0.0,0.0004589398997445482,1.0
full_development,SF3B5,-0.0936705539668008,0.085222742459867,0.0426113712299335,-0.1362819251967343,0.0,-0.00013390389769574185,1.0
full_development,SFTPC,-0.0161316397819391,0.0322632795638782,0.0161316397819391,-0.0322632795638782,0.0,-4.439551072626946e-06,0.5
full_development,SGCA,-0.19051646664861188,0.3877841367868633,0.19389206839343165,-0.38440853504204353,0.25,-8.92538379150265e-05,0.5
full_development,SHARPIN,0.007620767596904443,0.015241535193808886,0.007620767596904443,0.0,0.25,-0.0011276459724393062,0.5
full_development,SHB,-0.026937830505218585,0.11396146219576578,0.05698073109788289,-0.08391856160310147,0.25,3.123884327024817e-05,0.5
full_development,SIGIRR,0.0,0.0,0.0,0.0,0.0,0.0,0.0
full_development,SIGLEC15,0.0,0.0,0.0,0.0,0.0,1.3388075687237322e-05,0.5
full_development,SIKE1,0.0,0.0,0.0,0.0,0.0,0.0,0.0
full_development,SLC12A5,0.0,0.0,0.0,0.0,0.0,8.032845412353495e-05,0.5
full_development,SLC13A4,0.0,0.0,0.0,0.0,0.0,-5.771416394376172e-05,0.5
full_development,SLC16A8,0.0,0.0,0.0,0.0,0.0,0.0,0.0
full_development,SLC18A2,0.0,0.0,0.0,0.0,0.0,0.0,0.0
full_development,SLC20A2,-0.10797656300311687,0.1256548173667248,0.0628274086833624,-0.17080397168647926,0.0,-0.0002666276134104806,1.0
full_development,SLC22A5,-0.10036544601564579,0.1310831604776379,0.06554158023881895,-0.16590702625446474,0.0,0.0005815811905099944,0.5
full_development,SLC22A6,0.0,0.0,0.0,0.0,0.0,-8.03284541235072e-05,0.5
full_development,SLC24A1,-0.02167988339728133,0.0806961251686563,0.04034806258432815,-0.06202794598160948,0.25,0.00016426338968603127,0.5
full_development,SLC25A11,-0.020971561575095166,0.04194312315019033,0.020971561575095166,-0.04194312315019033,0.0,-0.0002841312686461539,0.5
full_development,SLC25A21,0.0025207767528687697,0.005041553505737539,0.0025207767528687697,0.0,0.25,-2.2313459478756625e-05,0.5
full_development,SLC25A4,0.008157275119064167,0.016314550238128334,0.008157275119064167,0.0,0.25,-0.0002049829965035388,1.0
full_development,SLC28A3,0.0,0.0,0.0,0.0,0.0,0.0,0.0
full_development,SLC30A3,0.0,0.0,0.0,0.0,0.0,0.0001909006961215709,0.5
full_development,SLC44A4,0.0,0.0,0.0,0.0,0.0,-0.00020865890041199542,0.5
full_development,SLC4A8,0.0,0.0,0.0,0.0,0.0,0.0,0.0
full_development,SLC6A13,0.0,0.0,0.0,0.0,0.0,0.0,0.0
full_development,SLC6A14,0.0,0.0,0.0,0.0,0.0,-8.879102145198381e-06,0.5
full_development,SLC6A4,0.0,0.0,0.0,0.0,0.0,-4.4395510725991905e-05,0.5
full_development,SLC6A5,-0.04524995164396728,0.05225014352492412,0.02612507176246206,-0.07137502340642934,0.0,-6.24776865405241e-05,0.5
full_development,SLC9A2,0.0,0.0,0.0,0.0,0.0,0.0,0.0
full_development,SLCO1A2,0.0,0.0,0.0,0.0,0.0,0.0003773618411705981,0.5
full_development,SLCO3A1,0.0,0.0,0.0,0.0,0.0,0.0,0.0
full_development,SLIT2,0.03917178199601423,0.1301864805265584,0.0650932402632792,-0.02592145826726497,0.25,-0.0005176722599071759,0.5
full_development,SMPD4,0.04650329892248806,0.09300659784497611,0.04650329892248806,0.0,0.25,5.801499464475057e-05,0.5
full_development,SMURF1,0.0,0.0,0.0,0.0,0.0,-0.00015982383861345983,0.5
full_development,SNAPC3,0.0,0.0,0.0,0.0,0.0,6.659326608890459e-05,0.5
full_development,SNCB,0.0,0.0,0.0,0.0,0.0,-2.6637306435595143e-05,0.5
full_development,SNRPN,0.0,0.0,0.0,0.0,0.0,-9.323057252452749e-05,0.5
full_development,SOX13,0.0,0.0,0.0,0.0,0.0,0.0,0.0
full_development,SPCS3,-0.0022162240972249947,0.08203365289029273,0.041016826445146364,-0.04323305054237136,0.25,3.107685750813882e-05,0.5
full_development,SPOCK3,0.0,0.0,0.0,0.0,0.0,0.0,0.0
full_development,SPON1,-0.4679010962525805,0.5423598637174453,0.27117993185872263,-0.7390810281113032,0.0,-0.00034808996786861446,0.5
full_development,SPTBN2,0.0,0.0,0.0,0.0,0.0,0.0,0.0
full_development,SPTBN4,0.0,0.0,0.0,0.0,0.0,-4.4835186365943525e-05,1.0
full_development,SPTLC1,0.3946641352809479,0.7745419303917995,0.38727096519589976,0.00739317008504814,0.75,-0.0005057385691054073,1.0
full_development,SPTSSA,0.0,0.0,0.0,0.0,0.0,0.0,0.0
full_development,SQOR,0.0,0.0,0.0,0.0,0.0,0.0,0.0
full_development,SQSTM1,0.0,0.0,0.0,0.0,0.0,0.0,0.0
full_development,SRP14,0.0,0.0,0.0,0.0,0.0,0.0,0.0
full_development,SRPK1,0.0890289251523928,0.2648319505805379,0.13241597529026894,-0.04338705013787614,0.25,-0.00014627377716414092,1.0
full_development,SRRM1,-0.021861731254546157,0.03457482746554798,0.01728741373277399,-0.039149144987320146,0.0,-0.0003213138164940843,0.5
full_development,SRSF2,0.0,0.0,0.0,0.0,0.0,0.0,0.0
full_development,SSR1,0.015582497699218933,0.031164995398437867,0.015582497699218933,0.0,0.25,0.00022743530092120268,1.0
full_development,ST6GAL1,0.0,0.0,0.0,0.0,0.0,0.0,0.0
full_development,ST6GALNAC5,-0.04194312315019033,0.04843174688283202,0.02421587344141601,-0.06615899659160634,0.0,-0.0001820215939764558,0.5
full_development,STAP2,0.049024075675356826,0.09144969115038218,0.04572484557519109,0.003299230100165737,0.5,6.24776865405241e-05,0.5
full_development,STAT2,-0.10041986405731862,0.12360388455858018,0.06180194227929009,-0.1622218063366087,0.0,-0.0005682625372922523,0.5
full_development,STOM,0.0,0.0,0.0,0.0,0.0,0.0,0.0
full_development,STRA6,0.01914874160212321,0.03829748320424642,0.01914874160212321,0.0,0.25,0.0005378799044787053,1.0
full_development,STS,-0.16325931591527976,0.10247777713946638,0.05123888856973319,-0.21449820448501294,0.0,-7.137992950889682e-05,1.0
full_development,STX5,-0.05242692268649307,0.060537395851660944,0.030268697925830472,-0.08269562061232355,0.0,-4.4395510725991905e-05,0.5
full_development,SUPT3H,0.0,0.0,0.0,0.0,0.0,6.694037843626988e-05,0.5
full_development,SUPT4H1,0.0,0.0,0.0,0.0,0.0,0.0,0.0
full_development,SWAP70,0.01089127313500704,0.014853485177070712,0.007426742588535356,0.0034645305464716843,0.5,-0.0002796917175735547,0.5
full_development,SYP,0.031164995398437867,0.0359862369651631,0.01799311848258155,0.013171876915856317,0.5,0.0005756872545519542,0.5
full_development,TAAR2,-0.2254472311132929,0.2649780793047566,0.1324890396523783,-0.3579362707656712,0.0,-0.0004237243218648268,1.0
full_development,TACO1,0.0,0.0,0.0,0.0,0.0,0.0,0.0
full_development,TACR1,0.0,0.0,0.0,0.0,0.0,0.0,0.0
full_development,TBCA,0.0,0.0,0.0,0.0,0.0,-7.991191930672992e-05,0.5
full_development,TBCE,0.0,0.0,0.0,0.0,0.0,0.0,0.0
full_development,TBL1XR1,-0.07160578360732472,0.3921529511083731,0.19607647555418656,-0.2676822591615113,0.25,-0.0014961287114647337,0.5
full_development,TBL3,0.0,0.0,0.0,0.0,0.0,0.0,0.0
full_development,TBXAS1,0.0,0.0,0.0,0.0,0.0,0.0,0.0
full_development,TBXT,0.0,0.0,0.0,0.0,0.0,-2.7755575615628914e-17,0.5
full_development,TCF4,0.0,0.0,0.0,0.0,0.0,-0.00020421934933939623,0.5
full_development,TDO2,0.0,0.0,0.0,0.0,0.0,0.0,0.0
full_development,TDRD12,0.052421970080844815,0.0845028952762636,0.0422514476381318,0.010170522442713013,0.5,-0.00016511960014278793,0.5
full_development,TFAP2B,0.0,0.0,0.0,0.0,0.0,-0.0001247239648494991,1.0
full_development,TFEB,0.14249509930267656,0.44493610237170916,0.22246805118585458,-0.07997295188317802,0.25,-0.0011379864334166434,0.5
full_development,TFEC,0.0,0.0,0.0,0.0,0.0,0.0,0.0
full_development,TGFBR1,0.007620767596904443,0.015241535193808886,0.007620767596904443,0.0,0.25,0.0001243074300326663,0.5
full_development,TGOLN2,0.0,0.0,0.0,0.0,0.0,0.0,0.0
full_development,THPO,0.0,0.0,0.0,0.0,0.0,0.0,0.0
full_development,TIMM13,-0.0076130820116002695,0.08770956469652905,0.04385478234826452,-0.05146786435986479,0.25,-0.00033470189218137714,0.5
full_development,TIMM22,-0.008805831368839279,0.010168098222475616,0.005084049111237808,-0.013889880480077086,0.0,-2.205891042406094e-05,1.0
full_development,TIMP2,-0.06785907059854956,0.09756347773811615,0.048781738869058074,-0.11664080946760763,0.0,0.000270858897074594,1.0
full_development,TIMP3,-0.4379321112994816,0.5091064402691153,0.25455322013455767,-0.6924853314340393,0.0,-1.3388075687237322e-05,0.5
full_development,TMEM223,0.0,0.0,0.0,0.0,0.0,-2.67761513745024e-05,0.5
full_development,TMEM258,0.0,0.0,0.0,0.0,0.0,0.0,0.0
full_development,TMEM30A,0.38507122857735787,0.4620326117151331,0.23101630585756655,0.15405492271979132,0.75,0.0007059383891623583,1.0
full_development,TMPRSS6,0.0,0.0,0.0,0.0,0.0,0.0,0.0
full_development,TMSB4X,0.02951622240496299,0.040328247851192225,0.020164123925596113,0.009352098479366876,0.5,-4.462691895745774e-06,0.5
full_development,TNFRSF10C,0.0,0.0,0.0,0.0,0.0,0.0,0.0
full_development,TNFSF10,0.17806947686224284,0.305201362226404,0.152600681113202,0.025468795749040846,0.5,-0.0001561710755281498,1.0
full_development,TNFSF4,0.0,0.0,0.0,0.0,0.0,0.0,0.0
full_development,TNIP1,-0.041106083609523836,0.049069505903975595,0.024534752951987798,-0.06564083656151164,0.0,-4.883506179856334e-05,0.5
full_development,TNN,0.21638472951696563,0.43276945903393127,0.21638472951696563,0.0,0.25,-3.1123139154515256e-05,1.0
full_development,TOMM70,-0.2395405423239687,0.4790810846479374,0.2395405423239687,-0.4790810846479374,0.0,-0.0003468635042413737,1.0
full_development,TP53I3,0.0005637805584530753,0.036129778777248454,0.018064889388624227,-0.017501108830171152,0.25,-0.0005042841842199108,0.5
full_development,TPD52,0.0,0.0,0.0,0.0,0.0,0.0,0.0
full_development,TPM1,0.0,0.0,0.0,0.0,0.0,0.0,0.0
full_development,TPO,0.0,0.0,0.0,0.0,0.0,-0.00015062076494409826,1.0
full_development,TPP2,0.0,0.0,0.0,0.0,0.0,0.0,0.0
full_development,TRA2B,0.21638472951696563,0.43276945903393127,0.21638472951696563,0.0,0.25,-0.0003018894729365229,0.5
full_development,TRIM14,-0.04872685120642828,0.05626492132158842,0.02813246066079421,-0.07685931186722249,0.0,6.661640691207893e-05,1.0
full_development,TRIM62,0.016314550238128334,0.01883841994338213,0.009419209971691066,0.006895340266437268,0.5,-0.0001160299892895289,0.5
full_development,TRIP12,0.0,0.0,0.0,0.0,0.0,-2.66373064356229e-05,0.5
full_development,TRMT112,0.0,0.0,0.0,0.0,0.0,0.0,0.0
full_development,TRMT12,0.0,0.0,0.0,0.0,0.0,0.0,0.0
full_development,TSPAN5,0.0,0.0,0.0,0.0,0.0,0.0,0.0
full_development,TSPAN7,0.07577077055894677,0.09974132340031079,0.049870661700155396,0.02590010885879137,0.5,-0.00043288111388786743,0.5
full_development,TSR1,0.18339521782690404,0.2132898947156809,0.10664494735784046,0.07675027046906359,0.5,0.0004908961085326735,0.5
full_development,TSR3,0.015582497699218933,0.031164995398437867,0.015582497699218933,0.0,0.25,8.479114601928073e-05,0.5
full_development,TST,0.0,0.0,0.0,0.0,0.0,0.0,0.0
full_development,TTC19,-0.12212533546802007,0.14511701188109202,0.07255850594054601,-0.1946838414085661,0.0,0.00011542832788746793,0.5
full_development,TUBB2B,0.0,0.0,0.0,0.0,0.0,0.00021753800255716604,0.5
full_development,TUT4,-0.0161316397819391,0.0322632795638782,0.0161316397819391,-0.0322632795638782,0.0,2.2197755362968197e-05,0.5
full_development,TYROBP,-0.07101808331161763,0.08294351776791979,0.041471758883959896,-0.11248984219557753,0.0,-0.0005371856797840857,0.5
full_development,U2AF1,0.0,0.0,0.0,0.0,0.0,0.0,0.0
full_development,UBE2M,0.0025207767528687697,0.005041553505737539,0.0025207767528687697,0.0,0.25,0.00031685112459833853,0.5
full_development,UBE2W,0.0,0.0,0.0,0.0,0.0,0.0,0.0
full_development,UCKL1,-0.1871185722431239,0.499302123864363,0.2496510619321815,-0.4367696341753054,0.25,-8.012018671516019e-05,1.0
full_development,UCP2,0.009580228639277877,0.019914341156741733,0.009957170578370866,-0.00037694193909298956,0.5,-0.00012037697706954176,1.0
full_development,UFD1,-0.028847370013522777,0.03356346004357879,0.016781730021789395,-0.045629100035312176,0.0,-4.9089610853259025e-05,0.5
full_development,UGT1A1,0.0,0.0,0.0,0.0,0.0,8.879102145170625e-06,0.5
full_development,UGT2B17,0.0,0.0,0.0,0.0,0.0,0.0,0.0
full_development,UNC119B,0.0,0.0,0.0,0.0,0.0,-8.032845412353495e-05,0.5
full_development,UNC5C,0.0,0.0,0.0,0.0,0.0,2.219775536294044e-05,0.5
full_development,UPB1,0.0,0.0,0.0,0.0,0.0,0.0,0.0
full_development,UPF3B,0.0,0.0,0.0,0.0,0.0,0.0,0.0
full_development,USP48,0.10239629929504623,0.3038146133029887,0.15190730665149435,-0.04951100735644812,0.25,-9.256329264184515e-08,1.0
full_development,UTS2,0.0,0.0,0.0,0.0,0.0,0.0,0.0
full_development,VAV2,-0.020508230431801167,0.1570497167253978,0.0785248583626989,-0.09903308879450007,0.25,0.00047739232872964776,1.0
full_development,VEGFA,0.0,0.0,0.0,0.0,0.0,-0.00010710460549803735,0.5
full_development,VPS33A,0.7751827612810214,0.8485480341942063,0.42427401709710316,0.3509087441839182,1.0,-5.244154323755246e-05,1.0
full_development,VPS4A,-0.018360413724844094,0.03672082744968819,0.018360413724844094,-0.03672082744968819,0.0,7.535666411831454e-05,1.0
full_development,WBP11,0.0,0.0,0.0,0.0,0.0,-7.103281716155929e-05,0.5
full_development,WDCP,0.0,0.0,0.0,0.0,0.0,0.0,0.0
full_development,WDR12,-0.051727430816610465,0.10345486163322093,0.051727430816610465,-0.10345486163322093,0.0,-8.03284541235072e-05,0.5
full_development,WDR26,0.0,0.0,0.0,0.0,0.0,0.0,0.0
full_development,WDR3,-0.0028110909869472067,0.0038191174474195427,0.0019095587237097714,-0.004720649710656978,0.0,-0.0005667618707604349,0.5
full_development,WDR45,0.0,0.0,0.0,0.0,0.0,0.0,0.0
full_development,WDR70,0.46264316694019847,0.40327551924609223,0.20163775962304611,0.2610054073171524,1.0,0.0002633451034956269,1.0
full_development,WDR82,0.0,0.0,0.0,0.0,0.0,0.0002663730643557294,0.5
full_development,WHRN,0.0,0.0,0.0,0.0,0.0,0.00022641710470236442,0.5
full_development,WIPF1,0.0,0.0,0.0,0.0,0.0,-4.439551072626946e-06,0.5
full_development,WIPF2,0.0,0.0,0.0,0.0,0.0,0.0,0.0
full_development,WIPI2,0.0,0.0,0.0,0.0,0.0,-5.771416394376172e-05,0.5
full_development,WT1,-0.10680161413856126,0.12610601036012312,0.06305300518006156,-0.16985461931862283,0.0,-0.0006037789458730181,0.5
full_development,XRCC5,0.21638472951696563,0.43276945903393127,0.21638472951696563,0.0,0.25,0.0004528342094047011,0.5
full_development,XYLT2,0.04650329892248806,0.09300659784497611,0.04650329892248806,0.0,0.25,0.0003347018921813494,0.5
full_development,YAP1,0.0,0.0,0.0,0.0,0.0,0.0,0.0
full_development,YARS1,0.0,0.0,0.0,0.0,0.0,0.0,0.0
full_development,YBX1,-0.03672082744968819,0.04240155922588655,0.021200779612943275,-0.05792160706263146,0.0,8.879102145170625e-06,0.5
full_development,YOD1,0.0,0.0,0.0,0.0,0.0,0.0,0.0
full_development,YWHAE,0.0,0.0,0.0,0.0,0.0,-1.3318653217797571e-05,0.5
full_development,YWHAQ,0.5743870773280069,0.7515009132286965,0.37575045661434825,0.19863662071365862,0.5,6.21537150163054e-05,0.5
full_development,ZAP70,0.3260181546109209,0.37744486631408464,0.18872243315704232,0.13729572145387856,0.5,-0.00015538428754086064,1.0
full_development,ZBTB17,0.02399723724602154,0.04799447449204308,0.02399723724602154,0.0,0.25,-0.0004306364540417884,0.5
full_development,ZC3H11A,0.0,0.0,0.0,0.0,0.0,0.0,0.0
full_development,ZFAND6,0.17138040630861617,0.34276081261723235,0.17138040630861617,0.0,0.25,-6.65932660889601e-05,0.5
full_development,ZFP69B,0.0,0.0,0.0,0.0,0.0,0.0,0.0
full_development,ZNF197,0.0,0.0,0.0,0.0,0.0,0.0,0.0
full_development,ZNF26,0.0,0.0,0.0,0.0,0.0,8.879102145170625e-06,0.5
full_development,ZNF274,0.0,0.0,0.0,0.0,0.0,0.0,0.0
full_development,ZNF324B,0.026769509199027652,0.03619198791789559,0.018095993958947794,0.008673515240079858,0.5,-5.327461287116253e-05,0.5
full_development,ZNF41,0.02260483258748991,0.12480153306143489,0.062400766530717446,-0.039795933943227536,0.5,-3.5817239281782376e-05,1.0
full_development,ZNF423,0.0,0.0,0.0,0.0,0.0,0.0,0.0
full_development,ZNF432,0.0,0.0,0.0,0.0,0.0,0.0,0.0
full_development,ZNF442,-0.0322632795638782,0.03725442628229046,0.01862721314114523,-0.05089049270502343,0.0,-8.435147037932911e-05,0.5
full_development,ZNF493,-0.36422429186607097,0.4416772238923815,0.22083861194619075,-0.5850629038122617,0.0,-0.00010264191360229158,0.5
full_development,ZNF562,0.0,0.0,0.0,0.0,0.0,-5.327461287116253e-05,0.5
full_development,ZNF571,0.0,0.0,0.0,0.0,0.0,0.0,0.0
full_development,ZNF587,0.05784430168853483,0.04210231023080454,0.02105115511540227,0.036793146573132554,0.75,0.00041865996856702004,1.0
full_development,ZNF671,0.0,0.0,0.0,0.0,0.0,-0.00010654922574232506,0.5
full_development,ZNF750,0.06543350911607249,0.0763633158335862,0.0381816579167931,0.027251851199279385,0.5,4.9413582377422216e-05,1.0
full_development,ZNF75D,0.0,0.0,0.0,0.0,0.0,0.0,0.0
full_development,ZZZ3,0.0,0.0,0.0,0.0,0.0,0.0,0.0
