context,gene,act_policy_pfi_mean,act_policy_pfi_sd,act_policy_pfi_se,act_selection_score,act_positive_fraction,act_cindex_pfi_mean,act_split_use_fraction
repeat_1_fold_1,A1CF,0.0,0.0,0.0,0.0,0.0,0.0,0.0
repeat_1_fold_1,A2M,0.0,0.0,0.0,0.0,0.0,0.0,0.0
repeat_1_fold_1,A4GALT,0.0,0.0,0.0,0.0,0.0,0.0,0.0
repeat_1_fold_1,A4GNT,0.0,0.0,0.0,0.0,0.0,0.0,0.0
repeat_1_fold_1,AAAS,0.0,0.0,0.0,0.0,0.0,0.0,0.0
repeat_1_fold_1,AACS,0.0,0.0,0.0,0.0,0.0,0.0,0.0
repeat_1_fold_1,AADAC,0.0,0.0,0.0,0.0,0.0,0.0,0.0
repeat_1_fold_1,AAK1,0.0,0.0,0.0,0.0,0.0,0.0,0.0
repeat_1_fold_1,AAMP,0.0,0.0,0.0,0.0,0.0,0.0,0.0
repeat_1_fold_1,AANAT,0.0,0.0,0.0,0.0,0.0,0.0,0.0
repeat_1_fold_1,AARS1,0.0,0.0,0.0,0.0,0.0,-0.000444839857651258,0.5
repeat_1_fold_1,AASDHPPT,0.0,0.0,0.0,0.0,0.0,0.0,0.0
repeat_1_fold_1,AASS,0.0,0.0,0.0,0.0,0.0,0.0,0.0
repeat_1_fold_1,AATF,0.0,0.0,0.0,0.0,0.0,0.0,0.0
repeat_1_fold_1,ABAT,0.0,0.0,0.0,0.0,0.0,0.0,0.0
repeat_1_fold_1,ABCA1,0.0,0.0,0.0,0.0,0.0,0.0,0.0
repeat_1_fold_1,ABCA12,0.0,0.0,0.0,0.0,0.0,0.0,0.0
repeat_1_fold_1,ABCA2,0.0,0.0,0.0,0.0,0.0,0.0,0.0
repeat_1_fold_1,ABCA3,0.0,0.0,0.0,0.0,0.0,0.0,0.0
repeat_1_fold_1,ABCA4,0.0,0.0,0.0,0.0,0.0,0.0,0.0
repeat_1_fold_1,ABCA5,0.0,0.0,0.0,0.0,0.0,0.0,0.0
repeat_1_fold_1,ABCA6,0.0,0.0,0.0,0.0,0.0,0.0,0.5
repeat_1_fold_1,ABCA7,0.0,0.0,0.0,0.0,0.0,0.0,0.0
repeat_1_fold_1,ABCA8,0.0,0.0,0.0,0.0,0.0,0.0,0.0
repeat_1_fold_1,ABCB1,0.0,0.0,0.0,0.0,0.0,0.0,0.0
repeat_1_fold_1,ABCB11,0.0,0.0,0.0,0.0,0.0,0.0,0.0
repeat_1_fold_1,ABCB4,0.0,0.0,0.0,0.0,0.0,0.0,0.0
repeat_1_fold_1,ABCB6,0.0,0.0,0.0,0.0,0.0,0.0,0.0
repeat_1_fold_1,ABCB7,-0.20091497388536972,0.31062504207928193,0.15531252103964097,-0.3562274949250107,0.0,0.0017793594306050042,0.5
repeat_1_fold_1,ABCB8,0.0,0.0,0.0,0.0,0.0,0.0,0.0
repeat_1_fold_1,ABCB9,0.0,0.0,0.0,0.0,0.0,0.0,0.0
repeat_1_fold_1,ABCC1,0.0,0.0,0.0,0.0,0.0,0.0,0.0
repeat_1_fold_1,ABCC10,0.0,0.0,0.0,0.0,0.0,0.0,0.0
repeat_1_fold_1,ABCC2,0.0,0.0,0.0,0.0,0.0,0.0,0.0
repeat_1_fold_1,ABCC3,0.0,0.0,0.0,0.0,0.0,0.0,0.0
repeat_1_fold_1,ABCC4,0.0,0.0,0.0,0.0,0.0,0.0,0.0
repeat_1_fold_1,ABCC5,0.0,0.0,0.0,0.0,0.0,0.0,0.0
repeat_1_fold_1,ABCC6,0.14558024927373658,0.3646029579975071,0.18230147899875354,-0.03672122972501696,0.5,0.0021566241027316524,1.0
repeat_1_fold_1,ABCC8,0.0,0.0,0.0,0.0,0.0,0.0,0.0
repeat_1_fold_1,ABCC9,0.0,0.0,0.0,0.0,0.0,0.0,0.0
repeat_1_fold_1,ABCD1,0.0,0.0,0.0,0.0,0.0,0.0,0.0
repeat_1_fold_1,ABCD2,0.0,0.0,0.0,0.0,0.0,0.0,0.0
repeat_1_fold_1,ABCD3,0.0,0.0,0.0,0.0,0.0,0.0,0.0
repeat_1_fold_1,ABCD4,0.0,0.0,0.0,0.0,0.0,0.0,0.0
repeat_1_fold_1,ABCE1,0.0,0.0,0.0,0.0,0.0,0.0,0.0
repeat_1_fold_1,ABCF1,0.0,0.0,0.0,0.0,0.0,0.0,0.0
repeat_1_fold_1,ABCF2,0.0,0.0,0.0,0.0,0.0,0.0,0.0
repeat_1_fold_1,ABCG2,0.0,0.0,0.0,0.0,0.0,0.0,0.0
repeat_1_fold_1,ABCG4,0.0,0.0,0.0,0.0,0.0,0.0,0.0
repeat_1_fold_1,ABCG5,0.0,0.0,0.0,0.0,0.0,0.0,0.0
repeat_1_fold_1,ABHD10,0.0,0.0,0.0,0.0,0.0,0.0,0.0
repeat_1_fold_1,ABHD17A,0.0,0.0,0.0,0.0,0.0,0.0,0.0
repeat_1_fold_1,ABHD17B,0.0,0.0,0.0,0.0,0.0,0.0,0.0
repeat_1_fold_1,ABHD3,0.0,0.0,0.0,0.0,0.0,0.0,0.0
repeat_1_fold_1,ABHD4,0.0,0.0,0.0,0.0,0.0,0.0,0.0
repeat_1_fold_1,ABHD5,0.0,0.0,0.0,0.0,0.0,0.0,0.0
repeat_1_fold_1,ABI1,0.0,0.0,0.0,0.0,0.0,0.0,0.0
repeat_1_fold_1,ABI2,0.0,0.0,0.0,0.0,0.0,0.0,0.0
repeat_1_fold_1,ABL1,0.0,0.0,0.0,0.0,0.0,0.0,0.0
repeat_1_fold_1,ABL2,0.0,0.0,0.0,0.0,0.0,0.0,0.0
repeat_1_fold_1,ABLIM1,0.0,0.0,0.0,0.0,0.0,0.0,0.0
repeat_1_fold_1,ABLIM3,-0.18299794960327986,0.23696699353749173,0.11848349676874587,-0.30148144637202573,0.0,-0.0008896797153024882,0.5
repeat_1_fold_1,ABR,0.0,0.0,0.0,0.0,0.0,0.0,0.0
repeat_1_fold_1,ABRAXAS2,0.0,0.0,0.0,0.0,0.0,0.0,0.0
repeat_1_fold_1,ACAA1,0.0,0.0,0.0,0.0,0.0,0.0,0.0
repeat_1_fold_1,ACAA2,0.0,0.0,0.0,0.0,0.0,0.0,0.0
repeat_1_fold_1,ACACA,0.0,0.0,0.0,0.0,0.0,0.0,0.0
repeat_1_fold_1,ACAD10,0.0,0.0,0.0,0.0,0.0,0.0,0.0
repeat_1_fold_1,ACAD8,0.0,0.0,0.0,0.0,0.0,0.0,0.0
repeat_1_fold_1,ACADL,0.0,0.0,0.0,0.0,0.0,0.0,0.0
repeat_1_fold_1,ACADM,0.0,0.0,0.0,0.0,0.0,0.0,0.0
repeat_1_fold_1,ACADS,0.0,0.0,0.0,0.0,0.0,0.0,0.0
repeat_1_fold_1,ACADSB,0.0,0.0,0.0,0.0,0.0,0.0,0.0
repeat_1_fold_1,ACADVL,0.0,0.0,0.0,0.0,0.0,0.0,0.0
repeat_1_fold_1,ACAN,0.0,0.0,0.0,0.0,0.0,0.0,0.0
repeat_1_fold_1,ACAT1,0.0,0.0,0.0,0.0,0.0,0.0,0.0
repeat_1_fold_1,ACAT2,0.0,0.0,0.0,0.0,0.0,0.0,0.0
repeat_1_fold_1,ACBD3,0.0,0.0,0.0,0.0,0.0,0.0,0.0
repeat_1_fold_1,ACBD4,0.0,0.0,0.0,0.0,0.0,0.0,0.0
repeat_1_fold_1,ACD,0.0,0.0,0.0,0.0,0.0,0.0,0.0
repeat_1_fold_1,ACE,0.0,0.0,0.0,0.0,0.0,0.0,0.0
repeat_1_fold_1,ACE2,0.0,0.0,0.0,0.0,0.0,0.0,0.0
repeat_1_fold_1,ACHE,0.0,0.0,0.0,0.0,0.0,0.0,0.0
repeat_1_fold_1,ACIN1,0.0,0.0,0.0,0.0,0.0,0.0,0.0
repeat_1_fold_1,ACKR1,0.0,0.0,0.0,0.0,0.0,0.0,0.0
repeat_1_fold_1,ACKR2,0.0,0.0,0.0,0.0,0.0,0.0,0.0
repeat_1_fold_1,ACKR3,0.0,0.0,0.0,0.0,0.0,0.0,0.0
repeat_1_fold_1,ACKR4,0.0,0.0,0.0,0.0,0.0,0.0,0.0
repeat_1_fold_1,ACO1,0.0,0.0,0.0,0.0,0.0,0.0,0.0
repeat_1_fold_1,ACO2,0.0,0.0,0.0,0.0,0.0,0.0,0.0
repeat_1_fold_1,ACOT11,0.0,0.0,0.0,0.0,0.0,0.0,0.0
repeat_1_fold_1,ACOT2,0.0,0.0,0.0,0.0,0.0,0.0,0.0
repeat_1_fold_1,ACOT7,0.0,0.0,0.0,0.0,0.0,0.0,0.0
repeat_1_fold_1,ACOT8,0.0,0.0,0.0,0.0,0.0,0.0,0.0
repeat_1_fold_1,ACOT9,0.0,0.0,0.0,0.0,0.0,0.0,0.0
repeat_1_fold_1,ACOX1,0.0,0.0,0.0,0.0,0.0,0.0,0.0
repeat_1_fold_1,ACOX2,0.0,0.0,0.0,0.0,0.0,0.0,0.0
repeat_1_fold_1,ACOX3,0.0,0.0,0.0,0.0,0.0,0.0,0.0
repeat_1_fold_1,ACOXL,0.0,0.0,0.0,0.0,0.0,0.0,0.0
repeat_1_fold_1,ACP3,0.0,0.0,0.0,0.0,0.0,0.0,0.0
repeat_1_fold_1,ACP5,0.0,0.0,0.0,0.0,0.0,0.0,0.0
repeat_1_fold_1,ACP6,0.0,0.0,0.0,0.0,0.0,0.0,0.0
repeat_1_fold_1,ACR,0.0,0.0,0.0,0.0,0.0,0.0,0.0
repeat_1_fold_1,ACSBG1,0.0,0.0,0.0,0.0,0.0,0.0,0.0
repeat_1_fold_1,ACSBG2,0.0,0.0,0.0,0.0,0.0,0.0,0.0
repeat_1_fold_1,ACSF2,0.0,0.0,0.0,0.0,0.0,0.0,0.0
repeat_1_fold_1,ACSL1,0.0,0.0,0.0,0.0,0.0,0.0,0.0
repeat_1_fold_1,ACSL3,-0.15150123080453604,0.5870427179266707,0.29352135896333537,-0.4450225897678714,0.25,0.001320064987814784,0.5
repeat_1_fold_1,ACSL4,0.0,0.0,0.0,0.0,0.0,0.0,0.0
repeat_1_fold_1,ACSL5,0.0,0.0,0.0,0.0,0.0,0.0,0.0
repeat_1_fold_1,ACSL6,0.0,0.0,0.0,0.0,0.0,0.0,0.0
repeat_1_fold_1,ACSM1,0.0,0.0,0.0,0.0,0.0,0.0,0.0
repeat_1_fold_1,ACSM2A,0.0,0.0,0.0,0.0,0.0,0.0,0.0
repeat_1_fold_1,ACSM3,0.0,0.0,0.0,0.0,0.0,0.0,0.0
repeat_1_fold_1,ACSM5,0.0,0.0,0.0,0.0,0.0,0.0,0.0
repeat_1_fold_1,ACSS3,0.0,0.0,0.0,0.0,0.0,0.0,0.0
repeat_1_fold_1,ACTA1,0.0,0.0,0.0,0.0,0.0,0.0,0.0
repeat_1_fold_1,ACTA2,0.0,0.0,0.0,0.0,0.0,0.0,0.0
repeat_1_fold_1,ACTB,0.0,0.0,0.0,0.0,0.0,0.0,0.0
repeat_1_fold_1,ACTC1,0.0,0.0,0.0,0.0,0.0,0.0,0.0
repeat_1_fold_1,ACTG1,0.0,0.0,0.0,0.0,0.0,0.0,0.0
repeat_1_fold_1,ACTG2,0.0,0.0,0.0,0.0,0.0,0.0,0.0
repeat_1_fold_1,ACTL6A,0.0,0.0,0.0,0.0,0.0,0.0,0.0
repeat_1_fold_1,ACTL6B,0.0,0.0,0.0,0.0,0.0,0.0,0.0
repeat_1_fold_1,ACTN2,0.0,0.0,0.0,0.0,0.0,0.0,0.0
repeat_1_fold_1,ACTN3,0.0,0.0,0.0,0.0,0.0,0.0,0.0
repeat_1_fold_1,ACTN4,0.0,0.0,0.0,0.0,0.0,0.0,0.0
repeat_1_fold_1,ACTR10,0.0,0.0,0.0,0.0,0.0,0.0,0.0
repeat_1_fold_1,ACTR2,0.0,0.0,0.0,0.0,0.0,0.0,0.0
repeat_1_fold_1,ACTR3,0.0,0.0,0.0,0.0,0.0,0.0,0.0
repeat_1_fold_1,ACVR1B,0.0,0.0,0.0,0.0,0.0,0.0,0.0
repeat_1_fold_1,ACVR2B,0.0,0.0,0.0,0.0,0.0,0.0,0.0
repeat_1_fold_1,ADA,0.0,0.0,0.0,0.0,0.0,0.0,0.0
repeat_1_fold_1,ADAM15,0.0028585527624738205,0.1984705764898174,0.0992352882449087,-0.09637673548243487,0.25,0.000444839857651258,0.5
repeat_1_fold_1,ADAMTS5,0.0,0.0,0.0,0.0,0.0,0.0,0.0
repeat_1_fold_1,ADCY9,0.00957673544005111,0.01915347088010222,0.00957673544005111,0.0,0.25,0.0024370430544273236,0.5
repeat_1_fold_1,ADCYAP1,0.0,0.0,0.0,0.0,0.0,0.0,0.0
repeat_1_fold_1,ADGRF5,-0.31658178946538484,0.9322363340214396,0.4661181670107198,-0.7826999564761046,0.75,0.004830541671123512,1.0
repeat_1_fold_1,ADH1C,0.0,0.0,0.0,0.0,0.0,0.0,0.0
repeat_1_fold_1,ADH5,0.0,0.0,0.0,0.0,0.0,0.0,0.0
repeat_1_fold_1,ADI1,0.0,0.0,0.0,0.0,0.0,0.0,0.0
repeat_1_fold_1,ADRA1B,-0.12528177354985814,0.18015274649796265,0.09007637324898132,-0.21535814679883947,0.0,0.0005077173030056947,0.5
repeat_1_fold_1,AGER,0.0,0.0,0.0,0.0,0.0,0.0,0.0
repeat_1_fold_1,AGK,0.0,0.0,0.0,0.0,0.0,0.0,0.0
repeat_1_fold_1,AGTR1,0.0,0.0,0.0,0.0,0.0,0.0,0.0
repeat_1_fold_1,AK4,0.0,0.0,0.0,0.0,0.0,-0.000222419928825629,0.5
repeat_1_fold_1,AKR1C4,0.0,0.0,0.0,0.0,0.0,0.0,0.0
repeat_1_fold_1,AKR7A3,0.0,0.0,0.0,0.0,0.0,0.0,0.0
repeat_1_fold_1,ALDH1A2,0.0,0.0,0.0,0.0,0.0,0.0,0.0
repeat_1_fold_1,ALG9,0.0,0.0,0.0,0.0,0.0,0.0,0.0
repeat_1_fold_1,ALOX12,0.0,0.0,0.0,0.0,0.0,0.0,0.0
repeat_1_fold_1,ALPP,0.0,0.0,0.0,0.0,0.0,0.0,0.0
repeat_1_fold_1,AMPD3,0.0,0.0,0.0,0.0,0.0,0.0,0.0
repeat_1_fold_1,ANKFY1,0.0,0.0,0.0,0.0,0.0,0.000222419928825629,0.5
repeat_1_fold_1,ANKRD26,-0.08668108855212786,0.747137283543355,0.3735686417716775,-0.46024973032380534,0.25,0.003147847278635263,0.5
repeat_1_fold_1,ANKRD28,0.0,0.0,0.0,0.0,0.0,0.0,0.0
repeat_1_fold_1,ANOS1,0.007693233682683598,0.015386467365367197,0.007693233682683599,-8.673617379884035e-19,0.25,0.0027416734362306905,0.5
repeat_1_fold_1,ANPEP,0.10419263755512276,0.20838527511024552,0.10419263755512276,0.0,0.25,-0.003558718861209953,0.5
repeat_1_fold_1,AP2A2,0.0,0.0,0.0,0.0,0.0,0.0,0.0
repeat_1_fold_1,AP4M1,0.053487813007873086,0.10697562601574617,0.053487813007873086,0.0,0.25,0.0033362989323843517,0.5
repeat_1_fold_1,APCS,0.0,0.0,0.0,0.0,0.0,0.0,0.0
repeat_1_fold_1,APLP2,0.0,0.0,0.0,0.0,0.0,0.0,0.0
repeat_1_fold_1,APOA2,0.0,0.0,0.0,0.0,0.0,0.0,0.0
repeat_1_fold_1,AQP8,0.0,0.0,0.0,0.0,0.0,0.0,0.0
repeat_1_fold_1,AREG,0.1168844034003591,0.14243296933887642,0.07121648466943821,0.045667918730920895,0.5,0.002640129975629568,0.5
repeat_1_fold_1,ARHGAP45,-0.08085186933399235,0.11365288437627327,0.056826442188136636,-0.137678311522129,0.0,0.0037811387900356097,0.5
repeat_1_fold_1,ARHGAP5,0.0,0.0,0.0,0.0,0.0,0.0,0.0
repeat_1_fold_1,ARHGDIB,-0.09168665619250227,0.18337331238500454,0.09168665619250227,-0.18337331238500454,0.0,0.000444839857651258,0.5
repeat_1_fold_1,ARL1,0.0,0.0,0.0,0.0,0.0,0.0,0.0
repeat_1_fold_1,ARL2BP,0.0,0.0,0.0,0.0,0.0,0.0,0.0
repeat_1_fold_1,ARPC1A,-0.013666745404316671,0.051684847854192285,0.025842423927096143,-0.03950916933141281,0.25,-0.00044483985765123024,0.5
repeat_1_fold_1,ART4,0.0,0.0,0.0,0.0,0.0,0.0,0.0
repeat_1_fold_1,ASF1A,0.0,0.0,0.0,0.0,0.0,0.0,0.0
repeat_1_fold_1,ASH2L,0.0,0.0,0.0,0.0,0.0,0.0,0.0
repeat_1_fold_1,ASPA,0.08901507162007505,0.10278575112356829,0.051392875561784145,0.0376221960582909,0.5,0.0,0.5
repeat_1_fold_1,ATG5,0.0,0.0,0.0,0.0,0.0,0.0,0.0
repeat_1_fold_1,ATP13A1,-0.20446227801428307,0.11029465167242612,0.05514732583621306,-0.25960960385049614,0.0,-0.0003626294046734646,1.0
repeat_1_fold_1,ATP1A1,-0.009329960617018074,0.08545801013115245,0.042729005065576225,-0.0520589656825943,0.25,0.00020308692120227234,0.5
repeat_1_fold_1,ATP1B4,0.0,0.0,0.0,0.0,0.0,0.0,0.0
repeat_1_fold_1,ATP2A3,0.0,0.0,0.0,0.0,0.0,-0.0010154346060113617,0.5
repeat_1_fold_1,ATP5F1A,0.0,0.0,0.0,0.0,0.0,0.0,0.0
repeat_1_fold_1,ATP5MC3,-0.05953325163007861,0.06874307770871922,0.03437153885435961,-0.09390479048443823,0.0,-0.0008123476848090894,0.5
repeat_1_fold_1,ATP5ME,0.0,0.0,0.0,0.0,0.0,0.0,0.0
repeat_1_fold_1,ATP6V1A,0.030138950656391827,0.060277901312783655,0.030138950656391827,0.0,0.25,-0.0006672597864768592,0.5
repeat_1_fold_1,ATP6V1D,0.0,0.0,0.0,0.0,0.0,0.0,0.0
repeat_1_fold_1,ATP6V1H,0.0,0.0,0.0,0.0,0.0,0.0,0.0
repeat_1_fold_1,ATP7B,-0.05953325163007861,0.06874307770871922,0.03437153885435961,-0.09390479048443823,0.0,0.0030994244184197883,1.0
repeat_1_fold_1,ATP9A,0.034643334044700325,0.2488835853880803,0.12444179269404015,-0.08979845864933983,0.25,0.000667259786476887,0.5
repeat_1_fold_1,AURKB,0.0,0.0,0.0,0.0,0.0,0.0,0.0
repeat_1_fold_1,AVEN,0.0,0.0,0.0,0.0,0.0,0.0,0.0
repeat_1_fold_1,B4GALT3,0.0,0.0,0.0,0.0,0.0,0.0,0.0
repeat_1_fold_1,B4GALT7,0.0,0.0,0.0,0.0,0.0,0.0,0.0
repeat_1_fold_1,BBIP1,0.0,0.0,0.0,0.0,0.0,0.0,0.0
repeat_1_fold_1,BBOX1,0.0,0.0,0.0,0.0,0.0,0.0,0.0
repeat_1_fold_1,BBS9,0.0,0.0,0.0,0.0,0.0,0.0,0.0
repeat_1_fold_1,BCKDK,-0.01001133324632697,0.056383741266776755,0.028191870633388377,-0.03820320387971535,0.25,-0.0011120996441280895,0.5
repeat_1_fold_1,BCL6,0.0,0.0,0.0,0.0,0.0,0.0,0.0
repeat_1_fold_1,BLVRA,0.0,0.0,0.0,0.0,0.0,0.0,0.0
repeat_1_fold_1,BMI1,-0.6403011676730106,0.7669080425016346,0.3834540212508173,-1.0237551889238279,0.0,0.004975629569455714,0.5
repeat_1_fold_1,BMP2,-0.7364049517940305,1.3711619047722823,0.6855809523861411,-1.4219859041801717,0.25,-0.005149626638065868,1.0
repeat_1_fold_1,BRF1,0.0,0.0,0.0,0.0,0.0,0.0,0.0
repeat_1_fold_1,BSG,0.0,0.0,0.0,0.0,0.0,0.0,0.0
repeat_1_fold_1,BST2,0.0,0.0,0.0,0.0,0.0,0.0,0.0
repeat_1_fold_1,BTN3A2,0.1538764830724535,0.307752966144907,0.1538764830724535,0.0,0.25,0.0022339561332250235,1.0
repeat_1_fold_1,C1QB,0.0,0.0,0.0,0.0,0.0,0.0,0.0
repeat_1_fold_1,C2,0.0,0.0,0.0,0.0,0.0,0.0,0.0
repeat_1_fold_1,C2CD5,0.0,0.0,0.0,0.0,0.0,0.0,0.0
repeat_1_fold_1,C5AR1,0.0,0.0,0.0,0.0,0.0,0.0,0.0
repeat_1_fold_1,C6,0.0,0.0,0.0,0.0,0.0,0.0,0.0
repeat_1_fold_1,C8A,0.18304746294789176,0.4251511525496286,0.2125755762748143,-0.02952811332692254,0.25,0.0024466192170818635,0.5
repeat_1_fold_1,C9,0.0,0.0,0.0,0.0,0.0,0.0,0.0
repeat_1_fold_1,CABIN1,0.1353165591772889,0.17137311294524218,0.08568655647262109,0.04963000270466782,0.5,-0.0020695352272694367,1.0
repeat_1_fold_1,CACNA1C,0.0,0.0,0.0,0.0,0.0,0.0,0.0
repeat_1_fold_1,CACNA1D,0.0,0.0,0.0,0.0,0.0,0.0,0.0
repeat_1_fold_1,CACNA1H,0.0,0.0,0.0,0.0,0.0,0.0,0.0
repeat_1_fold_1,CACNA2D3,0.0,0.0,0.0,0.0,0.0,0.0,0.0
repeat_1_fold_1,CALCB,0.0,0.0,0.0,0.0,0.0,0.0,0.0
repeat_1_fold_1,CALD1,0.0,0.0,0.0,0.0,0.0,0.0,0.0
repeat_1_fold_1,CALML5,0.0,0.0,0.0,0.0,0.0,0.0,0.0
repeat_1_fold_1,CALU,0.0,0.0,0.0,0.0,0.0,0.0,0.0
repeat_1_fold_1,CAMK1,-0.02971528243294408,0.1669777672196012,0.0834888836098006,-0.11320416604274468,0.25,0.00385865150284323,0.5
repeat_1_fold_1,CAPN3,0.0,0.0,0.0,0.0,0.0,0.0,0.0
repeat_1_fold_1,CAPZA2,0.0,0.0,0.0,0.0,0.0,0.0,0.0
repeat_1_fold_1,CARD8,0.0628755257480833,0.2307858100898918,0.1153929050449459,-0.05251737929686259,0.25,0.0006672597864768592,0.5
repeat_1_fold_1,CASP8,-0.008474296323203845,0.01694859264640769,0.008474296323203845,-0.01694859264640769,0.0,0.004061738424045475,0.5
repeat_1_fold_1,CASP9,0.0,0.0,0.0,0.0,0.0,0.0,0.0
repeat_1_fold_1,CBFA2T2,0.0,0.0,0.0,0.0,0.0,0.0033362989323843517,0.5
repeat_1_fold_1,CBX8,-0.06124458021769996,0.0707191497501894,0.0353595748750947,-0.09660415509279466,0.0,0.0016246953696181787,0.5
repeat_1_fold_1,CCDC59,0.0,0.0,0.0,0.0,0.0,0.0,0.0
repeat_1_fold_1,CCKBR,0.0,0.0,0.0,0.0,0.0,0.0016682398073493143,1.0
repeat_1_fold_1,CCL27,0.0,0.0,0.0,0.0,0.0,0.0,0.0
repeat_1_fold_1,CCN2,0.0,0.0,0.0,0.0,0.0,0.0,0.0
repeat_1_fold_1,CCR5,0.0,0.0,0.0,0.0,0.0,0.0,0.0
repeat_1_fold_1,CCRL2,0.0,0.0,0.0,0.0,0.0,0.0,0.0
repeat_1_fold_1,CCS,0.0,0.0,0.0,0.0,0.0,0.0,0.0
repeat_1_fold_1,CCT7,0.0,0.0,0.0,0.0,0.0,0.0,0.0
repeat_1_fold_1,CCZ1B,0.0,0.0,0.0,0.0,0.0,0.0,0.0
repeat_1_fold_1,CD2,0.0,0.0,0.0,0.0,0.0,0.0,0.0
repeat_1_fold_1,CD247,0.0,0.0,0.0,0.0,0.0,0.0,0.0
repeat_1_fold_1,CD300A,0.0,0.0,0.0,0.0,0.0,0.0,0.0
repeat_1_fold_1,CD300C,0.0,0.0,0.0,0.0,0.0,-0.000609260763606817,0.5
repeat_1_fold_1,CD33,-0.1413428469445872,0.21513869518645612,0.10756934759322806,-0.24891219453781527,0.0,-0.0022241992882562067,0.5
repeat_1_fold_1,CD46,0.044507535810037524,0.08901507162007505,0.044507535810037524,0.0,0.25,-0.0004061738424045447,0.5
repeat_1_fold_1,CD81,0.0,0.0,0.0,0.0,0.0,0.0,0.0
repeat_1_fold_1,CDC34,0.0,0.0,0.0,0.0,0.0,0.0,0.0
repeat_1_fold_1,CDC42EP1,-0.041114948000839036,0.1675246705968008,0.0837623352984004,-0.12487728329923943,0.25,0.0022241992882562345,0.5
repeat_1_fold_1,CDC42EP4,-0.7634541373824106,1.383735014049369,0.6918675070246845,-1.455321644407095,0.0,-0.0035733541286631643,1.0
repeat_1_fold_1,CDC5L,0.0,0.0,0.0,0.0,0.0,0.0,0.0
repeat_1_fold_1,CEACAM7,0.0,0.0,0.0,0.0,0.0,0.0,0.0
repeat_1_fold_1,CENPX,0.0,0.0,0.0,0.0,0.0,0.0,0.0
repeat_1_fold_1,CEP164,0.0,0.0,0.0,0.0,0.0,0.0,0.0
repeat_1_fold_1,CERS2,0.0,0.0,0.0,0.0,0.0,0.0,0.0
repeat_1_fold_1,CERS4,0.0,0.0,0.0,0.0,0.0,0.0,0.0
repeat_1_fold_1,CETN1,0.044507535810037524,0.08901507162007505,0.044507535810037524,0.0,0.25,0.0019293257514216011,1.0
repeat_1_fold_1,CFD,-0.051417498555993646,0.11869855762764603,0.059349278813823014,-0.11076677736981666,0.25,-0.000222419928825629,0.5
repeat_1_fold_1,CFHR5,0.0,0.0,0.0,0.0,0.0,0.0,0.0
repeat_1_fold_1,CHML,0.0,0.0,0.0,0.0,0.0,-0.0006672597864768592,0.5
repeat_1_fold_1,CHPT1,0.2858501181145474,0.3320035331735347,0.16600176658676735,0.11984835152778006,0.5,0.001112099644128145,0.5
repeat_1_fold_1,CHRM5,-0.01001133324632697,0.056383741266776755,0.028191870633388377,-0.03820320387971535,0.25,-0.003113879003558695,0.5
repeat_1_fold_1,CHRNA5,0.0,0.0,0.0,0.0,0.0,0.0,0.0
repeat_1_fold_1,CHST15,0.0,0.0,0.0,0.0,0.0,0.0,0.0
repeat_1_fold_1,CHST4,0.0,0.0,0.0,0.0,0.0,0.0,0.0
repeat_1_fold_1,CIAO2B,-0.061141538467012424,0.14191918484205457,0.07095959242102728,-0.1321011308880397,0.25,0.001112099644128145,0.5
repeat_1_fold_1,CKS1B,-0.06827601843334996,0.2038181831701915,0.10190909158509576,-0.17018511001844572,0.25,-0.0018664483060671366,1.0
repeat_1_fold_1,CLDN10,0.0,0.0,0.0,0.0,0.0,0.0,0.0
repeat_1_fold_1,CLDN17,0.0,0.0,0.0,0.0,0.0,0.0,0.0
repeat_1_fold_1,CLDN6,0.0,0.0,0.0,0.0,0.0,0.0,0.0
repeat_1_fold_1,CLEC7A,0.0,0.0,0.0,0.0,0.0,0.0,0.0
repeat_1_fold_1,COL4A4,0.0,0.0,0.0,0.0,0.0,0.0,0.0
repeat_1_fold_1,COLGALT2,0.0,0.0,0.0,0.0,0.0,0.0,0.0
repeat_1_fold_1,COPE,0.0,0.0,0.0,0.0,0.0,0.0,0.0
repeat_1_fold_1,COPS8,-0.10268847083039745,0.13968279516944723,0.06984139758472362,-0.17252986841512108,0.25,0.002093746657377188,1.0
repeat_1_fold_1,CORT,0.0,0.0,0.0,0.0,0.0,0.0,0.0
repeat_1_fold_1,COX11,0.0,0.0,0.0,0.0,0.0,0.0,0.0
repeat_1_fold_1,COX6B1,0.017614689372908998,0.2877661637918395,0.14388308189591975,-0.12626839252301075,0.25,-0.0011120996441280895,0.5
repeat_1_fold_1,COX7C,0.0,0.0,0.0,0.0,0.0,0.0,0.0
repeat_1_fold_1,CPB1,0.0,0.0,0.0,0.0,0.0,0.0,0.0
repeat_1_fold_1,CPNE6,0.0,0.0,0.0,0.0,0.0,0.0,0.0
repeat_1_fold_1,CPNE7,-0.035126231810933106,0.07025246362186621,0.035126231810933106,-0.07025246362186621,0.0,0.0005077173030056947,0.5
repeat_1_fold_1,CPS1,0.0,0.0,0.0,0.0,0.0,0.0,0.0
repeat_1_fold_1,CPSF7,0.0,0.0,0.0,0.0,0.0,0.0,0.0
repeat_1_fold_1,CRIPTO,0.0,0.0,0.0,0.0,0.0,0.0,0.0
repeat_1_fold_1,CRTC1,0.0,0.0,0.0,0.0,0.0,0.0,0.0
repeat_1_fold_1,CRYAB,0.0,0.0,0.0,0.0,0.0,0.0,0.0
repeat_1_fold_1,CSH1,0.0,0.0,0.0,0.0,0.0,0.0,0.0
repeat_1_fold_1,CSNK1D,0.0,0.0,0.0,0.0,0.0,0.0,0.0
repeat_1_fold_1,CSNK2A1,-0.688143165027892,1.0240098857996098,0.5120049428998049,-1.200148107927697,0.5,0.0035684757061787975,1.0
repeat_1_fold_1,CSPG4,0.055738663560568114,0.06436146482192798,0.03218073241096399,0.023557931149604125,0.5,0.001218521527213634,0.5
repeat_1_fold_1,CTC1,0.20114453519194164,0.37993592414962235,0.18996796207481118,0.011176573117130467,0.5,0.000667259786476887,0.5
repeat_1_fold_1,CTNNB1,0.0,0.0,0.0,0.0,0.0,0.0,0.0
repeat_1_fold_1,CTSC,0.0,0.0,0.0,0.0,0.0,0.0,0.0
repeat_1_fold_1,CTSD,0.0,0.0,0.0,0.0,0.0,0.0,0.0
repeat_1_fold_1,CTSO,0.06272914108560457,0.0356957311135636,0.0178478655567818,0.04488127552882277,1.0,0.0011798555119669485,1.0
repeat_1_fold_1,CUL7,0.0,0.0,0.0,0.0,0.0,0.0,0.0
repeat_1_fold_1,CXCL1,0.0,0.0,0.0,0.0,0.0,0.0,0.0
repeat_1_fold_1,CXCL10,0.0,0.0,0.0,0.0,0.0,0.0,0.0
repeat_1_fold_1,CYB5R2,0.0,0.0,0.0,0.0,0.0,0.0,0.0
repeat_1_fold_1,CYBB,0.0,0.0,0.0,0.0,0.0,0.0,0.0
repeat_1_fold_1,CYP11B1,0.0,0.0,0.0,0.0,0.0,0.0,0.0
repeat_1_fold_1,CYP1A1,0.0,0.0,0.0,0.0,0.0,0.0,0.0
repeat_1_fold_1,CYP27A1,-0.35041265298239566,0.7645291494546255,0.38226457472731273,-0.7326772277097084,0.25,0.0018277822908204788,0.5
repeat_1_fold_1,CYP3A5,-0.35765244370344007,0.7737640575187821,0.38688202875939104,-0.7445344724628311,0.25,-0.0010154346060113895,0.5
repeat_1_fold_1,CYP51A1,-0.029766625815039305,0.05953325163007861,0.029766625815039305,-0.05953325163007861,0.0,-0.0014216084484159064,0.5
repeat_1_fold_1,CYTH4,-0.10279789791963978,0.5382724118322223,0.26913620591611115,-0.37193410383575093,0.25,0.002944760357432963,0.5
repeat_1_fold_1,DAAM1,0.0,0.0,0.0,0.0,0.0,0.0,0.0
repeat_1_fold_1,DAO,0.0,0.0,0.0,0.0,0.0,0.0,0.0
repeat_1_fold_1,DARS1,0.0,0.0,0.0,0.0,0.0,0.0,0.0
repeat_1_fold_1,DBI,0.0,0.0,0.0,0.0,0.0,-0.0008896797153024882,0.5
repeat_1_fold_1,DDB1,0.0,0.0,0.0,0.0,0.0,0.0,0.0
repeat_1_fold_1,DDB2,0.0,0.0,0.0,0.0,0.0,0.0,0.0
repeat_1_fold_1,DDC,0.0,0.0,0.0,0.0,0.0,0.0,0.0
repeat_1_fold_1,DDX42,-0.3226221850892017,0.6827738813493163,0.34138694067465813,-0.6640091257638598,0.25,-0.0020308692120227234,0.5
repeat_1_fold_1,DEFB1,0.0,0.0,0.0,0.0,0.0,0.0,0.0
repeat_1_fold_1,DELE1,0.0,0.0,0.0,0.0,0.0,0.0,0.0
repeat_1_fold_1,DERL2,0.0,0.0,0.0,0.0,0.0,0.0,0.0
repeat_1_fold_1,DET1,-0.09168665619250227,0.18337331238500454,0.09168665619250227,-0.18337331238500454,0.0,0.000222419928825629,0.5
repeat_1_fold_1,DFFA,0.003230612742875394,0.025747952336610487,0.012873976168305244,-0.00964336342542985,0.25,-0.0008896797153024882,0.5
repeat_1_fold_1,DHRS3,0.0,0.0,0.0,0.0,0.0,0.0,0.0
repeat_1_fold_1,DHRS4,-0.49057942458610704,0.8153105618126535,0.40765528090632674,-0.8982347054924338,0.0,-0.0007108042242079671,0.5
repeat_1_fold_1,DHRS7B,0.0,0.0,0.0,0.0,0.0,0.0,0.0
repeat_1_fold_1,DIO1,0.0,0.0,0.0,0.0,0.0,0.0,0.0
repeat_1_fold_1,DLL3,0.0,0.0,0.0,0.0,0.0,0.0,0.0
repeat_1_fold_1,DMAC2,-0.00026380029769867974,0.08731955694475131,0.043659778472375656,-0.043923578770074335,0.25,-0.001440941456039263,1.0
repeat_1_fold_1,DMD,0.0,0.0,0.0,0.0,0.0,0.0,0.0
repeat_1_fold_1,DNAJC13,0.0,0.0,0.0,0.0,0.0,0.0,0.0
repeat_1_fold_1,DNAJC7,0.0,0.0,0.0,0.0,0.0,0.0,0.0
repeat_1_fold_1,DNMBP,0.0,0.0,0.0,0.0,0.0,0.0,0.0
repeat_1_fold_1,DNMT3A,0.0,0.0,0.0,0.0,0.0,0.0,0.0
repeat_1_fold_1,DOK1,0.0,0.0,0.0,0.0,0.0,0.0,0.0
repeat_1_fold_1,DPAGT1,-0.02962262626847334,0.05924525253694668,0.02962262626847334,-0.05924525253694668,0.0,-0.0016246953696182065,0.5
repeat_1_fold_1,DPPA4,-0.10623107794622477,0.13600962367430114,0.06800481183715057,-0.17423588978337534,0.0,0.001827782290820451,0.5
repeat_1_fold_1,DPYSL2,0.0,0.0,0.0,0.0,0.0,0.0,0.0
repeat_1_fold_1,DPYSL4,0.0,0.0,0.0,0.0,0.0,0.000444839857651258,0.5
repeat_1_fold_1,DR1,0.0,0.0,0.0,0.0,0.0,0.0,0.0
repeat_1_fold_1,DSN1,0.0,0.0,0.0,0.0,0.0,0.0,0.0
repeat_1_fold_1,DSP,0.0,0.0,0.0,0.0,0.0,0.0,0.0
repeat_1_fold_1,DSPP,0.0,0.0,0.0,0.0,0.0,0.0,0.0
repeat_1_fold_1,DUSP3,0.0,0.0,0.0,0.0,0.0,0.0,0.0
repeat_1_fold_1,DUSP4,-0.7476465814830959,0.8633079101559378,0.4316539550779689,-1.179300536561065,0.0,0.0020308692120227234,0.5
repeat_1_fold_1,DUSP6,0.0,0.0,0.0,0.0,0.0,-0.000222419928825629,0.5
repeat_1_fold_1,DYNC1LI1,0.0,0.0,0.0,0.0,0.0,0.0,0.0
repeat_1_fold_1,DYNLRB1,0.10024619937060564,0.13668036667600197,0.06834018333800099,0.03190601603260465,0.5,0.0,0.5
repeat_1_fold_1,DYSF,0.0,0.0,0.0,0.0,0.0,0.0,0.0
repeat_1_fold_1,E2F2,0.0,0.0,0.0,0.0,0.0,0.0,0.0
repeat_1_fold_1,E2F6,-0.07766929699436176,0.10659205855820035,0.053296029279100175,-0.13096532627346194,0.0,0.0022241992882562622,0.5
repeat_1_fold_1,EED,0.0,0.0,0.0,0.0,0.0,0.0,0.0
repeat_1_fold_1,EEF1G,0.045586372586681634,0.13178363926121792,0.06589181963060896,-0.020305447043927324,0.75,-0.0011363110742358684,1.0
repeat_1_fold_1,EIF2AK2,0.014835294874847804,0.21166763113751755,0.10583381556875877,-0.09099852069391097,0.25,0.0026690391459074925,0.5
repeat_1_fold_1,EIF3K,0.044507535810037524,0.08901507162007505,0.044507535810037524,0.0,0.25,0.0009138911454102394,0.5
repeat_1_fold_1,EIF3L,0.044507535810037524,0.08901507162007505,0.044507535810037524,0.0,0.25,0.0008123476848090894,0.5
repeat_1_fold_1,EIF4G3,0.12132254707708157,0.14009121042744818,0.07004560521372409,0.051276941863357475,0.5,0.0022339561332250235,0.5
repeat_1_fold_1,ELAC2,0.0,0.0,0.0,0.0,0.0,-0.0006672597864768592,0.5
repeat_1_fold_1,ELMO2,-0.03140875487972039,0.1540536518256729,0.07702682591283645,-0.10843558079255684,0.25,-0.0013345195729537462,0.5
repeat_1_fold_1,ELN,0.0,0.0,0.0,0.0,0.0,0.0,0.0
repeat_1_fold_1,ENPP2,-0.20527616041536234,0.23971586385706856,0.11985793192853428,-0.3251340923438966,0.0,-0.000222419928825629,0.5
repeat_1_fold_1,EPHX1,0.0,0.0,0.0,0.0,0.0,0.0,0.0
repeat_1_fold_1,ERCC8,0.0,0.0,0.0,0.0,0.0,0.0,0.0
repeat_1_fold_1,ESRRA,0.0,0.0,0.0,0.0,0.0,0.0,0.0
repeat_1_fold_1,ETFA,0.0,0.0,0.0,0.0,0.0,0.0,0.0
repeat_1_fold_1,ETS2,-0.001897294034755248,0.09414461882666932,0.04707230941333466,-0.048969603448089906,0.25,0.0008510137000558027,1.0
repeat_1_fold_1,EXOSC7,0.0,0.0,0.0,0.0,0.0,0.0,0.0
repeat_1_fold_1,EXTL3,0.021292329491831907,0.042584658983663815,0.021292329491831907,0.0,0.25,0.004859450841401408,1.0
repeat_1_fold_1,EYA1,0.0,0.0,0.0,0.0,0.0,0.0,0.0
repeat_1_fold_1,F2R,0.0,0.0,0.0,0.0,0.0,0.0,0.0
repeat_1_fold_1,F2RL1,0.0,0.0,0.0,0.0,0.0,0.0,0.0
repeat_1_fold_1,F3,0.0,0.0,0.0,0.0,0.0,0.0,0.0
repeat_1_fold_1,F7,0.0,0.0,0.0,0.0,0.0,0.0,0.0
repeat_1_fold_1,F9,0.0,0.0,0.0,0.0,0.0,0.0,0.0
repeat_1_fold_1,FABP5,0.0,0.0,0.0,0.0,0.0,0.0,0.0
repeat_1_fold_1,FAM32A,0.0,0.0,0.0,0.0,0.0,-0.0011120996441280895,0.5
repeat_1_fold_1,FAM3C,0.0,0.0,0.0,0.0,0.0,0.0,0.0
repeat_1_fold_1,FANCA,0.0,0.0,0.0,0.0,0.0,0.0,0.0
repeat_1_fold_1,FANCF,0.0,0.0,0.0,0.0,0.0,0.0,0.0
repeat_1_fold_1,FANCL,0.0,0.0,0.0,0.0,0.0,0.0,0.0
repeat_1_fold_1,FASLG,0.0,0.0,0.0,0.0,0.0,0.00020308692120227234,0.5
repeat_1_fold_1,FBP2,0.0,0.0,0.0,0.0,0.0,0.0,0.0
repeat_1_fold_1,FBXW12,0.0,0.0,0.0,0.0,0.0,0.0,0.0
repeat_1_fold_1,FBXW4,0.0,0.0,0.0,0.0,0.0,0.0,0.0
repeat_1_fold_1,FEM1B,0.0,0.0,0.0,0.0,0.0,0.0,0.0
repeat_1_fold_1,FGF13,0.0,0.0,0.0,0.0,0.0,0.0,0.0
repeat_1_fold_1,FGF23,0.0,0.0,0.0,0.0,0.0,0.0,0.0
repeat_1_fold_1,FGF5,0.0,0.0,0.0,0.0,0.0,0.0,0.0
repeat_1_fold_1,FIP1L1,0.0,0.0,0.0,0.0,0.0,0.0,0.0
repeat_1_fold_1,FKBP9,0.0,0.0,0.0,0.0,0.0,0.0,0.0
repeat_1_fold_1,FKRP,0.0,0.0,0.0,0.0,0.0,0.0,0.0
repeat_1_fold_1,FLT3,-0.02605449141370464,0.12867988494568017,0.06433994247284008,-0.09039443388654472,0.25,-0.0013925185958237607,1.0
repeat_1_fold_1,FMO2,0.0,0.0,0.0,0.0,0.0,0.0,0.0
repeat_1_fold_1,FMO3,0.0,0.0,0.0,0.0,0.0,0.0,0.0
repeat_1_fold_1,FMOD,0.0,0.0,0.0,0.0,0.0,0.0,0.0
repeat_1_fold_1,FOXF1,0.030138950656391827,0.060277901312783655,0.030138950656391827,0.0,0.25,0.000889679715302516,0.5
repeat_1_fold_1,FOXL2,0.0,0.0,0.0,0.0,0.0,0.0,0.0
repeat_1_fold_1,FOXO4,0.0,0.0,0.0,0.0,0.0,0.0,0.0
repeat_1_fold_1,FSCN1,0.0,0.0,0.0,0.0,0.0,0.0,0.0
repeat_1_fold_1,FSHR,0.0,0.0,0.0,0.0,0.0,0.0,0.0
repeat_1_fold_1,FXR1,0.0,0.0,0.0,0.0,0.0,0.0,0.0
repeat_1_fold_1,FYN,0.0,0.0,0.0,0.0,0.0,0.0,0.0
repeat_1_fold_1,G3BP2,0.0,0.0,0.0,0.0,0.0,0.0,0.0
repeat_1_fold_1,G6PC3,0.0,0.0,0.0,0.0,0.0,0.0,0.0
repeat_1_fold_1,GABARAP,0.0,0.0,0.0,0.0,0.0,0.0,0.0
repeat_1_fold_1,GABPA,-0.007846902215053575,0.10732799641926821,0.053663998209634106,-0.06151090042468768,0.25,0.0067018683996750705,0.5
repeat_1_fold_1,GABRA1,0.0,0.0,0.0,0.0,0.0,-0.000222419928825629,0.5
repeat_1_fold_1,GABRB3,-0.6582591850216666,0.8325738094656938,0.4162869047328469,-1.0745460897545134,0.25,-0.00030463038180339463,1.0
repeat_1_fold_1,GADD45GIP1,0.0,0.0,0.0,0.0,0.0,0.001827782290820451,0.5
repeat_1_fold_1,GAL,0.0,0.0,0.0,0.0,0.0,0.0,0.0
repeat_1_fold_1,GALNS,0.0,0.0,0.0,0.0,0.0,0.0,0.0
repeat_1_fold_1,GALNT4,0.12957791712697642,0.31120535988481923,0.15560267994240962,-0.0260247628154332,0.25,-0.0020308692120227234,0.5
repeat_1_fold_1,GALR1,0.0,0.0,0.0,0.0,0.0,0.0,0.0
repeat_1_fold_1,GANAB,0.0,0.0,0.0,0.0,0.0,0.0,0.0
repeat_1_fold_1,GAPVD1,0.0,0.0,0.0,0.0,0.0,0.0,0.0
repeat_1_fold_1,GAS6,0.0,0.0,0.0,0.0,0.0,0.0,0.0
repeat_1_fold_1,GCA,0.0,0.0,0.0,0.0,0.0,0.0,0.0
repeat_1_fold_1,GCC1,0.0,0.0,0.0,0.0,0.0,0.0,0.0
repeat_1_fold_1,GCK,0.0,0.0,0.0,0.0,0.0,0.0,0.0
repeat_1_fold_1,GCLC,0.0,0.0,0.0,0.0,0.0,0.0,0.0
repeat_1_fold_1,GEMIN8,0.0,0.0,0.0,0.0,0.0,0.0,0.0
repeat_1_fold_1,GFAP,0.0,0.0,0.0,0.0,0.0,0.0,0.0
repeat_1_fold_1,GFI1,-0.02962262626847334,0.05924525253694668,0.02962262626847334,-0.05924525253694668,0.0,0.0008123476848090894,0.5
repeat_1_fold_1,GFPT1,0.0,0.0,0.0,0.0,0.0,0.0,0.0
repeat_1_fold_1,GFRA3,0.0,0.0,0.0,0.0,0.0,0.0,0.0
repeat_1_fold_1,GGT1,0.030138950656391827,0.060277901312783655,0.030138950656391827,0.0,0.25,0.0015569395017793752,0.5
repeat_1_fold_1,GH2,0.0,0.0,0.0,0.0,0.0,0.0,0.0
repeat_1_fold_1,GINS2,0.027869331780284057,0.055738663560568114,0.027869331780284057,0.0,0.25,0.0004061738424045447,0.5
repeat_1_fold_1,GJA3,-0.01666059355327576,0.019237996345685408,0.009618998172842704,-0.026279591726118462,0.0,-0.000831680692432446,1.0
repeat_1_fold_1,GJA9,0.0,0.0,0.0,0.0,0.0,0.0,0.0
repeat_1_fold_1,GLI1,-0.04445815454113777,0.0887087522976487,0.04435437614882435,-0.08881253068996212,0.25,0.0009138911454102394,1.0
repeat_1_fold_1,GNA12,0.0,0.0,0.0,0.0,0.0,0.0,0.0
repeat_1_fold_1,GNAT2,0.0,0.0,0.0,0.0,0.0,0.0,0.0
repeat_1_fold_1,GNG3,-0.08394678479182538,0.10999608444385857,0.054998042221929284,-0.13894482701375466,0.0,-0.0013345195729537185,0.5
repeat_1_fold_1,GNG4,0.0,0.0,0.0,0.0,0.0,0.0,0.0
repeat_1_fold_1,GOLGA3,0.0,0.0,0.0,0.0,0.0,0.0,0.0
repeat_1_fold_1,GORASP2,0.0,0.0,0.0,0.0,0.0,0.0,0.0
repeat_1_fold_1,GOSR2,0.0,0.0,0.0,0.0,0.0,0.0,0.0
repeat_1_fold_1,GP5,0.0,0.0,0.0,0.0,0.0,0.0,0.0
repeat_1_fold_1,GPATCH1,0.0,0.0,0.0,0.0,0.0,0.0,0.0
repeat_1_fold_1,GPI,0.13062321614037486,0.09222852255286906,0.04611426127643453,0.08450895486394033,0.75,0.0017358149928738964,1.0
repeat_1_fold_1,GPR18,0.0,0.0,0.0,0.0,0.0,0.0,0.0
repeat_1_fold_1,GPR27,0.0,0.0,0.0,0.0,0.0,-0.0006672597864768592,0.5
repeat_1_fold_1,GPR35,0.0,0.0,0.0,0.0,0.0,0.0,0.0
repeat_1_fold_1,GPR37,0.0,0.0,0.0,0.0,0.0,0.0,0.0
repeat_1_fold_1,GREM2,0.0,0.0,0.0,0.0,0.0,0.0,0.0
repeat_1_fold_1,GRIN2A,0.0,0.0,0.0,0.0,0.0,0.0,0.0
repeat_1_fold_1,GSDMD,-0.25572213195851035,0.3535870828457937,0.17679354142289685,-0.4325156733814072,0.0,0.0035587188612099807,0.5
repeat_1_fold_1,GSTK1,0.0,0.0,0.0,0.0,0.0,0.0,0.0
repeat_1_fold_1,GTF2H1,0.0,0.0,0.0,0.0,0.0,0.0,0.0
repeat_1_fold_1,GTF3C1,-0.047743278061089356,0.09548655612217871,0.047743278061089356,-0.09548655612217871,0.0,0.001112099644128145,0.5
repeat_1_fold_1,GYPC,0.14657892842378928,0.14400544308984456,0.07200272154492228,0.074576206878867,0.75,0.0011507656593748306,1.0
repeat_1_fold_1,GZMH,0.0,0.0,0.0,0.0,0.0,0.0,0.5
repeat_1_fold_1,H2AC16,0.0,0.0,0.0,0.0,0.0,0.0,0.0
repeat_1_fold_1,H2AJ,0.03182759619423514,0.09407833662326745,0.047039168311633725,-0.015211572117398584,0.25,0.0010154346060113617,0.5
repeat_1_fold_1,H2AX,0.0,0.0,0.0,0.0,0.0,0.0,0.0
repeat_1_fold_1,H2BC12,0.0,0.0,0.0,0.0,0.0,0.0,0.0
repeat_1_fold_1,H2BC15,0.0,0.0,0.0,0.0,0.0,0.0,0.0
repeat_1_fold_1,H2BC21,0.0,0.0,0.0,0.0,0.0,0.0,0.0
repeat_1_fold_1,H2BC7,0.10024619937060564,0.13668036667600197,0.06834018333800099,0.03190601603260465,0.5,-0.0004061738424045447,0.5
repeat_1_fold_1,H3C3,0.0,0.0,0.0,0.0,0.0,0.0,0.0
repeat_1_fold_1,H4C12,0.0,0.0,0.0,0.0,0.0,0.000222419928825629,0.5
repeat_1_fold_1,H4C3,0.0,0.0,0.0,0.0,0.0,0.0,0.0
repeat_1_fold_1,H4C5,-0.1510530557061287,0.4421321931264627,0.22106609656323134,-0.37211915226936004,0.5,0.006445480195772901,1.0
repeat_1_fold_1,HARS1,0.0,0.0,0.0,0.0,0.0,0.0,0.0
repeat_1_fold_1,HCAR3,0.0,0.0,0.0,0.0,0.0,0.0,0.0
repeat_1_fold_1,HDAC5,0.0,0.0,0.0,0.0,0.0,0.0,0.0
repeat_1_fold_1,HERC5,0.08901507162007505,0.10278575112356829,0.051392875561784145,0.0376221960582909,0.5,0.0018277822908204788,0.5
repeat_1_fold_1,HERPUD1,0.0,0.0,0.0,0.0,0.0,0.0,0.5
repeat_1_fold_1,HEYL,0.14345033425091458,0.1729332525349609,0.08646662626748045,0.056983707983434134,0.5,-0.0006092607636068448,0.5
repeat_1_fold_1,HHAT,0.0,0.0,0.0,0.0,0.0,0.0,0.0
repeat_1_fold_1,HJURP,0.0,0.0,0.0,0.0,0.0,0.0,0.0
repeat_1_fold_1,HLA-DOB,0.0,0.0,0.0,0.0,0.0,0.0,0.0
repeat_1_fold_1,HLA-DRB4,0.0,0.0,0.0,0.0,0.0,0.0,0.0
repeat_1_fold_1,HMBS,0.0,0.0,0.0,0.0,0.0,0.0,0.0
repeat_1_fold_1,HMGCS1,-0.4907711282098006,0.6485119801296337,0.32425599006481687,-0.8150271182746175,0.0,0.005110960622819183,1.0
repeat_1_fold_1,HNRNPA0,0.0,0.0,0.0,0.0,0.0,0.0,0.0
repeat_1_fold_1,HNRNPDL,0.0,0.0,0.0,0.0,0.0,0.0,0.0
repeat_1_fold_1,HOMER1,0.0,0.0,0.0,0.0,0.0,0.0,0.0
repeat_1_fold_1,HOXA1,0.0,0.0,0.0,0.0,0.0,0.0,0.0
repeat_1_fold_1,HOXA3,0.0,0.0,0.0,0.0,0.0,0.0,0.0
repeat_1_fold_1,HOXA4,0.0,0.0,0.0,0.0,0.0,0.0,0.0
repeat_1_fold_1,HPN,0.0,0.0,0.0,0.0,0.0,0.0,0.5
repeat_1_fold_1,HS3ST1,0.0,0.0,0.0,0.0,0.0,0.0,0.0
repeat_1_fold_1,HSD11B2,0.0,0.0,0.0,0.0,0.0,0.0,0.0
repeat_1_fold_1,HSD17B11,0.0,0.0,0.0,0.0,0.0,0.0,0.0
repeat_1_fold_1,HSD17B6,0.0,0.0,0.0,0.0,0.0,0.0,0.0
repeat_1_fold_1,HTN1,0.0,0.0,0.0,0.0,0.0,0.0,0.0
repeat_1_fold_1,HTR2B,0.0,0.0,0.0,0.0,0.0,0.0,0.0
repeat_1_fold_1,ID1,0.0,0.0,0.0,0.0,0.0,0.000444839857651258,0.5
repeat_1_fold_1,IDH2,0.0,0.0,0.0,0.0,0.0,0.0,0.0
repeat_1_fold_1,IDH3A,-0.05924525253694668,0.06841052500082705,0.03420526250041352,-0.09345051503736021,0.0,-0.000609260763606817,0.5
repeat_1_fold_1,IDUA,0.0,0.0,0.0,0.0,0.0,0.0017262388302193288,0.5
repeat_1_fold_1,IFI30,-0.011715594051782574,0.023431188103565148,0.011715594051782574,-0.023431188103565148,0.0,0.004772542648253442,0.5
repeat_1_fold_1,IFITM1,0.0,0.0,0.0,0.0,0.0,0.0011169780666125118,0.5
repeat_1_fold_1,IFNA10,0.0,0.0,0.0,0.0,0.0,0.0,0.0
repeat_1_fold_1,IFT20,0.0,0.0,0.0,0.0,0.0,0.0003046303818034224,0.5
repeat_1_fold_1,IFT27,0.01767422732834234,0.05271915953400154,0.02635957976700077,-0.00868535243865843,0.25,0.0034524776604386576,0.5
repeat_1_fold_1,IFT52,0.0,0.0,0.0,0.0,0.0,0.0,0.0
repeat_1_fold_1,IK,-0.0438056960607085,0.05058246082537796,0.02529123041268898,-0.06909692647339748,0.0,0.001334519572953774,0.5
repeat_1_fold_1,IKBKE,-0.06396757912696494,0.21591890452597373,0.10795945226298687,-0.1719270313899518,0.25,-0.003558718861209953,0.5
repeat_1_fold_1,IL10,0.0,0.0,0.0,0.0,0.0,0.0,0.0
repeat_1_fold_1,IL18,-0.7709646732919477,0.8902333424787784,0.4451166712393892,-1.216081344531337,0.0,-0.0011169780666125118,0.5
repeat_1_fold_1,IL18RAP,0.027869331780284057,0.055738663560568114,0.027869331780284057,0.0,0.25,0.0029447603574329906,0.5
repeat_1_fold_1,IL5RA,0.0,0.0,0.0,0.0,0.0,0.001218521527213634,0.5
repeat_1_fold_1,IL6ST,0.0,0.0,0.0,0.0,0.0,0.0,0.0
repeat_1_fold_1,IL7R,0.0,0.0,0.0,0.0,0.0,0.0,0.0
repeat_1_fold_1,IL9,0.0,0.0,0.0,0.0,0.0,0.0,0.0
repeat_1_fold_1,INHA,0.2063294389577326,0.5002444584629173,0.25012222923145866,-0.04379279027372607,0.25,2.7755575615628914e-17,0.5
repeat_1_fold_1,INHBB,0.0,0.0,0.0,0.0,0.0,0.0,0.0
repeat_1_fold_1,INPP4B,0.0,0.0,0.0,0.0,0.0,0.0,0.0
repeat_1_fold_1,INPP5F,0.0,0.0,0.0,0.0,0.0,0.0,0.0
repeat_1_fold_1,INTS1,0.0,0.0,0.0,0.0,0.0,0.0,0.0
repeat_1_fold_1,ISCU,-0.0438056960607085,0.05058246082537796,0.02529123041268898,-0.06909692647339748,0.0,-0.000222419928825629,0.5
repeat_1_fold_1,ITFG2,0.0,0.0,0.0,0.0,0.0,0.0,0.0
repeat_1_fold_1,ITGAL,0.0,0.0,0.0,0.0,0.0,0.0,0.0
repeat_1_fold_1,ITGAM,0.03041846948559801,0.07012882592623172,0.03506441296311586,-0.004645943477517851,0.25,0.000444839857651258,0.5
repeat_1_fold_1,ITGAV,0.027869331780284057,0.055738663560568114,0.027869331780284057,0.0,0.25,0.0014216084484159064,0.5
repeat_1_fold_1,ITPK1,0.0,0.0,0.0,0.0,0.0,0.0,0.0
repeat_1_fold_1,ITPR3,0.0,0.0,0.0,0.0,0.0,0.0,0.0
repeat_1_fold_1,KANK1,0.0,0.0,0.0,0.0,0.0,0.0,0.0
repeat_1_fold_1,KANSL3,0.0,0.0,0.0,0.0,0.0,0.00385865150284323,0.5
repeat_1_fold_1,KAT6A,0.0,0.0,0.0,0.0,0.0,0.0,0.0
repeat_1_fold_1,KCNA3,0.03572759271476755,0.2524076271795982,0.1262038135897991,-0.09047622087503154,0.25,-0.0015569395017793475,0.5
repeat_1_fold_1,KCNA5,0.0,0.0,0.0,0.0,0.0,0.0,0.0
repeat_1_fold_1,KCNC2,-0.25359510564280185,0.45944942725701976,0.22972471362850988,-0.48331981927131173,0.0,-0.002703007420984005,1.0
repeat_1_fold_1,KCNF1,-0.09168665619250227,0.18337331238500454,0.09168665619250227,-0.18337331238500454,0.0,2.7755575615628914e-17,0.5
repeat_1_fold_1,KCNJ14,0.0,0.0,0.0,0.0,0.0,0.0,0.0
repeat_1_fold_1,KCNJ5,0.0,0.0,0.0,0.0,0.0,0.0,0.0
repeat_1_fold_1,KCNN1,0.0,0.0,0.0,0.0,0.0,0.0,0.0
repeat_1_fold_1,KDM1A,0.0,0.0,0.0,0.0,0.0,0.0,0.0
repeat_1_fold_1,KDR,0.0,0.0,0.0,0.0,0.0,0.0,0.0
repeat_1_fold_1,KHDRBS1,0.0,0.0,0.0,0.0,0.0,0.0,0.0
repeat_1_fold_1,KIF13B,0.10697562601574617,0.12352481295383957,0.06176240647691979,0.045213219538826385,0.5,0.0,0.5
repeat_1_fold_1,KIF2C,0.0,0.0,0.0,0.0,0.0,0.00020308692120227234,0.5
repeat_1_fold_1,KIF3B,0.0,0.0,0.0,0.0,0.0,0.000222419928825629,0.5
repeat_1_fold_1,KIFAP3,0.0,0.0,0.0,0.0,0.0,0.0,0.0
repeat_1_fold_1,KIN,0.0,0.0,0.0,0.0,0.0,0.0,0.0
repeat_1_fold_1,KIR2DL4,0.0,0.0,0.0,0.0,0.0,0.0,0.0
repeat_1_fold_1,KLF9,0.0,0.0,0.0,0.0,0.0,0.0,0.0
repeat_1_fold_1,KLRF1,0.0,0.0,0.0,0.0,0.0,0.0,0.0
repeat_1_fold_1,KMT2D,0.0,0.0,0.0,0.0,0.0,0.0,0.0
repeat_1_fold_1,KPNA2,0.0,0.0,0.0,0.0,0.0,0.0,0.0
repeat_1_fold_1,KPNA3,-0.05835407112014579,0.09395420894942759,0.046977104474713795,-0.10533117559485958,0.25,-0.0006576836238223194,1.0
repeat_1_fold_1,KRBOX4,0.0,0.0,0.0,0.0,0.0,0.0,0.0
repeat_1_fold_1,KRT32,0.0,0.0,0.0,0.0,0.0,0.0,0.0
repeat_1_fold_1,KRT36,0.0,0.0,0.0,0.0,0.0,0.0,0.0
repeat_1_fold_1,KRTAP4-7,0.0,0.0,0.0,0.0,0.0,0.0,0.0
repeat_1_fold_1,KYNU,0.0,0.0,0.0,0.0,0.0,0.0,0.0
repeat_1_fold_1,LAMC2,0.0,0.0,0.0,0.0,0.0,0.0,0.0
repeat_1_fold_1,LARP1,-0.30372242834928187,0.3661631328961241,0.18308156644806206,-0.48680399479734393,0.0,-0.0036215963065644174,1.0
repeat_1_fold_1,LATS1,-0.12597554848685455,0.2595692951460366,0.1297846475730183,-0.2557601960598729,0.5,0.0009718901682802816,1.0
repeat_1_fold_1,LDLRAP1,-0.032100915867715685,0.0724941376169652,0.0362470688084826,-0.06834798467619829,0.25,0.004366368805848897,0.5
repeat_1_fold_1,LGMN,0.08901507162007505,0.10278575112356829,0.051392875561784145,0.0376221960582909,0.5,0.002349954178965108,1.0
repeat_1_fold_1,LILRA1,0.0,0.0,0.0,0.0,0.0,0.0,0.0
repeat_1_fold_1,LIMS2,0.0,0.0,0.0,0.0,0.0,0.0,0.0
repeat_1_fold_1,LMAN1,0.0,0.0,0.0,0.0,0.0,0.0,0.0
repeat_1_fold_1,LMF2,-0.01140580523924406,0.09699450705242806,0.04849725352621403,-0.05990305876545809,0.25,-0.0009138911454102394,0.5
repeat_1_fold_1,LMNB1,0.0,0.0,0.0,0.0,0.0,0.0,0.0
repeat_1_fold_1,LPAR1,0.0,0.0,0.0,0.0,0.0,0.0,0.0
repeat_1_fold_1,LPCAT4,0.0,0.0,0.0,0.0,0.0,0.0,0.0
repeat_1_fold_1,LPGAT1,0.044507535810037524,0.08901507162007505,0.044507535810037524,0.0,0.25,-0.00010154346060112229,0.5
repeat_1_fold_1,LRIG1,0.0,0.0,0.0,0.0,0.0,0.0,0.0
repeat_1_fold_1,LRP8,0.12008762241484128,0.14325872494447459,0.07162936247223729,0.048458259942603985,0.5,0.0035587188612099807,0.5
repeat_1_fold_1,LRPPRC,0.0,0.0,0.0,0.0,0.0,0.0,0.0
repeat_1_fold_1,LRRC1,0.0,0.0,0.0,0.0,0.0,0.0,0.0
repeat_1_fold_1,LRRC14,0.0,0.0,0.0,0.0,0.0,0.0,0.0
repeat_1_fold_1,LRRC8E,0.0,0.0,0.0,0.0,0.0,0.0,0.0
repeat_1_fold_1,LSM2,-0.01951724009568956,0.06294339270415684,0.03147169635207842,-0.05098893644776798,0.25,-0.0008896797153024882,0.5
repeat_1_fold_1,LTB4R,0.0,0.0,0.0,0.0,0.0,0.0,0.0
repeat_1_fold_1,LYPD1,0.0,0.0,0.0,0.0,0.0,0.0,0.0
repeat_1_fold_1,LYRM2,0.0,0.0,0.0,0.0,0.0,0.0,0.0
repeat_1_fold_1,MAD1L1,0.0,0.0,0.0,0.0,0.0,-0.000609260763606817,0.5
repeat_1_fold_1,MAGED1,-0.9395573578766854,0.5958250673473309,0.29791253367366544,-1.2374698915503508,0.0,0.0026932505760152436,1.0
repeat_1_fold_1,MAN1C1,0.0,0.0,0.0,0.0,0.0,0.0,0.0
repeat_1_fold_1,MAPK9,0.0,0.0,0.0,0.0,0.0,0.0,0.0
repeat_1_fold_1,MAPKAP1,0.0,0.0,0.0,0.0,0.0,0.0,0.0
repeat_1_fold_1,MARCKS,0.0,0.0,0.0,0.0,0.0,0.0,0.0
repeat_1_fold_1,MAT2A,0.0,0.0,0.0,0.0,0.0,0.0,0.0
repeat_1_fold_1,MAVS,-0.02190284803035425,0.0438056960607085,0.02190284803035425,-0.0438056960607085,0.0,0.0,0.5
repeat_1_fold_1,MC2R,0.0,0.0,0.0,0.0,0.0,0.0,0.0
repeat_1_fold_1,MCFD2,-0.035126231810933106,0.07025246362186621,0.035126231810933106,-0.07025246362186621,0.0,-0.00020308692120227234,0.5
repeat_1_fold_1,MCPH1,0.0,0.0,0.0,0.0,0.0,0.0,0.0
repeat_1_fold_1,MDM2,0.0814838126296955,0.2939935820235602,0.1469967910117801,-0.06551297838208459,0.75,-0.000295054219148827,1.0
repeat_1_fold_1,MED21,-0.12364732520466681,0.2634973615254487,0.13174868076272436,-0.2553960059673912,0.25,-0.0008896797153024605,0.5
repeat_1_fold_1,MIA3,0.0,0.0,0.0,0.0,0.0,0.0,0.0
repeat_1_fold_1,MICA,0.0,0.0,0.0,0.0,0.0,0.0,0.0
repeat_1_fold_1,MICB,0.0,0.0,0.0,0.0,0.0,0.0,0.5
repeat_1_fold_1,MKNK1,0.05308788919009899,0.07207603011129853,0.03603801505564926,0.01704987413444973,0.5,0.002316166586202789,1.0
repeat_1_fold_1,MLANA,0.0,0.0,0.0,0.0,0.0,0.0,0.0
repeat_1_fold_1,MLH3,0.053487813007873086,0.10697562601574617,0.053487813007873086,0.0,0.25,0.0,0.5
repeat_1_fold_1,MMP1,0.04012323054896427,0.2827725232338851,0.14138626161694254,-0.10126303106797827,0.25,0.0053818034118602864,0.5
repeat_1_fold_1,MMP15,0.0,0.0,0.0,0.0,0.0,0.0,0.0
repeat_1_fold_1,MPHOSPH8,0.0,0.0,0.0,0.0,0.0,0.0,0.0
repeat_1_fold_1,MRPL22,0.0,0.0,0.0,0.0,0.0,0.0,0.0
repeat_1_fold_1,MRPL57,0.0,0.0,0.0,0.0,0.0,0.0,0.0
repeat_1_fold_1,MRPS15,0.0,0.0,0.0,0.0,0.0,0.0,0.0
repeat_1_fold_1,MRPS17,0.0,0.0,0.0,0.0,0.0,0.0,0.0
repeat_1_fold_1,MRPS18C,0.0,0.0,0.0,0.0,0.0,0.0,0.0
repeat_1_fold_1,MRPS33,0.0,0.0,0.0,0.0,0.0,0.0,0.0
repeat_1_fold_1,MS4A3,0.0,0.0,0.0,0.0,0.0,0.0,0.0
repeat_1_fold_1,MSH3,0.0,0.0,0.0,0.0,0.0,0.0,0.0
repeat_1_fold_1,MSH6,0.0,0.0,0.0,0.0,0.0,0.0,0.0
repeat_1_fold_1,MSRB2,0.0,0.0,0.0,0.0,0.0,0.0,0.0
repeat_1_fold_1,MSTN,0.0,0.0,0.0,0.0,0.0,0.0,0.0
repeat_1_fold_1,MSX2,0.0,0.0,0.0,0.0,0.0,0.0,0.0
repeat_1_fold_1,MT1M,0.0,0.0,0.0,0.0,0.0,0.0,0.0
repeat_1_fold_1,MT3,0.16568841631807985,0.08542773126546496,0.04271386563273248,0.12297455068534736,1.0,0.0029205489273252394,1.0
repeat_1_fold_1,MTARC2,0.02341063775915231,0.04682127551830462,0.02341063775915231,0.0,0.25,-0.0008123476848090894,0.5
repeat_1_fold_1,MTHFD1,0.0,0.0,0.0,0.0,0.0,0.0,0.0
repeat_1_fold_1,MTMR10,0.0,0.0,0.0,0.0,0.0,0.0,0.0
repeat_1_fold_1,MTRF1,0.0,0.0,0.0,0.0,0.0,0.0,0.0
repeat_1_fold_1,MX2,0.0,0.0,0.0,0.0,0.0,0.0,0.0
repeat_1_fold_1,MXD4,0.0,0.0,0.0,0.0,0.0,0.0,0.0
repeat_1_fold_1,MYBPC1,0.0,0.0,0.0,0.0,0.0,0.0,0.0
repeat_1_fold_1,MYO6,0.0,0.0,0.0,0.0,0.0,0.0,0.0
repeat_1_fold_1,NADK,0.0,0.0,0.0,0.0,0.0,0.0,0.0
repeat_1_fold_1,NANS,0.0,0.0,0.0,0.0,0.0,0.0,0.0
repeat_1_fold_1,NAT2,0.0,0.0,0.0,0.0,0.0,0.0,0.0
repeat_1_fold_1,NCAM1,0.0,0.0,0.0,0.0,0.0,0.000222419928825629,0.5
repeat_1_fold_1,NCAN,0.0,0.0,0.0,0.0,0.0,0.0,0.0
repeat_1_fold_1,NCAPG,0.0,0.0,0.0,0.0,0.0,0.0,0.0
repeat_1_fold_1,NCBP2,0.0,0.0,0.0,0.0,0.0,0.0,0.0
repeat_1_fold_1,NCKAP1,-0.6586315098630209,0.7605221590323695,0.38026107951618476,-1.0388925893792056,0.0,0.002030869212022751,0.5
repeat_1_fold_1,NCOA1,0.0,0.0,0.0,0.0,0.0,0.0,0.0
repeat_1_fold_1,NCOA2,0.0,0.0,0.0,0.0,0.0,0.0,0.0
repeat_1_fold_1,NCOR2,0.07729947756829603,0.1307839920401141,0.06539199602005705,0.01190748154823898,0.5,0.0020115362043993945,1.0
repeat_1_fold_1,NCR1,0.0,0.0,0.0,0.0,0.0,0.0,0.0
repeat_1_fold_1,NDST2,0.008603573138493914,0.012164211435614199,0.006082105717807099,0.0025214674206868147,0.5,-0.00044483985765123024,0.5
repeat_1_fold_1,NDUFA6,-0.29253052411291236,0.7418925879103095,0.37094629395515477,-0.6634768180680671,0.5,-0.009709325520148249,1.0
repeat_1_fold_1,NDUFA7,0.0,0.0,0.0,0.0,0.0,0.0,0.0
repeat_1_fold_1,NDUFAF7,0.0,0.0,0.0,0.0,0.0,0.0,0.0
repeat_1_fold_1,NDUFB1,0.0,0.0,0.0,0.0,0.0,0.0010154346060113617,0.5
repeat_1_fold_1,NDUFB4,0.0,0.0,0.0,0.0,0.0,0.0,0.0
repeat_1_fold_1,NDUFB8,0.0,0.0,0.0,0.0,0.0,-0.00022241992882560124,0.5
repeat_1_fold_1,NDUFS3,0.0,0.0,0.0,0.0,0.0,0.0,0.0
repeat_1_fold_1,NEB,0.0,0.0,0.0,0.0,0.0,0.0,0.0
repeat_1_fold_1,NECTIN2,0.0,0.0,0.0,0.0,0.0,0.0,0.0
repeat_1_fold_1,NFRKB,0.0,0.0,0.0,0.0,0.0,0.0,0.0
repeat_1_fold_1,NFYB,0.060277901312783655,0.06960292509824267,0.03480146254912134,0.025476438763662318,0.5,-0.0011120996441281172,0.5
repeat_1_fold_1,NME1,-0.05924525253694668,0.06841052500082705,0.03420526250041352,-0.09345051503736021,0.0,0.0008123476848090894,0.5
repeat_1_fold_1,NME3,-0.03327321479141254,0.0619592430272287,0.03097962151361435,-0.0642528363050269,0.0,-0.0007108042242079671,0.5
repeat_1_fold_1,NMRK1,0.030138950656391827,0.060277901312783655,0.030138950656391827,0.0,0.25,0.0013393979954381685,1.0
repeat_1_fold_1,NMRK2,0.0,0.0,0.0,0.0,0.0,0.0,0.0
repeat_1_fold_1,NOL11,0.0,0.0,0.0,0.0,0.0,0.0,0.0
repeat_1_fold_1,NOS2,0.0,0.0,0.0,0.0,0.0,-0.000444839857651258,0.5
repeat_1_fold_1,NOTCH2,0.0,0.0,0.0,0.0,0.0,0.0,0.0
repeat_1_fold_1,NPC1,0.0,0.0,0.0,0.0,0.0,0.0,0.0
repeat_1_fold_1,NPC1L1,0.0,0.0,0.0,0.0,0.0,0.000222419928825629,0.5
repeat_1_fold_1,NPEPPS,0.0,0.0,0.0,0.0,0.0,0.0,0.0
repeat_1_fold_1,NPFF,0.044507535810037524,0.08901507162007505,0.044507535810037524,0.0,0.25,-0.001320064987814784,0.5
repeat_1_fold_1,NPHS2,0.0,0.0,0.0,0.0,0.0,0.0022339561332250235,0.5
repeat_1_fold_1,NPTN,0.0,0.0,0.0,0.0,0.0,0.0,0.0
repeat_1_fold_1,NR0B1,0.0,0.0,0.0,0.0,0.0,0.0,0.0
repeat_1_fold_1,NR2C2,0.04866590535796078,0.09733181071592156,0.04866590535796078,0.0,0.25,0.0028914590747330937,0.5
repeat_1_fold_1,NR2E3,0.0,0.0,0.0,0.0,0.0,0.0,0.0
repeat_1_fold_1,NR2F1,0.0,0.0,0.0,0.0,0.0,0.0,0.0
repeat_1_fold_1,NR4A2,0.0,0.0,0.0,0.0,0.0,0.000444839857651258,0.5
repeat_1_fold_1,NRP2,-0.057892293378118964,0.21553805509187451,0.10776902754593726,-0.16566132092405622,0.25,-0.0008896797153024882,0.5
repeat_1_fold_1,NRXN2,0.0,0.0,0.0,0.0,0.0,0.0,0.0
repeat_1_fold_1,NRXN3,-0.6714205790562087,0.8957514648273439,0.44787573241367196,-1.1192963114698806,0.0,0.010154346060113728,1.0
repeat_1_fold_1,NSD3,0.0,0.0,0.0,0.0,0.0,0.0,0.0
repeat_1_fold_1,NTS,0.0,0.0,0.0,0.0,0.0,0.0,0.0
repeat_1_fold_1,NUBP2,0.0,0.0,0.0,0.0,0.0,0.0,0.0
repeat_1_fold_1,NUDT15,0.0,0.0,0.0,0.0,0.0,0.0,0.0
repeat_1_fold_1,NUP205,-0.021771240315556994,0.09823143362022692,0.04911571681011346,-0.07088695712567045,0.25,0.00042550685002790134,1.0
repeat_1_fold_1,NUP214,0.0,0.0,0.0,0.0,0.0,0.0,0.0
repeat_1_fold_1,NXT1,0.0,0.0,0.0,0.0,0.0,0.0,0.0
repeat_1_fold_1,OASL,0.0,0.0,0.0,0.0,0.0,0.0,0.0
repeat_1_fold_1,OAT,-0.009525965911558743,0.09977413876596905,0.049887069382984525,-0.05941303529454327,0.25,0.0029447603574329906,0.5
repeat_1_fold_1,OAZ3,0.0,0.0,0.0,0.0,0.0,0.0,0.0
repeat_1_fold_1,OCA2,0.0,0.0,0.0,0.0,0.0,0.0,0.0
repeat_1_fold_1,OLR1,0.0,0.0,0.0,0.0,0.0,0.0,0.0
repeat_1_fold_1,ONECUT1,0.0,0.0,0.0,0.0,0.0,0.0,0.0
repeat_1_fold_1,OPN3,0.0,0.0,0.0,0.0,0.0,0.0,0.0
repeat_1_fold_1,OR10H3,0.0,0.0,0.0,0.0,0.0,0.0,0.0
repeat_1_fold_1,OR2B6,0.0,0.0,0.0,0.0,0.0,0.0,0.0
repeat_1_fold_1,OR2S2,0.0,0.0,0.0,0.0,0.0,0.0,0.0
repeat_1_fold_1,ORC1,0.0,0.0,0.0,0.0,0.0,0.0,0.0
repeat_1_fold_1,ORC5,0.0,0.0,0.0,0.0,0.0,0.0,0.0
repeat_1_fold_1,OSBPL7,0.0,0.0,0.0,0.0,0.0,0.0,0.0
repeat_1_fold_1,OSGEP,0.0,0.0,0.0,0.0,0.0,0.0,0.0
repeat_1_fold_1,OSMR,0.0,0.0,0.0,0.0,0.0,0.0,0.0
repeat_1_fold_1,OSTF1,0.0,0.0,0.0,0.0,0.0,0.0,0.0
repeat_1_fold_1,P2RX4,0.0,0.0,0.0,0.0,0.0,0.0,0.0
repeat_1_fold_1,P2RY13,0.0,0.0,0.0,0.0,0.0,0.0,0.0
repeat_1_fold_1,P2RY6,-0.2127668321496028,0.29881010526000457,0.14940505263000228,-0.36217188477960505,0.0,0.0033362989323843517,0.5
repeat_1_fold_1,P4HA2,0.0,0.0,0.0,0.0,0.0,0.0,0.0
repeat_1_fold_1,PAFAH1B2,0.0,0.0,0.0,0.0,0.0,0.0,0.0
repeat_1_fold_1,PAFAH1B3,0.0,0.0,0.0,0.0,0.0,0.0,0.0
repeat_1_fold_1,PAM16,0.0,0.0,0.0,0.0,0.0,0.0,0.0
repeat_1_fold_1,PANX1,0.0,0.0,0.0,0.0,0.0,0.0,0.0
repeat_1_fold_1,PAPPA,0.0,0.0,0.0,0.0,0.0,0.0,0.0
repeat_1_fold_1,PARG,0.0,0.0,0.0,0.0,0.0,0.0,0.0
repeat_1_fold_1,PARP1,0.0,0.0,0.0,0.0,0.0,0.0,0.0
repeat_1_fold_1,PARP6,0.11660086640531908,0.2821046987037574,0.1410523493518787,-0.024451482946559605,0.25,0.005115658362989356,0.5
repeat_1_fold_1,PAX5,0.0,0.0,0.0,0.0,0.0,0.0009138911454102394,0.5
repeat_1_fold_1,PAX6,0.0,0.0,0.0,0.0,0.0,0.0,0.0
repeat_1_fold_1,PBRM1,0.0,0.0,0.0,0.0,0.0,0.0,0.0
repeat_1_fold_1,PCK1,0.0,0.0,0.0,0.0,0.0,0.0,0.0
repeat_1_fold_1,PCLAF,0.0,0.0,0.0,0.0,0.0,0.0,0.0
repeat_1_fold_1,PCTP,0.0,0.0,0.0,0.0,0.0,0.0,0.0
repeat_1_fold_1,PCYOX1L,0.0,0.0,0.0,0.0,0.0,-0.0008123476848090894,0.5
repeat_1_fold_1,PDE12,0.044507535810037524,0.08901507162007505,0.044507535810037524,0.0,0.25,-0.001218521527213634,0.5
repeat_1_fold_1,PDE1B,0.0,0.0,0.0,0.0,0.0,0.0,0.0
repeat_1_fold_1,PDE3A,-0.4350678709592444,0.7905877625688238,0.3952938812844119,-0.8303617522436563,0.0,0.0005077173030056947,0.5
repeat_1_fold_1,PDE3B,0.0,0.0,0.0,0.0,0.0,0.0,0.0
repeat_1_fold_1,PER2,0.0,0.0,0.0,0.0,0.0,0.0,0.0
repeat_1_fold_1,PFDN1,0.0,0.0,0.0,0.0,0.0,0.0,0.0
repeat_1_fold_1,PFDN5,0.0,0.0,0.0,0.0,0.0,0.0,0.0
repeat_1_fold_1,PFN2,0.0,0.0,0.0,0.0,0.0,0.0,0.0
repeat_1_fold_1,PGD,0.0,0.0,0.0,0.0,0.0,0.0,0.0
repeat_1_fold_1,PGLYRP1,0.0,0.0,0.0,0.0,0.0,0.0,0.0
repeat_1_fold_1,PGM1,0.0,0.0,0.0,0.0,0.0,0.0,0.0
repeat_1_fold_1,PHB2,0.0,0.0,0.0,0.0,0.0,0.0,0.0
repeat_1_fold_1,PHC1,0.0,0.0,0.0,0.0,0.0,0.0,0.0
repeat_1_fold_1,PHF1,0.0,0.0,0.0,0.0,0.0,0.0,0.0
repeat_1_fold_1,PIAS4,0.0,0.0,0.0,0.0,0.0,0.0,0.0
repeat_1_fold_1,PIGA,-0.168419606228273,0.22308947573215518,0.11154473786607759,-0.2799643440943506,0.0,0.002640129975629568,0.5
repeat_1_fold_1,PIGV,0.0,0.0,0.0,0.0,0.0,0.0,0.0
repeat_1_fold_1,PIK3C2G,0.013885245701192872,0.027770491402385744,0.013885245701192872,0.0,0.25,0.0021324126726238735,0.5
repeat_1_fold_1,PILRA,0.0,0.0,0.0,0.0,0.0,0.0,0.0
repeat_1_fold_1,PIM1,0.0,0.0,0.0,0.0,0.0,0.0,0.0
repeat_1_fold_1,PITPNA,0.0,0.0,0.0,0.0,0.0,0.0,0.0
repeat_1_fold_1,PITRM1,0.0,0.0,0.0,0.0,0.0,0.0,0.0
repeat_1_fold_1,PLA2G2E,0.0,0.0,0.0,0.0,0.0,0.0,0.0
repeat_1_fold_1,PLA2G3,0.0,0.0,0.0,0.0,0.0,0.0,0.0
repeat_1_fold_1,PLA2G5,0.0,0.0,0.0,0.0,0.0,0.0,0.0
repeat_1_fold_1,PLAU,0.0,0.0,0.0,0.0,0.0,0.0,0.0
repeat_1_fold_1,PLBD1,-0.02190284803035425,0.0438056960607085,0.02190284803035425,-0.0438056960607085,0.0,0.000667259786476887,0.5
repeat_1_fold_1,PLCG2,0.0,0.0,0.0,0.0,0.0,0.0,0.0
repeat_1_fold_1,PLIN2,0.08901507162007505,0.10278575112356829,0.051392875561784145,0.0376221960582909,0.5,0.0011169780666125118,0.5
repeat_1_fold_1,PLK2,-0.08091534131466638,0.5177942083042076,0.2588971041521038,-0.3398124454667702,0.25,0.0032493907392363852,0.5
repeat_1_fold_1,PLK3,0.0,0.0,0.0,0.0,0.0,0.0,0.0
repeat_1_fold_1,PLOD2,0.0,0.0,0.0,0.0,0.0,0.0,0.0
repeat_1_fold_1,PLPPR3,0.0,0.0,0.0,0.0,0.0,0.0,0.0
repeat_1_fold_1,PLXNB1,0.0,0.0,0.0,0.0,0.0,0.0,0.0
repeat_1_fold_1,PMEL,0.28370491734855285,0.3553593708747373,0.17767968543736865,0.10602523191118421,0.5,0.004003558718861211,0.5
repeat_1_fold_1,PMP22,0.0,0.0,0.0,0.0,0.0,0.0,0.0
repeat_1_fold_1,PNOC,0.0,0.0,0.0,0.0,0.0,0.0,0.0
repeat_1_fold_1,POLQ,0.0,0.0,0.0,0.0,0.0,0.0,0.0
repeat_1_fold_1,POLR1C,0.0,0.0,0.0,0.0,0.0,0.000444839857651258,0.5
repeat_1_fold_1,POLR1G,0.0,0.0,0.0,0.0,0.0,0.0,0.0
repeat_1_fold_1,POLR2B,0.0,0.0,0.0,0.0,0.0,0.0,0.0
repeat_1_fold_1,POLR2I,0.0,0.0,0.0,0.0,0.0,0.0,0.0
repeat_1_fold_1,PON3,0.0,0.0,0.0,0.0,0.0,0.0,0.0
repeat_1_fold_1,POP1,0.0,0.0,0.0,0.0,0.0,0.0,0.0
repeat_1_fold_1,PPARD,0.0,0.0,0.0,0.0,0.0,0.0,0.0
repeat_1_fold_1,PPFIBP2,-0.18317104853800892,0.3640167075371678,0.1820083537685839,-0.36517940230659285,0.0,0.002557919522651775,1.0
repeat_1_fold_1,PPL,-0.286982809674587,0.6504461132773003,0.32522305663865014,-0.6122058663132371,0.25,-0.0025868286929296713,1.0
repeat_1_fold_1,PPP2R5A,0.0,0.0,0.0,0.0,0.0,0.0,0.0
repeat_1_fold_1,PPP2R5D,0.0,0.0,0.0,0.0,0.0,0.0,0.0
repeat_1_fold_1,PPP6R3,0.0,0.0,0.0,0.0,0.0,0.0,0.0
repeat_1_fold_1,PRCC,0.0,0.0,0.0,0.0,0.0,0.0,0.0
repeat_1_fold_1,PRDM16,0.0,0.0,0.0,0.0,0.0,0.0,0.0
repeat_1_fold_1,PRDM4,0.0,0.0,0.0,0.0,0.0,0.0,0.0
repeat_1_fold_1,PRDM9,0.0,0.0,0.0,0.0,0.0,0.0,0.0
repeat_1_fold_1,PRKAR1B,0.0,0.0,0.0,0.0,0.0,0.0,0.0
repeat_1_fold_1,PRLR,0.0,0.0,0.0,0.0,0.0,0.0,0.0
repeat_1_fold_1,PRPF40A,0.04639238953370217,0.08156871803240928,0.04078435901620464,0.005608030517497531,0.5,0.0,0.5
repeat_1_fold_1,PRPF8,-0.05953325163007861,0.06874307770871922,0.03437153885435961,-0.09390479048443823,0.0,0.00010154346060115005,0.5
repeat_1_fold_1,PSG1,0.0,0.0,0.0,0.0,0.0,0.0,0.0
repeat_1_fold_1,PSMA4,0.0,0.0,0.0,0.0,0.0,0.0,0.0
repeat_1_fold_1,PSMD12,0.0,0.0,0.0,0.0,0.0,0.0,0.0
repeat_1_fold_1,PSMD4,0.0,0.0,0.0,0.0,0.0,0.0,0.0
repeat_1_fold_1,PSMD6,0.0,0.0,0.0,0.0,0.0,0.0,0.0
repeat_1_fold_1,PSMD9,-0.059389252083512645,0.0685772045194595,0.03428860225972975,-0.0936778543432424,0.0,0.0010154346060113895,0.5
repeat_1_fold_1,PSMG1,0.10407832328362332,0.12694977882480146,0.06347488941240073,0.04060343387122259,0.5,-0.00022241992882560124,0.5
repeat_1_fold_1,PTCH1,0.0,0.0,0.0,0.0,0.0,0.0,0.0
repeat_1_fold_1,PTGER3,0.0,0.0,0.0,0.0,0.0,0.0,0.0
repeat_1_fold_1,PTGS1,0.0,0.0,0.0,0.0,0.0,0.0,0.0
repeat_1_fold_1,PTGS2,0.0,0.0,0.0,0.0,0.0,0.0,0.0
repeat_1_fold_1,PTPN18,-0.2296090043741401,0.6606265740186278,0.3303132870093139,-0.5599222913834541,0.5,0.0072337971327885164,1.0
repeat_1_fold_1,PTPRU,0.0,0.0,0.0,0.0,0.0,0.0,0.0
repeat_1_fold_1,PTRH2,0.0,0.0,0.0,0.0,0.0,0.0,0.0
repeat_1_fold_1,PUS7,0.0,0.0,0.0,0.0,0.0,0.0,0.0
repeat_1_fold_1,PYCR3,0.0,0.0,0.0,0.0,0.0,0.0,0.0
repeat_1_fold_1,QPRT,0.0,0.0,0.0,0.0,0.0,-0.0004061738424045447,0.5
repeat_1_fold_1,RAB15,0.0,0.0,0.0,0.0,0.0,0.0,0.0
repeat_1_fold_1,RAB3B,0.0,0.0,0.0,0.0,0.0,0.0,0.0
repeat_1_fold_1,RAB6B,0.0,0.0,0.0,0.0,0.0,0.0,0.0
repeat_1_fold_1,RAB8B,-0.08403726917907761,0.09707722763835297,0.048538613819176485,-0.1325758829982541,0.0,-0.00020308692120227234,0.5
repeat_1_fold_1,RABGAP1,-0.009304821311033606,0.05735503949512805,0.028677519747564027,-0.03798234105859763,0.25,0.001334519572953774,0.5
repeat_1_fold_1,RAD51D,-0.12145328200754157,0.17289333912095553,0.08644666956047777,-0.20789995156801933,0.0,-0.0004061738424045447,1.0
repeat_1_fold_1,RALBP1,0.0,0.0,0.0,0.0,0.0,0.0,0.0
repeat_1_fold_1,RAMP1,0.0,0.0,0.0,0.0,0.0,0.0,0.0
repeat_1_fold_1,RAP1A,0.0,0.0,0.0,0.0,0.0,0.0,0.0
repeat_1_fold_1,RAP1GAP2,0.0,0.0,0.0,0.0,0.0,0.0,0.0
repeat_1_fold_1,RAP2B,0.0,0.0,0.0,0.0,0.0,0.0,0.0
repeat_1_fold_1,RASGRF1,0.053487813007873086,0.10697562601574617,0.053487813007873086,0.0,0.25,0.000444839857651258,0.5
repeat_1_fold_1,RBM28,0.0,0.0,0.0,0.0,0.0,0.0,0.0
repeat_1_fold_1,RBM42,-0.01001133324632697,0.056383741266776755,0.028191870633388377,-0.03820320387971535,0.25,-0.000222419928825629,0.5
repeat_1_fold_1,RBM7,-0.7623566628410909,0.8996960720967722,0.4498480360483861,-1.212204698889477,0.0,0.0008510137000558304,1.0
repeat_1_fold_1,RBM8A,-0.05938925208350909,0.1187785041670182,0.0593892520835091,-0.11877850416701818,0.0,0.0011169780666125118,0.5
repeat_1_fold_1,RBPJ,0.0,0.0,0.0,0.0,0.0,0.0,0.0
repeat_1_fold_1,REG3A,0.0,0.0,0.0,0.0,0.0,0.0,0.0
repeat_1_fold_1,REPS1,-0.20867840106657098,0.5515455638416337,0.27577278192081683,-0.4844511829873878,0.25,-0.00044483985765123024,0.5
repeat_1_fold_1,REPS2,0.0,0.0,0.0,0.0,0.0,0.0,0.0
repeat_1_fold_1,RET,0.0,0.0,0.0,0.0,0.0,0.0,0.0
repeat_1_fold_1,RFK,0.0,0.0,0.0,0.0,0.0,0.0008123476848090894,0.5
repeat_1_fold_1,RGS10,0.0,0.0,0.0,0.0,0.0,0.0,0.0
repeat_1_fold_1,RGS20,0.0,0.0,0.0,0.0,0.0,0.0,0.0
repeat_1_fold_1,RGS3,0.0,0.0,0.0,0.0,0.0,0.0,0.0
repeat_1_fold_1,RHEB,0.0,0.0,0.0,0.0,0.0,0.0,0.0
repeat_1_fold_1,RIPK1,0.0,0.0,0.0,0.0,0.0,0.002335499593826146,0.5
repeat_1_fold_1,RIPK2,0.0,0.0,0.0,0.0,0.0,0.0,0.0
repeat_1_fold_1,RIPOR2,0.0,0.0,0.0,0.0,0.0,0.0,0.0
repeat_1_fold_1,RMND5A,0.0,0.0,0.0,0.0,0.0,0.0,0.0
repeat_1_fold_1,RNASE1,0.0,0.0,0.0,0.0,0.0,0.0,0.0
repeat_1_fold_1,RNASE2,0.0,0.0,0.0,0.0,0.0,0.0,0.0
repeat_1_fold_1,RND2,0.0,0.0,0.0,0.0,0.0,0.0,0.0
repeat_1_fold_1,RNF128,-0.035126231810933106,0.07025246362186621,0.035126231810933106,-0.07025246362186621,0.0,-0.0019293257514216011,0.5
repeat_1_fold_1,RNF138,-0.0035065889763750135,0.004049060178894976,0.002024530089447488,-0.005531119065822501,0.0,0.003147847278635263,0.5
repeat_1_fold_1,RNF139,0.0,0.0,0.0,0.0,0.0,0.0,0.0
repeat_1_fold_1,RNF4,0.0,0.0,0.0,0.0,0.0,0.0,0.0
repeat_1_fold_1,ROBO1,0.0,0.0,0.0,0.0,0.0,0.0,0.0
repeat_1_fold_1,RPL10A,0.0,0.0,0.0,0.0,0.0,0.0,0.0
repeat_1_fold_1,RPL22,0.0,0.0,0.0,0.0,0.0,0.0,0.0
repeat_1_fold_1,RPL34,0.0,0.0,0.0,0.0,0.0,0.0,0.0
repeat_1_fold_1,RPP21,0.0,0.0,0.0,0.0,0.0,0.0,0.0
repeat_1_fold_1,RPP40,0.0,0.0,0.0,0.0,0.0,0.0,0.0
repeat_1_fold_1,RPS10,0.0,0.0,0.0,0.0,0.0,0.0,0.0
repeat_1_fold_1,RPS11,0.0,0.0,0.0,0.0,0.0,0.0,0.0
repeat_1_fold_1,RPS12,0.10024619937060564,0.13668036667600197,0.06834018333800099,0.03190601603260465,0.5,0.0007108042242079671,0.5
repeat_1_fold_1,RPS20,0.0,0.0,0.0,0.0,0.0,-0.000222419928825629,0.5
repeat_1_fold_1,RPS27L,0.0,0.0,0.0,0.0,0.0,0.0,0.0
repeat_1_fold_1,RPS6KA2,0.0,0.0,0.0,0.0,0.0,0.000222419928825629,0.5
repeat_1_fold_1,RPS6KA4,0.0,0.0,0.0,0.0,0.0,0.0,0.0
repeat_1_fold_1,RPSA,0.0,0.0,0.0,0.0,0.0,0.0,0.0
repeat_1_fold_1,RRM1,0.0,0.0,0.0,0.0,0.0,0.0,0.0
repeat_1_fold_1,RTF1,0.0,0.0,0.0,0.0,0.0,0.0,0.0
repeat_1_fold_1,S100A9,0.0,0.0,0.0,0.0,0.0,0.0,0.0
repeat_1_fold_1,S100B,0.0,0.0,0.0,0.0,0.0,0.0,0.0
repeat_1_fold_1,S1PR2,0.0,0.0,0.0,0.0,0.0,0.0,0.0
repeat_1_fold_1,SAE1,0.0,0.0,0.0,0.0,0.0,0.0,0.0
repeat_1_fold_1,SCD5,0.0,0.0,0.0,0.0,0.0,0.0,0.0
repeat_1_fold_1,SCMH1,0.258850514999704,0.5111356464386096,0.2555678232193048,0.003282691780399194,0.5,0.0001595424834711645,1.0
repeat_1_fold_1,SCN3A,0.0,0.0,0.0,0.0,0.0,0.0,0.0
repeat_1_fold_1,SCTR,-0.5014289344342338,0.48002996407846055,0.24001498203923027,-0.7414439164734641,0.25,-0.0016633613848648643,1.0
repeat_1_fold_1,SDC1,-0.030418779829057385,0.4565250302882951,0.22826251514414755,-0.2586812949732049,0.25,0.005178716490657986,0.5
repeat_1_fold_1,SDHAF1,0.0,0.0,0.0,0.0,0.0,0.0,0.0
repeat_1_fold_1,SDS,0.0,0.0,0.0,0.0,0.0,0.0,0.0
repeat_1_fold_1,SEC61B,0.0,0.0,0.0,0.0,0.0,0.0,0.0
repeat_1_fold_1,SEL1L,0.0,0.0,0.0,0.0,0.0,0.0,0.0
repeat_1_fold_1,SEMA4D,0.0,0.0,0.0,0.0,0.0,0.0,0.0
repeat_1_fold_1,SEPHS2,0.0,0.0,0.0,0.0,0.0,0.0,0.0
repeat_1_fold_1,SERINC3,0.0,0.0,0.0,0.0,0.0,0.0,0.0
repeat_1_fold_1,SERINC5,-0.06024491637732332,0.06958398862667754,0.03479199431333877,-0.09503691069066209,0.0,0.0012233999496980286,1.0
repeat_1_fold_1,SERP1,0.0,0.0,0.0,0.0,0.0,0.0,0.0
repeat_1_fold_1,SERPINA3,0.0,0.0,0.0,0.0,0.0,0.0,0.0
repeat_1_fold_1,SERPIND1,0.18773699531889676,0.3599649852552622,0.1799824926276311,0.007754502691265652,0.5,0.000222419928825629,0.5
repeat_1_fold_1,SERPING1,0.0,0.0,0.0,0.0,0.0,0.0,0.0
repeat_1_fold_1,SF3A3,0.0,0.0,0.0,0.0,0.0,0.0,0.0
repeat_1_fold_1,SGK1,0.0,0.0,0.0,0.0,0.0,0.0,0.0
repeat_1_fold_1,SH3BP1,0.0,0.0,0.0,0.0,0.0,0.0,0.0
repeat_1_fold_1,SH3GL3,0.0,0.0,0.0,0.0,0.0,0.0,0.0
repeat_1_fold_1,SHC1,0.0,0.0,0.0,0.0,0.0,0.0,0.0
repeat_1_fold_1,SHMT1,0.06393331347077513,0.0740647702797309,0.03703238513986545,0.026900928330909686,0.5,-0.0011120996441280895,0.5
repeat_1_fold_1,SHMT2,-0.02962262626847334,0.05924525253694668,0.02962262626847334,-0.05924525253694668,0.0,0.001382942433169193,1.0
repeat_1_fold_1,SIGLEC9,0.0,0.0,0.0,0.0,0.0,0.0,0.0
repeat_1_fold_1,SIKE1,0.0,0.0,0.0,0.0,0.0,-0.0017793594306049765,0.5
repeat_1_fold_1,SLA,-0.02190284803035425,0.0438056960607085,0.02190284803035425,-0.0438056960607085,0.0,-0.000222419928825629,0.5
repeat_1_fold_1,SLC11A2,0.0,0.0,0.0,0.0,0.0,0.0,0.0
repeat_1_fold_1,SLC12A3,0.0,0.0,0.0,0.0,0.0,0.0,0.0
repeat_1_fold_1,SLC15A1,0.0,0.0,0.0,0.0,0.0,0.0,0.0
repeat_1_fold_1,SLC1A7,0.0,0.0,0.0,0.0,0.0,0.0,0.0
repeat_1_fold_1,SLC20A2,0.0,0.0,0.0,0.0,0.0,0.000609260763606817,0.5
repeat_1_fold_1,SLC22A4,0.0,0.0,0.0,0.0,0.0,0.0,0.0
repeat_1_fold_1,SLC25A15,0.0,0.0,0.0,0.0,0.0,0.0,0.0
repeat_1_fold_1,SLC25A17,-0.0438056960607085,0.05058246082537796,0.02529123041268898,-0.06909692647339748,0.0,-0.0008896797153024882,0.5
repeat_1_fold_1,SLC25A42,0.0,0.0,0.0,0.0,0.0,0.0,0.0
repeat_1_fold_1,SLC25A6,0.0,0.0,0.0,0.0,0.0,0.0,0.0
repeat_1_fold_1,SLC27A6,0.044507535810037524,0.08901507162007505,0.044507535810037524,0.0,0.25,0.000507717303005667,0.5
repeat_1_fold_1,SLC2A11,-0.07025246362186621,0.08112055756663769,0.040560278783318846,-0.11081274240518506,0.0,0.0004061738424045447,0.5
repeat_1_fold_1,SLC34A2,-0.08421999501279842,0.1089937016730346,0.0544968508365173,-0.1387168458493157,0.0,0.0024466192170818635,0.5
repeat_1_fold_1,SLC38A2,0.0,0.0,0.0,0.0,0.0,0.0,0.0
repeat_1_fold_1,SLCO3A1,0.0,0.0,0.0,0.0,0.0,0.0,0.0
repeat_1_fold_1,SMARCA2,0.0,0.0,0.0,0.0,0.0,0.0,0.0
repeat_1_fold_1,SMC6,0.0,0.0,0.0,0.0,0.0,0.0,0.0
repeat_1_fold_1,SMS,0.0,0.0,0.0,0.0,0.0,0.0,0.0
repeat_1_fold_1,SNAPC2,0.0,0.0,0.0,0.0,0.0,0.0,0.0
repeat_1_fold_1,SNCAIP,-0.44521622448225884,0.8369547516889707,0.41847737584448536,-0.8636936003267441,0.0,0.0029447603574329906,0.5
repeat_1_fold_1,SNRPD1,-0.07490618860388665,0.10648930897331567,0.053244654486657834,-0.12815084309054448,0.0,0.000889679715302516,0.5
repeat_1_fold_1,SNX3,0.0,0.0,0.0,0.0,0.0,0.0,0.0
repeat_1_fold_1,SNX5,-0.08301990286532934,0.10866815221577661,0.054334076107888304,-0.13735397897321766,0.0,-0.0011120996441281172,0.5
repeat_1_fold_1,SOCS5,0.02341063775915231,0.04682127551830462,0.02341063775915231,0.0,0.25,-0.000609260763606817,0.5
repeat_1_fold_1,SOD2,0.0,0.0,0.0,0.0,0.0,0.000222419928825629,0.5
repeat_1_fold_1,SOS2,0.0,0.0,0.0,0.0,0.0,0.0,0.0
repeat_1_fold_1,SOX1,0.0,0.0,0.0,0.0,0.0,0.0,0.0
repeat_1_fold_1,SOX13,0.20303323468045242,0.24426745407644243,0.12213372703822122,0.08089950764223121,0.5,-0.002335499593826146,0.5
repeat_1_fold_1,SPAST,0.0,0.0,0.0,0.0,0.0,0.0,0.0
repeat_1_fold_1,SPCS1,0.0,0.0,0.0,0.0,0.0,0.0,0.0
repeat_1_fold_1,SPDL1,0.0,0.0,0.0,0.0,0.0,-0.00020308692120227234,0.5
repeat_1_fold_1,SPHK2,0.0,0.0,0.0,0.0,0.0,0.0,0.0
repeat_1_fold_1,SPO11,0.0,0.0,0.0,0.0,0.0,0.0,0.0
repeat_1_fold_1,SPP1,0.060694933561535436,0.12138986712307086,0.06069493356153543,6.938893903907228e-18,0.25,-0.0009718901682802816,1.0
repeat_1_fold_1,SPTBN5,-0.010443446484293517,0.18112081377153114,0.09056040688576557,-0.10100385337005909,0.25,0.0014796074712859764,1.0
repeat_1_fold_1,SQLE,0.0,0.0,0.0,0.0,0.0,0.0,0.0
repeat_1_fold_1,SRD5A3,0.0,0.0,0.0,0.0,0.0,0.0,0.0
repeat_1_fold_1,SRI,-0.9731066448099774,1.2129693071766514,0.6064846535883257,-1.5795912983983031,0.0,0.0022339561332250235,0.5
repeat_1_fold_1,SRPK2,0.0,0.0,0.0,0.0,0.0,0.0,0.0
repeat_1_fold_1,SRPRA,0.0,0.0,0.0,0.0,0.0,0.0,0.0
repeat_1_fold_1,SRRM1,0.08901507162007505,0.10278575112356829,0.051392875561784145,0.0376221960582909,0.5,-0.00010154346060115005,0.5
repeat_1_fold_1,ST6GALNAC4,0.0,0.0,0.0,0.0,0.0,0.0,0.0
repeat_1_fold_1,STEAP3,0.0,0.0,0.0,0.0,0.0,0.0,0.0
repeat_1_fold_1,STN1,0.0,0.0,0.0,0.0,0.0,0.0,0.0
repeat_1_fold_1,STX16,0.0,0.0,0.0,0.0,0.0,0.0,0.0
repeat_1_fold_1,STX1A,0.0,0.0,0.0,0.0,0.0,0.0,0.0
repeat_1_fold_1,SULT1A2,0.025972037745530585,0.057115681086489525,0.028557840543244763,-0.0025858027977141776,0.25,0.00040617384240457244,0.5
repeat_1_fold_1,SUMO1,0.0,0.0,0.0,0.0,0.0,0.0,0.0
repeat_1_fold_1,SWAP70,0.0,0.0,0.0,0.0,0.0,0.0,0.0
repeat_1_fold_1,SYCP1,0.0,0.0,0.0,0.0,0.0,0.0,0.0
repeat_1_fold_1,SYF2,0.0,0.0,0.0,0.0,0.0,0.0,0.0
repeat_1_fold_1,SYK,0.0,0.0,0.0,0.0,0.0,0.0,0.0
repeat_1_fold_1,SYTL2,0.011891514784029056,0.09198381535629031,0.04599190767814516,-0.0341003928941161,0.25,2.7755575615628914e-17,0.5
repeat_1_fold_1,TAB2,0.0,0.0,0.0,0.0,0.0,-0.00022241992882560124,0.5
repeat_1_fold_1,TAF1,0.0,0.0,0.0,0.0,0.0,0.0,0.0
repeat_1_fold_1,TAF2,0.0,0.0,0.0,0.0,0.0,0.0,0.0
repeat_1_fold_1,TAF5L,0.06791817356918983,0.08565851983866704,0.04282925991933352,0.025088913649856312,0.5,0.0011169780666125118,0.5
repeat_1_fold_1,TAL1,0.0,0.0,0.0,0.0,0.0,0.0,0.0
repeat_1_fold_1,TARBP2,0.0,0.0,0.0,0.0,0.0,0.0,0.0
repeat_1_fold_1,TAS2R13,0.0,0.0,0.0,0.0,0.0,0.0,0.0
repeat_1_fold_1,TBCE,0.0,0.0,0.0,0.0,0.0,0.0,0.0
repeat_1_fold_1,TBL1X,-0.047743278061089356,0.09548655612217871,0.047743278061089356,-0.09548655612217871,0.0,0.001112099644128145,0.5
repeat_1_fold_1,TBX21,0.0,0.0,0.0,0.0,0.0,0.000222419928825629,0.5
repeat_1_fold_1,TBXAS1,0.0,0.0,0.0,0.0,0.0,0.0,0.0
repeat_1_fold_1,TCF3,0.0,0.0,0.0,0.0,0.0,0.0,0.0
repeat_1_fold_1,TDRD1,0.0,0.0,0.0,0.0,0.0,0.0,0.0
repeat_1_fold_1,TFAP2B,-0.32058201388943,0.7780378557555484,0.3890189278777742,-0.7096009417672042,0.5,0.007755969020933118,1.0
repeat_1_fold_1,TFAP2C,0.0,0.0,0.0,0.0,0.0,0.0,0.0
repeat_1_fold_1,TFB2M,0.0,0.0,0.0,0.0,0.0,0.0,0.0
repeat_1_fold_1,TFR2,0.04500784218678611,0.05356909496795369,0.026784547483976844,0.018223294702809263,0.5,0.0015569395017793752,0.5
repeat_1_fold_1,THBS4,0.0,0.0,0.0,0.0,0.0,0.0,0.0
repeat_1_fold_1,THSD7A,0.0,0.0,0.0,0.0,0.0,0.0,0.0
repeat_1_fold_1,TIAM1,0.06784408218812565,0.051864661951744745,0.025932330975872372,0.04191175121225328,1.0,0.006498600796158549,1.0
repeat_1_fold_1,TLR2,0.0,0.0,0.0,0.0,0.0,0.000667259786476887,0.5
repeat_1_fold_1,TM7SF2,0.0,0.0,0.0,0.0,0.0,0.0,0.0
repeat_1_fold_1,TMC6,0.0,0.0,0.0,0.0,0.0,0.0,0.0
repeat_1_fold_1,TMED7,0.0,0.0,0.0,0.0,0.0,0.0,0.0
repeat_1_fold_1,TNFRSF10C,0.0,0.0,0.0,0.0,0.0,0.0,0.0
repeat_1_fold_1,TNFRSF10D,0.0,0.0,0.0,0.0,0.0,0.0,0.0
repeat_1_fold_1,TNFRSF21,0.030138950656391827,0.060277901312783655,0.030138950656391827,0.0,0.25,-0.0020017793594305777,0.5
repeat_1_fold_1,TNFRSF4,0.0,0.0,0.0,0.0,0.0,0.0,0.0
repeat_1_fold_1,TNFSF15,-0.05717947283459601,0.11435894566919202,0.05717947283459601,-0.11435894566919202,0.0,-0.0006672597864768592,0.5
repeat_1_fold_1,TNFSF8,0.0,0.0,0.0,0.0,0.0,0.0,0.0
repeat_1_fold_1,TNKS2,0.0,0.0,0.0,0.0,0.0,0.0,0.0
repeat_1_fold_1,TNS3,0.0,0.0,0.0,0.0,0.0,0.0,0.0
repeat_1_fold_1,TOMM40,0.0,0.0,0.0,0.0,0.0,0.0,0.0
repeat_1_fold_1,TOMM70,-0.035126231810933106,0.07025246362186621,0.035126231810933106,-0.07025246362186621,0.0,0.00024175293644898566,1.0
repeat_1_fold_1,TOP1,0.0,0.0,0.0,0.0,0.0,0.0,0.0
repeat_1_fold_1,TOP2A,0.0,0.0,0.0,0.0,0.0,0.0,0.0
repeat_1_fold_1,TOP3A,0.0,0.0,0.0,0.0,0.0,0.0,0.0
repeat_1_fold_1,TP53BP1,0.0,0.0,0.0,0.0,0.0,-0.00044483985765123024,0.5
repeat_1_fold_1,TPM1,0.0,0.0,0.0,0.0,0.0,0.0,0.0
repeat_1_fold_1,TPP1,0.0,0.0,0.0,0.0,0.0,0.0,0.0
repeat_1_fold_1,TRAPPC2,-0.09168665619250227,0.18337331238500454,0.09168665619250227,-0.18337331238500454,0.0,-0.0011120996441281172,0.5
repeat_1_fold_1,TRDMT1,0.015551944926572858,0.08191678676757704,0.04095839338378852,-0.02540644845721566,0.25,-0.00044483985765123024,0.5
repeat_1_fold_1,TREM2,0.0,0.0,0.0,0.0,0.0,0.0,0.0
repeat_1_fold_1,TRHR,0.0,0.0,0.0,0.0,0.0,0.0,0.0
repeat_1_fold_1,TRIM34,0.1555086384077935,0.1518468369929646,0.0759234184964823,0.07958521991131119,1.0,0.000913710463096018,1.0
repeat_1_fold_1,TRIM37,0.0,0.0,0.0,0.0,0.0,0.0,0.0
repeat_1_fold_1,TRIM46,0.0,0.0,0.0,0.0,0.0,0.0,0.0
repeat_1_fold_1,TRIP11,-0.015881380113846433,0.07360425719625881,0.036802128598129404,-0.052683508711975836,0.25,0.0008123476848090894,0.5
repeat_1_fold_1,TRPC3,0.0,0.0,0.0,0.0,0.0,0.0,0.0
repeat_1_fold_1,TRPM8,-0.1437913843902887,0.1728525349270026,0.0864262674635013,-0.23021765185379,0.0,0.0031138790035587227,0.5
repeat_1_fold_1,TTBK2,0.0,0.0,0.0,0.0,0.0,0.0,0.0
repeat_1_fold_1,TTN,0.0,0.0,0.0,0.0,0.0,0.0,0.0
repeat_1_fold_1,TTPA,0.0,0.0,0.0,0.0,0.0,0.0,0.0
repeat_1_fold_1,TUBG1,0.0,0.0,0.0,0.0,0.0,0.0,0.0
repeat_1_fold_1,TWF1,0.0,0.0,0.0,0.0,0.0,0.0,0.0
repeat_1_fold_1,TXLNA,0.0,0.0,0.0,0.0,0.0,0.0,0.0
repeat_1_fold_1,TXN2,0.0,0.0,0.0,0.0,0.0,-0.0015569395017793475,0.5
repeat_1_fold_1,TXNIP,0.0,0.0,0.0,0.0,0.0,0.0,0.0
repeat_1_fold_1,TXNL1,0.0,0.0,0.0,0.0,0.0,0.0,0.0
repeat_1_fold_1,TYMS,0.0,0.0,0.0,0.0,0.0,0.0,0.0
repeat_1_fold_1,UBB,-0.06086854619177906,0.10624003708957284,0.05312001854478642,-0.11398856473656549,0.0,0.0005077173030056947,0.5
repeat_1_fold_1,UBC,-0.10001908943690374,0.1253045478111217,0.06265227390556086,-0.1626713633424646,0.0,0.0016246953696181787,0.5
repeat_1_fold_1,UBD,0.0,0.0,0.0,0.0,0.0,0.0,0.0
repeat_1_fold_1,UBE2E3,0.0,0.0,0.0,0.0,0.0,0.0,0.0
repeat_1_fold_1,UBE2G2,0.0,0.0,0.0,0.0,0.0,0.0,0.0
repeat_1_fold_1,UBE2I,0.0,0.0,0.0,0.0,0.0,0.0,0.0
repeat_1_fold_1,UBL4A,0.0,0.0,0.0,0.0,0.0,0.0,0.0
repeat_1_fold_1,UCHL3,0.0,0.0,0.0,0.0,0.0,0.0,0.0
repeat_1_fold_1,UCN,0.0,0.0,0.0,0.0,0.0,0.0,0.0
repeat_1_fold_1,UFL1,0.0,0.0,0.0,0.0,0.0,0.0,0.0
repeat_1_fold_1,UGCG,-0.6948254856622995,0.8071178415150341,0.40355892075751704,-1.0983844064198165,0.0,0.0009138911454102117,0.5
repeat_1_fold_1,UGT1A6,-0.10698366635695322,0.18405628889641942,0.09202814444820971,-0.19901181080516295,0.0,0.004342157375741201,1.0
repeat_1_fold_1,UGT2B15,0.0,0.0,0.0,0.0,0.0,0.0,0.0
repeat_1_fold_1,UIMC1,0.0,0.0,0.0,0.0,0.0,0.0,0.0
repeat_1_fold_1,UNC5C,0.0,0.0,0.0,0.0,0.0,0.0,0.0
repeat_1_fold_1,UNG,-0.047743278061089356,0.09548655612217871,0.047743278061089356,-0.09548655612217871,0.0,-0.00044483985765123024,0.5
repeat_1_fold_1,UQCC1,0.0,0.0,0.0,0.0,0.0,0.0,0.0
repeat_1_fold_1,UQCR10,0.04682127551830462,0.054064552048589606,0.027032276024294803,0.019788999494009814,0.5,0.00010154346060112229,0.5
repeat_1_fold_1,UROD,0.0,0.0,0.0,0.0,0.0,0.0,0.0
repeat_1_fold_1,USP14,0.0,0.0,0.0,0.0,0.0,0.0,0.0
repeat_1_fold_1,USP33,0.0,0.0,0.0,0.0,0.0,0.0,0.0
repeat_1_fold_1,USP7,0.0,0.0,0.0,0.0,0.0,0.0,0.0
repeat_1_fold_1,UTP18,0.0,0.0,0.0,0.0,0.0,0.0,0.0
repeat_1_fold_1,UTRN,0.0,0.0,0.0,0.0,0.0,0.0,0.0
repeat_1_fold_1,VCAN,0.0,0.0,0.0,0.0,0.0,0.0,0.0
repeat_1_fold_1,VDAC1,0.0,0.0,0.0,0.0,0.0,0.0,0.0
repeat_1_fold_1,VDAC3,0.0,0.0,0.0,0.0,0.0,0.0,0.0
repeat_1_fold_1,VNN2,0.0,0.0,0.0,0.0,0.0,0.0,0.0
repeat_1_fold_1,VPS33A,0.0,0.0,0.0,0.0,0.0,0.0,0.0
repeat_1_fold_1,VPS72,0.0,0.0,0.0,0.0,0.0,0.0,0.0
repeat_1_fold_1,WAPL,0.0,0.0,0.0,0.0,0.0,0.0,0.0
repeat_1_fold_1,WDR70,0.0,0.0,0.0,0.0,0.0,0.0,0.0
repeat_1_fold_1,WDTC1,0.0,0.0,0.0,0.0,0.0,0.0,0.0
repeat_1_fold_1,WIPF2,0.0,0.0,0.0,0.0,0.0,-0.0011120996441280895,0.5
repeat_1_fold_1,WNT2B,0.0,0.0,0.0,0.0,0.0,0.0,0.0
repeat_1_fold_1,WNT5A,-0.09807087880588483,0.14677366474516043,0.07338683237258022,-0.17145771117846503,0.0,-0.0008896797153024882,0.5
repeat_1_fold_1,WNT7B,0.0,0.0,0.0,0.0,0.0,0.0,0.0
repeat_1_fold_1,WTAP,0.0,0.0,0.0,0.0,0.0,-0.0008896797153024882,0.5
repeat_1_fold_1,WWOX,0.0,0.0,0.0,0.0,0.0,-0.0006672597864768592,0.5
repeat_1_fold_1,WWTR1,0.0,0.0,0.0,0.0,0.0,0.0,0.0
repeat_1_fold_1,XDH,0.0,0.0,0.0,0.0,0.0,0.0,0.0
repeat_1_fold_1,XRCC6,0.15225991710053677,0.25702669059150474,0.12851334529575237,0.0237465718047844,0.5,-0.0032880567544830985,1.0
repeat_1_fold_1,YWHAQ,0.0,0.0,0.0,0.0,0.0,0.0,0.0
repeat_1_fold_1,ZC3H15,-0.2372864431624766,0.4624237811254866,0.2312118905627433,-0.4684983337252199,0.0,0.0035540211210398076,0.5
repeat_1_fold_1,ZKSCAN4,0.0,0.0,0.0,0.0,0.0,0.0,0.0
repeat_1_fold_1,ZNF175,0.0,0.0,0.0,0.0,0.0,0.0,0.0
repeat_1_fold_1,ZNF211,0.0,0.0,0.0,0.0,0.0,0.0,0.0
repeat_1_fold_1,ZNF230,0.0,0.0,0.0,0.0,0.0,0.0,0.0
repeat_1_fold_1,ZNF250,0.0,0.0,0.0,0.0,0.0,0.0,0.0
repeat_1_fold_1,ZNF263,0.0,0.0,0.0,0.0,0.0,0.0,0.0
repeat_1_fold_1,ZNF268,0.0,0.0,0.0,0.0,0.0,0.0,0.0
repeat_1_fold_1,ZNF394,0.0,0.0,0.0,0.0,0.0,0.0,0.0
repeat_1_fold_1,ZNF443,0.0,0.0,0.0,0.0,0.0,0.0,0.0
repeat_1_fold_1,ZNF446,0.0,0.0,0.0,0.0,0.0,0.0,0.0
repeat_1_fold_1,ZNF467,-0.24286994920283078,0.2835989371727429,0.14179946858637146,-0.3846694177892023,0.0,0.0020017793594306332,0.5
repeat_1_fold_1,ZNF473,0.0,0.0,0.0,0.0,0.0,0.0,0.0
repeat_1_fold_1,ZNF480,0.0,0.0,0.0,0.0,0.0,0.0,0.0
repeat_1_fold_1,ZNF552,0.0,0.0,0.0,0.0,0.0,0.0,0.0
repeat_1_fold_1,ZNF614,-0.09465948344100994,0.12344025344427105,0.061720126722135525,-0.15637961016314547,0.0,0.0033509341998375353,0.5
repeat_1_fold_1,ZNF667,0.0,0.0,0.0,0.0,0.0,0.0,0.0
repeat_1_fold_1,ZNF668,0.0,0.0,0.0,0.0,0.0,0.0,0.0
repeat_1_fold_1,ZNF671,-0.028990207079035102,0.20638751635126584,0.10319375817563292,-0.13218396525466802,0.25,-0.0011120996441280895,0.5
repeat_1_fold_1,ZNF747,0.0,0.0,0.0,0.0,0.0,0.0018375391357892956,1.0
repeat_1_fold_2,A1CF,0.0,0.0,0.0,0.0,0.0,0.0,0.0
repeat_1_fold_2,A2M,-0.0070974834055448355,0.014194966811089671,0.0070974834055448355,-0.014194966811089671,0.0,-0.00038880248833589315,0.5
repeat_1_fold_2,A4GALT,0.0,0.0,0.0,0.0,0.0,0.0,0.0
repeat_1_fold_2,A4GNT,0.0,0.0,0.0,0.0,0.0,0.0,0.0
repeat_1_fold_2,AAAS,0.03500112693491353,0.15718808103807727,0.07859404051903864,-0.043592913584125106,0.25,0.0005336788497878331,1.0
repeat_1_fold_2,AACS,0.0,0.0,0.0,0.0,0.0,0.0,0.0
repeat_1_fold_2,AADAC,-0.05814569843871453,0.06824383117081338,0.03412191558540669,-0.09226761402412123,0.0,-0.0011664074650077627,1.0
repeat_1_fold_2,AAK1,0.0,0.0,0.0,0.0,0.0,0.0,0.0
repeat_1_fold_2,AAMP,0.0,0.0,0.0,0.0,0.0,0.0,0.0
repeat_1_fold_2,AARS1,0.19632975170567057,0.22794164434974326,0.11397082217487163,0.08235892953079894,0.5,0.00038880248833594866,0.5
repeat_1_fold_2,AASDHPPT,0.0,0.0,0.0,0.0,0.0,0.0,0.0
repeat_1_fold_2,AASS,0.0,0.0,0.0,0.0,0.0,0.00020678246484696905,0.5
repeat_1_fold_2,AATF,0.0,0.0,0.0,0.0,0.0,0.0,0.0
repeat_1_fold_2,ABAT,0.0,0.0,0.0,0.0,0.0,0.0,0.0
repeat_1_fold_2,ABCA1,0.08556375008464556,0.09880050828848795,0.049400254144243975,0.03616349594040159,0.5,-0.0017576509511993549,0.5
repeat_1_fold_2,ABCA12,0.0,0.0,0.0,0.0,0.0,0.0,0.5
repeat_1_fold_2,ABCA2,0.0,0.0,0.0,0.0,0.0,0.0,0.0
repeat_1_fold_2,ABCA3,0.0,0.0,0.0,0.0,0.0,0.0,0.0
repeat_1_fold_2,ABCA4,-0.030439871912385286,0.06087974382477057,0.030439871912385286,-0.06087974382477057,0.0,0.0013484274884967284,1.0
repeat_1_fold_2,ABCA5,-0.01717242615485759,0.2174300263032679,0.10871501315163395,-0.12588743930649154,0.5,-0.0006079661738619124,1.0
repeat_1_fold_2,ABCA6,0.0,0.0,0.0,0.0,0.0,-0.0008271298593879317,0.5
repeat_1_fold_2,ABCA7,0.04278187504232278,0.08556375008464556,0.04278187504232278,0.0,0.25,0.0005169561621174434,0.5
repeat_1_fold_2,ABCA8,-0.06562878345516765,0.0757815915888574,0.0378907957944287,-0.10351957924959634,0.0,9.101001174451062e-05,1.0
repeat_1_fold_2,ABCB1,0.0,0.0,0.0,0.0,0.0,0.0,0.0
repeat_1_fold_2,ABCB11,0.0,0.0,0.0,0.0,0.0,0.0,0.0
repeat_1_fold_2,ABCB4,0.0,0.0,0.0,0.0,0.0,0.0,0.0
repeat_1_fold_2,ABCB6,0.0,0.0,0.0,0.0,0.0,0.0,0.0
repeat_1_fold_2,ABCB7,0.04278187504232278,0.08556375008464556,0.04278187504232278,0.0,0.25,-1.2381220679008598e-05,1.0
repeat_1_fold_2,ABCB8,0.0,0.0,0.0,0.0,0.0,-0.0005832037325038675,0.5
repeat_1_fold_2,ABCB9,0.0,0.0,0.0,0.0,0.0,0.0,0.0
repeat_1_fold_2,ABCC1,0.0,0.0,0.0,0.0,0.0,0.0,0.0
repeat_1_fold_2,ABCC10,-0.032814391727583825,0.06562878345516765,0.032814391727583825,-0.06562878345516765,0.0,-0.0023328149300155254,0.5
repeat_1_fold_2,ABCC2,0.0,0.0,0.0,0.0,0.0,0.0,0.0
repeat_1_fold_2,ABCC3,0.03312345164886388,0.04839472148209293,0.024197360741046465,0.008926090907817413,0.5,2.7755575615628914e-17,0.5
repeat_1_fold_2,ABCC4,0.0,0.0,0.0,0.0,0.0,0.0,0.0
repeat_1_fold_2,ABCC5,0.0,0.0,0.0,0.0,0.0,0.0,0.0
repeat_1_fold_2,ABCC6,0.3558554242057905,0.4566639646541154,0.2283319823270577,0.12752344187873282,0.5,0.0017496111975116857,0.5
repeat_1_fold_2,ABCC8,0.020088050008737923,0.1744053344168969,0.08720266720844845,-0.06711461719971053,0.5,-0.00013249514077286195,1.0
repeat_1_fold_2,ABCC9,0.0,0.0,0.0,0.0,0.0,0.0,0.0
repeat_1_fold_2,ABCD1,0.0,0.0,0.0,0.0,0.0,0.0,0.0
repeat_1_fold_2,ABCD2,0.0,0.0,0.0,0.0,0.0,0.0,0.0
repeat_1_fold_2,ABCD3,0.0,0.0,0.0,0.0,0.0,0.0,0.0
repeat_1_fold_2,ABCD4,0.0,0.0,0.0,0.0,0.0,0.0,0.0
repeat_1_fold_2,ABCE1,0.0,0.0,0.0,0.0,0.0,0.0,0.0
repeat_1_fold_2,ABCF1,0.020088050008737923,0.1744053344168969,0.08720266720844845,-0.06711461719971053,0.5,-0.0007652237559928055,1.0
repeat_1_fold_2,ABCF2,0.0,0.0,0.0,0.0,0.0,0.0,0.0
repeat_1_fold_2,ABCG1,0.0,0.0,0.0,0.0,0.0,0.0,0.0
repeat_1_fold_2,ABCG2,0.0,0.0,0.0,0.0,0.0,0.0,0.0
repeat_1_fold_2,ABCG4,0.0,0.0,0.0,0.0,0.0,0.0,0.0
repeat_1_fold_2,ABCG5,0.005502964298717217,0.09516224991417331,0.047581124957086655,-0.04207816065836944,0.25,0.0008271298593879178,0.5
repeat_1_fold_2,ABHD10,0.0,0.0,0.0,0.0,0.0,0.0,0.0
repeat_1_fold_2,ABHD17A,0.0,0.0,0.0,0.0,0.0,0.0,0.0
repeat_1_fold_2,ABHD17B,0.0,0.0,0.0,0.0,0.0,0.0,0.0
repeat_1_fold_2,ABHD3,0.0,0.0,0.0,0.0,0.0,0.0,0.0
repeat_1_fold_2,ABHD5,0.0,0.0,0.0,0.0,0.0,0.0,0.0
repeat_1_fold_2,ABHD6,0.0,0.0,0.0,0.0,0.0,0.0,0.0
repeat_1_fold_2,ABI1,0.0,0.0,0.0,0.0,0.0,0.0,0.0
repeat_1_fold_2,ABI2,0.0,0.0,0.0,0.0,0.0,0.0,0.0
repeat_1_fold_2,ABL1,0.0,0.0,0.0,0.0,0.0,0.0,0.0
repeat_1_fold_2,ABL2,0.0,0.0,0.0,0.0,0.0,0.0,0.0
repeat_1_fold_2,ABLIM1,0.0,0.0,0.0,0.0,0.0,0.0,0.0
repeat_1_fold_2,ABLIM3,0.0,0.0,0.0,0.0,0.0,0.0,0.0
repeat_1_fold_2,ABRAXAS2,0.0,0.0,0.0,0.0,0.0,0.0,0.0
repeat_1_fold_2,ACAA1,0.0,0.0,0.0,0.0,0.0,0.0,0.0
repeat_1_fold_2,ACAA2,0.0,0.0,0.0,0.0,0.0,0.0,0.0
repeat_1_fold_2,ACACA,0.0,0.0,0.0,0.0,0.0,0.0,0.0
repeat_1_fold_2,ACAD10,0.0,0.0,0.0,0.0,0.0,0.0,0.0
repeat_1_fold_2,ACADL,0.0,0.0,0.0,0.0,0.0,0.0,0.0
repeat_1_fold_2,ACADS,0.0,0.0,0.0,0.0,0.0,0.0,0.0
repeat_1_fold_2,ACADSB,0.0,0.0,0.0,0.0,0.0,0.0,0.0
repeat_1_fold_2,ACADVL,0.0,0.0,0.0,0.0,0.0,0.0,0.0
repeat_1_fold_2,ACAN,0.0,0.0,0.0,0.0,0.0,0.0,0.0
repeat_1_fold_2,ACAT1,0.0,0.0,0.0,0.0,0.0,0.0,0.0
repeat_1_fold_2,ACAT2,0.0,0.0,0.0,0.0,0.0,0.0,0.0
repeat_1_fold_2,ACBD3,0.0,0.0,0.0,0.0,0.0,0.0,0.0
repeat_1_fold_2,ACBD4,0.0,0.0,0.0,0.0,0.0,0.0,0.0
repeat_1_fold_2,ACD,0.0,0.0,0.0,0.0,0.0,0.0,0.0
repeat_1_fold_2,ACE,0.0,0.0,0.0,0.0,0.0,0.0,0.0
repeat_1_fold_2,ACE2,0.0,0.0,0.0,0.0,0.0,0.0,0.0
repeat_1_fold_2,ACHE,0.0,0.0,0.0,0.0,0.0,0.0,0.0
repeat_1_fold_2,ACIN1,0.0,0.0,0.0,0.0,0.0,0.0,0.0
repeat_1_fold_2,ACKR1,0.0,0.0,0.0,0.0,0.0,0.0,0.0
repeat_1_fold_2,ACKR2,0.0,0.0,0.0,0.0,0.0,0.0,0.0
repeat_1_fold_2,ACKR3,0.0,0.0,0.0,0.0,0.0,0.0,0.0
repeat_1_fold_2,ACKR4,0.0,0.0,0.0,0.0,0.0,0.0,0.0
repeat_1_fold_2,ACO2,0.0,0.0,0.0,0.0,0.0,0.0,0.0
repeat_1_fold_2,ACOT11,0.21691046429928917,0.3332521873539846,0.1666260936769923,0.050284370622296876,0.5,0.00194401244167966,0.5
repeat_1_fold_2,ACOT13,0.0,0.0,0.0,0.0,0.0,0.0,0.0
repeat_1_fold_2,ACOT2,0.0,0.0,0.0,0.0,0.0,0.0,0.0
repeat_1_fold_2,ACOT7,0.0,0.0,0.0,0.0,0.0,0.0,0.0
repeat_1_fold_2,ACOT9,0.0,0.0,0.0,0.0,0.0,0.0,0.0
repeat_1_fold_2,ACOX1,0.0,0.0,0.0,0.0,0.0,-0.001137303556658406,0.5
repeat_1_fold_2,ACOX2,0.0,0.0,0.0,0.0,0.0,0.0,0.0
repeat_1_fold_2,ACOX3,0.0,0.0,0.0,0.0,0.0,0.0,0.0
repeat_1_fold_2,ACOXL,0.22609361970379815,0.2620797320464678,0.1310398660232339,0.09505375368056426,0.5,0.0015552099533437391,0.5
repeat_1_fold_2,ACP3,0.0,0.0,0.0,0.0,0.0,0.0,0.0
repeat_1_fold_2,ACP5,0.0,0.0,0.0,0.0,0.0,0.0,0.0
repeat_1_fold_2,ACP6,0.0,0.0,0.0,0.0,0.0,0.0,0.0
repeat_1_fold_2,ACR,0.0,0.0,0.0,0.0,0.0,0.0,0.0
repeat_1_fold_2,ACSBG1,0.0,0.0,0.0,0.0,0.0,0.0,0.0
repeat_1_fold_2,ACSBG2,0.0,0.0,0.0,0.0,0.0,0.0,0.0
repeat_1_fold_2,ACSF2,0.0,0.0,0.0,0.0,0.0,0.0,0.0
repeat_1_fold_2,ACSL1,0.0,0.0,0.0,0.0,0.0,0.0,0.0
repeat_1_fold_2,ACSL3,0.0,0.0,0.0,0.0,0.0,0.0,0.0
repeat_1_fold_2,ACSL4,0.0,0.0,0.0,0.0,0.0,0.0,0.0
repeat_1_fold_2,ACSL5,0.0,0.0,0.0,0.0,0.0,0.0,0.0
repeat_1_fold_2,ACSL6,0.0,0.0,0.0,0.0,0.0,0.0,0.0
repeat_1_fold_2,ACSM1,0.0,0.0,0.0,0.0,0.0,0.0,0.0
repeat_1_fold_2,ACSM2A,0.0,0.0,0.0,0.0,0.0,0.0,0.0
repeat_1_fold_2,ACSM5,0.0,0.0,0.0,0.0,0.0,0.0,0.0
repeat_1_fold_2,ACTA1,0.0,0.0,0.0,0.0,0.0,0.0,0.0
repeat_1_fold_2,ACTA2,0.0,0.0,0.0,0.0,0.0,0.0,0.0
repeat_1_fold_2,ACTB,0.0,0.0,0.0,0.0,0.0,0.0,0.0
repeat_1_fold_2,ACTC1,0.0,0.0,0.0,0.0,0.0,0.0,0.0
repeat_1_fold_2,ACTG1,0.0,0.0,0.0,0.0,0.0,0.0,0.0
repeat_1_fold_2,ACTG2,0.0,0.0,0.0,0.0,0.0,0.0,0.0
repeat_1_fold_2,ACTL6A,0.0,0.0,0.0,0.0,0.0,0.0,0.0
repeat_1_fold_2,ACTL6B,0.0,0.0,0.0,0.0,0.0,0.0,0.0
repeat_1_fold_2,ACTN1,0.0,0.0,0.0,0.0,0.0,0.0,0.0
repeat_1_fold_2,ACTN2,0.0,0.0,0.0,0.0,0.0,0.0,0.0
repeat_1_fold_2,ACTN3,0.0,0.0,0.0,0.0,0.0,0.0,0.0
repeat_1_fold_2,ACTN4,0.0,0.0,0.0,0.0,0.0,0.0,0.0
repeat_1_fold_2,ACTR10,0.0,0.0,0.0,0.0,0.0,0.0,0.0
repeat_1_fold_2,ACTR1A,0.0,0.0,0.0,0.0,0.0,0.0,0.0
repeat_1_fold_2,ACTR1B,0.0,0.0,0.0,0.0,0.0,0.0,0.0
repeat_1_fold_2,ACTR2,0.0,0.0,0.0,0.0,0.0,0.0,0.0
repeat_1_fold_2,ACTR3,0.0,0.0,0.0,0.0,0.0,0.0,0.0
repeat_1_fold_2,ACVR1B,0.0,0.0,0.0,0.0,0.0,0.0,0.0
repeat_1_fold_2,ACVR2A,0.0,0.0,0.0,0.0,0.0,0.0,0.0
repeat_1_fold_2,ACVR2B,0.0,0.0,0.0,0.0,0.0,0.0,0.0
repeat_1_fold_2,ACVRL1,0.0,0.0,0.0,0.0,0.0,0.0,0.0
repeat_1_fold_2,ADA,0.0,0.0,0.0,0.0,0.0,0.0,0.0
repeat_1_fold_2,ADAM11,0.0,0.0,0.0,0.0,0.0,0.0,0.0
repeat_1_fold_2,ADAM12,0.0,0.0,0.0,0.0,0.0,0.0,0.0
repeat_1_fold_2,ADAM15,0.0,0.0,0.0,0.0,0.0,0.0,0.0
repeat_1_fold_2,ADAM17,0.0,0.0,0.0,0.0,0.0,0.0,0.0
repeat_1_fold_2,ADAM19,0.0,0.0,0.0,0.0,0.0,0.0,0.0
repeat_1_fold_2,ADAM2,0.0,0.0,0.0,0.0,0.0,0.0,0.0
repeat_1_fold_2,ADAM20,0.0,0.0,0.0,0.0,0.0,0.0,0.0
repeat_1_fold_2,ADAM21,0.0,0.0,0.0,0.0,0.0,0.0,0.0
repeat_1_fold_2,ADAM22,0.0,0.0,0.0,0.0,0.0,0.0,0.0
repeat_1_fold_2,ADAM23,0.0,0.0,0.0,0.0,0.0,0.0,0.0
repeat_1_fold_2,ADAM30,0.0,0.0,0.0,0.0,0.0,0.0,0.0
repeat_1_fold_2,ADAM8,0.0,0.0,0.0,0.0,0.0,0.0,0.0
repeat_1_fold_2,ADAM9,0.0,0.0,0.0,0.0,0.0,0.0,0.0
repeat_1_fold_2,ADAMTS1,0.0,0.0,0.0,0.0,0.0,0.0,0.0
repeat_1_fold_2,ADAMTS12,0.0,0.0,0.0,0.0,0.0,0.0,0.0
repeat_1_fold_2,ADAMTS13,0.0,0.0,0.0,0.0,0.0,0.0,0.0
repeat_1_fold_2,ADAMTS2,0.0,0.0,0.0,0.0,0.0,0.0,0.0
repeat_1_fold_2,ADAMTS3,0.0,0.0,0.0,0.0,0.0,0.0,0.0
repeat_1_fold_2,ADAMTS5,0.0,0.0,0.0,0.0,0.0,0.0,0.0
repeat_1_fold_2,ADAMTS6,0.0,0.0,0.0,0.0,0.0,0.0,0.0
repeat_1_fold_2,ADAMTS7,0.0,0.0,0.0,0.0,0.0,0.0,0.0
repeat_1_fold_2,ADAMTS8,0.0,0.0,0.0,0.0,0.0,0.0,0.0
repeat_1_fold_2,ADAMTS9,0.0,0.0,0.0,0.0,0.0,0.0,0.0
repeat_1_fold_2,ADAMTSL2,0.0,0.0,0.0,0.0,0.0,0.0,0.0
repeat_1_fold_2,ADAMTSL3,0.0,0.0,0.0,0.0,0.0,0.0,0.0
repeat_1_fold_2,ADAMTSL4,0.0,0.0,0.0,0.0,0.0,0.0,0.0
repeat_1_fold_2,ADAP1,0.0,0.0,0.0,0.0,0.0,0.0,0.0
repeat_1_fold_2,ADAR,0.0,0.0,0.0,0.0,0.0,0.0,0.0
repeat_1_fold_2,ADARB1,0.0,0.0,0.0,0.0,0.0,0.0,0.0
repeat_1_fold_2,ADAT1,0.0,0.0,0.0,0.0,0.0,0.0,0.0
repeat_1_fold_2,ADCY1,0.0,0.0,0.0,0.0,0.0,0.0,0.0
repeat_1_fold_2,ADCY10,0.0,0.0,0.0,0.0,0.0,0.0,0.0
repeat_1_fold_2,ADCY2,0.0,0.0,0.0,0.0,0.0,0.0,0.0
repeat_1_fold_2,ADCY3,0.0,0.0,0.0,0.0,0.0,0.0,0.0
repeat_1_fold_2,ADCY6,0.0,0.0,0.0,0.0,0.0,0.0,0.0
repeat_1_fold_2,ADCY8,0.0,0.0,0.0,0.0,0.0,0.0,0.0
repeat_1_fold_2,ADCY9,0.0,0.0,0.0,0.0,0.0,0.0,0.0
repeat_1_fold_2,ADCYAP1,0.0,0.0,0.0,0.0,0.0,0.0,0.0
repeat_1_fold_2,ADCYAP1R1,0.0,0.0,0.0,0.0,0.0,0.0,0.0
repeat_1_fold_2,ADD1,0.0,0.0,0.0,0.0,0.0,0.0,0.0
repeat_1_fold_2,ADD2,0.0,0.0,0.0,0.0,0.0,0.0,0.0
repeat_1_fold_2,ADD3,0.0,0.0,0.0,0.0,0.0,0.0,0.0
repeat_1_fold_2,ADGRE1,0.0,0.0,0.0,0.0,0.0,0.0,0.0
repeat_1_fold_2,ADGRE2,0.0,0.0,0.0,0.0,0.0,0.0,0.0
repeat_1_fold_2,ADGRE3,0.0,0.0,0.0,0.0,0.0,0.0,0.0
repeat_1_fold_2,ADGRE5,0.0,0.0,0.0,0.0,0.0,0.0,0.0
repeat_1_fold_2,ADGRF5,0.0,0.0,0.0,0.0,0.0,0.0,0.0
repeat_1_fold_2,ADGRG3,0.0,0.0,0.0,0.0,0.0,0.0,0.0
repeat_1_fold_2,ADGRG6,0.0,0.0,0.0,0.0,0.0,0.0,0.0
repeat_1_fold_2,ADGRV1,0.0,0.0,0.0,0.0,0.0,0.0,0.0
repeat_1_fold_2,ADH1A,0.0,0.0,0.0,0.0,0.0,0.0,0.0
repeat_1_fold_2,ADH1B,0.0,0.0,0.0,0.0,0.0,0.0,0.0
repeat_1_fold_2,ADH5,0.0,0.0,0.0,0.0,0.0,0.0,0.0
repeat_1_fold_2,ADH6,0.2315428910523618,0.46308578210472356,0.23154289105236178,2.7755575615628914e-17,0.25,0.000413564929693952,0.5
repeat_1_fold_2,ADH7,0.0,0.0,0.0,0.0,0.0,0.0,0.0
repeat_1_fold_2,ADI1,0.0,0.0,0.0,0.0,0.0,0.0,0.0
repeat_1_fold_2,ADIPOQ,0.0,0.0,0.0,0.0,0.0,0.0,0.0
repeat_1_fold_2,ADIPOR1,0.0,0.0,0.0,0.0,0.0,0.0,0.0
repeat_1_fold_2,ADIPOR2,0.0,0.0,0.0,0.0,0.0,0.0,0.0
repeat_1_fold_2,ADIRF,0.0,0.0,0.0,0.0,0.0,0.0,0.0
repeat_1_fold_2,ADK,0.0,0.0,0.0,0.0,0.0,0.0,0.0
repeat_1_fold_2,ADM,0.0,0.0,0.0,0.0,0.0,0.0,0.0
repeat_1_fold_2,ADM2,0.0,0.0,0.0,0.0,0.0,0.0,0.0
repeat_1_fold_2,ADO,0.0,0.0,0.0,0.0,0.0,0.0,0.0
repeat_1_fold_2,ADORA1,0.0,0.0,0.0,0.0,0.0,0.0,0.0
repeat_1_fold_2,ADORA2A,0.0,0.0,0.0,0.0,0.0,0.0,0.0
repeat_1_fold_2,ADORA2B,0.0,0.0,0.0,0.0,0.0,0.0,0.0
repeat_1_fold_2,ADORA3,0.0,0.0,0.0,0.0,0.0,0.0,0.0
repeat_1_fold_2,ADPGK,0.0,0.0,0.0,0.0,0.0,0.0,0.0
repeat_1_fold_2,ADPRM,0.0,0.0,0.0,0.0,0.0,0.0,0.0
repeat_1_fold_2,ADRA1A,0.0,0.0,0.0,0.0,0.0,0.0,0.0
repeat_1_fold_2,ADRA1B,0.0,0.0,0.0,0.0,0.0,0.0,0.0
repeat_1_fold_2,ADRA1D,0.0,0.0,0.0,0.0,0.0,0.0,0.0
repeat_1_fold_2,ADRA2B,0.0,0.0,0.0,0.0,0.0,0.0,0.0
repeat_1_fold_2,ADRA2C,0.0,0.0,0.0,0.0,0.0,0.0,0.0
repeat_1_fold_2,ADRB1,0.0,0.0,0.0,0.0,0.0,0.0,0.0
repeat_1_fold_2,ADRB2,0.0,0.0,0.0,0.0,0.0,0.0,0.0
repeat_1_fold_2,ADRB3,0.0,0.0,0.0,0.0,0.0,0.0,0.0
repeat_1_fold_2,ADRM1,0.0,0.0,0.0,0.0,0.0,0.0,0.0
repeat_1_fold_2,ADSL,0.0,0.0,0.0,0.0,0.0,0.0,0.0
repeat_1_fold_2,ADSS2,0.0,0.0,0.0,0.0,0.0,0.0,0.0
repeat_1_fold_2,AFDN,0.0,0.0,0.0,0.0,0.0,0.0,0.0
repeat_1_fold_2,AFF4,0.0,0.0,0.0,0.0,0.0,0.0,0.0
repeat_1_fold_2,AFG3L2,0.0,0.0,0.0,0.0,0.0,0.0,0.0
repeat_1_fold_2,AFP,0.0,0.0,0.0,0.0,0.0,0.0,0.0
repeat_1_fold_2,AGA,0.0,0.0,0.0,0.0,0.0,0.0,0.0
repeat_1_fold_2,AGBL2,0.0,0.0,0.0,0.0,0.0,0.0,0.0
repeat_1_fold_2,AGBL3,0.0,0.0,0.0,0.0,0.0,0.0,0.0
repeat_1_fold_2,AGBL5,0.0,0.0,0.0,0.0,0.0,0.0,0.0
repeat_1_fold_2,AGER,0.0,0.0,0.0,0.0,0.0,0.0,0.0
repeat_1_fold_2,AGFG1,0.0,0.0,0.0,0.0,0.0,0.0,0.0
repeat_1_fold_2,AGGF1,0.0,0.0,0.0,0.0,0.0,0.0,0.0
repeat_1_fold_2,AGK,0.0,0.0,0.0,0.0,0.0,0.0,0.0
repeat_1_fold_2,AGL,0.0,0.0,0.0,0.0,0.0,0.0,0.0
repeat_1_fold_2,AGMAT,0.0,0.0,0.0,0.0,0.0,0.0,0.0
repeat_1_fold_2,AGO1,0.0,0.0,0.0,0.0,0.0,0.0,0.0
repeat_1_fold_2,AGO2,0.0,0.0,0.0,0.0,0.0,0.0,0.0
repeat_1_fold_2,AGO3,0.0,0.0,0.0,0.0,0.0,0.0,0.0
repeat_1_fold_2,AGO4,0.0,0.0,0.0,0.0,0.0,0.0,0.0
repeat_1_fold_2,AGPAT1,0.0,0.0,0.0,0.0,0.0,0.0,0.0
repeat_1_fold_2,AGPAT2,0.0,0.0,0.0,0.0,0.0,0.0,0.0
repeat_1_fold_2,AGPAT3,0.0,0.0,0.0,0.0,0.0,0.0,0.0
repeat_1_fold_2,AGPAT4,0.0,0.0,0.0,0.0,0.0,0.0,0.0
repeat_1_fold_2,AGPAT5,0.0,0.0,0.0,0.0,0.0,0.0,0.0
repeat_1_fold_2,AGPS,0.0,0.0,0.0,0.0,0.0,0.0,0.0
repeat_1_fold_2,AGRN,0.0,0.0,0.0,0.0,0.0,0.0,0.0
repeat_1_fold_2,AGRP,0.0,0.0,0.0,0.0,0.0,0.0,0.0
repeat_1_fold_2,AGT,0.08556375008464556,0.09880050828848795,0.049400254144243975,0.03616349594040159,0.5,-0.00020678246484698293,0.5
repeat_1_fold_2,AGTPBP1,0.0,0.0,0.0,0.0,0.0,0.0,0.0
repeat_1_fold_2,AGTR1,0.0,0.0,0.0,0.0,0.0,0.0,0.0
repeat_1_fold_2,AGTR2,0.0,0.0,0.0,0.0,0.0,0.0,0.0
repeat_1_fold_2,AGXT,0.0,0.0,0.0,0.0,0.0,0.0,0.0
repeat_1_fold_2,AHCTF1,0.0,0.0,0.0,0.0,0.0,0.0,0.0
repeat_1_fold_2,AHCY,0.0,0.0,0.0,0.0,0.0,0.0,0.0
repeat_1_fold_2,AHCYL1,0.0,0.0,0.0,0.0,0.0,0.0,0.0
repeat_1_fold_2,AHI1,0.0,0.0,0.0,0.0,0.0,0.0,0.0
repeat_1_fold_2,AHR,0.0,0.0,0.0,0.0,0.0,0.0,0.0
repeat_1_fold_2,AHSG,0.0,0.0,0.0,0.0,0.0,0.0,0.0
repeat_1_fold_2,AICDA,0.0,0.0,0.0,0.0,0.0,0.0,0.0
repeat_1_fold_2,AIM2,0.0,0.0,0.0,0.0,0.0,0.0,0.0
repeat_1_fold_2,AIMP1,0.0,0.0,0.0,0.0,0.0,0.0,0.0
repeat_1_fold_2,AIMP2,0.0,0.0,0.0,0.0,0.0,0.0,0.0
repeat_1_fold_2,AIP,0.0,0.0,0.0,0.0,0.0,0.0,0.0
repeat_1_fold_2,AK1,0.0,0.0,0.0,0.0,0.0,0.0,0.0
repeat_1_fold_2,AK2,0.0,0.0,0.0,0.0,0.0,0.0,0.0
repeat_1_fold_2,AK5,0.0,0.0,0.0,0.0,0.0,0.0,0.0
repeat_1_fold_2,AK6,0.0,0.0,0.0,0.0,0.0,-0.0005832037325038675,0.5
repeat_1_fold_2,AKAP1,0.0,0.0,0.0,0.0,0.0,0.0,0.0
repeat_1_fold_2,AKAP10,0.0,0.0,0.0,0.0,0.0,0.0,0.0
repeat_1_fold_2,AKAP12,0.0,0.0,0.0,0.0,0.0,0.0,0.0
repeat_1_fold_2,AKAP8L,0.0,0.0,0.0,0.0,0.0,0.0,0.0
repeat_1_fold_2,AKAP9,0.0,0.0,0.0,0.0,0.0,0.0,0.0
repeat_1_fold_2,AKR1A1,0.0,0.0,0.0,0.0,0.0,0.0,0.0
repeat_1_fold_2,AKR1B1,0.0,0.0,0.0,0.0,0.0,0.0,0.0
repeat_1_fold_2,AKR1B10,0.0,0.0,0.0,0.0,0.0,0.0,0.0
repeat_1_fold_2,AKR1C1,0.0,0.0,0.0,0.0,0.0,0.00038880248833594866,0.5
repeat_1_fold_2,AKR1C2,0.0,0.0,0.0,0.0,0.0,0.0,0.0
repeat_1_fold_2,AKR1C3,0.0,0.0,0.0,0.0,0.0,0.0,0.0
repeat_1_fold_2,AKR1C4,0.0,0.0,0.0,0.0,0.0,0.0,0.0
repeat_1_fold_2,AKR1D1,0.0,0.0,0.0,0.0,0.0,0.0,0.0
repeat_1_fold_2,AKR7A2,0.0,0.0,0.0,0.0,0.0,0.0,0.0
repeat_1_fold_2,AKR7A3,0.0,0.0,0.0,0.0,0.0,0.0,0.0
repeat_1_fold_2,AKT1,0.0,0.0,0.0,0.0,0.0,0.0,0.0
repeat_1_fold_2,AKT2,0.0,0.0,0.0,0.0,0.0,0.0,0.0
repeat_1_fold_2,AKT3,0.0,0.0,0.0,0.0,0.0,0.0,0.0
repeat_1_fold_2,ALAD,0.0,0.0,0.0,0.0,0.0,0.0,0.0
repeat_1_fold_2,ALAS1,0.0,0.0,0.0,0.0,0.0,0.0,0.0
repeat_1_fold_2,ALAS2,0.0,0.0,0.0,0.0,0.0,0.0,0.0
repeat_1_fold_2,ALB,0.0,0.0,0.0,0.0,0.0,0.0,0.0
repeat_1_fold_2,ALCAM,0.0,0.0,0.0,0.0,0.0,0.0,0.0
repeat_1_fold_2,ALDH18A1,0.0,0.0,0.0,0.0,0.0,0.0,0.0
repeat_1_fold_2,ALDH1A2,0.0,0.0,0.0,0.0,0.0,0.0,0.0
repeat_1_fold_2,ALDH1B1,0.0,0.0,0.0,0.0,0.0,0.0,0.0
repeat_1_fold_2,ALDH1L1,0.0,0.0,0.0,0.0,0.0,0.0,0.0
repeat_1_fold_2,ALDH2,0.0,0.0,0.0,0.0,0.0,0.0,0.0
repeat_1_fold_2,ALDH3A1,0.0,0.0,0.0,0.0,0.0,0.0,0.0
repeat_1_fold_2,ALDH3A2,0.0,0.0,0.0,0.0,0.0,0.0,0.0
repeat_1_fold_2,ALDH3B1,0.0,0.0,0.0,0.0,0.0,0.0,0.0
repeat_1_fold_2,ALDH3B2,0.0,0.0,0.0,0.0,0.0,0.0,0.0
repeat_1_fold_2,ALDH5A1,0.0,0.0,0.0,0.0,0.0,0.0,0.0
repeat_1_fold_2,ALDH6A1,0.0,0.0,0.0,0.0,0.0,0.0,0.0
repeat_1_fold_2,ALDH7A1,0.0,0.0,0.0,0.0,0.0,0.00019440124416797433,0.5
repeat_1_fold_2,ALDH8A1,0.0,0.0,0.0,0.0,0.0,0.0,0.0
repeat_1_fold_2,ALDH9A1,0.0,0.0,0.0,0.0,0.0,0.0,0.0
repeat_1_fold_2,ALDOA,0.0,0.0,0.0,0.0,0.0,0.0,0.0
repeat_1_fold_2,ALDOB,0.0,0.0,0.0,0.0,0.0,0.0,0.0
repeat_1_fold_2,ALDOC,0.0,0.0,0.0,0.0,0.0,0.0,0.0
repeat_1_fold_2,ALG12,0.0,0.0,0.0,0.0,0.0,0.0,0.0
repeat_1_fold_2,ALG13,0.0,0.0,0.0,0.0,0.0,0.0,0.0
repeat_1_fold_2,ALG3,0.0,0.0,0.0,0.0,0.0,0.0,0.0
repeat_1_fold_2,ALG5,0.0,0.0,0.0,0.0,0.0,0.0,0.0
repeat_1_fold_2,ALG6,0.0,0.0,0.0,0.0,0.0,0.0,0.0
repeat_1_fold_2,ALG8,0.0,0.0,0.0,0.0,0.0,0.0,0.0
repeat_1_fold_2,ALMS1,0.0,0.0,0.0,0.0,0.0,0.0,0.0
repeat_1_fold_2,ALOX12,0.0,0.0,0.0,0.0,0.0,0.0,0.0
repeat_1_fold_2,ALOX12B,0.0,0.0,0.0,0.0,0.0,0.0,0.0
repeat_1_fold_2,ALOX15,0.0,0.0,0.0,0.0,0.0,0.0,0.0
repeat_1_fold_2,ALOX15B,0.0,0.0,0.0,0.0,0.0,0.0,0.0
repeat_1_fold_2,ALOX5,0.0,0.0,0.0,0.0,0.0,0.0,0.0
repeat_1_fold_2,ALOXE3,0.0,0.0,0.0,0.0,0.0,0.0,0.0
repeat_1_fold_2,ALPG,0.0,0.0,0.0,0.0,0.0,0.0,0.0
repeat_1_fold_2,ALPK1,0.0,0.0,0.0,0.0,0.0,0.0,0.0
repeat_1_fold_2,ALPL,0.09317630381773512,0.17515365302483943,0.08757682651241971,0.0055994773053154034,0.5,-0.001749611197511658,0.5
repeat_1_fold_2,ALPP,0.0,0.0,0.0,0.0,0.0,0.0,0.0
repeat_1_fold_2,ALS2CL,0.0,0.0,0.0,0.0,0.0,0.0,0.0
repeat_1_fold_2,ALX3,0.0,0.0,0.0,0.0,0.0,0.0,0.0
repeat_1_fold_2,AMACR,0.0,0.0,0.0,0.0,0.0,0.0,0.0
repeat_1_fold_2,AMBN,0.0,0.0,0.0,0.0,0.0,0.0,0.0
repeat_1_fold_2,AMBP,0.0,0.0,0.0,0.0,0.0,0.0,0.0
repeat_1_fold_2,AMD1,0.0,0.0,0.0,0.0,0.0,0.0,0.0
repeat_1_fold_2,AMDHD2,0.0,0.0,0.0,0.0,0.0,0.0,0.0
repeat_1_fold_2,AMELX,0.0,0.0,0.0,0.0,0.0,0.0,0.0
repeat_1_fold_2,AMFR,0.0,0.0,0.0,0.0,0.0,0.0,0.0
repeat_1_fold_2,AMH,0.0,0.0,0.0,0.0,0.0,0.0,0.0
repeat_1_fold_2,AMHR2,0.0,0.0,0.0,0.0,0.0,0.0,0.0
repeat_1_fold_2,AMIGO2,0.0,0.0,0.0,0.0,0.0,0.0,0.0
repeat_1_fold_2,AMOTL2,0.0,0.0,0.0,0.0,0.0,0.0,0.0
repeat_1_fold_2,AMPD1,0.0,0.0,0.0,0.0,0.0,0.0,0.0
repeat_1_fold_2,AMPD2,0.0,0.0,0.0,0.0,0.0,0.0,0.0
repeat_1_fold_2,AMPD3,0.0,0.0,0.0,0.0,0.0,0.0,0.0
repeat_1_fold_2,AMPH,0.0,0.0,0.0,0.0,0.0,0.0,0.0
repeat_1_fold_2,AMT,0.0,0.0,0.0,0.0,0.0,0.0,0.0
repeat_1_fold_2,ANAPC1,0.0,0.0,0.0,0.0,0.0,0.0,0.0
repeat_1_fold_2,ANAPC10,0.0,0.0,0.0,0.0,0.0,0.0,0.0
repeat_1_fold_2,ANAPC13,0.0,0.0,0.0,0.0,0.0,0.0,0.0
repeat_1_fold_2,ANAPC15,0.0,0.0,0.0,0.0,0.0,0.0,0.0
repeat_1_fold_2,ANAPC2,0.0,0.0,0.0,0.0,0.0,0.0,0.0
repeat_1_fold_2,ANG,0.0,0.0,0.0,0.0,0.0,0.0,0.0
repeat_1_fold_2,ANGPT1,0.0,0.0,0.0,0.0,0.0,0.0,0.0
repeat_1_fold_2,ANGPT2,0.0,0.0,0.0,0.0,0.0,0.0,0.0
repeat_1_fold_2,ANGPT4,0.0,0.0,0.0,0.0,0.0,0.0,0.0
repeat_1_fold_2,ANGPTL3,0.0,0.0,0.0,0.0,0.0,0.0,0.0
repeat_1_fold_2,ANGPTL4,0.0,0.0,0.0,0.0,0.0,0.0,0.0
repeat_1_fold_2,ANGPTL8,0.0,0.0,0.0,0.0,0.0,0.0,0.0
repeat_1_fold_2,ANK1,0.0,0.0,0.0,0.0,0.0,0.0,0.0
repeat_1_fold_2,ANK2,0.0,0.0,0.0,0.0,0.0,0.0,0.0
repeat_1_fold_2,ANK3,0.0,0.0,0.0,0.0,0.0,0.0,0.0
repeat_1_fold_2,APEH,0.0,0.0,0.0,0.0,0.0,0.0,0.5
repeat_1_fold_2,APOF,0.2315428910523618,0.46308578210472356,0.23154289105236178,2.7755575615628914e-17,0.25,-0.00020678246484698293,0.5
repeat_1_fold_2,AQP5,0.0,0.0,0.0,0.0,0.0,0.0,0.0
repeat_1_fold_2,ARAP1,0.0,0.0,0.0,0.0,0.0,0.0,0.0
repeat_1_fold_2,ARCN1,0.0,0.0,0.0,0.0,0.0,0.0,0.0
repeat_1_fold_2,ARF6,0.0,0.0,0.0,0.0,0.0,0.0,0.0
repeat_1_fold_2,ARFGEF2,0.0,0.0,0.0,0.0,0.0,0.0,0.0
repeat_1_fold_2,ARHGAP35,0.0,0.0,0.0,0.0,0.0,0.0,0.0
repeat_1_fold_2,ARHGAP8,0.0,0.0,0.0,0.0,0.0,0.0017496111975116857,0.5
repeat_1_fold_2,ARHGEF18,0.0,0.0,0.0,0.0,0.0,0.0,0.0
repeat_1_fold_2,ARHGEF2,0.0,0.0,0.0,0.0,0.0,0.0,0.0
repeat_1_fold_2,ARHGEF6,0.0,0.0,0.0,0.0,0.0,0.0,0.0
repeat_1_fold_2,ARSJ,0.0,0.0,0.0,0.0,0.0,0.0,0.0
repeat_1_fold_2,ASAH1,0.0,0.0,0.0,0.0,0.0,0.0,0.0
repeat_1_fold_2,ASF1A,0.0,0.0,0.0,0.0,0.0,0.0,0.0
repeat_1_fold_2,ASNS,0.0,0.0,0.0,0.0,0.0,0.0,0.0
repeat_1_fold_2,ASS1,0.0,0.0,0.0,0.0,0.0,0.0,0.0
repeat_1_fold_2,ATG4A,0.08556375008464556,0.09880050828848795,0.049400254144243975,0.03616349594040159,0.5,0.0,0.5
repeat_1_fold_2,ATP1B4,0.04278187504232278,0.08556375008464556,0.04278187504232278,0.0,0.25,-0.00020678246484698293,0.5
repeat_1_fold_2,ATP2B4,0.0,0.0,0.0,0.0,0.0,0.0,0.0
repeat_1_fold_2,ATP5F1C,0.0,0.0,0.0,0.0,0.0,0.0,0.0
repeat_1_fold_2,ATP6V1D,0.0,0.0,0.0,0.0,0.0,0.0,0.0
repeat_1_fold_2,AURKB,0.0,0.0,0.0,0.0,0.0,0.00041356492969396585,0.5
repeat_1_fold_2,B3GALNT1,0.012375753805901724,0.045295097961065886,0.022647548980532943,-0.01027179517463122,0.25,0.00010339123242347759,0.5
repeat_1_fold_2,B3GALT4,0.0,0.0,0.0,0.0,0.0,0.0,0.0
repeat_1_fold_2,B4GALT1,0.0,0.0,0.0,0.0,0.0,0.0,0.0
repeat_1_fold_2,B4GAT1,0.0,0.0,0.0,0.0,0.0,-0.0006203473945409488,0.5
repeat_1_fold_2,BAG1,0.0,0.0,0.0,0.0,0.0,0.0,0.0
repeat_1_fold_2,BCAP31,0.0,0.0,0.0,0.0,0.0,0.0,0.0
repeat_1_fold_2,BCAT2,0.0,0.0,0.0,0.0,0.0,0.0,0.0
repeat_1_fold_2,BDH2,0.04278187504232278,0.08556375008464556,0.04278187504232278,0.0,0.25,-0.00010339123242350534,0.5
repeat_1_fold_2,BGN,0.0,0.0,0.0,0.0,0.0,0.0,0.0
repeat_1_fold_2,BHMT2,0.0,0.0,0.0,0.0,0.0,0.0,0.0
repeat_1_fold_2,BID,0.0,0.0,0.0,0.0,0.0,0.0,0.0
repeat_1_fold_2,BLNK,0.0,0.0,0.0,0.0,0.0,0.0,0.0
repeat_1_fold_2,BMAL2,0.19337896980800373,0.4057325746786007,0.20286628733930034,-0.009487317531296613,0.75,0.0070727321141207805,1.0
repeat_1_fold_2,BMPR2,0.05128073326482152,0.05921389030937221,0.029606945154686103,0.021673788110135418,0.5,-0.0005832037325038675,0.5
repeat_1_fold_2,BOLA2,0.0,0.0,0.0,0.0,0.0,-0.000777604976671814,1.0
repeat_1_fold_2,BRCA1,0.0,0.0,0.0,0.0,0.0,0.0,0.0
repeat_1_fold_2,BSG,0.0,0.0,0.0,0.0,0.0,0.0,0.0
repeat_1_fold_2,BTBD1,0.0,0.0,0.0,0.0,0.0,0.0,0.0
repeat_1_fold_2,BTRC,0.0,0.0,0.0,0.0,0.0,0.0013440860215053613,0.5
repeat_1_fold_2,BUB1,0.03708340193789006,0.07416680387578012,0.03708340193789006,0.0,0.25,0.0015552099533437391,0.5
repeat_1_fold_2,BYSL,0.0,0.0,0.0,0.0,0.0,2.7755575615628914e-17,0.5
repeat_1_fold_2,C4A,0.014464128561492373,0.22035619290326325,0.11017809645163162,-0.09571396789013925,0.25,0.005248833592535029,0.5
repeat_1_fold_2,C8B,0.0,0.0,0.0,0.0,0.0,0.000583203732503923,0.5
repeat_1_fold_2,C9orf78,-0.01245000950848052,0.02490001901696104,0.01245000950848052,-0.02490001901696104,0.0,0.0021384136858476066,0.5
repeat_1_fold_2,CA6,0.0,0.0,0.0,0.0,0.0,0.0,0.0
repeat_1_fold_2,CACNB4,0.0,0.0,0.0,0.0,0.0,0.0,0.0
repeat_1_fold_2,CALCA,-0.015618578671730887,0.08992631241924173,0.044963156209620866,-0.060581734881351754,0.25,-0.0018610421836228463,0.5
repeat_1_fold_2,CBFB,0.0,0.0,0.0,0.0,0.0,0.0,0.0
repeat_1_fold_2,CCK,0.03812403450037216,0.07624806900074432,0.03812403450037216,0.0,0.25,-0.0003101736972704744,0.5
repeat_1_fold_2,CCL21,-0.06956816740634153,0.08033040035816047,0.040165200179080235,-0.10973336758542176,0.0,-0.00179913608022772,1.0
repeat_1_fold_2,CCL3,0.0,0.0,0.0,0.0,0.0,0.0,0.0
repeat_1_fold_2,CCND3,0.0,0.0,0.0,0.0,0.0,0.0,0.0
repeat_1_fold_2,CCNG2,0.0,0.0,0.0,0.0,0.0,0.0,0.0
repeat_1_fold_2,CCT4,0.0,0.0,0.0,0.0,0.0,0.00038880248833594866,0.5
repeat_1_fold_2,CCZ1,0.0,0.0,0.0,0.0,0.0,0.0,0.0
repeat_1_fold_2,CD1A,0.0,0.0,0.0,0.0,0.0,0.0,0.0
repeat_1_fold_2,CD209,0.0,0.0,0.0,0.0,0.0,0.0,0.0
repeat_1_fold_2,CD320,0.0,0.0,0.0,0.0,0.0,0.0,0.0
repeat_1_fold_2,CD38,0.0,0.0,0.0,0.0,0.0,0.0,0.0
repeat_1_fold_2,CD58,0.0,0.0,0.0,0.0,0.0,0.0,0.0
repeat_1_fold_2,CD8A,0.0,0.0,0.0,0.0,0.0,0.0,0.0
repeat_1_fold_2,CDC14A,0.1030914472532185,0.2582638736134282,0.1291319368067141,-0.026040489553495583,0.25,0.00038880248833594866,0.5
repeat_1_fold_2,CDC6,0.0,0.0,0.0,0.0,0.0,0.0,0.0
repeat_1_fold_2,CDH13,0.0,0.0,0.0,0.0,0.0,0.0,0.0
repeat_1_fold_2,CDK8,0.0,0.0,0.0,0.0,0.0,0.0,0.0
repeat_1_fold_2,CDKN1B,0.0,0.0,0.0,0.0,0.0,0.0,0.0
repeat_1_fold_2,CDON,0.0,0.0,0.0,0.0,0.0,0.0,0.0
repeat_1_fold_2,CDT1,0.0,0.0,0.0,0.0,0.0,0.0,0.0
repeat_1_fold_2,CEACAM1,0.11146027466838504,0.25290362325315335,0.12645181162657668,-0.014991536958191637,0.25,0.0015552099533437391,0.5
repeat_1_fold_2,CEBPD,0.0,0.0,0.0,0.0,0.0,0.0,0.0
repeat_1_fold_2,CEBPG,0.0,0.0,0.0,0.0,0.0,0.0,0.0
repeat_1_fold_2,CEP290,0.0,0.0,0.0,0.0,0.0,0.00010339123242349146,0.5
repeat_1_fold_2,CERS4,0.0,0.0,0.0,0.0,0.0,0.0,0.0
repeat_1_fold_2,CES2,-0.006148192046811829,0.06080982840262097,0.030404914201310484,-0.036553106248122316,0.25,0.004082426127527239,0.5
repeat_1_fold_2,CES3,0.0,0.0,0.0,0.0,0.0,0.0,0.0
repeat_1_fold_2,CHD4,0.1944286875367176,0.21050220065777372,0.10525110032888686,0.08917758720783074,0.75,0.0008977188967657229,1.0
repeat_1_fold_2,CHKB,0.0,0.0,0.0,0.0,0.0,0.0,0.0
repeat_1_fold_2,CHRNB2,0.0,0.0,0.0,0.0,0.0,0.0,0.0
repeat_1_fold_2,CHRNB4,0.3057258490143333,0.36162327319213455,0.18081163659606728,0.12491421241826603,0.5,0.005141100893120143,1.0
repeat_1_fold_2,CHST2,0.0,0.0,0.0,0.0,0.0,0.0,0.0
repeat_1_fold_2,CHST5,0.0,0.0,0.0,0.0,0.0,0.0,0.0
repeat_1_fold_2,CHST8,0.0,0.0,0.0,0.0,0.0,0.0,0.0
repeat_1_fold_2,CKAP5,0.0,0.0,0.0,0.0,0.0,0.0,0.0
repeat_1_fold_2,CKM,0.0,0.0,0.0,0.0,0.0,0.0,0.0
repeat_1_fold_2,CLCN6,0.0,0.0,0.0,0.0,0.0,0.0,0.0
repeat_1_fold_2,CLPS,0.0,0.0,0.0,0.0,0.0,0.0,0.0
repeat_1_fold_2,CLPX,0.0954135740321842,0.11453315837675067,0.057266579188375334,0.03814699484380887,0.5,0.001550868486352358,0.5
repeat_1_fold_2,CLUAP1,0.0,0.0,0.0,0.0,0.0,0.0,0.0
repeat_1_fold_2,CMA1,0.0,0.0,0.0,0.0,0.0,0.0,0.0
repeat_1_fold_2,CNOT2,0.0,0.0,0.0,0.0,0.0,0.0,0.0
repeat_1_fold_2,CNOT4,0.0,0.0,0.0,0.0,0.0,0.0,0.0
repeat_1_fold_2,CNOT9,0.0,0.0,0.0,0.0,0.0,0.0,0.0
repeat_1_fold_2,CNTN5,0.0,0.0,0.0,0.0,0.0,0.0,0.0
repeat_1_fold_2,CNTN6,-0.004657840541952396,0.009315681083904792,0.004657840541952396,-0.009315681083904792,0.0,-0.001964433416046324,0.5
repeat_1_fold_2,CNTNAP1,0.0,0.0,0.0,0.0,0.0,0.0,0.0
repeat_1_fold_2,CNTRL,-0.05128579610780548,0.10279115470249228,0.05139557735124614,-0.10268137345905162,0.25,0.00026064881455441224,1.0
repeat_1_fold_2,COG7,0.0,0.0,0.0,0.0,0.0,0.0,0.0
repeat_1_fold_2,COL4A4,0.0,0.0,0.0,0.0,0.0,0.0,0.0
repeat_1_fold_2,COL4A5,0.0,0.0,0.0,0.0,0.0,0.0,0.0
repeat_1_fold_2,COL6A1,0.0,0.0,0.0,0.0,0.0,0.0,0.0
repeat_1_fold_2,COL7A1,0.0,0.0,0.0,0.0,0.0,0.0,0.0
repeat_1_fold_2,COL8A2,0.0,0.0,0.0,0.0,0.0,0.0,0.0
repeat_1_fold_2,COMMD3,0.0,0.0,0.0,0.0,0.0,0.0,0.0
repeat_1_fold_2,COMT,0.03757987442713073,0.04405508550269751,0.022027542751348755,0.015552331675781978,0.5,-0.0014474772539288666,0.5
repeat_1_fold_2,COPZ1,0.0,0.0,0.0,0.0,0.0,0.0,0.0
repeat_1_fold_2,COQ6,0.0,0.0,0.0,0.0,0.0,0.0,0.0
repeat_1_fold_2,CORT,0.0,0.0,0.0,0.0,0.0,0.0,0.0
repeat_1_fold_2,COX17,0.0,0.0,0.0,0.0,0.0,0.0,0.0
repeat_1_fold_2,COX5B,0.0,0.0,0.0,0.0,0.0,0.0,0.0
repeat_1_fold_2,COX6A1,0.0,0.0,0.0,0.0,0.0,0.0,0.0
repeat_1_fold_2,CPSF6,0.0,0.0,0.0,0.0,0.0,0.0,0.0
repeat_1_fold_2,CRAT,0.0,0.0,0.0,0.0,0.0,0.0,0.0
repeat_1_fold_2,CREB3L2,0.0,0.0,0.0,0.0,0.0,0.0,0.0
repeat_1_fold_2,CRK,0.0,0.0,0.0,0.0,0.0,0.0,0.0
repeat_1_fold_2,CRMP1,0.0,0.0,0.0,0.0,0.0,0.0,0.0
repeat_1_fold_2,CROT,-0.02166301755777944,0.04332603511555888,0.02166301755777944,-0.04332603511555888,0.0,0.00010339123242349146,0.5
repeat_1_fold_2,CRYM,0.0,0.0,0.0,0.0,0.0,0.0,0.0
repeat_1_fold_2,CSTF3,0.0,0.0,0.0,0.0,0.0,0.0,0.0
repeat_1_fold_2,CTDSP2,0.0,0.0,0.0,0.0,0.0,0.0,0.0
repeat_1_fold_2,CTNNA2,0.0,0.0,0.0,0.0,0.0,0.0,0.0
repeat_1_fold_2,CTNNBL1,0.0,0.0,0.0,0.0,0.0,0.0,0.0
repeat_1_fold_2,CTSF,0.0,0.0,0.0,0.0,0.0,0.0,0.0
repeat_1_fold_2,CXADR,0.0,0.0,0.0,0.0,0.0,0.0,0.0
repeat_1_fold_2,CXCL3,0.0,0.0,0.0,0.0,0.0,0.0,0.0
repeat_1_fold_2,CXCR3,0.0,0.0,0.0,0.0,0.0,0.0,0.0
repeat_1_fold_2,CYB5A,0.0,0.0,0.0,0.0,0.0,-0.0007237386269644402,0.5
repeat_1_fold_2,CYB5R1,-0.01245000950848052,0.02490001901696104,0.01245000950848052,-0.02490001901696104,0.0,0.000583203732503923,0.5
repeat_1_fold_2,CYP17A1,0.2315428910523618,0.46308578210472356,0.23154289105236178,2.7755575615628914e-17,0.25,-0.004305288099749532,1.0
repeat_1_fold_2,CYP1B1,0.0,0.0,0.0,0.0,0.0,0.0,0.0
repeat_1_fold_2,CYP24A1,0.0,0.0,0.0,0.0,0.0,0.0,0.0
repeat_1_fold_2,CYP27B1,0.0,0.0,0.0,0.0,0.0,0.0,0.0
repeat_1_fold_2,CYP2R1,0.0,0.0,0.0,0.0,0.0,0.0008147486387089092,1.0
repeat_1_fold_2,CYP2W1,0.0,0.0,0.0,0.0,0.0,0.0,0.0
repeat_1_fold_2,CYP4F3,0.0,0.0,0.0,0.0,0.0,0.0,0.0
repeat_1_fold_2,CYP51A1,0.0,0.0,0.0,0.0,0.0,0.0,0.0
repeat_1_fold_2,DARS1,0.12172168533501448,0.24344337067002894,0.12172168533501447,1.3877787807814457e-17,0.25,-0.00019440124416794657,0.5
repeat_1_fold_2,DBF4,0.040676824485778695,0.05046184667760798,0.02523092333880399,0.015445901146974705,0.5,-0.0007237386269644402,0.5
repeat_1_fold_2,DBP,0.0,0.0,0.0,0.0,0.0,0.0,0.0
repeat_1_fold_2,DBT,0.0,0.0,0.0,0.0,0.0,0.0,0.0
repeat_1_fold_2,DCAF1,0.0,0.0,0.0,0.0,0.0,0.0,0.0
repeat_1_fold_2,DCAF10,0.0,0.0,0.0,0.0,0.0,0.0,0.0
repeat_1_fold_2,DCAF17,0.0,0.0,0.0,0.0,0.0,0.0,0.0
repeat_1_fold_2,DCAF6,0.0,0.0,0.0,0.0,0.0,0.0,0.0
repeat_1_fold_2,DCT,0.0,0.0,0.0,0.0,0.0,0.0,0.0
repeat_1_fold_2,DCTN5,0.0,0.0,0.0,0.0,0.0,0.0,0.0
repeat_1_fold_2,DDX17,0.0,0.0,0.0,0.0,0.0,0.0,0.5
repeat_1_fold_2,DENND1A,0.0,0.0,0.0,0.0,0.0,0.0,0.0
repeat_1_fold_2,DENND2B,0.0,0.0,0.0,0.0,0.0,0.00020678246484698293,0.5
repeat_1_fold_2,DGKH,0.0,0.0,0.0,0.0,0.0,0.0,0.0
repeat_1_fold_2,DHODH,0.0,0.0,0.0,0.0,0.0,0.0,0.0
repeat_1_fold_2,DIAPH2,0.04278187504232278,0.08556375008464556,0.04278187504232278,0.0,0.25,-0.0006203473945409488,0.5
repeat_1_fold_2,DKC1,0.0,0.0,0.0,0.0,0.0,0.0,0.0
repeat_1_fold_2,DLC1,0.0,0.0,0.0,0.0,0.0,0.0,0.0
repeat_1_fold_2,DLGAP5,0.0,0.0,0.0,0.0,0.0,0.0,0.0
repeat_1_fold_2,DLX5,0.15496004269713382,0.23815526785484914,0.11907763392742457,0.035882408769709245,0.5,0.00019440124416797433,0.5
repeat_1_fold_2,DMP1,0.0,0.0,0.0,0.0,0.0,-0.002688172043010764,0.5
repeat_1_fold_2,DMRT1,0.13955051570115984,0.2951520601393544,0.1475760300696772,-0.008025514368517367,0.5,-4.1485129028379086e-05,1.0
repeat_1_fold_2,DNAJC10,0.0,0.0,0.0,0.0,0.0,0.0,0.0
repeat_1_fold_2,DNAJC7,0.0,0.0,0.0,0.0,0.0,-0.0013608087091757093,0.5
repeat_1_fold_2,DNMBP,0.0,0.0,0.0,0.0,0.0,0.0,0.0
repeat_1_fold_2,DNMT1,-0.023433569089505113,0.046867138179010226,0.023433569089505113,-0.046867138179010226,0.0,-1.3877787807814457e-17,0.5
repeat_1_fold_2,DOCK10,0.0,0.0,0.0,0.0,0.0,0.0,0.0
repeat_1_fold_2,DOCK6,0.0,0.0,0.0,0.0,0.0,0.0,0.0
repeat_1_fold_2,DPP4,0.11958154864847437,0.20254061774254536,0.10127030887127268,0.018311239777201685,0.5,0.0035444058107480525,1.0
repeat_1_fold_2,DRG2,0.0,0.0,0.0,0.0,0.0,0.0,0.0
repeat_1_fold_2,DSC2,0.0,0.0,0.0,0.0,0.0,0.0,0.0
repeat_1_fold_2,DSCC1,0.0,0.0,0.0,0.0,0.0,0.0,0.0
repeat_1_fold_2,DSG2,0.0,0.0,0.0,0.0,0.0,0.0,0.0
repeat_1_fold_2,DTL,0.0,0.0,0.0,0.0,0.0,0.0,0.0
repeat_1_fold_2,DTYMK,-0.032814391727583825,0.06562878345516765,0.032814391727583825,-0.06562878345516765,0.0,-0.00038880248833589315,0.5
repeat_1_fold_2,DUSP1,0.0,0.0,0.0,0.0,0.0,0.0,0.0
repeat_1_fold_2,DUSP7,0.0,0.0,0.0,0.0,0.0,0.0,0.0
repeat_1_fold_2,DYNC1I1,-0.2205410257384255,0.26020985808630626,0.13010492904315313,-0.3506459547815786,0.0,0.0025272161741835275,0.5
repeat_1_fold_2,DYNC1LI1,0.0,0.0,0.0,0.0,0.0,0.0,0.0
repeat_1_fold_2,DYNLRB1,0.0,0.0,0.0,0.0,0.0,0.0,0.0
repeat_1_fold_2,ECH1,0.0,0.0,0.0,0.0,0.0,0.0,0.0
repeat_1_fold_2,EFEMP2,0.05624598525910862,0.2091122448809452,0.1045561224404726,-0.04831013718136398,0.25,-0.0011664074650077627,0.5
repeat_1_fold_2,EGLN1,0.0,0.0,0.0,0.0,0.0,0.0,0.0
repeat_1_fold_2,EGR1,-0.20431936937394113,0.23592768581739898,0.11796384290869949,-0.3222832122826406,0.0,0.00019440124416800209,0.5
repeat_1_fold_2,EGR4,0.0,0.0,0.0,0.0,0.0,0.0,0.0
repeat_1_fold_2,EIF2S2,0.12389476014752532,0.14306134624471573,0.07153067312235786,0.052364087025167455,0.5,0.0,0.5
repeat_1_fold_2,EIF3F,0.0,0.0,0.0,0.0,0.0,0.0,0.0
repeat_1_fold_2,EIF3G,0.0,0.0,0.0,0.0,0.0,0.0,0.0
repeat_1_fold_2,EIF4EBP1,0.0,0.0,0.0,0.0,0.0,0.0,0.0
repeat_1_fold_2,EIF5A2,0.08111288510520254,0.11684678169502503,0.05842339084751252,0.02268949425769002,0.5,0.0,0.5
repeat_1_fold_2,ELAVL1,0.0,0.0,0.0,0.0,0.0,0.0,0.0
repeat_1_fold_2,ELL,0.0,0.0,0.0,0.0,0.0,-0.0009720062208397884,0.5
repeat_1_fold_2,ELOVL2,0.0,0.0,0.0,0.0,0.0,0.0,0.0
repeat_1_fold_2,EMC3,0.0,0.0,0.0,0.0,0.0,0.0,0.0
repeat_1_fold_2,ENPP1,0.0,0.0,0.0,0.0,0.0,0.0,0.0
repeat_1_fold_2,EPO,0.0,0.0,0.0,0.0,0.0,0.0,0.0
repeat_1_fold_2,EPX,0.2534797670567581,0.4507048034702251,0.22535240173511256,0.02812736532164556,0.5,-0.008374689826302725,0.5
repeat_1_fold_2,ERBIN,0.0,0.0,0.0,0.0,0.0,0.0,0.0
repeat_1_fold_2,ERCC1,-0.0037205985539703335,0.041863590268986194,0.020931795134493097,-0.02465239368846343,0.25,0.0015552099533437391,0.5
repeat_1_fold_2,ERCC5,0.27432476609468637,0.5486495321893727,0.27432476609468637,0.0,0.25,0.001757650951199341,0.5
repeat_1_fold_2,ERCC8,0.2806258975083864,0.3240522681913502,0.1620261340956751,0.1185997634127113,0.5,0.004665629860031106,0.5
repeat_1_fold_2,ESR1,0.0,0.0,0.0,0.0,0.0,0.0,0.0
repeat_1_fold_2,ESRP1,0.33200408211038557,0.5659831575714482,0.2829915787857241,0.04901250332466145,0.5,-0.0008271298593879317,0.5
repeat_1_fold_2,ETNK1,-0.02632085809973539,0.05264171619947078,0.02632085809973539,-0.05264171619947078,0.0,0.0017576509511993271,0.5
repeat_1_fold_2,ETV4,0.0,0.0,0.0,0.0,0.0,0.0,0.0
repeat_1_fold_2,EXOSC4,0.0,0.0,0.0,0.0,0.0,0.0,0.0
repeat_1_fold_2,EYA1,-0.010142861021467553,0.0917307436518214,0.0458653718259107,-0.056008232847378256,0.25,-0.0011664074650077627,0.5
repeat_1_fold_2,F11R,0.0,0.0,0.0,0.0,0.0,0.0,0.0
repeat_1_fold_2,F2RL2,0.0,0.0,0.0,0.0,0.0,0.00038880248833594866,0.5
repeat_1_fold_2,F2RL3,0.0,0.0,0.0,0.0,0.0,0.0,0.0
repeat_1_fold_2,F3,0.0,0.0,0.0,0.0,0.0,0.0,0.0
repeat_1_fold_2,FADS1,0.0,0.0,0.0,0.0,0.0,-0.00041356492969396585,0.5
repeat_1_fold_2,FAM169A,0.0,0.0,0.0,0.0,0.0,0.0,0.0
repeat_1_fold_2,FAM32A,0.0,0.0,0.0,0.0,0.0,0.0,0.0
repeat_1_fold_2,FAN1,0.0,0.0,0.0,0.0,0.0,0.0,0.0
repeat_1_fold_2,FBN1,0.0,0.0,0.0,0.0,0.0,0.0008271298593879178,0.5
repeat_1_fold_2,FCN3,0.0,0.0,0.0,0.0,0.0,0.0,0.0
repeat_1_fold_2,FGG,0.36378317792635784,0.42521960587496194,0.21260980293748097,0.15117337498887687,0.5,0.00020678246484696905,0.5
repeat_1_fold_2,FIP1L1,0.0,0.0,0.0,0.0,0.0,0.0,0.0
repeat_1_fold_2,FKBP1A,0.0,0.0,0.0,0.0,0.0,0.0,0.0
repeat_1_fold_2,FKBP4,-0.06547570007590764,0.07560482612840895,0.037802413064204475,-0.10327811314011212,0.0,-0.0010215311035558783,1.0
repeat_1_fold_2,FKBPL,0.0,0.0,0.0,0.0,0.0,0.0,0.0
repeat_1_fold_2,FKRP,0.0,0.0,0.0,0.0,0.0,0.0,0.0
repeat_1_fold_2,FLG,0.0,0.0,0.0,0.0,0.0,0.0,0.0
repeat_1_fold_2,FLRT3,0.0,0.0,0.0,0.0,0.0,0.0,0.0
repeat_1_fold_2,FN3K,0.0,0.0,0.0,0.0,0.0,0.00041356492969397973,1.0
repeat_1_fold_2,FOSB,0.0,0.0,0.0,0.0,0.0,0.0,0.0
repeat_1_fold_2,FOXO1,0.0,0.0,0.0,0.0,0.0,0.0,0.0
repeat_1_fold_2,FOXO4,0.0,0.0,0.0,0.0,0.0,0.0,0.0
repeat_1_fold_2,FTSJ3,0.0,0.0,0.0,0.0,0.0,0.0,0.0
repeat_1_fold_2,FUT6,0.0,0.0,0.0,0.0,0.0,0.0,0.0
repeat_1_fold_2,FUT7,0.0,0.0,0.0,0.0,0.0,-0.00020678246484698293,0.5
repeat_1_fold_2,FXR1,0.5071298877502457,0.38735229757107864,0.19367614878553932,0.3134537389647064,1.0,0.0024937707988428037,1.0
repeat_1_fold_2,FXYD2,0.0,0.0,0.0,0.0,0.0,0.0,0.0
repeat_1_fold_2,FZD10,0.0,0.0,0.0,0.0,0.0,0.0,0.0
repeat_1_fold_2,GABBR2,0.0,0.0,0.0,0.0,0.0,0.0,0.0
repeat_1_fold_2,GADD45GIP1,0.0,0.0,0.0,0.0,0.0,0.0,0.0
repeat_1_fold_2,GALNT12,0.0,0.0,0.0,0.0,0.0,0.0,0.0
repeat_1_fold_2,GALNT7,0.0,0.0,0.0,0.0,0.0,0.0,0.0
repeat_1_fold_2,GCFC2,0.09986506467168255,0.229798080942012,0.114899040471006,-0.01503397579932346,0.25,0.0025272161741835275,0.5
repeat_1_fold_2,GCK,0.0,0.0,0.0,0.0,0.0,0.0,0.0
repeat_1_fold_2,GCLC,0.0,0.0,0.0,0.0,0.0,0.0,0.0
repeat_1_fold_2,GDI1,0.0,0.0,0.0,0.0,0.0,0.0,0.0
repeat_1_fold_2,GEMIN7,0.0,0.0,0.0,0.0,0.0,0.0,0.0
repeat_1_fold_2,GFRA2,0.0,0.0,0.0,0.0,0.0,0.0,0.0
repeat_1_fold_2,GINS3,0.2690492541536962,0.4183504670197524,0.2091752335098762,0.05987402064381997,0.5,0.0015552099533437114,0.5
repeat_1_fold_2,GJA8,0.4630857821047236,0.5347254019121012,0.2673627009560506,0.19572308114867304,0.5,0.0013440860215053752,0.5
repeat_1_fold_2,GLRA1,0.0,0.0,0.0,0.0,0.0,0.0,0.0
repeat_1_fold_2,GLUL,0.0,0.0,0.0,0.0,0.0,0.0,0.0
repeat_1_fold_2,GOLGA3,0.0,0.0,0.0,0.0,0.0,0.0,0.0
repeat_1_fold_2,GP1BB,0.0,0.0,0.0,0.0,0.0,0.0,0.0
repeat_1_fold_2,GPC3,0.0,0.0,0.0,0.0,0.0,0.0,0.0
repeat_1_fold_2,GPC4,0.0,0.0,0.0,0.0,0.0,0.0,0.0
repeat_1_fold_2,GPKOW,0.2025891033585907,0.39401833281485965,0.19700916640742983,0.00557993695116088,0.5,0.0005832037325038952,0.5
repeat_1_fold_2,GPR32,-0.034784083703170765,0.06956816740634153,0.034784083703170765,-0.06956816740634153,0.0,0.0007237386269644264,1.0
repeat_1_fold_2,GPR39,0.0,0.0,0.0,0.0,0.0,0.0,0.0
repeat_1_fold_2,GPX4,0.03116176551114158,0.10285919431856666,0.05142959715928333,-0.02026783164814175,0.5,0.004892833299244795,1.0
repeat_1_fold_2,GRB10,0.0,0.0,0.0,0.0,0.0,0.0,0.0
repeat_1_fold_2,GRB2,0.0,0.0,0.0,0.0,0.0,0.0,0.0
repeat_1_fold_2,GRHPR,0.0,0.0,0.0,0.0,0.0,0.0,0.0
repeat_1_fold_2,GSDME,0.0,0.0,0.0,0.0,0.0,0.0,0.0
repeat_1_fold_2,GSPT1,0.04278187504232278,0.08556375008464556,0.04278187504232278,0.0,0.25,-0.0003101736972704744,0.5
repeat_1_fold_2,GSPT2,0.0,0.0,0.0,0.0,0.0,-0.0008271298593879317,0.5
repeat_1_fold_2,GSR,0.0,0.0,0.0,0.0,0.0,0.0,0.0
repeat_1_fold_2,GSTA4,0.31761017454581975,0.36674463954278613,0.18337231977139307,0.13423785477442668,0.5,0.0004798125000804315,1.0
repeat_1_fold_2,GTF2E2,0.0,0.0,0.0,0.0,0.0,0.0,0.0
repeat_1_fold_2,GTF2H1,0.0,0.0,0.0,0.0,0.0,0.0,0.0
repeat_1_fold_2,GUCA1B,0.0,0.0,0.0,0.0,0.0,0.0,0.0
repeat_1_fold_2,GUK1,0.0,0.0,0.0,0.0,0.0,0.0,0.0
repeat_1_fold_2,GYG2,0.0,0.0,0.0,0.0,0.0,0.0,0.0
repeat_1_fold_2,GZMM,0.0,0.0,0.0,0.0,0.0,0.0,0.0
repeat_1_fold_2,H2AC11,0.2600556914758059,0.21273847533147774,0.10636923766573887,0.15368645381006701,1.0,-0.0020925870898278187,1.0
repeat_1_fold_2,H2AC14,0.0,0.0,0.0,0.0,0.0,0.0,0.0
repeat_1_fold_2,H3C11,0.0,0.0,0.0,0.0,0.0,0.0,0.0
repeat_1_fold_2,H3C6,-0.050402662374899876,0.06608137953259934,0.03304068976629967,-0.08344335214119955,0.0,0.0005169561621174573,0.5
repeat_1_fold_2,HACD2,0.0,0.0,0.0,0.0,0.0,0.0,0.0
repeat_1_fold_2,HAPLN1,0.4400459032423001,0.5104154314644616,0.2552077157322308,0.1848381875100693,0.5,-0.004032258064516139,0.5
repeat_1_fold_2,HAS2,0.0,0.0,0.0,0.0,0.0,0.0,0.0
repeat_1_fold_2,HAUS6,0.0,0.0,0.0,0.0,0.0,0.0,0.0
repeat_1_fold_2,HCFC1,0.011943266980230405,0.03340285752506541,0.016701428762532704,-0.0047581617823023,0.25,0.0009720062208398439,0.5
repeat_1_fold_2,HDC,-0.026786292364016973,0.07640316854585495,0.038201584272927476,-0.06498787663694444,0.25,-0.00020678246484698293,0.5
repeat_1_fold_2,HERPUD1,0.0,0.0,0.0,0.0,0.0,0.0,0.0
repeat_1_fold_2,HJURP,0.31652051522197944,0.3693313024500121,0.18466565122500606,0.13185486399697338,0.5,0.00019440124416797433,0.5
repeat_1_fold_2,HLA-DOB,0.0,0.0,0.0,0.0,0.0,0.00019440124416800209,0.5
repeat_1_fold_2,HMG20B,0.0,0.0,0.0,0.0,0.0,0.0,0.0
repeat_1_fold_2,HMOX1,0.0,0.0,0.0,0.0,0.0,0.0,0.0
repeat_1_fold_2,HNF4G,0.0,0.0,0.0,0.0,0.0,0.0,0.0
repeat_1_fold_2,HNRNPA3,0.0,0.0,0.0,0.0,0.0,0.0,0.0
repeat_1_fold_2,HNRNPR,0.0,0.0,0.0,0.0,0.0,0.00038880248833594866,0.5
repeat_1_fold_2,HS3ST1,0.0,0.0,0.0,0.0,0.0,0.0,0.0
repeat_1_fold_2,HSPA1L,-0.04366616036961979,0.08733232073923958,0.04366616036961979,-0.08733232073923958,0.0,0.000583203732503923,0.5
repeat_1_fold_2,HSPA6,0.0,0.0,0.0,0.0,0.0,0.0,0.0
repeat_1_fold_2,HSPE1,0.0,0.0,0.0,0.0,0.0,-0.002688172043010764,0.5
repeat_1_fold_2,HTR4,0.0,0.0,0.0,0.0,0.0,0.0,0.0
repeat_1_fold_2,ICAM3,0.0,0.0,0.0,0.0,0.0,0.0,0.0
repeat_1_fold_2,ICAM4,0.0,0.0,0.0,0.0,0.0,0.0,0.0
repeat_1_fold_2,ICAM5,-0.030199871036305836,0.11361339295323679,0.056806696476618394,-0.08700656751292424,0.25,-0.00020678246484698293,0.5
repeat_1_fold_2,IFIT5,0.0,0.0,0.0,0.0,0.0,0.0,0.0
repeat_1_fold_2,IFT74,0.0,0.0,0.0,0.0,0.0,0.0,0.0
repeat_1_fold_2,IGF2R,0.0,0.0,0.0,0.0,0.0,0.0,0.0
repeat_1_fold_2,IGLV2-14,-0.032814391727583825,0.06562878345516765,0.032814391727583825,-0.06562878345516765,0.0,0.0007776049766718696,0.5
repeat_1_fold_2,IKZF1,0.0,0.0,0.0,0.0,0.0,0.0,0.0
repeat_1_fold_2,IL18R1,0.0,0.0,0.0,0.0,0.0,0.0,0.0
repeat_1_fold_2,IL4,0.0,0.0,0.0,0.0,0.0,-0.0010339123242349146,0.5
repeat_1_fold_2,IL5,0.0,0.0,0.0,0.0,0.0,0.0,0.0
repeat_1_fold_2,IL7,0.0,0.0,0.0,0.0,0.0,0.0,0.0
repeat_1_fold_2,IL9,0.5058676571470482,0.5882886640776704,0.2941443320388352,0.21172332510821296,0.5,-0.0020678246484698154,0.5
repeat_1_fold_2,INTS3,-0.2634273357478616,0.32064982929520247,0.16032491464760124,-0.4237522503954628,0.0,-0.0023328149300155254,1.0
repeat_1_fold_2,IP6K2,0.0,0.0,0.0,0.0,0.0,0.0,0.0
repeat_1_fold_2,IRAG2,0.04278187504232278,0.08556375008464556,0.04278187504232278,0.0,0.25,0.00041356492969397973,1.0
repeat_1_fold_2,IRAK3,0.13499400503254044,0.1848360650084484,0.0924180325042242,0.04257597252831624,0.5,-0.0011664074650077627,0.5
repeat_1_fold_2,IRF3,0.0,0.0,0.0,0.0,0.0,0.0,0.0
repeat_1_fold_2,IRF6,0.0,0.0,0.0,0.0,0.0,0.0,0.0
repeat_1_fold_2,IST1,0.0,0.0,0.0,0.0,0.0,-0.0009720062208397884,0.5
repeat_1_fold_2,JAK2,0.03757987442713073,0.04405508550269751,0.022027542751348755,0.015552331675781978,0.5,-0.001344086021505389,0.5
repeat_1_fold_2,KCNA10,0.0,0.0,0.0,0.0,0.0,0.0,0.0
repeat_1_fold_2,KCNE4,0.0,0.0,0.0,0.0,0.0,0.0,0.0
repeat_1_fold_2,KCNJ15,0.0,0.0,0.0,0.0,0.0,0.0,0.0
repeat_1_fold_2,KCNK10,-0.1017316472673695,0.197891883997477,0.0989459419987385,-0.20067758926610801,0.0,-0.0015552099533436836,0.5
repeat_1_fold_2,KCNK5,0.07690436718285376,0.1274633132198345,0.06373165660991725,0.013172710572936508,0.5,0.005443234836702948,0.5
repeat_1_fold_2,KCNS3,0.0,0.0,0.0,0.0,0.0,0.0,0.0
repeat_1_fold_2,KDM2A,0.0,0.0,0.0,0.0,0.0,0.0,0.0
repeat_1_fold_2,KDM5D,0.0,0.0,0.0,0.0,0.0,0.0,0.0
repeat_1_fold_2,KDM6A,0.0,0.0,0.0,0.0,0.0,0.0,0.0
repeat_1_fold_2,KDM8,0.0,0.0,0.0,0.0,0.0,0.0,0.0
repeat_1_fold_2,KIDINS220,0.01964519473036397,0.028862654287831517,0.014431327143915759,0.00521386758644821,0.5,0.00019440124416800209,0.5
repeat_1_fold_2,KIF17,0.0,0.0,0.0,0.0,0.0,0.0,0.0
repeat_1_fold_2,KIF18A,0.0,0.0,0.0,0.0,0.0,0.0,0.0
repeat_1_fold_2,KIF23,0.0,0.0,0.0,0.0,0.0,0.0,0.0
repeat_1_fold_2,KIF5B,0.0,0.0,0.0,0.0,0.0,0.0,0.0
repeat_1_fold_2,KLHDC3,0.0,0.0,0.0,0.0,0.0,0.0,0.0
repeat_1_fold_2,KLHL20,0.0,0.0,0.0,0.0,0.0,0.0,0.0
repeat_1_fold_2,KLHL21,0.09429377217028367,0.243414884869101,0.1217074424345505,-0.02741367026426683,0.25,-0.00038880248833589315,0.5
repeat_1_fold_2,KLHL5,0.0,0.0,0.0,0.0,0.0,0.0,0.0
repeat_1_fold_2,KLK1,0.0,0.0,0.0,0.0,0.0,0.0,0.0
repeat_1_fold_2,KLK12,0.0,0.0,0.0,0.0,0.0,0.0,0.0
repeat_1_fold_2,KLRB1,-0.01808186518744037,0.03616373037488074,0.01808186518744037,-0.03616373037488074,0.0,0.0007776049766718696,0.5
repeat_1_fold_2,KPNA6,0.0,0.0,0.0,0.0,0.0,0.0,0.0
repeat_1_fold_2,KRT14,0.0,0.0,0.0,0.0,0.0,0.0,0.0
repeat_1_fold_2,KRT32,0.0,0.0,0.0,0.0,0.0,0.0,0.0
repeat_1_fold_2,KRT35,0.5486495321893727,0.6335259102005931,0.31676295510029656,0.23188657708907617,0.5,-0.0020678246484698154,0.5
repeat_1_fold_2,KRT38,0.0,0.0,0.0,0.0,0.0,0.0,0.0
repeat_1_fold_2,KRT4,0.0,0.0,0.0,0.0,0.0,0.0,0.0
repeat_1_fold_2,KRTAP2-1,0.0,0.0,0.0,0.0,0.0,0.0,0.0
repeat_1_fold_2,KRTAP5-8,0.030573505062026385,0.035303242755262636,0.017651621377631318,0.012921883684395067,0.5,-0.00019440124416794657,0.5
repeat_1_fold_2,KYNU,-0.05765336124323284,0.0731945499301839,0.03659727496509195,-0.09425063620832479,0.0,-0.0004259461503729467,1.0
repeat_1_fold_2,L1CAM,0.04278187504232278,0.08556375008464556,0.04278187504232278,0.0,0.25,0.00041356492969396585,0.5
repeat_1_fold_2,LAMA1,0.0,0.0,0.0,0.0,0.0,0.0,0.0
repeat_1_fold_2,LAMB1,0.0,0.0,0.0,0.0,0.0,0.0,0.0
repeat_1_fold_2,LAMP1,0.0,0.0,0.0,0.0,0.0,0.0,0.0
repeat_1_fold_2,LAMTOR2,-0.03273785003795382,0.06547570007590764,0.03273785003795382,-0.06547570007590764,0.0,0.00029779247659149355,1.0
repeat_1_fold_2,LAMTOR3,0.0,0.0,0.0,0.0,0.0,-0.0012406947890818976,0.5
repeat_1_fold_2,LAMTOR5,0.0,0.0,0.0,0.0,0.0,0.0,0.0
repeat_1_fold_2,LARGE1,0.7632016995636928,0.32669818172630194,0.16334909086315097,0.5998526087005418,1.0,-0.002485731045155107,1.0
repeat_1_fold_2,LCP2,0.0,0.0,0.0,0.0,0.0,0.0,0.0
repeat_1_fold_2,LDHA,0.0,0.0,0.0,0.0,0.0,0.0,0.0
repeat_1_fold_2,LEMD3,0.0,0.0,0.0,0.0,0.0,0.0003101736972704744,0.5
repeat_1_fold_2,LHX2,0.0,0.0,0.0,0.0,0.0,0.0,0.0
repeat_1_fold_2,LIF,0.0,0.0,0.0,0.0,0.0,0.0,0.0
repeat_1_fold_2,LILRA1,0.0,0.0,0.0,0.0,0.0,0.0,0.0
repeat_1_fold_2,LILRB4,0.0,0.0,0.0,0.0,0.0,0.0,0.0
repeat_1_fold_2,LIMS2,0.2052220329526282,0.4104440659052564,0.2052220329526282,0.0,0.25,-0.00010339123242349146,0.5
repeat_1_fold_2,LMF2,0.10544485223964983,0.20214245975163378,0.10107122987581689,0.0043736223638329436,0.5,0.002672092535635412,1.0
repeat_1_fold_2,LMO7,0.0,0.0,0.0,0.0,0.0,0.0,0.0
repeat_1_fold_2,LPCAT4,0.0,0.0,0.0,0.0,0.0,0.0,0.0
repeat_1_fold_2,LPIN1,0.0,0.0,0.0,0.0,0.0,0.0,0.0
repeat_1_fold_2,LRRC1,0.0,0.0,0.0,0.0,0.0,0.0,0.0
repeat_1_fold_2,LRRTM2,0.0,0.0,0.0,0.0,0.0,0.0,0.0
repeat_1_fold_2,LRRTM4,0.0,0.0,0.0,0.0,0.0,0.0,0.0
repeat_1_fold_2,LSM6,0.0,0.0,0.0,0.0,0.0,0.0,0.0
repeat_1_fold_2,LTBP3,0.16317478602455004,0.23089488547151898,0.11544744273575949,0.04772734328879055,0.75,0.000558441291145878,1.0
repeat_1_fold_2,LZTFL1,0.0,0.0,0.0,0.0,0.0,0.0,0.0
repeat_1_fold_2,MAML1,0.0,0.0,0.0,0.0,0.0,0.0,0.0
repeat_1_fold_2,MAN2A1,0.0,0.0,0.0,0.0,0.0,0.0,0.0
repeat_1_fold_2,MAN2A2,0.0,0.0,0.0,0.0,0.0,0.0,0.0
repeat_1_fold_2,MAP3K7,0.0,0.0,0.0,0.0,0.0,0.0,0.0
repeat_1_fold_2,MARK3,-0.04437851877626464,0.046716882822799455,0.023358441411399727,-0.06773696018766437,0.0,0.002663409601652733,1.0
repeat_1_fold_2,MAT2A,0.0,0.0,0.0,0.0,0.0,0.0,0.0
repeat_1_fold_2,MCHR1,0.0,0.0,0.0,0.0,0.0,0.0,0.0
repeat_1_fold_2,MCM5,0.0,0.0,0.0,0.0,0.0,-0.00020678246484698293,0.5
repeat_1_fold_2,MCM7,0.0,0.0,0.0,0.0,0.0,0.0,0.0
repeat_1_fold_2,MDH2,0.0,0.0,0.0,0.0,0.0,0.0,0.0
repeat_1_fold_2,MED20,0.0,0.0,0.0,0.0,0.0,0.0,0.0
repeat_1_fold_2,MED22,0.0,0.0,0.0,0.0,0.0,0.0,0.0
repeat_1_fold_2,METTL1,0.009549813771478455,0.01909962754295691,0.009549813771478455,0.0,0.25,0.00024392612688405035,1.0
repeat_1_fold_2,MEX3C,0.0,0.0,0.0,0.0,0.0,0.0007237386269644264,0.5
repeat_1_fold_2,MFAP3,0.04278187504232278,0.08556375008464556,0.04278187504232278,0.0,0.25,0.0003101736972704744,0.5
repeat_1_fold_2,MICA,0.0,0.0,0.0,0.0,0.0,0.0,0.5
repeat_1_fold_2,MIOS,0.032922033885174784,0.03801509025175128,0.01900754512587564,0.013914488759299144,0.5,0.003101736972704716,0.5
repeat_1_fold_2,MLANA,0.20874453956133543,0.47509112463540504,0.23754556231770252,-0.02880102275636709,0.25,-0.0022746071133167983,0.5
repeat_1_fold_2,MLEC,0.0,0.0,0.0,0.0,0.0,0.0,0.0
repeat_1_fold_2,MLLT1,0.2671694130263891,0.43361907826547336,0.21680953913273668,0.0503598738936524,0.5,0.003722084367245651,0.5
repeat_1_fold_2,MLLT3,0.0,0.0,0.0,0.0,0.0,0.0,0.0
repeat_1_fold_2,MMP11,0.0,0.0,0.0,0.0,0.0,0.0,0.0
repeat_1_fold_2,MRPS18A,0.0,0.0,0.0,0.0,0.0,0.0,0.0
repeat_1_fold_2,MRS2,0.0,0.0,0.0,0.0,0.0,0.0,0.0
repeat_1_fold_2,MTA2,-0.01863023808179598,0.03726047616359196,0.01863023808179598,-0.03726047616359196,0.0,-0.0007652237559928332,1.0
repeat_1_fold_2,MTAP,0.0,0.0,0.0,0.0,0.0,0.0,0.0
repeat_1_fold_2,MTARC1,0.0,0.0,0.0,0.0,0.0,0.0,0.0
repeat_1_fold_2,MTF2,0.0,0.0,0.0,0.0,0.0,0.0,0.0
repeat_1_fold_2,MTNR1A,0.0,0.0,0.0,0.0,0.0,0.0,0.0
repeat_1_fold_2,MTRF1,0.0,0.0,0.0,0.0,0.0,0.0,0.0
repeat_1_fold_2,MUC3A,0.0,0.0,0.0,0.0,0.0,0.0,0.0
repeat_1_fold_2,MVD,0.0,0.0,0.0,0.0,0.0,0.0,0.0
repeat_1_fold_2,MYH14,0.0,0.0,0.0,0.0,0.0,0.0,0.0
repeat_1_fold_2,MYL1,0.0,0.0,0.0,0.0,0.0,0.0,0.0
repeat_1_fold_2,MYO10,0.0,0.0,0.0,0.0,0.0,0.0,0.0
repeat_1_fold_2,MYO15A,0.7623612823661148,0.15720607527727648,0.07860303763863824,0.6837582447274766,1.0,0.0039121441444223,1.0
repeat_1_fold_2,MYO3A,0.016166695573847534,0.03233339114769507,0.016166695573847534,0.0,0.25,-0.001749611197511658,0.5
repeat_1_fold_2,MYRIP,0.0,0.0,0.0,0.0,0.0,0.0,0.0
repeat_1_fold_2,NABP1,0.0,0.0,0.0,0.0,0.0,0.0,0.0
repeat_1_fold_2,NARS1,0.0,0.0,0.0,0.0,0.0,0.0,0.0
repeat_1_fold_2,NAT10,0.0,0.0,0.0,0.0,0.0,0.0,0.0
repeat_1_fold_2,NCALD,0.017810748188374248,0.06688867505967558,0.03344433752983779,-0.01563358934146354,0.25,-0.0005832037325038675,0.5
repeat_1_fold_2,NCAM1,-0.03273785003795382,0.06547570007590764,0.03273785003795382,-0.06547570007590764,0.0,0.00019440124416800209,0.5
repeat_1_fold_2,NCAN,0.0,0.0,0.0,0.0,0.0,0.0,0.0
repeat_1_fold_2,NCF1,0.0,0.0,0.0,0.0,0.0,0.0,0.0
repeat_1_fold_2,NCR3,0.0,0.0,0.0,0.0,0.0,0.0,0.0
repeat_1_fold_2,NDUFA10,-0.06469942112715188,0.07471921049012861,0.037359605245064306,-0.10205902637221619,0.0,-0.006332270799485937,1.0
repeat_1_fold_2,NDUFA4,0.0,0.0,0.0,0.0,0.0,0.0,0.0
repeat_1_fold_2,NDUFA6,0.0,0.0,0.0,0.0,0.0,0.0,0.5
repeat_1_fold_2,NDUFA7,-0.06547570007590764,0.07560482612840895,0.037802413064204475,-0.10327811314011212,0.0,-0.0013608087091757093,0.5
repeat_1_fold_2,NDUFAF7,0.0,0.0,0.0,0.0,0.0,0.0,0.0
repeat_1_fold_2,NDUFC1,0.0,0.0,0.0,0.0,0.0,0.00020678246484698293,0.5
repeat_1_fold_2,NDUFS1,0.0,0.0,0.0,0.0,0.0,0.0,0.0
repeat_1_fold_2,NDUFV2,0.14727668561177332,0.31129083913154687,0.15564541956577344,-0.008368733954000118,0.25,0.004860031104199081,0.5
repeat_1_fold_2,NEDD4,0.0,0.0,0.0,0.0,0.0,0.0,0.0
repeat_1_fold_2,NEK9,0.0,0.0,0.0,0.0,0.0,-0.001749611197511658,0.5
repeat_1_fold_2,NFYB,0.09757390204779526,0.11604032891779242,0.05802016445889621,0.039553737588899046,0.5,0.002377998345740276,0.5
repeat_1_fold_2,NHP2,0.0,0.0,0.0,0.0,0.0,0.0,0.0
repeat_1_fold_2,NIPAL3,0.0,0.0,0.0,0.0,0.0,0.0,0.0
repeat_1_fold_2,NKX3-2,0.0,0.0,0.0,0.0,0.0,0.0,0.0
repeat_1_fold_2,NLGN3,0.0,0.0,0.0,0.0,0.0,0.0,0.0
repeat_1_fold_2,NLK,0.0,0.0,0.0,0.0,0.0,0.0,0.0
repeat_1_fold_2,NMBR,0.0,0.0,0.0,0.0,0.0,0.0010339123242348869,0.5
repeat_1_fold_2,NMI,0.0,0.0,0.0,0.0,0.0,0.0,0.0
repeat_1_fold_2,NMRK1,-0.04200855792194247,0.05861649471187963,0.029308247355939815,-0.07131680527788228,0.0,-0.0015013436036362543,1.0
repeat_1_fold_2,NMUR1,0.0,0.0,0.0,0.0,0.0,0.0,0.0
repeat_1_fold_2,NNT,0.0,0.0,0.0,0.0,0.0,0.0,0.5
repeat_1_fold_2,NOL9,-0.1683649596946708,0.19441110960363736,0.09720555480181868,-0.2655705144964895,0.0,7.862879106547427e-05,1.0
repeat_1_fold_2,NOP56,0.37704304586101856,0.5354198848188183,0.26770994240940915,0.1093331034516094,0.5,-0.0009720062208397884,0.5
repeat_1_fold_2,NPC1L1,0.0,0.0,0.0,0.0,0.0,0.0,0.0
repeat_1_fold_2,NPHP1,0.0,0.0,0.0,0.0,0.0,0.0,0.0
repeat_1_fold_2,NPHS2,0.0,0.0,0.0,0.0,0.0,0.0,0.0
repeat_1_fold_2,NR0B2,0.08556375008464556,0.09880050828848795,0.049400254144243975,0.03616349594040159,0.5,0.0009305210918113954,0.5
repeat_1_fold_2,NRAS,0.0,0.0,0.0,0.0,0.0,0.0,0.0
repeat_1_fold_2,NRN1,0.0,0.0,0.0,0.0,0.0,0.0,0.0
repeat_1_fold_2,NSD3,0.0,0.0,0.0,0.0,0.0,0.0,0.0
repeat_1_fold_2,NSL1,-0.03273785003795382,0.06547570007590764,0.03273785003795382,-0.06547570007590764,0.0,-0.0005832037325038675,1.0
repeat_1_fold_2,NSMCE4A,-0.0005441600732360996,0.06986533498532871,0.034932667492664354,-0.035476827565900454,0.25,0.0007237386269644264,0.5
repeat_1_fold_2,NT5E,-0.032814391727583825,0.06562878345516765,0.032814391727583825,-0.06562878345516765,0.0,-0.00038880248833589315,0.5
repeat_1_fold_2,NUDT18,0.0,0.0,0.0,0.0,0.0,0.0,0.0
repeat_1_fold_2,NUDT9,0.4571158394897381,0.5336701193457667,0.26683505967288335,0.19028077981685476,0.5,-0.0015508684863523303,1.0
repeat_1_fold_2,NUP88,0.0,0.0,0.0,0.0,0.0,0.0,0.0
repeat_1_fold_2,NXF1,0.0,0.0,0.0,0.0,0.0,0.0005169561621174573,0.5
repeat_1_fold_2,OAT,0.0,0.0,0.0,0.0,0.0,0.0,0.0
repeat_1_fold_2,OAZ1,0.0,0.0,0.0,0.0,0.0,0.0,0.0
repeat_1_fold_2,OGFOD1,0.0,0.0,0.0,0.0,0.0,0.0,0.0
repeat_1_fold_2,OR10H2,0.03215472959107046,0.44745707336542884,0.22372853668271442,-0.19157380709164396,0.25,0.000583203732503923,0.5
repeat_1_fold_2,OR11A1,0.0,0.0,0.0,0.0,0.0,0.0,0.0
repeat_1_fold_2,OR1D2,0.0,0.0,0.0,0.0,0.0,0.0,0.0
repeat_1_fold_2,OR1E1,0.0,0.0,0.0,0.0,0.0,0.0,0.0
repeat_1_fold_2,OR1F1,0.05419575873061966,0.08230604606874577,0.04115302303437288,0.013042735696246775,0.5,-0.0005832037325038675,0.5
repeat_1_fold_2,OR2F1,0.0,0.0,0.0,0.0,0.0,0.0,0.0
repeat_1_fold_2,ORC5,0.0,0.0,0.0,0.0,0.0,0.0,0.0
repeat_1_fold_2,OSTF1,0.0,0.0,0.0,0.0,0.0,0.0,0.0
repeat_1_fold_2,OSTM1,0.0,0.0,0.0,0.0,0.0,0.0,0.0
repeat_1_fold_2,P2RX7,0.0,0.0,0.0,0.0,0.0,0.00019440124416797433,0.5
repeat_1_fold_2,P2RY10,0.0,0.0,0.0,0.0,0.0,0.0,0.0
repeat_1_fold_2,P2RY2,0.0,0.0,0.0,0.0,0.0,0.0,0.0
repeat_1_fold_2,P4HA2,0.0,0.0,0.0,0.0,0.0,0.0,0.0
repeat_1_fold_2,PAFAH1B1,0.0,0.0,0.0,0.0,0.0,0.0,0.0
repeat_1_fold_2,PAFAH1B2,0.0,0.0,0.0,0.0,0.0,0.0,0.0
repeat_1_fold_2,PAFAH2,-0.005311108936760789,0.2519841914481264,0.1259920957240632,-0.13130320466082399,0.5,0.0016462199650881804,1.0
repeat_1_fold_2,PAGR1,0.0,0.0,0.0,0.0,0.0,0.0,0.0
repeat_1_fold_2,PAK4,0.0,0.0,0.0,0.0,0.0,0.000413564929693952,0.5
repeat_1_fold_2,PAK6,0.0,0.0,0.0,0.0,0.0,0.0,0.0
repeat_1_fold_2,PANK2,0.0,0.0,0.0,0.0,0.0,0.0,0.0
repeat_1_fold_2,PAPSS1,0.0,0.0,0.0,0.0,0.0,0.0,0.0
repeat_1_fold_2,PAQR3,0.0,0.0,0.0,0.0,0.0,0.0,0.0
repeat_1_fold_2,PAX3,-0.004657840541952396,0.009315681083904792,0.004657840541952396,-0.009315681083904792,0.0,0.0003101736972704605,0.5
repeat_1_fold_2,PAX6,0.0,0.0,0.0,0.0,0.0,0.0,0.0
repeat_1_fold_2,PDE6B,-0.03273785003795382,0.06547570007590764,0.03273785003795382,-0.06547570007590764,0.0,-0.002138413685847579,0.5
repeat_1_fold_2,PDE9A,0.10927167582653396,0.21854335165306793,0.10927167582653396,0.0,0.25,0.001501343603636296,1.0
repeat_1_fold_2,PDHX,0.0,0.0,0.0,0.0,0.0,0.0,0.0
repeat_1_fold_2,PDPK1,0.0,0.0,0.0,0.0,0.0,0.0,0.0
repeat_1_fold_2,PELI2,0.0,0.0,0.0,0.0,0.0,0.0,0.0
repeat_1_fold_2,PEMT,0.0,0.0,0.0,0.0,0.0,0.0,0.0
repeat_1_fold_2,PEX16,0.0,0.0,0.0,0.0,0.0,0.0,0.0
repeat_1_fold_2,PGGT1B,-0.009315681083904792,0.010756821962954273,0.005378410981477137,-0.014694092065381928,0.0,0.0017576509511993271,0.5
repeat_1_fold_2,PGK1,0.0,0.0,0.0,0.0,0.0,0.0,0.0
repeat_1_fold_2,PHC1,0.0,0.0,0.0,0.0,0.0,0.0,0.0
repeat_1_fold_2,PHF21A,0.0,0.0,0.0,0.0,0.0,0.0,0.0
repeat_1_fold_2,PHGDH,0.0,0.0,0.0,0.0,0.0,0.0,0.0
repeat_1_fold_2,PHLPP2,0.0,0.0,0.0,0.0,0.0,0.0,0.0
repeat_1_fold_2,PIK3CD,0.04278187504232278,0.08556375008464556,0.04278187504232278,0.0,0.25,-0.0003101736972704744,0.5
repeat_1_fold_2,PIK3R1,0.0,0.0,0.0,0.0,0.0,0.0,0.0
repeat_1_fold_2,PINK1,0.0,0.0,0.0,0.0,0.0,0.0,0.0
repeat_1_fold_2,PKM,0.0,0.0,0.0,0.0,0.0,0.0,0.0
repeat_1_fold_2,PLA2G12A,0.0,0.0,0.0,0.0,0.0,0.0,0.5
repeat_1_fold_2,PLA2G5,0.0,0.0,0.0,0.0,0.0,0.0,0.0
repeat_1_fold_2,PLAAT3,0.0,0.0,0.0,0.0,0.0,0.0,0.0
repeat_1_fold_2,PLD3,0.0,0.0,0.0,0.0,0.0,0.0,0.0
repeat_1_fold_2,PLN,0.4703064575946616,0.40695062506824115,0.20347531253412057,0.26683114506054106,0.75,-0.0015632497070313806,1.0
repeat_1_fold_2,PLXNB1,0.0,0.0,0.0,0.0,0.0,0.0,0.0
repeat_1_fold_2,PMM2,0.0,0.0,0.0,0.0,0.0,0.0,0.0
repeat_1_fold_2,PNO1,0.0,0.0,0.0,0.0,0.0,0.0,0.0
repeat_1_fold_2,POLD1,0.0,0.0,0.0,0.0,0.0,0.0,0.0
repeat_1_fold_2,POLM,0.0,0.0,0.0,0.0,0.0,0.0,0.0
repeat_1_fold_2,POLR1B,0.30364999786151436,0.4546597792901804,0.2273298896450902,0.07632010821642415,0.5,-0.004665629860031079,0.5
repeat_1_fold_2,POLR1F,0.026270463016729195,0.19334465856121547,0.09667232928060773,-0.07040186626387854,0.5,0.00017767855649759856,1.0
repeat_1_fold_2,POMT1,0.09147798897349624,0.34601792308181045,0.17300896154090523,-0.08153097256740899,0.25,-0.00019440124416794657,0.5
repeat_1_fold_2,POP4,0.0,0.0,0.0,0.0,0.0,0.0,0.0
repeat_1_fold_2,POU5F1,0.0,0.0,0.0,0.0,0.0,0.0,0.0
repeat_1_fold_2,PPIH,0.0,0.0,0.0,0.0,0.0,0.000413564929693952,0.5
repeat_1_fold_2,PPL,0.0,0.0,0.0,0.0,0.0,0.0,0.0
repeat_1_fold_2,PPP1R12A,0.0,0.0,0.0,0.0,0.0,0.0,0.0
repeat_1_fold_2,PPY,0.0,0.0,0.0,0.0,0.0,0.0,0.0
repeat_1_fold_2,PRIM2,0.0,0.0,0.0,0.0,0.0,0.0,0.0
repeat_1_fold_2,PRKACB,-0.004657840541952396,0.009315681083904792,0.004657840541952396,-0.009315681083904792,0.0,0.00020678246484696905,0.5
repeat_1_fold_2,PRKAG1,0.003546926359710767,0.056949634411929795,0.028474817205964897,-0.02492789084625413,0.25,0.0007237386269644264,0.5
repeat_1_fold_2,PRLH,0.0,0.0,0.0,0.0,0.0,0.0,0.0
repeat_1_fold_2,PRODH,-0.021952853861865407,0.03447415691554688,0.01723707845777344,-0.03918993231963885,0.0,-0.001360808709175737,0.5
repeat_1_fold_2,PRPF8,0.0,0.0,0.0,0.0,0.0,0.0,0.0
repeat_1_fold_2,PRPS1,0.0,0.0,0.0,0.0,0.0,0.0,0.0
repeat_1_fold_2,PRSS2,0.0,0.0,0.0,0.0,0.0,0.0,0.0
repeat_1_fold_2,PSEN2,0.0,0.0,0.0,0.0,0.0,-0.00020678246484698293,0.5
repeat_1_fold_2,PSMA1,0.0,0.0,0.0,0.0,0.0,0.0,0.0
repeat_1_fold_2,PSMB6,0.0,0.0,0.0,0.0,0.0,0.0,0.0
repeat_1_fold_2,PSMD12,0.0,0.0,0.0,0.0,0.0,0.0,0.0
repeat_1_fold_2,PSME3,0.0,0.0,0.0,0.0,0.0,0.0,0.0
repeat_1_fold_2,PTDSS2,0.0,0.0,0.0,0.0,0.0,0.0,0.0
repeat_1_fold_2,PTGDR2,0.0,0.0,0.0,0.0,0.0,0.0,0.0
repeat_1_fold_2,PTPRJ,0.0,0.0,0.0,0.0,0.0,0.0,0.0
repeat_1_fold_2,PTPRO,0.0,0.0,0.0,0.0,0.0,0.0,0.0
repeat_1_fold_2,PTS,0.0,0.0,0.0,0.0,0.0,0.0,0.0
repeat_1_fold_2,PYCR3,0.0,0.0,0.0,0.0,0.0,0.0,0.0
repeat_1_fold_2,QARS1,0.0,0.0,0.0,0.0,0.0,0.0,0.0
repeat_1_fold_2,RAB11FIP2,0.0,0.0,0.0,0.0,0.0,0.00020678246484698293,0.5
repeat_1_fold_2,RAB3A,0.0,0.0,0.0,0.0,0.0,0.0,0.0
repeat_1_fold_2,RAB40B,0.0,0.0,0.0,0.0,0.0,0.0,0.0
repeat_1_fold_2,RAB6A,0.0,0.0,0.0,0.0,0.0,0.0,0.0
repeat_1_fold_2,RABGGTB,0.045656432442687134,0.11774306086410413,0.058871530432052066,-0.013215097989364932,0.75,0.001811517300906798,1.0
repeat_1_fold_2,RAC3,0.0,0.0,0.0,0.0,0.0,0.00020678246484698293,0.5
repeat_1_fold_2,RACK1,0.2788577686602345,0.5024516246745153,0.25122581233725766,0.027631956322976825,0.5,0.004536833005954574,1.0
repeat_1_fold_2,RAD1,0.0,0.0,0.0,0.0,0.0,0.0,0.0
repeat_1_fold_2,RAD9A,0.0,0.0,0.0,0.0,0.0,0.0,0.0
repeat_1_fold_2,RANBP1,0.0,0.0,0.0,0.0,0.0,0.0,0.0
repeat_1_fold_2,RANGRF,0.0,0.0,0.0,0.0,0.0,0.0,0.0
repeat_1_fold_2,RAP1GAP,0.0,0.0,0.0,0.0,0.0,0.0,0.0
repeat_1_fold_2,RAPGEF4,0.5058676571470482,0.5882886640776704,0.2941443320388352,0.21172332510821296,0.5,0.0022746071133167844,0.5
repeat_1_fold_2,RARS2,0.0,0.0,0.0,0.0,0.0,0.0,0.0
repeat_1_fold_2,RBM4,0.0,0.0,0.0,0.0,0.0,2.7755575615628914e-17,0.5
repeat_1_fold_2,RBP4,0.0,0.0,0.0,0.0,0.0,0.0,0.0
repeat_1_fold_2,RCC1,0.0,0.0,0.0,0.0,0.0,0.0,0.0
repeat_1_fold_2,RDH16,0.0,0.0,0.0,0.0,0.0,0.0,0.0
repeat_1_fold_2,REST,0.0,0.0,0.0,0.0,0.0,0.0,0.0
repeat_1_fold_2,REXO2,0.0,0.0,0.0,0.0,0.0,0.0,0.0
repeat_1_fold_2,RFC2,0.0,0.0,0.0,0.0,0.0,0.0,0.0
repeat_1_fold_2,RGCC,0.39129476937399765,0.45727997063957854,0.22863998531978927,0.16265478405420838,0.5,-0.0025272161741834998,0.5
repeat_1_fold_2,RGL2,0.0,0.0,0.0,0.0,0.0,0.0,0.0
repeat_1_fold_2,RGS2,0.0,0.0,0.0,0.0,0.0,0.0,0.0
repeat_1_fold_2,RGS20,0.0,0.0,0.0,0.0,0.0,0.0,0.0
repeat_1_fold_2,RGS3,0.6878989146929566,0.2768104695745862,0.1384052347872931,0.5494936799056636,1.0,7.862879106547427e-05,1.0
repeat_1_fold_2,RGS6,0.0,0.0,0.0,0.0,0.0,0.0,0.0
repeat_1_fold_2,RGSL1,0.0,0.0,0.0,0.0,0.0,0.0,0.0
repeat_1_fold_2,RHBDF2,0.0,0.0,0.0,0.0,0.0,0.0,0.0
repeat_1_fold_2,RHCE,0.0,0.0,0.0,0.0,0.0,0.0,0.0
repeat_1_fold_2,RHOBTB2,0.0,0.0,0.0,0.0,0.0,0.0,0.0
repeat_1_fold_2,RHOQ,0.0,0.0,0.0,0.0,0.0,0.0,0.0
repeat_1_fold_2,RHOT1,0.0,0.0,0.0,0.0,0.0,0.0,0.0
repeat_1_fold_2,RIN1,0.0,0.0,0.0,0.0,0.0,0.0,0.0
repeat_1_fold_2,RIOK2,0.0,0.0,0.0,0.0,0.0,0.0,0.0
repeat_1_fold_2,RNF123,0.0,0.0,0.0,0.0,0.0,0.0,0.0
repeat_1_fold_2,RNF128,0.0,0.0,0.0,0.0,0.0,0.0,0.0
repeat_1_fold_2,RNF144A,0.0,0.0,0.0,0.0,0.0,0.0,0.0
repeat_1_fold_2,RNF2,-0.0322791247779417,0.12118043946065392,0.06059021973032696,-0.09286934450826867,0.25,0.0017496111975116857,1.0
repeat_1_fold_2,RNPS1,0.0,0.0,0.0,0.0,0.0,0.0,0.0
repeat_1_fold_2,RPL10A,-0.004995025052679125,0.005767758117546436,0.002883879058773218,-0.007878904111452343,0.0,-0.00041356492969396585,0.5
repeat_1_fold_2,RPL32,0.0,0.0,0.0,0.0,0.0,0.0,0.0
repeat_1_fold_2,RPL35,0.0,0.0,0.0,0.0,0.0,0.0,0.0
repeat_1_fold_2,RPL35A,0.0,0.0,0.0,0.0,0.0,0.0,0.0
repeat_1_fold_2,RPL36A,0.0,0.0,0.0,0.0,0.0,0.0,0.0
repeat_1_fold_2,RPL37A,0.0,0.0,0.0,0.0,0.0,0.0,0.0
repeat_1_fold_2,RPRD2,-0.0310802475902765,0.03728041918057857,0.018640209590289284,-0.04972045718056578,0.0,0.002754419613397188,1.0
repeat_1_fold_2,RPS15,0.0,0.0,0.0,0.0,0.0,-0.0005832037325038675,0.5
repeat_1_fold_2,RPS4Y1,0.0,0.0,0.0,0.0,0.0,0.0,0.0
repeat_1_fold_2,RPS6KA5,0.0,0.0,0.0,0.0,0.0,0.0,0.0
repeat_1_fold_2,RPS7,-0.024160530084119003,0.04192635416482754,0.02096317708241377,-0.04512370716653277,0.0,0.0023903795664193123,1.0
repeat_1_fold_2,RRM1,0.0,0.0,0.0,0.0,0.0,0.0,0.0
repeat_1_fold_2,RTF1,0.0,0.0,0.0,0.0,0.0,0.0,0.0
repeat_1_fold_2,RXFP3,0.0,0.0,0.0,0.0,0.0,0.0,0.0
repeat_1_fold_2,S1PR1,0.0,0.0,0.0,0.0,0.0,0.0,0.0
repeat_1_fold_2,SALL1,0.0,0.0,0.0,0.0,0.0,0.0,0.0
repeat_1_fold_2,SAP30,0.0,0.0,0.0,0.0,0.0,0.0,0.0
repeat_1_fold_2,SCD5,0.1567163752985703,0.2921995202631559,0.14609976013157794,0.01061661516699236,0.5,0.0011664074650078182,0.5
repeat_1_fold_2,SDCBP,0.0,0.0,0.0,0.0,0.0,0.0,0.0
repeat_1_fold_2,SDHAF1,0.0,0.0,0.0,0.0,0.0,0.0,0.0
repeat_1_fold_2,SDHAF3,0.02564036663241076,0.05128073326482152,0.02564036663241076,0.0,0.25,-0.001166407465007735,0.5
repeat_1_fold_2,SEC23IP,0.0,0.0,0.0,0.0,0.0,0.0,0.0
repeat_1_fold_2,SERP1,0.0,0.0,0.0,0.0,0.0,0.0,0.0
repeat_1_fold_2,SERPINB13,0.0,0.0,0.0,0.0,0.0,0.0,0.0
repeat_1_fold_2,SERPINB2,0.0,0.0,0.0,0.0,0.0,0.0,0.0
repeat_1_fold_2,SGCD,0.0,0.0,0.0,0.0,0.0,0.0,0.0
repeat_1_fold_2,SGPP1,0.0,0.0,0.0,0.0,0.0,0.0,0.0
repeat_1_fold_2,SGSH,0.0,0.0,0.0,0.0,0.0,-0.00020678246484698293,0.5
repeat_1_fold_2,SH2B1,0.0,0.0,0.0,0.0,0.0,0.0,0.0
repeat_1_fold_2,SHMT1,0.0,0.0,0.0,0.0,0.0,0.0,0.0
repeat_1_fold_2,SHPK,0.0,0.0,0.0,0.0,0.0,0.0,0.0
repeat_1_fold_2,SI,0.0,0.0,0.0,0.0,0.0,0.0,0.0
repeat_1_fold_2,SIGLEC5,0.0,0.0,0.0,0.0,0.0,0.0,0.0
repeat_1_fold_2,SIPA1L1,0.0,0.0,0.0,0.0,0.0,0.0,0.0
repeat_1_fold_2,SKA1,0.14990173718828714,0.2998034743765743,0.14990173718828714,0.0,0.25,0.0007776049766718696,0.5
repeat_1_fold_2,SKIC3,0.29565328462764207,0.548289807728864,0.274144903864432,0.021508380763210044,0.5,-0.001550868486352372,0.5
repeat_1_fold_2,SKIC8,0.0,0.0,0.0,0.0,0.0,0.0,0.0
repeat_1_fold_2,SLAMF7,0.2675357463591741,0.18648066623319695,0.09324033311659848,0.17429541324257564,1.0,-0.002204661256234003,1.0
repeat_1_fold_2,SLC10A2,0.0,0.0,0.0,0.0,0.0,0.0,0.0
repeat_1_fold_2,SLC15A1,0.0,0.0,0.0,0.0,0.0,0.0005832037325038952,0.5
repeat_1_fold_2,SLC16A10,0.0,0.0,0.0,0.0,0.0,0.0,0.0
repeat_1_fold_2,SLC17A7,0.0,0.0,0.0,0.0,0.0,0.0,0.0
repeat_1_fold_2,SLC19A2,0.0,0.0,0.0,0.0,0.0,0.0,0.5
repeat_1_fold_2,SLC1A4,0.0,0.0,0.0,0.0,0.0,0.0,0.0
repeat_1_fold_2,SLC20A1,0.0,0.0,0.0,0.0,0.0,0.0,0.0
repeat_1_fold_2,SLC20A2,-0.03273785003795382,0.06547570007590764,0.03273785003795382,-0.06547570007590764,0.0,2.7755575615628914e-17,0.5
repeat_1_fold_2,SLC22A5,0.0,0.0,0.0,0.0,0.0,0.0,0.0
repeat_1_fold_2,SLC25A12,0.07252679928039285,0.08780934426671849,0.043904672133359246,0.028622127147033605,0.5,0.00015725758213092078,1.0
repeat_1_fold_2,SLC25A17,0.002312915228895207,0.06707147543973245,0.033535737719866225,-0.031222822490971018,0.25,0.0023575773713735843,1.0
repeat_1_fold_2,SLC27A5,0.0,0.0,0.0,0.0,0.0,0.0,0.0
repeat_1_fold_2,SLC28A1,0.0,0.0,0.0,0.0,0.0,0.0009720062208398439,0.5
repeat_1_fold_2,SLC30A10,0.0,0.0,0.0,0.0,0.0,0.0,0.0
repeat_1_fold_2,SLC44A1,0.0,0.0,0.0,0.0,0.0,0.0,0.0
repeat_1_fold_2,SLC5A7,0.0,0.0,0.0,0.0,0.0,0.0,0.0
repeat_1_fold_2,SLITRK3,0.0,0.0,0.0,0.0,0.0,-0.001550868486352358,0.5
repeat_1_fold_2,SMARCD1,0.0,0.0,0.0,0.0,0.0,0.0,0.0
repeat_1_fold_2,SMO,0.0,0.0,0.0,0.0,0.0,0.0,0.0
repeat_1_fold_2,SMYD2,0.0,0.0,0.0,0.0,0.0,0.0,0.0
repeat_1_fold_2,SNAP91,0.10350042094821532,0.08451241224601813,0.042256206123009066,0.061244214825206256,0.75,-0.00288691475417005,1.0
repeat_1_fold_2,SNAPC1,0.0,0.0,0.0,0.0,0.0,0.0,0.0
repeat_1_fold_2,SND1,0.3196604027297205,0.4564199757351088,0.2282099878675544,0.09145041486216612,0.5,-0.0027216174183514463,0.5
repeat_1_fold_2,SNRPA1,0.429999347420587,0.49746623972166987,0.24873311986083493,0.18126622755975205,0.5,6.624757038643792e-05,1.0
repeat_1_fold_2,SOAT1,0.0,0.0,0.0,0.0,0.0,0.0,0.0
repeat_1_fold_2,SOCS2,0.0,0.0,0.0,0.0,0.0,0.0,0.0
repeat_1_fold_2,SOX9,0.0,0.0,0.0,0.0,0.0,0.0,0.0
repeat_1_fold_2,SP1,0.0,0.0,0.0,0.0,0.0,-0.001550868486352372,0.5
repeat_1_fold_2,SPARC,-0.02166301755777944,0.04332603511555888,0.02166301755777944,-0.04332603511555888,0.0,0.0011373035566583783,0.5
repeat_1_fold_2,SPCS1,-0.02166301755777944,0.04332603511555888,0.02166301755777944,-0.04332603511555888,0.0,-0.0022746071133167983,0.5
repeat_1_fold_2,SPEN,0.0,0.0,0.0,0.0,0.0,-0.00019440124416794657,0.5
repeat_1_fold_2,SPIDR,0.0,0.0,0.0,0.0,0.0,0.0,0.0
repeat_1_fold_2,SPOCK3,0.0,0.0,0.0,0.0,0.0,0.0,0.0
repeat_1_fold_2,SPPL2B,0.0,0.0,0.0,0.0,0.0,0.0,0.0
repeat_1_fold_2,SPRY2,0.0,0.0,0.0,0.0,0.0,0.0,0.0
repeat_1_fold_2,SRD5A1,0.0,0.0,0.0,0.0,0.0,0.0,0.0
repeat_1_fold_2,SRPK1,0.007352311421193747,0.0363800154416623,0.01819000772083115,-0.010837696299637403,0.25,0.0012159323477238665,1.0
repeat_1_fold_2,SRRM2,0.05728953953181204,0.07303828237315736,0.03651914118657868,0.020770398345233358,0.5,-0.00020678246484698293,0.5
repeat_1_fold_2,SRSF11,0.0,0.0,0.0,0.0,0.0,0.0,0.0
repeat_1_fold_2,SRSF4,0.0,0.0,0.0,0.0,0.0,0.0,0.0
repeat_1_fold_2,SRSF5,0.0,0.0,0.0,0.0,0.0,0.0,0.0
repeat_1_fold_2,SS18L1,0.0,0.0,0.0,0.0,0.0,0.0,0.0
repeat_1_fold_2,SSTR5,0.0,0.0,0.0,0.0,0.0,0.00020678246484696905,0.5
repeat_1_fold_2,ST3GAL2,0.0,0.0,0.0,0.0,0.0,0.0,0.0
repeat_1_fold_2,ST3GAL4,0.0,0.0,0.0,0.0,0.0,0.0,0.0
repeat_1_fold_2,STAM2,0.0,0.0,0.0,0.0,0.0,0.0,0.0
repeat_1_fold_2,STARD3,0.0,0.0,0.0,0.0,0.0,0.0,0.0
repeat_1_fold_2,STK4,0.609143739930353,0.7355049257047883,0.36775246285239416,0.24139127707795882,0.75,-0.009141199942885564,1.0
repeat_1_fold_2,STN1,0.0,0.0,0.0,0.0,0.0,0.0,0.0
repeat_1_fold_2,STUB1,0.0,0.0,0.0,0.0,0.0,0.0,0.0
repeat_1_fold_2,STX1A,0.08824858923592416,0.10418435842945843,0.052092179214729216,0.03615641002119494,0.5,-0.002953162324556502,1.0
repeat_1_fold_2,SUCLA2,0.0,0.0,0.0,0.0,0.0,0.0,0.0
repeat_1_fold_2,SULT1A1,0.0,0.0,0.0,0.0,0.0,2.7755575615628914e-17,0.5
repeat_1_fold_2,SULT1C4,0.0,0.0,0.0,0.0,0.0,0.0,0.0
repeat_1_fold_2,SURF1,0.022550393663671287,0.08293359853205978,0.04146679926602989,-0.018916405602358605,0.25,-0.0017496111975116302,0.5
repeat_1_fold_2,SYNJ1,0.0,0.0,0.0,0.0,0.0,0.0,0.0
repeat_1_fold_2,SYT12,0.20987987349457882,0.41975974698915763,0.20987987349457882,0.0,0.25,-0.002171215880893307,0.5
repeat_1_fold_2,TACC3,0.0,0.0,0.0,0.0,0.0,0.0,0.0
repeat_1_fold_2,TAF10,0.0,0.0,0.0,0.0,0.0,0.0,0.0
repeat_1_fold_2,TAF5L,0.0,0.0,0.0,0.0,0.0,0.0,0.0
repeat_1_fold_2,TAF7L,0.0,0.0,0.0,0.0,0.0,0.0,0.0
repeat_1_fold_2,TAP1,0.0,0.0,0.0,0.0,0.0,0.0,0.0
repeat_1_fold_2,TAPBP,-0.17795327724904553,0.2067562300729201,0.10337811503646005,-0.2813313922855056,0.0,0.00038880248833594866,0.5
repeat_1_fold_2,TBC1D4,0.0,0.0,0.0,0.0,0.0,0.0,0.0
repeat_1_fold_2,TBCD,0.0,0.0,0.0,0.0,0.0,0.00020678246484698293,0.5
repeat_1_fold_2,TBX1,0.1422961729628156,0.1645201997165257,0.08226009985826285,0.06003607310455275,0.5,0.0031104199066874227,0.5
repeat_1_fold_2,TCF12,0.07624806900074432,0.08804368632553779,0.044021843162768894,0.03222622583797543,0.5,0.002171215880893293,0.5
repeat_1_fold_2,TCF7,0.0,0.0,0.0,0.0,0.0,0.0,0.0
repeat_1_fold_2,TCF7L1,0.0,0.0,0.0,0.0,0.0,0.0,0.0
repeat_1_fold_2,TCTN1,0.0,0.0,0.0,0.0,0.0,0.0,0.0
repeat_1_fold_2,TEX12,0.0,0.0,0.0,0.0,0.0,0.0,0.0
repeat_1_fold_2,TFAM,0.0,0.0,0.0,0.0,0.0,0.0,0.0
repeat_1_fold_2,TFR2,0.0,0.0,0.0,0.0,0.0,0.0,0.0
repeat_1_fold_2,THSD4,0.0,0.0,0.0,0.0,0.0,-0.00020678246484698293,0.5
repeat_1_fold_2,THSD7A,0.0,0.0,0.0,0.0,0.0,2.7755575615628914e-17,0.5
repeat_1_fold_2,THUMPD1,0.0,0.0,0.0,0.0,0.0,0.0,0.0
repeat_1_fold_2,TIMM13,0.0,0.0,0.0,0.0,0.0,0.0,0.0
repeat_1_fold_2,TJP1,0.0,0.0,0.0,0.0,0.0,0.0,0.0
repeat_1_fold_2,TK2,0.0,0.0,0.0,0.0,0.0,0.0,0.0
repeat_1_fold_2,TLE3,0.24344337067002897,0.28110419117754215,0.14055209558877108,0.1028912750812579,0.5,-0.00019440124416794657,0.5
repeat_1_fold_2,TMEM115,0.0,0.0,0.0,0.0,0.0,0.0,0.0
repeat_1_fold_2,TMEM63A,0.0,0.0,0.0,0.0,0.0,0.0,0.0
repeat_1_fold_2,TMLHE,0.0,0.0,0.0,0.0,0.0,0.0,0.0
repeat_1_fold_2,TMPO,0.35602011751674567,0.4263584680287062,0.2131792340143531,0.14284088350239257,0.5,-0.0019440124416796045,0.5
repeat_1_fold_2,TNFRSF10C,0.0,0.0,0.0,0.0,0.0,0.0,0.0
repeat_1_fold_2,TNFRSF11A,0.0,0.0,0.0,0.0,0.0,0.0,0.0
repeat_1_fold_2,TNNI1,0.0,0.0,0.0,0.0,0.0,0.0,0.0
repeat_1_fold_2,TNPO1,0.0,0.0,0.0,0.0,0.0,0.0,0.0
repeat_1_fold_2,TOLLIP,0.09141854539739036,0.10925563670359911,0.054627818351799556,0.036790727045590804,0.5,2.7755575615628914e-17,0.5
repeat_1_fold_2,TOMM70,0.018804145879579792,0.04399788211275482,0.02199894105637741,-0.0031947951767976185,0.25,0.0008271298593879178,0.5
repeat_1_fold_2,TPX2,0.0,0.0,0.0,0.0,0.0,0.0,0.0
repeat_1_fold_2,TRAP1,-0.052325953308301365,0.06420733052079836,0.03210366526039918,-0.08442961856870054,0.0,-0.00019440124416794657,0.5
repeat_1_fold_2,TRAPPC11,0.0,0.0,0.0,0.0,0.0,0.0,0.0
repeat_1_fold_2,TRIM37,0.0,0.0,0.0,0.0,0.0,0.0,0.0
repeat_1_fold_2,TRIM56,0.0,0.0,0.0,0.0,0.0,0.0,0.0
repeat_1_fold_2,TRIP4,0.0,0.0,0.0,0.0,0.0,0.0,0.0
repeat_1_fold_2,TRPC4,0.0,0.0,0.0,0.0,0.0,0.0,0.0
repeat_1_fold_2,TRPV4,0.0,0.0,0.0,0.0,0.0,0.0,0.0
repeat_1_fold_2,TSPOAP1,0.0,0.0,0.0,0.0,0.0,0.0,0.0
repeat_1_fold_2,TTLL5,0.0,0.0,0.0,0.0,0.0,0.0,0.0
repeat_1_fold_2,TUBAL3,0.0,0.0,0.0,0.0,0.0,0.0,0.0
repeat_1_fold_2,TUBB,0.0,0.0,0.0,0.0,0.0,0.0,0.0
repeat_1_fold_2,TUBG2,0.09127577384804297,0.10539618520331803,0.052698092601659016,0.03857768124638396,0.5,-0.0009305210918114232,0.5
repeat_1_fold_2,TUT7,-0.1085590063442563,0.12869839151398976,0.06434919575699488,-0.17290820210125118,0.0,0.0034744599536652987,1.0
repeat_1_fold_2,TXNDC5,0.0,0.0,0.0,0.0,0.0,0.0,0.0
repeat_1_fold_2,UBC,0.0,0.0,0.0,0.0,0.0,0.0,0.0
repeat_1_fold_2,UBE2H,0.0,0.0,0.0,0.0,0.0,0.0,0.0
repeat_1_fold_2,UBE2V1,-0.01863023808179598,0.03726047616359196,0.01863023808179598,-0.03726047616359196,0.0,0.00019440124416797433,0.5
repeat_1_fold_2,UGT1A10,0.0,0.0,0.0,0.0,0.0,-0.0008271298593879317,0.5
repeat_1_fold_2,UGT1A3,0.0,0.0,0.0,0.0,0.0,0.0,0.0
repeat_1_fold_2,UPF3A,0.016461016942587392,0.032922033885174784,0.016461016942587392,0.0,0.25,0.0,0.5
repeat_1_fold_2,UPP1,0.0,0.0,0.0,0.0,0.0,0.0,0.0
repeat_1_fold_2,USP10,0.0,0.0,0.0,0.0,0.0,0.0,0.0
repeat_1_fold_2,USP18,0.0,0.0,0.0,0.0,0.0,0.0,0.0
repeat_1_fold_2,USP20,0.0,0.0,0.0,0.0,0.0,0.0,0.0
repeat_1_fold_2,USP3,0.0,0.0,0.0,0.0,0.0,0.0,0.0
repeat_1_fold_2,USP33,0.0,0.0,0.0,0.0,0.0,0.0,0.0
repeat_1_fold_2,USP5,0.0,0.0,0.0,0.0,0.0,0.0,0.0
repeat_1_fold_2,UTP18,0.0,0.0,0.0,0.0,0.0,0.0,0.0
repeat_1_fold_2,VHL,0.0,0.0,0.0,0.0,0.0,0.0,0.0
repeat_1_fold_2,VPS11,0.0,0.0,0.0,0.0,0.0,0.0,0.0
repeat_1_fold_2,VPS37C,0.08898383529706066,0.27235667565269606,0.13617833782634803,-0.04719450252928736,0.25,-0.0005832037325038675,0.5
repeat_1_fold_2,VRK2,0.0,0.0,0.0,0.0,0.0,0.0,0.0
repeat_1_fold_2,VTN,0.0,0.0,0.0,0.0,0.0,0.0,0.0
repeat_1_fold_2,WDR6,0.0,0.0,0.0,0.0,0.0,0.0,0.0
repeat_1_fold_2,WNT11,0.0,0.0,0.0,0.0,0.0,0.00010339123242349146,0.5
repeat_1_fold_2,WNT3,0.0,0.0,0.0,0.0,0.0,0.0,0.0
repeat_1_fold_2,WTAP,0.24344337067002897,0.28110419117754215,0.14055209558877108,0.1028912750812579,0.5,0.00019440124416797433,0.5
repeat_1_fold_2,XBP1,0.0,0.0,0.0,0.0,0.0,0.0,0.0
repeat_1_fold_2,XPA,0.0,0.0,0.0,0.0,0.0,0.000827129859387904,0.5
repeat_1_fold_2,XPC,0.0,0.0,0.0,0.0,0.0,0.0,0.0
repeat_1_fold_2,XYLT2,0.0,0.0,0.0,0.0,0.0,0.0,0.0
repeat_1_fold_2,YRDC,0.0,0.0,0.0,0.0,0.0,0.00196443341604631,0.5
repeat_1_fold_2,YWHAH,0.0,0.0,0.0,0.0,0.0,-0.001526106044994327,1.0
repeat_1_fold_2,ZC3H12A,0.0,0.0,0.0,0.0,0.0,0.0,0.0
repeat_1_fold_2,ZDHHC11,0.0,0.0,0.0,0.0,0.0,0.0,0.0
repeat_1_fold_2,ZFPM2,0.0,0.0,0.0,0.0,0.0,0.0,0.0
repeat_1_fold_2,ZKSCAN7,0.0,0.0,0.0,0.0,0.0,0.0,0.0
repeat_1_fold_2,ZNF211,0.0,0.0,0.0,0.0,0.0,0.0,0.0
repeat_1_fold_2,ZNF212,0.0,0.0,0.0,0.0,0.0,0.0,0.0
repeat_1_fold_2,ZNF248,0.03668440597590461,0.17236288504169311,0.08618144252084656,-0.04949703654494195,0.25,0.0034992223950233436,1.0
repeat_1_fold_2,ZNF264,0.0,0.0,0.0,0.0,0.0,0.0,0.0
repeat_1_fold_2,ZNF266,0.0,0.0,0.0,0.0,0.0,0.0,0.0
repeat_1_fold_2,ZNF286A,0.0,0.0,0.0,0.0,0.0,0.0,0.0
repeat_1_fold_2,ZNF324,0.03812403450037216,0.07624806900074432,0.03812403450037216,0.0,0.25,0.00020678246484696905,0.5
repeat_1_fold_2,ZNF33B,0.0,0.0,0.0,0.0,0.0,0.0,0.0
repeat_1_fold_2,ZNF343,0.0,0.0,0.0,0.0,0.0,0.0,0.0
repeat_1_fold_2,ZNF41,0.0,0.0,0.0,0.0,0.0,0.0,0.0
repeat_1_fold_2,ZNF426,0.0,0.0,0.0,0.0,0.0,0.0,0.0
repeat_1_fold_2,ZNF460,0.0,0.0,0.0,0.0,0.0,0.0,0.0
repeat_1_fold_2,ZNF500,0.0,0.0,0.0,0.0,0.0,0.0,0.0
repeat_1_fold_2,ZNF510,0.0,0.0,0.0,0.0,0.0,0.0,0.0
repeat_1_fold_2,ZNF682,0.0,0.0,0.0,0.0,0.0,0.0,0.0
repeat_1_fold_2,ZNF717,0.0,0.0,0.0,0.0,0.0,0.0,0.0
repeat_1_fold_2,ZW10,0.0,0.0,0.0,0.0,0.0,0.0,0.0
repeat_1_fold_2,ZWILCH,0.19981145508130815,0.29607171867063037,0.14803585933531518,0.05177559574599297,0.5,0.005463655811069654,1.0
repeat_1_fold_2,ZZZ3,0.0,0.0,0.0,0.0,0.0,0.0,0.0
repeat_1_fold_3,A1CF,0.0,0.0,0.0,0.0,0.0,0.0,0.0
repeat_1_fold_3,A2M,0.0,0.0,0.0,0.0,0.0,0.0,0.0
repeat_1_fold_3,A4GALT,0.0,0.0,0.0,0.0,0.0,0.0,0.0
repeat_1_fold_3,AAAS,0.0,0.0,0.0,0.0,0.0,0.0,0.0
repeat_1_fold_3,AACS,0.0,0.0,0.0,0.0,0.0,0.0,0.0
repeat_1_fold_3,AADAC,0.0,0.0,0.0,0.0,0.0,0.0,0.0
repeat_1_fold_3,AAK1,0.0,0.0,0.0,0.0,0.0,0.0,0.0
repeat_1_fold_3,AAMP,0.0,0.0,0.0,0.0,0.0,0.0,0.0
repeat_1_fold_3,AANAT,0.0,0.0,0.0,0.0,0.0,0.0,0.0
repeat_1_fold_3,AASDHPPT,-0.13034001796529715,0.2656760666950376,0.1328380333475188,-0.26317805131281596,0.25,0.00010064412238325326,0.5
repeat_1_fold_3,ABCA7,0.045236827140684,0.090473654281368,0.045236827140684,0.0,0.25,-0.0008019246190858059,0.5
repeat_1_fold_3,ABCC6,0.0017307058374882445,0.06800970684085585,0.03400485342042792,-0.03227414758293968,0.25,-0.0032206119162641045,0.5
repeat_1_fold_3,ABCD1,0.0,0.0,0.0,0.0,0.0,0.0013031275060144398,0.5
repeat_1_fold_3,ABCD2,0.0,0.0,0.0,0.0,0.0,0.0,0.0
repeat_1_fold_3,ABCG2,0.0,0.0,0.0,0.0,0.0,0.0,0.0
repeat_1_fold_3,ABHD10,0.0,0.0,0.0,0.0,0.0,0.0,0.0
repeat_1_fold_3,ABHD4,0.0,0.0,0.0,0.0,0.0,0.0,0.0
repeat_1_fold_3,ABL1,0.0,0.0,0.0,0.0,0.0,0.0,0.0
repeat_1_fold_3,ACKR4,0.0,0.0,0.0,0.0,0.0,0.0,0.0
repeat_1_fold_3,ACLY,0.0,0.0,0.0,0.0,0.0,0.0,0.0
repeat_1_fold_3,ACO1,0.0,0.0,0.0,0.0,0.0,0.0,0.0
repeat_1_fold_3,ACP5,0.0,0.0,0.0,0.0,0.0,0.0,0.0
repeat_1_fold_3,ACSBG1,0.0,0.0,0.0,0.0,0.0,0.0,0.0
repeat_1_fold_3,ACSL3,0.0,0.0,0.0,0.0,0.0,0.0,0.0
repeat_1_fold_3,ACSM3,0.0,0.0,0.0,0.0,0.0,0.0,0.0
repeat_1_fold_3,ACSM5,0.0,0.0,0.0,0.0,0.0,0.0,0.0
repeat_1_fold_3,ACTB,0.0,0.0,0.0,0.0,0.0,0.0,0.0
repeat_1_fold_3,ACTG1,0.0,0.0,0.0,0.0,0.0,0.0,0.0
repeat_1_fold_3,ACTN3,0.0,0.0,0.0,0.0,0.0,0.0,0.0
repeat_1_fold_3,ACTR5,0.7327036790523103,0.6454281493924084,0.3227140746962042,0.40998960435610604,1.0,-0.00020169178976406354,1.0
repeat_1_fold_3,ACVR2B,0.0,0.0,0.0,0.0,0.0,0.0,0.0
repeat_1_fold_3,ADAM12,0.0,0.0,0.0,0.0,0.0,0.0,0.0
repeat_1_fold_3,ADAM8,0.0,0.0,0.0,0.0,0.0,0.0,0.0
repeat_1_fold_3,ADAM9,0.0,0.0,0.0,0.0,0.0,0.0,0.0
repeat_1_fold_3,ADAMTS2,0.0,0.0,0.0,0.0,0.0,0.0,0.0
repeat_1_fold_3,ADAMTSL3,0.0,0.0,0.0,0.0,0.0,0.0,0.0
repeat_1_fold_3,ADAT1,0.0,0.0,0.0,0.0,0.0,0.0,0.0
repeat_1_fold_3,ADD1,-0.1155932869269023,0.13347563064752138,0.06673781532376069,-0.18233110225066299,0.0,0.00020128824476650653,0.5
repeat_1_fold_3,ADH1C,0.0,0.0,0.0,0.0,0.0,0.0,0.0
repeat_1_fold_3,AFF4,0.05147923375089292,0.10295846750178583,0.05147923375089292,0.0,0.25,0.00040257648953301306,0.5
repeat_1_fold_3,AGO1,0.0,0.0,0.0,0.0,0.0,0.0,0.0
repeat_1_fold_3,AGO3,0.0,0.0,0.0,0.0,0.0,0.0,0.0
repeat_1_fold_3,AGTR1,0.0,0.0,0.0,0.0,0.0,0.0,0.0
repeat_1_fold_3,AK4,0.0,0.0,0.0,0.0,0.0,0.0,0.0
repeat_1_fold_3,AKR1A1,0.0,0.0,0.0,0.0,0.0,0.0,0.0
repeat_1_fold_3,AKR1B1,0.0,0.0,0.0,0.0,0.0,0.0,0.0
repeat_1_fold_3,AKR7A2,0.05762279782767621,0.11524559565535242,0.05762279782767621,0.0,0.25,-0.0005012028869286339,0.5
repeat_1_fold_3,AKR7A3,0.10118410790187049,0.20236821580374098,0.10118410790187049,0.0,0.25,0.0004009623095429099,0.5
repeat_1_fold_3,ALAD,0.004998986787864368,0.07617666836157481,0.03808833418078741,-0.03308934739292304,0.25,0.0016038492381716118,0.5
repeat_1_fold_3,ALAS1,0.0,0.0,0.0,0.0,0.0,0.0,0.0
repeat_1_fold_3,ALDH1A1,0.0,0.0,0.0,0.0,0.0,0.0,0.0
repeat_1_fold_3,ALDH1B1,0.0,0.0,0.0,0.0,0.0,0.0,0.0
repeat_1_fold_3,ALDH2,0.0,0.0,0.0,0.0,0.0,0.0,0.0
repeat_1_fold_3,ALDH3B2,0.11074488428305251,0.17729175028726318,0.08864587514363159,0.022099009139420922,0.5,-0.000601443464314344,0.5
repeat_1_fold_3,ALDH7A1,0.0,0.0,0.0,0.0,0.0,0.0,0.0
repeat_1_fold_3,ALDH9A1,0.0,0.0,0.0,0.0,0.0,0.0,0.0
repeat_1_fold_3,ALG12,0.0,0.0,0.0,0.0,0.0,0.0,0.0
repeat_1_fold_3,ALG6,0.0,0.0,0.0,0.0,0.0,0.0,0.0
repeat_1_fold_3,ALOX15B,0.0,0.0,0.0,0.0,0.0,0.0,0.0
repeat_1_fold_3,ALOX5AP,0.0,0.0,0.0,0.0,0.0,0.0,0.0
repeat_1_fold_3,ALPG,0.0,0.0,0.0,0.0,0.0,0.0,0.0
repeat_1_fold_3,ALPK1,0.0,0.0,0.0,0.0,0.0,0.0,0.0
repeat_1_fold_3,AMACR,0.0,0.0,0.0,0.0,0.0,0.0,0.0
repeat_1_fold_3,AMPD2,0.0,0.0,0.0,0.0,0.0,0.0,0.0
repeat_1_fold_3,ANAPC15,0.0,0.0,0.0,0.0,0.0,0.0,0.0
repeat_1_fold_3,ANAPC5,0.0,0.0,0.0,0.0,0.0,0.0,0.0
repeat_1_fold_3,ANKFY1,-0.08618328525300001,0.2735664156807871,0.13678320784039355,-0.22296649309339356,0.5,-0.0032129445613110763,1.0
repeat_1_fold_3,ANKLE2,0.0,0.0,0.0,0.0,0.0,0.0,0.0
repeat_1_fold_3,ANKRD28,0.0,0.0,0.0,0.0,0.0,0.0,0.0
repeat_1_fold_3,ANO1,0.0,0.0,0.0,0.0,0.0,0.0,0.0
repeat_1_fold_3,ANO3,0.21481452648846755,0.31680623533378,0.15840311766689,0.05641140882157755,0.5,0.004428341384863088,0.5
repeat_1_fold_3,ANOS1,0.0,0.0,0.0,0.0,0.0,0.0,0.0
repeat_1_fold_3,ANTXR1,0.0,0.0,0.0,0.0,0.0,0.0,0.0
repeat_1_fold_3,ANXA1,0.0,0.0,0.0,0.0,0.0,0.0,0.0
repeat_1_fold_3,ANXA5,0.0,0.0,0.0,0.0,0.0,0.0,0.0
repeat_1_fold_3,AOC3,0.0,0.0,0.0,0.0,0.0,0.0,0.0
repeat_1_fold_3,AP2S1,0.0,0.0,0.0,0.0,0.0,0.0,0.0
repeat_1_fold_3,AP3S1,0.11524559565535242,0.13307415134907297,0.06653707567453648,0.048708519980815934,0.5,0.0027064955894146037,0.5
repeat_1_fold_3,APEH,0.0,0.0,0.0,0.0,0.0,0.0,0.0
repeat_1_fold_3,APLP2,0.0,0.0,0.0,0.0,0.0,0.0,0.0
repeat_1_fold_3,APOBEC3B,0.0,0.0,0.0,0.0,0.0,0.0,0.0
repeat_1_fold_3,APOBEC3G,0.0,0.0,0.0,0.0,0.0,0.0,0.0
repeat_1_fold_3,APOC1,0.0,0.0,0.0,0.0,0.0,0.0,0.0
repeat_1_fold_3,APOM,0.0,0.0,0.0,0.0,0.0,0.0,0.0
repeat_1_fold_3,AQP4,0.0,0.0,0.0,0.0,0.0,0.0,0.0
repeat_1_fold_3,AQR,0.0,0.0,0.0,0.0,0.0,0.0,0.0
repeat_1_fold_3,AREG,0.0,0.0,0.0,0.0,0.0,0.0,0.0
repeat_1_fold_3,ARF4,0.0,0.0,0.0,0.0,0.0,0.0,0.0
repeat_1_fold_3,ARFRP1,0.0,0.0,0.0,0.0,0.0,0.0,0.0
repeat_1_fold_3,ARG1,0.0,0.0,0.0,0.0,0.0,0.0,0.0
repeat_1_fold_3,ARHGAP24,0.0,0.0,0.0,0.0,0.0,0.0,0.0
repeat_1_fold_3,ARHGAP25,0.0,0.0,0.0,0.0,0.0,0.0,0.0
repeat_1_fold_3,ARHGEF16,0.0,0.0,0.0,0.0,0.0,0.0,0.0
repeat_1_fold_3,ARHGEF18,0.0,0.0,0.0,0.0,0.0,0.0,0.0
repeat_1_fold_3,ARHGEF38,-0.15661825099141247,0.24460731566557564,0.12230365783278782,-0.2789219088242003,0.0,-0.0018115942028985588,0.5
repeat_1_fold_3,ARHGEF4,0.0,0.0,0.0,0.0,0.0,0.0,0.0
repeat_1_fold_3,ARID5B,0.0,0.0,0.0,0.0,0.0,0.0,0.0
repeat_1_fold_3,ARL1,0.0,0.0,0.0,0.0,0.0,0.0,0.0
repeat_1_fold_3,ARL2BP,0.0,0.0,0.0,0.0,0.0,0.0,0.0
repeat_1_fold_3,ARMCX3,0.0,0.0,0.0,0.0,0.0,0.0,0.0
repeat_1_fold_3,ARPC2,0.0,0.0,0.0,0.0,0.0,0.0,0.0
repeat_1_fold_3,ASB1,0.0,0.0,0.0,0.0,0.0,0.0,0.0
repeat_1_fold_3,ASB6,0.0,0.0,0.0,0.0,0.0,0.0,0.0
repeat_1_fold_3,ASB8,-0.033053225662428076,0.15349918991151953,0.07674959495575977,-0.10980282061818784,0.5,-0.002419494387173343,1.0
repeat_1_fold_3,ASCC2,0.3996555679657501,0.4642246597826742,0.2321123298913371,0.167543238074413,0.5,0.005813953488372103,0.5
repeat_1_fold_3,ASPH,0.0,0.0,0.0,0.0,0.0,0.0,0.0
repeat_1_fold_3,ASRGL1,0.0,0.0,0.0,0.0,0.0,0.0,0.0
repeat_1_fold_3,ATAD2,0.0,0.0,0.0,0.0,0.0,0.0,0.0
repeat_1_fold_3,ATF6,0.0,0.0,0.0,0.0,0.0,0.0,0.0
repeat_1_fold_3,ATG10,0.0,0.0,0.0,0.0,0.0,0.0,0.0
repeat_1_fold_3,ATP10B,0.0,0.0,0.0,0.0,0.0,0.0,0.0
repeat_1_fold_3,ATP13A1,0.0,0.0,0.0,0.0,0.0,0.0,0.0
repeat_1_fold_3,ATP2A3,0.0,0.0,0.0,0.0,0.0,0.0,0.0
repeat_1_fold_3,ATP5MC2,-0.2442172040571986,0.28282071259228164,0.14141035629614082,-0.38562756035333945,0.0,0.00301932367149757,0.5
repeat_1_fold_3,ATP6V0D1,0.0,0.0,0.0,0.0,0.0,0.0,0.0
repeat_1_fold_3,ATP6V1G1,-0.22177215568042818,0.2766445112255696,0.1383222556127848,-0.36009441129321296,0.0,0.001409017713365518,0.5
repeat_1_fold_3,ATP8A1,0.0,0.0,0.0,0.0,0.0,0.0,0.0
repeat_1_fold_3,B3GNT2,-0.0751966124845147,0.11812669318063695,0.05906334659031848,-0.13425995907483318,0.0,-0.0014090177133655457,0.5
repeat_1_fold_3,B4GALNT1,0.0,0.0,0.0,0.0,0.0,0.0,0.0
repeat_1_fold_3,B4GALT4,0.0,0.0,0.0,0.0,0.0,0.0,0.0
repeat_1_fold_3,B4GAT1,0.0,0.0,0.0,0.0,0.0,0.0,0.0
repeat_1_fold_3,BAG4,0.0,0.0,0.0,0.0,0.0,0.0,0.0
repeat_1_fold_3,BAMBI,0.07985216431916164,0.11120659925316767,0.055603299626583835,0.02424886469257781,0.5,0.0013031275060144398,0.5
repeat_1_fold_3,BASP1,0.0,0.0,0.0,0.0,0.0,0.0,0.0
repeat_1_fold_3,BCKDHA,0.0,0.0,0.0,0.0,0.0,0.0,0.0
repeat_1_fold_3,BEST1,0.0,0.0,0.0,0.0,0.0,0.0011026463512429918,0.5
repeat_1_fold_3,BGLAP,0.0,0.0,0.0,0.0,0.0,0.0,0.0
repeat_1_fold_3,BHMT2,0.0,0.0,0.0,0.0,0.0,0.0,0.0
repeat_1_fold_3,BMAL2,-0.1707225219912445,0.3452684024466833,0.17263420122334164,-0.3433567232145861,0.25,0.006235900137786368,1.0
repeat_1_fold_3,BMP10,0.0,0.0,0.0,0.0,0.0,0.0,0.0
repeat_1_fold_3,BMPR1B,0.0,0.0,0.0,0.0,0.0,0.0,0.0
repeat_1_fold_3,BNIP2,0.0,0.0,0.0,0.0,0.0,0.0,0.0
repeat_1_fold_3,BOP1,0.0,0.0,0.0,0.0,0.0,0.0,0.0
repeat_1_fold_3,BRCC3,0.0,0.0,0.0,0.0,0.0,0.0,0.0
repeat_1_fold_3,BTG2,0.0,0.0,0.0,0.0,0.0,0.0,0.0
repeat_1_fold_3,BTN3A3,0.0,0.0,0.0,0.0,0.0,0.0,0.0
repeat_1_fold_3,BTNL2,0.0,0.0,0.0,0.0,0.0,0.0,0.0
repeat_1_fold_3,BUB1,0.0,0.0,0.0,0.0,0.0,0.0,0.0
repeat_1_fold_3,BUB1B,0.0,0.0,0.0,0.0,0.0,0.0,0.0
repeat_1_fold_3,BUB3,-0.15730029049170646,0.23677261828717297,0.11838630914358649,-0.27568659963529296,0.0,0.00010064412238325326,0.5
repeat_1_fold_3,BUD23,0.0,0.0,0.0,0.0,0.0,0.0,0.0
repeat_1_fold_3,C2orf49,0.0,0.0,0.0,0.0,0.0,0.0,0.0
repeat_1_fold_3,C4A,-0.2991651441355785,0.36020427392518,0.18010213696259,-0.4792672810981685,0.0,0.0003019323671497598,0.5
repeat_1_fold_3,C8A,0.0,0.0,0.0,0.0,0.0,0.0,0.0
repeat_1_fold_3,C9orf78,-0.07472844243982202,0.1158737220266533,0.05793686101332665,-0.13266530345314867,0.25,-0.0004001552195478375,1.0
repeat_1_fold_3,CA5B,0.0,0.0,0.0,0.0,0.0,0.0,0.0
repeat_1_fold_3,CA6,-0.026151193727010025,0.03019679747583858,0.01509839873791929,-0.04124959246492932,0.0,-0.00010064412238325326,0.5
repeat_1_fold_3,CACNA1B,-0.1155932869269023,0.13347563064752138,0.06673781532376069,-0.18233110225066299,0.0,0.001101435716250404,1.0
repeat_1_fold_3,CACNA1D,0.0,0.0,0.0,0.0,0.0,0.0,0.0
repeat_1_fold_3,CACNG2,0.0,0.0,0.0,0.0,0.0,0.0,0.0
repeat_1_fold_3,CALM1,0.029469695269876084,0.10306618047917161,0.051533090239585806,-0.022063394969709722,0.25,0.0009057971014492794,0.5
repeat_1_fold_3,CALML5,0.0,0.0,0.0,0.0,0.0,0.0,0.0
repeat_1_fold_3,CALU,0.0,0.0,0.0,0.0,0.0,0.0,0.0
repeat_1_fold_3,CAMK4,0.0,0.0,0.0,0.0,0.0,0.0,0.0
repeat_1_fold_3,CAMKK2,-0.07832336779307347,0.1115410269537859,0.05577051347689295,-0.1340938812699664,0.0,0.0003019323671497598,0.5
repeat_1_fold_3,CAPN11,0.0,0.0,0.0,0.0,0.0,0.0,0.0
repeat_1_fold_3,CAPN2,0.0,0.0,0.0,0.0,0.0,0.0,0.0
repeat_1_fold_3,CAPZA1,-0.17321073568533052,0.2000065297489174,0.1000032648744587,-0.2732140005597892,0.0,0.0020128824476650375,0.5
repeat_1_fold_3,CARD8,0.0,0.0,0.0,0.0,0.0,0.0,0.0
repeat_1_fold_3,CARS2,0.0,0.0,0.0,0.0,0.0,0.0,0.0
repeat_1_fold_3,CAST,0.0,0.0,0.0,0.0,0.0,0.0,0.0
repeat_1_fold_3,CBLL1,-0.09849462202607207,0.15269481773031238,0.07634740886515619,-0.17484203089122824,0.25,-0.0017081252655326146,1.0
repeat_1_fold_3,CBS,0.0,0.0,0.0,0.0,0.0,0.0,0.0
repeat_1_fold_3,CBX2,0.0,0.0,0.0,0.0,0.0,0.0,0.0
repeat_1_fold_3,CBX4,0.0,0.0,0.0,0.0,0.0,0.0,0.0
repeat_1_fold_3,CCKAR,0.0,0.0,0.0,0.0,0.0,0.0,0.0
repeat_1_fold_3,CCL19,-0.07932641448253896,0.3141805005348022,0.1570902502674011,-0.23641666474994005,0.5,0.0021090875750755106,1.0
repeat_1_fold_3,CCL4,-0.006355181795420606,0.007338331840670192,0.003669165920335096,-0.010024347715755702,0.0,0.0031074578989574997,0.5
repeat_1_fold_3,CCND1,0.0,0.0,0.0,0.0,0.0,0.0,0.0
repeat_1_fold_3,CCNE1,0.0,0.0,0.0,0.0,0.0,0.0,0.0
repeat_1_fold_3,CCNG1,0.0,0.0,0.0,0.0,0.0,0.0,0.0
repeat_1_fold_3,CCR10,0.0,0.0,0.0,0.0,0.0,0.0,0.0
repeat_1_fold_3,CCT6A,-0.013075596863505012,0.026151193727010025,0.013075596863505012,-0.026151193727010025,0.0,0.0003019323671497598,0.5
repeat_1_fold_3,CD14,-0.22067495616849442,0.2663409862866665,0.13317049314333326,-0.3538454493118277,0.0,-0.00040257648953301306,0.5
repeat_1_fold_3,CD163,0.0,0.0,0.0,0.0,0.0,0.0,0.0
repeat_1_fold_3,CD177,0.0,0.0,0.0,0.0,0.0,0.0,0.0
repeat_1_fold_3,CD1D,0.0,0.0,0.0,0.0,0.0,0.0,0.0
repeat_1_fold_3,CD200,0.0,0.0,0.0,0.0,0.0,0.0,0.0
repeat_1_fold_3,CD2BP2,-0.3149552163392464,0.36367895787228144,0.18183947893614072,-0.4967946952753871,0.0,-0.0017109500805153055,0.5
repeat_1_fold_3,CD36,-0.007556757164341121,0.09577583201887892,0.04788791600943946,-0.05544467317378058,0.25,-0.000400962309542896,0.5
repeat_1_fold_3,CD48,0.0,0.0,0.0,0.0,0.0,0.0,0.0
repeat_1_fold_3,CD55,0.0,0.0,0.0,0.0,0.0,0.0,0.0
repeat_1_fold_3,CD68,0.0,0.0,0.0,0.0,0.0,0.0,0.0
repeat_1_fold_3,CD72,0.0,0.0,0.0,0.0,0.0,0.0,0.0
repeat_1_fold_3,CDC20,0.0,0.0,0.0,0.0,0.0,0.0,0.0
repeat_1_fold_3,CDH11,0.0,0.0,0.0,0.0,0.0,0.0,0.0
repeat_1_fold_3,CDK1,-0.13978134633573802,0.1628412160485361,0.08142060802426805,-0.22120195436000606,0.0,-0.0003019323671497598,0.5
repeat_1_fold_3,CDK12,-0.20963553042869165,0.3552647106151188,0.1776323553075594,-0.38726788573625104,0.5,0.0016046563281666704,1.0
repeat_1_fold_3,CDK5R1,0.0,0.0,0.0,0.0,0.0,0.0,0.0
repeat_1_fold_3,CDK6,0.0,0.0,0.0,0.0,0.0,0.0,0.0
repeat_1_fold_3,CDK8,0.0,0.0,0.0,0.0,0.0,0.0,0.0
repeat_1_fold_3,CDKN1A,-0.03157455576078583,0.0365379468872441,0.01826897344362205,-0.04984352920440788,0.0,-0.0016103059581320522,0.5
repeat_1_fold_3,CDKN1C,0.0,0.0,0.0,0.0,0.0,0.0,0.0
repeat_1_fold_3,CDKN2B,0.0,0.0,0.0,0.0,0.0,0.0,0.0
repeat_1_fold_3,CEBPB,0.0,0.0,0.0,0.0,0.0,-0.000601443464314344,0.5
repeat_1_fold_3,CEBPE,0.0,0.0,0.0,0.0,0.0,0.0,0.0
repeat_1_fold_3,CEP131,-0.023047360194471622,0.18589615210645535,0.09294807605322768,-0.1159954362476993,0.25,0.002806736166800314,0.5
repeat_1_fold_3,CEP162,0.0,0.0,0.0,0.0,0.0,0.0,0.0
repeat_1_fold_3,CEP164,0.0,0.0,0.0,0.0,0.0,0.0,0.0
repeat_1_fold_3,CEP97,0.0,0.0,0.0,0.0,0.0,0.0,0.0
repeat_1_fold_3,CERT1,0.0,0.0,0.0,0.0,0.0,0.0,0.0
repeat_1_fold_3,CES3,0.0,0.0,0.0,0.0,0.0,0.0,0.0
repeat_1_fold_3,CHCHD3,0.0,0.0,0.0,0.0,0.0,0.0,0.0
repeat_1_fold_3,CHI3L1,0.0,0.0,0.0,0.0,0.0,0.0,0.0
repeat_1_fold_3,CHIA,-0.21458709567417067,0.24821980439333693,0.12410990219666847,-0.3386969978708391,0.0,-0.0005032206119162663,0.5
repeat_1_fold_3,CHL1,-0.07391894729579995,0.13220310002887106,0.06610155001443553,-0.14002049731023547,0.0,0.002214170692431544,0.5
repeat_1_fold_3,CHMP5,0.0,0.0,0.0,0.0,0.0,0.0,0.0
repeat_1_fold_3,CHMP6,-0.013075596863505012,0.026151193727010025,0.013075596863505012,-0.026151193727010025,0.0,0.0023148148148147973,0.5
repeat_1_fold_3,CHST10,0.3342793610105659,0.8012032121192378,0.4006016060596189,-0.06632224504905304,0.25,-0.002214170692431572,0.5
repeat_1_fold_3,CHST11,0.11866892111327587,0.19124101174163669,0.09562050587081834,0.02304841524245753,0.5,-0.003309956778716594,1.0
repeat_1_fold_3,CHTOP,0.0,0.0,0.0,0.0,0.0,0.0,0.0
repeat_1_fold_3,CIB2,0.0,0.0,0.0,0.0,0.0,0.0,0.0
repeat_1_fold_3,CKM,0.0,0.0,0.0,0.0,0.0,0.0,0.0
repeat_1_fold_3,CLCN3,0.0031829029227239403,0.1572325038510937,0.07861625192554685,-0.0754333490028229,0.25,0.004227053140096582,0.5
repeat_1_fold_3,CLCNKA,0.036223717673003364,0.04213474650249736,0.02106737325124868,0.015156344421754685,0.5,0.002113526570048291,0.5
repeat_1_fold_3,CLPS,0.0,0.0,0.0,0.0,0.0,0.0,0.0
repeat_1_fold_3,COL21A1,0.0,0.0,0.0,0.0,0.0,0.0,0.0
repeat_1_fold_3,COL3A1,0.0,0.0,0.0,0.0,0.0,0.0,0.0
repeat_1_fold_3,COMMD3,0.05795574275010473,0.07350667463705794,0.03675333731852897,0.021202405431575762,0.5,0.0026018160170560717,1.0
repeat_1_fold_3,COMT,0.0,0.0,0.0,0.0,0.0,0.0,0.0
repeat_1_fold_3,COPG1,0.0,0.0,0.0,0.0,0.0,0.0,0.0
repeat_1_fold_3,COQ10B,0.0,0.0,0.0,0.0,0.0,0.0,0.0
repeat_1_fold_3,COQ8B,0.0,0.0,0.0,0.0,0.0,0.0,0.0
repeat_1_fold_3,COX16,0.0,0.0,0.0,0.0,0.0,0.0,0.0
repeat_1_fold_3,CPNE3,0.0,0.0,0.0,0.0,0.0,0.0,0.0
repeat_1_fold_3,CPNE6,0.0,0.0,0.0,0.0,0.0,0.0,0.0
repeat_1_fold_3,CPS1,0.0,0.0,0.0,0.0,0.0,0.0,0.0
repeat_1_fold_3,CRADD,0.0,0.0,0.0,0.0,0.0,0.0,0.0
repeat_1_fold_3,CREB1,0.0,0.0,0.0,0.0,0.0,0.0,0.0
repeat_1_fold_3,CREB3,0.0,0.0,0.0,0.0,0.0,0.0,0.0
repeat_1_fold_3,CRYM,-0.29686312963928607,0.3430237344277324,0.1715118672138662,-0.46837499685315226,0.0,-0.0014090177133655457,0.5
repeat_1_fold_3,CSAD,-0.0924908028827609,0.11326663619334894,0.05663331809667447,-0.14912412097943537,0.0,-0.0005032206119162663,0.5
repeat_1_fold_3,CSF2RB,0.0,0.0,0.0,0.0,0.0,0.0,0.0
repeat_1_fold_3,CSNK1D,0.0,0.0,0.0,0.0,0.0,0.0,0.0
repeat_1_fold_3,CSRP1,0.0,0.0,0.0,0.0,0.0,0.0,0.0
repeat_1_fold_3,CSTA,0.0,0.0,0.0,0.0,0.0,0.0,0.0
repeat_1_fold_3,CTBP2,0.0,0.0,0.0,0.0,0.0,0.0,0.0
repeat_1_fold_3,CTCF,0.0,0.0,0.0,0.0,0.0,0.0,0.0
repeat_1_fold_3,CTDP1,0.0,0.0,0.0,0.0,0.0,0.0,0.0
repeat_1_fold_3,CTPS2,0.0,0.0,0.0,0.0,0.0,0.0,0.0
repeat_1_fold_3,CTSB,0.0,0.0,0.0,0.0,0.0,0.0,0.0
repeat_1_fold_3,CTSE,0.0,0.0,0.0,0.0,0.0,0.0,0.0
repeat_1_fold_3,CTSK,0.0,0.0,0.0,0.0,0.0,0.0,0.0
repeat_1_fold_3,CTSL,0.0,0.0,0.0,0.0,0.0,0.0,0.0
repeat_1_fold_3,CTSW,-0.0384667438365085,0.13893081916606195,0.06946540958303098,-0.10793215341953948,0.25,0.0019041674253312685,1.0
repeat_1_fold_3,CXCL9,0.8457971911123998,1.4492711078078522,0.7246355539039261,0.12116163720847373,0.5,0.000300721732157172,0.5
repeat_1_fold_3,CYP2R1,0.0,0.0,0.0,0.0,0.0,0.0,0.0
repeat_1_fold_3,CYP3A5,0.0,0.0,0.0,0.0,0.0,0.0,0.0
repeat_1_fold_3,CYP4B1,0.0,0.0,0.0,0.0,0.0,0.0,0.0
repeat_1_fold_3,CYP4F3,0.0,0.0,0.0,0.0,0.0,0.0,0.0
repeat_1_fold_3,DAG1,-0.0464427842976729,0.05415622366299492,0.02707811183149746,-0.07352089612917036,0.0,-0.0037089013632718437,0.5
repeat_1_fold_3,DAPK2,0.025121410488978313,0.056733072821810906,0.028366536410905453,-0.0032451259219271403,0.75,0.0020056186377095386,1.0
repeat_1_fold_3,DAPK3,0.0018647851802668924,0.04580054689680045,0.022900273448400225,-0.021035488268133333,0.25,-0.00010387248236347346,1.0
repeat_1_fold_3,DARS2,-0.02811786689237117,0.07533871954832315,0.037669359774161575,-0.06578722666653275,0.25,0.0023055332798716938,0.5
repeat_1_fold_3,DCAF4,0.0,0.0,0.0,0.0,0.0,0.0,0.0
repeat_1_fold_3,DCAKD,0.0,0.0,0.0,0.0,0.0,0.0,0.0
repeat_1_fold_3,DCLRE1C,0.0,0.0,0.0,0.0,0.0,0.0,0.0
repeat_1_fold_3,DCTN4,0.0,0.0,0.0,0.0,0.0,0.0,0.0
repeat_1_fold_3,DDX3X,0.0,0.0,0.0,0.0,0.0,0.0,0.0
repeat_1_fold_3,DDX5,0.0,0.0,0.0,0.0,0.0,0.0,0.0
repeat_1_fold_3,DEFA5,0.0,0.0,0.0,0.0,0.0,0.0,0.0
repeat_1_fold_3,DEK,0.0,0.0,0.0,0.0,0.0,0.0,0.0
repeat_1_fold_3,DENND5A,0.0,0.0,0.0,0.0,0.0,0.0,0.0
repeat_1_fold_3,DES,-0.13726528984156872,0.16068897767818333,0.08034448883909166,-0.2176097786806604,0.0,-0.0005032206119162663,0.5
repeat_1_fold_3,DFFB,0.0,0.0,0.0,0.0,0.0,0.0,0.0
repeat_1_fold_3,DHCR24,0.0,0.0,0.0,0.0,0.0,0.0,0.0
repeat_1_fold_3,DHDDS,0.0,0.0,0.0,0.0,0.0,0.0,0.0
repeat_1_fold_3,DHPS,0.023321591415491838,0.046643182830983676,0.023321591415491838,0.0,0.25,0.0015036086607858878,0.5
repeat_1_fold_3,DHRS3,0.0,0.0,0.0,0.0,0.0,0.0,0.0
repeat_1_fold_3,DIO1,-0.0774191414281038,0.11092825048035551,0.055464125240177756,-0.13288326666828154,0.25,0.00280552553180774,1.0
repeat_1_fold_3,DKK1,0.0,0.0,0.0,0.0,0.0,0.0,0.0
repeat_1_fold_3,DLAT,-0.16604144381894415,0.19291346430339656,0.09645673215169828,-0.2624981759706424,0.0,0.0006038647342995196,0.5
repeat_1_fold_3,DLG5,0.0,0.0,0.0,0.0,0.0,0.0,0.0
repeat_1_fold_3,DMRT1,0.0014686048754395387,0.0029372097508790773,0.0014686048754395387,0.0,0.25,-0.0007037017666877143,1.0
repeat_1_fold_3,DNM1,0.0,0.0,0.0,0.0,0.0,0.0,0.0
repeat_1_fold_3,DNM1L,0.0,0.0,0.0,0.0,0.0,0.0,0.0
repeat_1_fold_3,DNMT1,0.06393312904991966,0.28343512080297767,0.14171756040148883,-0.07778443135156918,0.25,0.007417802726543715,0.5
repeat_1_fold_3,DOCK3,0.0,0.0,0.0,0.0,0.0,0.0,0.0
repeat_1_fold_3,DOHH,0.0,0.0,0.0,0.0,0.0,0.0,0.0
repeat_1_fold_3,DPH1,0.0,0.0,0.0,0.0,0.0,0.0,0.0
repeat_1_fold_3,DPM1,0.0,0.0,0.0,0.0,0.0,0.0,0.0
repeat_1_fold_3,DPM3,0.12312561506486652,0.1892659856373849,0.09463299281869245,0.028492622246174076,0.5,-0.001503608660785874,0.5
repeat_1_fold_3,DRD1,0.0,0.0,0.0,0.0,0.0,0.0,0.0
repeat_1_fold_3,DRD4,0.0,0.0,0.0,0.0,0.0,0.0,0.0
repeat_1_fold_3,DSC2,0.0,0.0,0.0,0.0,0.0,-0.00010064412238325326,0.5
repeat_1_fold_3,DVL3,0.0,0.0,0.0,0.0,0.0,0.0,0.0
repeat_1_fold_3,DYNC1H1,0.045236827140684,0.090473654281368,0.045236827140684,0.0,0.25,0.0,0.5
repeat_1_fold_3,DYNC1I2,0.0,0.0,0.0,0.0,0.0,0.0,0.0
repeat_1_fold_3,DYNC1LI1,0.0,0.0,0.0,0.0,0.0,0.0,0.0
repeat_1_fold_3,EBAG9,0.02374954399576268,0.04749908799152536,0.02374954399576268,0.0,0.25,0.0024057738572574178,0.5
repeat_1_fold_3,EBF2,0.0,0.0,0.0,0.0,0.0,0.0,0.0
repeat_1_fold_3,ECSIT,0.0,0.0,0.0,0.0,0.0,0.0,0.0
repeat_1_fold_3,EDA2R,0.0,0.0,0.0,0.0,0.0,0.0,0.0
repeat_1_fold_3,EDC3,0.051993535525848955,0.08690812632011972,0.04345406316005986,0.008539472365789093,0.5,0.0019045709703287977,0.5
repeat_1_fold_3,EDIL3,0.0,0.0,0.0,0.0,0.0,0.0,0.0
repeat_1_fold_3,EEA1,-0.034874575277536124,0.06974915055507225,0.034874575277536124,-0.06974915055507225,0.0,0.0029069767441860517,0.5
repeat_1_fold_3,EEF1D,0.0,0.0,0.0,0.0,0.0,0.0,0.0
repeat_1_fold_3,EEF1E1,0.0,0.0,0.0,0.0,0.0,0.0,0.0
repeat_1_fold_3,EGF,0.0,0.0,0.0,0.0,0.0,0.0,0.0
repeat_1_fold_3,EGLN1,-0.1155932869269023,0.13347563064752138,0.06673781532376069,-0.18233110225066299,0.0,-0.0006038647342995196,0.5
repeat_1_fold_3,EIF1AX,0.0,0.0,0.0,0.0,0.0,0.0,0.0
repeat_1_fold_3,EIF2AK2,0.0,0.0,0.0,0.0,0.0,0.0,0.0
repeat_1_fold_3,EIF3B,0.0,0.0,0.0,0.0,0.0,0.0,0.0
repeat_1_fold_3,EIF3F,0.0,0.0,0.0,0.0,0.0,0.0,0.0
repeat_1_fold_3,EIF4A2,-0.1795281453978923,0.2704223348414292,0.1352111674207146,-0.3147393128186069,0.0,0.00010064412238325326,0.5
repeat_1_fold_3,EIF4EBP1,0.0,0.0,0.0,0.0,0.0,0.0,0.0
repeat_1_fold_3,ELF3,0.06010220608210659,0.09856025880431243,0.04928012940215622,0.010822076679950374,0.5,0.0015096618357487712,0.5
repeat_1_fold_3,ELMO2,0.0,0.0,0.0,0.0,0.0,0.0,0.0
repeat_1_fold_3,ENO1,0.0,0.0,0.0,0.0,0.0,0.0,0.0
repeat_1_fold_3,ENPP3,0.0,0.0,0.0,0.0,0.0,0.0,0.0
repeat_1_fold_3,ENSA,0.0,0.0,0.0,0.0,0.0,0.0,0.0
repeat_1_fold_3,ENTPD2,0.0,0.0,0.0,0.0,0.0,0.0016038492381716118,0.5
repeat_1_fold_3,ENTPD7,0.0,0.0,0.0,0.0,0.0,0.0,0.0
repeat_1_fold_3,EPHA1,0.0,0.0,0.0,0.0,0.0,0.0,0.0
repeat_1_fold_3,EPOR,0.11236597167096463,0.1991235450745394,0.0995617725372697,0.012804199133694932,0.5,0.0024057738572574178,0.5
repeat_1_fold_3,EPRS1,0.0,0.0,0.0,0.0,0.0,0.0,0.0
repeat_1_fold_3,EPS15L1,0.0,0.0,0.0,0.0,0.0,0.0,0.0
repeat_1_fold_3,EPS8L2,0.0,0.0,0.0,0.0,0.0,0.0,0.0
repeat_1_fold_3,ERCC1,0.0,0.0,0.0,0.0,0.0,0.0,0.0
repeat_1_fold_3,ERCC2,0.0,0.0,0.0,0.0,0.0,0.0,0.0
repeat_1_fold_3,ERN1,0.0,0.0,0.0,0.0,0.0,0.0,0.0
repeat_1_fold_3,ESRP1,0.0,0.0,0.0,0.0,0.0,-0.0003019323671497598,0.5
repeat_1_fold_3,ETNK1,0.0,0.0,0.0,0.0,0.0,0.0,0.0
repeat_1_fold_3,ETV4,-0.044518321664169136,0.051440890233208254,0.025720445116604127,-0.07023876678077326,0.0,0.001811594202898531,0.5
repeat_1_fold_3,EYA3,0.0,0.0,0.0,0.0,0.0,0.0,0.0
repeat_1_fold_3,EYA4,0.0,0.0,0.0,0.0,0.0,0.0,0.0
repeat_1_fold_3,EZH1,0.0,0.0,0.0,0.0,0.0,0.0,0.0
repeat_1_fold_3,F2RL3,0.09290904086898344,0.13326665811166014,0.06663332905583007,0.02627571181315337,0.5,-0.000100240577385724,0.5
repeat_1_fold_3,FAM114A2,0.0,0.0,0.0,0.0,0.0,0.0,0.5
repeat_1_fold_3,FAM131B,0.0,0.0,0.0,0.0,0.0,0.0,0.0
repeat_1_fold_3,FANCA,0.0,0.0,0.0,0.0,0.0,0.0,0.0
repeat_1_fold_3,FANCI,0.0,0.0,0.0,0.0,0.0,0.0,0.0
repeat_1_fold_3,FARP2,0.0,0.0,0.0,0.0,0.0,0.0,0.0
repeat_1_fold_3,FBXL12,0.0,0.0,0.0,0.0,0.0,0.0,0.0
repeat_1_fold_3,FBXO2,0.0,0.0,0.0,0.0,0.0,0.0,0.0
repeat_1_fold_3,FBXW4,0.11356828223531501,0.17070712771855553,0.08535356385927777,0.028214718376037243,0.5,-0.0008019246190858059,0.5
repeat_1_fold_3,FBXW7,0.0,0.0,0.0,0.0,0.0,0.0,0.0
repeat_1_fold_3,FCGR2A,0.0,0.0,0.0,0.0,0.0,0.0,0.0
repeat_1_fold_3,FDXR,-0.01846423096317551,0.021320657433937608,0.010660328716968804,-0.029124559680144314,0.0,0.002806736166800314,0.5
repeat_1_fold_3,FGF1,0.0,0.0,0.0,0.0,0.0,0.0,0.0
repeat_1_fold_3,FGF3,0.25892024128615887,0.30184442496742037,0.15092221248371018,0.10799802880244869,0.5,0.0008019246190858059,0.5
repeat_1_fold_3,FGF9,0.0,0.0,0.0,0.0,0.0,0.0,0.0
repeat_1_fold_3,FGG,0.0,0.0,0.0,0.0,0.0,0.0,0.0
repeat_1_fold_3,FOLH1,0.0,0.0,0.0,0.0,0.0,0.0,0.0
repeat_1_fold_3,FOXG1,0.0,0.0,0.0,0.0,0.0,0.0,0.0
repeat_1_fold_3,FOXO1,0.0,0.0,0.0,0.0,0.0,0.0,0.0
repeat_1_fold_3,FPGS,0.08716544510773261,0.10347945340851131,0.051739726704255654,0.035425718403476955,0.5,-0.0010064412238325326,0.5
repeat_1_fold_3,FRAT2,0.0,0.0,0.0,0.0,0.0,0.0,0.0
repeat_1_fold_3,FSCN1,0.0,0.0,0.0,0.0,0.0,0.0,0.0
repeat_1_fold_3,FUCA1,0.020371834215614726,0.15949230580493234,0.07974615290246617,-0.059374318686851446,0.25,0.0027173913043478104,0.5
repeat_1_fold_3,FURIN,0.0,0.0,0.0,0.0,0.0,0.0,0.0
repeat_1_fold_3,FUS,-0.033043160636225366,0.03815495537640152,0.01907747768820076,-0.05212063832442612,0.0,0.00010064412238325326,0.5
repeat_1_fold_3,FZD2,0.0,0.0,0.0,0.0,0.0,0.0,0.0
repeat_1_fold_3,FZR1,-0.0757829023483918,0.11193104622395157,0.055965523111975786,-0.13174842546036758,0.0,0.00040257648953301306,0.5
repeat_1_fold_3,G3BP1,0.0,0.0,0.0,0.0,0.0,0.0,0.0
repeat_1_fold_3,G6PC2,0.0,0.0,0.0,0.0,0.0,0.0,0.0
repeat_1_fold_3,GAB1,0.0,0.0,0.0,0.0,0.0,0.0,0.0
repeat_1_fold_3,GABARAPL2,0.0,0.0,0.0,0.0,0.0,0.0,0.0
repeat_1_fold_3,GABPA,0.0,0.0,0.0,0.0,0.0,0.0,0.0
repeat_1_fold_3,GABRR1,0.04168031486657675,0.05867615917186155,0.029338079585930776,0.012342235280645975,0.5,0.0023055332798716938,0.5
repeat_1_fold_3,GAD2,0.0,0.0,0.0,0.0,0.0,0.0,0.0
repeat_1_fold_3,GAL,0.0,0.0,0.0,0.0,0.0,0.0,0.0
repeat_1_fold_3,GALNS,0.0,0.0,0.0,0.0,0.0,0.0,0.0
repeat_1_fold_3,GALNT8,0.0,0.0,0.0,0.0,0.0,0.0,0.0
repeat_1_fold_3,GAMT,0.1023008693644254,0.1734673926879923,0.08673369634399615,0.015567173020429245,0.5,0.004210104250200478,0.5
repeat_1_fold_3,GARS1,0.0,0.0,0.0,0.0,0.0,0.0,0.0
repeat_1_fold_3,GAS1,0.0,0.0,0.0,0.0,0.0,0.0,0.0
repeat_1_fold_3,GCGR,0.0,0.0,0.0,0.0,0.0,0.0,0.0
repeat_1_fold_3,GCN1,-0.11288140861879725,0.08276315103376604,0.04138157551688302,-0.15426298413568026,0.0,0.0014049822633902809,1.0
repeat_1_fold_3,GDI2,0.0,0.0,0.0,0.0,0.0,0.0,0.0
repeat_1_fold_3,GDPD3,0.0,0.0,0.0,0.0,0.0,0.0,0.0
repeat_1_fold_3,GFPT2,0.0,0.0,0.0,0.0,0.0,0.0,0.0
repeat_1_fold_3,GID4,0.0,0.0,0.0,0.0,0.0,0.0,0.0
repeat_1_fold_3,GIT2,-0.09081725103254712,0.11891142551741829,0.059455712758709145,-0.15027296379125626,0.0,0.0012077294685990392,0.5
repeat_1_fold_3,GJA8,0.0,0.0,0.0,0.0,0.0,0.0,0.0
repeat_1_fold_3,GJA9,0.0,0.0,0.0,0.0,0.0,0.0,0.0
repeat_1_fold_3,GLA,0.0,0.0,0.0,0.0,0.0,0.0,0.0
repeat_1_fold_3,GLYAT,0.0,0.0,0.0,0.0,0.0,0.0,0.0
repeat_1_fold_3,GNA14,0.0,0.0,0.0,0.0,0.0,-0.00020128824476650653,0.5
repeat_1_fold_3,GNAI3,0.0,0.0,0.0,0.0,0.0,0.0,0.0
repeat_1_fold_3,GNB5,0.0,0.0,0.0,0.0,0.0,0.0,0.0
repeat_1_fold_3,GNPDA1,0.0,0.0,0.0,0.0,0.0,0.0,0.0
repeat_1_fold_3,GORASP2,0.18216056594394026,0.23187357590278124,0.11593678795139062,0.06622377799254964,0.5,0.0037089013632718576,0.5
repeat_1_fold_3,GPKOW,0.0,0.0,0.0,0.0,0.0,0.0,0.0
repeat_1_fold_3,GPR143,0.0,0.0,0.0,0.0,0.0,0.0,0.0
repeat_1_fold_3,GPR37,0.0,0.0,0.0,0.0,0.0,0.0,0.0
repeat_1_fold_3,GRAP,-0.10411891484975122,0.16710984053822334,0.08355492026911167,-0.18767383511886288,0.0,-0.0024154589371980784,0.5
repeat_1_fold_3,GRIA1,0.0,0.0,0.0,0.0,0.0,0.0,0.0
repeat_1_fold_3,GRIK3,0.0,0.0,0.0,0.0,0.0,0.0,0.0
repeat_1_fold_3,GRIK4,0.0,0.0,0.0,0.0,0.0,0.0,0.0
repeat_1_fold_3,GRIP2,0.0,0.0,0.0,0.0,0.0,0.0,0.0
repeat_1_fold_3,GRK3,0.0,0.0,0.0,0.0,0.0,0.0,0.0
repeat_1_fold_3,GRM6,0.0,0.0,0.0,0.0,0.0,0.0,0.0
repeat_1_fold_3,GRM7,0.0029372097508790773,0.003391597680672858,0.001695798840336429,0.0012414109105426483,0.5,0.0,0.5
repeat_1_fold_3,GSTM2,0.0,0.0,0.0,0.0,0.0,0.0,0.0
repeat_1_fold_3,GTF3C4,0.0,0.0,0.0,0.0,0.0,0.0,0.0
repeat_1_fold_3,GUCY1B1,0.0,0.0,0.0,0.0,0.0,0.0,0.0
repeat_1_fold_3,GUSB,0.0,0.0,0.0,0.0,0.0,0.0,0.0
repeat_1_fold_3,H1-2,0.0,0.0,0.0,0.0,0.0,0.0,0.0
repeat_1_fold_3,H1-4,0.0,0.0,0.0,0.0,0.0,0.0,0.0
repeat_1_fold_3,H2AC4,0.0,0.0,0.0,0.0,0.0,0.0,0.0
repeat_1_fold_3,H2AC6,0.015834285150784666,0.15124436457745583,0.07562218228872791,-0.05978789713794325,0.25,-0.000100240577385724,0.5
repeat_1_fold_3,H2AC8,0.0,0.0,0.0,0.0,0.0,0.0,0.0
repeat_1_fold_3,H2AX,0.0,0.0,0.0,0.0,0.0,0.0,0.0
repeat_1_fold_3,H2BC21,0.0,0.0,0.0,0.0,0.0,0.0,0.0
repeat_1_fold_3,H2BC3,0.11232988814049172,0.23925160651456184,0.11962580325728092,-0.007295915116789203,0.5,0.0020048115477145217,1.0
repeat_1_fold_3,H2BC4,0.004007070067723717,0.13090317136649526,0.06545158568324763,-0.061444515615523915,0.25,-0.0021050521251002458,0.5
repeat_1_fold_3,H2BC8,0.18848352019121606,0.2199318504866111,0.10996592524330555,0.07851759494791051,0.5,0.0004009623095429099,0.5
repeat_1_fold_3,H2BC9,0.00718466096543402,0.1259060076053233,0.06295300380266165,-0.05576834283722763,0.25,-0.000200481154771448,0.5
repeat_1_fold_3,H3C1,-0.16644089862229272,0.2913231464929438,0.1456615732464719,-0.3121024718687646,0.0,0.0003019323671497598,0.5
repeat_1_fold_3,H3C2,0.0,0.0,0.0,0.0,0.0,0.0,0.0
repeat_1_fold_3,H3C7,0.0,0.0,0.0,0.0,0.0,0.0,0.0
repeat_1_fold_3,HARS2,0.0,0.0,0.0,0.0,0.0,0.0,0.0
repeat_1_fold_3,HBA2,0.0,0.0,0.0,0.0,0.0,0.0,0.0
repeat_1_fold_3,HEBP2,0.0,0.0,0.0,0.0,0.0,0.0,0.0
repeat_1_fold_3,HERC1,0.0,0.0,0.0,0.0,0.0,0.0,0.0
repeat_1_fold_3,HES1,0.06963667231575954,0.0895527201987206,0.0447763600993603,0.02486031221639924,0.5,0.0025060144346431418,0.5
repeat_1_fold_3,HEY2,0.0,0.0,0.0,0.0,0.0,0.0,0.0
repeat_1_fold_3,HIKESHI,0.0,0.0,0.0,0.0,0.0,0.0,0.0
repeat_1_fold_3,HLA-DMA,0.0,0.0,0.0,0.0,0.0,0.0,0.0
repeat_1_fold_3,HMGA1,0.0,0.0,0.0,0.0,0.0,0.0,0.0
repeat_1_fold_3,HNF4A,0.0,0.0,0.0,0.0,0.0,0.0,0.0
repeat_1_fold_3,HNRNPC,0.0,0.0,0.0,0.0,0.0,0.0,0.0
repeat_1_fold_3,HNRNPH1,0.0,0.0,0.0,0.0,0.0,0.0,0.0
repeat_1_fold_3,HNRNPR,-0.19129222322831296,0.31218479662276105,0.15609239831138053,-0.3473846215396935,0.0,0.0014090177133655457,0.5
repeat_1_fold_3,HOMER3,0.0,0.0,0.0,0.0,0.0,0.0,0.0
repeat_1_fold_3,HOXA3,0.0,0.0,0.0,0.0,0.0,0.0,0.0
repeat_1_fold_3,HPS1,0.0,0.0,0.0,0.0,0.0,0.0,0.0
repeat_1_fold_3,HSD17B3,0.0,0.0,0.0,0.0,0.0,0.0,0.0
repeat_1_fold_3,HSP90AB1,-0.05514652094274375,0.24721808537607104,0.12360904268803552,-0.17875556363077927,0.25,-0.004126409017713384,0.5
repeat_1_fold_3,HSPA4L,-0.09199123121544872,0.10622232421064885,0.053111162105324426,-0.14510239332077315,0.0,-0.0003019323671497598,0.5
repeat_1_fold_3,HTATSF1,0.04684823232677182,0.09795837805367373,0.048979189026836865,-0.002130956700065044,0.25,-0.0010064412238325326,0.5
repeat_1_fold_3,IARS1,0.0,0.0,0.0,0.0,0.0,0.0,0.0
repeat_1_fold_3,ID3,0.0,0.0,0.0,0.0,0.0,0.0,0.0
repeat_1_fold_3,IDS,0.0,0.0,0.0,0.0,0.0,0.0,0.0
repeat_1_fold_3,IDUA,0.0,0.0,0.0,0.0,0.0,0.0,0.0
repeat_1_fold_3,IFITM3,0.0,0.0,0.0,0.0,0.0,0.0,0.0
repeat_1_fold_3,IFNA17,0.0,0.0,0.0,0.0,0.0,0.0,0.0
repeat_1_fold_3,IFT122,0.0,0.0,0.0,0.0,0.0,0.0,0.0
repeat_1_fold_3,IFT74,0.04480887456041316,0.08961774912082632,0.04480887456041316,0.0,0.25,0.001403771628397693,1.0
repeat_1_fold_3,IGFBP2,0.13485457626150676,0.1723504097207475,0.08617520486037375,0.048679371401133015,0.5,0.0018043303929430599,0.5
repeat_1_fold_3,IGLL1,0.0,0.0,0.0,0.0,0.0,0.0,0.0
repeat_1_fold_3,IGLV3-19,-0.13096674835765754,0.1559364645275117,0.07796823226375585,-0.20893498062141339,0.0,0.0018067516629282354,1.0
repeat_1_fold_3,IGLV3-25,0.0,0.0,0.0,0.0,0.0,0.0,0.0
repeat_1_fold_3,IL17RB,-0.06974915055507225,0.08053938169743739,0.040269690848718696,-0.11001884140379095,0.0,0.000400962309542896,0.5
repeat_1_fold_3,IL1R2,0.0,0.0,0.0,0.0,0.0,0.0,0.0
repeat_1_fold_3,IL2RB,0.0,0.0,0.0,0.0,0.0,0.0,0.0
repeat_1_fold_3,ING2,0.0,0.0,0.0,0.0,0.0,0.0,0.0
repeat_1_fold_3,INHA,0.0,0.0,0.0,0.0,0.0,0.0,0.0
repeat_1_fold_3,INSIG2,0.0,0.0,0.0,0.0,0.0,0.0,0.0
repeat_1_fold_3,INTS3,0.04452899562538093,0.0957274165315689,0.04786370826578445,-0.0033347126404035185,0.75,-0.00019886697478133097,1.0
repeat_1_fold_3,INTS7,0.10847260245368773,0.15666132959159287,0.07833066479579644,0.03014193765789129,0.5,0.0,0.5
repeat_1_fold_3,IPPK,0.0,0.0,0.0,0.0,0.0,0.0,0.0
repeat_1_fold_3,IQCB1,0.0,0.0,0.0,0.0,0.0,0.0,0.0
repeat_1_fold_3,IQCE,0.026353503463589334,0.046445865531181636,0.023222932765590818,0.003130570697998516,0.5,0.0054129911788291935,0.5
repeat_1_fold_3,IQGAP2,-0.03330194060320224,0.1527726140828922,0.0763863070414461,-0.10968824764464834,0.25,0.0002914401972140407,1.0
repeat_1_fold_3,IRAK3,-0.07319260634351288,0.15912813080462518,0.07956406540231259,-0.15275667174582547,0.25,-0.002815614156745916,1.0
repeat_1_fold_3,IRF7,0.0,0.0,0.0,0.0,0.0,0.0,0.0
repeat_1_fold_3,ISCA1,0.0,0.0,0.0,0.0,0.0,0.0,0.0
repeat_1_fold_3,ITGA10,0.0,0.0,0.0,0.0,0.0,0.0,0.0
repeat_1_fold_3,ITGA8,-0.03081437900167927,0.1737501591181136,0.0868750795590568,-0.11768945856073607,0.25,-0.0013059523209971169,1.0
repeat_1_fold_3,ITGA9,0.0,0.0,0.0,0.0,0.0,0.0,0.0
repeat_1_fold_3,ITPA,0.0,0.0,0.0,0.0,0.0,0.0,0.0
repeat_1_fold_3,KAT8,-0.07947025677458797,0.10908876096457089,0.054544380482285444,-0.1340146372568734,0.0,-0.0008051529790660261,0.5
repeat_1_fold_3,KCNA5,0.0,0.0,0.0,0.0,0.0,0.0,0.0
repeat_1_fold_3,KCNB1,0.0,0.0,0.0,0.0,0.0,0.0,0.0
repeat_1_fold_3,KCNG2,0.0,0.0,0.0,0.0,0.0,0.0,0.0
repeat_1_fold_3,KCNJ15,0.0,0.0,0.0,0.0,0.0,0.0,0.0
repeat_1_fold_3,KCNK7,0.0,0.0,0.0,0.0,0.0,0.0,0.0
repeat_1_fold_3,KCNQ1,0.0,0.0,0.0,0.0,0.0,0.0,0.0
repeat_1_fold_3,KDM3A,0.0,0.0,0.0,0.0,0.0,0.0,0.0
repeat_1_fold_3,KDM5D,0.0,0.0,0.0,0.0,0.0,0.0,0.0
repeat_1_fold_3,KIF14,0.0,0.0,0.0,0.0,0.0,0.0,0.0
repeat_1_fold_3,KIF1A,0.0,0.0,0.0,0.0,0.0,0.0,0.0
repeat_1_fold_3,KIF2C,0.0,0.0,0.0,0.0,0.0,0.0,0.0
repeat_1_fold_3,KIF3A,0.0,0.0,0.0,0.0,0.0,0.0,0.0
repeat_1_fold_3,KIF4A,0.0,0.0,0.0,0.0,0.0,0.0,0.0
repeat_1_fold_3,KIR2DS4,0.0,0.0,0.0,0.0,0.0,0.0,0.0
repeat_1_fold_3,KIR3DS1,0.0,0.0,0.0,0.0,0.0,0.0,0.0
repeat_1_fold_3,KLC1,0.0,0.0,0.0,0.0,0.0,0.0,0.0
repeat_1_fold_3,KLHDC10,0.0,0.0,0.0,0.0,0.0,0.0,0.0
repeat_1_fold_3,KLHDC3,0.0,0.0,0.0,0.0,0.0,0.0,0.0
repeat_1_fold_3,KLHL21,0.21538149421414055,0.4223445062442172,0.2111722531221086,0.00420924109203194,0.5,0.0024037561322697854,1.0
repeat_1_fold_3,KLHL5,0.090473654281368,0.1044699773078339,0.05223498865391695,0.03823866562745105,0.5,0.000100240577385724,0.5
repeat_1_fold_3,KLHL9,0.0,0.0,0.0,0.0,0.0,0.0,0.0
repeat_1_fold_3,KLK13,0.0,0.0,0.0,0.0,0.0,0.0,0.0
repeat_1_fold_3,KLK2,0.0,0.0,0.0,0.0,0.0,0.0,0.0
repeat_1_fold_3,KLRB1,0.0,0.0,0.0,0.0,0.0,0.0,0.0
repeat_1_fold_3,KNL1,0.0,0.0,0.0,0.0,0.0,0.0,0.0
repeat_1_fold_3,KPNA2,0.0,0.0,0.0,0.0,0.0,0.0,0.0
repeat_1_fold_3,KPNA6,0.0,0.0,0.0,0.0,0.0,0.0,0.0
repeat_1_fold_3,KRT36,0.0,0.0,0.0,0.0,0.0,0.0,0.0
repeat_1_fold_3,KRT5,0.0,0.0,0.0,0.0,0.0,0.0,0.0
repeat_1_fold_3,KRT85,0.0,0.0,0.0,0.0,0.0,0.0,0.0
repeat_1_fold_3,KYAT1,0.0,0.0,0.0,0.0,0.0,0.0,0.0
repeat_1_fold_3,KYAT3,0.0,0.0,0.0,0.0,0.0,0.0,0.0
repeat_1_fold_3,L2HGDH,0.0,0.0,0.0,0.0,0.0,0.0,0.0
repeat_1_fold_3,LAMTOR5,0.0,0.0,0.0,0.0,0.0,0.0,0.0
repeat_1_fold_3,LARS1,0.0,0.0,0.0,0.0,0.0,0.0,0.0
repeat_1_fold_3,LETM1,0.0,0.0,0.0,0.0,0.0,0.0,0.0
repeat_1_fold_3,LHX3,0.0,0.0,0.0,0.0,0.0,0.0,0.0
repeat_1_fold_3,LIMK2,0.0,0.0,0.0,0.0,0.0,0.0,0.0
repeat_1_fold_3,LMAN2L,-0.1366332867221942,0.1577705297386443,0.07888526486932215,-0.21551855159151637,0.0,0.0016103059581320245,0.5
repeat_1_fold_3,LOX,0.0,0.0,0.0,0.0,0.0,0.0,0.0
repeat_1_fold_3,LOXL2,-0.19396021283109377,0.23779376766891658,0.11889688383445829,-0.31285709666555206,0.0,-0.0005032206119162663,0.5
repeat_1_fold_3,LPCAT3,-0.1733297340906912,0.22270416699691092,0.11135208349845546,-0.2846818175891467,0.25,0.0033172205886720513,1.0
repeat_1_fold_3,LRP5,0.7278138855737062,1.5812326682484477,0.7906163341242238,-0.06280244855051764,0.25,-0.0018043303929430599,0.5
repeat_1_fold_3,LSM3,0.0,0.0,0.0,0.0,0.0,0.0,0.0
repeat_1_fold_3,LSM4,0.6568864631399762,1.1394916803274233,0.5697458401637117,0.08714062297626457,0.5,0.0036086607858861336,0.5
repeat_1_fold_3,LTBP2,0.0,0.0,0.0,0.0,0.0,0.0,0.0
repeat_1_fold_3,LY6D,0.0,0.0,0.0,0.0,0.0,0.0,0.0
repeat_1_fold_3,LYPD1,0.0,0.0,0.0,0.0,0.0,0.0,0.0
repeat_1_fold_3,LYZ,0.0,0.0,0.0,0.0,0.0,0.0,0.5
repeat_1_fold_3,MAD2L1,0.0,0.0,0.0,0.0,0.0,0.0,0.0
repeat_1_fold_3,MAF,0.0,0.0,0.0,0.0,0.0,0.0,0.0
repeat_1_fold_3,MAFF,0.0,0.0,0.0,0.0,0.0,0.0,0.0
repeat_1_fold_3,MAGI2,-0.055875102609421745,0.1551535299147973,0.07757676495739865,-0.1334518675668204,0.25,-0.0021046485801027026,1.0
repeat_1_fold_3,MAML3,0.0,0.0,0.0,0.0,0.0,0.0,0.0
repeat_1_fold_3,MAN2A2,0.0,0.0,0.0,0.0,0.0,0.0,0.0
repeat_1_fold_3,MAN2B1,0.0,0.0,0.0,0.0,0.0,0.0,0.0
repeat_1_fold_3,MAP3K8,0.0,0.0,0.0,0.0,0.0,0.0,0.0
repeat_1_fold_3,MAPK10,0.0,0.0,0.0,0.0,0.0,0.0,0.0
repeat_1_fold_3,MAPK11,0.0,0.0,0.0,0.0,0.0,0.0,0.0
repeat_1_fold_3,MAPK14,0.0,0.0,0.0,0.0,0.0,0.0,0.0
repeat_1_fold_3,MAPK6,-0.3551970721268489,0.42203351001734374,0.21101675500867187,-0.5662138271355208,0.0,0.0013083735909822647,0.5
repeat_1_fold_3,MAPKAP1,0.0,0.0,0.0,0.0,0.0,0.0,0.0
repeat_1_fold_3,MAPT,0.0,0.0,0.0,0.0,0.0,0.0,0.0
repeat_1_fold_3,MAS1,0.0,0.0,0.0,0.0,0.0,0.0,0.0
repeat_1_fold_3,MAT1A,0.0,0.0,0.0,0.0,0.0,0.0,0.0
repeat_1_fold_3,MATN1,0.0,0.0,0.0,0.0,0.0,0.0,0.0
repeat_1_fold_3,MAVS,0.0,0.0,0.0,0.0,0.0,0.0,0.0
repeat_1_fold_3,MBD2,-0.17321073568533052,0.2000065297489174,0.1000032648744587,-0.2732140005597892,0.0,-0.0005032206119162663,0.5
repeat_1_fold_3,MBTPS2,0.0,0.0,0.0,0.0,0.0,0.0,0.0
repeat_1_fold_3,MCAM,0.024890996229919082,0.19784067198953934,0.09892033599476967,-0.07402933976485059,0.5,0.0020060221827070956,1.0
repeat_1_fold_3,MCAT,-0.045361689203613054,0.27505782675196633,0.13752891337598316,-0.18289060257959622,0.25,0.0024041596772673146,1.0
repeat_1_fold_3,MCCC1,0.1591330450638626,0.1972326628205596,0.0986163314102798,0.06051671365358281,0.5,0.0015036086607858878,0.5
repeat_1_fold_3,MCM3,0.0,0.0,0.0,0.0,0.0,0.000200481154771448,0.5
repeat_1_fold_3,MCM4,0.0,0.0,0.0,0.0,0.0,0.0,0.0
repeat_1_fold_3,ME1,0.0,0.0,0.0,0.0,0.0,0.0,0.0
repeat_1_fold_3,MECR,0.0,0.0,0.0,0.0,0.0,0.0,0.0
repeat_1_fold_3,MED25,0.0,0.0,0.0,0.0,0.0,0.0,0.0
repeat_1_fold_3,MED31,0.0,0.0,0.0,0.0,0.0,0.0,0.0
repeat_1_fold_3,MEX3C,0.0,0.0,0.0,0.0,0.0,0.0,0.0
repeat_1_fold_3,MFAP4,0.0,0.0,0.0,0.0,0.0,0.0,0.0
repeat_1_fold_3,MFN1,0.0,0.0,0.0,0.0,0.0,0.0,0.0
repeat_1_fold_3,MGAT4C,0.0,0.0,0.0,0.0,0.0,0.0,0.0
repeat_1_fold_3,MGAT5,0.05084980462601152,0.05871629677813526,0.02935814838906763,0.02149165623694389,0.5,0.0016022350581815087,1.0
repeat_1_fold_3,MGLL,-0.16683005110398952,0.20030779047228703,0.10015389523614351,-0.266983946340133,0.0,-0.0016103059581320522,0.5
repeat_1_fold_3,MGST2,0.0,0.0,0.0,0.0,0.0,0.0,0.0
repeat_1_fold_3,MICAL1,0.0,0.0,0.0,0.0,0.0,0.0,0.0
repeat_1_fold_3,MITF,0.0,0.0,0.0,0.0,0.0,0.0,0.0
repeat_1_fold_3,MMP3,0.08209182037841778,0.07875106053859494,0.03937553026929747,0.04271629010912031,1.0,0.004815583164490114,1.0
repeat_1_fold_3,MMP7,-0.049622672225947184,0.2706732206058564,0.1353366103029282,-0.1849592825288754,0.25,-0.0005092737868791775,1.0
repeat_1_fold_3,MPIG6B,0.0,0.0,0.0,0.0,0.0,0.0,0.0
repeat_1_fold_3,MRM2,0.0,0.0,0.0,0.0,0.0,0.0,0.0
repeat_1_fold_3,MRPL20,0.0,0.0,0.0,0.0,0.0,0.0,0.0
repeat_1_fold_3,MRPL39,0.06510542570643452,0.1053973909602932,0.0526986954801466,0.012406730226287917,0.5,0.0015036086607858878,0.5
repeat_1_fold_3,MRPL46,0.0,0.0,0.0,0.0,0.0,0.0,0.0
repeat_1_fold_3,MRPS31,0.0,0.0,0.0,0.0,0.0,0.0,0.0
repeat_1_fold_3,MSMO1,0.0,0.0,0.0,0.0,0.0,0.0,0.0
repeat_1_fold_3,MSRA,0.0,0.0,0.0,0.0,0.0,0.0,0.0
repeat_1_fold_3,MST1R,0.0,0.0,0.0,0.0,0.0,0.0,0.0
repeat_1_fold_3,MT1E,0.0,0.0,0.0,0.0,0.0,0.0,0.0
repeat_1_fold_3,MT1G,0.0,0.0,0.0,0.0,0.0,0.0,0.0
repeat_1_fold_3,MT2A,0.0,0.0,0.0,0.0,0.0,0.0,0.0
repeat_1_fold_3,MTERF1,0.0,0.0,0.0,0.0,0.0,0.0,0.0
repeat_1_fold_3,MTERF3,0.0,0.0,0.0,0.0,0.0,0.0,0.0
repeat_1_fold_3,MTF2,0.0,0.0,0.0,0.0,0.0,0.0,0.0
repeat_1_fold_3,MTHFD2,-0.22558105525036254,0.26774813666812874,0.13387406833406437,-0.3594551235844269,0.0,0.0022141706924315163,0.5
repeat_1_fold_3,MTMR2,0.0,0.0,0.0,0.0,0.0,0.0,0.0
repeat_1_fold_3,MTMR4,0.0,0.0,0.0,0.0,0.0,0.0,0.0
repeat_1_fold_3,MTMR7,0.0,0.0,0.0,0.0,0.0,0.0,0.0
repeat_1_fold_3,MTNR1A,0.0,0.0,0.0,0.0,0.0,0.0,0.0
repeat_1_fold_3,MTTP,0.0,0.0,0.0,0.0,0.0,0.0,0.0
repeat_1_fold_3,MUC5AC,0.0,0.0,0.0,0.0,0.0,0.0,0.0
repeat_1_fold_3,MUL1,0.0,0.0,0.0,0.0,0.0,0.0,0.0
repeat_1_fold_3,MUSK,0.0,0.0,0.0,0.0,0.0,0.0,0.0
repeat_1_fold_3,MYBPC1,0.0,0.0,0.0,0.0,0.0,0.0,0.0
repeat_1_fold_3,MYL10,0.0,0.0,0.0,0.0,0.0,0.0,0.0
repeat_1_fold_3,MYO9B,0.0,0.0,0.0,0.0,0.0,-0.0012077294685990392,0.5
repeat_1_fold_3,NAGK,0.0,0.0,0.0,0.0,0.0,0.0,0.0
repeat_1_fold_3,NARS2,0.0018647851802668924,0.0037295703605337844,0.0018647851802668922,2.168404344971009e-19,0.25,-0.00040257648953301306,0.5
repeat_1_fold_3,NAT8,0.0,0.0,0.0,0.0,0.0,0.0,0.0
repeat_1_fold_3,NBR1,0.0,0.0,0.0,0.0,0.0,0.0,0.0
repeat_1_fold_3,NCAN,0.0,0.0,0.0,0.0,0.0,0.0,0.0
repeat_1_fold_3,NCOA1,0.0,0.0,0.0,0.0,0.0,0.0,0.0
repeat_1_fold_3,NDN,-0.03298165947734688,0.06596331895469376,0.03298165947734688,-0.06596331895469376,0.0,0.0009021651964715299,0.5
repeat_1_fold_3,NDRG1,0.0,0.0,0.0,0.0,0.0,0.0,0.0
repeat_1_fold_3,NDUFB11,0.0,0.0,0.0,0.0,0.0,0.0,0.0
repeat_1_fold_3,NDUFB3,0.0,0.0,0.0,0.0,0.0,0.0,0.0
repeat_1_fold_3,NDUFC2,0.0,0.0,0.0,0.0,0.0,0.0,0.0
repeat_1_fold_3,NEB,0.0,0.0,0.0,0.0,0.0,0.0,0.0
repeat_1_fold_3,NECAP1,0.0,0.0,0.0,0.0,0.0,0.0,0.0
repeat_1_fold_3,NEDD4L,0.0,0.0,0.0,0.0,0.0,0.0,0.0
repeat_1_fold_3,NEIL3,0.0,0.0,0.0,0.0,0.0,0.0,0.0
repeat_1_fold_3,NEK9,-0.042336848875242694,0.055574090340015585,0.027787045170007792,-0.07012389404525049,0.0,0.0008051529790660261,0.5
repeat_1_fold_3,NF1,-0.034874575277536124,0.06974915055507225,0.034874575277536124,-0.06974915055507225,0.0,-0.000300721732157172,0.5
repeat_1_fold_3,NFIB,0.5536538450192996,1.3969907909855679,0.6984953954927839,-0.14484155047348435,0.25,0.007115063269398883,1.0
repeat_1_fold_3,NGRN,0.0,0.0,0.0,0.0,0.0,0.0,0.0
repeat_1_fold_3,NHP2,0.0,0.0,0.0,0.0,0.0,0.0,0.0
repeat_1_fold_3,NIPAL3,0.14048428315682138,0.09408777764078502,0.04704388882039251,0.09344039433642887,0.75,-0.0019118347802842828,1.0
repeat_1_fold_3,NIPBL,0.04480887456041316,0.08961774912082632,0.04480887456041316,0.0,0.25,0.0010024057738572678,0.5
repeat_1_fold_3,NISCH,0.0,0.0,0.0,0.0,0.0,0.0,0.5
repeat_1_fold_3,NLRP3,-0.03179101518048277,0.04246741673140947,0.021233708365704734,-0.05302472354618751,0.0,-0.0006038647342995196,0.5
repeat_1_fold_3,NMU,-0.015052975442673144,0.030105950885346292,0.015052975442673146,-0.03010595088534629,0.0,0.0005032206119162663,0.5
repeat_1_fold_3,NOTCH2,0.0,0.0,0.0,0.0,0.0,0.0,0.0
repeat_1_fold_3,NPC1,0.0,0.0,0.0,0.0,0.0,0.0,0.0
repeat_1_fold_3,NPEPPS,0.0,0.0,0.0,0.0,0.0,0.0,0.0
repeat_1_fold_3,NPHS2,0.0,0.0,0.0,0.0,0.0,0.0,0.0
repeat_1_fold_3,NPLOC4,0.0014686048754395387,0.0029372097508790773,0.0014686048754395387,0.0,0.25,-0.00010064412238325326,0.5
repeat_1_fold_3,NPM1,0.14986603806052123,0.17476177841158602,0.08738088920579301,0.06248514885472822,0.5,0.003014481131527247,1.0
repeat_1_fold_3,NPRL3,0.036935032011948365,0.11149852223652881,0.05574926111826441,-0.01881422910631604,0.25,-0.00020128824476650653,0.5
repeat_1_fold_3,NR1H3,0.0,0.0,0.0,0.0,0.0,0.0,0.0
repeat_1_fold_3,NR1I2,0.0,0.0,0.0,0.0,0.0,0.0,0.0
repeat_1_fold_3,NR2F6,0.0,0.0,0.0,0.0,0.0,0.0,0.0
repeat_1_fold_3,NR3C2,-0.1868212791024657,0.2157358402736348,0.1078679201368174,-0.2946891992392831,0.0,0.0016103059581320522,0.5
repeat_1_fold_3,NRP2,0.0,0.0,0.0,0.0,0.0,0.0,0.0
repeat_1_fold_3,NRXN3,0.0,0.0,0.0,0.0,0.0,0.0,0.0
repeat_1_fold_3,NSL1,0.0,0.0,0.0,0.0,0.0,0.0,0.0
repeat_1_fold_3,NSMAF,0.0,0.0,0.0,0.0,0.0,0.0,0.0
repeat_1_fold_3,NUBP2,0.0,0.0,0.0,0.0,0.0,0.0,0.0
repeat_1_fold_3,NUDT4,0.0,0.0,0.0,0.0,0.0,0.0,0.0
repeat_1_fold_3,NUP58,0.0,0.0,0.0,0.0,0.0,0.0,0.0
repeat_1_fold_3,ODC1,0.0,0.0,0.0,0.0,0.0,0.0,0.0
repeat_1_fold_3,OIP5,0.0,0.0,0.0,0.0,0.0,0.0,0.0
repeat_1_fold_3,OPN1SW,0.0,0.0,0.0,0.0,0.0,0.0,0.0
repeat_1_fold_3,OR10H3,0.0,0.0,0.0,0.0,0.0,0.0,0.0
repeat_1_fold_3,OR2B2,0.0,0.0,0.0,0.0,0.0,0.0,0.0
repeat_1_fold_3,OR3A3,0.0,0.0,0.0,0.0,0.0,0.0,0.0
repeat_1_fold_3,ORC3,0.0,0.0,0.0,0.0,0.0,0.0,0.0
repeat_1_fold_3,ORMDL2,0.0,0.0,0.0,0.0,0.0,0.0,0.0
repeat_1_fold_3,OSBPL10,0.0,0.0,0.0,0.0,0.0,0.0,0.0
repeat_1_fold_3,OSBPL7,0.11440064985051102,0.16019860595617816,0.08009930297808908,0.03430134687242194,0.5,-0.0008051529790660261,0.5
repeat_1_fold_3,OSMR,0.14316404159911755,0.1714830294998069,0.08574151474990345,0.0574225268492141,0.5,0.0012028869286287158,0.5
repeat_1_fold_3,OSTF1,0.0,0.0,0.0,0.0,0.0,0.0,0.0
repeat_1_fold_3,OTUB1,-0.051881005406409386,0.08055820625063523,0.040279103125317614,-0.092160108531727,0.0,-0.000601443464314344,0.5
repeat_1_fold_3,OTUD3,0.0,0.0,0.0,0.0,0.0,0.0,0.0
repeat_1_fold_3,OXSM,0.0794214228049217,0.13265704664788153,0.06632852332394076,0.01309289948098094,0.5,0.0036086607858861336,0.5
repeat_1_fold_3,P2RX6,0.0,0.0,0.0,0.0,0.0,0.0,0.5
repeat_1_fold_3,P2RY14,0.0,0.0,0.0,0.0,0.0,0.0,0.0
repeat_1_fold_3,P3H2,0.0,0.0,0.0,0.0,0.0,0.0,0.0
repeat_1_fold_3,P4HB,0.0,0.0,0.0,0.0,0.0,0.0,0.0
repeat_1_fold_3,PACSIN2,0.0,0.0,0.0,0.0,0.0,0.0,0.0
repeat_1_fold_3,PACSIN3,0.0,0.0,0.0,0.0,0.0,0.0,0.0
repeat_1_fold_3,PAF1,0.0,0.0,0.0,0.0,0.0,0.0,0.0
repeat_1_fold_3,PALS1,0.0,0.0,0.0,0.0,0.0,0.0,0.0
repeat_1_fold_3,PAPOLG,0.0,0.0,0.0,0.0,0.0,0.0,0.0
repeat_1_fold_3,PAPPA2,0.0,0.0,0.0,0.0,0.0,0.0,0.0
repeat_1_fold_3,PAPSS1,0.21684413517520618,0.2515758573236866,0.1257879286618433,0.09105620651336288,0.5,-0.0006038647342995196,0.5
repeat_1_fold_3,PARP1,0.16003818539925874,0.24199068373199625,0.12099534186599813,0.03904284353326061,0.5,-0.0008019246190858059,0.5
repeat_1_fold_3,PARP2,0.0,0.0,0.0,0.0,0.0,0.0,0.0
repeat_1_fold_3,PARVA,0.0,0.0,0.0,0.0,0.0,0.0,0.0
repeat_1_fold_3,PCBP2,0.10679708538719979,0.1598699935507475,0.07993499677537375,0.02686208861182604,0.5,0.001002405773857254,0.5
repeat_1_fold_3,PCDH7,0.0,0.0,0.0,0.0,0.0,0.0,0.0
repeat_1_fold_3,PCK2,-0.016185655148230893,0.032371310296461786,0.016185655148230893,-0.032371310296461786,0.0,0.0,0.5
repeat_1_fold_3,PCMT1,0.0,0.0,0.0,0.0,0.0,0.0,0.0
repeat_1_fold_3,PCYOX1L,0.0,0.0,0.0,0.0,0.0,0.0,0.0
repeat_1_fold_3,PDAP1,0.04480887456041316,0.08961774912082632,0.04480887456041316,0.0,0.25,0.0009021651964715299,0.5
repeat_1_fold_3,PDCD11,0.0,0.0,0.0,0.0,0.0,0.0,0.0
repeat_1_fold_3,PDCD4,0.0,0.0,0.0,0.0,0.0,0.0,0.0
repeat_1_fold_3,PDE10A,0.0,0.0,0.0,0.0,0.0,0.0,0.0
repeat_1_fold_3,PDE4B,0.0,0.0,0.0,0.0,0.0,0.0,0.0
repeat_1_fold_3,PDIA2,0.0,0.0,0.0,0.0,0.0,0.0,0.0
repeat_1_fold_3,PDS5B,0.0,0.0,0.0,0.0,0.0,0.0,0.0
repeat_1_fold_3,PDSS1,0.22290548034235336,0.2622304748079734,0.1311152374039867,0.09179024293836666,0.5,-0.001002405773857254,0.5
repeat_1_fold_3,PEA15,0.0,0.0,0.0,0.0,0.0,0.0,0.0
repeat_1_fold_3,PES1,0.0,0.0,0.0,0.0,0.0,0.0,0.0
repeat_1_fold_3,PEX11A,0.0,0.0,0.0,0.0,0.0,0.0,0.0
repeat_1_fold_3,PEX2,0.0,0.0,0.0,0.0,0.0,0.0,0.0
repeat_1_fold_3,PEX6,-0.040834588042432785,0.11103457202977625,0.055517286014888124,-0.0963518740573209,0.25,0.0008019246190858059,0.5
repeat_1_fold_3,PGK2,-0.03805216617524643,0.06789565512047059,0.033947827560235296,-0.07199999373548172,0.0,0.0014033680834001638,0.5
repeat_1_fold_3,PGM3,0.0,0.0,0.0,0.0,0.0,0.0,0.0
repeat_1_fold_3,PHB2,0.08961774912082632,0.10348166315815485,0.051740831579077426,0.03787691754174889,0.5,0.0016038492381716118,0.5
repeat_1_fold_3,PHLPP1,0.0,0.0,0.0,0.0,0.0,0.0,0.0
repeat_1_fold_3,PHLPP2,0.0,0.0,0.0,0.0,0.0,0.0,0.0
repeat_1_fold_3,PI4KA,0.0,0.0,0.0,0.0,0.0,0.0007016840417000819,0.5
repeat_1_fold_3,PI4KB,0.0,0.0,0.0,0.0,0.0,0.0,0.0
repeat_1_fold_3,PIAS4,0.0,0.0,0.0,0.0,0.0,0.0,0.0
repeat_1_fold_3,PIGR,0.0,0.0,0.0,0.0,0.0,0.0,0.0
repeat_1_fold_3,PIGT,0.0,0.0,0.0,0.0,0.0,0.0,0.0
repeat_1_fold_3,PIK3C2A,0.14199298641179503,0.2531099132323372,0.1265549566161686,0.015438029795626418,0.75,0.0027056884994195313,1.0
repeat_1_fold_3,PIK3C2G,0.0,0.0,0.0,0.0,0.0,0.0,0.0
repeat_1_fold_3,PIK3R3,0.0,0.0,0.0,0.0,0.0,0.0,0.0
repeat_1_fold_3,PIKFYVE,0.0,0.0,0.0,0.0,0.0,0.0,0.0
repeat_1_fold_3,PIM1,0.0,0.0,0.0,0.0,0.0,0.0,0.0
repeat_1_fold_3,PIP5K1A,0.0,0.0,0.0,0.0,0.0,0.0,0.0
repeat_1_fold_3,PITX2,0.0,0.0,0.0,0.0,0.0,0.0,0.0
repeat_1_fold_3,PJA1,0.21041428901257575,0.2676078966510134,0.1338039483255067,0.07661034068706904,0.5,-0.00270649558941459,0.5
repeat_1_fold_3,PKLR,0.0,0.0,0.0,0.0,0.0,0.0,0.0
repeat_1_fold_3,PKM,0.0,0.0,0.0,0.0,0.0,0.0,0.0
repeat_1_fold_3,PKN1,0.0,0.0,0.0,0.0,0.0,0.000300721732157172,0.5
repeat_1_fold_3,PKN2,0.01986859856575407,0.02294228146071745,0.011471140730358724,0.008397457835395345,0.5,0.0004009623095429099,0.5
repeat_1_fold_3,PLA2G4C,0.0,0.0,0.0,0.0,0.0,0.0,0.0
repeat_1_fold_3,PLA2G5,0.0,0.0,0.0,0.0,0.0,0.0,0.0
repeat_1_fold_3,PLA2R1,-0.20966238111517121,0.2585281550969053,0.12926407754845265,-0.33892645866362386,0.0,0.0,0.5
repeat_1_fold_3,PLAC8,0.0,0.0,0.0,0.0,0.0,0.0,0.0
repeat_1_fold_3,PLCB3,0.0,0.0,0.0,0.0,0.0,0.0,0.0
repeat_1_fold_3,PLCB4,0.0,0.0,0.0,0.0,0.0,0.0,0.0
repeat_1_fold_3,PLCG2,0.036970609349847194,0.07394121869969439,0.036970609349847194,0.0,0.25,0.0009021651964715299,0.5
repeat_1_fold_3,PLEKHG6,0.0,0.0,0.0,0.0,0.0,0.0,0.0
repeat_1_fold_3,PLIN3,-0.08598585576685913,0.17697940656998673,0.08848970328499337,-0.1744755590518525,0.25,-0.0008051529790660261,0.5
repeat_1_fold_3,PLPP1,0.11039248769115595,0.12749386280774938,0.06374693140387469,0.04664555628728126,0.5,0.0025060144346431418,0.5
repeat_1_fold_3,PLXNA2,0.0,0.0,0.0,0.0,0.0,0.0,0.0
repeat_1_fold_3,PMEL,0.0,0.0,0.0,0.0,0.0,0.0,0.0
repeat_1_fold_3,PMF1,0.0,0.0,0.0,0.0,0.0,0.0,0.0
repeat_1_fold_3,PMM1,0.0,0.0,0.0,0.0,0.0,0.0,0.0
repeat_1_fold_3,PMPCB,0.0,0.0,0.0,0.0,0.0,0.0,0.0
repeat_1_fold_3,PMVK,-0.04122975707295673,0.07422816060294182,0.03711408030147091,-0.07834383737442764,0.0,0.0009021651964715438,0.5
repeat_1_fold_3,PODXL2,0.0,0.0,0.0,0.0,0.0,0.0,0.0
repeat_1_fold_3,POFUT1,0.11824974331780069,0.13654304227227276,0.06827152113613638,0.04997822218166431,0.5,-0.000100240577385724,0.5
repeat_1_fold_3,POFUT2,0.0,0.0,0.0,0.0,0.0,0.0,0.0
repeat_1_fold_3,POLH,0.0,0.0,0.0,0.0,0.0,0.0,0.0
repeat_1_fold_3,POLR2G,0.0,0.0,0.0,0.0,0.0,0.0,0.0
repeat_1_fold_3,POLR3E,0.0,0.0,0.0,0.0,0.0,0.0,0.0
repeat_1_fold_3,POLR3F,0.19242113935930405,0.22542903724419944,0.11271451862209972,0.07970662073720433,0.5,0.0012028869286287158,0.5
repeat_1_fold_3,POLR3G,-0.05715685267048087,0.09905989344301869,0.049529946721509344,-0.10668679939199022,0.0,0.0025060144346431418,0.5
repeat_1_fold_3,POLR3K,0.0,0.0,0.0,0.0,0.0,-0.00010064412238325326,0.5
repeat_1_fold_3,POMGNT1,0.0,0.0,0.0,0.0,0.0,0.0,0.0
repeat_1_fold_3,PON3,0.0,0.0,0.0,0.0,0.0,0.0,0.0
repeat_1_fold_3,PPFIBP2,0.0,0.0,0.0,0.0,0.0,0.0,0.0
repeat_1_fold_3,PPIL6,-0.14580129186647106,0.2705180348911749,0.13525901744558744,-0.2810603093120585,0.0,0.0005032206119162663,0.5
repeat_1_fold_3,PPIP5K1,0.0,0.0,0.0,0.0,0.0,0.0,0.0
repeat_1_fold_3,PPM1A,0.0,0.0,0.0,0.0,0.0,0.00040257648953301306,0.5
repeat_1_fold_3,PPM1D,-0.03079871952500568,0.0627760158806312,0.0313880079403156,-0.06218672746532128,0.25,-0.0005032206119162663,0.5
repeat_1_fold_3,PPP1CA,-0.034874575277536124,0.06974915055507225,0.034874575277536124,-0.06974915055507225,0.0,0.0,0.5
repeat_1_fold_3,PPP1R13B,0.0,0.0,0.0,0.0,0.0,0.0,0.0
repeat_1_fold_3,PPP2CB,0.0,0.0,0.0,0.0,0.0,0.0,0.0
repeat_1_fold_3,PPP6C,0.20291236160741732,0.2656201930462866,0.1328100965231433,0.07010226508427403,0.5,-0.0020128824476650653,1.0
repeat_1_fold_3,PRF1,0.0,0.0,0.0,0.0,0.0,0.0,0.0
repeat_1_fold_3,PRKAG2,-0.029776738247564438,0.055417211631932056,0.027708605815966028,-0.057485344063530466,0.0,-0.0016103059581320522,0.5
repeat_1_fold_3,PRKCZ,-0.12101723173080181,0.3978812575775224,0.1989406287887612,-0.319957860519563,0.25,0.0008051529790660261,0.5
repeat_1_fold_3,PRKD1,0.0,0.0,0.0,0.0,0.0,0.0,0.0
repeat_1_fold_3,PRKD3,0.0,0.0,0.0,0.0,0.0,0.0,0.0
repeat_1_fold_3,PRKRIP1,-0.03805216617524643,0.07610433235049285,0.03805216617524643,-0.07610433235049285,0.0,-0.000200481154771448,0.5
repeat_1_fold_3,PRND,-0.016521580318112683,0.033043160636225366,0.016521580318112683,-0.033043160636225366,0.0,-0.0005032206119162663,0.5
repeat_1_fold_3,PRNP,0.0,0.0,0.0,0.0,0.0,0.0,0.0
repeat_1_fold_3,PROZ,0.0,0.0,0.0,0.0,0.0,0.0,0.0
repeat_1_fold_3,PRPF18,0.0,0.0,0.0,0.0,0.0,0.0,0.0
repeat_1_fold_3,PRPF31,0.0,0.0,0.0,0.0,0.0,0.0,0.0
repeat_1_fold_3,PRPF4,0.0,0.0,0.0,0.0,0.0,0.0,0.0
repeat_1_fold_3,PRPF40A,0.0,0.0,0.0,0.0,0.0,0.0,0.0
repeat_1_fold_3,PSMD2,0.0,0.0,0.0,0.0,0.0,0.0,0.0
repeat_1_fold_3,PTEN,0.0,0.0,0.0,0.0,0.0,0.0026062550120288658,0.5
repeat_1_fold_3,PTH,0.0,0.0,0.0,0.0,0.0,0.0,0.0
repeat_1_fold_3,PTK2B,-0.003177590897710303,0.006355181795420606,0.003177590897710303,-0.006355181795420606,0.0,0.0015036086607858878,0.5
repeat_1_fold_3,PTP4A2,0.0,0.0,0.0,0.0,0.0,0.0,0.0
repeat_1_fold_3,PTPN2,0.0,0.0,0.0,0.0,0.0,0.0,0.0
repeat_1_fold_3,PTPN7,0.0,0.0,0.0,0.0,0.0,0.0,0.0
repeat_1_fold_3,PTRH2,0.16836917801318307,0.2194276609304947,0.10971383046524735,0.05865534754793572,0.5,0.0014033680834001638,0.5
repeat_1_fold_3,PXMP2,0.0868681108033833,0.1823082855695202,0.0911541427847601,-0.004286031981376795,0.25,-0.00050120288692862,0.5
repeat_1_fold_3,QPRT,0.0,0.0,0.0,0.0,0.0,0.0,0.0
repeat_1_fold_3,QTRT1,0.0,0.0,0.0,0.0,0.0,0.0,0.0
repeat_1_fold_3,RAB11A,0.0,0.0,0.0,0.0,0.0,0.0,0.0
repeat_1_fold_3,RAB38,0.04688844976562301,0.11481587477073757,0.057407937385368785,-0.010519487619745777,0.25,0.0020048115477145217,0.5
repeat_1_fold_3,RAB3GAP1,0.0,0.0,0.0,0.0,0.0,0.0,0.0
repeat_1_fold_3,RAB5A,-0.22439007022867408,0.26009117748844723,0.13004558874422362,-0.3544356589728977,0.0,0.0007045088566827729,0.5
repeat_1_fold_3,RAC1,0.0,0.0,0.0,0.0,0.0,0.0,0.0
repeat_1_fold_3,RAG1,0.08914894019519792,0.2305299720892714,0.1152649860446357,-0.026116045849437775,0.25,-0.002806736166800314,0.5
repeat_1_fold_3,RALB,0.0,0.0,0.0,0.0,0.0,0.0,0.0
repeat_1_fold_3,RAMP2,0.04437501078442807,0.05683104458508168,0.02841552229254084,0.01595948849188723,0.5,-0.0016103059581320522,0.5
repeat_1_fold_3,RAP1A,0.0,0.0,0.0,0.0,0.0,0.0,0.0
repeat_1_fold_3,RAP2B,0.0,0.0,0.0,0.0,0.0,0.0,0.0
repeat_1_fold_3,RASA3,0.0,0.0,0.0,0.0,0.0,0.0,0.0
repeat_1_fold_3,RASA4,-0.1537868701596814,0.17757862906311003,0.08878931453155502,-0.24257618469123643,0.0,0.0041223735677380635,1.0
repeat_1_fold_3,RASGRP1,0.0,0.0,0.0,0.0,0.0,0.0,0.0
repeat_1_fold_3,RB1,-0.14194875068410617,0.20914269688752815,0.10457134844376408,-0.24652009912787026,0.0,-0.0018115942028985588,0.5
repeat_1_fold_3,RBM25,0.0,0.0,0.0,0.0,0.0,0.0,0.0
repeat_1_fold_3,RBP1,0.0,0.0,0.0,0.0,0.0,0.0,0.0
repeat_1_fold_3,RBP4,-0.19407234713683685,0.2986400554880175,0.14932002774400874,-0.3433923748808456,0.0,-0.0003019323671497598,0.5
repeat_1_fold_3,RCAN3,0.0,0.0,0.0,0.0,0.0,0.0,0.0
repeat_1_fold_3,REN,-0.009826631969181321,0.18163942799206967,0.09081971399603483,-0.10064634596521616,0.25,9.741576240303307e-05,1.0
repeat_1_fold_3,REST,0.0,0.0,0.0,0.0,0.0,0.0,0.0
repeat_1_fold_3,RFC4,0.0,0.0,0.0,0.0,0.0,0.0,0.0
repeat_1_fold_3,RFC5,-0.11990920896099588,0.13908377688220835,0.06954188844110418,-0.18945109740210006,0.0,-0.0020128824476650653,0.5
repeat_1_fold_3,RGCC,0.0,0.0,0.0,0.0,0.0,0.0,0.0
repeat_1_fold_3,RGS11,0.0,0.0,0.0,0.0,0.0,0.0,0.0
repeat_1_fold_3,RGS20,0.0,0.0,0.0,0.0,0.0,0.0,0.0
repeat_1_fold_3,RHO,0.0,0.0,0.0,0.0,0.0,0.0,0.0
repeat_1_fold_3,RHOA,0.0,0.0,0.0,0.0,0.0,0.0,0.0
repeat_1_fold_3,RHOBTB2,0.0,0.0,0.0,0.0,0.0,0.0,0.0
repeat_1_fold_3,RHOBTB3,0.029734632749297774,0.23144871539051518,0.11572435769525759,-0.08598972494595981,0.25,-0.0013083735909822924,0.5
repeat_1_fold_3,RHOD,0.0,0.0,0.0,0.0,0.0,0.0,0.0
repeat_1_fold_3,RHOQ,0.0,0.0,0.0,0.0,0.0,0.0,0.0
repeat_1_fold_3,RHOT2,0.0,0.0,0.0,0.0,0.0,0.0,0.0
repeat_1_fold_3,RIOX1,0.5522943361278578,1.2987588831194548,0.6493794415597274,-0.09708510543186955,0.25,-0.002004811547714508,0.5
repeat_1_fold_3,RIT2,0.0,0.0,0.0,0.0,0.0,0.0,0.0
repeat_1_fold_3,RLN1,0.0,0.0,0.0,0.0,0.0,0.0,0.0
repeat_1_fold_3,RMND5A,-0.033040267006962054,0.13560021435599662,0.06780010717799831,-0.10084037418496036,0.25,0.0005012028869286339,0.5
repeat_1_fold_3,RND3,0.4044736532784583,0.5125644137689452,0.2562822068844726,0.14819144639398568,0.5,0.0029170653691242,1.0
repeat_1_fold_3,RNF115,0.0,0.0,0.0,0.0,0.0,0.0,0.0
repeat_1_fold_3,RNF139,0.0,0.0,0.0,0.0,0.0,0.0,0.0
repeat_1_fold_3,RNF2,0.0,0.0,0.0,0.0,0.0,0.0,0.0
repeat_1_fold_3,RNF7,0.0,0.0,0.0,0.0,0.0,0.0,0.0
repeat_1_fold_3,RNLS,0.0,0.0,0.0,0.0,0.0,0.0,0.0
repeat_1_fold_3,ROPN1,0.0,0.0,0.0,0.0,0.0,0.0,0.0
repeat_1_fold_3,RPA2,0.0,0.0,0.0,0.0,0.0,0.0,0.0
repeat_1_fold_3,RPA3,0.0,0.0,0.0,0.0,0.0,0.0,0.0
repeat_1_fold_3,RPAP2,0.0,0.0,0.0,0.0,0.0,0.0,0.0
repeat_1_fold_3,RPL18,0.0,0.0,0.0,0.0,0.0,0.0,0.0
repeat_1_fold_3,RPL21,0.0,0.0,0.0,0.0,0.0,0.0,0.0
repeat_1_fold_3,RPL22,0.0,0.0,0.0,0.0,0.0,0.0,0.0
repeat_1_fold_3,RPL35,0.045236827140684,0.090473654281368,0.045236827140684,0.0,0.25,0.0013031275060144398,0.5
repeat_1_fold_3,RPL37A,0.0,0.0,0.0,0.0,0.0,0.0,0.0
repeat_1_fold_3,RPL4,0.0,0.0,0.0,0.0,0.0,0.0,0.0
repeat_1_fold_3,RPLP2,0.0,0.0,0.0,0.0,0.0,0.0,0.0
repeat_1_fold_3,RPP25,0.02542490231300576,0.05084980462601152,0.02542490231300576,0.0,0.25,0.0004009623095429099,0.5
repeat_1_fold_3,RPRD2,0.0023633868144052883,0.17808878488204347,0.08904439244102173,-0.08668100562661644,0.5,0.0035177017434434993,1.0
repeat_1_fold_3,RPS10,0.0,0.0,0.0,0.0,0.0,0.0,0.0
repeat_1_fold_3,RPS3A,0.0,0.0,0.0,0.0,0.0,0.0,0.0
repeat_1_fold_3,RPS4X,0.0,0.0,0.0,0.0,0.0,0.0,0.0
repeat_1_fold_3,RPS6KA1,0.0,0.0,0.0,0.0,0.0,0.0012077294685990392,0.5
repeat_1_fold_3,RPS6KA5,0.0,0.0,0.0,0.0,0.0,0.0,0.0
repeat_1_fold_3,RPS8,0.0,0.0,0.0,0.0,0.0,0.0,0.0
repeat_1_fold_3,RTCB,0.0,0.0,0.0,0.0,0.0,0.0,0.0
repeat_1_fold_3,RUFY1,0.02542490231300576,0.05084980462601152,0.02542490231300576,0.0,0.25,0.0004009623095429099,0.5
repeat_1_fold_3,RXFP3,-0.17677332160258175,0.31188179164317026,0.15594089582158513,-0.33271421742416685,0.0,-0.00040257648953301306,0.5
repeat_1_fold_3,S100A10,0.0,0.0,0.0,0.0,0.0,0.0,0.0
repeat_1_fold_3,S100A12,0.0,0.0,0.0,0.0,0.0,0.0,0.0
repeat_1_fold_3,S100A7,-0.08190695734367637,0.179340957019652,0.089670478509826,-0.17157743585350238,0.25,-0.0025084357046283173,1.0
repeat_1_fold_3,SAP30,0.0,0.0,0.0,0.0,0.0,0.0,0.0
repeat_1_fold_3,SARS2,0.055307719437415415,0.18627664769329902,0.09313832384664951,-0.037830604409234095,0.75,0.0035124556584756744,1.0
repeat_1_fold_3,SBF1,0.0,0.0,0.0,0.0,0.0,0.0,0.0
repeat_1_fold_3,SCLY,0.0,0.0,0.0,0.0,0.0,0.0,0.0
repeat_1_fold_3,SCN11A,0.0,0.0,0.0,0.0,0.0,0.0,0.0
repeat_1_fold_3,SCN4A,0.036935032011948365,0.07387006402389673,0.036935032011948365,0.0,0.25,0.0,0.5
repeat_1_fold_3,SCNN1B,0.0,0.0,0.0,0.0,0.0,0.0,0.0
repeat_1_fold_3,SDC1,0.0,0.0,0.0,0.0,0.0,0.0,0.0
repeat_1_fold_3,SDHAF3,0.0,0.0,0.0,0.0,0.0,0.0,0.0
repeat_1_fold_3,SEC11A,0.0,0.0,0.0,0.0,0.0,0.0,0.0
repeat_1_fold_3,SEC22B,0.0,0.0,0.0,0.0,0.0,0.0,0.0
repeat_1_fold_3,SEC23A,-0.10662984729300362,0.12834968576190497,0.06417484288095249,-0.1708046901739561,0.0,0.004126409017713356,0.5
repeat_1_fold_3,SEC24B,0.0,0.0,0.0,0.0,0.0,0.0,0.0
repeat_1_fold_3,SELL,-0.3032243119961784,0.35233978348357714,0.17616989174178857,-0.47939420373796693,0.0,-0.0009057971014492794,0.5
repeat_1_fold_3,SEMA4A,0.0,0.0,0.0,0.0,0.0,0.0024057738572574178,0.5
repeat_1_fold_3,SENP2,0.0,0.0,0.0,0.0,0.0,0.0,0.0
repeat_1_fold_3,SEPTIN4,-0.02451232341438825,0.07910832285487888,0.03955416142743944,-0.0640664848418277,0.25,0.0030072173215717757,0.5
repeat_1_fold_3,SERPINB1,0.0,0.0,0.0,0.0,0.0,0.0,0.0
repeat_1_fold_3,SERPINB10,0.0,0.0,0.0,0.0,0.0,0.0,0.0
repeat_1_fold_3,SERPINB8,0.0,0.0,0.0,0.0,0.0,0.0,0.0
repeat_1_fold_3,SERPIND1,0.09152027372172533,0.22036330892536315,0.11018165446268158,-0.018661380740956246,0.75,-0.0012069223786039807,1.0
repeat_1_fold_3,SESN1,0.0,0.0,0.0,0.0,0.0,0.0,0.0
repeat_1_fold_3,SFRP1,0.0,0.0,0.0,0.0,0.0,0.0,0.0
repeat_1_fold_3,SGPP1,0.0,0.0,0.0,0.0,0.0,0.0,0.0
repeat_1_fold_3,SH2D2A,0.0,0.0,0.0,0.0,0.0,0.0,0.0
repeat_1_fold_3,SH3BP4,0.0,0.0,0.0,0.0,0.0,0.0,0.0
repeat_1_fold_3,SHB,0.0,0.0,0.0,0.0,0.0,0.0,0.0
repeat_1_fold_3,SI,0.013357152322377885,0.02671430464475577,0.013357152322377885,0.0,0.25,0.0014033680834001638,0.5
repeat_1_fold_3,SIN3B,0.0,0.0,0.0,0.0,0.0,0.0,0.0
repeat_1_fold_3,SKA1,0.0,0.0,0.0,0.0,0.0,0.001006441223832505,0.5
repeat_1_fold_3,SKIC2,0.0,0.0,0.0,0.0,0.0,0.0,0.0
repeat_1_fold_3,SLBP,0.0,0.0,0.0,0.0,0.0,0.0,0.0
repeat_1_fold_3,SLC12A5,0.0,0.0,0.0,0.0,0.0,0.0,0.0
repeat_1_fold_3,SLC13A2,0.0,0.0,0.0,0.0,0.0,0.0,0.0
repeat_1_fold_3,SLC15A3,0.04480887456041316,0.08961774912082632,0.04480887456041316,0.0,0.25,0.0035084202085004096,0.5
repeat_1_fold_3,SLC16A3,0.0,0.0,0.0,0.0,0.0,0.0,0.0
repeat_1_fold_3,SLC1A3,0.0,0.0,0.0,0.0,0.0,0.0,0.0
repeat_1_fold_3,SLC22A11,0.0,0.0,0.0,0.0,0.0,0.0,0.0
repeat_1_fold_3,SLC25A6,0.0,0.0,0.0,0.0,0.0,0.0,0.0
repeat_1_fold_3,SLC28A3,-0.3465238221343352,0.40062550325909096,0.20031275162954548,-0.5468365737638807,0.0,-0.0013083735909822924,0.5
repeat_1_fold_3,SLC29A2,0.0,0.0,0.0,0.0,0.0,0.0,0.0
repeat_1_fold_3,SLC2A10,0.0,0.0,0.0,0.0,0.0,0.0,0.0
repeat_1_fold_3,SLC30A1,0.0,0.0,0.0,0.0,0.0,0.0,0.0
repeat_1_fold_3,SLC35D2,0.0,0.0,0.0,0.0,0.0,0.0,0.0
repeat_1_fold_3,SLC38A2,0.0,0.0,0.0,0.0,0.0,0.0,0.0
repeat_1_fold_3,SLC39A6,-0.22472646347458358,0.2660845128162906,0.1330422564081453,-0.35776871988272885,0.0,-0.0014090177133655457,0.5
repeat_1_fold_3,SLC52A1,0.0,0.0,0.0,0.0,0.0,0.0,0.0
repeat_1_fold_3,SLC6A1,-0.8504103142383972,2.1575764940335613,1.0787882470167807,-1.9291985612551779,0.25,0.0002004811547714619,0.5
repeat_1_fold_3,SLC6A11,0.0,0.0,0.0,0.0,0.0,0.0,0.0
repeat_1_fold_3,SLC6A13,0.0,0.0,0.0,0.0,0.0,0.0,0.0
repeat_1_fold_3,SLC6A15,0.0,0.0,0.0,0.0,0.0,0.0,0.0
repeat_1_fold_3,SLC7A5,0.0,0.0,0.0,0.0,0.0,0.0,0.0
repeat_1_fold_3,SLC7A7,0.0,0.0,0.0,0.0,0.0,0.0,0.0
repeat_1_fold_3,SLC9A5,-0.020540933605575518,0.028399743297273856,0.014199871648636928,-0.03474080525421244,0.0,0.004721395762067246,1.0
repeat_1_fold_3,SLCO1A2,1.4550456644015242,1.6836263427679563,0.8418131713839782,0.613232493017546,0.5,-0.003909382518043292,0.5
repeat_1_fold_3,SLIT3,0.16749364052620663,0.20161544788135308,0.10080772394067654,0.0666859165855301,0.5,0.0,0.5
repeat_1_fold_3,SMAD5,0.0,0.0,0.0,0.0,0.0,0.0,0.0
repeat_1_fold_3,SMARCB1,0.0,0.0,0.0,0.0,0.0,0.0,0.0
repeat_1_fold_3,SMG9,0.0,0.0,0.0,0.0,0.0,0.0,0.0
repeat_1_fold_3,SMURF1,0.0,0.0,0.0,0.0,0.0,0.0,0.0
repeat_1_fold_3,SNCA,0.0,0.0,0.0,0.0,0.0,0.0,0.0
repeat_1_fold_3,SND1,0.0,0.0,0.0,0.0,0.0,0.0,0.0
repeat_1_fold_3,SNIP1,0.0,0.0,0.0,0.0,0.0,0.0,0.0
repeat_1_fold_3,SNRNP200,0.0,0.0,0.0,0.0,0.0,0.0,0.0
repeat_1_fold_3,SNX5,-0.09743000791303835,0.11776912622207127,0.05888456311103563,-0.15631457102407398,0.0,0.0016046563281666704,1.0
repeat_1_fold_3,SOAT2,0.0,0.0,0.0,0.0,0.0,0.0,0.0
repeat_1_fold_3,SPINK5,0.0,0.0,0.0,0.0,0.0,0.0,0.0
repeat_1_fold_3,SPOCK3,0.009934299282877035,0.1306271776642504,0.0653135888321252,-0.05537928954924816,0.25,-0.0007000698617099649,1.0
repeat_1_fold_3,SRD5A3,0.0,0.0,0.0,0.0,0.0,0.0,0.0
repeat_1_fold_3,SRP9,0.0,0.0,0.0,0.0,0.0,0.0,0.0
repeat_1_fold_3,SRPRB,0.010362251863147875,0.13136742294548434,0.06568371147274217,-0.055321459609594295,0.25,0.0017040898155573497,0.5
repeat_1_fold_3,SRRM2,0.0,0.0,0.0,0.0,0.0,0.0,0.0
repeat_1_fold_3,SRY,0.0,0.0,0.0,0.0,0.0,0.0,0.0
repeat_1_fold_3,SSB,-0.005487958162902373,0.010975916325804747,0.005487958162902373,-0.010975916325804747,0.0,-0.0007045088566827729,0.5
repeat_1_fold_3,ST8SIA3,0.0,0.0,0.0,0.0,0.0,0.0,0.0
repeat_1_fold_3,STARD5,0.03348904855734425,0.0669780971146885,0.03348904855734425,0.0,0.25,0.0010064412238325326,0.5
repeat_1_fold_3,STC2,-0.24647523578193464,0.2866974483075614,0.1433487241537807,-0.38982395993571534,0.0,0.00040257648953301306,0.5
repeat_1_fold_3,STXBP1,0.0,0.0,0.0,0.0,0.0,0.0,0.0
repeat_1_fold_3,SUCLG1,0.0,0.0,0.0,0.0,0.0,0.0,0.0
repeat_1_fold_3,SUZ12,0.0,0.0,0.0,0.0,0.0,0.0,0.0
repeat_1_fold_3,SYN3,0.15181141156031686,0.17092678305735645,0.08546339152867823,0.06634802003163863,0.75,-0.0017121607155078794,1.0
repeat_1_fold_3,TAB2,0.0,0.0,0.0,0.0,0.0,0.0,0.0
repeat_1_fold_3,TAC3,0.0,0.0,0.0,0.0,0.0,0.0,0.0
repeat_1_fold_3,TACO1,0.0,0.0,0.0,0.0,0.0,0.0,0.0
repeat_1_fold_3,TACR1,0.0,0.0,0.0,0.0,0.0,0.0,0.0
repeat_1_fold_3,TAF1,-0.11475323798282133,0.2087477916765776,0.1043738958382888,-0.21912713382111013,0.0,-0.002717391304347838,0.5
repeat_1_fold_3,TAF1C,0.00733785483033067,0.10897653468439207,0.054488267342196035,-0.047150412511865365,0.25,-0.0006038647342995196,0.5
repeat_1_fold_3,TAF5L,0.0,0.0,0.0,0.0,0.0,0.0,0.0
repeat_1_fold_3,TANK,0.0,0.0,0.0,0.0,0.0,0.0,0.0
repeat_1_fold_3,TAOK3,0.0,0.0,0.0,0.0,0.0,0.0,0.0
repeat_1_fold_3,TARS1,0.0,0.0,0.0,0.0,0.0,0.0,0.0
repeat_1_fold_3,TAS2R14,0.0,0.0,0.0,0.0,0.0,0.0,0.0
repeat_1_fold_3,TAS2R3,0.0,0.0,0.0,0.0,0.0,0.0,0.0
repeat_1_fold_3,TATDN2,0.0,0.0,0.0,0.0,0.0,0.0,0.0
repeat_1_fold_3,TBCE,0.0,0.0,0.0,0.0,0.0,0.0,0.0
repeat_1_fold_3,TBK1,0.0,0.0,0.0,0.0,0.0,0.0,0.0
repeat_1_fold_3,TBX2,0.0,0.0,0.0,0.0,0.0,0.0,0.0
repeat_1_fold_3,TCF12,0.0014686048754395387,0.0029372097508790773,0.0014686048754395387,0.0,0.25,0.0,0.5
repeat_1_fold_3,TERF1,0.0,0.0,0.0,0.0,0.0,0.0,0.0
repeat_1_fold_3,TEX2,0.0,0.0,0.0,0.0,0.0,0.0,0.0
repeat_1_fold_3,TFAP2A,0.0,0.0,0.0,0.0,0.0,0.0,0.0
repeat_1_fold_3,TFDP1,0.0,0.0,0.0,0.0,0.0,0.0,0.0
repeat_1_fold_3,TFEB,0.0,0.0,0.0,0.0,0.0,0.0,0.0
repeat_1_fold_3,TFG,0.11540471269018404,0.1755809979917062,0.0877904989958531,0.02761421369433094,0.5,-0.0016038492381716118,0.5
repeat_1_fold_3,TFRC,0.0,0.0,0.0,0.0,0.0,0.0,0.0
repeat_1_fold_3,TGFA,0.0,0.0,0.0,0.0,0.0,0.0,0.0
repeat_1_fold_3,THBS4,0.0,0.0,0.0,0.0,0.0,0.0,0.0
repeat_1_fold_3,THRA,0.0,0.0,0.0,0.0,0.0,0.0,0.0
repeat_1_fold_3,THSD4,0.0,0.0,0.0,0.0,0.0,0.0,0.0
repeat_1_fold_3,TIMELESS,0.0,0.0,0.0,0.0,0.0,0.0,0.0
repeat_1_fold_3,TIMM13,0.0,0.0,0.0,0.0,0.0,0.0,0.0
repeat_1_fold_3,TLL2,0.0,0.0,0.0,0.0,0.0,0.0,0.0
repeat_1_fold_3,TLR6,-0.027842464940341927,0.04759004836943972,0.02379502418471986,-0.05163748912506179,0.0,0.000200481154771448,0.5
repeat_1_fold_3,TLR8,0.7623947398877782,1.5073034016235456,0.7536517008117728,0.008743039076005377,0.5,-0.0014033680834001638,0.5
repeat_1_fold_3,TMBIM1,0.0,0.0,0.0,0.0,0.0,-0.00040257648953301306,0.5
repeat_1_fold_3,TMOD2,0.0,0.0,0.0,0.0,0.0,0.0,0.0
repeat_1_fold_3,TMPO,0.0,0.0,0.0,0.0,0.0,0.0,0.0
repeat_1_fold_3,TMT1A,0.0,0.0,0.0,0.0,0.0,0.0,0.0
repeat_1_fold_3,TNFRSF10B,0.0,0.0,0.0,0.0,0.0,0.0,0.0
repeat_1_fold_3,TNFRSF12A,0.0,0.0,0.0,0.0,0.0,0.0,0.0
repeat_1_fold_3,TNFRSF1A,0.0,0.0,0.0,0.0,0.0,0.0,0.0
repeat_1_fold_3,TNFSF13,0.0,0.0,0.0,0.0,0.0,0.0,0.0
repeat_1_fold_3,TNFSF15,0.19731360703351442,0.3004116839079219,0.15020584195396094,0.04710776507955347,0.5,-0.0025060144346431418,0.5
repeat_1_fold_3,TNFSF8,0.0,0.0,0.0,0.0,0.0,0.0,0.0
repeat_1_fold_3,TNIK,0.0,0.0,0.0,0.0,0.0,0.0,0.0
repeat_1_fold_3,TNKS2,-0.013075596863505012,0.026151193727010025,0.013075596863505012,-0.026151193727010025,0.0,-0.001107085346215786,0.5
repeat_1_fold_3,TNN,0.0,0.0,0.0,0.0,0.0,0.0,0.0
repeat_1_fold_3,TNNI2,0.0,0.0,0.0,0.0,0.0,0.0,0.0
repeat_1_fold_3,TNPO1,0.0,0.0,0.0,0.0,0.0,0.0,0.0
repeat_1_fold_3,TOMM22,0.0,0.0,0.0,0.0,0.0,0.0,0.0
repeat_1_fold_3,TOMM70,0.0,0.0,0.0,0.0,0.0,0.0,0.0
repeat_1_fold_3,TPK1,0.0,0.0,0.0,0.0,0.0,0.0,0.0
repeat_1_fold_3,TPST1,0.0,0.0,0.0,0.0,0.0,0.0,0.0
repeat_1_fold_3,TPTE,0.0,0.0,0.0,0.0,0.0,0.0,0.0
repeat_1_fold_3,TRA2B,0.0,0.0,0.0,0.0,0.0,0.0,0.0
repeat_1_fold_3,TRAF3,0.02542490231300576,0.05084980462601152,0.02542490231300576,0.0,0.25,0.0014033680834001638,0.5
repeat_1_fold_3,TRIB3,0.05240937282123781,0.06417356492294217,0.032086782461471085,0.020322590359766725,0.5,0.00020128824476650653,0.5
repeat_1_fold_3,TRIM14,0.0,0.0,0.0,0.0,0.0,0.0,0.0
repeat_1_fold_3,TRIM21,-0.12565221798881332,0.1831869620298094,0.0915934810149047,-0.21724569900371804,0.25,0.0004975709819508845,1.0
repeat_1_fold_3,TRIM25,0.0,0.0,0.0,0.0,0.0,0.0,0.0
repeat_1_fold_3,TRIM26,0.0,0.0,0.0,0.0,0.0,0.0,0.0
repeat_1_fold_3,TRIM33,0.013305363933721281,0.09013304634534837,0.045066523172674185,-0.0317611592389529,0.25,-0.0014090177133655457,0.5
repeat_1_fold_3,TRIM36,0.0,0.0,0.0,0.0,0.0,0.0,0.0
repeat_1_fold_3,TRIM37,0.0,0.0,0.0,0.0,0.0,0.0,0.0
repeat_1_fold_3,TRIM68,0.0,0.0,0.0,0.0,0.0,0.0,0.0
repeat_1_fold_3,TRPC4AP,0.0,0.0,0.0,0.0,0.0,0.0,0.0
repeat_1_fold_3,TRPV2,0.0,0.0,0.0,0.0,0.0,0.0,0.0
repeat_1_fold_3,TSC22D1,0.0,0.0,0.0,0.0,0.0,0.0,0.0
repeat_1_fold_3,TSFM,0.0,0.0,0.0,0.0,0.0,0.0,0.0
repeat_1_fold_3,TTPA,0.0,0.0,0.0,0.0,0.0,0.0,0.0
repeat_1_fold_3,TUBA1C,0.02542490231300576,0.05084980462601152,0.02542490231300576,0.0,0.25,0.0015036086607858878,0.5
repeat_1_fold_3,TWIST1,0.0,0.0,0.0,0.0,0.0,0.0,0.0
repeat_1_fold_3,TYMP,0.08248894453674893,0.09613835273672675,0.04806917636836337,0.03441976816838556,0.5,0.0006014434643143579,0.5
repeat_1_fold_3,U2AF2,0.0,0.0,0.0,0.0,0.0,0.0,0.0
repeat_1_fold_3,UBAC1,0.0,0.0,0.0,0.0,0.0,0.0,0.0
repeat_1_fold_3,UBE2D2,0.0,0.0,0.0,0.0,0.0,0.0,0.0
repeat_1_fold_3,UBE2I,0.0,0.0,0.0,0.0,0.0,0.0,0.0
repeat_1_fold_3,UBR2,0.0014686048754395387,0.0029372097508790773,0.0014686048754395387,0.0,0.25,-0.00040257648953301306,0.5
repeat_1_fold_3,UCP2,0.0,0.0,0.0,0.0,0.0,0.0,0.0
repeat_1_fold_3,UGGT2,0.0,0.0,0.0,0.0,0.0,0.0006014434643143579,0.5
repeat_1_fold_3,UNC5C,0.04480887456041316,0.08961774912082632,0.04480887456041316,0.0,0.25,0.0012028869286287158,0.5
repeat_1_fold_3,UNC93B1,0.0,0.0,0.0,0.0,0.0,0.0,0.0
repeat_1_fold_3,UPF3B,-0.1155932869269023,0.13347563064752138,0.06673781532376069,-0.18233110225066299,0.0,0.0016103059581320245,0.5
repeat_1_fold_3,UQCC1,-0.2368453545807192,0.33822296794031137,0.16911148397015568,-0.4059568385508749,0.25,0.0027044778644269574,1.0
repeat_1_fold_3,USO1,0.16944383851376088,0.19623773597292543,0.09811886798646272,0.07132497052729816,0.5,-0.005334138486312423,0.5
repeat_1_fold_3,USP20,0.0,0.0,0.0,0.0,0.0,0.0,0.0
repeat_1_fold_3,USP7,0.0,0.0,0.0,0.0,0.0,0.0,0.0
repeat_1_fold_3,UTP6,0.0,0.0,0.0,0.0,0.0,0.0,0.0
repeat_1_fold_3,UTRN,0.0,0.0,0.0,0.0,0.0,0.0,0.0
repeat_1_fold_3,VCAN,0.0,0.0,0.0,0.0,0.0,0.0,0.0
repeat_1_fold_3,VCPIP1,0.0,0.0,0.0,0.0,0.0,0.0,0.0
repeat_1_fold_3,VEGFA,0.0,0.0,0.0,0.0,0.0,0.0,0.0
repeat_1_fold_3,VPS16,-0.10806987398878931,0.13207720043240512,0.06603860021620256,-0.17410847420499187,0.0,0.0027064955894146037,0.5
repeat_1_fold_3,WAC,-0.026151193727010025,0.03019679747583858,0.01509839873791929,-0.04124959246492932,0.0,0.0007045088566827729,0.5
repeat_1_fold_3,WNT5A,0.0,0.0,0.0,0.0,0.0,0.0,0.0
repeat_1_fold_3,XCL1,0.0,0.0,0.0,0.0,0.0,0.0,0.0
repeat_1_fold_3,XPC,0.0,0.0,0.0,0.0,0.0,0.0,0.0
repeat_1_fold_3,YKT6,0.0,0.0,0.0,0.0,0.0,0.0,0.0
repeat_1_fold_3,YWHAB,0.0,0.0,0.0,0.0,0.0,0.0,0.0
repeat_1_fold_3,YWHAZ,0.0,0.0,0.0,0.0,0.0,0.0,0.0
repeat_1_fold_3,YY1,0.0,0.0,0.0,0.0,0.0,0.0,0.0
repeat_1_fold_3,ZBED1,0.22183655638280442,0.35273680491192533,0.17636840245596266,0.04546815392684175,0.5,0.0052125100240577454,0.5
repeat_1_fold_3,ZC3H12A,-0.16798928111606237,0.38271924144576114,0.19135962072288057,-0.35934890183894297,0.5,-0.0033107638687116386,1.0
repeat_1_fold_3,ZC3H15,-0.16189352662419587,0.1893804816174958,0.0946902408087479,-0.25658376743294375,0.0,0.00010064412238325326,0.5
repeat_1_fold_3,ZFP2,0.0,0.0,0.0,0.0,0.0,0.0,0.0
repeat_1_fold_3,ZFYVE9,0.0,0.0,0.0,0.0,0.0,0.0,0.0
repeat_1_fold_3,ZIC1,0.0,0.0,0.0,0.0,0.0,0.0,0.0
repeat_1_fold_3,ZKSCAN1,0.0,0.0,0.0,0.0,0.0,0.0,0.0
repeat_1_fold_3,ZKSCAN5,0.0,0.0,0.0,0.0,0.0,0.0,0.0
repeat_1_fold_3,ZKSCAN7,0.0,0.0,0.0,0.0,0.0,0.0,0.0
repeat_1_fold_3,ZNF140,0.0,0.0,0.0,0.0,0.0,0.0,0.0
repeat_1_fold_3,ZNF154,0.0,0.0,0.0,0.0,0.0,0.0,0.0
repeat_1_fold_3,ZNF175,0.6736004001078371,1.3784042150224576,0.6892021075112288,-0.015601707403391729,0.25,-0.002405773857257404,0.5
repeat_1_fold_3,ZNF221,0.0,0.0,0.0,0.0,0.0,0.0,0.0
repeat_1_fold_3,ZNF266,0.0,0.0,0.0,0.0,0.0,0.0,0.0
repeat_1_fold_3,ZNF268,0.0,0.0,0.0,0.0,0.0,0.0,0.0
repeat_1_fold_3,ZNF282,0.0,0.0,0.0,0.0,0.0,0.0,0.0
repeat_1_fold_3,ZNF304,0.0,0.0,0.0,0.0,0.0,0.0,0.0
repeat_1_fold_3,ZNF34,-0.14891584408611713,0.35583194700985676,0.17791597350492838,-0.3268318175910455,0.5,-0.0048305143293986275,1.0
repeat_1_fold_3,ZNF419,-0.1467794609367985,0.1951715466770651,0.09758577333853255,-0.24436523427533105,0.0,0.001409017713365518,0.5
repeat_1_fold_3,ZNF45,0.0,0.0,0.0,0.0,0.0,0.0,0.0
repeat_1_fold_3,ZNF460,-0.034874575277536124,0.06974915055507225,0.034874575277536124,-0.06974915055507225,0.0,0.000100240577385724,0.5
repeat_1_fold_3,ZNF473,0.0,0.0,0.0,0.0,0.0,0.0,0.0
repeat_1_fold_3,ZNF528,0.1620964323342875,0.22542663576915442,0.11271331788457721,0.04938311444971029,0.5,0.0017040898155573359,0.5
repeat_1_fold_3,ZNF589,0.0018343082705722935,0.07320323458766792,0.03660161729383396,-0.03476730902326167,0.25,-0.0017040898155573359,0.5
repeat_1_fold_3,ZNF675,0.0,0.0,0.0,0.0,0.0,0.0,0.0
repeat_1_fold_3,ZNF682,0.0,0.0,0.0,0.0,0.0,0.0,0.0
repeat_1_fold_3,ZNF696,0.0,0.0,0.0,0.0,0.0,0.0,0.0
repeat_1_fold_3,ZNF747,-0.05485943371257207,0.11366888438821869,0.056834442194109346,-0.11169387590668142,0.25,0.0010064412238325326,0.5
repeat_1_fold_3,ZWILCH,-0.0012601616172975838,0.002520323234595167,0.0012601616172975836,-0.0025203232345951676,0.0,0.0003019323671497598,0.5
repeat_1_fold_4,A1CF,0.0,0.0,0.0,0.0,0.0,0.0,0.0
repeat_1_fold_4,A2M,0.0,0.0,0.0,0.0,0.0,0.0,0.0
repeat_1_fold_4,A4GNT,0.0,0.0,0.0,0.0,0.0,0.0,0.0
repeat_1_fold_4,AAAS,-0.06225770752178583,0.08375373872235146,0.04187686936117573,-0.10413457688296157,0.0,-0.0006192416237831844,1.0
repeat_1_fold_4,AACS,0.0,0.0,0.0,0.0,0.0,-0.00041876046901173636,0.5
repeat_1_fold_4,AADAC,0.0,0.0,0.0,0.0,0.0,0.0,0.0
repeat_1_fold_4,AAK1,0.0,0.0,0.0,0.0,0.0,0.0,0.0
repeat_1_fold_4,AAMP,0.0,0.0,0.0,0.0,0.0,0.0,0.0
repeat_1_fold_4,AANAT,0.0,0.0,0.0,0.0,0.0,0.0,0.0
repeat_1_fold_4,AARS1,0.0,0.0,0.0,0.0,0.0,0.0,0.0
repeat_1_fold_4,AASDHPPT,0.0,0.0,0.0,0.0,0.0,0.0,0.0
repeat_1_fold_4,AASS,0.0,0.0,0.0,0.0,0.0,-0.0006281407035176045,0.5
repeat_1_fold_4,ABCA1,-0.07870929197286713,0.09088566181651939,0.04544283090825969,-0.12415212288112683,0.0,-0.0008553190974922853,1.0
repeat_1_fold_4,ABCA12,0.0,0.0,0.0,0.0,0.0,0.0,0.0
repeat_1_fold_4,ABCA2,0.15433254693735243,0.19889442446677813,0.09944721223338907,0.05488533470396337,0.5,-0.00041876046901173636,0.5
repeat_1_fold_4,ABCA3,0.0,0.0,0.0,0.0,0.0,0.0,0.0
repeat_1_fold_4,ABCA4,-0.03935464598643357,0.07870929197286713,0.03935464598643357,-0.07870929197286713,0.0,0.0002182793142402606,1.0
repeat_1_fold_4,ABCA5,-0.07415150121092218,0.14830300242184435,0.07415150121092218,-0.14830300242184435,0.0,-0.00020938023450589593,0.5
repeat_1_fold_4,ABCA6,0.0,0.0,0.0,0.0,0.0,0.0,0.0
repeat_1_fold_4,ABCA7,-0.014882714070649783,0.029765428141299566,0.014882714070649783,-0.029765428141299566,0.0,-0.0012028869286287158,0.5
repeat_1_fold_4,ABCA8,0.0,0.0,0.0,0.0,0.0,0.0,0.0
repeat_1_fold_4,ABCB1,0.0,0.0,0.0,0.0,0.0,0.0,0.0
repeat_1_fold_4,ABCB4,0.0,0.0,0.0,0.0,0.0,0.0,0.0
repeat_1_fold_4,ABCB6,-0.03664701900372336,0.07329403800744672,0.03664701900372336,-0.07329403800744672,0.0,0.000601443464314344,0.5
repeat_1_fold_4,ABCB7,0.0,0.0,0.0,0.0,0.0,0.0,0.0
repeat_1_fold_4,ABCB8,0.0,0.0,0.0,0.0,0.0,0.0,0.0
repeat_1_fold_4,ABCB9,-0.07415150121092218,0.14830300242184435,0.07415150121092218,-0.14830300242184435,0.0,-0.0008375209380234727,0.5
repeat_1_fold_4,ABCC1,0.0,0.0,0.0,0.0,0.0,0.0,0.5
repeat_1_fold_4,ABCC10,0.0,0.0,0.0,0.0,0.0,0.0,0.0
repeat_1_fold_4,ABCC2,0.014239394171527309,0.02847878834305462,0.01423939417152731,-1.734723475976807e-18,0.25,0.0014656616415410217,0.5
repeat_1_fold_4,ABCC3,0.0,0.0,0.0,0.0,0.0,0.0,0.0
repeat_1_fold_4,ABCC4,0.0,0.0,0.0,0.0,0.0,0.0,0.0
repeat_1_fold_4,ABCC5,0.0,0.0,0.0,0.0,0.0,0.0,0.0
repeat_1_fold_4,ABCC6,0.0,0.0,0.0,0.0,0.0,0.0,0.0
repeat_1_fold_4,ABCC8,0.0,0.0,0.0,0.0,0.0,0.0,0.0
repeat_1_fold_4,ABCC9,0.0,0.0,0.0,0.0,0.0,0.0,0.0
repeat_1_fold_4,ABCD1,0.0,0.0,0.0,0.0,0.0,0.0,0.0
repeat_1_fold_4,ABCD2,0.02771405358950574,0.03200143260047371,0.016000716300236854,0.011713337289268884,0.5,0.000400962309542896,0.5
repeat_1_fold_4,ABCD3,0.0,0.0,0.0,0.0,0.0,0.0,0.0
repeat_1_fold_4,ABCD4,0.0,0.0,0.0,0.0,0.0,0.0,0.0
repeat_1_fold_4,ABCF2,0.0,0.0,0.0,0.0,0.0,0.0,0.0
repeat_1_fold_4,ABCG2,0.0,0.0,0.0,0.0,0.0,0.0,0.0
repeat_1_fold_4,ABCG4,0.0,0.0,0.0,0.0,0.0,0.0,0.0
repeat_1_fold_4,ABCG5,0.0,0.0,0.0,0.0,0.0,0.00020938023450586818,0.5
repeat_1_fold_4,ABHD10,0.26503574513744965,0.30614806050145066,0.15307403025072533,0.11196171488672432,0.5,0.001202886928628688,0.5
repeat_1_fold_4,ABHD17A,0.061475778690493144,0.13675362013589565,0.06837681006794782,-0.0069010313774546805,0.25,0.0,0.5
repeat_1_fold_4,ABHD17B,0.0,0.0,0.0,0.0,0.0,0.0,0.5
repeat_1_fold_4,ABHD3,0.0,0.0,0.0,0.0,0.0,0.0,0.0
repeat_1_fold_4,ABHD4,0.5165042316289608,0.6197872556890837,0.30989362784454183,0.20661060378441892,0.5,-0.0018043303929430599,0.5
repeat_1_fold_4,ABHD5,0.0,0.0,0.0,0.0,0.0,0.0,0.0
repeat_1_fold_4,ABHD6,-0.05562568503654397,0.06423518463136745,0.03211759231568372,-0.0877432773522277,0.0,-0.000801924619085792,0.5
repeat_1_fold_4,ABI1,0.0,0.0,0.0,0.0,0.0,0.000837520938023445,0.5
repeat_1_fold_4,ABI2,0.0,0.0,0.0,0.0,0.0,0.0,0.0
repeat_1_fold_4,ABL1,0.04448899962202901,0.14103276302396672,0.07051638151198336,-0.02602738188995435,0.25,-0.0008375209380234727,0.5
repeat_1_fold_4,ABL2,0.0,0.0,0.0,0.0,0.0,0.0,0.0
repeat_1_fold_4,ABLIM1,0.0,0.0,0.0,0.0,0.0,0.0,0.0
repeat_1_fold_4,ABLIM3,-0.05007359229141173,0.13956695095117877,0.06978347547558938,-0.11985706776700111,0.25,0.0,0.5
repeat_1_fold_4,ABR,0.0,0.0,0.0,0.0,0.0,0.0,0.0
repeat_1_fold_4,ABRAXAS2,0.0,0.0,0.0,0.0,0.0,0.0,0.0
repeat_1_fold_4,ACAA2,0.0,0.0,0.0,0.0,0.0,-0.000801924619085792,0.5
repeat_1_fold_4,ACACA,0.0,0.0,0.0,0.0,0.0,0.0,0.0
repeat_1_fold_4,ACACB,0.0,0.0,0.0,0.0,0.0,-0.000200481154771448,0.5
repeat_1_fold_4,ACAD10,0.0,0.0,0.0,0.0,0.0,0.0,0.0
repeat_1_fold_4,ACADM,0.0,0.0,0.0,0.0,0.0,-0.0012562814070351813,0.5
repeat_1_fold_4,ACADS,0.0,0.0,0.0,0.0,0.0,0.0,0.0
repeat_1_fold_4,ACADSB,-0.03935464598643357,0.07870929197286713,0.03935464598643357,-0.07870929197286713,0.0,0.0014656616415410217,0.5
repeat_1_fold_4,ACADVL,0.0,0.0,0.0,0.0,0.0,0.0,0.0
repeat_1_fold_4,ACAN,0.0,0.0,0.0,0.0,0.0,0.0,0.0
repeat_1_fold_4,ACAT2,0.0,0.0,0.0,0.0,0.0,0.0,0.0
repeat_1_fold_4,ACBD3,0.0,0.0,0.0,0.0,0.0,0.0,0.0
repeat_1_fold_4,ACBD4,0.0,0.0,0.0,0.0,0.0,0.0,0.0
repeat_1_fold_4,ACD,0.0,0.0,0.0,0.0,0.0,0.0,0.0
repeat_1_fold_4,ACE,0.0,0.0,0.0,0.0,0.0,0.0,0.0
repeat_1_fold_4,ACE2,0.0,0.0,0.0,0.0,0.0,0.0,0.0
repeat_1_fold_4,ACHE,0.0,0.0,0.0,0.0,0.0,0.0,0.0
repeat_1_fold_4,ACIN1,0.11068097090348061,0.12990149094798192,0.06495074547399096,0.04573022542948965,0.5,-0.0006281407035176045,0.5
repeat_1_fold_4,ACKR1,0.0715782547272692,0.1431565094545384,0.0715782547272692,0.0,0.25,-0.000601443464314344,0.5
repeat_1_fold_4,ACKR2,0.0,0.0,0.0,0.0,0.0,0.0,0.0
repeat_1_fold_4,ACKR3,-0.02253733549717296,0.04507467099434592,0.02253733549717296,-0.04507467099434592,0.0,0.0,0.5
repeat_1_fold_4,ACKR4,0.0,0.0,0.0,0.0,0.0,0.0,0.0
repeat_1_fold_4,ACLY,0.0,0.0,0.0,0.0,0.0,0.00020938023450586818,0.5
repeat_1_fold_4,ACO1,0.0,0.0,0.0,0.0,0.0,0.0,0.0
repeat_1_fold_4,ACO2,0.0,0.0,0.0,0.0,0.0,0.0,0.0
repeat_1_fold_4,ACOT11,0.0,0.0,0.0,0.0,0.0,0.0012206850880975006,1.0
repeat_1_fold_4,ACOT2,0.0,0.0,0.0,0.0,0.0,0.0,0.0
repeat_1_fold_4,ACOT7,0.0,0.0,0.0,0.0,0.0,0.0,0.0
repeat_1_fold_4,ACOT9,0.20689950774551313,0.2390493291251062,0.1195246645625531,0.08737484318296003,0.5,-0.00020048115477147577,0.5
repeat_1_fold_4,ACOX1,0.0,0.0,0.0,0.0,0.0,0.0,0.0
repeat_1_fold_4,ACOX2,-0.07870929197286713,0.09088566181651939,0.04544283090825969,-0.12415212288112683,0.0,-0.0008375209380234727,0.5
repeat_1_fold_4,ACOX3,0.0,0.0,0.0,0.0,0.0,0.0,0.0
repeat_1_fold_4,ACOXL,0.3320654093417694,0.39143824535097854,0.19571912267548927,0.13634628666628015,0.5,-0.0031407035175879394,0.5
repeat_1_fold_4,ACP3,0.4572541756368089,0.5279916544491391,0.26399582722456955,0.19325834841223938,0.5,0.002405773857257404,0.5
repeat_1_fold_4,ACP5,0.0,0.0,0.0,0.0,0.0,0.0,0.0
repeat_1_fold_4,ACP6,0.0,0.0,0.0,0.0,0.0,-0.000200481154771448,0.5
repeat_1_fold_4,ACR,0.13765785717327894,0.2753157143465579,0.13765785717327894,0.0,0.25,-0.0008019246190858198,0.5
repeat_1_fold_4,ACSBG1,0.0,0.0,0.0,0.0,0.0,0.0,0.0
repeat_1_fold_4,ACSBG2,0.0,0.0,0.0,0.0,0.0,0.0,0.0
repeat_1_fold_4,ACSF2,0.0,0.0,0.0,0.0,0.0,0.0,0.0
repeat_1_fold_4,ACSL1,0.0,0.0,0.0,0.0,0.0,0.0,0.0
repeat_1_fold_4,ACSL3,0.13558078041129207,0.45032542934157094,0.22516271467078547,-0.0895819342594934,0.5,0.0026952458093729426,1.0
repeat_1_fold_4,ACSL4,0.0,0.0,0.0,0.0,0.0,0.0,0.0
repeat_1_fold_4,ACSL6,0.02429464211791199,0.06278591254235119,0.031392956271175596,-0.007098314153263605,0.25,0.000400962309542896,0.5
repeat_1_fold_4,ACSM1,0.0,0.0,0.0,0.0,0.0,0.0,0.0
repeat_1_fold_4,ACSM2A,0.0,0.0,0.0,0.0,0.0,0.0,0.0
repeat_1_fold_4,ACSM3,0.05082000512482132,0.15335401722211772,0.07667700861105886,-0.02585700348623754,0.25,0.0,0.5
repeat_1_fold_4,ACSM5,0.0,0.0,0.0,0.0,0.0,0.0,0.0
repeat_1_fold_4,ACSS3,0.0,0.0,0.0,0.0,0.0,0.0,0.0
repeat_1_fold_4,ACTA1,0.0,0.0,0.0,0.0,0.0,0.0,0.0
repeat_1_fold_4,ACTA2,0.0,0.0,0.0,0.0,0.0,0.0,0.0
repeat_1_fold_4,ACTB,0.0,0.0,0.0,0.0,0.0,0.0,0.0
repeat_1_fold_4,ACTC1,0.0,0.0,0.0,0.0,0.0,0.0,0.0
repeat_1_fold_4,ACTG1,0.0,0.0,0.0,0.0,0.0,0.0,0.0
repeat_1_fold_4,ACTG2,0.0,0.0,0.0,0.0,0.0,0.0,0.0
repeat_1_fold_4,ACTL6A,0.0,0.0,0.0,0.0,0.0,0.0,0.0
repeat_1_fold_4,ACTL6B,0.0,0.0,0.0,0.0,0.0,0.0,0.0
repeat_1_fold_4,ACTN1,0.0,0.0,0.0,0.0,0.0,0.0,0.0
repeat_1_fold_4,ACTN2,0.0,0.0,0.0,0.0,0.0,0.0,0.0
repeat_1_fold_4,ACTN3,0.0,0.0,0.0,0.0,0.0,0.0,0.0
repeat_1_fold_4,ACTN4,0.0,0.0,0.0,0.0,0.0,0.0,0.0
repeat_1_fold_4,ACTR10,0.0,0.0,0.0,0.0,0.0,0.0,0.0
repeat_1_fold_4,ACTR1A,0.0,0.0,0.0,0.0,0.0,0.0,0.0
repeat_1_fold_4,ACTR1B,0.0,0.0,0.0,0.0,0.0,0.0,0.0
repeat_1_fold_4,ACTR2,0.0,0.0,0.0,0.0,0.0,0.0,0.0
repeat_1_fold_4,ACTR3,0.0,0.0,0.0,0.0,0.0,0.0,0.0
repeat_1_fold_4,ACTR5,0.0,0.0,0.0,0.0,0.0,0.0,0.0
repeat_1_fold_4,ACTR8,0.0,0.0,0.0,0.0,0.0,0.0,0.0
repeat_1_fold_4,ACVR1B,0.0,0.0,0.0,0.0,0.0,0.0,0.0
repeat_1_fold_4,ACVR2A,0.0,0.0,0.0,0.0,0.0,0.0,0.0
repeat_1_fold_4,ACVR2B,0.0,0.0,0.0,0.0,0.0,0.0,0.0
repeat_1_fold_4,ACVRL1,0.0,0.0,0.0,0.0,0.0,0.0,0.0
repeat_1_fold_4,ACY1,0.0,0.0,0.0,0.0,0.0,0.0,0.0
repeat_1_fold_4,ADA,0.0,0.0,0.0,0.0,0.0,0.0,0.0
repeat_1_fold_4,ADA2,0.0,0.0,0.0,0.0,0.0,0.0,0.0
repeat_1_fold_4,ADAM10,0.0,0.0,0.0,0.0,0.0,0.0,0.0
repeat_1_fold_4,ADAM11,0.0,0.0,0.0,0.0,0.0,0.0,0.0
repeat_1_fold_4,ADAM12,0.0,0.0,0.0,0.0,0.0,0.0,0.0
repeat_1_fold_4,ADAM15,0.0,0.0,0.0,0.0,0.0,0.0,0.0
repeat_1_fold_4,ADAM17,0.07156663442597377,0.22452474913076578,0.11226237456538289,-0.04069574013940912,0.25,8.899079734392412e-06,1.0
repeat_1_fold_4,ADAM2,0.0,0.0,0.0,0.0,0.0,0.0,0.0
repeat_1_fold_4,ADAM20,0.0,0.0,0.0,0.0,0.0,0.0,0.0
repeat_1_fold_4,ADAM22,0.0,0.0,0.0,0.0,0.0,0.0,0.0
repeat_1_fold_4,ADAM23,0.0,0.0,0.0,0.0,0.0,0.0,0.0
repeat_1_fold_4,ADAM30,0.0,0.0,0.0,0.0,0.0,0.0,0.0
repeat_1_fold_4,ADAM8,0.0,0.0,0.0,0.0,0.0,0.0,0.0
repeat_1_fold_4,ADAM9,0.0,0.0,0.0,0.0,0.0,0.0,0.0
repeat_1_fold_4,ADAMTS12,0.0,0.0,0.0,0.0,0.0,0.0,0.0
repeat_1_fold_4,ADAMTS13,0.0,0.0,0.0,0.0,0.0,0.0,0.0
repeat_1_fold_4,ADAMTS20,0.0,0.0,0.0,0.0,0.0,0.0,0.0
repeat_1_fold_4,ADAMTS3,0.0,0.0,0.0,0.0,0.0,0.0,0.0
repeat_1_fold_4,ADAMTS5,0.0,0.0,0.0,0.0,0.0,0.0,0.0
repeat_1_fold_4,ADAMTS6,0.0,0.0,0.0,0.0,0.0,0.0,0.0
repeat_1_fold_4,ADAMTS7,0.0,0.0,0.0,0.0,0.0,0.0,0.0
repeat_1_fold_4,ADAMTS8,0.0,0.0,0.0,0.0,0.0,0.0,0.0
repeat_1_fold_4,ADAMTS9,0.0,0.0,0.0,0.0,0.0,0.0,0.0
repeat_1_fold_4,ADAMTSL2,0.0,0.0,0.0,0.0,0.0,0.0,0.0
repeat_1_fold_4,ADAMTSL3,0.0,0.0,0.0,0.0,0.0,0.0,0.0
repeat_1_fold_4,ADAMTSL4,0.0,0.0,0.0,0.0,0.0,0.0,0.0
repeat_1_fold_4,ADAP1,0.0,0.0,0.0,0.0,0.0,0.0,0.0
repeat_1_fold_4,ADAR,0.0,0.0,0.0,0.0,0.0,0.0,0.0
repeat_1_fold_4,ADARB1,0.0,0.0,0.0,0.0,0.0,0.0,0.0
repeat_1_fold_4,ADAT1,0.0,0.0,0.0,0.0,0.0,0.0,0.0
repeat_1_fold_4,ADCY1,0.0,0.0,0.0,0.0,0.0,0.0,0.0
repeat_1_fold_4,ADCY10,0.0,0.0,0.0,0.0,0.0,0.0,0.0
repeat_1_fold_4,ADCY2,0.0,0.0,0.0,0.0,0.0,0.0,0.0
repeat_1_fold_4,ADCY3,0.0,0.0,0.0,0.0,0.0,0.0,0.0
repeat_1_fold_4,ADCY6,0.0,0.0,0.0,0.0,0.0,0.0,0.0
repeat_1_fold_4,ADCY7,0.0,0.0,0.0,0.0,0.0,0.0,0.0
repeat_1_fold_4,ADCY8,0.0,0.0,0.0,0.0,0.0,0.0,0.0
repeat_1_fold_4,ADCY9,0.0,0.0,0.0,0.0,0.0,0.0,0.0
repeat_1_fold_4,ADCYAP1,0.0,0.0,0.0,0.0,0.0,0.0,0.0
repeat_1_fold_4,ADCYAP1R1,0.0,0.0,0.0,0.0,0.0,0.0,0.0
repeat_1_fold_4,ADD1,0.0,0.0,0.0,0.0,0.0,0.0,0.0
repeat_1_fold_4,ADD2,0.0,0.0,0.0,0.0,0.0,0.0,0.0
repeat_1_fold_4,ADD3,0.0,0.0,0.0,0.0,0.0,0.0,0.0
repeat_1_fold_4,ADGRE1,0.0,0.0,0.0,0.0,0.0,0.0,0.0
repeat_1_fold_4,ADGRE2,0.0,0.0,0.0,0.0,0.0,0.0,0.0
repeat_1_fold_4,ADGRE3,0.0,0.0,0.0,0.0,0.0,0.0,0.0
repeat_1_fold_4,ADGRE5,0.0,0.0,0.0,0.0,0.0,0.0,0.0
repeat_1_fold_4,ADGRF5,-0.005051238018385362,0.010102476036770724,0.005051238018385362,-0.010102476036770724,0.0,0.0,0.5
repeat_1_fold_4,ADGRG3,0.0,0.0,0.0,0.0,0.0,0.0,0.0
repeat_1_fold_4,ADGRG6,0.0,0.0,0.0,0.0,0.0,0.0,0.0
repeat_1_fold_4,ADGRV1,0.0,0.0,0.0,0.0,0.0,0.0,0.0
repeat_1_fold_4,ADH1A,0.0,0.0,0.0,0.0,0.0,0.0,0.0
repeat_1_fold_4,ADH1B,0.0,0.0,0.0,0.0,0.0,0.0,0.0
repeat_1_fold_4,ADH1C,0.0,0.0,0.0,0.0,0.0,0.0,0.0
repeat_1_fold_4,ADH5,0.0,0.0,0.0,0.0,0.0,0.0,0.0
repeat_1_fold_4,ADH6,0.0,0.0,0.0,0.0,0.0,0.0,0.0
repeat_1_fold_4,ADH7,0.0,0.0,0.0,0.0,0.0,0.0,0.0
repeat_1_fold_4,ADI1,0.0,0.0,0.0,0.0,0.0,0.0,0.0
repeat_1_fold_4,ADIPOQ,0.0,0.0,0.0,0.0,0.0,0.0,0.0
repeat_1_fold_4,ADIPOR2,0.0,0.0,0.0,0.0,0.0,0.0,0.0
repeat_1_fold_4,ADIRF,0.0,0.0,0.0,0.0,0.0,0.0,0.0
repeat_1_fold_4,ADK,0.0,0.0,0.0,0.0,0.0,0.0,0.0
repeat_1_fold_4,ADM,0.0,0.0,0.0,0.0,0.0,0.0,0.0
repeat_1_fold_4,ADM2,0.0,0.0,0.0,0.0,0.0,0.0,0.0
repeat_1_fold_4,ADO,0.0,0.0,0.0,0.0,0.0,0.0,0.0
repeat_1_fold_4,ADORA2A,0.0,0.0,0.0,0.0,0.0,0.0,0.0
repeat_1_fold_4,ADORA2B,0.15594204617165808,0.15871513515985491,0.07935756757992746,0.07658447859173062,0.75,0.0031140062783847067,1.0
repeat_1_fold_4,ADPGK,0.0,0.0,0.0,0.0,0.0,0.0,0.0
repeat_1_fold_4,ADPRM,0.0,0.0,0.0,0.0,0.0,0.0,0.0
repeat_1_fold_4,ADRA1B,0.0,0.0,0.0,0.0,0.0,0.0,0.0
repeat_1_fold_4,ADRA1D,0.0,0.0,0.0,0.0,0.0,0.0,0.0
repeat_1_fold_4,ADRA2A,0.0,0.0,0.0,0.0,0.0,0.0,0.0
repeat_1_fold_4,ADRA2B,0.0,0.0,0.0,0.0,0.0,0.0,0.0
repeat_1_fold_4,ADRA2C,0.0,0.0,0.0,0.0,0.0,0.0,0.0
repeat_1_fold_4,ADRB1,0.0,0.0,0.0,0.0,0.0,0.0,0.0
repeat_1_fold_4,ADRB2,0.0,0.0,0.0,0.0,0.0,0.0,0.0
repeat_1_fold_4,ADRB3,0.0,0.0,0.0,0.0,0.0,0.0,0.0
repeat_1_fold_4,ADRM1,0.0,0.0,0.0,0.0,0.0,0.0,0.0
repeat_1_fold_4,ADSL,0.0,0.0,0.0,0.0,0.0,0.0,0.0
repeat_1_fold_4,ADSS2,0.0,0.0,0.0,0.0,0.0,0.0,0.0
repeat_1_fold_4,AFDN,0.0,0.0,0.0,0.0,0.0,0.0,0.0
repeat_1_fold_4,AFF4,0.0,0.0,0.0,0.0,0.0,0.0,0.0
repeat_1_fold_4,AFG3L2,0.0,0.0,0.0,0.0,0.0,0.0,0.0
repeat_1_fold_4,AFP,0.0,0.0,0.0,0.0,0.0,0.0,0.0
repeat_1_fold_4,AGA,0.0,0.0,0.0,0.0,0.0,0.0,0.0
repeat_1_fold_4,AGAP2,0.0,0.0,0.0,0.0,0.0,0.0,0.0
repeat_1_fold_4,AGBL3,0.0,0.0,0.0,0.0,0.0,0.0,0.0
repeat_1_fold_4,AGBL5,0.0,0.0,0.0,0.0,0.0,0.0,0.0
repeat_1_fold_4,AGER,0.0,0.0,0.0,0.0,0.0,0.0,0.0
repeat_1_fold_4,AGFG1,0.0,0.0,0.0,0.0,0.0,0.0,0.0
repeat_1_fold_4,AGGF1,0.0,0.0,0.0,0.0,0.0,0.0,0.0
repeat_1_fold_4,AGK,0.0,0.0,0.0,0.0,0.0,0.0,0.0
repeat_1_fold_4,AGL,0.0,0.0,0.0,0.0,0.0,0.0,0.0
repeat_1_fold_4,AGMAT,0.0,0.0,0.0,0.0,0.0,0.0,0.0
repeat_1_fold_4,AGO1,0.2753157143465579,0.3179072035802386,0.1589536017901193,0.11636211255643858,0.5,-0.000400962309542896,0.5
repeat_1_fold_4,AGO2,0.0,0.0,0.0,0.0,0.0,0.0,0.0
repeat_1_fold_4,AGO3,0.0,0.0,0.0,0.0,0.0,0.0,0.0
repeat_1_fold_4,AGO4,0.0,0.0,0.0,0.0,0.0,0.0,0.0
repeat_1_fold_4,AGPAT1,0.0,0.0,0.0,0.0,0.0,0.0,0.0
repeat_1_fold_4,AGPAT2,0.0,0.0,0.0,0.0,0.0,0.0,0.0
repeat_1_fold_4,AGPAT3,0.0,0.0,0.0,0.0,0.0,0.0,0.0
repeat_1_fold_4,AGPAT4,0.0,0.0,0.0,0.0,0.0,0.0,0.0
repeat_1_fold_4,AGPAT5,0.0,0.0,0.0,0.0,0.0,0.0,0.0
repeat_1_fold_4,AGPS,0.0,0.0,0.0,0.0,0.0,0.0,0.0
repeat_1_fold_4,AGRN,0.0,0.0,0.0,0.0,0.0,0.0,0.0
repeat_1_fold_4,AGRP,0.0,0.0,0.0,0.0,0.0,0.0,0.0
repeat_1_fold_4,AGTPBP1,0.0,0.0,0.0,0.0,0.0,0.0,0.0
repeat_1_fold_4,AGTR1,0.0,0.0,0.0,0.0,0.0,0.0,0.0
repeat_1_fold_4,AGTR2,0.0,0.0,0.0,0.0,0.0,0.0,0.0
repeat_1_fold_4,AGXT,0.0,0.0,0.0,0.0,0.0,0.0,0.0
repeat_1_fold_4,AHCTF1,0.0,0.0,0.0,0.0,0.0,0.0,0.0
repeat_1_fold_4,AHCY,0.0,0.0,0.0,0.0,0.0,0.0,0.0
repeat_1_fold_4,AHCYL1,0.0,0.0,0.0,0.0,0.0,0.0,0.0
repeat_1_fold_4,AHCYL2,0.0,0.0,0.0,0.0,0.0,0.0,0.0
repeat_1_fold_4,AHI1,0.0,0.0,0.0,0.0,0.0,0.0,0.0
repeat_1_fold_4,AHR,0.0,0.0,0.0,0.0,0.0,0.0,0.0
repeat_1_fold_4,AHSG,0.0,0.0,0.0,0.0,0.0,0.0,0.0
repeat_1_fold_4,AICDA,0.0,0.0,0.0,0.0,0.0,0.0,0.0
repeat_1_fold_4,AIM2,0.0,0.0,0.0,0.0,0.0,0.0,0.0
repeat_1_fold_4,AIMP1,0.0,0.0,0.0,0.0,0.0,0.0,0.0
repeat_1_fold_4,AIMP2,0.0,0.0,0.0,0.0,0.0,0.0,0.0
repeat_1_fold_4,AIP,0.0,0.0,0.0,0.0,0.0,0.0,0.0
repeat_1_fold_4,AK1,0.0,0.0,0.0,0.0,0.0,0.0,0.0
repeat_1_fold_4,AK2,0.0,0.0,0.0,0.0,0.0,0.0,0.0
repeat_1_fold_4,AK4,0.0,0.0,0.0,0.0,0.0,0.0,0.0
repeat_1_fold_4,AK5,0.0,0.0,0.0,0.0,0.0,0.0,0.0
repeat_1_fold_4,AK6,0.0,0.0,0.0,0.0,0.0,0.0,0.0
repeat_1_fold_4,AKAP1,0.0,0.0,0.0,0.0,0.0,0.0,0.0
repeat_1_fold_4,AKAP10,0.0,0.0,0.0,0.0,0.0,0.0,0.0
repeat_1_fold_4,AKAP13,0.0,0.0,0.0,0.0,0.0,0.0,0.0
repeat_1_fold_4,AKAP5,0.0,0.0,0.0,0.0,0.0,0.0,0.0
repeat_1_fold_4,AKAP8L,0.0,0.0,0.0,0.0,0.0,0.0,0.0
repeat_1_fold_4,AKAP9,0.0,0.0,0.0,0.0,0.0,0.0,0.0
repeat_1_fold_4,AKR1A1,0.0,0.0,0.0,0.0,0.0,0.0,0.0
repeat_1_fold_4,AKR1B1,0.0,0.0,0.0,0.0,0.0,0.0,0.0
repeat_1_fold_4,AKR1B10,0.0,0.0,0.0,0.0,0.0,0.0,0.0
repeat_1_fold_4,AKR1C1,0.0,0.0,0.0,0.0,0.0,0.0,0.0
repeat_1_fold_4,AKR1C2,0.0,0.0,0.0,0.0,0.0,0.0,0.0
repeat_1_fold_4,AKR1C3,0.0,0.0,0.0,0.0,0.0,0.0,0.0
repeat_1_fold_4,AKR1C4,0.0,0.0,0.0,0.0,0.0,0.0,0.0
repeat_1_fold_4,AKR1D1,0.0,0.0,0.0,0.0,0.0,0.0,0.0
repeat_1_fold_4,AKR7A2,0.0,0.0,0.0,0.0,0.0,0.0,0.0
repeat_1_fold_4,AKR7A3,0.0,0.0,0.0,0.0,0.0,0.0,0.0
repeat_1_fold_4,AKT1,0.0,0.0,0.0,0.0,0.0,0.0,0.0
repeat_1_fold_4,AKT2,0.0,0.0,0.0,0.0,0.0,0.0,0.0
repeat_1_fold_4,AKT3,0.0,0.0,0.0,0.0,0.0,0.0,0.0
repeat_1_fold_4,ALAD,0.0,0.0,0.0,0.0,0.0,0.0,0.0
repeat_1_fold_4,ALAS1,0.0,0.0,0.0,0.0,0.0,0.0,0.0
repeat_1_fold_4,ALB,0.0,0.0,0.0,0.0,0.0,0.0,0.0
repeat_1_fold_4,ALCAM,0.0,0.0,0.0,0.0,0.0,0.0,0.0
repeat_1_fold_4,ALDH18A1,0.0,0.0,0.0,0.0,0.0,0.0,0.0
repeat_1_fold_4,ALDH1A1,0.0,0.0,0.0,0.0,0.0,0.0,0.0
repeat_1_fold_4,ALDH1A2,0.01385702679475287,0.02771405358950574,0.01385702679475287,0.0,0.25,0.000601443464314344,0.5
repeat_1_fold_4,ALDH1A3,0.0,0.0,0.0,0.0,0.0,0.0,0.0
repeat_1_fold_4,ALDH1B1,0.0,0.0,0.0,0.0,0.0,0.0,0.0
repeat_1_fold_4,ALDH1L1,0.0,0.0,0.0,0.0,0.0,0.0,0.0
repeat_1_fold_4,ALDH2,0.0,0.0,0.0,0.0,0.0,0.0,0.0
repeat_1_fold_4,ALDH3A1,0.0,0.0,0.0,0.0,0.0,0.0,0.0
repeat_1_fold_4,ALDH3A2,0.0,0.0,0.0,0.0,0.0,0.0,0.0
repeat_1_fold_4,ALDH3B1,0.0,0.0,0.0,0.0,0.0,0.0,0.0
repeat_1_fold_4,ALDH3B2,0.0,0.0,0.0,0.0,0.0,0.0,0.0
repeat_1_fold_4,ALDH4A1,0.0,0.0,0.0,0.0,0.0,0.0,0.0
repeat_1_fold_4,ALDH5A1,0.0,0.0,0.0,0.0,0.0,0.0,0.0
repeat_1_fold_4,ALDH6A1,0.0,0.0,0.0,0.0,0.0,0.0,0.0
repeat_1_fold_4,ALDH7A1,0.0,0.0,0.0,0.0,0.0,0.0,0.0
repeat_1_fold_4,ALDH8A1,0.0,0.0,0.0,0.0,0.0,0.0,0.0
repeat_1_fold_4,ALDH9A1,0.1367117928314503,0.2759521901052707,0.13797609505263536,-0.0012643022211850652,0.25,0.000601443464314344,0.5
repeat_1_fold_4,ALDOA,0.0,0.0,0.0,0.0,0.0,0.0,0.0
repeat_1_fold_4,ALDOB,0.0,0.0,0.0,0.0,0.0,0.0,0.0
repeat_1_fold_4,ALDOC,0.0,0.0,0.0,0.0,0.0,0.0,0.0
repeat_1_fold_4,ALG12,0.0,0.0,0.0,0.0,0.0,0.0,0.0
repeat_1_fold_4,ALG13,0.0,0.0,0.0,0.0,0.0,0.0,0.0
repeat_1_fold_4,ALG3,0.0,0.0,0.0,0.0,0.0,0.0,0.0
repeat_1_fold_4,ALG5,0.0,0.0,0.0,0.0,0.0,0.0,0.0
repeat_1_fold_4,ALG6,0.0,0.0,0.0,0.0,0.0,0.0,0.0
repeat_1_fold_4,ALG8,0.0,0.0,0.0,0.0,0.0,0.0,0.0
repeat_1_fold_4,ALG9,0.0,0.0,0.0,0.0,0.0,0.0,0.0
repeat_1_fold_4,ALK,0.0,0.0,0.0,0.0,0.0,0.0,0.0
repeat_1_fold_4,ALMS1,0.0,0.0,0.0,0.0,0.0,0.0,0.0
repeat_1_fold_4,ALOX12,0.0,0.0,0.0,0.0,0.0,0.0,0.0
repeat_1_fold_4,ALOX12B,0.0,0.0,0.0,0.0,0.0,0.0,0.0
repeat_1_fold_4,ALOX15,0.0,0.0,0.0,0.0,0.0,0.0,0.0
repeat_1_fold_4,ALOX15B,0.0,0.0,0.0,0.0,0.0,0.0,0.0
repeat_1_fold_4,ALOX5,0.0,0.0,0.0,0.0,0.0,0.0,0.0
repeat_1_fold_4,ALOX5AP,0.0,0.0,0.0,0.0,0.0,0.0,0.0
repeat_1_fold_4,ALOXE3,0.0,0.0,0.0,0.0,0.0,0.0,0.0
repeat_1_fold_4,ALPG,0.0,0.0,0.0,0.0,0.0,0.0,0.0
repeat_1_fold_4,ALPK1,0.0,0.0,0.0,0.0,0.0,0.0,0.0
repeat_1_fold_4,ALPL,0.0,0.0,0.0,0.0,0.0,0.0,0.0
repeat_1_fold_4,ALPP,0.0,0.0,0.0,0.0,0.0,0.0,0.0
repeat_1_fold_4,ALS2CL,0.0,0.0,0.0,0.0,0.0,0.0,0.0
repeat_1_fold_4,AMACR,0.0,0.0,0.0,0.0,0.0,0.0,0.0
repeat_1_fold_4,AMBN,0.0,0.0,0.0,0.0,0.0,0.0,0.0
repeat_1_fold_4,AMBP,0.0,0.0,0.0,0.0,0.0,0.0,0.0
repeat_1_fold_4,AMBRA1,0.0,0.0,0.0,0.0,0.0,0.0,0.0
repeat_1_fold_4,AMD1,0.0,0.0,0.0,0.0,0.0,0.0,0.0
repeat_1_fold_4,AMDHD2,0.0,0.0,0.0,0.0,0.0,0.0,0.0
repeat_1_fold_4,AMELX,0.0,0.0,0.0,0.0,0.0,0.0,0.0
repeat_1_fold_4,AMFR,0.0,0.0,0.0,0.0,0.0,0.0,0.0
repeat_1_fold_4,AMH,0.0,0.0,0.0,0.0,0.0,0.0,0.0
repeat_1_fold_4,AMHR2,0.0,0.0,0.0,0.0,0.0,0.0,0.0
repeat_1_fold_4,AMIGO2,0.0,0.0,0.0,0.0,0.0,0.0,0.0
repeat_1_fold_4,AMN,0.0,0.0,0.0,0.0,0.0,0.0,0.0
repeat_1_fold_4,AMOT,0.0,0.0,0.0,0.0,0.0,0.0,0.0
repeat_1_fold_4,AMOTL2,0.0,0.0,0.0,0.0,0.0,0.0,0.0
repeat_1_fold_4,AMPD1,0.0,0.0,0.0,0.0,0.0,0.0,0.0
repeat_1_fold_4,AMPD2,0.0,0.0,0.0,0.0,0.0,0.0,0.0
repeat_1_fold_4,AMPH,0.0,0.0,0.0,0.0,0.0,0.0,0.0
repeat_1_fold_4,AMT,0.0,0.0,0.0,0.0,0.0,0.0,0.0
repeat_1_fold_4,AMY1A,0.0,0.0,0.0,0.0,0.0,0.0,0.0
repeat_1_fold_4,ANAPC1,0.0,0.0,0.0,0.0,0.0,0.0,0.0
repeat_1_fold_4,ANAPC10,0.0,0.0,0.0,0.0,0.0,0.0,0.0
repeat_1_fold_4,ANAPC15,0.0,0.0,0.0,0.0,0.0,0.0,0.0
repeat_1_fold_4,ANAPC2,0.0,0.0,0.0,0.0,0.0,0.0,0.0
repeat_1_fold_4,ANAPC5,0.0,0.0,0.0,0.0,0.0,0.0,0.0
repeat_1_fold_4,ANG,0.0,0.0,0.0,0.0,0.0,0.0,0.0
repeat_1_fold_4,ANGPT1,0.0,0.0,0.0,0.0,0.0,0.0,0.0
repeat_1_fold_4,ANGPT2,0.0,0.0,0.0,0.0,0.0,0.0,0.0
repeat_1_fold_4,ANGPT4,0.0,0.0,0.0,0.0,0.0,0.0,0.0
repeat_1_fold_4,ANGPTL4,0.0,0.0,0.0,0.0,0.0,0.0,0.0
repeat_1_fold_4,ANGPTL8,0.0,0.0,0.0,0.0,0.0,0.0,0.0
repeat_1_fold_4,ANK1,0.0,0.0,0.0,0.0,0.0,0.0,0.0
repeat_1_fold_4,ANK3,0.0,0.0,0.0,0.0,0.0,0.0,0.0
repeat_1_fold_4,ANKH,0.0,0.0,0.0,0.0,0.0,0.0,0.0
repeat_1_fold_4,ANKLE2,0.0,0.0,0.0,0.0,0.0,0.0,0.0
repeat_1_fold_4,ANKRD1,0.0,0.0,0.0,0.0,0.0,0.0,0.0
repeat_1_fold_4,ANKRD26,0.0,0.0,0.0,0.0,0.0,0.0,0.0
repeat_1_fold_4,ANKRD27,0.0,0.0,0.0,0.0,0.0,0.0,0.0
repeat_1_fold_4,ANKRD28,0.0,0.0,0.0,0.0,0.0,0.0,0.0
repeat_1_fold_4,ANKZF1,0.0,0.0,0.0,0.0,0.0,0.0,0.0
repeat_1_fold_4,ANO1,0.0,0.0,0.0,0.0,0.0,0.0,0.0
repeat_1_fold_4,ANO10,0.0,0.0,0.0,0.0,0.0,0.0,0.0
repeat_1_fold_4,ANO2,0.0,0.0,0.0,0.0,0.0,0.0,0.0
repeat_1_fold_4,ANO3,0.0,0.0,0.0,0.0,0.0,0.0,0.0
repeat_1_fold_4,ANOS1,0.0,0.0,0.0,0.0,0.0,0.0,0.0
repeat_1_fold_4,ANP32A,0.0,0.0,0.0,0.0,0.0,0.0,0.0
repeat_1_fold_4,ANPEP,0.0,0.0,0.0,0.0,0.0,0.0,0.0
repeat_1_fold_4,ANXA1,0.0,0.0,0.0,0.0,0.0,0.0,0.0
repeat_1_fold_4,ANXA2,0.0,0.0,0.0,0.0,0.0,0.0,0.0
repeat_1_fold_4,ANXA3,0.0,0.0,0.0,0.0,0.0,0.0,0.0
repeat_1_fold_4,ANXA5,0.0,0.0,0.0,0.0,0.0,0.0,0.0
repeat_1_fold_4,ANXA6,0.0,0.0,0.0,0.0,0.0,0.0,0.0
repeat_1_fold_4,AOC1,0.0,0.0,0.0,0.0,0.0,0.0,0.0
repeat_1_fold_4,AOC2,0.0,0.0,0.0,0.0,0.0,0.0,0.0
repeat_1_fold_4,AOC3,0.0,0.0,0.0,0.0,0.0,0.000200481154771448,0.5
repeat_1_fold_4,AOX1,0.0,0.0,0.0,0.0,0.0,0.0,0.0
repeat_1_fold_4,AP1B1,0.0,0.0,0.0,0.0,0.0,0.0,0.0
repeat_1_fold_4,AP1G1,0.0,0.0,0.0,0.0,0.0,0.0,0.0
repeat_1_fold_4,AP1G2,0.0,0.0,0.0,0.0,0.0,0.0,0.0
repeat_1_fold_4,AP1M2,0.0,0.0,0.0,0.0,0.0,0.0,0.0
repeat_1_fold_4,AP1S1,0.0,0.0,0.0,0.0,0.0,0.0,0.0
repeat_1_fold_4,AP1S2,0.0,0.0,0.0,0.0,0.0,0.0,0.0
repeat_1_fold_4,AP2A2,0.0,0.0,0.0,0.0,0.0,0.0,0.0
repeat_1_fold_4,AP2B1,0.0,0.0,0.0,0.0,0.0,0.0,0.0
repeat_1_fold_4,AP2S1,0.0,0.0,0.0,0.0,0.0,0.0,0.0
repeat_1_fold_4,AP3B1,0.0,0.0,0.0,0.0,0.0,0.0,0.0
repeat_1_fold_4,AP3S1,0.0,0.0,0.0,0.0,0.0,0.0,0.0
repeat_1_fold_4,AP4E1,0.0,0.0,0.0,0.0,0.0,0.0,0.0
repeat_1_fold_4,AP4M1,0.0,0.0,0.0,0.0,0.0,0.0,0.0
repeat_1_fold_4,AP4S1,0.0,0.0,0.0,0.0,0.0,0.0,0.0
repeat_1_fold_4,APAF1,0.0,0.0,0.0,0.0,0.0,0.0,0.0
repeat_1_fold_4,APBA1,0.0,0.0,0.0,0.0,0.0,0.0,0.0
repeat_1_fold_4,APBA2,0.0,0.0,0.0,0.0,0.0,0.0,0.0
repeat_1_fold_4,APBA3,0.0,0.0,0.0,0.0,0.0,0.0,0.0
repeat_1_fold_4,APBB1,0.0,0.0,0.0,0.0,0.0,0.0,0.0
repeat_1_fold_4,APC,0.0,0.0,0.0,0.0,0.0,0.0,0.0
repeat_1_fold_4,APEH,0.0,0.0,0.0,0.0,0.0,0.0,0.0
repeat_1_fold_4,APEX1,0.0,0.0,0.0,0.0,0.0,0.0,0.0
repeat_1_fold_4,APH1A,0.0,0.0,0.0,0.0,0.0,0.0,0.0
repeat_1_fold_4,APIP,0.0,0.0,0.0,0.0,0.0,0.0,0.0
repeat_1_fold_4,APLNR,0.0,0.0,0.0,0.0,0.0,0.0,0.0
repeat_1_fold_4,APLP2,0.0,0.0,0.0,0.0,0.0,0.0,0.0
repeat_1_fold_4,APOA1,0.0,0.0,0.0,0.0,0.0,0.0,0.0
repeat_1_fold_4,APOA2,-0.1357551362346907,0.20959455612802663,0.10479727806401332,-0.24055241429870403,0.0,0.0006459388629863894,1.0
repeat_1_fold_4,APOB,0.0,0.0,0.0,0.0,0.0,0.0,0.0
repeat_1_fold_4,APOBEC1,0.0,0.0,0.0,0.0,0.0,0.0,0.0
repeat_1_fold_4,APOBEC2,0.0,0.0,0.0,0.0,0.0,0.0,0.0
repeat_1_fold_4,APOBEC3A,0.0,0.0,0.0,0.0,0.0,0.0,0.0
repeat_1_fold_4,APOBEC3B,0.0,0.0,0.0,0.0,0.0,0.0,0.0
repeat_1_fold_4,APOBEC3C,0.0,0.0,0.0,0.0,0.0,0.0,0.0
repeat_1_fold_4,APOBEC3G,0.0,0.0,0.0,0.0,0.0,0.0,0.0
repeat_1_fold_4,APOBR,0.0,0.0,0.0,0.0,0.0,0.0,0.0
repeat_1_fold_4,APOC1,0.0,0.0,0.0,0.0,0.0,0.0,0.0
repeat_1_fold_4,APOC2,0.0,0.0,0.0,0.0,0.0,0.0,0.0
repeat_1_fold_4,APOC3,0.0,0.0,0.0,0.0,0.0,0.0,0.0
repeat_1_fold_4,APOC4,0.0,0.0,0.0,0.0,0.0,0.0,0.0
repeat_1_fold_4,APOD,0.0,0.0,0.0,0.0,0.0,0.0,0.0
repeat_1_fold_4,APOE,0.0,0.0,0.0,0.0,0.0,0.0,0.0
repeat_1_fold_4,APOF,0.0,0.0,0.0,0.0,0.0,0.0,0.0
repeat_1_fold_4,APOH,0.0,0.0,0.0,0.0,0.0,0.0,0.0
repeat_1_fold_4,APOL1,0.0,0.0,0.0,0.0,0.0,0.0,0.0
repeat_1_fold_4,APOM,0.0,0.0,0.0,0.0,0.0,0.0,0.0
repeat_1_fold_4,APOO,0.0,0.0,0.0,0.0,0.0,0.0,0.0
repeat_1_fold_4,APOOL,0.0,0.0,0.0,0.0,0.0,0.0,0.0
repeat_1_fold_4,APP,0.0,0.0,0.0,0.0,0.0,0.0,0.0
repeat_1_fold_4,APPL1,0.0,0.0,0.0,0.0,0.0,0.0,0.0
repeat_1_fold_4,APRT,0.0,0.0,0.0,0.0,0.0,0.0,0.0
repeat_1_fold_4,AQP1,0.0,0.0,0.0,0.0,0.0,0.0,0.0
repeat_1_fold_4,AQP2,0.0,0.0,0.0,0.0,0.0,0.0,0.0
repeat_1_fold_4,AQP3,0.0,0.0,0.0,0.0,0.0,0.0,0.0
repeat_1_fold_4,AQP4,0.0,0.0,0.0,0.0,0.0,0.0,0.0
repeat_1_fold_4,AQP5,0.0,0.0,0.0,0.0,0.0,0.0,0.0
repeat_1_fold_4,AQP6,0.0,0.0,0.0,0.0,0.0,0.0,0.0
repeat_1_fold_4,AQP7,0.0,0.0,0.0,0.0,0.0,0.0,0.0
repeat_1_fold_4,AQP8,0.0,0.0,0.0,0.0,0.0,0.0,0.0
repeat_1_fold_4,AQP9,0.0,0.0,0.0,0.0,0.0,0.0,0.0
repeat_1_fold_4,AR,0.0,0.0,0.0,0.0,0.0,0.0,0.0
repeat_1_fold_4,ARAF,0.0,0.0,0.0,0.0,0.0,0.0,0.0
repeat_1_fold_4,ARAP2,0.0,0.0,0.0,0.0,0.0,0.0,0.0
repeat_1_fold_4,ARAP3,0.0,0.0,0.0,0.0,0.0,0.0,0.0
repeat_1_fold_4,ARC,0.0,0.0,0.0,0.0,0.0,0.0,0.0
repeat_1_fold_4,ARCN1,0.0,0.0,0.0,0.0,0.0,0.0,0.0
repeat_1_fold_4,AREL1,0.0,0.0,0.0,0.0,0.0,0.0,0.0
repeat_1_fold_4,ARF1,0.0,0.0,0.0,0.0,0.0,0.0,0.0
repeat_1_fold_4,ARF3,0.0,0.0,0.0,0.0,0.0,0.0,0.0
repeat_1_fold_4,ARF4,0.0,0.0,0.0,0.0,0.0,0.0,0.0
repeat_1_fold_4,ARF5,0.0,0.0,0.0,0.0,0.0,0.0,0.0
repeat_1_fold_4,ARF6,0.0,0.0,0.0,0.0,0.0,0.0,0.0
repeat_1_fold_4,ARFGAP1,0.0,0.0,0.0,0.0,0.0,0.0,0.0
repeat_1_fold_4,ARG1,0.0,0.0,0.0,0.0,0.0,0.0,0.0
repeat_1_fold_4,ARHGAP32,0.048220788365975764,0.09644157673195153,0.048220788365975764,0.0,0.25,-0.00041876046901173636,0.5
repeat_1_fold_4,ARHGAP45,0.0,0.0,0.0,0.0,0.0,0.0,0.0
repeat_1_fold_4,ARHGDIG,0.0,0.0,0.0,0.0,0.0,-0.00041876046901173636,0.5
repeat_1_fold_4,ARHGEF1,0.0,0.0,0.0,0.0,0.0,0.0012562814070351536,0.5
repeat_1_fold_4,ARHGEF2,-0.03935464598643357,0.07870929197286713,0.03935464598643357,-0.07870929197286713,0.0,0.0008286218582890248,1.0
repeat_1_fold_4,ARL4C,0.0,0.0,0.0,0.0,0.0,0.0,0.0
repeat_1_fold_4,ARPC1A,0.0,0.0,0.0,0.0,0.0,0.0,0.0
repeat_1_fold_4,ARSA,0.0921040544044125,0.4049414524565557,0.20247072622827786,-0.11036667182386536,0.75,-0.00018268299530263543,1.0
repeat_1_fold_4,ARSL,0.0,0.0,0.0,0.0,0.0,0.0,0.0
repeat_1_fold_4,ASGR2,0.0,0.0,0.0,0.0,0.0,0.0,0.0
repeat_1_fold_4,ATP1A3,0.0,0.0,0.0,0.0,0.0,0.0,0.0
repeat_1_fold_4,ATP5PF,0.1775536276092211,0.21257661882056667,0.10628830941028333,0.07126531819893778,0.5,0.0,0.5
repeat_1_fold_4,ATP6V0E1,-0.10843021327761804,0.20361335572841632,0.10180667786420816,-0.2102368911418262,0.0,-0.001648344636843685,1.0
repeat_1_fold_4,AURKA,0.0,0.0,0.0,0.0,0.0,0.0,0.0
repeat_1_fold_4,BACH1,0.0,0.0,0.0,0.0,0.0,0.0,0.0
repeat_1_fold_4,BAG3,-0.03594236583095167,0.04150266917562391,0.020751334587811955,-0.05669370041876363,0.0,0.0,0.5
repeat_1_fold_4,BAG6,0.0715782547272692,0.1431565094545384,0.0715782547272692,0.0,0.25,-0.0012028869286287158,0.5
repeat_1_fold_4,BANF1,0.0,0.0,0.0,0.0,0.0,0.0,0.0
repeat_1_fold_4,BAX,0.08206193149689156,0.2943167316219525,0.14715836581097624,-0.06509643431408468,0.25,0.0014033680834001638,0.5
repeat_1_fold_4,BAZ2A,0.0,0.0,0.0,0.0,0.0,0.0,0.0
repeat_1_fold_4,BCL11A,0.0,0.0,0.0,0.0,0.0,0.0,0.0
repeat_1_fold_4,BCL2,0.0,0.0,0.0,0.0,0.0,0.0,0.0
repeat_1_fold_4,BHLHE41,0.0,0.0,0.0,0.0,0.0,0.0,0.0
repeat_1_fold_4,BICRAL,0.0,0.0,0.0,0.0,0.0,0.0,0.0
repeat_1_fold_4,BIRC5,0.0,0.0,0.0,0.0,0.0,0.0,0.0
repeat_1_fold_4,BMAL2,0.0,0.0,0.0,0.0,0.0,0.0,0.0
repeat_1_fold_4,BMI1,0.0,0.0,0.0,0.0,0.0,0.0,0.0
repeat_1_fold_4,BRD9,0.0,0.0,0.0,0.0,0.0,0.0,0.0
repeat_1_fold_4,BTN3A1,0.0,0.0,0.0,0.0,0.0,-0.000200481154771448,0.5
repeat_1_fold_4,BTN3A3,-0.02899984064575456,0.4182202258453538,0.2091101129226769,-0.23810995356843145,0.25,0.001474560721275442,1.0
repeat_1_fold_4,BUB1,0.10064637342323302,0.20129274684646603,0.10064637342323302,0.0,0.25,-0.0012028869286287158,0.5
repeat_1_fold_4,BUD31,0.0,0.0,0.0,0.0,0.0,0.0,0.0
repeat_1_fold_4,C1GALT1C1,0.0,0.0,0.0,0.0,0.0,0.0,0.0
repeat_1_fold_4,C1QA,0.0,0.0,0.0,0.0,0.0,0.0,0.0
repeat_1_fold_4,C5AR2,0.01385702679475287,0.02771405358950574,0.01385702679475287,0.0,0.25,-0.000801924619085792,0.5
repeat_1_fold_4,C8G,-0.04681822347433062,0.08398033397351538,0.04199016698675769,-0.08880839046108832,0.0,-0.002093802345058654,0.5
repeat_1_fold_4,CA2,0.0,0.0,0.0,0.0,0.0,0.0,0.0
repeat_1_fold_4,CA4,0.04147436948891503,0.052381849059132825,0.026190924529566412,0.015283444959348618,0.5,0.0029135251236132587,1.0
repeat_1_fold_4,CACNA1C,0.0,0.0,0.0,0.0,0.0,0.0,0.0
repeat_1_fold_4,CAMK2A,0.0,0.0,0.0,0.0,0.0,0.0,0.0
repeat_1_fold_4,CANX,0.0,0.0,0.0,0.0,0.0,0.0,0.0
repeat_1_fold_4,CAPN7,0.1775536276092211,0.21257661882056667,0.10628830941028333,0.07126531819893778,0.5,-0.0010024057738572678,0.5
repeat_1_fold_4,CASP5,0.0,0.0,0.0,0.0,0.0,0.0,0.0
repeat_1_fold_4,CASP8,-0.043086434730382095,0.08617286946076419,0.043086434730382095,-0.08617286946076419,0.0,-0.0008375209380234727,0.5
repeat_1_fold_4,CATSPER2,0.0,0.0,0.0,0.0,0.0,0.0,0.0
repeat_1_fold_4,CCK,0.17579512765478356,0.30167114615007123,0.15083557307503562,0.02495955457974794,0.5,0.0022675862606268415,1.0
repeat_1_fold_4,CCNA2,-0.08912297634502764,0.32663058603740946,0.16331529301870473,-0.25243826936373237,0.25,0.0004187604690117086,0.5
repeat_1_fold_4,CCND1,0.0,0.0,0.0,0.0,0.0,0.0,0.0
repeat_1_fold_4,CCNT1,0.0,0.0,0.0,0.0,0.0,0.0,0.0
repeat_1_fold_4,CCR2,0.232799982669329,0.46995272981217656,0.23497636490608828,-0.0021763822367592833,0.25,0.0012562814070351813,0.5
repeat_1_fold_4,CCR7,0.0,0.0,0.0,0.0,0.0,0.0,0.0
repeat_1_fold_4,CD1C,0.0,0.0,0.0,0.0,0.0,0.0,0.0
repeat_1_fold_4,CD209,0.0,0.0,0.0,0.0,0.0,0.0,0.0
repeat_1_fold_4,CD226,0.0,0.0,0.0,0.0,0.0,0.0,0.0
repeat_1_fold_4,CD244,0.0,0.0,0.0,0.0,0.0,0.0,0.0
repeat_1_fold_4,CD2BP2,-0.17000597408126517,0.19767836474456532,0.09883918237228266,-0.26884515645354784,0.0,-0.00041876046901173636,0.5
repeat_1_fold_4,CD34,0.0,0.0,0.0,0.0,0.0,0.0,0.0
repeat_1_fold_4,CD52,0.0,0.0,0.0,0.0,0.0,0.0,0.0
repeat_1_fold_4,CD70,0.0,0.0,0.0,0.0,0.0,0.0,0.0
repeat_1_fold_4,CD79A,0.0,0.0,0.0,0.0,0.0,0.0,0.0
repeat_1_fold_4,CD79B,0.0,0.0,0.0,0.0,0.0,0.0,0.0
repeat_1_fold_4,CDC25C,0.0,0.0,0.0,0.0,0.0,-0.000200481154771448,0.5
repeat_1_fold_4,CDC6,0.2660182841860106,0.3130610747229756,0.1565305373614878,0.10948774682452278,0.5,0.0,0.5
repeat_1_fold_4,CDKAL1,0.0,0.0,0.0,0.0,0.0,0.0,0.0
repeat_1_fold_4,CDO1,0.0,0.0,0.0,0.0,0.0,0.0,0.0
repeat_1_fold_4,CENPS,0.0,0.0,0.0,0.0,0.0,0.0,0.0
repeat_1_fold_4,CEP192,0.0,0.0,0.0,0.0,0.0,0.0,0.0
repeat_1_fold_4,CETP,0.0,0.0,0.0,0.0,0.0,0.0,0.0
repeat_1_fold_4,CGA,0.0,0.0,0.0,0.0,0.0,0.0,0.5
repeat_1_fold_4,CH25H,0.13765785717327894,0.2753157143465579,0.13765785717327894,0.0,0.25,-0.000200481154771448,0.5
repeat_1_fold_4,CHKB,0.0,0.0,0.0,0.0,0.0,0.0,0.0
repeat_1_fold_4,CHM,0.0,0.0,0.0,0.0,0.0,0.0,0.0
repeat_1_fold_4,CHRNB4,0.0,0.0,0.0,0.0,0.0,0.0,0.0
repeat_1_fold_4,CHST10,0.017732284759087946,0.020475478758013047,0.010237739379006523,0.007494545380081423,0.5,0.003559463986599648,0.5
repeat_1_fold_4,CIDEA,0.0,0.0,0.0,0.0,0.0,0.0,0.0
repeat_1_fold_4,CKS1B,0.0,0.0,0.0,0.0,0.0,0.0,0.0
repeat_1_fold_4,CLEC4M,0.0,0.0,0.0,0.0,0.0,0.0,0.0
repeat_1_fold_4,CLINT1,0.0,0.0,0.0,0.0,0.0,-0.000801924619085792,0.5
repeat_1_fold_4,CLNS1A,0.0,0.0,0.0,0.0,0.0,0.0,0.0
repeat_1_fold_4,CMTM6,0.0,0.0,0.0,0.0,0.0,0.0004187604690117086,0.5
repeat_1_fold_4,CNOT1,0.0,0.0,0.0,0.0,0.0,0.0,0.0
repeat_1_fold_4,CNTN2,0.0,0.0,0.0,0.0,0.0,0.0,0.0
repeat_1_fold_4,COL17A1,0.0,0.0,0.0,0.0,0.0,0.0,0.0
repeat_1_fold_4,COPZ2,0.10126237113880521,0.13547105697817866,0.06773552848908933,0.03352684264971588,0.5,-0.000601443464314344,0.5
repeat_1_fold_4,COQ8A,0.0,0.0,0.0,0.0,0.0,0.0,0.0
repeat_1_fold_4,CORO1A,0.0,0.0,0.0,0.0,0.0,0.00020938023450586818,0.5
repeat_1_fold_4,CORT,-0.11465165780381525,0.1323883309921392,0.0661941654960696,-0.18084582329988486,0.0,0.0,0.5
repeat_1_fold_4,CPA2,0.0,0.0,0.0,0.0,0.0,0.0,0.0
repeat_1_fold_4,CPE,0.0,0.0,0.0,0.0,0.0,0.0,0.0
repeat_1_fold_4,CPOX,0.0,0.0,0.0,0.0,0.0,-0.0006103425440487642,1.0
repeat_1_fold_4,CPT1A,0.0,0.0,0.0,0.0,0.0,-0.00020938023450586818,0.5
repeat_1_fold_4,CPT1B,0.0,0.0,0.0,0.0,0.0,0.0,0.0
repeat_1_fold_4,CREG1,0.0,0.0,0.0,0.0,0.0,0.0,0.0
repeat_1_fold_4,CRISP3,0.0,0.0,0.0,0.0,0.0,0.0,0.0
repeat_1_fold_4,CRK,0.0,0.0,0.0,0.0,0.0,0.0,0.0
repeat_1_fold_4,CSAD,0.0,0.0,0.0,0.0,0.0,0.002512562814070335,0.5
repeat_1_fold_4,CSPG4,0.0,0.0,0.0,0.0,0.0,0.0,0.0
repeat_1_fold_4,CTDNEP1,0.0,0.0,0.0,0.0,0.0,0.0,0.0
repeat_1_fold_4,CTDSP2,0.0,0.0,0.0,0.0,0.0,0.0,0.0
repeat_1_fold_4,CTSW,-0.28645398963742075,0.36993095418498123,0.18496547709249062,-0.47141946672991136,0.0,0.0020938023450586263,0.5
repeat_1_fold_4,CUL5,0.0,0.0,0.0,0.0,0.0,0.0,0.0
repeat_1_fold_4,CUX1,-0.017971182915475836,0.03594236583095167,0.017971182915475836,-0.03594236583095167,0.0,0.00020938023450586818,0.5
repeat_1_fold_4,CYP27B1,0.0,0.0,0.0,0.0,0.0,0.0,0.0
repeat_1_fold_4,CYP2A13,0.0,0.0,0.0,0.0,0.0,0.0,0.0
repeat_1_fold_4,CYP2B6,0.0,0.0,0.0,0.0,0.0,0.0,0.0
repeat_1_fold_4,DCAF11,0.0,0.0,0.0,0.0,0.0,0.0,0.0
repeat_1_fold_4,DCAF16,0.10597537288195369,0.13660479977476397,0.06830239988738199,0.0376729729945717,0.5,-0.0014033680834001638,0.5
repeat_1_fold_4,DCLRE1C,0.0,0.0,0.0,0.0,0.0,-0.000400962309542896,0.5
repeat_1_fold_4,DDIT4,-0.14830300242184435,0.17124555673976313,0.08562277836988157,-0.23392578079172593,0.0,0.0006281407035175768,0.5
repeat_1_fold_4,DDX6,0.0,0.0,0.0,0.0,0.0,0.0,0.0
repeat_1_fold_4,DEFA1,0.2344285070960037,0.4688570141920074,0.2344285070960037,0.0,0.25,0.0006281407035175768,0.5
repeat_1_fold_4,DENND1A,0.0,0.0,0.0,0.0,0.0,0.0,0.0
repeat_1_fold_4,DFFB,0.0,0.0,0.0,0.0,0.0,0.0,0.0
repeat_1_fold_4,DGKH,0.21514977364121712,0.24946197968440767,0.12473098984220383,0.09041878379901329,0.5,0.000400962309542896,0.5
repeat_1_fold_4,DGKI,0.19512944854907133,0.31796020907197914,0.15898010453598957,0.03614934401308176,0.5,0.0042101042502004915,0.5
repeat_1_fold_4,DGKQ,0.0,0.0,0.0,0.0,0.0,0.0,0.0
repeat_1_fold_4,DGUOK,0.0,0.0,0.0,0.0,0.0,0.0,0.0
repeat_1_fold_4,DIAPH2,0.0,0.0,0.0,0.0,0.0,0.0,0.0
repeat_1_fold_4,DIMT1,0.0,0.0,0.0,0.0,0.0,0.0,0.0
repeat_1_fold_4,DNAJC8,0.0,0.0,0.0,0.0,0.0,0.0,0.0
repeat_1_fold_4,DOCK2,0.0,0.0,0.0,0.0,0.0,0.0,0.0
repeat_1_fold_4,DOCK9,0.14656457696399983,0.18799221801326443,0.09399610900663222,0.05256846795736761,0.5,0.0008375209380234172,0.5
repeat_1_fold_4,DPF3,0.0,0.0,0.0,0.0,0.0,0.0,0.0
repeat_1_fold_4,DPM3,0.0,0.0,0.0,0.0,0.0,0.0,0.0
repeat_1_fold_4,DSC3,0.0,0.0,0.0,0.0,0.0,0.0,0.0
repeat_1_fold_4,DTNA,0.3338993660013543,0.44220329789737434,0.22110164894868717,0.11279771705266711,0.5,0.000801924619085792,0.5
repeat_1_fold_4,DTNB,0.0,0.0,0.0,0.0,0.0,0.0,0.0
repeat_1_fold_4,DUOX2,0.16537191076277935,0.2949513861693312,0.1474756930846656,0.01789621767811375,0.5,-0.000400962309542896,0.5
repeat_1_fold_4,DYNC1H1,-0.03128356371891883,0.2276782309665182,0.1138391154832591,-0.14512267920217792,0.25,-0.000200481154771448,0.5
repeat_1_fold_4,DYNC1LI1,0.0,0.0,0.0,0.0,0.0,-0.000837520938023445,0.5
repeat_1_fold_4,DYNC2LI1,0.0,0.0,0.0,0.0,0.0,0.0,0.0
repeat_1_fold_4,ECT2,0.0,0.0,0.0,0.0,0.0,0.0,0.0
repeat_1_fold_4,EDEM1,0.2586731158308577,0.3532703469979657,0.17663517349898286,0.08203794233187486,0.5,-0.000801924619085792,0.5
repeat_1_fold_4,EEF1AKMT2,0.0,0.0,0.0,0.0,0.0,0.0,0.0
repeat_1_fold_4,EFNA3,0.0,0.0,0.0,0.0,0.0,0.0,0.0
repeat_1_fold_4,EIF2AK2,-0.09832773724085087,0.19665547448170173,0.09832773724085087,-0.19665547448170173,0.0,0.000601443464314344,0.5
repeat_1_fold_4,EIF2S1,0.0,0.0,0.0,0.0,0.0,0.0004187604690117086,0.5
repeat_1_fold_4,ELF2,-0.049392454173979417,0.17129392921219788,0.08564696460609894,-0.13503941878007836,0.25,0.0025125628140703626,0.5
repeat_1_fold_4,ELOVL1,0.0,0.0,0.0,0.0,0.0,0.0,0.0
repeat_1_fold_4,ENO1,0.0,0.0,0.0,0.0,0.0,0.00041876046901173636,0.5
repeat_1_fold_4,ENOPH1,0.0,0.0,0.0,0.0,0.0,0.0,0.0
repeat_1_fold_4,ERF,0.0,0.0,0.0,0.0,0.0,0.0,0.0
repeat_1_fold_4,ERN1,0.0,0.0,0.0,0.0,0.0,0.0006281407035175768,0.5
repeat_1_fold_4,ESYT1,0.0,0.0,0.0,0.0,0.0,0.0,0.0
repeat_1_fold_4,ETHE1,0.0,0.0,0.0,0.0,0.0,0.0,0.0
repeat_1_fold_4,EXOC5,0.0,0.0,0.0,0.0,0.0,0.0,0.0
repeat_1_fold_4,F8,0.0,0.0,0.0,0.0,0.0,0.0,0.0
repeat_1_fold_4,FAM114A2,-0.07415150121092218,0.14830300242184435,0.07415150121092218,-0.14830300242184435,0.0,-0.0006281407035176045,0.5
repeat_1_fold_4,FANCI,0.0,0.0,0.0,0.0,0.0,0.0,0.0
repeat_1_fold_4,FBXO21,0.0,0.0,0.0,0.0,0.0,0.0,0.0
repeat_1_fold_4,FCER1A,0.0,0.0,0.0,0.0,0.0,0.0,0.0
repeat_1_fold_4,FDX1,0.0,0.0,0.0,0.0,0.0,0.0,0.0
repeat_1_fold_4,FGF9,0.39315574937550046,0.4581182262747264,0.2290591131373632,0.16409663623813725,0.5,0.0032076984763432237,0.5
repeat_1_fold_4,FGFR3,0.0,0.0,0.0,0.0,0.0,0.0,0.0
repeat_1_fold_4,FKBP1A,0.0,0.0,0.0,0.0,0.0,0.000837520938023445,0.5
repeat_1_fold_4,FN1,0.0,0.0,0.0,0.0,0.0,0.0,0.0
repeat_1_fold_4,FSHB,0.0,0.0,0.0,0.0,0.0,0.0,0.0
repeat_1_fold_4,FUCA1,0.0,0.0,0.0,0.0,0.0,0.0,0.0
repeat_1_fold_4,G3BP1,0.0,0.0,0.0,0.0,0.0,-0.0008375209380234727,0.5
repeat_1_fold_4,GABRR1,0.0,0.0,0.0,0.0,0.0,0.0,0.0
repeat_1_fold_4,GALK1,0.0,0.0,0.0,0.0,0.0,0.0,0.0
repeat_1_fold_4,GALNT1,0.0,0.0,0.0,0.0,0.0,0.0,0.0
repeat_1_fold_4,GALNT2,-0.08244108071681389,0.10876012959604597,0.05438006479802299,-0.13682114551483687,0.0,0.002512562814070335,0.5
repeat_1_fold_4,GALR3,0.0,0.0,0.0,0.0,0.0,0.0,0.0
repeat_1_fold_4,GARRE1,0.0,0.0,0.0,0.0,0.0,0.0,0.0
repeat_1_fold_4,GARS1,0.0,0.0,0.0,0.0,0.0,0.0,0.0
repeat_1_fold_4,GAST,0.0,0.0,0.0,0.0,0.0,0.0,0.0
repeat_1_fold_4,GATAD2A,0.0,0.0,0.0,0.0,0.0,0.0,0.0
repeat_1_fold_4,GBX2,0.0,0.0,0.0,0.0,0.0,0.0,0.0
repeat_1_fold_4,GCH1,-0.026732871042920436,1.2529809495656254,0.6264904747828127,-0.6532233458257332,0.25,-0.0008019246190858198,0.5
repeat_1_fold_4,GCHFR,0.0,0.0,0.0,0.0,0.0,0.0,0.0
repeat_1_fold_4,GCNT1,0.0,0.0,0.0,0.0,0.0,0.0,0.0
repeat_1_fold_4,GEM,0.0,0.0,0.0,0.0,0.0,0.0,0.5
repeat_1_fold_4,GEMIN8,0.0,0.0,0.0,0.0,0.0,0.0012206850880975284,1.0
repeat_1_fold_4,GFER,0.22330825868788118,0.233895160971907,0.1169475804859535,0.10636067820192768,0.75,0.0006548379427208373,1.0
repeat_1_fold_4,GFPT1,0.0,0.0,0.0,0.0,0.0,0.0,0.0
repeat_1_fold_4,GGA2,0.0,0.0,0.0,0.0,0.0,0.0,0.0
repeat_1_fold_4,GGH,0.0,0.0,0.0,0.0,0.0,0.0,0.0
repeat_1_fold_4,GGPS1,0.01385702679475287,0.02771405358950574,0.01385702679475287,0.0,0.25,-0.0024413701761951123,1.0
repeat_1_fold_4,GHR,0.0,0.0,0.0,0.0,0.0,0.0,0.0
repeat_1_fold_4,GID8,0.0,0.0,0.0,0.0,0.0,0.0,0.0
repeat_1_fold_4,GINS3,0.0,0.0,0.0,0.0,0.0,0.0,0.0
repeat_1_fold_4,GINS4,0.0,0.0,0.0,0.0,0.0,0.0,0.0
repeat_1_fold_4,GJA5,0.03924714258866757,0.15298294696675258,0.07649147348337629,-0.037244330894708716,0.25,0.0031407035175879394,0.5
repeat_1_fold_4,GLTP,0.008249671460200503,0.08896787806885159,0.044483939034425796,-0.03623426757422529,0.25,-0.001884422110552758,0.5
repeat_1_fold_4,GLUD2,0.0,0.0,0.0,0.0,0.0,0.0,0.0
repeat_1_fold_4,GMDS,0.0,0.0,0.0,0.0,0.0,0.0,0.0
repeat_1_fold_4,GMPPB,0.20129274684646603,0.2324328431554527,0.11621642157772635,0.08507632526873968,0.5,-0.00100240577385724,0.5
repeat_1_fold_4,GNB1,0.0,0.0,0.0,0.0,0.0,0.0,0.0
repeat_1_fold_4,GNG13,0.0,0.0,0.0,0.0,0.0,0.0,0.0
repeat_1_fold_4,GNRHR,-0.025497619191680698,0.09174670075658002,0.04587335037829001,-0.07137096956997072,0.25,-0.002022609707183376,1.0
repeat_1_fold_4,GP2,0.0,0.0,0.0,0.0,0.0,0.0,0.0
repeat_1_fold_4,GPD2,0.0,0.0,0.0,0.0,0.0,0.0,0.0
repeat_1_fold_4,GPR25,0.0,0.0,0.0,0.0,0.0,0.0,0.0
repeat_1_fold_4,GPR65,0.0,0.0,0.0,0.0,0.0,0.0,0.0
repeat_1_fold_4,GRIA1,0.0,0.0,0.0,0.0,0.0,0.0,0.0
repeat_1_fold_4,GRK3,-0.014940644470012643,0.12147254786459702,0.06073627393229851,-0.07567691840231115,0.25,0.0014033680834001638,0.5
repeat_1_fold_4,GRK4,0.0,0.0,0.0,0.0,0.0,0.0,0.0
repeat_1_fold_4,GRPR,-0.07870929197286713,0.09088566181651939,0.04544283090825969,-0.12415212288112683,0.0,-0.0010469011725293131,0.5
repeat_1_fold_4,GSTT2,0.376130575202712,0.5191894753670925,0.25959473768354624,0.11653583751916574,0.75,0.0028601306452067654,1.0
repeat_1_fold_4,GTF2H3,0.0,0.0,0.0,0.0,0.0,0.0,0.0
repeat_1_fold_4,GTF3A,0.0,0.0,0.0,0.0,0.0,0.0,0.0
repeat_1_fold_4,GUCY2C,0.05370099708911269,0.1074019941782254,0.0537009970891127,-6.938893903907228e-18,0.25,0.0021027014247930464,1.0
repeat_1_fold_4,GYPA,0.0,0.0,0.0,0.0,0.0,0.0,0.0
repeat_1_fold_4,GYS1,0.0,0.0,0.0,0.0,0.0,0.0,0.0
repeat_1_fold_4,GZMH,0.0,0.0,0.0,0.0,0.0,-0.0008375209380234727,0.5
repeat_1_fold_4,H1-1,0.0,0.0,0.0,0.0,0.0,0.0,0.0
repeat_1_fold_4,H2AX,0.0,0.0,0.0,0.0,0.0,0.0,0.0
repeat_1_fold_4,H2BC10,0.014239394171527309,0.02847878834305462,0.01423939417152731,-1.734723475976807e-18,0.25,0.00167504187604689,0.5
repeat_1_fold_4,H2BC17,0.0,0.0,0.0,0.0,0.0,0.0,0.0
repeat_1_fold_4,H2BC3,0.7183596976297828,0.9986558215058345,0.49932791075291727,0.21903178687686553,0.5,0.0034259777905834843,1.0
repeat_1_fold_4,H3C11,0.0,0.0,0.0,0.0,0.0,0.0,0.0
repeat_1_fold_4,H3C8,0.13765785717327894,0.2753157143465579,0.13765785717327894,0.0,0.25,0.001403368083400136,0.5
repeat_1_fold_4,H4C5,0.48221240264079945,0.16660466488826267,0.08330233244413134,0.39891007019666813,1.0,0.009489105511519075,1.0
repeat_1_fold_4,HAO1,0.0,0.0,0.0,0.0,0.0,0.0,0.0
repeat_1_fold_4,HARS2,0.0,0.0,0.0,0.0,0.0,0.0,0.0
repeat_1_fold_4,HAS1,0.01385702679475287,0.02771405358950574,0.01385702679475287,0.0,0.25,0.00100240577385724,0.5
repeat_1_fold_4,HERPUD1,0.0,0.0,0.0,0.0,0.0,0.0,0.0
repeat_1_fold_4,HIPK1,0.1431565094545384,0.1653028985396499,0.08265144926982496,0.06050506018471344,0.5,-0.0018043303929430599,0.5
repeat_1_fold_4,HLA-DPA1,0.016108147515566884,0.10162773229138539,0.05081386614569269,-0.03470571863012581,0.25,0.0018043303929430599,0.5
repeat_1_fold_4,HLA-DPB1,0.0,0.0,0.0,0.0,0.0,0.0,0.0
repeat_1_fold_4,HOXA11,0.0,0.0,0.0,0.0,0.0,0.0,0.0
repeat_1_fold_4,HOXB1,0.0,0.0,0.0,0.0,0.0,0.0,0.0
repeat_1_fold_4,HOXD1,-0.1353799762470338,0.20693791925599025,0.10346895962799513,-0.23884893587502892,0.0,0.000400962309542896,0.5
repeat_1_fold_4,HOXD11,0.10722835936172181,0.3011193315237956,0.1505596657618978,-0.04333130640017599,0.25,0.0,0.5
repeat_1_fold_4,HRG,0.0,0.0,0.0,0.0,0.0,0.0,0.0
repeat_1_fold_4,HS3ST3A1,0.042061845163805955,0.0644360412179144,0.0322180206089572,0.009843824554848758,0.5,0.00020938023450586818,0.5
repeat_1_fold_4,HS3ST3B1,0.0,0.0,0.0,0.0,0.0,-0.00100240577385724,0.5
repeat_1_fold_4,HSD17B14,0.0,0.0,0.0,0.0,0.0,0.0,0.0
repeat_1_fold_4,HSD17B6,0.0,0.0,0.0,0.0,0.0,0.0,0.0
repeat_1_fold_4,HSPB1,-0.04681822347433062,0.08398033397351538,0.04199016698675769,-0.08880839046108832,0.0,-0.0029313232830820712,0.5
repeat_1_fold_4,HTR1B,0.2753157143465579,0.3179072035802386,0.1589536017901193,0.11636211255643858,0.5,0.000200481154771448,0.5
repeat_1_fold_4,HTR3B,0.0,0.0,0.0,0.0,0.0,0.0,0.0
repeat_1_fold_4,ICAM2,0.0,0.0,0.0,0.0,0.0,0.0,0.0
repeat_1_fold_4,ID3,0.0,0.0,0.0,0.0,0.0,0.0,0.0
repeat_1_fold_4,IDH3A,0.0,0.0,0.0,0.0,0.0,0.00020938023450586818,0.5
repeat_1_fold_4,IFIT3,0.0,0.0,0.0,0.0,0.0,0.0,0.0
repeat_1_fold_4,IFNAR1,0.1428013686874987,0.39277624360536006,0.19638812180268003,-0.053586753115181324,0.25,0.0033992805513802515,1.0
repeat_1_fold_4,IFT25,0.0,0.0,0.0,0.0,0.0,0.0,0.0
repeat_1_fold_4,IGFBP3,0.0,0.0,0.0,0.0,0.0,0.0,0.0
repeat_1_fold_4,IGLC2,0.0,0.0,0.0,0.0,0.0,0.0,0.0
repeat_1_fold_4,IL17A,0.0037545507579750392,0.023039995213391142,0.011519997606695571,-0.007765446848720532,0.25,-0.000400962309542896,0.5
repeat_1_fold_4,IL18,0.0,0.0,0.0,0.0,0.0,0.0,0.0
repeat_1_fold_4,IL1R2,0.0,0.0,0.0,0.0,0.0,0.0,0.0
repeat_1_fold_4,IL1RAP,-0.07415150121092218,0.14830300242184435,0.07415150121092218,-0.14830300242184435,0.0,0.0004187604690117086,0.5
repeat_1_fold_4,IL6,0.17698797710570524,0.2599010885235175,0.12995054426175875,0.047037432843946486,0.5,0.0010024057738572678,0.5
repeat_1_fold_4,INHA,0.0,0.0,0.0,0.0,0.0,0.0,0.0
repeat_1_fold_4,INPP5F,0.1974490612978137,0.49868530203275196,0.24934265101637598,-0.05189358971856228,0.5,0.0038625364190640055,1.0
repeat_1_fold_4,INTS14,0.0,0.0,0.0,0.0,0.0,0.0,0.0
repeat_1_fold_4,ITGA2B,-0.023140767338716728,0.09021771305241359,0.045108856526206796,-0.06824962386492353,0.25,-0.0012562814070351813,0.5
repeat_1_fold_4,ITGAM,0.3725051951161884,0.6111957796438572,0.3055978898219286,0.06690730529425981,0.5,0.007747068676716901,0.5
repeat_1_fold_4,JUN,0.10064637342323302,0.20129274684646603,0.10064637342323302,0.0,0.25,0.000801924619085792,0.5
repeat_1_fold_4,KANK1,0.0,0.0,0.0,0.0,0.0,0.0,0.0
repeat_1_fold_4,KCNA3,0.0,0.0,0.0,0.0,0.0,0.0,0.0
repeat_1_fold_4,KCNC2,0.0,0.0,0.0,0.0,0.0,0.0,0.0
repeat_1_fold_4,KCND1,0.0,0.0,0.0,0.0,0.0,0.0,0.0
repeat_1_fold_4,KCNH2,-0.03935464598643357,0.07870929197286713,0.03935464598643357,-0.07870929197286713,0.0,0.0,0.5
repeat_1_fold_4,KCNJ15,0.0,0.0,0.0,0.0,0.0,0.0,0.0
repeat_1_fold_4,KCNJ16,0.0,0.0,0.0,0.0,0.0,0.0,0.0
repeat_1_fold_4,KDSR,0.0,0.0,0.0,0.0,0.0,0.0,0.0
repeat_1_fold_4,KIF13A,0.0,0.0,0.0,0.0,0.0,-0.002049306946386581,1.0
repeat_1_fold_4,KIF13B,0.0,0.0,0.0,0.0,0.0,0.0,0.0
repeat_1_fold_4,KIF16B,0.0,0.0,0.0,0.0,0.0,0.000837520938023445,0.5
repeat_1_fold_4,KIF3A,-0.16005896496933936,0.376420937660877,0.1882104688304385,-0.3482694337997778,0.25,-0.00041876046901173636,0.5
repeat_1_fold_4,KIR2DL4,0.09054389738646229,0.19479076747603805,0.09739538373801902,-0.006851486351556732,0.25,-0.000801924619085792,0.5
repeat_1_fold_4,KIR2DS4,0.19624150882808067,0.22675025850233976,0.11337512925116988,0.08286637957691079,0.5,-0.000200481154771448,0.5
repeat_1_fold_4,KL,0.0,0.0,0.0,0.0,0.0,0.0,0.0
repeat_1_fold_4,KLHL2,0.014239394171527309,0.02847878834305462,0.01423939417152731,-1.734723475976807e-18,0.25,0.00020938023450586818,0.5
repeat_1_fold_4,KLHL21,0.0,0.0,0.0,0.0,0.0,-0.00020938023450586818,0.5
repeat_1_fold_4,KMT2D,0.0,0.0,0.0,0.0,0.0,0.0,0.0
repeat_1_fold_4,KRT1,0.14483856552702612,0.19097071063672927,0.09548535531836463,0.049353210208661485,0.5,-0.0020048115477145356,0.5
repeat_1_fold_4,KRT2,0.0,0.0,0.0,0.0,0.0,0.0,0.0
repeat_1_fold_4,KRT76,0.0,0.0,0.0,0.0,0.0,0.0,0.0
repeat_1_fold_4,KRTAP1-1,0.0,0.0,0.0,0.0,0.0,0.0,0.0
repeat_1_fold_4,KYNU,0.0,0.0,0.0,0.0,0.0,0.0,0.0
repeat_1_fold_4,LAMA3,0.0,0.0,0.0,0.0,0.0,0.0,0.0
repeat_1_fold_4,LARS1,0.0,0.0,0.0,0.0,0.0,0.0,0.0
repeat_1_fold_4,LDLRAP1,0.5993254374997736,0.6305273605935707,0.31526368029678536,0.28406175720298826,0.75,0.002721943048576203,1.0
repeat_1_fold_4,LHX3,0.20662174630518493,0.2387448917894475,0.11937244589472375,0.08724930041046118,0.5,-0.0018043303929430876,0.5
repeat_1_fold_4,LILRA3,0.0,0.0,0.0,0.0,0.0,0.0,0.0
repeat_1_fold_4,LIPA,0.0,0.0,0.0,0.0,0.0,0.0,0.0
repeat_1_fold_4,LIPF,0.0,0.0,0.0,0.0,0.0,0.0,0.0
repeat_1_fold_4,LMAN1,0.1819768507845243,0.3539660433603752,0.1769830216801876,0.004993829104336711,0.5,0.0022052927024859836,0.5
repeat_1_fold_4,LMAN2L,0.0,0.0,0.0,0.0,0.0,0.0,0.0
repeat_1_fold_4,LPCAT1,0.0,0.0,0.0,0.0,0.0,0.0,0.0
repeat_1_fold_4,LRPPRC,0.0,0.0,0.0,0.0,0.0,0.0,0.0
repeat_1_fold_4,LTF,0.0,0.0,0.0,0.0,0.0,0.0010469011725292854,0.5
repeat_1_fold_4,LYZ,0.0,0.0,0.0,0.0,0.0,0.0,0.0
repeat_1_fold_4,MAGI2,0.10064637342323302,0.20129274684646603,0.10064637342323302,0.0,0.25,-0.0008464200177578929,1.0
repeat_1_fold_4,MAGT1,0.0,0.0,0.0,0.0,0.0,0.0,0.0
repeat_1_fold_4,MAML3,0.0,0.0,0.0,0.0,0.0,0.0,0.0
repeat_1_fold_4,MAN1C1,0.08265126310412008,0.09808340448065873,0.04904170224032937,0.03360956086379071,0.5,0.000601443464314344,0.5
repeat_1_fold_4,MAN2C1,0.12872489175905066,0.2220404666235633,0.11102023331178165,0.01770465844726901,0.5,0.0010024057738572678,0.5
repeat_1_fold_4,MAP2K7,0.0,0.0,0.0,0.0,0.0,0.00020938023450586818,0.5
repeat_1_fold_4,MAP3K3,0.0,0.0,0.0,0.0,0.0,0.0,0.0
repeat_1_fold_4,MAPK1,0.014239394171527309,0.02847878834305462,0.01423939417152731,-1.734723475976807e-18,0.25,0.0006281407035175768,0.5
repeat_1_fold_4,MARCKS,0.03439711815468449,0.06879423630936898,0.03439711815468449,0.0,0.25,-0.0025973559322944872,1.0
repeat_1_fold_4,MAT2A,0.0,0.0,0.0,0.0,0.0,0.0,0.0
repeat_1_fold_4,MAU2,0.0,0.0,0.0,0.0,0.0,0.0,0.0
repeat_1_fold_4,MB,0.13532125301824927,0.20018657908841503,0.10009328954420751,0.03522796347404175,0.5,0.000400962309542896,0.5
repeat_1_fold_4,MBD1,0.0,0.0,0.0,0.0,0.0,0.0,0.0
repeat_1_fold_4,MBD4,0.0,0.0,0.0,0.0,0.0,0.0,0.0
repeat_1_fold_4,MCCC1,0.0,0.0,0.0,0.0,0.0,0.0,0.0
repeat_1_fold_4,MCCC2,0.09559513540484765,0.20488175465211741,0.10244087732605871,-0.006845741921211054,0.25,-0.0010024057738572678,0.5
repeat_1_fold_4,MCFD2,0.0,0.0,0.0,0.0,0.0,0.0,0.0
repeat_1_fold_4,MCM2,0.0,0.0,0.0,0.0,0.0,0.0,0.0
repeat_1_fold_4,MCM4,0.0,0.0,0.0,0.0,0.0,0.0,0.0
repeat_1_fold_4,MECOM,0.0,0.0,0.0,0.0,0.0,0.0,0.0
repeat_1_fold_4,MED15,-0.2838008864080468,0.20551802220973422,0.10275901110486711,-0.3865598975129139,0.0,-0.0012028869286287158,1.0
repeat_1_fold_4,MED24,0.08130474026257062,0.16277846179040517,0.08138923089520259,-8.449063263196721e-05,0.25,0.0025528605336223864,1.0
repeat_1_fold_4,MED31,0.0,0.0,0.0,0.0,0.0,0.002004811547714508,0.5
repeat_1_fold_4,MED9,0.0,0.0,0.0,0.0,0.0,0.0,0.0
repeat_1_fold_4,MELTF,0.13765785717327894,0.2753157143465579,0.13765785717327894,0.0,0.25,0.0,0.5
repeat_1_fold_4,MEN1,0.0,0.0,0.0,0.0,0.0,0.0,0.0
repeat_1_fold_4,MET,0.0,0.0,0.0,0.0,0.0,0.0016038492381716118,0.5
repeat_1_fold_4,MLEC,0.0,0.0,0.0,0.0,0.0,0.0,0.0
repeat_1_fold_4,MMP10,0.0,0.0,0.0,0.0,0.0,0.0,0.0
repeat_1_fold_4,MMRN2,0.0,0.0,0.0,0.0,0.0,0.0,0.0
repeat_1_fold_4,MNAT1,0.0,0.0,0.0,0.0,0.0,0.0,0.0
repeat_1_fold_4,MOCS3,0.0,0.0,0.0,0.0,0.0,0.0,0.0
repeat_1_fold_4,MPL,0.0,0.0,0.0,0.0,0.0,0.0,0.0
repeat_1_fold_4,MRPL40,-0.10843021327761804,0.20361335572841632,0.10180667786420816,-0.2102368911418262,0.0,-0.000200481154771448,0.5
repeat_1_fold_4,MRPS16,0.0,0.0,0.0,0.0,0.0,0.0,0.0
repeat_1_fold_4,MRPS35,0.0,0.0,0.0,0.0,0.0,0.0,0.0
repeat_1_fold_4,MSL1,0.3039203476442527,0.3251279943482107,0.16256399717410536,0.14135635047014733,0.75,0.002485865574867102,1.0
repeat_1_fold_4,MSRA,0.0,0.0,0.0,0.0,0.0,-0.001202886928628688,0.5
repeat_1_fold_4,MTAP,0.0,0.0,0.0,0.0,0.0,0.0,0.0
repeat_1_fold_4,MTF2,-0.14830300242184435,0.17124555673976313,0.08562277836988157,-0.23392578079172593,0.0,0.0006281407035175768,0.5
repeat_1_fold_4,MTM1,0.0,0.0,0.0,0.0,0.0,0.0,0.0
repeat_1_fold_4,MUC5AC,0.0,0.0,0.0,0.0,0.0,0.0,0.0
repeat_1_fold_4,MYBPC3,0.0,0.0,0.0,0.0,0.0,0.0,0.0
repeat_1_fold_4,MYH2,0.0,0.0,0.0,0.0,0.0,0.0,0.0
repeat_1_fold_4,MYL7,0.0,0.0,0.0,0.0,0.0,0.0,0.0
repeat_1_fold_4,MYO3A,0.0,0.0,0.0,0.0,0.0,0.0,0.0
repeat_1_fold_4,MZT2B,0.0,0.0,0.0,0.0,0.0,0.0,0.0
repeat_1_fold_4,NAAA,-0.290498641255855,0.3354389374565768,0.1677194687282884,-0.4582181099841434,0.0,0.0037332479021678633,1.0
repeat_1_fold_4,NABP2,-0.16468200294247914,0.26773161025944997,0.13386580512972499,-0.29854780807220416,0.0,0.0006281407035175768,0.5
repeat_1_fold_4,NBR1,0.0,0.0,0.0,0.0,0.0,0.0,0.0
repeat_1_fold_4,NCF4,0.0,0.0,0.0,0.0,0.0,-0.0012028869286287158,0.5
repeat_1_fold_4,NCK1,-0.026569757449182774,0.2093495479531639,0.10467477397658195,-0.13124453142576473,0.25,0.00020938023450584042,0.5
repeat_1_fold_4,NCOA1,0.014239394171527309,0.02847878834305462,0.01423939417152731,-1.734723475976807e-18,0.25,-0.0006281407035176045,0.5
repeat_1_fold_4,NCOR2,0.0,0.0,0.0,0.0,0.0,0.0,0.0
repeat_1_fold_4,NDST1,0.0,0.0,0.0,0.0,0.0,0.0,0.0
repeat_1_fold_4,NDUFAF3,0.0,0.0,0.0,0.0,0.0,0.000200481154771448,0.5
repeat_1_fold_4,NDUFB4,0.0,0.0,0.0,0.0,0.0,0.0,0.0
repeat_1_fold_4,NEFL,0.0,0.0,0.0,0.0,0.0,0.0,0.0
repeat_1_fold_4,NFIB,0.0,0.0,0.0,0.0,0.0,0.0,0.0
repeat_1_fold_4,NHP2,0.0,0.0,0.0,0.0,0.0,0.0,0.5
repeat_1_fold_4,NLRP3,0.0,0.0,0.0,0.0,0.0,0.0,0.0
repeat_1_fold_4,NMUR1,0.0,0.0,0.0,0.0,0.0,0.0,0.0
repeat_1_fold_4,NOTCH2NLA,0.0,0.0,0.0,0.0,0.0,0.0,0.0
repeat_1_fold_4,NOTCH3,-0.009222347157509247,0.062479894613199354,0.031239947306599677,-0.04046229446410893,0.25,-0.00041876046901173636,0.5
repeat_1_fold_4,NPC1,0.14283457526560106,0.2500858117080544,0.1250429058540272,0.01779166941157387,0.5,0.000400962309542896,0.5
repeat_1_fold_4,NPR1,0.0,0.0,0.0,0.0,0.0,0.0,0.0
repeat_1_fold_4,NR2C1,0.0,0.0,0.0,0.0,0.0,0.0,0.0
repeat_1_fold_4,NR4A2,0.0,0.0,0.0,0.0,0.0,0.0,0.5
repeat_1_fold_4,NRF1,0.0,0.0,0.0,0.0,0.0,0.0,0.0
repeat_1_fold_4,NRP2,0.0,0.0,0.0,0.0,0.0,0.0,0.0
repeat_1_fold_4,NRXN3,0.19038453430295554,0.526581580187248,0.263290790093624,-0.07290625579066845,0.25,0.004793749555045995,1.0
repeat_1_fold_4,NTN3,0.0,0.0,0.0,0.0,0.0,0.0,0.0
repeat_1_fold_4,NUDC,0.0,0.0,0.0,0.0,0.0,0.0,0.0
repeat_1_fold_4,NUP188,0.0,0.0,0.0,0.0,0.0,0.0,0.0
repeat_1_fold_4,NUP98,0.0,0.0,0.0,0.0,0.0,0.0,0.0
repeat_1_fold_4,OAT,0.0,0.0,0.0,0.0,0.0,0.0,0.0
repeat_1_fold_4,OBSL1,0.0,0.0,0.0,0.0,0.0,0.0,0.0
repeat_1_fold_4,OLA1,0.0,0.0,0.0,0.0,0.0,0.0,0.0
repeat_1_fold_4,OPRL1,0.0,0.0,0.0,0.0,0.0,0.0,0.0
repeat_1_fold_4,OR1D2,0.0,0.0,0.0,0.0,0.0,0.0,0.0
repeat_1_fold_4,OR1G1,0.0,0.0,0.0,0.0,0.0,0.0,0.5
repeat_1_fold_4,OR3A2,0.0,0.0,0.0,0.0,0.0,0.0,0.0
repeat_1_fold_4,OR5V1,0.0,0.0,0.0,0.0,0.0,0.0,0.0
repeat_1_fold_4,ORC4,0.0,0.0,0.0,0.0,0.0,0.0,0.0
repeat_1_fold_4,OSBP,0.0,0.0,0.0,0.0,0.0,0.0,0.0
repeat_1_fold_4,OSBPL1A,0.0,0.0,0.0,0.0,0.0,0.0,0.0
repeat_1_fold_4,OSBPL2,0.0,0.0,0.0,0.0,0.0,0.0,0.0
repeat_1_fold_4,OSGEPL1,0.0,0.0,0.0,0.0,0.0,0.0,0.0
repeat_1_fold_4,OSTM1,0.0,0.0,0.0,0.0,0.0,0.0,0.0
repeat_1_fold_4,P2RX2,0.472004637437502,0.5895622659177858,0.2947811329588929,0.17722350447860907,0.5,-0.0012028869286287158,0.5
repeat_1_fold_4,PADI2,0.0,0.0,0.0,0.0,0.0,0.0,0.0
repeat_1_fold_4,PAFAH1B1,0.0,0.0,0.0,0.0,0.0,0.0,0.0
repeat_1_fold_4,PAPPA,0.0,0.0,0.0,0.0,0.0,0.0,0.0
repeat_1_fold_4,PARG,-0.11350614719735219,0.22701229439470438,0.11350614719735219,-0.22701229439470438,0.0,0.000837520938023445,0.5
repeat_1_fold_4,PCBP1,0.0,0.0,0.0,0.0,0.0,0.0,0.0
repeat_1_fold_4,PCGF2,0.0,0.0,0.0,0.0,0.0,0.0,0.0
repeat_1_fold_4,PCNA,0.0,0.0,0.0,0.0,0.0,0.0,0.0
repeat_1_fold_4,PCNT,0.0,0.0,0.0,0.0,0.0,0.0,0.0
repeat_1_fold_4,PCSK2,-0.14830300242184435,0.17124555673976313,0.08562277836988157,-0.23392578079172593,0.0,-0.0008375209380234727,0.5
repeat_1_fold_4,PCSK5,0.0,0.0,0.0,0.0,0.0,0.0,0.0
repeat_1_fold_4,PCYOX1L,0.04730752400418403,0.2682133206626614,0.1341066603313307,-0.08679913632714667,0.25,0.004316893207013395,1.0
repeat_1_fold_4,PDCD11,0.0,0.0,0.0,0.0,0.0,0.0,0.0
repeat_1_fold_4,PDCD1LG2,0.0,0.0,0.0,0.0,0.0,0.0,0.0
repeat_1_fold_4,PDE8A,-0.09007326591365228,0.20675989004063228,0.10337994502031614,-0.19345321093396842,0.25,-0.0014033680834001638,1.0
repeat_1_fold_4,PDGFD,-0.3551597735310299,0.41072699630093845,0.20536349815046923,-0.5605232716814992,0.0,-0.0016038492381716118,0.5
repeat_1_fold_4,PDSS2,0.0,0.0,0.0,0.0,0.0,0.0,0.0
repeat_1_fold_4,PEA15,0.0,0.0,0.0,0.0,0.0,0.0,0.0
repeat_1_fold_4,PEAK1,0.0,0.0,0.0,0.0,0.0,0.0,0.0
repeat_1_fold_4,PEX19,0.0,0.0,0.0,0.0,0.0,0.0,0.0
repeat_1_fold_4,PFAS,0.0,0.0,0.0,0.0,0.0,0.0,0.0
repeat_1_fold_4,PFKFB1,0.0,0.0,0.0,0.0,0.0,0.0,0.0
repeat_1_fold_4,PFKL,0.0,0.0,0.0,0.0,0.0,0.0,0.0
repeat_1_fold_4,PFKP,0.0,0.0,0.0,0.0,0.0,0.0,0.0
repeat_1_fold_4,PHF10,0.0,0.0,0.0,0.0,0.0,0.0,0.0
repeat_1_fold_4,PHF2,0.0,0.0,0.0,0.0,0.0,0.0,0.0
repeat_1_fold_4,PHLPP2,0.0,0.0,0.0,0.0,0.0,0.0,0.0
repeat_1_fold_4,PI4KA,0.0,0.0,0.0,0.0,0.0,0.0,0.0
repeat_1_fold_4,PIGR,0.0,0.0,0.0,0.0,0.0,0.0,0.0
repeat_1_fold_4,PIK3R1,0.0,0.0,0.0,0.0,0.0,0.0,0.0
repeat_1_fold_4,PJA1,0.014239394171527309,0.02847878834305462,0.01423939417152731,-1.734723475976807e-18,0.25,0.00041876046901173636,0.5
repeat_1_fold_4,PKP3,0.0,0.0,0.0,0.0,0.0,0.0,0.0
repeat_1_fold_4,PLA2G4C,0.0,0.0,0.0,0.0,0.0,0.0,0.0
repeat_1_fold_4,PLAAT3,0.0,0.0,0.0,0.0,0.0,0.0,0.0
repeat_1_fold_4,PLD3,0.0,0.0,0.0,0.0,0.0,0.0,1.0
repeat_1_fold_4,PLEKHG3,0.0,0.0,0.0,0.0,0.0,0.0,0.0
repeat_1_fold_4,PLPP3,0.028478788343054617,0.032884472232113916,0.016442236116056958,0.01203655222699766,0.5,0.0004187604690117086,0.5
repeat_1_fold_4,PNLIPRP1,0.014731900486824046,0.02946380097364809,0.014731900486824046,0.0,0.25,0.0,0.5
repeat_1_fold_4,PNO1,0.0,0.0,0.0,0.0,0.0,0.0,0.0
repeat_1_fold_4,PNOC,0.0,0.0,0.0,0.0,0.0,0.0,0.0
repeat_1_fold_4,PNPLA3,0.0,0.0,0.0,0.0,0.0,0.0,0.0
repeat_1_fold_4,POLA2,0.0,0.0,0.0,0.0,0.0,0.0,0.0
repeat_1_fold_4,POLR1D,0.0,0.0,0.0,0.0,0.0,0.0,0.0
repeat_1_fold_4,POLR2C,0.0,0.0,0.0,0.0,0.0,0.0,0.0
repeat_1_fold_4,POP1,0.02429464211791199,0.06278591254235119,0.031392956271175596,-0.007098314153263605,0.25,0.0020137106274489003,1.0
repeat_1_fold_4,PPCDC,0.0,0.0,0.0,0.0,0.0,0.0,0.0
repeat_1_fold_4,PPID,0.0,0.0,0.0,0.0,0.0,0.0,0.0
repeat_1_fold_4,PPL,0.0,0.0,0.0,0.0,0.0,0.0,0.0
repeat_1_fold_4,PPP1CA,-0.03935464598643357,0.07870929197286713,0.03935464598643357,-0.07870929197286713,0.0,0.0006281407035175768,0.5
repeat_1_fold_4,PPP1CB,0.0,0.0,0.0,0.0,0.0,0.0,0.0
repeat_1_fold_4,PPP1R3C,0.0,0.0,0.0,0.0,0.0,0.0,0.0
repeat_1_fold_4,PPP2R1A,0.0,0.0,0.0,0.0,0.0,0.0,0.0
repeat_1_fold_4,PPP4C,0.0,0.0,0.0,0.0,0.0,0.0,0.0
repeat_1_fold_4,PPRC1,0.05012300023204652,0.10024600046409304,0.05012300023204652,0.0,0.25,0.0006281407035175768,0.5
repeat_1_fold_4,PPT1,0.0,0.0,0.0,0.0,0.0,0.0,0.0
repeat_1_fold_4,PRDM9,0.0,0.0,0.0,0.0,0.0,0.0,0.0
repeat_1_fold_4,PREX2,0.0,0.0,0.0,0.0,0.0,0.0,0.0
repeat_1_fold_4,PRG2,0.0,0.0,0.0,0.0,0.0,0.0,0.0
repeat_1_fold_4,PRKAR1B,0.0,0.0,0.0,0.0,0.0,0.0,0.0
repeat_1_fold_4,PRKCG,0.1342883325079569,0.47035828879619446,0.23517914439809723,-0.10089081189014032,0.5,0.0014567625618066016,1.0
repeat_1_fold_4,PRKD2,0.030032689771887888,0.03488485062653917,0.017442425313269585,0.012590264458618303,0.5,-0.0018043303929430876,0.5
repeat_1_fold_4,PRPS1L1,-0.07415150121092218,0.14830300242184435,0.07415150121092218,-0.14830300242184435,0.0,0.001875523030818338,1.0
repeat_1_fold_4,PRSS1,0.0,0.0,0.0,0.0,0.0,0.0,0.0
repeat_1_fold_4,PRSS3,0.0,0.0,0.0,0.0,0.0,0.0,0.0
repeat_1_fold_4,PSEN1,0.0,0.0,0.0,0.0,0.0,0.0,0.0
repeat_1_fold_4,PSMC6,0.0,0.0,0.0,0.0,0.0,0.0,0.0
repeat_1_fold_4,PSMD9,0.0,0.0,0.0,0.0,0.0,0.0,0.0
repeat_1_fold_4,PTGS1,0.0,0.0,0.0,0.0,0.0,0.0,0.0
repeat_1_fold_4,PTGS2,0.0,0.0,0.0,0.0,0.0,0.0,0.0
repeat_1_fold_4,PTH1R,-0.05305842637117131,0.10611685274234262,0.05305842637117131,-0.10611685274234262,0.0,-0.0008286218582890525,1.0
repeat_1_fold_4,PTPRU,0.0,0.0,0.0,0.0,0.0,-0.0010469011725293131,0.5
repeat_1_fold_4,PUDP,0.0,0.0,0.0,0.0,0.0,0.0,0.0
repeat_1_fold_4,PUF60,0.0,0.0,0.0,0.0,0.0,0.0,0.0
repeat_1_fold_4,PUS3,0.0,0.0,0.0,0.0,0.0,0.0,0.0
repeat_1_fold_4,PYCR3,0.0,0.0,0.0,0.0,0.0,0.0,0.0
repeat_1_fold_4,RAB22A,0.0,0.0,0.0,0.0,0.0,0.0,0.0
repeat_1_fold_4,RAB29,0.0,0.0,0.0,0.0,0.0,0.0,0.0
repeat_1_fold_4,RAB32,0.0,0.0,0.0,0.0,0.0,0.0,0.0
repeat_1_fold_4,RAB7A,0.0,0.0,0.0,0.0,0.0,-0.000601443464314344,0.5
repeat_1_fold_4,RAMP1,0.30230358501601806,0.4504099425067488,0.2252049712533744,0.07709861376264365,0.5,-0.0018043303929430599,0.5
repeat_1_fold_4,RANBP1,0.0,0.0,0.0,0.0,0.0,0.0,0.0
repeat_1_fold_4,RAP1B,0.0,0.0,0.0,0.0,0.0,-0.000200481154771448,0.5
repeat_1_fold_4,RAP1GAP,0.0,0.0,0.0,0.0,0.0,0.0,0.0
repeat_1_fold_4,RARG,0.0,0.0,0.0,0.0,0.0,0.0,0.0
repeat_1_fold_4,RASA1,0.0,0.0,0.0,0.0,0.0,0.0,0.0
repeat_1_fold_4,RASAL2,0.0,0.0,0.0,0.0,0.0,0.0010469011725292854,0.5
repeat_1_fold_4,RBM7,0.0,0.0,0.0,0.0,0.0,0.0,0.0
repeat_1_fold_4,REG1A,0.0,0.0,0.0,0.0,0.0,-0.0006281407035176045,0.5
repeat_1_fold_4,RET,0.0,0.0,0.0,0.0,0.0,0.0,0.0
repeat_1_fold_4,RGP1,0.0,0.0,0.0,0.0,0.0,0.0,0.0
repeat_1_fold_4,RGS20,0.0,0.0,0.0,0.0,0.0,0.0,0.0
repeat_1_fold_4,RHCE,0.01385702679475287,0.02771405358950574,0.01385702679475287,0.0,0.25,-0.000601443464314344,0.5
repeat_1_fold_4,RHOA,0.0,0.0,0.0,0.0,0.0,0.0,0.0
repeat_1_fold_4,RHOBTB2,0.0,0.0,0.0,0.0,0.0,-0.00041876046901173636,0.5
repeat_1_fold_4,RNF14,0.0,0.0,0.0,0.0,0.0,0.0,0.0
repeat_1_fold_4,RNF31,0.0,0.0,0.0,0.0,0.0,0.0,0.0
repeat_1_fold_4,RNF34,0.0,0.0,0.0,0.0,0.0,0.0,0.0
repeat_1_fold_4,RNF8,0.0,0.0,0.0,0.0,0.0,0.0,0.0
repeat_1_fold_4,ROBO3,0.0,0.0,0.0,0.0,0.0,0.0,0.0
repeat_1_fold_4,RPA4,0.0,0.0,0.0,0.0,0.0,-0.00041876046901173636,0.5
repeat_1_fold_4,RPL37A,-0.03935464598643357,0.07870929197286713,0.03935464598643357,-0.07870929197286713,0.0,0.00020938023450586818,0.5
repeat_1_fold_4,RPLP2,0.0,0.0,0.0,0.0,0.0,-0.0010202039333260804,1.0
repeat_1_fold_4,RPP25,0.0,0.0,0.0,0.0,0.0,0.0,0.0
repeat_1_fold_4,RPRD2,0.0,0.0,0.0,0.0,0.0,0.0,0.0
repeat_1_fold_4,RPS21,0.0,0.0,0.0,0.0,0.0,0.00020938023450586818,0.5
repeat_1_fold_4,RPS28,0.0,0.0,0.0,0.0,0.0,0.00020938023450586818,0.5
repeat_1_fold_4,RPS6KB1,0.1403724910366364,0.19983769861042647,0.09991884930521323,0.04045364173142317,0.5,-0.000601443464314344,0.5
repeat_1_fold_4,RRM2,0.0,0.0,0.0,0.0,0.0,0.0,0.5
repeat_1_fold_4,RRP7A,-0.41216650962078205,0.5153422501424841,0.25767112507124207,-0.6698376346920241,0.0,-0.0018844221105527859,0.5
repeat_1_fold_4,RXRA,0.1403724910366364,0.19983769861042647,0.09991884930521323,0.04045364173142317,0.5,-0.000400962309542896,0.5
repeat_1_fold_4,RXRG,0.0,0.0,0.0,0.0,0.0,0.0,0.0
repeat_1_fold_4,S100A1,0.0,0.0,0.0,0.0,0.0,0.0,0.0
repeat_1_fold_4,S100A10,0.0,0.0,0.0,0.0,0.0,0.0,0.0
repeat_1_fold_4,S1PR2,0.0,0.0,0.0,0.0,0.0,0.0,0.0
repeat_1_fold_4,S1PR5,0.0,0.0,0.0,0.0,0.0,0.0004187604690117086,0.5
repeat_1_fold_4,SAE1,0.0,0.0,0.0,0.0,0.0,0.0,0.0
repeat_1_fold_4,SAG,0.0,0.0,0.0,0.0,0.0,0.0,0.0
repeat_1_fold_4,SAP30BP,0.0,0.0,0.0,0.0,0.0,0.0010469011725293131,0.5
repeat_1_fold_4,SARM1,0.0,0.0,0.0,0.0,0.0,0.0,0.0
repeat_1_fold_4,SCFD1,0.0,0.0,0.0,0.0,0.0,0.0,0.0
repeat_1_fold_4,SCG2,-0.07739078363957219,0.15478156727914438,0.07739078363957219,-0.15478156727914438,0.0,0.00167504187604689,0.5
repeat_1_fold_4,SDC3,-0.0037317887439485276,0.05277586316723464,0.02638793158361732,-0.03011972032756585,0.25,0.0004187604690117086,0.5
repeat_1_fold_4,SEC24D,0.09054389738646229,0.19479076747603805,0.09739538373801902,-0.006851486351556732,0.25,-0.0010024057738572678,0.5
repeat_1_fold_4,SEMA6D,0.0,0.0,0.0,0.0,0.0,0.0,0.0
repeat_1_fold_4,SERINC3,0.0,0.0,0.0,0.0,0.0,0.0,0.5
repeat_1_fold_4,SERINC5,0.11372131839712729,0.3774637671480181,0.18873188357400905,-0.07501056517688176,0.75,0.0010113048535916602,1.0
repeat_1_fold_4,SERPINA5,0.0,0.0,0.0,0.0,0.0,0.0,0.0
repeat_1_fold_4,SERPINB10,0.0,0.0,0.0,0.0,0.0,0.0,0.0
repeat_1_fold_4,SERPINB8,0.0,0.0,0.0,0.0,0.0,0.0,0.0
repeat_1_fold_4,SERPIND1,0.0,0.0,0.0,0.0,0.0,0.0,0.0
repeat_1_fold_4,SETD3,0.02771405358950574,0.03200143260047371,0.016000716300236854,0.011713337289268884,0.5,0.00100240577385724,0.5
repeat_1_fold_4,SGCD,0.0,0.0,0.0,0.0,0.0,0.0,0.0
repeat_1_fold_4,SGMS1,0.0,0.0,0.0,0.0,0.0,0.0,0.0
repeat_1_fold_4,SH3GL3,0.0,0.0,0.0,0.0,0.0,0.0,0.0
repeat_1_fold_4,SLC13A1,0.0,0.0,0.0,0.0,0.0,0.0,0.0
repeat_1_fold_4,SLC16A10,0.0,0.0,0.0,0.0,0.0,0.0010469011725292854,0.5
repeat_1_fold_4,SLC16A3,0.16275754516742147,0.2897435826014315,0.14487179130071576,0.01788575386670571,0.5,0.0012562814070351536,1.0
repeat_1_fold_4,SLC22A8,0.270086983155835,0.3118695848592705,0.15593479242963526,0.11415219072619975,0.5,0.00100240577385724,0.5
repeat_1_fold_4,SLC25A16,0.0,0.0,0.0,0.0,0.0,0.0,0.0
repeat_1_fold_4,SLC29A2,0.0,0.0,0.0,0.0,0.0,0.0,0.0
repeat_1_fold_4,SLC2A1,0.0,0.0,0.0,0.0,0.0,0.0,0.0
repeat_1_fold_4,SLC38A2,0.30347763930249805,0.35910595335166984,0.17955297667583492,0.12392466262666313,0.5,-0.000601443464314344,0.5
repeat_1_fold_4,SLC3A2,0.0,0.0,0.0,0.0,0.0,0.0,0.0
repeat_1_fold_4,SLC52A1,0.0,0.0,0.0,0.0,0.0,0.0,0.0
repeat_1_fold_4,SLC6A13,0.2692105539802956,0.3326529456709593,0.16632647283547966,0.10288408114481593,0.5,-0.0012562814070351813,0.5
repeat_1_fold_4,SLC7A11,0.0,0.0,0.0,0.0,0.0,0.0,0.0
repeat_1_fold_4,SLITRK5,0.09868675489994949,0.3320639604987837,0.16603198024939184,-0.06734522534944234,0.25,0.0014033680834001638,0.5
repeat_1_fold_4,SMARCA2,0.0,0.0,0.0,0.0,0.0,-0.0014033680834001638,0.5
repeat_1_fold_4,SMARCA4,0.0,0.0,0.0,0.0,0.0,0.0,0.0
repeat_1_fold_4,SMARCD3,0.098837055191062,0.17962784716059502,0.08981392358029751,0.009023131610764498,0.5,-0.001247382327300789,1.0
repeat_1_fold_4,SMYD2,0.20129274684646603,0.2324328431554527,0.11621642157772635,0.08507632526873968,0.5,0.001839926711880685,1.0
repeat_1_fold_4,SNU13,0.0,0.0,0.0,0.0,0.0,0.0,0.0
repeat_1_fold_4,SOX4,0.22211617044598775,0.44008772039192473,0.22004386019596237,0.002072310250025383,0.5,0.0006014434643143718,0.5
repeat_1_fold_4,SPRR1B,0.0,0.0,0.0,0.0,0.0,0.0,0.0
repeat_1_fold_4,SPTLC2,-0.03594236583095167,0.04150266917562391,0.020751334587811955,-0.05669370041876363,0.0,0.00020938023450586818,0.5
repeat_1_fold_4,SRSF8,0.0,0.0,0.0,0.0,0.0,0.000400962309542896,0.5
repeat_1_fold_4,ST8SIA3,0.0,0.0,0.0,0.0,0.0,0.0,0.0
repeat_1_fold_4,STAG1,0.0,0.0,0.0,0.0,0.0,0.0,0.0
repeat_1_fold_4,STARD7,0.0,0.0,0.0,0.0,0.0,0.0,0.0
repeat_1_fold_4,STX5,0.0,0.0,0.0,0.0,0.0,0.0,0.0
repeat_1_fold_4,STX6,0.0,0.0,0.0,0.0,0.0,0.0,0.0
repeat_1_fold_4,SULT1A1,0.0,0.0,0.0,0.0,0.0,0.0,0.0
repeat_1_fold_4,SULT1B1,0.0,0.0,0.0,0.0,0.0,0.0,0.0
repeat_1_fold_4,SUMO3,0.09830321118684537,0.3105487055291649,0.15527435276458246,-0.05697114157773708,0.25,-0.0010024057738572956,1.0
repeat_1_fold_4,SUV39H2,0.0,0.0,0.0,0.0,0.0,0.0,0.0
repeat_1_fold_4,SYT2,0.0,0.0,0.0,0.0,0.0,0.0,0.0
repeat_1_fold_4,TAB2,0.0,0.0,0.0,0.0,0.0,0.0,0.0
repeat_1_fold_4,TAF1,0.0,0.0,0.0,0.0,0.0,0.0,0.0
repeat_1_fold_4,TAF1C,-0.2083263173790293,0.3207493220346206,0.1603746610173103,-0.3687009783963396,0.0,0.0034081796311146717,0.5
repeat_1_fold_4,TAF7,0.0,0.0,0.0,0.0,0.0,0.0,0.0
repeat_1_fold_4,TAPBP,-0.07415150121092218,0.14830300242184435,0.07415150121092218,-0.14830300242184435,0.0,-0.00020048115477147577,1.0
repeat_1_fold_4,TBX5,-0.005051238018385362,0.010102476036770724,0.005051238018385362,-0.010102476036770724,0.0,-0.0014033680834001638,0.5
repeat_1_fold_4,TCN1,0.0,0.0,0.0,0.0,0.0,0.0,0.0
repeat_1_fold_4,TFB1M,0.0,0.0,0.0,0.0,0.0,0.0,0.0
repeat_1_fold_4,TFDP1,0.0,0.0,0.0,0.0,0.0,0.0,0.0
repeat_1_fold_4,TFF1,0.2527783788493796,0.2941944295786835,0.14709721478934176,0.10568116406003783,0.5,0.001403368083400136,0.5
repeat_1_fold_4,TGFBI,0.0,0.0,0.0,0.0,0.0,0.000200481154771448,0.5
repeat_1_fold_4,TGFBR3,-0.07265175662532997,0.08389102248946687,0.04194551124473343,-0.1145972678700634,0.0,-0.0006281407035176045,0.5
repeat_1_fold_4,THY1,0.0,0.0,0.0,0.0,0.0,0.0,0.0
repeat_1_fold_4,TJP2,0.0,0.0,0.0,0.0,0.0,0.0,0.0
repeat_1_fold_4,TLR8,0.0,0.0,0.0,0.0,0.0,0.0,0.0
repeat_1_fold_4,TMEM115,0.0,0.0,0.0,0.0,0.0,0.0,0.0
repeat_1_fold_4,TMPRSS6,0.0,0.0,0.0,0.0,0.0,0.0,0.0
repeat_1_fold_4,TNFAIP8,0.0,0.0,0.0,0.0,0.0,0.0,0.0
repeat_1_fold_4,TNFRSF14,0.0,0.0,0.0,0.0,0.0,0.0,0.0
repeat_1_fold_4,TNFRSF21,0.0,0.0,0.0,0.0,0.0,0.0,0.0
repeat_1_fold_4,TNNI1,0.0,0.0,0.0,0.0,0.0,0.0,0.0
repeat_1_fold_4,TNS3,0.0,0.0,0.0,0.0,0.0,0.0,0.0
repeat_1_fold_4,TOMM20,0.0,0.0,0.0,0.0,0.0,0.0,0.0
repeat_1_fold_4,TPD52L1,0.0,0.0,0.0,0.0,0.0,0.0,0.0
repeat_1_fold_4,TPM1,0.0,0.0,0.0,0.0,0.0,0.0,0.0
repeat_1_fold_4,TPST1,-0.07529701181738346,0.10811855412809236,0.05405927706404618,-0.12935628888142964,0.0,0.0008375209380234172,0.5
repeat_1_fold_4,TRA2B,0.0,0.0,0.0,0.0,0.0,0.0,0.0
repeat_1_fold_4,TRIM28,-0.1250772197544343,0.18579990671365515,0.09289995335682757,-0.21797717311126188,0.0,0.000200481154771448,0.5
repeat_1_fold_4,TSHR,0.0,0.0,0.0,0.0,0.0,0.0,0.0
repeat_1_fold_4,TSNAX,0.0,0.0,0.0,0.0,0.0,0.0,0.0
repeat_1_fold_4,TSR1,-0.1755930976321185,0.351186195264237,0.1755930976321185,-0.351186195264237,0.0,-0.0008375209380234727,0.5
repeat_1_fold_4,TSR3,0.0,0.0,0.0,0.0,0.0,0.0,0.0
repeat_1_fold_4,TST,0.0,0.0,0.0,0.0,0.0,0.0,0.0
repeat_1_fold_4,TTPA,0.0,0.0,0.0,0.0,0.0,0.0,0.0
repeat_1_fold_4,TUBB6,0.0,0.0,0.0,0.0,0.0,0.0,0.0
repeat_1_fold_4,UBA5,0.0,0.0,0.0,0.0,0.0,0.0,0.0
repeat_1_fold_4,UBA7,0.0,0.0,0.0,0.0,0.0,0.0,0.0
repeat_1_fold_4,UBE2D2,0.0,0.0,0.0,0.0,0.0,0.0,0.0
repeat_1_fold_4,UCHL5,0.0,0.0,0.0,0.0,0.0,0.0,0.0
repeat_1_fold_4,UCP3,0.0,0.0,0.0,0.0,0.0,0.0,0.0
repeat_1_fold_4,UGGT1,0.0,0.0,0.0,0.0,0.0,0.0,0.0
repeat_1_fold_4,UNC119B,0.0,0.0,0.0,0.0,0.0,0.0,0.0
repeat_1_fold_4,UQCC1,0.0,0.0,0.0,0.0,0.0,0.0,0.0
repeat_1_fold_4,UQCRH,0.0,0.0,0.0,0.0,0.0,0.0,0.0
repeat_1_fold_4,USP6NL,0.0,0.0,0.0,0.0,0.0,0.0,0.0
repeat_1_fold_4,UTY,0.0,0.0,0.0,0.0,0.0,0.0,0.0
repeat_1_fold_4,VAV1,0.30953005429370073,0.6880773131605844,0.3440386565802922,-0.03450860228659147,0.25,-0.0012562814070351813,0.5
repeat_1_fold_4,VCAM1,-0.06682386010348296,0.08494298270361417,0.042471491351807084,-0.10929535145529004,0.0,0.000200481154771448,0.5
repeat_1_fold_4,VDAC2,0.0,0.0,0.0,0.0,0.0,0.0,0.0
repeat_1_fold_4,VIP,0.0,0.0,0.0,0.0,0.0,-0.001046901172529341,0.5
repeat_1_fold_4,VIPR2,0.0,0.0,0.0,0.0,0.0,0.0,0.0
repeat_1_fold_4,VPS35L,0.0,0.0,0.0,0.0,0.0,0.0,0.0
repeat_1_fold_4,VPS45,0.0,0.0,0.0,0.0,0.0,0.000400962309542896,0.5
repeat_1_fold_4,WDR18,0.05139424635391876,0.06854063911567168,0.03427031955783584,0.01712392679608292,0.5,-0.002721943048576231,0.5
repeat_1_fold_4,WNT2,0.0,0.0,0.0,0.0,0.0,0.0,0.0
repeat_1_fold_4,WWC1,0.0,0.0,0.0,0.0,0.0,0.0,0.0
repeat_1_fold_4,XAB2,0.0,0.0,0.0,0.0,0.0,0.0,0.0
repeat_1_fold_4,XPC,0.4959641402690256,0.6238524917109594,0.3119262458554797,0.1840378944135459,0.5,0.0014033680834001638,0.5
repeat_1_fold_4,YES1,0.0,0.0,0.0,0.0,0.0,0.0,0.0
repeat_1_fold_4,YWHAB,0.0,0.0,0.0,0.0,0.0,0.0,0.0
repeat_1_fold_4,YWHAQ,0.0,0.0,0.0,0.0,0.0,0.0,0.0
repeat_1_fold_4,ZBTB16,0.0,0.0,0.0,0.0,0.0,0.0,0.0
repeat_1_fold_4,ZNF225,0.0,0.0,0.0,0.0,0.0,0.0,0.0
repeat_1_fold_4,ZNF274,0.0,0.0,0.0,0.0,0.0,0.0,0.0
repeat_1_fold_4,ZNF337,0.0,0.0,0.0,0.0,0.0,0.0,0.0
repeat_1_fold_4,ZNF34,-0.14340240823520034,0.23065396451385228,0.11532698225692614,-0.2587293904921265,0.0,-0.000801924619085792,0.5
repeat_1_fold_4,ZNF717,0.09302114308039933,0.1767897243324376,0.0883948621662188,0.004626280914180533,0.5,-0.0016038492381716396,0.5
repeat_2_fold_1,A1CF,0.0,0.0,0.0,0.0,0.0,0.0,0.0
repeat_2_fold_1,A2M,-0.026867287145751817,0.06280778078336598,0.03140389039168299,-0.058271177537434805,0.25,0.0012019230769230727,0.5
repeat_2_fold_1,A4GALT,-0.25203690003937673,0.37487391399312986,0.18743695699656493,-0.43947385703594166,0.0,0.0019911504424778848,0.5
repeat_2_fold_1,A4GNT,0.0,0.0,0.0,0.0,0.0,0.0,0.5
repeat_2_fold_1,AAAS,-0.030823447822971417,0.061646895645942834,0.030823447822971417,-0.061646895645942834,0.0,-0.0004424778761061843,0.5
repeat_2_fold_1,AACS,0.0,0.0,0.0,0.0,0.0,0.0,0.0
repeat_2_fold_1,AAK1,-0.46473536132981863,0.5422461964186787,0.27112309820933933,-0.735858459539158,0.0,-0.0010016025641025605,0.5
repeat_2_fold_1,AAMP,0.0,0.0,0.0,0.0,0.0,0.0,0.0
repeat_2_fold_1,AANAT,-0.1467691143822698,0.17694223707238443,0.08847111853619222,-0.23524023291846202,0.0,0.0010016025641025605,0.5
repeat_2_fold_1,AARS1,0.0,0.0,0.0,0.0,0.0,0.0,0.0
repeat_2_fold_1,AASDHPPT,0.0,0.0,0.0,0.0,0.0,0.0,0.0
repeat_2_fold_1,AASS,0.0,0.0,0.0,0.0,0.0,0.0,0.0
repeat_2_fold_1,AATF,-0.06565445416877402,0.3068561506828203,0.15342807534141015,-0.21908252951018417,0.25,0.0032051282051281937,0.5
repeat_2_fold_1,ABAT,0.011739706463805177,0.023479412927610355,0.011739706463805177,0.0,0.25,-0.00022123893805309214,0.5
repeat_2_fold_1,ABCA1,-0.5122115970990304,0.4576829317030082,0.2288414658515041,-0.7410530629505345,0.0,0.0015905094168368605,1.0
repeat_2_fold_1,ABCA12,0.0,0.0,0.0,0.0,0.0,0.0,0.0
repeat_2_fold_1,ABCA2,0.0,0.0,0.0,0.0,0.0,0.0,0.0
repeat_2_fold_1,ABCA3,-0.14765616071377963,0.2551004026503852,0.1275502013251926,-0.2752063620389722,0.0,0.0002003205128205121,0.5
repeat_2_fold_1,ABCA4,0.0,0.0,0.0,0.0,0.0,0.0,0.0
repeat_2_fold_1,ABCA5,-0.026843849425040034,0.05368769885008007,0.026843849425040034,-0.05368769885008007,0.0,0.0006637168141593042,0.5
repeat_2_fold_1,ABCA6,0.0,0.0,0.0,0.0,0.0,0.0,0.0
repeat_2_fold_1,ABCA7,0.09774944984142842,0.12718865535716328,0.06359432767858164,0.034155122162846774,0.5,0.007011217948717979,0.5
repeat_2_fold_1,ABCA8,0.0,0.0,0.0,0.0,0.0,0.0,0.0
repeat_2_fold_1,ABCB1,0.0,0.0,0.0,0.0,0.0,0.0,0.0
repeat_2_fold_1,ABCB11,0.03301704075483336,0.041183454110399954,0.020591727055199977,0.012425313699633383,0.5,0.00044247787610621203,0.5
repeat_2_fold_1,ABCB4,0.9369325476245969,1.0847589682482242,0.5423794841241121,0.3945530635004848,0.5,0.0004006410256410242,0.5
repeat_2_fold_1,ABCB6,0.0,0.0,0.0,0.0,0.0,0.0012019230769230727,0.5
repeat_2_fold_1,ABCB7,0.0,0.0,0.0,0.0,0.0,0.0,0.0
repeat_2_fold_1,ABCB8,-0.020045940326562928,0.040091880653125855,0.020045940326562928,-0.040091880653125855,0.0,-0.0004006410256410242,0.5
repeat_2_fold_1,ABCB9,0.0,0.0,0.0,0.0,0.0,0.0,0.0
repeat_2_fold_1,ABCC10,-0.1468145875387723,0.2936291750775446,0.1468145875387723,-0.2936291750775446,0.0,-0.0010016025641025605,0.5
repeat_2_fold_1,ABCC2,-0.49170185362678254,0.5677683951049217,0.28388419755246086,-0.7755860511792434,0.0,-0.00022123893805309214,0.5
repeat_2_fold_1,ABCC3,0.0,0.0,0.0,0.0,0.0,0.0,0.0
repeat_2_fold_1,ABCC4,0.0,0.0,0.0,0.0,0.0,0.0,0.0
repeat_2_fold_1,ABCC5,-0.1593901673978575,0.27699772633277486,0.13849886316638743,-0.2978890305642449,0.0,0.0002003205128205121,1.0
repeat_2_fold_1,ABCC8,-0.39999294512777617,0.5238337506734574,0.2619168753367287,-0.6619098204645049,0.0,0.006194690265486719,0.5
repeat_2_fold_1,ABCC9,0.0,0.0,0.0,0.0,0.0,0.0,0.0
repeat_2_fold_1,ABCD1,0.0,0.0,0.0,0.0,0.0,0.0,0.0
repeat_2_fold_1,ABCD2,0.0,0.0,0.0,0.0,0.0,0.0006009615384615363,0.5
repeat_2_fold_1,ABCD3,0.0,0.0,0.0,0.0,0.0,0.0,0.0
repeat_2_fold_1,ABCD4,-0.5613416179934525,0.6483128709630669,0.32415643548153344,-0.8854980534749859,0.0,0.0002212389380531199,0.5
repeat_2_fold_1,ABCF1,0.0,0.0,0.0,0.0,0.0,0.0,0.0
repeat_2_fold_1,ABCF2,0.0,0.0,0.0,0.0,0.0,0.0,0.5
repeat_2_fold_1,ABCG1,0.0,0.0,0.0,0.0,0.0,0.0,0.0
repeat_2_fold_1,ABCG2,0.0,0.0,0.0,0.0,0.0,0.0,0.0
repeat_2_fold_1,ABCG4,0.0,0.0,0.0,0.0,0.0,0.0,0.0
repeat_2_fold_1,ABCG5,0.0,0.0,0.0,0.0,0.0,-0.002203525641025633,0.5
repeat_2_fold_1,ABHD10,0.0,0.0,0.0,0.0,0.0,-0.00022123893805309214,0.5
repeat_2_fold_1,ABHD17A,-0.010596980735330774,0.03998342145725551,0.019991710728627755,-0.03058869146395853,0.25,-0.002203525641025633,0.5
repeat_2_fold_1,ABHD17B,0.0,0.0,0.0,0.0,0.0,0.0,0.0
repeat_2_fold_1,ABHD3,0.0,0.0,0.0,0.0,0.0,0.0,0.0
repeat_2_fold_1,ABHD4,0.0,0.0,0.0,0.0,0.0,0.0,0.0
repeat_2_fold_1,ABHD5,-0.5893323810210607,0.4985257776694536,0.2492628888347268,-0.8385952698557875,0.0,0.000705553664624492,1.0
repeat_2_fold_1,ABHD6,-0.11168191700107144,0.14826321002800683,0.07413160501400341,-0.18581352201507484,0.0,-0.0006009615384615363,0.5
repeat_2_fold_1,ABI1,-0.26470190751770595,0.5294038150354119,0.26470190751770595,-0.5294038150354119,0.0,-0.0008849557522123686,0.5
repeat_2_fold_1,ABI2,0.011739706463805177,0.023479412927610355,0.011739706463805177,0.0,0.25,0.0013274336283186083,0.5
repeat_2_fold_1,ABL1,0.0,0.0,0.0,0.0,0.0,0.0,0.0
repeat_2_fold_1,ABL2,0.0,0.0,0.0,0.0,0.0,0.0,0.0
repeat_2_fold_1,ABLIM1,0.7253048711803434,0.8823252343248148,0.4411626171624074,0.28414225401793597,0.5,-0.0004006410256410242,0.5
repeat_2_fold_1,ABLIM3,0.0,0.0,0.0,0.0,0.0,0.0,0.0
repeat_2_fold_1,ABR,-0.12427535025971714,0.1561912826607596,0.0780956413303798,-0.20237099159009694,0.0,-0.0012019230769230727,1.0
repeat_2_fold_1,ABRAXAS2,-0.040091880653125855,0.04629411617480112,0.02314705808740056,-0.06323893874052641,0.0,-0.0004006410256410242,0.5
repeat_2_fold_1,ACAA1,0.0,0.0,0.0,0.0,0.0,0.0,0.0
repeat_2_fold_1,ACACA,-0.0492243990375556,0.0611634069103164,0.0305817034551582,-0.0798061024927138,0.0,-0.0002003205128205121,0.5
repeat_2_fold_1,ACACB,0.0,0.0,0.0,0.0,0.0,0.0,0.0
repeat_2_fold_1,ACAD10,0.0,0.0,0.0,0.0,0.0,0.0,0.0
repeat_2_fold_1,ACAD8,0.0,0.0,0.0,0.0,0.0,0.0,0.0
repeat_2_fold_1,ACADL,-0.586814286140477,0.46435586003691787,0.23217793001845893,-0.818992216158936,0.0,-0.0014231620149761648,1.0
repeat_2_fold_1,ACADM,0.0,0.0,0.0,0.0,0.0,0.0,0.0
repeat_2_fold_1,ACADS,0.0,0.0,0.0,0.0,0.0,0.0,0.0
repeat_2_fold_1,ACADSB,0.0,0.0,0.0,0.0,0.0,0.0002003205128205121,0.5
repeat_2_fold_1,ACADVL,-0.044346397335491616,0.06516120039577353,0.032580600197886764,-0.07692699753337838,0.25,-0.0024038461538461453,1.0
repeat_2_fold_1,ACAN,0.004387185863713228,0.005065885878799506,0.002532942939399753,0.0018542429243134746,0.5,0.00044247787610621203,0.5
repeat_2_fold_1,ACAT1,-0.015985737441447156,0.01845873963002839,0.009229369815014194,-0.025215107256461353,0.0,0.0004424778761061843,0.5
repeat_2_fold_1,ACAT2,-0.00752689440626142,0.008691309023233838,0.004345654511616919,-0.01187254891787834,0.0,0.0006637168141593042,0.5
repeat_2_fold_1,ACBD3,-0.07123865824390663,0.09671394202817056,0.04835697101408528,-0.11959562925799191,0.0,0.0,0.5
repeat_2_fold_1,ACBD4,-0.07287017628358328,0.5834077932128049,0.29170389660640245,-0.3645740728899857,0.25,0.0012019230769230727,0.5
repeat_2_fold_1,ACD,0.0,0.0,0.0,0.0,0.0,0.0,0.0
repeat_2_fold_1,ACE,0.0,0.0,0.0,0.0,0.0,0.0,0.0
repeat_2_fold_1,ACE2,0.0,0.0,0.0,0.0,0.0,0.0,0.0
repeat_2_fold_1,ACHE,0.0,0.0,0.0,0.0,0.0,0.0,0.0
repeat_2_fold_1,ACIN1,0.0,0.0,0.0,0.0,0.0,0.0,0.0
repeat_2_fold_1,ACKR1,0.0,0.0,0.0,0.0,0.0,0.0,0.0
repeat_2_fold_1,ACKR2,-0.1468145875387723,0.2936291750775446,0.1468145875387723,-0.2936291750775446,0.0,-0.0008012820512820484,0.5
repeat_2_fold_1,ACKR3,0.0,0.0,0.0,0.0,0.0,0.0,0.0
repeat_2_fold_1,ACKR4,0.0,0.0,0.0,0.0,0.0,0.0,0.0
repeat_2_fold_1,ACO1,0.0,0.0,0.0,0.0,0.0,0.0,0.0
repeat_2_fold_1,ACO2,0.0,0.0,0.0,0.0,0.0,0.0,0.0
repeat_2_fold_1,ACOT11,0.0,0.0,0.0,0.0,0.0,0.0004424778761061843,0.5
repeat_2_fold_1,ACOT13,0.0,0.0,0.0,0.0,0.0,0.0,0.0
repeat_2_fold_1,ACOT2,0.0,0.0,0.0,0.0,0.0,0.0,0.0
repeat_2_fold_1,ACOT8,0.0,0.0,0.0,0.0,0.0,0.0,0.0
repeat_2_fold_1,ACOT9,0.0,0.0,0.0,0.0,0.0,0.0,0.0
repeat_2_fold_1,ACOX1,0.0,0.0,0.0,0.0,0.0,0.0,0.0
repeat_2_fold_1,ACOX2,0.0,0.0,0.0,0.0,0.0,0.0,0.0
repeat_2_fold_1,ACOX3,0.0,0.0,0.0,0.0,0.0,0.0,0.0
repeat_2_fold_1,ACOXL,-0.026837736788349886,0.1607649324249169,0.08038246621245845,-0.10722020300080834,0.25,0.00024215736328569992,1.0
repeat_2_fold_1,ACP3,0.0,0.0,0.0,0.0,0.0,0.0,0.0
repeat_2_fold_1,ACP5,0.0,0.0,0.0,0.0,0.0,0.0,0.0
repeat_2_fold_1,ACP6,0.0,0.0,0.0,0.0,0.0,0.0,0.0
repeat_2_fold_1,ACR,0.0,0.0,0.0,0.0,0.0,0.0,0.0
repeat_2_fold_1,ACSBG1,0.0,0.0,0.0,0.0,0.0,0.0,0.0
repeat_2_fold_1,ACSBG2,0.0,0.0,0.0,0.0,0.0,0.0,0.0
repeat_2_fold_1,ACSF2,0.0,0.0,0.0,0.0,0.0,0.0,0.0
repeat_2_fold_1,ACSL1,0.0,0.0,0.0,0.0,0.0,0.0,0.0
repeat_2_fold_1,ACSL3,0.0,0.0,0.0,0.0,0.0,0.0,0.0
repeat_2_fold_1,ACSL4,0.0,0.0,0.0,0.0,0.0,0.0,0.0
repeat_2_fold_1,ACSL5,0.0,0.0,0.0,0.0,0.0,0.0,0.0
repeat_2_fold_1,ACSL6,0.0,0.0,0.0,0.0,0.0,0.0,0.0
repeat_2_fold_1,ACSM1,0.0,0.0,0.0,0.0,0.0,0.0,0.0
repeat_2_fold_1,ACSM2A,0.0,0.0,0.0,0.0,0.0,0.0,0.0
repeat_2_fold_1,ACSM3,0.08088922777878693,0.11648116026882092,0.05824058013441046,0.02264864764437647,0.5,-0.002508438280009073,1.0
repeat_2_fold_1,ACSM5,0.0,0.0,0.0,0.0,0.0,0.0,0.0
repeat_2_fold_1,ACTA1,0.0,0.0,0.0,0.0,0.0,0.0,0.0
repeat_2_fold_1,ACTB,0.0,0.0,0.0,0.0,0.0,0.0,0.0
repeat_2_fold_1,ACTC1,0.0,0.0,0.0,0.0,0.0,0.0,0.0
repeat_2_fold_1,ACTG1,0.0,0.0,0.0,0.0,0.0,0.0,0.0
repeat_2_fold_1,ACTG2,0.0,0.0,0.0,0.0,0.0,0.0,0.0
repeat_2_fold_1,ACTL6A,0.0,0.0,0.0,0.0,0.0,0.0,0.0
repeat_2_fold_1,ACTL6B,0.0,0.0,0.0,0.0,0.0,0.0,0.0
repeat_2_fold_1,ACTN1,0.0,0.0,0.0,0.0,0.0,0.0,0.0
repeat_2_fold_1,ACTN2,0.0,0.0,0.0,0.0,0.0,0.0,0.0
repeat_2_fold_1,ACTN3,0.0,0.0,0.0,0.0,0.0,0.0,0.0
repeat_2_fold_1,ACTN4,0.0,0.0,0.0,0.0,0.0,0.0,0.0
repeat_2_fold_1,ACTR10,0.0,0.0,0.0,0.0,0.0,0.0,0.0
repeat_2_fold_1,ACTR1A,0.0,0.0,0.0,0.0,0.0,0.0,0.0
repeat_2_fold_1,ACTR2,0.0,0.0,0.0,0.0,0.0,0.0,0.0
repeat_2_fold_1,ACTR3,0.0,0.0,0.0,0.0,0.0,0.0,0.0
repeat_2_fold_1,ACTR5,0.0,0.0,0.0,0.0,0.0,0.0,0.0
repeat_2_fold_1,ACTR8,0.0,0.0,0.0,0.0,0.0,0.0,0.0
repeat_2_fold_1,ACVR1B,0.0,0.0,0.0,0.0,0.0,0.0,0.0
repeat_2_fold_1,ACVR2A,0.0,0.0,0.0,0.0,0.0,0.0,0.0
repeat_2_fold_1,ACVR2B,0.0,0.0,0.0,0.0,0.0,0.0,0.0
repeat_2_fold_1,ACVRL1,0.0,0.0,0.0,0.0,0.0,0.0,0.0
repeat_2_fold_1,ACY1,0.0,0.0,0.0,0.0,0.0,0.0,0.0
repeat_2_fold_1,ADA,0.0,0.0,0.0,0.0,0.0,0.0,0.0
repeat_2_fold_1,ADA2,0.0,0.0,0.0,0.0,0.0,0.0,0.0
repeat_2_fold_1,ADAM10,0.0,0.0,0.0,0.0,0.0,0.0,0.0
repeat_2_fold_1,ADAM11,0.0,0.0,0.0,0.0,0.0,0.0,0.0
repeat_2_fold_1,ADAM12,0.0,0.0,0.0,0.0,0.0,0.0,0.0
repeat_2_fold_1,ADAM15,0.0,0.0,0.0,0.0,0.0,0.0,0.0
repeat_2_fold_1,ADAM19,0.0,0.0,0.0,0.0,0.0,0.0,0.0
repeat_2_fold_1,ADAM20,0.0,0.0,0.0,0.0,0.0,0.0,0.0
repeat_2_fold_1,ADAM21,0.0,0.0,0.0,0.0,0.0,0.0,0.0
repeat_2_fold_1,ADAM22,0.0,0.0,0.0,0.0,0.0,0.0,0.0
repeat_2_fold_1,ADAM23,0.0,0.0,0.0,0.0,0.0,0.0,0.0
repeat_2_fold_1,ADAM30,0.0,0.0,0.0,0.0,0.0,0.0,0.0
repeat_2_fold_1,ADAM8,0.0,0.0,0.0,0.0,0.0,0.0,0.0
repeat_2_fold_1,ADAM9,0.0,0.0,0.0,0.0,0.0,0.0,0.0
repeat_2_fold_1,ADAMTS1,0.0,0.0,0.0,0.0,0.0,0.0,0.0
repeat_2_fold_1,ADAMTS12,0.0,0.0,0.0,0.0,0.0,0.0,0.0
repeat_2_fold_1,ADAMTS13,0.0,0.0,0.0,0.0,0.0,0.0,0.0
repeat_2_fold_1,ADAMTS2,0.0,0.0,0.0,0.0,0.0,0.0,0.0
repeat_2_fold_1,ADAMTS20,0.0,0.0,0.0,0.0,0.0,0.0,0.0
repeat_2_fold_1,ADAMTS3,0.0,0.0,0.0,0.0,0.0,0.0,0.0
repeat_2_fold_1,ADAMTS5,0.0,0.0,0.0,0.0,0.0,0.0,0.0
repeat_2_fold_1,ADAMTS7,0.0,0.0,0.0,0.0,0.0,0.0,0.0
repeat_2_fold_1,ADAMTS8,0.0,0.0,0.0,0.0,0.0,0.0,0.0
repeat_2_fold_1,ADAMTS9,0.0,0.0,0.0,0.0,0.0,0.0,0.0
repeat_2_fold_1,ADAMTSL2,0.0,0.0,0.0,0.0,0.0,0.0,0.0
repeat_2_fold_1,ADAMTSL3,0.0,0.0,0.0,0.0,0.0,0.0,0.0
repeat_2_fold_1,ADAMTSL4,0.0,0.0,0.0,0.0,0.0,0.0,0.0
repeat_2_fold_1,ADAP1,0.0,0.0,0.0,0.0,0.0,0.0,0.0
repeat_2_fold_1,ADAR,-0.09286647220365651,0.11828546357594098,0.05914273178797049,-0.152009203991627,0.0,0.0,0.5
repeat_2_fold_1,ADARB1,0.0,0.0,0.0,0.0,0.0,0.0,0.0
repeat_2_fold_1,ADCY1,0.0,0.0,0.0,0.0,0.0,0.0,0.0
repeat_2_fold_1,ADCY10,0.0,0.0,0.0,0.0,0.0,0.0,0.0
repeat_2_fold_1,ADCY2,0.0,0.0,0.0,0.0,0.0,0.0,0.0
repeat_2_fold_1,ADCY3,0.0,0.0,0.0,0.0,0.0,0.0,0.0
repeat_2_fold_1,ADCY6,0.0,0.0,0.0,0.0,0.0,0.0,0.0
repeat_2_fold_1,ADCY7,0.0,0.0,0.0,0.0,0.0,0.0,0.0
repeat_2_fold_1,ADCY8,0.0,0.0,0.0,0.0,0.0,0.0,0.0
repeat_2_fold_1,ADCY9,0.0,0.0,0.0,0.0,0.0,0.0,0.0
repeat_2_fold_1,ADCYAP1,0.0,0.0,0.0,0.0,0.0,0.0,0.0
repeat_2_fold_1,ADCYAP1R1,0.0,0.0,0.0,0.0,0.0,0.0,0.0
repeat_2_fold_1,ADD1,0.0,0.0,0.0,0.0,0.0,0.0,0.0
repeat_2_fold_1,ADD2,0.0,0.0,0.0,0.0,0.0,0.0,0.0
repeat_2_fold_1,ADD3,0.0,0.0,0.0,0.0,0.0,0.0,0.0
repeat_2_fold_1,ADGRE1,0.0,0.0,0.0,0.0,0.0,0.0,0.0
repeat_2_fold_1,ADGRE2,0.0,0.0,0.0,0.0,0.0,0.0008849557522123963,0.5
repeat_2_fold_1,ADGRE3,0.0,0.0,0.0,0.0,0.0,0.0,0.0
repeat_2_fold_1,ADGRE5,0.0,0.0,0.0,0.0,0.0,0.0,0.0
repeat_2_fold_1,ADGRF5,0.0,0.0,0.0,0.0,0.0,0.0,0.0
repeat_2_fold_1,ADGRG3,0.0,0.0,0.0,0.0,0.0,0.0,0.0
repeat_2_fold_1,ADGRG6,0.0,0.0,0.0,0.0,0.0,0.0,0.0
repeat_2_fold_1,ADGRV1,0.0,0.0,0.0,0.0,0.0,0.0,0.0
repeat_2_fold_1,ADH1A,0.0,0.0,0.0,0.0,0.0,0.0,0.0
repeat_2_fold_1,ADH1B,0.0,0.0,0.0,0.0,0.0,0.0,0.0
repeat_2_fold_1,ADH1C,0.0,0.0,0.0,0.0,0.0,0.0,0.0
repeat_2_fold_1,ADH5,0.0,0.0,0.0,0.0,0.0,0.0,0.0
repeat_2_fold_1,ADH6,0.0,0.0,0.0,0.0,0.0,0.0,0.0
repeat_2_fold_1,ADH7,0.0,0.0,0.0,0.0,0.0,0.0,0.0
repeat_2_fold_1,ADI1,0.0,0.0,0.0,0.0,0.0,0.0,0.0
repeat_2_fold_1,ADIPOQ,0.0,0.0,0.0,0.0,0.0,0.0,0.0
repeat_2_fold_1,ADIPOR1,0.0,0.0,0.0,0.0,0.0,0.0,0.0
repeat_2_fold_1,ADIPOR2,0.0,0.0,0.0,0.0,0.0,0.0,0.0
repeat_2_fold_1,ADIRF,0.0,0.0,0.0,0.0,0.0,0.0,0.0
repeat_2_fold_1,ADK,0.0,0.0,0.0,0.0,0.0,0.0,0.0
repeat_2_fold_1,ADM,0.0,0.0,0.0,0.0,0.0,0.0,0.0
repeat_2_fold_1,ADO,0.0,0.0,0.0,0.0,0.0,0.0,0.0
repeat_2_fold_1,ADORA1,0.0,0.0,0.0,0.0,0.0,0.0,0.0
repeat_2_fold_1,ADORA2A,0.0,0.0,0.0,0.0,0.0,0.0,0.0
repeat_2_fold_1,ADORA2B,0.0,0.0,0.0,0.0,0.0,0.0,0.0
repeat_2_fold_1,ADORA3,0.0,0.0,0.0,0.0,0.0,0.0,0.0
repeat_2_fold_1,ADPGK,0.0,0.0,0.0,0.0,0.0,0.0,0.0
repeat_2_fold_1,ADPRM,0.0,0.0,0.0,0.0,0.0,0.0,0.0
repeat_2_fold_1,ADRA1A,0.0,0.0,0.0,0.0,0.0,0.0,0.0
repeat_2_fold_1,ADRA1B,0.0,0.0,0.0,0.0,0.0,0.0,0.0
repeat_2_fold_1,ADRA1D,0.0,0.0,0.0,0.0,0.0,0.0,0.0
repeat_2_fold_1,ADRA2B,0.0,0.0,0.0,0.0,0.0,0.0,0.0
repeat_2_fold_1,ADRA2C,0.0,0.0,0.0,0.0,0.0,0.0,0.0
repeat_2_fold_1,ADRB1,0.0,0.0,0.0,0.0,0.0,0.0,0.0
repeat_2_fold_1,ADRB2,0.0,0.0,0.0,0.0,0.0,0.0,0.0
repeat_2_fold_1,ADRB3,0.0,0.0,0.0,0.0,0.0,0.0,0.0
repeat_2_fold_1,ADRM1,0.0,0.0,0.0,0.0,0.0,0.0,0.0
repeat_2_fold_1,ADSL,0.0,0.0,0.0,0.0,0.0,0.0,0.0
repeat_2_fold_1,ADSS2,0.0,0.0,0.0,0.0,0.0,0.0,0.0
repeat_2_fold_1,AFDN,0.0,0.0,0.0,0.0,0.0,0.0,0.0
repeat_2_fold_1,AFF4,0.0,0.0,0.0,0.0,0.0,0.0,0.0
repeat_2_fold_1,AFG3L2,-0.2936291750775446,0.33905376654589625,0.16952688327294813,-0.4631560583504927,0.0,-0.0008012820512820484,0.5
repeat_2_fold_1,AFP,0.0,0.0,0.0,0.0,0.0,0.0,0.0
repeat_2_fold_1,AGBL2,0.0,0.0,0.0,0.0,0.0,0.0,0.0
repeat_2_fold_1,AGBL3,0.0,0.0,0.0,0.0,0.0,0.0,0.0
repeat_2_fold_1,AGBL5,0.0,0.0,0.0,0.0,0.0,0.0,0.0
repeat_2_fold_1,AGER,0.0,0.0,0.0,0.0,0.0,0.0,0.0
repeat_2_fold_1,AGFG1,0.0,0.0,0.0,0.0,0.0,0.0,0.0
repeat_2_fold_1,AGGF1,0.0,0.0,0.0,0.0,0.0,0.0,0.0
repeat_2_fold_1,AGK,0.0,0.0,0.0,0.0,0.0,0.0,0.0
repeat_2_fold_1,AGL,0.0,0.0,0.0,0.0,0.0,0.0,0.0
repeat_2_fold_1,AGMAT,0.0,0.0,0.0,0.0,0.0,0.0,0.0
repeat_2_fold_1,AGO1,0.0,0.0,0.0,0.0,0.0,0.0,0.0
repeat_2_fold_1,AGO3,0.0,0.0,0.0,0.0,0.0,0.0,0.0
repeat_2_fold_1,AGO4,0.0,0.0,0.0,0.0,0.0,0.0,0.0
repeat_2_fold_1,AGPAT1,0.0,0.0,0.0,0.0,0.0,0.0,0.0
repeat_2_fold_1,AGPAT2,0.0,0.0,0.0,0.0,0.0,0.0,0.0
repeat_2_fold_1,AGPAT3,0.0,0.0,0.0,0.0,0.0,0.0,0.0
repeat_2_fold_1,AGPAT4,0.0,0.0,0.0,0.0,0.0,0.0,0.0
repeat_2_fold_1,AGPAT5,0.0,0.0,0.0,0.0,0.0,0.0,0.0
repeat_2_fold_1,AGPS,0.0,0.0,0.0,0.0,0.0,0.0,0.0
repeat_2_fold_1,AGRN,0.0,0.0,0.0,0.0,0.0,0.0,0.0
repeat_2_fold_1,AGRP,0.0,0.0,0.0,0.0,0.0,0.0,0.0
repeat_2_fold_1,AGT,0.0,0.0,0.0,0.0,0.0,0.0,0.0
repeat_2_fold_1,AGTPBP1,0.0,0.0,0.0,0.0,0.0,0.0,0.0
repeat_2_fold_1,AGTR1,0.0,0.0,0.0,0.0,0.0,0.0,0.0
repeat_2_fold_1,AGXT,0.0,0.0,0.0,0.0,0.0,0.0,0.0
repeat_2_fold_1,AHCTF1,0.0,0.0,0.0,0.0,0.0,0.0,0.0
repeat_2_fold_1,AHCY,0.0,0.0,0.0,0.0,0.0,0.0,0.0
repeat_2_fold_1,AHCYL1,0.0,0.0,0.0,0.0,0.0,0.0,0.0
repeat_2_fold_1,AHCYL2,0.0,0.0,0.0,0.0,0.0,0.0,0.0
repeat_2_fold_1,AHI1,0.0,0.0,0.0,0.0,0.0,0.0,0.0
repeat_2_fold_1,AHR,0.0,0.0,0.0,0.0,0.0,0.0,0.0
repeat_2_fold_1,AHSG,0.0,0.0,0.0,0.0,0.0,0.0,0.0
repeat_2_fold_1,AICDA,0.0,0.0,0.0,0.0,0.0,0.0,0.0
repeat_2_fold_1,AIM2,0.0,0.0,0.0,0.0,0.0,0.0,0.0
repeat_2_fold_1,AIMP1,0.0,0.0,0.0,0.0,0.0,0.0,0.0
repeat_2_fold_1,AIMP2,0.0,0.0,0.0,0.0,0.0,0.0,0.0
repeat_2_fold_1,AK1,0.0,0.0,0.0,0.0,0.0,0.0,0.0
repeat_2_fold_1,AK2,0.0,0.0,0.0,0.0,0.0,0.0,0.0
repeat_2_fold_1,AK4,0.0,0.0,0.0,0.0,0.0,0.0,0.0
repeat_2_fold_1,AK6,0.0,0.0,0.0,0.0,0.0,0.0,0.0
repeat_2_fold_1,AKAP1,0.0,0.0,0.0,0.0,0.0,0.0,0.0
repeat_2_fold_1,AKAP10,0.0,0.0,0.0,0.0,0.0,0.0,0.5
repeat_2_fold_1,AKAP12,0.0,0.0,0.0,0.0,0.0,0.0,0.0
repeat_2_fold_1,AKAP13,0.0,0.0,0.0,0.0,0.0,0.0,0.0
repeat_2_fold_1,AKAP9,0.0,0.0,0.0,0.0,0.0,0.0,0.0
repeat_2_fold_1,AKR1A1,-0.12401324979444261,0.17511111722100597,0.08755555861050299,-0.2115688084049456,0.0,-0.0014022435897435848,0.5
repeat_2_fold_1,AKR1B1,0.0,0.0,0.0,0.0,0.0,0.0,0.0
repeat_2_fold_1,AKR1B10,0.0,0.0,0.0,0.0,0.0,0.0,0.0
repeat_2_fold_1,AKR1C1,0.0,0.0,0.0,0.0,0.0,0.0,0.0
repeat_2_fold_1,AKR1C2,0.0,0.0,0.0,0.0,0.0,0.00022123893805309214,0.5
repeat_2_fold_1,AKR1C3,0.0,0.0,0.0,0.0,0.0,0.0,0.0
repeat_2_fold_1,AKR1C4,0.0,0.0,0.0,0.0,0.0,0.0,0.0
repeat_2_fold_1,AKR1D1,0.0,0.0,0.0,0.0,0.0,0.0,0.0
repeat_2_fold_1,AKR7A2,0.0,0.0,0.0,0.0,0.0,0.0006009615384615363,0.5
repeat_2_fold_1,AKR7A3,0.0,0.0,0.0,0.0,0.0,0.0,0.0
repeat_2_fold_1,AKT1,0.0,0.0,0.0,0.0,0.0,0.0,0.0
repeat_2_fold_1,AKT2,0.0,0.0,0.0,0.0,0.0,0.0,0.0
repeat_2_fold_1,AKT3,0.0,0.0,0.0,0.0,0.0,0.0,0.0
repeat_2_fold_1,ALAD,0.0,0.0,0.0,0.0,0.0,0.0,0.0
repeat_2_fold_1,ALAS1,0.0,0.0,0.0,0.0,0.0,0.0,0.0
repeat_2_fold_1,ALAS2,0.0,0.0,0.0,0.0,0.0,0.0,0.0
repeat_2_fold_1,ALB,0.0,0.0,0.0,0.0,0.0,0.0,0.0
repeat_2_fold_1,ALCAM,0.0,0.0,0.0,0.0,0.0,0.0,0.0
repeat_2_fold_1,ALDH18A1,0.0,0.0,0.0,0.0,0.0,0.0,0.0
repeat_2_fold_1,ALDH1A1,0.0,0.0,0.0,0.0,0.0,0.0,0.0
repeat_2_fold_1,ALDH1A2,0.0,0.0,0.0,0.0,0.0,0.0,0.0
repeat_2_fold_1,ALDH1B1,0.0,0.0,0.0,0.0,0.0,0.0,0.0
repeat_2_fold_1,ALDH1L1,0.0,0.0,0.0,0.0,0.0,0.0,0.0
repeat_2_fold_1,ALDH2,0.0,0.0,0.0,0.0,0.0,0.0,0.0
repeat_2_fold_1,ALDH3A1,0.0,0.0,0.0,0.0,0.0,0.0,0.0
repeat_2_fold_1,ALDH3A2,0.0,0.0,0.0,0.0,0.0,0.0,0.0
repeat_2_fold_1,ALDH3B1,0.0,0.0,0.0,0.0,0.0,0.0,0.0
repeat_2_fold_1,ALDH3B2,0.0,0.0,0.0,0.0,0.0,0.0,0.0
repeat_2_fold_1,ALDH4A1,0.0,0.0,0.0,0.0,0.0,0.0,0.0
repeat_2_fold_1,ALDH5A1,0.0,0.0,0.0,0.0,0.0,0.0,0.0
repeat_2_fold_1,ALDH6A1,0.0,0.0,0.0,0.0,0.0,0.0,0.0
repeat_2_fold_1,ALDH7A1,0.0,0.0,0.0,0.0,0.0,0.0,0.0
repeat_2_fold_1,ALDH8A1,0.0,0.0,0.0,0.0,0.0,0.0,0.0
repeat_2_fold_1,ALDOA,0.0,0.0,0.0,0.0,0.0,0.0,0.0
repeat_2_fold_1,ALDOB,0.0,0.0,0.0,0.0,0.0,0.0,0.0
repeat_2_fold_1,ALDOC,0.0,0.0,0.0,0.0,0.0,0.0,0.0
repeat_2_fold_1,ALG12,0.0,0.0,0.0,0.0,0.0,0.0,0.0
repeat_2_fold_1,ALG13,0.0,0.0,0.0,0.0,0.0,0.0,0.0
repeat_2_fold_1,ALG5,0.0,0.0,0.0,0.0,0.0,0.0,0.0
repeat_2_fold_1,ALG6,0.0,0.0,0.0,0.0,0.0,0.0,0.0
repeat_2_fold_1,ALG8,0.0,0.0,0.0,0.0,0.0,0.0,0.0
repeat_2_fold_1,ALG9,0.0,0.0,0.0,0.0,0.0,0.0,0.0
repeat_2_fold_1,ALK,0.0,0.0,0.0,0.0,0.0,0.0,0.0
repeat_2_fold_1,ALMS1,0.0,0.0,0.0,0.0,0.0,0.0,0.0
repeat_2_fold_1,ALOX12,0.0,0.0,0.0,0.0,0.0,0.0,0.0
repeat_2_fold_1,ALOX12B,0.0,0.0,0.0,0.0,0.0,0.0,0.0
repeat_2_fold_1,ALOX15,0.0,0.0,0.0,0.0,0.0,0.0,0.0
repeat_2_fold_1,ALOX15B,0.0,0.0,0.0,0.0,0.0,0.0,0.0
repeat_2_fold_1,ALOX5,0.0,0.0,0.0,0.0,0.0,0.0,0.0
repeat_2_fold_1,ALOX5AP,0.0,0.0,0.0,0.0,0.0,0.0,0.0
repeat_2_fold_1,ALOXE3,0.0,0.0,0.0,0.0,0.0,0.0,0.0
repeat_2_fold_1,ALPG,0.0,0.0,0.0,0.0,0.0,0.0,0.0
repeat_2_fold_1,ALPI,0.0,0.0,0.0,0.0,0.0,0.0,0.0
repeat_2_fold_1,ALPK1,0.0,0.0,0.0,0.0,0.0,0.0,0.0
repeat_2_fold_1,ALPP,0.0,0.0,0.0,0.0,0.0,0.0,0.0
repeat_2_fold_1,ALS2CL,0.0,0.0,0.0,0.0,0.0,0.0,0.0
repeat_2_fold_1,ALX3,0.0,0.0,0.0,0.0,0.0,0.0,0.0
repeat_2_fold_1,AMACR,0.0,0.0,0.0,0.0,0.0,0.0,0.0
repeat_2_fold_1,AMBN,0.0,0.0,0.0,0.0,0.0,0.0,0.0
repeat_2_fold_1,AMBP,0.0,0.0,0.0,0.0,0.0,-0.00022123893805309214,0.5
repeat_2_fold_1,AMBRA1,0.0,0.0,0.0,0.0,0.0,0.0,0.0
repeat_2_fold_1,AMD1,0.0,0.0,0.0,0.0,0.0,0.0,0.0
repeat_2_fold_1,AMDHD2,0.0,0.0,0.0,0.0,0.0,0.0,0.0
repeat_2_fold_1,AMELX,0.0,0.0,0.0,0.0,0.0,0.0,0.0
repeat_2_fold_1,AMFR,0.0,0.0,0.0,0.0,0.0,0.0,0.0
repeat_2_fold_1,AMH,0.0,0.0,0.0,0.0,0.0,0.0,0.0
repeat_2_fold_1,AMHR2,0.0,0.0,0.0,0.0,0.0,0.0,0.0
repeat_2_fold_1,AMIGO2,0.0,0.0,0.0,0.0,0.0,0.0,0.0
repeat_2_fold_1,AMN,0.0,0.0,0.0,0.0,0.0,0.0,0.0
repeat_2_fold_1,AMOT,0.0,0.0,0.0,0.0,0.0,0.0,0.0
repeat_2_fold_1,AMOTL2,0.0,0.0,0.0,0.0,0.0,0.0,0.0
repeat_2_fold_1,AMPD1,0.0,0.0,0.0,0.0,0.0,0.0,0.0
repeat_2_fold_1,AMPD2,0.0,0.0,0.0,0.0,0.0,0.0,0.0
repeat_2_fold_1,AMPD3,0.0,0.0,0.0,0.0,0.0,0.0,0.0
repeat_2_fold_1,AMPH,0.0,0.0,0.0,0.0,0.0,0.0,0.0
repeat_2_fold_1,AMT,0.0,0.0,0.0,0.0,0.0,0.0,0.0
repeat_2_fold_1,AMY1A,0.0,0.0,0.0,0.0,0.0,0.0,0.0
repeat_2_fold_1,ANAPC1,0.0,0.0,0.0,0.0,0.0,0.0,0.0
repeat_2_fold_1,ANAPC10,0.0,0.0,0.0,0.0,0.0,0.0,0.0
repeat_2_fold_1,ANAPC13,0.0,0.0,0.0,0.0,0.0,0.0,0.0
repeat_2_fold_1,ANAPC15,0.0,0.0,0.0,0.0,0.0,0.0,0.0
repeat_2_fold_1,ANAPC2,0.0,0.0,0.0,0.0,0.0,0.0,0.0
repeat_2_fold_1,ANAPC5,0.0,0.0,0.0,0.0,0.0,0.0,0.0
repeat_2_fold_1,ANG,0.0,0.0,0.0,0.0,0.0,0.0,0.0
repeat_2_fold_1,ANGPT1,0.0,0.0,0.0,0.0,0.0,0.0,0.0
repeat_2_fold_1,ANGPT2,0.0,0.0,0.0,0.0,0.0,0.0,0.0
repeat_2_fold_1,ANGPT4,0.0,0.0,0.0,0.0,0.0,0.0,0.0
repeat_2_fold_1,ANGPTL3,0.0,0.0,0.0,0.0,0.0,0.0,0.0
repeat_2_fold_1,ANGPTL4,0.0,0.0,0.0,0.0,0.0,0.0,0.0
repeat_2_fold_1,ANGPTL8,0.0,0.0,0.0,0.0,0.0,0.0,0.0
repeat_2_fold_1,ANK1,0.0,0.0,0.0,0.0,0.0,0.0,0.0
repeat_2_fold_1,ANK2,0.0,0.0,0.0,0.0,0.0,0.0,0.0
repeat_2_fold_1,ANK3,0.0,0.0,0.0,0.0,0.0,0.0,0.0
repeat_2_fold_1,ANKFY1,0.0,0.0,0.0,0.0,0.0,0.0,0.5
repeat_2_fold_1,ANKH,0.0,0.0,0.0,0.0,0.0,0.0,0.0
repeat_2_fold_1,ANKLE2,0.0,0.0,0.0,0.0,0.0,0.0,0.0
repeat_2_fold_1,ANKRD1,0.0,0.0,0.0,0.0,0.0,0.0,0.0
repeat_2_fold_1,ANKRD26,0.0,0.0,0.0,0.0,0.0,0.0,0.0
repeat_2_fold_1,ANKRD27,-0.35987137302112515,0.5116405746972481,0.25582028734862405,-0.6156916603697492,0.0,-0.0017699115044247649,0.5
repeat_2_fold_1,ANKRD28,0.0,0.0,0.0,0.0,0.0,0.0,0.0
repeat_2_fold_1,ANKZF1,0.0,0.0,0.0,0.0,0.0,0.0,0.0
repeat_2_fold_1,ANO1,0.0,0.0,0.0,0.0,0.0,0.0,0.0
repeat_2_fold_1,ANO10,0.0,0.0,0.0,0.0,0.0,0.0,0.0
repeat_2_fold_1,ANO2,0.0,0.0,0.0,0.0,0.0,0.0,0.0
repeat_2_fold_1,ANO3,0.0,0.0,0.0,0.0,0.0,0.0,0.0
repeat_2_fold_1,ANOS1,0.0,0.0,0.0,0.0,0.0,0.0,0.0
repeat_2_fold_1,ANPEP,0.0,0.0,0.0,0.0,0.0,0.0,0.0
repeat_2_fold_1,ANTXR1,0.0,0.0,0.0,0.0,0.0,0.0,0.0
repeat_2_fold_1,ANXA1,0.0,0.0,0.0,0.0,0.0,0.0,0.0
repeat_2_fold_1,ANXA2,0.0,0.0,0.0,0.0,0.0,0.0,0.0
repeat_2_fold_1,ANXA3,0.0,0.0,0.0,0.0,0.0,0.0,0.0
repeat_2_fold_1,ANXA5,0.0,0.0,0.0,0.0,0.0,0.0,0.0
repeat_2_fold_1,ANXA6,0.0,0.0,0.0,0.0,0.0,0.0,0.0
repeat_2_fold_1,AOC1,0.0,0.0,0.0,0.0,0.0,0.0,0.0
repeat_2_fold_1,AOC2,0.0,0.0,0.0,0.0,0.0,0.0,0.0
repeat_2_fold_1,AOC3,0.0,0.0,0.0,0.0,0.0,0.0,0.0
repeat_2_fold_1,AP1B1,0.0,0.0,0.0,0.0,0.0,0.0,0.0
repeat_2_fold_1,AP1G1,0.0,0.0,0.0,0.0,0.0,0.0,0.0
repeat_2_fold_1,AP1G2,0.0,0.0,0.0,0.0,0.0,0.0,0.0
repeat_2_fold_1,AP1M2,0.0,0.0,0.0,0.0,0.0,0.0,0.0
repeat_2_fold_1,AP1S1,0.0,0.0,0.0,0.0,0.0,0.0,0.0
repeat_2_fold_1,AP1S2,0.0,0.0,0.0,0.0,0.0,0.0,0.0
repeat_2_fold_1,AP2A2,0.0,0.0,0.0,0.0,0.0,0.0,0.0
repeat_2_fold_1,AP2B1,0.0,0.0,0.0,0.0,0.0,0.0,0.0
repeat_2_fold_1,AP2M1,0.0,0.0,0.0,0.0,0.0,0.0,0.0
repeat_2_fold_1,AP2S1,0.0,0.0,0.0,0.0,0.0,0.0,0.0
repeat_2_fold_1,AP3B1,0.0,0.0,0.0,0.0,0.0,0.0,0.0
repeat_2_fold_1,AP3S1,0.0,0.0,0.0,0.0,0.0,0.0,0.0
repeat_2_fold_1,AP4M1,0.0,0.0,0.0,0.0,0.0,0.0,0.0
repeat_2_fold_1,AP4S1,0.0,0.0,0.0,0.0,0.0,0.0,0.0
repeat_2_fold_1,APBA1,0.0,0.0,0.0,0.0,0.0,0.0,0.0
repeat_2_fold_1,APBA2,0.0,0.0,0.0,0.0,0.0,0.0,0.0
repeat_2_fold_1,APBA3,0.0,0.0,0.0,0.0,0.0,0.0,0.0
repeat_2_fold_1,APBB1,0.0,0.0,0.0,0.0,0.0,0.0,0.5
repeat_2_fold_1,APBB1IP,0.0,0.0,0.0,0.0,0.0,0.0,0.0
repeat_2_fold_1,APC,0.0,0.0,0.0,0.0,0.0,0.0,0.0
repeat_2_fold_1,APCS,0.0,0.0,0.0,0.0,0.0,0.0,0.0
repeat_2_fold_1,APEH,0.0,0.0,0.0,0.0,0.0,0.0,0.0
repeat_2_fold_1,APEX1,0.0,0.0,0.0,0.0,0.0,0.0,0.0
repeat_2_fold_1,APH1A,0.0,0.0,0.0,0.0,0.0,0.0,0.0
repeat_2_fold_1,APIP,0.0,0.0,0.0,0.0,0.0,0.0,0.0
repeat_2_fold_1,APLNR,0.0,0.0,0.0,0.0,0.0,0.0,0.0
repeat_2_fold_1,APLP2,0.0,0.0,0.0,0.0,0.0,0.0,0.0
repeat_2_fold_1,APOA1,0.0,0.0,0.0,0.0,0.0,0.0,0.0
repeat_2_fold_1,APOA2,0.0,0.0,0.0,0.0,0.0,0.0,0.0
repeat_2_fold_1,ARF3,0.0,0.0,0.0,0.0,0.0,-0.0004006410256410242,0.5
repeat_2_fold_1,ARHGAP1,0.0,0.0,0.0,0.0,0.0,0.0,0.0
repeat_2_fold_1,ARHGAP19,0.0,0.0,0.0,0.0,0.0,0.0,0.0
repeat_2_fold_1,ARHGAP28,0.02130840073847473,0.20794184579208685,0.10397092289604343,-0.0826625221575687,0.5,0.0005382062627637962,1.0
repeat_2_fold_1,ARHGEF38,0.0,0.0,0.0,0.0,0.0,0.0,0.0
repeat_2_fold_1,ARHGEF6,0.0,0.0,0.0,0.0,0.0,0.0,0.0
repeat_2_fold_1,ARPC4,0.0,0.0,0.0,0.0,0.0,0.0,0.0
repeat_2_fold_1,ASB1,0.0,0.0,0.0,0.0,0.0,0.0,0.0
repeat_2_fold_1,ASPH,0.0,0.0,0.0,0.0,0.0,0.0,0.0
repeat_2_fold_1,ASRGL1,0.0,0.0,0.0,0.0,0.0,0.0,0.0
repeat_2_fold_1,ATF1,-0.018850980704312903,0.037701961408625806,0.018850980704312903,-0.037701961408625806,0.0,0.0,0.5
repeat_2_fold_1,ATF6,0.0,0.0,0.0,0.0,0.0,0.0,0.0
repeat_2_fold_1,ATP5F1E,0.0,0.0,0.0,0.0,0.0,0.0,0.0
repeat_2_fold_1,ATP5MC3,0.0,0.0,0.0,0.0,0.0,0.0,0.0
repeat_2_fold_1,ATP5PO,0.0,0.0,0.0,0.0,0.0,0.0,0.0
repeat_2_fold_1,ATP6V0D1,0.0,0.0,0.0,0.0,0.0,0.0,0.0
repeat_2_fold_1,ATP6V0E2,0.0,0.0,0.0,0.0,0.0,0.0,0.0
repeat_2_fold_1,ATP8B2,0.12245764234772594,0.4256465366151728,0.2128232683075864,-0.09036562595986047,0.25,0.0006637168141593042,0.5
repeat_2_fold_1,B4GALT3,0.21975854513138415,0.4395170902627683,0.21975854513138415,0.0,0.25,0.0,0.5
repeat_2_fold_1,BACE1,-0.09286647220365651,0.11828546357594098,0.05914273178797049,-0.152009203991627,0.0,0.0,0.5
repeat_2_fold_1,BANF1,-0.2611602892935938,0.31947492237345276,0.15973746118672638,-0.4208977504803202,0.0,-0.0004006410256410242,0.5
repeat_2_fold_1,BATF,0.0,0.0,0.0,0.0,0.0,0.0,0.0
repeat_2_fold_1,BBS1,0.7063334248424162,0.8510878454681428,0.4255439227340714,0.28078950210834486,0.5,-0.0012019230769230727,0.5
repeat_2_fold_1,BIRC5,0.0,0.0,0.0,0.0,0.0,0.0,0.0
repeat_2_fold_1,BLTP3B,0.0,0.0,0.0,0.0,0.0,0.0,0.0
repeat_2_fold_1,BMP15,0.0,0.0,0.0,0.0,0.0,0.0,0.0
repeat_2_fold_1,BMP2,0.0,0.0,0.0,0.0,0.0,0.0,0.0
repeat_2_fold_1,BOLA2,0.0,0.0,0.0,0.0,0.0,0.0,0.0
repeat_2_fold_1,BRF1,0.0,0.0,0.0,0.0,0.0,0.0,0.0
repeat_2_fold_1,BTF3,-0.018850980704312903,0.037701961408625806,0.018850980704312903,-0.037701961408625806,0.0,0.0006637168141593042,0.5
repeat_2_fold_1,C2CD3,0.17336418789637342,0.2236302047448334,0.1118151023724167,0.06154908552395673,0.5,0.0010016025641025605,0.5
repeat_2_fold_1,C9orf78,0.22366467462837747,0.3804229594272238,0.1902114797136119,0.03345319491476556,0.5,-0.0009597657136373727,1.0
repeat_2_fold_1,CA14,-0.07963941154478782,0.12331927068654909,0.061659635343274545,-0.14129904688806236,0.25,-0.002191470955298369,1.0
repeat_2_fold_1,CA9,0.0,0.0,0.0,0.0,0.0,0.0,0.0
repeat_2_fold_1,CAB39,0.0,0.0,0.0,0.0,0.0,0.0,0.0
repeat_2_fold_1,CABP1,0.0,0.0,0.0,0.0,0.0,-0.00022123893805309214,0.5
repeat_2_fold_1,CACNA1G,-0.03599960831757443,0.35190787911767824,0.17595393955883912,-0.21195354787641354,0.25,0.0011061946902655162,0.5
repeat_2_fold_1,CACNA1H,0.0,0.0,0.0,0.0,0.0,0.0,0.0
repeat_2_fold_1,CAMK2A,0.4990593581544527,0.5908639404210766,0.2954319702105383,0.20362738794391438,0.5,0.003097345132743373,0.5
repeat_2_fold_1,CAMKMT,0.0,0.0,0.0,0.0,0.0,0.0,0.0
repeat_2_fold_1,CASP7,0.0,0.0,0.0,0.0,0.0,0.0,0.0
repeat_2_fold_1,CASP9,0.0,0.0,0.0,0.0,0.0,0.0,0.0
repeat_2_fold_1,CBX6,0.0,0.0,0.0,0.0,0.0,0.0,0.0
repeat_2_fold_1,CBX8,0.0,0.0,0.0,0.0,0.0,0.0,0.0
repeat_2_fold_1,CCL2,0.04017355467410155,0.0749625803098685,0.03748129015493425,0.002692264519167299,0.5,0.0005800431132289563,1.0
repeat_2_fold_1,CCL22,-0.022223393224328092,0.05121221846029884,0.02560610923014942,-0.04782950245447751,0.25,-0.0013274336283185528,0.5
repeat_2_fold_1,CCL25,0.0,0.0,0.0,0.0,0.0,0.0,0.0
repeat_2_fold_1,CCT4,0.0,0.0,0.0,0.0,0.0,0.0,0.0
repeat_2_fold_1,CCT5,-0.26470190751770595,0.5294038150354119,0.26470190751770595,-0.5294038150354119,0.0,0.0004424778761061843,0.5
repeat_2_fold_1,CCT6A,0.0,0.0,0.0,0.0,0.0,0.0,0.0
repeat_2_fold_1,CD1C,0.004628432223293899,0.031244014506774425,0.015622007253387213,-0.010993575030093313,0.25,0.0006637168141593042,0.5
repeat_2_fold_1,CD22,0.010454115128823105,0.020908230257646213,0.010454115128823107,-1.734723475976807e-18,0.25,-0.00022123893805309214,0.5
repeat_2_fold_1,CD9,0.0,0.0,0.0,0.0,0.0,0.0,0.0
repeat_2_fold_1,CDC25C,0.0,0.0,0.0,0.0,0.0,-0.0002003205128205121,0.5
repeat_2_fold_1,CDC42BPB,0.7789423183388244,0.976587994878603,0.4882939974393015,0.2906483208995229,0.5,0.00035880417517586416,1.0
repeat_2_fold_1,CDH15,0.0,0.0,0.0,0.0,0.0,0.0,0.0
repeat_2_fold_1,CDK5R2,-0.4732901343331015,0.5710950238942395,0.28554751194711975,-0.7588376462802213,0.0,-0.004691045495802099,1.0
repeat_2_fold_1,CDKN1B,0.0,0.0,0.0,0.0,0.0,0.0,0.0
repeat_2_fold_1,CDX2,0.0461380206143982,0.067347868950259,0.0336739344751295,0.0124640861392687,0.5,0.0015486725663717005,0.5
repeat_2_fold_1,CENPE,-0.1814561001512942,0.4620818763456493,0.23104093817282464,-0.4124970383241189,0.25,0.0006009615384615363,0.5
repeat_2_fold_1,CENPO,0.0,0.0,0.0,0.0,0.0,0.0,0.0
repeat_2_fold_1,CEP250,0.0,0.0,0.0,0.0,0.0,0.0,0.0
repeat_2_fold_1,CEP290,-0.24585092681339127,0.4917018536267826,0.2458509268133913,-0.49170185362678254,0.0,0.00022123893805309214,0.5
repeat_2_fold_1,CEP57,0.0,0.0,0.0,0.0,0.0,0.0,0.0
repeat_2_fold_1,CETN2,0.0,0.0,0.0,0.0,0.0,0.0,0.0
repeat_2_fold_1,CFP,0.032533498839784514,0.03876338451756825,0.019381692258784125,0.013151806581000389,0.5,0.0006637168141593042,0.5
repeat_2_fold_1,CHAC1,0.25945379154369874,0.4647649166533623,0.23238245832668114,0.0270713332170176,0.5,-0.0014022435897435848,0.5
repeat_2_fold_1,CHD1,-0.018850980704312903,0.037701961408625806,0.018850980704312903,-0.037701961408625806,0.0,2.7755575615628914e-17,0.5
repeat_2_fold_1,CHGA,0.0,0.0,0.0,0.0,0.0,0.0,0.0
repeat_2_fold_1,CHL1,0.0,0.0,0.0,0.0,0.0,0.0,0.0
repeat_2_fold_1,CHPT1,0.3263437786364545,0.3801257495276348,0.1900628747638174,0.13628090387263708,0.5,-0.0006009615384615363,0.5
repeat_2_fold_1,CHST15,0.0,0.0,0.0,0.0,0.0,0.0,0.0
repeat_2_fold_1,CIAO3,0.0,0.0,0.0,0.0,0.0,0.0,0.0
repeat_2_fold_1,CLCN2,0.0,0.0,0.0,0.0,0.0,0.0,0.0
repeat_2_fold_1,CLU,0.0,0.0,0.0,0.0,0.0,-0.0010016025641025605,0.5
repeat_2_fold_1,CMTM6,0.0,0.0,0.0,0.0,0.0,0.0,0.0
repeat_2_fold_1,CNKSR2,0.0,0.0,0.0,0.0,0.0,0.0,0.0
repeat_2_fold_1,COG5,0.0,0.0,0.0,0.0,0.0,0.0,0.0
repeat_2_fold_1,COL4A4,0.0,0.0,0.0,0.0,0.0,0.0,0.0
repeat_2_fold_1,COL6A2,0.0,0.0,0.0,0.0,0.0,0.0,0.0
repeat_2_fold_1,COL9A2,0.0,0.0,0.0,0.0,0.0,0.0,0.0
repeat_2_fold_1,COMMD3,0.0,0.0,0.0,0.0,0.0,0.0,0.0
repeat_2_fold_1,COQ10B,0.0,0.0,0.0,0.0,0.0,0.0,0.0
repeat_2_fold_1,CORT,0.0,0.0,0.0,0.0,0.0,0.0,0.0
repeat_2_fold_1,COX16,0.0,0.0,0.0,0.0,0.0,0.0,0.0
repeat_2_fold_1,CPA3,0.0,0.0,0.0,0.0,0.0,0.0,0.0
repeat_2_fold_1,CPSF4,0.0,0.0,0.0,0.0,0.0,0.0,0.0
repeat_2_fold_1,CREB3,-0.05085896074640672,0.19313805901026337,0.09656902950513169,-0.1474279902515384,0.25,0.0008012820512820484,0.5
repeat_2_fold_1,CREG1,0.0,0.0,0.0,0.0,0.0,0.0,0.0
repeat_2_fold_1,CRLF1,0.0,0.0,0.0,0.0,0.0,0.0,0.0
repeat_2_fold_1,CRY2,0.0,0.0,0.0,0.0,0.0,0.0,0.0
repeat_2_fold_1,CRYBA4,0.0,0.0,0.0,0.0,0.0,0.0,0.0
repeat_2_fold_1,CSF1R,0.0,0.0,0.0,0.0,0.0,0.0,0.0
repeat_2_fold_1,CSNK2A1,0.0,0.0,0.0,0.0,0.0,0.0,0.0
repeat_2_fold_1,CSPG4,-0.01563638436766901,0.0493117700600312,0.0246558850300156,-0.04029226939768461,0.25,0.0002003205128205121,1.0
repeat_2_fold_1,CSPG5,0.0,0.0,0.0,0.0,0.0,0.0,0.0
repeat_2_fold_1,CSTF2,0.0,0.0,0.0,0.0,0.0,0.0,0.0
repeat_2_fold_1,CTLA4,0.0,0.0,0.0,0.0,0.0,0.0,0.0
repeat_2_fold_1,CTSE,0.0,0.0,0.0,0.0,0.0,0.0,0.0
repeat_2_fold_1,CTSF,0.0,0.0,0.0,0.0,0.0,0.0,0.0
repeat_2_fold_1,CUL1,-0.30329401563600733,0.4244153722459044,0.2122076861229522,-0.5155017017589596,0.0,-0.0016025641025640969,1.0
repeat_2_fold_1,CXCL6,0.0,0.0,0.0,0.0,0.0,0.0,0.0
repeat_2_fold_1,CXCR2,-0.5553791457704698,0.6437708596543561,0.32188542982717805,-0.8772645755976478,0.0,-0.0011061946902654607,0.5
repeat_2_fold_1,CYB5A,0.0,0.0,0.0,0.0,0.0,0.0,0.0
repeat_2_fold_1,CYB5R1,0.0,0.0,0.0,0.0,0.0,0.0,0.0
repeat_2_fold_1,CYLD,-0.07823971404861929,0.15647942809723855,0.07823971404861928,-0.15647942809723858,0.0,-0.0010016025641025605,0.5
repeat_2_fold_1,CYP11B1,0.0,0.0,0.0,0.0,0.0,0.0,0.0
repeat_2_fold_1,CYP21A2,0.4061398371528906,0.12412621124747418,0.06206310562373709,0.3440767315291535,1.0,0.004119866122078514,1.0
repeat_2_fold_1,CYP3A5,0.0,0.0,0.0,0.0,0.0,0.0,0.0
repeat_2_fold_1,CYP46A1,0.0,0.0,0.0,0.0,0.0,0.0,0.0
repeat_2_fold_1,DCAF6,0.0,0.0,0.0,0.0,0.0,0.0,0.0
repeat_2_fold_1,DCTN6,0.0,0.0,0.0,0.0,0.0,0.0,0.0
repeat_2_fold_1,DCTPP1,0.0,0.0,0.0,0.0,0.0,0.0,0.0
repeat_2_fold_1,DCXR,0.0,0.0,0.0,0.0,0.0,0.0,0.0
repeat_2_fold_1,DDR1,-0.09557639646492433,0.11511459223094632,0.05755729611547316,-0.1531336925803975,0.0,-0.0014022435897435848,0.5
repeat_2_fold_1,DDX49,0.0,0.0,0.0,0.0,0.0,0.0,0.0
repeat_2_fold_1,DET1,0.2815839843707142,0.4676639858718657,0.23383199293593285,0.04775199143478134,0.5,0.001802884615384609,0.5
repeat_2_fold_1,DGKI,0.0,0.0,0.0,0.0,0.0,0.0,0.5
repeat_2_fold_1,DHRS9,0.0,0.0,0.0,0.0,0.0,0.0,0.0
repeat_2_fold_1,DHX58,0.0,0.0,0.0,0.0,0.0,-0.0006427983889266964,1.0
repeat_2_fold_1,DKC1,0.08243229618129888,0.13184088673377403,0.06592044336688702,0.016511852814411865,0.5,0.00044247787610621203,0.5
repeat_2_fold_1,DLK1,0.0,0.0,0.0,0.0,0.0,0.0,0.0
repeat_2_fold_1,DMPK,0.0,0.0,0.0,0.0,0.0,0.0,0.0
repeat_2_fold_1,DMRT1,-0.24700751078921712,0.31806146005837505,0.15903073002918752,-0.40603824081840467,0.25,0.0005800431132289563,1.0
repeat_2_fold_1,DNAJA2,0.0,0.0,0.0,0.0,0.0,0.0,0.0
repeat_2_fold_1,DNAJB9,0.0,0.0,0.0,0.0,0.0,0.0,0.0
repeat_2_fold_1,DNAJC7,-0.02504078149415534,0.05008156298831068,0.02504078149415534,-0.05008156298831068,0.0,0.00044247787610621203,0.5
repeat_2_fold_1,DNAJC8,0.22451083942347339,0.6245465984778809,0.3122732992389404,-0.08776245981546704,0.25,-0.0012019230769230727,0.5
repeat_2_fold_1,DNASE1L1,0.0,0.0,0.0,0.0,0.0,0.0,0.0
repeat_2_fold_1,DNMT3B,0.0,0.0,0.0,0.0,0.0,0.0,0.0
repeat_2_fold_1,DOCK9,0.0,0.0,0.0,0.0,0.0,0.0,0.0
repeat_2_fold_1,DOLK,0.0,0.0,0.0,0.0,0.0,0.0,0.0
repeat_2_fold_1,DPF1,0.0,0.0,0.0,0.0,0.0,4.183685046516006e-05,1.0
repeat_2_fold_1,DPF3,0.0,0.0,0.0,0.0,0.0,0.0,0.0
repeat_2_fold_1,DPM3,0.0,0.0,0.0,0.0,0.0,0.0,0.0
repeat_2_fold_1,DPYS,0.0,0.0,0.0,0.0,0.0,0.0,0.0
repeat_2_fold_1,DRD1,0.0,0.0,0.0,0.0,0.0,0.0,0.0
repeat_2_fold_1,DSCAM,0.0,0.0,0.0,0.0,0.0,0.0,0.5
repeat_2_fold_1,DUOX1,0.0,0.0,0.0,0.0,0.0,0.0,0.0
repeat_2_fold_1,DUOX2,-0.031146777590784325,0.06229355518156865,0.031146777590784325,-0.06229355518156865,0.0,-0.0004424778761061843,1.0
repeat_2_fold_1,EBAG9,0.0,0.0,0.0,0.0,0.0,0.0,0.0
repeat_2_fold_1,EEF1D,-0.09557639646492433,0.11511459223094632,0.05755729611547316,-0.1531336925803975,0.0,0.0006009615384615363,0.5
repeat_2_fold_1,EFNA1,-0.08418346960659129,0.11511896141087259,0.057559480705436296,-0.14174295031202758,0.0,-0.0008012820512820484,0.5
repeat_2_fold_1,EFNB3,0.0,0.0,0.0,0.0,0.0,0.0,0.0
repeat_2_fold_1,EHMT2,0.3567128133238828,0.42050422995577413,0.21025211497788707,0.14646069834599576,0.5,-0.0008012820512820484,0.5
repeat_2_fold_1,EIF2AK2,0.0,0.0,0.0,0.0,0.0,0.0,0.0
repeat_2_fold_1,EIF2AK3,0.0,0.0,0.0,0.0,0.0,0.0,0.0
repeat_2_fold_1,EIF3A,0.0,0.0,0.0,0.0,0.0,0.0,0.0
repeat_2_fold_1,EIF3F,0.0,0.0,0.0,0.0,0.0,0.0,0.0
repeat_2_fold_1,EIF3I,0.186316342178932,0.4660972960278652,0.2330486480139326,-0.0467323058350006,0.25,0.0014022435897435848,0.5
repeat_2_fold_1,EIF3L,0.016549523678577316,0.1372235776564017,0.06861178882820085,-0.05206226514962353,0.25,-0.001865639891082349,1.0
repeat_2_fold_1,EIF4A3,0.0,0.0,0.0,0.0,0.0,0.0,0.0
repeat_2_fold_1,EIF4E2,0.0,0.0,0.0,0.0,0.0,0.0,0.0
repeat_2_fold_1,ELAC2,0.0,0.0,0.0,0.0,0.0,0.0,0.0
repeat_2_fold_1,ELP5,0.0,0.0,0.0,0.0,0.0,0.0,0.0
repeat_2_fold_1,ENGASE,0.0,0.0,0.0,0.0,0.0,0.0,0.0
repeat_2_fold_1,EPB41L1,0.0,0.0,0.0,0.0,0.0,0.0,0.0
repeat_2_fold_1,ERCC6L,0.0,0.0,0.0,0.0,0.0,-0.0004006410256410242,0.5
repeat_2_fold_1,ETS2,-0.16833324072222666,0.2553946282484731,0.12769731412423654,-0.29603055484646323,0.0,0.0016025641025640969,0.5
repeat_2_fold_1,EXTL2,0.07082649923993323,0.10585381648926605,0.052926908244633024,0.017899590995300203,0.5,0.0002003205128205121,0.5
repeat_2_fold_1,F11R,0.0,0.0,0.0,0.0,0.0,0.0,0.0
repeat_2_fold_1,F12,0.0,0.0,0.0,0.0,0.0,0.0,0.0
repeat_2_fold_1,F3,-0.04342673021378474,0.06285652944893715,0.03142826472446857,-0.07485499493825332,0.0,-0.0014022435897435848,0.5
repeat_2_fold_1,F8,0.0,0.0,0.0,0.0,0.0,0.0,0.0
repeat_2_fold_1,FANCC,0.0814423742132302,0.09412584796827193,0.04706292398413597,0.03437945022909423,0.5,0.0004006410256410242,0.5
repeat_2_fold_1,FANCG,-0.14163965243296417,0.2871314858250492,0.1435657429125246,-0.2852053953454888,0.25,0.0006009615384615363,0.5
repeat_2_fold_1,FAR2,-0.038816316543694995,0.05830010994052894,0.02915005497026447,-0.06796637151395947,0.0,0.00044247787610621203,0.5
repeat_2_fold_1,FBXW4,-0.07503589238771724,0.25465057096759836,0.12732528548379918,-0.20236117787151642,0.25,-0.00035880417517586416,1.0
repeat_2_fold_1,FCER1A,0.0,0.0,0.0,0.0,0.0,-0.00022123893805309214,0.5
repeat_2_fold_1,FGR,0.0,0.0,0.0,0.0,0.0,0.0,0.0
repeat_2_fold_1,FHL2,0.0,0.0,0.0,0.0,0.0,0.0,0.0
repeat_2_fold_1,FOLH1,0.0,0.0,0.0,0.0,0.0,0.0,0.0
repeat_2_fold_1,FOXO4,0.0,0.0,0.0,0.0,0.0,0.0,0.0
repeat_2_fold_1,FUT9,0.0,0.0,0.0,0.0,0.0,0.0,0.0
repeat_2_fold_1,FXYD6,0.0,0.0,0.0,0.0,0.0,0.0,0.0
repeat_2_fold_1,G3BP1,-0.07823971404861929,0.15647942809723855,0.07823971404861928,-0.15647942809723858,0.0,0.0,0.5
repeat_2_fold_1,GABRA2,0.0,0.0,0.0,0.0,0.0,0.0,0.0
repeat_2_fold_1,GABRG3,0.0,0.0,0.0,0.0,0.0,0.0,0.0
repeat_2_fold_1,GAD2,0.0,0.0,0.0,0.0,0.0,0.0,0.0
repeat_2_fold_1,GALNS,0.0,0.0,0.0,0.0,0.0,0.0,0.0
repeat_2_fold_1,GALNT14,0.03301704075483336,0.04118345411039996,0.02059172705519998,0.01242531369963338,0.5,-0.00022123893805309214,0.5
repeat_2_fold_1,GALNT3,0.0,0.0,0.0,0.0,0.0,0.0,0.0
repeat_2_fold_1,GAMT,-0.2521035340784987,0.6900321953168241,0.34501609765841207,-0.5971196317369107,0.25,-0.0007385267755842806,1.0
repeat_2_fold_1,GAS2,0.8771078471828275,1.2677689273600754,0.6338844636800377,0.24322338350278982,0.5,0.012019230769230782,0.5
repeat_2_fold_1,GATA4,0.0,0.0,0.0,0.0,0.0,0.0,0.0
repeat_2_fold_1,GBA3,0.0,0.0,0.0,0.0,0.0,0.0,0.0
repeat_2_fold_1,GCG,0.0,0.0,0.0,0.0,0.0,0.0,0.0
repeat_2_fold_1,GDNF,0.0,0.0,0.0,0.0,0.0,0.0,0.0
repeat_2_fold_1,GFPT1,0.0,0.0,0.0,0.0,0.0,0.0,0.0
repeat_2_fold_1,GFRA4,0.0,0.0,0.0,0.0,0.0,0.0,0.0
repeat_2_fold_1,GGA2,0.0,0.0,0.0,0.0,0.0,0.0,0.0
repeat_2_fold_1,GGT1,-0.1312959487350085,0.15682343144320235,0.07841171572160117,-0.20970766445660965,0.0,0.0024038461538461453,0.5
repeat_2_fold_1,GHR,0.0,0.0,0.0,0.0,0.0,0.0,0.0
repeat_2_fold_1,GIT2,0.0,0.0,0.0,0.0,0.0,0.0,0.0
repeat_2_fold_1,GJB3,0.0,0.0,0.0,0.0,0.0,0.0,0.0
repeat_2_fold_1,GK2,0.0,0.0,0.0,0.0,0.0,0.0,0.0
repeat_2_fold_1,GLRA1,0.0,0.0,0.0,0.0,0.0,0.0,0.0
repeat_2_fold_1,GLRX5,0.0,0.0,0.0,0.0,0.0,0.0,0.0
repeat_2_fold_1,GNAS,0.0,0.0,0.0,0.0,0.0,0.0,0.0
repeat_2_fold_1,GNB1,0.0,0.0,0.0,0.0,0.0,0.0,0.0
repeat_2_fold_1,GNB2,0.0,0.0,0.0,0.0,0.0,0.0,0.0
repeat_2_fold_1,GNE,0.0,0.0,0.0,0.0,0.0,0.0,0.0
repeat_2_fold_1,GNG11,0.6532865500703231,0.7619161229932481,0.38095806149662403,0.27232848857369907,0.5,0.00046339630133879206,1.0
repeat_2_fold_1,GNLY,0.04473033477266597,0.10483150897964902,0.05241575448982451,-0.00768541971715854,0.25,0.0013604067392784247,1.0
repeat_2_fold_1,GP2,0.0,0.0,0.0,0.0,0.0,0.0,0.0
repeat_2_fold_1,GPC3,0.0,0.0,0.0,0.0,0.0,0.0,0.0
repeat_2_fold_1,GPS1,0.0,0.0,0.0,0.0,0.0,0.0,0.0
repeat_2_fold_1,GRIA1,0.0,0.0,0.0,0.0,0.0,0.0,0.0
repeat_2_fold_1,GRIK3,0.0,0.0,0.0,0.0,0.0,0.0,0.0
repeat_2_fold_1,GRK4,0.0,0.0,0.0,0.0,0.0,0.0,0.0
repeat_2_fold_1,GRK6,0.0,0.0,0.0,0.0,0.0,0.0,0.0
repeat_2_fold_1,GTF2E1,0.0,0.0,0.0,0.0,0.0,0.0,0.0
repeat_2_fold_1,GTPBP2,0.0,0.0,0.0,0.0,0.0,0.0,0.0
repeat_2_fold_1,H2AC16,0.0,0.0,0.0,0.0,0.0,0.0,0.0
repeat_2_fold_1,H2AC6,-0.03776522806917981,0.07553045613835963,0.03776522806917981,-0.07553045613835963,0.0,-0.0002003205128205121,0.5
repeat_2_fold_1,H2AC8,0.0,0.0,0.0,0.0,0.0,0.0012228415021556527,1.0
repeat_2_fold_1,H2AZ1,0.0,0.0,0.0,0.0,0.0,0.0,0.0
repeat_2_fold_1,H2AZ2,0.0,0.0,0.0,0.0,0.0,0.0,0.0
repeat_2_fold_1,H2BC17,0.0,0.0,0.0,0.0,0.0,0.0,0.0
repeat_2_fold_1,H2BC3,-0.42815925844129765,0.3690267795790184,0.1845133897895092,-0.6126726482308069,0.0,0.002687840367597033,1.0
repeat_2_fold_1,H2BC9,0.1657662337375303,0.2763278254508859,0.13816391272544296,0.027602321012087344,0.5,0.002003205128205121,0.5
repeat_2_fold_1,H3C1,0.0,0.0,0.0,0.0,0.0,0.0,0.0
repeat_2_fold_1,H3C2,-0.3448218929948883,0.4068472713015006,0.2034236356507503,-0.5482455286456386,0.0,-0.0002003205128205121,0.5
repeat_2_fold_1,H4C5,-0.31513840795095405,0.2738734183952782,0.1369367091976391,-0.45207511714859316,0.25,-0.0025711935557068133,1.0
repeat_2_fold_1,HAND2,0.0,0.0,0.0,0.0,0.0,0.0,0.0
repeat_2_fold_1,HAUS3,0.0,0.0,0.0,0.0,0.0,0.0,0.0
repeat_2_fold_1,HCAR3,0.0,0.0,0.0,0.0,0.0,0.0,0.0
repeat_2_fold_1,HDAC1,0.0,0.0,0.0,0.0,0.0,0.0,0.0
repeat_2_fold_1,HDAC6,0.0,0.0,0.0,0.0,0.0,0.0,0.0
repeat_2_fold_1,HIF1A,-0.15326863189479667,0.22419340936919918,0.11209670468459959,-0.26536533657939626,0.0,0.00035880417517586416,1.0
repeat_2_fold_1,HIF1AN,-0.01808281685588753,0.03616563371177506,0.01808281685588753,-0.03616563371177506,0.0,-0.0014022435897435848,0.5
repeat_2_fold_1,HILPDA,0.0,0.0,0.0,0.0,0.0,0.0,0.0
repeat_2_fold_1,HIP1,0.0,0.0,0.0,0.0,0.0,0.0,0.0
repeat_2_fold_1,HK2,0.0,0.0,0.0,0.0,0.0,0.0,0.0
repeat_2_fold_1,HLA-DQB2,-0.49170185362678254,0.5677683951049217,0.28388419755246086,-0.7755860511792434,0.0,-0.0008849557522123686,0.5
repeat_2_fold_1,HLA-DRB4,0.0,0.0,0.0,0.0,0.0,0.0,0.0
repeat_2_fold_1,HMGCL,0.0,0.0,0.0,0.0,0.0,0.0,0.0
repeat_2_fold_1,HNRNPDL,0.4849577920586867,0.5599810235813787,0.27999051179068934,0.20496728026799738,0.5,-0.00022123893805309214,0.5
repeat_2_fold_1,HNRNPK,0.0,0.0,0.0,0.0,0.0,0.0,0.0
repeat_2_fold_1,HOXB3,0.0,0.0,0.0,0.0,0.0,-0.0009806841388699805,1.0
repeat_2_fold_1,HS6ST1,0.0,0.0,0.0,0.0,0.0,0.0,0.0
repeat_2_fold_1,HSP90AA1,0.0,0.0,0.0,0.0,0.0,0.0,0.0
repeat_2_fold_1,HSPA1L,0.0,0.0,0.0,0.0,0.0,0.0,0.0
repeat_2_fold_1,HSPA4,0.0,0.0,0.0,0.0,0.0,0.0,0.0
repeat_2_fold_1,HSPA9,0.0,0.0,0.0,0.0,0.0,0.0,0.0
repeat_2_fold_1,HSPD1,0.0,0.0,0.0,0.0,0.0,0.0,0.0
repeat_2_fold_1,HSPE1,0.0,0.0,0.0,0.0,0.0,0.0,0.0
repeat_2_fold_1,HTR3B,0.0,0.0,0.0,0.0,0.0,0.0,0.0
repeat_2_fold_1,HYAL1,0.0,0.0,0.0,0.0,0.0,0.0,0.0
repeat_2_fold_1,IAPP,0.0,0.0,0.0,0.0,0.0,0.0,0.0
repeat_2_fold_1,ICAM4,0.403633179746258,0.4673687961358986,0.2336843980679493,0.1699487816783087,0.5,0.0,0.5
repeat_2_fold_1,ICAM5,0.1247096168079036,0.22029566030894354,0.11014783015447177,0.01456178665343183,0.5,-0.0002003205128205121,0.5
repeat_2_fold_1,ID1,0.0,0.0,0.0,0.0,0.0,0.0,0.0
repeat_2_fold_1,IDH3G,-0.05807443170903426,0.0683170210035608,0.0341585105017804,-0.09223294221081466,0.0,0.0011061946902655162,0.5
repeat_2_fold_1,IFIT3,0.0,0.0,0.0,0.0,0.0,0.0,0.0
repeat_2_fold_1,IFNGR2,0.0,0.0,0.0,0.0,0.0,-0.0012019230769230727,0.5
repeat_2_fold_1,IGLV2-14,0.0,0.0,0.0,0.0,0.0,0.0,0.0
repeat_2_fold_1,IGLV6-57,0.0,0.0,0.0,0.0,0.0,-0.0004424778761061843,0.5
repeat_2_fold_1,IL18R1,0.0,0.0,0.0,0.0,0.0,0.0,0.0
repeat_2_fold_1,IL1R1,0.0,0.0,0.0,0.0,0.0,0.0,0.0
repeat_2_fold_1,IL27RA,0.0,0.0,0.0,0.0,0.0,0.0,0.0
repeat_2_fold_1,IL36A,0.0,0.0,0.0,0.0,0.0,0.0,0.0
repeat_2_fold_1,ING3,0.0,0.0,0.0,0.0,0.0,0.0,0.0
repeat_2_fold_1,INPP5A,0.0,0.0,0.0,0.0,0.0,0.0,0.0
repeat_2_fold_1,INS,0.0,0.0,0.0,0.0,0.0,0.0,0.0
repeat_2_fold_1,INSL5,0.0,0.0,0.0,0.0,0.0,0.0,0.0
repeat_2_fold_1,INSR,0.0,0.0,0.0,0.0,0.0,0.0,0.0
repeat_2_fold_1,INTS8,-0.018850980704312903,0.037701961408625806,0.018850980704312903,-0.037701961408625806,0.0,-0.0004424778761061843,0.5
repeat_2_fold_1,IP6K2,-0.05807443170903426,0.0683170210035608,0.0341585105017804,-0.09223294221081466,0.0,-0.0004424778761061843,0.5
repeat_2_fold_1,IPO8,0.0,0.0,0.0,0.0,0.0,0.0,0.0
repeat_2_fold_1,IQCE,0.0,0.0,0.0,0.0,0.0,0.0,0.0
repeat_2_fold_1,ITIH4,-0.17002370830747715,0.34004741661495425,0.17002370830747712,-0.3400474166149543,0.0,-0.0002003205128205121,0.5
repeat_2_fold_1,JMJD7,0.0,0.0,0.0,0.0,0.0,0.0,0.0
repeat_2_fold_1,KANSL3,0.0,0.0,0.0,0.0,0.0,0.0,0.0
repeat_2_fold_1,KAZN,0.0,0.0,0.0,0.0,0.0,0.0,0.0
repeat_2_fold_1,KCNA10,0.0,0.0,0.0,0.0,0.0,0.0,0.0
repeat_2_fold_1,KCNA2,0.0,0.0,0.0,0.0,0.0,0.0,0.0
repeat_2_fold_1,KCNC2,-0.02320912076870485,0.0464182415374097,0.02320912076870485,-0.0464182415374097,0.0,-0.002203525641025633,0.5
repeat_2_fold_1,KCNE5,0.011739706463805177,0.023479412927610355,0.011739706463805177,0.0,0.25,0.0,0.5
repeat_2_fold_1,KCNG1,-0.24585092681339127,0.4917018536267826,0.2458509268133913,-0.49170185362678254,0.0,0.00022123893805309214,0.5
repeat_2_fold_1,KCNH4,0.047870496319966094,0.09574099263993219,0.047870496319966094,0.0,0.25,-0.00022123893805309214,0.5
repeat_2_fold_1,KCNJ5,0.0,0.0,0.0,0.0,0.0,0.0,0.0
repeat_2_fold_1,KDM5D,0.0,0.0,0.0,0.0,0.0,-0.0006637168141592764,0.5
repeat_2_fold_1,KIDINS220,0.0,0.0,0.0,0.0,0.0,0.0,0.0
repeat_2_fold_1,KIF3C,0.047870496319966094,0.09574099263993219,0.047870496319966094,0.0,0.25,0.00044247787610621203,0.5
repeat_2_fold_1,KIF4A,0.09492681623276589,0.25222816136023846,0.12611408068011923,-0.03118726444735334,0.5,0.003405448717948706,1.0
repeat_2_fold_1,KISS1,0.13137501190356993,0.9228094465065416,0.4614047232532708,-0.3300297113497009,0.5,0.0033636118674835735,1.0
repeat_2_fold_1,KLK1,0.0,0.0,0.0,0.0,0.0,0.0,0.0
repeat_2_fold_1,KLK13,0.0,0.0,0.0,0.0,0.0,0.0,0.0
repeat_2_fold_1,KMT2A,0.0,0.0,0.0,0.0,0.0,0.0,0.0
repeat_2_fold_1,KREMEN2,0.0,0.0,0.0,0.0,0.0,0.0,0.0
repeat_2_fold_1,KRT32,-0.2687342236073249,0.42843741947710523,0.21421870973855262,-0.4829529333458775,0.5,-0.004553480258679354,1.0
repeat_2_fold_1,KRT6A,0.0,0.0,0.0,0.0,0.0,0.0,0.0
repeat_2_fold_1,KRT83,0.0,0.0,0.0,0.0,0.0,0.0,0.0
repeat_2_fold_1,KRTAP4-7,0.0,0.0,0.0,0.0,0.0,0.0,0.0
repeat_2_fold_1,KYAT1,-0.040091880653125855,0.04629411617480112,0.02314705808740056,-0.06323893874052641,0.0,0.002003205128205121,0.5
repeat_2_fold_1,LAMP2,0.0,0.0,0.0,0.0,0.0,0.0,0.0
repeat_2_fold_1,LCN1,0.0,0.0,0.0,0.0,0.0,0.0,0.0
repeat_2_fold_1,LCN2,0.0,0.0,0.0,0.0,0.0,0.0,0.0
repeat_2_fold_1,LEFTY1,-0.2482886000541562,0.32952840767570024,0.16476420383785012,-0.4130528038920063,0.0,-0.0004006410256410242,0.5
repeat_2_fold_1,LHX1,0.0,0.0,0.0,0.0,0.0,0.0,0.0
repeat_2_fold_1,LIAS,0.038410262384754645,0.10583333844378268,0.05291666922189134,-0.014506406837136693,0.25,0.004203539823008834,0.5
repeat_2_fold_1,LIN7B,0.0,0.0,0.0,0.0,0.0,0.0,0.0
repeat_2_fold_1,LMAN1,0.0,0.0,0.0,0.0,0.0,0.0,0.0
repeat_2_fold_1,LONP1,0.0,0.0,0.0,0.0,0.0,0.0,0.0
repeat_2_fold_1,LONRF1,0.0,0.0,0.0,0.0,0.0,0.0,0.0
repeat_2_fold_1,LOXL2,0.007957468242985044,0.009188492864310628,0.004594246432155314,0.00336322181082973,0.5,-0.0004424778761061843,0.5
repeat_2_fold_1,LPAR6,0.0,0.0,0.0,0.0,0.0,0.0,0.0
repeat_2_fold_1,LPCAT1,0.0,0.0,0.0,0.0,0.0,0.0,0.0
repeat_2_fold_1,LTBP1,0.011739706463805177,0.023479412927610355,0.011739706463805177,0.0,0.25,0.0002212389380531199,0.5
repeat_2_fold_1,LTF,0.3282673253204109,0.3820012241623494,0.1910006120811747,0.13726671323923623,0.5,0.0011061946902655162,0.5
repeat_2_fold_1,LUC7L3,-0.40715323192978836,0.4134254852856895,0.20671274264284475,-0.6138659745726331,0.0,0.002203525641025633,1.0
repeat_2_fold_1,LYPLA1,0.3603157004403954,0.4162614176766424,0.2081307088383212,0.15218499160207422,0.5,0.0008849557522123963,0.5
repeat_2_fold_1,LYVE1,0.0,0.0,0.0,0.0,0.0,0.0,0.0
repeat_2_fold_1,MAD2L1,-0.06171969461287219,0.12343938922574436,0.06171969461287218,-0.12343938922574438,0.0,0.0,0.5
repeat_2_fold_1,MAMLD1,0.0,0.0,0.0,0.0,0.0,0.0,0.0
repeat_2_fold_1,MAP3K3,0.0,0.0,0.0,0.0,0.0,0.0,0.0
repeat_2_fold_1,MAPKAP1,0.0,0.0,0.0,0.0,0.0,0.0,0.0
repeat_2_fold_1,MBD3,0.0,0.0,0.0,0.0,0.0,0.0,0.0
repeat_2_fold_1,MC1R,0.0,0.0,0.0,0.0,0.0,0.0,0.0
repeat_2_fold_1,MCAT,0.0,0.0,0.0,0.0,0.0,0.0,0.0
repeat_2_fold_1,MCF2L,-0.002883270244662839,0.005766540489325678,0.002883270244662839,-0.005766540489325678,0.0,0.0006009615384615363,0.5
repeat_2_fold_1,MCM10,0.0,0.0,0.0,0.0,0.0,0.0,0.0
repeat_2_fold_1,MCM2,0.0,0.0,0.0,0.0,0.0,0.0,0.0
repeat_2_fold_1,MCM6,0.0,0.0,0.0,0.0,0.0,0.0,0.0
repeat_2_fold_1,MDC1,0.0,0.0,0.0,0.0,0.0,0.0,0.0
repeat_2_fold_1,MDH1,-0.49170185362678254,0.5677683951049217,0.28388419755246086,-0.7755860511792434,0.0,0.00022123893805309214,0.5
repeat_2_fold_1,MERTK,0.0,0.0,0.0,0.0,0.0,0.0,0.0
repeat_2_fold_1,MEX3C,0.0,0.0,0.0,0.0,0.0,0.0,0.0
repeat_2_fold_1,MGAT4B,0.0,0.0,0.0,0.0,0.0,0.0004424778761061843,0.5
repeat_2_fold_1,MID1,-0.0817656349394369,0.1635312698788738,0.0817656349394369,-0.1635312698788738,0.0,-0.0002003205128205121,0.5
repeat_2_fold_1,MLXIPL,0.0,0.0,0.0,0.0,0.0,0.0,0.0
repeat_2_fold_1,MMP19,-0.18457981560795567,0.3691596312159113,0.18457981560795564,-0.36915963121591133,0.0,-0.00384792659405489,1.0
repeat_2_fold_1,MPI,0.0,0.0,0.0,0.0,0.0,0.0,0.0
repeat_2_fold_1,MPL,0.36568469749836297,0.47256752014918013,0.23628376007459007,0.1294009374237729,0.5,0.0016025641025640969,0.5
repeat_2_fold_1,MRM1,-0.5417834166150932,0.6255976028503984,0.3127988014251992,-0.8545822180402924,0.0,0.0006637168141593042,0.5
repeat_2_fold_1,MRM2,0.0,0.0,0.0,0.0,0.0,0.0,0.0
repeat_2_fold_1,MRPL20,0.0,0.0,0.0,0.0,0.0,0.0,0.0
repeat_2_fold_1,MRPL3,0.0,0.0,0.0,0.0,0.0,0.0,0.0
repeat_2_fold_1,MSI1,0.0,0.0,0.0,0.0,0.0,0.0,0.0
repeat_2_fold_1,MSL1,0.3245975469338358,0.7584412341495252,0.3792206170747626,-0.05462307014092682,0.25,0.007654016337644648,1.0
repeat_2_fold_1,MSRB1,-0.00376344720313071,0.00752689440626142,0.00376344720313071,-0.00752689440626142,0.0,0.0002212389380531199,0.5
repeat_2_fold_1,MT4,0.0,0.0,0.0,0.0,0.0,0.0,0.0
repeat_2_fold_1,MTX2,0.0,0.0,0.0,0.0,0.0,0.0,0.0
repeat_2_fold_1,MUL1,0.0,0.0,0.0,0.0,0.0,0.0,0.0
repeat_2_fold_1,MYBL2,0.0,0.0,0.0,0.0,0.0,0.0,0.0
repeat_2_fold_1,MYCN,-0.043357756224093436,0.08671551244818688,0.04335775622409344,-0.08671551244818687,0.0,-0.003405448717948706,0.5
repeat_2_fold_1,MYL1,0.0,0.0,0.0,0.0,0.0,0.0,0.0
repeat_2_fold_1,MYL12A,0.0,0.0,0.0,0.0,0.0,0.0,0.0
repeat_2_fold_1,MYL12B,0.0,0.0,0.0,0.0,0.0,0.0,0.0
repeat_2_fold_1,NAT2,0.0,0.0,0.0,0.0,0.0,0.0,0.0
repeat_2_fold_1,NAT8,0.0,0.0,0.0,0.0,0.0,-0.00022123893805309214,0.5
repeat_2_fold_1,NCAPD3,0.0,0.0,0.0,0.0,0.0,0.0,0.0
repeat_2_fold_1,NCBP2,0.0,0.0,0.0,0.0,0.0,0.0,0.0
repeat_2_fold_1,NCF4,0.0,0.0,0.0,0.0,0.0,-0.00022123893805309214,0.5
repeat_2_fold_1,NCOR1,0.0,0.0,0.0,0.0,0.0,0.0,0.0
repeat_2_fold_1,NCOR2,0.049717975322483454,0.06608637295054783,0.03304318647527391,0.01667478884720954,0.5,-0.0004006410256410242,0.5
repeat_2_fold_1,NCSTN,0.0,0.0,0.0,0.0,0.0,0.0,0.0
repeat_2_fold_1,NDST1,0.0,0.0,0.0,0.0,0.0,0.0,0.0
repeat_2_fold_1,NDST3,0.0,0.0,0.0,0.0,0.0,0.0,0.0
repeat_2_fold_1,NDUFA1,0.0,0.0,0.0,0.0,0.0,0.0,0.0
repeat_2_fold_1,NDUFAF1,-0.02320912076870485,0.0464182415374097,0.02320912076870485,-0.0464182415374097,0.0,-0.0006009615384615363,0.5
repeat_2_fold_1,NDUFAF4,0.0,0.0,0.0,0.0,0.0,0.0,0.0
repeat_2_fold_1,NDUFAF5,0.2517904482833959,0.5298739985159627,0.26493699925798136,-0.013146550974585447,0.5,-0.00022123893805309214,1.0
repeat_2_fold_1,NDUFC1,0.0,0.0,0.0,0.0,0.0,0.0,0.0
repeat_2_fold_1,NECTIN1,-0.11562233679148903,0.13350917454179953,0.06675458727089977,-0.1823769240623888,0.0,-0.0002630757885182522,1.0
repeat_2_fold_1,NELFCD,0.0,0.0,0.0,0.0,0.0,0.0,0.0
repeat_2_fold_1,NELFE,0.0,0.0,0.0,0.0,0.0,0.0,0.0
repeat_2_fold_1,NFATC1,0.5171002238570246,0.5971051498246362,0.2985525749123181,0.21854764894470646,0.5,0.0016025641025640969,0.5
repeat_2_fold_1,NFE2,0.09906359642630314,0.3254990046478328,0.1627495023239164,-0.06368590589761328,0.25,0.003405448717948706,0.5
repeat_2_fold_1,NLGN1,0.0,0.0,0.0,0.0,0.0,0.0,0.0
repeat_2_fold_1,NLRP3,0.0,0.0,0.0,0.0,0.0,0.0,0.0
repeat_2_fold_1,NOD1,0.0,0.0,0.0,0.0,0.0,0.0013274336283185806,0.5
repeat_2_fold_1,NOL12,0.0,0.0,0.0,0.0,0.0,0.0,0.0
repeat_2_fold_1,NOTCH2,0.0,0.0,0.0,0.0,0.0,0.0,0.0
repeat_2_fold_1,NOX5,0.0,0.0,0.0,0.0,0.0,0.0,0.5
repeat_2_fold_1,NPEPPS,0.0,0.0,0.0,0.0,0.0,0.0,0.0
repeat_2_fold_1,NPHP4,0.0,0.0,0.0,0.0,0.0,0.0,0.0
repeat_2_fold_1,NPIPB3,0.2320247809005238,0.34829497237686646,0.17414748618843323,0.05787729471209058,0.5,0.0019911504424778848,0.5
repeat_2_fold_1,NPR1,-0.6410452646865057,0.7979456887549485,0.39897284437747427,-1.04001810906398,0.0,0.002876106194690281,0.5
repeat_2_fold_1,NR3C2,-0.07823971404861929,0.15647942809723855,0.07823971404861928,-0.15647942809723858,0.0,0.0006218799636941441,1.0
repeat_2_fold_1,NR4A3,0.07244615664128773,0.10272953801191056,0.05136476900595528,0.021081387635332446,0.5,-0.00042155945087360425,1.0
repeat_2_fold_1,NSFL1C,0.0,0.0,0.0,0.0,0.0,0.0,0.0
repeat_2_fold_1,NT5M,0.0,0.0,0.0,0.0,0.0,0.0,0.0
repeat_2_fold_1,NTF3,-0.07779125252335994,0.16598858255031274,0.08299429127515637,-0.1607855437985163,0.25,0.0017699115044247926,0.5
repeat_2_fold_1,OAS3,0.0,0.0,0.0,0.0,0.0,0.0,0.0
repeat_2_fold_1,OCLN,0.0,0.0,0.0,0.0,0.0,0.0,0.0
repeat_2_fold_1,OGG1,0.0,0.0,0.0,0.0,0.0,0.0,0.0
repeat_2_fold_1,OR2H2,0.0,0.0,0.0,0.0,0.0,0.0,0.0
repeat_2_fold_1,OR3A1,0.0,0.0,0.0,0.0,0.0,0.0,0.0
repeat_2_fold_1,ORAI2,-0.4246379750588236,0.5466281490979685,0.27331407454898426,-0.6979520496078079,0.0,0.0002212389380531199,0.5
repeat_2_fold_1,OSBP,0.0,0.0,0.0,0.0,0.0,0.0,0.0
repeat_2_fold_1,OTUD3,-0.0511927179173437,0.1023854358346874,0.0511927179173437,-0.1023854358346874,0.0,-0.0002630757885182522,1.0
repeat_2_fold_1,P2RX2,-0.04292724530367131,0.11542780872124189,0.057713904360620946,-0.10064114966429226,0.25,0.00044247787610621203,0.5
repeat_2_fold_1,P2RY10,-0.2859428074665171,0.4665077941568096,0.2332538970784048,-0.519196704544922,0.0,0.0005591246879963763,1.0
repeat_2_fold_1,P2RY6,0.0,0.0,0.0,0.0,0.0,0.0,0.0
repeat_2_fold_1,PABPC1,0.0,0.0,0.0,0.0,0.0,0.0,0.0
repeat_2_fold_1,PAFAH1B1,0.0,0.0,0.0,0.0,0.0,0.0,0.0
repeat_2_fold_1,PAH,0.0,0.0,0.0,0.0,0.0,0.0,0.0
repeat_2_fold_1,PAK1,-0.018850980704312903,0.037701961408625806,0.018850980704312903,-0.037701961408625806,0.0,0.0015486725663717005,0.5
repeat_2_fold_1,PAPPA,0.0,0.0,0.0,0.0,0.0,0.0,0.0
repeat_2_fold_1,PAPSS1,0.0,0.0,0.0,0.0,0.0,-0.0002003205128205121,0.5
repeat_2_fold_1,PARK7,0.0,0.0,0.0,0.0,0.0,0.0,0.0
repeat_2_fold_1,PARVB,0.0,0.0,0.0,0.0,0.0,0.0,0.0
repeat_2_fold_1,PCBD1,0.0,0.0,0.0,0.0,0.0,0.0,0.0
repeat_2_fold_1,PCNT,0.0,0.0,0.0,0.0,0.0,0.0,0.0
repeat_2_fold_1,PCYOX1L,0.0,0.0,0.0,0.0,0.0,0.0,0.0
repeat_2_fold_1,PCYT1B,0.0,0.0,0.0,0.0,0.0,0.0,0.0
repeat_2_fold_1,PDCD6IP,0.0,0.0,0.0,0.0,0.0,0.0,0.0
repeat_2_fold_1,PDCL,0.0,0.0,0.0,0.0,0.0,0.0,0.0
repeat_2_fold_1,PDE3A,0.0,0.0,0.0,0.0,0.0,-0.0004424778761061843,0.5
repeat_2_fold_1,PDE3B,-0.23158804386277865,0.4257761145620524,0.2128880572810262,-0.44447610114380487,0.0,0.0002003205128205121,0.5
repeat_2_fold_1,PDE4A,0.0,0.0,0.0,0.0,0.0,0.0,0.0
repeat_2_fold_1,PDE9A,0.0,0.0,0.0,0.0,0.0,0.0,0.0
repeat_2_fold_1,PDS5B,0.0,0.0,0.0,0.0,0.0,0.0,0.0
repeat_2_fold_1,PDXK,0.0,0.0,0.0,0.0,0.0,-0.0004424778761061843,0.5
repeat_2_fold_1,PEBP1,0.0,0.0,0.0,0.0,0.0,0.0,0.0
repeat_2_fold_1,PF4V1,0.0,0.0,0.0,0.0,0.0,0.0,0.0
repeat_2_fold_1,PHB2,0.0,0.0,0.0,0.0,0.0,0.0,0.0
repeat_2_fold_1,PIAS4,0.0,0.0,0.0,0.0,0.0,0.0,0.0
repeat_2_fold_1,PIGQ,-0.053381360432490865,0.0667458537950502,0.0333729268975251,-0.08675428733001597,0.0,0.0011061946902654884,0.5
repeat_2_fold_1,PIGZ,-0.2936291750775446,0.33905376654589625,0.16952688327294813,-0.4631560583504927,0.0,-0.0006009615384615363,0.5
repeat_2_fold_1,PIK3C2G,-0.46088796161579104,0.6074966333207417,0.30374831666037083,-0.7646362782761619,0.0,-0.003405448717948706,1.0
repeat_2_fold_1,PKP1,0.0,0.0,0.0,0.0,0.0,0.0010016025641025605,0.5
repeat_2_fold_1,PKP3,0.0,0.0,0.0,0.0,0.0,0.0,0.0
repeat_2_fold_1,PLCB2,0.0,0.0,0.0,0.0,0.0,0.0,0.0
repeat_2_fold_1,PLIN3,0.0,0.0,0.0,0.0,0.0,0.0,0.0
repeat_2_fold_1,PLK4,0.0,0.0,0.0,0.0,0.0,0.0,0.0
repeat_2_fold_1,PLPP3,0.20491262142729916,0.32356251898158633,0.16178125949079317,0.04313136193650599,0.5,0.0006009615384615363,0.5
repeat_2_fold_1,PLS1,0.0,0.0,0.0,0.0,0.0,0.0,0.0
repeat_2_fold_1,POGLUT1,0.0,0.0,0.0,0.0,0.0,0.0,0.0
repeat_2_fold_1,POLA2,0.0,0.0,0.0,0.0,0.0,0.0,0.0
repeat_2_fold_1,POLD1,0.18241221408356445,0.8993214884975277,0.44966074424876384,-0.2672485301651994,0.5,-0.0026041666666666574,1.0
repeat_2_fold_1,POLR3G,0.0,0.0,0.0,0.0,0.0,0.0,0.0
repeat_2_fold_1,PORCN,0.0,0.0,0.0,0.0,0.0,0.0,0.0
repeat_2_fold_1,PPA2,-0.15673924273717255,0.3523852039125319,0.17619260195626596,-0.3329318446934385,0.25,-0.001982286702972541,1.0
repeat_2_fold_1,PPARD,0.0,0.0,0.0,0.0,0.0,0.0,0.0
repeat_2_fold_1,PPAT,0.0,0.0,0.0,0.0,0.0,0.0,0.0
repeat_2_fold_1,PPFIBP2,0.0,0.0,0.0,0.0,0.0,0.0,0.0
repeat_2_fold_1,PRCP,0.0,0.0,0.0,0.0,0.0,0.0,0.0
repeat_2_fold_1,PRDX6,0.0,0.0,0.0,0.0,0.0,0.0,0.0
repeat_2_fold_1,PRKAB1,0.06955397552607678,0.1452404968439236,0.0726202484219618,-0.003066272895885014,0.25,-0.0008012820512820484,0.5
repeat_2_fold_1,PRKAR1A,-0.2936291750775446,0.33905376654589625,0.16952688327294813,-0.4631560583504927,0.0,-0.0008012820512820484,0.5
repeat_2_fold_1,PRKCG,-0.5521524544158041,0.5478956446384676,0.2739478223192338,-0.8261002767350378,0.0,0.0039823008849557695,1.0
repeat_2_fold_1,PRM2,0.0,0.0,0.0,0.0,0.0,0.0,0.0
repeat_2_fold_1,PRORP,0.0,0.0,0.0,0.0,0.0,0.0,0.0
repeat_2_fold_1,PRPF6,0.0,0.0,0.0,0.0,0.0,0.0,0.5
repeat_2_fold_1,PSMB1,0.0,0.0,0.0,0.0,0.0,0.0,0.0
repeat_2_fold_1,PSMB3,0.0,0.0,0.0,0.0,0.0,0.0,0.0
repeat_2_fold_1,PSMD1,0.0,0.0,0.0,0.0,0.0,0.0,0.0
repeat_2_fold_1,PSME2,0.0,0.0,0.0,0.0,0.0,0.0,0.0
repeat_2_fold_1,PSME3,-0.011360739542821463,0.10163797065514885,0.05081898532757442,-0.062179724870395886,0.25,0.001802884615384609,0.5
repeat_2_fold_1,PTDSS2,-0.11469357488627097,0.22938714977254193,0.11469357488627097,-0.22938714977254193,0.0,-0.0004006410256410242,0.5
repeat_2_fold_1,PTGDR,0.0,0.0,0.0,0.0,0.0,0.0,0.0
repeat_2_fold_1,PTGES,0.0,0.0,0.0,0.0,0.0,0.0,0.0
repeat_2_fold_1,PTGIR,0.0,0.0,0.0,0.0,0.0,0.0,0.0
repeat_2_fold_1,PTGIS,0.0,0.0,0.0,0.0,0.0,0.0,0.0
repeat_2_fold_1,PTPN13,0.0,0.0,0.0,0.0,0.0,0.0,0.0
repeat_2_fold_1,PTPRF,0.0,0.0,0.0,0.0,0.0,0.0,0.0
repeat_2_fold_1,PTX3,0.0,0.0,0.0,0.0,0.0,0.0,0.0
repeat_2_fold_1,PUS7,0.0,0.0,0.0,0.0,0.0,0.0,0.0
repeat_2_fold_1,PXMP4,0.0,0.0,0.0,0.0,0.0,0.0,0.0
repeat_2_fold_1,PYCR3,0.0,0.0,0.0,0.0,0.0,0.0,0.0
repeat_2_fold_1,QPCT,0.0,0.0,0.0,0.0,0.0,0.0,0.0
repeat_2_fold_1,RAB11B,0.0,0.0,0.0,0.0,0.0,0.00022123893805309214,0.5
repeat_2_fold_1,RAB22A,0.0,0.0,0.0,0.0,0.0,-0.0004424778761061843,0.5
repeat_2_fold_1,RAB33B,0.3306066077524932,0.3817516279635419,0.19087581398177095,0.13973079377072223,0.5,0.0004424778761061843,0.5
repeat_2_fold_1,RAB38,0.0,0.0,0.0,0.0,0.0,0.0,0.0
repeat_2_fold_1,RAB5A,-0.11472822239466218,0.25844468823334227,0.12922234411667113,-0.24395056651133332,0.25,-0.0006009615384615363,0.5
repeat_2_fold_1,RAB6A,0.0,0.0,0.0,0.0,0.0,0.0004424778761061843,0.5
repeat_2_fold_1,RABEPK,0.0,0.0,0.0,0.0,0.0,0.0,0.0
repeat_2_fold_1,RABGAP1,-0.007645165171242141,0.06844299468981942,0.03422149734490971,-0.04186666251615185,0.25,-0.0028044871794871695,0.5
repeat_2_fold_1,RABGGTA,0.0,0.0,0.0,0.0,0.0,0.0,0.0
repeat_2_fold_1,RAC2,-0.4704245193357526,0.5443095667005904,0.2721547833502952,-0.7425793026860478,0.0,2.7755575615628914e-17,0.5
repeat_2_fold_1,RAE1,0.0,0.0,0.0,0.0,0.0,0.0,0.0
repeat_2_fold_1,RAP1GAP2,0.0,0.0,0.0,0.0,0.0,0.0,0.0
repeat_2_fold_1,RBL2,0.0,0.0,0.0,0.0,0.0,0.0,0.0
repeat_2_fold_1,RBM26,0.0,0.0,0.0,0.0,0.0,0.0,0.0
repeat_2_fold_1,RDH11,0.0,0.0,0.0,0.0,0.0,0.0,0.0
repeat_2_fold_1,RDH14,-0.12175368420621346,0.14365670258721483,0.07182835129360741,-0.1935820354998209,0.0,0.0024038461538461453,0.5
repeat_2_fold_1,RDH5,0.0,0.0,0.0,0.0,0.0,0.0,0.0
repeat_2_fold_1,RELB,-0.29385834013890566,0.2864278351554868,0.1432139175777434,-0.43707225771664904,0.0,-0.0012019230769230727,1.0
repeat_2_fold_1,RELN,0.0,0.0,0.0,0.0,0.0,0.0,0.0
repeat_2_fold_1,RETSAT,0.0,0.0,0.0,0.0,0.0,0.0,0.0
repeat_2_fold_1,RFC2,0.0,0.0,0.0,0.0,0.0,0.0,0.0
repeat_2_fold_1,RGCC,0.0,0.0,0.0,0.0,0.0,0.0,0.0
repeat_2_fold_1,RGL1,0.0,0.0,0.0,0.0,0.0,0.0,0.0
repeat_2_fold_1,RGS11,-0.09996342598618035,0.1992893581939019,0.09964467909695095,-0.19960810508313132,0.0,-0.002003205128205121,0.5
repeat_2_fold_1,RGS12,0.0,0.0,0.0,0.0,0.0,0.0,0.0
repeat_2_fold_1,RGS16,0.0,0.0,0.0,0.0,0.0,0.0,0.0
repeat_2_fold_1,RIOX2,0.0,0.0,0.0,0.0,0.0,0.0,0.0
repeat_2_fold_1,RNASEH1,0.0,0.0,0.0,0.0,0.0,0.0,0.0
repeat_2_fold_1,ROCK1,-0.03483671814576361,0.05065327732992076,0.02532663866496038,-0.06016335681072399,0.0,0.00022123893805309214,0.5
repeat_2_fold_1,RPA4,0.0,0.0,0.0,0.0,0.0,0.0,0.0
repeat_2_fold_1,RPL10L,0.0,0.0,0.0,0.0,0.0,0.0,0.0
repeat_2_fold_1,RPL22,0.0,0.0,0.0,0.0,0.0,0.0,0.0
repeat_2_fold_1,RPL35,0.0,0.0,0.0,0.0,0.0,0.0,0.0
repeat_2_fold_1,RPL4,-0.026272396311313173,0.0895604048342892,0.0447802024171446,-0.07105259872845777,0.25,0.0,0.5
repeat_2_fold_1,RPN2,0.0,0.0,0.0,0.0,0.0,0.0,0.0
repeat_2_fold_1,RPS2,0.0,0.0,0.0,0.0,0.0,0.0,0.0
repeat_2_fold_1,RPS6KA2,0.0,0.0,0.0,0.0,0.0,0.0,0.0
repeat_2_fold_1,RPSA,-0.03939961341313314,0.28184642823053707,0.14092321411526854,-0.18032282752840167,0.25,-0.0006218799636941164,1.0
repeat_2_fold_1,RRAGC,0.0,0.0,0.0,0.0,0.0,0.0,0.0
repeat_2_fold_1,RRH,0.0,0.0,0.0,0.0,0.0,0.0,0.0
repeat_2_fold_1,RUNX1,-0.005766540489325678,0.006658627407610113,0.0033293137038050563,-0.009095854193130734,0.0,-0.0008012820512820484,0.5
repeat_2_fold_1,RXFP3,0.0,0.0,0.0,0.0,0.0,0.0,0.0
repeat_2_fold_1,S100P,0.7520394951850857,0.9127870857758689,0.45639354288793443,0.2956459522971513,0.5,0.005809294871794879,0.5
repeat_2_fold_1,SAP130,0.0,0.0,0.0,0.0,0.0,0.0,0.0
repeat_2_fold_1,SCNN1G,0.0,0.0,0.0,0.0,0.0,0.0,0.0
repeat_2_fold_1,SDC2,0.0,0.0,0.0,0.0,0.0,0.0,0.0
repeat_2_fold_1,SEC31A,0.0,0.0,0.0,0.0,0.0,0.0,0.0
repeat_2_fold_1,SEPTIN4,0.0,0.0,0.0,0.0,0.0,0.0,0.0
repeat_2_fold_1,SERPINB10,0.0,0.0,0.0,0.0,0.0,0.0,0.0
repeat_2_fold_1,SETD1B,0.0,0.0,0.0,0.0,0.0,0.0,0.0
repeat_2_fold_1,SF3A1,0.0,0.0,0.0,0.0,0.0,0.0,0.0
repeat_2_fold_1,SGF29,0.12083155978247362,0.5415896917037496,0.2707948458518748,-0.14996328606940118,0.25,0.0012019230769230727,0.5
repeat_2_fold_1,SGK1,0.0,0.0,0.0,0.0,0.0,0.0,0.0
repeat_2_fold_1,SH3BP4,0.0,0.0,0.0,0.0,0.0,0.0,0.0
repeat_2_fold_1,SH3GL3,0.0,0.0,0.0,0.0,0.0,0.0,0.0
repeat_2_fold_1,SHMT2,0.0,0.0,0.0,0.0,0.0,0.0,0.0
repeat_2_fold_1,SHPK,0.0,0.0,0.0,0.0,0.0,0.0,0.0
repeat_2_fold_1,SIGLEC15,-0.031146777590784325,0.06229355518156865,0.031146777590784325,-0.06229355518156865,0.0,-0.0012019230769230727,0.5
repeat_2_fold_1,SIGMAR1,-0.15588248211736477,0.1876324662163389,0.09381623310816944,-0.24969871522553422,0.0,0.0030048076923076816,0.5
repeat_2_fold_1,SIRPG,0.0,0.0,0.0,0.0,0.0,0.0,0.0
repeat_2_fold_1,SIRT6,0.0,0.0,0.0,0.0,0.0,0.0,0.0
repeat_2_fold_1,SLC12A7,0.0,0.0,0.0,0.0,0.0,0.0,0.0
repeat_2_fold_1,SLC13A3,0.0,0.0,0.0,0.0,0.0,0.0,0.0
repeat_2_fold_1,SLC19A2,0.0,0.0,0.0,0.0,0.0,0.0,0.0
repeat_2_fold_1,SLC1A3,0.0,0.0,0.0,0.0,0.0,0.0,0.0
repeat_2_fold_1,SLC25A21,0.0,0.0,0.0,0.0,0.0,-0.0006637168141592764,0.5
repeat_2_fold_1,SLC2A8,0.0,0.0,0.0,0.0,0.0,0.0,0.0
repeat_2_fold_1,SLC5A3,0.0,0.0,0.0,0.0,0.0,0.0,0.0
repeat_2_fold_1,SLC5A7,-0.20855983591872018,0.29206453872423793,0.14603226936211897,-0.3545921052808392,0.25,-0.0013065152030859728,1.0
repeat_2_fold_1,SLC6A11,0.0,0.0,0.0,0.0,0.0,0.0,0.0
repeat_2_fold_1,SLC6A15,0.0,0.0,0.0,0.0,0.0,0.0,0.0
repeat_2_fold_1,SLCO1B3,-0.06171969461287219,0.12343938922574436,0.06171969461287218,-0.12343938922574438,0.0,0.0008431189017472085,1.0
repeat_2_fold_1,SLPI,0.0,0.0,0.0,0.0,0.0,0.0,0.0
repeat_2_fold_1,SMAD5,0.0,0.0,0.0,0.0,0.0,0.0,0.0
repeat_2_fold_1,SMAD9,0.0,0.0,0.0,0.0,0.0,0.0,0.0
repeat_2_fold_1,SMG8,0.0,0.0,0.0,0.0,0.0,0.0,0.0
repeat_2_fold_1,SNCA,0.0,0.0,0.0,0.0,0.0,0.0,0.0
repeat_2_fold_1,SNIP1,0.0,0.0,0.0,0.0,0.0,0.0,0.0
repeat_2_fold_1,SNRPG,0.0,0.0,0.0,0.0,0.0,0.0,0.0
repeat_2_fold_1,SNU13,0.0,0.0,0.0,0.0,0.0,0.0,0.0
repeat_2_fold_1,SOX9,0.0,0.0,0.0,0.0,0.0,0.0,0.0
repeat_2_fold_1,SPC25,-0.2185731418127883,0.2663540367713514,0.1331770183856757,-0.351750160198464,0.0,0.0002003205128205121,0.5
repeat_2_fold_1,SPCS2,0.0,0.0,0.0,0.0,0.0,0.0,0.0
repeat_2_fold_1,SPR,-0.03745716615880568,0.046676890328872865,0.023338445164436433,-0.06079561132324211,0.25,0.001623482527796677,1.0
repeat_2_fold_1,SPRY1,0.0,0.0,0.0,0.0,0.0,0.0,0.0
repeat_2_fold_1,SPTA1,0.0,0.0,0.0,0.0,0.0,0.0,0.0
repeat_2_fold_1,SPTSSA,0.0,0.0,0.0,0.0,0.0,0.0,0.0
repeat_2_fold_1,SRD5A3,0.0,0.0,0.0,0.0,0.0,0.0,0.0
repeat_2_fold_1,SRGAP2,-0.03835034222923461,0.06704146597930287,0.033520732989651435,-0.07187107521888605,0.0,0.0017699115044247926,0.5
repeat_2_fold_1,SRP72,-0.037701961408625806,0.043534475136493986,0.021767237568246993,-0.0594691989768728,0.0,0.0,0.5
repeat_2_fold_1,SRP9,0.0,0.0,0.0,0.0,0.0,0.0,0.0
repeat_2_fold_1,SRRM1,-0.474243357381674,0.3812981939929979,0.19064909699649896,-0.6648924543781729,0.0,0.000421559450873632,1.0
repeat_2_fold_1,SS18,0.0,0.0,0.0,0.0,0.0,0.0,0.0
repeat_2_fold_1,ST3GAL1,0.0,0.0,0.0,0.0,0.0,0.0,0.0
repeat_2_fold_1,ST8SIA3,0.0,0.0,0.0,0.0,0.0,0.0,0.0
repeat_2_fold_1,STC2,0.0,0.0,0.0,0.0,0.0,0.0,0.0
repeat_2_fold_1,STEEP1,0.0,0.0,0.0,0.0,0.0,0.0,0.0
repeat_2_fold_1,STK10,0.0,0.0,0.0,0.0,0.0,0.0,0.0
repeat_2_fold_1,STK3,0.0,0.0,0.0,0.0,0.0,0.0,0.0
repeat_2_fold_1,STX6,0.0,0.0,0.0,0.0,0.0,0.0,0.0
repeat_2_fold_1,STXBP1,0.20472636041940717,0.2665513991663118,0.1332756995831559,0.07145066083625126,0.5,-0.0008012820512820484,0.5
repeat_2_fold_1,SUMO2,0.0,0.0,0.0,0.0,0.0,0.0,0.0
repeat_2_fold_1,SUN1,0.0,0.0,0.0,0.0,0.0,0.0,0.0
repeat_2_fold_1,SUN2,0.0,0.0,0.0,0.0,0.0,0.0,0.0
repeat_2_fold_1,SURF1,0.0,0.0,0.0,0.0,0.0,0.0,0.0
repeat_2_fold_1,SYK,-0.18081215345714874,0.2853469565156667,0.14267347825783336,-0.3234856317149821,0.0,-0.0046073717948717785,0.5
repeat_2_fold_1,SYT1,0.0,0.0,0.0,0.0,0.0,0.0,0.0
repeat_2_fold_1,TAL1,0.0,0.0,0.0,0.0,0.0,0.0,0.0
repeat_2_fold_1,TBX6,-0.018850980704312903,0.037701961408625806,0.018850980704312903,-0.037701961408625806,0.0,0.0,0.5
repeat_2_fold_1,TBXA2R,0.0,0.0,0.0,0.0,0.0,0.0,0.0
repeat_2_fold_1,TBXT,0.0,0.0,0.0,0.0,0.0,0.0,0.0
repeat_2_fold_1,TCF7L2,0.0,0.0,0.0,0.0,0.0,0.0,0.0
repeat_2_fold_1,TEAD1,-0.15559217126740776,0.19172029340473867,0.09586014670236934,-0.2514523179697771,0.0,0.004407051282051266,0.5
repeat_2_fold_1,TECR,0.011739706463805177,0.023479412927610355,0.011739706463805177,0.0,0.25,0.0,0.5
repeat_2_fold_1,TEX2,0.0,0.0,0.0,0.0,0.0,0.0,0.0
repeat_2_fold_1,TF,0.0,0.0,0.0,0.0,0.0,0.0,0.0
repeat_2_fold_1,TFG,0.0,0.0,0.0,0.0,0.0,0.0,0.0
repeat_2_fold_1,TGIF2,0.0,0.0,0.0,0.0,0.0,0.0,0.0
repeat_2_fold_1,THG1L,0.0,0.0,0.0,0.0,0.0,0.0,0.0
repeat_2_fold_1,THOC6,0.0,0.0,0.0,0.0,0.0,0.0,0.0
repeat_2_fold_1,TIAL1,0.0,0.0,0.0,0.0,0.0,0.0,0.0
repeat_2_fold_1,TIMM13,0.0,0.0,0.0,0.0,0.0,0.0012019230769230727,0.5
repeat_2_fold_1,TIMM23,0.0,0.0,0.0,0.0,0.0,0.0,0.0
repeat_2_fold_1,TLR8,0.0,0.0,0.0,0.0,0.0,0.0,0.0
repeat_2_fold_1,TMEM11,0.0,0.0,0.0,0.0,0.0,0.0,0.0
repeat_2_fold_1,TMEM258,0.0,0.0,0.0,0.0,0.0,0.0,0.0
repeat_2_fold_1,TNC,0.10290744784752448,0.11882728543277127,0.059413642716385634,0.043493805131138846,0.5,0.0,0.5
repeat_2_fold_1,TNFRSF11B,0.0,0.0,0.0,0.0,0.0,0.0,0.0
repeat_2_fold_1,TNNI1,-0.02504078149415534,0.05008156298831068,0.02504078149415534,-0.05008156298831068,0.0,-0.0004424778761061843,0.5
repeat_2_fold_1,TPCN1,0.0,0.0,0.0,0.0,0.0,0.0,0.0
repeat_2_fold_1,TPD52L1,0.0,0.0,0.0,0.0,0.0,0.0,0.0
repeat_2_fold_1,TPM3,0.0,0.0,0.0,0.0,0.0,0.0,0.0
repeat_2_fold_1,TPP2,0.0,0.0,0.0,0.0,0.0,0.0,0.0
repeat_2_fold_1,TRAF1,0.0,0.0,0.0,0.0,0.0,0.0,0.0
repeat_2_fold_1,TRAK2,0.2523475853447614,0.29283549429221084,0.14641774714610542,0.105929838198656,0.5,0.0004006410256410242,0.5
repeat_2_fold_1,TRAPPC8,0.0,0.0,0.0,0.0,0.0,0.0,0.0
repeat_2_fold_1,TRIM24,0.0,0.0,0.0,0.0,0.0,0.00022123893805309214,0.5
repeat_2_fold_1,TRIM34,0.0,0.0,0.0,0.0,0.0,0.0,0.0
repeat_2_fold_1,TRMT61A,-0.08393300603917986,0.10384052684014096,0.05192026342007048,-0.13585326945925033,0.0,0.0011061946902654884,0.5
repeat_2_fold_1,TRPV6,0.0,0.0,0.0,0.0,0.0,0.0,0.0
repeat_2_fold_1,TSPO,0.0,0.0,0.0,0.0,0.0,0.0,0.0
repeat_2_fold_1,TTC19,0.0,0.0,0.0,0.0,0.0,0.0,0.0
repeat_2_fold_1,TTLL4,0.0,0.0,0.0,0.0,0.0,0.0,0.0
repeat_2_fold_1,TXNL4A,0.0,0.0,0.0,0.0,0.0,0.0,0.0
repeat_2_fold_1,TYK2,0.0,0.0,0.0,0.0,0.0,0.0,0.0
repeat_2_fold_1,TYMP,0.0,0.0,0.0,0.0,0.0,0.0,0.0
repeat_2_fold_1,UBA3,-0.08886971570251312,0.22830041194407902,0.11415020597203951,-0.20301992167455263,0.25,2.7755575615628914e-17,0.5
repeat_2_fold_1,UBD,0.0,0.0,0.0,0.0,0.0,0.0,0.0
repeat_2_fold_1,UBE2L3,0.0,0.0,0.0,0.0,0.0,0.0,0.0
repeat_2_fold_1,UBE2Q1,0.0,0.0,0.0,0.0,0.0,0.0,0.0
repeat_2_fold_1,UBE3C,0.0,0.0,0.0,0.0,0.0,0.00022123893805309214,0.5
repeat_2_fold_1,UBN1,0.0,0.0,0.0,0.0,0.0,-0.0012019230769230727,0.5
repeat_2_fold_1,UCKL1,0.42333783970375727,0.6885248064230965,0.3442624032115483,0.079075436492209,0.5,0.005008012820512803,0.5
repeat_2_fold_1,UCP2,0.0,0.0,0.0,0.0,0.0,0.0,0.0
repeat_2_fold_1,UGGT2,0.0,0.0,0.0,0.0,0.0,0.0,0.0
repeat_2_fold_1,UIMC1,0.003746837743081599,0.007493675486163198,0.003746837743081599,0.0,0.25,0.0002212389380531199,0.5
repeat_2_fold_1,UNKL,0.0,0.0,0.0,0.0,0.0,0.0,0.0
repeat_2_fold_1,UPF1,0.0,0.0,0.0,0.0,0.0,0.0,0.0
repeat_2_fold_1,UQCR11,0.0,0.0,0.0,0.0,0.0,0.0,0.0
repeat_2_fold_1,USP14,0.0,0.0,0.0,0.0,0.0,0.0,0.0
repeat_2_fold_1,USP21,-0.15258011622626988,0.9984952975264402,0.4992476487632201,-0.6518277649894899,0.5,-0.0004424778761061843,1.0
repeat_2_fold_1,UST,0.0,0.0,0.0,0.0,0.0,0.0,0.0
repeat_2_fold_1,UTP20,-0.36010502824487567,0.34501441499385577,0.17250720749692788,-0.5326122357418035,0.0,-0.002182607215793053,1.0
repeat_2_fold_1,UTP3,0.0,0.0,0.0,0.0,0.0,0.0,0.0
repeat_2_fold_1,VANGL1,0.0,0.0,0.0,0.0,0.0,0.0,0.0
repeat_2_fold_1,VHL,0.0,0.0,0.0,0.0,0.0,0.0,0.0
repeat_2_fold_1,VNN1,0.0,0.0,0.0,0.0,0.0,0.0,0.0
repeat_2_fold_1,VPS16,0.025295416121359438,0.02920863061386094,0.01460431530693047,0.010691100814428967,0.5,-0.0015486725663716727,0.5
repeat_2_fold_1,VPS33A,0.0,0.0,0.0,0.0,0.0,0.0,0.0
repeat_2_fold_1,VPS35L,0.0,0.0,0.0,0.0,0.0,0.0,0.0
repeat_2_fold_1,WAC,0.0,0.0,0.0,0.0,0.0,0.0,0.0
repeat_2_fold_1,WASF3,-0.15334346420007883,0.18147868562291383,0.09073934281145692,-0.24408280701153573,0.0,-0.0024038461538461453,0.5
repeat_2_fold_1,WASL,0.0,0.0,0.0,0.0,0.0,0.0,0.0
repeat_2_fold_1,WDR3,0.0,0.0,0.0,0.0,0.0,0.0,0.0
repeat_2_fold_1,WDR46,0.2900036396913812,0.3750499182556377,0.18752495912781886,0.10247868056356235,0.75,0.0015816456773315168,1.0
repeat_2_fold_1,WFS1,0.0,0.0,0.0,0.0,0.0,0.0,0.0
repeat_2_fold_1,WLS,0.0,0.0,0.0,0.0,0.0,0.0,0.0
repeat_2_fold_1,WNT1,0.0,0.0,0.0,0.0,0.0,0.0,0.0
repeat_2_fold_1,WNT5A,0.0,0.0,0.0,0.0,0.0,0.0,0.0
repeat_2_fold_1,WT1,0.0,0.0,0.0,0.0,0.0,0.0,0.0
repeat_2_fold_1,XBP1,0.0,0.0,0.0,0.0,0.0,0.0,0.0
repeat_2_fold_1,YAF2,-0.13782401131993538,0.15914546007271743,0.07957273003635872,-0.2173967413562941,0.0,0.0,0.5
repeat_2_fold_1,YBX1,0.0,0.0,0.0,0.0,0.0,0.0,0.0
repeat_2_fold_1,YTHDC1,0.0,0.0,0.0,0.0,0.0,0.0,0.0
repeat_2_fold_1,YWHAB,-0.11666602180638641,0.23333204361277282,0.11666602180638641,-0.23333204361277282,0.0,-0.0005800431132289563,1.0
repeat_2_fold_1,ZBED1,0.0,0.0,0.0,0.0,0.0,-0.0004424778761061843,0.5
repeat_2_fold_1,ZDHHC3,0.0,0.0,0.0,0.0,0.0,0.0,0.0
repeat_2_fold_1,ZEB1,-0.5917606368775346,0.4564160667283004,0.2282080333641502,-0.8199686702416847,0.0,0.0002003205128205121,1.0
repeat_2_fold_1,ZKSCAN5,0.0,0.0,0.0,0.0,0.0,0.0,0.0
repeat_2_fold_1,ZNF135,0.0,0.0,0.0,0.0,0.0,0.0,0.0
repeat_2_fold_1,ZNF14,0.0,0.0,0.0,0.0,0.0,0.0,0.0
repeat_2_fold_1,ZNF248,0.11142146698813704,0.43090541808964317,0.21545270904482158,-0.10403124205668454,0.25,0.004311322895393738,1.0
repeat_2_fold_1,ZNF268,0.0,0.0,0.0,0.0,0.0,0.0,0.0
repeat_2_fold_1,ZNF3,0.0,0.0,0.0,0.0,0.0,0.0,0.0
repeat_2_fold_1,ZNF304,0.24575694363182343,0.5473446591455189,0.27367232957275944,-0.02791538594093601,0.25,-0.0024456830043113054,1.0
repeat_2_fold_1,ZNF335,0.010454115128823105,0.02090823025764621,0.010454115128823105,0.0,0.25,-0.0006637168141592764,0.5
repeat_2_fold_1,ZNF442,0.0,0.0,0.0,0.0,0.0,0.0,0.0
repeat_2_fold_1,ZNF544,0.0,0.0,0.0,0.0,0.0,0.0,0.0
repeat_2_fold_1,ZNF552,0.0,0.0,0.0,0.0,0.0,0.0,0.0
repeat_2_fold_1,ZNF665,0.0,0.0,0.0,0.0,0.0,0.0,0.0
repeat_2_fold_1,ZNF717,0.0,0.0,0.0,0.0,0.0,0.0,0.0
repeat_2_fold_1,ZNF749,0.0,0.0,0.0,0.0,0.0,0.0,0.0
repeat_2_fold_2,A1CF,0.0,0.0,0.0,0.0,0.0,0.0,0.0
repeat_2_fold_2,A2M,0.0,0.0,0.0,0.0,0.0,0.0,0.0
repeat_2_fold_2,A4GALT,0.0,0.0,0.0,0.0,0.0,0.0,0.0
repeat_2_fold_2,A4GNT,0.0,0.0,0.0,0.0,0.0,0.0,0.0
repeat_2_fold_2,AAAS,0.0,0.0,0.0,0.0,0.0,0.0,0.0
repeat_2_fold_2,AACS,0.0,0.0,0.0,0.0,0.0,0.0,0.0
repeat_2_fold_2,AADAC,0.0,0.0,0.0,0.0,0.0,0.0,0.0
repeat_2_fold_2,AAK1,-0.19374029595901554,0.39284076192339107,0.19642038096169553,-0.3901606769207111,0.25,-0.0024390243902439324,0.5
repeat_2_fold_2,AAMP,0.0,0.0,0.0,0.0,0.0,0.0,0.0
repeat_2_fold_2,AANAT,0.0,0.0,0.0,0.0,0.0,0.0,0.0
repeat_2_fold_2,AARS1,0.0,0.0,0.0,0.0,0.0,0.0,0.0
repeat_2_fold_2,AASDHPPT,0.0,0.0,0.0,0.0,0.0,0.0,0.0
repeat_2_fold_2,AASS,0.0,0.0,0.0,0.0,0.0,0.0,0.0
repeat_2_fold_2,AATF,0.0,0.0,0.0,0.0,0.0,0.0,0.0
repeat_2_fold_2,ABAT,-0.1575497171176341,0.27215121265749265,0.13607560632874632,-0.2936253234463804,0.0,-0.0016297178700264148,1.0
repeat_2_fold_2,ABCA12,0.0,0.0,0.0,0.0,0.0,0.0,0.0
repeat_2_fold_2,ABCA2,0.0,0.0,0.0,0.0,0.0,0.0,0.0
repeat_2_fold_2,ABCA3,0.0,0.0,0.0,0.0,0.0,0.0,0.0
repeat_2_fold_2,ABCA4,0.0,0.0,0.0,0.0,0.0,0.0,0.0
repeat_2_fold_2,ABCA5,0.0,0.0,0.0,0.0,0.0,0.0,0.0
repeat_2_fold_2,ABCA6,0.0,0.0,0.0,0.0,0.0,0.0,0.0
repeat_2_fold_2,ABCA8,0.0,0.0,0.0,0.0,0.0,0.0,0.0
repeat_2_fold_2,ABCB1,0.0,0.0,0.0,0.0,0.0,0.0,0.0
repeat_2_fold_2,ABCB11,0.0,0.0,0.0,0.0,0.0,0.0,0.0
repeat_2_fold_2,ABCB4,0.0,0.0,0.0,0.0,0.0,0.0,0.0
repeat_2_fold_2,ABCB6,0.0,0.0,0.0,0.0,0.0,0.0,0.0
repeat_2_fold_2,ABCB7,0.0,0.0,0.0,0.0,0.0,0.0,0.0
repeat_2_fold_2,ABCB8,0.0,0.0,0.0,0.0,0.0,0.0,0.0
repeat_2_fold_2,ABCB9,0.0,0.0,0.0,0.0,0.0,0.0,0.0
repeat_2_fold_2,ABCC1,0.0,0.0,0.0,0.0,0.0,0.0,0.0
repeat_2_fold_2,ABCC10,0.0,0.0,0.0,0.0,0.0,0.0,0.0
repeat_2_fold_2,ABCC2,0.0,0.0,0.0,0.0,0.0,0.0,0.0
repeat_2_fold_2,ABCC3,0.0,0.0,0.0,0.0,0.0,0.0,0.0
repeat_2_fold_2,ABCC4,0.0,0.0,0.0,0.0,0.0,0.0,0.0
repeat_2_fold_2,ABCC5,0.0,0.0,0.0,0.0,0.0,0.0,0.0
repeat_2_fold_2,ABCC6,0.0,0.0,0.0,0.0,0.0,0.0,0.0
repeat_2_fold_2,ABCC8,0.0,0.0,0.0,0.0,0.0,0.0,0.0
repeat_2_fold_2,ABCC9,0.0,0.0,0.0,0.0,0.0,0.0,0.0
repeat_2_fold_2,ABCD1,0.0,0.0,0.0,0.0,0.0,0.0,0.0
repeat_2_fold_2,ABCD2,0.0,0.0,0.0,0.0,0.0,0.0,0.0
repeat_2_fold_2,ABCD3,0.0,0.0,0.0,0.0,0.0,0.0,0.0
repeat_2_fold_2,ABCD4,0.0,0.0,0.0,0.0,0.0,0.0,0.0
repeat_2_fold_2,ABCE1,0.0,0.0,0.0,0.0,0.0,0.0,0.0
repeat_2_fold_2,ABCF1,0.0,0.0,0.0,0.0,0.0,0.0,0.0
repeat_2_fold_2,ABCF2,0.0,0.0,0.0,0.0,0.0,0.0,0.0
repeat_2_fold_2,ABCG1,0.0,0.0,0.0,0.0,0.0,0.0,0.0
repeat_2_fold_2,ABCG2,0.0,0.0,0.0,0.0,0.0,0.0,0.0
repeat_2_fold_2,ABCG4,0.0,0.0,0.0,0.0,0.0,0.0,0.0
repeat_2_fold_2,ABCG5,0.0,0.0,0.0,0.0,0.0,0.0,0.0
repeat_2_fold_2,ABHD17B,0.0,0.0,0.0,0.0,0.0,0.0,0.0
repeat_2_fold_2,ABHD3,0.0,0.0,0.0,0.0,0.0,0.0,0.0
repeat_2_fold_2,ABHD5,0.0,0.0,0.0,0.0,0.0,0.0,0.0
repeat_2_fold_2,ABHD6,0.0,0.0,0.0,0.0,0.0,0.0,0.0
repeat_2_fold_2,ABI1,0.0,0.0,0.0,0.0,0.0,0.0,0.0
repeat_2_fold_2,ABI2,0.0,0.0,0.0,0.0,0.0,0.0,0.0
repeat_2_fold_2,ABL1,0.0,0.0,0.0,0.0,0.0,0.0,0.0
repeat_2_fold_2,ABL2,0.0,0.0,0.0,0.0,0.0,0.0,0.0
repeat_2_fold_2,ABLIM1,0.0,0.0,0.0,0.0,0.0,0.0,0.0
repeat_2_fold_2,ABLIM3,0.0,0.0,0.0,0.0,0.0,0.0,0.0
repeat_2_fold_2,ABR,0.0,0.0,0.0,0.0,0.0,0.0,0.0
repeat_2_fold_2,ABRAXAS2,0.0,0.0,0.0,0.0,0.0,0.0,0.0
repeat_2_fold_2,ACAA1,0.0,0.0,0.0,0.0,0.0,0.0,0.0
repeat_2_fold_2,ACAA2,0.0,0.0,0.0,0.0,0.0,0.0,0.0
repeat_2_fold_2,ACACA,0.0,0.0,0.0,0.0,0.0,0.0,0.0
repeat_2_fold_2,ACACB,0.0,0.0,0.0,0.0,0.0,0.0,0.0
repeat_2_fold_2,ACAD10,0.0,0.0,0.0,0.0,0.0,0.0,0.0
repeat_2_fold_2,ACAD8,0.0,0.0,0.0,0.0,0.0,0.0,0.0
repeat_2_fold_2,ACADL,0.0,0.0,0.0,0.0,0.0,0.0,0.0
repeat_2_fold_2,ACADM,0.0,0.0,0.0,0.0,0.0,0.0,0.0
repeat_2_fold_2,ACADS,0.0,0.0,0.0,0.0,0.0,0.0,0.0
repeat_2_fold_2,ACADSB,0.0,0.0,0.0,0.0,0.0,0.0,0.0
repeat_2_fold_2,ACADVL,0.3101048002291531,0.4224992486572287,0.21124962432861435,0.09885517590053874,0.5,0.00020325203252030688,0.5
repeat_2_fold_2,ACAN,0.0,0.0,0.0,0.0,0.0,0.0,0.0
repeat_2_fold_2,ACAT1,0.0,0.0,0.0,0.0,0.0,0.0,0.0
repeat_2_fold_2,ACAT2,0.0,0.0,0.0,0.0,0.0,0.0,0.0
repeat_2_fold_2,ACBD3,0.0,0.0,0.0,0.0,0.0,0.0,0.0
repeat_2_fold_2,ACD,0.0,0.0,0.0,0.0,0.0,0.0,0.0
repeat_2_fold_2,ACE,0.0,0.0,0.0,0.0,0.0,0.0,0.0
repeat_2_fold_2,ACE2,0.0,0.0,0.0,0.0,0.0,0.0,0.0
repeat_2_fold_2,ACHE,0.0,0.0,0.0,0.0,0.0,0.0,0.0
repeat_2_fold_2,ACIN1,0.0,0.0,0.0,0.0,0.0,0.0,0.0
repeat_2_fold_2,ACKR1,0.0,0.0,0.0,0.0,0.0,0.0,0.0
repeat_2_fold_2,ACKR2,0.0,0.0,0.0,0.0,0.0,0.0,0.0
repeat_2_fold_2,ACKR3,0.0,0.0,0.0,0.0,0.0,0.0,0.0
repeat_2_fold_2,ACKR4,0.0,0.0,0.0,0.0,0.0,0.0,0.0
repeat_2_fold_2,ACLY,0.0,0.0,0.0,0.0,0.0,0.0,0.0
repeat_2_fold_2,ACO1,0.0,0.0,0.0,0.0,0.0,0.0,0.0
repeat_2_fold_2,ACO2,0.0,0.0,0.0,0.0,0.0,0.0,0.0
repeat_2_fold_2,ACOT11,0.0,0.0,0.0,0.0,0.0,0.0,0.0
repeat_2_fold_2,ACOT13,0.0,0.0,0.0,0.0,0.0,0.0,0.0
repeat_2_fold_2,ACOT2,0.0,0.0,0.0,0.0,0.0,0.0,0.0
repeat_2_fold_2,ACOT7,0.0,0.0,0.0,0.0,0.0,0.0,0.0
repeat_2_fold_2,ACOT8,0.0,0.0,0.0,0.0,0.0,0.0,0.0
repeat_2_fold_2,ACOT9,0.0,0.0,0.0,0.0,0.0,0.0,0.0
repeat_2_fold_2,ACOX1,0.0,0.0,0.0,0.0,0.0,0.0,0.0
repeat_2_fold_2,ACOX2,0.0,0.0,0.0,0.0,0.0,0.0,0.0
repeat_2_fold_2,ACOX3,0.0,0.0,0.0,0.0,0.0,0.0,0.0
repeat_2_fold_2,ACOXL,0.0,0.0,0.0,0.0,0.0,0.0,0.0
repeat_2_fold_2,ACP3,0.0,0.0,0.0,0.0,0.0,0.0,0.0
repeat_2_fold_2,ACP5,0.08184778344348409,0.1817374991368611,0.09086874956843055,-0.009020966124946461,0.5,0.0018403731222742248,1.0
repeat_2_fold_2,ACP6,0.0,0.0,0.0,0.0,0.0,0.0,0.0
repeat_2_fold_2,ACR,0.0,0.0,0.0,0.0,0.0,0.0,0.0
repeat_2_fold_2,ACSBG1,0.0,0.0,0.0,0.0,0.0,0.0,0.0
repeat_2_fold_2,ACSF2,0.0,0.0,0.0,0.0,0.0,0.0,0.0
repeat_2_fold_2,ACSL1,0.0,0.0,0.0,0.0,0.0,0.0,0.0
repeat_2_fold_2,ACSL4,0.0,0.0,0.0,0.0,0.0,0.0,0.0
repeat_2_fold_2,ACSL5,0.0,0.0,0.0,0.0,0.0,0.0,0.0
repeat_2_fold_2,ACSL6,0.0,0.0,0.0,0.0,0.0,0.0,0.0
repeat_2_fold_2,ACSM1,0.0,0.0,0.0,0.0,0.0,0.0,0.0
repeat_2_fold_2,ACSM3,0.0,0.0,0.0,0.0,0.0,0.0,0.0
repeat_2_fold_2,ACSM5,0.0,0.0,0.0,0.0,0.0,0.0,0.0
repeat_2_fold_2,ACSS3,0.0,0.0,0.0,0.0,0.0,0.0,0.0
repeat_2_fold_2,ACTA1,0.0,0.0,0.0,0.0,0.0,0.0,0.0
repeat_2_fold_2,ACTA2,0.0,0.0,0.0,0.0,0.0,0.0,0.0
repeat_2_fold_2,ACTB,0.0,0.0,0.0,0.0,0.0,0.0,0.0
repeat_2_fold_2,ACTC1,0.0,0.0,0.0,0.0,0.0,0.0,0.0
repeat_2_fold_2,ACTG1,0.0,0.0,0.0,0.0,0.0,0.0,0.0
repeat_2_fold_2,ACTG2,0.0,0.0,0.0,0.0,0.0,0.0,0.0
repeat_2_fold_2,ACTL6A,0.0,0.0,0.0,0.0,0.0,0.0,0.0
repeat_2_fold_2,ACTL6B,0.0,0.0,0.0,0.0,0.0,0.0,0.0
repeat_2_fold_2,ACTN1,0.0,0.0,0.0,0.0,0.0,0.0,0.0
repeat_2_fold_2,ACTN2,0.0,0.0,0.0,0.0,0.0,0.0,0.0
repeat_2_fold_2,ACTN3,0.0,0.0,0.0,0.0,0.0,0.0,0.0
repeat_2_fold_2,ACTN4,0.0,0.0,0.0,0.0,0.0,0.0,0.0
repeat_2_fold_2,ACTR10,0.0,0.0,0.0,0.0,0.0,0.0,0.0
repeat_2_fold_2,ACTR1A,0.0,0.0,0.0,0.0,0.0,0.0,0.0
repeat_2_fold_2,ACTR1B,0.0,0.0,0.0,0.0,0.0,0.0,0.0
repeat_2_fold_2,ACTR2,0.0,0.0,0.0,0.0,0.0,0.0,0.0
repeat_2_fold_2,ACTR3,0.0,0.0,0.0,0.0,0.0,0.0,0.0
repeat_2_fold_2,ACTR5,0.0,0.0,0.0,0.0,0.0,0.0,0.0
repeat_2_fold_2,ACTR8,0.0,0.0,0.0,0.0,0.0,0.0,0.0
repeat_2_fold_2,ACVR1B,0.0,0.0,0.0,0.0,0.0,0.0,0.0
repeat_2_fold_2,ACVR2A,0.0,0.0,0.0,0.0,0.0,0.0,0.0
repeat_2_fold_2,ACVR2B,0.0,0.0,0.0,0.0,0.0,0.0,0.0
repeat_2_fold_2,ACVRL1,0.0,0.0,0.0,0.0,0.0,0.0,0.0
repeat_2_fold_2,ACY1,0.0,0.0,0.0,0.0,0.0,0.0,0.0
repeat_2_fold_2,ADA,0.0,0.0,0.0,0.0,0.0,0.0,0.0
repeat_2_fold_2,ADA2,0.0,0.0,0.0,0.0,0.0,0.0,0.0
repeat_2_fold_2,ADAM10,-0.5024198651426506,0.8778112448931759,0.43890562244658793,-0.9413254875892385,0.0,-0.00020695364238410008,0.5
repeat_2_fold_2,ADAM11,0.0,0.0,0.0,0.0,0.0,0.0,0.0
repeat_2_fold_2,ADAM12,0.0,0.0,0.0,0.0,0.0,0.0,0.0
repeat_2_fold_2,ADAM15,0.0,0.0,0.0,0.0,0.0,0.0,0.0
repeat_2_fold_2,ADAM17,0.0,0.0,0.0,0.0,0.0,0.0,0.0
repeat_2_fold_2,ADAM19,0.0,0.0,0.0,0.0,0.0,0.0,0.0
repeat_2_fold_2,ADAM2,0.0,0.0,0.0,0.0,0.0,0.0,0.0
repeat_2_fold_2,ADAM20,0.0,0.0,0.0,0.0,0.0,0.0,0.0
repeat_2_fold_2,ADAM21,0.0,0.0,0.0,0.0,0.0,0.0,0.0
repeat_2_fold_2,ADAM22,0.0,0.0,0.0,0.0,0.0,0.0,0.0
repeat_2_fold_2,ADAM23,0.0,0.0,0.0,0.0,0.0,0.0,0.0
repeat_2_fold_2,ADAM30,0.0,0.0,0.0,0.0,0.0,0.0,0.0
repeat_2_fold_2,ADAM8,0.0,0.0,0.0,0.0,0.0,0.0,0.0
repeat_2_fold_2,ADAM9,0.0,0.0,0.0,0.0,0.0,0.0,0.0
repeat_2_fold_2,ADAMTS1,-0.4291703879013262,0.4978267292117083,0.24891336460585414,-0.6780837525071803,0.0,0.000813008130081283,0.5
repeat_2_fold_2,ADAMTS12,0.0,0.0,0.0,0.0,0.0,0.0,0.0
repeat_2_fold_2,ADAMTS13,0.0,0.0,0.0,0.0,0.0,0.0,0.0
repeat_2_fold_2,ADAMTS2,0.0,0.0,0.0,0.0,0.0,0.0,0.0
repeat_2_fold_2,ADAMTS20,0.0,0.0,0.0,0.0,0.0,0.0,0.0
repeat_2_fold_2,ADAMTS3,0.0,0.0,0.0,0.0,0.0,0.0,0.0
repeat_2_fold_2,ADAMTS5,0.0,0.0,0.0,0.0,0.0,0.0,0.0
repeat_2_fold_2,ADAMTS6,0.04496531102772572,0.08993062205545144,0.04496531102772572,0.0,0.25,0.0008278145695364003,0.5
repeat_2_fold_2,ADAMTS7,0.0,0.0,0.0,0.0,0.0,0.0,0.0
repeat_2_fold_2,ADAMTS8,0.0,0.0,0.0,0.0,0.0,0.0,0.0
repeat_2_fold_2,ADAMTS9,0.0,0.0,0.0,0.0,0.0,0.0,0.0
repeat_2_fold_2,ADAMTSL2,0.0,0.0,0.0,0.0,0.0,0.0,0.0
repeat_2_fold_2,ADAMTSL3,0.0,0.0,0.0,0.0,0.0,0.0,0.0
repeat_2_fold_2,ADAMTSL4,0.0,0.0,0.0,0.0,0.0,0.0,0.0
repeat_2_fold_2,ADAR,0.0,0.0,0.0,0.0,0.0,0.0,0.0
repeat_2_fold_2,ADARB1,0.0,0.0,0.0,0.0,0.0,0.0,0.0
repeat_2_fold_2,ADAT1,0.0,0.0,0.0,0.0,0.0,0.0,0.0
repeat_2_fold_2,ADCY1,0.0,0.0,0.0,0.0,0.0,0.0,0.0
repeat_2_fold_2,ADCY2,0.0,0.0,0.0,0.0,0.0,0.0,0.0
repeat_2_fold_2,ADCY3,0.0,0.0,0.0,0.0,0.0,0.0,0.0
repeat_2_fold_2,ADCY6,0.0,0.0,0.0,0.0,0.0,0.0,0.0
repeat_2_fold_2,ADCY7,0.0,0.0,0.0,0.0,0.0,0.0,0.0
repeat_2_fold_2,ADCY8,0.0,0.0,0.0,0.0,0.0,0.0,0.0
repeat_2_fold_2,ADCY9,0.0,0.0,0.0,0.0,0.0,0.0,0.0
repeat_2_fold_2,ADCYAP1,0.0,0.0,0.0,0.0,0.0,0.0,0.0
repeat_2_fold_2,ADCYAP1R1,0.0,0.0,0.0,0.0,0.0,0.0,0.0
repeat_2_fold_2,ADD1,0.0,0.0,0.0,0.0,0.0,0.0,0.0
repeat_2_fold_2,ADD3,0.0,0.0,0.0,0.0,0.0,0.0,0.0
repeat_2_fold_2,ADGRE1,0.0,0.0,0.0,0.0,0.0,0.0,0.0
repeat_2_fold_2,ADGRE2,0.0,0.0,0.0,0.0,0.0,0.0,0.0
repeat_2_fold_2,ADGRE3,0.0,0.0,0.0,0.0,0.0,0.0,0.0
repeat_2_fold_2,ADGRE5,0.0,0.0,0.0,0.0,0.0,0.0,0.0
repeat_2_fold_2,ADGRF5,0.0,0.0,0.0,0.0,0.0,0.0,0.0
repeat_2_fold_2,ADGRG3,0.0,0.0,0.0,0.0,0.0,0.0,0.0
repeat_2_fold_2,ADGRG6,0.0,0.0,0.0,0.0,0.0,0.0,0.0
repeat_2_fold_2,ADGRV1,0.0,0.0,0.0,0.0,0.0,0.0,0.0
repeat_2_fold_2,ADH1A,0.0,0.0,0.0,0.0,0.0,0.0,0.0
repeat_2_fold_2,ADH1B,0.0,0.0,0.0,0.0,0.0,0.0,0.0
repeat_2_fold_2,ADH1C,0.0,0.0,0.0,0.0,0.0,0.0,0.0
repeat_2_fold_2,ADH5,0.0,0.0,0.0,0.0,0.0,0.0,0.0
repeat_2_fold_2,ADH6,0.0,0.0,0.0,0.0,0.0,0.0,0.0
repeat_2_fold_2,ADH7,0.0,0.0,0.0,0.0,0.0,0.0,0.0
repeat_2_fold_2,ADORA2A,0.0,0.0,0.0,0.0,0.0,0.0,0.0
repeat_2_fold_2,AGBL2,-0.42745227583526635,0.6451803521879428,0.3225901760939714,-0.7500424519292377,0.0,-0.000816709739945104,1.0
repeat_2_fold_2,AGO3,0.0,0.0,0.0,0.0,0.0,0.0,0.0
repeat_2_fold_2,AGPAT1,0.0,0.0,0.0,0.0,0.0,0.0,0.0
repeat_2_fold_2,AKAP10,0.0,0.0,0.0,0.0,0.0,0.0,0.0
repeat_2_fold_2,AKR1D1,0.0,0.0,0.0,0.0,0.0,0.0,0.0
repeat_2_fold_2,ALAD,-0.815772858257926,0.7915358556885127,0.39576792784425635,-1.2115407861021823,0.0,0.0014375706670973765,1.0
repeat_2_fold_2,ALDH7A1,0.0,0.0,0.0,0.0,0.0,0.0,0.0
repeat_2_fold_2,ALG13,0.014203578523586557,0.0287647294551111,0.01438236472755555,-0.00017878620396899296,0.25,-0.001422764227642287,0.5
repeat_2_fold_2,ALG9,0.0820572956798653,0.09561993035433454,0.04780996517716727,0.034247330502698035,0.5,-0.00021805847197547967,1.0
repeat_2_fold_2,ALOX12,-0.08954459943375959,0.10340719330764715,0.051703596653823576,-0.14124819608758316,0.0,-0.000406504065040697,1.0
repeat_2_fold_2,AMBN,0.0,0.0,0.0,0.0,0.0,0.0,0.0
repeat_2_fold_2,AMH,-0.07948262016065044,0.0935019502771886,0.0467509751385943,-0.12623359529924474,0.0,-0.00040650406504066927,0.5
repeat_2_fold_2,AMPD3,0.0,0.0,0.0,0.0,0.0,0.0,0.0
repeat_2_fold_2,ANKH,0.0,0.0,0.0,0.0,0.0,0.0,0.0
repeat_2_fold_2,ANKLE2,-0.2954980425314879,1.086971046159297,0.5434855230796485,-0.8389835656111364,0.5,0.009712014752597808,1.0
repeat_2_fold_2,ANKRD27,0.12550925252016754,0.1449256014566149,0.07246280072830745,0.053046451791860086,0.5,0.0014486754966887283,0.5
repeat_2_fold_2,AP2M1,0.0,0.0,0.0,0.0,0.0,0.0,0.0
repeat_2_fold_2,AP3S1,0.0,0.0,0.0,0.0,0.0,0.0,0.0
repeat_2_fold_2,APBA2,-0.04433206780763044,0.08866413561526088,0.04433206780763044,-0.08866413561526088,0.0,-0.00020695364238410008,0.5
repeat_2_fold_2,APCS,0.0,0.0,0.0,0.0,0.0,0.0,0.0
repeat_2_fold_2,AQP5,0.0,0.0,0.0,0.0,0.0,0.0,0.0
repeat_2_fold_2,ARF1,0.0,0.0,0.0,0.0,0.0,0.0,0.0
repeat_2_fold_2,ARF3,0.0,0.0,0.0,0.0,0.0,0.0,0.0
repeat_2_fold_2,ARFGAP1,-0.02847992279178513,0.032885782180673805,0.016442891090336902,-0.044922813882122034,0.0,0.00020695364238410008,0.5
repeat_2_fold_2,ARHGAP24,0.0,0.0,0.0,0.0,0.0,0.0,0.0
repeat_2_fold_2,ARHGAP44,0.0,0.0,0.0,0.0,0.0,0.0,0.0
repeat_2_fold_2,ARHGDIB,0.6254859098299566,0.8770970819636589,0.43854854098182944,0.18693736884812712,0.5,0.0028492300651483116,1.0
repeat_2_fold_2,ARHGEF18,0.0,0.0,0.0,0.0,0.0,0.0,0.0
repeat_2_fold_2,ARL1,0.04496531102772572,0.08993062205545144,0.04496531102772572,0.0,0.25,0.00041390728476820016,0.5
repeat_2_fold_2,ARMC8,0.0,0.0,0.0,0.0,0.0,0.0,0.0
repeat_2_fold_2,ARPC4,-0.17118354260820112,0.22852063846225587,0.11426031923112794,-0.28544386183932907,0.0,0.0018292682926829007,0.5
repeat_2_fold_2,ART3,0.0,0.0,0.0,0.0,0.0,0.0,0.0
repeat_2_fold_2,ART4,0.0,0.0,0.0,0.0,0.0,0.0,0.0
repeat_2_fold_2,ASB9,0.0,0.0,0.0,0.0,0.0,0.0,0.0
repeat_2_fold_2,ASCC1,0.10107464151655954,0.11755068977400773,0.058775344887003866,0.04229929662955567,0.5,0.0006097560975609484,0.5
repeat_2_fold_2,ASCC2,0.0,0.0,0.0,0.0,0.0,0.0008278145695364003,0.5
repeat_2_fold_2,ASCL1,0.0,0.0,0.0,0.0,0.0,0.0,0.0
repeat_2_fold_2,ATF2,0.0,0.0,0.0,0.0,0.0,0.0,0.0
repeat_2_fold_2,ATF7IP,-0.014239961395892564,0.02847992279178513,0.014239961395892564,-0.02847992279178513,0.0,-0.00020695364238410008,0.5
repeat_2_fold_2,ATP10D,0.025284013733665844,0.2710236173369097,0.13551180866845486,-0.11022779493478901,0.25,-0.0008130081300813385,0.5
repeat_2_fold_2,ATP11B,-0.9338066925224346,1.078284155761163,0.5391420778805815,-1.4729487704030162,0.0,0.0016556291390728284,0.5
repeat_2_fold_2,ATP1A1,0.0,0.0,0.0,0.0,0.0,0.0,0.0
repeat_2_fold_2,ATP2C1,0.0,0.0,0.0,0.0,0.0,0.0,0.0
repeat_2_fold_2,ATP5MC3,0.0,0.0,0.0,0.0,0.0,0.0,0.0
repeat_2_fold_2,ATP5PF,-0.04433206780763044,0.08866413561526088,0.04433206780763044,-0.08866413561526088,0.0,-0.0008278145695364281,0.5
repeat_2_fold_2,ATP6V0D1,-0.024809670400717465,0.23119578760665563,0.11559789380332781,-0.14040756420404527,0.25,0.00040650406504061376,0.5
repeat_2_fold_2,ATP6V1A,0.0,0.0,0.0,0.0,0.0,0.0,0.0
repeat_2_fold_2,ATP6V1H,0.0,0.0,0.0,0.0,0.0,0.0,0.0
repeat_2_fold_2,ATP8B2,0.0,0.0,0.0,0.0,0.0,0.0,0.0
repeat_2_fold_2,AURKA,0.0,0.0,0.0,0.0,0.0,0.0008278145695364003,0.5
repeat_2_fold_2,AURKB,-0.4793451666746744,0.5633803680479074,0.2816901840239537,-0.761035350698628,0.0,-0.00020325203252033464,0.5
repeat_2_fold_2,AXL,0.0,0.0,0.0,0.0,0.0,0.0,0.0
repeat_2_fold_2,B9D2,0.0,0.0,0.0,0.0,0.0,0.0,0.0
repeat_2_fold_2,BCL2A1,-0.19502590778284024,0.25612630930659497,0.12806315465329748,-0.3230890624361377,0.0,-0.001422764227642287,0.5
repeat_2_fold_2,BEX3,0.0,0.0,0.0,0.0,0.0,0.0,0.0
repeat_2_fold_2,BIN1,0.0,0.0,0.0,0.0,0.0,0.0,0.0
repeat_2_fold_2,BLTP3B,0.0,0.0,0.0,0.0,0.0,0.0,0.0
repeat_2_fold_2,BMP4,0.0,0.0,0.0,0.0,0.0,0.0,0.0
repeat_2_fold_2,BMS1,-0.19236781501778566,0.1718249938646709,0.08591249693233545,-0.2782803119501211,0.0,-7.4032197275863965e-06,1.0
repeat_2_fold_2,BPHL,0.0,0.0,0.0,0.0,0.0,0.0,0.0
repeat_2_fold_2,BUB1,-0.46764063059572436,0.8134132352516638,0.4067066176258319,-0.8743472482215562,0.0,-0.001448675496688756,0.5
repeat_2_fold_2,BUD31,0.0,0.0,0.0,0.0,0.0,0.0,0.0
repeat_2_fold_2,C1QA,-0.404282160453306,0.5076991166841253,0.25384955834206263,-0.6581317187953686,0.0,0.0016260162601625938,0.5
repeat_2_fold_2,C2CD5,-0.04369882458753338,0.08909429957053036,0.04454714978526518,-0.08824597437279856,0.25,0.00020695364238410008,0.5
repeat_2_fold_2,C2orf49,0.04496531102772572,0.08993062205545144,0.04496531102772572,0.0,0.25,0.0010347682119205281,0.5
repeat_2_fold_2,C4BPB,0.0,0.0,0.0,0.0,0.0,0.0,0.0
repeat_2_fold_2,CA2,-0.2523723740472157,0.5435893818690833,0.27179469093454167,-0.5241670649817574,0.25,0.004268292682926805,0.5
repeat_2_fold_2,CA6,-0.30845053724300797,0.3562461104871162,0.1781230552435581,-0.48657359248656606,0.0,-0.002845528455284574,0.5
repeat_2_fold_2,CACNA2D1,0.08080313361538316,0.09591268224169176,0.04795634112084588,0.03284679249453728,0.5,-0.000620860927152328,0.5
repeat_2_fold_2,CAPN15,0.0,0.0,0.0,0.0,0.0,0.0,0.0
repeat_2_fold_2,CATSPER2,-0.035984665552302175,0.07354177838700551,0.03677088919350276,-0.07275555474580493,0.25,0.0006208609271522725,1.0
repeat_2_fold_2,CATSPERG,0.0,0.0,0.0,0.0,0.0,0.0,0.0
repeat_2_fold_2,CAVIN1,0.0,0.0,0.0,0.0,0.0,0.0,0.0
repeat_2_fold_2,CBS,-0.028785236853028806,0.057570473706057605,0.028785236853028803,-0.05757047370605761,0.0,0.00040650406504061376,0.5
repeat_2_fold_2,CBX1,0.1339657722773815,0.18291912994656,0.09145956497328,0.042506207304101484,0.5,0.0014227642276422592,0.5
repeat_2_fold_2,CBX6,0.0,0.0,0.0,0.0,0.0,0.0,0.0
repeat_2_fold_2,CCKAR,0.0,0.0,0.0,0.0,0.0,0.0,0.0
repeat_2_fold_2,CCL27,0.0,0.0,0.0,0.0,0.0,0.0,0.0
repeat_2_fold_2,CCND3,0.0,0.0,0.0,0.0,0.0,0.0,0.0
repeat_2_fold_2,CCR1,0.0,0.0,0.0,0.0,0.0,0.0,0.0
repeat_2_fold_2,CCR3,0.0,0.0,0.0,0.0,0.0,0.0,0.0
repeat_2_fold_2,CCZ1,0.06338786948018083,0.12509278934102175,0.06254639467051087,0.0008414748096699509,0.5,-0.0008278145695364281,0.5
repeat_2_fold_2,CD14,-0.45489473805552194,0.589323617045598,0.294661808522799,-0.7495565465783209,0.0,0.0004065040650406415,0.5
repeat_2_fold_2,CD36,-0.2238102771270576,0.3209075586332011,0.16045377931660054,-0.38426405644365813,0.0,0.00020325203252030688,0.5
repeat_2_fold_2,CD3D,0.0,0.0,0.0,0.0,0.0,0.0,0.0
repeat_2_fold_2,CD44,-0.10268791584767634,0.120905603199261,0.0604528015996305,-0.16314071744730685,0.0,-0.001422764227642287,0.5
repeat_2_fold_2,CD59,0.0,0.0,0.0,0.0,0.0,0.0,0.0
repeat_2_fold_2,CDC16,0.0,0.0,0.0,0.0,0.0,0.0,0.0
repeat_2_fold_2,CDC25A,0.0,0.0,0.0,0.0,0.0,0.0,0.0
repeat_2_fold_2,CDC37,0.0,0.0,0.0,0.0,0.0,0.0,0.0
repeat_2_fold_2,CDC42BPA,0.014337254023935486,0.028674508047870972,0.014337254023935486,0.0,0.25,0.0,0.5
repeat_2_fold_2,CDH12,-0.2155551150517674,0.28820017445966,0.14410008722983,-0.3596552022815974,0.0,0.0004065040650406415,0.5
repeat_2_fold_2,CDKN1C,0.0,0.0,0.0,0.0,0.0,0.0,0.0
repeat_2_fold_2,CDKN2C,0.0,0.0,0.0,0.0,0.0,0.0,0.0
repeat_2_fold_2,CEACAM8,0.5005543901161147,0.5780340367168649,0.28901701835843246,0.21153737175768222,0.5,0.0,0.5
repeat_2_fold_2,CENPE,0.0,0.0,0.0,0.0,0.0,0.0,0.0
repeat_2_fold_2,CENPS,0.0,0.0,0.0,0.0,0.0,0.0,0.0
repeat_2_fold_2,CERK,-0.16133808009873007,0.18825839015002221,0.09412919507501111,-0.2554672751737412,0.0,-0.0006097560975610039,0.5
repeat_2_fold_2,CERS6,0.0,0.0,0.0,0.0,0.0,0.0,0.0
repeat_2_fold_2,CFHR2,0.0,0.0,0.0,0.0,0.0,0.0,0.0
repeat_2_fold_2,CHD9,0.0,0.0,0.0,0.0,0.0,0.0,0.0
repeat_2_fold_2,CHEK1,0.0,0.0,0.0,0.0,0.0,0.0,0.0
repeat_2_fold_2,CHRNA5,0.3342310281901728,0.4698614688522426,0.2349307344261213,0.0993002937640515,0.5,0.002439024390243877,0.5
repeat_2_fold_2,CHRNB4,0.5668127875396305,0.8800863947577978,0.4400431973788989,0.12676959016073158,0.5,0.0014338690572335833,1.0
repeat_2_fold_2,CHRNE,0.0,0.0,0.0,0.0,0.0,0.0,0.0
repeat_2_fold_2,CHST10,0.0,0.0,0.0,0.0,0.0,0.0,0.0
repeat_2_fold_2,CHST11,0.0,0.0,0.0,0.0,0.0,0.0,0.0
repeat_2_fold_2,CHTOP,-0.15199683152125942,0.24449358112950595,0.12224679056475297,-0.2742436220860124,0.0,-0.00121951219512198,0.5
repeat_2_fold_2,CLCN6,0.0,0.0,0.0,0.0,0.0,0.0,0.0
repeat_2_fold_2,CLDN17,0.0,0.0,0.0,0.0,0.0,0.0,0.0
repeat_2_fold_2,CLDN8,-1.0187558971501502,1.176357982916316,0.588178991458158,-1.6069348886083081,0.0,0.00041390728476820016,0.5
repeat_2_fold_2,CLEC10A,0.0,0.0,0.0,0.0,0.0,0.0,0.0
repeat_2_fold_2,CLEC2B,0.0,0.0,0.0,0.0,0.0,0.0,0.0
repeat_2_fold_2,CLIC2,0.0,0.0,0.0,0.0,0.0,0.0,0.0
repeat_2_fold_2,CLIC5,0.0,0.0,0.0,0.0,0.0,0.0,0.0
repeat_2_fold_2,CLPP,-0.197124285376864,0.2803075684072069,0.14015378420360344,-0.33727806958046747,0.0,0.00020325203252030688,0.5
repeat_2_fold_2,CMKLR1,-0.05802619496982686,0.08362141764454555,0.04181070882227277,-0.09983690379209964,0.0,0.0012417218543046282,0.5
repeat_2_fold_2,CMTM6,-0.014239961395892564,0.02847992279178513,0.014239961395892564,-0.02847992279178513,0.0,-0.0004139072847682279,0.5
repeat_2_fold_2,CNDP2,0.0,0.0,0.0,0.0,0.0,0.0,0.0
repeat_2_fold_2,CNGA1,0.0,0.0,0.0,0.0,0.0,0.0,0.0
repeat_2_fold_2,CNIH3,-0.04793388644162633,0.19019514619065117,0.09509757309532559,-0.1430314595369519,0.25,-0.0008130081300813108,0.5
repeat_2_fold_2,COL14A1,0.0,0.0,0.0,0.0,0.0,0.0,0.0
repeat_2_fold_2,COL2A1,-0.9787720035501568,1.1320730591432218,0.5660365295716109,-1.5448085331217678,0.0,0.000620860927152328,0.5
repeat_2_fold_2,COL4A1,0.0,0.0,0.0,0.0,0.0,0.00020695364238410008,0.5
repeat_2_fold_2,COL4A5,0.0,0.0,0.0,0.0,0.0,0.0,0.0
repeat_2_fold_2,COL4A6,0.0,0.0,0.0,0.0,0.0,0.0,0.0
repeat_2_fold_2,COMMD3,0.0,0.0,0.0,0.0,0.0,0.0,0.0
repeat_2_fold_2,COPG1,-0.08898805279078204,0.10278134420621798,0.05139067210310899,-0.14037872489389103,0.0,0.0014227642276422592,0.5
repeat_2_fold_2,COX4I1,0.0,0.0,0.0,0.0,0.0,0.0,0.0
repeat_2_fold_2,COX5B,0.0,0.0,0.0,0.0,0.0,0.0,0.0
repeat_2_fold_2,CPD,0.0,0.0,0.0,0.0,0.0,0.0,0.5
repeat_2_fold_2,CRTC3,0.0,0.0,0.0,0.0,0.0,0.0,0.0
repeat_2_fold_2,CRYM,0.0,0.0,0.0,0.0,0.0,0.0,0.0
repeat_2_fold_2,CSAD,0.0,0.0,0.0,0.0,0.0,0.0,0.0
repeat_2_fold_2,CSF2,0.0,0.0,0.0,0.0,0.0,0.0,0.0
repeat_2_fold_2,CSGALNACT1,0.0,0.0,0.0,0.0,0.0,0.0,0.0
repeat_2_fold_2,CSN3,0.0,0.0,0.0,0.0,0.0,0.0,0.0
repeat_2_fold_2,CSNK1A1,0.0,0.0,0.0,0.0,0.0,0.0,0.0
repeat_2_fold_2,CSNK2A1,-0.058572029203523,0.08360025790717046,0.04180012895358523,-0.10037215815710823,0.0,-0.0008278145695364558,0.5
repeat_2_fold_2,CTBP1,0.0,0.0,0.0,0.0,0.0,0.0,0.0
repeat_2_fold_2,CTBP2,0.0,0.0,0.0,0.0,0.0,0.0,0.0
repeat_2_fold_2,CTR9,0.0,0.0,0.0,0.0,0.0,0.0,0.0
repeat_2_fold_2,CTSB,0.0,0.0,0.0,0.0,0.0,0.0,0.0
repeat_2_fold_2,CTSC,-0.239996956794851,0.27761248817207135,0.13880624408603567,-0.3788032008808867,0.0,0.0032520325203251876,0.5
repeat_2_fold_2,CTSD,0.0,0.0,0.0,0.0,0.0,0.0,0.0
repeat_2_fold_2,CX3CR1,-0.3684807745811334,0.4468458958236947,0.22342294791184736,-0.5919037224929807,0.0,0.0018292682926829285,0.5
repeat_2_fold_2,CXCL11,-0.21330231020464474,0.34138936893929606,0.17069468446964803,-0.38399699467429277,0.0,0.0016260162601625938,0.5
repeat_2_fold_2,CXCR1,0.0,0.0,0.0,0.0,0.0,0.0,0.0
repeat_2_fold_2,CXCR6,0.09347997589191337,0.2265301736094001,0.11326508680470004,-0.019785110912786674,0.25,-0.00020695364238410008,0.5
repeat_2_fold_2,CYB5R3,0.0,0.0,0.0,0.0,0.0,0.0,0.0
repeat_2_fold_2,CYP26B1,0.0120444427939006,0.4568023255134899,0.22840116275674496,-0.21635671996284436,0.25,0.0014227642276422592,0.5
repeat_2_fold_2,CYP2F1,0.0,0.0,0.0,0.0,0.0,0.0,0.0
repeat_2_fold_2,CYP51A1,-0.9744238293425234,1.1274942504880736,0.5637471252440368,-1.53817095458656,0.0,-0.0012417218543046282,0.5
repeat_2_fold_2,DACT1,0.036842247495014746,0.12768602636793766,0.06384301318396883,-0.027000765688954084,0.5,1.1104829591324084e-05,1.0
repeat_2_fold_2,DAPK2,0.0,0.0,0.0,0.0,0.0,0.0,0.0
repeat_2_fold_2,DBI,0.0,0.0,0.0,0.0,0.0,0.0,0.0
repeat_2_fold_2,DBP,0.0,0.0,0.0,0.0,0.0,0.0,0.0
repeat_2_fold_2,DBT,-0.28305956693441203,0.3527471224574395,0.17637356122871975,-0.45943312816313175,0.0,0.00101626016260159,0.5
repeat_2_fold_2,DCAF11,0.0,0.0,0.0,0.0,0.0,0.0,0.0
repeat_2_fold_2,DCAF16,0.08993062205545144,0.10384293770421077,0.051921468852105385,0.03800915320334605,0.5,0.00041390728476820016,0.5
repeat_2_fold_2,DCAF8,0.0,0.0,0.0,0.0,0.0,0.0,0.0
repeat_2_fold_2,DCC,0.0,0.0,0.0,0.0,0.0,0.0,0.0
repeat_2_fold_2,DEFB126,0.0,0.0,0.0,0.0,0.0,0.0,0.0
repeat_2_fold_2,DELE1,0.0,0.0,0.0,0.0,0.0,0.0,0.0
repeat_2_fold_2,DENND3,0.0,0.0,0.0,0.0,0.0,0.0,0.0
repeat_2_fold_2,DGKA,0.022884501129224688,0.15161637536557823,0.07580818768278912,-0.05292368655356443,0.25,0.000813008130081283,0.5
repeat_2_fold_2,DGKZ,-0.04433206780763044,0.08866413561526088,0.04433206780763044,-0.08866413561526088,0.0,0.0020695364238410563,0.5
repeat_2_fold_2,DHRS9,0.0,0.0,0.0,0.0,0.0,0.0,0.0
repeat_2_fold_2,DHX38,0.0,0.0,0.0,0.0,0.0,0.0,0.0
repeat_2_fold_2,DHX8,0.0,0.0,0.0,0.0,0.0,0.0,0.0
repeat_2_fold_2,DIAPH2,0.0,0.0,0.0,0.0,0.0,0.0,0.0
repeat_2_fold_2,DNAJC13,0.045598554247822776,0.0895164239804965,0.04475821199024825,0.0008403422575745251,0.5,0.00020695364238410008,0.5
repeat_2_fold_2,DNMT3B,0.0,0.0,0.0,0.0,0.0,0.0,0.0
repeat_2_fold_2,DRD4,0.0,0.0,0.0,0.0,0.0,0.0,0.0
repeat_2_fold_2,DRG1,0.0,0.0,0.0,0.0,0.0,0.0,0.0
repeat_2_fold_2,DSG2,0.0,0.0,0.0,0.0,0.0,0.0,0.0
repeat_2_fold_2,DSPP,0.0,0.0,0.0,0.0,0.0,0.0,0.0
repeat_2_fold_2,DTX2,0.0,0.0,0.0,0.0,0.0,0.0,0.0
repeat_2_fold_2,DTX4,0.015194565404078375,0.03038913080815675,0.015194565404078375,0.0,0.25,-0.002276490066225184,0.5
repeat_2_fold_2,DTYMK,0.0,0.0,0.0,0.0,0.0,0.0,0.0
repeat_2_fold_2,DYNC1LI1,0.0,0.0,0.0,0.0,0.0,0.0,0.0
repeat_2_fold_2,DYNLL1,0.0,0.0,0.0,0.0,0.0,0.0,0.0
repeat_2_fold_2,E2F5,0.0,0.0,0.0,0.0,0.0,0.0,0.0
repeat_2_fold_2,ECHS1,-0.49243413509184464,0.9487020746551245,0.47435103732756223,-0.9667851724194069,0.0,0.0008278145695364003,0.5
repeat_2_fold_2,EDC3,0.0,0.0,0.0,0.0,0.0,0.0,0.0
repeat_2_fold_2,EDNRB,-0.34460186691319805,0.511906668890827,0.2559533344454135,-0.6005552013586115,0.25,0.0026422764227642115,1.0
repeat_2_fold_2,EEA1,0.03374020703218328,0.7349690050952482,0.3674845025476241,-0.3337442955154408,0.25,0.0010347682119205281,0.5
repeat_2_fold_2,EEF1A2,-0.08743140768359581,0.16507167124664074,0.08253583562332037,-0.16996724330691618,0.0,-0.0016260162601626216,0.5
repeat_2_fold_2,EFNA3,-0.06781310755674141,0.07842092082588634,0.03921046041294317,-0.10702356796968458,0.0,0.00020325203252030688,0.5
repeat_2_fold_2,EFNB3,0.08993062205545144,0.10384293770421077,0.051921468852105385,0.03800915320334605,0.5,0.0006208609271523002,0.5
repeat_2_fold_2,EGFR,0.0,0.0,0.0,0.0,0.0,0.0,0.0
repeat_2_fold_2,EGLN1,0.0,0.0,0.0,0.0,0.0,0.0,0.0
repeat_2_fold_2,EIF2AK2,0.0,0.0,0.0,0.0,0.0,0.0,0.0
repeat_2_fold_2,EIF2B2,-0.08322654975363442,0.16645309950726883,0.08322654975363442,-0.16645309950726883,0.0,-0.00020325203252033464,0.5
repeat_2_fold_2,EIF2S3,0.0,0.0,0.0,0.0,0.0,0.0,0.0
repeat_2_fold_2,EIF3L,0.0,0.0,0.0,0.0,0.0,0.0,0.0
repeat_2_fold_2,EIF4G2,0.0,0.0,0.0,0.0,0.0,0.0,0.0
repeat_2_fold_2,ELF1,0.0,0.0,0.0,0.0,0.0,0.0,0.0
repeat_2_fold_2,ELOB,0.0,0.0,0.0,0.0,0.0,0.0,0.0
repeat_2_fold_2,ELP5,0.0,0.0,0.0,0.0,0.0,0.0,0.0
repeat_2_fold_2,EMID1,-0.10654988162036005,0.1467462302642854,0.0733731151321427,-0.17992299675250276,0.0,-0.0014227642276423147,0.5
repeat_2_fold_2,EMILIN1,0.032964964499699434,0.1073165860619437,0.05365829303097185,-0.02069332853127242,0.25,-0.000620860927152328,0.5
repeat_2_fold_2,EPB41L2,0.0,0.0,0.0,0.0,0.0,0.0,0.0
repeat_2_fold_2,EPHA3,0.0,0.0,0.0,0.0,0.0,0.0,0.0
repeat_2_fold_2,EPRS1,0.0,0.0,0.0,0.0,0.0,0.0,0.0
repeat_2_fold_2,ERBIN,0.0,0.0,0.0,0.0,0.0,0.0,0.0
repeat_2_fold_2,ESRRB,0.0,0.0,0.0,0.0,0.0,0.0,0.0
repeat_2_fold_2,EXOSC1,0.0,0.0,0.0,0.0,0.0,0.0,0.0
repeat_2_fold_2,EXOSC2,0.0,0.0,0.0,0.0,0.0,0.0,0.0
repeat_2_fold_2,EXOSC8,0.0,0.0,0.0,0.0,0.0,0.0,0.0
repeat_2_fold_2,F2R,0.0,0.0,0.0,0.0,0.0,0.0,0.0
repeat_2_fold_2,F5,0.0,0.0,0.0,0.0,0.0,0.0,0.0
repeat_2_fold_2,FABP1,0.0,0.0,0.0,0.0,0.0,0.0,0.0
repeat_2_fold_2,FABP3,0.0,0.0,0.0,0.0,0.0,0.0,0.0
repeat_2_fold_2,FADS2,0.0,0.0,0.0,0.0,0.0,0.0,0.0
repeat_2_fold_2,FAF2,0.0,0.0,0.0,0.0,0.0,0.00020695364238407232,0.5
repeat_2_fold_2,FANCI,0.0,0.0,0.0,0.0,0.0,0.0,0.0
repeat_2_fold_2,FBXO11,-0.021985215816226145,0.5792688615001207,0.28963443075006035,-0.3116196465662865,0.25,0.0026533812523555356,1.0
repeat_2_fold_2,FBXO31,-0.02273420661586556,0.026251200618965104,0.013125600309482552,-0.03585980692534811,0.0,-2.7755575615628914e-17,0.5
repeat_2_fold_2,FBXW11,0.0,0.0,0.0,0.0,0.0,0.0,0.0
repeat_2_fold_2,FBXW7,-0.3027812019474112,0.37860613491538,0.18930306745769,-0.4920842694051012,0.0,-0.00020325203252033464,0.5
repeat_2_fold_2,FCN1,0.0012664864401941145,0.0014624125743421658,0.0007312062871710829,0.0005352801530230316,0.5,0.0012417218543046005,0.5
repeat_2_fold_2,FDPS,0.0,0.0,0.0,0.0,0.0,0.0,0.0
repeat_2_fold_2,FECH,-0.09814341801258308,0.20031444344172436,0.10015722172086218,-0.19830063973344525,0.25,0.00040650406504061376,0.5
repeat_2_fold_2,FER,0.0,0.0,0.0,0.0,0.0,0.0,0.0
repeat_2_fold_2,FERMT2,0.04496531102772572,0.08993062205545144,0.04496531102772572,0.0,0.25,-0.001448675496688756,0.5
repeat_2_fold_2,FGF7,0.0,0.0,0.0,0.0,0.0,0.0006208609271523002,0.5
repeat_2_fold_2,FLRT2,0.0,0.0,0.0,0.0,0.0,0.0,0.0
repeat_2_fold_2,FMO1,0.0,0.0,0.0,0.0,0.0,0.0,0.0
repeat_2_fold_2,FMOD,-0.07239828030084716,0.14479656060169432,0.07239828030084716,-0.14479656060169432,0.0,0.00101626016260159,0.5
repeat_2_fold_2,FNBP1,0.0,0.0,0.0,0.0,0.0,0.0,0.0
repeat_2_fold_2,FOLR1,0.0,0.0,0.0,0.0,0.0,0.00020695364238410008,0.5
repeat_2_fold_2,FOXA2,-0.43208091626775413,0.9540953985915449,0.47704769929577245,-0.9091286155635265,0.25,0.00041390728476820016,0.5
repeat_2_fold_2,FOXO1,0.0,0.0,0.0,0.0,0.0,0.0,0.0
repeat_2_fold_2,FSCN1,0.0,0.0,0.0,0.0,0.0,0.0,0.0
repeat_2_fold_2,FSHR,-0.27576758548388725,0.414979896195212,0.207489948097606,-0.48325753358149326,0.0,-0.0006097560975610039,0.5
repeat_2_fold_2,FST,0.2638104700663657,0.19437876299647533,0.09718938149823766,0.16662108856812805,0.75,-0.0010458730415119077,1.0
repeat_2_fold_2,FTCD,-0.04369882458753338,0.08909429957053036,0.04454714978526518,-0.08824597437279856,0.25,0.0006208609271523002,0.5
repeat_2_fold_2,FUS,-0.1166825099694595,0.14760611608996535,0.07380305804498268,-0.19048556801444216,0.0,0.003872893447477488,1.0
repeat_2_fold_2,FUT9,0.0,0.0,0.0,0.0,0.0,0.0,0.0
repeat_2_fold_2,FYB1,0.0,0.0,0.0,0.0,0.0,0.0,0.0
repeat_2_fold_2,FZD4,0.0,0.0,0.0,0.0,0.0,0.0,0.0
repeat_2_fold_2,FZD5,0.0,0.0,0.0,0.0,0.0,0.0,0.0
repeat_2_fold_2,G3BP1,0.0,0.0,0.0,0.0,0.0,0.0,0.0
repeat_2_fold_2,GABPB1,0.0,0.0,0.0,0.0,0.0,0.0,0.0
repeat_2_fold_2,GAPVD1,0.04496531102772572,0.08993062205545144,0.04496531102772572,0.0,0.25,-0.00020695364238410008,0.5
repeat_2_fold_2,GAS2,0.0,0.0,0.0,0.0,0.0,0.0,0.0
repeat_2_fold_2,GBP1,0.0,0.0,0.0,0.0,0.0,0.0,0.0
repeat_2_fold_2,GC,0.0,0.0,0.0,0.0,0.0,0.0,0.0
repeat_2_fold_2,GDF5,0.0,0.0,0.0,0.0,0.0,0.0,0.0
repeat_2_fold_2,GDNF,0.0,0.0,0.0,0.0,0.0,0.0,0.0
repeat_2_fold_2,GFER,0.0,0.0,0.0,0.0,0.0,0.0,0.0
repeat_2_fold_2,GFM1,0.0,0.0,0.0,0.0,0.0,0.0,0.0
repeat_2_fold_2,GFRA2,-0.05328037110589534,0.21888835557364208,0.10944417778682104,-0.16272454889271637,0.5,0.0002180584719753964,1.0
repeat_2_fold_2,GINS4,0.0,0.0,0.0,0.0,0.0,0.0,0.0
repeat_2_fold_2,GJA5,0.0,0.0,0.0,0.0,0.0,0.0,0.0
repeat_2_fold_2,GJA9,0.0,0.0,0.0,0.0,0.0,0.0,0.0
repeat_2_fold_2,GLB1,0.0,0.0,0.0,0.0,0.0,0.0,0.0
repeat_2_fold_2,GMPR,0.0,0.0,0.0,0.0,0.0,0.0,0.0
repeat_2_fold_2,GNAI3,0.0,0.0,0.0,0.0,0.0,0.0,0.0
repeat_2_fold_2,GNG12,0.0,0.0,0.0,0.0,0.0,0.0,0.0
repeat_2_fold_2,GNG5,0.030725349631833154,0.10298592574074124,0.05149296287037062,-0.020767613238537465,0.25,0.0008278145695364003,0.5
repeat_2_fold_2,GNPDA1,0.0,0.0,0.0,0.0,0.0,0.0,0.0
repeat_2_fold_2,GOSR1,0.0,0.0,0.0,0.0,0.0,0.0,0.0
repeat_2_fold_2,GPC4,0.0,0.0,0.0,0.0,0.0,0.0,0.0
repeat_2_fold_2,GPR32,-0.07932729703331098,0.17650974724782278,0.08825487362391139,-0.16758217065722236,0.5,-0.0003953992354493452,1.0
repeat_2_fold_2,GRB2,0.0,0.0,0.0,0.0,0.0,0.0,0.0
repeat_2_fold_2,GRM1,0.0,0.0,0.0,0.0,0.0,0.0,0.0
repeat_2_fold_2,GRPR,0.028814953627650297,0.057629907255300594,0.028814953627650297,0.0,0.25,0.00020325203252030688,0.5
repeat_2_fold_2,GSPT1,0.0,0.0,0.0,0.0,0.0,0.0,0.0
repeat_2_fold_2,GSS,0.0,0.0,0.0,0.0,0.0,0.0,0.0
repeat_2_fold_2,GSTA2,0.0,0.0,0.0,0.0,0.0,0.0,0.0
repeat_2_fold_2,GTF2H3,-0.0005474736278294756,0.0010949472556589512,0.0005474736278294756,-0.0010949472556589512,0.0,0.0014005545684595555,1.0
repeat_2_fold_2,GUCY1A1,-0.07281199059941912,0.11094893989129243,0.05547446994564621,-0.12828646054506532,0.0,0.0,0.5
repeat_2_fold_2,GYPA,0.0,0.0,0.0,0.0,0.0,0.0,0.0
repeat_2_fold_2,GZMB,0.0,0.0,0.0,0.0,0.0,0.0,0.0
repeat_2_fold_2,H2AC14,0.045598554247822776,0.0895164239804965,0.04475821199024825,0.0008403422575745251,0.5,0.0008278145695364003,0.5
repeat_2_fold_2,H2AC25,-0.07281199059941912,0.11094893989129243,0.05547446994564621,-0.12828646054506532,0.0,0.00041390728476820016,0.5
repeat_2_fold_2,H2AC4,0.0,0.0,0.0,0.0,0.0,0.0,0.0
repeat_2_fold_2,H2AC6,-0.2928456882463166,0.9220994845490178,0.4610497422745089,-0.7538954305208255,0.25,-0.005081300813008144,0.5
repeat_2_fold_2,H2AZ1,0.0,0.0,0.0,0.0,0.0,0.0,0.0
repeat_2_fold_2,H2BC12L,-0.249138877759,0.29175254578719917,0.14587627289359958,-0.3950151506525996,0.0,-0.00020325203252033464,0.5
repeat_2_fold_2,H2BC21,-1.3078036566822515,1.5617558268481126,0.7808779134240563,-2.0886815701063077,0.0,-0.007113821138211379,0.5
repeat_2_fold_2,H2BC3,-0.3691638969723918,1.0125435857969611,0.5062717928984806,-0.8754356898708724,0.5,0.00325203252032516,1.0
repeat_2_fold_2,H2BC5,0.0,0.0,0.0,0.0,0.0,0.0,0.0
repeat_2_fold_2,H2BC6,-0.9420741201955014,1.088959251392441,0.5444796256962205,-1.486553745891722,0.0,-0.005284552845528451,0.5
repeat_2_fold_2,H2BC7,0.0038205427532833625,0.016820524918279425,0.008410262459139712,-0.00458971970585635,0.25,-0.0006097560975610039,0.5
repeat_2_fold_2,H2BC9,-0.7832771569730976,1.0758063068242794,0.5379031534121397,-1.3211803103852373,0.0,0.000813008130081283,0.5
repeat_2_fold_2,H3-3B,-0.47874000792964466,0.9213242687621249,0.46066213438106246,-0.9394021423107071,0.0,0.00020695364238410008,0.5
repeat_2_fold_2,H3C1,0.0,0.0,0.0,0.0,0.0,0.0,0.0
repeat_2_fold_2,H3C3,-0.1810302626770408,0.3255087040258288,0.1627543520129144,-0.34378461468995525,0.0,0.0032520325203251876,0.5
repeat_2_fold_2,H4C6,0.0,0.0,0.0,0.0,0.0,0.0,0.0
repeat_2_fold_2,HACD1,0.0,0.0,0.0,0.0,0.0,0.0,0.0
repeat_2_fold_2,HACD2,0.0,0.0,0.0,0.0,0.0,0.0,0.0
repeat_2_fold_2,HCRTR2,0.0,0.0,0.0,0.0,0.0,0.0,0.0
repeat_2_fold_2,HDAC3,-0.5336036929420693,0.9085380047600992,0.4542690023800496,-0.9878726953221189,0.5,0.0007982016906261657,1.0
repeat_2_fold_2,HDAC7,0.0,0.0,0.0,0.0,0.0,0.0,0.0
repeat_2_fold_2,HDC,0.08673214322963219,0.2136212028677679,0.10681060143388395,-0.020078458204251762,0.25,0.002235772357723542,0.5
repeat_2_fold_2,HEPH,0.0,0.0,0.0,0.0,0.0,0.0010347682119205004,0.5
repeat_2_fold_2,HEXA,0.0,0.0,0.0,0.0,0.0,0.0,0.0
repeat_2_fold_2,HGFAC,0.0,0.0,0.0,0.0,0.0,0.0,0.0
repeat_2_fold_2,HGSNAT,0.0,0.0,0.0,0.0,0.0,0.0,0.0
repeat_2_fold_2,HK2,0.0,0.0,0.0,0.0,0.0,0.0,0.0
repeat_2_fold_2,HLA-A,-0.10040985169709238,0.23395438257360987,0.11697719128680494,-0.21738704298389733,0.25,0.0032520325203251876,0.5
repeat_2_fold_2,HLA-B,0.0,0.0,0.0,0.0,0.0,0.0,0.0
repeat_2_fold_2,HLA-DMA,-0.18732582685733945,0.21634746791405318,0.10817373395702659,-0.295499560814366,0.0,0.00223577235772357,0.5
repeat_2_fold_2,HLA-DQB1,-0.014239961395892564,0.02847992279178513,0.014239961395892564,-0.02847992279178513,0.0,0.0006208609271523002,0.5
repeat_2_fold_2,HLA-DRB5,0.0,0.0,0.0,0.0,0.0,0.0,0.0
repeat_2_fold_2,HMOX1,-0.2207576791998882,0.28013461255510413,0.14006730627755207,-0.36082498547744024,0.0,0.0006097560975609762,0.5
repeat_2_fold_2,HNRNPL,0.0,0.0,0.0,0.0,0.0,0.0,0.0
repeat_2_fold_2,HOMER1,0.094409851791184,0.1090151066915855,0.05450755334579275,0.03990229844539125,0.5,0.00041390728476820016,0.5
repeat_2_fold_2,HPRT1,0.0,0.0,0.0,0.0,0.0,0.0,0.0
repeat_2_fold_2,HRC,-0.7077325857847541,0.962189457024597,0.4810947285122985,-1.1888273142970527,0.0,0.0006208609271523002,0.5
repeat_2_fold_2,HS3ST3B1,-0.19423499444115855,0.2801622023508959,0.14008110117544795,-0.33431609561660647,0.0,0.002845528455284546,0.5
repeat_2_fold_2,HS6ST1,0.0,0.0,0.0,0.0,0.0,0.0,0.0
repeat_2_fold_2,HSD17B7,0.07234585383007897,0.1392350419885937,0.06961752099429686,0.00272833283578211,0.5,-0.001618613040435063,1.0
repeat_2_fold_2,HSPA2,0.0,0.0,0.0,0.0,0.0,0.0,0.0
repeat_2_fold_2,HSPA4L,0.0,0.0,0.0,0.0,0.0,-0.00020695364238410008,0.5
repeat_2_fold_2,HSPB8,0.0,0.0,0.0,0.0,0.0,0.0,0.0
repeat_2_fold_2,HSPD1,0.0,0.0,0.0,0.0,0.0,0.0006208609271523002,0.5
repeat_2_fold_2,HTR1B,0.0,0.0,0.0,0.0,0.0,0.0,0.0
repeat_2_fold_2,HTR4,-0.7002904696174301,0.9202656469915496,0.4601328234957748,-1.160423293113205,0.25,-0.0026718893016745016,1.0
repeat_2_fold_2,HTR7,-0.1050659282605757,0.1578627953682405,0.07893139768412025,-0.18399732594469595,0.0,0.0048780487804877815,0.5
repeat_2_fold_2,HTRA1,-0.13307552486256746,0.24442020055111943,0.12221010027555972,-0.2552856251381272,0.0,-0.0022357723577235977,0.5
repeat_2_fold_2,ID1,0.0,0.0,0.0,0.0,0.0,0.0,0.0
repeat_2_fold_2,IFI27,0.0,0.0,0.0,0.0,0.0,0.0,0.0
repeat_2_fold_2,IFI44L,0.03617211080904603,0.38987609734659073,0.19493804867329537,-0.15876593786424933,0.25,0.0018292682926829007,0.5
repeat_2_fold_2,IFIT3,-0.1286943802574143,0.2741092255163867,0.13705461275819336,-0.26574899301560767,0.25,0.0004065040650406415,0.5
repeat_2_fold_2,IFNAR1,-0.6429856424888154,0.7466979661459026,0.3733489830729513,-1.0163346255617667,0.0,0.0034552845528455223,0.5
repeat_2_fold_2,IFNAR2,0.0,0.0,0.0,0.0,0.0,0.0,0.0
repeat_2_fold_2,IFT20,0.0,0.0,0.0,0.0,0.0,0.0,0.0
repeat_2_fold_2,IFT70A,0.0,0.0,0.0,0.0,0.0,0.0,0.0
repeat_2_fold_2,IGF2,0.0,0.0,0.0,0.0,0.0,0.0,0.0
repeat_2_fold_2,IGLC2,0.0,0.0,0.0,0.0,0.0,0.0,0.0
repeat_2_fold_2,IL12RB2,0.3517527718631701,0.41585568290563485,0.20792784145281742,0.14382493041035269,0.5,-0.00040650406504066927,1.0
repeat_2_fold_2,IL16,0.0,0.0,0.0,0.0,0.0,0.0,0.0
repeat_2_fold_2,IL17RA,0.0,0.0,0.0,0.0,0.0,0.0,0.0
repeat_2_fold_2,IL32,0.0,0.0,0.0,0.0,0.0,0.0,0.0
repeat_2_fold_2,IL7R,0.0,0.0,0.0,0.0,0.0,0.0,0.0
repeat_2_fold_2,IMPA1,0.0,0.0,0.0,0.0,0.0,0.0,0.0
repeat_2_fold_2,INCENP,0.0,0.0,0.0,0.0,0.0,0.0,0.0
repeat_2_fold_2,INHBE,-0.30221484507742247,1.077771864940869,0.5388859324704345,-0.841100777547857,0.5,0.002431621170516318,1.0
repeat_2_fold_2,INPP1,0.0,0.0,0.0,0.0,0.0,0.0,0.0
repeat_2_fold_2,INPP5F,-0.3106925485149308,1.0438468260029068,0.5219234130014534,-0.8326159615163842,0.5,0.00023656652129430689,1.0
repeat_2_fold_2,INSR,0.0,0.0,0.0,0.0,0.0,0.0,0.0
repeat_2_fold_2,INTS3,0.0,0.0,0.0,0.0,0.0,0.0,0.0
repeat_2_fold_2,INTS6,-0.05802619496982686,0.11605238993965372,0.05802619496982686,-0.11605238993965372,0.0,-0.0022764900662251564,0.5
repeat_2_fold_2,IP6K2,0.0,0.0,0.0,0.0,0.0,0.0,0.0
repeat_2_fold_2,IQGAP2,0.0,0.0,0.0,0.0,0.0,0.0,0.0
repeat_2_fold_2,IRF2,0.0,0.0,0.0,0.0,0.0,0.0,0.0
repeat_2_fold_2,ISG15,0.0,0.0,0.0,0.0,0.0,0.0,0.0
repeat_2_fold_2,ITGA3,0.0,0.0,0.0,0.0,0.0,0.0,0.0
repeat_2_fold_2,ITGB2,0.0,0.0,0.0,0.0,0.0,0.0,0.0
repeat_2_fold_2,ITGBL1,0.0,0.0,0.0,0.0,0.0,0.0,0.0
repeat_2_fold_2,JAM2,-0.2668543310665221,0.30942921705230936,0.15471460852615468,-0.42156893959267683,0.0,0.0016260162601625938,0.5
repeat_2_fold_2,JMJD4,0.0,0.0,0.0,0.0,0.0,0.0,0.0
repeat_2_fold_2,JUNB,0.07343462779652299,0.12534861315541143,0.06267430657770572,0.010760321218817273,0.5,-0.0003991008453131384,1.0
repeat_2_fold_2,KAT8,0.0,0.0,0.0,0.0,0.0,0.0,0.0
repeat_2_fold_2,KCNA3,0.0,0.0,0.0,0.0,0.0,0.0,0.0
repeat_2_fold_2,KCND2,-0.16406935289566427,0.18976158074760732,0.09488079037380366,-0.2589501432694679,0.0,0.00040650406504061376,0.5
repeat_2_fold_2,KCNE1,-0.034942053474484425,0.10754129896845552,0.05377064948422776,-0.08871270295871218,0.25,-0.0034552845528455223,0.5
repeat_2_fold_2,KCNE2,0.0,0.0,0.0,0.0,0.0,0.0,0.0
repeat_2_fold_2,KCNJ6,0.0,0.0,0.0,0.0,0.0,0.0,0.0
repeat_2_fold_2,KCNN3,0.0,0.0,0.0,0.0,0.0,0.0,0.0
repeat_2_fold_2,KCNQ3,-0.18489403328821474,0.23428075990513095,0.11714037995256547,-0.30203441324078023,0.0,0.002671889301674474,1.0
repeat_2_fold_2,KCTD7,-0.13418021619179932,0.26836043238359863,0.13418021619179932,-0.26836043238359863,0.0,-3.7016098637931982e-06,1.0
repeat_2_fold_2,KDM3A,0.0,0.0,0.0,0.0,0.0,0.0,0.0
repeat_2_fold_2,KDM6A,0.0,0.0,0.0,0.0,0.0,0.0,0.0
repeat_2_fold_2,KDM8,0.0319044270856228,0.06213168039626208,0.03106584019813104,0.0008385868874917594,0.5,0.0012417218543046005,0.5
repeat_2_fold_2,KIF23,0.0,0.0,0.0,0.0,0.0,0.0,0.0
repeat_2_fold_2,KIF2C,0.0,0.0,0.0,0.0,0.0,0.0,0.0
repeat_2_fold_2,KIF3C,-0.025607064703825344,0.029938345310165017,0.014969172655082508,-0.04057623735890785,0.0,-0.00041390728476820016,0.5
repeat_2_fold_2,KIRREL1,0.0,0.0,0.0,0.0,0.0,0.0,0.0
repeat_2_fold_2,KMT5A,-0.5959175691109113,0.8990115560489024,0.4495057780244512,-1.0454233471353624,0.0,-0.0045677865719054855,1.0
repeat_2_fold_2,KNL1,0.0,0.0,0.0,0.0,0.0,-0.0012417218543046282,0.5
repeat_2_fold_2,KRT15,0.0,0.0,0.0,0.0,0.0,0.0,0.0
repeat_2_fold_2,KRT75,0.0,0.0,0.0,0.0,0.0,0.0,0.0
repeat_2_fold_2,KRT84,0.0,0.0,0.0,0.0,0.0,0.0,0.0
repeat_2_fold_2,KRT9,0.0,0.0,0.0,0.0,0.0,0.0,0.0
repeat_2_fold_2,KRTAP9-9,-0.04433206780763044,0.08866413561526088,0.04433206780763044,-0.08866413561526088,0.0,0.0,0.5
repeat_2_fold_2,KTN1,-0.15690540646042805,0.45066422103724585,0.22533211051862292,-0.38223751697905095,0.5,0.0063267242771765375,1.0
repeat_2_fold_2,LAMA2,0.0,0.0,0.0,0.0,0.0,0.0,0.0
repeat_2_fold_2,LAMA3,0.0,0.0,0.0,0.0,0.0,0.0,0.0
repeat_2_fold_2,LAMTOR2,0.0,0.0,0.0,0.0,0.0,0.0,0.0
repeat_2_fold_2,LDHC,0.0,0.0,0.0,0.0,0.0,0.0,0.0
repeat_2_fold_2,LDLRAP1,0.0,0.0,0.0,0.0,0.0,0.0,0.0
repeat_2_fold_2,LEF1,0.0,0.0,0.0,0.0,0.0,0.0,0.0
repeat_2_fold_2,LEP,0.0182102999234246,0.07538593587224904,0.03769296793612452,-0.01948266801269992,0.25,0.0010347682119205004,0.5
repeat_2_fold_2,LETM1,0.0,0.0,0.0,0.0,0.0,0.0,0.0
repeat_2_fold_2,LHX1,-0.4485604925315112,0.8595672443005397,0.42978362215026983,-0.878344114681781,0.0,-0.001448675496688756,0.5
repeat_2_fold_2,LIG1,0.0,0.0,0.0,0.0,0.0,0.0,0.0
repeat_2_fold_2,LIN7A,0.0,0.0,0.0,0.0,0.0,0.0,0.0
repeat_2_fold_2,LIPA,0.0,0.0,0.0,0.0,0.0,0.0,0.0
repeat_2_fold_2,LIPC,0.0,0.0,0.0,0.0,0.0,0.0,0.0
repeat_2_fold_2,LOX,0.0,0.0,0.0,0.0,0.0,0.0,0.0
repeat_2_fold_2,LSM4,0.045598554247822776,0.0895164239804965,0.04475821199024825,0.0008403422575745251,0.5,0.0,0.5
repeat_2_fold_2,LSM6,-0.025607064703825344,0.029938345310165017,0.014969172655082508,-0.04057623735890785,0.0,0.0012417218543046282,0.5
repeat_2_fold_2,LSM7,0.0,0.0,0.0,0.0,0.0,0.0,0.0
repeat_2_fold_2,LTBP3,-0.017535327425370895,0.03360951720450109,0.016804758602250544,-0.03434008602762144,0.0,-2.7755575615628914e-17,0.5
repeat_2_fold_2,LTBP4,0.0,0.0,0.0,0.0,0.0,0.0,0.0
repeat_2_fold_2,LYN,0.0,0.0,0.0,0.0,0.0,0.0,0.0
repeat_2_fold_2,MAGI2,0.0,0.0,0.0,0.0,0.0,0.0,0.0
repeat_2_fold_2,MAN2A1,0.0,0.0,0.0,0.0,0.0,0.0,0.0
repeat_2_fold_2,MAP2K6,0.0,0.0,0.0,0.0,0.0,0.0,0.0
repeat_2_fold_2,MAP2K7,-0.06329371524304861,0.12658743048609722,0.06329371524304861,-0.12658743048609722,0.0,0.0,0.5
repeat_2_fold_2,MAP3K3,0.0,0.0,0.0,0.0,0.0,0.0,0.0
repeat_2_fold_2,MAP4K4,0.0,0.0,0.0,0.0,0.0,0.0,0.0
repeat_2_fold_2,MAPKAPK3,0.0,0.0,0.0,0.0,0.0,0.0,0.0
repeat_2_fold_2,MATN4,0.0,0.0,0.0,0.0,0.0,0.0,0.0
repeat_2_fold_2,MCAT,-0.5669202249380394,0.6604627064396311,0.33023135321981556,-0.897151578157855,0.0,0.003048780487804853,0.5
repeat_2_fold_2,MCCC1,0.0,0.0,0.0,0.0,0.0,0.0,0.0
repeat_2_fold_2,MCFD2,0.0,0.0,0.0,0.0,0.0,0.0,0.0
repeat_2_fold_2,MCM10,0.0,0.0,0.0,0.0,0.0,0.0,0.0
repeat_2_fold_2,MCM6,0.0,0.0,0.0,0.0,0.0,0.0,0.0
repeat_2_fold_2,MCRS1,0.0,0.0,0.0,0.0,0.0,0.0,0.0
repeat_2_fold_2,MED23,0.19143918151954864,0.2210549259675061,0.11052746298375304,0.0809117185357956,0.5,0.00041390728476820016,0.5
repeat_2_fold_2,MELTF,0.0,0.0,0.0,0.0,0.0,0.0,0.0
repeat_2_fold_2,MERTK,0.08544415591923027,0.20078454081744496,0.10039227040872248,-0.014948114489492209,0.25,-0.001448675496688756,0.5
repeat_2_fold_2,MFAP4,0.0,0.0,0.0,0.0,0.0,0.0,0.5
repeat_2_fold_2,MGAT2,-0.04521253162612915,0.0904250632522583,0.04521253162612915,-0.0904250632522583,0.0,-0.00040650406504066927,0.5
repeat_2_fold_2,MICB,0.0,0.0,0.0,0.0,0.0,0.0,0.0
repeat_2_fold_2,MIEF1,0.0,0.0,0.0,0.0,0.0,0.0,0.0
repeat_2_fold_2,MIF,-0.2501470702915629,0.4444072983768034,0.2222036491884017,-0.4723507194799646,0.0,-0.00020325203252033464,0.5
repeat_2_fold_2,MIS18A,0.0,0.0,0.0,0.0,0.0,0.0,0.0
repeat_2_fold_2,MKNK1,0.0,0.0,0.0,0.0,0.0,0.0,0.0
repeat_2_fold_2,MKS1,-0.3722996816299915,0.5968331746339954,0.2984165873169977,-0.6707162689469892,0.25,-0.0006504738060625903,1.0
repeat_2_fold_2,MMADHC,0.0,0.0,0.0,0.0,0.0,0.0,0.0
repeat_2_fold_2,MOCS2,0.0,0.0,0.0,0.0,0.0,0.0,0.0
repeat_2_fold_2,MORC2,0.0,0.0,0.0,0.0,0.0,0.0,0.0
repeat_2_fold_2,MPC2,0.03427470346829686,0.10985470120072136,0.05492735060036068,-0.020652647132063814,0.25,0.00041390728476820016,0.5
repeat_2_fold_2,MRPS10,0.0,0.0,0.0,0.0,0.0,0.0,0.0
repeat_2_fold_2,MRPS15,0.08993062205545144,0.10384293770421077,0.051921468852105385,0.03800915320334605,0.5,-0.001034768211920556,0.5
repeat_2_fold_2,MRPS34,0.0,0.0,0.0,0.0,0.0,0.0,0.0
repeat_2_fold_2,MRTFA,0.0,0.0,0.0,0.0,0.0,0.0,0.0
repeat_2_fold_2,MSL1,-0.8629709254227578,0.9994501342789295,0.49972506713946474,-1.3626959925622226,0.0,0.0010347682119205281,0.5
repeat_2_fold_2,MT4,0.0,0.0,0.0,0.0,0.0,0.0,0.0
repeat_2_fold_2,MTAP,0.0,0.0,0.0,0.0,0.0,0.0,0.0
repeat_2_fold_2,MTHFD2,-0.014239961395892564,0.02847992279178513,0.014239961395892564,-0.02847992279178513,0.0,-0.0004139072847682279,0.5
repeat_2_fold_2,MTMR2,0.11671379321468933,0.2711774566256644,0.1355887283128322,-0.018874935098142864,0.25,0.004139072847682113,0.5
repeat_2_fold_2,MYH10,0.0,0.0,0.0,0.0,0.0,0.0,0.0
repeat_2_fold_2,MYH14,0.0,0.0,0.0,0.0,0.0,0.0,0.0
repeat_2_fold_2,MYL7,0.0,0.0,0.0,0.0,0.0,0.0,0.0
repeat_2_fold_2,MYLIP,-0.20031601686191536,0.23538730399792548,0.11769365199896274,-0.3180096688608781,0.0,0.0016260162601625938,0.5
repeat_2_fold_2,NAB1,-0.20887985622599103,0.24219708886284277,0.12109854443142139,-0.3299784006574124,0.0,-0.00020325203252033464,0.5
repeat_2_fold_2,NANOG,0.0,0.0,0.0,0.0,0.0,0.0,0.0
repeat_2_fold_2,NCAPG2,0.0,0.0,0.0,0.0,0.0,0.0,0.0
repeat_2_fold_2,NCKAP1,0.0,0.0,0.0,0.0,0.0,0.0,0.0
repeat_2_fold_2,NCL,0.0,0.0,0.0,0.0,0.0,0.0,0.0
repeat_2_fold_2,NCOR1,0.0,0.0,0.0,0.0,0.0,0.0,0.0
repeat_2_fold_2,NCR3,-0.049977650380677474,0.08770976345182616,0.04385488172591308,-0.09383253210659055,0.0,-0.0006097560975610039,1.0
repeat_2_fold_2,NCSTN,0.0,0.0,0.0,0.0,0.0,0.0,0.0
repeat_2_fold_2,NDUFS6,0.0,0.0,0.0,0.0,0.0,0.0,0.0
repeat_2_fold_2,NDUFV1,0.0,0.0,0.0,0.0,0.0,0.0,0.0
repeat_2_fold_2,NDUFV2,0.0,0.0,0.0,0.0,0.0,0.0,0.0
repeat_2_fold_2,NELFB,0.05478466689551453,0.07628753080244804,0.03814376540122402,0.01664090149429051,0.5,0.00020325203252030688,0.5
repeat_2_fold_2,NEURL1,-0.11105572384594176,0.16470402778917045,0.08235201389458523,-0.193407737740527,0.0,0.0014227642276422592,0.5
repeat_2_fold_2,NFS1,0.05227144514094206,0.47750565129177,0.238752825645885,-0.18648138050494292,0.25,0.006097560975609748,0.5
repeat_2_fold_2,NFU1,0.0,0.0,0.0,0.0,0.0,0.0,0.0
repeat_2_fold_2,NGLY1,0.0,0.0,0.0,0.0,0.0,0.0,0.0
repeat_2_fold_2,NHERF4,0.0006332432200970572,0.0012664864401941145,0.0006332432200970572,0.0,0.25,-0.001034768211920556,0.5
repeat_2_fold_2,NIPA2,0.0,0.0,0.0,0.0,0.0,0.0,0.0
repeat_2_fold_2,NKX2-5,0.0,0.0,0.0,0.0,0.0,0.0,0.0
repeat_2_fold_2,NLGN4Y,0.0,0.0,0.0,0.0,0.0,0.0,0.0
repeat_2_fold_2,NMU,0.0,0.0,0.0,0.0,0.0,0.0,0.0
repeat_2_fold_2,NOX4,-0.027794089647416698,0.05233883405146002,0.02616941702573001,-0.053963506673146706,0.0,-0.0010495746513756732,1.0
repeat_2_fold_2,NOX5,0.0,0.0,0.0,0.0,0.0,0.0,0.0
repeat_2_fold_2,NPR2,0.1251352014230136,0.17385567654691667,0.08692783827345833,0.038207363149555265,0.5,0.0,0.5
repeat_2_fold_2,NR2F6,0.0,0.0,0.0,0.0,0.0,0.0,0.0
repeat_2_fold_2,NRG2,-0.10060161605995255,0.2012032321199051,0.10060161605995255,-0.2012032321199051,0.0,-0.0024390243902439324,0.5
repeat_2_fold_2,NRXN3,-0.04433206780763044,0.08866413561526088,0.04433206780763044,-0.08866413561526088,0.0,-0.0008278145695364281,0.5
repeat_2_fold_2,NSD2,0.3403456663883091,0.39371849959226934,0.19685924979613467,0.14348641659217443,0.5,0.00021065525224786552,1.0
repeat_2_fold_2,NT5E,-0.013605398655483825,0.02721079731096765,0.013605398655483825,-0.02721079731096765,0.0,-2.7755575615628914e-17,0.5
repeat_2_fold_2,NUCB1,0.0,0.0,0.0,0.0,0.0,0.0,0.0
repeat_2_fold_2,NUDT7,0.26141221048913366,0.39101106604907204,0.19550553302453602,0.06590667746459763,0.5,0.000813008130081283,0.5
repeat_2_fold_2,NUMA1,0.0,0.0,0.0,0.0,0.0,0.0,0.0
repeat_2_fold_2,NUP107,0.0,0.0,0.0,0.0,0.0,-0.00040650406504066927,0.5
repeat_2_fold_2,NUP93,0.0,0.0,0.0,0.0,0.0,0.0,0.0
repeat_2_fold_2,ODF2,-0.1827108472365584,0.13416822473289683,0.06708411236644841,-0.2497949596030068,0.0,0.0006134577074247138,1.0
repeat_2_fold_2,OGN,0.0,0.0,0.0,0.0,0.0,0.0,0.0
repeat_2_fold_2,OR10H3,0.0,0.0,0.0,0.0,0.0,0.0,0.0
repeat_2_fold_2,OR12D2,0.0,0.0,0.0,0.0,0.0,0.0,0.0
repeat_2_fold_2,OR2B2,0.0,0.0,0.0,0.0,0.0,0.0,0.0
repeat_2_fold_2,OR2F2,0.0,0.0,0.0,0.0,0.0,0.0,0.0
repeat_2_fold_2,OR3A1,0.0,0.0,0.0,0.0,0.0,0.0,0.0
repeat_2_fold_2,OR52A1,0.0,0.0,0.0,0.0,0.0,0.0,0.0
repeat_2_fold_2,OR7E24,0.0,0.0,0.0,0.0,0.0,0.0,0.0
repeat_2_fold_2,OSMR,0.0,0.0,0.0,0.0,0.0,0.0,0.0
repeat_2_fold_2,OTOF,0.03684511690490311,0.04254507632673808,0.02127253816336904,0.015572578741534067,0.5,0.0016556291390728284,0.5
repeat_2_fold_2,OTUB2,0.0,0.0,0.0,0.0,0.0,0.0,0.0
repeat_2_fold_2,OVGP1,-0.04369882458753338,0.08909429957053036,0.04454714978526518,-0.08824597437279856,0.25,0.0010347682119205281,0.5
repeat_2_fold_2,P2RY6,0.0,0.0,0.0,0.0,0.0,0.0,0.0
repeat_2_fold_2,PAIP1,0.0,0.0,0.0,0.0,0.0,0.0,0.0
repeat_2_fold_2,PARD6A,-0.15974801513427117,0.26268209570398343,0.13134104785199172,-0.2910890629862629,0.0,0.000813008130081283,0.5
repeat_2_fold_2,PARK7,0.0,0.0,0.0,0.0,0.0,0.0,0.0
repeat_2_fold_2,PARP2,-0.19182466318977198,0.538537517689599,0.2692687588447995,-0.4610934220345715,0.5,0.0016445243094815043,1.0
repeat_2_fold_2,PAX2,0.0,0.0,0.0,0.0,0.0,0.0,0.0
repeat_2_fold_2,PDE10A,0.0,0.0,0.0,0.0,0.0,0.0,0.0
repeat_2_fold_2,PDE1C,0.0,0.0,0.0,0.0,0.0,0.0,0.0
repeat_2_fold_2,PDE3B,0.0,0.0,0.0,0.0,0.0,0.0,0.0
repeat_2_fold_2,PDHA1,-0.9187632958215932,0.9860080419346435,0.49300402096732177,-1.4117673167889149,0.0,0.00036578635653902736,1.0
repeat_2_fold_2,PDIA3,-0.3082654443817603,0.9263275924555487,0.46316379622777437,-0.7714292406095347,0.25,-0.00020695364238410008,0.5
repeat_2_fold_2,PDP1,0.0,0.0,0.0,0.0,0.0,0.0,0.0
repeat_2_fold_2,PDYN,-0.278967876887231,0.3462518472375198,0.1731259236187599,-0.4520938005059909,0.0,-0.00040650406504066927,0.5
repeat_2_fold_2,PENK,0.0,0.0,0.0,0.0,0.0,0.0,0.0
repeat_2_fold_2,PEX11A,0.0,0.0,0.0,0.0,0.0,0.0,0.0
repeat_2_fold_2,PFAS,0.0,0.0,0.0,0.0,0.0,0.0,0.0
repeat_2_fold_2,PFKP,0.0,0.0,0.0,0.0,0.0,0.0,0.0
repeat_2_fold_2,PHF21A,0.0,0.0,0.0,0.0,0.0,0.0,0.0
repeat_2_fold_2,PHKG2,0.0,0.0,0.0,0.0,0.0,0.0,0.0
repeat_2_fold_2,PI4KA,0.0,0.0,0.0,0.0,0.0,0.0,0.0
repeat_2_fold_2,PIEZO1,0.0,0.0,0.0,0.0,0.0,0.0,0.0
repeat_2_fold_2,PIGH,0.12568103565670619,0.15384622887565294,0.07692311443782647,0.048757921218879716,0.5,0.00041390728476820016,0.5
repeat_2_fold_2,PIGO,0.0,0.0,0.0,0.0,0.0,0.0,0.0
repeat_2_fold_2,PIGQ,-0.0961918337651344,0.17664741441131523,0.08832370720565762,-0.18451554097079204,0.0,0.00040650406504061376,0.5
repeat_2_fold_2,PIK3C2A,0.0,0.0,0.0,0.0,0.0,0.0,0.0
repeat_2_fold_2,PIK3CD,-0.04433206780763044,0.08866413561526088,0.04433206780763044,-0.08866413561526088,0.0,0.00041390728476820016,0.5
repeat_2_fold_2,PIP5K1A,0.0,0.0,0.0,0.0,0.0,0.0,0.0
repeat_2_fold_2,PISD,0.0,0.0,0.0,0.0,0.0,0.0,0.0
repeat_2_fold_2,PIWIL1,-0.5087447053549816,0.9031474928437206,0.4515737464218603,-0.9603184517768419,0.0,-0.0008278145695364281,0.5
repeat_2_fold_2,PKN1,0.08603649363626076,0.5702832057005832,0.2851416028502916,-0.19910510921403085,0.25,-0.001840373122274308,1.0
repeat_2_fold_2,PKP2,0.04496531102772572,0.08993062205545144,0.04496531102772572,0.0,0.25,-0.00041390728476820016,0.5
repeat_2_fold_2,PLAAT3,0.0,0.0,0.0,0.0,0.0,0.00041390728476820016,0.5
repeat_2_fold_2,PLAAT4,-0.10314011762078223,0.14953864062340907,0.07476932031170454,-0.17790943793248676,0.0,-0.00020325203252033464,0.5
repeat_2_fold_2,PLCB3,0.0,0.0,0.0,0.0,0.0,0.0,0.0
repeat_2_fold_2,PLEKHA2,0.0,0.0,0.0,0.0,0.0,0.0,0.5
repeat_2_fold_2,PLEKHA5,0.0,0.0,0.0,0.0,0.0,0.0,0.0
repeat_2_fold_2,PLIN2,0.0,0.0,0.0,0.0,0.0,0.0,0.0
repeat_2_fold_2,PLK1,0.0,0.0,0.0,0.0,0.0,0.0,0.0
repeat_2_fold_2,PLOD3,0.04044741287157905,0.0808948257431581,0.04044741287157905,0.0,0.25,0.0006097560975609484,0.5
repeat_2_fold_2,PMM1,-0.5981723274183608,0.6911381355122883,0.34556906775614415,-0.943741395174505,0.0,-0.0008130081300813108,1.0
repeat_2_fold_2,PMVK,0.08117718471253532,0.11843647968456385,0.059218239842281924,0.021958944870253398,0.5,-0.0008278145695364281,0.5
repeat_2_fold_2,PNPLA4,0.0,0.0,0.0,0.0,0.0,0.0,0.0
repeat_2_fold_2,POLQ,0.0,0.0,0.0,0.0,0.0,0.0,0.0
repeat_2_fold_2,POLR2F,0.0,0.0,0.0,0.0,0.0,0.0,0.0
repeat_2_fold_2,POMP,0.0,0.0,0.0,0.0,0.0,0.0,0.0
repeat_2_fold_2,POMT1,-0.4787400079296482,0.9574800158592963,0.47874000792964816,-0.9574800158592964,0.0,-0.000620860927152328,0.5
repeat_2_fold_2,PON1,0.0,0.0,0.0,0.0,0.0,0.0,0.0
repeat_2_fold_2,PON3,0.0,0.0,0.0,0.0,0.0,0.0,0.0
repeat_2_fold_2,POU3F3,0.0,0.0,0.0,0.0,0.0,0.0,0.0
repeat_2_fold_2,PPA2,-0.21736630970344706,0.1668341698572637,0.08341708492863185,-0.3007833946320789,0.0,0.0006134577074247416,1.0
repeat_2_fold_2,PPARGC1A,0.0,0.0,0.0,0.0,0.0,0.0,0.0
repeat_2_fold_2,PPFIBP2,0.0,0.0,0.0,0.0,0.0,0.0,0.0
repeat_2_fold_2,PPM1E,0.0,0.0,0.0,0.0,0.0,0.0,0.0
repeat_2_fold_2,PPP1R13B,0.12550925252016754,0.1449256014566149,0.07246280072830745,0.053046451791860086,0.5,-0.0012417218543046282,0.5
repeat_2_fold_2,PPP2R2A,0.0,0.0,0.0,0.0,0.0,0.0,0.0
repeat_2_fold_2,PRC1,0.0,0.0,0.0,0.0,0.0,0.0,0.0
repeat_2_fold_2,PRDM9,0.0,0.0,0.0,0.0,0.0,0.0,0.0
repeat_2_fold_2,PRELID3A,-0.22992061302590372,0.27132662439624783,0.13566331219812391,-0.3655839252240276,0.0,0.0018292682926829285,0.5
repeat_2_fold_2,PRF1,0.0,0.0,0.0,0.0,0.0,0.0,0.0
repeat_2_fold_2,PRIM2,0.0,0.0,0.0,0.0,0.0,0.0,0.0
repeat_2_fold_2,PRKAG1,0.0,0.0,0.0,0.0,0.0,0.0,0.0
repeat_2_fold_2,PRKAR1A,0.0,0.0,0.0,0.0,0.0,0.0,0.0
repeat_2_fold_2,PRKCZ,-0.5230720757372715,1.0099566314365829,0.5049783157182914,-1.028050391455563,0.0,-0.000620860927152328,0.5
repeat_2_fold_2,PRKD3,-0.18824291977640328,0.2180149476421172,0.1090074738210586,-0.29725039359746186,0.0,0.003462687772573053,1.0
repeat_2_fold_2,PRKRA,0.0,0.0,0.0,0.0,0.0,0.0,0.0
repeat_2_fold_2,PRPF3,0.015199507373649723,0.2476660250438584,0.1238330125219292,-0.10863350514827948,0.25,0.00040650406504061376,0.5
repeat_2_fold_2,PRPF4,0.0,0.0,0.0,0.0,0.0,0.0,0.0
repeat_2_fold_2,PRPF40A,-0.04433206780763044,0.08866413561526088,0.04433206780763044,-0.08866413561526088,0.0,-0.0008278145695364281,0.5
repeat_2_fold_2,PRSS8,0.0,0.0,0.0,0.0,0.0,0.0,0.0
repeat_2_fold_2,PSAP,0.0,0.0,0.0,0.0,0.0,0.0,0.0
repeat_2_fold_2,PSENEN,0.0,0.0,0.0,0.0,0.0,0.0,0.0
repeat_2_fold_2,PSG1,0.0,0.0,0.0,0.0,0.0,0.0,0.0
repeat_2_fold_2,PSMA4,0.0,0.0,0.0,0.0,0.0,0.0,0.0
repeat_2_fold_2,PSMD7,-0.47928584216334613,0.9585716843266923,0.47928584216334613,-0.9585716843266923,0.0,0.00041390728476820016,0.5
repeat_2_fold_2,PSPH,-0.11737823461454333,0.13942693270924386,0.06971346635462193,-0.18709170096916528,0.0,-0.0016260162601626216,0.5
repeat_2_fold_2,PTEN,0.11240262610272644,0.190603648056252,0.095301824028126,0.01710080207460045,0.5,-0.002228369137996039,1.0
repeat_2_fold_2,PTP4A2,0.0,0.0,0.0,0.0,0.0,0.0,0.0
repeat_2_fold_2,PTPN18,0.0,0.0,0.0,0.0,0.0,0.0,0.0
repeat_2_fold_2,PTPN4,0.03453819516464662,0.3007324694823201,0.15036623474116004,-0.11582803957651341,0.25,0.0032520325203251876,0.5
repeat_2_fold_2,PTPRB,0.0,0.0,0.0,0.0,0.0,0.0,0.0
repeat_2_fold_2,PTPRK,0.0,0.0,0.0,0.0,0.0,0.0,0.0
repeat_2_fold_2,PYCARD,0.0,0.0,0.0,0.0,0.0,0.0,0.0
repeat_2_fold_2,PYCR3,0.0,0.0,0.0,0.0,0.0,0.0,0.0
repeat_2_fold_2,PYGB,0.0,0.0,0.0,0.0,0.0,0.0,0.0
repeat_2_fold_2,QDPR,0.0,0.0,0.0,0.0,0.0,0.0,0.0
repeat_2_fold_2,RAB11FIP3,0.0,0.0,0.0,0.0,0.0,0.0,0.0
repeat_2_fold_2,RAB22A,-0.4468355808440254,0.8591951746750007,0.42959758733750036,-0.8764331681815258,0.0,-0.001034768211920556,0.5
repeat_2_fold_2,RAB40B,0.0,0.0,0.0,0.0,0.0,0.0,0.0
repeat_2_fold_2,RAB40C,0.0,0.0,0.0,0.0,0.0,0.0,0.0
repeat_2_fold_2,RAB5A,0.0,0.0,0.0,0.0,0.0,-0.00020695364238410008,0.5
repeat_2_fold_2,RAB8B,-0.18423155749108666,0.21608290662849644,0.10804145331424822,-0.29227301080533485,0.0,0.00040650406504061376,0.5
repeat_2_fold_2,RABGEF1,0.0,0.0,0.0,0.0,0.0,0.0,0.0
repeat_2_fold_2,RAC2,0.0,0.0,0.0,0.0,0.0,0.0,0.0
repeat_2_fold_2,RAD21,-0.4518169982717595,0.8561973676802966,0.4280986838401483,-0.8799156821119078,0.0,0.00020695364238407232,0.5
repeat_2_fold_2,RAD52,0.0,0.0,0.0,0.0,0.0,0.0,0.0
repeat_2_fold_2,RANBP2,0.0,0.0,0.0,0.0,0.0,0.0,0.0
repeat_2_fold_2,RANGAP1,0.0,0.0,0.0,0.0,0.0,0.0,0.0
repeat_2_fold_2,RBKS,0.0,0.0,0.0,0.0,0.0,0.0,0.0
repeat_2_fold_2,RBM4,0.032964964499694105,0.06592992899938821,0.032964964499694105,0.0,0.25,-0.00041390728476820016,0.5
repeat_2_fold_2,RBM8A,0.0,0.0,0.0,0.0,0.0,0.0,0.0
repeat_2_fold_2,RDH5,-0.5230720757372715,1.0099566314365829,0.5049783157182914,-1.028050391455563,0.0,0.0014486754966887283,0.5
repeat_2_fold_2,RECK,0.0,0.0,0.0,0.0,0.0,0.0,0.0
repeat_2_fold_2,REG1A,0.0,0.0,0.0,0.0,0.0,0.0,0.0
repeat_2_fold_2,RGL1,0.0,0.0,0.0,0.0,0.0,0.0,0.0
repeat_2_fold_2,RGS2,0.0,0.0,0.0,0.0,0.0,0.0,0.0
repeat_2_fold_2,RHCE,0.0,0.0,0.0,0.0,0.0,0.0,0.0
repeat_2_fold_2,RHOA,0.0,0.0,0.0,0.0,0.0,0.0,0.0
repeat_2_fold_2,RNASE2,-0.43874770618728576,0.58480193908088,0.29240096954044,-0.7311486757277257,0.0,0.0026422764227642115,0.5
repeat_2_fold_2,RND1,0.0,0.0,0.0,0.0,0.0,0.0008278145695364003,0.5
repeat_2_fold_2,RNF144A,0.0,0.0,0.0,0.0,0.0,0.0,0.0
repeat_2_fold_2,RNF19B,0.0,0.0,0.0,0.0,0.0,0.0,0.0
repeat_2_fold_2,RNF216,0.0,0.0,0.0,0.0,0.0,0.0,0.0
repeat_2_fold_2,RNF5,0.04207464072293021,0.08414928144586042,0.04207464072293021,0.0,0.25,-2.7755575615628914e-17,0.5
repeat_2_fold_2,RPA2,0.28274547508014436,0.34505113703504814,0.17252556851752407,0.11021990656262029,0.5,-0.0004176088946320211,1.0
repeat_2_fold_2,RPA4,0.0,0.0,0.0,0.0,0.0,0.0,0.0
repeat_2_fold_2,RPIA,0.0,0.0,0.0,0.0,0.0,0.0,0.0
repeat_2_fold_2,RPL10,-0.5118339737692832,0.5910174041556062,0.2955087020778031,-0.8073426758470863,0.0,-0.003658536585365857,0.5
repeat_2_fold_2,RPL10L,0.0,0.0,0.0,0.0,0.0,0.0,0.0
repeat_2_fold_2,RPL15,0.0,0.0,0.0,0.0,0.0,0.0,0.0
repeat_2_fold_2,RPL29,-0.08866413561526088,0.1023805251298727,0.05119026256493635,-0.13985439818019724,0.0,-0.0008278145695364558,0.5
repeat_2_fold_2,RPL34,0.0,0.0,0.0,0.0,0.0,0.0,0.0
repeat_2_fold_2,RPL39,-0.30361006593867224,0.3881770483175777,0.19408852415878886,-0.4976985900974611,0.0,0.0004065040650406415,0.5
repeat_2_fold_2,RPLP1,0.0,0.0,0.0,0.0,0.0,0.0,0.0
repeat_2_fold_2,RPLP2,0.0,0.0,0.0,0.0,0.0,0.0,0.0
repeat_2_fold_2,RPP25,0.0,0.0,0.0,0.0,0.0,0.0,0.0
repeat_2_fold_2,RPP38,0.0,0.0,0.0,0.0,0.0,0.0,0.0
repeat_2_fold_2,RPS17,0.0,0.0,0.0,0.0,0.0,0.0,0.0
repeat_2_fold_2,RPS2,0.0,0.0,0.0,0.0,0.0,0.0,0.0
repeat_2_fold_2,RPS21,-0.16037051941951574,0.23716246848918268,0.11858123424459134,-0.27895175366410707,0.0,0.0,0.5
repeat_2_fold_2,RPS27A,0.0,0.0,0.0,0.0,0.0,0.0,0.0
repeat_2_fold_2,RPS28,-0.05802619496982686,0.11605238993965372,0.05802619496982686,-0.11605238993965372,0.0,-0.002483443708609284,0.5
repeat_2_fold_2,RPS3,0.0,0.0,0.0,0.0,0.0,0.0,0.0
repeat_2_fold_2,RPS3A,0.0,0.0,0.0,0.0,0.0,0.0,0.0
repeat_2_fold_2,RPS4X,0.0,0.0,0.0,0.0,0.0,0.0,0.0
repeat_2_fold_2,RRAD,-0.06853640060158561,0.05270185743606088,0.02635092871803044,-0.09488732931961605,0.0,-0.001034768211920556,1.0
repeat_2_fold_2,RRAGA,0.094409851791184,0.1090151066915855,0.05450755334579275,0.03990229844539125,0.5,-0.00020695364238410008,0.5
repeat_2_fold_2,RRM2,0.0,0.0,0.0,0.0,0.0,0.0,0.0
repeat_2_fold_2,RWDD3,0.0,0.0,0.0,0.0,0.0,0.0,0.0
repeat_2_fold_2,S100A7,0.0,0.0,0.0,0.0,0.0,0.0,0.0
repeat_2_fold_2,S100P,0.0,0.0,0.0,0.0,0.0,-0.000620860927152328,0.5
repeat_2_fold_2,SAMM50,0.0,0.0,0.0,0.0,0.0,0.0,0.0
repeat_2_fold_2,SAP130,0.0,0.0,0.0,0.0,0.0,0.0,0.0
repeat_2_fold_2,SAP30BP,0.0,0.0,0.0,0.0,0.0,0.0,0.0
repeat_2_fold_2,SARM1,-0.6341268547038474,0.8790383579891065,0.43951917899455323,-1.0736460336984006,0.0,-0.004918766488989423,1.0
repeat_2_fold_2,SARS1,-0.0035946572304386137,0.007189314460877227,0.0035946572304386133,-0.0071893144608772275,0.0,0.0014227642276422592,0.5
repeat_2_fold_2,SCAP,0.0,0.0,0.0,0.0,0.0,0.0,0.0
repeat_2_fold_2,SCARB1,-0.0805097451467347,0.11032728533392254,0.05516364266696127,-0.13567338781369598,0.0,-0.00020325203252033464,0.5
repeat_2_fold_2,SCCPDH,0.04496531102772572,0.08993062205545144,0.04496531102772572,0.0,0.25,0.0008278145695364003,0.5
repeat_2_fold_2,SCD5,0.0,0.0,0.0,0.0,0.0,0.0,0.0
repeat_2_fold_2,SCNN1G,0.0,0.0,0.0,0.0,0.0,0.0,0.0
repeat_2_fold_2,SCUBE2,0.0,0.0,0.0,0.0,0.0,0.0,0.0
repeat_2_fold_2,SDK2,0.0,0.0,0.0,0.0,0.0,0.0,0.0
repeat_2_fold_2,SEC23A,-0.6288192212799828,0.8839176836328585,0.44195884181642925,-1.070778063096412,0.0,0.00447154471544714,0.5
repeat_2_fold_2,SEC31A,0.0,0.0,0.0,0.0,0.0,0.0,0.0
repeat_2_fold_2,SEMA7A,0.0,0.0,0.0,0.0,0.0,0.0,0.0
repeat_2_fold_2,SEPTIN2,-0.028650339596559604,0.04163264183575329,0.020816320917876645,-0.04946666051443625,0.0,0.0014227642276422592,0.5
repeat_2_fold_2,SERINC1,0.0,0.0,0.0,0.0,0.0,0.0,0.5
repeat_2_fold_2,SERINC3,0.0,0.0,0.0,0.0,0.0,0.0,0.0
repeat_2_fold_2,SERP1,0.0,0.0,0.0,0.0,0.0,0.0,0.0
repeat_2_fold_2,SERPINB1,-0.002155116758597586,0.004310233517195172,0.002155116758597586,-0.004310233517195172,0.0,-0.0018292682926829562,0.5
repeat_2_fold_2,SERPIND1,-0.5329789584295828,0.6601408995748753,0.33007044978743766,-0.8630494082170204,0.0,0.0,0.5
repeat_2_fold_2,SF1,0.0,0.0,0.0,0.0,0.0,0.0,0.0
repeat_2_fold_2,SHOC2,0.0,0.0,0.0,0.0,0.0,0.0,0.0
repeat_2_fold_2,SIGLEC15,0.0,0.0,0.0,0.0,0.0,0.0,0.0
repeat_2_fold_2,SIGLEC9,0.06706737539965424,0.26541602136635634,0.13270801068317817,-0.06564063528352393,0.25,-0.00121951219512198,0.5
repeat_2_fold_2,SIRT1,0.0,0.0,0.0,0.0,0.0,0.0,0.0
repeat_2_fold_2,SIX2,0.0,0.0,0.0,0.0,0.0,0.0,0.0
repeat_2_fold_2,SLC13A1,0.0,0.0,0.0,0.0,0.0,0.0,0.0
repeat_2_fold_2,SLC16A3,0.0,0.0,0.0,0.0,0.0,0.0,0.0
repeat_2_fold_2,SLC18A2,0.0,0.0,0.0,0.0,0.0,0.0,0.0
repeat_2_fold_2,SLC19A3,0.0,0.0,0.0,0.0,0.0,0.0,0.0
repeat_2_fold_2,SLC22A17,-0.018334425463702786,0.22852964936163686,0.11426482468081843,-0.13259925014452123,0.25,-0.007113821138211379,0.5
repeat_2_fold_2,SLC24A3,0.0,0.0,0.0,0.0,0.0,0.0,0.0
repeat_2_fold_2,SLC25A16,0.0,0.0,0.0,0.0,0.0,0.0,0.0
repeat_2_fold_2,SLC25A32,0.0,0.0,0.0,0.0,0.0,0.0,0.0
repeat_2_fold_2,SLC27A5,-0.5638199504836905,0.8335517195763552,0.4167758597881776,-0.9805958102718682,0.0,0.0012195121951219245,0.5
repeat_2_fold_2,SLC2A14,0.0,0.0,0.0,0.0,0.0,0.0,0.0
repeat_2_fold_2,SLC38A2,0.04496531102772572,0.08993062205545144,0.04496531102772572,0.0,0.25,0.0008278145695364281,0.5
repeat_2_fold_2,SLC3A2,0.0,0.0,0.0,0.0,0.0,0.0,0.0
repeat_2_fold_2,SLC43A1,0.0,0.0,0.0,0.0,0.0,0.0,0.0
repeat_2_fold_2,SLC5A6,0.0,0.0,0.0,0.0,0.0,0.0,0.0
repeat_2_fold_2,SLC6A6,0.0,0.0,0.0,0.0,0.0,0.0,0.0
repeat_2_fold_2,SLC7A1,0.0,0.0,0.0,0.0,0.0,0.0,0.0
repeat_2_fold_2,SLC7A11,0.0,0.0,0.0,0.0,0.0,0.0,0.0
repeat_2_fold_2,SLC7A5,0.0,0.0,0.0,0.0,0.0,0.0,0.0
repeat_2_fold_2,SLC9A1,0.0,0.0,0.0,0.0,0.0,0.0,0.0
repeat_2_fold_2,SLC9A5,0.0,0.0,0.0,0.0,0.0,0.0,0.0
repeat_2_fold_2,SLCO3A1,0.0,0.0,0.0,0.0,0.0,0.0,0.0
repeat_2_fold_2,SMARCC2,0.0,0.0,0.0,0.0,0.0,0.0,0.0
repeat_2_fold_2,SMC1A,0.0,0.0,0.0,0.0,0.0,0.0,0.0
repeat_2_fold_2,SMC6,0.03127118386552574,0.06254236773105148,0.03127118386552574,0.0,0.25,0.0010347682119205281,0.5
repeat_2_fold_2,SMPD4,0.0,0.0,0.0,0.0,0.0,0.0,0.0
repeat_2_fold_2,SMU1,0.0,0.0,0.0,0.0,0.0,0.0,0.0
repeat_2_fold_2,SNAPC3,0.0,0.0,0.0,0.0,0.0,0.0,0.0
repeat_2_fold_2,SNCAIP,0.0,0.0,0.0,0.0,0.0,0.0,0.0
repeat_2_fold_2,SND1,0.0,0.0,0.0,0.0,0.0,0.0,0.0
repeat_2_fold_2,SNRNP40,0.0,0.0,0.0,0.0,0.0,0.0,0.0
repeat_2_fold_2,SNRPD3,0.0,0.0,0.0,0.0,0.0,0.0,0.0
repeat_2_fold_2,SNX5,0.0,0.0,0.0,0.0,0.0,0.0,0.0
repeat_2_fold_2,SOCS2,0.0,0.0,0.0,0.0,0.0,0.0,0.0
repeat_2_fold_2,SOX1,0.16954458845454923,0.15824645477891736,0.07912322738945868,0.09042136106509055,0.75,0.0020362219350670285,1.0
repeat_2_fold_2,SOX13,0.0,0.0,0.0,0.0,0.0,0.0,0.0
repeat_2_fold_2,SOX9,0.0,0.0,0.0,0.0,0.0,0.0,0.0
repeat_2_fold_2,SPATA2,-0.42305958091104046,0.9591911802682642,0.4795955901341321,-0.9026551710451726,0.5,0.00143016744736979,1.0
repeat_2_fold_2,SPINK1,0.0,0.0,0.0,0.0,0.0,0.0,0.0
repeat_2_fold_2,SPINT2,0.0,0.0,0.0,0.0,0.0,0.0,0.0
repeat_2_fold_2,SPOCK3,0.0,0.0,0.0,0.0,0.0,0.0,0.0
repeat_2_fold_2,SPTAN1,0.0,0.0,0.0,0.0,0.0,0.0008278145695364003,0.5
repeat_2_fold_2,SPTB,0.0,0.0,0.0,0.0,0.0,0.0,0.0
repeat_2_fold_2,SRD5A1,0.0,0.0,0.0,0.0,0.0,0.0,0.0
repeat_2_fold_2,SRY,0.0,0.0,0.0,0.0,0.0,0.0,0.0
repeat_2_fold_2,SSB,0.0,0.0,0.0,0.0,0.0,0.0,0.0
repeat_2_fold_2,SSR4,-0.31106654235920495,0.4430348272354462,0.2215174136177231,-0.5325839559769281,0.0,-0.00039910084531311063,1.0
repeat_2_fold_2,ST6GAL1,0.0,0.0,0.0,0.0,0.0,0.0,0.0
repeat_2_fold_2,STAT3,0.02564083716432286,0.11488615362086656,0.05744307681043328,-0.03180223964611042,0.25,0.00021805847197542416,1.0
repeat_2_fold_2,STAT5B,0.0,0.0,0.0,0.0,0.0,0.0,0.0
repeat_2_fold_2,STK26,-0.6581885347000807,0.7661132376608718,0.3830566188304359,-1.0412451535305165,0.0,0.005081300813008102,0.5
repeat_2_fold_2,STMN2,0.0,0.0,0.0,0.0,0.0,0.0,0.0
repeat_2_fold_2,STOML2,0.0,0.0,0.0,0.0,0.0,0.0,0.0
repeat_2_fold_2,STX1A,0.0,0.0,0.0,0.0,0.0,0.0,0.0
repeat_2_fold_2,STX3,0.0,0.0,0.0,0.0,0.0,0.0,0.0
repeat_2_fold_2,SUMO1,0.0,0.0,0.0,0.0,0.0,0.0,0.0
repeat_2_fold_2,SUPV3L1,0.0,0.0,0.0,0.0,0.0,0.0,0.0
repeat_2_fold_2,SWAP70,0.0,0.0,0.0,0.0,0.0,0.0,0.0
repeat_2_fold_2,SYNE1,0.0,0.0,0.0,0.0,0.0,0.0,0.0
repeat_2_fold_2,TAAR5,0.0,0.0,0.0,0.0,0.0,0.0,0.0
repeat_2_fold_2,TAF2,0.0,0.0,0.0,0.0,0.0,0.0,0.0
repeat_2_fold_2,TAF5,0.0,0.0,0.0,0.0,0.0,0.0,0.0
repeat_2_fold_2,TAP1,0.0,0.0,0.0,0.0,0.0,0.0,0.0
repeat_2_fold_2,TAP2,0.0,0.0,0.0,0.0,0.0,0.0,0.0
repeat_2_fold_2,TAS2R4,0.0,0.0,0.0,0.0,0.0,0.0,0.0
repeat_2_fold_2,TATDN2,0.045598554247822776,0.0895164239804965,0.04475821199024825,0.0008403422575745251,0.5,0.00020695364238410008,0.5
repeat_2_fold_2,TBXAS1,0.0,0.0,0.0,0.0,0.0,0.0,0.0
repeat_2_fold_2,TCN1,0.0,0.0,0.0,0.0,0.0,0.0,0.0
repeat_2_fold_2,TCN2,0.0,0.0,0.0,0.0,0.0,-0.0004139072847682279,0.5
repeat_2_fold_2,TCTN2,0.0,0.0,0.0,0.0,0.0,0.0,0.0
repeat_2_fold_2,TDG,-0.08154596191117491,0.1095361239673707,0.05476806198368535,-0.13631402389486025,0.0,0.0006097560975609484,0.5
repeat_2_fold_2,TEX12,0.0,0.0,0.0,0.0,0.0,0.0,0.0
repeat_2_fold_2,TEX264,0.0,0.0,0.0,0.0,0.0,0.0,0.0
repeat_2_fold_2,TFDP2,0.0,0.0,0.0,0.0,0.0,0.0,0.0
repeat_2_fold_2,TFIP11,-0.017045676832857737,0.07641030585619545,0.03820515292809772,-0.05525082976095546,0.25,-0.00020325203252033464,0.5
repeat_2_fold_2,TGFBR3,0.0,0.0,0.0,0.0,0.0,0.0,0.0
repeat_2_fold_2,THBD,-0.39358905556543355,1.0582755592217767,0.5291377796108884,-0.9227268351763219,0.5,-0.00247233887901796,1.0
repeat_2_fold_2,THOC7,0.0,0.0,0.0,0.0,0.0,0.0,0.0
repeat_2_fold_2,THOP1,0.0,0.0,0.0,0.0,0.0,0.0,0.0
repeat_2_fold_2,THSD4,-0.5070386546982419,0.5867929454721821,0.29339647273609104,-0.800435127434333,0.0,0.0012417218543046282,0.5
repeat_2_fold_2,THSD7A,-0.02847992279178513,0.032885782180673805,0.016442891090336902,-0.044922813882122034,0.0,0.0012417218543046282,0.5
repeat_2_fold_2,THTPA,-0.25820637721677464,0.4467375276231326,0.2233687638115663,-0.481575141028341,0.0,0.0014227642276422592,0.5
repeat_2_fold_2,TIMM10,0.0006332432200952809,0.14582384226961892,0.07291192113480946,-0.07227867791471418,0.25,0.0,0.5
repeat_2_fold_2,TIMM17B,0.0,0.0,0.0,0.0,0.0,0.0,0.0
repeat_2_fold_2,TIMM22,0.0,0.0,0.0,0.0,0.0,0.0,0.0
repeat_2_fold_2,TK1,0.0,0.0,0.0,0.0,0.0,0.0,0.0
repeat_2_fold_2,TK2,-1.0144553275553552,0.9496159690209541,0.47480798451047707,-1.4892633120658323,0.0,0.002246877187314894,1.0
repeat_2_fold_2,TKT,0.0,0.0,0.0,0.0,0.0,0.0,0.0
repeat_2_fold_2,TLE4,0.0,0.0,0.0,0.0,0.0,0.0,0.0
repeat_2_fold_2,TLL2,0.0,0.0,0.0,0.0,0.0,0.0,0.0
repeat_2_fold_2,TLR1,-0.022077222206604574,0.13406904797087815,0.06703452398543908,-0.08911174619204365,0.25,-0.0006097560975609762,0.5
repeat_2_fold_2,TLR8,0.0,0.0,0.0,0.0,0.0,0.0,0.0
repeat_2_fold_2,TMOD3,0.0,0.0,0.0,0.0,0.0,0.0,0.0
repeat_2_fold_2,TMPRSS2,0.0,0.0,0.0,0.0,0.0,0.0,0.0
repeat_2_fold_2,TNFRSF17,0.0,0.0,0.0,0.0,0.0,0.0,0.0
repeat_2_fold_2,TNIK,0.0,0.0,0.0,0.0,0.0,0.0,0.0
repeat_2_fold_2,TNIP3,-0.44662332231499846,0.7795228888845298,0.3897614444422649,-0.8363847667572634,0.0,0.0014486754966887283,0.5
repeat_2_fold_2,TNR,0.0,0.0,0.0,0.0,0.0,0.0,0.0
repeat_2_fold_2,TNXB,0.0,0.0,0.0,0.0,0.0,0.0,0.0
repeat_2_fold_2,TOMM7,0.0,0.0,0.0,0.0,0.0,0.0,0.0
repeat_2_fold_2,TOR1AIP1,0.0,0.0,0.0,0.0,0.0,0.0,0.0
repeat_2_fold_2,TPD52,-0.08896768456567195,0.17793536913134386,0.08896768456567193,-0.1779353691313439,0.0,-0.00121951219512198,0.5
repeat_2_fold_2,TPO,0.0,0.0,0.0,0.0,0.0,0.0,0.5
repeat_2_fold_2,TRADD,0.0,0.0,0.0,0.0,0.0,0.0,0.0
repeat_2_fold_2,TRAP1,0.0,0.0,0.0,0.0,0.0,0.0,0.0
repeat_2_fold_2,TRAPPC2,0.0,0.0,0.0,0.0,0.0,0.0,0.0
repeat_2_fold_2,TREM1,-0.02642216649391571,0.14190611174705767,0.07095305587352883,-0.09737522236744454,0.5,0.0016371210897538901,1.0
repeat_2_fold_2,TRIM25,-0.2749076852612031,0.4104497749934787,0.20522488749673934,-0.48013257275794247,0.0,0.0004065040650406415,0.5
repeat_2_fold_2,TRIM26,-0.06582626479533715,0.12033703684842444,0.06016851842421222,-0.12599478321954938,0.0,0.0,0.5
repeat_2_fold_2,TRIM36,-0.11171471885204198,0.19223170265180803,0.09611585132590401,-0.20783057017794598,0.0,-2.7755575615628914e-17,0.5
repeat_2_fold_2,TRIM37,0.0,0.0,0.0,0.0,0.0,0.0,0.0
repeat_2_fold_2,TRIM68,0.0,0.0,0.0,0.0,0.0,0.0,0.0
repeat_2_fold_2,TRMT112,0.0,0.0,0.0,0.0,0.0,0.0,0.0
repeat_2_fold_2,TRRAP,0.0,0.0,0.0,0.0,0.0,0.0,0.0
repeat_2_fold_2,TTLL4,0.0,0.0,0.0,0.0,0.0,0.0,0.0
repeat_2_fold_2,TUBA8,0.03427470346829686,0.10985470120072136,0.05492735060036068,-0.020652647132063814,0.25,0.00020695364238410008,0.5
repeat_2_fold_2,TUBGCP3,0.0,0.0,0.0,0.0,0.0,0.0,0.0
repeat_2_fold_2,TWF2,0.0,0.0,0.0,0.0,0.0,0.0,0.0
repeat_2_fold_2,TYW1,0.0,0.0,0.0,0.0,0.0,0.0,0.0
repeat_2_fold_2,UBE2J1,0.0,0.0,0.0,0.0,0.0,0.0,0.0
repeat_2_fold_2,UBE2V2,0.0,0.0,0.0,0.0,0.0,0.0,0.0
repeat_2_fold_2,UBN1,0.0,0.0,0.0,0.0,0.0,0.0,0.0
repeat_2_fold_2,UCK2,-0.2789615212730645,1.2933295987600424,0.6466647993800212,-0.9256263206530857,0.25,0.000835217789263959,1.0
repeat_2_fold_2,UCN,0.0,0.0,0.0,0.0,0.0,0.0,0.0
repeat_2_fold_2,UGT1A8,0.0,0.0,0.0,0.0,0.0,0.0,0.0
repeat_2_fold_2,UIMC1,0.0,0.0,0.0,0.0,0.0,0.0,0.0
repeat_2_fold_2,ULBP1,0.0,0.0,0.0,0.0,0.0,0.0,0.0
repeat_2_fold_2,UMPS,0.0,0.0,0.0,0.0,0.0,0.0,0.0
repeat_2_fold_2,UQCR11,0.0,0.0,0.0,0.0,0.0,0.0,0.0
repeat_2_fold_2,URM1,0.0,0.0,0.0,0.0,0.0,0.0,0.0
repeat_2_fold_2,USP11,-0.48567386198341467,0.5668282214030385,0.28341411070151923,-0.7690879726849339,0.0,-0.002845528455284574,0.5
repeat_2_fold_2,USP2,-0.00011072880515428096,0.0470062688335335,0.02350313441676675,-0.023613863221921032,0.25,-0.0018292682926829562,0.5
repeat_2_fold_2,USP4,0.0,0.0,0.0,0.0,0.0,0.0,0.0
repeat_2_fold_2,USP48,0.06399490918614603,0.5095261840682135,0.25476309203410674,-0.1907681828479607,0.25,0.00447154471544714,0.5
repeat_2_fold_2,VARS1,0.0,0.0,0.0,0.0,0.0,0.0,0.0
repeat_2_fold_2,VASP,-0.09883923036929687,0.11569456145485879,0.057847280727429395,-0.15668651109672627,0.0,-0.0002032520325203624,0.5
repeat_2_fold_2,VCP,0.0,0.0,0.0,0.0,0.0,0.0,0.0
repeat_2_fold_2,VEGFA,0.0,0.0,0.0,0.0,0.0,0.0,0.0
repeat_2_fold_2,VPS39,0.0,0.0,0.0,0.0,0.0,0.0,0.0
repeat_2_fold_2,VRK2,-0.9733016902037175,0.8067621809216583,0.40338109046082915,-1.3766827806645465,0.0,0.004870645560760223,1.0
repeat_2_fold_2,WARS2,0.0,0.0,0.0,0.0,0.0,0.0,0.0
repeat_2_fold_2,WBP4,0.0,0.0,0.0,0.0,0.0,0.0,0.0
repeat_2_fold_2,WDR33,0.0,0.0,0.0,0.0,0.0,0.0,0.0
repeat_2_fold_2,WDR45B,0.0,0.0,0.0,0.0,0.0,0.0,0.0
repeat_2_fold_2,WDR46,0.0,0.0,0.0,0.0,0.0,0.0,0.0
repeat_2_fold_2,WDR82,-0.12970261944579242,0.1987249496148967,0.09936247480744835,-0.2290650942532408,0.0,-0.00040650406504066927,0.5
repeat_2_fold_2,WEE1,0.0,0.0,0.0,0.0,0.0,0.0,0.0
repeat_2_fold_2,WIPI1,0.0,0.0,0.0,0.0,0.0,0.0,0.0
repeat_2_fold_2,WNT5B,0.0,0.0,0.0,0.0,0.0,0.0,0.0
repeat_2_fold_2,WT1,0.0,0.0,0.0,0.0,0.0,0.0,0.0
repeat_2_fold_2,XBP1,0.0,0.0,0.0,0.0,0.0,0.0,0.0
repeat_2_fold_2,XPC,-0.28515311687766065,0.3495282243440533,0.17476411217202664,-0.4599172290496873,0.0,0.0010347682119204726,1.0
repeat_2_fold_2,XYLT2,-0.327238777365606,0.45007486397239843,0.22503743198619922,-0.5522762093518052,0.0,0.00691427071555481,1.0
repeat_2_fold_2,YWHAH,0.0,0.0,0.0,0.0,0.0,0.0,0.0
repeat_2_fold_2,YWHAQ,0.0,0.0,0.0,0.0,0.0,0.0,0.0
repeat_2_fold_2,ZBTB17,0.0,0.0,0.0,0.0,0.0,0.0,0.0
repeat_2_fold_2,ZFP2,0.0,0.0,0.0,0.0,0.0,0.0,0.0
repeat_2_fold_2,ZKSCAN4,0.0,0.0,0.0,0.0,0.0,0.0,0.0
repeat_2_fold_2,ZMYM2,0.0,0.0,0.0,0.0,0.0,0.0,0.0
repeat_2_fold_2,ZNF133,0.06275462626008377,0.12550925252016754,0.06275462626008377,0.0,0.25,-0.00020695364238410008,0.5
repeat_2_fold_2,ZNF135,-0.02847992279178513,0.032885782180673805,0.016442891090336902,-0.044922813882122034,0.0,-0.0004139072847682279,0.5
repeat_2_fold_2,ZNF157,0.0,0.0,0.0,0.0,0.0,0.0,0.0
repeat_2_fold_2,ZNF230,0.26762268920933074,0.31762024786633175,0.15881012393316588,0.10881256527616487,0.5,0.006504065040650403,0.5
repeat_2_fold_2,ZNF264,0.0,0.0,0.0,0.0,0.0,0.0,0.0
repeat_2_fold_2,ZNF331,0.024532080659023237,0.08619184267089325,0.043095921335446624,-0.018563840676423388,0.25,-0.00040650406504066927,0.5
repeat_2_fold_2,ZNF350,0.0,0.0,0.0,0.0,0.0,0.0,0.0
repeat_2_fold_2,ZNF41,-0.04958742752978651,0.09092931194683702,0.04546465597341851,-0.09505208350320501,0.0,-0.0006097560975609762,0.5
repeat_2_fold_2,ZNF432,0.0,0.0,0.0,0.0,0.0,0.0,0.0
repeat_2_fold_2,ZNF45,0.0,0.0,0.0,0.0,0.0,0.0,0.0
repeat_2_fold_2,ZNF467,0.0,0.0,0.0,0.0,0.0,0.0,0.0
repeat_2_fold_2,ZNF480,0.0,0.0,0.0,0.0,0.0,0.0,0.0
repeat_2_fold_2,ZNF492,0.0,0.0,0.0,0.0,0.0,0.0,0.0
repeat_2_fold_2,ZNF551,0.0,0.0,0.0,0.0,0.0,0.0,0.0
repeat_2_fold_2,ZNF557,0.0,0.0,0.0,0.0,0.0,0.0,0.0
repeat_2_fold_2,ZNF562,-0.12557947392971514,0.15015906679409674,0.07507953339704837,-0.2006590073267635,0.0,0.00020325203252030688,0.5
repeat_2_fold_2,ZNF682,0.0,0.0,0.0,0.0,0.0,0.0,0.0
repeat_2_fold_2,ZSCAN32,0.0,0.0,0.0,0.0,0.0,0.0,0.5
repeat_2_fold_3,A1CF,0.0,0.0,0.0,0.0,0.0,0.0,0.0
repeat_2_fold_3,A2M,-0.050969035754814485,0.10193807150962897,0.050969035754814485,-0.10193807150962897,0.0,-0.0006172839506172756,0.5
repeat_2_fold_3,A4GALT,0.0,0.0,0.0,0.0,0.0,0.0,0.0
repeat_2_fold_3,A4GNT,0.0,0.0,0.0,0.0,0.0,0.0,0.0
repeat_2_fold_3,AAAS,0.0,0.0,0.0,0.0,0.0,0.0,0.0
repeat_2_fold_3,AADAC,0.0,0.0,0.0,0.0,0.0,0.0,0.0
repeat_2_fold_3,AAK1,0.0,0.0,0.0,0.0,0.0,0.0,0.0
repeat_2_fold_3,AAMP,0.0,0.0,0.0,0.0,0.0,0.0,0.0
repeat_2_fold_3,AANAT,0.0,0.0,0.0,0.0,0.0,0.0,0.0
repeat_2_fold_3,AARS1,0.0,0.0,0.0,0.0,0.0,0.0,0.0
repeat_2_fold_3,AASS,0.0,0.0,0.0,0.0,0.0,0.0,0.0
repeat_2_fold_3,AATF,0.0,0.0,0.0,0.0,0.0,0.0,0.0
repeat_2_fold_3,ABCA2,0.0,0.0,0.0,0.0,0.0,0.0,0.0
repeat_2_fold_3,ABCA3,0.0,0.0,0.0,0.0,0.0,0.0,0.0
repeat_2_fold_3,ABCA4,0.0,0.0,0.0,0.0,0.0,0.0,0.0
repeat_2_fold_3,ABCA5,0.0,0.0,0.0,0.0,0.0,0.0,0.0
repeat_2_fold_3,ABCA6,0.0,0.0,0.0,0.0,0.0,0.0,0.0
repeat_2_fold_3,ABCA7,0.0,0.0,0.0,0.0,0.0,0.0,0.0
repeat_2_fold_3,ABCA8,0.0,0.0,0.0,0.0,0.0,0.0,0.0
repeat_2_fold_3,ABCB1,0.0,0.0,0.0,0.0,0.0,0.0,0.0
repeat_2_fold_3,ABCB11,0.0,0.0,0.0,0.0,0.0,0.0,0.0
repeat_2_fold_3,ABCB4,0.0,0.0,0.0,0.0,0.0,0.0,0.0
repeat_2_fold_3,ABCB6,0.0,0.0,0.0,0.0,0.0,0.0,0.0
repeat_2_fold_3,ABCB7,0.0,0.0,0.0,0.0,0.0,0.0,0.0
repeat_2_fold_3,ABCB8,0.0,0.0,0.0,0.0,0.0,0.0,0.0
repeat_2_fold_3,ABCB9,0.0,0.0,0.0,0.0,0.0,0.0,0.0
repeat_2_fold_3,ABCC2,0.0,0.0,0.0,0.0,0.0,0.0,0.0
repeat_2_fold_3,ABCC3,0.0,0.0,0.0,0.0,0.0,0.0,0.0
repeat_2_fold_3,ABCC4,0.0,0.0,0.0,0.0,0.0,0.0,0.0
repeat_2_fold_3,ABCC5,0.0,0.0,0.0,0.0,0.0,0.0,0.0
repeat_2_fold_3,ABCC6,-0.12124226897622492,0.13999851326116894,0.06999925663058447,-0.1912415256068094,0.0,-0.0014011208967174005,0.5
repeat_2_fold_3,ABCC8,0.0,0.0,0.0,0.0,0.0,0.0,0.0
repeat_2_fold_3,ABCC9,0.0,0.0,0.0,0.0,0.0,0.0,0.0
repeat_2_fold_3,ABCD1,0.0,0.0,0.0,0.0,0.0,0.0,0.0
repeat_2_fold_3,ABCD2,0.0,0.0,0.0,0.0,0.0,0.0,0.0
repeat_2_fold_3,ABCD3,-0.08629925924488902,0.18871575846537827,0.09435787923268914,-0.18065713847757814,0.25,0.0020576131687242705,0.5
repeat_2_fold_3,ABCD4,0.0,0.0,0.0,0.0,0.0,0.0,0.0
repeat_2_fold_3,ABCE1,0.0,0.0,0.0,0.0,0.0,0.0,0.0
repeat_2_fold_3,ABCF1,0.0,0.0,0.0,0.0,0.0,0.0,0.0
repeat_2_fold_3,ABCG1,0.0,0.0,0.0,0.0,0.0,0.0,0.0
repeat_2_fold_3,ABCG2,0.0,0.0,0.0,0.0,0.0,0.0,0.0
repeat_2_fold_3,ABCG4,0.0,0.0,0.0,0.0,0.0,0.0,0.0
repeat_2_fold_3,ABCG5,0.0,0.0,0.0,0.0,0.0,0.0,0.0
repeat_2_fold_3,ABHD17A,0.0,0.0,0.0,0.0,0.0,0.0,0.0
repeat_2_fold_3,ABHD17B,0.0,0.0,0.0,0.0,0.0,0.0,0.0
repeat_2_fold_3,ABHD3,0.0,0.0,0.0,0.0,0.0,0.0,0.0
repeat_2_fold_3,ABHD4,0.0,0.0,0.0,0.0,0.0,0.0,0.0
repeat_2_fold_3,ABHD5,0.0,0.0,0.0,0.0,0.0,0.0,0.0
repeat_2_fold_3,ABHD6,0.0,0.0,0.0,0.0,0.0,0.0,0.0
repeat_2_fold_3,ABI1,0.0,0.0,0.0,0.0,0.0,0.0,0.0
repeat_2_fold_3,ABI2,0.0,0.0,0.0,0.0,0.0,0.0,0.0
repeat_2_fold_3,ABL1,0.0,0.0,0.0,0.0,0.0,0.0,0.0
repeat_2_fold_3,ABLIM1,0.0,0.0,0.0,0.0,0.0,0.0,0.0
repeat_2_fold_3,ABLIM3,0.0,0.0,0.0,0.0,0.0,0.0,0.0
repeat_2_fold_3,ABR,0.0,0.0,0.0,0.0,0.0,0.0,0.0
repeat_2_fold_3,ABRAXAS2,0.0,0.0,0.0,0.0,0.0,0.0,0.0
repeat_2_fold_3,ACAA1,0.0,0.0,0.0,0.0,0.0,0.0,0.0
repeat_2_fold_3,ACAA2,0.0,0.0,0.0,0.0,0.0,0.0,0.0
repeat_2_fold_3,ACACA,0.0,0.0,0.0,0.0,0.0,0.0,0.0
repeat_2_fold_3,ACACB,0.0,0.0,0.0,0.0,0.0,0.0,0.0
repeat_2_fold_3,ACAD10,0.0,0.0,0.0,0.0,0.0,0.0,0.0
repeat_2_fold_3,ACAD8,0.0,0.0,0.0,0.0,0.0,0.0,0.0
repeat_2_fold_3,ACADL,0.0,0.0,0.0,0.0,0.0,0.0,0.0
repeat_2_fold_3,ACADM,0.0,0.0,0.0,0.0,0.0,0.0,0.0
repeat_2_fold_3,ACADSB,0.0,0.0,0.0,0.0,0.0,0.0,0.0
repeat_2_fold_3,ACADVL,0.0,0.0,0.0,0.0,0.0,0.0,0.0
repeat_2_fold_3,ACAN,0.0,0.0,0.0,0.0,0.0,0.0,0.0
repeat_2_fold_3,ACAT2,-0.050969035754814485,0.10193807150962897,0.050969035754814485,-0.10193807150962897,0.0,-0.0002057613168724437,0.5
repeat_2_fold_3,ACBD3,0.022156779847081864,0.04431355969416372,0.02215677984708186,3.469446951953614e-18,0.25,-0.0006004803843074613,0.5
repeat_2_fold_3,ACBD4,0.0,0.0,0.0,0.0,0.0,0.0,0.0
repeat_2_fold_3,ACD,0.0,0.0,0.0,0.0,0.0,0.0,0.0
repeat_2_fold_3,ACE,0.0,0.0,0.0,0.0,0.0,0.0,0.0
repeat_2_fold_3,ACE2,-0.031141988477822125,0.06228397695564424,0.03114198847782212,-0.06228397695564425,0.0,0.0016012810248198228,0.5
repeat_2_fold_3,ACHE,0.0,0.0,0.0,0.0,0.0,0.0,0.0
repeat_2_fold_3,ACIN1,0.0,0.0,0.0,0.0,0.0,0.0,0.0
repeat_2_fold_3,ACKR2,0.0,0.0,0.0,0.0,0.0,0.0,0.0
repeat_2_fold_3,ACKR3,0.0,0.0,0.0,0.0,0.0,0.0,0.0
repeat_2_fold_3,ACKR4,0.0,0.0,0.0,0.0,0.0,0.0,0.0
repeat_2_fold_3,ACLY,0.0,0.0,0.0,0.0,0.0,0.0,0.0
repeat_2_fold_3,ACO1,0.0,0.0,0.0,0.0,0.0,0.0,0.0
repeat_2_fold_3,ACO2,0.0,0.0,0.0,0.0,0.0,0.0,0.0
repeat_2_fold_3,ACOT11,0.0,0.0,0.0,0.0,0.0,0.0,0.0
repeat_2_fold_3,ACOT13,0.0,0.0,0.0,0.0,0.0,0.0,0.0
repeat_2_fold_3,ACOT2,0.0,0.0,0.0,0.0,0.0,0.0,0.0
repeat_2_fold_3,ACOT7,0.0,0.0,0.0,0.0,0.0,0.0,0.0
repeat_2_fold_3,ACOT8,0.0,0.0,0.0,0.0,0.0,0.0,0.0
repeat_2_fold_3,ACOT9,0.0,0.0,0.0,0.0,0.0,0.0,0.0
repeat_2_fold_3,ACOX1,0.0,0.0,0.0,0.0,0.0,0.0,0.0
repeat_2_fold_3,ACOX2,-0.06062113448811246,0.1212422689762249,0.06062113448811245,-0.12124226897622492,0.0,-0.0010008006405124448,0.5
repeat_2_fold_3,ACOX3,0.0,0.0,0.0,0.0,0.0,0.0,0.0
repeat_2_fold_3,ACOXL,0.0,0.0,0.0,0.0,0.0,0.0,0.0
repeat_2_fold_3,ACP3,0.16126595508882247,0.19802315703323753,0.09901157851661876,0.0622543765722037,0.5,0.0034923411980612995,1.0
repeat_2_fold_3,ACP5,0.0,0.0,0.0,0.0,0.0,0.0,0.0
repeat_2_fold_3,ACP6,0.0,0.0,0.0,0.0,0.0,0.0,0.0
repeat_2_fold_3,ACR,0.0,0.0,0.0,0.0,0.0,0.0,0.0
repeat_2_fold_3,ACSBG1,0.0,0.0,0.0,0.0,0.0,0.0,0.0
repeat_2_fold_3,ACSBG2,0.0,0.0,0.0,0.0,0.0,0.0,0.0
repeat_2_fold_3,ACSF2,0.0,0.0,0.0,0.0,0.0,0.0,0.0
repeat_2_fold_3,ACSL1,0.0,0.0,0.0,0.0,0.0,0.0,0.0
repeat_2_fold_3,ACSL4,0.0,0.0,0.0,0.0,0.0,0.0,0.0
repeat_2_fold_3,ACSL5,0.0,0.0,0.0,0.0,0.0,0.0,0.0
repeat_2_fold_3,ACSL6,0.0,0.0,0.0,0.0,0.0,0.0,0.0
repeat_2_fold_3,ACSM2A,0.0,0.0,0.0,0.0,0.0,0.0,0.0
repeat_2_fold_3,ACSM3,0.0,0.0,0.0,0.0,0.0,0.0,0.0
repeat_2_fold_3,ACSM5,0.0,0.0,0.0,0.0,0.0,0.0,0.0
repeat_2_fold_3,ACSS3,-0.06815014780228701,0.10425680648016201,0.05212840324008101,-0.12027855104236801,0.0,0.0008006405124098837,0.5
repeat_2_fold_3,ACTA1,0.0,0.0,0.0,0.0,0.0,0.0,0.0
repeat_2_fold_3,ACTA2,0.0,0.0,0.0,0.0,0.0,0.0,0.0
repeat_2_fold_3,ACTB,0.0,0.0,0.0,0.0,0.0,0.0,0.0
repeat_2_fold_3,ACTC1,0.0,0.0,0.0,0.0,0.0,0.0,0.0
repeat_2_fold_3,ACTG1,0.0,0.0,0.0,0.0,0.0,0.0,0.0
repeat_2_fold_3,ACTG2,0.0,0.0,0.0,0.0,0.0,0.0,0.0
repeat_2_fold_3,ACTL6A,0.0,0.0,0.0,0.0,0.0,-0.0004003202562050112,0.5
repeat_2_fold_3,ACTL6B,0.0,0.0,0.0,0.0,0.0,0.0,0.0
repeat_2_fold_3,ACTN1,0.0,0.0,0.0,0.0,0.0,0.0,0.0
repeat_2_fold_3,ACTN2,0.0,0.0,0.0,0.0,0.0,0.0,0.0
repeat_2_fold_3,ACTN3,0.0,0.0,0.0,0.0,0.0,0.0,0.0
repeat_2_fold_3,ACTN4,0.0,0.0,0.0,0.0,0.0,0.0,0.0
repeat_2_fold_3,ACTR10,0.0,0.0,0.0,0.0,0.0,0.0,0.0
repeat_2_fold_3,ACTR1A,0.0,0.0,0.0,0.0,0.0,0.0,0.0
repeat_2_fold_3,ACTR1B,0.0,0.0,0.0,0.0,0.0,0.0,0.0
repeat_2_fold_3,ACTR2,0.0,0.0,0.0,0.0,0.0,0.0,0.0
repeat_2_fold_3,ACTR3,0.0,0.0,0.0,0.0,0.0,0.0,0.0
repeat_2_fold_3,ACTR5,0.0,0.0,0.0,0.0,0.0,0.0,0.0
repeat_2_fold_3,ACTR8,0.0,0.0,0.0,0.0,0.0,0.0,0.0
repeat_2_fold_3,ACVR1B,0.0,0.0,0.0,0.0,0.0,0.0,0.0
repeat_2_fold_3,ACVR2A,0.0,0.0,0.0,0.0,0.0,0.0,0.0
repeat_2_fold_3,ACVR2B,0.0,0.0,0.0,0.0,0.0,0.0,0.0
repeat_2_fold_3,ACVRL1,0.0,0.0,0.0,0.0,0.0,0.0,0.0
repeat_2_fold_3,ADA,0.0,0.0,0.0,0.0,0.0,0.0,0.0
repeat_2_fold_3,ADAM10,0.0,0.0,0.0,0.0,0.0,0.0,0.0
repeat_2_fold_3,ADAM11,0.0,0.0,0.0,0.0,0.0,0.0,0.0
repeat_2_fold_3,ADAM12,0.0,0.0,0.0,0.0,0.0,0.0,0.0
repeat_2_fold_3,ADAM15,0.0,0.0,0.0,0.0,0.0,0.0,0.0
repeat_2_fold_3,ADAM17,-0.12290511144375849,0.1730337551356373,0.08651687756781865,-0.20942198901157713,0.0,0.0002001601281024501,0.5
repeat_2_fold_3,ADAM19,0.0,0.0,0.0,0.0,0.0,0.0,0.0
repeat_2_fold_3,ADAM2,0.0,0.0,0.0,0.0,0.0,0.0,0.0
repeat_2_fold_3,ADAM20,0.0,0.0,0.0,0.0,0.0,0.0,0.0
repeat_2_fold_3,ADAM21,0.0,0.0,0.0,0.0,0.0,0.0,0.0
repeat_2_fold_3,ADAM22,0.0,0.0,0.0,0.0,0.0,0.0,0.0
repeat_2_fold_3,ADAM23,0.0,0.0,0.0,0.0,0.0,0.0,0.0
repeat_2_fold_3,ADAM30,0.0,0.0,0.0,0.0,0.0,0.0,0.0
repeat_2_fold_3,ADAM8,0.0,0.0,0.0,0.0,0.0,0.0,0.0
repeat_2_fold_3,ADAM9,0.0,0.0,0.0,0.0,0.0,0.0,0.0
repeat_2_fold_3,ADAMTS1,0.0,0.0,0.0,0.0,0.0,0.0,0.0
repeat_2_fold_3,ADAMTS12,0.0,0.0,0.0,0.0,0.0,0.0,0.0
repeat_2_fold_3,ADAMTS13,0.0,0.0,0.0,0.0,0.0,0.0,0.0
repeat_2_fold_3,ADAMTS2,0.0,0.0,0.0,0.0,0.0,0.0,0.0
repeat_2_fold_3,ADAMTS3,0.0,0.0,0.0,0.0,0.0,0.0,0.0
repeat_2_fold_3,ADAMTS5,-0.17770086061343981,0.44328870626804157,0.22164435313402078,-0.39934521374746057,0.5,-0.0015956798360499402,1.0
repeat_2_fold_3,ADAMTS7,0.0,0.0,0.0,0.0,0.0,0.0,0.0
repeat_2_fold_3,ADAMTS8,0.0,0.0,0.0,0.0,0.0,0.0,0.0
repeat_2_fold_3,ADAMTS9,0.0,0.0,0.0,0.0,0.0,0.0,0.0
repeat_2_fold_3,ADAMTSL2,0.0,0.0,0.0,0.0,0.0,0.0,0.0
repeat_2_fold_3,ADAMTSL3,0.0,0.0,0.0,0.0,0.0,0.0,0.0
repeat_2_fold_3,ADAMTSL4,0.0,0.0,0.0,0.0,0.0,0.0,0.0
repeat_2_fold_3,ADAP1,0.0,0.0,0.0,0.0,0.0,0.0,0.0
repeat_2_fold_3,ADAR,0.0,0.0,0.0,0.0,0.0,0.0,0.0
repeat_2_fold_3,ADARB1,0.0,0.0,0.0,0.0,0.0,0.0,0.0
repeat_2_fold_3,ADAT1,0.0,0.0,0.0,0.0,0.0,0.0,0.0
repeat_2_fold_3,ADCY1,0.0,0.0,0.0,0.0,0.0,0.0,0.0
repeat_2_fold_3,ADCY10,0.0,0.0,0.0,0.0,0.0,0.0,0.0
repeat_2_fold_3,ADCY2,0.0,0.0,0.0,0.0,0.0,0.0,0.0
repeat_2_fold_3,ADCY3,0.0,0.0,0.0,0.0,0.0,0.0,0.0
repeat_2_fold_3,ADCY6,0.0,0.0,0.0,0.0,0.0,0.0,0.0
repeat_2_fold_3,ADCY7,0.0,0.0,0.0,0.0,0.0,0.0,0.0
repeat_2_fold_3,ADCY8,0.0,0.0,0.0,0.0,0.0,0.0,0.0
repeat_2_fold_3,ADCY9,0.0,0.0,0.0,0.0,0.0,0.0,0.0
repeat_2_fold_3,ADCYAP1,0.0,0.0,0.0,0.0,0.0,0.0,0.0
repeat_2_fold_3,ADCYAP1R1,0.0,0.0,0.0,0.0,0.0,0.0,0.0
repeat_2_fold_3,ADD1,0.0,0.0,0.0,0.0,0.0,0.0,0.0
repeat_2_fold_3,ADD2,0.0,0.0,0.0,0.0,0.0,0.0,0.0
repeat_2_fold_3,ADD3,0.0,0.0,0.0,0.0,0.0,0.0,0.0
repeat_2_fold_3,ADGRE1,0.0,0.0,0.0,0.0,0.0,0.0,0.0
repeat_2_fold_3,ADGRE2,0.0,0.0,0.0,0.0,0.0,0.0,0.0
repeat_2_fold_3,ADGRE3,0.0,0.0,0.0,0.0,0.0,0.0,0.0
repeat_2_fold_3,ADGRF5,-0.07976214444981977,0.09831128599648364,0.04915564299824182,-0.1289177874480616,0.0,-0.0025852780990224533,1.0
repeat_2_fold_3,ADGRG3,0.0,0.0,0.0,0.0,0.0,0.0,0.0
repeat_2_fold_3,ADGRG6,0.0,0.0,0.0,0.0,0.0,0.0,0.0
repeat_2_fold_3,ADGRV1,0.0,0.0,0.0,0.0,0.0,0.0,0.0
repeat_2_fold_3,ADH1A,0.0,0.0,0.0,0.0,0.0,0.0,0.0
repeat_2_fold_3,ADH1B,0.0,0.0,0.0,0.0,0.0,0.0,0.0
repeat_2_fold_3,ADH1C,0.0,0.0,0.0,0.0,0.0,0.0,0.0
repeat_2_fold_3,ADH5,0.0,0.0,0.0,0.0,0.0,0.0,0.0
repeat_2_fold_3,ADH7,0.0,0.0,0.0,0.0,0.0,0.0,0.0
repeat_2_fold_3,ADI1,0.0,0.0,0.0,0.0,0.0,0.0,0.0
repeat_2_fold_3,ADIPOQ,0.0,0.0,0.0,0.0,0.0,0.0,0.0
repeat_2_fold_3,ADIPOR1,0.0,0.0,0.0,0.0,0.0,0.0,0.0
repeat_2_fold_3,ADIPOR2,0.0,0.0,0.0,0.0,0.0,0.0,0.0
repeat_2_fold_3,ADIRF,0.0,0.0,0.0,0.0,0.0,0.0,0.0
repeat_2_fold_3,ADK,0.0,0.0,0.0,0.0,0.0,0.0,0.0
repeat_2_fold_3,ADM,0.0,0.0,0.0,0.0,0.0,0.0,0.0
repeat_2_fold_3,ADM2,0.0,0.0,0.0,0.0,0.0,0.0,0.0
repeat_2_fold_3,ADO,0.0,0.0,0.0,0.0,0.0,0.0,0.0
repeat_2_fold_3,ADORA1,0.0,0.0,0.0,0.0,0.0,0.0,0.0
repeat_2_fold_3,ADORA2A,0.0,0.0,0.0,0.0,0.0,0.0,0.0
repeat_2_fold_3,ADORA2B,0.0,0.0,0.0,0.0,0.0,0.0,0.0
repeat_2_fold_3,ADORA3,0.0,0.0,0.0,0.0,0.0,0.0,0.0
repeat_2_fold_3,ADRA1A,0.0,0.0,0.0,0.0,0.0,0.0,0.0
repeat_2_fold_3,ADRA1B,0.0,0.0,0.0,0.0,0.0,0.0,0.0
repeat_2_fold_3,ADRA1D,0.0,0.0,0.0,0.0,0.0,0.0,0.0
repeat_2_fold_3,ADRA2A,0.0,0.0,0.0,0.0,0.0,0.0,0.0
repeat_2_fold_3,ADRA2B,0.0,0.0,0.0,0.0,0.0,0.0,0.0
repeat_2_fold_3,ADRA2C,0.0,0.0,0.0,0.0,0.0,0.0,0.0
repeat_2_fold_3,ADRB1,0.0,0.0,0.0,0.0,0.0,0.0,0.0
repeat_2_fold_3,ADRB2,0.0,0.0,0.0,0.0,0.0,0.0,0.0
repeat_2_fold_3,ADRB3,0.0,0.0,0.0,0.0,0.0,0.0,0.0
repeat_2_fold_3,ADRM1,0.0,0.0,0.0,0.0,0.0,0.0,0.0
repeat_2_fold_3,ADSL,0.0,0.0,0.0,0.0,0.0,0.0,0.0
repeat_2_fold_3,ADSS2,0.0,0.0,0.0,0.0,0.0,0.0,0.0
repeat_2_fold_3,AFDN,0.0,0.0,0.0,0.0,0.0,0.0,0.0
repeat_2_fold_3,AFF4,0.0,0.0,0.0,0.0,0.0,0.0,0.0
repeat_2_fold_3,AFG3L2,0.0,0.0,0.0,0.0,0.0,0.0,0.0
repeat_2_fold_3,AFP,0.0,0.0,0.0,0.0,0.0,0.0,0.0
repeat_2_fold_3,AGA,0.0,0.0,0.0,0.0,0.0,0.0,0.0
repeat_2_fold_3,AGAP2,0.0,0.0,0.0,0.0,0.0,0.0,0.0
repeat_2_fold_3,AGBL2,0.0,0.0,0.0,0.0,0.0,0.0,0.0
repeat_2_fold_3,AGBL3,0.0,0.0,0.0,0.0,0.0,0.0,0.0
repeat_2_fold_3,AGBL5,0.0,0.0,0.0,0.0,0.0,0.0,0.0
repeat_2_fold_3,AGER,0.0,0.0,0.0,0.0,0.0,0.0,0.0
repeat_2_fold_3,AGFG1,0.0,0.0,0.0,0.0,0.0,0.0,0.0
repeat_2_fold_3,AGGF1,0.0,0.0,0.0,0.0,0.0,0.0,0.0
repeat_2_fold_3,AGK,0.0,0.0,0.0,0.0,0.0,0.0,0.0
repeat_2_fold_3,AGL,0.0,0.0,0.0,0.0,0.0,0.0,0.0
repeat_2_fold_3,AGMAT,0.0,0.0,0.0,0.0,0.0,0.0,0.0
repeat_2_fold_3,AGO2,-0.1706459182717559,0.2428145673971297,0.12140728369856485,-0.29205320197032075,0.0,0.003202562049639701,0.5
repeat_2_fold_3,AGO4,0.0,0.0,0.0,0.0,0.0,0.0,0.0
repeat_2_fold_3,AGPAT1,0.0,0.0,0.0,0.0,0.0,0.0,0.0
repeat_2_fold_3,AGPAT2,0.0,0.0,0.0,0.0,0.0,0.0,0.0
repeat_2_fold_3,AGPAT3,0.0,0.0,0.0,0.0,0.0,0.0,0.0
repeat_2_fold_3,AGPAT4,0.0,0.0,0.0,0.0,0.0,0.0,0.0
repeat_2_fold_3,AGPAT5,0.0,0.0,0.0,0.0,0.0,0.0,0.0
repeat_2_fold_3,AGPS,0.0,0.0,0.0,0.0,0.0,0.0,0.0
repeat_2_fold_3,AGRN,0.0,0.0,0.0,0.0,0.0,0.0,0.0
repeat_2_fold_3,AGRP,0.0,0.0,0.0,0.0,0.0,0.0,0.0
repeat_2_fold_3,AGT,0.0,0.0,0.0,0.0,0.0,0.0,0.0
repeat_2_fold_3,AGTPBP1,0.0,0.0,0.0,0.0,0.0,0.0,0.0
repeat_2_fold_3,AGTR1,0.0,0.0,0.0,0.0,0.0,0.0,0.0
repeat_2_fold_3,AGTR2,0.0,0.0,0.0,0.0,0.0,0.0,0.0
repeat_2_fold_3,AGXT,0.0,0.0,0.0,0.0,0.0,0.0,0.0
repeat_2_fold_3,AHCTF1,0.0,0.0,0.0,0.0,0.0,0.0,0.0
repeat_2_fold_3,AHCY,0.0,0.0,0.0,0.0,0.0,0.0,0.0
repeat_2_fold_3,AHCYL1,0.0,0.0,0.0,0.0,0.0,0.0,0.0
repeat_2_fold_3,AHCYL2,0.0,0.0,0.0,0.0,0.0,0.0,0.0
repeat_2_fold_3,AHI1,0.0,0.0,0.0,0.0,0.0,0.0,0.0
repeat_2_fold_3,AHSG,0.0,0.0,0.0,0.0,0.0,0.0,0.0
repeat_2_fold_3,AICDA,0.0,0.0,0.0,0.0,0.0,0.0,0.0
repeat_2_fold_3,AIM2,0.0,0.0,0.0,0.0,0.0,0.0,0.0
repeat_2_fold_3,AIMP1,0.0,0.0,0.0,0.0,0.0,0.0,0.0
repeat_2_fold_3,AK1,0.0,0.0,0.0,0.0,0.0,0.0,0.0
repeat_2_fold_3,AK2,0.0,0.0,0.0,0.0,0.0,0.0,0.0
repeat_2_fold_3,AK4,0.0,0.0,0.0,0.0,0.0,0.0,0.0
repeat_2_fold_3,AK5,0.0,0.0,0.0,0.0,0.0,0.0,0.0
repeat_2_fold_3,AKAP1,0.0,0.0,0.0,0.0,0.0,0.0,0.0
repeat_2_fold_3,AKAP10,0.0,0.0,0.0,0.0,0.0,0.0,0.0
repeat_2_fold_3,AKAP12,-0.1946132055462968,0.22471997322002085,0.11235998661001043,-0.30697319215630725,0.0,-0.0018014411529223562,0.5
repeat_2_fold_3,AKAP13,0.0,0.0,0.0,0.0,0.0,0.0,0.0
repeat_2_fold_3,AKAP5,0.0,0.0,0.0,0.0,0.0,0.0,0.0
repeat_2_fold_3,AKAP8L,0.0,0.0,0.0,0.0,0.0,0.0,0.0
repeat_2_fold_3,AKAP9,-0.055427797706579796,0.11085559541315959,0.055427797706579796,-0.11085559541315959,0.0,0.0004003202562049557,0.5
repeat_2_fold_3,AKR1B1,0.0,0.0,0.0,0.0,0.0,0.0,0.0
repeat_2_fold_3,AKR1B10,0.0,0.0,0.0,0.0,0.0,0.0,0.0
repeat_2_fold_3,AKR1C1,0.0,0.0,0.0,0.0,0.0,0.0,0.0
repeat_2_fold_3,AKR1C3,0.0,0.0,0.0,0.0,0.0,0.0,0.0
repeat_2_fold_3,AKR1C4,0.0,0.0,0.0,0.0,0.0,0.0,0.0
repeat_2_fold_3,AKR1D1,0.0,0.0,0.0,0.0,0.0,0.0,0.0
repeat_2_fold_3,AKR7A2,0.0,0.0,0.0,0.0,0.0,0.0,0.0
repeat_2_fold_3,AKR7A3,0.0,0.0,0.0,0.0,0.0,0.0,0.0
repeat_2_fold_3,AKT1,0.0,0.0,0.0,0.0,0.0,0.0,0.0
repeat_2_fold_3,AKT2,0.0,0.0,0.0,0.0,0.0,0.0,0.0
repeat_2_fold_3,AKT3,0.0,0.0,0.0,0.0,0.0,0.0,0.0
repeat_2_fold_3,ALAD,0.0,0.0,0.0,0.0,0.0,0.0,0.0
repeat_2_fold_3,ALAS1,0.0,0.0,0.0,0.0,0.0,0.0,0.0
repeat_2_fold_3,ALB,0.0,0.0,0.0,0.0,0.0,0.0,0.0
repeat_2_fold_3,ALCAM,0.0,0.0,0.0,0.0,0.0,0.0,0.0
repeat_2_fold_3,ALDH18A1,0.0,0.0,0.0,0.0,0.0,0.0,0.0
repeat_2_fold_3,ALDH1A1,0.0,0.0,0.0,0.0,0.0,0.0,0.0
repeat_2_fold_3,ALDH1A2,0.0,0.0,0.0,0.0,0.0,0.0,0.0
repeat_2_fold_3,ALDH1A3,0.0,0.0,0.0,0.0,0.0,0.0,0.0
repeat_2_fold_3,ALDH1L1,0.0,0.0,0.0,0.0,0.0,0.0,0.0
repeat_2_fold_3,ALDH2,0.0,0.0,0.0,0.0,0.0,0.0,0.0
repeat_2_fold_3,ALDH3A1,0.0,0.0,0.0,0.0,0.0,0.0,0.0
repeat_2_fold_3,ALDH3A2,0.0,0.0,0.0,0.0,0.0,0.0,0.0
repeat_2_fold_3,ALDH3B1,0.0,0.0,0.0,0.0,0.0,0.0,0.0
repeat_2_fold_3,ALDH3B2,0.0,0.0,0.0,0.0,0.0,0.0,0.0
repeat_2_fold_3,ALDH4A1,0.0,0.0,0.0,0.0,0.0,0.0,0.0
repeat_2_fold_3,ALDH5A1,0.0,0.0,0.0,0.0,0.0,0.0,0.0
repeat_2_fold_3,ALDH6A1,0.0,0.0,0.0,0.0,0.0,0.0,0.0
repeat_2_fold_3,ALDH7A1,0.0,0.0,0.0,0.0,0.0,0.0,0.0
repeat_2_fold_3,ALDH8A1,0.0,0.0,0.0,0.0,0.0,0.0,0.0
repeat_2_fold_3,ALDH9A1,-0.11085559541315959,0.12800501570592787,0.06400250785296394,-0.17485810326612353,0.0,-0.00018895775056262942,1.0
repeat_2_fold_3,ALDOA,0.0,0.0,0.0,0.0,0.0,0.0,0.0
repeat_2_fold_3,ALDOB,0.0,0.0,0.0,0.0,0.0,0.0,0.0
repeat_2_fold_3,ALDOC,0.0,0.0,0.0,0.0,0.0,0.0,0.0
repeat_2_fold_3,ALG13,0.0,0.0,0.0,0.0,0.0,0.0,0.0
repeat_2_fold_3,ALG3,0.0,0.0,0.0,0.0,0.0,0.0,0.0
repeat_2_fold_3,ALG5,0.0,0.0,0.0,0.0,0.0,0.0,0.0
repeat_2_fold_3,ALG6,0.0,0.0,0.0,0.0,0.0,0.0,0.0
repeat_2_fold_3,ALG8,0.0,0.0,0.0,0.0,0.0,0.0,0.0
repeat_2_fold_3,ALG9,0.0,0.0,0.0,0.0,0.0,0.0,0.0
repeat_2_fold_3,ALK,0.0,0.0,0.0,0.0,0.0,0.0,0.0
repeat_2_fold_3,ALMS1,0.0,0.0,0.0,0.0,0.0,0.0,0.0
repeat_2_fold_3,ALOX12,0.0,0.0,0.0,0.0,0.0,0.0,0.0
repeat_2_fold_3,ALOX12B,0.0,0.0,0.0,0.0,0.0,0.0,0.0
repeat_2_fold_3,ALOX15,0.0,0.0,0.0,0.0,0.0,0.0,0.0
repeat_2_fold_3,ALOX15B,0.09030176427669012,0.12850026486577898,0.06425013243288949,0.026051631843800632,0.5,-0.0002001601281025056,0.5
repeat_2_fold_3,ALOX5,0.0,0.0,0.0,0.0,0.0,0.0,0.0
repeat_2_fold_3,ALOX5AP,0.0,0.0,0.0,0.0,0.0,0.0,0.0
repeat_2_fold_3,ALOXE3,0.0,0.0,0.0,0.0,0.0,0.0,0.0
repeat_2_fold_3,ALPG,0.0,0.0,0.0,0.0,0.0,0.0,0.0
repeat_2_fold_3,ALPI,0.0,0.0,0.0,0.0,0.0,0.0,0.0
repeat_2_fold_3,ALPK1,0.0,0.0,0.0,0.0,0.0,0.0,0.0
repeat_2_fold_3,ALPL,0.0,0.0,0.0,0.0,0.0,0.0,0.0
repeat_2_fold_3,ALPP,0.0,0.0,0.0,0.0,0.0,0.0,0.0
repeat_2_fold_3,ALS2CL,0.0,0.0,0.0,0.0,0.0,0.0,0.0
repeat_2_fold_3,ALX3,0.0,0.0,0.0,0.0,0.0,0.0,0.0
repeat_2_fold_3,AMACR,0.0,0.0,0.0,0.0,0.0,0.0,0.0
repeat_2_fold_3,AMBN,0.0,0.0,0.0,0.0,0.0,0.0,0.0
repeat_2_fold_3,AMBP,0.0,0.0,0.0,0.0,0.0,0.0,0.0
repeat_2_fold_3,AMBRA1,0.0,0.0,0.0,0.0,0.0,0.0,0.0
repeat_2_fold_3,AMD1,0.0,0.0,0.0,0.0,0.0,0.0,0.0
repeat_2_fold_3,AMDHD2,0.0,0.0,0.0,0.0,0.0,0.0,0.0
repeat_2_fold_3,AMELX,0.0,0.0,0.0,0.0,0.0,0.0,0.0
repeat_2_fold_3,AMFR,0.0,0.0,0.0,0.0,0.0,0.0,0.0
repeat_2_fold_3,AMH,0.0,0.0,0.0,0.0,0.0,0.0,0.0
repeat_2_fold_3,AMHR2,0.0,0.0,0.0,0.0,0.0,0.0,0.0
repeat_2_fold_3,AMIGO2,0.0,0.0,0.0,0.0,0.0,0.0,0.0
repeat_2_fold_3,AMN,0.0,0.0,0.0,0.0,0.0,0.0,0.0
repeat_2_fold_3,AMOT,0.0,0.0,0.0,0.0,0.0,0.0,0.0
repeat_2_fold_3,AMOTL2,0.0,0.0,0.0,0.0,0.0,0.0,0.0
repeat_2_fold_3,AMPD1,0.0,0.0,0.0,0.0,0.0,0.0,0.0
repeat_2_fold_3,AMPD2,0.0,0.0,0.0,0.0,0.0,0.0,0.0
repeat_2_fold_3,AMPD3,0.04337160260319983,0.09713757339582088,0.04856878669791044,-0.005197184094710608,0.25,0.0010288065843621352,0.5
repeat_2_fold_3,AMPH,0.0,0.0,0.0,0.0,0.0,0.0,0.0
repeat_2_fold_3,AMY1A,0.0,0.0,0.0,0.0,0.0,0.0,0.0
repeat_2_fold_3,ANAPC1,0.0,0.0,0.0,0.0,0.0,0.0,0.0
repeat_2_fold_3,ANAPC10,0.0,0.0,0.0,0.0,0.0,0.0,0.0
repeat_2_fold_3,ANAPC13,0.0,0.0,0.0,0.0,0.0,0.0,0.0
repeat_2_fold_3,ANAPC2,0.0,0.0,0.0,0.0,0.0,0.0,0.0
repeat_2_fold_3,ANAPC5,0.0,0.0,0.0,0.0,0.0,0.0,0.0
repeat_2_fold_3,ANG,0.0,0.0,0.0,0.0,0.0,0.0,0.0
repeat_2_fold_3,ANGPT2,0.0,0.0,0.0,0.0,0.0,0.0,0.0
repeat_2_fold_3,ANGPT4,0.0,0.0,0.0,0.0,0.0,0.0,0.0
repeat_2_fold_3,ANGPTL3,0.0,0.0,0.0,0.0,0.0,0.0,0.0
repeat_2_fold_3,ANGPTL4,0.0,0.0,0.0,0.0,0.0,0.0,0.0
repeat_2_fold_3,ANGPTL8,0.0,0.0,0.0,0.0,0.0,0.0,0.0
repeat_2_fold_3,ANK1,-0.0825005426690737,0.0952634210365598,0.0476317105182799,-0.1301322531873536,0.0,-2.7755575615628914e-17,0.5
repeat_2_fold_3,ANK2,0.0,0.0,0.0,0.0,0.0,0.0,0.0
repeat_2_fold_3,ANK3,0.0,0.0,0.0,0.0,0.0,0.0,0.0
repeat_2_fold_3,ANKH,0.0,0.0,0.0,0.0,0.0,0.0,0.0
repeat_2_fold_3,ANKLE2,0.0,0.0,0.0,0.0,0.0,0.0,0.0
repeat_2_fold_3,ANKRD1,0.0,0.0,0.0,0.0,0.0,0.0,0.0
repeat_2_fold_3,ANKRD26,0.0,0.0,0.0,0.0,0.0,0.0,0.0
repeat_2_fold_3,ANKRD27,0.0,0.0,0.0,0.0,0.0,0.0,0.0
repeat_2_fold_3,ANO1,0.0,0.0,0.0,0.0,0.0,0.0,0.0
repeat_2_fold_3,ANO10,0.0,0.0,0.0,0.0,0.0,0.0,0.0
repeat_2_fold_3,ANTXR1,0.0,0.0,0.0,0.0,0.0,0.0,0.0
repeat_2_fold_3,ANXA1,0.0,0.0,0.0,0.0,0.0,0.0,0.0
repeat_2_fold_3,AP1B1,-0.0591197068651681,0.1182394137303362,0.0591197068651681,-0.1182394137303362,0.0,0.003202562049639701,0.5
repeat_2_fold_3,AP1S1,-0.043481955930133154,0.12815830065368744,0.06407915032684372,-0.10756110625697687,0.25,-0.0024019215372297897,0.5
repeat_2_fold_3,AP3B1,0.0,0.0,0.0,0.0,0.0,0.0,0.0
repeat_2_fold_3,AP3S1,-0.0591197068651681,0.1182394137303362,0.0591197068651681,-0.1182394137303362,0.0,0.0012009607686148671,0.5
repeat_2_fold_3,APAF1,-0.031141988477822125,0.06228397695564424,0.03114198847782212,-0.06228397695564425,0.0,0.0018350482855419847,1.0
repeat_2_fold_3,APLNR,0.0,0.0,0.0,0.0,0.0,0.0,0.0
repeat_2_fold_3,APOM,0.05649420887597145,0.06523389340439413,0.032616946702197065,0.023877262173774387,0.5,0.0014403292181069949,0.5
repeat_2_fold_3,AQP8,0.07076645809835469,0.09978472083387713,0.049892360416938564,0.020874097681416126,0.5,-0.0010176042068223146,1.0
repeat_2_fold_3,AR,0.0,0.0,0.0,0.0,0.0,0.0,0.0
repeat_2_fold_3,ARHGAP10,0.0,0.0,0.0,0.0,0.0,0.0,0.0
repeat_2_fold_3,ARL4C,0.0,0.0,0.0,0.0,0.0,0.0,0.0
repeat_2_fold_3,ARPC1B,0.0,0.0,0.0,0.0,0.0,0.0,0.0
repeat_2_fold_3,ASH2L,-0.12101578115871447,0.16154582906353251,0.08077291453176626,-0.20178869569048075,0.0,-0.005144032921810704,0.5
repeat_2_fold_3,ASRGL1,0.0,0.0,0.0,0.0,0.0,0.0,0.0
repeat_2_fold_3,ASS1,0.0,0.0,0.0,0.0,0.0,-0.00040032025620498346,0.5
repeat_2_fold_3,ATAT1,0.0,0.0,0.0,0.0,0.0,0.0,0.0
repeat_2_fold_3,ATF1,0.0,0.0,0.0,0.0,0.0,-0.0012009607686149504,1.0
repeat_2_fold_3,ATF7IP,0.0,0.0,0.0,0.0,0.0,0.0,0.0
repeat_2_fold_3,ATG14,-0.16432425738972256,0.22650002253590737,0.11325001126795368,-0.27757426865767626,0.0,-0.0011897583910750464,1.0
repeat_2_fold_3,ATG4A,0.0,0.0,0.0,0.0,0.0,0.0,0.0
repeat_2_fold_3,ATN1,0.0026007618927703646,0.06818288116785855,0.034091440583929274,-0.03149067869115891,0.25,0.0006004803843074336,0.5
repeat_2_fold_3,ATP1B4,0.0,0.0,0.0,0.0,0.0,0.0,0.0
repeat_2_fold_3,ATP2B3,0.0,0.0,0.0,0.0,0.0,0.0,0.0
repeat_2_fold_3,ATP2C1,0.0,0.0,0.0,0.0,0.0,0.0,0.0
repeat_2_fold_3,ATP5F1C,0.0,0.0,0.0,0.0,0.0,0.0,0.0
repeat_2_fold_3,ATP7B,0.0,0.0,0.0,0.0,0.0,0.0,0.0
repeat_2_fold_3,ATP8B2,0.1075503140368923,0.21510062807378463,0.10755031403689232,-1.3877787807814457e-17,0.25,-0.0020576131687242705,0.5
repeat_2_fold_3,ATP9A,-0.02272193131682876,0.13199333264402632,0.06599666632201316,-0.08871859763884192,0.25,-0.0038926614542663385,1.0
repeat_2_fold_3,AURKAIP1,0.0,0.0,0.0,0.0,0.0,0.0,0.0
repeat_2_fold_3,AURKB,0.0,0.0,0.0,0.0,0.0,-0.0006172839506173033,0.5
repeat_2_fold_3,AUTS2,0.04717031917900805,0.0943406383580161,0.04717031917900805,0.0,0.25,-0.0016460905349794386,0.5
repeat_2_fold_3,AVEN,-0.026271342735714853,0.03033553360087578,0.01516776680043789,-0.04143910953615274,0.0,-0.0006004803843074613,0.5
repeat_2_fold_3,B3GALT1,0.0,0.0,0.0,0.0,0.0,0.0,0.0
repeat_2_fold_3,B3GALT5,0.04773790883112561,0.13594376782669337,0.06797188391334669,-0.02023397508222108,0.25,-0.003497942386831293,0.5
repeat_2_fold_3,B3GNT2,0.0,0.0,0.0,0.0,0.0,0.0,0.0
repeat_2_fold_3,B4GALT1,0.0,0.0,0.0,0.0,0.0,0.0,0.0
repeat_2_fold_3,B4GALT2,0.0,0.0,0.0,0.0,0.0,0.0,0.0
repeat_2_fold_3,B4GALT5,0.0,0.0,0.0,0.0,0.0,0.0,0.0
repeat_2_fold_3,BAK1,0.0,0.0,0.0,0.0,0.0,0.0,0.0
repeat_2_fold_3,BAP1,0.0,0.0,0.0,0.0,0.0,0.0,0.0
repeat_2_fold_3,BBC3,0.0,0.0,0.0,0.0,0.0,0.0,0.0
repeat_2_fold_3,BCKDHB,0.0,0.0,0.0,0.0,0.0,0.0,0.0
repeat_2_fold_3,BCL6,0.0,0.0,0.0,0.0,0.0,0.0,0.0
repeat_2_fold_3,BHLHE41,0.0,0.0,0.0,0.0,0.0,0.0,0.0
repeat_2_fold_3,BIRC7,-0.003798716575808214,0.007597433151616428,0.003798716575808214,-0.007597433151616428,0.0,-0.0020576131687242982,0.5
repeat_2_fold_3,BNIP3L,0.0,0.0,0.0,0.0,0.0,0.0,0.0
repeat_2_fold_3,BRD1,0.0,0.0,0.0,0.0,0.0,0.0,0.0
repeat_2_fold_3,BRD9,0.0,0.0,0.0,0.0,0.0,0.0,0.0
repeat_2_fold_3,BTD,0.0,0.0,0.0,0.0,0.0,0.0008230452674896915,0.5
repeat_2_fold_3,BTN2A1,0.0,0.0,0.0,0.0,0.0,0.0,0.0
repeat_2_fold_3,C2orf49,0.0,0.0,0.0,0.0,0.0,0.0,0.0
repeat_2_fold_3,C4BPA,0.0,0.0,0.0,0.0,0.0,0.0,0.0
repeat_2_fold_3,CA3,0.0,0.0,0.0,0.0,0.0,0.0,0.0
repeat_2_fold_3,CA5A,0.0,0.0,0.0,0.0,0.0,0.0,0.0
repeat_2_fold_3,CACNA1S,0.0,0.0,0.0,0.0,0.0,0.0,0.0
repeat_2_fold_3,CADM3,0.0,0.0,0.0,0.0,0.0,0.0,0.0
repeat_2_fold_3,CALCA,0.0,0.0,0.0,0.0,0.0,0.0,0.0
repeat_2_fold_3,CALD1,0.0,0.0,0.0,0.0,0.0,0.0,0.0
repeat_2_fold_3,CALU,0.0,0.0,0.0,0.0,0.0,0.0,0.0
repeat_2_fold_3,CAPN7,0.0,0.0,0.0,0.0,0.0,0.0,0.0
repeat_2_fold_3,CAPZB,0.0,0.0,0.0,0.0,0.0,0.0,0.0
repeat_2_fold_3,CASP10,0.0,0.0,0.0,0.0,0.0,0.0,0.0
repeat_2_fold_3,CASP3,0.0,0.0,0.0,0.0,0.0,0.0,0.0
repeat_2_fold_3,CASP5,0.0,0.0,0.0,0.0,0.0,0.0,0.0
repeat_2_fold_3,CASP9,0.0,0.0,0.0,0.0,0.0,0.0,0.0
repeat_2_fold_3,CAST,-0.08017715244242396,0.11431572283604152,0.05715786141802076,-0.13733501386044472,0.0,-0.0002001601281025056,0.5
repeat_2_fold_3,CCL11,0.0,0.0,0.0,0.0,0.0,0.0,0.0
repeat_2_fold_3,CCL19,0.0,0.0,0.0,0.0,0.0,0.0,0.0
repeat_2_fold_3,CCN2,0.0,0.0,0.0,0.0,0.0,0.0,0.0
repeat_2_fold_3,CCNA2,0.0,0.0,0.0,0.0,0.0,0.0,0.0
repeat_2_fold_3,CCNB2,0.0,0.0,0.0,0.0,0.0,0.0,0.0
repeat_2_fold_3,CCNG2,0.0,0.0,0.0,0.0,0.0,0.0,0.0
repeat_2_fold_3,CCZ1,-0.034311458981408194,0.10530213801145026,0.05265106900572513,-0.08696252798713333,0.25,0.00020016012810247785,0.5
repeat_2_fold_3,CD22,0.0,0.0,0.0,0.0,0.0,-0.0002057613168724437,0.5
repeat_2_fold_3,CD2AP,0.0,0.0,0.0,0.0,0.0,0.0,0.0
repeat_2_fold_3,CD300A,0.022156779847081864,0.04431355969416372,0.02215677984708186,3.469446951953614e-18,0.25,0.0006004803843074336,0.5
repeat_2_fold_3,CD40LG,-0.329730408951864,0.2372270163108202,0.1186135081554101,-0.4483439171072741,0.0,-0.002240969730516962,1.0
repeat_2_fold_3,CDC16,0.0,0.0,0.0,0.0,0.0,0.0,0.0
repeat_2_fold_3,CDC27,0.0,0.0,0.0,0.0,0.0,0.0,0.0
repeat_2_fold_3,CDC42EP3,0.0,0.0,0.0,0.0,0.0,0.00020576131687241594,0.5
repeat_2_fold_3,CDC42EP4,0.0,0.0,0.0,0.0,0.0,0.0,0.0
repeat_2_fold_3,CDC45,0.0,0.0,0.0,0.0,0.0,0.0,0.0
repeat_2_fold_3,CDH15,0.0,0.0,0.0,0.0,0.0,0.0,0.0
repeat_2_fold_3,CDK5RAP2,0.0,0.0,0.0,0.0,0.0,0.0,0.0
repeat_2_fold_3,CDKAL1,0.0,0.0,0.0,0.0,0.0,0.0,0.0
repeat_2_fold_3,CDKN1B,0.0,0.0,0.0,0.0,0.0,0.0,0.0
repeat_2_fold_3,CDS2,0.0,0.0,0.0,0.0,0.0,0.0,0.0
repeat_2_fold_3,CEBPB,0.0,0.0,0.0,0.0,0.0,0.0,0.0
repeat_2_fold_3,CENPE,0.0,0.0,0.0,0.0,0.0,0.0,0.0
repeat_2_fold_3,CEP162,0.0,0.0,0.0,0.0,0.0,0.0,0.0
repeat_2_fold_3,CEP97,0.07414777750654622,0.11821522946116932,0.05910761473058466,0.015040162775961562,0.5,0.0010008006405123893,0.5
repeat_2_fold_3,CFL1,0.0,0.0,0.0,0.0,0.0,0.0,0.0
repeat_2_fold_3,CHMP3,0.0,0.0,0.0,0.0,0.0,0.0,0.0
repeat_2_fold_3,CHPF,-0.09026169534299022,0.11379911598083152,0.05689955799041576,-0.147161253333406,0.0,-0.0002001601281025056,0.5
repeat_2_fold_3,CHRNA4,0.0,0.0,0.0,0.0,0.0,0.0,0.0
repeat_2_fold_3,CHST2,0.002895573078680158,0.005791146157360316,0.002895573078680158,0.0,0.25,0.0008230452674896915,0.5
repeat_2_fold_3,CHTOP,0.0,0.0,0.0,0.0,0.0,0.0,0.0
repeat_2_fold_3,CIT,0.0,0.0,0.0,0.0,0.0,0.0,0.0
repeat_2_fold_3,CKB,0.0,0.0,0.0,0.0,0.0,0.0,0.0
repeat_2_fold_3,CKM,0.0,0.0,0.0,0.0,0.0,-0.0016460905349794386,0.5
repeat_2_fold_3,CLCF1,0.0,0.0,0.0,0.0,0.0,-0.0018518518518518545,0.5
repeat_2_fold_3,CLCN4,-0.11813541186844567,0.16409241746026365,0.08204620873013183,-0.2001816205985775,0.0,-0.0002001601281025056,0.5
repeat_2_fold_3,CLCN5,-0.031141988477822125,0.06228397695564424,0.03114198847782212,-0.06228397695564425,0.0,-0.0008006405124099392,0.5
repeat_2_fold_3,CLDN1,-0.008665703825478488,0.017331407650956976,0.008665703825478488,-0.017331407650956976,0.0,0.0006004803843074336,0.5
repeat_2_fold_3,CLDN5,0.0,0.0,0.0,0.0,0.0,0.0,0.0
repeat_2_fold_3,CLOCK,0.0,0.0,0.0,0.0,0.0,-0.0016012810248198783,0.5
repeat_2_fold_3,CNDP2,-0.014806147171006145,0.09804421773667038,0.04902210886833519,-0.06382825603934134,0.25,0.001401120896717345,0.5
repeat_2_fold_3,CNPY3,0.0,0.0,0.0,0.0,0.0,0.0,0.0
repeat_2_fold_3,CNTRL,0.0,0.0,0.0,0.0,0.0,0.0,0.0
repeat_2_fold_3,COA4,0.0,0.0,0.0,0.0,0.0,0.0,0.0
repeat_2_fold_3,COASY,0.03796586885826336,0.07593173771652673,0.03796586885826336,0.0,0.25,-0.001234567901234579,0.5
repeat_2_fold_3,COL19A1,0.0,0.0,0.0,0.0,0.0,0.0,0.0
repeat_2_fold_3,COL4A5,0.0,0.0,0.0,0.0,0.0,-0.0006004803843074891,0.5
repeat_2_fold_3,COPB1,0.0,0.0,0.0,0.0,0.0,0.0,0.0
repeat_2_fold_3,COPB2,0.0,0.0,0.0,0.0,0.0,0.0,0.0
repeat_2_fold_3,COPG1,-0.09044220384927648,0.12427368725229113,0.06213684362614556,-0.15257904747542206,0.0,-0.004732510288065844,0.5
repeat_2_fold_3,COPS8,0.028247104437985726,0.05649420887597145,0.028247104437985726,0.0,0.25,0.00246913580246913,0.5
repeat_2_fold_3,COQ4,0.0031187582778571254,0.25365148518450076,0.12682574259225038,-0.12370698431439325,0.25,0.00020576131687241594,0.5
repeat_2_fold_3,COQ9,-0.10193807150962897,0.11770794605351122,0.05885397302675561,-0.16079204453638457,0.0,5.601188769910337e-06,1.0
repeat_2_fold_3,CORT,0.0,0.0,0.0,0.0,0.0,0.0,0.0
repeat_2_fold_3,COX17,0.0,0.0,0.0,0.0,0.0,0.0,0.0
repeat_2_fold_3,CPB2,0.04431355969416373,0.05116889123635196,0.02558444561817598,0.01872911407598775,0.5,-0.0004003202562050112,0.5
repeat_2_fold_3,CPOX,0.0,0.0,0.0,0.0,0.0,0.0,0.0
repeat_2_fold_3,CRADD,0.0,0.0,0.0,0.0,0.0,0.0,0.0
repeat_2_fold_3,CS,0.0,0.0,0.0,0.0,0.0,0.0,0.0
repeat_2_fold_3,CSAD,0.0,0.0,0.0,0.0,0.0,0.0,0.0
repeat_2_fold_3,CSF3,0.0,0.0,0.0,0.0,0.0,0.0,0.0
repeat_2_fold_3,CTDSP2,0.0,0.0,0.0,0.0,0.0,0.0,0.0
repeat_2_fold_3,CTSH,0.0,0.0,0.0,0.0,0.0,0.0,0.0
repeat_2_fold_3,CUL4A,0.0,0.0,0.0,0.0,0.0,0.0,0.0
repeat_2_fold_3,CUL5,-0.3342996437133685,0.620944798847446,0.310472399423723,-0.6447720431370916,0.25,-0.0010176042068222868,1.0
repeat_2_fold_3,CWC25,0.10746324463079127,0.14941679583469183,0.07470839791734592,0.03275484671344535,0.5,-0.0002113625056423818,1.0
repeat_2_fold_3,CXCL12,0.0,0.0,0.0,0.0,0.0,0.0,0.0
repeat_2_fold_3,CXXC1,0.0,0.0,0.0,0.0,0.0,0.0,0.0
repeat_2_fold_3,CYBA,0.0,0.0,0.0,0.0,0.0,0.0,0.0
repeat_2_fold_3,CYP2D6,0.0,0.0,0.0,0.0,0.0,0.0,0.0
repeat_2_fold_3,CYP46A1,0.0,0.0,0.0,0.0,0.0,0.0020576131687242705,0.5
repeat_2_fold_3,CYP4B1,0.0,0.0,0.0,0.0,0.0,0.0,0.0
repeat_2_fold_3,CYTH1,0.07921614019280554,0.15843228038561108,0.07921614019280554,0.0,0.25,-0.0006172839506172756,0.5
repeat_2_fold_3,CYTH2,0.0,0.0,0.0,0.0,0.0,0.0,0.0
repeat_2_fold_3,CYTH4,0.0,0.0,0.0,0.0,0.0,0.0,0.0
repeat_2_fold_3,DAP3,0.0,0.0,0.0,0.0,0.0,-0.0002001601281025056,0.5
repeat_2_fold_3,DBP,0.0,0.0,0.0,0.0,0.0,0.0,0.0
repeat_2_fold_3,DDX42,0.0,0.0,0.0,0.0,0.0,0.0,0.0
repeat_2_fold_3,DDX49,-0.02272193131682876,0.13199333264402632,0.06599666632201316,-0.08871859763884192,0.25,-0.0006172839506173033,0.5
repeat_2_fold_3,DEFA6,-0.17229356621504444,1.0852993516127463,0.5426496758063731,-0.7149432420214176,0.25,0.00576691806119789,1.0
repeat_2_fold_3,DEK,0.0,0.0,0.0,0.0,0.0,0.0,0.0
repeat_2_fold_3,DELE1,0.0,0.0,0.0,0.0,0.0,0.0,0.0
repeat_2_fold_3,DENND1A,0.0,0.0,0.0,0.0,0.0,0.0,0.0
repeat_2_fold_3,DENND5A,0.0,0.0,0.0,0.0,0.0,0.0,0.0
repeat_2_fold_3,DENND5B,0.0,0.0,0.0,0.0,0.0,0.0,0.0
repeat_2_fold_3,DFFA,0.0,0.0,0.0,0.0,0.0,0.00020576131687241594,0.5
repeat_2_fold_3,DKC1,0.12599728815543365,0.20567532407048653,0.10283766203524326,0.023159626120190388,0.5,-0.006378600823045255,0.5
repeat_2_fold_3,DLGAP5,-0.24544038048020056,0.28640371306852935,0.14320185653426468,-0.3886422370144652,0.0,0.0008006405124099114,0.5
repeat_2_fold_3,DNAJC10,0.0,0.0,0.0,0.0,0.0,0.0,0.0
repeat_2_fold_3,DNAJC11,0.0,0.0,0.0,0.0,0.0,0.0018518518518518268,0.5
repeat_2_fold_3,DNM1L,0.0,0.0,0.0,0.0,0.0,0.0,0.0
repeat_2_fold_3,DNMT3A,0.0,0.0,0.0,0.0,0.0,0.0,0.0
repeat_2_fold_3,DOCK3,-0.003927618262913768,0.15066177301183367,0.07533088650591684,-0.0792585047688306,0.25,-0.003703703703703709,0.5
repeat_2_fold_3,DOHH,0.0,0.0,0.0,0.0,0.0,0.0,0.0
repeat_2_fold_3,DPEP2,0.0,0.0,0.0,0.0,0.0,0.0,0.0
repeat_2_fold_3,DPYSL2,-0.050969035754814485,0.10193807150962897,0.050969035754814485,-0.10193807150962897,0.0,0.0008230452674896915,0.5
repeat_2_fold_3,DPYSL3,0.0,0.0,0.0,0.0,0.0,0.0004115226337448319,0.5
repeat_2_fold_3,DRG2,0.0,0.0,0.0,0.0,0.0,-0.0006172839506173033,0.5
repeat_2_fold_3,DSCAM,0.0,0.0,0.0,0.0,0.0,0.0,0.0
repeat_2_fold_3,DSG3,0.0,0.0,0.0,0.0,0.0,0.0,0.0
repeat_2_fold_3,DSN1,0.0,0.0,0.0,0.0,0.0,0.0,0.0
repeat_2_fold_3,DSP,-0.23564302407273452,0.3698364208052664,0.1849182104026332,-0.42056123447536775,0.25,-0.006321106267730275,1.0
repeat_2_fold_3,DTL,0.0,0.0,0.0,0.0,0.0,0.0,0.0
repeat_2_fold_3,DUSP1,-0.013511275607029916,0.07959241182607972,0.03979620591303986,-0.053307481520069776,0.25,-0.0024467310473893777,1.0
repeat_2_fold_3,DUSP10,0.0,0.0,0.0,0.0,0.0,0.0,0.0
repeat_2_fold_3,DUSP5,0.0,0.0,0.0,0.0,0.0,0.00020576131687241594,0.5
repeat_2_fold_3,DZIP1,0.0,0.0,0.0,0.0,0.0,0.0,0.0
repeat_2_fold_3,EBAG9,0.0,0.0,0.0,0.0,0.0,0.0,0.0
repeat_2_fold_3,ECI2,0.0,0.0,0.0,0.0,0.0,0.0,0.0
repeat_2_fold_3,ECM1,-0.23787625322172978,0.2902040972118228,0.1451020486059114,-0.38297830182764114,0.0,-0.0006340875169271454,1.0
repeat_2_fold_3,EDEM3,0.0,0.0,0.0,0.0,0.0,0.0,0.0
repeat_2_fold_3,EEF1A2,0.0,0.0,0.0,0.0,0.0,0.0,0.0
repeat_2_fold_3,EFNA1,0.0,0.0,0.0,0.0,0.0,0.0,0.0
repeat_2_fold_3,EFNA4,0.0,0.0,0.0,0.0,0.0,0.0,0.0
repeat_2_fold_3,EFNB1,0.0,0.0,0.0,0.0,0.0,0.0,0.0
repeat_2_fold_3,EIF2AK2,0.0,0.0,0.0,0.0,0.0,0.0,0.0
repeat_2_fold_3,EIF3C,0.0,0.0,0.0,0.0,0.0,0.0,0.0
repeat_2_fold_3,EIF4G3,0.0,0.0,0.0,0.0,0.0,0.0,0.0
repeat_2_fold_3,ENO1,0.0,0.0,0.0,0.0,0.0,0.0,0.0
repeat_2_fold_3,ENPEP,0.0,0.0,0.0,0.0,0.0,-0.0006172839506173033,0.5
repeat_2_fold_3,ENPP1,0.0,0.0,0.0,0.0,0.0,0.0,0.0
repeat_2_fold_3,ENTPD1,0.0,0.0,0.0,0.0,0.0,0.0,0.0
repeat_2_fold_3,ENTPD3,-0.1725588919684835,0.22249019481209195,0.11124509740604598,-0.2838039893745295,0.0,-0.0018014411529223562,0.5
repeat_2_fold_3,EPB41L3,0.0,0.0,0.0,0.0,0.0,0.0,0.0
repeat_2_fold_3,EPHA3,0.0,0.0,0.0,0.0,0.0,0.0,0.0
repeat_2_fold_3,EPHA4,0.0,0.0,0.0,0.0,0.0,0.0,0.0
repeat_2_fold_3,ERAL1,0.0,0.0,0.0,0.0,0.0,0.0,0.0
repeat_2_fold_3,EVL,0.0,0.0,0.0,0.0,0.0,0.0,0.0
repeat_2_fold_3,F10,0.30728045440055496,1.2721599654013762,0.6360799827006881,-0.32879952830013315,0.25,-0.0019847977147150198,1.0
repeat_2_fold_3,F11,0.0,0.0,0.0,0.0,0.0,0.0,0.0
repeat_2_fold_3,FAAP100,-0.14611313025579165,0.217266965487731,0.1086334827438655,-0.2547466129996572,0.0,0.0018014411529223007,0.5
repeat_2_fold_3,FAAP24,0.028247104437991055,0.2150790830745948,0.1075395415372974,-0.07929243709930635,0.25,-0.0006172839506172756,0.5
repeat_2_fold_3,FAF2,0.0,0.0,0.0,0.0,0.0,0.0,0.0
repeat_2_fold_3,FAH,-0.09176312296593636,0.18352624593187272,0.09176312296593636,-0.18352624593187272,0.0,0.0008006405124099114,0.5
repeat_2_fold_3,FAN1,-0.08518727029417228,0.16363477386554715,0.08181738693277357,-0.16700465722694585,0.0,-0.002674897119341574,0.5
repeat_2_fold_3,FASN,0.04431355969416373,0.05116889123635196,0.02558444561817598,0.01872911407598775,0.5,-0.00040032025620498346,0.5
repeat_2_fold_3,FBXO17,0.0,0.0,0.0,0.0,0.0,-0.00041152263374485964,0.5
repeat_2_fold_3,FCER1G,0.04431355969416373,0.05116889123635196,0.02558444561817598,0.01872911407598775,0.5,-0.0016012810248198783,0.5
repeat_2_fold_3,FCGR2B,0.0,0.0,0.0,0.0,0.0,-0.0016460905349794386,0.5
repeat_2_fold_3,FDX1,0.0,0.0,0.0,0.0,0.0,0.0,0.0
repeat_2_fold_3,FEN1,0.0,0.0,0.0,0.0,0.0,0.0,0.0
repeat_2_fold_3,FGF5,-0.050969035754814485,0.10193807150962897,0.050969035754814485,-0.10193807150962897,0.0,-0.0018126435304622879,1.0
repeat_2_fold_3,FGG,-0.20994344078016347,0.28375577715021977,0.14187788857510988,-0.3518213293552733,0.0,0.0004003202562049557,0.5
repeat_2_fold_3,FGR,0.0,0.0,0.0,0.0,0.0,0.0,0.0
repeat_2_fold_3,FIS1,0.0,0.0,0.0,0.0,0.0,0.0,0.0
repeat_2_fold_3,FKBP1A,0.0,0.0,0.0,0.0,0.0,0.0,0.0
repeat_2_fold_3,FKBP4,-0.15238425745404882,0.18315970740505008,0.09157985370252504,-0.24396411115657385,0.0,0.0006004803843074336,0.5
repeat_2_fold_3,FLOT1,0.0,0.0,0.0,0.0,0.0,0.0,0.0
repeat_2_fold_3,FOXJ2,0.0,0.0,0.0,0.0,0.0,0.0,0.0
repeat_2_fold_3,FOXO4,0.0,0.0,0.0,0.0,0.0,0.0,0.0
repeat_2_fold_3,FPR3,0.0,0.0,0.0,0.0,0.0,0.0,0.0
repeat_2_fold_3,FRAT1,0.0,0.0,0.0,0.0,0.0,0.0,0.0
repeat_2_fold_3,FSCN1,0.0,0.0,0.0,0.0,0.0,0.0,0.0
repeat_2_fold_3,FUS,0.0,0.0,0.0,0.0,0.0,0.0,0.0
repeat_2_fold_3,FUT1,0.0,0.0,0.0,0.0,0.0,0.0,0.0
repeat_2_fold_3,G3BP1,0.0,0.0,0.0,0.0,0.0,0.0,0.0
repeat_2_fold_3,GAB1,0.0,0.0,0.0,0.0,0.0,0.0032921810699588494,0.5
repeat_2_fold_3,GAP43,0.0,0.0,0.0,0.0,0.0,0.0,0.0
repeat_2_fold_3,GARS1,0.0,0.0,0.0,0.0,0.0,0.0,0.0
repeat_2_fold_3,GART,0.0,0.0,0.0,0.0,0.0,-0.0010008006405124448,0.5
repeat_2_fold_3,GAS2,0.0,0.0,0.0,0.0,0.0,0.0,0.0
repeat_2_fold_3,GATA6,0.0,0.0,0.0,0.0,0.0,0.0,0.0
repeat_2_fold_3,GATAD2A,0.0,0.0,0.0,0.0,0.0,0.0,0.0
repeat_2_fold_3,GCA,0.0,0.0,0.0,0.0,0.0,0.0,0.0
repeat_2_fold_3,GCSH,0.0,0.0,0.0,0.0,0.0,0.0,0.0
repeat_2_fold_3,GDI2,0.0,0.0,0.0,0.0,0.0,0.0,0.0
repeat_2_fold_3,GET3,0.0,0.0,0.0,0.0,0.0,0.0,0.0
repeat_2_fold_3,GINS2,0.04431355969416373,0.05116889123635196,0.02558444561817598,0.01872911407598775,0.5,-0.0010344077731320733,1.0
repeat_2_fold_3,GLB1L,0.0,0.0,0.0,0.0,0.0,-0.00041152263374485964,0.5
repeat_2_fold_3,GLP1R,0.0,0.0,0.0,0.0,0.0,0.0,0.0
repeat_2_fold_3,GLS2,0.0,0.0,0.0,0.0,0.0,0.0,0.0
repeat_2_fold_3,GLUD2,0.0,0.0,0.0,0.0,0.0,0.0,0.0
repeat_2_fold_3,GNAQ,0.0,0.0,0.0,0.0,0.0,0.0,0.0
repeat_2_fold_3,GNE,0.0,0.0,0.0,0.0,0.0,0.0,0.0
repeat_2_fold_3,GNG5,0.5085460169689355,0.6544774831773162,0.3272387415886581,0.1813072753802774,0.5,-0.001234567901234579,0.5
repeat_2_fold_3,GNMT,0.0,0.0,0.0,0.0,0.0,0.0,0.0
repeat_2_fold_3,GNRH1,0.0,0.0,0.0,0.0,0.0,0.0,0.0
repeat_2_fold_3,GOLGA1,0.0,0.0,0.0,0.0,0.0,0.0,0.0
repeat_2_fold_3,GOLGA5,0.0,0.0,0.0,0.0,0.0,0.0,0.0
repeat_2_fold_3,GPR37L1,0.04337160260319983,0.09713757339582088,0.04856878669791044,-0.005197184094710608,0.25,-0.0018518518518518545,0.5
repeat_2_fold_3,GPX5,0.0,0.0,0.0,0.0,0.0,0.0,0.0
repeat_2_fold_3,GRPR,0.0,0.0,0.0,0.0,0.0,0.0,0.0
repeat_2_fold_3,GSTA2,0.0,0.0,0.0,0.0,0.0,0.0,0.0
repeat_2_fold_3,GTF2H1,0.0,0.0,0.0,0.0,0.0,0.0,0.0
repeat_2_fold_3,GTPBP3,-0.1270664176697629,0.15235372027363894,0.07617686013681947,-0.20324327780658236,0.0,-0.0006172839506173033,0.5
repeat_2_fold_3,GTSE1,0.0,0.0,0.0,0.0,0.0,0.0,0.0
repeat_2_fold_3,GUCY1B1,0.0,0.0,0.0,0.0,0.0,0.00020576131687241594,0.5
repeat_2_fold_3,GUCY2C,0.0,0.0,0.0,0.0,0.0,0.0,0.0
repeat_2_fold_3,GYG1,0.0,0.0,0.0,0.0,0.0,0.0,0.0
repeat_2_fold_3,H2AC7,0.04717031917900805,0.0943406383580161,0.04717031917900805,0.0,0.25,-0.0018294470967721022,1.0
repeat_2_fold_3,H2AC8,0.15843228038561108,0.18294183945791764,0.09147091972895882,0.06696136065665226,0.5,-0.0002057613168724437,0.5
repeat_2_fold_3,H2BC3,-0.058439846578655974,0.6763162976594066,0.3381581488297033,-0.39659799540835927,0.25,-0.0009895982629725686,1.0
repeat_2_fold_3,H3C3,0.022156779847081864,0.04431355969416372,0.02215677984708186,3.469446951953614e-18,0.25,0.0004003202562049557,0.5
repeat_2_fold_3,H3C7,0.0,0.0,0.0,0.0,0.0,0.0,0.5
repeat_2_fold_3,H4C14,0.10926387419584671,0.126167054359347,0.0630835271796735,0.04618034701617321,0.5,0.0008230452674897193,0.5
repeat_2_fold_3,HAND1,0.0,0.0,0.0,0.0,0.0,0.0,0.0
repeat_2_fold_3,HAPLN1,-0.09659531814191524,0.11388872275572298,0.05694436137786149,-0.15353967951977673,0.0,0.0008286464562596296,1.0
repeat_2_fold_3,HARS1,0.0,0.0,0.0,0.0,0.0,0.0,0.0
repeat_2_fold_3,HDAC3,0.0,0.0,0.0,0.0,0.0,0.0,0.0
repeat_2_fold_3,HDC,-0.18574852644566064,0.23173841356222472,0.11586920678111236,-0.301617733226773,0.0,0.00040032025620492795,0.5
repeat_2_fold_3,HES1,0.0,0.0,0.0,0.0,0.0,0.0,0.0
repeat_2_fold_3,HIGD1A,0.0,0.0,0.0,0.0,0.0,0.0,0.0
repeat_2_fold_3,HLTF,0.0,0.0,0.0,0.0,0.0,0.0,0.0
repeat_2_fold_3,HNRNPC,0.0,0.0,0.0,0.0,0.0,0.0,0.0
repeat_2_fold_3,HNRNPUL1,0.0,0.0,0.0,0.0,0.0,0.0,0.0
repeat_2_fold_3,HOXB2,0.0,0.0,0.0,0.0,0.0,0.0,0.0
repeat_2_fold_3,HPRT1,0.0,0.0,0.0,0.0,0.0,0.0,0.0
repeat_2_fold_3,HPS1,0.0,0.0,0.0,0.0,0.0,0.0,0.0
repeat_2_fold_3,HRH2,0.0,0.0,0.0,0.0,0.0,0.0,0.0
repeat_2_fold_3,HSPD1,-0.07792143556591036,0.37597003966263204,0.18798501983131602,-0.26590645539722635,0.25,0.0071904437129950705,1.0
repeat_2_fold_3,HTATSF1,0.0,0.0,0.0,0.0,0.0,0.0,0.0
repeat_2_fold_3,HTN3,0.07795888741810231,0.1592880915359527,0.07964404576797635,-0.0016851583498740386,0.25,0.0018518518518518268,0.5
repeat_2_fold_3,HTR2C,0.0,0.0,0.0,0.0,0.0,0.0,0.0
repeat_2_fold_3,ICAM4,0.019576269162149273,0.14962055814853278,0.07481027907426639,-0.05523400991211712,0.25,-0.002802241793434773,0.5
repeat_2_fold_3,ID1,-0.22088454828201165,0.2550555068208966,0.1275277534104483,-0.34841230169245996,0.0,-0.0008006405124099669,0.5
repeat_2_fold_3,ID3,0.0,0.0,0.0,0.0,0.0,0.0,0.0
repeat_2_fold_3,IFT22,0.0,0.0,0.0,0.0,0.0,-0.00040032025620498346,0.5
repeat_2_fold_3,IFT52,0.0,0.0,0.0,0.0,0.0,0.0,0.0
repeat_2_fold_3,IGF1R,0.02997648067124281,0.17260967063615318,0.08630483531807659,-0.05632835464683378,0.25,-0.0007950393236400011,1.0
repeat_2_fold_3,IGLV3-19,0.0,0.0,0.0,0.0,0.0,0.0,0.0
repeat_2_fold_3,IK,0.0,0.0,0.0,0.0,0.0,0.0,0.0
repeat_2_fold_3,IL11RA,0.0,0.0,0.0,0.0,0.0,0.0,0.0
repeat_2_fold_3,IL1B,-0.031141988477822125,0.06228397695564424,0.03114198847782212,-0.06228397695564425,0.0,-2.7755575615628914e-17,0.5
repeat_2_fold_3,IL1R1,0.0,0.0,0.0,0.0,0.0,0.0,0.0
repeat_2_fold_3,IL1RAPL2,-0.10239514516878145,0.14350270516251995,0.07175135258125998,-0.17414649775004143,0.0,-0.0006172839506173033,0.5
repeat_2_fold_3,IL24,0.0,0.0,0.0,0.0,0.0,-0.00041152263374485964,0.5
repeat_2_fold_3,IL26,0.0,0.0,0.0,0.0,0.0,0.0,0.0
repeat_2_fold_3,IMPA2,0.0,0.0,0.0,0.0,0.0,0.0,0.0
repeat_2_fold_3,INPP1,0.0,0.0,0.0,0.0,0.0,0.0,0.0
repeat_2_fold_3,ITGA1,0.042198193390179384,0.2622365832086397,0.13111829160431984,-0.08892009821414046,0.5,0.0010008006405123893,1.0
repeat_2_fold_3,ITGA4,0.0,0.0,0.0,0.0,0.0,0.0,0.0
repeat_2_fold_3,ITGA8,0.0,0.0,0.0,0.0,0.0,0.0,0.0
repeat_2_fold_3,JADE2,0.0,0.0,0.0,0.0,0.0,0.0,0.0
repeat_2_fold_3,JAG2,-0.041878805066572156,0.08375761013314433,0.04187880506657216,-0.08375761013314431,0.0,0.0010008006405123893,0.5
repeat_2_fold_3,JUP,0.0,0.0,0.0,0.0,0.0,0.0,0.0
repeat_2_fold_3,KAT2B,0.0,0.0,0.0,0.0,0.0,0.0,0.0
repeat_2_fold_3,KCMF1,-0.12347260399034177,0.16291211554443952,0.08145605777221976,-0.20492866176256153,0.0,-0.0018014411529223562,0.5
repeat_2_fold_3,KCNA2,-0.17409084864313762,0.22074537109507156,0.11037268554753578,-0.2844635341906734,0.0,-0.0006004803843074891,0.5
repeat_2_fold_3,KCNC3,0.0,0.0,0.0,0.0,0.0,0.0,0.0
repeat_2_fold_3,KCNIP2,0.0,0.0,0.0,0.0,0.0,0.0,0.0
repeat_2_fold_3,KDELR1,-0.09176312296593636,0.18352624593187272,0.09176312296593636,-0.18352624593187272,0.0,0.002201761409127284,0.5
repeat_2_fold_3,KDELR3,0.0,0.0,0.0,0.0,0.0,0.0,0.0
repeat_2_fold_3,KDM6A,0.0,0.0,0.0,0.0,0.0,0.0,0.0
repeat_2_fold_3,KDM7A,0.0,0.0,0.0,0.0,0.0,0.0,0.0
repeat_2_fold_3,KIF13A,0.0,0.0,0.0,0.0,0.0,0.0,0.0
repeat_2_fold_3,KIT,-0.18305723305966914,0.3414065273447109,0.17070326367235544,-0.3537604967320246,0.0,-0.002001601281024834,0.5
repeat_2_fold_3,KLF9,0.0,0.0,0.0,0.0,0.0,0.0,0.0
repeat_2_fold_3,KLHDC10,0.0,0.0,0.0,0.0,0.0,0.0,0.0
repeat_2_fold_3,KLHL21,-0.10193807150962897,0.11770794605351122,0.05885397302675561,-0.16079204453638457,0.0,0.0018518518518518545,0.5
repeat_2_fold_3,KLHL5,0.0,0.0,0.0,0.0,0.0,0.0,0.0
repeat_2_fold_3,KLK12,-0.07967770708684618,0.09447136237108018,0.04723568118554009,-0.12691338827238627,0.0,-0.0018014411529223562,0.5
repeat_2_fold_3,KMT5B,0.0,0.0,0.0,0.0,0.0,0.0,0.0
repeat_2_fold_3,KRT36,0.0,0.0,0.0,0.0,0.0,0.0,0.0
repeat_2_fold_3,KRT38,-0.2269150248867131,0.26206553152329015,0.13103276576164508,-0.3579477906483582,0.0,0.0006004803843074058,0.5
repeat_2_fold_3,KRT81,0.0,0.0,0.0,0.0,0.0,0.0,0.0
repeat_2_fold_3,KRT83,0.0,0.0,0.0,0.0,0.0,0.0,0.0
repeat_2_fold_3,KRTAP1-1,-0.0195560179543115,0.039112035908623,0.0195560179543115,-0.039112035908623,0.0,-0.0006004803843074613,0.5
repeat_2_fold_3,KRTAP1-3,-0.0825005426690737,0.0952634210365598,0.0476317105182799,-0.1301322531873536,0.0,0.001234567901234579,0.5
repeat_2_fold_3,KTN1,-0.24547023945097557,0.2994867212492116,0.1497433606246058,-0.3952136000755814,0.25,0.0032641751261091034,1.0
repeat_2_fold_3,KYNU,0.0,0.0,0.0,0.0,0.0,-0.0008006405124099669,0.5
repeat_2_fold_3,LAMB1,0.0,0.0,0.0,0.0,0.0,0.0,0.0
repeat_2_fold_3,LAMC1,0.0,0.0,0.0,0.0,0.0,0.0,0.0
repeat_2_fold_3,LAMC2,0.0,0.0,0.0,0.0,0.0,0.0,0.0
repeat_2_fold_3,LCP2,0.0,0.0,0.0,0.0,0.0,0.0,0.0
repeat_2_fold_3,LDHAL6B,0.0,0.0,0.0,0.0,0.0,0.0,0.0
repeat_2_fold_3,LDLRAP1,0.0,0.0,0.0,0.0,0.0,0.0,0.0
repeat_2_fold_3,LEMD3,0.0,0.0,0.0,0.0,0.0,0.0,0.0
repeat_2_fold_3,LEP,0.0,0.0,0.0,0.0,0.0,0.0,0.0
repeat_2_fold_3,LETM1,0.0,0.0,0.0,0.0,0.0,0.0,0.0
repeat_2_fold_3,LIAS,-0.04125027133453685,0.0825005426690737,0.04125027133453685,-0.0825005426690737,0.0,0.00020576131687241594,0.5
repeat_2_fold_3,LIPA,0.0,0.0,0.0,0.0,0.0,0.0,0.0
repeat_2_fold_3,LMO1,0.0,0.0,0.0,0.0,0.0,0.0,0.0
repeat_2_fold_3,LOX,0.0,0.0,0.0,0.0,0.0,0.0,0.0
repeat_2_fold_3,LRP8,0.0,0.0,0.0,0.0,0.0,0.0,0.0
repeat_2_fold_3,LTBP2,0.0,0.0,0.0,0.0,0.0,0.0,0.0
repeat_2_fold_3,LTBP3,0.0,0.0,0.0,0.0,0.0,0.0,0.0
repeat_2_fold_3,LY6E,0.0,0.0,0.0,0.0,0.0,0.0,0.0
repeat_2_fold_3,LY6H,0.0,0.0,0.0,0.0,0.0,0.0,0.0
repeat_2_fold_3,LYN,0.0,0.0,0.0,0.0,0.0,0.0,0.0
repeat_2_fold_3,LYRM4,0.013171571216341604,0.053080281097130234,0.026540140548565117,-0.013368569332223513,0.25,-0.0002001601281025056,0.5
repeat_2_fold_3,MAEA,0.0,0.0,0.0,0.0,0.0,0.0,0.0
repeat_2_fold_3,MAIP1,0.0,0.0,0.0,0.0,0.0,0.0,0.0
repeat_2_fold_3,MAMLD1,0.0,0.0,0.0,0.0,0.0,0.0,0.0
repeat_2_fold_3,MAN1C1,0.0,0.0,0.0,0.0,0.0,0.0,0.0
repeat_2_fold_3,MAP2K3,0.0,0.0,0.0,0.0,0.0,0.0020016012810248063,0.5
repeat_2_fold_3,MAP4K4,-0.3285083049526989,0.4457396019094256,0.2228698009547128,-0.5513781059074117,0.0,0.0006116827618473097,1.0
repeat_2_fold_3,MAPK1,0.04431355969416373,0.05116889123635196,0.02558444561817598,0.01872911407598775,0.5,0.00020016012810247785,0.5
repeat_2_fold_3,MAPK14,0.13991392453870866,0.24497542420593316,0.12248771210296658,0.017426212435742078,0.5,-0.002201761409127312,0.5
repeat_2_fold_3,MAPK6,0.0,0.0,0.0,0.0,0.0,0.0,0.0
repeat_2_fold_3,MAT2A,0.0,0.0,0.0,0.0,0.0,0.0,0.0
repeat_2_fold_3,MBD4,0.0,0.0,0.0,0.0,0.0,0.0,0.0
repeat_2_fold_3,MCCC1,0.0,0.0,0.0,0.0,0.0,0.0,0.0
repeat_2_fold_3,MCL1,0.0,0.0,0.0,0.0,0.0,0.0,0.0
repeat_2_fold_3,MCOLN1,-0.13346957842389529,0.1751563628160275,0.08757818140801375,-0.22104775983190905,0.0,-2.7755575615628914e-17,0.5
repeat_2_fold_3,MDH2,0.0,0.0,0.0,0.0,0.0,0.0,0.0
repeat_2_fold_3,MED13,0.0,0.0,0.0,0.0,0.0,0.0,0.0
repeat_2_fold_3,MFAP4,0.0,0.0,0.0,0.0,0.0,0.0,0.0
repeat_2_fold_3,MIOS,0.0,0.0,0.0,0.0,0.0,0.0,0.0
repeat_2_fold_3,MLEC,0.0,0.0,0.0,0.0,0.0,0.0,0.0
repeat_2_fold_3,MLX,0.0,0.0,0.0,0.0,0.0,0.0,0.0
repeat_2_fold_3,MLYCD,0.0,0.0,0.0,0.0,0.0,0.0,0.0
repeat_2_fold_3,MMACHC,0.0,0.0,0.0,0.0,0.0,0.0,0.0
repeat_2_fold_3,MMP13,0.0,0.0,0.0,0.0,0.0,0.0,0.0
repeat_2_fold_3,MMP19,0.04431355969416373,0.05116889123635196,0.02558444561817598,0.01872911407598775,0.5,0.001412323274257249,1.0
repeat_2_fold_3,MMP20,0.0,0.0,0.0,0.0,0.0,0.0,0.0
repeat_2_fold_3,MOGAT2,0.43035475768274445,0.9309287193264019,0.46546435966320093,-0.035109601980456484,0.25,-0.002263374485596714,0.5
repeat_2_fold_3,MOGS,0.0,0.0,0.0,0.0,0.0,0.0,0.0
repeat_2_fold_3,MORF4L1,0.0,0.0,0.0,0.0,0.0,0.0008230452674896915,0.5
repeat_2_fold_3,MRC1,0.0,0.0,0.0,0.0,0.0,0.0,0.0
repeat_2_fold_3,MRPL28,0.024757541739854005,0.042861195339672635,0.021430597669836318,0.003326944070017688,0.5,-0.0002001601281025056,0.5
repeat_2_fold_3,MRPL39,0.0,0.0,0.0,0.0,0.0,-2.7755575615628914e-17,0.5
repeat_2_fold_3,MRPS35,0.0,0.0,0.0,0.0,0.0,0.0,0.0
repeat_2_fold_3,MSH5,0.0,0.0,0.0,0.0,0.0,0.0,0.0
repeat_2_fold_3,MSL1,-0.06292581069860503,0.12244223325481121,0.061221116627405606,-0.12414692732601064,0.25,-0.003286579881188939,1.0
repeat_2_fold_3,MSL3,0.013171571216341604,0.053080281097130234,0.026540140548565117,-0.013368569332223513,0.25,0.0002001601281024501,0.5
repeat_2_fold_3,MSRB1,0.0,0.0,0.0,0.0,0.0,0.0,0.0
repeat_2_fold_3,MT1M,0.0,0.0,0.0,0.0,0.0,0.0,0.0
repeat_2_fold_3,MTERF3,-0.14527617177742158,0.17735049654240853,0.08867524827120427,-0.23395142004862585,0.0,-0.0008006405124099669,0.5
repeat_2_fold_3,MTHFD2,0.0,0.0,0.0,0.0,0.0,-0.0002001601281025056,0.5
repeat_2_fold_3,MTMR2,0.0,0.0,0.0,0.0,0.0,-0.003909465020576153,0.5
repeat_2_fold_3,MTO1,0.0,0.0,0.0,0.0,0.0,0.0,0.0
repeat_2_fold_3,MUC13,0.0,0.0,0.0,0.0,0.0,-0.0006004803843074613,0.5
repeat_2_fold_3,MUC16,0.0,0.0,0.0,0.0,0.0,0.0010008006405123893,1.0
repeat_2_fold_3,MX1,0.04431355969416373,0.05116889123635196,0.02558444561817598,0.01872911407598775,0.5,-0.0002001601281025056,0.5
repeat_2_fold_3,MYBBP1A,-0.10193807150962897,0.11770794605351122,0.05885397302675561,-0.16079204453638457,0.0,-2.7755575615628914e-17,0.5
repeat_2_fold_3,MYBL1,0.0,0.0,0.0,0.0,0.0,0.0,0.0
repeat_2_fold_3,MYH8,0.0,0.0,0.0,0.0,0.0,0.0,0.0
repeat_2_fold_3,MYL7,0.0,0.0,0.0,0.0,0.0,0.0,0.0
repeat_2_fold_3,NAB2,0.0,0.0,0.0,0.0,0.0,0.0,0.0
repeat_2_fold_3,NADK,0.0,0.0,0.0,0.0,0.0,0.0,0.0
repeat_2_fold_3,NAMPT,-0.0575997265912811,0.09466360281711468,0.04733180140855734,-0.10493152799983843,0.0,0.0006172839506172756,0.5
repeat_2_fold_3,NARS2,0.0,0.0,0.0,0.0,0.0,0.0,0.0
repeat_2_fold_3,NBEAL2,-0.3971644564517316,0.27597443362565055,0.13798721681282528,-0.5351516732645569,0.0,0.006672498492621248,1.0
repeat_2_fold_3,NCALD,0.0,0.0,0.0,0.0,0.0,0.0,0.0
repeat_2_fold_3,NCAM1,-0.03009647982964303,0.2061552517362744,0.1030776258681372,-0.1331741056977802,0.25,-0.001234567901234579,0.5
repeat_2_fold_3,NCAPH2,0.0,0.0,0.0,0.0,0.0,0.0,0.0
repeat_2_fold_3,NCOA6,0.0,0.0,0.0,0.0,0.0,0.0,0.0
repeat_2_fold_3,NDUFB2,0.0,0.0,0.0,0.0,0.0,0.0,0.0
repeat_2_fold_3,NDUFS3,0.0,0.0,0.0,0.0,0.0,0.0,0.0
repeat_2_fold_3,NDUFS7,0.0,0.0,0.0,0.0,0.0,0.0,0.0
repeat_2_fold_3,NEK2,0.0,0.0,0.0,0.0,0.0,0.0,0.0
repeat_2_fold_3,NFKBIA,0.0,0.0,0.0,0.0,0.0,0.0,0.0
repeat_2_fold_3,NMB,0.0,0.0,0.0,0.0,0.0,-0.00040032025620498346,0.5
repeat_2_fold_3,NMRK1,0.0,0.0,0.0,0.0,0.0,0.0,0.0
repeat_2_fold_3,NMRK2,0.0,0.0,0.0,0.0,0.0,0.0,0.0
repeat_2_fold_3,NOP10,-0.013003166896552898,0.28035526870742855,0.14017763435371428,-0.15318080125026717,0.25,-0.0018462506630819442,1.0
repeat_2_fold_3,NOTCH2,0.0,0.0,0.0,0.0,0.0,0.0,0.0
repeat_2_fold_3,NOTCH2NLA,0.0,0.0,0.0,0.0,0.0,0.0,0.0
repeat_2_fold_3,NOX1,-0.329659324600275,0.2056983219676912,0.1028491609838456,-0.43250848558412064,0.0,-0.000806241701179905,1.0
repeat_2_fold_3,NPHP4,0.16750782901924843,0.23269226177316585,0.11634613088658292,0.05116169813266551,0.5,0.0006172839506172756,0.5
repeat_2_fold_3,NPR1,0.0,0.0,0.0,0.0,0.0,-0.0020576131687242705,0.5
repeat_2_fold_3,NR1D1,-0.15238425745404882,0.18315970740505008,0.09157985370252504,-0.24396411115657385,0.0,-0.0008006405124099669,0.5
repeat_2_fold_3,NR4A3,0.0,0.0,0.0,0.0,0.0,0.0,0.0
repeat_2_fold_3,NUDT3,0.0,0.0,0.0,0.0,0.0,-0.0002057613168724437,0.5
repeat_2_fold_3,NUP153,-0.031141988477822125,0.06228397695564424,0.03114198847782212,-0.06228397695564425,0.0,0.00020016012810247785,0.5
repeat_2_fold_3,NUP160,0.0,0.0,0.0,0.0,0.0,0.0,0.0
repeat_2_fold_3,OAT,0.0,0.0,0.0,0.0,0.0,0.0,0.0
repeat_2_fold_3,OCRL,0.0,0.0,0.0,0.0,0.0,0.0,0.0
repeat_2_fold_3,OGG1,0.0,0.0,0.0,0.0,0.0,0.0,0.0
repeat_2_fold_3,OGN,0.0,0.0,0.0,0.0,0.0,0.0,0.0
repeat_2_fold_3,OPTN,0.0,0.0,0.0,0.0,0.0,0.0,0.0
repeat_2_fold_3,OR12D3,0.0,0.0,0.0,0.0,0.0,0.0,0.0
repeat_2_fold_3,ORC3,-0.23460798126936133,0.2884227193282736,0.1442113596641368,-0.3788193409334981,0.0,0.0008006405124099114,0.5
repeat_2_fold_3,OSBPL8,-0.3408022816717846,0.4283170844517944,0.2141585422258972,-0.5549608238976818,0.0,0.0030024019215372233,0.5
repeat_2_fold_3,OTUB1,0.0,0.0,0.0,0.0,0.0,0.0,0.0
repeat_2_fold_3,OXA1L,0.04431355969416373,0.05116889123635196,0.02558444561817598,0.01872911407598775,0.5,0.0002001601281024501,0.5
repeat_2_fold_3,OXCT1,0.0,0.0,0.0,0.0,0.0,0.0010008006405123893,0.5
repeat_2_fold_3,OXTR,0.0,0.0,0.0,0.0,0.0,0.0,0.0
repeat_2_fold_3,P2RX4,0.0,0.0,0.0,0.0,0.0,0.0006172839506172756,0.5
repeat_2_fold_3,P2RY13,0.0,0.0,0.0,0.0,0.0,0.0,0.0
repeat_2_fold_3,P2RY14,0.0,0.0,0.0,0.0,0.0,0.0,0.0
repeat_2_fold_3,PACSIN3,0.0,0.0,0.0,0.0,0.0,0.0,0.0
repeat_2_fold_3,PAK2,0.0,0.0,0.0,0.0,0.0,0.0,0.0
repeat_2_fold_3,PAK5,0.0,0.0,0.0,0.0,0.0,0.0,0.0
repeat_2_fold_3,PAOX,0.0,0.0,0.0,0.0,0.0,0.0,0.0
repeat_2_fold_3,PARD6B,0.0,0.0,0.0,0.0,0.0,0.0,0.0
repeat_2_fold_3,PAX3,-0.10193807150962897,0.11770794605351122,0.05885397302675561,-0.16079204453638457,0.0,-0.0006172839506173033,0.5
repeat_2_fold_3,PAX7,0.0,0.0,0.0,0.0,0.0,0.0,0.0
repeat_2_fold_3,PCF11,0.0,0.0,0.0,0.0,0.0,0.0,0.0
repeat_2_fold_3,PCNT,0.0,0.0,0.0,0.0,0.0,0.0,0.0
repeat_2_fold_3,PDCD11,0.0,0.0,0.0,0.0,0.0,-0.00041152263374485964,0.5
repeat_2_fold_3,PDE6D,0.0,0.0,0.0,0.0,0.0,0.0,0.0
repeat_2_fold_3,PDE8B,0.0,0.0,0.0,0.0,0.0,0.0,0.0
repeat_2_fold_3,PDK1,-0.25773506682604364,0.11243702060935853,0.05621851030467927,-0.3139535771307229,0.0,-0.0012121631461548543,1.0
repeat_2_fold_3,PDPK1,-0.025128346160132153,0.05025669232026431,0.025128346160132153,-0.05025669232026431,0.0,0.0012345679012345512,0.5
repeat_2_fold_3,PELI2,0.0,0.0,0.0,0.0,0.0,0.0,0.0
repeat_2_fold_3,PER2,0.0,0.0,0.0,0.0,0.0,0.0,0.0
repeat_2_fold_3,PER3,0.07921614019280554,0.15843228038561108,0.07921614019280554,0.0,0.25,-0.00041152263374485964,0.5
repeat_2_fold_3,PEX5,0.0,0.0,0.0,0.0,0.0,0.0,0.0
repeat_2_fold_3,PFKFB4,0.0,0.0,0.0,0.0,0.0,0.0,0.0
repeat_2_fold_3,PFKP,0.0,0.0,0.0,0.0,0.0,0.0,0.0
repeat_2_fold_3,PGF,0.0,0.0,0.0,0.0,0.0,0.0,0.5
repeat_2_fold_3,PGLS,0.0,0.0,0.0,0.0,0.0,0.0,0.0
repeat_2_fold_3,PGRMC2,0.0,0.0,0.0,0.0,0.0,0.0,0.0
repeat_2_fold_3,PGS1,0.06707510883390277,0.11369406572981358,0.05684703286490679,0.010228075968995984,0.5,0.0010288065843621352,0.5
repeat_2_fold_3,PHKG2,-0.006255333608734759,0.09681190476522589,0.04840595238261294,-0.0546612859913477,0.25,-2.7755575615628914e-17,0.5
repeat_2_fold_3,PIGV,0.0,0.0,0.0,0.0,0.0,0.0,0.0
repeat_2_fold_3,PIK3R5,-0.16255920599774143,0.10989044955828567,0.054945224779142834,-0.21750443077688425,0.0,-0.0002001601281025056,1.0
repeat_2_fold_3,PIP5K1B,0.0,0.0,0.0,0.0,0.0,0.0,0.0
repeat_2_fold_3,PITRM1,-0.019722025219488515,0.03944405043897703,0.019722025219488515,-0.03944405043897703,0.0,0.0014011208967173727,0.5
repeat_2_fold_3,PIWIL1,0.0,0.0,0.0,0.0,0.0,0.0,0.0
repeat_2_fold_3,PKM,0.0,0.0,0.0,0.0,0.0,-0.0016460905349794386,0.5
repeat_2_fold_3,PKP3,0.0,0.0,0.0,0.0,0.0,0.0010288065843621352,0.5
repeat_2_fold_3,PLA2G10,-0.1357414454388728,0.22241170707245883,0.11120585353622942,-0.2469472989751022,0.0,0.0010008006405123893,0.5
repeat_2_fold_3,PLA2G2A,0.0,0.0,0.0,0.0,0.0,-0.0014403292181069949,0.5
repeat_2_fold_3,PLA2G6,-0.0825005426690737,0.0952634210365598,0.0476317105182799,-0.1301322531873536,0.0,-0.0008230452674897193,0.5
repeat_2_fold_3,PLAUR,-0.12768317593960354,0.14824017767282988,0.07412008883641494,-0.20180326477601848,0.0,-0.0014179244630272425,1.0
repeat_2_fold_3,PLBD1,0.0,0.0,0.0,0.0,0.0,0.0,0.0
repeat_2_fold_3,PLEKHA2,0.0,0.0,0.0,0.0,0.0,0.0,0.5
repeat_2_fold_3,PLOD1,0.0,0.0,0.0,0.0,0.0,0.0,0.0
repeat_2_fold_3,PLOD3,0.0,0.0,0.0,0.0,0.0,0.0,0.0
repeat_2_fold_3,PMPCA,-0.2564718546293179,0.3076543938260346,0.1538271969130173,-0.41029905154233515,0.0,0.00020016012810247785,0.5
repeat_2_fold_3,PNLIP,0.0,0.0,0.0,0.0,0.0,0.0,0.0
repeat_2_fold_3,POLR2G,0.0,0.0,0.0,0.0,0.0,0.0,0.0
repeat_2_fold_3,POLR3G,-0.14059022233273843,0.22311816487535263,0.11155908243767632,-0.25214930477041475,0.0,-0.002001601281024834,0.5
repeat_2_fold_3,POLR3K,0.0,0.0,0.0,0.0,0.0,-0.0002057613168724437,0.5
repeat_2_fold_3,POMT1,0.0,0.0,0.0,0.0,0.0,0.0,0.0
repeat_2_fold_3,PORCN,0.0,0.0,0.0,0.0,0.0,0.0,0.0
repeat_2_fold_3,POU3F1,0.0,0.0,0.0,0.0,0.0,0.0,0.0
repeat_2_fold_3,POU4F1,0.0,0.0,0.0,0.0,0.0,0.0,0.0
repeat_2_fold_3,PPA2,0.04717031917900805,0.0943406383580161,0.04717031917900805,0.0,0.25,0.0014403292181069949,0.5
repeat_2_fold_3,PPARD,-0.06228397695564425,0.07191934172308331,0.03595967086154166,-0.0982436478171859,0.0,-0.0006340875169271454,1.0
repeat_2_fold_3,PPFIBP2,0.0,0.0,0.0,0.0,0.0,0.0,0.0
repeat_2_fold_3,PPIA,0.0,0.0,0.0,0.0,0.0,0.0,0.0
repeat_2_fold_3,PPP1R12B,0.0,0.0,0.0,0.0,0.0,0.0,0.0
repeat_2_fold_3,PPP1R13B,0.04008720012692102,0.0653481081825262,0.0326740540912631,0.0074131460356579165,0.5,0.00020576131687241594,0.5
repeat_2_fold_3,PPP1R3C,-0.1580057042165386,0.3160114084330772,0.1580057042165386,-0.3160114084330772,0.0,-0.0006004803843074613,0.5
repeat_2_fold_3,PPP2CB,0.0,0.0,0.0,0.0,0.0,-0.00041152263374485964,0.5
repeat_2_fold_3,PQBP1,0.0,0.0,0.0,0.0,0.0,0.0,0.0
repeat_2_fold_3,PRC1,0.0,0.0,0.0,0.0,0.0,0.0,0.0
repeat_2_fold_3,PRCC,0.0,0.0,0.0,0.0,0.0,0.0,0.0
repeat_2_fold_3,PRIM2,0.0,0.0,0.0,0.0,0.0,0.0,0.0
repeat_2_fold_3,PRKAR1A,0.0,0.0,0.0,0.0,0.0,0.0,0.0
repeat_2_fold_3,PRKAR2A,0.0,0.0,0.0,0.0,0.0,0.0,0.0
repeat_2_fold_3,PRKCE,-0.10193807150962897,0.11770794605351122,0.05885397302675561,-0.16079204453638457,0.0,-0.0002057613168724437,0.5
repeat_2_fold_3,PRKRIP1,0.0,0.0,0.0,0.0,0.0,0.0,0.0
repeat_2_fold_3,PRODH2,0.0,0.0,0.0,0.0,0.0,0.0,0.0
repeat_2_fold_3,PRX,0.0,0.0,0.0,0.0,0.0,0.0,0.0
repeat_2_fold_3,PSEN1,0.0,0.0,0.0,0.0,0.0,0.0,0.0
repeat_2_fold_3,PSMB1,-0.18877290063943164,0.21818333167867124,0.10909166583933562,-0.29786456647876725,0.0,0.0008006405124099114,0.5
repeat_2_fold_3,PSMD12,0.0,0.0,0.0,0.0,0.0,0.0,0.0
repeat_2_fold_3,PSME3,0.0,0.0,0.0,0.0,0.0,0.0,0.0
repeat_2_fold_3,PSPN,0.0,0.0,0.0,0.0,0.0,-0.0004003202562050112,0.5
repeat_2_fold_3,PTAFR,0.0,0.0,0.0,0.0,0.0,0.0,0.0
repeat_2_fold_3,PTDSS2,0.0,0.0,0.0,0.0,0.0,0.0,0.0
repeat_2_fold_3,PTGIS,0.0,0.0,0.0,0.0,0.0,0.0,0.0
repeat_2_fold_3,PTK2,-0.10122572807508057,0.1434913852739675,0.07174569263698374,-0.1729714207120643,0.0,0.002674897119341574,0.5
repeat_2_fold_3,PTPN18,0.0,0.0,0.0,0.0,0.0,0.0,0.0
repeat_2_fold_3,RAB11FIP3,-0.02881225590773262,0.12396190761884754,0.06198095380942377,-0.09079320971715639,0.25,-0.003486740009291417,1.0
repeat_2_fold_3,RAB30,-0.006357623068668161,0.054582227116029176,0.027291113558014588,-0.033648736626682746,0.25,-0.0018518518518518545,0.5
repeat_2_fold_3,RAB31,0.0,0.0,0.0,0.0,0.0,0.0,0.0
repeat_2_fold_3,RAB38,0.10926387419584671,0.126167054359347,0.0630835271796735,0.04618034701617321,0.5,0.002674897119341574,0.5
repeat_2_fold_3,RAB40C,0.0,0.0,0.0,0.0,0.0,0.0,0.0
repeat_2_fold_3,RAB4A,0.0,0.0,0.0,0.0,0.0,0.0,0.0
repeat_2_fold_3,RAB5A,0.0,0.0,0.0,0.0,0.0,0.0,0.0
repeat_2_fold_3,RAB6A,0.0,0.0,0.0,0.0,0.0,0.0,0.0
repeat_2_fold_3,RAB7A,0.0,0.0,0.0,0.0,0.0,0.0,0.0
repeat_2_fold_3,RABGGTA,0.0,0.0,0.0,0.0,0.0,-0.0010008006405124448,0.5
repeat_2_fold_3,RAD21,0.07921614019280554,0.15843228038561108,0.07921614019280554,0.0,0.25,0.0006172839506172756,0.5
repeat_2_fold_3,RALBP1,0.0,0.0,0.0,0.0,0.0,0.0,0.0
repeat_2_fold_3,RANBP1,-0.008887837337825388,0.16655886814653723,0.08327943407326861,-0.092167271411094,0.25,-0.001028806584362163,0.5
repeat_2_fold_3,RANBP9,0.0,0.0,0.0,0.0,0.0,0.0,0.0
repeat_2_fold_3,RAP1B,0.0,0.0,0.0,0.0,0.0,0.0,0.0
repeat_2_fold_3,RAP1GAP2,-0.034618177038142406,0.15857784136866795,0.07928892068433398,-0.11390709772247638,0.25,-0.002001601281024834,0.5
repeat_2_fold_3,RARS2,0.0,0.0,0.0,0.0,0.0,0.0,0.0
repeat_2_fold_3,RASGRF1,0.0,0.0,0.0,0.0,0.0,0.0,0.0
repeat_2_fold_3,RBM14,0.0,0.0,0.0,0.0,0.0,0.0,0.0
repeat_2_fold_3,RBM4,0.0,0.0,0.0,0.0,0.0,0.0,0.0
repeat_2_fold_3,RBP1,0.0,0.0,0.0,0.0,0.0,0.0,0.0
repeat_2_fold_3,REL,0.0,0.0,0.0,0.0,0.0,0.0,0.0
repeat_2_fold_3,RGL2,0.0,0.0,0.0,0.0,0.0,0.0,0.0
repeat_2_fold_3,RGR,-0.14680957972329622,0.19198736305629968,0.09599368152814984,-0.24280326125144608,0.0,0.0016012810248198506,0.5
repeat_2_fold_3,RGS10,0.0,0.0,0.0,0.0,0.0,0.0,0.0
repeat_2_fold_3,RGS20,0.0,0.0,0.0,0.0,0.0,0.0,0.0
repeat_2_fold_3,RHD,0.0,0.0,0.0,0.0,0.0,0.0,0.0
repeat_2_fold_3,RHOH,0.0,0.0,0.0,0.0,0.0,0.0,0.0
repeat_2_fold_3,RIDA,0.0,0.0,0.0,0.0,0.0,0.0,0.0
repeat_2_fold_3,RIGI,0.0,0.0,0.0,0.0,0.0,0.0,0.0
repeat_2_fold_3,RIMS1,-0.15642630963831827,0.2161193192740515,0.10805965963702575,-0.264485969275344,0.0,0.0012009607686148671,0.5
repeat_2_fold_3,RNASEH1,0.0,0.0,0.0,0.0,0.0,0.0,0.0
repeat_2_fold_3,RNF125,0.0,0.0,0.0,0.0,0.0,0.0,0.0
repeat_2_fold_3,RNF216,0.0,0.0,0.0,0.0,0.0,0.0,0.0
repeat_2_fold_3,RNF4,0.0,0.0,0.0,0.0,0.0,0.0,0.0
repeat_2_fold_3,RNF41,-0.06561497949187434,0.13122995898374867,0.06561497949187434,-0.13122995898374867,0.0,-0.0008006405124099669,0.5
repeat_2_fold_3,ROBO1,0.0,0.0,0.0,0.0,0.0,0.0,0.0
repeat_2_fold_3,RPL13A,0.0,0.0,0.0,0.0,0.0,0.0,0.0
repeat_2_fold_3,RPL29,-0.08770990768095643,0.3222362428792919,0.16111812143964596,-0.2488280291206024,0.25,0.0024803381800089785,1.0
repeat_2_fold_3,RPL36AL,0.0,0.0,0.0,0.0,0.0,-2.7755575615628914e-17,0.5
repeat_2_fold_3,RPL9,0.0,0.0,0.0,0.0,0.0,0.0,0.0
repeat_2_fold_3,RPLP2,0.0,0.0,0.0,0.0,0.0,0.0,0.0
repeat_2_fold_3,RPP25,0.0,0.0,0.0,0.0,0.0,0.0,0.0
repeat_2_fold_3,RPS14,0.0,0.0,0.0,0.0,0.0,-0.0018014411529223562,0.5
repeat_2_fold_3,RPS2,0.04431355969416373,0.05116889123635196,0.02558444561817598,0.01872911407598775,0.5,-2.7755575615628914e-17,0.5
repeat_2_fold_3,RPS27A,0.0,0.0,0.0,0.0,0.0,0.00041152263374485964,0.5
repeat_2_fold_3,RPS6KA5,0.0,0.0,0.0,0.0,0.0,0.0,0.0
repeat_2_fold_3,RPS7,0.0943406383580161,0.10893518590304345,0.054467592951521725,0.03987304540649437,0.5,0.0020576131687242705,0.5
repeat_2_fold_3,RRAGC,0.0,0.0,0.0,0.0,0.0,0.0,0.0
repeat_2_fold_3,RRAS,0.0,0.0,0.0,0.0,0.0,0.0,0.0
repeat_2_fold_3,RSU1,0.0,0.0,0.0,0.0,0.0,0.0,0.0
repeat_2_fold_3,RXRA,0.0,0.0,0.0,0.0,0.0,0.0,0.0
repeat_2_fold_3,RYR1,-0.1444143166552827,0.1732273091889252,0.0866136545944626,-0.2310279712497453,0.0,0.0006004803843074336,0.5
repeat_2_fold_3,S100A8,0.0,0.0,0.0,0.0,0.0,0.0,0.0
repeat_2_fold_3,S100A9,0.07921614019280554,0.15843228038561108,0.07921614019280554,0.0,0.25,-0.001234567901234579,0.5
repeat_2_fold_3,SAMM50,0.0,0.0,0.0,0.0,0.0,0.0,0.0
repeat_2_fold_3,SAP30,0.0,0.0,0.0,0.0,0.0,0.0,0.0
repeat_2_fold_3,SCFD1,0.0,0.0,0.0,0.0,0.0,0.0,0.0
repeat_2_fold_3,SCN9A,0.0,0.0,0.0,0.0,0.0,0.0,0.0
repeat_2_fold_3,SCUBE2,-0.10326962762609959,0.4813191765444307,0.24065958827221534,-0.34392921589831493,0.5,0.006316987746575825,1.0
repeat_2_fold_3,SDHA,0.04431355969416373,0.05116889123635196,0.02558444561817598,0.01872911407598775,0.5,0.0004003202562049557,0.5
repeat_2_fold_3,SEC11A,0.0,0.0,0.0,0.0,0.0,0.0,0.0
repeat_2_fold_3,SEC23A,0.0,0.0,0.0,0.0,0.0,0.0,0.0
repeat_2_fold_3,SEC61A2,0.0,0.0,0.0,0.0,0.0,0.0,0.0
repeat_2_fold_3,SEL1L,0.0,0.0,0.0,0.0,0.0,0.0,0.0
repeat_2_fold_3,SELENOP,0.0,0.0,0.0,0.0,0.0,0.0,0.0
repeat_2_fold_3,SENP5,-0.20346599279153743,0.2398234081475729,0.11991170407378644,-0.32337769686532386,0.0,-0.0012009607686149226,0.5
repeat_2_fold_3,SEPTIN2,0.044145844413222335,0.08829168882644467,0.044145844413222335,0.0,0.25,0.003909465020576125,0.5
repeat_2_fold_3,SERINC1,0.0,0.0,0.0,0.0,0.0,0.0,0.0
repeat_2_fold_3,SERPINA3,-0.06228397695564425,0.07191934172308331,0.03595967086154166,-0.0982436478171859,0.0,0.0004003202562049557,0.5
repeat_2_fold_3,SERPINA5,0.09817312945680001,0.4225984194234667,0.21129920971173335,-0.11312608025493334,0.25,0.0012345679012345512,0.5
repeat_2_fold_3,SETD1B,0.0,0.0,0.0,0.0,0.0,0.0,0.0
repeat_2_fold_3,SF3A2,0.0,0.0,0.0,0.0,0.0,-0.0010008006405124448,0.5
repeat_2_fold_3,SF3B5,0.0,0.0,0.0,0.0,0.0,0.0,0.0
repeat_2_fold_3,SFPQ,-0.031141988477822125,0.06228397695564424,0.03114198847782212,-0.06228397695564425,0.0,0.0,0.5
repeat_2_fold_3,SGPP1,0.0,0.0,0.0,0.0,0.0,0.0,0.0
repeat_2_fold_3,SH3BP4,0.0,0.0,0.0,0.0,0.0,0.0,0.0
repeat_2_fold_3,SH3PXD2A,0.0,0.0,0.0,0.0,0.0,0.0,0.0
repeat_2_fold_3,SHC1,0.0,0.0,0.0,0.0,0.0,0.0,0.0
repeat_2_fold_3,SHC3,0.0,0.0,0.0,0.0,0.0,0.0,0.0
repeat_2_fold_3,SIGLEC8,0.0,0.0,0.0,0.0,0.0,0.00020016012810247785,0.5
repeat_2_fold_3,SIX1,0.0,0.0,0.0,0.0,0.0,0.0,0.0
repeat_2_fold_3,SLAMF7,-0.1572831183170127,0.20285997706052125,0.10142998853026063,-0.25871310684727333,0.0,0.0018518518518518545,0.5
repeat_2_fold_3,SLC11A2,0.0,0.0,0.0,0.0,0.0,0.0,0.0
repeat_2_fold_3,SLC1A4,-0.20210828671899783,0.24890720631818714,0.12445360315909357,-0.3265618898780914,0.0,-0.005144032921810732,0.5
repeat_2_fold_3,SLC22A1,0.0,0.0,0.0,0.0,0.0,0.0,0.0
repeat_2_fold_3,SLC22A4,0.0,0.0,0.0,0.0,0.0,0.0,0.0
repeat_2_fold_3,SLC22A6,0.0,0.0,0.0,0.0,0.0,0.0,0.0
repeat_2_fold_3,SLC25A10,0.0,0.0,0.0,0.0,0.0,0.0,0.0
repeat_2_fold_3,SLC2A9,0.0,0.0,0.0,0.0,0.0,0.0,0.0
repeat_2_fold_3,SLC35A2,0.0,0.0,0.0,0.0,0.0,0.0,0.0
repeat_2_fold_3,SLC39A1,0.0,0.0,0.0,0.0,0.0,0.0,0.0
repeat_2_fold_3,SLC47A1,0.0,0.0,0.0,0.0,0.0,0.0,0.0
repeat_2_fold_3,SLC7A11,0.0,0.0,0.0,0.0,0.0,0.0,0.0
repeat_2_fold_3,SLC9A6,0.0,0.0,0.0,0.0,0.0,0.0,0.0
repeat_2_fold_3,SLCO4C1,0.0,0.0,0.0,0.0,0.0,0.0,0.0
repeat_2_fold_3,SLK,0.0585185699478572,0.1480622797569922,0.0740311398784961,-0.015512569930638903,0.25,-0.002263374485596714,0.5
repeat_2_fold_3,SMARCC1,0.0,0.0,0.0,0.0,0.0,0.0,0.0
repeat_2_fold_3,SMPD4,0.0,0.0,0.0,0.0,0.0,0.0,0.0
repeat_2_fold_3,SMYD2,-0.05025669232026431,0.05803142967936959,0.029015714839684795,-0.0792724071599491,0.0,-0.0014403292181069949,0.5
repeat_2_fold_3,SNRNP27,0.0,0.0,0.0,0.0,0.0,0.0,0.0
repeat_2_fold_3,SPAST,0.0,0.0,0.0,0.0,0.0,0.0,0.0
repeat_2_fold_3,SPDL1,-0.09749154595456311,0.16054809149532756,0.08027404574766378,-0.1777655917022269,0.5,0.0020520119799543046,1.0
repeat_2_fold_3,SPINK5,-0.6177609323079807,0.5349679023530598,0.2674839511765299,-0.8852448834845106,0.0,0.003864655510416537,1.0
repeat_2_fold_3,SPINT2,-0.02272193131682876,0.13199333264402632,0.06599666632201316,-0.08871859763884192,0.25,-0.001234567901234579,0.5
repeat_2_fold_3,SPON1,0.0,0.0,0.0,0.0,0.0,0.0,0.0
repeat_2_fold_3,SPRY2,0.0,0.0,0.0,0.0,0.0,0.0,0.0
repeat_2_fold_3,SRD5A2,0.0,0.0,0.0,0.0,0.0,0.0,0.0
repeat_2_fold_3,SRPK1,0.0,0.0,0.0,0.0,0.0,0.0,0.0
repeat_2_fold_3,SSRP1,0.0,0.0,0.0,0.0,0.0,0.0,0.0
repeat_2_fold_3,STAT3,0.0,0.0,0.0,0.0,0.0,-0.0014403292181070226,0.5
repeat_2_fold_3,STAT6,-0.14814601330768795,0.4671472705691318,0.2335736352845659,-0.3817196485922538,0.25,-0.0006004803843074891,0.5
repeat_2_fold_3,STC2,-0.12811940326240645,0.2337022077645544,0.1168511038822772,-0.24497050714468366,0.0,0.0006004803843074336,0.5
repeat_2_fold_3,STOML2,0.0,0.0,0.0,0.0,0.0,0.0,0.0
repeat_2_fold_3,STRADA,-0.1492436318489272,0.32876204986046376,0.16438102493023188,-0.3136246567791591,0.25,-0.006734111569090678,1.0
repeat_2_fold_3,STXBP3,0.0,0.0,0.0,0.0,0.0,0.0,0.0
repeat_2_fold_3,SUPT20H,0.0,0.0,0.0,0.0,0.0,0.0,0.0
repeat_2_fold_3,SUPT4H1,-0.058089522141063554,0.23190779459241734,0.11595389729620867,-0.17404341943727222,0.5,-0.0010288065843621907,1.0
repeat_2_fold_3,SUPT5H,0.0,0.0,0.0,0.0,0.0,0.0,0.0
repeat_2_fold_3,SYF2,0.0,0.0,0.0,0.0,0.0,0.0,0.0
repeat_2_fold_3,SYK,0.0,0.0,0.0,0.0,0.0,0.0,0.0
repeat_2_fold_3,SYNE1,0.0,0.0,0.0,0.0,0.0,0.0,0.0
repeat_2_fold_3,SYT1,0.017648086766362425,0.08783575190116331,0.04391787595058166,-0.026269789184219232,0.25,0.005755715683658014,1.0
repeat_2_fold_3,SYTL2,-0.060935762970283136,0.1535479351186767,0.07677396755933835,-0.1377097305296215,0.25,0.001401120896717345,0.5
repeat_2_fold_3,TADA2A,0.0,0.0,0.0,0.0,0.0,0.0,0.0
repeat_2_fold_3,TAF1C,-0.10907317913666681,0.13104098185104035,0.06552049092552018,-0.17459367006218698,0.0,0.0016292869686695688,1.0
repeat_2_fold_3,TAF9,0.0,0.0,0.0,0.0,0.0,0.0,0.0
repeat_2_fold_3,TAS2R16,0.0,0.0,0.0,0.0,0.0,0.0,0.0
repeat_2_fold_3,TAX1BP1,0.0,0.0,0.0,0.0,0.0,0.0,0.0
repeat_2_fold_3,TBX1,0.0,0.0,0.0,0.0,0.0,0.0,0.0
repeat_2_fold_3,TEK,-0.06228397695564425,0.07191934172308331,0.03595967086154166,-0.0982436478171859,0.0,0.0004003202562049557,0.5
repeat_2_fold_3,TFB2M,0.0,0.0,0.0,0.0,0.0,0.0,0.0
repeat_2_fold_3,TFF1,-0.020059900799246577,0.07811694280150178,0.03905847140075089,-0.059118372199997465,0.25,-0.0018014411529223562,0.5
repeat_2_fold_3,TFG,0.0,0.0,0.0,0.0,0.0,0.0,0.0
repeat_2_fold_3,TGIF2,0.0,0.0,0.0,0.0,0.0,-0.0006172839506173033,0.5
repeat_2_fold_3,TGOLN2,0.0,0.0,0.0,0.0,0.0,0.0,0.0
repeat_2_fold_3,TGS1,0.0,0.0,0.0,0.0,0.0,0.0,0.0
repeat_2_fold_3,THOP1,-0.021571107009675572,0.09387789356268529,0.046938946781342646,-0.06851005379101821,0.25,0.0010008006405123893,0.5
repeat_2_fold_3,THRA,-0.04125027133453685,0.0825005426690737,0.04125027133453685,-0.0825005426690737,0.0,0.0020576131687242705,0.5
repeat_2_fold_3,TIPIN,0.0,0.0,0.0,0.0,0.0,-0.0008230452674897193,0.5
repeat_2_fold_3,TKT,0.0,0.0,0.0,0.0,0.0,0.0,0.0
repeat_2_fold_3,TLE4,0.0,0.0,0.0,0.0,0.0,0.0,0.0
repeat_2_fold_3,TLR7,0.0,0.0,0.0,0.0,0.0,0.0,0.0
repeat_2_fold_3,TMEM258,-0.016444619074496458,0.2330070575976462,0.1165035287988231,-0.13294814787331954,0.25,-0.0014011208967174005,0.5
repeat_2_fold_3,TNFRSF1A,0.0,0.0,0.0,0.0,0.0,0.0,0.0
repeat_2_fold_3,TNFRSF8,0.0,0.0,0.0,0.0,0.0,0.0,0.0
repeat_2_fold_3,TNNC2,-0.18130921294445557,0.23822431083133347,0.11911215541566673,-0.3004213683601223,0.0,-0.0008342476450296232,1.0
repeat_2_fold_3,TP53I3,0.0,0.0,0.0,0.0,0.0,0.0,0.0
repeat_2_fold_3,TPO,0.0,0.0,0.0,0.0,0.0,0.0,0.0
repeat_2_fold_3,TRAP1,0.0,0.0,0.0,0.0,0.0,0.0,0.0
repeat_2_fold_3,TRAPPC11,0.0,0.0,0.0,0.0,0.0,0.0,0.0
repeat_2_fold_3,TRAPPC2L,0.0,0.0,0.0,0.0,0.0,0.0,0.0
repeat_2_fold_3,TRIM29,0.0,0.0,0.0,0.0,0.0,0.0,0.0
repeat_2_fold_3,TRIM34,-0.08456794302661486,0.11177652197524868,0.05588826098762434,-0.1404562040142392,0.0,0.0006004803843074336,0.5
repeat_2_fold_3,TRIT1,0.0,0.0,0.0,0.0,0.0,0.0,0.0
repeat_2_fold_3,TRMT112,0.0,0.0,0.0,0.0,0.0,0.0,0.0
repeat_2_fold_3,TTC19,0.0,0.0,0.0,0.0,0.0,0.0010288065843621352,0.5
repeat_2_fold_3,TUBA4B,0.0,0.0,0.0,0.0,0.0,0.0,0.0
repeat_2_fold_3,TUBB2A,0.0,0.0,0.0,0.0,0.0,0.0,0.0
repeat_2_fold_3,TUFM,0.0,0.0,0.0,0.0,0.0,0.0,0.0
repeat_2_fold_3,TUSC3,0.0,0.0,0.0,0.0,0.0,0.0,0.0
repeat_2_fold_3,TWNK,0.0,0.0,0.0,0.0,0.0,0.0,0.0
repeat_2_fold_3,TXNRD1,0.0,0.0,0.0,0.0,0.0,0.00020016012810247785,0.5
repeat_2_fold_3,TYMS,0.0,0.0,0.0,0.0,0.0,-0.0014403292181069949,0.5
repeat_2_fold_3,TYRP1,0.0,0.0,0.0,0.0,0.0,0.0,0.0
repeat_2_fold_3,UBE2V1,0.0,0.0,0.0,0.0,0.0,0.0,0.0
repeat_2_fold_3,UBE3C,0.0,0.0,0.0,0.0,0.0,0.0,0.0
repeat_2_fold_3,UBN1,0.0,0.0,0.0,0.0,0.0,0.0,1.0
repeat_2_fold_3,UCHL5,-0.04125027133453685,0.0825005426690737,0.04125027133453685,-0.0825005426690737,0.0,0.0006172839506172756,0.5
repeat_2_fold_3,UCKL1,0.0,0.0,0.0,0.0,0.0,0.0,0.0
repeat_2_fold_3,UGDH,0.0,0.0,0.0,0.0,0.0,-2.7755575615628914e-17,0.5
repeat_2_fold_3,UGT1A10,0.0,0.0,0.0,0.0,0.0,-0.0014403292181069949,0.5
repeat_2_fold_3,UNC13B,0.0,0.0,0.0,0.0,0.0,0.0,0.0
repeat_2_fold_3,UNC5C,0.0,0.0,0.0,0.0,0.0,0.0,0.0
repeat_2_fold_3,UPF3B,0.0,0.0,0.0,0.0,0.0,0.0,0.0
repeat_2_fold_3,UQCR10,0.0,0.0,0.0,0.0,0.0,0.0,0.0
repeat_2_fold_3,UQCRQ,0.0,0.0,0.0,0.0,0.0,0.0,0.0
repeat_2_fold_3,USE1,0.0,0.0,0.0,0.0,0.0,0.0,0.0
repeat_2_fold_3,USP10,0.0,0.0,0.0,0.0,0.0,0.0,0.0
repeat_2_fold_3,USP4,-0.1950641211505122,0.24300556077000676,0.12150278038500338,-0.3165669015355156,0.0,-2.7755575615628914e-17,0.5
repeat_2_fold_3,UTY,0.0,0.0,0.0,0.0,0.0,0.0,0.0
repeat_2_fold_3,VAMP1,0.0,0.0,0.0,0.0,0.0,0.0,0.0
repeat_2_fold_3,VDAC1,0.0,0.0,0.0,0.0,0.0,-0.0010288065843621352,0.5
repeat_2_fold_3,VENTX,-0.03179276731655101,0.12976402165078485,0.06488201082539242,-0.09667477814194343,0.25,0.0008118428899497876,1.0
repeat_2_fold_3,VPS33A,0.0,0.0,0.0,0.0,0.0,0.0,0.0
repeat_2_fold_3,VPS37B,0.0,0.0,0.0,0.0,0.0,0.0,0.0
repeat_2_fold_3,WASF3,0.0,0.0,0.0,0.0,0.0,0.0008006405124099114,0.5
repeat_2_fold_3,WDR33,0.0,0.0,0.0,0.0,0.0,0.0,0.0
repeat_2_fold_3,WDR43,0.0,0.0,0.0,0.0,0.0,0.0,0.0
repeat_2_fold_3,WDR82,0.0,0.0,0.0,0.0,0.0,0.0,0.0
repeat_2_fold_3,WHRN,-0.08691639928958494,0.10036241305366973,0.050181206526834866,-0.1370976058164198,0.0,-0.0008006405124099669,0.5
repeat_2_fold_3,WNT6,0.0,0.0,0.0,0.0,0.0,0.0,0.0
repeat_2_fold_3,WWOX,0.0,0.0,0.0,0.0,0.0,0.0,0.0
repeat_2_fold_3,XRCC4,0.0,0.0,0.0,0.0,0.0,0.0,0.0
repeat_2_fold_3,YME1L1,0.044145844413222335,0.08829168882644467,0.044145844413222335,0.0,0.25,0.0016628941012892529,1.0
repeat_2_fold_3,YTHDC2,0.0,0.0,0.0,0.0,0.0,0.0,0.0
repeat_2_fold_3,ZC3H15,0.0,0.0,0.0,0.0,0.0,0.0,0.0
repeat_2_fold_3,ZFHX3,-0.04125027133453685,0.0825005426690737,0.04125027133453685,-0.0825005426690737,0.0,-2.240475507980788e-05,1.0
repeat_2_fold_3,ZFPM2,0.0,0.0,0.0,0.0,0.0,-0.0012009607686149226,0.5
repeat_2_fold_3,ZKSCAN8,0.0,0.0,0.0,0.0,0.0,0.0,0.0
repeat_2_fold_3,ZNF10,0.0,0.0,0.0,0.0,0.0,0.0008230452674897193,0.5
repeat_2_fold_3,ZNF180,0.18263232718446076,0.21088564652535247,0.10544282326267623,0.07718950392178453,0.5,0.0014403292181069949,0.5
repeat_2_fold_3,ZNF197,0.0,0.0,0.0,0.0,0.0,0.0,0.0
repeat_2_fold_3,ZNF208,-0.18959987788687904,0.2464773799819009,0.12323868999095045,-0.3128385678778295,0.0,-0.0022017614091273396,0.5
repeat_2_fold_3,ZNF248,-0.050969035754814485,0.10193807150962897,0.050969035754814485,-0.10193807150962897,0.0,0.0022633744855966864,0.5
repeat_2_fold_3,ZNF473,0.0,0.0,0.0,0.0,0.0,0.0,0.0
repeat_2_fold_3,ZNF551,0.0,0.0,0.0,0.0,0.0,0.0,0.0
repeat_2_fold_3,ZNF557,-0.02067180688999315,0.24260927565942433,0.12130463782971217,-0.14197644471970533,0.5,0.0014291268405670632,1.0
repeat_2_fold_3,ZNF764,-0.0632598592168172,0.16256545063535355,0.08128272531767677,-0.14454258453449398,0.25,0.002880658436213962,0.5
repeat_2_fold_3,ZNF770,0.0,0.0,0.0,0.0,0.0,0.0010288065843621352,0.5
repeat_2_fold_4,A1CF,0.0,0.0,0.0,0.0,0.0,0.0,0.0
repeat_2_fold_4,A2M,0.3085058195196808,0.6170116390393616,0.3085058195196808,0.0,0.25,0.0008448657452966857,1.0
repeat_2_fold_4,A4GALT,0.6602232232882237,0.7623601113813967,0.38118005569069835,0.27904316759752534,0.5,-0.000613747954173488,0.5
repeat_2_fold_4,A4GNT,-0.07823912637340413,0.09034276134569205,0.045171380672846026,-0.12341050704625016,0.0,0.0,0.5
repeat_2_fold_4,AAAS,0.0,0.0,0.0,0.0,0.0,0.0,0.0
repeat_2_fold_4,AACS,-0.018688164899515414,0.06812569422338713,0.034062847111693564,-0.05275101201120898,0.25,-0.0017837510597676076,1.0
repeat_2_fold_4,AADAC,-0.08406667820013958,0.15683582018082998,0.07841791009041499,-0.16248458829055457,0.0,-0.0028022417934347454,0.5
repeat_2_fold_4,AAK1,-0.28218358378360797,0.3575289047737997,0.17876445238689986,-0.46094803617050784,0.0,-0.0024019215372297897,0.5
repeat_2_fold_4,AAMP,-0.03911956318670207,0.07823912637340413,0.03911956318670207,-0.07823912637340413,0.0,-0.001000800640512417,0.5
repeat_2_fold_4,AANAT,-0.03911956318670207,0.07823912637340413,0.03911956318670207,-0.07823912637340413,0.0,-0.0016189711179745714,1.0
repeat_2_fold_4,AARS1,0.0,0.0,0.0,0.0,0.0,0.0,0.0
repeat_2_fold_4,AASDHPPT,0.0,0.0,0.0,0.0,0.0,0.0,0.5
repeat_2_fold_4,AASS,0.0,0.0,0.0,0.0,0.0,0.0,0.0
repeat_2_fold_4,AATF,0.0,0.0,0.0,0.0,0.0,0.0,0.0
repeat_2_fold_4,ABCA1,-0.10217283059564686,0.12720744135228382,0.06360372067614191,-0.16577655127178875,0.0,0.0011252045826513901,0.5
repeat_2_fold_4,ABCA12,0.0,0.0,0.0,0.0,0.0,0.0,0.0
repeat_2_fold_4,ABCA2,-0.15712026776389365,0.18531237347568824,0.09265618673784412,-0.24977645450173777,0.0,-0.0014011208967174005,0.5
repeat_2_fold_4,ABCA3,-0.09603264554696622,0.19206529109393244,0.09603264554696622,-0.19206529109393244,0.0,0.0,0.5
repeat_2_fold_4,ABCA4,0.0,0.0,0.0,0.0,0.0,0.0,0.0
repeat_2_fold_4,ABCA5,-0.07515071344917779,0.17922859799120458,0.08961429899560229,-0.1647650124447801,0.25,-0.0012009607686148949,0.5
repeat_2_fold_4,ABCA6,0.0,0.0,0.0,0.0,0.0,-0.0014011208967174005,0.5
repeat_2_fold_4,ABCA8,0.0,0.0,0.0,0.0,0.0,0.0,0.0
repeat_2_fold_4,ABCB1,0.0,0.0,0.0,0.0,0.0,0.0,0.0
repeat_2_fold_4,ABCB11,-0.07823912637340413,0.09034276134569205,0.045171380672846026,-0.12341050704625016,0.0,-0.0004003202562049557,0.5
repeat_2_fold_4,ABCB4,0.0,0.0,0.0,0.0,0.0,0.0,0.0
repeat_2_fold_4,ABCB6,0.0,0.0,0.0,0.0,0.0,0.0,0.0
repeat_2_fold_4,ABCB7,-0.03911956318670207,0.07823912637340413,0.03911956318670207,-0.07823912637340413,0.0,-0.0016012810248198783,0.5
repeat_2_fold_4,ABCB8,0.0,0.0,0.0,0.0,0.0,0.0,0.0
repeat_2_fold_4,ABCB9,0.0,0.0,0.0,0.0,0.0,0.0,0.0
repeat_2_fold_4,ABCC1,0.010440966048895106,0.020881932097790212,0.010440966048895106,0.0,0.25,-0.00020016012810247785,0.5
repeat_2_fold_4,ABCC10,0.0,0.0,0.0,0.0,0.0,0.0,0.0
repeat_2_fold_4,ABCC2,0.0,0.0,0.0,0.0,0.0,0.0,0.0
repeat_2_fold_4,ABCC3,0.0,0.0,0.0,0.0,0.0,0.0,0.0
repeat_2_fold_4,ABCC4,0.0,0.0,0.0,0.0,0.0,0.0018412438625204641,0.5
repeat_2_fold_4,ABCC5,0.0,0.0,0.0,0.0,0.0,0.0,0.0
repeat_2_fold_4,ABCC8,0.28690002739525333,0.6327284599298906,0.3163642299649453,-0.029464202569691955,0.25,0.001329787234042562,0.5
repeat_2_fold_4,ABCC9,-0.09205005331495641,0.18410010662991283,0.09205005331495641,-0.18410010662991283,0.0,-0.00030687397708673014,0.5
repeat_2_fold_4,ABCD1,0.0,0.0,0.0,0.0,0.0,0.0,0.0
repeat_2_fold_4,ABCD2,0.06523260158127897,0.13046520316255794,0.06523260158127897,0.0,0.25,-0.0018014411529223562,0.5
repeat_2_fold_4,ABCD3,0.6963266939210886,0.663733705518722,0.331866852759361,0.3644598411617276,0.75,-0.0004849214887458486,1.0
repeat_2_fold_4,ABCD4,0.0,0.0,0.0,0.0,0.0,-0.0016012810248198506,0.5
repeat_2_fold_4,ABCE1,0.0,0.0,0.0,0.0,0.0,0.0,0.0
repeat_2_fold_4,ABCF1,0.07196746263131892,0.08843410886897457,0.044217054434487285,0.02775040819683164,0.5,-0.0006004803843074613,0.5
repeat_2_fold_4,ABCF2,0.0,0.0,0.0,0.0,0.0,-0.000613747954173488,0.5
repeat_2_fold_4,ABCG4,0.0,0.0,0.0,0.0,0.0,0.0,0.0
repeat_2_fold_4,ABCG5,0.0,0.0,0.0,0.0,0.0,0.0,0.0
repeat_2_fold_4,ABHD10,0.0,0.0,0.0,0.0,0.0,0.0,0.0
repeat_2_fold_4,ABHD17A,0.08490032848287932,0.16089816709638258,0.08044908354819129,0.004451244934688028,0.5,-0.002001601281024834,0.5
repeat_2_fold_4,ABHD17B,0.0,0.0,0.0,0.0,0.0,0.0,0.0
repeat_2_fold_4,ABHD3,0.279147521309854,1.1214758050748264,0.5607379025374132,-0.2815903812275592,0.5,-0.0018816198621745273,1.0
repeat_2_fold_4,ABHD4,0.30850581951968437,0.6758561039204283,0.33792805196021414,-0.029422232440529772,0.25,0.0004091653027823161,0.5
repeat_2_fold_4,ABHD5,-0.17118335899614578,0.1976655167944182,0.0988327583972091,-0.2700161173933549,0.0,-0.002201761409127312,1.0
repeat_2_fold_4,ABHD6,0.0,0.0,0.0,0.0,0.0,0.0,0.0
repeat_2_fold_4,ABI2,0.4761231166583073,0.5497796191401546,0.2748898095700773,0.20123330708823,0.5,0.0026595744680850963,0.5
repeat_2_fold_4,ABL1,0.0,0.0,0.0,0.0,0.0,0.0,0.0
repeat_2_fold_4,ABL2,0.0,0.0,0.0,0.0,0.0,0.0,0.0
repeat_2_fold_4,ABLIM1,0.0,0.0,0.0,0.0,0.0,0.0,0.0
repeat_2_fold_4,ABLIM3,-0.06779816032451258,0.08012172478969337,0.040060862394846686,-0.10785902271935927,0.0,-0.0012009607686148949,0.5
repeat_2_fold_4,ABR,0.0,0.0,0.0,0.0,0.0,0.0,0.0
repeat_2_fold_4,ABRAXAS2,0.0,0.0,0.0,0.0,0.0,0.0,0.0
repeat_2_fold_4,ACAA1,0.0,0.0,0.0,0.0,0.0,0.0045008183306055605,0.5
repeat_2_fold_4,ACAA2,-0.08742854810350309,0.12653048389224686,0.06326524194612343,-0.15069379004962652,0.0,-0.0026020816653322953,0.5
repeat_2_fold_4,ACACA,0.0,0.0,0.0,0.0,0.0,0.0,0.0
repeat_2_fold_4,ACAD8,0.0,0.0,0.0,0.0,0.0,0.0,0.0
repeat_2_fold_4,ACADL,-0.02912913094841052,0.05825826189682104,0.02912913094841052,-0.05825826189682104,0.0,0.00081833060556466,0.5
repeat_2_fold_4,ACADM,-0.22412446857446788,0.3026027438414666,0.1513013719207333,-0.3754258404952012,0.0,0.0030024019215372233,0.5
repeat_2_fold_4,ACADS,0.0,0.0,0.0,0.0,0.0,0.0,0.0
repeat_2_fold_4,ACADSB,0.0,0.0,0.0,0.0,0.0,-0.0006004803843074613,0.5
repeat_2_fold_4,ACADVL,-0.09603264554696622,0.19206529109393244,0.09603264554696622,-0.19206529109393244,0.0,-0.0024019215372297897,0.5
repeat_2_fold_4,ACAN,0.0,0.0,0.0,0.0,0.0,-0.0004091653027823161,0.5
repeat_2_fold_4,ACAT1,-0.02160579212442748,0.04321158424885496,0.02160579212442748,-0.04321158424885496,0.0,0.0006093254308848217,1.0
repeat_2_fold_4,ACAT2,-0.01528156752844545,0.06163466250479441,0.030817331252397204,-0.046098898780842654,0.25,-0.004136451550765974,1.0
repeat_2_fold_4,ACBD3,0.0,0.0,0.0,0.0,0.0,0.0,0.0
repeat_2_fold_4,ACBD4,-0.12923785587637582,0.17089632027775373,0.08544816013887686,-0.21468601601525267,0.0,-0.0012009607686148949,0.5
repeat_2_fold_4,ACD,0.0,0.0,0.0,0.0,0.0,0.0,0.0
repeat_2_fold_4,ACE,0.0,0.0,0.0,0.0,0.0,0.0,0.0
repeat_2_fold_4,ACE2,1.9275974946106693,2.346931601606195,1.1734658008030976,0.7541316938075717,0.5,-0.003002401921537251,0.5
repeat_2_fold_4,ACHE,0.0,0.0,0.0,0.0,0.0,0.0,0.0
repeat_2_fold_4,ACIN1,0.0,0.0,0.0,0.0,0.0,0.0,0.0
repeat_2_fold_4,ACKR1,0.0,0.0,0.0,0.0,0.0,0.0018412438625204641,0.5
repeat_2_fold_4,ACKR2,0.06523260158127897,0.13046520316255794,0.06523260158127897,0.0,0.25,-0.0016012810248198506,0.5
repeat_2_fold_4,ACKR3,0.0289629534017255,0.057925906803451006,0.028962953401725503,-3.469446951953614e-18,0.25,-0.0018014411529223562,0.5
repeat_2_fold_4,ACKR4,0.0,0.0,0.0,0.0,0.0,0.0,0.0
repeat_2_fold_4,ACLY,0.0,0.0,0.0,0.0,0.0,0.0,0.0
repeat_2_fold_4,ACO1,-0.03080004396568725,0.2657357147517216,0.1328678573758608,-0.16366790134154804,0.25,-0.0020369814673342757,1.0
repeat_2_fold_4,ACO2,0.0,0.0,0.0,0.0,0.0,0.0022504091653027802,0.5
repeat_2_fold_4,ACOT11,0.0,0.0,0.0,0.0,0.0,0.0,0.0
repeat_2_fold_4,ACOT13,0.0,0.0,0.0,0.0,0.0,0.0,0.0
repeat_2_fold_4,ACOT2,0.0,0.0,0.0,0.0,0.0,0.0,0.0
repeat_2_fold_4,ACOT7,0.5603783047903885,0.8285062418519477,0.41425312092597383,0.1461251838644147,0.5,0.000716039279869074,1.0
repeat_2_fold_4,ACOT8,0.0,0.0,0.0,0.0,0.0,0.0,0.0
repeat_2_fold_4,ACOT9,0.0,0.0,0.0,0.0,0.0,0.0,0.0
repeat_2_fold_4,ACOX1,0.0,0.0,0.0,0.0,0.0,0.0,0.0
repeat_2_fold_4,ACOX2,-0.13787176356029107,0.15920059961036498,0.07960029980518249,-0.21747206336547356,0.0,0.0012009607686148671,0.5
repeat_2_fold_4,ACOX3,-0.07276180982993274,0.09618873695198044,0.04809436847599022,-0.12085617830592296,0.0,-0.003202562049639729,0.5
repeat_2_fold_4,ACOXL,0.0,0.0,0.0,0.0,0.0,0.0017389525368248782,0.5
repeat_2_fold_4,ACP3,0.0,0.0,0.0,0.0,0.0,-2.7755575615628914e-17,0.5
repeat_2_fold_4,ACP6,0.03704397470566789,0.04277469753634209,0.021387348768171045,0.015656625937496848,0.5,0.0006004803843074336,0.5
repeat_2_fold_4,ACR,0.13046520316255794,0.15064824033156407,0.07532412016578204,0.055141082996775906,0.5,-0.0006004803843074613,0.5
repeat_2_fold_4,ACSBG1,0.0,0.0,0.0,0.0,0.0,0.0,0.0
repeat_2_fold_4,ACSBG2,-0.23714966773961343,0.3517048079667343,0.17585240398336716,-0.4130020717229806,0.0,-0.0005739452445753801,1.0
repeat_2_fold_4,ACSF2,0.0,0.0,0.0,0.0,0.0,-0.00020016012810247785,0.5
repeat_2_fold_4,ACSL1,0.0,0.0,0.0,0.0,0.0,-0.0005114566284779021,0.5
repeat_2_fold_4,ACSL3,-0.12593841204553868,0.2371018536794677,0.11855092683973385,-0.24448933888527252,0.0,0.00260208166533224,0.5
repeat_2_fold_4,ACSL4,0.0,0.0,0.0,0.0,0.0,0.0,0.0
repeat_2_fold_4,ACSL5,-0.024275991863728308,0.1299773143818804,0.0649886571909402,-0.08926464905466851,0.25,-0.002001601281024834,0.5
repeat_2_fold_4,ACSL6,0.0,0.0,0.0,0.0,0.0,0.0,0.0
repeat_2_fold_4,ACSM1,0.0,0.0,0.0,0.0,0.0,0.0,0.0
repeat_2_fold_4,ACSM2A,-0.004687005571115677,0.22076898052762345,0.11038449026381172,-0.1150714958349274,0.25,-0.0018014411529223284,0.5
repeat_2_fold_4,ACSM3,0.0,0.0,0.0,0.0,0.0,0.0,0.0
repeat_2_fold_4,ACSM5,0.0,0.0,0.0,0.0,0.0,0.0,0.5
repeat_2_fold_4,ACSS3,0.0,0.0,0.0,0.0,0.0,0.00020016012810247785,0.5
repeat_2_fold_4,ACTA1,0.6386174311637927,0.7382554606574336,0.3691277303287168,0.26948970083507584,0.5,0.001534369885433734,0.5
repeat_2_fold_4,ACTA2,0.0,0.0,0.0,0.0,0.0,0.0,0.0
repeat_2_fold_4,ACTB,0.0,0.0,0.0,0.0,0.0,0.0,0.0
repeat_2_fold_4,ACTC1,-0.2732224433675867,0.34812472269644495,0.17406236134822248,-0.4472848047158092,0.0,-0.0018014411529223284,0.5
repeat_2_fold_4,ACTG1,0.0,0.0,0.0,0.0,0.0,0.0,0.0
repeat_2_fold_4,ACTG2,0.0,0.0,0.0,0.0,0.0,-0.0008006405124099392,0.5
repeat_2_fold_4,ACTL6A,-0.18410010662991283,0.21258049224123796,0.10629024612061898,-0.2903903527505318,0.0,0.0005114566284779021,0.5
repeat_2_fold_4,ACTL6B,-0.09603264554696622,0.19206529109393244,0.09603264554696622,-0.19206529109393244,0.0,-0.0004003202562049557,0.5
repeat_2_fold_4,ACTN1,0.0,0.0,0.0,0.0,0.0,0.0,0.0
repeat_2_fold_4,ACTN2,0.0,0.0,0.0,0.0,0.0,0.0,0.0
repeat_2_fold_4,ACTN3,0.0,0.0,0.0,0.0,0.0,0.0,0.0
repeat_2_fold_4,ACTN4,0.0,0.0,0.0,0.0,0.0,0.0,0.0
repeat_2_fold_4,ACTR10,-0.12844167062608491,0.15447051675380793,0.07723525837690397,-0.2056769290029889,0.0,-0.0008006405124099392,0.5
repeat_2_fold_4,ACTR1A,0.33011161164411185,0.6602232232882237,0.33011161164411185,0.0,0.25,0.0016366612111292922,0.5
repeat_2_fold_4,ACTR1B,0.0,0.0,0.0,0.0,0.0,-0.00020458265139117193,0.5
repeat_2_fold_4,ACTR2,0.3009824806957013,0.6818585151017691,0.34092925755088455,-0.03994677685518322,0.25,-0.00020458265139117193,0.5
repeat_2_fold_4,ACTR3,0.28690002739525333,0.6327284599298906,0.3163642299649453,-0.029464202569691955,0.25,0.00081833060556466,0.5
repeat_2_fold_4,ACTR5,-0.17427177192037213,0.25512137898071285,0.12756068949035643,-0.30183246141072856,0.0,-0.0006004803843074336,0.5
repeat_2_fold_4,ACTR8,0.0,0.0,0.0,0.0,0.0,0.0,0.0
repeat_2_fold_4,ACVR1B,-0.02912913094841052,0.05825826189682104,0.02912913094841052,-0.05825826189682104,0.0,-0.0004091653027823161,0.5
repeat_2_fold_4,ACVR2A,0.0,0.0,0.0,0.0,0.0,0.0,0.0
repeat_2_fold_4,ACVR2B,0.0,0.0,0.0,0.0,0.0,0.0,0.0
repeat_2_fold_4,ACVRL1,0.0,0.0,0.0,0.0,0.0,0.0,0.0
repeat_2_fold_4,ACY1,0.0,0.0,0.0,0.0,0.0,0.0,0.0
repeat_2_fold_4,ADA,0.0,0.0,0.0,0.0,0.0,-0.001022913256955832,0.5
repeat_2_fold_4,ADA2,1.0166495259223272,1.5778000520128894,0.7889000260064447,0.22774949991588245,0.5,0.0031533410034082776,1.0
repeat_2_fold_4,ADAM10,-0.2042154294470535,0.23675697347058758,0.11837848673529379,-0.3225939161823473,0.0,0.00420336269015209,0.5
repeat_2_fold_4,ADAM11,0.0,0.0,0.0,0.0,0.0,0.0,0.0
repeat_2_fold_4,ADAM12,0.0,0.0,0.0,0.0,0.0,0.0,0.0
repeat_2_fold_4,ADAM15,0.0,0.0,0.0,0.0,0.0,0.0,0.0
repeat_2_fold_4,ADAM17,-0.15411078792044286,0.18654911056100493,0.09327455528050246,-0.24738534320094532,0.0,-0.003002401921537251,0.5
repeat_2_fold_4,ADAM19,0.0,0.0,0.0,0.0,0.0,0.0,0.5
repeat_2_fold_4,ADAM2,0.11222757207364253,0.14447933361502807,0.07223966680751404,0.0399879052661285,0.5,-0.0002001601281025056,0.5
repeat_2_fold_4,ADAM20,0.0,0.0,0.0,0.0,0.0,0.0,0.0
repeat_2_fold_4,ADAM21,0.0,0.0,0.0,0.0,0.0,0.0,0.0
repeat_2_fold_4,ADAM23,0.0,0.0,0.0,0.0,0.0,0.0,0.0
repeat_2_fold_4,ADAM30,0.0,0.0,0.0,0.0,0.0,0.0,0.0
repeat_2_fold_4,ADAM8,0.0,0.0,0.0,0.0,0.0,0.0,0.0
repeat_2_fold_4,ADAMTS1,0.0,0.0,0.0,0.0,0.0,0.0,0.0
repeat_2_fold_4,ADAMTS12,0.0,0.0,0.0,0.0,0.0,0.0,0.0
repeat_2_fold_4,ADAMTS13,0.0,0.0,0.0,0.0,0.0,0.0,0.0
repeat_2_fold_4,ADAMTS2,0.0,0.0,0.0,0.0,0.0,0.0,0.0
repeat_2_fold_4,ADAMTS20,0.0,0.0,0.0,0.0,0.0,0.0,0.0
repeat_2_fold_4,ADAMTS3,0.0,0.0,0.0,0.0,0.0,0.0,0.0
repeat_2_fold_4,ADAMTS5,0.0,0.0,0.0,0.0,0.0,0.0,0.0
repeat_2_fold_4,ADAMTS8,0.0,0.0,0.0,0.0,0.0,-0.00020016012810247785,0.5
repeat_2_fold_4,ADAMTS9,0.0,0.0,0.0,0.0,0.0,0.0,0.0
repeat_2_fold_4,ADAMTSL2,-0.05812764194804565,0.0714030840884936,0.0357015420442468,-0.09382918399229245,0.0,0.004705400981996705,0.5
repeat_2_fold_4,ADAMTSL3,0.0,0.0,0.0,0.0,0.0,0.0,0.0
repeat_2_fold_4,ADAMTSL4,0.33011161164411185,0.6602232232882237,0.33011161164411185,0.0,0.25,0.0010229132569558042,0.5
repeat_2_fold_4,ADAP1,0.010440966048895106,0.020881932097790212,0.010440966048895106,0.0,0.25,-0.0006004803843074336,0.5
repeat_2_fold_4,ADAR,0.0,0.0,0.0,0.0,0.0,0.0,0.0
repeat_2_fold_4,ADARB1,0.0,0.0,0.0,0.0,0.0,0.0,0.0
repeat_2_fold_4,ADAT1,0.0,0.0,0.0,0.0,0.0,0.0,0.0
repeat_2_fold_4,ADCY1,0.0,0.0,0.0,0.0,0.0,-0.0004003202562049557,0.5
repeat_2_fold_4,ADCY10,0.0,0.0,0.0,0.0,0.0,0.0,0.0
repeat_2_fold_4,ADCY2,0.0,0.0,0.0,0.0,0.0,0.0,0.0
repeat_2_fold_4,ADCY3,0.0,0.0,0.0,0.0,0.0,0.0,0.0
repeat_2_fold_4,ADCY6,0.0,0.0,0.0,0.0,0.0,-0.0009206219312602459,0.5
repeat_2_fold_4,ADCY7,0.0,0.0,0.0,0.0,0.0,0.002352700490998366,0.5
repeat_2_fold_4,ADCY8,-0.02160579212442748,0.04321158424885496,0.02160579212442748,-0.04321158424885496,0.0,0.0015343698854337062,0.5
repeat_2_fold_4,ADCY9,0.0,0.0,0.0,0.0,0.0,0.0,0.0
repeat_2_fold_4,ADCYAP1,-0.04321158424885496,0.04989643959637321,0.024948219798186604,-0.06815980404704157,0.0,0.00010229132569555821,0.5
repeat_2_fold_4,ADCYAP1R1,0.0,0.0,0.0,0.0,0.0,0.0,0.0
repeat_2_fold_4,ADD1,-0.07751065819413405,0.1550213163882681,0.07751065819413405,-0.1550213163882681,0.0,-0.001000800640512417,0.5
repeat_2_fold_4,ADD2,0.0,0.0,0.0,0.0,0.0,0.0018014411529223284,0.5
repeat_2_fold_4,ADD3,0.3270278068725183,0.6655193612776241,0.33275968063881206,-0.005731873766293749,0.5,0.00032456407024145095,1.0
repeat_2_fold_4,ADGRE2,0.0,0.0,0.0,0.0,0.0,0.0,0.0
repeat_2_fold_4,ADGRE3,-0.09603264554696622,0.19206529109393244,0.09603264554696622,-0.19206529109393244,0.0,-0.0008006405124099114,0.5
repeat_2_fold_4,ADGRE5,0.33011161164411185,0.6602232232882237,0.33011161164411185,0.0,0.25,0.001022913256955832,0.5
repeat_2_fold_4,ADGRG3,0.0,0.0,0.0,0.0,0.0,0.0,0.0
repeat_2_fold_4,ADGRG6,0.0,0.0,0.0,0.0,0.0,0.0,0.0
repeat_2_fold_4,ADGRV1,0.0,0.0,0.0,0.0,0.0,0.0,0.0
repeat_2_fold_4,ADH1A,0.0,0.0,0.0,0.0,0.0,0.0,0.0
repeat_2_fold_4,ADH1B,0.05568569104096888,0.06440427853318638,0.03220213926659319,0.023483551774375687,0.5,-0.0012009607686148949,0.5
repeat_2_fold_4,ADH1C,0.0,0.0,0.0,0.0,0.0,0.0,0.0
repeat_2_fold_4,ADH5,-0.15259365457229457,0.23674590700540393,0.11837295350270197,-0.2709666080749965,0.0,-0.0016012810248198783,0.5
repeat_2_fold_4,ADH6,0.0,0.0,0.0,0.0,0.0,0.0,0.0
repeat_2_fold_4,ADH7,0.0,0.0,0.0,0.0,0.0,0.0,0.0
repeat_2_fold_4,ADI1,-0.1136558454393839,0.17451815214813632,0.08725907607406816,-0.20091492151345205,0.0,-0.0014099659432947331,1.0
repeat_2_fold_4,ADIPOQ,-0.2132292375783269,0.2507687388753611,0.12538436943768055,-0.33861360701600746,0.0,0.001022913256955832,0.5
repeat_2_fold_4,ADIPOR1,-0.05825826189682104,0.06727084637729869,0.033635423188649344,-0.09189368508547038,0.0,0.0018412438625204641,1.0
repeat_2_fold_4,ADIPOR2,0.0,0.0,0.0,0.0,0.0,-0.0016366612111292922,0.5
repeat_2_fold_4,ADIRF,0.0,0.0,0.0,0.0,0.0,0.0,0.0
repeat_2_fold_4,ADK,0.0,0.0,0.0,0.0,0.0,0.0,0.0
repeat_2_fold_4,ADM,0.0,0.0,0.0,0.0,0.0,0.0,0.0
repeat_2_fold_4,ADM2,-0.02160579212442748,0.04321158424885496,0.02160579212442748,-0.04321158424885496,0.0,-0.000716039279869074,0.5
repeat_2_fold_4,ADO,0.0,0.0,0.0,0.0,0.0,0.0,0.0
repeat_2_fold_4,ADORA1,-0.17118335899614578,0.1976655167944182,0.0988327583972091,-0.2700161173933549,0.0,-0.001000800640512417,0.5
repeat_2_fold_4,ADORA2A,-0.09011829268967375,0.1802365853793475,0.09011829268967375,-0.1802365853793475,0.0,-0.0008006405124099392,0.5
repeat_2_fold_4,ADORA2B,0.0,0.0,0.0,0.0,0.0,0.0,0.0
repeat_2_fold_4,ADORA3,-0.06779816032451258,0.08012172478969337,0.040060862394846686,-0.10785902271935927,0.0,-0.0018014411529223562,0.5
repeat_2_fold_4,ADPGK,0.0,0.0,0.0,0.0,0.0,0.0,0.0
repeat_2_fold_4,ADPRM,0.0,0.0,0.0,0.0,0.0,0.0,0.0
repeat_2_fold_4,ADRA1A,0.0,0.0,0.0,0.0,0.0,0.0,0.0
repeat_2_fold_4,ADRA1B,-0.07751065819413405,0.1550213163882681,0.07751065819413405,-0.1550213163882681,0.0,-0.0008006405124099392,0.5
repeat_2_fold_4,ADRA1D,-0.05825826189682104,0.06727084637729869,0.033635423188649344,-0.09189368508547038,0.0,0.0008183306055646322,0.5
repeat_2_fold_4,ADRA2B,0.6602232232882237,0.7623601113813967,0.38118005569069835,0.27904316759752534,0.5,0.0005114566284779021,0.5
repeat_2_fold_4,ADRA2C,0.005351334746315217,0.010702669492630434,0.005351334746315217,0.0,0.25,-0.002001601281024834,0.5
repeat_2_fold_4,ADRB1,0.23806155832915543,0.7421718114436227,0.3710859057218113,-0.1330243473926559,0.25,0.000716039279869074,0.5
repeat_2_fold_4,ADRB2,0.0,0.0,0.0,0.0,0.0,0.0,0.0
repeat_2_fold_4,ADRB3,-0.08522281553156574,0.10063486766282535,0.050317433831412677,-0.13554024936297843,0.0,-0.00040032025620498346,0.5
repeat_2_fold_4,ADRM1,0.6602232232882237,0.7623601113813967,0.38118005569069835,0.27904316759752534,0.5,0.0009206219312602182,0.5
repeat_2_fold_4,ADSS2,-0.02160579212442748,0.04321158424885496,0.02160579212442748,-0.04321158424885496,0.0,-0.0004091653027823161,0.5
repeat_2_fold_4,AFDN,0.0,0.0,0.0,0.0,0.0,0.0,0.0
repeat_2_fold_4,AFF4,0.0,0.0,0.0,0.0,0.0,0.0,0.0
repeat_2_fold_4,AFG3L2,0.0,0.0,0.0,0.0,0.0,0.0,0.0
repeat_2_fold_4,AFP,0.0,0.0,0.0,0.0,0.0,0.0,0.0
repeat_2_fold_4,AGA,0.20893242738074136,0.4178648547614827,0.20893242738074136,0.0,0.25,0.000716039279869074,0.5
repeat_2_fold_4,AGAP2,-0.150308315211781,0.22960550008620748,0.11480275004310374,-0.26511106525488476,0.0,0.00034225416339617176,1.0
repeat_2_fold_4,AGBL2,0.0,0.0,0.0,0.0,0.0,0.0,0.0
repeat_2_fold_4,AGBL3,0.0,0.0,0.0,0.0,0.0,0.0,0.0
repeat_2_fold_4,AGBL5,0.0,0.0,0.0,0.0,0.0,0.0,0.0
repeat_2_fold_4,AGER,0.0,0.0,0.0,0.0,0.0,0.0,0.0
repeat_2_fold_4,AGFG1,0.0,0.0,0.0,0.0,0.0,0.0,0.0
repeat_2_fold_4,AGGF1,0.0,0.0,0.0,0.0,0.0,0.0,0.0
repeat_2_fold_4,AGK,0.0,0.0,0.0,0.0,0.0,0.0,0.0
repeat_2_fold_4,AGL,0.0,0.0,0.0,0.0,0.0,0.0,0.0
repeat_2_fold_4,AGMAT,0.0,0.0,0.0,0.0,0.0,0.0,0.0
repeat_2_fold_4,AGO1,0.0,0.0,0.0,0.0,0.0,0.0,0.0
repeat_2_fold_4,AGO2,0.0,0.0,0.0,0.0,0.0,0.0,0.0
repeat_2_fold_4,AGO3,0.0,0.0,0.0,0.0,0.0,0.0,0.0
repeat_2_fold_4,AGO4,0.0,0.0,0.0,0.0,0.0,0.0,0.0
repeat_2_fold_4,AGPAT1,0.0,0.0,0.0,0.0,0.0,0.0,0.0
repeat_2_fold_4,AGPAT2,0.0,0.0,0.0,0.0,0.0,0.0,0.0
repeat_2_fold_4,AGPAT3,0.0,0.0,0.0,0.0,0.0,0.0,0.0
repeat_2_fold_4,AGPAT4,0.0,0.0,0.0,0.0,0.0,0.0,0.0
repeat_2_fold_4,AGPAT5,0.0,0.0,0.0,0.0,0.0,0.0,0.0
repeat_2_fold_4,AGPS,0.0,0.0,0.0,0.0,0.0,0.0,0.0
repeat_2_fold_4,AGRP,0.0,0.0,0.0,0.0,0.0,0.0,0.0
repeat_2_fold_4,AGTPBP1,0.0,0.0,0.0,0.0,0.0,0.0,0.0
repeat_2_fold_4,AGTR2,0.0,0.0,0.0,0.0,0.0,0.0,0.0
repeat_2_fold_4,AGXT,0.0,0.0,0.0,0.0,0.0,0.0,0.0
repeat_2_fold_4,AHCTF1,0.0,0.0,0.0,0.0,0.0,0.0,0.0
repeat_2_fold_4,AHCY,0.0,0.0,0.0,0.0,0.0,0.0,0.0
repeat_2_fold_4,AHCYL1,0.0,0.0,0.0,0.0,0.0,0.0,0.0
repeat_2_fold_4,AHCYL2,0.0,0.0,0.0,0.0,0.0,0.0,0.0
repeat_2_fold_4,AHI1,0.0,0.0,0.0,0.0,0.0,0.0,0.0
repeat_2_fold_4,AHR,0.0,0.0,0.0,0.0,0.0,0.0,0.0
repeat_2_fold_4,AHSG,0.0,0.0,0.0,0.0,0.0,0.0,0.0
repeat_2_fold_4,AICDA,0.0,0.0,0.0,0.0,0.0,0.0,0.0
repeat_2_fold_4,AIM2,0.0,0.0,0.0,0.0,0.0,0.0,0.0
repeat_2_fold_4,AIMP1,0.0,0.0,0.0,0.0,0.0,0.0,0.0
repeat_2_fold_4,AIMP2,0.0,0.0,0.0,0.0,0.0,0.0,0.0
repeat_2_fold_4,AIP,0.0,0.0,0.0,0.0,0.0,0.0,0.0
repeat_2_fold_4,AK1,0.0,0.0,0.0,0.0,0.0,0.0,0.0
repeat_2_fold_4,AK2,0.0,0.0,0.0,0.0,0.0,0.0,0.0
repeat_2_fold_4,AK4,0.0,0.0,0.0,0.0,0.0,0.0,0.0
repeat_2_fold_4,AK5,0.0,0.0,0.0,0.0,0.0,0.0,0.0
repeat_2_fold_4,AK6,0.0,0.0,0.0,0.0,0.0,0.0,0.0
repeat_2_fold_4,AKAP1,0.0,0.0,0.0,0.0,0.0,0.0,0.0
repeat_2_fold_4,AKAP10,0.0,0.0,0.0,0.0,0.0,0.0,0.0
repeat_2_fold_4,AKAP12,0.0,0.0,0.0,0.0,0.0,0.0,0.0
repeat_2_fold_4,AKAP13,0.0,0.0,0.0,0.0,0.0,0.0,0.0
repeat_2_fold_4,AKAP5,0.0,0.0,0.0,0.0,0.0,0.0,0.0
repeat_2_fold_4,AKAP8L,0.0,0.0,0.0,0.0,0.0,0.0,0.0
repeat_2_fold_4,AKAP9,0.0,0.0,0.0,0.0,0.0,0.0,0.0
repeat_2_fold_4,AKR1B1,0.0,0.0,0.0,0.0,0.0,0.0,0.0
repeat_2_fold_4,AKR1B10,0.0,0.0,0.0,0.0,0.0,0.0,0.0
repeat_2_fold_4,AKR1C1,0.0,0.0,0.0,0.0,0.0,0.0,0.0
repeat_2_fold_4,AKR1C2,0.0,0.0,0.0,0.0,0.0,0.0,0.0
repeat_2_fold_4,AKR1C4,0.0,0.0,0.0,0.0,0.0,0.0,0.0
repeat_2_fold_4,AKT1,0.0,0.0,0.0,0.0,0.0,0.0,0.0
repeat_2_fold_4,AKT2,0.0,0.0,0.0,0.0,0.0,0.0,0.0
repeat_2_fold_4,AKT3,0.0,0.0,0.0,0.0,0.0,0.0,0.0
repeat_2_fold_4,ALAD,0.0,0.0,0.0,0.0,0.0,0.0,0.0
repeat_2_fold_4,ALAS1,0.0,0.0,0.0,0.0,0.0,0.0,0.0
repeat_2_fold_4,ALAS2,0.0,0.0,0.0,0.0,0.0,0.0,0.0
repeat_2_fold_4,ALCAM,0.0,0.0,0.0,0.0,0.0,0.0,0.0
repeat_2_fold_4,ALDH18A1,0.0,0.0,0.0,0.0,0.0,0.0,0.0
repeat_2_fold_4,ALDH1A1,0.0,0.0,0.0,0.0,0.0,0.0,0.0
repeat_2_fold_4,ALDH1A2,0.0,0.0,0.0,0.0,0.0,0.0,0.0
repeat_2_fold_4,ALDH1A3,0.0,0.0,0.0,0.0,0.0,0.0,0.0
repeat_2_fold_4,ALDH1L1,0.0,0.0,0.0,0.0,0.0,0.0,0.0
repeat_2_fold_4,ALDH2,0.0,0.0,0.0,0.0,0.0,0.0,0.0
repeat_2_fold_4,ALDH3B1,0.0,0.0,0.0,0.0,0.0,0.0,0.0
repeat_2_fold_4,ALDH3B2,0.0,0.0,0.0,0.0,0.0,0.0,0.0
repeat_2_fold_4,ALDH4A1,0.0,0.0,0.0,0.0,0.0,0.0,0.0
repeat_2_fold_4,ALDH5A1,0.0,0.0,0.0,0.0,0.0,0.0,0.0
repeat_2_fold_4,ALDH6A1,0.0,0.0,0.0,0.0,0.0,0.0,0.0
repeat_2_fold_4,ALDH7A1,0.0,0.0,0.0,0.0,0.0,0.0,0.0
repeat_2_fold_4,ALDH8A1,0.0,0.0,0.0,0.0,0.0,0.0,0.0
repeat_2_fold_4,ALDH9A1,-0.12857190313857458,0.25714380627714917,0.12857190313857458,-0.25714380627714917,0.0,0.004705400981996732,0.5
repeat_2_fold_4,ALDOA,0.0,0.0,0.0,0.0,0.0,0.0,0.0
repeat_2_fold_4,ALDOB,0.0,0.0,0.0,0.0,0.0,0.0,0.0
repeat_2_fold_4,ALDOC,0.0,0.0,0.0,0.0,0.0,0.0,0.0
repeat_2_fold_4,ALG12,0.0,0.0,0.0,0.0,0.0,0.0,0.0
repeat_2_fold_4,ALG13,0.0,0.0,0.0,0.0,0.0,0.0,0.0
repeat_2_fold_4,ALG3,0.0,0.0,0.0,0.0,0.0,0.0,0.0
repeat_2_fold_4,ALG5,0.0,0.0,0.0,0.0,0.0,0.0,0.0
repeat_2_fold_4,ALG6,0.0,0.0,0.0,0.0,0.0,0.0,0.0
repeat_2_fold_4,ALG8,0.0,0.0,0.0,0.0,0.0,0.0,0.0
repeat_2_fold_4,ALG9,0.0,0.0,0.0,0.0,0.0,0.0,0.0
repeat_2_fold_4,ALK,0.0,0.0,0.0,0.0,0.0,0.0,0.0
repeat_2_fold_4,ALMS1,0.0,0.0,0.0,0.0,0.0,0.0,0.0
repeat_2_fold_4,ALOX12,0.0,0.0,0.0,0.0,0.0,0.0,0.0
repeat_2_fold_4,ALOX12B,0.0,0.0,0.0,0.0,0.0,0.0,0.0
repeat_2_fold_4,ALOX15,0.0,0.0,0.0,0.0,0.0,0.0,0.0
repeat_2_fold_4,ALOX15B,0.0,0.0,0.0,0.0,0.0,0.0,0.0
repeat_2_fold_4,ALOX5,0.0,0.0,0.0,0.0,0.0,0.0,0.0
repeat_2_fold_4,ALOX5AP,0.0,0.0,0.0,0.0,0.0,0.0,0.0
repeat_2_fold_4,ALOXE3,0.0,0.0,0.0,0.0,0.0,0.0,0.0
repeat_2_fold_4,ALPG,0.0,0.0,0.0,0.0,0.0,0.0,0.0
repeat_2_fold_4,ALPI,0.0,0.0,0.0,0.0,0.0,0.0,0.0
repeat_2_fold_4,ALPK1,0.0,0.0,0.0,0.0,0.0,0.0,0.0
repeat_2_fold_4,ALPL,0.0,0.0,0.0,0.0,0.0,0.0,0.0
repeat_2_fold_4,ALPP,0.0,0.0,0.0,0.0,0.0,0.0,0.0
repeat_2_fold_4,ALS2CL,0.0,0.0,0.0,0.0,0.0,0.0,0.0
repeat_2_fold_4,ALX3,0.0,0.0,0.0,0.0,0.0,0.0,0.0
repeat_2_fold_4,AMACR,0.0,0.0,0.0,0.0,0.0,0.0,0.0
repeat_2_fold_4,AMBN,0.0,0.0,0.0,0.0,0.0,0.0,0.0
repeat_2_fold_4,AMBRA1,0.0,0.0,0.0,0.0,0.0,0.0,0.0
repeat_2_fold_4,AMD1,0.0,0.0,0.0,0.0,0.0,0.0,0.0
repeat_2_fold_4,AMDHD2,0.0,0.0,0.0,0.0,0.0,0.0,0.0
repeat_2_fold_4,AMFR,0.0,0.0,0.0,0.0,0.0,0.0,0.0
repeat_2_fold_4,AMHR2,0.0,0.0,0.0,0.0,0.0,0.0,0.0
repeat_2_fold_4,AMIGO2,0.0,0.0,0.0,0.0,0.0,0.0,0.0
repeat_2_fold_4,AMN,0.0,0.0,0.0,0.0,0.0,0.0,0.0
repeat_2_fold_4,AMOTL2,0.0,0.0,0.0,0.0,0.0,0.0,0.0
repeat_2_fold_4,AMPD1,0.0,0.0,0.0,0.0,0.0,0.0,0.0
repeat_2_fold_4,AMPD2,0.0,0.0,0.0,0.0,0.0,0.0,0.0
repeat_2_fold_4,AMPD3,0.0,0.0,0.0,0.0,0.0,0.0,0.0
repeat_2_fold_4,AMPH,0.0,0.0,0.0,0.0,0.0,0.0,0.0
repeat_2_fold_4,AMT,0.0,0.0,0.0,0.0,0.0,0.0,0.0
repeat_2_fold_4,AMY1A,0.0,0.0,0.0,0.0,0.0,0.0,0.0
repeat_2_fold_4,ANAPC1,0.0,0.0,0.0,0.0,0.0,0.0,0.0
repeat_2_fold_4,ANAPC10,0.020881932097790212,0.02411237823571733,0.012056189117858666,0.008825742979931547,0.5,-0.0028022417934347454,0.5
repeat_2_fold_4,ANAPC13,0.0,0.0,0.0,0.0,0.0,0.0,0.0
repeat_2_fold_4,ANAPC15,0.0,0.0,0.0,0.0,0.0,0.0,0.0
repeat_2_fold_4,ANAPC2,0.0,0.0,0.0,0.0,0.0,0.0,0.0
repeat_2_fold_4,ANAPC5,0.0,0.0,0.0,0.0,0.0,0.0,0.0
repeat_2_fold_4,ANG,0.0,0.0,0.0,0.0,0.0,0.0,0.0
repeat_2_fold_4,ANGPT1,0.0,0.0,0.0,0.0,0.0,0.0,0.0
repeat_2_fold_4,ANGPT2,0.0,0.0,0.0,0.0,0.0,0.0,0.0
repeat_2_fold_4,ANGPT4,0.0,0.0,0.0,0.0,0.0,0.0,0.0
repeat_2_fold_4,ANGPTL3,0.0,0.0,0.0,0.0,0.0,0.0,0.0
repeat_2_fold_4,ANGPTL4,0.0,0.0,0.0,0.0,0.0,0.0,0.0
repeat_2_fold_4,ANGPTL8,0.0,0.0,0.0,0.0,0.0,0.0,0.0
repeat_2_fold_4,ANK1,0.0,0.0,0.0,0.0,0.0,0.0,0.0
repeat_2_fold_4,ANK2,0.0,0.0,0.0,0.0,0.0,0.0,0.0
repeat_2_fold_4,ANKFY1,0.0,0.0,0.0,0.0,0.0,0.0,0.0
repeat_2_fold_4,ANKH,0.0,0.0,0.0,0.0,0.0,0.0,0.0
repeat_2_fold_4,ANKRD1,0.0,0.0,0.0,0.0,0.0,0.0,0.0
repeat_2_fold_4,ANKRD26,0.0,0.0,0.0,0.0,0.0,0.0,0.0
repeat_2_fold_4,ANKRD27,0.0,0.0,0.0,0.0,0.0,0.0,0.0
repeat_2_fold_4,ANKRD28,0.0,0.0,0.0,0.0,0.0,0.0,0.0
repeat_2_fold_4,ANKZF1,0.0,0.0,0.0,0.0,0.0,0.0,0.0
repeat_2_fold_4,ANO1,0.0,0.0,0.0,0.0,0.0,0.0,0.0
repeat_2_fold_4,ANO10,0.0,0.0,0.0,0.0,0.0,0.0,0.0
repeat_2_fold_4,ANO2,0.0,0.0,0.0,0.0,0.0,0.0,0.0
repeat_2_fold_4,ANO3,0.0,0.0,0.0,0.0,0.0,0.0,0.0
repeat_2_fold_4,ANOS1,0.0,0.0,0.0,0.0,0.0,0.0,0.0
repeat_2_fold_4,ANPEP,0.0,0.0,0.0,0.0,0.0,0.0,0.0
repeat_2_fold_4,ANTXR1,0.0,0.0,0.0,0.0,0.0,0.0,0.0
repeat_2_fold_4,ANXA1,0.0,0.0,0.0,0.0,0.0,0.0,0.0
repeat_2_fold_4,ANXA2,0.0,0.0,0.0,0.0,0.0,0.0,0.0
repeat_2_fold_4,ANXA3,0.0,0.0,0.0,0.0,0.0,0.0,0.0
repeat_2_fold_4,ANXA6,0.0,0.0,0.0,0.0,0.0,0.0,0.0
repeat_2_fold_4,AOC1,0.0,0.0,0.0,0.0,0.0,0.0,0.0
repeat_2_fold_4,AOC2,0.0,0.0,0.0,0.0,0.0,0.0,0.0
repeat_2_fold_4,AOX1,0.0,0.0,0.0,0.0,0.0,0.0,0.0
repeat_2_fold_4,AP1B1,0.0,0.0,0.0,0.0,0.0,0.0,0.0
repeat_2_fold_4,AP1G1,0.0,0.0,0.0,0.0,0.0,0.0,0.0
repeat_2_fold_4,AP1G2,0.0,0.0,0.0,0.0,0.0,0.0,0.0
repeat_2_fold_4,AP1M2,-0.04321158424885496,0.04989643959637321,0.024948219798186604,-0.06815980404704157,0.0,0.0009338895011262449,1.0
repeat_2_fold_4,AP1S2,0.0,0.0,0.0,0.0,0.0,0.0,0.0
repeat_2_fold_4,AP2A2,0.0,0.0,0.0,0.0,0.0,0.0,0.0
repeat_2_fold_4,AP2B1,0.0,0.0,0.0,0.0,0.0,0.0,0.0
repeat_2_fold_4,AP2M1,0.0,0.0,0.0,0.0,0.0,0.0,0.0
repeat_2_fold_4,AP2S1,0.0,0.0,0.0,0.0,0.0,0.0,0.0
repeat_2_fold_4,AP3B1,0.0,0.0,0.0,0.0,0.0,0.0,0.0
repeat_2_fold_4,AP3S1,0.0,0.0,0.0,0.0,0.0,0.0,0.0
repeat_2_fold_4,AP4E1,0.0,0.0,0.0,0.0,0.0,0.0,0.0
repeat_2_fold_4,AP4M1,0.0,0.0,0.0,0.0,0.0,0.0,0.0
repeat_2_fold_4,AP4S1,0.0,0.0,0.0,0.0,0.0,0.0,0.0
repeat_2_fold_4,APAF1,0.0,0.0,0.0,0.0,0.0,0.0,0.0
repeat_2_fold_4,APBA1,0.0,0.0,0.0,0.0,0.0,0.0,0.0
repeat_2_fold_4,APBA2,0.0,0.0,0.0,0.0,0.0,0.0,0.0
repeat_2_fold_4,APBA3,0.0,0.0,0.0,0.0,0.0,0.0,0.0
repeat_2_fold_4,APBB1,0.0,0.0,0.0,0.0,0.0,0.0,0.0
repeat_2_fold_4,APBB1IP,0.0,0.0,0.0,0.0,0.0,0.0,0.0
repeat_2_fold_4,APC,0.0,0.0,0.0,0.0,0.0,0.001432078559738148,0.5
repeat_2_fold_4,APCS,0.0,0.0,0.0,0.0,0.0,0.0,0.0
repeat_2_fold_4,APEH,0.0,0.0,0.0,0.0,0.0,0.0,0.0
repeat_2_fold_4,APEX1,0.0,0.0,0.0,0.0,0.0,0.0,0.0
repeat_2_fold_4,APH1A,0.0,0.0,0.0,0.0,0.0,0.0,0.0
repeat_2_fold_4,APH1B,0.0,0.0,0.0,0.0,0.0,0.0,0.0
repeat_2_fold_4,APIP,0.0,0.0,0.0,0.0,0.0,0.0,0.0
repeat_2_fold_4,APLNR,0.0,0.0,0.0,0.0,0.0,0.0,0.0
repeat_2_fold_4,APLP2,0.0,0.0,0.0,0.0,0.0,0.0,0.0
repeat_2_fold_4,APOA1,0.0,0.0,0.0,0.0,0.0,0.0,0.0
repeat_2_fold_4,APOA2,0.0,0.0,0.0,0.0,0.0,0.0,0.0
repeat_2_fold_4,APOA4,0.0,0.0,0.0,0.0,0.0,0.0,0.0
repeat_2_fold_4,APOB,0.0,0.0,0.0,0.0,0.0,0.0,0.0
repeat_2_fold_4,APOBEC1,0.0,0.0,0.0,0.0,0.0,0.0,0.0
repeat_2_fold_4,APOBEC2,0.0,0.0,0.0,0.0,0.0,0.0,0.0
repeat_2_fold_4,APOBEC3A,0.0,0.0,0.0,0.0,0.0,0.0,0.0
repeat_2_fold_4,APOBEC3B,0.0,0.0,0.0,0.0,0.0,0.0,0.0
repeat_2_fold_4,APOBEC3C,0.0,0.0,0.0,0.0,0.0,0.0,0.0
repeat_2_fold_4,APOBEC3G,0.0,0.0,0.0,0.0,0.0,0.0,0.0
repeat_2_fold_4,APOBR,0.0,0.0,0.0,0.0,0.0,0.0,0.0
repeat_2_fold_4,APOC1,0.0,0.0,0.0,0.0,0.0,0.0,0.0
repeat_2_fold_4,APOC2,0.0,0.0,0.0,0.0,0.0,0.0,0.0
repeat_2_fold_4,APOC3,0.0,0.0,0.0,0.0,0.0,0.0,0.0
repeat_2_fold_4,APOC4,0.0,0.0,0.0,0.0,0.0,0.0,0.0
repeat_2_fold_4,APOD,0.0,0.0,0.0,0.0,0.0,0.0,0.0
repeat_2_fold_4,APOE,0.0,0.0,0.0,0.0,0.0,0.0,0.0
repeat_2_fold_4,APOF,0.0,0.0,0.0,0.0,0.0,0.0,0.0
repeat_2_fold_4,APOH,0.0,0.0,0.0,0.0,0.0,0.0,0.0
repeat_2_fold_4,APOL1,0.0,0.0,0.0,0.0,0.0,0.0,0.0
repeat_2_fold_4,APOM,0.0,0.0,0.0,0.0,0.0,0.0,0.0
repeat_2_fold_4,APOO,0.0,0.0,0.0,0.0,0.0,0.0,0.0
repeat_2_fold_4,APOOL,0.0,0.0,0.0,0.0,0.0,0.0,0.0
repeat_2_fold_4,APP,0.0,0.0,0.0,0.0,0.0,0.0,0.0
repeat_2_fold_4,APPL1,0.0,0.0,0.0,0.0,0.0,0.0,0.0
repeat_2_fold_4,APRT,0.0,0.0,0.0,0.0,0.0,0.0,0.0
repeat_2_fold_4,AQP1,0.0,0.0,0.0,0.0,0.0,0.0,0.0
repeat_2_fold_4,AQP2,0.0,0.0,0.0,0.0,0.0,0.0,0.0
repeat_2_fold_4,AQP3,0.0,0.0,0.0,0.0,0.0,0.0,0.0
repeat_2_fold_4,AQP4,0.0,0.0,0.0,0.0,0.0,0.0,0.0
repeat_2_fold_4,AQP5,0.0,0.0,0.0,0.0,0.0,0.0,0.0
repeat_2_fold_4,AQP6,0.0,0.0,0.0,0.0,0.0,0.0,0.0
repeat_2_fold_4,AQP7,0.0,0.0,0.0,0.0,0.0,0.0,0.0
repeat_2_fold_4,AQP8,0.0,0.0,0.0,0.0,0.0,0.0,0.0
repeat_2_fold_4,AQP9,0.0,0.0,0.0,0.0,0.0,0.0,0.0
repeat_2_fold_4,AQR,0.0,0.0,0.0,0.0,0.0,0.0,0.0
repeat_2_fold_4,AR,0.0,0.0,0.0,0.0,0.0,0.0010229132569558042,0.5
repeat_2_fold_4,ARAF,0.0,0.0,0.0,0.0,0.0,0.0,0.0
repeat_2_fold_4,ARAP1,0.0,0.0,0.0,0.0,0.0,0.0,0.0
repeat_2_fold_4,ARAP2,0.0,0.0,0.0,0.0,0.0,0.0,0.0
repeat_2_fold_4,ARAP3,0.0,0.0,0.0,0.0,0.0,0.0,0.0
repeat_2_fold_4,ARC,0.0,0.0,0.0,0.0,0.0,0.0,0.0
repeat_2_fold_4,ARCN1,0.0,0.0,0.0,0.0,0.0,0.0,0.0
repeat_2_fold_4,AREG,0.0,0.0,0.0,0.0,0.0,0.0,0.0
repeat_2_fold_4,AREL1,0.0,0.0,0.0,0.0,0.0,0.0,0.0
repeat_2_fold_4,ARF1,0.0,0.0,0.0,0.0,0.0,0.0,0.0
repeat_2_fold_4,ARF3,0.0,0.0,0.0,0.0,0.0,0.0,0.0
repeat_2_fold_4,ARF4,0.0,0.0,0.0,0.0,0.0,0.0,0.0
repeat_2_fold_4,ARF5,0.0,0.0,0.0,0.0,0.0,0.0,0.0
repeat_2_fold_4,ARF6,0.0,0.0,0.0,0.0,0.0,0.0,0.0
repeat_2_fold_4,ARFGAP1,0.0,0.0,0.0,0.0,0.0,0.0,0.0
repeat_2_fold_4,ARFGAP2,0.0,0.0,0.0,0.0,0.0,0.0,0.0
repeat_2_fold_4,ARFGEF2,0.0,0.0,0.0,0.0,0.0,0.0,0.0
repeat_2_fold_4,ARHGAP25,0.0,0.0,0.0,0.0,0.0,0.0,0.0
repeat_2_fold_4,ARHGAP4,0.0,0.0,0.0,0.0,0.0,0.00020016012810247785,0.5
repeat_2_fold_4,ARHGAP44,0.20693363536320497,0.3374344771232244,0.1687172385616122,0.03821639680159278,0.5,0.0022238740255706713,1.0
repeat_2_fold_4,ARHGDIB,0.0,0.0,0.0,0.0,0.0,0.0,0.0
repeat_2_fold_4,ARHGEF2,0.07514479770829752,0.219277368057687,0.1096386840288435,-0.03449388632054598,0.25,0.0006004803843074336,0.5
repeat_2_fold_4,ARRB1,0.0,0.0,0.0,0.0,0.0,0.0,0.0
repeat_2_fold_4,ARSF,-0.1351522087336683,0.18163816564104018,0.09081908282052009,-0.22597129155418838,0.0,0.0004003202562049557,0.5
repeat_2_fold_4,ART3,0.0,0.0,0.0,0.0,0.0,0.0,0.0
repeat_2_fold_4,ART4,0.0,0.0,0.0,0.0,0.0,0.0,0.0
repeat_2_fold_4,ASGR1,0.5729664503917604,0.6620116576787343,0.33100582883936713,0.24196062155239328,0.5,0.0011252045826513901,0.5
repeat_2_fold_4,ASPSCR1,0.0,0.0,0.0,0.0,0.0,0.0,0.0
repeat_2_fold_4,ATF4,0.0,0.0,0.0,0.0,0.0,0.0,0.0
repeat_2_fold_4,ATP10D,0.0,0.0,0.0,0.0,0.0,0.0,0.0
repeat_2_fold_4,ATP1A1,0.0,0.0,0.0,0.0,0.0,0.0,0.0
repeat_2_fold_4,ATP1B3,0.0,0.0,0.0,0.0,0.0,0.0,0.0
repeat_2_fold_4,ATP5F1E,0.0,0.0,0.0,0.0,0.0,0.0,0.0
repeat_2_fold_4,ATP6V1A,0.0,0.0,0.0,0.0,0.0,0.0,0.0
repeat_2_fold_4,ATP8A1,0.047484940754559446,0.05742063673781675,0.028710318368908375,0.01877462238565107,0.5,0.0014011208967173727,0.5
repeat_2_fold_4,ATP8B1,0.0,0.0,0.0,0.0,0.0,0.0,0.0
repeat_2_fold_4,AXL,0.0,0.0,0.0,0.0,0.0,0.0,0.0
repeat_2_fold_4,B3GALT2,0.0,0.0,0.0,0.0,0.0,0.0017389525368248782,0.5
repeat_2_fold_4,B4GALT2,0.0,0.0,0.0,0.0,0.0,0.0,0.0
repeat_2_fold_4,BCAT2,0.0,0.0,0.0,0.0,0.0,0.0,0.0
repeat_2_fold_4,BHLHE41,0.0,0.0,0.0,0.0,0.0,0.0,0.0
repeat_2_fold_4,BLMH,0.0,0.0,0.0,0.0,0.0,0.0,0.0
repeat_2_fold_4,BLVRA,0.0,0.0,0.0,0.0,0.0,0.0,0.0
repeat_2_fold_4,BMI1,-0.04321158424885496,0.04989643959637321,0.024948219798186604,-0.06815980404704157,0.0,0.0018412438625204641,0.5
repeat_2_fold_4,BMP4,-0.1617369477174435,0.15365659889947728,0.07682829944973864,-0.23856524716718214,0.0,0.0012053832919035612,1.0
repeat_2_fold_4,BMPR1A,0.0,0.0,0.0,0.0,0.0,0.0,0.0
repeat_2_fold_4,BNIP1,0.0,0.0,0.0,0.0,0.0,0.0,0.0
repeat_2_fold_4,BST2,0.03704397470566789,0.04277469753634209,0.021387348768171045,0.015656625937496848,0.5,0.001329787234042562,1.0
repeat_2_fold_4,C1GALT1,0.0,0.0,0.0,0.0,0.0,0.0,0.0
repeat_2_fold_4,C1S,0.0,0.0,0.0,0.0,0.0,0.0,0.0
repeat_2_fold_4,C2CD3,0.0,0.0,0.0,0.0,0.0,0.0,0.0
repeat_2_fold_4,CAB39,0.0,0.0,0.0,0.0,0.0,0.0,0.0
repeat_2_fold_4,CABP2,0.0,0.0,0.0,0.0,0.0,0.0,0.0
repeat_2_fold_4,CALM3,0.0,0.0,0.0,0.0,0.0,0.0,0.0
repeat_2_fold_4,CALU,0.0,0.0,0.0,0.0,0.0,0.0,0.0
repeat_2_fold_4,CANX,0.0,0.0,0.0,0.0,0.0,0.0,0.0
repeat_2_fold_4,CAPN15,0.0,0.0,0.0,0.0,0.0,0.0,0.0
repeat_2_fold_4,CARS1,0.0,0.0,0.0,0.0,0.0,0.0,0.0
repeat_2_fold_4,CATSPER2,0.0,0.0,0.0,0.0,0.0,0.0,0.0
repeat_2_fold_4,CBX5,0.5482056018430015,0.6220915059369634,0.3110457529684817,0.2371598488745198,0.75,-0.0011921157220375622,1.0
repeat_2_fold_4,CCDC88C,0.0,0.0,0.0,0.0,0.0,0.0,0.0
repeat_2_fold_4,CCK,0.0,0.0,0.0,0.0,0.0,0.0,0.0
repeat_2_fold_4,CCKBR,0.0,0.0,0.0,0.0,0.0,0.0,0.0
repeat_2_fold_4,CCNC,0.0,0.0,0.0,0.0,0.0,0.0,0.0
repeat_2_fold_4,CCNK,0.0,0.0,0.0,0.0,0.0,0.0,0.0
repeat_2_fold_4,CCR2,0.0,0.0,0.0,0.0,0.0,0.0,0.0
repeat_2_fold_4,CCR3,0.0,0.0,0.0,0.0,0.0,0.0,0.0
repeat_2_fold_4,CCR5,0.0,0.0,0.0,0.0,0.0,0.0,0.0
repeat_2_fold_4,CCS,0.0,0.0,0.0,0.0,0.0,0.0,0.0
repeat_2_fold_4,CCT8,0.6386174311637927,0.7382554606574336,0.3691277303287168,0.26948970083507584,0.5,-0.00010229132569558597,0.5
repeat_2_fold_4,CD27,-0.07744294112311323,0.15488588224622646,0.07744294112311323,-0.15488588224622646,0.0,-0.0020016012810248063,0.5
repeat_2_fold_4,CD28,0.0,0.0,0.0,0.0,0.0,0.0,0.0
repeat_2_fold_4,CD300A,0.0,0.0,0.0,0.0,0.0,0.0,0.0
repeat_2_fold_4,CD34,0.549213478714849,0.7909340375773931,0.39546701878869656,0.1537464599261525,0.5,0.0010273357802444982,1.0
repeat_2_fold_4,CD79B,0.0,0.0,0.0,0.0,0.0,0.0,0.0
repeat_2_fold_4,CDC25A,-0.8086897302836338,0.9471978886982336,0.4735989443491168,-1.2822886746327506,0.0,-0.00020016012810247785,0.5
repeat_2_fold_4,CDC42,0.0,0.0,0.0,0.0,0.0,0.0,0.0
repeat_2_fold_4,CDC42EP1,0.0,0.0,0.0,0.0,0.0,0.0,0.0
repeat_2_fold_4,CDH19,0.0,0.0,0.0,0.0,0.0,0.0,0.0
repeat_2_fold_4,CDIPT,0.0,0.0,0.0,0.0,0.0,0.0,0.0
repeat_2_fold_4,CDK12,0.0,0.0,0.0,0.0,0.0,0.0,0.0
repeat_2_fold_4,CDK2,0.0,0.0,0.0,0.0,0.0,0.0,0.0
repeat_2_fold_4,CDK5R2,0.0,0.0,0.0,0.0,0.0,0.0,0.0
repeat_2_fold_4,CDK5RAP2,0.0,0.0,0.0,0.0,0.0,0.0,0.0
repeat_2_fold_4,CDKN1C,0.0,0.0,0.0,0.0,0.0,0.0,0.0
repeat_2_fold_4,CDKN2A,0.0,0.0,0.0,0.0,0.0,0.0,0.0
repeat_2_fold_4,CDS2,0.0,0.0,0.0,0.0,0.0,0.0,0.0
repeat_2_fold_4,CDT1,0.0,0.0,0.0,0.0,0.0,0.0,0.0
repeat_2_fold_4,CEACAM6,0.0,0.0,0.0,0.0,0.0,0.0,0.0
repeat_2_fold_4,CENPQ,0.0,0.0,0.0,0.0,0.0,0.0,0.0
repeat_2_fold_4,CENPS,0.0,0.0,0.0,0.0,0.0,0.0,0.0
repeat_2_fold_4,CEP43,0.0,0.0,0.0,0.0,0.0,0.0,0.0
repeat_2_fold_4,CFHR2,0.0,0.0,0.0,0.0,0.0,0.0,0.0
repeat_2_fold_4,CHD4,0.0,0.0,0.0,0.0,0.0,0.0011252045826513901,0.5
repeat_2_fold_4,CHGA,0.0,0.0,0.0,0.0,0.0,0.0,0.0
repeat_2_fold_4,CHGB,0.0,0.0,0.0,0.0,0.0,0.0,0.0
repeat_2_fold_4,CHMP6,0.08188274335482681,0.6629661230101663,0.33148306150508317,-0.24960031815025635,0.25,0.007671849427168587,0.5
repeat_2_fold_4,CHRNA1,0.0,0.0,0.0,0.0,0.0,0.0,0.0
repeat_2_fold_4,CHST4,0.0,0.0,0.0,0.0,0.0,0.0,0.0
repeat_2_fold_4,CKB,0.0,0.0,0.0,0.0,0.0,0.0,0.0
repeat_2_fold_4,CKMT1B,0.0,0.0,0.0,0.0,0.0,0.0,0.0
repeat_2_fold_4,CLDN15,0.0,0.0,0.0,0.0,0.0,0.0,0.0
repeat_2_fold_4,CLDN4,0.0,0.0,0.0,0.0,0.0,-0.002201761409127312,0.5
repeat_2_fold_4,CLNS1A,0.0,0.0,0.0,0.0,0.0,0.0,0.0
repeat_2_fold_4,CLU,0.0,0.0,0.0,0.0,0.0,0.0,0.0
repeat_2_fold_4,CNOT1,0.0,0.0,0.0,0.0,0.0,0.0,0.0
repeat_2_fold_4,CNR1,0.0,0.0,0.0,0.0,0.0,0.0,0.0
repeat_2_fold_4,COL1A2,0.0,0.0,0.0,0.0,0.0,0.0,0.0
repeat_2_fold_4,COL21A1,0.0,0.0,0.0,0.0,0.0,0.0,0.0
repeat_2_fold_4,COL4A3,0.0,0.0,0.0,0.0,0.0,0.0,0.0
repeat_2_fold_4,COL6A2,0.0,0.0,0.0,0.0,0.0,0.0,0.0
repeat_2_fold_4,COL8A1,0.0,0.0,0.0,0.0,0.0,0.0,0.0
repeat_2_fold_4,COL9A3,0.0,0.0,0.0,0.0,0.0,0.0,0.0
repeat_2_fold_4,COLEC12,-0.13617207876941073,0.7461376099261295,0.37306880496306477,-0.5092408837324756,0.25,-0.0022907851649568434,1.0
repeat_2_fold_4,COQ2,0.0,0.0,0.0,0.0,0.0,0.0,0.0
repeat_2_fold_4,COQ3,-0.04083535831201601,0.0611635685597593,0.03058178427987965,-0.07141714259189566,0.0,-0.0016012810248198506,0.5
repeat_2_fold_4,COX5B,-0.18808269886192264,0.21727654787684014,0.10863827393842007,-0.2967209728003427,0.0,-0.0032069845729283952,1.0
repeat_2_fold_4,CPA2,-0.2057058987543421,0.24013478795315416,0.12006739397657708,-0.32577329273091915,0.0,0.0024594143399826185,1.0
repeat_2_fold_4,CPNE7,0.0,0.0,0.0,0.0,0.0,0.0,0.0
repeat_2_fold_4,CPSF4,0.0,0.0,0.0,0.0,0.0,0.0,0.0
repeat_2_fold_4,CRBN,0.0,0.0,0.0,0.0,0.0,0.0,0.0
repeat_2_fold_4,CREB3L1,0.0,0.0,0.0,0.0,0.0,0.0,0.0
repeat_2_fold_4,CRNKL1,0.0,0.0,0.0,0.0,0.0,0.0,0.0
repeat_2_fold_4,CROT,0.0,0.0,0.0,0.0,0.0,0.0,0.0
repeat_2_fold_4,CRTAP,0.0,0.0,0.0,0.0,0.0,0.0,0.0
repeat_2_fold_4,CSF2RB,0.0,0.0,0.0,0.0,0.0,0.000716039279869074,0.5
repeat_2_fold_4,CSNK2B,0.0,0.0,0.0,0.0,0.0,0.0,0.0
repeat_2_fold_4,CSTF2T,0.0,0.0,0.0,0.0,0.0,0.0,0.0
repeat_2_fold_4,CTCF,0.0,0.0,0.0,0.0,0.0,0.0,0.0
repeat_2_fold_4,CTDP1,0.0,0.0,0.0,0.0,0.0,0.0,0.0
repeat_2_fold_4,CTLA4,0.0,0.0,0.0,0.0,0.0,0.0,0.0
repeat_2_fold_4,CTNND1,0.0,0.0,0.0,0.0,0.0,0.0,0.0
repeat_2_fold_4,CTSE,0.0,0.0,0.0,0.0,0.0,0.0,0.0
repeat_2_fold_4,CTSH,0.0,0.0,0.0,0.0,0.0,0.0,0.0
repeat_2_fold_4,CTSL,0.0,0.0,0.0,0.0,0.0,0.0,0.0
repeat_2_fold_4,CTSZ,0.0,0.0,0.0,0.0,0.0,0.0,0.0
repeat_2_fold_4,CX3CL1,0.2935897618204937,0.6880262963786904,0.3440131481893452,-0.05042338636885152,0.25,0.0035934639692113968,1.0
repeat_2_fold_4,CXCL13,0.0,0.0,0.0,0.0,0.0,0.0,0.0
repeat_2_fold_4,CYCS,0.0,0.0,0.0,0.0,0.0,0.0,0.0
repeat_2_fold_4,CYFIP2,0.0,0.0,0.0,0.0,0.0,0.0,0.0
repeat_2_fold_4,CYP11B2,0.0,0.0,0.0,0.0,0.0,0.0,0.0
repeat_2_fold_4,CYP1B1,0.0,0.0,0.0,0.0,0.0,0.0,0.0
repeat_2_fold_4,CYP21A2,0.04039403644913797,0.4045172513116974,0.2022586256558487,-0.16186458920671074,0.25,0.005004003202562057,0.5
repeat_2_fold_4,CYSLTR1,0.0,0.0,0.0,0.0,0.0,0.0024549918166939244,0.5
repeat_2_fold_4,DCAF8,0.0,0.0,0.0,0.0,0.0,0.0,0.0
repeat_2_fold_4,DCLRE1B,0.0,0.0,0.0,0.0,0.0,0.0,0.0
repeat_2_fold_4,DCTN2,0.0,0.0,0.0,0.0,0.0,0.0,0.0
repeat_2_fold_4,DCUN1D1,0.0,0.0,0.0,0.0,0.0,0.0,0.0
repeat_2_fold_4,DDC,0.0,0.0,0.0,0.0,0.0,0.0,0.0
repeat_2_fold_4,DELE1,0.0,0.0,0.0,0.0,0.0,0.0,0.0
repeat_2_fold_4,DENND5B,0.020881932097790212,0.02411237823571733,0.012056189117858666,0.008825742979931547,0.5,-0.00020016012810247785,0.5
repeat_2_fold_4,DGKE,0.0,0.0,0.0,0.0,0.0,0.0,0.0
repeat_2_fold_4,DHCR24,0.0,0.0,0.0,0.0,0.0,0.0,0.0
repeat_2_fold_4,DHRS3,0.0,0.0,0.0,0.0,0.0,0.0,0.0
repeat_2_fold_4,DHX15,0.0,0.0,0.0,0.0,0.0,0.0,0.0
repeat_2_fold_4,DHX16,0.0,0.0,0.0,0.0,0.0,0.0,0.0
repeat_2_fold_4,DIABLO,0.0,0.0,0.0,0.0,0.0,0.0,0.0
repeat_2_fold_4,DIAPH1,0.0,0.0,0.0,0.0,0.0,0.0,0.0
repeat_2_fold_4,DIO1,0.07145427958698747,0.21799865021347684,0.10899932510673842,-0.03754504551975095,0.25,-0.0020016012810248063,0.5
repeat_2_fold_4,DLC1,-0.10964115725415446,0.12730900975998188,0.06365450487999094,-0.1732956621341454,0.0,0.00020016012810247785,0.5
repeat_2_fold_4,DLD,0.0,0.0,0.0,0.0,0.0,0.0,0.0
repeat_2_fold_4,DMBT1,0.0,0.0,0.0,0.0,0.0,-0.0009206219312602182,0.5
repeat_2_fold_4,DNAJB6,0.0,0.0,0.0,0.0,0.0,0.0,0.0
repeat_2_fold_4,DNAJC2,0.0,0.0,0.0,0.0,0.0,0.0,0.0
repeat_2_fold_4,DNM1L,0.0,0.0,0.0,0.0,0.0,0.0,0.0
repeat_2_fold_4,DOK1,0.0,0.0,0.0,0.0,0.0,0.0,0.0
repeat_2_fold_4,DOK3,0.0,0.0,0.0,0.0,0.0,0.0,0.0
repeat_2_fold_4,DPEP2,0.0,0.0,0.0,0.0,0.0,0.0,0.0
repeat_2_fold_4,DPF2,0.0,0.0,0.0,0.0,0.0,0.0,0.0
repeat_2_fold_4,DPPA4,0.0,0.0,0.0,0.0,0.0,0.0,0.0
repeat_2_fold_4,DZIP1,0.0,0.0,0.0,0.0,0.0,0.0,0.0
repeat_2_fold_4,E2F1,0.0,0.0,0.0,0.0,0.0,0.0,0.0
repeat_2_fold_4,ECT2,-0.12117918426336693,0.17359907696240331,0.08679953848120166,-0.20797872274456858,0.0,-0.00081833060556466,0.5
repeat_2_fold_4,EIF2AK2,0.0,0.0,0.0,0.0,0.0,0.0,0.0
repeat_2_fold_4,EIF2B1,0.0,0.0,0.0,0.0,0.0,0.0,0.0
repeat_2_fold_4,EIF2B5,0.0,0.0,0.0,0.0,0.0,0.0,0.0
repeat_2_fold_4,EIF3B,0.0,0.0,0.0,0.0,0.0,0.0,0.0
repeat_2_fold_4,EIF3D,0.0,0.0,0.0,0.0,0.0,0.0,0.0
repeat_2_fold_4,EIF4A3,0.0,0.0,0.0,0.0,0.0,0.0,0.0
repeat_2_fold_4,ELF1,0.0,0.0,0.0,0.0,0.0,0.0,0.0
repeat_2_fold_4,ELOB,0.0,0.0,0.0,0.0,0.0,0.0,0.0
repeat_2_fold_4,ELOVL1,0.0,0.0,0.0,0.0,0.0,0.0,0.0
repeat_2_fold_4,ELP5,0.0,0.0,0.0,0.0,0.0,0.0,0.0
repeat_2_fold_4,EPB41L2,0.0,0.0,0.0,0.0,0.0,0.0,0.0
repeat_2_fold_4,EPN1,0.0,0.0,0.0,0.0,0.0,0.0,0.0
repeat_2_fold_4,EPN2,0.0,0.0,0.0,0.0,0.0,0.0,0.0
repeat_2_fold_4,ERAL1,0.0,0.0,0.0,0.0,0.0,0.0,0.0
repeat_2_fold_4,ERBB2,0.0,0.0,0.0,0.0,0.0,0.0,0.0
repeat_2_fold_4,ERCC1,0.021868555730534922,0.1223547210959504,0.0611773605479752,-0.03930880481744028,0.25,0.0004003202562049557,0.5
repeat_2_fold_4,ERO1B,0.0,0.0,0.0,0.0,0.0,0.0,0.0
repeat_2_fold_4,F10,0.0,0.0,0.0,0.0,0.0,0.0,0.0
repeat_2_fold_4,F2R,0.0,0.0,0.0,0.0,0.0,0.0,0.0
repeat_2_fold_4,F3,0.0,0.0,0.0,0.0,0.0,0.0,0.0
repeat_2_fold_4,FABP3,-0.19206529109393244,0.22177789503013146,0.11088894751506573,-0.30295423860899817,0.0,-0.00020016012810247785,0.5
repeat_2_fold_4,FABP4,0.0,0.0,0.0,0.0,0.0,-0.0016012810248198783,0.5
repeat_2_fold_4,FAM32A,0.0,0.0,0.0,0.0,0.0,0.0,0.0
repeat_2_fold_4,FBP1,0.0,0.0,0.0,0.0,0.0,0.0,0.0
repeat_2_fold_4,FGF12,0.0,0.0,0.0,0.0,0.0,0.0,0.0
repeat_2_fold_4,FGF3,0.0,0.0,0.0,0.0,0.0,0.0,0.0
repeat_2_fold_4,FLNB,0.0,0.0,0.0,0.0,0.0,0.0,0.0
repeat_2_fold_4,FMNL1,0.0,0.0,0.0,0.0,0.0,0.0,0.0
repeat_2_fold_4,FRAT2,0.0,0.0,0.0,0.0,0.0,0.0,0.0
repeat_2_fold_4,FUT4,0.0,0.0,0.0,0.0,0.0,0.0,0.0
repeat_2_fold_4,FXR1,0.6170116390393616,0.7124636717850152,0.3562318358925076,0.260779803146854,0.5,0.0010229132569558042,0.5
repeat_2_fold_4,GABRA1,0.0,0.0,0.0,0.0,0.0,0.0,0.0
repeat_2_fold_4,GAD1,0.010440966048895106,0.020881932097790212,0.010440966048895106,0.0,0.25,0.001223073385058282,1.0
repeat_2_fold_4,GALNT14,0.0,0.0,0.0,0.0,0.0,0.0,0.0
repeat_2_fold_4,GATA3,0.0,0.0,0.0,0.0,0.0,0.0,0.0
repeat_2_fold_4,GDI1,0.0,0.0,0.0,0.0,0.0,0.0,0.0
repeat_2_fold_4,GDPD3,0.0,0.0,0.0,0.0,0.0,0.0,0.0
repeat_2_fold_4,GEMIN2,0.0,0.0,0.0,0.0,0.0,0.0,0.0
repeat_2_fold_4,GEMIN6,0.0,0.0,0.0,0.0,0.0,0.0,0.0
repeat_2_fold_4,GGA3,0.0,0.0,0.0,0.0,0.0,0.0,0.0
repeat_2_fold_4,GGCT,0.0,0.0,0.0,0.0,0.0,0.0,0.0
repeat_2_fold_4,GJB3,0.0,0.0,0.0,0.0,0.0,0.0,0.0
repeat_2_fold_4,GJB5,0.0,0.0,0.0,0.0,0.0,0.0,0.0
repeat_2_fold_4,GJC1,0.0,0.0,0.0,0.0,0.0,0.0,0.0
repeat_2_fold_4,GLP2R,0.0,0.0,0.0,0.0,0.0,0.0,0.0
repeat_2_fold_4,GMPR,0.3085058195196808,0.6170116390393616,0.3085058195196808,0.0,0.25,0.0020502490372003024,1.0
repeat_2_fold_4,GNA11,0.0,0.0,0.0,0.0,0.0,0.0,0.0
repeat_2_fold_4,GNG7,0.0,0.0,0.0,0.0,0.0,0.0,0.0
repeat_2_fold_4,GNRHR,0.0,0.0,0.0,0.0,0.0,0.0,0.0
repeat_2_fold_4,GP1BB,0.0,0.0,0.0,0.0,0.0,0.0,0.0
repeat_2_fold_4,GPR17,0.0,0.0,0.0,0.0,0.0,0.0,0.0
repeat_2_fold_4,GPR183,0.0,0.0,0.0,0.0,0.0,0.0,0.0
repeat_2_fold_4,GPR35,-0.10199745900594337,0.11777652082747844,0.05888826041373922,-0.1608857194196826,0.0,-0.0014011208967173727,0.5
repeat_2_fold_4,GPR37L1,0.0,0.0,0.0,0.0,0.0,0.0,0.0
repeat_2_fold_4,GPR4,0.33011161164411185,0.6602232232882237,0.33011161164411185,0.0,0.25,-0.0004091653027823161,0.5
repeat_2_fold_4,GPR65,0.0,0.0,0.0,0.0,0.0,0.0,0.0
repeat_2_fold_4,GREB1,0.0,0.0,0.0,0.0,0.0,0.001534369885433734,0.5
repeat_2_fold_4,GSDME,0.0,0.0,0.0,0.0,0.0,0.0,0.0
repeat_2_fold_4,GTF2H1,0.0,0.0,0.0,0.0,0.0,0.0,0.0
repeat_2_fold_4,H2BC5,0.0,0.0,0.0,0.0,0.0,0.0,0.0
repeat_2_fold_4,H3C12,0.0,0.0,0.0,0.0,0.0,0.0,0.0
repeat_2_fold_4,H3C8,0.0,0.0,0.0,0.0,0.0,0.0,0.0
repeat_2_fold_4,HADH,0.0,0.0,0.0,0.0,0.0,0.0,0.0
repeat_2_fold_4,HADHA,0.0,0.0,0.0,0.0,0.0,0.0,0.0
repeat_2_fold_4,HARS1,0.0,0.0,0.0,0.0,0.0,0.0,0.0
repeat_2_fold_4,HAUS3,0.0,0.0,0.0,0.0,0.0,0.0,0.0
repeat_2_fold_4,HCN4,0.575437350971951,0.6085429305484437,0.30427146527422183,0.2711658856977292,0.75,0.00018689255823642337,1.0
repeat_2_fold_4,HDAC2,0.0,0.0,0.0,0.0,0.0,0.0,0.0
repeat_2_fold_4,HHAT,0.0,0.0,0.0,0.0,0.0,0.0,0.0
repeat_2_fold_4,HINT1,0.0,0.0,0.0,0.0,0.0,0.0,0.0
repeat_2_fold_4,HIP1R,0.0,0.0,0.0,0.0,0.0,0.0,0.0
repeat_2_fold_4,HIPK1,0.0,0.0,0.0,0.0,0.0,0.0,0.0
repeat_2_fold_4,HMBS,0.0,0.0,0.0,0.0,0.0,0.0,0.0
repeat_2_fold_4,HMGCS1,1.4737106051725384,1.7147936728168631,0.8573968364084316,0.6163137687641068,0.5,0.0016012810248198228,0.5
repeat_2_fold_4,HOXA2,0.0,0.0,0.0,0.0,0.0,-0.0004091653027823161,0.5
repeat_2_fold_4,HSD17B7,0.0,0.0,0.0,0.0,0.0,0.0,0.0
repeat_2_fold_4,HSPA6,0.0,0.0,0.0,0.0,0.0,0.0,0.0
repeat_2_fold_4,HSPH1,0.0,0.0,0.0,0.0,0.0,0.0,0.0
repeat_2_fold_4,HTT,0.0,0.0,0.0,0.0,0.0,0.0,0.0
repeat_2_fold_4,HYAL4,0.0,0.0,0.0,0.0,0.0,0.0,0.0
repeat_2_fold_4,IARS1,0.02202101733242401,0.16440083559594776,0.08220041779797388,-0.06017940046554987,0.25,0.0009338895011263004,1.0
repeat_2_fold_4,ID1,0.0,0.0,0.0,0.0,0.0,0.0,0.0
repeat_2_fold_4,IFI44L,-0.09205005331495641,0.18410010662991283,0.09205005331495641,-0.18410010662991283,0.0,0.0017389525368248782,0.5
repeat_2_fold_4,IFNA1,-0.18808269886192264,0.21727654787684014,0.10863827393842007,-0.2967209728003427,0.0,-0.002935490782151079,1.0
repeat_2_fold_4,IFT140,-0.12117918426337049,0.24235836852674097,0.12117918426337049,-0.24235836852674097,0.0,-0.00030687397708673014,0.5
repeat_2_fold_4,IGF2,0.0,0.0,0.0,0.0,0.0,-0.0026020816653322676,0.5
repeat_2_fold_4,IGFBP4,0.0,0.0,0.0,0.0,0.0,0.0,0.0
repeat_2_fold_4,IGFBP6,0.0,0.0,0.0,0.0,0.0,0.0,0.0
repeat_2_fold_4,IGFBP7,0.0,0.0,0.0,0.0,0.0,0.0,0.0
repeat_2_fold_4,IGHG1,0.0,0.0,0.0,0.0,0.0,0.0,0.0
repeat_2_fold_4,IGLV2-14,0.0,0.0,0.0,0.0,0.0,0.0,0.0
repeat_2_fold_4,IGLV3-19,0.010440966048895106,0.020881932097790212,0.010440966048895106,0.0,0.25,0.00040916530278228835,1.0
repeat_2_fold_4,IL27RA,0.33011161164411185,0.6602232232882237,0.33011161164411185,0.0,0.25,-0.000613747954173488,0.5
repeat_2_fold_4,IMPDH1,0.0,0.0,0.0,0.0,0.0,0.0,0.0
repeat_2_fold_4,IP6K1,-0.13941681535228234,0.16961025425258355,0.08480512712629178,-0.22422194247857413,0.25,0.0001913150815250897,1.0
repeat_2_fold_4,IPPK,0.0,0.0,0.0,0.0,0.0,0.0,0.0
repeat_2_fold_4,IQGAP1,0.0,0.0,0.0,0.0,0.0,0.0,0.0
repeat_2_fold_4,IRF1,0.010440966048895106,0.020881932097790212,0.010440966048895106,0.0,0.25,-0.0012009607686148949,0.5
repeat_2_fold_4,IRF8,0.0,0.0,0.0,0.0,0.0,0.0,0.0
repeat_2_fold_4,IRF9,0.0,0.0,0.0,0.0,0.0,0.0,0.0
repeat_2_fold_4,ITGAE,-0.050998729502971685,0.10199745900594337,0.050998729502971685,-0.10199745900594337,0.0,-0.0018014411529223284,0.5
repeat_2_fold_4,ITGB3,0.0,0.0,0.0,0.0,0.0,0.0,0.0
repeat_2_fold_4,ITGB3BP,0.0,0.0,0.0,0.0,0.0,0.0,0.0
repeat_2_fold_4,ITPKA,0.0,0.0,0.0,0.0,0.0,0.0,0.0
repeat_2_fold_4,ITPKC,0.0,0.0,0.0,0.0,0.0,0.0,0.0
repeat_2_fold_4,JUN,0.0,0.0,0.0,0.0,0.0,0.0,0.0
repeat_2_fold_4,KARS1,0.0,0.0,0.0,0.0,0.0,0.0,0.0
repeat_2_fold_4,KCNAB1,-0.19206529109393244,0.22177789503013146,0.11088894751506573,-0.30295423860899817,0.0,-0.002201761409127312,0.5
repeat_2_fold_4,KCNJ4,0.18308023659417394,0.8073406819379412,0.4036703409689706,-0.22059010437479665,0.25,8.845046577360405e-06,1.0
repeat_2_fold_4,KCNK10,0.03704397470566789,0.04277469753634209,0.021387348768171045,0.015656625937496848,0.5,-0.0017793285364789413,1.0
repeat_2_fold_4,KCNMB1,0.0,0.0,0.0,0.0,0.0,0.0,0.0
repeat_2_fold_4,KDM3B,0.0,0.0,0.0,0.0,0.0,0.0,0.0
repeat_2_fold_4,KDM5D,0.0,0.0,0.0,0.0,0.0,-0.0008006405124099392,0.5
repeat_2_fold_4,KDM6A,0.0,0.0,0.0,0.0,0.0,0.0,0.0
repeat_2_fold_4,KIF18A,0.0,0.0,0.0,0.0,0.0,0.0,0.0
repeat_2_fold_4,KIF1B,0.0,0.0,0.0,0.0,0.0,0.0,0.0
repeat_2_fold_4,KIF5A,0.0,0.0,0.0,0.0,0.0,0.0,0.0
repeat_2_fold_4,KIR2DS4,0.0,0.0,0.0,0.0,0.0,0.0,0.0
repeat_2_fold_4,KLRB1,0.0,0.0,0.0,0.0,0.0,0.0,0.0
repeat_2_fold_4,KLRC2,0.0,0.0,0.0,0.0,0.0,0.0,0.0
repeat_2_fold_4,KLRD1,0.0,0.0,0.0,0.0,0.0,0.0,0.0
repeat_2_fold_4,KNL1,0.0,0.0,0.0,0.0,0.0,0.0,0.0
repeat_2_fold_4,KPNA2,0.0,0.0,0.0,0.0,0.0,0.0,0.0
repeat_2_fold_4,KPNA3,-0.09272020508627499,0.5218473590232661,0.26092367951163303,-0.353643884597908,0.25,0.0057781085752398875,1.0
repeat_2_fold_4,KRT19,0.0,0.0,0.0,0.0,0.0,0.0,0.0
repeat_2_fold_4,KRT20,0.0,0.0,0.0,0.0,0.0,0.0,0.0
repeat_2_fold_4,KRTAP1-3,0.0,0.0,0.0,0.0,0.0,0.0,0.0
repeat_2_fold_4,KYAT1,0.0,0.0,0.0,0.0,0.0,0.0,0.0
repeat_2_fold_4,LAMA3,0.0,0.0,0.0,0.0,0.0,0.0,0.5
repeat_2_fold_4,LAMA4,0.0,0.0,0.0,0.0,0.0,0.0,0.0
repeat_2_fold_4,LAMB1,0.0,0.0,0.0,0.0,0.0,0.0,0.0
repeat_2_fold_4,LAMP2,0.03704397470566789,0.04277469753634209,0.021387348768171045,0.015656625937496848,0.5,-0.0012009607686149226,0.5
repeat_2_fold_4,LARS2,0.0,0.0,0.0,0.0,0.0,0.0,0.0
repeat_2_fold_4,LDLRAP1,0.04362680945685149,0.15048858980515867,0.07524429490257933,-0.031617485445727844,0.25,0.0016366612111292922,1.0
repeat_2_fold_4,LILRB5,0.6217000704086217,0.5447659974783964,0.2723829987391982,0.34931707166942355,0.75,0.0010052231638010833,1.0
repeat_2_fold_4,LMAN2,0.0,0.0,0.0,0.0,0.0,0.0,0.0
repeat_2_fold_4,LPIN1,0.0,0.0,0.0,0.0,0.0,0.0,0.0
repeat_2_fold_4,LRFN3,0.0,0.0,0.0,0.0,0.0,0.0,0.0
repeat_2_fold_4,LRFN4,0.0,0.0,0.0,0.0,0.0,0.0,0.0
repeat_2_fold_4,LRP4,0.0,0.0,0.0,0.0,0.0,0.0,0.0
repeat_2_fold_4,LRRC14,0.0,0.0,0.0,0.0,0.0,0.0,0.0
repeat_2_fold_4,LRRC8D,0.0,0.0,0.0,0.0,0.0,0.0,0.0
repeat_2_fold_4,LTB,0.0,0.0,0.0,0.0,0.0,0.0,0.0
repeat_2_fold_4,LTBP1,0.0,0.0,0.0,0.0,0.0,-0.0018014411529223562,0.5
repeat_2_fold_4,LYPD1,0.0,0.0,0.0,0.0,0.0,0.0,0.0
repeat_2_fold_4,LYPLA2,0.0,0.0,0.0,0.0,0.0,0.0,0.0
repeat_2_fold_4,MAG,0.0,0.0,0.0,0.0,0.0,0.0,0.0
repeat_2_fold_4,MAGED1,0.0,0.0,0.0,0.0,0.0,0.0,0.0
repeat_2_fold_4,MAIP1,0.0,0.0,0.0,0.0,0.0,0.0,0.0
repeat_2_fold_4,MAN2B2,0.032563543180700094,0.03760114084229041,0.018800570421145205,0.01376297275955489,0.5,0.0006491281404829297,1.0
repeat_2_fold_4,MANBA,0.0,0.0,0.0,0.0,0.0,0.0,0.0
repeat_2_fold_4,MAP2K7,0.0,0.0,0.0,0.0,0.0,0.0,0.0
repeat_2_fold_4,MAP3K14,0.0,0.0,0.0,0.0,0.0,0.0,0.0
repeat_2_fold_4,MAP3K5,0.0,0.0,0.0,0.0,0.0,0.0,0.0
repeat_2_fold_4,MBOAT7,0.0,0.0,0.0,0.0,0.0,0.0,0.0
repeat_2_fold_4,MC2R,0.0,0.0,0.0,0.0,0.0,0.0,0.0
repeat_2_fold_4,MCCC2,0.0,0.0,0.0,0.0,0.0,0.0,0.0
repeat_2_fold_4,MCOLN3,0.0,0.0,0.0,0.0,0.0,0.0,0.0
repeat_2_fold_4,MCPH1,0.0,0.0,0.0,0.0,0.0,0.0,0.0
repeat_2_fold_4,MCRS1,0.0,0.0,0.0,0.0,0.0,0.0,0.0
repeat_2_fold_4,MED6,0.0,0.0,0.0,0.0,0.0,0.0,0.0
repeat_2_fold_4,MEFV,0.0,0.0,0.0,0.0,0.0,0.0,0.0
repeat_2_fold_4,METAP2,0.0,0.0,0.0,0.0,0.0,0.0,0.0
repeat_2_fold_4,METTL3,0.0,0.0,0.0,0.0,0.0,0.0,0.0
repeat_2_fold_4,MFN2,0.0,0.0,0.0,0.0,0.0,0.0,0.0
repeat_2_fold_4,MICU2,0.28690002739525333,0.6327284599298906,0.3163642299649453,-0.029464202569691955,0.25,-0.0008183306055646322,0.5
repeat_2_fold_4,MIS18A,0.0,0.0,0.0,0.0,0.0,0.0,0.0
repeat_2_fold_4,MLNR,0.0,0.0,0.0,0.0,0.0,0.0,0.0
repeat_2_fold_4,MOB1A,0.0,0.0,0.0,0.0,0.0,0.0,0.0
repeat_2_fold_4,MPC1,0.0,0.0,0.0,0.0,0.0,0.0,0.0
repeat_2_fold_4,MPHOSPH8,0.0,0.0,0.0,0.0,0.0,0.0,0.0
repeat_2_fold_4,MPI,0.0,0.0,0.0,0.0,0.0,0.0,0.0
repeat_2_fold_4,MRPL15,0.0,0.0,0.0,0.0,0.0,0.0,0.0
repeat_2_fold_4,MSL3,0.0,0.0,0.0,0.0,0.0,0.0,0.0
repeat_2_fold_4,MSR1,0.0,0.0,0.0,0.0,0.0,0.0,0.0
repeat_2_fold_4,MSRA,0.0,0.0,0.0,0.0,0.0,0.0,0.0
repeat_2_fold_4,MT1F,0.0,0.0,0.0,0.0,0.0,0.0,0.0
repeat_2_fold_4,MT2A,0.0,0.0,0.0,0.0,0.0,0.0,0.0
repeat_2_fold_4,MTARC1,0.0,0.0,0.0,0.0,0.0,0.0,0.0
repeat_2_fold_4,MTMR12,0.3086802869672187,0.675720249527917,0.3378601247639585,-0.02917983779673977,0.25,-0.000613747954173488,0.5
repeat_2_fold_4,MUC5AC,0.0607965291089716,0.09491679443621527,0.047458397218107636,0.013338131890863962,0.5,-0.0026020816653322953,0.5
repeat_2_fold_4,MYBBP1A,0.0,0.0,0.0,0.0,0.0,0.0,0.0
repeat_2_fold_4,MYC,0.0,0.0,0.0,0.0,0.0,0.0,0.0
repeat_2_fold_4,MYF5,0.0,0.0,0.0,0.0,0.0,0.0,0.0
repeat_2_fold_4,MYH11,0.33011161164411185,0.6602232232882237,0.33011161164411185,0.0,0.25,-0.0004091653027823161,0.5
repeat_2_fold_4,MYLIP,0.0,0.0,0.0,0.0,0.0,0.00081833060556466,0.5
repeat_2_fold_4,MYOG,0.0,0.0,0.0,0.0,0.0,0.0,0.0
repeat_2_fold_4,MZT2A,0.0,0.0,0.0,0.0,0.0,0.0,0.0
repeat_2_fold_4,NADSYN1,0.0,0.0,0.0,0.0,0.0,0.0,0.0
repeat_2_fold_4,NAT1,0.0,0.0,0.0,0.0,0.0,0.0,0.0
repeat_2_fold_4,NCAPD3,0.0,0.0,0.0,0.0,0.0,0.0,0.0
repeat_2_fold_4,NCOR1,0.5470760368891359,0.6322623101555472,0.3161311550777736,0.23094488181136225,0.5,0.0033756137479541704,0.5
repeat_2_fold_4,NDN,0.0,0.0,0.0,0.0,0.0,0.0,0.0
repeat_2_fold_4,NDRG1,0.0,0.0,0.0,0.0,0.0,0.0,0.0
repeat_2_fold_4,NDUFAF4,0.16243814890776953,0.731950554531323,0.3659752772656615,-0.20353712835789195,0.25,0.0024417242468279254,1.0
repeat_2_fold_4,NDUFB1,0.0,0.0,0.0,0.0,0.0,0.0,0.0
repeat_2_fold_4,NEDD8,0.0,0.0,0.0,0.0,0.0,0.0,0.0
repeat_2_fold_4,NELL2,0.0,0.0,0.0,0.0,0.0,0.0,0.0
repeat_2_fold_4,NET1,0.0,0.0,0.0,0.0,0.0,0.0,0.0
repeat_2_fold_4,NFE2L2,0.0,0.0,0.0,0.0,0.0,0.0,0.0
repeat_2_fold_4,NFRKB,0.0,0.0,0.0,0.0,0.0,0.0,0.0
repeat_2_fold_4,NIT2,0.0,0.0,0.0,0.0,0.0,0.0,0.0
repeat_2_fold_4,NLGN4Y,0.0,0.0,0.0,0.0,0.0,0.0,0.0
repeat_2_fold_4,NLRP3,0.0,0.0,0.0,0.0,0.0,0.0,0.0
repeat_2_fold_4,NMUR1,0.010440966048895106,0.020881932097790212,0.010440966048895106,0.0,0.25,-0.00020016012810247785,0.5
repeat_2_fold_4,NOP2,0.0,0.0,0.0,0.0,0.0,0.0,0.0
repeat_2_fold_4,NOTCH1,0.0,0.0,0.0,0.0,0.0,0.0,0.0
repeat_2_fold_4,NOTCH3,0.6602232232882237,0.7623601113813967,0.38118005569069835,0.27904316759752534,0.5,-0.0010229132569558042,0.5
repeat_2_fold_4,NPBWR2,0.0,0.0,0.0,0.0,0.0,0.0,0.0
repeat_2_fold_4,NPLOC4,0.27185334974728725,0.62380723096521,0.311903615482605,-0.040050265735317725,0.25,0.0015343698854337062,0.5
repeat_2_fold_4,NR1H3,0.0,0.0,0.0,0.0,0.0,0.0,0.0
repeat_2_fold_4,NR2E3,0.0,0.0,0.0,0.0,0.0,0.0,0.0
repeat_2_fold_4,NR4A1,0.0,0.0,0.0,0.0,0.0,0.0010229132569558042,0.5
repeat_2_fold_4,NR4A3,0.0,0.0,0.0,0.0,0.0,0.0,0.0
repeat_2_fold_4,NRBP1,0.0,0.0,0.0,0.0,0.0,0.0,0.0
repeat_2_fold_4,NRCAM,0.0,0.0,0.0,0.0,0.0,0.0,0.0
repeat_2_fold_4,NRXN1,0.0,0.0,0.0,0.0,0.0,0.0,0.0
repeat_2_fold_4,NTF3,0.0,0.0,0.0,0.0,0.0,0.0,0.0
repeat_2_fold_4,NTHL1,0.0,0.0,0.0,0.0,0.0,0.0,0.0
repeat_2_fold_4,NUDC,0.0,0.0,0.0,0.0,0.0,0.00020016012810247785,0.5
repeat_2_fold_4,NUMB,0.0,0.0,0.0,0.0,0.0,0.0,0.0
repeat_2_fold_4,NUP188,0.0,0.0,0.0,0.0,0.0,0.0,0.0
repeat_2_fold_4,OAT,0.0,0.0,0.0,0.0,0.0,0.0,0.0
repeat_2_fold_4,OGFOD1,0.0,0.0,0.0,0.0,0.0,0.0,0.0
repeat_2_fold_4,OGT,0.0,0.0,0.0,0.0,0.0,0.0,0.0
repeat_2_fold_4,OPN1MW,0.0,0.0,0.0,0.0,0.0,0.0,0.0
repeat_2_fold_4,OPN3,0.0,0.0,0.0,0.0,0.0,-0.000613747954173488,0.5
repeat_2_fold_4,OPTN,0.0,0.0,0.0,0.0,0.0,0.0,0.0
repeat_2_fold_4,OR2H1,0.0,0.0,0.0,0.0,0.0,-0.00020016012810247785,1.0
repeat_2_fold_4,OR2S2,0.0,0.0,0.0,0.0,0.0,0.0,0.0
repeat_2_fold_4,OR5V1,-0.059300112663891014,0.07056468338594128,0.03528234169297064,-0.09458245435686166,0.0,0.0,0.5
repeat_2_fold_4,OR7C2,0.0,0.0,0.0,0.0,0.0,0.0,0.0
repeat_2_fold_4,OR7E24,0.0,0.0,0.0,0.0,0.0,0.0,0.0
repeat_2_fold_4,ORMDL2,0.0,0.0,0.0,0.0,0.0,0.0,0.0
repeat_2_fold_4,OSBPL10,0.0,0.0,0.0,0.0,0.0,0.0,0.0
repeat_2_fold_4,OSGEPL1,0.0,0.0,0.0,0.0,0.0,0.0,0.0
repeat_2_fold_4,OTUB2,0.0,0.0,0.0,0.0,0.0,0.0,0.0
repeat_2_fold_4,PA2G4,0.0,0.0,0.0,0.0,0.0,0.0,0.0
repeat_2_fold_4,PABPC1,0.0,0.0,0.0,0.0,0.0,0.0,0.0
repeat_2_fold_4,PADI2,0.5641905777412575,0.8872184828020409,0.4436092414010204,0.12058133634023704,0.5,0.0011650072922495258,1.0
repeat_2_fold_4,PAF1,0.0,0.0,0.0,0.0,0.0,0.0,0.0
repeat_2_fold_4,PANK2,0.0,0.0,0.0,0.0,0.0,0.0,0.0
repeat_2_fold_4,PBRM1,0.0,0.0,0.0,0.0,0.0,0.0,0.0
repeat_2_fold_4,PDE4A,0.0,0.0,0.0,0.0,0.0,0.0,0.0
repeat_2_fold_4,PDGFB,0.0,0.0,0.0,0.0,0.0,0.0,0.0
repeat_2_fold_4,PDK3,0.0,0.0,0.0,0.0,0.0,0.0,0.0
repeat_2_fold_4,PELO,0.0,0.0,0.0,0.0,0.0,0.0,0.0
repeat_2_fold_4,PER2,0.0,0.0,0.0,0.0,0.0,0.0,0.0
repeat_2_fold_4,PEX26,0.0,0.0,0.0,0.0,0.0,0.0,0.0
repeat_2_fold_4,PFKL,0.0,0.0,0.0,0.0,0.0,0.0,0.0
repeat_2_fold_4,PGM3,0.0,0.0,0.0,0.0,0.0,0.0,0.0
repeat_2_fold_4,PHF20L1,0.0,0.0,0.0,0.0,0.0,0.0,0.0
repeat_2_fold_4,PIGZ,0.0,0.0,0.0,0.0,0.0,0.0,0.0
repeat_2_fold_4,PIK3CD,-0.036764857424660846,0.11467193414013926,0.05733596707006963,-0.09410082449473048,0.25,-0.0018014411529223562,0.5
repeat_2_fold_4,PIK3R1,0.33011161164411185,0.6602232232882237,0.33011161164411185,0.0,0.25,-0.000613747954173488,0.5
repeat_2_fold_4,PIP,0.0,0.0,0.0,0.0,0.0,0.0,0.0
repeat_2_fold_4,PIP5K1B,0.0,0.0,0.0,0.0,0.0,0.0,0.0
repeat_2_fold_4,PIR,0.0,0.0,0.0,0.0,0.0,0.0,0.0
repeat_2_fold_4,PITRM1,0.0,0.0,0.0,0.0,0.0,0.0,0.0
repeat_2_fold_4,PLA2G10,0.0,0.0,0.0,0.0,0.0,0.0,0.0
repeat_2_fold_4,PLA2G15,0.0,0.0,0.0,0.0,0.0,0.0,0.0
repeat_2_fold_4,PLA2G4C,0.0,0.0,0.0,0.0,0.0,0.0,0.0
repeat_2_fold_4,PLA2G6,-0.18410010662991283,0.21258049224123796,0.10629024612061898,-0.2903903527505318,0.0,0.00021785022125722642,1.0
repeat_2_fold_4,PLAT,0.0,0.0,0.0,0.0,0.0,0.0,0.0
repeat_2_fold_4,PLCG1,0.3085058195196808,0.6170116390393616,0.3085058195196808,0.0,0.25,-0.003784779050736514,0.5
repeat_2_fold_4,PLEC,-0.03911956318670207,0.07823912637340413,0.03911956318670207,-0.07823912637340413,0.0,-0.0006004803843074613,0.5
repeat_2_fold_4,PLEK,0.0,0.0,0.0,0.0,0.0,0.0,0.0
repeat_2_fold_4,PLOD2,0.0,0.0,0.0,0.0,0.0,0.0,0.0
repeat_2_fold_4,PLPP3,0.0,0.0,0.0,0.0,0.0,0.0016012810248198506,0.5
repeat_2_fold_4,PNMT,0.0,0.0,0.0,0.0,0.0,0.0,0.0
repeat_2_fold_4,PNPLA3,0.010440966048895106,0.020881932097790212,0.010440966048895106,0.0,0.25,-0.001000800640512417,0.5
repeat_2_fold_4,PNPLA4,0.0,0.0,0.0,0.0,0.0,0.0,0.0
repeat_2_fold_4,POLDIP3,0.0,0.0,0.0,0.0,0.0,0.001329787234042562,0.5
repeat_2_fold_4,POLR1D,0.0,0.0,0.0,0.0,0.0,0.0,0.0
repeat_2_fold_4,POLR2L,0.02642726101058912,0.4491187538241309,0.22455937691206546,-0.19813211590147634,0.25,0.001000800640512417,0.5
repeat_2_fold_4,POP7,0.0,0.0,0.0,0.0,0.0,0.0,0.0
repeat_2_fold_4,PPARGC1A,0.0,0.0,0.0,0.0,0.0,0.00020458265139117193,0.5
repeat_2_fold_4,PPEF1,0.0,0.0,0.0,0.0,0.0,0.0,0.0
repeat_2_fold_4,PPFIBP2,0.0,0.0,0.0,0.0,0.0,0.0,0.0
repeat_2_fold_4,PPP2R5A,0.0,0.0,0.0,0.0,0.0,0.0,0.0
repeat_2_fold_4,PRDM8,0.0,0.0,0.0,0.0,0.0,0.0,0.0
repeat_2_fold_4,PRDX1,0.0,0.0,0.0,0.0,0.0,0.0,0.0
repeat_2_fold_4,PREX2,0.0,0.0,0.0,0.0,0.0,0.0,0.0
repeat_2_fold_4,PRIM2,0.0,0.0,0.0,0.0,0.0,0.0,0.0
repeat_2_fold_4,PRKAR1B,0.0,0.0,0.0,0.0,0.0,0.0,0.0
repeat_2_fold_4,PRKCZ,-0.04321158424885496,0.04989643959637321,0.024948219798186604,-0.06815980404704157,0.0,0.0009250444545489123,1.0
repeat_2_fold_4,PRKX,0.0,0.0,0.0,0.0,0.0,0.0,0.0
repeat_2_fold_4,PRODH2,0.0,0.0,0.0,0.0,0.0,0.0,0.0
repeat_2_fold_4,PRPF19,0.0,0.0,0.0,0.0,0.0,0.0,0.0
repeat_2_fold_4,PRPF40A,0.0,0.0,0.0,0.0,0.0,0.0,0.0
repeat_2_fold_4,PRSS2,0.0,0.0,0.0,0.0,0.0,0.0,0.0
repeat_2_fold_4,PSAT1,0.0,0.0,0.0,0.0,0.0,0.0,0.0
repeat_2_fold_4,PSG3,0.0,0.0,0.0,0.0,0.0,0.0,0.0
repeat_2_fold_4,PSG6,0.0,0.0,0.0,0.0,0.0,0.0,0.0
repeat_2_fold_4,PSMB9,0.0,0.0,0.0,0.0,0.0,0.0,0.0
repeat_2_fold_4,PSMD10,0.6170116390393616,0.7124636717850152,0.3562318358925076,0.260779803146854,0.5,0.0010229132569558042,0.5
repeat_2_fold_4,PSMD5,0.0,0.0,0.0,0.0,0.0,0.0,0.0
repeat_2_fold_4,PTAFR,0.0,0.0,0.0,0.0,0.0,0.0,0.0
repeat_2_fold_4,PTGDR,0.0,0.0,0.0,0.0,0.0,0.0030687397708674125,0.5
repeat_2_fold_4,PTGER1,0.23806155832915366,0.4761231166583073,0.23806155832915366,0.0,0.25,0.0020458265139116083,0.5
repeat_2_fold_4,PTGER4,0.0,0.0,0.0,0.0,0.0,0.0,0.0
repeat_2_fold_4,PTGES,0.0,0.0,0.0,0.0,0.0,0.0,0.0
repeat_2_fold_4,PTGES2,0.250247557622858,0.5807759423980108,0.2903879711990054,-0.040140413576147393,0.25,0.0034779050736497563,0.5
repeat_2_fold_4,PTGIS,0.0,0.0,0.0,0.0,0.0,0.0,0.0
repeat_2_fold_4,PTPRK,0.020881932097790212,0.02411237823571733,0.012056189117858666,0.008825742979931547,0.5,-0.001000800640512417,0.5
repeat_2_fold_4,PTPRO,0.0,0.0,0.0,0.0,0.0,0.0,0.0
repeat_2_fold_4,PYCR1,0.0,0.0,0.0,0.0,0.0,0.0,0.0
repeat_2_fold_4,PYGL,0.026113038394576904,0.17305351525939164,0.08652675762969582,-0.060413719235118915,0.25,-0.0008852417449508043,1.0
repeat_2_fold_4,RAB1A,0.0,0.0,0.0,0.0,0.0,0.0,0.0
repeat_2_fold_4,RAB25,0.0,0.0,0.0,0.0,0.0,0.0,0.0
repeat_2_fold_4,RAB27A,0.0,0.0,0.0,0.0,0.0,0.0,0.0
repeat_2_fold_4,RAB31,0.0,0.0,0.0,0.0,0.0,0.0,0.0
repeat_2_fold_4,RAB38,0.0,0.0,0.0,0.0,0.0,0.0,0.0
repeat_2_fold_4,RAB3B,0.0,0.0,0.0,0.0,0.0,0.0,0.0
repeat_2_fold_4,RAD51,0.0,0.0,0.0,0.0,0.0,0.0,0.0
repeat_2_fold_4,RAG1,0.0,0.0,0.0,0.0,0.0,0.0,0.0
repeat_2_fold_4,RASA2,0.0,0.0,0.0,0.0,0.0,0.0,0.0
repeat_2_fold_4,RBM7,0.0,0.0,0.0,0.0,0.0,0.0,0.0
repeat_2_fold_4,RCE1,0.0,0.0,0.0,0.0,0.0,0.0,0.0
repeat_2_fold_4,RECK,0.0,0.0,0.0,0.0,0.0,0.0,0.0
repeat_2_fold_4,REPS2,0.0,0.0,0.0,0.0,0.0,0.0,0.0
repeat_2_fold_4,RETN,0.0,0.0,0.0,0.0,0.0,-0.00020458265139114418,0.5
repeat_2_fold_4,REXO2,0.0,0.0,0.0,0.0,0.0,0.0,0.0
repeat_2_fold_4,RGS11,0.0,0.0,0.0,0.0,0.0,0.0,0.0
repeat_2_fold_4,RGS2,-0.04321158424885496,0.04989643959637321,0.024948219798186604,-0.06815980404704157,0.0,0.0007160392798690463,0.5
repeat_2_fold_4,RHOH,-0.1802365853793475,0.20811928217317052,0.10405964108658526,-0.2842962264659328,0.0,0.00336676870137681,1.0
repeat_2_fold_4,RIDA,0.0,0.0,0.0,0.0,0.0,0.0,0.0
repeat_2_fold_4,RIGI,0.0,0.0,0.0,0.0,0.0,0.0,0.0
repeat_2_fold_4,RIPOR2,0.0,0.0,0.0,0.0,0.0,0.0,0.0
repeat_2_fold_4,RMND5A,0.0,0.0,0.0,0.0,0.0,0.0,0.0
repeat_2_fold_4,RNASE6,0.0,0.0,0.0,0.0,0.0,0.0,0.0
repeat_2_fold_4,RNF40,-0.17093957625062295,0.21226173273510637,0.10613086636755319,-0.27707044261817615,0.0,-0.003718441201406325,1.0
repeat_2_fold_4,RNMT,0.0,0.0,0.0,0.0,0.0,0.0,0.0
repeat_2_fold_4,RNPS1,-0.05825826189682104,0.06727084637729869,0.033635423188649344,-0.09189368508547038,0.0,-0.001534369885433734,0.5
repeat_2_fold_4,RORC,0.0,0.0,0.0,0.0,0.0,0.0,0.0
repeat_2_fold_4,RPE,0.0,0.0,0.0,0.0,0.0,0.0,0.0
repeat_2_fold_4,RPL10,0.020881932097790212,0.02411237823571733,0.012056189117858666,0.008825742979931547,0.5,-0.0006004803843074613,0.5
repeat_2_fold_4,RPL24,0.0,0.0,0.0,0.0,0.0,-0.001000800640512417,0.5
repeat_2_fold_4,RPL27,0.0,0.0,0.0,0.0,0.0,-0.0004003202562049557,0.5
repeat_2_fold_4,RPL36,0.0,0.0,0.0,0.0,0.0,0.00020458265139117193,0.5
repeat_2_fold_4,RPRD2,0.0,0.0,0.0,0.0,0.0,0.0,0.0
repeat_2_fold_4,RPS24,0.0,0.0,0.0,0.0,0.0,0.0,0.0
repeat_2_fold_4,RPS3,-0.020597575833871673,0.041195151667743346,0.020597575833871673,-0.041195151667743346,0.0,-0.0008006405124099392,0.5
repeat_2_fold_4,RPS3A,0.0,0.0,0.0,0.0,0.0,0.0,0.0
repeat_2_fold_4,RSAD2,-0.21994770298145028,0.2580228667699736,0.1290114333849868,-0.34895913636643705,0.0,-0.0014011208967173727,0.5
repeat_2_fold_4,RTCB,0.0,0.0,0.0,0.0,0.0,0.0,0.0
repeat_2_fold_4,RXYLT1,-0.07304369964723634,0.08434359930787615,0.04217179965393807,-0.11521549930117442,0.0,0.00010229132569558597,0.5
repeat_2_fold_4,S100P,0.0,0.0,0.0,0.0,0.0,0.0,0.0
repeat_2_fold_4,SCN11A,0.0,0.0,0.0,0.0,0.0,0.0,0.0
repeat_2_fold_4,SCN3A,0.0,0.0,0.0,0.0,0.0,0.0,0.0
repeat_2_fold_4,SDK2,0.0,0.0,0.0,0.0,0.0,0.0,0.0
repeat_2_fold_4,SEC31B,0.0,0.0,0.0,0.0,0.0,0.0,0.0
repeat_2_fold_4,SELPLG,-0.1121632628339384,0.07493577234253969,0.037467886171269844,-0.14963114900520824,0.0,-0.006040184029383916,1.0
repeat_2_fold_4,SEMA6D,0.0,0.0,0.0,0.0,0.0,0.0,0.0
repeat_2_fold_4,SEPTIN2,0.0,0.0,0.0,0.0,0.0,0.0,0.0
repeat_2_fold_4,SERPINA4,0.0,0.0,0.0,0.0,0.0,0.0,0.0
repeat_2_fold_4,SERPINA6,0.6602232232882237,0.7623601113813967,0.38118005569069835,0.27904316759752534,0.5,0.0008183306055646322,0.5
repeat_2_fold_4,SERPINC1,0.0,0.0,0.0,0.0,0.0,0.0,0.0
repeat_2_fold_4,SFTPB,0.0,0.0,0.0,0.0,0.0,0.0,0.0
repeat_2_fold_4,SH2B2,0.0,0.0,0.0,0.0,0.0,0.0,0.0
repeat_2_fold_4,SIRPA,0.0,0.0,0.0,0.0,0.0,0.0,0.0
repeat_2_fold_4,SKA1,0.0,0.0,0.0,0.0,0.0,0.0,0.0
repeat_2_fold_4,SLC10A2,0.0,0.0,0.0,0.0,0.0,0.0,0.0
repeat_2_fold_4,SLC12A2,0.0,0.0,0.0,0.0,0.0,0.0,0.0
repeat_2_fold_4,SLC15A3,0.0,0.0,0.0,0.0,0.0,0.0004091653027823161,0.5
repeat_2_fold_4,SLC16A3,0.0,0.0,0.0,0.0,0.0,0.0,0.0
repeat_2_fold_4,SLC24A2,0.0,0.0,0.0,0.0,0.0,0.0,0.0
repeat_2_fold_4,SLC25A1,0.0,0.0,0.0,0.0,0.0,0.0,0.0
repeat_2_fold_4,SLC25A16,0.0,0.0,0.0,0.0,0.0,0.0,0.0
repeat_2_fold_4,SLC25A21,0.0,0.0,0.0,0.0,0.0,0.0,0.0
repeat_2_fold_4,SLC25A22,0.003884946042889581,0.04704631297408728,0.02352315648704364,-0.01963821044415406,0.25,-0.0006004803843074613,0.5
repeat_2_fold_4,SLC2A1,0.0,0.0,0.0,0.0,0.0,0.0,0.0
repeat_2_fold_4,SLC33A1,0.0,0.0,0.0,0.0,0.0,0.0,0.0
repeat_2_fold_4,SLC38A1,0.0,0.0,0.0,0.0,0.0,0.0,0.0
repeat_2_fold_4,SLC39A6,0.0,0.0,0.0,0.0,0.0,0.0,0.0
repeat_2_fold_4,SLC47A1,0.0,0.0,0.0,0.0,0.0,0.0,0.0
repeat_2_fold_4,SLC52A2,0.33011161164411185,0.6602232232882237,0.33011161164411185,0.0,0.25,0.0012186508617696157,1.0
repeat_2_fold_4,SLC5A7,0.0,0.0,0.0,0.0,0.0,0.0,0.0
repeat_2_fold_4,SLC6A12,0.0,0.0,0.0,0.0,0.0,0.0,0.0
repeat_2_fold_4,SLC7A5,0.0,0.0,0.0,0.0,0.0,0.0,0.0
repeat_2_fold_4,SLC9A1,0.0,0.0,0.0,0.0,0.0,0.0,0.0
repeat_2_fold_4,SLC9A5,-0.11365584543938567,0.22731169087877134,0.11365584543938567,-0.22731169087877134,0.0,-0.0009206219312602182,0.5
repeat_2_fold_4,SMG1,0.13046520316255794,0.15064824033156407,0.07532412016578204,0.055141082996775906,0.5,-0.0004003202562049557,0.5
repeat_2_fold_4,SMPD4,0.0,0.0,0.0,0.0,0.0,-0.00020016012810247785,0.5
repeat_2_fold_4,SNRPG,0.0,0.0,0.0,0.0,0.0,0.0,0.0
repeat_2_fold_4,SOCS5,0.0,0.0,0.0,0.0,0.0,0.0,0.0
repeat_2_fold_4,SOX1,0.0,0.0,0.0,0.0,0.0,0.0,0.5
repeat_2_fold_4,SPATA2,0.0,0.0,0.0,0.0,0.0,0.0,0.0
repeat_2_fold_4,SPDL1,0.0,0.0,0.0,0.0,0.0,0.0,0.0
repeat_2_fold_4,SPPL2B,0.0,0.0,0.0,0.0,0.0,0.0,0.0
repeat_2_fold_4,SPTB,0.0,0.0,0.0,0.0,0.0,0.0,0.0
repeat_2_fold_4,SPTSSA,0.0,0.0,0.0,0.0,0.0,0.0,0.0
repeat_2_fold_4,SRSF7,0.0,0.0,0.0,0.0,0.0,0.0,0.0
repeat_2_fold_4,SSR1,0.0,0.0,0.0,0.0,0.0,0.0,0.0
repeat_2_fold_4,ST8SIA2,0.0,0.0,0.0,0.0,0.0,0.0,0.0
repeat_2_fold_4,STARD13,0.0,0.0,0.0,0.0,0.0,0.0,0.0
repeat_2_fold_4,STK3,0.0,0.0,0.0,0.0,0.0,-0.000716039279869074,0.5
repeat_2_fold_4,STK4,-0.06943391582524328,0.08017537998518805,0.040087689992594024,-0.10952160581783729,0.0,-0.0012009607686148949,0.5
repeat_2_fold_4,SUGP1,0.0,0.0,0.0,0.0,0.0,0.0,0.0
repeat_2_fold_4,SUMO1,0.0,0.0,0.0,0.0,0.0,0.0,0.0
repeat_2_fold_4,SUN2,0.0,0.0,0.0,0.0,0.0,0.0,0.0
repeat_2_fold_4,SWAP70,0.0,0.0,0.0,0.0,0.0,0.0,0.0
repeat_2_fold_4,SYNE1,0.0,0.0,0.0,0.0,0.0,0.0,0.0
repeat_2_fold_4,SYNJ1,0.0,0.0,0.0,0.0,0.0,0.0,0.0
repeat_2_fold_4,SYTL2,0.0,0.0,0.0,0.0,0.0,0.0,0.0
repeat_2_fold_4,TAC3,0.0,0.0,0.0,0.0,0.0,0.0,0.0
repeat_2_fold_4,TACO1,0.0,0.0,0.0,0.0,0.0,0.0,0.0
repeat_2_fold_4,TAF2,0.0,0.0,0.0,0.0,0.0,-0.0012009607686148949,0.5
repeat_2_fold_4,TAF4,-0.04321158424885496,0.04989643959637321,0.024948219798186604,-0.06815980404704157,0.0,-0.0008183306055646322,0.5
repeat_2_fold_4,TAL1,0.0,0.0,0.0,0.0,0.0,0.0,0.0
repeat_2_fold_4,TANK,0.0,0.0,0.0,0.0,0.0,0.0,0.0
repeat_2_fold_4,TARBP2,0.0,0.0,0.0,0.0,0.0,0.0,0.0
repeat_2_fold_4,TBCC,0.0,0.0,0.0,0.0,0.0,0.0,0.0
repeat_2_fold_4,TBL1X,0.013327930628509677,0.06570960541326941,0.032854802706634705,-0.019526872078125028,0.25,-0.0012009607686148949,0.5
repeat_2_fold_4,TBL1XR1,0.0,0.0,0.0,0.0,0.0,0.0,0.0
repeat_2_fold_4,TCTN1,0.0,0.0,0.0,0.0,0.0,0.0,0.0
repeat_2_fold_4,TFG,0.0,0.0,0.0,0.0,0.0,0.0,0.0
repeat_2_fold_4,TGFB2,0.0,0.0,0.0,0.0,0.0,0.0,0.0
repeat_2_fold_4,TGFBR1,0.0,0.0,0.0,0.0,0.0,0.0,0.0
repeat_2_fold_4,TGFBR3,0.0,0.0,0.0,0.0,0.0,0.0,0.0
repeat_2_fold_4,THBS2,0.0,0.0,0.0,0.0,0.0,0.0,0.0
repeat_2_fold_4,TIMP1,0.0,0.0,0.0,0.0,0.0,0.0,0.0
repeat_2_fold_4,TIMP2,0.0,0.0,0.0,0.0,0.0,0.0,0.0
repeat_2_fold_4,TK2,0.0,0.0,0.0,0.0,0.0,0.0,0.0
repeat_2_fold_4,TLE4,0.0,0.0,0.0,0.0,0.0,0.0016410837344179863,1.0
repeat_2_fold_4,TLR2,0.0,0.0,0.0,0.0,0.0,0.0,0.0
repeat_2_fold_4,TLR3,0.11493708104014999,0.15879909991229613,0.07939954995614806,0.03553753108400193,0.5,-0.0006004803843074613,0.5
repeat_2_fold_4,TMED3,0.0,0.0,0.0,0.0,0.0,0.0,0.0
repeat_2_fold_4,TMOD1,0.0,0.0,0.0,0.0,0.0,0.0,0.0
repeat_2_fold_4,TMT1A,-0.18410010662991283,0.21258049224123796,0.10629024612061898,-0.2903903527505318,0.0,-0.0011252045826513901,0.5
repeat_2_fold_4,TNFAIP8,0.0,0.0,0.0,0.0,0.0,0.0,0.0
repeat_2_fold_4,TNFRSF6B,0.0,0.0,0.0,0.0,0.0,-0.0014320785597381203,0.5
repeat_2_fold_4,TNFRSF8,-0.45975998039089916,0.8263410584719908,0.4131705292359954,-0.8729305096268946,0.0,0.006729688169520881,1.0
repeat_2_fold_4,TNFSF11,0.0,0.0,0.0,0.0,0.0,0.0,0.0
repeat_2_fold_4,TOLLIP,-0.04321158424885496,0.04989643959637321,0.024948219798186604,-0.06815980404704157,0.0,-0.0004091653027823161,0.5
repeat_2_fold_4,TOMM7,0.0,0.0,0.0,0.0,0.0,0.0,0.0
repeat_2_fold_4,TOR4A,0.0,0.0,0.0,0.0,0.0,0.0,0.0
repeat_2_fold_4,TP53I3,0.0,0.0,0.0,0.0,0.0,0.0,0.0
repeat_2_fold_4,TRAT1,-0.02912913094841052,0.05825826189682104,0.02912913094841052,-0.05825826189682104,0.0,0.0004091653027823161,0.5
repeat_2_fold_4,TREML2,0.0,0.0,0.0,0.0,0.0,0.0,0.0
repeat_2_fold_4,TRIB3,0.009802636346508464,0.5797942619360041,0.28989713096800207,-0.2800944946214936,0.25,-0.007364975450081829,0.5
repeat_2_fold_4,TRIM2,0.0,0.0,0.0,0.0,0.0,0.0,0.0
repeat_2_fold_4,TRIM26,-0.04321158424885496,0.04989643959637321,0.024948219798186604,-0.06815980404704157,0.0,0.0038870703764320724,0.5
repeat_2_fold_4,TRIM9,0.0,0.0,0.0,0.0,0.0,0.0,0.0
repeat_2_fold_4,TRIP10,0.0,0.0,0.0,0.0,0.0,0.0,0.0
repeat_2_fold_4,TRMU,0.0,0.0,0.0,0.0,0.0,0.0018014411529223284,0.5
repeat_2_fold_4,TRRAP,0.0,0.0,0.0,0.0,0.0,0.0,0.0
repeat_2_fold_4,TSFM,-0.19206529109393244,0.22177789503013146,0.11088894751506573,-0.30295423860899817,0.0,-0.00020016012810247785,0.5
repeat_2_fold_4,TSR1,0.0,0.0,0.0,0.0,0.0,0.0,0.0
repeat_2_fold_4,TST,0.0,0.0,0.0,0.0,0.0,0.0,0.0
repeat_2_fold_4,TTLL12,-0.09675650557360527,0.17222162902423466,0.08611081451211733,-0.1828673200857226,0.25,-0.0020325589440455816,1.0
repeat_2_fold_4,TTN,0.0,0.0,0.0,0.0,0.0,0.0,0.0
repeat_2_fold_4,TUBA1B,0.0,0.0,0.0,0.0,0.0,0.0,0.0
repeat_2_fold_4,TUBG2,0.0,0.0,0.0,0.0,0.0,0.0,0.0
repeat_2_fold_4,TUBGCP2,0.27185334974728725,0.62380723096521,0.311903615482605,-0.040050265735317725,0.25,0.0019258450950613015,1.0
repeat_2_fold_4,TXNRD1,0.0,0.0,0.0,0.0,0.0,0.0,0.0
repeat_2_fold_4,UBE2D4,0.6390089360970634,0.6523145674677477,0.32615728373387387,0.31285165236318957,1.0,0.00021785022125719866,1.0
repeat_2_fold_4,UBE3C,0.0,0.0,0.0,0.0,0.0,0.0,0.0
repeat_2_fold_4,UBN1,0.0,0.0,0.0,0.0,0.0,0.0,0.0
repeat_2_fold_4,UBOX5,0.0,0.0,0.0,0.0,0.0,0.0,0.0
repeat_2_fold_4,UCHL1,0.0,0.0,0.0,0.0,0.0,0.0,0.0
repeat_2_fold_4,UCHL3,0.0,0.0,0.0,0.0,0.0,0.0,0.0
repeat_2_fold_4,UCKL1,0.0,0.0,0.0,0.0,0.0,0.0,0.0
repeat_2_fold_4,UFD1,0.30850581951968437,0.6758561039204283,0.33792805196021414,-0.029422232440529772,0.25,0.001329787234042562,0.5
repeat_2_fold_4,UGCG,-0.025994091534551345,0.15241312046525798,0.07620656023262899,-0.10220065176718034,0.25,0.0,0.5
repeat_2_fold_4,UNC13B,0.0,0.0,0.0,0.0,0.0,0.0,0.0
repeat_2_fold_4,UPP1,0.0,0.0,0.0,0.0,0.0,0.0,0.0
repeat_2_fold_4,USP16,-0.02912913094841052,0.05825826189682104,0.02912913094841052,-0.05825826189682104,0.0,0.0011252045826513901,0.5
repeat_2_fold_4,UTP11,0.0,0.0,0.0,0.0,0.0,0.0,0.0
repeat_2_fold_4,UTP6,0.0,0.0,0.0,0.0,0.0,0.0,0.0
repeat_2_fold_4,UTS2,0.0,0.0,0.0,0.0,0.0,0.0,0.0
repeat_2_fold_4,VCAM1,0.0,0.0,0.0,0.0,0.0,0.0,0.0
repeat_2_fold_4,VDAC2,-0.0798640540212503,0.09873795373855172,0.04936897686927586,-0.12923303089052615,0.0,0.001022913256955832,0.5
repeat_2_fold_4,VPS11,0.0,0.0,0.0,0.0,0.0,0.0,0.0
repeat_2_fold_4,VWA1,-0.1881143176405029,0.43971326125879623,0.21985663062939811,-0.407970948269901,0.25,0.00260208166533224,1.0
repeat_2_fold_4,WDR1,0.0,0.0,0.0,0.0,0.0,0.0,0.0
repeat_2_fold_4,WDR12,0.0,0.0,0.0,0.0,0.0,0.0,0.0
repeat_2_fold_4,WDR19,0.0,0.0,0.0,0.0,0.0,0.0,0.0
repeat_2_fold_4,WLS,0.0,0.0,0.0,0.0,0.0,0.0,0.0
repeat_2_fold_4,WNT16,0.0,0.0,0.0,0.0,0.0,0.0,0.0
repeat_2_fold_4,WT1,0.0,0.0,0.0,0.0,0.0,0.0,0.0
repeat_2_fold_4,XCL2,-0.04321158424885496,0.04989643959637321,0.024948219798186604,-0.06815980404704157,0.0,-0.00020458265139117193,0.5
repeat_2_fold_4,XPO1,0.0,0.0,0.0,0.0,0.0,0.0,0.0
repeat_2_fold_4,ZC3H3,0.0,0.0,0.0,0.0,0.0,0.0,0.0
repeat_2_fold_4,ZEB1,0.0,0.0,0.0,0.0,0.0,0.0,0.0
repeat_2_fold_4,ZMYM2,0.33011161164411185,0.6602232232882237,0.33011161164411185,0.0,0.25,-0.00020458265139117193,0.5
repeat_2_fold_4,ZNF143,0.0,0.0,0.0,0.0,0.0,0.0,0.0
repeat_2_fold_4,ZNF189,-0.17118335899614578,0.1976655167944182,0.0988327583972091,-0.2700161173933549,0.0,-0.0008006405124099392,0.5
repeat_2_fold_4,ZNF254,-0.10876665580645906,0.23075538591305508,0.11537769295652754,-0.2241443487629866,0.25,-0.0028243544098781603,1.0
repeat_2_fold_4,ZNF266,0.0,0.0,0.0,0.0,0.0,0.0,0.0
repeat_2_fold_4,ZNF267,0.0,0.0,0.0,0.0,0.0,0.0,0.0
repeat_2_fold_4,ZNF3,0.0,0.0,0.0,0.0,0.0,0.0,0.0
repeat_2_fold_4,ZNF350,0.0,0.0,0.0,0.0,0.0,0.0,0.0
repeat_2_fold_4,ZNF415,-0.05825826189682104,0.06727084637729869,0.033635423188649344,-0.09189368508547038,0.0,-0.0005114566284779021,0.5
repeat_2_fold_4,ZNF443,0.0,0.0,0.0,0.0,0.0,0.0,0.0
repeat_2_fold_4,ZNF45,-0.12614944295214947,0.16317593427812013,0.08158796713906007,-0.20773741009120955,0.0,-0.0024019215372297897,0.5
repeat_2_fold_4,ZNF468,0.0,0.0,0.0,0.0,0.0,0.0,0.0
repeat_2_fold_4,ZNF480,0.05537868443275151,1.0597466315625739,0.5298733157812869,-0.4744946313485354,0.5,0.005337412319380869,1.0
repeat_2_fold_4,ZNF550,0.0,0.0,0.0,0.0,0.0,0.0,0.0
repeat_2_fold_4,ZNF669,0.0,0.0,0.0,0.0,0.0,0.0,0.0
repeat_2_fold_4,ZNF675,0.0,0.0,0.0,0.0,0.0,0.0,0.0
repeat_2_fold_4,ZNF74,0.33011161164411185,0.6602232232882237,0.33011161164411185,0.0,0.25,0.0009206219312602182,0.5
repeat_2_fold_4,ZRSR2,-0.09205005331495641,0.18410010662991283,0.09205005331495641,-0.18410010662991283,0.0,0.0,0.5
full_development,A1CF,0.0025207767528687697,0.005041553505737539,0.0025207767528687697,0.0,0.25,0.0003317116320211977,0.5
full_development,A2M,0.0,0.0,0.0,0.0,0.0,0.00044228217602829134,0.5
full_development,A4GALT,0.015582497699218933,0.031164995398437867,0.015582497699218933,0.0,0.25,-0.001281208350524976,1.0
full_development,A4GNT,0.0,0.0,0.0,0.0,0.0,0.0,0.0
full_development,AAAS,0.21326585098593043,0.4556210234364939,0.22781051171824696,-0.014544660732316528,0.25,0.000838926174496657,0.5
full_development,AACS,0.0,0.0,0.0,0.0,0.0,0.0,0.0
full_development,AADAC,-0.21631820168117244,0.4964973712029609,0.24824868560148045,-0.4645668872826529,0.25,0.0005528527200353572,0.5
full_development,AAK1,0.0,0.0,0.0,0.0,0.0,5.528527200351907e-05,0.5
full_development,AAMP,-0.4275508552062721,0.6507879711864989,0.32539398559324945,-0.7529448407995216,0.0,0.0013821318000884486,0.5
full_development,AANAT,-0.05147234583550642,0.07224052538495909,0.036120262692479546,-0.08759260852798596,0.0,0.0002211410880141318,0.5
full_development,AARS1,0.04835648519883051,0.05740420351067124,0.02870210175533562,0.01965438344349489,0.5,0.0005528527200353572,0.5
full_development,AASDHPPT,0.0,0.0,0.0,0.0,0.0,-0.00011984659635666528,0.5
full_development,AATF,-0.15342467438332363,0.3603538338829181,0.18017691694145904,-0.3336015913247827,0.25,-0.0006955184051720409,1.0
full_development,ABCA12,0.0,0.0,0.0,0.0,0.0,0.0,0.0
full_development,ABCA2,0.07432455823651907,0.9490541845694622,0.4745270922847311,-0.40020253404821204,0.5,0.0012943803448613456,1.0
full_development,ABCA3,0.0,0.0,0.0,0.0,0.0,0.0,0.0
full_development,ABCA4,-0.02064466455095726,0.1358094991213206,0.0679047495606603,-0.08854941411161756,0.25,0.0030959752321981227,0.5
full_development,ABCA5,-0.003604792174938254,0.06584214484475659,0.032921072422378295,-0.03652586459731655,0.25,0.0019902697921273804,0.5
full_development,ABCA6,0.184560873382404,0.3103006735889615,0.15515033679448076,0.029410536587923253,0.5,0.0004975674480318104,0.5
full_development,ABCA7,-0.006167851363800381,0.07587573832455162,0.03793786916227581,-0.04410572052607619,0.25,-0.0014381591562799834,0.5
full_development,ABCA8,0.0,0.0,0.0,0.0,0.0,0.0004194630872483285,0.5
full_development,ABCB1,0.0,0.0,0.0,0.0,0.0,0.0,0.0
full_development,ABCB11,0.0,0.0,0.0,0.0,0.0,-0.0010786193672099598,0.5
full_development,ABCB6,0.2846860496850976,0.32978095050990885,0.16489047525495443,0.11979557443014316,0.5,0.00011984659635666528,0.5
full_development,ABCB7,0.0,0.0,0.0,0.0,0.0,0.00017976989453497016,1.0
full_development,ABCB8,0.0,0.0,0.0,0.0,0.0,0.0,0.0
full_development,ABCB9,-0.05323484113897514,0.07036629023320835,0.03518314511660418,-0.08841798625557931,0.0,-0.00035953978906999584,0.5
full_development,ABCC1,-0.005239587465935003,0.06444070764687454,0.03222035382343727,-0.03745994128937227,0.25,-0.0021835827230927973,1.0
full_development,ABCC10,0.0,0.0,0.0,0.0,0.0,0.0,0.0
full_development,ABCC2,0.013201672166832878,0.026403344333665757,0.013201672166832878,0.0,0.25,0.0006081379920389041,0.5
full_development,ABCC3,-0.04872685120642828,0.05626492132158842,0.02813246066079421,-0.07685931186722249,0.0,0.00035953978906999584,0.5
full_development,ABCC4,0.040199210079766345,0.04641804952152683,0.023209024760763416,0.01699018531900293,0.5,0.0002211410880141318,0.5
full_development,ABCC6,0.0,0.0,0.0,0.0,0.0,0.0,0.0
full_development,ABCC8,-0.22056799959390005,0.37351901813307703,0.18675950906653851,-0.40732750866043854,0.25,0.004124689437767309,1.0
full_development,ABCD1,0.0,0.0,0.0,0.0,0.0,-0.0003317116320212532,0.5
full_development,ABCD2,0.350381580214135,0.40477714683660415,0.20238857341830208,0.14799300679583294,0.5,0.0,0.5
full_development,ABCD3,-0.10630268034651102,0.12428480937772236,0.06214240468886118,-0.1684450850353722,0.0,0.003235858101629907,0.5
full_development,ABCD4,0.0,0.0,0.0,0.0,0.0,0.0,0.0
full_development,ABCE1,0.23806018754013714,0.29754122932972227,0.14877061466486113,0.089289572875276,0.5,-0.0036553211888782355,0.5
full_development,ABCF1,0.0,0.0,0.0,0.0,0.0,0.0,0.0
full_development,ABCF2,0.0,0.0,0.0,0.0,0.0,0.0,0.0
full_development,ABCG1,0.0,0.0,0.0,0.0,0.0,0.0,0.0
full_development,ABCG2,0.0,0.0,0.0,0.0,0.0,0.0,0.0
full_development,ABCG4,0.0,0.0,0.0,0.0,0.0,0.0,0.0
full_development,ABCG5,0.0,0.0,0.0,0.0,0.0,0.0,0.0
full_development,ABHD10,0.0,0.0,0.0,0.0,0.0,0.0,0.0
full_development,ABHD17A,0.0,0.0,0.0,0.0,0.0,0.0,0.0
full_development,ABHD17B,-0.021861666163227156,0.06563766753233403,0.03281883376616702,-0.05468049992939417,0.25,0.00035953978906999584,0.5
full_development,ABHD3,0.0,0.0,0.0,0.0,0.0,0.0,0.0
full_development,ABHD4,0.0,0.0,0.0,0.0,0.0,0.0,0.0
full_development,ABHD5,0.0,0.0,0.0,0.0,0.0,0.0,0.0
full_development,ABHD6,0.0,0.0,0.0,0.0,0.0,0.0,0.0
full_development,ABI1,0.0,0.0,0.0,0.0,0.0,0.0,0.0
full_development,ABI2,0.0,0.0,0.0,0.0,0.0,0.0,0.0
full_development,ABL1,0.0,0.0,0.0,0.0,0.0,0.0,0.0
full_development,ABL2,0.0,0.0,0.0,0.0,0.0,0.0,0.0
full_development,ABLIM1,0.0,0.0,0.0,0.0,0.0,0.0,0.0
full_development,ABLIM3,0.0,0.0,0.0,0.0,0.0,0.0,0.0
full_development,ABR,0.0,0.0,0.0,0.0,0.0,0.0,0.0
full_development,ACAA1,0.0,0.0,0.0,0.0,0.0,0.0,0.0
full_development,ACAA2,0.0,0.0,0.0,0.0,0.0,0.0,0.0
full_development,ACACA,0.0,0.0,0.0,0.0,0.0,0.0,0.0
full_development,ACACB,0.0,0.0,0.0,0.0,0.0,0.0,0.0
full_development,ACAD10,0.0,0.0,0.0,0.0,0.0,0.0,0.0
full_development,ACAD8,0.0,0.0,0.0,0.0,0.0,0.0,0.0
full_development,ACADL,-0.2395405423239687,0.4790810846479374,0.2395405423239687,-0.4790810846479374,0.0,0.0002678923918560394,1.0
full_development,ACADM,0.0,0.0,0.0,0.0,0.0,0.0,0.0
full_development,ACADS,0.0,0.0,0.0,0.0,0.0,0.0,0.0
full_development,ACAN,0.0,0.0,0.0,0.0,0.0,0.0,0.0
full_development,ACAT1,0.0,0.0,0.0,0.0,0.0,0.0,0.0
full_development,ACAT2,0.0,0.0,0.0,0.0,0.0,0.0,0.0
full_development,ACBD3,0.0,0.0,0.0,0.0,0.0,0.0,0.0
full_development,ACBD4,0.0,0.0,0.0,0.0,0.0,0.0,0.0
full_development,ACD,0.0,0.0,0.0,0.0,0.0,0.0,0.0
full_development,ACE,0.0,0.0,0.0,0.0,0.0,0.0,0.0
full_development,ACE2,0.0,0.0,0.0,0.0,0.0,0.0,0.0
full_development,ACHE,0.0,0.0,0.0,0.0,0.0,0.0,0.0
full_development,ACIN1,0.0,0.0,0.0,0.0,0.0,0.0,0.0
full_development,ACKR2,0.0,0.0,0.0,0.0,0.0,0.0,0.0
full_development,ACKR3,0.0,0.0,0.0,0.0,0.0,0.0,0.0
full_development,ACKR4,0.0,0.0,0.0,0.0,0.0,0.0,0.0
full_development,ACO1,0.0,0.0,0.0,0.0,0.0,0.0,0.0
full_development,ACO2,0.0,0.0,0.0,0.0,0.0,0.0,0.0
full_development,ACOT11,0.0,0.0,0.0,0.0,0.0,0.0,0.0
full_development,ACOT13,0.0,0.0,0.0,0.0,0.0,0.0,0.0
full_development,ACOT2,0.0,0.0,0.0,0.0,0.0,0.0,0.0
full_development,ACOT7,0.38739894746838743,0.4473633490146227,0.22368167450731136,0.16371727296107608,0.5,0.0016179290508149535,0.5
full_development,ACOT8,0.0,0.0,0.0,0.0,0.0,0.0,0.0
full_development,ACOT9,-0.06328944693322391,0.08567333818701742,0.04283666909350871,-0.10612611602673262,0.0,0.0004793863854266611,0.5
full_development,ACOX1,0.0,0.0,0.0,0.0,0.0,0.0,0.0
full_development,ACOX2,0.0,0.0,0.0,0.0,0.0,0.0,0.0
full_development,ACOX3,0.0,0.0,0.0,0.0,0.0,0.0,0.0
full_development,ACOXL,0.0,0.0,0.0,0.0,0.0,0.0004793863854266611,0.5
full_development,ACP3,0.0,0.0,0.0,0.0,0.0,0.0,0.0
full_development,ACP5,0.0,0.0,0.0,0.0,0.0,0.0,0.0
full_development,ACP6,0.0,0.0,0.0,0.0,0.0,0.0,0.0
full_development,ACR,0.0,0.0,0.0,0.0,0.0,0.0,0.0
full_development,ACSBG1,0.0,0.0,0.0,0.0,0.0,0.0,0.0
full_development,ACSBG2,0.0,0.0,0.0,0.0,0.0,0.0,0.0
full_development,ACSF2,0.0,0.0,0.0,0.0,0.0,0.0,0.0
full_development,ACSL1,0.0,0.0,0.0,0.0,0.0,0.0,0.0
full_development,ACSL3,0.18559882774352232,0.2300276588431462,0.1150138294215731,0.07058499832194923,0.75,0.011132190424739286,1.0
full_development,ACSL4,0.0,0.0,0.0,0.0,0.0,0.0,0.0
full_development,ACSL5,0.0,0.0,0.0,0.0,0.0,0.0,0.0
full_development,ACSL6,0.0,0.0,0.0,0.0,0.0,0.0,0.0
full_development,ACSM1,0.0,0.0,0.0,0.0,0.0,0.0,0.0
full_development,ACSM2A,0.0,0.0,0.0,0.0,0.0,0.0,0.0
full_development,ACSM3,0.0,0.0,0.0,0.0,0.0,0.0,0.0
full_development,ACSM5,0.0,0.0,0.0,0.0,0.0,0.0,0.0
full_development,ACSS3,0.0,0.0,0.0,0.0,0.0,0.0,0.0
full_development,ACTA1,0.0,0.0,0.0,0.0,0.0,0.0,0.0
full_development,ACTA2,0.0,0.0,0.0,0.0,0.0,0.0,0.0
full_development,ACTB,0.0,0.0,0.0,0.0,0.0,0.0,0.0
full_development,ACTC1,0.0,0.0,0.0,0.0,0.0,0.0,0.0
full_development,ACTG1,0.0,0.0,0.0,0.0,0.0,0.0,0.0
full_development,ACTG2,0.0,0.0,0.0,0.0,0.0,0.0,0.0
full_development,ACTL6B,0.0,0.0,0.0,0.0,0.0,0.0,0.0
full_development,ACTN1,0.0025207767528687697,0.005041553505737539,0.0025207767528687697,0.0,0.25,-0.0006634232640424509,0.5
full_development,ACTN2,0.0,0.0,0.0,0.0,0.0,0.0,0.0
full_development,ACTN3,0.0,0.0,0.0,0.0,0.0,0.0,0.0
full_development,ACTN4,0.0,0.0,0.0,0.0,0.0,0.0,0.0
full_development,ACTR10,0.0,0.0,0.0,0.0,0.0,0.0,0.0
full_development,ACTR1A,0.0,0.0,0.0,0.0,0.0,0.0,0.0
full_development,ACTR1B,0.0,0.0,0.0,0.0,0.0,0.0,0.0
full_development,ACTR2,0.0,0.0,0.0,0.0,0.0,0.0,0.0
full_development,ACTR3,0.0,0.0,0.0,0.0,0.0,0.0,0.0
full_development,ACTR5,0.0,0.0,0.0,0.0,0.0,0.0,0.0
full_development,ACTR8,0.0,0.0,0.0,0.0,0.0,0.0,0.0
full_development,ACVR1B,0.0,0.0,0.0,0.0,0.0,0.0,0.0
full_development,ACVR2A,0.0,0.0,0.0,0.0,0.0,0.0,0.0
full_development,ACVR2B,0.0,0.0,0.0,0.0,0.0,0.0,0.0
full_development,ACVRL1,0.0,0.0,0.0,0.0,0.0,0.0,0.0
full_development,ACY1,0.0,0.0,0.0,0.0,0.0,0.0,0.0
full_development,ADA,0.0,0.0,0.0,0.0,0.0,0.0,0.0
full_development,ADA2,0.0,0.0,0.0,0.0,0.0,0.0,0.0
full_development,ADAM11,0.0,0.0,0.0,0.0,0.0,0.0,0.0
full_development,ADAM12,0.0,0.0,0.0,0.0,0.0,0.0,0.0
full_development,ADAM17,-0.02436342560321414,0.04872685120642828,0.02436342560321414,-0.04872685120642828,0.0,0.000659156279961659,0.5
full_development,ADAM19,0.0,0.0,0.0,0.0,0.0,0.0,0.0
full_development,ADAM2,0.0,0.0,0.0,0.0,0.0,0.0,0.0
full_development,ADAM20,0.0,0.0,0.0,0.0,0.0,0.0,0.0
full_development,ADAM21,0.0,0.0,0.0,0.0,0.0,0.0,0.0
full_development,ADAM22,-0.04194312315019033,0.04843174688283202,0.02421587344141601,-0.06615899659160634,0.0,-0.0007832698603991162,1.0
full_development,ADAM23,0.0,0.0,0.0,0.0,0.0,0.0,0.0
full_development,ADAM8,0.0,0.0,0.0,0.0,0.0,0.0,0.0
full_development,ADAM9,0.0,0.0,0.0,0.0,0.0,0.0,0.0
full_development,ADAMTS1,0.0,0.0,0.0,0.0,0.0,0.0,0.0
full_development,ADAMTS12,0.0,0.0,0.0,0.0,0.0,0.0,0.0
full_development,ADAMTS13,0.0,0.0,0.0,0.0,0.0,0.0,0.0
full_development,ADAMTS2,0.0,0.0,0.0,0.0,0.0,0.0,0.0
full_development,ADAMTS3,0.0,0.0,0.0,0.0,0.0,0.0,0.0
full_development,ADAMTS5,0.0,0.0,0.0,0.0,0.0,0.0,0.0
full_development,ADAMTS6,0.08084030990070623,0.11253932672767998,0.05626966336383999,0.02457064653686624,0.5,0.0003131595273220267,1.0
full_development,ADAMTS7,0.0,0.0,0.0,0.0,0.0,0.0,0.0
full_development,ADAMTS9,0.0,0.0,0.0,0.0,0.0,0.0,0.0
full_development,ADAMTSL2,0.0,0.0,0.0,0.0,0.0,0.0,0.0
full_development,ADAMTSL4,0.0,0.0,0.0,0.0,0.0,0.0,0.0
full_development,ADAP1,0.0,0.0,0.0,0.0,0.0,0.0,0.0
full_development,ADAR,0.0,0.0,0.0,0.0,0.0,0.0,0.0
full_development,ADAT1,0.0,0.0,0.0,0.0,0.0,0.0,0.0
full_development,ADCY1,0.0,0.0,0.0,0.0,0.0,0.0,0.0
full_development,ADCY10,0.0,0.0,0.0,0.0,0.0,0.0,0.0
full_development,ADCY2,0.0,0.0,0.0,0.0,0.0,0.0,0.0
full_development,ADCY3,0.0,0.0,0.0,0.0,0.0,0.0,0.0
full_development,ADCY6,-0.0161316397819391,0.0322632795638782,0.0161316397819391,-0.0322632795638782,0.0,0.0004793863854266611,0.5
full_development,ADCY7,0.0,0.0,0.0,0.0,0.0,0.0,0.0
full_development,ADCY8,0.0,0.0,0.0,0.0,0.0,0.0,0.0
full_development,ADCY9,0.0,0.0,0.0,0.0,0.0,0.0,0.0
full_development,ADCYAP1,0.0,0.0,0.0,0.0,0.0,0.0,0.0
full_development,ADCYAP1R1,0.0,0.0,0.0,0.0,0.0,0.0,0.0
full_development,ADD1,0.0,0.0,0.0,0.0,0.0,0.0,0.0
full_development,ADD2,0.0,0.0,0.0,0.0,0.0,0.0,0.0
full_development,ADD3,0.0,0.0,0.0,0.0,0.0,0.0,0.0
full_development,ADGRE1,0.0,0.0,0.0,0.0,0.0,0.0,0.0
full_development,ADGRE2,0.0,0.0,0.0,0.0,0.0,0.0,0.0
full_development,ADGRE5,0.0,0.0,0.0,0.0,0.0,0.0,0.0
full_development,ADGRF5,0.0,0.0,0.0,0.0,0.0,0.0,0.0
full_development,ADGRG3,0.0,0.0,0.0,0.0,0.0,0.0,0.0
full_development,ADGRG6,0.0,0.0,0.0,0.0,0.0,0.0,0.0
full_development,ADGRV1,0.0,0.0,0.0,0.0,0.0,0.0,0.0
full_development,ADH1A,0.0,0.0,0.0,0.0,0.0,0.0,0.0
full_development,ADH1B,0.0,0.0,0.0,0.0,0.0,0.0,0.0
full_development,ADH1C,0.0,0.0,0.0,0.0,0.0,0.0,0.0
full_development,ADH5,0.0,0.0,0.0,0.0,0.0,0.0,0.0
full_development,ADH6,0.0,0.0,0.0,0.0,0.0,0.0,0.0
full_development,ADH7,0.0,0.0,0.0,0.0,0.0,0.0,0.0
full_development,ADI1,0.0,0.0,0.0,0.0,0.0,0.0,0.0
full_development,ADIPOQ,0.0,0.0,0.0,0.0,0.0,0.0,0.0
full_development,ADIPOR1,0.0,0.0,0.0,0.0,0.0,0.0,0.0
full_development,ADIPOR2,0.0,0.0,0.0,0.0,0.0,0.0,0.0
full_development,ADIRF,0.0,0.0,0.0,0.0,0.0,0.0,0.0
full_development,ADK,0.0,0.0,0.0,0.0,0.0,0.0,0.0
full_development,ADM,0.0,0.0,0.0,0.0,0.0,0.0,0.0
full_development,ADM2,0.0,0.0,0.0,0.0,0.0,0.0,0.0
full_development,ADORA1,0.0,0.0,0.0,0.0,0.0,0.0,0.0
full_development,ADORA2A,0.0,0.0,0.0,0.0,0.0,0.0,0.0
full_development,ADORA2B,0.0,0.0,0.0,0.0,0.0,0.0,0.0
full_development,ADORA3,0.0,0.0,0.0,0.0,0.0,0.0,0.0
full_development,ADPGK,0.0,0.0,0.0,0.0,0.0,0.0,0.0
full_development,ADPRM,0.0,0.0,0.0,0.0,0.0,0.0,0.0
full_development,ADRA1A,0.0,0.0,0.0,0.0,0.0,0.0,0.0
full_development,ADRA1B,0.0,0.0,0.0,0.0,0.0,0.0,0.0
full_development,ADRA1D,0.0,0.0,0.0,0.0,0.0,0.0,0.0
full_development,ADRA2A,0.0,0.0,0.0,0.0,0.0,0.0,0.0
full_development,ADRA2B,0.0,0.0,0.0,0.0,0.0,0.0,0.0
full_development,ADRA2C,0.0,0.0,0.0,0.0,0.0,0.0,0.0
full_development,ADRB1,0.0,0.0,0.0,0.0,0.0,0.0,0.0
full_development,ADRB3,0.0,0.0,0.0,0.0,0.0,0.0,0.0
full_development,ADRM1,0.0,0.0,0.0,0.0,0.0,0.0,0.0
full_development,ADSL,0.0,0.0,0.0,0.0,0.0,0.0,0.0
full_development,ADSS2,0.0,0.0,0.0,0.0,0.0,0.0,0.0
full_development,AFDN,0.0,0.0,0.0,0.0,0.0,0.0,0.0
full_development,AFF4,0.0,0.0,0.0,0.0,0.0,0.0,0.0
full_development,AFG3L2,0.0,0.0,0.0,0.0,0.0,0.0,0.0
full_development,AFP,0.0,0.0,0.0,0.0,0.0,0.0,0.0
full_development,AGA,0.0,0.0,0.0,0.0,0.0,0.0,0.0
full_development,AGAP2,0.0,0.0,0.0,0.0,0.0,0.0,0.0
full_development,AGBL2,0.0,0.0,0.0,0.0,0.0,0.0,0.0
full_development,AGBL3,0.0,0.0,0.0,0.0,0.0,0.0,0.0
full_development,AGBL5,0.0,0.0,0.0,0.0,0.0,0.0,0.0
full_development,AGER,0.0,0.0,0.0,0.0,0.0,0.0,0.0
full_development,AGFG1,0.0,0.0,0.0,0.0,0.0,0.0,0.0
full_development,AGK,0.0,0.0,0.0,0.0,0.0,0.0,0.0
full_development,AGL,0.0,0.0,0.0,0.0,0.0,0.0,0.0
full_development,AGMAT,0.0,0.0,0.0,0.0,0.0,0.0,0.0
full_development,AGO1,0.0,0.0,0.0,0.0,0.0,0.0,0.0
full_development,AGO2,0.0,0.0,0.0,0.0,0.0,0.0,0.0
full_development,AGO3,-0.09230719906589968,0.22884905220835997,0.11442452610417998,-0.20673172517007965,0.25,0.0007739938080495168,0.5
full_development,AGO4,0.0,0.0,0.0,0.0,0.0,0.0,0.0
full_development,AGPAT1,0.0,0.0,0.0,0.0,0.0,0.0,0.0
full_development,AGPAT4,0.0,0.0,0.0,0.0,0.0,0.0,0.0
full_development,AGPAT5,0.0,0.0,0.0,0.0,0.0,0.0,0.0
full_development,AGPS,-0.3150049008956213,0.5741955148226335,0.28709775741131677,-0.602102658306938,0.25,0.001911794389249849,1.0
full_development,AGRN,0.0,0.0,0.0,0.0,0.0,0.0,0.0
full_development,AGRP,0.0,0.0,0.0,0.0,0.0,0.0,0.0
full_development,AGT,0.0,0.0,0.0,0.0,0.0,0.0,0.0
full_development,AGTPBP1,0.0,0.0,0.0,0.0,0.0,0.0,0.0
full_development,AGTR1,0.0,0.0,0.0,0.0,0.0,5.528527200351907e-05,0.5
full_development,AGTR2,0.0,0.0,0.0,0.0,0.0,0.0,0.0
full_development,AHCTF1,0.0,0.0,0.0,0.0,0.0,0.0,0.0
full_development,AHCY,0.0,0.0,0.0,0.0,0.0,0.0,0.0
full_development,AHCYL2,0.0,0.0,0.0,0.0,0.0,0.0,0.0
full_development,AHI1,0.0,0.0,0.0,0.0,0.0,0.0,0.0
full_development,AHR,0.0,0.0,0.0,0.0,0.0,0.0,0.0
full_development,AHSG,0.0,0.0,0.0,0.0,0.0,0.0,0.0
full_development,AICDA,0.0,0.0,0.0,0.0,0.0,0.0,0.0
full_development,AIM2,0.0,0.0,0.0,0.0,0.0,0.0,0.0
full_development,AIMP2,0.0,0.0,0.0,0.0,0.0,0.0,0.0
full_development,AIP,0.0,0.0,0.0,0.0,0.0,0.0,0.0
full_development,AK1,0.0,0.0,0.0,0.0,0.0,0.0,0.0
full_development,AK2,0.0,0.0,0.0,0.0,0.0,0.0,0.0
full_development,AK5,0.39538590342248625,0.7705837562239648,0.3852918781119824,0.010094025310503851,0.5,0.0010786193672099875,0.5
full_development,AK6,0.0,0.0,0.0,0.0,0.0,0.0,0.0
full_development,AKAP1,0.0,0.0,0.0,0.0,0.0,0.0,0.0
full_development,AKAP10,0.0,0.0,0.0,0.0,0.0,0.0,0.0
full_development,AKAP12,0.0,0.0,0.0,0.0,0.0,0.0,0.0
full_development,AKAP13,0.0,0.0,0.0,0.0,0.0,0.0,0.0
full_development,AKAP5,0.0,0.0,0.0,0.0,0.0,0.0,0.0
full_development,AKAP8L,0.0,0.0,0.0,0.0,0.0,0.0,0.0
full_development,AKAP9,0.0,0.0,0.0,0.0,0.0,0.0,0.0
full_development,AKR1B1,0.0,0.0,0.0,0.0,0.0,0.0,0.0
full_development,AKR1B10,0.0,0.0,0.0,0.0,0.0,0.0,0.0
full_development,AKR1C1,0.0,0.0,0.0,0.0,0.0,0.0,0.0
full_development,AKR1C2,0.0,0.0,0.0,0.0,0.0,0.0,0.0
full_development,AKR1C4,0.0,0.0,0.0,0.0,0.0,0.0,0.0
full_development,AKR7A2,0.0,0.0,0.0,0.0,0.0,0.0,0.0
full_development,AKR7A3,0.0,0.0,0.0,0.0,0.0,0.0,0.0
full_development,AKT1,0.0,0.0,0.0,0.0,0.0,0.0,0.0
full_development,AKT2,0.0,0.0,0.0,0.0,0.0,0.0,0.0
full_development,ALAD,0.0,0.0,0.0,0.0,0.0,0.0,0.0
full_development,ALAS1,0.0,0.0,0.0,0.0,0.0,0.0,0.0
full_development,ALAS2,0.0,0.0,0.0,0.0,0.0,0.0,0.0
full_development,ALB,0.0,0.0,0.0,0.0,0.0,0.0,0.0
full_development,ALCAM,0.0,0.0,0.0,0.0,0.0,0.0,0.0
full_development,ALDH1A1,0.0,0.0,0.0,0.0,0.0,0.0,0.0
full_development,ALDH1A2,0.0,0.0,0.0,0.0,0.0,0.0,0.0
full_development,ALDH1A3,0.0,0.0,0.0,0.0,0.0,0.0,0.0
full_development,ALDH1B1,0.0,0.0,0.0,0.0,0.0,0.0,0.0
full_development,ALDH1L1,0.0,0.0,0.0,0.0,0.0,0.0,0.0
full_development,ALDH3A2,0.0,0.0,0.0,0.0,0.0,0.0,0.0
full_development,ALDH3B1,0.0,0.0,0.0,0.0,0.0,0.0,0.0
full_development,ALDH3B2,0.0,0.0,0.0,0.0,0.0,0.0,0.0
full_development,ALDH5A1,-0.2912679731405792,0.5825359462811583,0.2912679731405792,-0.5825359462811583,0.0,0.0004975674480318382,0.5
full_development,ALDH6A1,0.0,0.0,0.0,0.0,0.0,0.0,0.0
full_development,ALDH8A1,0.0,0.0,0.0,0.0,0.0,0.0,0.0
full_development,ALDH9A1,0.0,0.0,0.0,0.0,0.0,0.0,0.0
full_development,ALDOA,0.0,0.0,0.0,0.0,0.0,0.0,0.0
full_development,ALDOB,0.0,0.0,0.0,0.0,0.0,0.0,0.0
full_development,ALDOC,0.0,0.0,0.0,0.0,0.0,0.0,0.0
full_development,ALG12,0.0,0.0,0.0,0.0,0.0,0.0,0.0
full_development,ALG13,0.0,0.0,0.0,0.0,0.0,0.0,0.0
full_development,ALG3,0.0,0.0,0.0,0.0,0.0,0.0,0.0
full_development,ALG5,0.0,0.0,0.0,0.0,0.0,0.0,0.0
full_development,ALG6,0.0,0.0,0.0,0.0,0.0,0.0,0.0
full_development,ALG8,0.0,0.0,0.0,0.0,0.0,0.0,0.0
full_development,ALG9,-0.012808400818348886,0.07331552160536912,0.03665776080268456,-0.04946616162103345,0.25,-0.0008292790800530914,0.5
full_development,ALOX12,0.0,0.0,0.0,0.0,0.0,0.0,0.0
full_development,ALOX12B,0.0,0.0,0.0,0.0,0.0,0.0,0.0
full_development,ALOX15B,0.0,0.0,0.0,0.0,0.0,0.0,0.0
full_development,ALOX5,0.0,0.0,0.0,0.0,0.0,0.0,0.0
full_development,ALOX5AP,0.0,0.0,0.0,0.0,0.0,0.0,0.0
full_development,ALOXE3,0.0,0.0,0.0,0.0,0.0,0.0,0.0
full_development,ALPG,0.0,0.0,0.0,0.0,0.0,0.0,0.0
full_development,ALPI,0.0,0.0,0.0,0.0,0.0,0.0,0.0
full_development,ALPK1,0.0,0.0,0.0,0.0,0.0,0.0,0.0
full_development,ALPL,0.0,0.0,0.0,0.0,0.0,0.0,0.0
full_development,ALPP,0.0,0.0,0.0,0.0,0.0,0.0,0.0
full_development,ALS2CL,0.0,0.0,0.0,0.0,0.0,0.0,0.0
full_development,AMACR,0.0,0.0,0.0,0.0,0.0,0.0,0.0
full_development,AMBN,0.0,0.0,0.0,0.0,0.0,0.0,0.0
full_development,AMBP,0.0,0.0,0.0,0.0,0.0,0.0,0.0
full_development,AMBRA1,0.0,0.0,0.0,0.0,0.0,0.0,0.0
full_development,AMD1,0.0,0.0,0.0,0.0,0.0,0.0,0.0
full_development,AMDHD2,0.0,0.0,0.0,0.0,0.0,0.0,0.0
full_development,AMELX,0.0,0.0,0.0,0.0,0.0,0.0,0.0
full_development,AMFR,0.0,0.0,0.0,0.0,0.0,0.0,0.0
full_development,AMH,0.0,0.0,0.0,0.0,0.0,0.0,0.0
full_development,AMIGO2,0.0,0.0,0.0,0.0,0.0,0.0,0.0
full_development,AMN,0.0,0.0,0.0,0.0,0.0,0.0,0.0
full_development,AMOT,0.0,0.0,0.0,0.0,0.0,0.0,0.0
full_development,AMOTL2,0.0,0.0,0.0,0.0,0.0,0.0,0.0
full_development,AMPD1,0.0,0.0,0.0,0.0,0.0,0.0,0.0
full_development,AMPD2,0.0,0.0,0.0,0.0,0.0,0.0,0.0
full_development,AMPD3,0.0,0.0,0.0,0.0,0.0,0.0,0.0
full_development,AMPH,0.0,0.0,0.0,0.0,0.0,0.0,0.0
full_development,AMT,0.0,0.0,0.0,0.0,0.0,0.0,0.0
full_development,AMY1A,0.0,0.0,0.0,0.0,0.0,0.0,0.0
full_development,ANAPC1,0.0,0.0,0.0,0.0,0.0,0.0,0.0
full_development,ANAPC10,0.0,0.0,0.0,0.0,0.0,0.0,0.0
full_development,ANAPC13,0.0,0.0,0.0,0.0,0.0,0.0,0.0
full_development,ANAPC15,0.0,0.0,0.0,0.0,0.0,0.0,0.0
full_development,ANAPC2,0.0,0.0,0.0,0.0,0.0,0.0,0.0
full_development,ANAPC5,0.3643958063895667,0.42995913373189326,0.21497956686594663,0.14941623952362007,1.0,0.006365041601239574,1.0
full_development,ANG,0.0,0.0,0.0,0.0,0.0,0.0,0.0
full_development,ANGPT1,0.0,0.0,0.0,0.0,0.0,0.0,0.0
full_development,ANGPT2,0.0,0.0,0.0,0.0,0.0,0.0,0.0
full_development,ANGPT4,0.0,0.0,0.0,0.0,0.0,0.0,0.0
full_development,ANGPTL3,0.0,0.0,0.0,0.0,0.0,0.0,0.0
full_development,ANGPTL4,0.0,0.0,0.0,0.0,0.0,0.0,0.0
full_development,ANGPTL8,0.0,0.0,0.0,0.0,0.0,0.0,0.0
full_development,ANK1,0.0,0.0,0.0,0.0,0.0,0.0,0.0
full_development,ANK2,0.0,0.0,0.0,0.0,0.0,0.0,0.0
full_development,ANK3,0.0,0.0,0.0,0.0,0.0,0.0,0.0
full_development,ANKLE2,0.0,0.0,0.0,0.0,0.0,0.0,0.0
full_development,ANKRD1,0.0,0.0,0.0,0.0,0.0,0.0,0.0
full_development,ANKRD26,0.0,0.0,0.0,0.0,0.0,0.0,0.0
full_development,ANKRD27,0.0,0.0,0.0,0.0,0.0,0.0,0.0
full_development,ANKRD28,0.0,0.0,0.0,0.0,0.0,0.0,0.0
full_development,ANKZF1,0.0,0.0,0.0,0.0,0.0,0.0,0.0
full_development,ANO1,0.0,0.0,0.0,0.0,0.0,0.0,0.0
full_development,ANO10,0.0,0.0,0.0,0.0,0.0,0.0,0.0
full_development,ANO2,0.0,0.0,0.0,0.0,0.0,0.0,0.0
full_development,ANO3,0.0,0.0,0.0,0.0,0.0,0.0,0.0
full_development,ANOS1,0.0,0.0,0.0,0.0,0.0,0.0,0.0
full_development,ANP32A,0.0,0.0,0.0,0.0,0.0,0.0,0.0
full_development,ANTXR1,0.0,0.0,0.0,0.0,0.0,0.0,0.0
full_development,ANXA1,0.0,0.0,0.0,0.0,0.0,0.0,0.0
full_development,ANXA2,0.0,0.0,0.0,0.0,0.0,0.0,0.0
full_development,ANXA3,0.0,0.0,0.0,0.0,0.0,0.0,0.0
full_development,ANXA5,0.0,0.0,0.0,0.0,0.0,0.0,0.0
full_development,ANXA6,0.0,0.0,0.0,0.0,0.0,0.0,0.0
full_development,AP2S1,-0.06815658449343864,0.08958877251828072,0.04479438625914036,-0.11295097075257901,0.0,0.0001847789628037777,1.0
full_development,APBA1,-0.026213461343246536,0.05242692268649307,0.026213461343246536,-0.05242692268649307,0.0,0.0009587727708533222,0.5
full_development,AQP4,0.0,0.0,0.0,0.0,0.0,0.0,0.0
full_development,ARAF,0.0,0.0,0.0,0.0,0.0,0.0,0.0
full_development,ARC,0.0,0.0,0.0,0.0,0.0,0.0,0.0
full_development,ARHGAP8,0.0,0.0,0.0,0.0,0.0,-0.0002211410880141873,0.5
full_development,ARHGEF11,0.0,0.0,0.0,0.0,0.0,-0.00023969319271333056,0.5
full_development,ARHGEF6,0.0,0.0,0.0,0.0,0.0,0.0,0.0
full_development,ARPC4,0.0,0.0,0.0,0.0,0.0,0.0,0.0
full_development,ARSB,0.0,0.0,0.0,0.0,0.0,0.0,0.0
full_development,ASGR1,0.0,0.0,0.0,0.0,0.0,0.0,0.0
full_development,ASH1L,0.0,0.0,0.0,0.0,0.0,0.0,0.0
full_development,ASPA,0.0,0.0,0.0,0.0,0.0,0.0,0.0
full_development,ATG14,-0.6032524122220995,0.7090760773672682,0.3545380386836341,-0.9577904509057336,0.0,0.00044228217602829134,0.5
full_development,ATG16L1,0.0,0.0,0.0,0.0,0.0,0.0,0.0
full_development,ATG4B,0.0,0.0,0.0,0.0,0.0,0.0,0.0
full_development,ATP11B,0.0,0.0,0.0,0.0,0.0,0.0,0.0
full_development,ATP6V1G1,0.0,0.0,0.0,0.0,0.0,0.0,0.0
full_development,ATP7A,0.0,0.0,0.0,0.0,0.0,0.0,0.0
full_development,AURKA,0.26821547367197596,0.41264698012419065,0.20632349006209533,0.06189198360988063,0.5,0.002337008628954945,0.5
full_development,AUTS2,0.0,0.0,0.0,0.0,0.0,0.0,0.0
full_development,AXIN1,0.09012096377225198,0.10971225993014475,0.05485612996507237,0.03526483380717961,0.5,0.0007739938080495168,0.5
full_development,B3GALT2,-0.016017397073529338,0.1778351967593549,0.08891759837967746,-0.1049349954532068,0.5,0.0018618892276091037,1.0
full_development,B3GNT4,0.0826442162001797,0.09578280741776422,0.04789140370888211,0.03475281249129759,0.5,-0.000939849624060185,0.5
full_development,B3GNTL1,-0.031044260302813598,0.05468014117586907,0.027340070587934535,-0.05838433089074813,0.25,0.0018429660808159387,1.0
full_development,B9D2,0.0,0.0,0.0,0.0,0.0,0.0,0.0
full_development,BAIAP2,0.0,0.0,0.0,0.0,0.0,0.0,0.0
full_development,BCAS2,-0.12663332540056516,0.14622356901678754,0.07311178450839377,-0.19974510990895894,0.0,0.0020373921380632543,0.5
full_development,BCAT1,0.0,0.0,0.0,0.0,0.0,0.0,0.0
full_development,BCAT2,0.0,0.0,0.0,0.0,0.0,0.0,0.0
full_development,BCS1L,0.0,0.0,0.0,0.0,0.0,0.0,0.0
full_development,BHMT2,0.03591040003553658,0.06402844214667971,0.03201422107333986,0.003896178962196725,0.5,-0.0008799263258818246,1.0
full_development,BICD2,0.03610741984271648,0.07221483968543296,0.03610741984271648,0.0,0.25,0.0001105705440070659,0.5
full_development,BIN2,0.0,0.0,0.0,0.0,0.0,0.0,0.0
full_development,BLNK,-0.37508078652327015,0.5042650283063665,0.2521325141531833,-0.6272133006764534,0.0,0.0017053094639480626,1.0
full_development,BLVRA,0.0,0.0,0.0,0.0,0.0,0.0,0.0
full_development,BMP2,0.0,0.0,0.0,0.0,0.0,0.0,0.0
full_development,BPHL,0.0,0.0,0.0,0.0,0.0,0.0,0.0
full_development,BRD8,0.0,0.0,0.0,0.0,0.0,0.0,0.0
full_development,BTNL8,0.016435817041017486,0.02055839707543805,0.010279198537719025,0.006156618503298461,0.5,0.0011335335971195126,1.0
full_development,BUB1,0.14096205431594733,0.1881428920621312,0.0940714460310656,0.04689060828488173,1.0,-0.0013133034916545383,1.0
full_development,BUB1B,0.0,0.0,0.0,0.0,0.0,0.0,0.0
full_development,C1QA,-0.19759707629340895,0.4166424739834384,0.2083212369917192,-0.4059183132851282,0.25,0.0009398496240601295,1.0
full_development,C2orf49,0.0,0.0,0.0,0.0,0.0,0.0,0.0
full_development,C3,0.0,0.0,0.0,0.0,0.0,0.0,0.0
full_development,C4BPA,0.0,0.0,0.0,0.0,0.0,0.0,0.0
full_development,C4BPB,0.0,0.0,0.0,0.0,0.0,0.0,0.0
full_development,C8G,0.015076534519199214,0.017408882526212702,0.008704441263106351,0.006372093256092863,0.5,0.0011057054400707422,0.5
full_development,CA12,0.0,0.0,0.0,0.0,0.0,0.0,0.0
full_development,CA2,0.12977066400142157,0.16209557693560464,0.08104778846780232,0.048722875533619245,0.5,-0.002100840336134474,0.5
full_development,CACNA2D2,0.0,0.0,0.0,0.0,0.0,5.992329817833264e-05,0.5
full_development,CAMK1,-0.2215572009997402,0.6039284409030082,0.3019642204515041,-0.5235214214512443,0.25,0.007200999438984335,1.0
full_development,CAPN3,0.1940432833488348,0.6810467596025381,0.34052337980126907,-0.14648009645243426,0.75,0.0012073709738222305,1.0
full_development,CARD8,0.0,0.0,0.0,0.0,0.0,0.0,0.0
full_development,CASP1,-0.029667453944748345,0.042673743569179884,0.021336871784589942,-0.05100432572933829,0.0,0.0024878372401592186,0.5
full_development,CASP8AP2,0.0,0.0,0.0,0.0,0.0,0.0002211410880141318,0.5
full_development,CASQ1,0.0,0.0,0.0,0.0,0.0,0.0,0.0
full_development,CBY1,0.0,0.0,0.0,0.0,0.0,0.00011984659635666528,0.5
full_development,CCL7,0.0,0.0,0.0,0.0,0.0,0.0,0.0
full_development,CCND1,0.0,0.0,0.0,0.0,0.0,0.0,0.0
full_development,CCRL2,0.0,0.0,0.0,0.0,0.0,0.0,0.0
full_development,CCS,0.0,0.0,0.0,0.0,0.0,0.0,0.0
full_development,CD207,0.0,0.0,0.0,0.0,0.0,0.0,0.0
full_development,CD209,0.0,0.0,0.0,0.0,0.0,0.0,0.0
full_development,CD3D,0.06343474441290198,0.12701070451335242,0.06350535225667621,-7.060784377423135e-05,0.25,0.0011103434662455558,1.0
full_development,CD48,0.0,0.0,0.0,0.0,0.0,0.0,0.0
full_development,CD55,0.0,0.0,0.0,0.0,0.0,0.0,0.0
full_development,CD63,0.0,0.0,0.0,0.0,0.0,0.0,0.0
full_development,CD96,0.0,0.0,0.0,0.0,0.0,0.0,0.0
full_development,CDC25A,0.0,0.0,0.0,0.0,0.0,0.0,0.0
full_development,CDIPT,-0.037103201357034266,0.04356599953891205,0.021782999769456024,-0.05888620112649029,0.0,-0.00023969319271333056,0.5
full_development,CDKN2C,0.0,0.0,0.0,0.0,0.0,0.0,0.0
full_development,CEMIP,0.06229472045026796,0.08191350712274274,0.04095675356137137,0.021337966888896588,0.5,0.0014980824544582882,0.5
full_development,CENPF,0.0,0.0,0.0,0.0,0.0,-0.00011984659635666528,0.5
full_development,CENPT,0.0,0.0,0.0,0.0,0.0,0.0,0.0
full_development,CEP164,-0.00573151506230829,0.03703468089036389,0.018517340445181944,-0.024248855507490234,0.25,0.0014374170720919954,0.5
full_development,CEP43,0.0,0.0,0.0,0.0,0.0,-0.000838926174496657,0.5
full_development,CEP57,0.0,0.0,0.0,0.0,0.0,-0.00011057054400709365,0.5
full_development,CES1,0.04277381814008585,0.059199470881768045,0.029599735440884022,0.013174082699201829,0.5,0.0002764263600176786,0.5
full_development,CHCHD3,0.0,0.0,0.0,0.0,0.0,0.0,0.0
full_development,CHGB,0.4611045459056271,0.6144367323106955,0.30721836615534776,0.15388617975027935,0.5,0.00035953978906999584,0.5
full_development,CHMP1A,0.0,0.0,0.0,0.0,0.0,0.0,0.0
full_development,CHRNA10,0.0,0.0,0.0,0.0,0.0,0.0,0.0
full_development,CHRNA5,0.0,0.0,0.0,0.0,0.0,0.0,0.0
full_development,CHST1,0.0,0.0,0.0,0.0,0.0,0.0,0.0
full_development,CHST5,0.0,0.0,0.0,0.0,0.0,0.0,0.0
full_development,CIAO3,0.0,0.0,0.0,0.0,0.0,0.0,0.0
full_development,CLCN3,0.0,0.0,0.0,0.0,0.0,0.0,0.0
full_development,CLDN16,0.0,0.0,0.0,0.0,0.0,0.0,0.0
full_development,CLDN9,-0.01920217884949693,0.06974643898831875,0.03487321949415938,-0.05407539834365631,0.25,0.0022999044195565754,1.0
full_development,CLU,0.020099605039883173,0.040199210079766345,0.020099605039883173,0.0,0.25,0.00044228217602829134,0.5
full_development,CNTRL,0.0,0.0,0.0,0.0,0.0,0.0,0.0
full_development,COL15A1,0.015241535193808886,0.01759940889401743,0.008799704447008715,0.006441830746800171,0.5,-0.00011984659635666528,0.5
full_development,COL19A1,-0.4676868822697138,0.5465134975892186,0.2732567487946093,-0.7409436310643231,0.0,0.0006634232640424509,0.5
full_development,COL21A1,0.0,0.0,0.0,0.0,0.0,0.0,0.0
full_development,COL4A5,0.0,0.0,0.0,0.0,0.0,0.0,0.0
full_development,COL5A1,0.0,0.0,0.0,0.0,0.0,0.0,0.0
full_development,COL5A3,0.0,0.0,0.0,0.0,0.0,0.0,0.0
full_development,COLEC10,-0.44874685375395806,0.9870725451260061,0.49353627256300303,-0.9422831263169611,0.25,0.0042569659442724395,0.5
full_development,COMMD3,0.0,0.0,0.0,0.0,0.0,0.0,0.0
full_development,COMMD9,0.0,0.0,0.0,0.0,0.0,0.0,0.0
full_development,COPA,-0.0161316397819391,0.0322632795638782,0.0161316397819391,-0.0322632795638782,0.0,0.00011984659635666528,0.5
full_development,COQ4,0.0,0.0,0.0,0.0,0.0,0.0,0.0
full_development,COQ8B,0.026403320841833278,0.052806641683666555,0.026403320841833278,0.0,0.25,5.992329817833264e-05,0.5
full_development,CORT,0.3460020973061617,0.35981950765883547,0.17990975382941773,0.16609234347674398,1.0,0.0018290520022915535,1.0
full_development,COX11,0.0,0.0,0.0,0.0,0.0,0.0002211410880141318,0.5
full_development,COX7A1,0.0,0.0,0.0,0.0,0.0,0.0,0.0
full_development,CPA2,-0.005345484212519125,0.05549224247954377,0.027746121239771885,-0.033091605452291006,0.5,0.00037772085167514513,1.0
full_development,CPN2,0.0,0.0,0.0,0.0,0.0,0.0,0.0
full_development,CPS1,0.002247876832480955,0.03273909887751346,0.01636954943875673,-0.014121672606275774,0.25,0.0028759472704659172,1.0
full_development,CPSF1,0.0,0.0,0.0,0.0,0.0,0.0,0.0
full_development,CREB3,0.0,0.0,0.0,0.0,0.0,0.0,0.0
full_development,CRH,0.0,0.0,0.0,0.0,0.0,0.0,0.0
full_development,CRIPTO,-0.016216409497456397,0.11474798735088308,0.05737399367544154,-0.07359040317289794,0.25,0.0005992329817833264,0.5
full_development,CRLF1,0.0,0.0,0.0,0.0,0.0,0.0,0.0
full_development,CSNK2B,0.24933459669077251,0.3071998678486422,0.1535999339243211,0.0957346627664514,0.75,0.002483570256078399,1.0
full_development,CTDP1,0.0,0.0,0.0,0.0,0.0,0.0,0.0
full_development,CTSC,0.4316092987268405,0.4660289630006374,0.2330144815003187,0.1985948172265218,0.75,0.002451846157042803,1.0
full_development,CTSD,0.0,0.0,0.0,0.0,0.0,0.0,0.0
full_development,CTSE,0.034371510607586586,0.03980176667012546,0.01990088333506273,0.014470627272523857,0.5,-0.0014927023440955423,0.5
full_development,CTSF,0.0,0.0,0.0,0.0,0.0,0.0,0.0
full_development,CTSS,0.0,0.0,0.0,0.0,0.0,0.0,0.0
full_development,CTSW,0.0,0.0,0.0,0.0,0.0,0.0,0.0
full_development,CXCL1,0.0,0.0,0.0,0.0,0.0,0.0,0.0
full_development,CYC1,0.0,0.0,0.0,0.0,0.0,0.0,0.0
full_development,CYP27A1,0.4567666962799528,0.5288825321642937,0.26444126608214685,0.19232543019780596,0.5,-0.00017976989453499792,0.5
full_development,CYP2W1,0.0,0.0,0.0,0.0,0.0,0.0,0.0
full_development,CYP4F8,0.08155938340364344,0.09873064537946126,0.04936532268973063,0.03219406071391281,0.5,-2.7755575615628914e-17,0.5
full_development,CYTH1,-0.290824863451725,0.6939386681684648,0.3469693340842324,-0.6377941975359573,0.5,-0.0006309570808189224,1.0
full_development,CYTH2,0.0,0.0,0.0,0.0,0.0,0.0,0.0
full_development,DAPK1,-0.2562890284484496,0.4608270751018622,0.2304135375509311,-0.48670256599938067,0.0,-0.000552852720035385,0.5
full_development,DDC,0.0,0.0,0.0,0.0,0.0,0.0,0.0
full_development,DDRGK1,-0.49135159803691764,0.5678529530800311,0.28392647654001557,-0.7752780745769332,0.0,-0.0003869969040248,0.5
full_development,DDX46,0.0,0.0,0.0,0.0,0.0,0.0,0.0
full_development,DECR1,0.0,0.0,0.0,0.0,0.0,0.0,0.0
full_development,DHCR24,-0.07596961397411306,0.34369286824941314,0.17184643412470657,-0.24781604809881963,0.25,-0.001050420168067251,0.5
full_development,DHFR,0.0,0.0,0.0,0.0,0.0,0.0,0.0
full_development,DHX15,0.020345535030852346,0.1446362464872301,0.07231812324361506,-0.05197258821276271,0.25,-0.0003869969040248,0.5
full_development,DIABLO,0.0,0.0,0.0,0.0,0.0,0.0,0.0
full_development,DKK2,0.0557817077789835,0.0692553477293234,0.0346276738646617,0.0211540339143218,0.5,0.0004422821760282636,0.5
full_development,DLD,0.0,0.0,0.0,0.0,0.0,0.0,0.0
full_development,DLX6,0.016314550238128334,0.01883841994338213,0.009419209971691066,0.006895340266437268,0.5,0.0001105705440070659,0.5
full_development,DNAJC11,0.0,0.0,0.0,0.0,0.0,0.0,0.0
full_development,DNM1L,-0.5340687542008506,0.584954213379356,0.292477106689678,-0.8265458608905287,0.0,0.004971407496237645,1.0
full_development,DNM2,0.0,0.0,0.0,0.0,0.0,0.0,0.0
full_development,DNMT3A,0.0,0.0,0.0,0.0,0.0,0.0,0.0
full_development,DPAGT1,-0.0052146840010927065,0.010429368002185413,0.0052146840010927065,-0.010429368002185413,0.0,-0.00035953978906999584,0.5
full_development,DPF1,0.0,0.0,0.0,0.0,0.0,0.0,0.0
full_development,DPF2,0.0,0.0,0.0,0.0,0.0,0.0,0.0
full_development,DPYD,0.5194599283227408,0.6852584919854171,0.34262924599270855,0.17683068233003224,0.5,0.0,0.5
full_development,DRP2,0.0,0.0,0.0,0.0,0.0,0.0,0.0
full_development,DSC1,0.0,0.0,0.0,0.0,0.0,0.0,0.0
full_development,DSCC1,0.0,0.0,0.0,0.0,0.0,0.0,0.0
full_development,DSP,0.04436573196932514,0.06850268874860073,0.034251344374300365,0.010114387595024775,0.5,0.00044228217602829134,0.5
full_development,DUSP4,0.4004469209392738,0.4304907051630689,0.21524535258153446,0.18520156835773935,1.0,0.00036028187325792826,1.0
full_development,DUSP7,-0.10077417753071316,0.11706271125650881,0.05853135562825441,-0.15930553315896756,0.0,8.27423869582955e-05,1.0
full_development,DYNC2I1,-0.6011497987505603,0.7214600254333793,0.36073001271668964,-0.96187981146725,0.0,-0.001547987616099089,0.5
full_development,E2F2,0.3418707080290968,0.39563626495797805,0.19781813247898902,0.14405257555010778,0.5,0.00017976989453499792,0.5
full_development,EGLN3,0.015241535193808886,0.01759940889401743,0.008799704447008715,0.006441830746800171,0.5,0.0004194630872483285,0.5
full_development,EIF2B5,0.0,0.0,0.0,0.0,0.0,0.0,0.0
full_development,EIF2S1,0.0,0.0,0.0,0.0,0.0,0.0,0.0
full_development,EIF3G,-0.03710320135703604,0.07420640271407208,0.03710320135703604,-0.07420640271407208,0.0,0.000806831033367067,1.0
full_development,EIF3L,0.0,0.0,0.0,0.0,0.0,0.0,0.0
full_development,EIF4B,-0.45393992610231315,0.525191323557796,0.262595661778898,-0.7165355878812112,0.0,-0.00016585581601064048,0.5
full_development,ELF3,-0.4439746779594067,0.5135754179045359,0.25678770895226793,-0.7007623869116746,0.0,0.0006081379920389041,0.5
full_development,ELOC,0.05249150803336278,0.09837584246120586,0.04918792123060293,0.003303586802759849,0.5,-0.0007739938080495445,0.5
full_development,ENO3,-0.02262497582198364,0.04524995164396728,0.02262497582198364,-0.04524995164396728,0.0,-0.00016585581601064048,0.5
full_development,ENTPD4,-0.05579157094755338,0.09817099572283308,0.04908549786141654,-0.10487706880896992,0.0,0.0004793863854266611,0.5
full_development,EPAS1,0.0,0.0,0.0,0.0,0.0,0.0,0.0
full_development,EPB41L1,0.0,0.0,0.0,0.0,0.0,0.0,0.0
full_development,EPHA4,0.0,0.0,0.0,0.0,0.0,0.0,0.0
full_development,EPRS1,0.03829748320424642,0.04422212447451368,0.02211106223725684,0.01618642096698958,0.5,0.0008988494726749896,0.5
full_development,ETNK1,0.0,0.0,0.0,0.0,0.0,0.0,0.0
full_development,EVC,-0.04194312315019033,0.04843174688283202,0.02421587344141601,-0.06615899659160634,0.0,0.0011984659635666528,0.5
full_development,EXOSC2,0.0,0.0,0.0,0.0,0.0,0.00011984659635666528,0.5
full_development,EYA4,-0.2858363717933514,0.3314358279053011,0.16571791395265054,-0.451554285746002,0.0,0.0015479876160990613,0.5
full_development,F12,0.0,0.0,0.0,0.0,0.0,0.0,0.0
full_development,F2R,-0.04524995164396728,0.05225014352492412,0.02612507176246206,-0.07137502340642934,0.0,-0.0011609907120743168,0.5
full_development,FAM13B,0.0,0.0,0.0,0.0,0.0,0.0,0.0
full_development,FARP2,-0.0975623426051726,0.15627203259858552,0.07813601629929276,-0.17569835890446536,0.0,-0.0008845643520566382,0.5
full_development,FAS,0.0,0.0,0.0,0.0,0.0,0.0,0.0
full_development,FBL,0.0,0.0,0.0,0.0,0.0,0.0,0.0
full_development,FBLN1,0.0,0.0,0.0,0.0,0.0,0.0,0.0
full_development,FBP2,-0.020971561575095166,0.04194312315019033,0.020971561575095166,-0.04194312315019033,0.0,0.0007790028763183243,0.5
full_development,FBXL8,0.0,0.0,0.0,0.0,0.0,0.0,0.0
full_development,FBXO2,0.0,0.0,0.0,0.0,0.0,0.0,0.0
full_development,FCGR1A,0.0,0.0,0.0,0.0,0.0,0.0,0.0
full_development,FCGR1BP,0.0,0.0,0.0,0.0,0.0,0.0,0.0
full_development,FFAR2,0.0,0.0,0.0,0.0,0.0,0.0,0.0
full_development,FGF12,0.0,0.0,0.0,0.0,0.0,0.0,0.0
full_development,FGF18,0.0,0.0,0.0,0.0,0.0,0.0,0.0
full_development,FIP1L1,0.0,0.0,0.0,0.0,0.0,0.0,0.0
full_development,FKBP8,0.0,0.0,0.0,0.0,0.0,0.0,0.0
full_development,FN3KRP,0.0,0.0,0.0,0.0,0.0,0.0,0.0
full_development,FOLH1,0.0,0.0,0.0,0.0,0.0,0.0,0.0
full_development,FOXA2,0.0,0.0,0.0,0.0,0.0,0.0,0.0
full_development,FOXL2,0.0,0.0,0.0,0.0,0.0,0.0,0.0
full_development,FRAT1,0.0,0.0,0.0,0.0,0.0,0.001917545541706589,0.5
full_development,FTCD,-0.03580059496083976,0.031102665642640102,0.015551332821320051,-0.051351927782159815,0.0,0.0018526131752595043,1.0
full_development,FTL,0.0,0.0,0.0,0.0,0.0,0.0,0.0
full_development,FUZ,0.0,0.0,0.0,0.0,0.0,0.0,0.0
full_development,G3BP2,0.0,0.0,0.0,0.0,0.0,0.0,0.0
full_development,GABBR1,0.09502249494816262,0.11008540409371419,0.055042702046857094,0.03997979290130552,0.5,-0.004035824856258308,0.5
full_development,GALNT10,0.0,0.0,0.0,0.0,0.0,0.0,0.0
full_development,GALNT14,-0.46269202956745836,0.8614877850103546,0.4307438925051773,-0.8934359220726357,0.0,0.0006634232640424509,0.5
full_development,GAPDH,0.0,0.0,0.0,0.0,0.0,0.0,0.0
full_development,GAPDHS,0.0,0.0,0.0,0.0,0.0,0.0,0.0
full_development,GAS6,0.0,0.0,0.0,0.0,0.0,0.0007190795781399917,0.5
full_development,GATAD2A,0.10209103399345842,0.28231806236353574,0.14115903118176787,-0.039067997188309445,0.25,0.0013225795440040822,1.0
full_development,GCG,0.02322234064279627,0.04644468128559254,0.02322234064279627,0.0,0.25,0.0009769538334584993,1.0
full_development,GCH1,-0.05279311104368567,0.09976385448384811,0.04988192724192406,-0.10267503828560973,0.0,0.003715244487056568,0.5
full_development,GCHFR,0.0,0.0,0.0,0.0,0.0,0.0,0.0
full_development,GCNT1,0.015241535193808886,0.01759940889401743,0.008799704447008715,0.006441830746800171,0.5,0.00035953978906999584,0.5
full_development,GDNF,0.0,0.0,0.0,0.0,0.0,0.0004793863854266611,0.5
full_development,GEMIN6,0.0,0.0,0.0,0.0,0.0,0.0,0.0
full_development,GFPT2,0.265318207866569,0.9766822717067682,0.4883411358533841,-0.2230229279868151,0.5,0.0008721344419081178,1.0
full_development,GHR,0.0,0.0,0.0,0.0,0.0,0.0,0.0
full_development,GHRHR,0.027677137823740594,0.036954760656704784,0.018477380328352392,0.009199757495388202,0.5,0.0008845643520566104,0.5
full_development,GJA1,-0.05607071588729795,0.07939728805137365,0.039698644025686826,-0.09576935991298477,0.0,0.0003317116320211977,0.5
full_development,GK,0.0,0.0,0.0,0.0,0.0,0.0,0.0
full_development,GLB1L2,0.0,0.0,0.0,0.0,0.0,0.0,0.0
full_development,GLI2,0.0,0.0,0.0,0.0,0.0,0.0,0.0
full_development,GLTP,0.43276945903393127,0.49971912734057783,0.24985956367028891,0.18290989536364236,0.5,0.001290113360780526,1.0
full_development,GLUD2,0.0037783685116856702,0.037203138407047774,0.018601569203523887,-0.014823200691838217,0.25,0.0007739938080495168,0.5
full_development,GMPS,0.0,0.0,0.0,0.0,0.0,0.0,0.0
full_development,GNA14,0.0,0.0,0.0,0.0,0.0,0.0,0.0
full_development,GOT2,0.0,0.0,0.0,0.0,0.0,0.0,0.0
full_development,GP5,0.4282337144998518,0.49518289394047654,0.24759144697023827,0.18064226752961354,0.5,0.00023969319271333056,0.5
full_development,GP6,0.0,0.0,0.0,0.0,0.0,0.0,0.0
full_development,GPC3,0.0,0.0,0.0,0.0,0.0,0.0005393096836049938,0.5
full_development,GPKOW,0.0,0.0,0.0,0.0,0.0,0.0,0.0
full_development,GPR18,0.0,0.0,0.0,0.0,0.0,0.0,0.0
full_development,GPX2,0.2549704569055713,0.41548931556298885,0.20774465778149442,0.04722579912407687,0.5,0.0011153525345143356,1.0
full_development,GRIA3,0.0,0.0,0.0,0.0,0.0,0.0,0.0
full_development,GSTA3,-0.03614493311739153,0.11757385845316032,0.05878692922658016,-0.09493186234397169,0.25,-0.001050420168067251,0.5
full_development,GTF2E1,0.41982754448103776,0.5597593793313806,0.2798796896656903,0.13994785481534744,0.5,-0.0002764263600177064,1.0
full_development,GTF2E2,0.0,0.0,0.0,0.0,0.0,0.0,0.0
full_development,GTF2F1,0.0,0.0,0.0,0.0,0.0,0.0,0.0
full_development,GTF2H1,0.0,0.0,0.0,0.0,0.0,0.0,0.0
full_development,GTF2H2,0.0,0.0,0.0,0.0,0.0,0.0,0.0
full_development,GTPBP3,0.2951520698607837,0.2941238449601186,0.1470619224800593,0.14809014738072437,1.0,-0.0013407606066093147,1.0
full_development,H1-3,0.0,0.0,0.0,0.0,0.0,0.0,0.0
full_development,H2AC14,-0.022121288811360884,0.04424257762272176,0.02212128881136088,-0.04424257762272177,0.0,0.0016585581601061272,0.5
full_development,H2AC4,0.03829748320424642,0.04422212447451368,0.02211106223725684,0.01618642096698958,0.5,0.001318312559923318,0.5
full_development,H2AC6,0.0,0.0,0.0,0.0,0.0,0.0,0.0
full_development,H2AC7,-0.06146662696025018,0.0855088083429766,0.0427544041714883,-0.10422103113173847,0.0,0.001198465963566625,0.5
full_development,H2BC14,0.0,0.0,0.0,0.0,0.0,0.0,0.0
full_development,H2BC5,0.21638472951696563,0.43276945903393127,0.21638472951696563,0.0,0.25,0.0,0.5
full_development,H3C11,-0.027694124061795833,0.055388248123591666,0.027694124061795833,-0.055388248123591666,0.0,0.0008845643520566104,0.5
full_development,H3C8,0.0,0.0,0.0,0.0,0.0,0.0,0.0
full_development,H4C4,0.0,0.0,0.0,0.0,0.0,0.0,0.0
full_development,HCRTR1,0.0,0.0,0.0,0.0,0.0,0.0,0.0
full_development,HDAC2,0.0,0.0,0.0,0.0,0.0,0.0,0.0
full_development,HDC,0.15401434316582652,0.03752189653411591,0.018760948267057955,0.13525339489876856,1.0,0.006383222663844751,1.0
full_development,HDGF,-0.21034670155672153,0.197333499709371,0.0986667498546855,-0.309013451411407,0.0,-0.0012355701729649948,1.0
full_development,HEATR1,0.0,0.0,0.0,0.0,0.0,0.0,0.0
full_development,HELLS,0.09116190067956609,0.10101698564642007,0.05050849282321004,0.04065340785635605,0.75,0.0004241011134231143,1.0
full_development,HERC6,0.0,0.0,0.0,0.0,0.0,0.0,0.0
full_development,HLA-DMA,0.0,0.0,0.0,0.0,0.0,0.0,0.0
full_development,HLTF,0.0,0.0,0.0,0.0,0.0,0.0,0.0
full_development,HMGA2,0.0,0.0,0.0,0.0,0.0,0.0,0.0
full_development,HMGCL,0.0,0.0,0.0,0.0,0.0,0.0,0.0
full_development,HOXA2,0.0,0.0,0.0,0.0,0.0,0.0,0.0
full_development,HSD17B8,0.04930909200954936,0.09861818401909872,0.04930909200954936,0.0,0.25,-0.0008567361950078678,1.0
full_development,HSPA6,0.0,0.0,0.0,0.0,0.0,0.0,0.0
full_development,HTR1B,0.019251599789107843,0.13848848244536457,0.06924424122268229,-0.049992641433574445,0.25,0.00044228217602829134,0.5
full_development,HTR2B,0.0,0.0,0.0,0.0,0.0,0.00011984659635666528,0.5
full_development,HTR2C,0.0,0.0,0.0,0.0,0.0,0.000659156279961659,0.5
full_development,ICAM4,0.0,0.0,0.0,0.0,0.0,0.0,0.0
full_development,IFI16,0.47069606359755767,0.49112407442009637,0.24556203721004818,0.22513402638750948,1.0,-0.0005207575789058505,1.0
full_development,IFI35,-0.2718783325900578,0.4608430647146262,0.2304215323573131,-0.5022998649473709,0.25,0.0012077420159162244,1.0
full_development,IFITM2,0.015582497699218933,0.031164995398437867,0.015582497699218933,0.0,0.25,-0.0004422821760283191,0.5
full_development,IFNA1,0.49761553715104334,0.47302758903740644,0.23651379451870322,0.2611017426323401,0.75,0.0004244721555170805,1.0
full_development,IFNA14,0.0,0.0,0.0,0.0,0.0,0.0,0.0
full_development,IFNA5,0.09431097165514402,0.31193460830467323,0.15596730415233662,-0.0616563324971926,0.25,0.000659156279961659,0.5
full_development,IFNGR2,0.0,0.0,0.0,0.0,0.0,0.0,0.0
full_development,IFT81,0.08318327401768677,0.12752616478881906,0.06376308239440953,0.01942019162327724,0.5,0.005453020134228187,0.5
full_development,IGLV6-57,0.09606796637075732,0.13381688119384005,0.06690844059692003,0.02915952577383729,0.5,0.0005528527200353572,0.5
full_development,IL12RB2,0.0,0.0,0.0,0.0,0.0,0.0,0.0
full_development,IL18,0.0,0.0,0.0,0.0,0.0,0.0,0.0
full_development,IL18BP,-0.013066273424945152,0.13951506289129822,0.06975753144564911,-0.08282380487059426,0.25,0.0025755886953863216,1.0
full_development,IL24,0.0,0.0,0.0,0.0,0.0,0.0,0.0
full_development,IL25,0.0,0.0,0.0,0.0,0.0,0.0,0.0
full_development,IL2RB,0.08289289155736412,0.09729181571814581,0.048645907859072905,0.03424698369829122,0.5,0.00033171163202122544,0.5
full_development,IL2RG,-0.04194312315019033,0.04843174688283202,0.02421587344141601,-0.06615899659160634,0.0,0.0009587727708533222,0.5
full_development,INO80D,0.5722063776180111,0.7142587255775229,0.35712936278876145,0.21507701482924962,0.5,0.00035953978906999584,0.5
full_development,INPP5F,0.09629956053093913,0.11703868887518148,0.05851934443759074,0.03778021609334839,0.5,-0.00011057054400709365,0.5
full_development,INSR,-0.24962309361310453,0.5751910146099779,0.28759550730498895,-0.5372186009180935,0.75,0.0010225920110184528,1.0
full_development,INTS8,0.0,0.0,0.0,0.0,0.0,0.0,0.0
full_development,ITFG2,0.0,0.0,0.0,0.0,0.0,0.0,0.0
full_development,ITGAE,0.0,0.0,0.0,0.0,0.0,0.00011984659635666528,0.5
full_development,ITGB1,-0.045334987178309305,0.05264054895392542,0.02632027447696271,-0.07165526165527202,0.0,0.0005992329817833264,0.5
full_development,ITGB4,0.07568836122568534,0.09454247131865086,0.04727123565932543,0.028417125566359912,0.5,-0.0008845643520566104,0.5
full_development,ITGB7,-0.026213461343246536,0.05242692268649307,0.026213461343246536,-0.05242692268649307,0.0,0.00011984659635666528,0.5
full_development,ITIH4,0.0,0.0,0.0,0.0,0.0,0.0,0.0
full_development,ITM2B,0.0,0.0,0.0,0.0,0.0,0.0,0.0
full_development,ITPR2,0.0,0.0,0.0,0.0,0.0,0.0,0.0
full_development,IVL,0.003025675670924599,0.006051351341849198,0.003025675670924599,0.0,0.25,0.0021572387344199195,0.5
full_development,KAT2A,0.0,0.0,0.0,0.0,0.0,0.0,0.0
full_development,KCND2,0.06660290396237123,0.13320580792474246,0.06660290396237123,0.0,0.25,-5.528527200357458e-05,0.5
full_development,KCND3,-0.2550748172850934,0.5329889315096545,0.26649446575482727,-0.5215692830399207,0.25,0.0012077420159161967,1.0
full_development,KCNK12,-0.053233978817035066,0.0366441666657916,0.0183220833328958,-0.07155606214993086,0.0,0.002013830965095331,1.0
full_development,KCNMB1,0.0,0.0,0.0,0.0,0.0,0.0,0.0
full_development,KCNMB4,0.0,0.0,0.0,0.0,0.0,0.0,0.0
full_development,KDM5A,-0.8703240217258088,1.071194443052186,0.535597221526093,-1.405921243251902,0.0,-0.002100840336134474,0.5
full_development,KHDRBS1,-0.18947718210242392,0.6641018335009861,0.33205091675049303,-0.521528098852917,0.75,0.002925852432106718,1.0
full_development,KIF13B,0.0,0.0,0.0,0.0,0.0,0.0,0.0
full_development,KIF24,-0.37709868033099525,0.7872845668511955,0.39364228342559776,-0.770740963756593,0.25,-0.0003317116320212532,0.5
full_development,KIF3A,0.0,0.0,0.0,0.0,0.0,0.0,0.0
full_development,KIF5B,0.015582497699218933,0.031164995398437867,0.015582497699218933,0.0,0.25,-0.0002211410880141873,0.5
full_development,KIFC1,0.17138040630861617,0.34276081261723235,0.17138040630861617,0.0,0.25,0.00023969319271333056,0.5
full_development,KIR2DS4,0.0,0.0,0.0,0.0,0.0,0.0,0.0
full_development,KLHDC10,0.0,0.0,0.0,0.0,0.0,0.0,0.0
full_development,KLHDC3,0.012084021860999883,0.0450231747070311,0.02251158735351555,-0.010427565492515667,0.25,0.0010186960690316549,0.5
full_development,KLHL25,0.0,0.0,0.0,0.0,0.0,0.0006634232640424231,0.5
full_development,KLHL41,0.0,0.0,0.0,0.0,0.0,0.0,0.0
full_development,KLK7,0.0,0.0,0.0,0.0,0.0,0.0,0.0
full_development,KNL1,0.0,0.0,0.0,0.0,0.0,0.0,0.0
full_development,KRAS,-0.23600660500748205,0.5763192937564847,0.28815964687824236,-0.5241662518857244,0.25,-0.00022114108801415955,0.5
full_development,KRT14,0.0,0.0,0.0,0.0,0.0,0.0,0.0
full_development,KRT36,0.0,0.0,0.0,0.0,0.0,0.0,0.0
full_development,KRT38,0.0,0.0,0.0,0.0,0.0,0.0,0.0
full_development,KRTAP5-8,0.4056658931025545,0.4734990770920926,0.2367495385460463,0.16891635455650822,0.5,0.0008988494726749896,0.5
full_development,LAG3,0.0851940483509317,0.09837361349752882,0.04918680674876441,0.036007241602167284,0.5,-0.0004975674480318659,0.5
full_development,LAIR1,0.4081687961846363,0.3385949800195408,0.1692974900097704,0.2388713061748659,1.0,0.00023041714036373118,1.0
full_development,LALBA,0.0,0.0,0.0,0.0,0.0,0.0,0.0
full_development,LAMA2,0.0,0.0,0.0,0.0,0.0,0.0,0.0
full_development,LAMA3,0.0,0.0,0.0,0.0,0.0,0.0,0.0
full_development,LAMA5,0.28573216194155115,0.5701439741318091,0.28507198706590453,0.0006601748756466241,0.5,0.0010697143569543266,1.0
full_development,LAMC2,0.0,0.0,0.0,0.0,0.0,0.0,0.0
full_development,LAS1L,0.24510086962447097,0.3935681079431584,0.1967840539715792,0.04831681565289178,1.0,0.0031891067977879717,1.0
full_development,LGALS3,0.0,0.0,0.0,0.0,0.0,0.0,0.0
full_development,LGALS3BP,0.0011942818472103767,0.06060496581427519,0.030302482907137596,-0.02910820105992722,0.25,-0.0007190795781399917,0.5
full_development,LGALS7,0.0,0.0,0.0,0.0,0.0,0.0,0.0
full_development,LGMN,0.0,0.0,0.0,0.0,0.0,0.0,0.0
full_development,LIAS,0.0,0.0,0.0,0.0,0.0,0.0,0.0
full_development,LILRA3,0.0,0.0,0.0,0.0,0.0,0.0,0.0
full_development,LIN7B,-0.10720359211355301,0.13098041213981482,0.06549020606990741,-0.17269379818346042,0.0,0.00017976989453499792,0.5
full_development,LIN7C,0.0,0.0,0.0,0.0,0.0,0.0,0.0
full_development,LMF2,0.0,0.0,0.0,0.0,0.0,0.0,0.0
full_development,LSM5,0.0,0.0,0.0,0.0,0.0,0.0,0.0
full_development,LTBP2,-0.10041986405731862,0.12360388455858018,0.06180194227929009,-0.1622218063366087,0.0,0.000838926174496657,0.5
full_development,LZTFL1,0.11685520932730498,0.1772772776007642,0.0886386388003821,0.028216570526922877,0.5,0.002211410880141512,0.5
full_development,MAGOH,0.022299225650504795,0.12471434002112265,0.062357170010561326,-0.04005794436005653,0.25,0.0004793863854266611,0.5
full_development,MAN2A1,0.0,0.0,0.0,0.0,0.0,0.0002764263600176786,0.5
full_development,MANEA,0.0,0.0,0.0,0.0,0.0,0.0,0.0
full_development,MAP3K7,0.0,0.0,0.0,0.0,0.0,0.0,0.0
full_development,MAPK14,0.0,0.0,0.0,0.0,0.0,0.0,0.0
full_development,MAPK6,-0.02572939750158021,0.0304682018646493,0.01523410093232465,-0.04096349843390486,0.0,-0.00024896924506292994,1.0
full_development,MAPKAPK2,0.0,0.0,0.0,0.0,0.0,0.0,0.0
full_development,MARK4,0.0,0.0,0.0,0.0,0.0,0.0,0.0
full_development,MBIP,0.0,0.0,0.0,0.0,0.0,0.0,0.0
full_development,MBTPS1,0.0,0.0,0.0,0.0,0.0,0.0,0.0
full_development,MCM4,0.03773253557226397,0.047521408253553485,0.023760704126776742,0.013971831445487227,0.5,-0.0004975674480318659,0.5
full_development,MDC1,0.0,0.0,0.0,0.0,0.0,0.0,0.0
full_development,MDH2,0.07619405642513577,0.09086848974845385,0.045434244874226926,0.030759811550908844,0.5,-0.000659156279961659,0.5
full_development,ME1,0.0,0.0,0.0,0.0,0.0,0.0,0.0
full_development,ME2,-0.03162782577672729,0.06325565155345458,0.03162782577672729,-0.06325565155345458,0.0,-0.00016585581601061272,0.5
full_development,MED16,0.0,0.0,0.0,0.0,0.0,0.0,0.0
full_development,MED25,0.0,0.0,0.0,0.0,0.0,0.0,0.0
full_development,MED7,0.0,0.0,0.0,0.0,0.0,0.0,0.0
full_development,MEF2A,0.0,0.0,0.0,0.0,0.0,-0.0003317116320212532,0.5
full_development,MEFV,0.0,0.0,0.0,0.0,0.0,0.0,0.0
full_development,MEN1,0.007620767596904443,0.015241535193808886,0.007620767596904443,0.0,0.25,0.0,0.5
full_development,METAP2,0.0,0.0,0.0,0.0,0.0,0.0,0.0
full_development,METTL3,-0.042345101125185636,0.08469020225037127,0.042345101125185636,-0.08469020225037127,0.0,0.00011984659635666528,0.5
full_development,MEX3C,-0.035157028153369296,0.057890042746705304,0.028945021373352652,-0.06410204952672195,0.0,-0.0005528527200354127,0.5
full_development,MFN2,0.08876988767632454,0.05099582907743694,0.02549791453871847,0.06327197313760607,1.0,0.0007055365417095449,1.0
full_development,MGLL,0.0,0.0,0.0,0.0,0.0,0.0,0.0
full_development,MIEF1,0.0,0.0,0.0,0.0,0.0,0.0,0.0
full_development,MME,0.0,0.0,0.0,0.0,0.0,-0.00035953978906999584,0.5
full_development,MMP11,0.0,0.0,0.0,0.0,0.0,0.0,0.0
full_development,MMP16,0.0,0.0,0.0,0.0,0.0,0.0,0.0
full_development,MOB1A,0.0,0.0,0.0,0.0,0.0,0.0,0.0
full_development,MOGS,0.01914874160212321,0.03829748320424642,0.01914874160212321,0.0,0.25,0.0020973154362416147,0.5
full_development,MPC1,0.0,0.0,0.0,0.0,0.0,0.0,0.0
full_development,MPL,0.0,0.0,0.0,0.0,0.0,0.0,0.5
full_development,MRM1,0.0,0.0,0.0,0.0,0.0,0.0,0.0
full_development,MRPL16,0.011456728258192328,0.11897056023118563,0.059485280115592815,-0.04802855185740049,0.5,9.276052349571628e-06,1.0
full_development,MRPL28,0.04838182508130373,0.22089313591674448,0.11044656795837224,-0.06206474287706851,0.25,0.0009405917082481174,1.0
full_development,MRPL40,0.0,0.0,0.0,0.0,0.0,0.0,0.0
full_development,MRPL41,0.2774215545636647,0.37288902069609337,0.18644451034804668,0.090977044215618,0.5,-0.00022114108801415955,0.5
full_development,MTHFS,0.0,0.0,0.0,0.0,0.0,0.0,0.0
full_development,MTM1,-0.10381172808543582,0.1255310081008529,0.06276550405042645,-0.16657723213586229,0.0,0.0,0.5
full_development,MTMR7,-0.02436342560321414,0.04872685120642828,0.02436342560321414,-0.04872685120642828,0.0,0.0011385426653883202,0.5
full_development,MTRR,0.0,0.0,0.0,0.0,0.0,0.0,0.0
full_development,MUC13,0.0,0.0,0.0,0.0,0.0,0.0,0.0
full_development,MUC3A,0.28223525465288546,0.36436697759159237,0.18218348879579618,0.10005176585708928,0.75,0.001530919679775783,1.0
full_development,MXRA8,0.0,0.0,0.0,0.0,0.0,0.0,0.0
full_development,MYBPC1,0.0,0.0,0.0,0.0,0.0,0.0,0.0
full_development,MYL11,-0.31568224176623616,0.5068556947892104,0.2534278473946052,-0.5691100891608414,0.25,-0.00021038086728866756,1.0
full_development,MYO3A,0.0,0.0,0.0,0.0,0.0,0.0007190795781399917,0.5
full_development,MYRIP,0.0,0.0,0.0,0.0,0.0,0.0,0.0
full_development,NAT10,0.2851331728022135,0.3295641046553593,0.16478205232767965,0.12035112047453386,0.5,-0.00011057054400709365,1.0
full_development,NBEA,0.0557817077789835,0.0692553477293234,0.0346276738646617,0.0211540339143218,0.5,0.0007739938080495168,0.5
full_development,NCAPD3,0.017200981706137597,0.030240395245485333,0.015120197622742667,0.0020807840833949303,0.5,0.0011934568952978453,1.0
full_development,NCF1,0.0,0.0,0.0,0.0,0.0,0.0,0.0
full_development,NCK1,0.0,0.0,0.0,0.0,0.0,0.0,0.0
full_development,NDOR1,0.0,0.0,0.0,0.0,0.0,0.0,0.0
full_development,NDST2,0.0,0.0,0.0,0.0,0.0,0.0,0.0
full_development,NDUFA8,0.0,0.0,0.0,0.0,0.0,0.0,0.0
full_development,NDUFAB1,0.12959098020603932,0.19139621133109386,0.09569810566554693,0.03389287454049239,0.5,5.528527200351907e-05,0.5
full_development,NEDD8,0.0,0.0,0.0,0.0,0.0,0.0,0.0
full_development,NEIL1,0.0,0.0,0.0,0.0,0.0,0.0,0.0
full_development,NEK2,0.0,0.0,0.0,0.0,0.0,0.0,0.0
full_development,NELFB,0.0,0.0,0.0,0.0,0.0,0.0,0.0
full_development,NF1,0.0,0.0,0.0,0.0,0.0,0.0,0.0
full_development,NFATC3,0.0,0.0,0.0,0.0,0.0,0.0,0.0
full_development,NGB,0.0,0.0,0.0,0.0,0.0,0.00033171163202122544,0.5
full_development,NKX6-1,0.0,0.0,0.0,0.0,0.0,0.0,0.0
full_development,NLGN4Y,0.0,0.0,0.0,0.0,0.0,0.00023969319271333056,0.5
full_development,NLK,-0.3322922369624859,0.3613032590486688,0.1806516295243344,-0.5129438664868202,0.0,-0.0014880643179207564,1.0
full_development,NLRP3,0.0,0.0,0.0,0.0,0.0,0.0,0.0
full_development,NMRK1,0.3104975330533506,0.35853166858213337,0.17926583429106668,0.1312316987622839,0.5,0.00023969319271333056,0.5
full_development,NOD2,0.0,0.0,0.0,0.0,0.0,0.0,0.0
full_development,NPHS2,0.0,0.0,0.0,0.0,0.0,0.0,0.0
full_development,NPR1,0.0,0.0,0.0,0.0,0.0,0.0,0.0
full_development,NPY1R,0.0,0.0,0.0,0.0,0.0,0.0,0.0
full_development,NR2C1,0.06622194820767824,0.6556273791588103,0.32781368957940515,-0.2615917413717269,0.5,0.0029598027837061947,1.0
full_development,NR3C1,0.0,0.0,0.0,0.0,0.0,0.0,0.0
full_development,NR4A1,0.0,0.0,0.0,0.0,0.0,0.0,0.0
full_development,NRG2,0.0,0.0,0.0,0.0,0.0,0.0,0.0
full_development,NRP1,0.0,0.0,0.0,0.0,0.0,0.00044228217602829134,0.5
full_development,NRP2,0.0,0.0,0.0,0.0,0.0,0.0,0.0
full_development,NRXN2,0.0,0.0,0.0,0.0,0.0,0.0,0.0
full_development,NUDT9,-0.3748789390114151,0.7547477498603669,0.37737387493018343,-0.7522528139415985,0.25,0.003308953394144637,1.0
full_development,NUP43,0.0,0.0,0.0,0.0,0.0,0.0,0.0
full_development,OMG,0.0,0.0,0.0,0.0,0.0,0.0,0.0
full_development,OPN1MW,-0.037469389714226864,0.04387837352301207,0.021939186761506035,-0.0594085764757329,0.0,0.0007790028763183243,0.5
full_development,OPN3,0.0,0.0,0.0,0.0,0.0,0.0,0.0
full_development,OR10H2,0.0,0.0,0.0,0.0,0.0,0.0,0.0
full_development,OR12D2,0.0,0.0,0.0,0.0,0.0,0.0,0.0
full_development,OR2F1,0.028632380441422356,0.0847988764837179,0.04239943824185895,-0.013767057800436591,0.75,0.0005435766676857856,1.0
full_development,OR2W1,0.0,0.0,0.0,0.0,0.0,0.0,0.0
full_development,OR7A17,0.3351368275755249,0.3896248574312498,0.1948124287156249,0.14032439885989997,0.5,0.0,0.5
full_development,OR7C1,0.0,0.0,0.0,0.0,0.0,0.0,0.0
full_development,OR7C2,-0.06603797029754688,0.11290011076647702,0.05645005538323851,-0.12248802568078539,0.0,0.0008845643520565827,0.5
full_development,ORMDL2,0.0,0.0,0.0,0.0,0.0,0.00011984659635666528,0.5
full_development,OTUD3,0.0,0.0,0.0,0.0,0.0,0.0,0.0
full_development,OXSM,0.0,0.0,0.0,0.0,0.0,0.0,0.0
full_development,OXTR,0.052542023132666316,0.1160837826963564,0.0580418913481782,-0.005499868215511884,0.25,-0.0013821318000884764,0.5
full_development,P2RY10,0.0,0.0,0.0,0.0,0.0,0.0,0.0
full_development,PACS1,0.0,0.0,0.0,0.0,0.0,0.0,0.0
full_development,PACSIN3,0.0,0.0,0.0,0.0,0.0,0.0,0.0
full_development,PANK2,0.15796296042789137,0.14729076293123824,0.07364538146561912,0.08431757896227225,0.75,0.0018155089658611623,1.0
full_development,PARP16,0.0,0.0,0.0,0.0,0.0,0.0,0.0
full_development,PCBP2,0.0,0.0,0.0,0.0,0.0,0.0,0.0
full_development,PCMT1,0.0,0.0,0.0,0.0,0.0,0.0,0.0
full_development,PCSK6,0.0,0.0,0.0,0.0,0.0,0.0,0.0
full_development,PDE10A,-0.041106083609523836,0.049069505903975595,0.024534752951987798,-0.06564083656151164,0.0,0.00011984659635666528,0.5
full_development,PDE8A,-0.013105964111014501,0.034751916321267055,0.017375958160633528,-0.03048192227164803,0.25,0.0004194630872483285,0.5
full_development,PDK3,-0.2395405423239687,0.4790810846479374,0.2395405423239687,-0.4790810846479374,0.0,0.0006634232640424509,0.5
full_development,PDK4,0.0,0.0,0.0,0.0,0.0,0.0,0.0
full_development,PEA15,-0.0322632795638782,0.03725442628229046,0.01862721314114523,-0.05089049270502343,0.0,0.0015580057526366486,0.5
full_development,PELI2,0.0,0.0,0.0,0.0,0.0,0.0,0.0
full_development,PEX11B,0.0,0.0,0.0,0.0,0.0,0.0,0.0
full_development,PFKFB3,0.0,0.0,0.0,0.0,0.0,0.0,0.0
full_development,PGGT1B,0.0,0.0,0.0,0.0,0.0,0.0,0.0
full_development,PHKG1,0.0,0.0,0.0,0.0,0.0,0.0,0.0
full_development,PIGB,-0.1274203304693895,0.1475125840564444,0.0737562920282222,-0.2011766224976117,0.0,-0.0004975674480318659,0.5
full_development,PIGG,-0.23554969007629545,0.4611335081577532,0.2305667540788766,-0.46611644415517206,0.0,0.0032618310482087354,0.5
full_development,PIGR,0.0,0.0,0.0,0.0,0.0,0.0,0.0
full_development,PIK3C2A,0.0,0.0,0.0,0.0,0.0,0.0,0.0
full_development,PIK3CA,0.0,0.0,0.0,0.0,0.0,0.0,0.0
full_development,PIKFYVE,0.0,0.0,0.0,0.0,0.0,0.0,0.0
full_development,PIPOX,0.0025207767528687697,0.005041553505737539,0.0025207767528687697,0.0,0.25,0.0006634232640424509,0.5
full_development,PITPNM3,0.0,0.0,0.0,0.0,0.0,0.0,0.0
full_development,PKM,0.0,0.0,0.0,0.0,0.0,-0.0004422821760283191,0.5
full_development,PLA2G4C,0.0,0.0,0.0,0.0,0.0,0.0,0.0
full_development,PLAAT1,0.014787541804675897,0.07127161684003727,0.035635808420018636,-0.02084826661534274,0.25,0.0026536930561698313,0.5
full_development,PLD3,0.0,0.0,0.0,0.0,0.0,0.0,0.0
full_development,PLIN2,0.0,0.0,0.0,0.0,0.0,0.0,0.0
full_development,PLK1,0.027720372636787616,0.037944904391831756,0.018972452195915878,0.008747920440871738,0.5,0.000608509034132898,1.0
full_development,PLPPR1,0.0,0.0,0.0,0.0,0.0,0.0,0.0
full_development,PLXNA3,0.0,0.0,0.0,0.0,0.0,0.0,0.0
full_development,PMP22,-0.0471850229183417,0.05515289553188327,0.027576447765941633,-0.07476147068428333,0.0,0.0015580057526366209,0.5
full_development,PNLIPRP2,0.0,0.0,0.0,0.0,0.0,0.0,0.0
full_development,POLA2,0.0,0.0,0.0,0.0,0.0,0.0,0.0
full_development,POLD1,0.027229903423362956,0.05445980684672591,0.027229903423362956,0.0,0.25,0.00011057054400703814,0.5
full_development,POLD3,0.0,0.0,0.0,0.0,0.0,0.0,0.0
full_development,POLM,0.0,0.0,0.0,0.0,0.0,0.0,0.0
full_development,POLR2H,0.0,0.0,0.0,0.0,0.0,0.0,0.0
full_development,POU3F2,0.0,0.0,0.0,0.0,0.0,0.0,0.0
full_development,PPFIA1,0.35633200952680255,0.4594033381178222,0.2297016690589111,0.12663034046789146,0.5,0.00461409395973153,0.5
full_development,PPID,0.0,0.0,0.0,0.0,0.0,0.0,0.0
full_development,PPM1D,0.0,0.0,0.0,0.0,0.0,0.0,0.0
full_development,PPOX,0.0,0.0,0.0,0.0,0.0,0.0,0.0
full_development,PPP1R15A,0.0,0.0,0.0,0.0,0.0,0.0,0.0
full_development,PPP3CB,0.0,0.0,0.0,0.0,0.0,0.0,0.0
full_development,PPP5C,0.0,0.0,0.0,0.0,0.0,-0.0003317116320212532,0.5
full_development,PRDM1,0.03947371347590334,0.13793380667484298,0.06896690333742149,-0.02949318986151815,0.5,0.0029265945162946783,1.0
full_development,PRDX1,-0.1058441186435779,0.13784386773278143,0.06892193386639071,-0.17476605250996863,0.0,0.0014927023440955145,0.5
full_development,PRKAG1,0.01914874160212321,0.03829748320424642,0.01914874160212321,0.0,0.25,-0.00017976989453499792,0.5
full_development,PRKD3,0.0,0.0,0.0,0.0,0.0,0.0,0.0
full_development,PRKG1,0.013934057601030503,0.04291559119132517,0.021457795595662583,-0.007523737994632081,0.25,0.002217162032598252,0.5
full_development,PROM1,0.0,0.0,0.0,0.0,0.0,0.0,0.0
full_development,PRSS8,0.0,0.0,0.0,0.0,0.0,0.0,0.0
full_development,PSG4,0.03923877243983043,0.059904546888846236,0.029952273444423118,0.00928649899540731,0.5,-0.0002996164908916632,0.5
full_development,PSMD9,0.059329760485510974,0.11865952097102193,0.05932976048551097,6.938893903907228e-18,0.25,-0.0004422821760283191,0.5
full_development,PTAFR,0.06816462932591172,0.16486583703333604,0.08243291851666802,-0.014268289190756303,0.5,0.002843481087242361,1.0
full_development,PTBP1,0.0,0.0,0.0,0.0,0.0,0.0,0.0
full_development,PTGES2,0.0,0.0,0.0,0.0,0.0,0.0,0.0
full_development,PTP4A2,0.0,0.0,0.0,0.0,0.0,0.001857622243528284,0.5
full_development,PTPRN2,0.0,0.0,0.0,0.0,0.0,0.0,0.0
full_development,PYGO1,0.0,0.0,0.0,0.0,0.0,0.0,0.0
full_development,RAB1A,0.0,0.0,0.0,0.0,0.0,0.0,0.0
full_development,RAB26,0.0,0.0,0.0,0.0,0.0,0.0,0.0
full_development,RAB30,0.0,0.0,0.0,0.0,0.0,0.0,0.0
full_development,RAB38,0.0,0.0,0.0,0.0,0.0,0.0,0.0
full_development,RAB4A,0.0,0.0,0.0,0.0,0.0,0.0,0.0
full_development,RALB,0.0,0.0,0.0,0.0,0.0,0.0,0.0
full_development,RANGAP1,0.0,0.0,0.0,0.0,0.0,0.0,0.0
full_development,RARS2,0.005041553505737539,0.00582148454734294,0.00291074227367147,0.0021308112320660693,0.5,-0.000552852720035385,0.5
full_development,RASGRP2,0.0,0.0,0.0,0.0,0.0,0.0,0.0
full_development,RB1,-0.07642262681129708,0.12045827158195178,0.06022913579097589,-0.13665176260227296,0.0,0.0008988494726749896,0.5
full_development,RBM10,0.0,0.0,0.0,0.0,0.0,0.0,0.0
full_development,RBM26,0.0,0.0,0.0,0.0,0.0,0.0,0.0
full_development,RBM4,0.0,0.0,0.0,0.0,0.0,0.0,0.0
full_development,RCC1,-0.2257930829213386,0.488933724114601,0.2444668620573005,-0.4702599449786391,0.25,0.00033171163202122544,0.5
full_development,RELN,0.0,0.0,0.0,0.0,0.0,0.0,0.0
full_development,RETREG1,0.0,0.0,0.0,0.0,0.0,0.0,0.0
full_development,RFC1,0.0,0.0,0.0,0.0,0.0,0.0,0.0
full_development,RGS12,0.0,0.0,0.0,0.0,0.0,0.0,0.0
full_development,RGS13,0.01914874160212321,0.03829748320424642,0.01914874160212321,0.0,0.25,0.0017377756471716188,0.5
full_development,RGS20,0.0,0.0,0.0,0.0,0.0,0.0,0.0
full_development,RIOX2,0.0,0.0,0.0,0.0,0.0,0.0,0.0
full_development,RLN1,-0.13630900815806335,0.16266433106306732,0.08133216553153366,-0.217641173689597,0.0,0.001879699248120259,0.5
full_development,RNF128,-0.2946015710232004,0.4621731884265787,0.23108659421328934,-0.5256881652364898,0.0,-2.7755575615628914e-17,0.5
full_development,RNF146,0.0,0.0,0.0,0.0,0.0,0.0,0.0
full_development,RNF2,0.0,0.0,0.0,0.0,0.0,0.0,0.0
full_development,RNLS,0.0,0.0,0.0,0.0,0.0,0.0,0.0
full_development,ROCK2,0.0,0.0,0.0,0.0,0.0,0.0,0.0
full_development,ROR1,0.0,0.0,0.0,0.0,0.0,0.00035953978906999584,0.5
full_development,RPA2,0.0,0.0,0.0,0.0,0.0,0.0,0.0
full_development,RPL10A,0.0,0.0,0.0,0.0,0.0,-0.0007047944575216403,1.0
full_development,RPL26L1,0.0,0.0,0.0,0.0,0.0,0.0,0.0
full_development,RPL27A,0.0,0.0,0.0,0.0,0.0,0.0,0.0
full_development,RPL37A,0.0,0.0,0.0,0.0,0.0,0.0,0.0
full_development,RPL38,0.0,0.0,0.0,0.0,0.0,0.0,0.0
full_development,RPL39,-0.051727430816610465,0.10345486163322093,0.051727430816610465,-0.10345486163322093,0.0,0.0023505516653853087,1.0
full_development,RPL7A,-0.059480971484711986,0.08565970711064,0.04282985355532,-0.10231082504003199,0.25,-0.0012398371570458422,1.0
full_development,RPS11,0.0,0.0,0.0,0.0,0.0,0.0,0.0
full_development,RPS26,0.0,0.0,0.0,0.0,0.0,0.0,0.0
full_development,RPS28,0.0,0.0,0.0,0.0,0.0,0.0,0.0
full_development,RPS3A,0.0,0.0,0.0,0.0,0.0,0.0,0.0
full_development,RPS6KA5,0.0,0.0,0.0,0.0,0.0,0.0005393096836049938,0.5
full_development,RPS6KB1,0.0,0.0,0.0,0.0,0.0,0.0,0.0
full_development,RSAD2,0.0,0.0,0.0,0.0,0.0,0.0,0.0
full_development,RYBP,0.0,0.0,0.0,0.0,0.0,0.0,0.0
full_development,S100A12,0.0,0.0,0.0,0.0,0.0,0.0,0.0
full_development,S100A7,0.0,0.0,0.0,0.0,0.0,0.0,0.0
full_development,SAMHD1,0.4305532349367063,0.5038760649473337,0.25193803247366686,0.1786152024630394,0.5,0.000659156279961659,0.5
full_development,SAP18,0.0,0.0,0.0,0.0,0.0,0.0001105705440070659,0.5
full_development,SAP30,0.0,0.0,0.0,0.0,0.0,0.0,0.0
full_development,SATB1,0.0,0.0,0.0,0.0,0.0,0.0,0.0
full_development,SCN2A,0.0,0.0,0.0,0.0,0.0,0.0,0.0
full_development,SCT,0.0,0.0,0.0,0.0,0.0,0.0,0.0
full_development,SEC16A,0.0,0.0,0.0,0.0,0.0,0.0,0.0
full_development,SEC23A,0.0,0.0,0.0,0.0,0.0,0.0,0.0
full_development,SEC61G,0.0,0.0,0.0,0.0,0.0,0.0,0.0
full_development,SEMG1,-0.0294824337601316,0.034344919220344224,0.017172459610172112,-0.04665489337030371,0.0,0.00017976989453499792,0.5
full_development,SENP5,0.0,0.0,0.0,0.0,0.0,0.0,0.0
full_development,SEPTIN4,0.0,0.0,0.0,0.0,0.0,0.0,0.0
full_development,SERPINA1,-0.1830169244744564,0.5276402417336344,0.2638201208668172,-0.4468370453412736,0.25,-0.0011057054400707977,0.5
full_development,SERPINA5,0.0,0.0,0.0,0.0,0.0,0.0,0.0
full_development,SERPINB2,0.0,0.0,0.0,0.0,0.0,0.0,0.0
full_development,SETD1B,0.0,0.0,0.0,0.0,0.0,0.0,0.0
full_development,SF3B5,0.0,0.0,0.0,0.0,0.0,0.0,0.0
full_development,SFTPC,0.0,0.0,0.0,0.0,0.0,0.0,0.0
full_development,SGCA,-0.7793048028392242,0.9691627887063515,0.48458139435317577,-1.2638861971924,0.0,0.0008292790800530636,0.5
full_development,SHARPIN,0.0,0.0,0.0,0.0,0.0,0.0,0.0
full_development,SHB,0.0,0.0,0.0,0.0,0.0,0.0,0.0
full_development,SIGIRR,0.0,0.0,0.0,0.0,0.0,0.0,0.0
full_development,SIGLEC15,0.0,0.0,0.0,0.0,0.0,0.0,0.0
full_development,SIKE1,0.0,0.0,0.0,0.0,0.0,0.0,0.0
full_development,SLC12A5,0.0,0.0,0.0,0.0,0.0,0.0,0.0
full_development,SLC13A4,0.37679320967614416,0.7334051626943203,0.36670258134716016,0.010090628328983997,0.5,0.0004793863854266611,0.5
full_development,SLC16A8,0.19994699076682387,0.41584131058361734,0.20792065529180867,-0.007973664524984797,0.75,0.0023141895401749546,1.0
full_development,SLC18A2,0.0,0.0,0.0,0.0,0.0,-0.00023969319271333056,0.5
full_development,SLC20A2,0.0,0.0,0.0,0.0,0.0,-0.0009398496240601573,0.5
full_development,SLC22A5,0.020419788300083397,0.10069841820245523,0.050349209101227616,-0.02992942080114422,0.5,0.0007005274734407929,1.0
full_development,SLC22A6,0.0,0.0,0.0,0.0,0.0,0.0,0.0
full_development,SLC24A1,0.0,0.0,0.0,0.0,0.0,0.0,0.0
full_development,SLC25A11,0.0,0.0,0.0,0.0,0.0,0.0,0.0
full_development,SLC25A21,0.0,0.0,0.0,0.0,0.0,0.0,0.0
full_development,SLC25A4,0.0,0.0,0.0,0.0,0.0,0.0,0.0
full_development,SLC28A3,0.1291140176876926,0.16032434250129407,0.08016217125064704,0.04895184643704556,0.5,0.0023319995606861377,1.0
full_development,SLC30A3,0.0031065335548650097,0.013795304779224311,0.006897652389612156,-0.003791118834747146,0.25,0.0006634232640424509,0.5
full_development,SLC44A4,0.0,0.0,0.0,0.0,0.0,0.0,0.0
full_development,SLC4A8,-0.04650305249436393,0.07710860898055998,0.03855430449027999,-0.08505735698464392,0.5,0.0010600672625107888,1.0
full_development,SLC6A13,-0.010642519877459122,0.02840759394061404,0.01420379697030702,-0.024846316847766142,0.25,0.0008845643520566104,0.5
full_development,SLC6A14,0.0,0.0,0.0,0.0,0.0,0.0,0.0
full_development,SLC6A4,0.0,0.0,0.0,0.0,0.0,0.0,0.0
full_development,SLC6A5,0.0,0.0,0.0,0.0,0.0,0.0,0.0
full_development,SLC9A2,-0.037103201357034266,0.04356599953891205,0.021782999769456024,-0.05888620112649029,0.0,0.00035953978906999584,0.5
full_development,SLCO1A2,-0.020562435418172598,0.0877440820272301,0.04387204101361505,-0.06443447643178765,0.25,-2.7755575615628914e-17,0.5
full_development,SLCO3A1,-0.0161316397819391,0.0322632795638782,0.0161316397819391,-0.0322632795638782,0.0,0.00022114108801415955,1.0
full_development,SLIT2,0.0,0.0,0.0,0.0,0.0,0.0,0.0
full_development,SMPD4,0.0,0.0,0.0,0.0,0.0,0.0,0.0
full_development,SMURF1,0.0,0.0,0.0,0.0,0.0,0.0,0.0
full_development,SNAPC3,0.0,0.0,0.0,0.0,0.0,0.0,0.0
full_development,SNCB,0.0,0.0,0.0,0.0,0.0,0.0,0.0
full_development,SNRPN,0.0,0.0,0.0,0.0,0.0,0.0,0.0
full_development,SOX13,0.0,0.0,0.0,0.0,0.0,0.0,0.0
full_development,SPCS3,0.0,0.0,0.0,0.0,0.0,0.0,0.0
full_development,SPOCK3,0.07342083216522433,0.1335865845651302,0.0667932922825651,0.006627539882659225,0.5,0.0001387697431498025,1.0
full_development,SPON1,0.0,0.0,0.0,0.0,0.0,0.0,0.0
full_development,SPTBN2,0.0,0.0,0.0,0.0,0.0,0.0,0.0
full_development,SPTBN4,0.0,0.0,0.0,0.0,0.0,0.0,0.0
full_development,SPTLC1,-0.045334987178309305,0.05264054895392542,0.02632027447696271,-0.07165526165527202,0.0,0.0,0.5
full_development,SPTSSA,0.0,0.0,0.0,0.0,0.0,0.0,0.0
full_development,SQOR,0.02399723724602154,0.04799447449204308,0.02399723724602154,0.0,0.25,0.00017976989453499792,0.5
full_development,SQSTM1,0.04591825080115086,0.05446268391194653,0.027231341955973265,0.018686908845177597,0.5,0.0007190795781399917,0.5
full_development,SRP14,0.4239649725045851,0.5833802801956421,0.29169014009782107,0.13227483240676402,0.75,0.002346655723398483,1.0
full_development,SRPK1,-0.5235624203572211,0.46114934712074684,0.23057467356037342,-0.7541370939175945,0.0,0.00018515000489774391,1.0
full_development,SRRM1,0.0,0.0,0.0,0.0,0.0,0.0,0.0
full_development,SRSF2,0.0,0.0,0.0,0.0,0.0,0.0,0.0
full_development,SSR1,-0.23209430759806082,0.44340334741869214,0.22170167370934607,-0.4537959813074069,0.0,5.528527200351907e-05,0.5
full_development,ST6GAL1,0.39041445188734514,0.5125419989238738,0.2562709994619369,0.13414345242540826,0.5,-0.0006819753687416497,1.0
full_development,ST6GALNAC5,0.020099605039883173,0.040199210079766345,0.020099605039883173,0.0,0.25,0.00044228217602829134,0.5
full_development,STAP2,0.0,0.0,0.0,0.0,0.0,0.0,0.0
full_development,STAT2,0.0,0.0,0.0,0.0,0.0,0.0,0.0
full_development,STOM,0.0,0.0,0.0,0.0,0.0,0.0,0.0
full_development,STRA6,0.10985731595157766,0.13294501561338035,0.06647250780669017,0.04338480814488749,0.5,0.0014381591562799556,0.5
full_development,STS,-0.02436342560321414,0.04872685120642828,0.02436342560321414,-0.04872685120642828,0.0,-0.0004793863854266611,0.5
full_development,STX5,-0.7342303842269811,0.7014956806334471,0.35074784031672357,-1.0849782245437045,0.0,0.0006548892958808394,1.0
full_development,SUPT3H,0.0,0.0,0.0,0.0,0.0,0.0,0.0
full_development,SUPT4H1,-0.12538696453226095,0.45187619654089867,0.22593809827044933,-0.35132506280271025,0.25,0.0009398496240601295,0.5
full_development,SWAP70,0.0,0.0,0.0,0.0,0.0,0.0,0.0
full_development,SYP,0.0,0.0,0.0,0.0,0.0,0.0,0.0
full_development,TAAR2,0.0,0.0,0.0,0.0,0.0,0.0,0.0
full_development,TACO1,0.0,0.0,0.0,0.0,0.0,0.0,0.0
full_development,TACR1,0.0,0.0,0.0,0.0,0.0,0.0,0.0
full_development,TBCA,-0.1926871527923435,0.512316908684932,0.256158454342466,-0.4488456071348095,0.5,0.0016503952340385097,1.0
full_development,TBCE,-0.08603925956365543,0.12390772722965646,0.06195386361482823,-0.14799312317848368,0.0,0.0002764263600176786,0.5
full_development,TBL1XR1,-0.05844095128932736,0.07222597598143855,0.03611298799071928,-0.09455393928004663,0.0,0.0015580057526366209,0.5
full_development,TBL3,0.0,0.0,0.0,0.0,0.0,0.0,0.0
full_development,TBXAS1,-0.26153786133834167,0.4330118303181645,0.21650591515908224,-0.4780437764974239,0.0,0.0024878372401592186,0.5
full_development,TBXT,0.0,0.0,0.0,0.0,0.0,0.0,0.0
full_development,TCF4,0.07659286497410456,0.5428532387153799,0.27142661935768997,-0.1948337543835854,0.5,0.00047938638542663337,1.0
full_development,TDO2,0.0,0.0,0.0,0.0,0.0,0.0,0.0
full_development,TDRD12,0.21601854115977304,0.4330141351401464,0.2165070675700732,-0.0004885264103001719,0.25,0.0002860734544612442,1.0
full_development,TFAP2B,0.1783992249238917,0.4102054476760279,0.20510272383801395,-0.026703498914122242,0.5,0.003907815333833997,1.0
full_development,TFEB,0.0,0.0,0.0,0.0,0.0,0.0,0.0
full_development,TFEC,0.0,0.0,0.0,0.0,0.0,0.0,0.0
full_development,TGFBR1,0.0,0.0,0.0,0.0,0.0,0.0,0.0
full_development,TGOLN2,-0.7081839973987982,1.0431900721100489,0.5215950360550244,-1.2297790334538226,0.0,-0.000995134896063704,0.5
full_development,THPO,0.0,0.0,0.0,0.0,0.0,0.0,0.0
full_development,TIMM13,0.28730974738102866,0.3331674580106686,0.1665837290053343,0.12072601837569436,0.5,0.0009587727708533222,0.5
full_development,TIMM22,0.13556776917703317,0.3342694850897212,0.1671347425448606,-0.03156697336782743,0.25,0.0014374170720919954,0.5
full_development,TIMP2,0.1238417863243022,0.31134118424107254,0.15567059212053627,-0.031828805796234066,0.5,0.001792689877081144,1.0
full_development,TIMP3,0.1378322604460216,0.20863618647290239,0.10431809323645119,0.0335141672095704,0.5,0.0014374170720919677,0.5
full_development,TMEM223,-0.34299540395718964,0.5566629021463262,0.2783314510731631,-0.6213268550303528,0.0,0.00044228217602829134,0.5
full_development,TMEM258,0.0,0.0,0.0,0.0,0.0,-0.00011057054400709365,0.5
full_development,TMEM30A,0.0,0.0,0.0,0.0,0.0,0.0,0.0
full_development,TMPRSS6,0.0,0.0,0.0,0.0,0.0,0.0,0.0
full_development,TMSB4X,0.0,0.0,0.0,0.0,0.0,0.0,0.0
full_development,TNFRSF10C,0.0,0.0,0.0,0.0,0.0,0.0,0.0
full_development,TNFSF10,0.04836349918841698,0.09013035011740174,0.04506517505870087,0.003298324129716111,0.5,-0.0002211410880141873,0.5
full_development,TNFSF4,-0.04204933102375996,0.16426139670170445,0.08213069835085222,-0.12418002937461219,0.25,0.002874834144183991,0.5
full_development,TNIP1,0.17816539982243818,0.4353886410879848,0.2176943205439924,-0.03952892072155423,0.75,-0.0014459510402536346,1.0
full_development,TNN,0.0,0.0,0.0,0.0,0.0,0.0,0.0
full_development,TOMM70,0.0,0.0,0.0,0.0,0.0,0.0,0.0
full_development,TP53I3,0.0,0.0,0.0,0.0,0.0,0.0,0.0
full_development,TPD52,0.0,0.0,0.0,0.0,0.0,0.0,0.0
full_development,TPM1,0.04253763950634415,0.17012306215118572,0.08506153107559286,-0.04252389156924871,0.25,0.0059708093763821135,0.5
full_development,TPO,-0.07944830248222168,0.11980476085651906,0.05990238042825953,-0.1393506829104812,0.0,0.0010186960690316549,0.5
full_development,TPP2,0.0,0.0,0.0,0.0,0.0,0.0,0.0
full_development,TRA2B,0.0,0.0,0.0,0.0,0.0,0.0,0.0
full_development,TRIM14,0.0,0.0,0.0,0.0,0.0,0.0,0.0
full_development,TRIM62,0.0,0.0,0.0,0.0,0.0,0.0,0.0
full_development,TRIP12,0.0,0.0,0.0,0.0,0.0,0.0,0.0
full_development,TRMT112,0.0,0.0,0.0,0.0,0.0,-0.0014374170720920232,0.5
full_development,TRMT12,-0.04325962879917533,0.056800621087513534,0.028400310543756767,-0.0716599393429321,0.0,2.7457114954748674e-05,1.0
full_development,TSPAN5,-0.19314167172560737,0.4365047744231359,0.21825238721156795,-0.4113940589371753,0.25,-0.004314477468839895,0.5
full_development,TSPAN7,0.0,0.0,0.0,0.0,0.0,0.0,0.0
full_development,TSR1,-0.06741150419980535,0.0975879646174075,0.04879398230870375,-0.11620548650850909,0.0,-0.0014374170720920232,0.5
full_development,TSR3,0.2955757896988871,0.34140885066145027,0.17070442533072513,0.12487136436816196,0.5,0.0009587727708533222,0.5
full_development,TST,0.0,0.0,0.0,0.0,0.0,0.0,0.0
full_development,TTC19,0.0,0.0,0.0,0.0,0.0,0.0,0.0
full_development,TUBB2B,-0.1850314175014418,0.21877337438718342,0.10938668719359171,-0.2944181046950335,0.0,0.0014381591562799556,0.5
full_development,TUT4,0.0,0.0,0.0,0.0,0.0,0.0,0.0
full_development,TYROBP,0.0,0.0,0.0,0.0,0.0,0.0,0.0
full_development,U2AF1,0.0,0.0,0.0,0.0,0.0,0.0,0.0
full_development,UBE2M,0.0,0.0,0.0,0.0,0.0,0.0,0.5
full_development,UBE2W,0.0,0.0,0.0,0.0,0.0,0.0,0.0
full_development,UCKL1,0.0,0.0,0.0,0.0,0.0,0.0,0.0
full_development,UCP2,0.0,0.0,0.0,0.0,0.0,0.0,0.5
full_development,UFD1,0.04564063951148434,0.07120961544768101,0.035604807723840504,0.010035831787643834,0.5,0.0007372606407451687,1.0
full_development,UGT1A1,0.0,0.0,0.0,0.0,0.0,0.0,0.0
full_development,UGT2B17,0.0,0.0,0.0,0.0,0.0,0.0,0.0
full_development,UNC119B,0.0,0.0,0.0,0.0,0.0,0.0,0.0
full_development,UNC5C,-1.1951971503349572,1.4564256354334504,0.7282128177167252,-1.9234099680516823,0.0,-0.005030959752321984,0.5
full_development,UPB1,0.0,0.0,0.0,0.0,0.0,0.0,0.0
full_development,UPF3B,0.350381580214135,0.40477714683660415,0.20238857341830208,0.14799300679583294,0.5,0.0008988494726749618,0.5
full_development,USP48,0.0006754256763734645,0.054096755046454975,0.027048377523227488,-0.026372951846854023,0.25,0.0033557046979865723,0.5
full_development,UTS2,0.0,0.0,0.0,0.0,0.0,0.0,0.0
full_development,VAV2,0.0,0.0,0.0,0.0,0.0,0.0,0.0
full_development,VEGFA,0.0,0.0,0.0,0.0,0.0,0.0,0.0
full_development,VPS33A,0.0,0.0,0.0,0.0,0.0,0.0,0.0
full_development,VPS4A,-0.020971561575095166,0.04194312315019033,0.020971561575095166,-0.04194312315019033,0.0,0.0,0.5
full_development,WBP11,0.0,0.0,0.0,0.0,0.0,0.0,0.0
full_development,WDCP,0.23878233417922168,0.27575281623694087,0.13787640811847043,0.10090592606075124,0.5,0.0010504201680671954,0.5
full_development,WDR12,0.0,0.0,0.0,0.0,0.0,0.0,0.0
full_development,WDR26,0.0,0.0,0.0,0.0,0.0,0.0,0.0
full_development,WDR3,0.0,0.0,0.0,0.0,0.0,0.0,0.0
full_development,WDR45,0.0,0.0,0.0,0.0,0.0,0.0,0.0
full_development,WDR70,-0.020971561575095166,0.04194312315019033,0.020971561575095166,-0.04194312315019033,0.0,0.0004793863854266611,0.5
full_development,WDR82,0.02501251758889822,0.029165062837418654,0.014582531418709327,0.010429986170188893,0.5,-0.0008292790800530914,0.5
full_development,WHRN,0.0,0.0,0.0,0.0,0.0,0.0,0.0
full_development,WIPF1,0.0,0.0,0.0,0.0,0.0,0.0,0.0
full_development,WIPF2,0.1822276693317484,0.30535725415504494,0.15267862707752247,0.029549042254225916,0.5,0.0010504201680672232,1.0
full_development,WIPI2,0.0,0.0,0.0,0.0,0.0,0.0,0.0
full_development,WT1,0.0,0.0,0.0,0.0,0.0,0.0,0.0
full_development,XRCC5,0.0,0.0,0.0,0.0,0.0,0.0,0.0
full_development,XYLT2,-0.08398898573661562,0.12861106185104815,0.06430553092552407,-0.1482945166621397,0.0,-0.00038235887784998646,1.0
full_development,YAP1,0.2762323841936265,0.31896568274616477,0.15948284137308238,0.11674954282054412,0.5,-0.00011057054400709365,0.5
full_development,YARS1,0.0,0.0,0.0,0.0,0.0,0.0,0.0
full_development,YBX1,0.0,0.0,0.0,0.0,0.0,0.0,0.0
full_development,YOD1,0.0,0.0,0.0,0.0,0.0,0.0,0.0
full_development,YWHAE,0.0,0.0,0.0,0.0,0.0,0.0,0.0
full_development,YWHAQ,0.0,0.0,0.0,0.0,0.0,0.0,0.0
full_development,ZAP70,0.0,0.0,0.0,0.0,0.0,0.0,0.0
full_development,ZBTB17,0.0,0.0,0.0,0.0,0.0,0.0,0.0
full_development,ZC3H11A,0.0,0.0,0.0,0.0,0.0,0.0,0.0
full_development,ZFAND6,0.015241535193808886,0.01759940889401743,0.008799704447008715,0.006441830746800171,0.5,0.00011984659635666528,0.5
full_development,ZFP69B,0.0,0.0,0.0,0.0,0.0,0.0,0.0
full_development,ZNF197,0.0,0.0,0.0,0.0,0.0,0.0,0.0
full_development,ZNF26,-0.12969867876780938,0.053030054973002255,0.026515027486501128,-0.15621370625431052,0.0,0.003576474743906738,1.0
full_development,ZNF274,0.14063696884968202,0.274593008728239,0.1372965043641195,0.003340464485562522,0.5,-0.0007279845883956249,1.0
full_development,ZNF324B,0.2762323841936265,0.31896568274616477,0.15948284137308238,0.11674954282054412,0.5,-0.00011057054400709365,0.5
full_development,ZNF41,0.0,0.0,0.0,0.0,0.0,0.0,0.0
full_development,ZNF423,0.0,0.0,0.0,0.0,0.0,-0.0004422821760283191,0.5
full_development,ZNF432,0.0,0.0,0.0,0.0,0.0,0.0,0.0
full_development,ZNF442,0.0,0.0,0.0,0.0,0.0,0.0,0.0
full_development,ZNF493,0.0,0.0,0.0,0.0,0.0,0.0,0.0
full_development,ZNF562,0.0,0.0,0.0,0.0,0.0,-0.00023969319271333056,0.5
full_development,ZNF571,-0.09776190986480415,0.11302153484231556,0.05651076742115778,-0.15427267728596195,0.0,0.0005992329817833264,0.5
full_development,ZNF587,0.0,0.0,0.0,0.0,0.0,0.0,0.0
full_development,ZNF671,0.0,0.0,0.0,0.0,0.0,0.0,0.0
full_development,ZNF750,0.0,0.0,0.0,0.0,0.0,0.00033171163202122544,0.5
full_development,ZNF75D,0.0,0.0,0.0,0.0,0.0,0.0,0.0
full_development,ZZZ3,-0.08989631240072349,0.10415087869076396,0.05207543934538198,-0.14197175174610546,0.0,0.0016778523489932862,0.5
